datetime,option_type,strike_relative,iv,oi,strike,spot,open,high,low,close,volume,timestamp
2025-05-30 09:15:00,CE,ATM-3,14.585048,106875,24650.0,24816.35,256.1,340.7,256.1,310.7,32250,1748576700
2025-05-30 09:16:00,CE,ATM-3,14.699051,106875,24650.0,24798.3,307.0,309.7,300.0,300.0,27225,1748576760
2025-05-30 09:17:00,CE,ATM-3,15.359813,106875,24650.0,24783.5,299.3,302.7,295.7,298.3,21300,1748576820
2025-05-30 09:18:00,CE,ATM-3,14.631208,133575,24650.0,24801.3,296.9,305.5,293.95,301.15,22050,1748576880
2025-05-30 09:19:00,CE,ATM-3,14.550119,133575,24650.0,24806.0,301.15,305.9,300.95,303.3,12000,1748576940
2025-05-30 09:20:00,CE,ATM-3,14.597359,1285575,24700.0,24826.9,271.45,285.2,269.4,285.2,189300,1748577000
2025-05-30 09:21:00,CE,ATM-3,14.780875,1291050,24700.0,24839.1,282.45,299.6,282.45,295.3,274350,1748577060
2025-05-30 09:22:00,CE,ATM-3,15.314587,1291050,24700.0,24839.45,292.2,305.0,289.15,301.95,178500,1748577120
2025-05-30 09:23:00,CE,ATM-3,15.586877,1291050,24700.0,24842.5,302.85,321.05,297.8,307.2,328650,1748577180
2025-05-30 09:24:00,CE,ATM-3,15.75426,1221825,24700.0,24857.85,307.85,325.5,306.7,319.2,193950,1748577240
2025-05-30 09:25:00,CE,ATM-3,15.975585,1221825,24700.0,24849.5,318.85,322.5,307.6,316.4,147900,1748577300
2025-05-30 09:26:00,CE,ATM-3,15.92603,1221825,24700.0,24850.75,312.3,316.6,306.35,316.6,89700,1748577360
2025-05-30 09:27:00,CE,ATM-3,16.343803,1233300,24700.0,24861.55,318.25,328.65,318.25,328.65,176850,1748577420
2025-05-30 09:28:00,CE,ATM-3,16.045129,1233300,24700.0,24853.2,325.0,329.0,313.0,319.6,122400,1748577480
2025-05-30 09:29:00,CE,ATM-3,15.745726,1233300,24700.0,24848.0,317.75,318.0,310.0,312.6,57600,1748577540
2025-05-30 09:30:00,CE,ATM-3,16.020414,1249575,24700.0,24832.8,313.9,317.6,302.15,306.15,112950,1748577600
2025-05-30 09:31:00,CE,ATM-3,15.79062,1249575,24700.0,24845.2,306.05,315.0,304.4,311.3,82575,1748577660
2025-05-30 09:32:00,CE,ATM-3,16.003619,1249575,24700.0,24862.0,313.1,325.95,311.55,324.8,170850,1748577720
2025-05-30 09:33:00,CE,ATM-3,15.785563,1235325,24700.0,24845.8,325.45,326.2,310.15,311.6,84600,1748577780
2025-05-30 09:34:00,CE,ATM-3,15.872546,1235325,24700.0,24826.75,311.5,312.1,294.7,300.45,162150,1748577840
2025-05-30 09:35:00,CE,ATM-3,15.625164,124275,24650.0,24814.1,330.5,330.5,316.5,321.2,12825,1748577900
2025-05-30 09:36:00,CE,ATM-3,15.756401,1258350,24700.0,24827.85,289.95,302.0,287.45,299.7,109650,1748577960
2025-05-30 09:37:00,CE,ATM-3,15.766813,138000,24650.0,24815.0,330.6,335.0,321.85,323.45,7125,1748578020
2025-05-30 09:38:00,CE,ATM-3,15.405194,138000,24650.0,24807.75,323.45,323.45,314.35,314.35,12750,1748578080
2025-05-30 09:39:00,CE,ATM-3,15.982697,135375,24650.0,24813.5,314.85,325.0,314.85,325.0,7200,1748578140
2025-05-30 09:40:00,CE,ATM-3,15.935812,135375,24650.0,24810.95,325.5,327.75,321.25,322.75,3900,1748578200
2025-05-30 09:41:00,CE,ATM-3,16.024187,135375,24650.0,24800.7,322.75,322.75,315.0,317.1,5325,1748578260
2025-05-30 09:42:00,CE,ATM-3,15.885125,140100,24650.0,24811.15,317.1,324.75,315.0,322.25,11025,1748578320
2025-05-30 09:43:00,CE,ATM-3,16.005295,140100,24650.0,24813.25,322.6,325.05,320.0,325.05,1650,1748578380
2025-05-30 09:44:00,CE,ATM-3,16.098094,140100,24650.0,24819.1,328.0,331.55,323.8,330.0,10425,1748578440
2025-05-30 09:45:00,CE,ATM-3,15.873325,1345050,24700.0,24831.7,295.7,306.0,295.7,303.45,158100,1748578500
2025-05-30 09:46:00,CE,ATM-3,15.60258,139800,24650.0,24811.25,335.0,335.95,317.4,318.9,12150,1748578560
2025-05-30 09:47:00,CE,ATM-3,15.982191,139800,24650.0,24805.9,319.6,322.15,317.6,319.9,6675,1748578620
2025-05-30 09:48:00,CE,ATM-3,15.938624,138975,24650.0,24789.2,318.45,321.0,301.45,308.55,27975,1748578680
2025-05-30 09:49:00,CE,ATM-3,15.709114,138975,24650.0,24801.3,306.15,315.55,306.15,313.6,13950,1748578740
2025-05-30 09:50:00,CE,ATM-3,15.597156,138975,24650.0,24811.05,314.65,319.65,311.25,318.65,12900,1748578800
2025-05-30 09:51:00,CE,ATM-3,15.633766,139950,24650.0,24815.25,319.05,322.5,315.25,321.85,8550,1748578860
2025-05-30 09:52:00,CE,ATM-3,15.439242,139950,24650.0,24818.05,319.1,322.9,316.0,321.4,3000,1748578920
2025-05-30 09:53:00,CE,ATM-3,15.244379,139950,24650.0,24820.6,321.35,324.45,320.0,320.8,17700,1748578980
2025-05-30 09:54:00,CE,ATM-3,15.078674,153525,24650.0,24807.35,322.4,322.4,310.0,310.0,9300,1748579040
2025-05-30 09:55:00,CE,ATM-3,15.369467,153525,24650.0,24805.55,311.05,314.1,309.2,312.25,9150,1748579100
2025-05-30 09:56:00,CE,ATM-3,15.508953,153525,24650.0,24812.3,315.0,318.35,311.5,318.35,7050,1748579160
2025-05-30 09:57:00,CE,ATM-3,15.210683,156375,24650.0,24809.2,318.0,318.5,311.8,312.75,2925,1748579220
2025-05-30 09:58:00,CE,ATM-3,15.18663,156375,24650.0,24809.8,311.8,315.15,311.0,312.85,4350,1748579280
2025-05-30 09:59:00,CE,ATM-3,15.170071,156375,24650.0,24807.55,314.0,314.4,306.8,311.15,15150,1748579340
2025-05-30 10:00:00,CE,ATM-3,15.288898,166575,24650.0,24804.6,311.15,311.85,295.5,310.6,36375,1748579400
2025-05-30 10:01:00,CE,ATM-3,15.138026,166575,24650.0,24797.0,310.4,311.0,300.0,303.8,9300,1748579460
2025-05-30 10:02:00,CE,ATM-3,15.240144,166575,24650.0,24800.35,304.55,310.0,304.0,307.2,5250,1748579520
2025-05-30 10:03:00,CE,ATM-3,15.207749,170700,24650.0,24802.1,306.7,311.05,305.5,307.95,6300,1748579580
2025-05-30 10:04:00,CE,ATM-3,15.30673,170700,24650.0,24802.0,307.95,309.75,305.5,309.05,4575,1748579640
2025-05-30 10:05:00,CE,ATM-3,15.597213,170700,24650.0,24790.45,309.25,310.0,299.6,305.0,15975,1748579700
2025-05-30 10:06:00,CE,ATM-3,15.588899,169800,24650.0,24795.8,302.4,309.9,299.0,308.35,13575,1748579760
2025-05-30 10:07:00,CE,ATM-3,15.571569,169800,24650.0,24803.65,309.4,314.0,308.65,313.25,10050,1748579820
2025-05-30 10:08:00,CE,ATM-3,15.54967,169800,24650.0,24804.45,313.0,318.0,312.3,313.5,13425,1748579880
2025-05-30 10:09:00,CE,ATM-3,15.431002,170400,24650.0,24796.85,313.5,315.1,304.5,307.1,11025,1748579940
2025-05-30 10:10:00,CE,ATM-3,15.424838,170400,24650.0,24796.6,306.05,309.1,305.1,306.85,4200,1748580000
2025-05-30 10:11:00,CE,ATM-3,15.383305,170400,24650.0,24794.85,306.0,306.95,303.0,305.2,7275,1748580060
2025-05-30 10:12:00,CE,ATM-3,15.301529,175350,24650.0,24796.45,305.2,308.75,303.55,305.25,8850,1748580120
2025-05-30 10:13:00,CE,ATM-3,15.391607,175350,24650.0,24802.85,305.25,311.0,304.6,310.5,8175,1748580180
2025-05-30 10:14:00,CE,ATM-3,15.529661,175350,24650.0,24794.75,310.5,311.15,304.0,306.85,9900,1748580240
2025-05-30 10:15:00,CE,ATM-3,15.451478,178500,24650.0,24777.5,306.85,306.85,287.9,294.8,42000,1748580300
2025-05-30 10:16:00,CE,ATM-3,15.542322,178500,24650.0,24781.75,293.7,298.85,292.05,298.6,15525,1748580360
2025-05-30 10:17:00,CE,ATM-3,15.409738,178500,24650.0,24784.35,298.6,300.0,297.3,298.65,6225,1748580420
2025-05-30 10:18:00,CE,ATM-3,15.626373,608250,24600.0,24767.25,330.0,330.0,320.4,322.3,63225,1748580480
2025-05-30 10:19:00,CE,ATM-3,15.77318,608250,24600.0,24767.3,322.0,325.45,320.2,324.05,24825,1748580540
2025-05-30 10:20:00,CE,ATM-3,15.989365,608250,24600.0,24759.5,324.05,324.05,314.6,321.45,58650,1748580600
2025-05-30 10:21:00,CE,ATM-3,15.887032,621675,24600.0,24764.1,320.55,325.05,318.35,323.25,28650,1748580660
2025-05-30 10:22:00,CE,ATM-3,15.891586,621675,24600.0,24757.35,323.25,324.9,318.1,318.85,16125,1748580720
2025-05-30 10:23:00,CE,ATM-3,16.151074,621675,24600.0,24753.55,318.8,319.9,312.2,319.45,34725,1748580780
2025-05-30 10:24:00,CE,ATM-3,16.198903,645525,24600.0,24751.15,319.2,319.4,315.9,318.45,17850,1748580840
2025-05-30 10:25:00,CE,ATM-3,16.198165,645525,24600.0,24755.8,317.35,322.9,315.95,321.45,42750,1748580900
2025-05-30 10:26:00,CE,ATM-3,16.025103,645525,24600.0,24766.65,322.95,327.75,322.25,326.5,45600,1748580960
2025-05-30 10:27:00,CE,ATM-3,15.926895,637875,24600.0,24768.8,327.35,327.7,325.65,326.75,16500,1748581020
2025-05-30 10:28:00,CE,ATM-3,16.170802,637875,24600.0,24762.4,326.85,327.0,323.0,325.4,28050,1748581080
2025-05-30 10:29:00,CE,ATM-3,16.149087,637875,24600.0,24761.9,324.0,325.4,320.85,324.8,10500,1748581140
2025-05-30 10:30:00,CE,ATM-3,16.504462,637800,24600.0,24750.25,324.75,324.75,317.8,321.45,33000,1748581200
2025-05-30 10:31:00,CE,ATM-3,16.580803,637800,24600.0,24750.4,320.05,322.45,317.0,322.45,19500,1748581260
2025-05-30 10:32:00,CE,ATM-3,16.633787,637800,24600.0,24749.2,323.15,324.0,320.1,322.3,9825,1748581320
2025-05-30 10:33:00,CE,ATM-3,16.341109,654225,24600.0,24750.1,321.0,326.0,318.8,319.35,34425,1748581380
2025-05-30 10:34:00,CE,ATM-3,16.666554,654225,24600.0,24744.5,319.35,320.15,315.2,319.65,27225,1748581440
2025-05-30 10:35:00,CE,ATM-3,16.700762,654225,24600.0,24738.15,317.8,319.05,314.85,316.0,23550,1748581500
2025-05-30 10:36:00,CE,ATM-3,16.78377,690000,24600.0,24728.9,315.15,317.2,307.0,311.15,94500,1748581560
2025-05-30 10:37:00,CE,ATM-3,17.050551,103350,24550.0,24724.95,341.4,345.55,340.0,343.5,4200,1748581620
2025-05-30 10:38:00,CE,ATM-3,16.894974,690000,24600.0,24735.05,311.8,317.5,311.8,316.35,48225,1748581680
2025-05-30 10:39:00,CE,ATM-3,16.872601,734925,24600.0,24741.1,316.6,321.75,316.15,319.9,50475,1748581740
2025-05-30 10:40:00,CE,ATM-3,16.884359,734925,24600.0,24734.35,318.25,320.0,314.65,315.75,27975,1748581800
2025-05-30 10:41:00,CE,ATM-3,16.924272,734925,24600.0,24735.9,316.0,317.45,314.15,317.2,20325,1748581860
2025-05-30 10:42:00,CE,ATM-3,16.915906,739800,24600.0,24743.25,316.7,321.75,316.7,321.75,37875,1748581920
2025-05-30 10:43:00,CE,ATM-3,16.926896,739800,24600.0,24745.65,322.0,323.5,320.0,323.4,21675,1748581980
2025-05-30 10:44:00,CE,ATM-3,17.024569,739800,24600.0,24737.6,321.95,322.85,319.15,319.45,14250,1748582040
2025-05-30 10:45:00,CE,ATM-3,17.04459,109200,24550.0,24719.9,351.5,351.5,336.15,340.0,7875,1748582100
2025-05-30 10:46:00,CE,ATM-3,16.960887,743100,24600.0,24726.8,307.9,312.7,307.85,311.85,34800,1748582160
2025-05-30 10:47:00,CE,ATM-3,17.019399,743100,24600.0,24726.0,312.0,313.15,309.55,312.05,14400,1748582220
2025-05-30 10:48:00,CE,ATM-3,17.200235,111225,24550.0,24724.7,343.5,344.95,341.3,344.95,3600,1748582280
2025-05-30 10:49:00,CE,ATM-3,17.230017,762525,24600.0,24728.25,315.45,316.25,312.2,316.0,16800,1748582340
2025-05-30 10:50:00,CE,ATM-3,17.176255,762525,24600.0,24730.6,316.8,318.8,315.25,316.8,20400,1748582400
2025-05-30 10:51:00,CE,ATM-3,17.196081,757725,24600.0,24738.5,318.6,323.0,316.8,322.0,30300,1748582460
2025-05-30 10:52:00,CE,ATM-3,17.232939,757725,24600.0,24739.95,322.0,324.4,320.85,323.35,38400,1748582520
2025-05-30 10:53:00,CE,ATM-3,17.188462,757725,24600.0,24741.85,323.0,324.95,321.6,324.0,51225,1748582580
2025-05-30 10:54:00,CE,ATM-3,16.998286,720600,24600.0,24748.85,323.55,329.7,320.85,326.15,64575,1748582640
2025-05-30 10:55:00,CE,ATM-3,16.98204,720600,24600.0,24749.1,325.05,331.4,325.05,326.1,52500,1748582700
2025-05-30 10:56:00,CE,ATM-3,17.121575,720600,24600.0,24747.9,326.1,329.8,325.6,327.0,34500,1748582760
2025-05-30 10:57:00,CE,ATM-3,17.068668,693675,24600.0,24751.65,327.6,330.4,327.35,328.75,14925,1748582820
2025-05-30 10:58:00,CE,ATM-3,16.991201,693675,24600.0,24752.5,328.75,332.7,327.9,328.35,19125,1748582880
2025-05-30 10:59:00,CE,ATM-3,17.02178,693675,24600.0,24751.25,328.45,329.35,323.9,327.9,19350,1748582940
2025-05-30 11:00:00,CE,ATM-3,16.988202,691950,24600.0,24760.65,327.3,333.55,327.3,333.55,34125,1748583000
2025-05-30 11:01:00,CE,ATM-3,16.789206,691950,24600.0,24764.55,334.0,335.3,332.15,333.7,42975,1748583060
2025-05-30 11:02:00,CE,ATM-3,16.86029,691950,24600.0,24766.95,333.2,336.8,332.0,336.1,14025,1748583120
2025-05-30 11:03:00,CE,ATM-3,16.752994,680850,24600.0,24765.1,336.0,336.0,332.4,333.6,17100,1748583180
2025-05-30 11:04:00,CE,ATM-3,16.789749,680850,24600.0,24759.0,333.0,334.9,327.2,330.05,24375,1748583240
2025-05-30 11:05:00,CE,ATM-3,16.873049,680850,24600.0,24763.95,331.1,336.0,329.25,334.25,12300,1748583300
2025-05-30 11:06:00,CE,ATM-3,16.632202,673200,24600.0,24770.55,334.0,337.0,333.7,335.7,18750,1748583360
2025-05-30 11:07:00,CE,ATM-3,16.630957,673200,24600.0,24769.15,336.25,337.5,333.7,334.75,16575,1748583420
2025-05-30 11:08:00,CE,ATM-3,16.59115,673200,24600.0,24761.65,335.0,335.0,327.6,329.35,27450,1748583480
2025-05-30 11:09:00,CE,ATM-3,16.477733,674625,24600.0,24757.3,329.35,330.9,324.4,325.15,24600,1748583540
2025-05-30 11:10:00,CE,ATM-3,16.631438,674625,24600.0,24762.95,326.4,332.15,325.9,330.65,13275,1748583600
2025-05-30 11:11:00,CE,ATM-3,16.628239,674625,24600.0,24758.35,330.65,330.65,325.9,327.6,6450,1748583660
2025-05-30 11:12:00,CE,ATM-3,16.299341,670875,24600.0,24747.15,327.6,328.25,314.15,316.4,46125,1748583720
2025-05-30 11:13:00,CE,ATM-3,16.534388,670875,24600.0,24750.4,317.9,321.75,316.95,321.3,19650,1748583780
2025-05-30 11:14:00,CE,ATM-3,16.479319,670875,24600.0,24754.3,320.95,323.7,320.6,323.15,16725,1748583840
2025-05-30 11:15:00,CE,ATM-3,16.510042,680625,24600.0,24761.9,323.0,329.5,321.0,328.45,26475,1748583900
2025-05-30 11:16:00,CE,ATM-3,16.406742,680625,24600.0,24756.6,328.25,332.4,323.4,323.75,50325,1748583960
2025-05-30 11:17:00,CE,ATM-3,16.702341,680625,24600.0,24757.35,323.8,329.7,321.9,327.75,13425,1748584020
2025-05-30 11:18:00,CE,ATM-3,16.576914,672600,24600.0,24766.25,328.9,333.55,328.3,332.05,16050,1748584080
2025-05-30 11:19:00,CE,ATM-3,16.38667,672600,24600.0,24764.45,332.25,333.45,328.3,328.6,13800,1748584140
2025-05-30 11:20:00,CE,ATM-3,16.440508,672600,24600.0,24762.2,328.65,329.35,326.1,327.75,16200,1748584200
2025-05-30 11:21:00,CE,ATM-3,16.612769,676125,24600.0,24764.75,327.0,331.45,326.6,331.45,7875,1748584260
2025-05-30 11:22:00,CE,ATM-3,16.521649,676125,24600.0,24766.8,330.95,332.0,329.35,331.7,7125,1748584320
2025-05-30 11:23:00,CE,ATM-3,16.347477,676125,24600.0,24770.4,331.8,334.3,330.2,332.0,10875,1748584380
2025-05-30 11:24:00,CE,ATM-3,16.449589,680250,24600.0,24771.55,332.0,335.0,330.3,333.95,16500,1748584440
2025-05-30 11:25:00,CE,ATM-3,16.207767,296175,24650.0,24781.65,301.75,306.85,299.5,305.65,19050,1748584500
2025-05-30 11:26:00,CE,ATM-3,16.207604,296175,24650.0,24780.65,306.2,306.9,304.55,305.0,20250,1748584560
2025-05-30 11:27:00,CE,ATM-3,15.902953,680700,24600.0,24770.45,336.3,338.2,326.75,326.75,40575,1748584620
2025-05-30 11:28:00,CE,ATM-3,16.13997,680700,24600.0,24771.55,327.2,331.05,325.65,330.25,21600,1748584680
2025-05-30 11:29:00,CE,ATM-3,16.03639,680700,24600.0,24774.15,329.9,332.8,329.9,330.75,7350,1748584740
2025-05-30 11:30:00,CE,ATM-3,16.080701,294075,24650.0,24782.45,299.9,305.0,298.8,304.55,11400,1748584800
2025-05-30 11:31:00,CE,ATM-3,16.009898,294075,24650.0,24784.6,303.05,309.85,303.05,305.05,20475,1748584860
2025-05-30 11:32:00,CE,ATM-3,15.990104,294075,24650.0,24783.35,305.05,307.2,303.1,304.0,11775,1748584920
2025-05-30 11:33:00,CE,ATM-3,16.167122,286125,24650.0,24785.9,304.0,308.6,304.0,307.75,14325,1748584980
2025-05-30 11:34:00,CE,ATM-3,15.787264,669450,24600.0,24773.0,335.3,337.85,327.0,327.0,25500,1748585040
2025-05-30 11:35:00,CE,ATM-3,15.934197,669450,24600.0,24767.5,326.75,329.3,322.35,325.05,37950,1748585100
2025-05-30 11:36:00,CE,ATM-3,15.955912,665925,24600.0,24770.0,326.0,327.9,324.8,326.95,8625,1748585160
2025-05-30 11:37:00,CE,ATM-3,16.009578,665925,24600.0,24769.9,326.95,329.65,326.2,327.5,6975,1748585220
2025-05-30 11:38:00,CE,ATM-3,15.748383,665925,24600.0,24762.1,327.5,328.9,319.25,319.25,15450,1748585280
2025-05-30 11:39:00,CE,ATM-3,15.757854,665475,24600.0,24761.8,320.6,325.0,319.15,319.15,26175,1748585340
2025-05-30 11:40:00,CE,ATM-3,15.771215,665475,24600.0,24755.5,318.9,320.95,314.3,315.15,38175,1748585400
2025-05-30 11:41:00,CE,ATM-3,15.881158,665475,24600.0,24759.1,317.85,320.8,316.75,318.8,13350,1748585460
2025-05-30 11:42:00,CE,ATM-3,15.763745,670875,24600.0,24755.6,319.5,319.5,314.6,315.1,13875,1748585520
2025-05-30 11:43:00,CE,ATM-3,15.685375,670875,24600.0,24748.55,315.1,315.55,308.75,309.55,41925,1748585580
2025-05-30 11:44:00,CE,ATM-3,15.89169,670875,24600.0,24745.4,308.0,311.85,308.0,309.95,19950,1748585640
2025-05-30 11:45:00,CE,ATM-3,15.844375,674325,24600.0,24749.45,311.3,314.0,311.3,312.0,16050,1748585700
2025-05-30 11:46:00,CE,ATM-3,15.929033,674325,24600.0,24748.15,310.7,313.55,310.7,312.15,6075,1748585760
2025-05-30 11:47:00,CE,ATM-3,15.883436,674325,24600.0,24751.85,311.9,314.9,311.9,314.0,11325,1748585820
2025-05-30 11:48:00,CE,ATM-3,15.683289,673650,24600.0,24738.5,314.75,314.95,300.95,302.95,52725,1748585880
2025-05-30 11:49:00,CE,ATM-3,15.633705,673650,24600.0,24752.6,303.25,311.65,300.85,311.5,38775,1748585940
2025-05-30 11:50:00,CE,ATM-3,15.565197,673650,24600.0,24755.0,310.7,313.9,310.7,312.25,35325,1748586000
2025-05-30 11:51:00,CE,ATM-3,15.318355,676575,24600.0,24759.05,312.25,314.95,310.9,312.0,15975,1748586060
2025-05-30 11:52:00,CE,ATM-3,15.422939,676575,24600.0,24763.25,312.0,317.55,312.0,316.0,14775,1748586120
2025-05-30 11:53:00,CE,ATM-3,15.458587,676575,24600.0,24766.7,316.9,319.15,315.8,318.7,23925,1748586180
2025-05-30 11:54:00,CE,ATM-3,15.379834,676050,24600.0,24766.9,318.05,319.0,315.55,317.9,8250,1748586240
2025-05-30 11:55:00,CE,ATM-3,15.343923,676050,24600.0,24764.7,317.8,319.0,316.0,316.0,5625,1748586300
2025-05-30 11:56:00,CE,ATM-3,15.531382,676050,24600.0,24759.9,316.0,316.0,312.2,315.0,16125,1748586360
2025-05-30 11:57:00,CE,ATM-3,15.623739,677400,24600.0,24758.5,315.0,315.15,313.75,315.15,4650,1748586420
2025-05-30 11:58:00,CE,ATM-3,15.412105,677400,24600.0,24751.75,313.25,313.65,308.0,308.2,18000,1748586480
2025-05-30 11:59:00,CE,ATM-3,15.578326,677400,24600.0,24755.1,308.2,312.35,308.2,312.35,7650,1748586540
2025-05-30 12:00:00,CE,ATM-3,15.589535,675900,24600.0,24747.35,312.35,312.35,305.0,307.4,18300,1748586600
2025-05-30 12:01:00,CE,ATM-3,15.480178,675900,24600.0,24744.45,307.85,308.0,303.25,304.2,20100,1748586660
2025-05-30 12:02:00,CE,ATM-3,15.563642,675900,24600.0,24742.4,305.0,305.3,302.45,303.85,11550,1748586720
2025-05-30 12:03:00,CE,ATM-3,15.492963,680925,24600.0,24742.1,303.65,306.8,302.3,302.8,19500,1748586780
2025-05-30 12:04:00,CE,ATM-3,15.670036,680925,24600.0,24732.15,303.0,305.1,293.0,298.5,38325,1748586840
2025-05-30 12:05:00,CE,ATM-3,15.715051,680925,24600.0,24735.7,300.95,302.55,299.35,301.3,28575,1748586900
2025-05-30 12:06:00,CE,ATM-3,15.76173,688275,24600.0,24742.0,300.65,305.9,300.5,305.9,17325,1748586960
2025-05-30 12:07:00,CE,ATM-3,15.702773,688275,24600.0,24742.8,304.9,306.0,304.35,305.7,12825,1748587020
2025-05-30 12:08:00,CE,ATM-3,15.586019,688275,24600.0,24744.35,306.55,307.65,305.0,305.3,13425,1748587080
2025-05-30 12:09:00,CE,ATM-3,15.673653,694050,24600.0,24744.15,304.9,307.0,303.95,306.2,9600,1748587140
2025-05-30 12:10:00,CE,ATM-3,15.640969,694050,24600.0,24740.6,306.0,306.7,302.0,303.5,11700,1748587200
2025-05-30 12:11:00,CE,ATM-3,15.699672,694050,24600.0,24742.4,303.05,305.35,302.0,305.35,7500,1748587260
2025-05-30 12:12:00,CE,ATM-3,15.718837,699075,24600.0,24739.2,304.9,305.1,303.0,303.5,11925,1748587320
2025-05-30 12:13:00,CE,ATM-3,15.743872,699075,24600.0,24742.4,303.5,305.95,303.5,305.85,7950,1748587380
2025-05-30 12:14:00,CE,ATM-3,15.815187,699075,24600.0,24741.8,305.85,307.5,304.65,306.3,7950,1748587440
2025-05-30 12:15:00,CE,ATM-3,16.099969,709650,24600.0,24735.65,306.0,306.3,298.05,305.75,36675,1748587500
2025-05-30 12:16:00,CE,ATM-3,15.9389,709650,24600.0,24738.3,306.8,306.8,303.25,305.5,10500,1748587560
2025-05-30 12:17:00,CE,ATM-3,15.8965,709650,24600.0,24749.4,304.9,312.15,304.9,312.15,42750,1748587620
2025-05-30 12:18:00,CE,ATM-3,15.752474,705075,24600.0,24746.9,310.95,313.0,308.8,308.8,21675,1748587680
2025-05-30 12:19:00,CE,ATM-3,15.897318,705075,24600.0,24746.5,308.8,311.85,308.65,310.25,7500,1748587740
2025-05-30 12:20:00,CE,ATM-3,15.753711,705075,24600.0,24748.15,310.55,312.2,308.7,309.6,12600,1748587800
2025-05-30 12:21:00,CE,ATM-3,15.806421,706275,24600.0,24747.9,309.0,311.0,308.4,310.05,8100,1748587860
2025-05-30 12:22:00,CE,ATM-3,15.700218,706275,24600.0,24750.7,310.2,311.4,310.0,310.6,6525,1748587920
2025-05-30 12:23:00,CE,ATM-3,15.742868,706275,24600.0,24752.55,310.5,312.6,306.35,312.3,20475,1748587980
2025-05-30 12:24:00,CE,ATM-3,15.607327,705225,24600.0,24751.2,312.65,314.5,308.9,309.8,27450,1748588040
2025-05-30 12:25:00,CE,ATM-3,15.612854,705225,24600.0,24751.35,309.8,310.9,308.9,309.95,7800,1748588100
2025-05-30 12:26:00,CE,ATM-3,15.604645,705225,24600.0,24749.3,309.95,310.5,308.4,308.5,16050,1748588160
2025-05-30 12:27:00,CE,ATM-3,15.698961,706950,24600.0,24750.75,309.85,311.0,309.85,310.55,2475,1748588220
2025-05-30 12:28:00,CE,ATM-3,15.705499,706950,24600.0,24753.1,310.4,312.8,310.05,312.15,13875,1748588280
2025-05-30 12:29:00,CE,ATM-3,15.590403,706950,24600.0,24749.85,311.8,312.6,308.0,308.65,9000,1748588340
2025-05-30 12:30:00,CE,ATM-3,15.651847,708375,24600.0,24737.95,308.0,308.6,301.35,301.65,20850,1748588400
2025-05-30 12:31:00,CE,ATM-3,15.798116,708375,24600.0,24740.15,302.55,305.4,301.65,304.8,28950,1748588460
2025-05-30 12:32:00,CE,ATM-3,15.694235,708375,24600.0,24742.4,305.1,306.0,303.35,305.0,6525,1748588520
2025-05-30 12:33:00,CE,ATM-3,15.685636,703500,24600.0,24740.8,305.0,306.0,303.8,303.85,6075,1748588580
2025-05-30 12:34:00,CE,ATM-3,15.860945,703500,24600.0,24741.3,304.1,306.25,304.1,306.25,4425,1748588640
2025-05-30 12:35:00,CE,ATM-3,15.777457,703500,24600.0,24744.1,306.05,308.4,306.05,307.05,11625,1748588700
2025-05-30 12:36:00,CE,ATM-3,15.746279,704100,24600.0,24740.75,307.05,308.0,304.0,304.5,7350,1748588760
2025-05-30 12:37:00,CE,ATM-3,15.721417,704100,24600.0,24737.35,304.5,305.85,301.6,302.0,12450,1748588820
2025-05-30 12:38:00,CE,ATM-3,15.87246,704100,24600.0,24737.05,302.25,304.1,301.0,303.6,15225,1748588880
2025-05-30 12:39:00,CE,ATM-3,15.687994,711225,24600.0,24734.9,303.6,303.6,300.0,300.0,13950,1748588940
2025-05-30 12:40:00,CE,ATM-3,15.841864,711225,24600.0,24732.9,300.55,301.1,299.3,300.55,10875,1748589000
2025-05-30 12:41:00,CE,ATM-3,15.854693,711225,24600.0,24736.9,302.55,305.0,302.1,303.25,21450,1748589060
2025-05-30 12:42:00,CE,ATM-3,15.684865,717375,24600.0,24735.1,303.2,304.5,300.05,300.05,13275,1748589120
2025-05-30 12:43:00,CE,ATM-3,15.784638,717375,24600.0,24734.35,300.05,302.05,300.0,300.75,5325,1748589180
2025-05-30 12:44:00,CE,ATM-3,15.798728,717375,24600.0,24737.15,300.55,302.8,300.15,302.7,11175,1748589240
2025-05-30 12:45:00,CE,ATM-3,15.860484,717825,24600.0,24742.55,303.0,307.65,302.45,306.9,31650,1748589300
2025-05-30 12:46:00,CE,ATM-3,15.764478,717825,24600.0,24741.4,306.9,307.75,304.5,305.0,11325,1748589360
2025-05-30 12:47:00,CE,ATM-3,15.847091,717825,24600.0,24744.0,305.0,308.7,305.0,307.65,20175,1748589420
2025-05-30 12:48:00,CE,ATM-3,15.787656,707775,24600.0,24742.95,307.65,307.65,305.5,306.25,8025,1748589480
2025-05-30 12:49:00,CE,ATM-3,15.83009,707775,24600.0,24743.35,306.8,307.95,306.25,307.0,3450,1748589540
2025-05-30 12:50:00,CE,ATM-3,15.839569,707775,24600.0,24748.75,307.0,311.15,307.0,310.6,21525,1748589600
2025-05-30 12:51:00,CE,ATM-3,15.914669,706200,24600.0,24750.4,310.6,313.0,310.0,312.55,13200,1748589660
2025-05-30 12:52:00,CE,ATM-3,16.046861,706200,24600.0,24752.7,313.25,316.1,312.85,315.6,35625,1748589720
2025-05-30 12:53:00,CE,ATM-3,15.919259,706200,24600.0,24753.35,315.8,315.85,313.65,314.5,14475,1748589780
2025-05-30 12:54:00,CE,ATM-3,15.726761,696000,24600.0,24754.4,314.25,315.0,312.45,312.9,27000,1748589840
2025-05-30 12:55:00,CE,ATM-3,15.854046,696000,24600.0,24757.85,313.6,317.8,312.9,316.65,18150,1748589900
2025-05-30 12:56:00,CE,ATM-3,15.784272,696000,24600.0,24756.0,316.75,317.4,313.65,314.6,11250,1748589960
2025-05-30 12:57:00,CE,ATM-3,15.755273,695775,24600.0,24757.15,315.0,317.65,315.0,315.0,10575,1748590020
2025-05-30 12:58:00,CE,ATM-3,15.775176,695775,24600.0,24755.9,315.0,316.95,314.4,314.4,5250,1748590080
2025-05-30 12:59:00,CE,ATM-3,15.928375,695775,24600.0,24755.3,314.4,316.65,314.05,315.8,13725,1748590140
2025-05-30 13:00:00,CE,ATM-3,15.71607,691425,24600.0,24755.25,315.1,315.1,309.25,313.25,17700,1748590200
2025-05-30 13:01:00,CE,ATM-3,15.784611,691425,24600.0,24756.25,313.25,317.05,313.25,314.7,13725,1748590260
2025-05-30 13:02:00,CE,ATM-3,15.64065,691425,24600.0,24757.25,314.0,315.1,312.2,313.65,7200,1748590320
2025-05-30 13:03:00,CE,ATM-3,15.816388,689925,24600.0,24764.6,315.55,321.5,315.45,320.55,33825,1748590380
2025-05-30 13:04:00,CE,ATM-3,15.685231,689925,24600.0,24765.35,320.5,321.55,319.0,319.5,24825,1748590440
2025-05-30 13:05:00,CE,ATM-3,15.753656,689925,24600.0,24766.2,320.15,322.65,320.1,320.85,23175,1748590500
2025-05-30 13:06:00,CE,ATM-3,15.597054,680475,24600.0,24763.1,320.55,322.0,316.95,316.95,20025,1748590560
2025-05-30 13:07:00,CE,ATM-3,15.734678,680475,24600.0,24753.0,316.5,316.95,310.4,311.9,22725,1748590620
2025-05-30 13:08:00,CE,ATM-3,15.824547,680475,24600.0,24757.05,312.4,316.35,312.4,315.6,15225,1748590680
2025-05-30 13:09:00,CE,ATM-3,15.84742,681225,24600.0,24759.4,315.7,318.5,315.5,317.4,15450,1748590740
2025-05-30 13:10:00,CE,ATM-3,15.815462,681225,24600.0,24763.4,317.4,320.5,317.4,319.65,10800,1748590800
2025-05-30 13:11:00,CE,ATM-3,15.817944,681225,24600.0,24758.6,319.65,319.65,316.5,316.5,15150,1748590860
2025-05-30 13:12:00,CE,ATM-3,16.01405,677925,24600.0,24758.0,316.2,318.55,316.2,318.4,2925,1748590920
2025-05-30 13:13:00,CE,ATM-3,15.837893,677925,24600.0,24756.0,316.95,317.0,313.9,315.0,8625,1748590980
2025-05-30 13:14:00,CE,ATM-3,15.872464,677925,24600.0,24758.6,315.0,318.6,313.6,317.1,7725,1748591040
2025-05-30 13:15:00,CE,ATM-3,15.917481,675600,24600.0,24762.45,317.1,320.85,317.1,320.15,9525,1748591100
2025-05-30 13:16:00,CE,ATM-3,15.791019,675600,24600.0,24760.55,319.55,320.6,316.45,317.4,11400,1748591160
2025-05-30 13:17:00,CE,ATM-3,15.796804,675600,24600.0,24761.15,318.0,319.8,317.4,317.85,3825,1748591220
2025-05-30 13:18:00,CE,ATM-3,15.920802,677250,24600.0,24764.8,317.7,322.0,317.7,321.7,20850,1748591280
2025-05-30 13:19:00,CE,ATM-3,15.782386,677250,24600.0,24759.4,322.75,322.75,316.5,316.5,15975,1748591340
2025-05-30 13:20:00,CE,ATM-3,15.796898,677250,24600.0,24756.5,316.5,317.65,312.4,314.75,15075,1748591400
2025-05-30 13:21:00,CE,ATM-3,15.582595,677025,24600.0,24754.8,314.0,316.4,311.1,311.1,10425,1748591460
2025-05-30 13:22:00,CE,ATM-3,15.68287,677025,24600.0,24754.7,312.15,313.65,311.65,312.2,6975,1748591520
2025-05-30 13:23:00,CE,ATM-3,15.59781,677025,24600.0,24753.35,311.95,312.15,309.15,310.3,17850,1748591580
2025-05-30 13:24:00,CE,ATM-3,15.422517,677025,24600.0,24752.55,310.0,311.45,307.7,307.7,11925,1748591640
2025-05-30 13:25:00,CE,ATM-3,15.528374,680325,24600.0,24750.9,308.15,310.3,307.1,307.85,10200,1748591700
2025-05-30 13:26:00,CE,ATM-3,15.525403,680325,24600.0,24761.6,307.4,315.6,307.4,314.85,25200,1748591760
2025-05-30 13:27:00,CE,ATM-3,15.650419,678000,24600.0,24771.9,315.7,326.6,315.1,323.15,57975,1748591820
2025-05-30 13:28:00,CE,ATM-3,15.853798,678000,24600.0,24773.85,323.55,326.8,323.15,326.8,26625,1748591880
2025-05-30 13:29:00,CE,ATM-3,15.55973,678000,24600.0,24769.7,326.8,326.8,320.6,320.6,24675,1748591940
2025-05-30 13:30:00,CE,ATM-3,15.823506,325200,24650.0,24777.75,290.4,298.9,290.4,296.8,40350,1748592000
2025-05-30 13:31:00,CE,ATM-3,15.694111,325200,24650.0,24779.9,297.35,299.75,296.55,296.6,22650,1748592060
2025-05-30 13:32:00,CE,ATM-3,15.787689,325200,24650.0,24779.65,296.8,297.55,293.05,297.55,15300,1748592120
2025-05-30 13:33:00,CE,ATM-3,15.592725,313575,24650.0,24777.85,295.95,298.0,294.05,294.05,19725,1748592180
2025-05-30 13:34:00,CE,ATM-3,15.555834,674775,24600.0,24773.6,325.15,325.8,323.05,323.1,14700,1748592240
2025-05-30 13:35:00,CE,ATM-3,15.709635,674775,24600.0,24773.65,323.25,326.7,323.2,324.9,13800,1748592300
2025-05-30 13:36:00,CE,ATM-3,15.697021,673500,24600.0,24769.55,325.75,325.75,321.65,322.0,17400,1748592360
2025-05-30 13:37:00,CE,ATM-3,15.852945,673500,24600.0,24773.15,321.9,327.0,320.7,326.2,12300,1748592420
2025-05-30 13:38:00,CE,ATM-3,15.830918,307275,24650.0,24780.3,295.15,299.35,294.4,298.4,17775,1748592480
2025-05-30 13:39:00,CE,ATM-3,15.808899,307275,24650.0,24775.7,298.5,299.15,294.95,295.2,13125,1748592540
2025-05-30 13:40:00,CE,ATM-3,15.847191,305775,24650.0,24778.7,293.7,298.3,293.4,297.55,6900,1748592600
2025-05-30 13:41:00,CE,ATM-3,15.6595,672300,24600.0,24771.8,328.4,328.4,321.05,323.0,14325,1748592660
2025-05-30 13:42:00,CE,ATM-3,15.847395,672300,24600.0,24772.3,323.0,326.0,321.35,325.5,3975,1748592720
2025-05-30 13:43:00,CE,ATM-3,15.62532,673050,24600.0,24773.7,323.15,324.75,322.85,323.85,6225,1748592780
2025-05-30 13:44:00,CE,ATM-3,15.83542,673050,24600.0,24771.65,323.85,327.8,322.45,324.9,15750,1748592840
2025-05-30 13:45:00,CE,ATM-3,15.866698,673050,24600.0,24772.4,325.05,326.8,323.8,325.75,16950,1748592900
2025-05-30 13:46:00,CE,ATM-3,15.739421,671850,24600.0,24764.65,325.35,325.35,316.25,319.1,26550,1748592960
2025-05-30 13:47:00,CE,ATM-3,15.648955,671850,24600.0,24764.15,319.2,320.2,317.4,317.7,9600,1748593020
2025-05-30 13:48:00,CE,ATM-3,15.587404,671850,24600.0,24765.4,317.0,320.9,316.0,317.8,12675,1748593080
2025-05-30 13:49:00,CE,ATM-3,15.599359,669825,24600.0,24762.65,318.5,319.8,316.1,316.1,7500,1748593140
2025-05-30 13:50:00,CE,ATM-3,15.712566,669825,24600.0,24764.45,318.95,319.5,316.1,318.6,7800,1748593200
2025-05-30 13:51:00,CE,ATM-3,15.575054,669825,24600.0,24765.0,318.6,319.2,317.0,317.35,3450,1748593260
2025-05-30 13:52:00,CE,ATM-3,15.551986,672975,24600.0,24766.4,317.35,319.5,317.2,318.0,9600,1748593320
2025-05-30 13:53:00,CE,ATM-3,15.59948,672975,24600.0,24773.6,318.0,324.75,318.0,323.35,21300,1748593380
2025-05-30 13:54:00,CE,ATM-3,15.713691,302100,24650.0,24775.15,291.65,294.1,291.0,293.5,9750,1748593440
2025-05-30 13:55:00,CE,ATM-3,15.738931,304050,24650.0,24780.75,293.75,297.5,292.5,297.35,11025,1748593500
2025-05-30 13:56:00,CE,ATM-3,15.797823,304050,24650.0,24795.0,297.6,311.35,297.6,307.2,64050,1748593560
2025-05-30 13:57:00,CE,ATM-3,15.672092,304050,24650.0,24795.7,307.2,313.05,306.15,306.15,39675,1748593620
2025-05-30 13:58:00,CE,ATM-3,15.624153,286725,24650.0,24793.9,305.65,308.65,303.6,304.4,20550,1748593680
2025-05-30 13:59:00,CE,ATM-3,15.730468,286725,24650.0,24788.95,304.3,306.4,300.45,302.45,11400,1748593740
2025-05-30 14:00:00,CE,ATM-3,16.026244,286725,24650.0,24790.8,302.05,307.75,302.05,307.15,16500,1748593800
2025-05-30 14:01:00,CE,ATM-3,16.022613,283275,24650.0,24795.0,307.55,310.9,306.2,309.8,16350,1748593860
2025-05-30 14:02:00,CE,ATM-3,15.801908,283275,24650.0,24790.1,310.45,310.45,303.8,304.0,9075,1748593920
2025-05-30 14:03:00,CE,ATM-3,15.986113,283275,24650.0,24784.2,303.85,304.9,300.0,302.4,14025,1748593980
2025-05-30 14:04:00,CE,ATM-3,15.941265,277425,24650.0,24781.3,302.2,302.2,298.4,300.0,13425,1748594040
2025-05-30 14:05:00,CE,ATM-3,15.738015,277425,24650.0,24778.55,301.0,301.35,295.8,295.8,8250,1748594100
2025-05-30 14:06:00,CE,ATM-3,15.6273,636825,24600.0,24774.35,327.2,327.95,322.65,324.0,31725,1748594160
2025-05-30 14:07:00,CE,ATM-3,15.58217,638625,24600.0,24769.4,323.3,323.35,317.7,320.15,28725,1748594220
2025-05-30 14:08:00,CE,ATM-3,15.711262,638625,24600.0,24768.0,320.15,322.0,318.9,320.7,10725,1748594280
2025-05-30 14:09:00,CE,ATM-3,15.647746,638625,24600.0,24766.8,320.85,321.3,318.0,319.15,9000,1748594340
2025-05-30 14:10:00,CE,ATM-3,15.628865,644475,24600.0,24768.35,319.15,321.0,318.45,319.95,7800,1748594400
2025-05-30 14:11:00,CE,ATM-3,15.700153,644475,24600.0,24766.0,319.0,321.45,317.4,319.2,18375,1748594460
2025-05-30 14:12:00,CE,ATM-3,15.573131,644475,24600.0,24763.05,320.0,320.0,313.55,315.75,30375,1748594520
2025-05-30 14:13:00,CE,ATM-3,15.730444,647775,24600.0,24760.45,315.75,317.2,314.35,315.85,9150,1748594580
2025-05-30 14:14:00,CE,ATM-3,15.668138,647775,24600.0,24753.6,314.0,315.15,310.6,310.6,22275,1748594640
2025-05-30 14:15:00,CE,ATM-3,15.936516,647775,24600.0,24752.85,310.4,313.95,309.65,313.25,30675,1748594700
2025-05-30 14:16:00,CE,ATM-3,15.785202,652425,24600.0,24760.3,313.2,317.9,313.0,316.35,24450,1748594760
2025-05-30 14:17:00,CE,ATM-3,15.518471,652425,24600.0,24758.45,316.75,316.75,312.0,312.0,15975,1748594820
2025-05-30 14:18:00,CE,ATM-3,15.643291,652425,24600.0,24763.75,313.2,317.05,313.2,316.95,9675,1748594880
2025-05-30 14:19:00,CE,ATM-3,15.692148,659925,24600.0,24765.4,317.1,319.6,316.0,318.6,16425,1748594940
2025-05-30 14:20:00,CE,ATM-3,15.682185,659925,24600.0,24768.6,318.5,320.9,316.95,320.6,19125,1748595000
2025-05-30 14:21:00,CE,ATM-3,15.530805,659925,24600.0,24768.85,320.35,320.65,317.95,319.0,18525,1748595060
2025-05-30 14:22:00,CE,ATM-3,15.509077,660600,24600.0,24767.3,319.0,320.0,317.7,317.7,7575,1748595120
2025-05-30 14:23:00,CE,ATM-3,15.524634,660600,24600.0,24766.3,317.7,318.85,316.95,317.2,2625,1748595180
2025-05-30 14:24:00,CE,ATM-3,15.574247,660600,24600.0,24771.0,317.2,322.55,317.2,320.9,21450,1748595240
2025-05-30 14:25:00,CE,ATM-3,15.580179,661650,24600.0,24774.05,320.0,324.0,320.0,323.0,29700,1748595300
2025-05-30 14:26:00,CE,ATM-3,15.631507,661650,24600.0,24770.2,322.7,323.75,321.0,321.0,6150,1748595360
2025-05-30 14:27:00,CE,ATM-3,15.508997,661650,24600.0,24768.45,320.95,321.6,316.45,318.4,13725,1748595420
2025-05-30 14:28:00,CE,ATM-3,15.526664,660000,24600.0,24771.9,319.75,322.05,319.55,320.9,10725,1748595480
2025-05-30 14:29:00,CE,ATM-3,15.623443,660000,24600.0,24770.4,320.3,322.05,320.3,321.0,4800,1748595540
2025-05-30 14:30:00,CE,ATM-3,15.716624,286875,24650.0,24778.55,290.3,296.0,289.25,295.2,19050,1748595600
2025-05-30 14:31:00,CE,ATM-3,15.775737,284550,24650.0,24781.15,296.5,299.9,296.5,297.55,15675,1748595660
2025-05-30 14:32:00,CE,ATM-3,15.837424,284550,24650.0,24780.25,297.65,299.95,296.75,297.7,14850,1748595720
2025-05-30 14:33:00,CE,ATM-3,15.66341,284550,24650.0,24784.85,297.7,299.45,296.7,298.55,7350,1748595780
2025-05-30 14:34:00,CE,ATM-3,15.54946,281550,24650.0,24780.2,298.2,298.2,294.2,294.2,12750,1748595840
2025-05-30 14:35:00,CE,ATM-3,15.725709,281550,24650.0,24782.25,294.25,298.05,294.25,297.6,9825,1748595900
2025-05-30 14:36:00,CE,ATM-3,15.632553,281550,24650.0,24775.15,297.1,297.1,286.55,291.95,14925,1748595960
2025-05-30 14:37:00,CE,ATM-3,15.500099,280425,24650.0,24775.7,292.0,292.65,288.6,290.7,8775,1748596020
2025-05-30 14:38:00,CE,ATM-3,15.389141,642225,24600.0,24772.15,322.2,322.35,319.35,319.35,12975,1748596080
2025-05-30 14:39:00,CE,ATM-3,15.293764,642225,24600.0,24771.05,319.25,320.95,316.55,317.5,12450,1748596140
2025-05-30 14:40:00,CE,ATM-3,15.562953,643500,24600.0,24768.75,318.45,321.6,318.35,319.05,11475,1748596200
2025-05-30 14:41:00,CE,ATM-3,15.527688,643500,24600.0,24770.65,319.05,321.3,319.05,319.9,3225,1748596260
2025-05-30 14:42:00,CE,ATM-3,15.493185,643500,24600.0,24768.65,319.9,320.5,317.1,318.15,7575,1748596320
2025-05-30 14:43:00,CE,ATM-3,15.593427,644775,24600.0,24771.2,318.7,322.2,317.7,321.0,7125,1748596380
2025-05-30 14:44:00,CE,ATM-3,15.522781,644775,24600.0,24769.45,319.9,322.0,319.0,319.0,3450,1748596440
2025-05-30 14:45:00,CE,ATM-3,15.275123,644775,24600.0,24763.05,318.0,319.45,311.85,311.85,16500,1748596500
2025-05-30 14:46:00,CE,ATM-3,15.392587,648450,24600.0,24761.55,312.3,312.5,308.85,312.2,29850,1748596560
2025-05-30 14:47:00,CE,ATM-3,15.484218,648450,24600.0,24761.7,312.2,315.7,310.9,313.35,13500,1748596620
2025-05-30 14:48:00,CE,ATM-3,15.475586,648450,24600.0,24762.85,313.35,316.0,313.35,314.0,5475,1748596680
2025-05-30 14:49:00,CE,ATM-3,15.561912,647325,24600.0,24765.35,314.0,318.0,314.0,316.65,11250,1748596740
2025-05-30 14:50:00,CE,ATM-3,15.640226,647325,24600.0,24763.25,316.5,317.3,315.15,316.15,3450,1748596800
2025-05-30 14:51:00,CE,ATM-3,15.486523,647325,24600.0,24765.2,315.85,318.15,315.45,315.65,7500,1748596860
2025-05-30 14:52:00,CE,ATM-3,15.485738,650550,24600.0,24769.95,315.65,319.4,314.3,318.8,6300,1748596920
2025-05-30 14:53:00,CE,ATM-3,15.475355,650550,24600.0,24773.65,318.15,321.15,317.0,321.15,13200,1748596980
2025-05-30 14:54:00,CE,ATM-3,15.481721,650550,24600.0,24771.7,320.2,323.0,319.9,319.9,18150,1748597040
2025-05-30 14:55:00,CE,ATM-3,15.281332,652500,24600.0,24771.8,320.1,320.1,317.45,317.65,6825,1748597100
2025-05-30 14:56:00,CE,ATM-3,15.512796,652500,24600.0,24772.25,317.65,321.55,317.65,320.6,5850,1748597160
2025-05-30 14:57:00,CE,ATM-3,15.393906,276150,24650.0,24775.45,289.6,290.5,289.0,289.0,6600,1748597220
2025-05-30 14:58:00,CE,ATM-3,15.431028,653400,24600.0,24757.95,322.1,322.1,306.0,310.1,42900,1748597280
2025-05-30 14:59:00,CE,ATM-3,15.485658,653400,24600.0,24764.4,310.15,316.35,309.7,315.0,20475,1748597340
2025-05-30 15:00:00,CE,ATM-3,15.226777,653400,24600.0,24767.1,316.7,324.0,313.8,313.8,37575,1748597400
2025-05-30 15:01:00,CE,ATM-3,15.583109,658800,24600.0,24750.6,313.45,314.55,307.0,307.0,32625,1748597460
2025-05-30 15:02:00,CE,ATM-3,15.842535,658800,24600.0,24736.8,308.35,309.0,301.1,301.1,46125,1748597520
2025-05-30 15:03:00,CE,ATM-3,16.260776,658800,24600.0,24739.45,303.2,308.35,300.2,307.75,40800,1748597580
2025-05-30 15:04:00,CE,ATM-3,16.217161,662625,24600.0,24739.5,308.05,308.55,305.5,307.25,17400,1748597640
2025-05-30 15:05:00,CE,ATM-3,16.035232,662625,24600.0,24743.65,308.25,308.8,305.15,307.75,18525,1748597700
2025-05-30 15:06:00,CE,ATM-3,15.566707,662625,24600.0,24758.75,307.5,313.45,307.5,312.1,42000,1748597760
2025-05-30 15:07:00,CE,ATM-3,15.649566,658950,24600.0,24753.2,312.3,314.0,309.0,309.4,21600,1748597820
2025-05-30 15:08:00,CE,ATM-3,15.636399,658950,24600.0,24754.75,310.15,311.35,307.65,310.25,25650,1748597880
2025-05-30 15:09:00,CE,ATM-3,15.623595,658950,24600.0,24759.55,310.25,313.25,309.6,313.25,13950,1748597940
2025-05-30 15:10:00,CE,ATM-3,15.713501,655125,24600.0,24759.5,314.9,314.95,312.45,314.25,14850,1748598000
2025-05-30 15:11:00,CE,ATM-3,15.889792,655125,24600.0,24755.25,313.95,315.6,312.3,313.5,13875,1748598060
2025-05-30 15:12:00,CE,ATM-3,15.9669,655125,24600.0,24749.75,313.5,316.35,309.45,310.8,15300,1748598120
2025-05-30 15:13:00,CE,ATM-3,15.896827,649725,24600.0,24754.25,310.45,313.0,309.9,312.9,8325,1748598180
2025-05-30 15:14:00,CE,ATM-3,16.021423,649725,24600.0,24751.65,314.0,315.0,312.0,312.65,10950,1748598240
2025-05-30 15:15:00,CE,ATM-3,16.074436,649725,24600.0,24754.55,312.25,315.15,312.25,315.15,16950,1748598300
2025-05-30 15:16:00,CE,ATM-3,16.157159,652200,24600.0,24753.85,315.0,315.95,314.0,315.65,12225,1748598360
2025-05-30 15:17:00,CE,ATM-3,16.084806,652200,24600.0,24749.8,315.65,316.4,310.5,312.15,32175,1748598420
2025-05-30 15:18:00,CE,ATM-3,16.559567,652200,24600.0,24751.45,312.15,319.25,310.85,318.8,36300,1748598480
2025-05-30 15:19:00,CE,ATM-3,16.412599,636075,24600.0,24746.65,318.3,319.25,313.45,313.95,25200,1748598540
2025-05-30 15:20:00,CE,ATM-3,16.544215,636075,24600.0,24744.25,315.9,317.65,313.7,313.95,32550,1748598600
2025-05-30 15:21:00,CE,ATM-3,16.738982,636075,24600.0,24742.85,314.65,315.65,312.25,315.35,14850,1748598660
2025-05-30 15:22:00,CE,ATM-3,16.439973,614700,24600.0,24749.7,315.35,316.9,313.7,316.2,7050,1748598720
2025-05-30 15:23:00,CE,ATM-3,16.501776,614700,24600.0,24748.05,316.2,316.45,313.95,315.85,8100,1748598780
2025-05-30 15:24:00,CE,ATM-3,16.58295,614700,24600.0,24741.75,316.0,316.0,312.0,312.75,11325,1748598840
2025-05-30 15:25:00,CE,ATM-3,16.52367,612525,24600.0,24741.7,314.65,316.0,311.8,312.0,24000,1748598900
2025-05-30 15:26:00,CE,ATM-3,16.334953,612525,24600.0,24740.3,312.0,312.0,308.85,308.85,26775,1748598960
2025-05-30 15:27:00,CE,ATM-3,16.233958,612525,24600.0,24747.15,309.45,312.05,308.0,312.05,25800,1748599020
2025-05-30 15:28:00,CE,ATM-3,16.080714,609225,24600.0,24745.25,312.2,312.4,308.0,309.0,19350,1748599080
2025-05-30 15:29:00,CE,ATM-3,15.877929,609225,24600.0,24736.65,309.95,310.25,301.05,301.05,25725,1748599140
2025-06-02 09:15:00,CE,ATM-3,22.696681,55275,24450.0,24609.6,350.0,355.85,298.35,312.9,28350,1748835900
2025-06-02 09:16:00,CE,ATM-3,22.558133,55275,24450.0,24593.4,300.6,304.7,291.2,301.4,25425,1748835960
2025-06-02 09:17:00,CE,ATM-3,21.578924,55275,24450.0,24583.65,298.85,298.85,285.1,286.65,28800,1748836020
2025-06-02 09:18:00,CE,ATM-3,20.843927,83925,24450.0,24585.6,287.95,289.9,279.2,281.4,41400,1748836080
2025-06-02 09:19:00,CE,ATM-3,20.856558,237375,24400.0,24569.2,311.35,311.35,298.0,302.75,57600,1748836140
2025-06-02 09:20:00,CE,ATM-3,20.179166,237375,24400.0,24560.6,302.0,302.0,283.65,291.3,94200,1748836200
2025-06-02 09:21:00,CE,ATM-3,19.898133,294600,24400.0,24558.65,290.2,290.2,277.0,287.6,64125,1748836260
2025-06-02 09:22:00,CE,ATM-3,19.766722,294600,24400.0,24572.15,285.15,299.8,283.85,295.4,54300,1748836320
2025-06-02 09:23:00,CE,ATM-3,19.651072,294600,24400.0,24545.7,295.65,296.05,270.2,277.0,64875,1748836380
2025-06-02 09:24:00,CE,ATM-3,19.050496,330150,24400.0,24554.9,274.4,283.45,274.4,277.85,34875,1748836440
2025-06-02 09:25:00,CE,ATM-3,18.974359,330150,24400.0,24550.9,274.65,282.35,267.0,274.55,50400,1748836500
2025-06-02 09:26:00,CE,ATM-3,19.188787,157125,24450.0,24578.0,247.25,261.95,247.25,261.95,36825,1748836560
2025-06-02 09:27:00,CE,ATM-3,18.641566,357600,24400.0,24574.7,289.8,293.25,285.9,287.6,56625,1748836620
2025-06-02 09:28:00,CE,ATM-3,18.613172,357600,24400.0,24560.6,287.8,290.45,275.4,277.85,26025,1748836680
2025-06-02 09:29:00,CE,ATM-3,18.810775,357600,24400.0,24564.95,276.35,283.4,275.2,282.4,24450,1748836740
2025-06-02 09:30:00,CE,ATM-3,18.328946,376425,24400.0,24569.55,282.6,287.35,273.25,281.45,45750,1748836800
2025-06-02 09:31:00,CE,ATM-3,18.155471,376425,24400.0,24535.7,282.6,283.25,249.0,257.5,156225,1748836860
2025-06-02 09:32:00,CE,ATM-3,17.961847,376425,24400.0,24531.2,259.25,261.0,252.9,252.9,90300,1748836920
2025-06-02 09:33:00,CE,ATM-3,17.861338,468525,24400.0,24541.9,253.6,260.0,250.5,259.0,59625,1748836980
2025-06-02 09:34:00,CE,ATM-3,17.853966,468525,24400.0,24540.35,258.6,258.6,252.5,257.9,28950,1748837040
2025-06-02 09:35:00,CE,ATM-3,17.874087,468525,24400.0,24547.1,258.35,262.5,257.2,262.5,54525,1748837100
2025-06-02 09:36:00,CE,ATM-3,17.55811,502650,24400.0,24541.95,263.15,263.4,254.4,256.4,59175,1748837160
2025-06-02 09:37:00,CE,ATM-3,17.630459,502650,24400.0,24552.05,256.25,266.5,256.25,263.7,57900,1748837220
2025-06-02 09:38:00,CE,ATM-3,17.953579,502650,24400.0,24551.6,262.05,267.05,259.95,266.1,40200,1748837280
2025-06-02 09:39:00,CE,ATM-3,17.799731,515400,24400.0,24562.2,266.7,271.9,262.0,271.9,36300,1748837340
2025-06-02 09:40:00,CE,ATM-3,17.824837,288000,24450.0,24580.8,242.75,253.4,241.6,251.65,84300,1748837400
2025-06-02 09:41:00,CE,ATM-3,17.730173,288000,24450.0,24582.7,252.25,257.4,249.15,252.05,77850,1748837460
2025-06-02 09:42:00,CE,ATM-3,17.881457,265050,24450.0,24585.5,251.65,258.25,251.65,255.15,40200,1748837520
2025-06-02 09:43:00,CE,ATM-3,17.295514,487800,24400.0,24565.0,285.7,285.8,266.05,269.55,82575,1748837580
2025-06-02 09:44:00,CE,ATM-3,17.198244,487800,24400.0,24571.0,269.65,277.0,267.3,272.85,35775,1748837640
2025-06-02 09:45:00,CE,ATM-3,18.067814,508725,24400.0,24567.35,275.35,277.5,265.95,277.5,53250,1748837700
2025-06-02 09:46:00,CE,ATM-3,17.900986,266175,24450.0,24575.7,244.85,248.9,238.9,248.9,41250,1748837760
2025-06-02 09:47:00,CE,ATM-3,17.735565,266175,24450.0,24585.8,248.0,256.8,247.7,254.0,80025,1748837820
2025-06-02 09:48:00,CE,ATM-3,17.912131,289275,24450.0,24595.95,253.0,262.15,253.0,262.15,51300,1748837880
2025-06-02 09:49:00,CE,ATM-3,17.603286,289275,24450.0,24588.5,263.45,264.8,253.8,254.6,61875,1748837940
2025-06-02 09:50:00,CE,ATM-3,18.014858,289275,24450.0,24585.75,254.05,257.4,249.9,256.3,33450,1748838000
2025-06-02 09:51:00,CE,ATM-3,18.250784,273750,24450.0,24590.2,255.2,261.55,255.2,261.2,24600,1748838060
2025-06-02 09:52:00,CE,ATM-3,18.188306,273750,24450.0,24591.2,259.5,262.4,255.5,261.3,20925,1748838120
2025-06-02 09:53:00,CE,ATM-3,18.180452,273750,24450.0,24588.5,261.3,262.85,256.45,259.45,35625,1748838180
2025-06-02 09:54:00,CE,ATM-3,18.067736,283200,24450.0,24586.25,257.95,261.85,253.75,257.0,22350,1748838240
2025-06-02 09:55:00,CE,ATM-3,17.910031,489825,24400.0,24573.65,285.0,287.0,279.15,280.3,64875,1748838300
2025-06-02 09:56:00,CE,ATM-3,18.2583,283200,24450.0,24575.4,248.95,252.95,248.0,251.6,17775,1748838360
2025-06-02 09:57:00,CE,ATM-3,18.267982,271275,24450.0,24589.85,251.2,263.2,251.2,261.0,32625,1748838420
2025-06-02 09:58:00,CE,ATM-3,18.464971,271275,24450.0,24587.75,260.05,263.6,255.0,261.3,48225,1748838480
2025-06-02 09:59:00,CE,ATM-3,18.692983,271275,24450.0,24598.2,260.4,271.7,259.0,270.05,66975,1748838540
2025-06-02 10:00:00,CE,ATM-3,18.829049,257850,24450.0,24602.25,270.0,278.15,264.2,273.85,68325,1748838600
2025-06-02 10:01:00,CE,ATM-3,18.75871,257850,24450.0,24593.2,272.55,272.55,266.0,267.3,25800,1748838660
2025-06-02 10:02:00,CE,ATM-3,19.202363,257850,24450.0,24587.35,267.45,270.5,266.4,267.3,14025,1748838720
2025-06-02 10:03:00,CE,ATM-3,19.722718,249525,24450.0,24576.7,268.1,268.1,259.2,265.0,43800,1748838780
2025-06-02 10:04:00,CE,ATM-3,19.722003,249525,24450.0,24580.85,264.9,269.5,262.5,267.6,20850,1748838840
2025-06-02 10:05:00,CE,ATM-3,20.198838,249525,24450.0,24579.7,268.1,271.0,265.4,271.0,23925,1748838900
2025-06-02 10:06:00,CE,ATM-3,20.201615,238800,24450.0,24579.3,269.9,274.35,266.95,270.75,25350,1748838960
2025-06-02 10:07:00,CE,ATM-3,19.98422,238800,24450.0,24584.45,270.35,273.3,269.4,272.1,17625,1748839020
2025-06-02 10:08:00,CE,ATM-3,20.136905,238800,24450.0,24587.9,272.85,277.8,272.0,275.6,28050,1748839080
2025-06-02 10:09:00,CE,ATM-3,20.361308,210975,24450.0,24592.25,275.65,283.3,274.45,280.3,34725,1748839140
2025-06-02 10:10:00,CE,ATM-3,20.123044,210975,24450.0,24595.95,280.95,287.5,278.25,280.6,52050,1748839200
2025-06-02 10:11:00,CE,ATM-3,20.15967,210975,24450.0,24584.0,280.1,280.1,270.85,273.25,23250,1748839260
2025-06-02 10:12:00,CE,ATM-3,20.34638,205650,24450.0,24584.0,273.05,276.15,267.3,274.85,18600,1748839320
2025-06-02 10:13:00,CE,ATM-3,20.134853,205650,24450.0,24578.8,274.95,276.55,269.0,269.7,15150,1748839380
2025-06-02 10:14:00,CE,ATM-3,20.443061,205650,24450.0,24581.95,269.8,274.4,269.8,274.35,5475,1748839440
2025-06-02 10:15:00,CE,ATM-3,20.447278,394875,24400.0,24565.25,306.0,306.0,287.7,295.45,60600,1748839500
2025-06-02 10:16:00,CE,ATM-3,20.490241,394875,24400.0,24568.6,294.2,300.1,294.2,298.0,25950,1748839560
2025-06-02 10:17:00,CE,ATM-3,20.830251,394875,24400.0,24567.3,296.45,300.1,293.3,300.0,17250,1748839620
2025-06-02 10:18:00,CE,ATM-3,20.976482,398325,24400.0,24564.6,299.0,299.45,296.1,299.45,9975,1748839680
2025-06-02 10:19:00,CE,ATM-3,21.06522,398325,24400.0,24565.85,299.4,302.4,297.3,301.0,17250,1748839740
2025-06-02 10:20:00,CE,ATM-3,21.064239,398325,24400.0,24564.75,299.95,301.85,297.15,300.25,15225,1748839800
2025-06-02 10:21:00,CE,ATM-3,21.043248,407025,24400.0,24555.6,298.8,298.8,290.55,294.1,40875,1748839860
2025-06-02 10:22:00,CE,ATM-3,21.226188,407025,24400.0,24562.55,294.25,302.6,293.4,300.15,35700,1748839920
2025-06-02 10:23:00,CE,ATM-3,21.444205,407025,24400.0,24574.8,301.15,310.4,301.15,310.0,50550,1748839980
2025-06-02 10:24:00,CE,ATM-3,21.104118,218775,24450.0,24578.7,280.0,283.7,277.85,277.85,23625,1748840040
2025-06-02 10:25:00,CE,ATM-3,21.576972,218775,24450.0,24579.8,279.85,284.1,276.15,282.65,23325,1748840100
2025-06-02 10:26:00,CE,ATM-3,21.046676,218775,24450.0,24583.0,282.15,288.0,280.0,280.0,36450,1748840160
2025-06-02 10:27:00,CE,ATM-3,21.577387,215025,24450.0,24582.35,281.0,284.9,278.6,284.2,11850,1748840220
2025-06-02 10:28:00,CE,ATM-3,21.301202,215025,24450.0,24587.65,283.4,287.75,283.4,285.1,19725,1748840280
2025-06-02 10:29:00,CE,ATM-3,21.450973,215025,24450.0,24588.95,286.25,291.35,284.0,287.2,24075,1748840340
2025-06-02 10:30:00,CE,ATM-3,21.894936,208050,24450.0,24593.8,288.0,294.75,286.15,294.1,24525,1748840400
2025-06-02 10:31:00,CE,ATM-3,21.633762,208050,24450.0,24594.1,292.05,296.5,289.45,292.0,18075,1748840460
2025-06-02 10:32:00,CE,ATM-3,21.589188,208050,24450.0,24593.8,291.6,296.65,291.4,291.4,17400,1748840520
2025-06-02 10:33:00,CE,ATM-3,22.129596,195975,24450.0,24582.45,291.25,292.2,283.45,288.95,22800,1748840580
2025-06-02 10:34:00,CE,ATM-3,22.38697,195975,24450.0,24592.0,288.45,298.55,288.45,297.15,17250,1748840640
2025-06-02 10:35:00,CE,ATM-3,22.080965,195975,24450.0,24597.2,297.0,299.4,293.55,297.75,21750,1748840700
2025-06-02 10:36:00,CE,ATM-3,22.381029,196200,24450.0,24595.65,297.35,302.0,296.55,299.35,19575,1748840760
2025-06-02 10:37:00,CE,ATM-3,22.704114,196200,24450.0,24601.45,299.35,306.55,299.35,305.8,34425,1748840820
2025-06-02 10:38:00,CE,ATM-3,23.122293,196200,24450.0,24616.2,304.3,319.2,302.95,318.8,55200,1748840880
2025-06-02 10:39:00,CE,ATM-3,23.48981,2508450,24500.0,24626.7,289.1,300.1,289.1,297.65,459825,1748840940
2025-06-02 10:40:00,CE,ATM-3,22.757541,168225,24450.0,24620.05,329.0,334.4,317.3,318.1,35700,1748841000
2025-06-02 10:41:00,CE,ATM-3,23.252954,168225,24450.0,24619.0,318.25,323.0,313.4,321.65,25350,1748841060
2025-06-02 10:42:00,CE,ATM-3,23.718491,2417025,24500.0,24626.3,294.15,301.55,292.15,299.35,253800,1748841120
2025-06-02 10:43:00,CE,ATM-3,23.880581,2417025,24500.0,24629.15,300.15,307.25,299.25,302.5,244275,1748841180
2025-06-02 10:44:00,CE,ATM-3,23.937567,2417025,24500.0,24629.35,303.6,304.0,299.4,303.1,106050,1748841240
2025-06-02 10:45:00,CE,ATM-3,23.33795,161475,24450.0,24619.65,334.1,337.0,320.65,322.7,34725,1748841300
2025-06-02 10:46:00,CE,ATM-3,23.396237,2374800,24500.0,24626.95,290.5,298.25,289.35,296.8,136500,1748841360
2025-06-02 10:47:00,CE,ATM-3,23.366991,2374800,24500.0,24637.3,297.05,303.35,295.6,302.9,119850,1748841420
2025-06-02 10:48:00,CE,ATM-3,22.622397,2381550,24500.0,24632.8,302.15,302.15,293.55,293.55,109425,1748841480
2025-06-02 10:49:00,CE,ATM-3,22.416222,2381550,24500.0,24635.1,293.0,296.55,290.05,293.15,75375,1748841540
2025-06-02 10:50:00,CE,ATM-3,22.194772,2381550,24500.0,24626.75,293.9,295.0,286.0,286.0,124500,1748841600
2025-06-02 10:51:00,CE,ATM-3,22.121561,2367000,24500.0,24635.3,287.85,294.85,286.75,290.65,81000,1748841660
2025-06-02 10:52:00,CE,ATM-3,22.180233,2367000,24500.0,24631.95,292.0,293.35,287.2,289.05,48450,1748841720
2025-06-02 10:53:00,CE,ATM-3,21.977468,151950,24450.0,24616.7,318.1,319.95,306.4,308.95,13200,1748841780
2025-06-02 10:54:00,CE,ATM-3,22.101291,150300,24450.0,24617.65,308.95,311.25,307.85,310.6,10425,1748841840
2025-06-02 10:55:00,CE,ATM-3,22.239794,150300,24450.0,24613.85,310.8,313.3,302.05,309.3,19350,1748841900
2025-06-02 10:56:00,CE,ATM-3,22.369638,150300,24450.0,24611.85,308.85,311.9,308.3,309.1,5850,1748841960
2025-06-02 10:57:00,CE,ATM-3,22.425322,145425,24450.0,24615.8,309.1,314.65,309.1,312.1,9525,1748842020
2025-06-02 10:58:00,CE,ATM-3,22.665647,145425,24450.0,24616.6,312.1,316.0,310.55,314.65,13275,1748842080
2025-06-02 10:59:00,CE,ATM-3,22.633198,145425,24450.0,24617.3,314.65,316.35,313.6,314.8,3750,1748842140
2025-06-02 11:00:00,CE,ATM-3,22.500019,149850,24450.0,24614.3,316.05,317.8,311.3,311.7,5400,1748842200
2025-06-02 11:01:00,CE,ATM-3,22.256159,149850,24450.0,24614.55,311.7,314.7,308.05,309.75,4875,1748842260
2025-06-02 11:02:00,CE,ATM-3,22.741408,149850,24450.0,24621.7,309.75,318.5,309.75,318.5,7350,1748842320
2025-06-02 11:03:00,CE,ATM-3,22.327241,153900,24450.0,24624.85,318.65,322.7,316.4,317.0,10050,1748842380
2025-06-02 11:04:00,CE,ATM-3,22.921435,2365200,24500.0,24625.05,287.7,291.7,286.75,291.0,64500,1748842440
2025-06-02 11:05:00,CE,ATM-3,22.771688,2365200,24500.0,24625.2,291.35,291.35,287.15,289.75,34125,1748842500
2025-06-02 11:06:00,CE,ATM-3,22.507548,155475,24450.0,24622.3,319.2,319.3,314.65,316.8,12075,1748842560
2025-06-02 11:07:00,CE,ATM-3,22.583119,155475,24450.0,24621.5,316.8,317.65,312.05,316.9,7575,1748842620
2025-06-02 11:08:00,CE,ATM-3,22.460224,2370900,24500.0,24628.7,285.15,294.2,285.15,289.1,103125,1748842680
2025-06-02 11:09:00,CE,ATM-3,22.557851,2368050,24500.0,24629.7,289.95,292.6,288.6,290.55,52125,1748842740
2025-06-02 11:10:00,CE,ATM-3,22.375548,2368050,24500.0,24628.2,290.25,291.6,287.9,288.0,40350,1748842800
2025-06-02 11:11:00,CE,ATM-3,22.394747,2368050,24500.0,24632.0,287.95,293.75,287.0,290.5,46500,1748842860
2025-06-02 11:12:00,CE,ATM-3,22.521569,2362950,24500.0,24625.8,290.3,292.65,287.45,287.75,39975,1748842920
2025-06-02 11:13:00,CE,ATM-3,22.858251,160725,24450.0,24624.35,320.55,321.3,315.0,320.95,4650,1748842980
2025-06-02 11:14:00,CE,ATM-3,23.204553,160725,24450.0,24623.15,320.95,323.1,320.1,323.1,2025,1748843040
2025-06-02 11:15:00,CE,ATM-3,22.512665,159825,24450.0,24612.05,323.55,323.55,310.0,310.0,14400,1748843100
2025-06-02 11:16:00,CE,ATM-3,22.970646,159825,24450.0,24616.95,313.05,317.9,313.05,317.05,8100,1748843160
2025-06-02 11:17:00,CE,ATM-3,23.337707,2346225,24500.0,24628.25,289.75,297.35,289.25,296.3,138450,1748843220
2025-06-02 11:18:00,CE,ATM-3,23.539947,2327700,24500.0,24634.5,296.8,301.9,295.95,301.9,79350,1748843280
2025-06-02 11:19:00,CE,ATM-3,23.885564,2327700,24500.0,24643.05,301.8,312.95,301.75,310.2,258375,1748843340
2025-06-02 11:20:00,CE,ATM-3,23.984452,2327700,24500.0,24648.6,310.55,315.45,307.0,314.5,178725,1748843400
2025-06-02 11:21:00,CE,ATM-3,23.65241,2307825,24500.0,24654.9,314.9,320.15,311.5,315.55,230550,1748843460
2025-06-02 11:22:00,CE,ATM-3,23.652099,2307825,24500.0,24657.0,316.65,317.55,307.25,316.85,189675,1748843520
2025-06-02 11:23:00,CE,ATM-3,23.760195,2307825,24500.0,24646.25,316.1,317.85,309.2,311.0,126600,1748843580
2025-06-02 11:24:00,CE,ATM-3,23.742295,2235525,24500.0,24645.1,310.9,313.0,310.1,310.1,61725,1748843640
2025-06-02 11:25:00,CE,ATM-3,23.869518,2235525,24500.0,24638.45,309.45,311.5,305.35,307.05,116475,1748843700
2025-06-02 11:26:00,CE,ATM-3,23.841762,2235525,24500.0,24635.65,306.15,307.0,300.05,305.05,132675,1748843760
2025-06-02 11:27:00,CE,ATM-3,23.977455,2194125,24500.0,24632.95,304.9,306.15,301.05,304.55,52275,1748843820
2025-06-02 11:28:00,CE,ATM-3,23.999808,2194125,24500.0,24636.65,303.85,307.0,301.4,307.0,60525,1748843880
2025-06-02 11:29:00,CE,ATM-3,23.397307,2194125,24500.0,24630.9,305.3,307.75,298.15,298.15,75375,1748843940
2025-06-02 11:30:00,CE,ATM-3,23.516488,2191875,24500.0,24630.3,299.2,301.8,296.8,298.8,73050,1748844000
2025-06-02 11:31:00,CE,ATM-3,23.40454,158325,24450.0,24624.1,328.8,329.9,321.2,325.0,9150,1748844060
2025-06-02 11:32:00,CE,ATM-3,23.580096,2191875,24500.0,24626.05,293.85,296.7,289.0,296.7,72150,1748844120
2025-06-02 11:33:00,CE,ATM-3,23.533988,2183250,24500.0,24626.1,296.6,296.6,293.0,296.3,34350,1748844180
2025-06-02 11:34:00,CE,ATM-3,23.901972,2183250,24500.0,24631.8,295.5,303.0,295.5,303.0,64275,1748844240
2025-06-02 11:35:00,CE,ATM-3,23.76636,2183250,24500.0,24635.15,302.55,305.5,302.55,303.85,87450,1748844300
2025-06-02 11:36:00,CE,ATM-3,23.394744,2214975,24500.0,24630.25,301.25,303.25,296.5,297.55,52050,1748844360
2025-06-02 11:37:00,CE,ATM-3,23.468724,2214975,24500.0,24631.35,297.85,299.7,293.05,298.85,50775,1748844420
2025-06-02 11:38:00,CE,ATM-3,23.367677,2214975,24500.0,24626.65,299.15,299.15,294.25,295.05,39825,1748844480
2025-06-02 11:39:00,CE,ATM-3,23.344973,2221350,24500.0,24628.4,294.5,296.0,289.85,295.9,52800,1748844540
2025-06-02 11:40:00,CE,ATM-3,23.036131,2221350,24500.0,24637.25,293.75,299.0,291.75,298.65,61050,1748844600
2025-06-02 11:41:00,CE,ATM-3,23.193213,2221350,24500.0,24635.65,299.55,299.85,296.45,299.0,41475,1748844660
2025-06-02 11:42:00,CE,ATM-3,22.66085,2217975,24500.0,24633.1,299.45,301.0,291.55,292.75,52275,1748844720
2025-06-02 11:43:00,CE,ATM-3,22.405808,2217975,24500.0,24630.6,292.55,292.55,286.1,288.95,115275,1748844780
2025-06-02 11:44:00,CE,ATM-3,22.414931,2217975,24500.0,24625.5,287.35,287.35,282.0,285.85,105000,1748844840
2025-06-02 11:45:00,CE,ATM-3,22.615665,162375,24450.0,24624.4,316.75,318.15,312.9,318.15,8850,1748844900
2025-06-02 11:46:00,CE,ATM-3,22.948047,2217675,24500.0,24631.8,288.5,294.35,288.5,294.35,62400,1748844960
2025-06-02 11:47:00,CE,ATM-3,22.835392,2217675,24500.0,24632.7,294.35,299.1,293.9,293.9,78000,1748845020
2025-06-02 11:48:00,CE,ATM-3,23.065983,2221800,24500.0,24634.9,293.65,298.0,293.55,297.25,23700,1748845080
2025-06-02 11:49:00,CE,ATM-3,23.209841,2221800,24500.0,24637.35,297.0,300.75,296.6,300.0,35400,1748845140
2025-06-02 11:50:00,CE,ATM-3,23.454268,2221800,24500.0,24640.4,300.4,304.6,298.8,304.0,68175,1748845200
2025-06-02 11:51:00,CE,ATM-3,23.846652,2211600,24500.0,24643.55,303.4,309.35,301.5,309.35,82125,1748845260
2025-06-02 11:52:00,CE,ATM-3,23.604862,2211600,24500.0,24641.75,308.35,310.0,305.4,306.1,80025,1748845320
2025-06-02 11:53:00,CE,ATM-3,23.599869,2211600,24500.0,24639.45,306.6,308.0,303.0,304.6,42525,1748845380
2025-06-02 11:54:00,CE,ATM-3,23.42982,2197425,24500.0,24637.85,304.45,305.65,300.8,302.1,30000,1748845440
2025-06-02 11:55:00,CE,ATM-3,23.726779,2197425,24500.0,24642.9,303.0,308.2,301.9,307.8,50850,1748845500
2025-06-02 11:56:00,CE,ATM-3,23.595261,2197425,24500.0,24643.25,308.45,309.2,306.5,306.85,38250,1748845560
2025-06-02 11:57:00,CE,ATM-3,23.73485,2184450,24500.0,24650.3,307.1,313.0,304.4,312.45,79425,1748845620
2025-06-02 11:58:00,CE,ATM-3,23.65476,2184450,24500.0,24650.25,313.0,313.7,310.1,311.7,59700,1748845680
2025-06-02 11:59:00,CE,ATM-3,23.838664,2184450,24500.0,24651.1,311.8,315.0,311.55,313.8,71325,1748845740
2025-06-02 12:00:00,CE,ATM-3,23.806726,2168625,24500.0,24649.75,313.15,315.05,311.7,312.65,48300,1748845800
2025-06-02 12:01:00,CE,ATM-3,23.807071,2168625,24500.0,24648.75,311.0,312.0,309.0,312.0,42525,1748845860
2025-06-02 12:02:00,CE,ATM-3,23.914613,2168625,24500.0,24651.45,312.0,316.1,312.0,314.6,50025,1748845920
2025-06-02 12:03:00,CE,ATM-3,23.780302,2165325,24500.0,24666.8,313.75,325.0,313.1,323.15,107700,1748845980
2025-06-02 12:04:00,CE,ATM-3,23.94706,2165325,24500.0,24664.6,324.45,325.35,318.0,323.15,105675,1748846040
2025-06-02 12:05:00,CE,ATM-3,24.103152,2165325,24500.0,24658.35,322.05,322.2,318.75,320.5,57825,1748846100
2025-06-02 12:06:00,CE,ATM-3,24.536093,2150175,24500.0,24666.0,320.05,331.7,320.0,329.05,129300,1748846160
2025-06-02 12:07:00,CE,ATM-3,24.490924,2150175,24500.0,24669.4,329.0,336.05,328.65,330.8,161775,1748846220
2025-06-02 12:08:00,CE,ATM-3,24.22712,2150175,24500.0,24662.55,329.85,330.15,324.15,324.15,73500,1748846280
2025-06-02 12:09:00,CE,ATM-3,24.227195,2126775,24500.0,24657.85,323.95,325.0,320.85,321.15,63750,1748846340
2025-06-02 12:10:00,CE,ATM-3,24.617222,2126775,24500.0,24660.8,320.3,327.15,320.3,326.35,51600,1748846400
2025-06-02 12:11:00,CE,ATM-3,24.472488,2126775,24500.0,24658.7,326.8,327.95,322.85,323.75,32775,1748846460
2025-06-02 12:12:00,CE,ATM-3,24.496586,2128425,24500.0,24661.5,322.75,326.65,322.1,325.7,29175,1748846520
2025-06-02 12:13:00,CE,ATM-3,24.76628,2128425,24500.0,24665.85,325.05,331.75,325.05,330.75,54450,1748846580
2025-06-02 12:14:00,CE,ATM-3,24.97119,2128425,24500.0,24665.95,331.0,332.75,329.6,332.55,45525,1748846640
2025-06-02 12:15:00,CE,ATM-3,24.90491,1160400,24550.0,24677.9,302.6,316.85,302.6,308.8,169575,1748846700
2025-06-02 12:16:00,CE,ATM-3,25.080646,2097600,24500.0,24674.7,337.2,339.6,334.9,339.0,71925,1748846760
2025-06-02 12:17:00,CE,ATM-3,24.675241,2097600,24500.0,24668.35,339.25,339.25,330.2,331.45,92850,1748846820
2025-06-02 12:18:00,CE,ATM-3,25.01751,2086350,24500.0,24666.2,332.55,334.0,329.25,333.0,53700,1748846880
2025-06-02 12:19:00,CE,ATM-3,24.922844,1152000,24550.0,24675.1,302.55,307.7,302.55,307.15,29850,1748846940
2025-06-02 12:20:00,CE,ATM-3,25.045303,1152000,24550.0,24686.75,307.15,315.4,306.0,315.3,71025,1748847000
2025-06-02 12:21:00,CE,ATM-3,25.095405,1135950,24550.0,24683.3,316.7,318.85,312.65,313.6,63000,1748847060
2025-06-02 12:22:00,CE,ATM-3,24.90253,1135950,24550.0,24676.6,313.65,313.65,306.6,307.8,54750,1748847120
2025-06-02 12:23:00,CE,ATM-3,24.984624,1135950,24550.0,24675.95,306.9,312.6,306.3,308.1,25725,1748847180
2025-06-02 12:24:00,CE,ATM-3,24.85923,2096175,24500.0,24674.4,338.8,339.75,336.7,336.7,20625,1748847240
2025-06-02 12:25:00,CE,ATM-3,24.696392,2096175,24500.0,24671.3,336.8,339.8,333.3,333.3,44025,1748847300
2025-06-02 12:26:00,CE,ATM-3,24.717996,2096175,24500.0,24673.4,334.2,335.55,331.05,334.8,47550,1748847360
2025-06-02 12:27:00,CE,ATM-3,24.592826,2086950,24500.0,24673.55,334.05,335.0,327.6,333.8,60525,1748847420
2025-06-02 12:28:00,CE,ATM-3,24.446277,2086950,24500.0,24669.45,334.2,336.2,326.85,329.9,52500,1748847480
2025-06-02 12:29:00,CE,ATM-3,24.629509,2086950,24500.0,24671.5,329.25,333.8,328.95,332.75,27675,1748847540
2025-06-02 12:30:00,CE,ATM-3,25.017289,1107525,24550.0,24676.45,302.7,309.45,300.75,308.5,28575,1748847600
2025-06-02 12:31:00,CE,ATM-3,25.297052,1107525,24550.0,24678.05,307.65,311.9,307.65,311.9,38175,1748847660
2025-06-02 12:32:00,CE,ATM-3,25.487772,1107525,24550.0,24684.55,310.25,320.0,310.25,317.5,67275,1748847720
2025-06-02 12:33:00,CE,ATM-3,25.434462,1096950,24550.0,24710.95,317.15,334.6,317.05,333.35,115125,1748847780
2025-06-02 12:34:00,CE,ATM-3,26.276665,1096950,24550.0,24717.95,335.0,345.0,331.5,345.0,108525,1748847840
2025-06-02 12:35:00,CE,ATM-3,26.037729,3361950,24600.0,24725.25,313.15,319.7,311.9,317.1,388350,1748847900
2025-06-02 12:36:00,CE,ATM-3,25.997575,1058925,24550.0,24713.6,348.35,350.2,336.25,339.8,59550,1748847960
2025-06-02 12:37:00,CE,ATM-3,26.584035,3185100,24600.0,24729.05,309.75,327.75,309.75,324.15,344625,1748848020
2025-06-02 12:38:00,CE,ATM-3,26.845907,3185100,24600.0,24728.5,325.1,329.0,321.3,326.1,218850,1748848080
2025-06-02 12:39:00,CE,ATM-3,26.647667,3098850,24600.0,24735.25,325.8,333.0,322.35,328.4,201450,1748848140
2025-06-02 12:40:00,CE,ATM-3,26.174932,1012950,24550.0,24722.15,359.5,359.5,346.6,346.6,43125,1748848200
2025-06-02 12:41:00,CE,ATM-3,26.272515,1012950,24550.0,24718.4,347.15,351.45,345.05,345.05,20925,1748848260
2025-06-02 12:42:00,CE,ATM-3,26.590108,1005825,24550.0,24719.65,345.55,349.6,345.55,348.55,16125,1748848320
2025-06-02 12:43:00,CE,ATM-3,26.516818,1005825,24550.0,24724.35,348.7,353.6,348.7,350.85,17100,1748848380
2025-06-02 12:44:00,CE,ATM-3,26.426301,1005825,24550.0,24723.65,351.55,353.0,348.3,349.6,15000,1748848440
2025-06-02 12:45:00,CE,ATM-3,26.162961,1002900,24550.0,24720.0,350.0,353.55,342.3,345.0,52200,1748848500
2025-06-02 12:46:00,CE,ATM-3,26.078922,1002900,24550.0,24721.35,345.0,348.9,343.0,345.1,8775,1748848560
2025-06-02 12:47:00,CE,ATM-3,26.301992,2995125,24600.0,24726.1,314.5,322.0,314.5,319.6,63675,1748848620
2025-06-02 12:48:00,CE,ATM-3,26.340392,2990775,24600.0,24726.25,319.95,321.2,317.95,320.0,48975,1748848680
2025-06-02 12:49:00,CE,ATM-3,26.350009,2990775,24600.0,24732.7,322.5,329.65,320.05,323.95,160200,1748848740
2025-06-02 12:50:00,CE,ATM-3,26.831887,2990775,24600.0,24730.2,324.4,326.65,317.2,326.65,82500,1748848800
2025-06-02 12:51:00,CE,ATM-3,26.517277,2990775,24600.0,24734.0,326.2,329.45,324.3,326.15,95625,1748848860
2025-06-02 12:52:00,CE,ATM-3,26.487219,2961900,24600.0,24732.75,326.35,327.35,324.0,325.1,32775,1748848920
2025-06-02 12:53:00,CE,ATM-3,26.47386,2961900,24600.0,24729.6,324.7,324.7,319.1,323.05,53175,1748848980
2025-06-02 12:54:00,CE,ATM-3,26.143396,2961900,24600.0,24732.3,322.05,323.4,319.35,321.75,78600,1748849040
2025-06-02 12:55:00,CE,ATM-3,25.3364,1006875,24550.0,24716.5,354.45,354.45,335.4,335.4,41250,1748849100
2025-06-02 12:56:00,CE,ATM-3,25.675912,1006875,24550.0,24714.05,333.0,338.6,329.1,336.75,91050,1748849160
2025-06-02 12:57:00,CE,ATM-3,24.791022,970200,24550.0,24706.1,337.05,337.05,321.6,324.1,40800,1748849220
2025-06-02 12:58:00,CE,ATM-3,24.937547,970200,24550.0,24697.55,324.45,328.05,316.45,320.0,31200,1748849280
2025-06-02 12:59:00,CE,ATM-3,24.205453,970200,24550.0,24684.75,319.25,321.05,304.05,305.7,69375,1748849340
2025-06-02 13:00:00,CE,ATM-3,24.658147,970200,24550.0,24690.25,307.95,315.55,307.95,313.0,31575,1748849400
2025-06-02 13:01:00,CE,ATM-3,24.526192,962250,24550.0,24699.7,314.35,320.0,314.35,317.7,57825,1748849460
2025-06-02 13:02:00,CE,ATM-3,24.774718,962250,24550.0,24705.9,318.2,323.75,315.7,323.7,32250,1748849520
2025-06-02 13:03:00,CE,ATM-3,24.591903,962250,24550.0,24713.35,322.5,327.65,322.2,326.8,36525,1748849580
2025-06-02 13:04:00,CE,ATM-3,24.526502,966525,24550.0,24702.7,326.1,326.9,318.8,319.5,23250,1748849640
2025-06-02 13:05:00,CE,ATM-3,24.587026,966525,24550.0,24700.55,319.9,322.0,317.1,318.65,13575,1748849700
2025-06-02 13:06:00,CE,ATM-3,24.951549,966525,24550.0,24699.15,319.9,321.0,318.3,320.9,10050,1748849760
2025-06-02 13:07:00,CE,ATM-3,24.836184,973275,24550.0,24699.35,320.3,324.35,319.8,320.0,15225,1748849820
2025-06-02 13:08:00,CE,ATM-3,25.247917,973275,24550.0,24695.1,320.0,321.5,314.05,320.9,11925,1748849880
2025-06-02 13:09:00,CE,ATM-3,24.74466,973275,24550.0,24696.45,319.5,324.6,317.35,317.35,13350,1748849940
2025-06-02 13:10:00,CE,ATM-3,24.901574,973575,24550.0,24693.9,317.35,319.5,313.2,317.1,9525,1748850000
2025-06-02 13:11:00,CE,ATM-3,24.683825,973575,24550.0,24696.9,317.5,321.85,316.2,317.05,20250,1748850060
2025-06-02 13:12:00,CE,ATM-3,25.092797,973575,24550.0,24700.1,316.95,323.85,316.9,322.55,9000,1748850120
2025-06-02 13:13:00,CE,ATM-3,24.970703,969750,24550.0,24696.05,322.55,322.8,315.55,318.95,6375,1748850180
2025-06-02 13:14:00,CE,ATM-3,25.282693,969750,24550.0,24702.45,319.35,325.85,319.35,325.6,12375,1748850240
2025-06-02 13:15:00,CE,ATM-3,25.057709,969750,24550.0,24705.6,324.15,327.65,322.0,325.6,27000,1748850300
2025-06-02 13:16:00,CE,ATM-3,25.16646,971625,24550.0,24709.65,325.5,333.0,324.8,329.05,33525,1748850360
2025-06-02 13:17:00,CE,ATM-3,24.727777,971625,24550.0,24707.5,330.6,330.7,323.9,323.9,8550,1748850420
2025-06-02 13:18:00,CE,ATM-3,24.936319,971625,24550.0,24708.35,323.6,326.6,320.25,326.2,8025,1748850480
2025-06-02 13:19:00,CE,ATM-3,24.866121,965100,24550.0,24710.7,326.2,329.9,325.85,327.05,7950,1748850540
2025-06-02 13:20:00,CE,ATM-3,25.121995,965100,24550.0,24716.45,326.9,334.3,326.9,332.85,12525,1748850600
2025-06-02 13:21:00,CE,ATM-3,25.25374,965100,24550.0,24710.9,333.0,333.55,323.9,330.45,19275,1748850660
2025-06-02 13:22:00,CE,ATM-3,25.233861,960450,24550.0,24715.1,330.4,335.1,328.75,332.9,10875,1748850720
2025-06-02 13:23:00,CE,ATM-3,25.528087,960450,24550.0,24716.85,332.25,338.1,332.25,336.5,23175,1748850780
2025-06-02 13:24:00,CE,ATM-3,25.112889,960450,24550.0,24718.4,335.2,336.95,333.4,333.9,8100,1748850840
2025-06-02 13:25:00,CE,ATM-3,24.874933,954075,24550.0,24717.55,332.7,336.45,330.75,331.3,11325,1748850900
2025-06-02 13:26:00,CE,ATM-3,24.51962,954075,24550.0,24715.6,330.9,333.6,327.0,327.0,10275,1748850960
2025-06-02 13:27:00,CE,ATM-3,24.818368,954075,24550.0,24713.35,328.0,330.45,323.9,328.1,8100,1748851020
2025-06-02 13:28:00,CE,ATM-3,24.494706,954825,24550.0,24709.55,328.1,328.65,322.9,322.9,5025,1748851080
2025-06-02 13:29:00,CE,ATM-3,24.241497,954825,24550.0,24706.85,322.1,326.6,318.15,319.0,12000,1748851140
2025-06-02 13:30:00,CE,ATM-3,24.614306,954825,24550.0,24710.15,319.0,324.45,318.0,324.25,7725,1748851200
2025-06-02 13:31:00,CE,ATM-3,24.672574,954600,24550.0,24715.8,324.25,329.2,324.25,328.3,9600,1748851260
2025-06-02 13:32:00,CE,ATM-3,24.343724,954600,24550.0,24710.1,327.95,327.95,319.7,321.85,10200,1748851320
2025-06-02 13:33:00,CE,ATM-3,24.50126,954600,24550.0,24703.0,321.85,321.85,313.95,318.7,14175,1748851380
2025-06-02 13:34:00,CE,ATM-3,24.128335,955200,24550.0,24699.3,319.6,319.6,312.25,313.15,10050,1748851440
2025-06-02 13:35:00,CE,ATM-3,24.584859,955200,24550.0,24701.3,312.85,318.85,312.85,318.3,12000,1748851500
2025-06-02 13:36:00,CE,ATM-3,24.585855,955200,24550.0,24718.35,318.7,329.9,318.7,329.05,21375,1748851560
2025-06-02 13:37:00,CE,ATM-3,24.75286,957300,24550.0,24721.65,329.05,336.25,328.9,332.55,29700,1748851620
2025-06-02 13:38:00,CE,ATM-3,25.042667,957300,24550.0,24724.8,332.85,343.1,332.55,337.0,44250,1748851680
2025-06-02 13:39:00,CE,ATM-3,25.339957,957300,24550.0,24723.7,337.7,342.0,337.0,338.8,18000,1748851740
2025-06-02 13:40:00,CE,ATM-3,25.22359,2856075,24600.0,24729.4,310.0,311.45,307.85,310.65,120975,1748851800
2025-06-02 13:41:00,CE,ATM-3,24.939671,961875,24550.0,24721.6,341.4,342.2,333.95,334.0,23025,1748851860
2025-06-02 13:42:00,CE,ATM-3,25.179621,961875,24550.0,24718.35,334.45,334.85,329.5,333.95,11925,1748851920
2025-06-02 13:43:00,CE,ATM-3,25.129947,958725,24550.0,24723.85,335.0,339.2,334.75,337.0,11775,1748851980
2025-06-02 13:44:00,CE,ATM-3,25.465724,2837925,24600.0,24727.75,307.8,311.65,307.05,311.65,79200,1748852040
2025-06-02 13:45:00,CE,ATM-3,24.9474,2837925,24600.0,24726.35,310.85,313.95,305.05,306.25,102000,1748852100
2025-06-02 13:46:00,CE,ATM-3,24.78285,2860650,24600.0,24725.3,305.65,307.9,303.8,304.15,54150,1748852160
2025-06-02 13:47:00,CE,ATM-3,24.639957,960525,24550.0,24722.55,335.05,335.05,330.45,331.9,11400,1748852220
2025-06-02 13:48:00,CE,ATM-3,24.515945,960525,24550.0,24720.25,332.1,333.75,327.15,329.35,29475,1748852280
2025-06-02 13:49:00,CE,ATM-3,24.094697,964350,24550.0,24715.95,328.85,331.6,323.0,323.0,7500,1748852340
2025-06-02 13:50:00,CE,ATM-3,24.379595,964350,24550.0,24716.35,323.8,330.6,323.8,325.65,9900,1748852400
2025-06-02 13:51:00,CE,ATM-3,24.09688,964350,24550.0,24712.55,325.55,327.4,320.8,320.8,15900,1748852460
2025-06-02 13:52:00,CE,ATM-3,24.379342,964425,24550.0,24716.75,321.4,326.9,320.75,325.85,11850,1748852520
2025-06-02 13:53:00,CE,ATM-3,24.386287,964425,24550.0,24715.05,327.05,328.6,322.2,324.8,9300,1748852580
2025-06-02 13:54:00,CE,ATM-3,24.478358,964425,24550.0,24713.15,324.8,326.95,322.8,324.35,5325,1748852640
2025-06-02 13:55:00,CE,ATM-3,24.427719,966000,24550.0,24716.7,323.45,329.65,323.45,326.15,13425,1748852700
2025-06-02 13:56:00,CE,ATM-3,23.890164,966000,24550.0,24701.0,326.15,328.3,307.5,311.6,43875,1748852760
2025-06-02 13:57:00,CE,ATM-3,24.439658,966000,24550.0,24704.3,311.8,318.35,308.4,318.35,29025,1748852820
2025-06-02 13:58:00,CE,ATM-3,24.076609,966075,24550.0,24701.25,317.35,318.85,310.35,313.3,17025,1748852880
2025-06-02 13:59:00,CE,ATM-3,23.745317,966075,24550.0,24708.3,313.75,317.95,313.75,314.9,6375,1748852940
2025-06-02 14:00:00,CE,ATM-3,24.147028,966075,24550.0,24708.15,315.95,320.85,315.35,318.2,13050,1748853000
2025-06-02 14:01:00,CE,ATM-3,24.436719,962850,24550.0,24711.4,318.2,323.15,316.35,322.7,9225,1748853060
2025-06-02 14:02:00,CE,ATM-3,23.947568,962850,24550.0,24709.65,323.2,323.7,316.85,317.4,6225,1748853120
2025-06-02 14:03:00,CE,ATM-3,24.248831,962850,24550.0,24710.3,316.8,322.7,313.15,320.35,13725,1748853180
2025-06-02 14:04:00,CE,ATM-3,24.108874,958950,24550.0,24706.3,320.9,323.0,316.6,316.6,8250,1748853240
2025-06-02 14:05:00,CE,ATM-3,24.438115,958950,24550.0,24708.15,317.4,320.55,312.9,320.55,13050,1748853300
2025-06-02 14:06:00,CE,ATM-3,24.208494,958950,24550.0,24698.35,319.6,319.6,305.0,312.4,21225,1748853360
2025-06-02 14:07:00,CE,ATM-3,23.62351,954375,24550.0,24690.25,311.6,311.75,301.2,302.3,24150,1748853420
2025-06-02 14:08:00,CE,ATM-3,23.70913,954375,24550.0,24687.5,302.1,304.3,296.7,301.3,35250,1748853480
2025-06-02 14:09:00,CE,ATM-3,23.776466,954375,24550.0,24686.85,300.8,302.65,299.0,301.45,13050,1748853540
2025-06-02 14:10:00,CE,ATM-3,24.195959,953775,24550.0,24684.2,301.55,303.4,298.1,303.4,17700,1748853600
2025-06-02 14:11:00,CE,ATM-3,24.165111,953775,24550.0,24691.3,303.15,308.0,300.7,307.5,18600,1748853660
2025-06-02 14:12:00,CE,ATM-3,23.735031,953775,24550.0,24689.0,307.4,307.4,300.5,302.35,24975,1748853720
2025-06-02 14:13:00,CE,ATM-3,24.061731,959550,24550.0,24692.25,302.4,307.15,302.35,307.15,11325,1748853780
2025-06-02 14:14:00,CE,ATM-3,23.94925,959550,24550.0,24693.6,307.35,309.75,305.75,307.0,18900,1748853840
2025-06-02 14:15:00,CE,ATM-3,24.151754,959550,24550.0,24687.3,307.0,308.4,301.3,304.8,11325,1748853900
2025-06-02 14:16:00,CE,ATM-3,24.32174,956700,24550.0,24690.15,304.8,308.25,303.95,308.0,10050,1748853960
2025-06-02 14:17:00,CE,ATM-3,24.411753,956700,24550.0,24688.7,307.05,308.0,303.5,307.85,7275,1748854020
2025-06-02 14:18:00,CE,ATM-3,24.273822,956700,24550.0,24690.9,308.9,312.4,308.0,308.0,14025,1748854080
2025-06-02 14:19:00,CE,ATM-3,24.289497,954900,24550.0,24687.9,306.6,307.75,303.35,306.25,12975,1748854140
2025-06-02 14:20:00,CE,ATM-3,24.135247,954900,24550.0,24686.45,306.25,307.6,304.0,304.0,9300,1748854200
2025-06-02 14:21:00,CE,ATM-3,24.465499,954900,24550.0,24689.5,303.95,308.7,301.9,308.7,11625,1748854260
2025-06-02 14:22:00,CE,ATM-3,24.375826,952500,24550.0,24688.85,308.1,309.0,303.75,307.5,11400,1748854320
2025-06-02 14:23:00,CE,ATM-3,24.06175,952500,24550.0,24684.85,307.5,307.5,300.4,302.3,6075,1748854380
2025-06-02 14:24:00,CE,ATM-3,24.347571,952500,24550.0,24682.6,301.55,304.2,300.0,303.35,10575,1748854440
2025-06-02 14:25:00,CE,ATM-3,24.516758,946500,24550.0,24695.65,302.45,313.65,302.45,312.85,29700,1748854500
2025-06-02 14:26:00,CE,ATM-3,24.310545,946500,24550.0,24699.0,312.7,318.4,312.5,313.15,39000,1748854560
2025-06-02 14:27:00,CE,ATM-3,24.678497,946500,24550.0,24704.0,313.25,321.6,313.25,319.4,30150,1748854620
2025-06-02 14:28:00,CE,ATM-3,24.883461,949875,24550.0,24705.0,319.9,323.3,317.1,321.75,21075,1748854680
2025-06-02 14:29:00,CE,ATM-3,24.960846,949875,24550.0,24700.15,320.25,321.65,317.9,319.35,11100,1748854740
2025-06-02 14:30:00,CE,ATM-3,24.406408,949875,24550.0,24698.1,318.85,322.95,313.3,313.3,39975,1748854800
2025-06-02 14:31:00,CE,ATM-3,23.799612,954600,24550.0,24686.65,312.55,312.75,300.45,300.95,32250,1748854860
2025-06-02 14:32:00,CE,ATM-3,23.387243,1874775,24500.0,24672.1,325.9,328.55,315.65,319.45,131025,1748854920
2025-06-02 14:33:00,CE,ATM-3,23.064358,1874775,24500.0,24659.1,321.45,321.45,307.55,308.35,76275,1748854980
2025-06-02 14:34:00,CE,ATM-3,23.100915,1862100,24500.0,24664.35,309.55,315.4,309.55,312.0,53775,1748855040
2025-06-02 14:35:00,CE,ATM-3,23.425711,1862100,24500.0,24659.5,313.25,313.95,309.25,311.6,37050,1748855100
2025-06-02 14:36:00,CE,ATM-3,23.533174,1862100,24500.0,24666.25,312.9,317.3,310.3,316.8,42450,1748855160
2025-06-02 14:37:00,CE,ATM-3,23.219578,1869000,24500.0,24668.2,317.7,317.7,313.6,315.4,31650,1748855220
2025-06-02 14:38:00,CE,ATM-3,23.285334,1869000,24500.0,24655.75,315.0,315.95,303.5,307.95,77550,1748855280
2025-06-02 14:39:00,CE,ATM-3,23.269491,1869000,24500.0,24663.9,308.35,316.25,307.5,313.0,35775,1748855340
2025-06-02 14:40:00,CE,ATM-3,23.538957,1874175,24500.0,24666.1,313.05,318.0,312.55,316.65,26625,1748855400
2025-06-02 14:41:00,CE,ATM-3,23.639718,1874175,24500.0,24661.85,316.3,316.6,312.2,314.75,25275,1748855460
2025-06-02 14:42:00,CE,ATM-3,23.242827,1874175,24500.0,24664.6,314.5,319.25,313.15,313.15,27600,1748855520
2025-06-02 14:43:00,CE,ATM-3,23.897728,1873275,24500.0,24664.4,313.95,319.0,312.35,318.5,19800,1748855580
2025-06-02 14:44:00,CE,ATM-3,23.762697,1873275,24500.0,24667.15,318.2,321.0,314.3,319.1,30225,1748855640
2025-06-02 14:45:00,CE,ATM-3,24.105945,1873275,24500.0,24660.55,318.25,318.9,311.45,317.75,37125,1748855700
2025-06-02 14:46:00,CE,ATM-3,24.050858,1876200,24500.0,24670.55,318.15,323.65,317.15,323.65,61575,1748855760
2025-06-02 14:47:00,CE,ATM-3,23.696375,1876200,24500.0,24670.7,323.15,323.15,315.6,320.75,33375,1748855820
2025-06-02 14:48:00,CE,ATM-3,23.268546,1876200,24500.0,24665.9,320.6,321.75,313.0,314.05,37200,1748855880
2025-06-02 14:49:00,CE,ATM-3,23.635056,1884675,24500.0,24670.8,314.35,321.75,314.35,320.25,32925,1748855940
2025-06-02 14:50:00,CE,ATM-3,23.434486,1884675,24500.0,24672.35,319.8,322.0,317.75,319.55,47175,1748856000
2025-06-02 14:51:00,CE,ATM-3,23.409947,1884675,24500.0,24673.4,319.55,324.1,317.6,320.0,51000,1748856060
2025-06-02 14:52:00,CE,ATM-3,23.627526,940725,24550.0,24679.65,289.35,294.6,289.2,294.6,25950,1748856120
2025-06-02 14:53:00,CE,ATM-3,23.726437,940725,24550.0,24683.1,293.55,298.9,293.55,297.55,43800,1748856180
2025-06-02 14:54:00,CE,ATM-3,23.721011,940725,24550.0,24685.4,295.8,300.4,295.8,298.9,51900,1748856240
2025-06-02 14:55:00,CE,ATM-3,24.188584,921975,24550.0,24686.0,299.4,303.8,298.35,303.25,29325,1748856300
2025-06-02 14:56:00,CE,ATM-3,24.71733,921975,24550.0,24698.25,302.6,315.35,301.05,315.35,47175,1748856360
2025-06-02 14:57:00,CE,ATM-3,24.524797,921975,24550.0,24692.5,315.3,315.6,308.2,310.1,47250,1748856420
2025-06-02 14:58:00,CE,ATM-3,24.852884,913425,24550.0,24712.1,310.1,326.55,310.1,325.15,33825,1748856480
2025-06-02 14:59:00,CE,ATM-3,24.887232,913425,24550.0,24713.5,327.0,330.8,323.1,326.3,81900,1748856540
2025-06-02 15:00:00,CE,ATM-3,24.997877,2742525,24600.0,24743.75,298.0,315.3,298.0,315.3,394050,1748856600
2025-06-02 15:01:00,CE,ATM-3,25.058671,2664000,24600.0,24753.0,315.7,323.8,314.65,321.55,339900,1748856660
2025-06-02 15:02:00,CE,ATM-3,24.094574,2664000,24600.0,24734.7,322.65,322.65,301.9,301.9,287025,1748856720
2025-06-02 15:03:00,CE,ATM-3,24.513187,2664000,24600.0,24739.45,301.7,309.6,301.7,308.4,174975,1748856780
2025-06-02 15:04:00,CE,ATM-3,24.557031,2601450,24600.0,24738.4,308.3,310.4,302.45,308.1,125625,1748856840
2025-06-02 15:05:00,CE,ATM-3,24.446368,2601450,24600.0,24738.2,309.1,315.35,306.0,307.0,181650,1748856900
2025-06-02 15:06:00,CE,ATM-3,24.471788,2601450,24600.0,24737.0,306.5,310.7,304.15,306.45,102225,1748856960
2025-06-02 15:07:00,CE,ATM-3,24.284911,2549700,24600.0,24734.05,308.05,308.05,302.4,303.0,65550,1748857020
2025-06-02 15:08:00,CE,ATM-3,24.278645,2549700,24600.0,24732.8,301.55,305.9,300.0,302.15,107550,1748857080
2025-06-02 15:09:00,CE,ATM-3,24.000584,2549700,24600.0,24734.85,301.25,301.25,296.1,301.0,75900,1748857140
2025-06-02 15:10:00,CE,ATM-3,24.150664,2514525,24600.0,24735.4,301.0,303.75,300.8,302.6,114000,1748857200
2025-06-02 15:11:00,CE,ATM-3,24.300501,2514525,24600.0,24744.5,302.65,311.1,302.65,309.5,124425,1748857260
2025-06-02 15:12:00,CE,ATM-3,24.241004,2514525,24600.0,24739.65,308.8,309.0,305.75,305.95,66150,1748857320
2025-06-02 15:13:00,CE,ATM-3,23.762505,2475975,24600.0,24730.55,305.3,305.95,288.85,296.2,193575,1748857380
2025-06-02 15:14:00,CE,ATM-3,23.344525,810375,24550.0,24723.95,327.4,327.8,319.65,319.65,30150,1748857440
2025-06-02 15:15:00,CE,ATM-3,22.782937,810375,24550.0,24716.55,318.85,322.8,310.15,310.15,58950,1748857500
2025-06-02 15:16:00,CE,ATM-3,23.090108,791625,24550.0,24712.45,311.7,316.85,309.45,310.05,21975,1748857560
2025-06-02 15:17:00,CE,ATM-3,23.401081,791625,24550.0,24717.15,310.35,318.25,310.3,315.65,25125,1748857620
2025-06-02 15:18:00,CE,ATM-3,23.349582,791625,24550.0,24716.15,316.1,318.3,312.9,314.55,22125,1748857680
2025-06-02 15:19:00,CE,ATM-3,23.620136,786075,24550.0,24716.4,314.85,316.95,312.7,316.95,14400,1748857740
2025-06-02 15:20:00,CE,ATM-3,23.662515,786075,24550.0,24717.6,316.65,318.7,315.5,318.05,54300,1748857800
2025-06-02 15:21:00,CE,ATM-3,23.365339,786075,24550.0,24719.4,318.0,318.9,316.7,316.7,32700,1748857860
2025-06-02 15:22:00,CE,ATM-3,23.119349,748725,24550.0,24712.85,316.55,317.05,309.95,310.4,31425,1748857920
2025-06-02 15:23:00,CE,ATM-3,23.417051,748725,24550.0,24706.95,310.25,310.3,303.8,309.1,27150,1748857980
2025-06-02 15:24:00,CE,ATM-3,23.652664,748725,24550.0,24696.25,308.6,309.2,302.3,304.3,31275,1748858040
2025-06-02 15:25:00,CE,ATM-3,24.407014,739050,24550.0,24679.55,305.35,308.65,299.35,300.35,60375,1748858100
2025-06-02 15:26:00,CE,ATM-3,25.380117,1496475,24500.0,24674.1,333.85,336.55,333.65,336.0,50100,1748858160
2025-06-02 15:27:00,CE,ATM-3,25.121988,739050,24550.0,24677.2,303.85,305.0,300.95,305.0,29325,1748858220
2025-06-02 15:28:00,CE,ATM-3,24.086445,731400,24550.0,24693.25,305.95,307.3,304.65,306.0,15000,1748858280
2025-06-02 15:29:00,CE,ATM-3,24.440378,731400,24550.0,24690.7,306.15,307.75,304.05,307.4,31500,1748858340
2025-06-03 09:15:00,CE,ATM-3,26.605481,1081275,24650.0,24802.9,275.35,321.9,271.8,301.35,256275,1748922300
2025-06-03 09:16:00,CE,ATM-3,29.274007,2148525,24600.0,24733.95,335.2,335.2,297.65,308.95,278925,1748922360
2025-06-03 09:17:00,CE,ATM-3,29.548508,2148525,24600.0,24725.4,306.9,306.9,288.05,305.8,200250,1748922420
2025-06-03 09:18:00,CE,ATM-3,28.65886,661275,24550.0,24680.7,331.8,331.8,301.85,301.85,42900,1748922480
2025-06-03 09:19:00,CE,ATM-3,29.049222,661275,24550.0,24694.8,300.65,321.45,294.7,313.35,60150,1748922540
2025-06-03 09:20:00,CE,ATM-3,28.16352,661275,24550.0,24682.85,305.1,310.4,293.0,299.4,41175,1748922600
2025-06-03 09:21:00,CE,ATM-3,27.710968,1414875,24500.0,24658.7,326.4,329.1,311.65,311.65,103575,1748922660
2025-06-03 09:22:00,CE,ATM-3,27.542613,1414875,24500.0,24661.25,308.7,322.75,307.3,312.0,99525,1748922720
2025-06-03 09:23:00,CE,ATM-3,27.434765,1414875,24500.0,24669.05,309.0,316.15,304.0,316.15,90000,1748922780
2025-06-03 09:24:00,CE,ATM-3,27.021899,1459200,24500.0,24668.7,315.35,328.0,312.9,312.9,101700,1748922840
2025-06-03 09:25:00,CE,ATM-3,27.172856,1459200,24500.0,24668.45,312.55,330.4,310.7,313.8,85875,1748922900
2025-06-03 09:26:00,CE,ATM-3,27.008213,1459200,24500.0,24653.4,313.85,319.05,303.0,303.0,90150,1748922960
2025-06-03 09:27:00,CE,ATM-3,27.760001,1509000,24500.0,24669.95,311.8,320.05,308.7,318.95,86550,1748923020
2025-06-03 09:28:00,CE,ATM-3,28.492623,1509000,24500.0,24668.0,319.5,327.3,317.25,323.0,90450,1748923080
2025-06-03 09:29:00,CE,ATM-3,27.801617,1509000,24500.0,24649.0,325.95,329.2,305.95,305.95,82725,1748923140
2025-06-03 09:30:00,CE,ATM-3,28.63982,107325,24450.0,24617.75,335.3,335.3,310.0,323.4,36450,1748923200
2025-06-03 09:31:00,CE,ATM-3,28.927701,1550700,24500.0,24635.0,294.05,306.1,289.3,305.55,137400,1748923260
2025-06-03 09:32:00,CE,ATM-3,28.76105,1550700,24500.0,24628.3,303.75,303.75,294.35,300.2,83700,1748923320
2025-06-03 09:33:00,CE,ATM-3,28.618354,1632450,24500.0,24632.65,297.9,308.3,293.05,301.75,92850,1748923380
2025-06-03 09:34:00,CE,ATM-3,28.724627,1632450,24500.0,24627.05,299.95,302.7,296.7,299.1,60225,1748923440
2025-06-03 09:35:00,CE,ATM-3,28.99235,1632450,24500.0,24639.6,299.0,309.85,295.0,308.7,84600,1748923500
2025-06-03 09:36:00,CE,ATM-3,28.363789,1655775,24500.0,24652.55,308.7,317.15,305.8,312.05,123300,1748923560
2025-06-03 09:37:00,CE,ATM-3,28.880179,1655775,24500.0,24664.35,312.85,326.6,312.8,323.2,93150,1748923620
2025-06-03 09:38:00,CE,ATM-3,30.263387,802875,24550.0,24677.15,293.9,318.15,291.45,310.95,104475,1748923680
2025-06-03 09:39:00,CE,ATM-3,29.953983,1595625,24500.0,24674.15,333.45,341.55,323.65,337.15,86550,1748923740
2025-06-03 09:40:00,CE,ATM-3,30.544217,1595625,24500.0,24671.9,338.7,342.15,330.05,340.0,74775,1748923800
2025-06-03 09:41:00,CE,ATM-3,29.661025,1595625,24500.0,24660.5,338.75,340.0,323.8,326.35,47700,1748923860
2025-06-03 09:42:00,CE,ATM-3,29.628676,1611150,24500.0,24651.7,327.3,331.15,312.7,320.6,81300,1748923920
2025-06-03 09:43:00,CE,ATM-3,29.21159,1611150,24500.0,24646.7,319.45,322.0,309.7,314.4,55800,1748923980
2025-06-03 09:44:00,CE,ATM-3,28.004477,1611150,24500.0,24646.8,319.45,321.85,305.55,305.55,63975,1748924040
2025-06-03 09:45:00,CE,ATM-3,28.01576,1637100,24500.0,24644.55,303.85,314.3,299.35,304.2,84225,1748924100
2025-06-03 09:46:00,CE,ATM-3,28.602183,1637100,24500.0,24643.05,303.35,307.55,298.5,307.55,76650,1748924160
2025-06-03 09:47:00,CE,ATM-3,27.564307,1637100,24500.0,24648.85,306.35,309.5,300.15,303.5,54075,1748924220
2025-06-03 09:48:00,CE,ATM-3,28.454569,1671675,24500.0,24652.8,304.8,312.45,297.25,312.45,59325,1748924280
2025-06-03 09:49:00,CE,ATM-3,28.000312,1671675,24500.0,24660.6,312.9,314.0,305.95,314.0,73050,1748924340
2025-06-03 09:50:00,CE,ATM-3,27.686429,1671675,24500.0,24661.1,314.3,316.7,306.55,312.0,69750,1748924400
2025-06-03 09:51:00,CE,ATM-3,28.228481,771975,24550.0,24679.75,286.85,300.6,286.85,296.9,86850,1748924460
2025-06-03 09:52:00,CE,ATM-3,28.649475,771975,24550.0,24680.1,295.35,304.55,292.0,300.2,52800,1748924520
2025-06-03 09:53:00,CE,ATM-3,28.100225,1669950,24500.0,24671.4,331.0,331.0,320.45,321.45,33300,1748924580
2025-06-03 09:54:00,CE,ATM-3,28.181075,1644525,24500.0,24647.85,321.7,322.55,304.9,307.15,56775,1748924640
2025-06-03 09:55:00,CE,ATM-3,28.524585,1644525,24500.0,24660.35,310.0,319.1,306.85,317.45,40350,1748924700
2025-06-03 09:56:00,CE,ATM-3,27.88434,1644525,24500.0,24650.0,318.5,319.2,305.25,306.25,38100,1748924760
2025-06-03 09:57:00,CE,ATM-3,27.963756,1650150,24500.0,24631.65,307.0,307.0,289.85,295.45,145275,1748924820
2025-06-03 09:58:00,CE,ATM-3,28.099168,1650150,24500.0,24639.2,296.05,302.7,294.7,301.05,86100,1748924880
2025-06-03 09:59:00,CE,ATM-3,28.158334,1650150,24500.0,24630.15,301.0,304.25,295.55,295.9,47925,1748924940
2025-06-03 10:00:00,CE,ATM-3,28.359686,1707225,24500.0,24632.85,294.95,300.0,289.5,299.0,93975,1748925000
2025-06-03 10:01:00,CE,ATM-3,28.533621,1707225,24500.0,24627.35,299.5,300.9,290.45,296.9,78900,1748925060
2025-06-03 10:02:00,CE,ATM-3,28.406919,1707225,24500.0,24632.15,297.2,298.85,292.65,298.85,37350,1748925120
2025-06-03 10:03:00,CE,ATM-3,28.536496,1773975,24500.0,24631.05,299.35,303.15,293.5,299.1,54000,1748925180
2025-06-03 10:04:00,CE,ATM-3,28.408775,1773975,24500.0,24639.5,299.45,304.45,297.6,303.3,47250,1748925240
2025-06-03 10:05:00,CE,ATM-3,28.92414,1773975,24500.0,24641.85,302.95,308.5,302.15,308.5,63375,1748925300
2025-06-03 10:06:00,CE,ATM-3,28.56317,1767975,24500.0,24648.05,309.0,311.85,305.3,309.65,39975,1748925360
2025-06-03 10:07:00,CE,ATM-3,28.681434,1767975,24500.0,24652.1,307.95,315.05,303.75,313.0,74925,1748925420
2025-06-03 10:08:00,CE,ATM-3,28.891218,1767975,24500.0,24655.15,312.5,317.55,307.35,316.4,65250,1748925480
2025-06-03 10:09:00,CE,ATM-3,28.870729,1743900,24500.0,24649.75,317.7,317.7,311.0,312.85,40350,1748925540
2025-06-03 10:10:00,CE,ATM-3,28.331253,1743900,24500.0,24652.2,311.05,316.2,305.15,310.4,72600,1748925600
2025-06-03 10:11:00,CE,ATM-3,28.071851,1743900,24500.0,24659.4,310.95,317.05,310.95,313.0,32025,1748925660
2025-06-03 10:12:00,CE,ATM-3,27.9529,1753950,24500.0,24655.35,311.65,312.4,301.15,309.55,50475,1748925720
2025-06-03 10:13:00,CE,ATM-3,28.232713,1753950,24500.0,24659.8,307.5,314.35,304.9,314.35,25050,1748925780
2025-06-03 10:14:00,CE,ATM-3,27.781847,1753950,24500.0,24661.7,313.35,320.35,312.25,312.25,79050,1748925840
2025-06-03 10:15:00,CE,ATM-3,28.867245,1748550,24500.0,24661.25,313.95,319.8,308.55,319.8,36300,1748925900
2025-06-03 10:16:00,CE,ATM-3,28.385105,1748550,24500.0,24672.25,320.4,326.95,319.65,323.25,96975,1748925960
2025-06-03 10:17:00,CE,ATM-3,28.964725,1748550,24500.0,24671.0,325.75,329.05,319.35,326.6,69825,1748926020
2025-06-03 10:18:00,CE,ATM-3,28.410707,792750,24550.0,24685.25,295.25,303.45,295.25,300.65,46275,1748926080
2025-06-03 10:19:00,CE,ATM-3,29.203182,792750,24550.0,24705.5,302.6,318.95,299.15,318.95,58575,1748926140
2025-06-03 10:20:00,CE,ATM-3,28.690177,792750,24550.0,24723.9,322.75,338.4,322.75,326.8,158400,1748926200
2025-06-03 10:21:00,CE,ATM-3,29.270952,2816550,24600.0,24737.15,303.05,314.9,301.85,308.5,574200,1748926260
2025-06-03 10:22:00,CE,ATM-3,29.549587,2816550,24600.0,24750.7,310.0,325.65,310.0,318.85,476850,1748926320
2025-06-03 10:23:00,CE,ATM-3,29.554088,2816550,24600.0,24734.0,322.05,322.55,303.75,308.6,274125,1748926380
2025-06-03 10:24:00,CE,ATM-3,29.62313,2614350,24600.0,24746.95,307.85,319.7,307.85,317.0,140625,1748926440
2025-06-03 10:25:00,CE,ATM-3,29.930097,2614350,24600.0,24740.8,318.45,327.65,312.95,315.45,234450,1748926500
2025-06-03 10:26:00,CE,ATM-3,30.26475,2614350,24600.0,24743.2,315.25,321.3,314.25,319.35,83700,1748926560
2025-06-03 10:27:00,CE,ATM-3,29.814942,2550300,24600.0,24730.4,321.0,323.15,307.6,308.2,115050,1748926620
2025-06-03 10:28:00,CE,ATM-3,29.489791,2550300,24600.0,24727.5,309.85,313.1,300.4,304.0,162675,1748926680
2025-06-03 10:29:00,CE,ATM-3,29.110114,648225,24550.0,24719.95,333.6,335.8,323.8,327.0,15000,1748926740
2025-06-03 10:30:00,CE,ATM-3,29.04147,2505150,24600.0,24730.05,294.65,303.4,287.9,302.15,185625,1748926800
2025-06-03 10:31:00,CE,ATM-3,28.534967,2505150,24600.0,24738.6,300.6,305.2,294.4,303.6,146850,1748926860
2025-06-03 10:32:00,CE,ATM-3,28.986643,2505150,24600.0,24742.85,304.5,311.3,302.25,309.5,172275,1748926920
2025-06-03 10:33:00,CE,ATM-3,28.706789,2442075,24600.0,24738.45,309.3,312.0,304.7,304.7,101550,1748926980
2025-06-03 10:34:00,CE,ATM-3,28.534614,2442075,24600.0,24733.15,305.85,307.85,296.85,300.15,68775,1748927040
2025-06-03 10:35:00,CE,ATM-3,27.838698,639900,24550.0,24712.15,332.0,332.4,312.65,312.65,29325,1748927100
2025-06-03 10:36:00,CE,ATM-3,28.141709,637275,24550.0,24708.5,313.85,315.4,307.05,312.5,20850,1748927160
2025-06-03 10:37:00,CE,ATM-3,27.502441,637275,24550.0,24699.15,312.5,315.55,296.35,301.95,30675,1748927220
2025-06-03 10:38:00,CE,ATM-3,27.660032,637275,24550.0,24679.25,303.55,303.55,289.6,290.75,25650,1748927280
2025-06-03 10:39:00,CE,ATM-3,27.438,1566600,24500.0,24647.65,311.0,311.0,290.8,300.05,208575,1748927340
2025-06-03 10:40:00,CE,ATM-3,27.335593,1566600,24500.0,24640.8,297.2,300.3,276.5,295.0,233400,1748927400
2025-06-03 10:41:00,CE,ATM-3,27.24684,1566600,24500.0,24645.1,296.45,301.75,294.4,297.0,107550,1748927460
2025-06-03 10:42:00,CE,ATM-3,27.621135,1657950,24500.0,24628.85,295.0,298.2,288.5,289.65,100200,1748927520
2025-06-03 10:43:00,CE,ATM-3,28.339089,1657950,24500.0,24627.65,285.0,294.7,285.0,294.15,100050,1748927580
2025-06-03 10:44:00,CE,ATM-3,27.873521,1657950,24500.0,24642.85,293.8,304.1,293.8,300.05,102600,1748927640
2025-06-03 10:45:00,CE,ATM-3,28.396204,1707600,24500.0,24652.3,300.5,313.35,297.55,309.7,93525,1748927700
2025-06-03 10:46:00,CE,ATM-3,28.432732,1707600,24500.0,24644.3,308.4,313.4,302.4,304.95,71325,1748927760
2025-06-03 10:47:00,CE,ATM-3,28.350699,1707600,24500.0,24653.1,305.7,309.8,301.2,309.8,35775,1748927820
2025-06-03 10:48:00,CE,ATM-3,28.340687,1702575,24500.0,24654.15,310.5,311.75,303.55,310.35,31425,1748927880
2025-06-03 10:49:00,CE,ATM-3,28.012857,1702575,24500.0,24660.9,310.45,314.6,307.0,312.2,58200,1748927940
2025-06-03 10:50:00,CE,ATM-3,28.20602,1702575,24500.0,24657.8,311.3,312.9,307.05,311.6,32400,1748928000
2025-06-03 10:51:00,CE,ATM-3,27.86331,1713000,24500.0,24654.4,310.45,313.55,302.85,306.95,39000,1748928060
2025-06-03 10:52:00,CE,ATM-3,27.758679,1713000,24500.0,24658.9,309.4,314.0,308.85,309.0,41775,1748928120
2025-06-03 10:53:00,CE,ATM-3,27.805215,1713000,24500.0,24650.8,309.0,309.0,302.35,304.2,39300,1748928180
2025-06-03 10:54:00,CE,ATM-3,28.055884,1724775,24500.0,24656.25,305.35,311.0,302.5,309.4,27375,1748928240
2025-06-03 10:55:00,CE,ATM-3,28.265957,1724775,24500.0,24658.9,309.0,312.8,305.6,312.55,21900,1748928300
2025-06-03 10:56:00,CE,ATM-3,27.876286,1724775,24500.0,24658.65,313.05,313.55,307.0,309.55,14625,1748928360
2025-06-03 10:57:00,CE,ATM-3,27.772036,1721775,24500.0,24660.6,309.05,315.6,307.15,310.0,30225,1748928420
2025-06-03 10:58:00,CE,ATM-3,27.563018,1721775,24500.0,24643.4,307.8,310.0,293.2,297.65,89100,1748928480
2025-06-03 10:59:00,CE,ATM-3,27.187609,1721775,24500.0,24637.7,294.35,297.6,287.55,291.35,79650,1748928540
2025-06-03 11:00:00,CE,ATM-3,27.124836,1739700,24500.0,24633.4,292.15,299.9,285.3,288.2,60750,1748928600
2025-06-03 11:01:00,CE,ATM-3,27.080111,1739700,24500.0,24635.6,288.4,292.0,286.65,289.2,33750,1748928660
2025-06-03 11:02:00,CE,ATM-3,27.584105,1739700,24500.0,24635.55,289.25,292.8,287.95,292.8,28725,1748928720
2025-06-03 11:03:00,CE,ATM-3,27.68044,1768350,24500.0,24639.65,293.0,296.0,289.9,296.0,34650,1748928780
2025-06-03 11:04:00,CE,ATM-3,27.275878,1768350,24500.0,24639.2,297.3,299.15,290.0,292.75,41550,1748928840
2025-06-03 11:05:00,CE,ATM-3,27.502976,1768350,24500.0,24634.0,292.6,296.3,289.75,291.15,29475,1748928900
2025-06-03 11:06:00,CE,ATM-3,27.784186,125250,24450.0,24623.2,323.25,323.25,313.65,317.4,12525,1748928960
2025-06-03 11:07:00,CE,ATM-3,27.841559,1797150,24500.0,24629.85,286.0,292.7,284.0,291.0,41025,1748929020
2025-06-03 11:08:00,CE,ATM-3,27.96613,1797150,24500.0,24632.75,290.9,296.0,290.15,293.65,35475,1748929080
2025-06-03 11:09:00,CE,ATM-3,27.802678,1806525,24500.0,24626.5,293.45,296.7,288.0,288.6,30525,1748929140
2025-06-03 11:10:00,CE,ATM-3,28.017907,1806525,24500.0,24635.1,288.3,297.65,288.3,295.4,29025,1748929200
2025-06-03 11:11:00,CE,ATM-3,27.569311,1806525,24500.0,24644.45,294.75,298.2,292.4,297.9,45975,1748929260
2025-06-03 11:12:00,CE,ATM-3,27.339,1812675,24500.0,24639.55,298.15,298.5,293.15,293.15,30450,1748929320
2025-06-03 11:13:00,CE,ATM-3,27.390095,127350,24450.0,24615.0,323.35,323.35,302.6,309.1,18375,1748929380
2025-06-03 11:14:00,CE,ATM-3,27.337096,127350,24450.0,24590.2,309.35,309.35,292.15,293.05,17850,1748929440
2025-06-03 11:15:00,CE,ATM-3,27.598932,138075,24450.0,24596.85,291.25,301.15,281.3,299.05,34275,1748929500
2025-06-03 11:16:00,CE,ATM-3,27.798677,138075,24450.0,24602.35,298.5,304.15,297.4,303.9,9600,1748929560
2025-06-03 11:17:00,CE,ATM-3,27.385948,138075,24450.0,24604.8,303.4,306.85,301.0,302.45,7800,1748929620
2025-06-03 11:18:00,CE,ATM-3,27.670365,141075,24450.0,24603.05,301.0,306.85,299.95,303.35,10650,1748929680
2025-06-03 11:19:00,CE,ATM-3,27.725879,141075,24450.0,24607.15,304.3,307.45,301.7,306.3,2175,1748929740
2025-06-03 11:20:00,CE,ATM-3,27.185118,141075,24450.0,24611.55,304.6,307.65,304.6,305.2,7650,1748929800
2025-06-03 11:21:00,CE,ATM-3,27.429411,147450,24450.0,24592.65,304.5,304.5,294.0,295.0,12000,1748929860
2025-06-03 11:22:00,CE,ATM-3,27.367554,147450,24450.0,24593.5,295.0,299.0,292.75,295.05,4425,1748929920
2025-06-03 11:23:00,CE,ATM-3,27.462251,147450,24450.0,24587.55,295.65,298.55,291.5,292.0,5850,1748929980
2025-06-03 11:24:00,CE,ATM-3,27.461492,151350,24450.0,24595.65,292.5,297.95,292.5,297.0,2850,1748930040
2025-06-03 11:25:00,CE,ATM-3,27.627731,151350,24450.0,24591.7,297.0,298.7,290.0,295.7,14550,1748930100
2025-06-03 11:26:00,CE,ATM-3,27.635799,151350,24450.0,24606.1,295.7,304.75,293.55,304.75,14550,1748930160
2025-06-03 11:27:00,CE,ATM-3,27.589623,150225,24450.0,24608.65,304.15,306.0,303.85,306.0,6300,1748930220
2025-06-03 11:28:00,CE,ATM-3,27.582108,150225,24450.0,24616.95,307.0,313.05,306.0,311.2,8775,1748930280
2025-06-03 11:29:00,CE,ATM-3,27.514325,150225,24450.0,24618.3,311.8,314.0,308.65,311.55,6975,1748930340
2025-06-03 11:30:00,CE,ATM-3,28.107682,2046375,24500.0,24633.4,280.95,294.9,277.0,294.3,160275,1748930400
2025-06-03 11:31:00,CE,ATM-3,28.492088,2046375,24500.0,24629.05,294.05,297.0,292.35,294.4,103050,1748930460
2025-06-03 11:32:00,CE,ATM-3,28.50543,139725,24450.0,24624.35,326.1,326.1,318.65,322.35,15075,1748930520
2025-06-03 11:33:00,CE,ATM-3,28.485541,1999275,24500.0,24650.4,291.9,307.45,290.15,307.45,120600,1748930580
2025-06-03 11:34:00,CE,ATM-3,28.970731,1999275,24500.0,24653.75,311.9,318.25,308.35,313.0,192375,1748930640
2025-06-03 11:35:00,CE,ATM-3,28.057147,1999275,24500.0,24643.35,313.2,313.2,299.9,299.9,69450,1748930700
2025-06-03 11:36:00,CE,ATM-3,28.273761,1930425,24500.0,24636.1,298.6,302.3,295.35,296.95,51525,1748930760
2025-06-03 11:37:00,CE,ATM-3,28.212856,1930425,24500.0,24628.8,297.85,297.85,287.95,292.0,74475,1748930820
2025-06-03 11:38:00,CE,ATM-3,27.428192,128025,24450.0,24619.65,322.0,323.65,311.5,311.5,5325,1748930880
2025-06-03 11:39:00,CE,ATM-3,27.591604,132600,24450.0,24607.15,312.75,314.75,296.8,304.65,13050,1748930940
2025-06-03 11:40:00,CE,ATM-3,27.06382,132600,24450.0,24596.45,301.75,302.6,294.0,294.1,9000,1748931000
2025-06-03 11:41:00,CE,ATM-3,27.419308,132600,24450.0,24601.05,296.3,303.0,296.3,299.5,11175,1748931060
2025-06-03 11:42:00,CE,ATM-3,27.711259,143775,24450.0,24579.45,299.5,300.75,285.0,288.15,14475,1748931120
2025-06-03 11:43:00,CE,ATM-3,27.603626,143775,24450.0,24586.7,289.75,291.8,287.0,291.8,12000,1748931180
2025-06-03 11:44:00,CE,ATM-3,27.296237,143775,24450.0,24594.25,292.3,299.1,291.0,294.25,19125,1748931240
2025-06-03 11:45:00,CE,ATM-3,27.740574,150525,24450.0,24589.5,295.35,300.0,294.0,294.45,6450,1748931300
2025-06-03 11:46:00,CE,ATM-3,27.297046,150525,24450.0,24595.15,294.15,298.05,292.55,294.75,8400,1748931360
2025-06-03 11:47:00,CE,ATM-3,27.271303,150525,24450.0,24595.1,296.3,299.05,290.4,294.5,7800,1748931420
2025-06-03 11:48:00,CE,ATM-3,27.37859,156150,24450.0,24605.85,294.5,303.5,294.5,302.0,6825,1748931480
2025-06-03 11:49:00,CE,ATM-3,27.468538,156150,24450.0,24608.05,301.75,305.15,298.9,304.0,5925,1748931540
2025-06-03 11:50:00,CE,ATM-3,27.576902,156150,24450.0,24604.2,300.05,305.0,299.1,302.3,3900,1748931600
2025-06-03 11:51:00,CE,ATM-3,27.475105,156450,24450.0,24608.4,302.35,305.0,299.5,304.2,5100,1748931660
2025-06-03 11:52:00,CE,ATM-3,27.390825,156450,24450.0,24616.6,303.85,310.45,300.0,308.8,10425,1748931720
2025-06-03 11:53:00,CE,ATM-3,27.303599,156450,24450.0,24616.6,308.8,309.8,306.7,308.15,1875,1748931780
2025-06-03 11:54:00,CE,ATM-3,27.653161,2106000,24500.0,24625.55,276.4,285.35,274.3,285.35,63600,1748931840
2025-06-03 11:55:00,CE,ATM-3,27.824478,2106000,24500.0,24626.85,285.0,292.2,285.0,287.35,139725,1748931900
2025-06-03 11:56:00,CE,ATM-3,28.181574,2106000,24500.0,24625.2,288.4,289.25,283.0,288.9,45600,1748931960
2025-06-03 11:57:00,CE,ATM-3,27.992998,142800,24450.0,24624.5,320.5,320.7,314.0,317.95,5925,1748932020
2025-06-03 11:58:00,CE,ATM-3,27.331612,142800,24450.0,24624.55,317.95,320.55,313.25,313.3,1650,1748932080
2025-06-03 11:59:00,CE,ATM-3,27.800559,142800,24450.0,24623.45,313.3,319.2,313.3,315.85,2550,1748932140
2025-06-03 12:00:00,CE,ATM-3,27.783063,141075,24450.0,24618.95,309.6,313.0,308.15,312.8,8325,1748932200
2025-06-03 12:01:00,CE,ATM-3,28.347883,2055750,24500.0,24626.8,285.8,292.0,285.0,290.9,55575,1748932260
2025-06-03 12:02:00,CE,ATM-3,28.284766,2055750,24500.0,24631.05,290.1,295.3,289.6,293.0,62925,1748932320
2025-06-03 12:03:00,CE,ATM-3,27.808074,2032875,24500.0,24638.0,292.0,297.6,290.7,293.8,58875,1748932380
2025-06-03 12:04:00,CE,ATM-3,27.95822,2032875,24500.0,24638.25,295.45,296.0,293.15,295.0,32775,1748932440
2025-06-03 12:05:00,CE,ATM-3,28.188626,2032875,24500.0,24640.8,298.7,300.45,294.8,298.2,77025,1748932500
2025-06-03 12:06:00,CE,ATM-3,28.389651,2013450,24500.0,24636.65,298.5,300.95,290.6,297.05,50550,1748932560
2025-06-03 12:07:00,CE,ATM-3,27.692667,2013450,24500.0,24628.45,295.45,295.45,285.95,286.95,30450,1748932620
2025-06-03 12:08:00,CE,ATM-3,27.365186,132075,24450.0,24619.6,318.15,318.9,310.0,310.0,8700,1748932680
2025-06-03 12:09:00,CE,ATM-3,27.762636,138975,24450.0,24620.05,311.25,313.35,307.0,313.05,7500,1748932740
2025-06-03 12:10:00,CE,ATM-3,28.420548,2014275,24500.0,24628.85,283.15,292.35,281.8,292.35,46875,1748932800
2025-06-03 12:11:00,CE,ATM-3,28.009575,138975,24450.0,24618.85,320.85,322.65,309.1,313.95,6975,1748932860
2025-06-03 12:12:00,CE,ATM-3,27.534779,137025,24450.0,24622.0,313.95,315.65,312.6,312.6,4050,1748932920
2025-06-03 12:13:00,CE,ATM-3,27.71091,137025,24450.0,24617.95,311.0,312.4,305.65,311.2,6150,1748932980
2025-06-03 12:14:00,CE,ATM-3,27.490804,137025,24450.0,24615.35,311.2,311.2,307.3,307.95,3900,1748933040
2025-06-03 12:15:00,CE,ATM-3,27.764213,152025,24450.0,24604.1,307.45,309.4,298.0,302.7,24225,1748933100
2025-06-03 12:16:00,CE,ATM-3,27.928671,152025,24450.0,24589.0,303.2,303.2,293.0,294.4,15225,1748933160
2025-06-03 12:17:00,CE,ATM-3,27.687734,152025,24450.0,24597.6,296.35,303.1,293.2,298.0,20625,1748933220
2025-06-03 12:18:00,CE,ATM-3,28.315954,167925,24450.0,24597.85,298.0,302.6,297.1,302.6,9750,1748933280
2025-06-03 12:19:00,CE,ATM-3,28.159714,167925,24450.0,24599.05,302.6,304.7,297.8,302.2,5400,1748933340
2025-06-03 12:20:00,CE,ATM-3,28.020061,167925,24450.0,24597.9,300.7,303.0,296.3,300.45,6750,1748933400
2025-06-03 12:21:00,CE,ATM-3,27.744713,172725,24450.0,24592.45,300.45,301.25,295.0,295.05,4125,1748933460
2025-06-03 12:22:00,CE,ATM-3,28.286685,172725,24450.0,24594.0,296.1,301.9,295.45,299.85,5475,1748933520
2025-06-03 12:23:00,CE,ATM-3,28.42173,172725,24450.0,24587.65,299.85,299.85,294.0,296.85,8250,1748933580
2025-06-03 12:24:00,CE,ATM-3,28.203956,177975,24450.0,24588.05,296.85,302.0,295.5,295.5,4575,1748933640
2025-06-03 12:25:00,CE,ATM-3,28.496217,177975,24450.0,24594.5,295.8,301.75,294.5,301.55,6075,1748933700
2025-06-03 12:26:00,CE,ATM-3,28.255272,177975,24450.0,24598.6,300.25,305.4,300.25,302.35,16425,1748933760
2025-06-03 12:27:00,CE,ATM-3,28.644217,174975,24450.0,24603.9,303.25,309.05,300.9,308.4,7275,1748933820
2025-06-03 12:28:00,CE,ATM-3,28.652222,174975,24450.0,24607.05,308.0,311.0,306.15,310.4,11700,1748933880
2025-06-03 12:29:00,CE,ATM-3,28.220633,174975,24450.0,24606.25,309.05,312.35,305.7,306.8,8175,1748933940
2025-06-03 12:30:00,CE,ATM-3,28.424522,167550,24450.0,24612.8,307.8,313.5,306.6,312.35,10950,1748934000
2025-06-03 12:31:00,CE,ATM-3,28.592831,167550,24450.0,24623.15,312.35,320.3,312.35,320.1,11625,1748934060
2025-06-03 12:32:00,CE,ATM-3,28.79634,2170875,24500.0,24627.35,288.9,293.4,286.5,293.35,78300,1748934120
2025-06-03 12:33:00,CE,ATM-3,28.200134,149850,24450.0,24624.2,321.15,323.55,317.15,317.95,8325,1748934180
2025-06-03 12:34:00,CE,ATM-3,28.676069,149850,24450.0,24624.2,318.8,323.7,318.15,321.25,3375,1748934240
2025-06-03 12:35:00,CE,ATM-3,28.319683,149850,24450.0,24620.2,320.45,321.95,315.35,316.15,3075,1748934300
2025-06-03 12:36:00,CE,ATM-3,28.981436,2096400,24500.0,24628.85,287.0,295.45,284.0,295.45,57900,1748934360
2025-06-03 12:37:00,CE,ATM-3,29.05561,2096400,24500.0,24648.45,295.5,308.75,295.5,308.0,202575,1748934420
2025-06-03 12:38:00,CE,ATM-3,28.629483,2096400,24500.0,24636.3,303.25,303.25,291.25,297.4,89025,1748934480
2025-06-03 12:39:00,CE,ATM-3,28.64925,2053725,24500.0,24632.95,296.7,300.35,292.6,295.45,32850,1748934540
2025-06-03 12:40:00,CE,ATM-3,28.722278,2053725,24500.0,24637.45,296.25,300.75,294.5,298.7,40275,1748934600
2025-06-03 12:41:00,CE,ATM-3,28.84649,2053725,24500.0,24635.0,299.2,299.2,295.05,298.05,36450,1748934660
2025-06-03 12:42:00,CE,ATM-3,28.397663,2036625,24500.0,24631.1,297.05,298.1,289.05,292.4,42525,1748934720
2025-06-03 12:43:00,CE,ATM-3,28.299143,129000,24450.0,24623.75,320.65,322.05,318.0,318.0,1650,1748934780
2025-06-03 12:44:00,CE,ATM-3,27.670671,2036625,24500.0,24628.15,288.0,294.85,285.3,285.3,45225,1748934840
2025-06-03 12:45:00,CE,ATM-3,27.889034,129000,24450.0,24623.65,317.4,318.6,312.8,315.0,4725,1748934900
2025-06-03 12:46:00,CE,ATM-3,28.073032,130725,24450.0,24620.15,315.0,316.35,312.5,314.0,3900,1748934960
2025-06-03 12:47:00,CE,ATM-3,27.723776,130725,24450.0,24598.55,313.8,315.3,297.05,297.8,14025,1748935020
2025-06-03 12:48:00,CE,ATM-3,27.521996,130725,24450.0,24596.5,297.0,299.2,288.85,295.05,14325,1748935080
2025-06-03 12:49:00,CE,ATM-3,27.623231,131925,24450.0,24593.65,295.85,297.35,293.95,293.95,12075,1748935140
2025-06-03 12:50:00,CE,ATM-3,27.792096,131925,24450.0,24591.3,293.2,296.75,293.0,293.65,10050,1748935200
2025-06-03 12:51:00,CE,ATM-3,28.888255,391875,24400.0,24527.3,325.95,325.95,289.0,292.4,149100,1748935260
2025-06-03 12:52:00,CE,ATM-3,28.291439,131025,24350.0,24519.1,315.25,318.15,301.85,313.8,37650,1748935320
2025-06-03 12:53:00,CE,ATM-3,28.041849,469875,24400.0,24540.1,282.7,297.15,280.65,294.15,93000,1748935380
2025-06-03 12:54:00,CE,ATM-3,28.4558,469875,24400.0,24526.9,294.3,294.3,288.35,288.95,33525,1748935440
2025-06-03 12:55:00,CE,ATM-3,28.822337,150450,24350.0,24515.65,319.75,319.75,311.8,315.2,11400,1748935500
2025-06-03 12:56:00,CE,ATM-3,28.110736,523050,24400.0,24536.25,283.3,297.85,283.3,292.15,63225,1748935560
2025-06-03 12:57:00,CE,ATM-3,28.159328,523050,24400.0,24533.8,293.4,296.0,290.95,290.95,35550,1748935620
2025-06-03 12:58:00,CE,ATM-3,28.183713,550125,24400.0,24530.4,290.4,292.0,284.8,289.0,90300,1748935680
2025-06-03 12:59:00,CE,ATM-3,28.278299,550125,24400.0,24530.5,291.25,291.65,285.65,289.7,92100,1748935740
2025-06-03 13:00:00,CE,ATM-3,28.379675,550125,24400.0,24539.7,289.7,296.05,285.45,296.05,49275,1748935800
2025-06-03 13:01:00,CE,ATM-3,28.221646,585225,24400.0,24533.8,295.0,297.3,289.45,291.25,32325,1748935860
2025-06-03 13:02:00,CE,ATM-3,28.311232,585225,24400.0,24543.5,291.25,299.3,291.25,297.85,31875,1748935920
2025-06-03 13:03:00,CE,ATM-3,28.092395,585225,24400.0,24536.3,296.95,298.1,290.95,291.8,26325,1748935980
2025-06-03 13:04:00,CE,ATM-3,28.281565,585975,24400.0,24539.2,293.6,296.95,293.4,294.9,27075,1748936040
2025-06-03 13:05:00,CE,ATM-3,28.518488,151875,24350.0,24521.1,324.3,324.3,307.05,316.2,10275,1748936100
2025-06-03 13:06:00,CE,ATM-3,29.104856,151875,24350.0,24522.75,316.2,321.3,316.2,321.3,3375,1748936160
2025-06-03 13:07:00,CE,ATM-3,28.539725,150000,24350.0,24512.2,321.3,321.3,306.2,310.6,10500,1748936220
2025-06-03 13:08:00,CE,ATM-3,28.6801,617025,24400.0,24525.35,282.95,291.7,282.95,289.1,47250,1748936280
2025-06-03 13:09:00,CE,ATM-3,28.843083,150000,24350.0,24522.25,319.75,320.8,315.85,319.05,4500,1748936340
2025-06-03 13:10:00,CE,ATM-3,29.048645,149850,24350.0,24516.85,320.2,320.55,314.3,317.0,6675,1748936400
2025-06-03 13:11:00,CE,ATM-3,28.917558,149850,24350.0,24523.35,317.0,321.6,317.0,320.2,900,1748936460
2025-06-03 13:12:00,CE,ATM-3,29.102209,637200,24400.0,24525.4,289.75,294.2,287.95,292.0,32400,1748936520
2025-06-03 13:13:00,CE,ATM-3,28.834748,643350,24400.0,24536.85,292.0,298.8,291.85,297.05,46050,1748936580
2025-06-03 13:14:00,CE,ATM-3,28.326151,643350,24400.0,24541.45,297.1,299.55,293.2,296.25,56775,1748936640
2025-06-03 13:15:00,CE,ATM-3,28.094368,643350,24400.0,24532.35,296.85,298.2,286.15,288.95,42225,1748936700
2025-06-03 13:16:00,CE,ATM-3,27.588603,148350,24350.0,24521.15,319.8,320.15,307.45,309.4,8325,1748936760
2025-06-03 13:17:00,CE,ATM-3,27.081742,148350,24350.0,24519.5,310.5,310.5,303.25,304.8,15000,1748936820
2025-06-03 13:18:00,CE,ATM-3,26.870204,618075,24400.0,24536.75,275.05,285.2,275.05,282.9,72525,1748936880
2025-06-03 13:19:00,CE,ATM-3,27.151703,624825,24400.0,24535.7,284.05,285.1,280.65,284.2,31125,1748936940
2025-06-03 13:20:00,CE,ATM-3,27.105327,624825,24400.0,24545.8,282.05,290.15,280.95,290.15,33525,1748937000
2025-06-03 13:21:00,CE,ATM-3,26.805542,624825,24400.0,24554.15,291.4,294.6,288.55,293.3,59400,1748937060
2025-06-03 13:22:00,CE,ATM-3,26.150202,620100,24400.0,24553.05,292.5,295.0,288.0,288.0,44025,1748937120
2025-06-03 13:23:00,CE,ATM-3,25.177259,620100,24400.0,24530.25,285.25,285.25,266.2,266.75,93675,1748937180
2025-06-03 13:24:00,CE,ATM-3,24.848823,620100,24400.0,24535.8,269.7,269.7,261.1,267.9,57900,1748937240
2025-06-03 13:25:00,CE,ATM-3,24.813197,644925,24400.0,24528.45,268.95,268.95,261.05,263.0,41700,1748937300
2025-06-03 13:26:00,CE,ATM-3,24.065896,644925,24400.0,24536.4,263.6,264.9,258.85,262.75,44250,1748937360
2025-06-03 13:27:00,CE,ATM-3,24.335148,644925,24400.0,24544.95,266.7,270.05,263.6,270.05,52800,1748937420
2025-06-03 13:28:00,CE,ATM-3,23.021106,691725,24400.0,24539.0,269.8,269.8,257.1,257.1,55275,1748937480
2025-06-03 13:29:00,CE,ATM-3,23.834305,691725,24400.0,24540.4,258.35,263.6,256.55,263.6,36075,1748937540
2025-06-03 13:30:00,CE,ATM-3,24.378226,691725,24400.0,24551.0,262.65,274.8,260.0,274.15,47625,1748937600
2025-06-03 13:31:00,CE,ATM-3,24.56395,709275,24400.0,24555.25,274.75,278.85,270.3,278.15,47550,1748937660
2025-06-03 13:32:00,CE,ATM-3,23.977835,709275,24400.0,24557.25,278.05,278.05,268.2,275.4,22050,1748937720
2025-06-03 13:33:00,CE,ATM-3,23.746063,709275,24400.0,24560.7,275.6,279.55,274.5,276.05,44775,1748937780
2025-06-03 13:34:00,CE,ATM-3,23.893822,712425,24400.0,24561.8,276.6,278.2,273.25,277.75,24525,1748937840
2025-06-03 13:35:00,CE,ATM-3,23.643052,712425,24400.0,24570.0,278.0,283.8,271.3,281.45,43500,1748937900
2025-06-03 13:36:00,CE,ATM-3,23.399641,712425,24400.0,24565.3,282.2,282.2,274.4,276.65,29250,1748937960
2025-06-03 13:37:00,CE,ATM-3,23.415698,718425,24400.0,24560.8,276.35,276.6,267.3,273.75,46500,1748938020
2025-06-03 13:38:00,CE,ATM-3,22.950698,718425,24400.0,24561.45,276.9,276.9,271.0,271.0,27975,1748938080
2025-06-03 13:39:00,CE,ATM-3,22.969704,718425,24400.0,24561.3,271.3,274.0,270.15,271.0,11325,1748938140
2025-06-03 13:40:00,CE,ATM-3,23.37451,720900,24400.0,24563.85,269.9,275.75,266.3,275.4,32100,1748938200
2025-06-03 13:41:00,CE,ATM-3,22.15667,720900,24400.0,24555.05,275.55,276.8,260.15,261.3,39300,1748938260
2025-06-03 13:42:00,CE,ATM-3,21.631174,720900,24400.0,24543.75,259.4,261.0,250.25,250.25,80025,1748938320
2025-06-03 13:43:00,CE,ATM-3,22.079057,722475,24400.0,24547.45,253.85,257.15,249.75,255.7,47850,1748938380
2025-06-03 13:44:00,CE,ATM-3,21.98608,722475,24400.0,24539.9,256.3,256.9,245.3,250.1,44250,1748938440
2025-06-03 13:45:00,CE,ATM-3,22.211887,722475,24400.0,24544.4,250.4,254.65,248.05,254.55,45825,1748938500
2025-06-03 13:46:00,CE,ATM-3,22.036723,751425,24400.0,24542.6,253.9,253.9,247.5,252.15,34275,1748938560
2025-06-03 13:47:00,CE,ATM-3,21.475796,751425,24400.0,24546.7,252.85,255.05,250.8,251.0,50850,1748938620
2025-06-03 13:48:00,CE,ATM-3,21.095119,751425,24400.0,24537.9,252.3,252.3,242.1,242.6,59400,1748938680
2025-06-03 13:49:00,CE,ATM-3,21.313789,781275,24400.0,24533.35,243.5,243.5,238.0,241.1,76350,1748938740
2025-06-03 13:50:00,CE,ATM-3,21.219958,781275,24400.0,24542.25,242.6,248.7,242.55,246.25,55875,1748938800
2025-06-03 13:51:00,CE,ATM-3,20.878647,781275,24400.0,24544.2,247.85,248.7,243.0,245.2,51225,1748938860
2025-06-03 13:52:00,CE,ATM-3,20.738189,782925,24400.0,24542.35,245.05,249.3,240.25,243.0,44175,1748938920
2025-06-03 13:53:00,CE,ATM-3,20.605208,782925,24400.0,24546.45,244.0,246.7,242.4,244.8,21450,1748938980
2025-06-03 13:54:00,CE,ATM-3,20.811509,782925,24400.0,24552.2,244.0,250.0,242.7,250.0,27375,1748939040
2025-06-03 13:55:00,CE,ATM-3,20.95998,791025,24400.0,24560.05,247.6,256.25,247.6,256.25,51675,1748939100
2025-06-03 13:56:00,CE,ATM-3,21.088516,791025,24400.0,24567.3,255.75,262.85,255.75,262.0,65100,1748939160
2025-06-03 13:57:00,CE,ATM-3,20.907002,791025,24400.0,24558.8,261.25,261.4,255.0,255.0,50775,1748939220
2025-06-03 13:58:00,CE,ATM-3,20.821622,755250,24400.0,24567.75,254.25,261.55,254.15,260.5,24750,1748939280
2025-06-03 13:59:00,CE,ATM-3,20.472478,755250,24400.0,24568.35,260.25,262.0,258.0,258.6,25200,1748939340
2025-06-03 14:00:00,CE,ATM-3,20.412251,755250,24400.0,24569.9,256.0,263.1,256.0,259.25,36450,1748939400
2025-06-03 14:01:00,CE,ATM-3,20.626197,762375,24400.0,24569.0,260.55,261.9,253.05,260.0,36600,1748939460
2025-06-03 14:02:00,CE,ATM-3,20.707,762375,24400.0,24568.05,260.5,261.5,257.95,259.85,20475,1748939520
2025-06-03 14:03:00,CE,ATM-3,20.083109,762375,24400.0,24565.0,258.8,261.4,253.65,253.65,23700,1748939580
2025-06-03 14:04:00,CE,ATM-3,20.355257,780150,24400.0,24564.85,254.35,256.8,252.1,255.3,22200,1748939640
2025-06-03 14:05:00,CE,ATM-3,20.514014,470400,24450.0,24575.95,221.65,230.9,220.8,230.7,37425,1748939700
2025-06-03 14:06:00,CE,ATM-3,20.280978,470400,24450.0,24575.6,229.4,230.6,228.0,228.85,27150,1748939760
2025-06-03 14:07:00,CE,ATM-3,20.698485,771075,24400.0,24571.3,263.95,264.8,260.7,261.9,12225,1748939820
2025-06-03 14:08:00,CE,ATM-3,20.720358,771075,24400.0,24574.75,262.35,264.75,257.65,264.4,20100,1748939880
2025-06-03 14:09:00,CE,ATM-3,20.682813,771075,24400.0,24569.2,263.8,265.4,257.85,260.3,22725,1748939940
2025-06-03 14:10:00,CE,ATM-3,20.635222,773400,24400.0,24573.6,258.75,266.75,258.75,263.0,26100,1748940000
2025-06-03 14:11:00,CE,ATM-3,20.956446,773400,24400.0,24572.35,262.85,264.7,261.2,264.2,21675,1748940060
2025-06-03 14:12:00,CE,ATM-3,21.190744,773400,24400.0,24570.45,264.3,264.85,260.0,264.4,16425,1748940120
2025-06-03 14:13:00,CE,ATM-3,21.58905,766875,24400.0,24563.1,260.85,262.1,257.15,262.0,20625,1748940180
2025-06-03 14:14:00,CE,ATM-3,21.092517,454050,24450.0,24577.15,228.1,237.05,228.1,235.2,65850,1748940240
2025-06-03 14:15:00,CE,ATM-3,21.27757,454050,24450.0,24576.85,235.15,241.0,235.15,236.25,54150,1748940300
2025-06-03 14:16:00,CE,ATM-3,21.901801,425175,24450.0,24578.85,236.0,241.8,235.55,241.8,34425,1748940360
2025-06-03 14:17:00,CE,ATM-3,21.523182,425175,24450.0,24580.45,241.0,245.0,239.05,240.2,40725,1748940420
2025-06-03 14:18:00,CE,ATM-3,21.415893,425175,24450.0,24578.3,240.1,240.1,234.3,238.05,27900,1748940480
2025-06-03 14:19:00,CE,ATM-3,21.953291,745500,24400.0,24571.45,270.7,272.65,265.65,269.9,22350,1748940540
2025-06-03 14:20:00,CE,ATM-3,21.794912,745500,24400.0,24566.25,269.75,270.0,263.7,265.3,25275,1748940600
2025-06-03 14:21:00,CE,ATM-3,21.089692,745500,24400.0,24563.05,265.4,266.0,258.1,258.45,42300,1748940660
2025-06-03 14:22:00,CE,ATM-3,21.470068,755550,24400.0,24566.1,258.45,263.45,256.05,263.0,32100,1748940720
2025-06-03 14:23:00,CE,ATM-3,21.268555,755550,24400.0,24570.5,263.25,264.65,259.8,264.65,18825,1748940780
2025-06-03 14:24:00,CE,ATM-3,20.451058,402225,24450.0,24575.7,229.3,230.75,226.0,229.6,26325,1748940840
2025-06-03 14:25:00,CE,ATM-3,20.951825,759150,24400.0,24573.0,264.85,267.55,260.95,264.25,30075,1748940900
2025-06-03 14:26:00,CE,ATM-3,20.327023,413700,24450.0,24575.7,229.5,232.0,228.7,228.7,19575,1748940960
2025-06-03 14:27:00,CE,ATM-3,20.59287,759150,24400.0,24568.55,264.35,264.35,256.3,258.8,29175,1748941020
2025-06-03 14:28:00,CE,ATM-3,20.417806,760800,24400.0,24569.8,259.3,259.7,255.65,258.5,20625,1748941080
2025-06-03 14:29:00,CE,ATM-3,20.03403,760800,24400.0,24562.35,258.5,258.5,249.75,250.85,42975,1748941140
2025-06-03 14:30:00,CE,ATM-3,20.71027,760800,24400.0,24570.75,252.75,261.0,252.75,261.0,23325,1748941200
2025-06-03 14:31:00,CE,ATM-3,20.690601,765675,24400.0,24573.65,261.85,263.0,260.0,262.85,20700,1748941260
2025-06-03 14:32:00,CE,ATM-3,19.908195,401100,24450.0,24580.15,226.8,228.6,223.2,228.6,15000,1748941320
2025-06-03 14:33:00,CE,ATM-3,20.174965,401100,24450.0,24581.25,231.9,233.8,229.65,231.1,37875,1748941380
2025-06-03 14:34:00,CE,ATM-3,20.412362,412500,24450.0,24583.95,230.85,234.45,228.6,234.45,17700,1748941440
2025-06-03 14:35:00,CE,ATM-3,20.258621,412500,24450.0,24582.45,233.05,234.7,230.15,232.4,13200,1748941500
2025-06-03 14:36:00,CE,ATM-3,20.547391,412500,24450.0,24588.8,232.4,239.5,230.4,238.5,15600,1748941560
2025-06-03 14:37:00,CE,ATM-3,20.595443,402300,24450.0,24591.15,238.35,240.35,235.1,240.35,29475,1748941620
2025-06-03 14:38:00,CE,ATM-3,20.580408,402300,24450.0,24592.7,243.85,245.9,238.9,241.25,46125,1748941680
2025-06-03 14:39:00,CE,ATM-3,20.625148,402300,24450.0,24590.4,241.5,242.3,238.7,240.0,13050,1748941740
2025-06-03 14:40:00,CE,ATM-3,20.747769,378600,24450.0,24582.1,240.2,242.35,233.95,235.35,20550,1748941800
2025-06-03 14:41:00,CE,ATM-3,20.684366,378600,24450.0,24592.75,235.55,243.0,235.55,241.9,15375,1748941860
2025-06-03 14:42:00,CE,ATM-3,20.495642,378600,24450.0,24590.55,241.8,241.8,236.85,239.15,5625,1748941920
2025-06-03 14:43:00,CE,ATM-3,20.774859,380475,24450.0,24590.25,239.45,241.0,236.0,240.8,8475,1748941980
2025-06-03 14:44:00,CE,ATM-3,20.41008,380475,24450.0,24586.05,239.0,240.75,232.7,235.55,20025,1748942040
2025-06-03 14:45:00,CE,ATM-3,20.927055,380475,24450.0,24579.9,236.0,239.4,232.7,235.0,18375,1748942100
2025-06-03 14:46:00,CE,ATM-3,20.800543,374400,24450.0,24582.95,235.0,238.25,234.0,236.1,10425,1748942160
2025-06-03 14:47:00,CE,ATM-3,20.395747,374400,24450.0,24579.3,235.95,237.25,229.8,230.95,29175,1748942220
2025-06-03 14:48:00,CE,ATM-3,20.417235,374400,24450.0,24578.35,232.95,234.75,230.4,230.45,13800,1748942280
2025-06-03 14:49:00,CE,ATM-3,20.717636,719925,24400.0,24572.05,265.85,267.6,261.45,261.45,21450,1748942340
2025-06-03 14:50:00,CE,ATM-3,21.448986,719925,24400.0,24574.0,261.0,269.0,261.0,267.5,29625,1748942400
2025-06-03 14:51:00,CE,ATM-3,21.058191,719925,24400.0,24562.4,267.85,267.85,257.0,257.0,32550,1748942460
2025-06-03 14:52:00,CE,ATM-3,21.569357,714675,24400.0,24562.8,256.65,260.6,255.2,260.6,31725,1748942520
2025-06-03 14:53:00,CE,ATM-3,21.602205,714675,24400.0,24569.3,264.3,267.0,263.4,265.2,32100,1748942580
2025-06-03 14:54:00,CE,ATM-3,22.213744,714675,24400.0,24568.15,264.3,270.15,264.3,268.4,20100,1748942640
2025-06-03 14:55:00,CE,ATM-3,22.617986,692400,24400.0,24564.6,269.4,272.45,268.65,268.65,18075,1748942700
2025-06-03 14:56:00,CE,ATM-3,23.031932,692400,24400.0,24564.05,267.3,271.7,266.15,271.0,17400,1748942760
2025-06-03 14:57:00,CE,ATM-3,22.499859,692400,24400.0,24558.9,270.8,272.0,264.0,264.0,17400,1748942820
2025-06-03 14:58:00,CE,ATM-3,22.792491,693450,24400.0,24562.85,264.2,268.55,264.0,268.55,9150,1748942880
2025-06-03 14:59:00,CE,ATM-3,22.610595,693450,24400.0,24567.45,268.7,271.8,267.55,270.4,21975,1748942940
2025-06-03 15:00:00,CE,ATM-3,23.365546,693450,24400.0,24565.25,270.35,275.65,269.15,273.9,36750,1748943000
2025-06-03 15:01:00,CE,ATM-3,22.592349,668325,24400.0,24558.9,274.3,279.65,264.5,264.5,50700,1748943060
2025-06-03 15:02:00,CE,ATM-3,22.651721,668325,24400.0,24545.45,265.8,266.0,253.75,256.0,62175,1748943120
2025-06-03 15:03:00,CE,ATM-3,22.717015,668325,24400.0,24543.9,257.85,258.05,253.15,255.4,36825,1748943180
2025-06-03 15:04:00,CE,ATM-3,22.856395,674850,24400.0,24544.65,255.05,259.65,255.05,256.8,22650,1748943240
2025-06-03 15:05:00,CE,ATM-3,22.840206,674850,24400.0,24545.4,258.7,260.1,256.7,257.15,23400,1748943300
2025-06-03 15:06:00,CE,ATM-3,22.905072,674850,24400.0,24541.85,257.5,257.5,252.4,255.25,27750,1748943360
2025-06-03 15:07:00,CE,ATM-3,21.853474,684000,24400.0,24544.7,256.15,256.15,250.0,250.0,42225,1748943420
2025-06-03 15:08:00,CE,ATM-3,21.711752,684000,24400.0,24535.65,249.8,250.6,241.4,243.1,79500,1748943480
2025-06-03 15:09:00,CE,ATM-3,21.693815,684000,24400.0,24539.1,244.1,246.25,242.65,245.2,57900,1748943540
2025-06-03 15:10:00,CE,ATM-3,21.881609,711900,24400.0,24540.5,246.0,248.0,245.7,247.35,29400,1748943600
2025-06-03 15:11:00,CE,ATM-3,21.473047,711900,24400.0,24537.25,247.35,247.95,240.45,242.45,49800,1748943660
2025-06-03 15:12:00,CE,ATM-3,21.464346,711900,24400.0,24539.75,242.45,245.0,241.1,244.0,25050,1748943720
2025-06-03 15:13:00,CE,ATM-3,21.620154,729600,24400.0,24538.5,245.0,246.0,241.6,244.2,23175,1748943780
2025-06-03 15:14:00,CE,ATM-3,21.676483,729600,24400.0,24535.2,242.75,243.9,241.7,242.4,19800,1748943840
2025-06-03 15:15:00,CE,ATM-3,22.5101,729600,24400.0,24539.9,242.0,251.05,242.0,251.05,63675,1748943900
2025-06-03 15:16:00,CE,ATM-3,22.051773,702375,24400.0,24538.7,251.0,251.3,246.7,247.15,29700,1748943960
2025-06-03 15:17:00,CE,ATM-3,21.873093,702375,24400.0,24546.6,247.2,253.2,247.2,251.1,33675,1748944020
2025-06-03 15:18:00,CE,ATM-3,21.455044,702375,24400.0,24541.85,251.05,252.0,245.15,245.15,26925,1748944080
2025-06-03 15:19:00,CE,ATM-3,21.645405,694800,24400.0,24543.15,246.15,249.05,245.85,247.25,22500,1748944140
2025-06-03 15:20:00,CE,ATM-3,21.399721,694800,24400.0,24545.6,247.7,253.85,247.2,247.2,57000,1748944200
2025-06-03 15:21:00,CE,ATM-3,21.08242,694800,24400.0,24541.35,247.5,248.4,241.2,242.25,28800,1748944260
2025-06-03 15:22:00,CE,ATM-3,20.393731,681975,24400.0,24529.6,241.95,241.95,227.0,229.9,92250,1748944320
2025-06-03 15:23:00,CE,ATM-3,20.420442,681975,24400.0,24526.45,231.2,232.65,227.4,228.0,42600,1748944380
2025-06-03 15:24:00,CE,ATM-3,20.567233,681975,24400.0,24533.1,229.0,235.0,229.0,233.3,53775,1748944440
2025-06-03 15:25:00,CE,ATM-3,20.153674,692850,24400.0,24534.45,233.95,236.3,231.05,231.4,49875,1748944500
2025-06-03 15:26:00,CE,ATM-3,20.060249,692850,24400.0,24534.75,231.95,234.45,230.1,230.95,23775,1748944560
2025-06-03 15:27:00,CE,ATM-3,20.086546,692850,24400.0,24532.25,230.5,232.0,229.3,229.45,32025,1748944620
2025-06-03 15:28:00,CE,ATM-3,19.811166,689925,24400.0,24533.25,229.45,230.85,227.0,228.25,39000,1748944680
2025-06-03 15:29:00,CE,ATM-3,19.098418,689925,24400.0,24538.4,229.0,229.45,225.0,226.95,58725,1748944740
2025-06-04 09:15:00,CE,ATM-3,22.615773,347550,24450.0,24591.75,224.95,245.2,201.45,218.65,195450,1749008700
2025-06-04 09:16:00,CE,ATM-3,20.178527,347550,24450.0,24600.15,218.0,219.55,209.85,212.1,151425,1749008760
2025-06-04 09:17:00,CE,ATM-3,19.389139,347550,24450.0,24591.6,211.55,211.55,197.2,202.1,140775,1749008820
2025-06-04 09:18:00,CE,ATM-3,18.220873,459900,24450.0,24597.05,202.65,217.0,200.25,200.25,160500,1749008880
2025-06-04 09:19:00,CE,ATM-3,19.094533,696075,24400.0,24572.45,235.0,235.0,217.3,222.85,189900,1749008940
2025-06-04 09:20:00,CE,ATM-3,18.56271,459900,24450.0,24582.1,183.45,195.95,183.4,191.2,164625,1749009000
2025-06-04 09:21:00,CE,ATM-3,18.180578,519000,24450.0,24591.2,190.75,198.7,188.6,195.75,83850,1749009060
2025-06-04 09:22:00,CE,ATM-3,19.106473,519000,24450.0,24593.85,194.2,202.15,187.4,202.15,69975,1749009120
2025-06-04 09:23:00,CE,ATM-3,18.10277,519000,24450.0,24586.85,196.85,199.45,189.9,192.2,69975,1749009180
2025-06-04 09:24:00,CE,ATM-3,17.889456,558300,24450.0,24584.15,191.45,192.6,186.0,189.2,52275,1749009240
2025-06-04 09:25:00,CE,ATM-3,18.275077,558300,24450.0,24591.55,187.15,200.0,187.15,196.35,97200,1749009300
2025-06-04 09:26:00,CE,ATM-3,18.443559,558300,24450.0,24604.4,195.25,206.85,193.2,206.45,102750,1749009360
2025-06-04 09:27:00,CE,ATM-3,17.66516,590325,24450.0,24607.75,206.05,210.0,201.75,205.25,134625,1749009420
2025-06-04 09:28:00,CE,ATM-3,17.253898,590325,24450.0,24590.25,205.2,208.0,187.5,190.4,170175,1749009480
2025-06-04 09:29:00,CE,ATM-3,17.277868,830325,24400.0,24573.15,229.3,229.3,211.2,214.95,174600,1749009540
2025-06-04 09:30:00,CE,ATM-3,17.277096,989700,24400.0,24571.3,213.0,215.9,203.0,213.5,281175,1749009600
2025-06-04 09:31:00,CE,ATM-3,16.81479,989700,24400.0,24569.15,215.25,219.3,209.8,209.8,116850,1749009660
2025-06-04 09:32:00,CE,ATM-3,16.725892,989700,24400.0,24572.65,210.15,214.6,209.4,212.1,57600,1749009720
2025-06-04 09:33:00,CE,ATM-3,16.052343,1030650,24400.0,24562.1,213.75,216.0,199.55,201.0,134625,1749009780
2025-06-04 09:34:00,CE,ATM-3,15.738672,1030650,24400.0,24560.65,201.2,206.3,198.5,198.5,131250,1749009840
2025-06-04 09:35:00,CE,ATM-3,16.586448,1030650,24400.0,24550.3,199.75,200.75,192.05,194.35,179775,1749009900
2025-06-04 09:36:00,CE,ATM-3,16.877607,1132050,24400.0,24563.8,195.1,206.0,194.9,205.85,133200,1749009960
2025-06-04 09:37:00,CE,ATM-3,16.143929,1132050,24400.0,24563.0,205.9,208.0,200.9,202.0,99450,1749010020
2025-06-04 09:38:00,CE,ATM-3,16.398833,1132050,24400.0,24550.8,200.6,200.6,191.2,193.8,119100,1749010080
2025-06-04 09:39:00,CE,ATM-3,16.942746,1193400,24400.0,24554.6,195.4,199.1,181.3,199.1,241350,1749010140
2025-06-04 09:40:00,CE,ATM-3,17.10874,1193400,24400.0,24560.8,199.05,204.5,197.15,204.5,138375,1749010200
2025-06-04 09:41:00,CE,ATM-3,16.708199,1193400,24400.0,24554.35,202.05,205.6,197.0,197.8,116625,1749010260
2025-06-04 09:42:00,CE,ATM-3,16.595533,1222200,24400.0,24553.2,198.95,202.05,194.95,196.4,72225,1749010320
2025-06-04 09:43:00,CE,ATM-3,16.202496,1222200,24400.0,24549.35,196.45,197.4,190.7,191.7,122625,1749010380
2025-06-04 09:44:00,CE,ATM-3,16.060096,1222200,24400.0,24553.85,190.85,198.0,190.0,194.45,104775,1749010440
2025-06-04 09:45:00,CE,ATM-3,15.644195,1289325,24400.0,24550.85,191.9,195.1,187.2,190.3,107250,1749010500
2025-06-04 09:46:00,CE,ATM-3,15.972824,1289325,24400.0,24558.85,189.25,199.15,187.3,197.85,136650,1749010560
2025-06-04 09:47:00,CE,ATM-3,14.867663,1289325,24400.0,24555.25,198.8,201.65,189.8,190.3,138375,1749010620
2025-06-04 09:48:00,CE,ATM-3,16.086843,1330350,24400.0,24546.55,190.6,192.0,186.5,188.95,83400,1749010680
2025-06-04 09:49:00,CE,ATM-3,16.215058,1330350,24400.0,24543.6,189.55,189.55,180.0,187.3,203625,1749010740
2025-06-04 09:50:00,CE,ATM-3,15.591474,1330350,24400.0,24544.2,186.85,189.2,184.75,184.9,84900,1749010800
2025-06-04 09:51:00,CE,ATM-3,16.351921,1373175,24400.0,24531.95,184.9,185.15,176.15,179.3,185475,1749010860
2025-06-04 09:52:00,CE,ATM-3,16.387646,1373175,24400.0,24544.65,177.9,189.85,177.9,188.8,155925,1749010920
2025-06-04 09:53:00,CE,ATM-3,16.124565,1373175,24400.0,24545.35,190.8,193.0,185.85,188.1,146175,1749010980
2025-06-04 09:54:00,CE,ATM-3,16.006712,1421250,24400.0,24554.4,187.55,194.4,187.35,194.4,103425,1749011040
2025-06-04 09:55:00,CE,ATM-3,15.798238,1421250,24400.0,24564.85,193.95,203.8,193.95,201.55,283950,1749011100
2025-06-04 09:56:00,CE,ATM-3,15.361498,1421250,24400.0,24565.8,200.75,202.65,197.2,200.45,141150,1749011160
2025-06-04 09:57:00,CE,ATM-3,15.220803,1403325,24400.0,24557.65,199.15,200.0,192.55,193.45,135375,1749011220
2025-06-04 09:58:00,CE,ATM-3,15.14114,1403325,24400.0,24574.2,192.8,206.3,190.6,206.2,258300,1749011280
2025-06-04 09:59:00,CE,ATM-3,14.612594,1015275,24450.0,24575.1,166.3,168.75,163.0,166.1,124500,1749011340
2025-06-04 10:00:00,CE,ATM-3,14.641656,1399950,24400.0,24574.5,202.55,206.2,201.15,204.45,93675,1749011400
2025-06-04 10:01:00,CE,ATM-3,14.718959,1006050,24450.0,24577.6,164.2,171.0,162.9,168.4,133350,1749011460
2025-06-04 10:02:00,CE,ATM-3,14.136639,1006050,24450.0,24583.45,167.8,172.5,167.65,170.15,111825,1749011520
2025-06-04 10:03:00,CE,ATM-3,14.735939,971250,24450.0,24587.35,169.5,176.4,169.05,175.75,181425,1749011580
2025-06-04 10:04:00,CE,ATM-3,14.527232,971250,24450.0,24579.6,174.95,174.95,167.7,168.95,80250,1749011640
2025-06-04 10:05:00,CE,ATM-3,13.824999,971250,24450.0,24577.45,170.2,171.6,164.15,164.15,70125,1749011700
2025-06-04 10:06:00,CE,ATM-3,14.367711,957900,24450.0,24580.75,165.05,171.05,164.6,169.05,75300,1749011760
2025-06-04 10:07:00,CE,ATM-3,14.552947,957900,24450.0,24588.4,168.65,178.2,165.65,175.65,137625,1749011820
2025-06-04 10:08:00,CE,ATM-3,14.478993,957900,24450.0,24587.15,175.65,179.7,173.8,174.35,112875,1749011880
2025-06-04 10:09:00,CE,ATM-3,14.498959,948825,24450.0,24575.5,174.75,177.2,165.65,165.65,113325,1749011940
2025-06-04 10:10:00,CE,ATM-3,14.542718,948825,24450.0,24579.35,166.55,169.2,164.0,168.7,68850,1749012000
2025-06-04 10:11:00,CE,ATM-3,14.79037,948825,24450.0,24577.8,167.45,170.25,164.8,168.65,52950,1749012060
2025-06-04 10:12:00,CE,ATM-3,14.599466,962175,24450.0,24581.6,167.65,170.6,165.0,170.6,41550,1749012120
2025-06-04 10:13:00,CE,ATM-3,14.385894,1323750,24400.0,24573.8,209.2,209.95,197.85,202.65,141375,1749012180
2025-06-04 10:14:00,CE,ATM-3,14.207339,962175,24450.0,24578.75,164.35,171.15,164.35,166.65,86100,1749012240
2025-06-04 10:15:00,CE,ATM-3,14.596773,966150,24450.0,24582.9,166.8,173.7,166.8,171.5,97200,1749012300
2025-06-04 10:16:00,CE,ATM-3,14.541734,966150,24450.0,24579.2,169.65,172.85,167.75,168.45,44100,1749012360
2025-06-04 10:17:00,CE,ATM-3,15.20101,1324725,24400.0,24572.9,207.45,209.0,201.9,205.0,74700,1749012420
2025-06-04 10:18:00,CE,ATM-3,15.148564,1320900,24400.0,24571.25,204.8,205.9,199.1,203.45,93000,1749012480
2025-06-04 10:19:00,CE,ATM-3,15.168355,953250,24450.0,24578.2,164.4,171.1,164.4,170.5,73650,1749012540
2025-06-04 10:20:00,CE,ATM-3,15.581194,953250,24450.0,24587.4,170.2,181.1,168.15,179.2,128400,1749012600
2025-06-04 10:21:00,CE,ATM-3,14.716159,925125,24450.0,24589.5,181.15,183.85,176.9,176.9,152400,1749012660
2025-06-04 10:22:00,CE,ATM-3,15.439542,925125,24450.0,24594.15,177.45,183.85,175.95,183.6,93975,1749012720
2025-06-04 10:23:00,CE,ATM-3,15.015929,925125,24450.0,24591.9,183.0,183.2,179.05,180.0,86475,1749012780
2025-06-04 10:24:00,CE,ATM-3,14.981672,966975,24450.0,24595.2,180.0,183.5,179.0,182.35,62625,1749012840
2025-06-04 10:25:00,CE,ATM-3,15.263225,966975,24450.0,24592.5,182.05,183.9,177.65,181.5,91875,1749012900
2025-06-04 10:26:00,CE,ATM-3,14.063983,966975,24450.0,24589.8,180.25,181.3,174.0,174.2,93675,1749012960
2025-06-04 10:27:00,CE,ATM-3,13.973007,988575,24450.0,24588.0,174.25,177.0,172.05,172.4,56775,1749013020
2025-06-04 10:28:00,CE,ATM-3,14.036932,988575,24450.0,24583.5,172.55,175.4,167.8,169.2,92175,1749013080
2025-06-04 10:29:00,CE,ATM-3,14.717266,988575,24450.0,24581.2,168.85,171.15,168.45,170.45,48000,1749013140
2025-06-04 10:30:00,CE,ATM-3,14.337798,1002000,24450.0,24585.7,171.75,173.3,171.2,172.15,57150,1749013200
2025-06-04 10:31:00,CE,ATM-3,14.969882,1002000,24450.0,24591.35,171.6,181.95,171.6,179.2,131175,1749013260
2025-06-04 10:32:00,CE,ATM-3,15.31508,1002000,24450.0,24593.2,179.6,183.4,178.5,182.1,108075,1749013320
2025-06-04 10:33:00,CE,ATM-3,15.412084,984675,24450.0,24595.3,181.8,184.95,181.35,184.1,117075,1749013380
2025-06-04 10:34:00,CE,ATM-3,15.570276,984675,24450.0,24600.45,183.35,191.15,182.95,188.7,172125,1749013440
2025-06-04 10:35:00,CE,ATM-3,14.740955,984675,24450.0,24595.95,188.45,190.75,181.65,181.65,120975,1749013500
2025-06-04 10:36:00,CE,ATM-3,14.710984,929250,24450.0,24591.4,182.85,184.3,178.0,178.0,85125,1749013560
2025-06-04 10:37:00,CE,ATM-3,14.830643,929250,24450.0,24591.6,179.3,181.15,176.35,178.65,71475,1749013620
2025-06-04 10:38:00,CE,ATM-3,15.117974,929250,24450.0,24592.15,179.4,180.55,177.65,180.3,49725,1749013680
2025-06-04 10:39:00,CE,ATM-3,15.107848,942900,24450.0,24594.4,180.0,182.05,177.6,181.95,47475,1749013740
2025-06-04 10:40:00,CE,ATM-3,15.342777,942900,24450.0,24597.15,182.0,185.05,178.05,185.05,65550,1749013800
2025-06-04 10:41:00,CE,ATM-3,15.064874,942900,24450.0,24595.55,184.4,186.1,182.6,182.6,65025,1749013860
2025-06-04 10:42:00,CE,ATM-3,15.485097,906900,24450.0,24596.4,183.65,186.4,182.0,185.05,39825,1749013920
2025-06-04 10:43:00,CE,ATM-3,15.843934,906900,24450.0,24608.35,185.15,198.0,183.85,195.75,188850,1749013980
2025-06-04 10:44:00,CE,ATM-3,14.676517,906900,24450.0,24600.8,194.75,194.75,184.95,184.95,151350,1749014040
2025-06-04 10:45:00,CE,ATM-3,14.971415,829425,24450.0,24599.75,184.6,187.55,183.25,185.35,58350,1749014100
2025-06-04 10:46:00,CE,ATM-3,14.567479,829425,24450.0,24601.05,184.35,186.0,183.7,184.65,26325,1749014160
2025-06-04 10:47:00,CE,ATM-3,14.013361,829425,24450.0,24596.85,185.45,187.5,179.05,179.05,70350,1749014220
2025-06-04 10:48:00,CE,ATM-3,13.966051,838350,24450.0,24591.95,179.85,181.35,174.2,175.0,115050,1749014280
2025-06-04 10:49:00,CE,ATM-3,14.006336,838350,24450.0,24589.7,175.7,176.95,172.4,173.4,67425,1749014340
2025-06-04 10:50:00,CE,ATM-3,14.175669,838350,24450.0,24587.5,173.45,174.5,169.55,172.4,111825,1749014400
2025-06-04 10:51:00,CE,ATM-3,14.354035,846525,24450.0,24588.55,171.65,174.6,171.0,173.95,43275,1749014460
2025-06-04 10:52:00,CE,ATM-3,14.316316,846525,24450.0,24586.05,174.75,175.35,171.25,171.85,32775,1749014520
2025-06-04 10:53:00,CE,ATM-3,15.165781,846525,24450.0,24583.25,172.0,174.0,170.45,173.45,39300,1749014580
2025-06-04 10:54:00,CE,ATM-3,14.94429,863625,24450.0,24583.0,173.6,175.15,172.2,172.25,27450,1749014640
2025-06-04 10:55:00,CE,ATM-3,14.631577,863625,24450.0,24582.15,172.25,176.2,170.0,170.2,70350,1749014700
2025-06-04 10:56:00,CE,ATM-3,14.937198,863625,24450.0,24584.1,170.45,174.05,165.5,173.0,122400,1749014760
2025-06-04 10:57:00,CE,ATM-3,14.86098,871950,24450.0,24583.45,173.3,173.6,170.75,172.15,29550,1749014820
2025-06-04 10:58:00,CE,ATM-3,15.14964,871950,24450.0,24585.5,172.0,175.25,172.0,174.95,45375,1749014880
2025-06-04 10:59:00,CE,ATM-3,14.962501,871950,24450.0,24589.0,175.2,177.85,175.2,176.75,68400,1749014940
2025-06-04 11:00:00,CE,ATM-3,15.162043,856125,24450.0,24592.75,177.35,181.55,177.35,180.45,73350,1749015000
2025-06-04 11:01:00,CE,ATM-3,15.120584,856125,24450.0,24590.85,180.0,180.4,176.95,178.8,50475,1749015060
2025-06-04 11:02:00,CE,ATM-3,15.568609,856125,24450.0,24590.0,178.55,182.0,177.9,180.1,29325,1749015120
2025-06-04 11:03:00,CE,ATM-3,15.68954,871425,24450.0,24587.65,180.55,180.7,176.8,178.85,25275,1749015180
2025-06-04 11:04:00,CE,ATM-3,15.009059,871425,24450.0,24584.85,178.85,180.0,173.25,173.7,57750,1749015240
2025-06-04 11:05:00,CE,ATM-3,15.419538,871425,24450.0,24587.25,173.95,179.25,173.6,177.3,35250,1749015300
2025-06-04 11:06:00,CE,ATM-3,15.677808,862575,24450.0,24588.15,177.8,180.3,177.0,179.1,36075,1749015360
2025-06-04 11:07:00,CE,ATM-3,15.373259,862575,24450.0,24588.05,179.35,180.0,176.55,177.65,19350,1749015420
2025-06-04 11:08:00,CE,ATM-3,15.739182,862575,24450.0,24588.65,177.65,180.6,176.7,179.7,29625,1749015480
2025-06-04 11:09:00,CE,ATM-3,15.124391,853575,24450.0,24586.45,180.55,180.55,175.3,175.3,44925,1749015540
2025-06-04 11:10:00,CE,ATM-3,15.244018,853575,24450.0,24590.15,175.3,180.2,175.3,178.6,36300,1749015600
2025-06-04 11:11:00,CE,ATM-3,15.377408,853575,24450.0,24592.05,179.0,181.45,177.5,180.6,53325,1749015660
2025-06-04 11:12:00,CE,ATM-3,14.669125,849375,24450.0,24591.1,180.35,184.15,176.8,176.8,102000,1749015720
2025-06-04 11:13:00,CE,ATM-3,15.070755,849375,24450.0,24582.1,177.3,177.55,169.3,171.7,111750,1749015780
2025-06-04 11:14:00,CE,ATM-3,14.932394,849375,24450.0,24581.55,172.4,173.15,168.7,170.65,47775,1749015840
2025-06-04 11:15:00,CE,ATM-3,15.08322,848775,24450.0,24580.55,170.8,172.8,169.5,170.55,34425,1749015900
2025-06-04 11:16:00,CE,ATM-3,14.90125,1254975,24400.0,24574.6,211.0,211.4,201.25,204.0,153375,1749015960
2025-06-04 11:17:00,CE,ATM-3,14.76406,848775,24450.0,24575.35,165.0,167.4,163.9,165.2,51150,1749016020
2025-06-04 11:18:00,CE,ATM-3,15.398834,1279275,24400.0,24573.85,205.0,205.65,201.95,205.25,51300,1749016080
2025-06-04 11:19:00,CE,ATM-3,15.42778,862650,24450.0,24582.7,165.55,173.6,165.55,173.6,92700,1749016140
2025-06-04 11:20:00,CE,ATM-3,15.302173,862650,24450.0,24585.15,173.75,177.55,172.65,174.85,129900,1749016200
2025-06-04 11:21:00,CE,ATM-3,15.27083,875925,24450.0,24584.3,175.0,175.6,173.0,174.05,36675,1749016260
2025-06-04 11:22:00,CE,ATM-3,15.330638,875925,24450.0,24588.3,175.85,178.6,174.4,177.3,54975,1749016320
2025-06-04 11:23:00,CE,ATM-3,15.919377,875925,24450.0,24589.0,177.7,180.6,176.7,180.4,55125,1749016380
2025-06-04 11:24:00,CE,ATM-3,15.836838,849300,24450.0,24591.65,181.0,182.9,179.45,182.0,66600,1749016440
2025-06-04 11:25:00,CE,ATM-3,15.579667,849300,24450.0,24595.6,182.5,184.2,180.9,183.85,71550,1749016500
2025-06-04 11:26:00,CE,ATM-3,15.815505,849300,24450.0,24592.7,183.0,184.7,181.25,182.65,54525,1749016560
2025-06-04 11:27:00,CE,ATM-3,15.582656,835350,24450.0,24594.2,183.15,184.4,182.05,182.75,33300,1749016620
2025-06-04 11:28:00,CE,ATM-3,15.271963,835350,24450.0,24594.8,182.6,186.2,181.05,181.85,68325,1749016680
2025-06-04 11:29:00,CE,ATM-3,15.68012,835350,24450.0,24590.4,181.5,182.3,178.9,180.25,30525,1749016740
2025-06-04 11:30:00,CE,ATM-3,15.845743,824250,24450.0,24594.9,180.1,184.45,180.1,184.35,42975,1749016800
2025-06-04 11:31:00,CE,ATM-3,16.280807,824250,24450.0,24599.3,185.4,190.05,183.4,189.55,105900,1749016860
2025-06-04 11:32:00,CE,ATM-3,16.076837,824250,24450.0,24597.4,188.45,188.9,185.45,187.2,38925,1749016920
2025-06-04 11:33:00,CE,ATM-3,16.478899,835800,24450.0,24594.5,186.75,187.5,184.3,186.75,37650,1749016980
2025-06-04 11:34:00,CE,ATM-3,16.246085,835800,24450.0,24594.9,186.6,187.3,185.2,186.0,36900,1749017040
2025-06-04 11:35:00,CE,ATM-3,16.181259,835800,24450.0,24598.35,186.0,188.95,186.0,188.3,33900,1749017100
2025-06-04 11:36:00,CE,ATM-3,15.993796,825900,24450.0,24600.95,188.45,190.6,187.15,189.45,58350,1749017160
2025-06-04 11:37:00,CE,ATM-3,15.220426,825900,24450.0,24596.85,189.05,189.05,182.85,183.0,56325,1749017220
2025-06-04 11:38:00,CE,ATM-3,15.608634,825900,24450.0,24596.95,182.55,184.8,180.05,184.7,35475,1749017280
2025-06-04 11:39:00,CE,ATM-3,15.199287,812325,24450.0,24598.45,184.25,185.9,183.8,184.1,22425,1749017340
2025-06-04 11:40:00,CE,ATM-3,15.070938,812325,24450.0,24597.75,183.9,184.65,182.15,183.0,19050,1749017400
2025-06-04 11:41:00,CE,ATM-3,14.990289,812325,24450.0,24594.2,183.4,183.4,178.5,179.9,63825,1749017460
2025-06-04 11:42:00,CE,ATM-3,14.621647,806775,24450.0,24592.15,180.0,180.35,176.75,176.75,49200,1749017520
2025-06-04 11:43:00,CE,ATM-3,15.25217,806775,24450.0,24592.55,177.4,180.7,177.4,179.7,25725,1749017580
2025-06-04 11:44:00,CE,ATM-3,15.499301,806775,24450.0,24592.7,179.95,181.25,178.6,180.85,17400,1749017640
2025-06-04 11:45:00,CE,ATM-3,15.100878,818475,24450.0,24593.45,181.3,182.5,179.4,179.7,26250,1749017700
2025-06-04 11:46:00,CE,ATM-3,15.158216,818475,24450.0,24593.75,179.5,181.55,178.4,180.15,16575,1749017760
2025-06-04 11:47:00,CE,ATM-3,14.454197,818475,24450.0,24591.9,180.15,180.4,173.55,175.75,63525,1749017820
2025-06-04 11:48:00,CE,ATM-3,14.480415,819975,24450.0,24590.3,175.65,176.05,173.3,174.6,39000,1749017880
2025-06-04 11:49:00,CE,ATM-3,14.702071,819975,24450.0,24586.7,173.75,174.3,171.2,172.75,45750,1749017940
2025-06-04 11:50:00,CE,ATM-3,14.713652,819975,24450.0,24588.3,172.5,174.9,171.8,174.0,30075,1749018000
2025-06-04 11:51:00,CE,ATM-3,14.409925,843000,24450.0,24589.6,174.15,174.95,171.0,173.7,28650,1749018060
2025-06-04 11:52:00,CE,ATM-3,14.492045,843000,24450.0,24586.45,173.7,173.7,169.65,171.6,52200,1749018120
2025-06-04 11:53:00,CE,ATM-3,13.997158,843000,24450.0,24588.25,171.6,171.65,170.25,170.9,17475,1749018180
2025-06-04 11:54:00,CE,ATM-3,14.328638,860700,24450.0,24590.25,171.0,173.8,169.65,173.8,37725,1749018240
2025-06-04 11:55:00,CE,ATM-3,14.052057,860700,24450.0,24589.3,173.65,174.85,171.9,171.9,36825,1749018300
2025-06-04 11:56:00,CE,ATM-3,13.82163,860700,24450.0,24585.85,170.4,170.4,164.45,168.25,134925,1749018360
2025-06-04 11:57:00,CE,ATM-3,14.34551,868575,24450.0,24584.4,167.6,171.0,167.6,169.3,35250,1749018420
2025-06-04 11:58:00,CE,ATM-3,14.373772,868575,24450.0,24589.15,169.35,173.5,169.35,173.05,33750,1749018480
2025-06-04 11:59:00,CE,ATM-3,14.32064,868575,24450.0,24594.35,174.5,178.3,174.25,176.85,83850,1749018540
2025-06-04 12:00:00,CE,ATM-3,14.156759,842025,24450.0,24594.65,178.15,178.15,175.8,176.4,29625,1749018600
2025-06-04 12:01:00,CE,ATM-3,14.246595,842025,24450.0,24592.1,176.6,178.0,173.45,174.75,49050,1749018660
2025-06-04 12:02:00,CE,ATM-3,14.342351,842025,24450.0,24593.55,174.6,176.25,174.6,176.25,13725,1749018720
2025-06-04 12:03:00,CE,ATM-3,14.170199,860850,24450.0,24591.4,176.25,176.25,172.85,173.85,24375,1749018780
2025-06-04 12:04:00,CE,ATM-3,14.107918,860850,24450.0,24592.2,173.85,174.6,173.0,174.2,30750,1749018840
2025-06-04 12:05:00,CE,ATM-3,13.842346,860850,24450.0,24593.65,175.0,176.4,173.5,174.25,33300,1749018900
2025-06-04 12:06:00,CE,ATM-3,13.692408,859575,24450.0,24592.15,174.15,175.2,171.15,172.45,30375,1749018960
2025-06-04 12:07:00,CE,ATM-3,14.0225,859575,24450.0,24590.1,172.2,173.0,170.35,172.15,17700,1749019020
2025-06-04 12:08:00,CE,ATM-3,14.366405,859575,24450.0,24599.2,172.15,181.0,171.5,180.65,58125,1749019080
2025-06-04 12:09:00,CE,ATM-3,14.110145,860550,24450.0,24601.95,180.45,182.65,179.1,181.8,72900,1749019140
2025-06-04 12:10:00,CE,ATM-3,13.768196,860550,24450.0,24604.05,180.5,183.25,180.2,182.15,57075,1749019200
2025-06-04 12:11:00,CE,ATM-3,14.21246,860550,24450.0,24604.2,181.65,185.0,180.8,183.95,57900,1749019260
2025-06-04 12:12:00,CE,ATM-3,14.288705,819675,24450.0,24602.85,183.65,183.7,181.45,183.15,23175,1749019320
2025-06-04 12:13:00,CE,ATM-3,14.708392,819675,24450.0,24606.35,183.3,187.65,182.45,187.55,47175,1749019380
2025-06-04 12:14:00,CE,ATM-3,14.111707,819675,24450.0,24607.75,187.1,189.15,186.05,186.35,72675,1749019440
2025-06-04 12:15:00,CE,ATM-3,14.215747,817800,24450.0,24605.1,186.65,188.15,184.2,184.6,61800,1749019500
2025-06-04 12:16:00,CE,ATM-3,14.41457,817800,24450.0,24602.65,184.5,186.7,183.4,183.4,24225,1749019560
2025-06-04 12:17:00,CE,ATM-3,14.395842,817800,24450.0,24598.15,183.45,183.75,179.75,179.75,73575,1749019620
2025-06-04 12:18:00,CE,ATM-3,14.58259,796425,24450.0,24599.9,180.45,183.75,180.0,181.85,25050,1749019680
2025-06-04 12:19:00,CE,ATM-3,14.117161,796425,24450.0,24604.05,182.4,185.45,180.95,183.3,29100,1749019740
2025-06-04 12:20:00,CE,ATM-3,14.387092,796425,24450.0,24604.4,184.0,185.8,183.5,184.6,29100,1749019800
2025-06-04 12:21:00,CE,ATM-3,14.672554,814800,24450.0,24596.65,184.5,184.7,178.55,179.6,62325,1749019860
2025-06-04 12:22:00,CE,ATM-3,14.557599,814800,24450.0,24602.1,179.55,184.1,179.25,183.4,29400,1749019920
2025-06-04 12:23:00,CE,ATM-3,15.617615,814800,24450.0,24605.0,183.4,190.75,183.4,189.9,78975,1749019980
2025-06-04 12:24:00,CE,ATM-3,14.941574,801000,24450.0,24605.3,189.45,190.0,186.0,187.4,65175,1749020040
2025-06-04 12:25:00,CE,ATM-3,14.360372,801000,24450.0,24602.65,186.0,186.0,182.4,183.0,50250,1749020100
2025-06-04 12:26:00,CE,ATM-3,14.55054,801000,24450.0,24599.2,183.85,183.85,180.05,181.0,32250,1749020160
2025-06-04 12:27:00,CE,ATM-3,13.769737,812475,24450.0,24597.85,181.9,181.9,176.85,176.85,47700,1749020220
2025-06-04 12:28:00,CE,ATM-3,14.163295,812475,24450.0,24595.3,177.6,178.5,175.65,176.35,41850,1749020280
2025-06-04 12:29:00,CE,ATM-3,14.456226,812475,24450.0,24594.15,176.25,177.95,174.6,176.6,45600,1749020340
2025-06-04 12:30:00,CE,ATM-3,14.939119,822000,24450.0,24584.3,177.0,177.45,170.15,171.0,90900,1749020400
2025-06-04 12:31:00,CE,ATM-3,14.649697,822000,24450.0,24588.8,171.75,174.35,170.1,173.2,95250,1749020460
2025-06-04 12:32:00,CE,ATM-3,15.025774,822000,24450.0,24589.85,173.05,175.95,172.7,175.55,51375,1749020520
2025-06-04 12:33:00,CE,ATM-3,14.546078,828900,24450.0,24597.25,175.0,179.65,173.5,179.3,75000,1749020580
2025-06-04 12:34:00,CE,ATM-3,14.821751,828900,24450.0,24593.15,179.4,179.4,176.45,177.2,42300,1749020640
2025-06-04 12:35:00,CE,ATM-3,15.0826,828900,24450.0,24594.25,177.2,179.5,176.85,179.1,25275,1749020700
2025-06-04 12:36:00,CE,ATM-3,15.092966,832500,24450.0,24591.3,179.6,179.65,176.85,176.85,21825,1749020760
2025-06-04 12:37:00,CE,ATM-3,15.206908,832500,24450.0,24588.35,176.95,177.7,174.1,175.05,24375,1749020820
2025-06-04 12:38:00,CE,ATM-3,15.43331,832500,24450.0,24586.85,174.75,176.2,174.15,174.85,19275,1749020880
2025-06-04 12:39:00,CE,ATM-3,15.510444,834975,24450.0,24592.9,174.45,180.2,174.45,179.75,44700,1749020940
2025-06-04 12:40:00,CE,ATM-3,15.120752,834975,24450.0,24596.2,179.65,181.05,179.0,180.65,37500,1749021000
2025-06-04 12:41:00,CE,ATM-3,15.618438,834975,24450.0,24591.25,180.65,181.05,176.45,178.9,48975,1749021060
2025-06-04 12:42:00,CE,ATM-3,15.412617,829425,24450.0,24596.65,179.15,182.8,178.55,182.15,60675,1749021120
2025-06-04 12:43:00,CE,ATM-3,15.944053,829425,24450.0,24595.75,182.55,184.55,180.4,183.65,48300,1749021180
2025-06-04 12:44:00,CE,ATM-3,15.99499,829425,24450.0,24600.6,184.8,188.6,184.05,187.55,88125,1749021240
2025-06-04 12:45:00,CE,ATM-3,15.994382,775575,24450.0,24601.35,186.1,190.15,186.1,188.1,71850,1749021300
2025-06-04 12:46:00,CE,ATM-3,15.841016,775575,24450.0,24603.75,188.45,190.1,187.4,189.3,54825,1749021360
2025-06-04 12:47:00,CE,ATM-3,14.995555,775575,24450.0,24603.45,189.3,191.1,185.4,185.65,56700,1749021420
2025-06-04 12:48:00,CE,ATM-3,15.936423,762750,24450.0,24601.3,185.85,187.75,184.6,187.75,29025,1749021480
2025-06-04 12:49:00,CE,ATM-3,15.809012,762750,24450.0,24598.05,187.5,187.6,183.6,184.7,33000,1749021540
2025-06-04 12:50:00,CE,ATM-3,15.416951,762750,24450.0,24600.55,185.15,187.9,184.65,185.0,19425,1749021600
2025-06-04 12:51:00,CE,ATM-3,15.0405,753900,24450.0,24597.2,185.25,185.25,180.55,180.85,27750,1749021660
2025-06-04 12:52:00,CE,ATM-3,15.357479,753900,24450.0,24602.65,180.6,186.85,179.55,186.35,70725,1749021720
2025-06-04 12:53:00,CE,ATM-3,15.375314,753900,24450.0,24598.15,185.45,185.45,182.35,182.9,31875,1749021780
2025-06-04 12:54:00,CE,ATM-3,15.144594,762375,24450.0,24596.1,182.9,183.6,179.2,180.35,27075,1749021840
2025-06-04 12:55:00,CE,ATM-3,14.90873,762375,24450.0,24601.25,180.5,183.4,179.3,183.4,23475,1749021900
2025-06-04 12:56:00,CE,ATM-3,15.207224,762375,24450.0,24597.25,183.9,183.9,180.9,181.45,27300,1749021960
2025-06-04 12:57:00,CE,ATM-3,15.601317,772350,24450.0,24598.5,182.15,184.35,181.0,184.0,17400,1749022020
2025-06-04 12:58:00,CE,ATM-3,15.788684,772350,24450.0,24599.35,184.95,185.4,183.65,185.4,19275,1749022080
2025-06-04 12:59:00,CE,ATM-3,16.372959,772350,24450.0,24602.1,185.35,190.2,185.25,189.9,57900,1749022140
2025-06-04 13:00:00,CE,ATM-3,16.186104,697425,24450.0,24618.0,190.15,202.55,189.75,201.5,223650,1749022200
2025-06-04 13:01:00,CE,ATM-3,15.74743,697425,24450.0,24614.75,202.85,203.85,195.5,197.2,118800,1749022260
2025-06-04 13:02:00,CE,ATM-3,16.019503,697425,24450.0,24614.45,197.25,198.0,193.5,198.0,83025,1749022320
2025-06-04 13:03:00,CE,ATM-3,15.5002,696975,24450.0,24615.5,197.6,197.6,195.35,196.8,29850,1749022380
2025-06-04 13:04:00,CE,ATM-3,15.420974,696975,24450.0,24613.9,196.9,197.0,194.2,195.2,29550,1749022440
2025-06-04 13:05:00,CE,ATM-3,15.920685,696975,24450.0,24613.0,195.6,198.5,195.0,196.4,45450,1749022500
2025-06-04 13:06:00,CE,ATM-3,15.816321,684600,24450.0,24611.2,197.1,199.55,193.1,194.55,58500,1749022560
2025-06-04 13:07:00,CE,ATM-3,15.827673,684600,24450.0,24611.3,194.25,196.9,193.4,194.65,34200,1749022620
2025-06-04 13:08:00,CE,ATM-3,15.354898,684600,24450.0,24611.25,195.0,196.45,191.7,192.75,41175,1749022680
2025-06-04 13:09:00,CE,ATM-3,15.38614,703350,24450.0,24607.65,192.95,193.45,188.25,190.0,49125,1749022740
2025-06-04 13:10:00,CE,ATM-3,14.605528,703350,24450.0,24610.6,189.95,191.4,188.55,189.35,25350,1749022800
2025-06-04 13:11:00,CE,ATM-3,14.450435,703350,24450.0,24608.05,189.2,190.65,186.1,186.7,36450,1749022860
2025-06-04 13:12:00,CE,ATM-3,13.961297,718800,24450.0,24605.3,187.25,188.45,182.5,182.65,65250,1749022920
2025-06-04 13:13:00,CE,ATM-3,14.724829,718800,24450.0,24600.7,182.6,184.2,181.0,181.85,39300,1749022980
2025-06-04 13:14:00,CE,ATM-3,15.301785,718800,24450.0,24600.25,183.0,184.3,181.45,183.75,35100,1749023040
2025-06-04 13:15:00,CE,ATM-3,14.468348,747975,24450.0,24596.95,183.2,184.5,177.2,177.85,64050,1749023100
2025-06-04 13:16:00,CE,ATM-3,14.769677,747975,24450.0,24597.7,178.05,180.7,178.0,179.6,71475,1749023160
2025-06-04 13:17:00,CE,ATM-3,14.596785,747975,24450.0,24600.3,180.0,181.05,178.75,180.95,27300,1749023220
2025-06-04 13:18:00,CE,ATM-3,15.530954,747975,24450.0,24596.6,181.0,183.2,178.7,181.75,79500,1749023280
2025-06-04 13:19:00,CE,ATM-3,13.952986,818100,24450.0,24602.35,182.0,184.5,180.1,180.1,89475,1749023340
2025-06-04 13:20:00,CE,ATM-3,14.514821,818100,24450.0,24604.05,180.75,184.05,180.25,183.55,43200,1749023400
2025-06-04 13:21:00,CE,ATM-3,14.995454,818100,24450.0,24602.25,183.8,184.15,182.0,183.95,20925,1749023460
2025-06-04 13:22:00,CE,ATM-3,14.580536,764925,24450.0,24600.2,183.05,183.8,180.15,180.7,23850,1749023520
2025-06-04 13:23:00,CE,ATM-3,15.149566,764925,24450.0,24593.9,180.75,180.9,174.85,178.0,83475,1749023580
2025-06-04 13:24:00,CE,ATM-3,14.633384,764925,24450.0,24601.45,178.0,181.85,177.95,181.85,52875,1749023640
2025-06-04 13:25:00,CE,ATM-3,14.349174,764400,24450.0,24603.15,182.0,183.8,180.8,182.1,41475,1749023700
2025-06-04 13:26:00,CE,ATM-3,14.767455,764400,24450.0,24603.0,181.7,184.2,181.6,183.55,27975,1749023760
2025-06-04 13:27:00,CE,ATM-3,15.031545,764400,24450.0,24603.7,183.8,185.7,182.05,185.1,48750,1749023820
2025-06-04 13:28:00,CE,ATM-3,14.923496,762150,24450.0,24606.9,185.0,187.2,184.75,187.2,43500,1749023880
2025-06-04 13:29:00,CE,ATM-3,15.169741,762150,24450.0,24608.2,186.05,189.15,186.05,189.15,72450,1749023940
2025-06-04 13:30:00,CE,ATM-3,14.920681,762150,24450.0,24609.6,188.4,191.55,188.4,189.3,60000,1749024000
2025-06-04 13:31:00,CE,ATM-3,14.961099,717675,24450.0,24610.0,188.7,192.5,187.8,189.75,65400,1749024060
2025-06-04 13:32:00,CE,ATM-3,14.860086,717675,24450.0,24608.0,189.65,190.0,187.45,187.75,39900,1749024120
2025-06-04 13:33:00,CE,ATM-3,15.787144,717675,24450.0,24603.15,188.05,188.05,186.05,187.5,23550,1749024180
2025-06-04 13:34:00,CE,ATM-3,15.736232,699375,24450.0,24607.15,187.5,191.1,186.95,190.4,42225,1749024240
2025-06-04 13:35:00,CE,ATM-3,15.638575,699375,24450.0,24605.5,190.5,191.1,187.65,188.7,27750,1749024300
2025-06-04 13:36:00,CE,ATM-3,15.731916,699375,24450.0,24605.7,189.75,190.65,188.25,189.2,11775,1749024360
2025-06-04 13:37:00,CE,ATM-3,15.134994,690300,24450.0,24608.15,190.0,190.0,187.85,188.8,7275,1749024420
2025-06-04 13:38:00,CE,ATM-3,15.353112,690300,24450.0,24608.2,189.05,190.8,187.0,189.65,24000,1749024480
2025-06-04 13:39:00,CE,ATM-3,14.792943,690300,24450.0,24603.55,189.55,189.55,183.55,183.8,38175,1749024540
2025-06-04 13:40:00,CE,ATM-3,15.049441,704550,24450.0,24603.6,183.75,185.3,181.7,184.8,44325,1749024600
2025-06-04 13:41:00,CE,ATM-3,15.144576,704550,24450.0,24605.0,183.75,186.8,183.0,186.25,13275,1749024660
2025-06-04 13:42:00,CE,ATM-3,14.805726,704550,24450.0,24607.4,186.2,188.7,186.1,186.85,51450,1749024720
2025-06-04 13:43:00,CE,ATM-3,14.342291,697200,24450.0,24604.9,186.7,187.55,183.1,183.1,27225,1749024780
2025-06-04 13:44:00,CE,ATM-3,14.322674,697200,24450.0,24605.7,183.0,185.2,182.8,183.65,14700,1749024840
2025-06-04 13:45:00,CE,ATM-3,15.127271,697200,24450.0,24605.45,182.8,186.95,182.8,186.45,13650,1749024900
2025-06-04 13:46:00,CE,ATM-3,15.261423,692100,24450.0,24604.7,185.6,186.35,184.05,186.35,16575,1749024960
2025-06-04 13:47:00,CE,ATM-3,15.70898,692100,24450.0,24606.4,186.15,189.7,185.5,189.4,28800,1749025020
2025-06-04 13:48:00,CE,ATM-3,15.159364,692100,24450.0,24611.85,190.05,193.0,189.8,191.6,64800,1749025080
2025-06-04 13:49:00,CE,ATM-3,15.469364,682425,24450.0,24612.05,191.0,192.9,190.8,192.9,21900,1749025140
2025-06-04 13:50:00,CE,ATM-3,15.232876,682425,24450.0,24612.0,191.9,194.45,191.55,191.95,40050,1749025200
2025-06-04 13:51:00,CE,ATM-3,14.955316,682425,24450.0,24612.25,192.2,192.2,190.25,191.1,26100,1749025260
2025-06-04 13:52:00,CE,ATM-3,15.102492,684075,24450.0,24611.35,191.15,192.8,189.4,190.9,29250,1749025320
2025-06-04 13:53:00,CE,ATM-3,15.163333,684075,24450.0,24614.15,191.85,193.85,190.9,193.35,24150,1749025380
2025-06-04 13:54:00,CE,ATM-3,16.18529,684075,24450.0,24618.6,193.35,204.45,193.35,200.7,186075,1749025440
2025-06-04 13:55:00,CE,ATM-3,15.79375,658575,24450.0,24616.4,197.3,197.85,193.2,197.45,102450,1749025500
2025-06-04 13:56:00,CE,ATM-3,14.958972,658575,24450.0,24616.7,196.3,198.3,193.8,194.6,55425,1749025560
2025-06-04 13:57:00,CE,ATM-3,15.110331,658575,24450.0,24616.05,195.0,196.4,194.6,194.6,25800,1749025620
2025-06-04 13:58:00,CE,ATM-3,15.382131,666825,24450.0,24617.7,194.6,198.25,194.0,196.9,38400,1749025680
2025-06-04 13:59:00,CE,ATM-3,15.192762,666825,24450.0,24621.35,197.9,201.25,197.55,199.15,57900,1749025740
2025-06-04 14:00:00,CE,ATM-3,14.950971,666825,24450.0,24621.75,199.8,201.75,198.45,198.6,59325,1749025800
2025-06-04 14:01:00,CE,ATM-3,15.194444,629775,24450.0,24620.35,196.9,198.6,195.9,198.3,41925,1749025860
2025-06-04 14:02:00,CE,ATM-3,15.139526,629775,24450.0,24612.7,197.85,198.0,190.95,191.9,64050,1749025920
2025-06-04 14:03:00,CE,ATM-3,15.27551,629775,24450.0,24612.6,192.4,194.05,190.5,192.3,35250,1749025980
2025-06-04 14:04:00,CE,ATM-3,15.450021,622275,24450.0,24616.5,192.55,196.45,192.55,196.05,37950,1749026040
2025-06-04 14:05:00,CE,ATM-3,15.613666,622275,24450.0,24619.45,195.45,200.9,195.35,199.0,56625,1749026100
2025-06-04 14:06:00,CE,ATM-3,15.61054,622275,24450.0,24618.0,199.0,199.8,196.0,197.8,16650,1749026160
2025-06-04 14:07:00,CE,ATM-3,15.651626,605775,24450.0,24622.0,197.8,202.0,197.8,201.15,55350,1749026220
2025-06-04 14:08:00,CE,ATM-3,16.040491,5213925,24500.0,24630.65,160.65,174.1,159.85,170.7,1177050,1749026280
2025-06-04 14:09:00,CE,ATM-3,15.283819,5213925,24500.0,24627.15,172.8,172.8,164.85,164.85,537975,1749026340
2025-06-04 14:10:00,CE,ATM-3,14.781375,4779900,24500.0,24625.6,164.3,166.0,161.35,161.55,517125,1749026400
2025-06-04 14:11:00,CE,ATM-3,15.553204,556950,24450.0,24614.85,202.0,202.0,193.8,194.95,99000,1749026460
2025-06-04 14:12:00,CE,ATM-3,15.73072,556950,24450.0,24613.8,195.15,197.15,194.25,194.75,45000,1749026520
2025-06-04 14:13:00,CE,ATM-3,15.675936,586725,24450.0,24617.15,196.65,198.0,194.8,197.2,39375,1749026580
2025-06-04 14:14:00,CE,ATM-3,15.568266,586725,24450.0,24616.55,197.9,199.7,195.65,196.3,38100,1749026640
2025-06-04 14:15:00,CE,ATM-3,14.938221,586725,24450.0,24620.6,197.9,199.85,196.95,197.3,30900,1749026700
2025-06-04 14:16:00,CE,ATM-3,15.069062,606375,24450.0,24623.55,197.6,201.05,197.6,200.15,50400,1749026760
2025-06-04 14:17:00,CE,ATM-3,15.248412,606375,24450.0,24623.3,200.15,201.4,198.25,200.55,50025,1749026820
2025-06-04 14:18:00,CE,ATM-3,14.585208,606375,24450.0,24622.7,200.85,201.15,196.75,197.75,28350,1749026880
2025-06-04 14:19:00,CE,ATM-3,14.96101,652425,24450.0,24621.4,198.15,199.5,195.85,197.95,42450,1749026940
2025-06-04 14:20:00,CE,ATM-3,15.50675,652425,24450.0,24618.55,198.9,198.9,195.3,197.55,19125,1749027000
2025-06-04 14:21:00,CE,ATM-3,14.905928,652425,24450.0,24622.05,197.5,201.4,196.15,198.25,66000,1749027060
2025-06-04 14:22:00,CE,ATM-3,14.251069,638850,24450.0,24620.35,196.65,199.5,192.9,194.6,60000,1749027120
2025-06-04 14:23:00,CE,ATM-3,14.6731,638850,24450.0,24617.9,194.55,194.55,191.75,194.0,32850,1749027180
2025-06-04 14:24:00,CE,ATM-3,15.926912,638850,24450.0,24621.3,194.2,201.8,193.5,201.2,53550,1749027240
2025-06-04 14:25:00,CE,ATM-3,15.696319,633825,24450.0,24619.45,201.2,201.45,198.2,198.85,36300,1749027300
2025-06-04 14:26:00,CE,ATM-3,15.369565,633825,24450.0,24620.25,198.2,200.0,198.15,198.3,15075,1749027360
2025-06-04 14:27:00,CE,ATM-3,15.223642,633825,24450.0,24617.65,198.3,198.85,195.2,195.65,19500,1749027420
2025-06-04 14:28:00,CE,ATM-3,14.463856,629025,24450.0,24618.9,196.25,196.8,194.0,194.0,21525,1749027480
2025-06-04 14:29:00,CE,ATM-3,15.021462,629025,24450.0,24612.85,193.8,194.2,187.65,191.0,100125,1749027540
2025-06-04 14:30:00,CE,ATM-3,15.138032,629025,24450.0,24616.75,191.8,195.7,191.8,194.55,57225,1749027600
2025-06-04 14:31:00,CE,ATM-3,14.28338,649125,24450.0,24622.6,194.2,196.4,193.3,196.4,24225,1749027660
2025-06-04 14:32:00,CE,ATM-3,14.83414,649125,24450.0,24619.95,195.95,196.75,193.15,196.05,39675,1749027720
2025-06-04 14:33:00,CE,ATM-3,14.782044,649125,24450.0,24621.35,196.15,197.55,193.15,197.0,22125,1749027780
2025-06-04 14:34:00,CE,ATM-3,14.941708,641025,24450.0,24621.5,197.0,198.9,194.9,197.65,33375,1749027840
2025-06-04 14:35:00,CE,ATM-3,14.813264,641025,24450.0,24622.0,197.65,198.8,197.0,197.6,24450,1749027900
2025-06-04 14:36:00,CE,ATM-3,15.009109,641025,24450.0,24619.25,198.0,198.0,195.05,196.0,16875,1749027960
2025-06-04 14:37:00,CE,ATM-3,14.907753,631800,24450.0,24620.5,195.85,198.5,195.1,196.65,13200,1749028020
2025-06-04 14:38:00,CE,ATM-3,14.591873,631800,24450.0,24619.65,196.9,196.9,192.8,194.85,25500,1749028080
2025-06-04 14:39:00,CE,ATM-3,14.458277,631800,24450.0,24618.95,195.55,196.2,192.3,193.8,13575,1749028140
2025-06-04 14:40:00,CE,ATM-3,15.022667,639525,24450.0,24618.5,193.15,196.5,193.15,195.35,13500,1749028200
2025-06-04 14:41:00,CE,ATM-3,15.840314,639525,24450.0,24616.45,194.9,196.6,194.3,196.6,12750,1749028260
2025-06-04 14:42:00,CE,ATM-3,15.867803,639525,24450.0,24614.6,196.6,197.65,195.0,195.2,31575,1749028320
2025-06-04 14:43:00,CE,ATM-3,15.260741,636975,24450.0,24621.3,195.2,200.15,192.95,198.4,48675,1749028380
2025-06-04 14:44:00,CE,ATM-3,16.526076,636975,24450.0,24615.15,198.85,198.85,195.2,198.05,17475,1749028440
2025-06-04 14:45:00,CE,ATM-3,15.552678,636975,24450.0,24616.0,198.0,198.95,194.0,195.1,16950,1749028500
2025-06-04 14:46:00,CE,ATM-3,16.019202,616875,24450.0,24616.65,195.6,197.3,194.55,197.3,12075,1749028560
2025-06-04 14:47:00,CE,ATM-3,15.595587,616875,24450.0,24616.05,197.4,197.4,192.2,195.25,17775,1749028620
2025-06-04 14:48:00,CE,ATM-3,15.455114,616875,24450.0,24615.9,195.25,196.55,194.6,194.6,11925,1749028680
2025-06-04 14:49:00,CE,ATM-3,16.198682,609600,24450.0,24612.5,194.6,196.7,193.45,194.6,13725,1749028740
2025-06-04 14:50:00,CE,ATM-3,15.282251,609600,24450.0,24619.0,194.6,197.1,194.6,196.45,26475,1749028800
2025-06-04 14:51:00,CE,ATM-3,16.446893,609600,24450.0,24615.05,196.45,199.0,195.65,197.5,31275,1749028860
2025-06-04 14:52:00,CE,ATM-3,16.191793,610275,24450.0,24618.1,197.0,199.0,196.5,198.95,17250,1749028920
2025-06-04 14:53:00,CE,ATM-3,16.695291,610275,24450.0,24615.7,199.3,199.3,197.3,198.9,25575,1749028980
2025-06-04 14:54:00,CE,ATM-3,16.651764,610275,24450.0,24615.75,198.9,199.3,196.8,198.75,20625,1749029040
2025-06-04 14:55:00,CE,ATM-3,16.679852,594000,24450.0,24617.8,198.75,201.5,198.0,200.45,46050,1749029100
2025-06-04 14:56:00,CE,ATM-3,16.207398,594000,24450.0,24623.2,200.05,204.0,200.05,203.0,59325,1749029160
2025-06-04 14:57:00,CE,ATM-3,16.094573,4419000,24500.0,24628.3,162.5,168.7,162.5,167.9,513825,1749029220
2025-06-04 14:58:00,CE,ATM-3,15.065396,4260600,24500.0,24629.55,167.8,167.8,163.95,164.55,302700,1749029280
2025-06-04 14:59:00,CE,ATM-3,14.724138,4260600,24500.0,24628.9,164.15,165.0,161.3,162.65,229950,1749029340
2025-06-04 15:00:00,CE,ATM-3,13.359508,4260600,24500.0,24635.4,162.4,166.0,159.4,162.4,556725,1749029400
2025-06-04 15:01:00,CE,ATM-3,12.476993,4257075,24500.0,24642.15,163.15,165.55,162.5,164.7,339300,1749029460
2025-06-04 15:02:00,CE,ATM-3,12.181653,4257075,24500.0,24640.65,165.45,165.45,161.1,162.45,266775,1749029520
2025-06-04 15:03:00,CE,ATM-3,11.989243,4257075,24500.0,24639.15,162.7,164.3,159.65,160.55,275550,1749029580
2025-06-04 15:04:00,CE,ATM-3,12.308614,4170825,24500.0,24639.2,161.4,162.5,159.0,161.65,234450,1749029640
2025-06-04 15:05:00,CE,ATM-3,12.552575,4170825,24500.0,24637.15,162.3,162.5,160.65,160.8,107775,1749029700
2025-06-04 15:06:00,CE,ATM-3,13.012818,4170825,24500.0,24632.95,160.4,161.85,159.05,159.05,117450,1749029760
2025-06-04 15:07:00,CE,ATM-3,12.817301,4030725,24500.0,24627.15,159.15,159.15,153.25,153.7,467325,1749029820
2025-06-04 15:08:00,CE,ATM-3,13.039587,4030725,24500.0,24625.35,154.45,154.95,153.0,153.1,199200,1749029880
2025-06-04 15:09:00,CE,ATM-3,12.363625,4030725,24500.0,24625.85,153.75,154.35,149.25,150.95,341400,1749029940
2025-06-04 15:10:00,CE,ATM-3,11.493461,573600,24450.0,24623.55,190.9,191.05,187.2,188.45,42150,1749030000
2025-06-04 15:11:00,CE,ATM-3,12.846112,573600,24450.0,24622.45,189.2,191.1,187.85,191.1,41100,1749030060
2025-06-04 15:12:00,CE,ATM-3,13.205082,573600,24450.0,24621.65,191.9,192.6,190.0,191.45,43950,1749030120
2025-06-04 15:13:00,CE,ATM-3,13.676203,590175,24450.0,24618.25,191.45,191.75,188.3,190.0,16800,1749030180
2025-06-04 15:14:00,CE,ATM-3,14.503763,590175,24450.0,24616.9,189.85,192.0,189.0,191.55,26550,1749030240
2025-06-04 15:15:00,CE,ATM-3,15.523608,590175,24450.0,24612.5,191.4,191.95,189.9,191.5,60450,1749030300
2025-06-04 15:16:00,CE,ATM-3,15.328959,560775,24450.0,24614.2,190.95,193.55,190.05,192.15,50100,1749030360
2025-06-04 15:17:00,CE,ATM-3,15.48551,560775,24450.0,24613.35,192.25,192.95,189.8,192.0,23475,1749030420
2025-06-04 15:18:00,CE,ATM-3,15.874787,560775,24450.0,24611.05,192.7,193.2,190.5,191.55,21825,1749030480
2025-06-04 15:19:00,CE,ATM-3,15.146165,546900,24450.0,24610.5,190.5,192.1,188.05,188.45,27225,1749030540
2025-06-04 15:20:00,CE,ATM-3,16.049124,546900,24450.0,24607.45,189.05,189.85,188.8,189.3,40200,1749030600
2025-06-04 15:21:00,CE,ATM-3,15.608503,546900,24450.0,24609.6,189.5,190.4,189.2,189.35,25800,1749030660
2025-06-04 15:22:00,CE,ATM-3,15.839956,524175,24450.0,24610.45,189.75,190.85,188.8,190.85,28500,1749030720
2025-06-04 15:23:00,CE,ATM-3,14.943165,524175,24450.0,24611.25,190.95,190.95,187.95,188.25,23250,1749030780
2025-06-04 15:24:00,CE,ATM-3,14.965778,524175,24450.0,24607.15,188.45,188.65,184.8,185.0,52800,1749030840
2025-06-04 15:25:00,CE,ATM-3,15.315563,485700,24450.0,24610.6,185.0,190.5,185.0,189.0,58275,1749030900
2025-06-04 15:26:00,CE,ATM-3,13.97641,485700,24450.0,24613.8,189.1,189.1,186.35,187.0,27975,1749030960
2025-06-04 15:27:00,CE,ATM-3,13.118277,485700,24450.0,24615.8,187.15,188.15,185.8,185.95,35100,1749031020
2025-06-04 15:28:00,CE,ATM-3,11.708022,431550,24450.0,24617.9,186.55,187.6,183.05,183.75,46350,1749031080
2025-06-04 15:29:00,CE,ATM-3,12.214661,431550,24450.0,24612.0,184.4,184.45,180.0,180.0,57600,1749031140
2025-06-05 09:15:00,CE,ATM-3,0.0,3128400,24500.0,24661.6,154.0,173.85,147.35,161.0,913350,1749095100
2025-06-05 09:16:00,CE,ATM-3,16.175145,3128400,24500.0,24627.1,160.8,160.8,133.0,134.6,952725,1749095160
2025-06-05 09:17:00,CE,ATM-3,9.613602,3128400,24500.0,24636.4,133.7,139.25,129.0,138.45,916350,1749095220
2025-06-05 09:18:00,CE,ATM-3,0.0,469650,24450.0,24624.5,178.0,180.0,171.0,174.45,107400,1749095280
2025-06-05 09:19:00,CE,ATM-3,12.686774,3735150,24500.0,24627.3,132.15,137.35,130.3,131.15,450000,1749095340
2025-06-05 09:20:00,CE,ATM-3,14.108675,3735150,24500.0,24631.5,130.4,137.25,122.95,136.25,1005300,1749095400
2025-06-05 09:21:00,CE,ATM-3,0.0,4047675,24500.0,24643.4,137.25,145.85,136.85,144.65,1008525,1749095460
2025-06-05 09:22:00,CE,ATM-3,0.0,4047675,24500.0,24653.9,145.6,155.65,140.2,151.45,1050975,1749095520
2025-06-05 09:23:00,CE,ATM-3,0.0,4047675,24500.0,24658.05,150.8,160.0,146.65,155.0,1028700,1749095580
2025-06-05 09:24:00,CE,ATM-3,11.429817,3787425,24500.0,24666.8,155.2,168.8,155.0,168.8,1037550,1749095640
2025-06-05 09:25:00,CE,ATM-3,23.211279,3291750,24550.0,24684.5,124.25,151.2,122.05,151.2,1904475,1749095700
2025-06-05 09:26:00,CE,ATM-3,23.629127,3291750,24550.0,24687.85,154.95,171.15,149.45,154.6,1515525,1749095760
2025-06-05 09:27:00,CE,ATM-3,23.024415,2394150,24550.0,24706.3,159.05,183.9,157.45,169.05,999000,1749095820
2025-06-05 09:28:00,CE,ATM-3,23.845272,2394150,24550.0,24704.2,169.5,171.85,161.0,168.45,393900,1749095880
2025-06-05 09:29:00,CE,ATM-3,23.462062,2394150,24550.0,24715.5,164.25,184.3,163.7,177.5,503700,1749095940
2025-06-05 09:30:00,CE,ATM-3,21.260048,2208075,24550.0,24709.1,176.9,188.3,164.35,168.9,588975,1749096000
2025-06-05 09:31:00,CE,ATM-3,23.97739,2208075,24550.0,24715.7,170.75,182.1,166.65,178.3,324825,1749096060
2025-06-05 09:32:00,CE,ATM-3,27.845452,2208075,24550.0,24713.0,179.1,182.3,171.75,182.0,250275,1749096120
2025-06-05 09:33:00,CE,ATM-3,24.559003,8577900,24600.0,24733.45,138.7,157.75,133.5,152.3,2849625,1749096180
2025-06-05 09:34:00,CE,ATM-3,26.59985,8577900,24600.0,24737.3,152.3,159.0,146.85,159.0,1873575,1749096240
2025-06-05 09:35:00,CE,ATM-3,27.638603,8577900,24600.0,24744.25,156.6,166.35,151.2,166.35,1463700,1749096300
2025-06-05 09:36:00,CE,ATM-3,23.105874,7482675,24600.0,24741.55,163.05,169.4,154.95,156.3,1611675,1749096360
2025-06-05 09:37:00,CE,ATM-3,25.019279,7482675,24600.0,24736.55,157.25,157.25,147.0,155.35,1076325,1749096420
2025-06-05 09:38:00,CE,ATM-3,22.632013,7482675,24600.0,24746.3,154.0,161.9,151.0,159.45,630300,1749096480
2025-06-05 09:39:00,CE,ATM-3,24.020627,6936900,24600.0,24737.1,160.25,160.8,151.4,153.95,542475,1749096540
2025-06-05 09:40:00,CE,ATM-3,23.340471,6936900,24600.0,24743.05,155.7,161.05,152.95,157.7,559500,1749096600
2025-06-05 09:41:00,CE,ATM-3,25.100906,6936900,24600.0,24743.4,157.7,162.5,154.05,160.8,474675,1749096660
2025-06-05 09:42:00,CE,ATM-3,22.308216,6739725,24600.0,24745.7,159.9,164.5,156.15,158.25,692625,1749096720
2025-06-05 09:43:00,CE,ATM-3,19.69484,6739725,24600.0,24737.1,157.75,157.75,144.05,147.1,776400,1749096780
2025-06-05 09:44:00,CE,ATM-3,17.957687,6739725,24600.0,24747.15,147.65,156.0,139.6,153.85,1108500,1749096840
2025-06-05 09:45:00,CE,ATM-3,10.06503,6503100,24600.0,24756.25,154.55,162.25,153.1,158.0,786075,1749096900
2025-06-05 09:46:00,CE,ATM-3,12.736377,6503100,24600.0,24749.4,156.5,158.4,149.35,151.95,480525,1749096960
2025-06-05 09:47:00,CE,ATM-3,16.735739,6503100,24600.0,24754.4,151.65,159.8,146.8,159.25,583650,1749097020
2025-06-05 09:48:00,CE,ATM-3,14.486347,6338850,24600.0,24752.7,158.1,160.1,153.55,156.0,522150,1749097080
2025-06-05 09:49:00,CE,ATM-3,20.551916,6338850,24600.0,24751.2,156.3,163.5,156.3,160.3,598500,1749097140
2025-06-05 09:50:00,CE,ATM-3,18.206585,6338850,24600.0,24757.55,160.9,165.6,158.6,163.4,534075,1749097200
2025-06-05 09:51:00,CE,ATM-3,19.640469,6074625,24600.0,24755.3,162.75,167.75,160.55,162.8,668325,1749097260
2025-06-05 09:52:00,CE,ATM-3,22.822375,6074625,24600.0,24756.5,163.1,170.95,161.4,167.75,653550,1749097320
2025-06-05 09:53:00,CE,ATM-3,18.175864,6074625,24600.0,24756.1,165.7,172.75,161.75,161.95,672450,1749097380
2025-06-05 09:54:00,CE,ATM-3,21.933933,5931150,24600.0,24753.6,162.55,166.5,161.45,163.95,333600,1749097440
2025-06-05 09:55:00,CE,ATM-3,23.734414,5931150,24600.0,24742.45,164.65,164.65,152.75,156.95,646050,1749097500
2025-06-05 09:56:00,CE,ATM-3,22.002264,5931150,24600.0,24752.4,157.5,162.9,156.75,162.9,323400,1749097560
2025-06-05 09:57:00,CE,ATM-3,11.804272,5851050,24600.0,24751.45,162.7,164.25,150.75,153.5,457800,1749097620
2025-06-05 09:58:00,CE,ATM-3,14.833724,5851050,24600.0,24751.3,154.0,154.85,151.35,154.7,233100,1749097680
2025-06-05 09:59:00,CE,ATM-3,0.0,5851050,24600.0,24749.2,154.05,156.3,148.65,149.35,355800,1749097740
2025-06-05 10:00:00,CE,ATM-3,0.0,5898525,24600.0,24754.25,150.55,156.65,150.55,153.35,319350,1749097800
2025-06-05 10:01:00,CE,ATM-3,12.879992,5898525,24600.0,24753.95,154.55,156.25,149.55,156.25,380325,1749097860
2025-06-05 10:02:00,CE,ATM-3,0.0,5898525,24600.0,24754.6,156.05,158.2,152.45,154.65,388350,1749097920
2025-06-05 10:03:00,CE,ATM-3,14.008503,5733525,24600.0,24752.6,154.95,157.65,153.4,155.4,180525,1749097980
2025-06-05 10:04:00,CE,ATM-3,12.825011,5733525,24600.0,24748.1,154.4,154.8,144.0,150.5,636300,1749098040
2025-06-05 10:05:00,CE,ATM-3,0.0,5733525,24600.0,24747.35,150.85,152.3,147.3,147.85,234450,1749098100
2025-06-05 10:06:00,CE,ATM-3,16.308288,5732025,24600.0,24743.25,147.35,149.95,144.6,148.05,300375,1749098160
2025-06-05 10:07:00,CE,ATM-3,16.966043,5732025,24600.0,24735.3,148.95,149.4,138.2,141.35,559050,1749098220
2025-06-05 10:08:00,CE,ATM-3,15.62716,5732025,24600.0,24732.75,142.0,142.65,136.85,137.7,386775,1749098280
2025-06-05 10:09:00,CE,ATM-3,0.0,5656875,24600.0,24734.45,138.2,139.25,134.65,134.7,624450,1749098340
2025-06-05 10:10:00,CE,ATM-3,14.14476,5656875,24600.0,24737.15,135.15,141.6,135.15,140.6,403200,1749098400
2025-06-05 10:11:00,CE,ATM-3,13.408204,5656875,24600.0,24736.65,141.1,141.7,135.8,139.65,410325,1749098460
2025-06-05 10:12:00,CE,ATM-3,12.929006,5660325,24600.0,24737.25,140.0,141.5,137.75,139.95,218325,1749098520
2025-06-05 10:13:00,CE,ATM-3,13.340264,5660325,24600.0,24727.1,138.15,138.4,125.85,130.5,849225,1749098580
2025-06-05 10:14:00,CE,ATM-3,11.490788,5660325,24600.0,24732.25,129.2,135.6,129.2,134.45,435375,1749098640
2025-06-05 10:15:00,CE,ATM-3,0.0,5666625,24600.0,24733.6,135.1,136.1,130.05,131.9,362550,1749098700
2025-06-05 10:16:00,CE,ATM-3,0.0,5666625,24600.0,24727.95,131.4,135.95,126.15,126.75,453150,1749098760
2025-06-05 10:17:00,CE,ATM-3,0.0,5666625,24600.0,24726.05,124.95,127.75,124.95,126.35,384525,1749098820
2025-06-05 10:18:00,CE,ATM-3,0.0,1439550,24550.0,24714.4,173.65,174.45,163.65,164.45,122250,1749098880
2025-06-05 10:19:00,CE,ATM-3,0.0,1439550,24550.0,24720.0,162.95,169.0,162.95,168.0,131550,1749098940
2025-06-05 10:20:00,CE,ATM-3,0.0,1439550,24550.0,24719.6,168.85,173.65,166.95,170.0,100125,1749099000
2025-06-05 10:21:00,CE,ATM-3,0.0,1456875,24550.0,24720.6,167.65,171.15,166.45,171.15,70125,1749099060
2025-06-05 10:22:00,CE,ATM-3,0.0,5958075,24600.0,24725.5,125.4,127.85,122.0,122.0,552375,1749099120
2025-06-05 10:23:00,CE,ATM-3,0.0,1456875,24550.0,24722.8,169.0,170.15,165.05,168.2,106200,1749099180
2025-06-05 10:24:00,CE,ATM-3,0.0,6022725,24600.0,24734.85,120.35,131.05,120.15,128.0,588825,1749099240
2025-06-05 10:25:00,CE,ATM-3,0.0,6022725,24600.0,24736.6,127.2,132.9,127.05,130.7,834150,1749099300
2025-06-05 10:26:00,CE,ATM-3,0.0,6022725,24600.0,24730.65,130.55,133.95,125.25,125.35,735900,1749099360
2025-06-05 10:27:00,CE,ATM-3,0.0,1504425,24550.0,24721.9,172.9,173.05,164.85,166.65,127350,1749099420
2025-06-05 10:28:00,CE,ATM-3,0.0,6044100,24600.0,24726.45,120.7,123.15,120.55,123.15,255675,1749099480
2025-06-05 10:29:00,CE,ATM-3,0.0,1504425,24550.0,24723.85,169.6,170.8,167.9,169.4,54375,1749099540
2025-06-05 10:30:00,CE,ATM-3,0.0,1524075,24550.0,24715.95,169.9,170.0,163.35,165.5,78825,1749099600
2025-06-05 10:31:00,CE,ATM-3,0.0,6032850,24600.0,24725.2,119.05,126.3,118.0,126.3,461400,1749099660
2025-06-05 10:32:00,CE,ATM-3,0.0,1524075,24550.0,24724.4,174.65,176.85,167.85,170.15,99525,1749099720
2025-06-05 10:33:00,CE,ATM-3,0.0,1528200,24550.0,24724.3,170.4,172.0,166.35,166.85,46650,1749099780
2025-06-05 10:34:00,CE,ATM-3,0.0,1528200,24550.0,24721.65,165.5,166.55,163.05,163.6,73350,1749099840
2025-06-05 10:35:00,CE,ATM-3,0.0,1528200,24550.0,24718.5,163.2,164.75,160.6,161.8,99750,1749099900
2025-06-05 10:36:00,CE,ATM-3,0.0,1550250,24550.0,24716.9,161.0,162.65,157.6,159.7,123750,1749099960
2025-06-05 10:37:00,CE,ATM-3,0.0,1550250,24550.0,24717.5,158.0,161.8,158.0,161.05,65925,1749100020
2025-06-05 10:38:00,CE,ATM-3,0.0,1550250,24550.0,24715.4,161.05,163.45,157.55,160.25,94725,1749100080
2025-06-05 10:39:00,CE,ATM-3,0.0,1563600,24550.0,24719.8,160.15,164.45,159.5,162.95,78000,1749100140
2025-06-05 10:40:00,CE,ATM-3,0.0,1563600,24550.0,24722.65,163.55,166.05,162.9,165.9,70050,1749100200
2025-06-05 10:41:00,CE,ATM-3,0.0,1563600,24550.0,24720.45,165.9,165.9,158.0,161.0,77100,1749100260
2025-06-05 10:42:00,CE,ATM-3,0.0,1589250,24550.0,24717.75,161.95,163.1,159.05,160.3,57300,1749100320
2025-06-05 10:43:00,CE,ATM-3,0.0,1589250,24550.0,24719.0,160.65,163.35,158.75,162.4,46425,1749100380
2025-06-05 10:44:00,CE,ATM-3,0.0,1589250,24550.0,24718.35,162.4,164.4,160.75,162.0,50100,1749100440
2025-06-05 10:45:00,CE,ATM-3,0.0,1600425,24550.0,24719.65,161.35,165.9,161.15,163.8,59025,1749100500
2025-06-05 10:46:00,CE,ATM-3,0.0,1600425,24550.0,24720.15,164.25,167.75,161.7,165.0,83325,1749100560
2025-06-05 10:47:00,CE,ATM-3,0.0,1600425,24550.0,24711.1,166.0,166.0,158.75,160.55,58050,1749100620
2025-06-05 10:48:00,CE,ATM-3,0.0,1606800,24550.0,24717.0,160.6,162.0,154.15,160.6,133575,1749100680
2025-06-05 10:49:00,CE,ATM-3,0.0,1606800,24550.0,24706.05,160.6,160.6,147.9,151.05,250950,1749100740
2025-06-05 10:50:00,CE,ATM-3,0.0,1606800,24550.0,24704.35,148.65,151.65,146.55,146.55,135000,1749100800
2025-06-05 10:51:00,CE,ATM-3,0.0,1634100,24550.0,24702.0,148.4,149.0,142.6,145.55,139650,1749100860
2025-06-05 10:52:00,CE,ATM-3,0.0,1634100,24550.0,24693.7,145.9,149.7,138.65,141.7,219150,1749100920
2025-06-05 10:53:00,CE,ATM-3,0.0,1634100,24550.0,24694.7,141.5,141.85,137.4,139.7,201450,1749100980
2025-06-05 10:54:00,CE,ATM-3,0.0,1656300,24550.0,24693.95,139.4,141.75,137.75,139.8,98325,1749101040
2025-06-05 10:55:00,CE,ATM-3,0.0,1656300,24550.0,24696.45,138.6,141.65,138.2,141.65,115725,1749101100
2025-06-05 10:56:00,CE,ATM-3,0.0,1656300,24550.0,24695.05,142.15,144.15,137.5,137.5,152700,1749101160
2025-06-05 10:57:00,CE,ATM-3,0.0,1661775,24550.0,24698.3,138.7,142.85,138.3,142.8,80250,1749101220
2025-06-05 10:58:00,CE,ATM-3,0.0,1661775,24550.0,24694.55,142.2,146.4,141.9,144.5,147150,1749101280
2025-06-05 10:59:00,CE,ATM-3,0.0,1661775,24550.0,24704.55,143.85,148.0,143.85,145.35,117600,1749101340
2025-06-05 11:00:00,CE,ATM-3,0.0,1630575,24550.0,24705.6,145.9,149.7,142.7,149.7,99900,1749101400
2025-06-05 11:01:00,CE,ATM-3,0.0,1630575,24550.0,24706.65,149.8,152.25,143.9,150.85,152775,1749101460
2025-06-05 11:02:00,CE,ATM-3,0.0,1630575,24550.0,24702.5,150.25,152.5,147.6,150.0,129975,1749101520
2025-06-05 11:03:00,CE,ATM-3,0.0,1641750,24550.0,24707.85,149.6,153.65,149.6,153.65,121275,1749101580
2025-06-05 11:04:00,CE,ATM-3,0.0,1641750,24550.0,24709.5,154.15,158.1,152.25,156.85,160275,1749101640
2025-06-05 11:05:00,CE,ATM-3,0.0,1641750,24550.0,24714.0,155.1,158.05,154.8,156.75,128175,1749101700
2025-06-05 11:06:00,CE,ATM-3,0.0,1650750,24550.0,24709.15,156.75,156.85,152.0,153.4,115725,1749101760
2025-06-05 11:07:00,CE,ATM-3,0.0,1650750,24550.0,24709.1,153.65,156.3,151.45,151.45,60600,1749101820
2025-06-05 11:08:00,CE,ATM-3,0.0,1650750,24550.0,24704.5,152.0,154.1,148.0,154.1,110250,1749101880
2025-06-05 11:09:00,CE,ATM-3,0.0,1647675,24550.0,24705.2,155.65,155.8,152.4,154.05,55650,1749101940
2025-06-05 11:10:00,CE,ATM-3,0.0,1647675,24550.0,24706.6,154.0,154.8,152.25,152.8,47250,1749102000
2025-06-05 11:11:00,CE,ATM-3,0.0,1647675,24550.0,24706.65,152.05,154.5,149.7,151.05,67650,1749102060
2025-06-05 11:12:00,CE,ATM-3,0.0,1664850,24550.0,24705.55,152.95,152.95,148.2,152.35,60300,1749102120
2025-06-05 11:13:00,CE,ATM-3,0.0,1664850,24550.0,24705.45,151.65,155.55,151.65,154.0,67050,1749102180
2025-06-05 11:14:00,CE,ATM-3,0.0,1664850,24550.0,24708.8,154.6,159.2,151.95,156.95,117075,1749102240
2025-06-05 11:15:00,CE,ATM-3,0.0,1636575,24550.0,24710.4,156.5,160.0,154.75,158.0,119400,1749102300
2025-06-05 11:16:00,CE,ATM-3,0.0,1636575,24550.0,24716.4,156.6,164.5,156.0,163.9,161775,1749102360
2025-06-05 11:17:00,CE,ATM-3,0.0,1636575,24550.0,24713.9,163.45,165.55,161.7,162.8,180825,1749102420
2025-06-05 11:18:00,CE,ATM-3,0.0,1621050,24550.0,24713.75,163.1,164.3,162.3,164.15,69300,1749102480
2025-06-05 11:19:00,CE,ATM-3,0.0,1621050,24550.0,24714.6,164.05,167.8,164.05,165.4,138075,1749102540
2025-06-05 11:20:00,CE,ATM-3,0.0,1621050,24550.0,24714.45,165.0,166.2,162.8,163.75,90750,1749102600
2025-06-05 11:21:00,CE,ATM-3,11.789801,1610550,24550.0,24714.4,163.35,166.45,162.65,165.65,75150,1749102660
2025-06-05 11:22:00,CE,ATM-3,22.119327,1610550,24550.0,24723.15,164.8,179.0,164.8,178.0,288975,1749102720
2025-06-05 11:23:00,CE,ATM-3,19.969984,6462375,24600.0,24733.35,133.9,142.05,132.4,139.8,1692075,1749102780
2025-06-05 11:24:00,CE,ATM-3,21.211478,5897475,24600.0,24733.4,139.95,144.35,137.2,141.05,778575,1749102840
2025-06-05 11:25:00,CE,ATM-3,21.781635,5897475,24600.0,24747.45,140.95,166.15,139.35,154.1,1792650,1749102900
2025-06-05 11:26:00,CE,ATM-3,22.775318,5897475,24600.0,24744.0,156.6,156.6,147.9,151.95,688275,1749102960
2025-06-05 11:27:00,CE,ATM-3,22.172155,5556225,24600.0,24745.3,152.0,152.95,148.3,152.45,383775,1749103020
2025-06-05 11:28:00,CE,ATM-3,16.893533,5556225,24600.0,24746.0,152.8,154.2,148.3,149.0,563625,1749103080
2025-06-05 11:29:00,CE,ATM-3,0.0,5556225,24600.0,24736.95,149.3,149.3,137.0,137.55,814425,1749103140
2025-06-05 11:30:00,CE,ATM-3,0.0,5428725,24600.0,24738.15,137.25,138.75,131.85,134.75,628200,1749103200
2025-06-05 11:31:00,CE,ATM-3,0.0,5428725,24600.0,24733.9,133.35,135.25,126.5,126.5,584550,1749103260
2025-06-05 11:32:00,CE,ATM-3,0.0,5428725,24600.0,24736.6,127.55,132.45,125.4,131.05,504675,1749103320
2025-06-05 11:33:00,CE,ATM-3,0.0,5480700,24600.0,24735.0,131.05,132.4,127.2,127.2,426675,1749103380
2025-06-05 11:34:00,CE,ATM-3,0.0,5480700,24600.0,24736.9,128.3,131.95,128.3,131.3,292125,1749103440
2025-06-05 11:35:00,CE,ATM-3,0.0,5480700,24600.0,24732.95,130.65,130.65,125.3,129.3,402225,1749103500
2025-06-05 11:36:00,CE,ATM-3,0.0,5469975,24600.0,24733.3,131.05,132.05,129.55,130.5,250050,1749103560
2025-06-05 11:37:00,CE,ATM-3,0.0,5469975,24600.0,24734.1,129.9,130.6,127.65,130.6,168000,1749103620
2025-06-05 11:38:00,CE,ATM-3,0.0,5469975,24600.0,24732.45,130.35,130.9,127.6,129.05,177600,1749103680
2025-06-05 11:39:00,CE,ATM-3,0.0,5497575,24600.0,24732.9,128.75,131.8,126.45,130.7,301200,1749103740
2025-06-05 11:40:00,CE,ATM-3,0.0,5497575,24600.0,24734.3,130.55,132.4,127.35,129.1,273600,1749103800
2025-06-05 11:41:00,CE,ATM-3,0.0,5497575,24600.0,24734.1,129.55,131.45,127.95,131.45,189075,1749103860
2025-06-05 11:42:00,CE,ATM-3,0.0,5524500,24600.0,24731.35,130.85,131.0,126.0,126.45,229725,1749103920
2025-06-05 11:43:00,CE,ATM-3,0.0,5524500,24600.0,24731.55,126.0,126.35,124.15,126.0,305175,1749103980
2025-06-05 11:44:00,CE,ATM-3,0.0,5524500,24600.0,24728.75,125.4,125.6,121.15,121.35,489525,1749104040
2025-06-05 11:45:00,CE,ATM-3,0.0,1506075,24550.0,24723.95,169.0,170.3,165.05,165.95,75900,1749104100
2025-06-05 11:46:00,CE,ATM-3,0.0,5537250,24600.0,24727.0,119.5,120.4,118.35,119.35,270750,1749104160
2025-06-05 11:47:00,CE,ATM-3,0.0,1506075,24550.0,24723.85,166.35,167.9,165.0,165.2,40425,1749104220
2025-06-05 11:48:00,CE,ATM-3,0.0,1514700,24550.0,24721.4,163.7,166.0,159.35,161.3,99825,1749104280
2025-06-05 11:49:00,CE,ATM-3,0.0,1514700,24550.0,24716.3,161.2,162.1,154.7,157.75,165300,1749104340
2025-06-05 11:50:00,CE,ATM-3,0.0,1514700,24550.0,24719.15,157.5,160.85,157.5,158.9,81150,1749104400
2025-06-05 11:51:00,CE,ATM-3,0.0,1513725,24550.0,24721.25,159.35,163.8,157.2,162.05,79950,1749104460
2025-06-05 11:52:00,CE,ATM-3,0.0,1513725,24550.0,24719.2,161.8,162.0,158.15,160.3,54525,1749104520
2025-06-05 11:53:00,CE,ATM-3,0.0,1513725,24550.0,24723.5,160.85,165.2,159.75,165.2,66150,1749104580
2025-06-05 11:54:00,CE,ATM-3,0.0,5622975,24600.0,24733.3,118.5,128.25,117.2,125.6,879900,1749104640
2025-06-05 11:55:00,CE,ATM-3,0.0,1512375,24550.0,24721.85,171.0,172.4,163.0,163.75,201000,1749104700
2025-06-05 11:56:00,CE,ATM-3,0.0,5622975,24600.0,24727.0,115.75,123.3,115.75,122.75,444675,1749104760
2025-06-05 11:57:00,CE,ATM-3,0.0,5630550,24600.0,24732.65,123.3,130.1,122.75,126.35,587325,1749104820
2025-06-05 11:58:00,CE,ATM-3,0.0,5630550,24600.0,24733.95,127.9,130.75,125.35,127.7,583875,1749104880
2025-06-05 11:59:00,CE,ATM-3,0.0,5630550,24600.0,24742.05,128.7,141.15,128.0,139.3,1036875,1749104940
2025-06-05 12:00:00,CE,ATM-3,0.0,5461200,24600.0,24745.95,138.35,145.5,138.3,145.5,998325,1749105000
2025-06-05 12:01:00,CE,ATM-3,0.0,5461200,24600.0,24754.05,147.45,153.35,144.0,153.15,1043625,1749105060
2025-06-05 12:02:00,CE,ATM-3,20.020401,5461200,24600.0,24757.35,154.0,162.2,152.8,160.55,1030200,1749105120
2025-06-05 12:03:00,CE,ATM-3,30.463559,3523800,24650.0,24786.15,121.1,158.85,121.1,151.65,2829450,1749105180
2025-06-05 12:04:00,CE,ATM-3,29.635641,3523800,24650.0,24798.95,167.3,175.0,154.5,161.25,1245675,1749105240
2025-06-05 12:05:00,CE,ATM-3,29.513854,3523800,24650.0,24807.6,165.75,171.65,154.5,168.45,928800,1749105300
2025-06-05 12:06:00,CE,ATM-3,31.909071,3075825,24650.0,24824.45,184.3,193.45,176.2,185.5,997800,1749105360
2025-06-05 12:07:00,CE,ATM-3,27.249712,3075825,24650.0,24816.55,189.65,195.8,172.6,174.0,505350,1749105420
2025-06-05 12:08:00,CE,ATM-3,30.00177,3075825,24650.0,24814.6,177.1,179.25,167.35,174.8,281850,1749105480
2025-06-05 12:09:00,CE,ATM-3,31.12565,2962200,24650.0,24818.6,177.5,180.0,174.45,179.35,203175,1749105540
2025-06-05 12:10:00,CE,ATM-3,30.511845,2962200,24650.0,24821.05,181.0,184.15,174.5,180.8,239400,1749105600
2025-06-05 12:11:00,CE,ATM-3,36.1099,8700300,24700.0,24846.9,136.9,167.0,128.45,167.0,2766300,1749105660
2025-06-05 12:12:00,CE,ATM-3,40.587752,7639125,24700.0,24860.75,179.05,184.0,168.25,184.0,2143800,1749105720
2025-06-05 12:13:00,CE,ATM-3,39.7234,7639125,24700.0,24865.1,187.5,200.0,181.05,186.2,1595325,1749105780
2025-06-05 12:14:00,CE,ATM-3,43.369611,7639125,24700.0,24869.55,187.3,194.5,185.15,194.5,767550,1749105840
2025-06-05 12:15:00,CE,ATM-3,41.971904,4965975,24750.0,24880.6,161.4,167.0,149.25,162.4,1128600,1749105900
2025-06-05 12:16:00,CE,ATM-3,44.28295,4965975,24750.0,24886.4,165.25,185.15,158.75,170.1,1305525,1749105960
2025-06-05 12:17:00,CE,ATM-3,43.73598,4965975,24750.0,24880.9,168.6,174.0,162.0,165.0,609300,1749106020
2025-06-05 12:18:00,CE,ATM-3,42.259036,6624075,24700.0,24856.9,207.55,208.6,182.35,182.35,721125,1749106080
2025-06-05 12:19:00,CE,ATM-3,37.856589,6624075,24700.0,24852.4,183.8,195.0,172.7,172.7,695475,1749106140
2025-06-05 12:20:00,CE,ATM-3,37.131669,6624075,24700.0,24856.6,170.2,184.1,170.2,175.05,597975,1749106200
2025-06-05 12:21:00,CE,ATM-3,40.512253,6408150,24700.0,24846.1,178.6,178.6,166.05,171.0,472275,1749106260
2025-06-05 12:22:00,CE,ATM-3,39.96759,6408150,24700.0,24851.05,174.35,175.45,166.9,174.0,367575,1749106320
2025-06-05 12:23:00,CE,ATM-3,38.948483,6408150,24700.0,24851.8,173.0,180.6,168.0,173.1,393450,1749106380
2025-06-05 12:24:00,CE,ATM-3,36.48659,6390300,24700.0,24843.25,171.3,173.0,158.45,162.9,581550,1749106440
2025-06-05 12:25:00,CE,ATM-3,34.866169,6390300,24700.0,24830.35,162.9,163.4,149.4,150.35,607350,1749106500
2025-06-05 12:26:00,CE,ATM-3,28.811553,2183025,24650.0,24814.45,193.6,196.0,168.0,172.2,280425,1749106560
2025-06-05 12:27:00,CE,ATM-3,27.341797,2189100,24650.0,24809.65,169.0,174.35,160.9,166.6,221175,1749106620
2025-06-05 12:28:00,CE,ATM-3,27.872341,2189100,24650.0,24808.45,166.35,179.85,165.0,165.9,235650,1749106680
2025-06-05 12:29:00,CE,ATM-3,32.985924,2189100,24650.0,24822.1,168.65,182.5,167.85,182.5,180150,1749106740
2025-06-05 12:30:00,CE,ATM-3,32.521824,6376500,24700.0,24832.3,139.55,157.15,139.55,148.3,1117650,1749106800
2025-06-05 12:31:00,CE,ATM-3,31.387273,2182275,24650.0,24824.45,192.6,197.25,176.45,182.95,162675,1749106860
2025-06-05 12:32:00,CE,ATM-3,29.723032,6376500,24700.0,24834.15,139.65,151.25,139.65,146.35,450300,1749106920
2025-06-05 12:33:00,CE,ATM-3,29.722586,6376500,24700.0,24829.85,146.45,151.95,136.75,142.65,481800,1749106980
2025-06-05 12:34:00,CE,ATM-3,21.423134,2166675,24650.0,24815.1,184.95,192.0,167.1,167.65,170400,1749107040
2025-06-05 12:35:00,CE,ATM-3,22.339981,2166675,24650.0,24814.55,167.85,170.85,160.7,167.5,182400,1749107100
2025-06-05 12:36:00,CE,ATM-3,28.021201,2153400,24650.0,24812.65,167.5,172.45,163.65,169.25,110250,1749107160
2025-06-05 12:37:00,CE,ATM-3,17.537516,2153400,24650.0,24815.6,169.0,175.0,164.55,166.9,112650,1749107220
2025-06-05 12:38:00,CE,ATM-3,24.008512,2153400,24650.0,24815.9,166.5,175.0,166.5,169.5,95700,1749107280
2025-06-05 12:39:00,CE,ATM-3,0.0,2104650,24650.0,24810.15,168.6,168.7,151.35,158.55,309300,1749107340
2025-06-05 12:40:00,CE,ATM-3,22.0422,2104650,24650.0,24819.15,159.1,173.25,154.15,171.6,209100,1749107400
2025-06-05 12:41:00,CE,ATM-3,26.746319,6580050,24700.0,24825.5,126.6,144.05,126.6,135.05,1052100,1749107460
2025-06-05 12:42:00,CE,ATM-3,29.734776,6580050,24700.0,24827.5,137.0,150.7,137.0,139.8,796575,1749107520
2025-06-05 12:43:00,CE,ATM-3,30.762704,6468300,24700.0,24829.5,138.8,143.4,130.75,142.5,502425,1749107580
2025-06-05 12:44:00,CE,ATM-3,20.980513,2110050,24650.0,24817.95,182.7,182.7,167.45,169.95,132450,1749107640
2025-06-05 12:45:00,CE,ATM-3,0.0,2110050,24650.0,24822.8,169.2,171.7,163.65,171.7,118500,1749107700
2025-06-05 12:46:00,CE,ATM-3,28.313224,2104800,24650.0,24823.75,169.65,179.15,169.65,178.95,173325,1749107760
2025-06-05 12:47:00,CE,ATM-3,0.0,2104800,24650.0,24821.85,177.85,181.0,170.35,170.9,143475,1749107820
2025-06-05 12:48:00,CE,ATM-3,0.0,2104800,24650.0,24816.05,168.95,168.95,157.5,163.45,224625,1749107880
2025-06-05 12:49:00,CE,ATM-3,0.0,2101875,24650.0,24814.25,164.0,164.5,159.7,159.85,87000,1749107940
2025-06-05 12:50:00,CE,ATM-3,0.0,2101875,24650.0,24814.55,158.2,163.5,157.0,162.5,100800,1749108000
2025-06-05 12:51:00,CE,ATM-3,0.0,2101875,24650.0,24813.15,159.7,163.5,155.5,162.8,84450,1749108060
2025-06-05 12:52:00,CE,ATM-3,0.0,2097975,24650.0,24814.15,161.5,165.5,157.45,161.0,112725,1749108120
2025-06-05 12:53:00,CE,ATM-3,0.0,2097975,24650.0,24815.5,160.0,164.25,157.8,163.4,73575,1749108180
2025-06-05 12:54:00,CE,ATM-3,18.155087,6726600,24700.0,24825.7,120.1,131.0,117.55,128.1,582000,1749108240
2025-06-05 12:55:00,CE,ATM-3,20.331523,2095275,24650.0,24814.45,171.25,178.5,166.1,166.1,125550,1749108300
2025-06-05 12:56:00,CE,ATM-3,0.0,2095275,24650.0,24813.9,165.05,169.2,158.85,159.65,124275,1749108360
2025-06-05 12:57:00,CE,ATM-3,0.0,2095275,24650.0,24795.35,158.45,158.45,133.1,139.95,400875,1749108420
2025-06-05 12:58:00,CE,ATM-3,21.420721,2118450,24650.0,24788.95,139.45,146.35,132.0,136.0,226875,1749108480
2025-06-05 12:59:00,CE,ATM-3,0.0,2118450,24650.0,24796.35,134.4,143.9,133.6,140.0,255075,1749108540
2025-06-05 13:00:00,CE,ATM-3,0.0,2118450,24650.0,24797.9,138.55,146.85,138.55,142.65,183225,1749108600
2025-06-05 13:01:00,CE,ATM-3,0.0,2137050,24650.0,24791.8,143.25,143.95,135.4,141.35,162225,1749108660
2025-06-05 13:02:00,CE,ATM-3,0.0,2137050,24650.0,24796.5,140.85,144.0,138.6,142.85,84750,1749108720
2025-06-05 13:03:00,CE,ATM-3,0.0,2137050,24650.0,24801.4,142.7,150.2,141.8,149.9,167325,1749108780
2025-06-05 13:04:00,CE,ATM-3,0.0,2115375,24650.0,24800.45,147.7,148.4,142.15,143.9,104250,1749108840
2025-06-05 13:05:00,CE,ATM-3,0.0,2115375,24650.0,24815.75,147.15,174.3,146.0,161.45,293325,1749108900
2025-06-05 13:06:00,CE,ATM-3,0.0,2115375,24650.0,24818.7,163.85,171.45,163.85,165.95,199050,1749108960
2025-06-05 13:07:00,CE,ATM-3,0.0,2101500,24650.0,24811.45,169.45,172.15,152.35,154.5,188775,1749109020
2025-06-05 13:08:00,CE,ATM-3,0.0,2101500,24650.0,24802.15,153.65,155.0,144.2,149.25,150375,1749109080
2025-06-05 13:09:00,CE,ATM-3,0.0,2101500,24650.0,24793.1,148.45,150.5,136.0,137.85,185850,1749109140
2025-06-05 13:10:00,CE,ATM-3,0.0,2116125,24650.0,24796.8,137.4,143.0,137.4,139.2,140700,1749109200
2025-06-05 13:11:00,CE,ATM-3,0.0,2116125,24650.0,24795.75,139.65,143.2,135.5,138.2,126225,1749109260
2025-06-05 13:12:00,CE,ATM-3,0.0,2116125,24650.0,24797.35,138.75,141.7,136.95,138.9,55725,1749109320
2025-06-05 13:13:00,CE,ATM-3,0.0,3634425,24600.0,24772.85,185.75,186.7,162.3,162.8,360300,1749109380
2025-06-05 13:14:00,CE,ATM-3,0.0,2148825,24650.0,24776.95,115.7,125.3,115.7,120.8,348150,1749109440
2025-06-05 13:15:00,CE,ATM-3,0.0,2148825,24650.0,24778.8,121.3,130.55,117.55,123.15,311025,1749109500
2025-06-05 13:16:00,CE,ATM-3,0.0,2223000,24650.0,24783.0,120.6,128.9,120.6,125.1,149625,1749109560
2025-06-05 13:17:00,CE,ATM-3,0.0,2223000,24650.0,24784.95,124.75,128.15,121.35,127.75,120600,1749109620
2025-06-05 13:18:00,CE,ATM-3,0.0,2223000,24650.0,24788.3,129.75,131.3,126.2,129.5,177900,1749109680
2025-06-05 13:19:00,CE,ATM-3,0.0,2227725,24650.0,24780.35,128.1,128.1,123.1,123.4,156900,1749109740
2025-06-05 13:20:00,CE,ATM-3,0.0,2227725,24650.0,24776.6,125.15,127.1,118.6,119.8,227475,1749109800
2025-06-05 13:21:00,CE,ATM-3,0.0,2227725,24650.0,24775.7,119.3,121.95,109.3,121.45,527100,1749109860
2025-06-05 13:22:00,CE,ATM-3,0.0,3680700,24600.0,24765.95,167.2,167.3,157.0,157.0,202575,1749109920
2025-06-05 13:23:00,CE,ATM-3,0.0,3680700,24600.0,24771.0,158.95,164.95,157.8,164.0,192300,1749109980
2025-06-05 13:24:00,CE,ATM-3,0.0,3680700,24600.0,24775.0,162.45,169.5,162.45,167.75,200400,1749110040
2025-06-05 13:25:00,CE,ATM-3,0.0,2350725,24650.0,24775.9,121.65,127.75,118.5,119.7,278325,1749110100
2025-06-05 13:26:00,CE,ATM-3,0.0,3693750,24600.0,24772.7,166.45,166.45,160.2,165.4,181500,1749110160
2025-06-05 13:27:00,CE,ATM-3,15.802228,2350725,24650.0,24786.45,118.2,138.15,117.0,137.25,299025,1749110220
2025-06-05 13:28:00,CE,ATM-3,0.0,3647100,24600.0,24772.35,183.95,183.95,162.95,163.65,323850,1749110280
2025-06-05 13:29:00,CE,ATM-3,0.0,3647100,24600.0,24768.9,162.55,163.65,158.4,161.7,254325,1749110340
2025-06-05 13:30:00,CE,ATM-3,0.0,3647100,24600.0,24743.95,151.45,151.45,129.7,140.7,1175475,1749110400
2025-06-05 13:31:00,CE,ATM-3,0.0,3816300,24600.0,24726.3,139.2,139.2,112.95,123.25,1165200,1749110460
2025-06-05 13:32:00,CE,ATM-3,0.0,3816300,24600.0,24728.25,120.15,125.4,118.85,124.35,634275,1749110520
2025-06-05 13:33:00,CE,ATM-3,0.0,3816300,24600.0,24738.85,123.7,136.2,123.3,134.15,801825,1749110580
2025-06-05 13:34:00,CE,ATM-3,0.0,3915675,24600.0,24730.75,134.2,135.6,124.3,126.7,475425,1749110640
2025-06-05 13:35:00,CE,ATM-3,0.0,3915675,24600.0,24728.6,123.95,124.8,114.9,122.25,730275,1749110700
2025-06-05 13:36:00,CE,ATM-3,0.0,1228950,24550.0,24721.65,171.0,172.6,162.7,162.7,58050,1749110760
2025-06-05 13:37:00,CE,ATM-3,0.0,4155825,24600.0,24735.8,116.75,127.65,116.75,127.3,498225,1749110820
2025-06-05 13:38:00,CE,ATM-3,0.0,4155825,24600.0,24744.5,129.05,135.5,126.4,135.5,576300,1749110880
2025-06-05 13:39:00,CE,ATM-3,0.0,4155825,24600.0,24745.25,137.05,141.25,133.6,138.4,692100,1749110940
2025-06-05 13:40:00,CE,ATM-3,0.0,3945825,24600.0,24760.2,139.9,162.8,138.1,156.45,860025,1749111000
2025-06-05 13:41:00,CE,ATM-3,0.0,3945825,24600.0,24753.9,154.3,155.25,147.45,149.2,422625,1749111060
2025-06-05 13:42:00,CE,ATM-3,0.0,3945825,24600.0,24757.35,153.3,156.8,149.45,152.0,335475,1749111120
2025-06-05 13:43:00,CE,ATM-3,0.0,3734625,24600.0,24731.65,150.0,150.0,124.1,127.45,753450,1749111180
2025-06-05 13:44:00,CE,ATM-3,0.0,3734625,24600.0,24730.6,127.2,132.55,121.1,126.9,471225,1749111240
2025-06-05 13:45:00,CE,ATM-3,0.0,3734625,24600.0,24732.55,128.3,133.65,125.55,127.05,337950,1749111300
2025-06-05 13:46:00,CE,ATM-3,0.0,3831300,24600.0,24734.05,127.55,132.85,123.75,132.65,343950,1749111360
2025-06-05 13:47:00,CE,ATM-3,0.0,3831300,24600.0,24738.15,134.05,135.15,125.3,134.95,359475,1749111420
2025-06-05 13:48:00,CE,ATM-3,17.033455,3831300,24600.0,24745.05,134.05,145.65,134.05,145.65,474525,1749111480
2025-06-05 13:49:00,CE,ATM-3,24.901285,3754050,24600.0,24747.35,150.0,159.3,144.5,149.25,679575,1749111540
2025-06-05 13:50:00,CE,ATM-3,0.0,3754050,24600.0,24738.4,151.5,151.95,136.95,137.55,389400,1749111600
2025-06-05 13:51:00,CE,ATM-3,0.0,3754050,24600.0,24742.65,138.7,143.0,131.3,141.7,327675,1749111660
2025-06-05 13:52:00,CE,ATM-3,21.423027,3711000,24600.0,24742.65,142.3,146.15,136.2,143.75,301500,1749111720
2025-06-05 13:53:00,CE,ATM-3,0.0,3711000,24600.0,24743.7,143.3,149.0,140.6,141.5,201375,1749111780
2025-06-05 13:54:00,CE,ATM-3,0.0,3711000,24600.0,24737.0,142.4,144.6,134.85,137.1,223575,1749111840
2025-06-05 13:55:00,CE,ATM-3,0.0,3732825,24600.0,24738.6,137.85,142.2,131.35,138.7,276900,1749111900
2025-06-05 13:56:00,CE,ATM-3,0.0,3732825,24600.0,24738.1,135.15,140.35,130.4,134.65,327375,1749111960
2025-06-05 13:57:00,CE,ATM-3,0.0,3732825,24600.0,24735.2,134.8,134.8,128.3,129.65,359025,1749112020
2025-06-05 13:58:00,CE,ATM-3,21.682079,3836250,24600.0,24729.55,129.9,130.9,121.65,130.9,431850,1749112080
2025-06-05 13:59:00,CE,ATM-3,0.0,3836250,24600.0,24732.6,130.05,133.25,126.0,130.0,280275,1749112140
2025-06-05 14:00:00,CE,ATM-3,0.0,3836250,24600.0,24737.2,130.15,136.4,130.0,134.7,375300,1749112200
2025-06-05 14:01:00,CE,ATM-3,0.0,1232025,24550.0,24721.1,183.0,183.25,160.45,160.95,109125,1749112260
2025-06-05 14:02:00,CE,ATM-3,0.0,1232025,24550.0,24704.75,161.15,162.2,135.45,143.8,341475,1749112320
2025-06-05 14:03:00,CE,ATM-3,0.0,1232025,24550.0,24707.3,143.8,151.6,140.7,151.6,178950,1749112380
2025-06-05 14:04:00,CE,ATM-3,0.0,1252425,24550.0,24711.45,148.95,158.9,148.55,150.2,153600,1749112440
2025-06-05 14:05:00,CE,ATM-3,0.0,1252425,24550.0,24721.45,149.65,161.6,149.65,161.35,96450,1749112500
2025-06-05 14:06:00,CE,ATM-3,0.0,1252425,24550.0,24718.8,160.45,162.15,153.75,159.3,66450,1749112560
2025-06-05 14:07:00,CE,ATM-3,0.0,1255725,24550.0,24723.6,159.35,168.05,159.35,163.6,94575,1749112620
2025-06-05 14:08:00,CE,ATM-3,0.0,1255725,24550.0,24713.35,162.75,162.75,150.25,151.95,73650,1749112680
2025-06-05 14:09:00,CE,ATM-3,0.0,1255725,24550.0,24710.7,152.3,153.95,144.0,149.7,108900,1749112740
2025-06-05 14:10:00,CE,ATM-3,0.0,1248525,24550.0,24709.45,151.15,153.3,148.1,148.35,100350,1749112800
2025-06-05 14:11:00,CE,ATM-3,0.0,1248525,24550.0,24702.6,141.2,145.0,133.3,145.0,426225,1749112860
2025-06-05 14:12:00,CE,ATM-3,0.0,1248525,24550.0,24709.75,146.1,153.5,146.1,147.0,141450,1749112920
2025-06-05 14:13:00,CE,ATM-3,0.0,1270350,24550.0,24709.1,149.05,150.9,146.55,150.85,62700,1749112980
2025-06-05 14:14:00,CE,ATM-3,0.0,1270350,24550.0,24713.55,151.7,163.7,151.7,161.9,171375,1749113040
2025-06-05 14:15:00,CE,ATM-3,0.0,1270350,24550.0,24705.5,159.65,159.95,150.65,153.0,131475,1749113100
2025-06-05 14:16:00,CE,ATM-3,0.0,1250625,24550.0,24703.25,153.45,154.3,143.0,146.0,140100,1749113160
2025-06-05 14:17:00,CE,ATM-3,0.0,1250625,24550.0,24702.85,145.8,149.25,141.4,147.1,130650,1749113220
2025-06-05 14:18:00,CE,ATM-3,0.0,1250625,24550.0,24712.35,147.4,159.25,146.15,158.45,97200,1749113280
2025-06-05 14:19:00,CE,ATM-3,0.0,1244025,24550.0,24713.75,159.9,161.55,152.7,155.8,127500,1749113340
2025-06-05 14:20:00,CE,ATM-3,0.0,1244025,24550.0,24706.5,154.4,156.0,144.55,147.6,142425,1749113400
2025-06-05 14:21:00,CE,ATM-3,0.0,1244025,24550.0,24705.6,149.1,152.25,144.9,148.65,112425,1749113460
2025-06-05 14:22:00,CE,ATM-3,0.0,1265325,24550.0,24707.25,148.25,158.0,148.25,156.45,117450,1749113520
2025-06-05 14:23:00,CE,ATM-3,0.0,1265325,24550.0,24709.0,156.85,159.2,150.85,156.7,64650,1749113580
2025-06-05 14:24:00,CE,ATM-3,0.0,1265325,24550.0,24710.45,157.05,173.3,154.95,154.95,207975,1749113640
2025-06-05 14:25:00,CE,ATM-3,0.0,1251975,24550.0,24715.45,155.9,165.15,154.0,162.7,95700,1749113700
2025-06-05 14:26:00,CE,ATM-3,26.433871,4387425,24600.0,24729.95,116.5,138.65,113.1,131.25,1379550,1749113760
2025-06-05 14:27:00,CE,ATM-3,0.0,4387425,24600.0,24739.8,127.55,138.3,127.55,138.3,711450,1749113820
2025-06-05 14:28:00,CE,ATM-3,37.036675,4023900,24600.0,24737.15,141.65,142.4,132.7,141.2,943050,1749113880
2025-06-05 14:29:00,CE,ATM-3,0.0,4023900,24600.0,24729.85,143.65,145.0,128.25,129.5,824100,1749113940
2025-06-05 14:30:00,CE,ATM-3,0.0,1243650,24550.0,24721.1,179.75,182.4,161.9,163.8,158625,1749114000
2025-06-05 14:31:00,CE,ATM-3,0.0,1229475,24550.0,24717.6,165.15,165.15,156.2,163.0,186525,1749114060
2025-06-05 14:32:00,CE,ATM-3,0.0,1229475,24550.0,24717.3,163.05,169.1,159.15,166.4,89100,1749114120
2025-06-05 14:33:00,CE,ATM-3,29.329065,4029825,24600.0,24736.55,117.6,139.8,117.4,137.85,1027500,1749114180
2025-06-05 14:34:00,CE,ATM-3,35.329015,3841125,24600.0,24741.95,141.0,155.4,140.1,144.4,1181250,1749114240
2025-06-05 14:35:00,CE,ATM-3,0.0,3841125,24600.0,24733.9,143.75,144.15,131.55,131.55,504300,1749114300
2025-06-05 14:36:00,CE,ATM-3,0.0,3841125,24600.0,24729.55,130.9,134.4,121.05,129.7,655200,1749114360
2025-06-05 14:37:00,CE,ATM-3,35.90701,3693675,24600.0,24731.75,129.9,134.7,122.9,134.7,468675,1749114420
2025-06-05 14:38:00,CE,ATM-3,34.787052,3693675,24600.0,24739.7,134.55,143.6,131.65,141.75,578250,1749114480
2025-06-05 14:39:00,CE,ATM-3,34.044166,3693675,24600.0,24738.25,139.4,143.35,133.9,140.1,313500,1749114540
2025-06-05 14:40:00,CE,ATM-3,33.273306,3635925,24600.0,24743.25,141.2,146.6,130.8,144.65,564300,1749114600
2025-06-05 14:41:00,CE,ATM-3,27.267658,3635925,24600.0,24750.85,143.1,154.85,143.1,151.3,626100,1749114660
2025-06-05 14:42:00,CE,ATM-3,32.978267,3635925,24600.0,24756.9,154.15,168.9,152.05,157.75,926775,1749114720
2025-06-05 14:43:00,CE,ATM-3,41.048547,3522450,24600.0,24748.6,157.35,157.85,147.85,151.3,482400,1749114780
2025-06-05 14:44:00,CE,ATM-3,0.0,3522450,24600.0,24751.55,152.3,154.6,141.9,150.75,370575,1749114840
2025-06-05 14:45:00,CE,ATM-3,32.254454,3522450,24600.0,24767.45,151.15,167.95,151.15,167.95,523200,1749114900
2025-06-05 14:46:00,CE,ATM-3,0.0,3490950,24600.0,24759.05,169.4,169.4,153.65,156.5,508275,1749114960
2025-06-05 14:47:00,CE,ATM-3,48.743969,3490950,24600.0,24758.55,157.8,162.25,150.1,162.25,362175,1749115020
2025-06-05 14:48:00,CE,ATM-3,52.157265,3490950,24600.0,24761.1,163.35,170.4,163.0,165.5,485700,1749115080
2025-06-05 14:49:00,CE,ATM-3,46.094107,3385650,24600.0,24760.15,167.3,169.0,158.2,162.7,245925,1749115140
2025-06-05 14:50:00,CE,ATM-3,68.29658,3385650,24600.0,24773.65,160.6,185.7,156.85,182.4,820875,1749115200
2025-06-05 14:51:00,CE,ATM-3,68.391764,3385650,24600.0,24769.6,182.45,183.55,177.0,178.5,331050,1749115260
2025-06-05 14:52:00,CE,ATM-3,69.886844,3366525,24600.0,24765.25,177.0,182.8,167.95,174.95,401550,1749115320
2025-06-05 14:53:00,CE,ATM-3,60.914748,3366525,24600.0,24758.0,175.7,176.9,164.5,164.5,275175,1749115380
2025-06-05 14:54:00,CE,ATM-3,0.0,3366525,24600.0,24748.4,163.9,165.3,140.55,145.4,585750,1749115440
2025-06-05 14:55:00,CE,ATM-3,0.0,3310200,24600.0,24746.1,144.55,147.85,142.4,143.65,345675,1749115500
2025-06-05 14:56:00,CE,ATM-3,44.481451,3310200,24600.0,24741.25,142.25,145.7,136.9,143.45,397050,1749115560
2025-06-05 14:57:00,CE,ATM-3,57.057198,3310200,24600.0,24743.65,143.05,149.0,139.2,149.0,341325,1749115620
2025-06-05 14:58:00,CE,ATM-3,64.187502,3296850,24600.0,24743.35,152.7,159.7,149.1,151.0,471150,1749115680
2025-06-05 14:59:00,CE,ATM-3,66.142986,3296850,24600.0,24739.9,149.55,151.6,147.3,148.35,195225,1749115740
2025-06-05 15:00:00,CE,ATM-3,0.0,3296850,24600.0,24732.8,147.85,150.75,128.1,128.25,750600,1749115800
2025-06-05 15:01:00,CE,ATM-3,32.03874,3274800,24600.0,24727.1,130.3,142.75,127.2,127.55,679125,1749115860
2025-06-05 15:02:00,CE,ATM-3,0.0,3274800,24600.0,24736.35,129.75,141.25,128.45,135.7,355125,1749115920
2025-06-05 15:03:00,CE,ATM-3,0.0,3274800,24600.0,24739.05,137.35,138.3,132.7,136.5,283350,1749115980
2025-06-05 15:04:00,CE,ATM-3,0.0,3243975,24600.0,24740.5,136.25,141.35,132.95,138.85,246750,1749116040
2025-06-05 15:05:00,CE,ATM-3,44.000472,3243975,24600.0,24737.1,138.25,141.4,134.9,138.2,287400,1749116100
2025-06-05 15:06:00,CE,ATM-3,0.0,3243975,24600.0,24741.9,138.2,140.75,135.5,138.5,249525,1749116160
2025-06-05 15:07:00,CE,ATM-3,0.0,3212175,24600.0,24738.3,139.5,140.4,136.5,137.45,154650,1749116220
2025-06-05 15:08:00,CE,ATM-3,0.0,3212175,24600.0,24744.1,136.95,140.65,136.15,140.6,189900,1749116280
2025-06-05 15:09:00,CE,ATM-3,0.0,3212175,24600.0,24747.05,140.9,144.65,138.8,144.1,236700,1749116340
2025-06-05 15:10:00,CE,ATM-3,62.852149,3179550,24600.0,24735.7,144.15,144.15,137.85,139.15,308700,1749116400
2025-06-05 15:11:00,CE,ATM-3,0.0,3179550,24600.0,24741.5,138.4,140.05,137.1,139.55,145950,1749116460
2025-06-05 15:12:00,CE,ATM-3,0.0,3179550,24600.0,24746.1,139.55,143.9,139.55,141.05,241800,1749116520
2025-06-05 15:13:00,CE,ATM-3,0.0,3158475,24600.0,24742.25,141.15,143.2,139.15,140.6,144450,1749116580
2025-06-05 15:14:00,CE,ATM-3,0.0,3158475,24600.0,24752.55,140.75,145.9,140.35,145.35,184650,1749116640
2025-06-05 15:15:00,CE,ATM-3,0.0,3158475,24600.0,24745.45,144.2,147.5,143.65,143.65,297075,1749116700
2025-06-05 15:16:00,CE,ATM-3,0.0,3137850,24600.0,24758.1,143.3,148.75,143.3,148.75,200250,1749116760
2025-06-05 15:17:00,CE,ATM-3,0.0,3137850,24600.0,24760.15,148.4,149.2,146.4,148.15,182400,1749116820
2025-06-05 15:18:00,CE,ATM-3,0.0,3137850,24600.0,24763.3,148.05,150.75,147.6,150.0,141450,1749116880
2025-06-05 15:19:00,CE,ATM-3,0.0,3068700,24600.0,24767.45,150.5,152.6,149.3,150.95,163425,1749116940
2025-06-05 15:20:00,CE,ATM-3,0.0,3068700,24600.0,24769.05,150.25,151.95,149.75,151.65,145575,1749117000
2025-06-05 15:21:00,CE,ATM-3,0.0,3068700,24600.0,24760.95,151.35,151.8,149.15,149.15,143475,1749117060
2025-06-05 15:22:00,CE,ATM-3,0.0,2989125,24600.0,24765.0,149.25,149.8,147.9,149.8,224325,1749117120
2025-06-05 15:23:00,CE,ATM-3,0.0,2989125,24600.0,24767.15,150.0,150.55,149.45,150.2,216675,1749117180
2025-06-05 15:24:00,CE,ATM-3,0.0,2989125,24600.0,24770.05,150.15,151.0,149.45,150.95,163425,1749117240
2025-06-05 15:25:00,CE,ATM-3,0.0,2920950,24600.0,24768.3,150.55,150.55,149.6,150.15,102525,1749117300
2025-06-05 15:26:00,CE,ATM-3,0.0,2920950,24600.0,24772.55,150.1,151.4,150.05,151.05,146625,1749117360
2025-06-05 15:27:00,CE,ATM-3,0.0,2920950,24600.0,24773.45,151.1,151.5,151.0,151.5,107400,1749117420
2025-06-05 15:28:00,CE,ATM-3,0.0,2834325,24600.0,24766.1,151.3,151.5,150.8,150.95,117975,1749117480
2025-06-05 15:29:00,CE,ATM-3,0.0,2834325,24600.0,24761.1,151.0,151.0,150.4,150.55,109275,1749117540
2025-05-30 09:15:00,PE,ATM-3,15.973162,425925,24650.0,24816.35,114.0,126.9,104.95,118.5,315750,1748576700
2025-05-30 09:16:00,PE,ATM-3,15.986966,425925,24650.0,24798.3,120.55,129.35,120.55,124.9,244950,1748576760
2025-05-30 09:17:00,PE,ATM-3,15.938923,425925,24650.0,24783.5,124.85,132.15,122.5,129.6,246000,1748576820
2025-05-30 09:18:00,PE,ATM-3,15.872374,576900,24650.0,24801.3,129.75,129.95,122.0,122.45,274875,1748576880
2025-05-30 09:19:00,PE,ATM-3,15.900964,576900,24650.0,24806.0,122.5,123.25,119.55,121.15,195900,1748576940
2025-05-30 09:20:00,PE,ATM-3,15.731014,2328525,24700.0,24826.9,140.9,141.85,129.8,129.8,583425,1748577000
2025-05-30 09:21:00,PE,ATM-3,16.066052,2605050,24700.0,24839.1,131.1,131.1,123.4,129.45,541875,1748577060
2025-05-30 09:22:00,PE,ATM-3,16.270249,2605050,24700.0,24839.45,130.0,132.8,129.65,131.8,360225,1748577120
2025-05-30 09:23:00,PE,ATM-3,16.427089,2605050,24700.0,24842.5,131.1,133.4,128.85,132.6,429075,1748577180
2025-05-30 09:24:00,PE,ATM-3,16.319616,2681400,24700.0,24857.85,132.1,132.1,125.25,125.85,385875,1748577240
2025-05-30 09:25:00,PE,ATM-3,16.461995,2681400,24700.0,24849.5,126.6,132.85,126.3,130.5,384150,1748577300
2025-05-30 09:26:00,PE,ATM-3,16.375498,2681400,24700.0,24850.75,131.4,132.95,129.0,129.0,317475,1748577360
2025-05-30 09:27:00,PE,ATM-3,16.636853,2902050,24700.0,24861.55,128.4,130.55,127.9,128.35,262725,1748577420
2025-05-30 09:28:00,PE,ATM-3,16.477626,2902050,24700.0,24853.2,128.55,131.3,127.45,129.35,210450,1748577480
2025-05-30 09:29:00,PE,ATM-3,16.577687,2902050,24700.0,24848.0,130.2,133.5,129.5,132.4,210675,1748577540
2025-05-30 09:30:00,PE,ATM-3,16.516059,3022200,24700.0,24832.8,132.05,138.1,130.95,137.15,470925,1748577600
2025-05-30 09:31:00,PE,ATM-3,16.65707,3022200,24700.0,24845.2,137.15,137.45,131.6,134.35,277800,1748577660
2025-05-30 09:32:00,PE,ATM-3,16.60393,3022200,24700.0,24862.0,133.7,133.85,126.9,127.75,305550,1748577720
2025-05-30 09:33:00,PE,ATM-3,16.470622,3065925,24700.0,24845.8,127.8,132.35,127.65,131.85,198300,1748577780
2025-05-30 09:34:00,PE,ATM-3,16.222796,3065925,24700.0,24826.75,132.0,138.0,132.0,135.75,392925,1748577840
2025-05-30 09:35:00,PE,ATM-3,16.225905,799200,24650.0,24814.1,118.85,123.6,118.85,122.1,207450,1748577900
2025-05-30 09:36:00,PE,ATM-3,16.28603,3115200,24700.0,24827.85,141.15,141.55,133.9,136.1,419325,1748577960
2025-05-30 09:37:00,PE,ATM-3,16.114905,843675,24650.0,24815.0,118.0,121.0,115.05,120.45,93975,1748578020
2025-05-30 09:38:00,PE,ATM-3,16.170355,843675,24650.0,24807.75,120.3,124.2,119.6,123.6,175875,1748578080
2025-05-30 09:39:00,PE,ATM-3,15.90548,867450,24650.0,24813.5,122.75,122.9,118.45,118.45,130350,1748578140
2025-05-30 09:40:00,PE,ATM-3,16.147383,867450,24650.0,24810.95,118.5,122.55,117.0,122.2,117675,1748578200
2025-05-30 09:41:00,PE,ATM-3,15.867837,867450,24650.0,24800.7,121.5,123.55,121.25,122.4,93900,1748578260
2025-05-30 09:42:00,PE,ATM-3,15.903298,868875,24650.0,24811.15,122.45,123.6,117.3,119.2,126150,1748578320
2025-05-30 09:43:00,PE,ATM-3,15.863489,868875,24650.0,24813.25,118.75,121.45,118.0,118.0,44700,1748578380
2025-05-30 09:44:00,PE,ATM-3,15.727323,868875,24650.0,24819.1,115.3,117.9,113.1,114.4,152325,1748578440
2025-05-30 09:45:00,PE,ATM-3,15.70813,3161175,24700.0,24831.7,134.0,134.0,126.5,127.55,359250,1748578500
2025-05-30 09:46:00,PE,ATM-3,15.640273,880725,24650.0,24811.25,112.0,116.0,110.35,116.0,127800,1748578560
2025-05-30 09:47:00,PE,ATM-3,15.755844,880725,24650.0,24805.9,116.95,119.55,116.2,119.2,134175,1748578620
2025-05-30 09:48:00,PE,ATM-3,15.730979,882000,24650.0,24789.2,119.2,127.2,117.85,124.75,284400,1748578680
2025-05-30 09:49:00,PE,ATM-3,15.94125,882000,24650.0,24801.3,125.3,125.3,121.3,123.0,132300,1748578740
2025-05-30 09:50:00,PE,ATM-3,15.92319,882000,24650.0,24811.05,122.2,124.3,119.3,119.4,100875,1748578800
2025-05-30 09:51:00,PE,ATM-3,15.91827,910725,24650.0,24815.25,118.05,121.5,117.4,117.9,118800,1748578860
2025-05-30 09:52:00,PE,ATM-3,16.0074,910725,24650.0,24818.05,119.1,120.6,117.3,118.0,53025,1748578920
2025-05-30 09:53:00,PE,ATM-3,16.025942,910725,24650.0,24820.6,118.4,119.3,116.25,117.35,68550,1748578980
2025-05-30 09:54:00,PE,ATM-3,16.04142,912450,24650.0,24807.35,116.75,122.85,116.3,122.05,92100,1748579040
2025-05-30 09:55:00,PE,ATM-3,16.119443,912450,24650.0,24805.55,121.95,123.6,120.95,123.6,83475,1748579100
2025-05-30 09:56:00,PE,ATM-3,15.955215,912450,24650.0,24812.3,121.6,123.4,119.3,119.3,62775,1748579160
2025-05-30 09:57:00,PE,ATM-3,16.151595,918900,24650.0,24809.2,119.4,123.15,118.95,122.7,39300,1748579220
2025-05-30 09:58:00,PE,ATM-3,16.081815,918900,24650.0,24809.8,122.55,122.55,120.5,121.65,23850,1748579280
2025-05-30 09:59:00,PE,ATM-3,16.042623,918900,24650.0,24807.55,120.95,124.5,120.95,121.95,89625,1748579340
2025-05-30 10:00:00,PE,ATM-3,16.179022,889725,24650.0,24804.6,121.4,138.1,120.6,124.6,560400,1748579400
2025-05-30 10:01:00,PE,ATM-3,16.343464,889725,24650.0,24797.0,124.4,130.4,123.9,129.25,144075,1748579460
2025-05-30 10:02:00,PE,ATM-3,16.476073,889725,24650.0,24800.35,128.25,130.2,125.65,129.65,108075,1748579520
2025-05-30 10:03:00,PE,ATM-3,16.312299,945975,24650.0,24802.1,129.8,129.9,126.0,127.05,74175,1748579580
2025-05-30 10:04:00,PE,ATM-3,16.339239,945975,24650.0,24802.0,127.15,130.45,127.05,127.4,113325,1748579640
2025-05-30 10:05:00,PE,ATM-3,16.35503,945975,24650.0,24790.45,127.15,135.45,126.3,131.7,249225,1748579700
2025-05-30 10:06:00,PE,ATM-3,16.365716,903000,24650.0,24795.8,132.4,139.5,128.85,129.9,367200,1748579760
2025-05-30 10:07:00,PE,ATM-3,16.331615,903000,24650.0,24803.65,130.5,130.5,125.85,126.7,109050,1748579820
2025-05-30 10:08:00,PE,ATM-3,16.384915,903000,24650.0,24804.45,126.45,127.5,122.8,127.05,113325,1748579880
2025-05-30 10:09:00,PE,ATM-3,16.486001,904350,24650.0,24796.85,126.7,131.45,126.0,130.95,160950,1748579940
2025-05-30 10:10:00,PE,ATM-3,16.483524,904350,24650.0,24796.6,130.6,131.5,129.0,131.0,73575,1748580000
2025-05-30 10:11:00,PE,ATM-3,16.486247,904350,24650.0,24794.85,130.7,134.65,130.7,131.65,123975,1748580060
2025-05-30 10:12:00,PE,ATM-3,16.571664,885600,24650.0,24796.45,131.85,133.65,131.65,132.1,97050,1748580120
2025-05-30 10:13:00,PE,ATM-3,16.603838,885600,24650.0,24802.85,131.55,133.25,128.2,130.2,89175,1748580180
2025-05-30 10:14:00,PE,ATM-3,16.704572,885600,24650.0,24794.75,130.1,134.85,129.65,134.3,89475,1748580240
2025-05-30 10:15:00,PE,ATM-3,16.871244,889800,24650.0,24777.5,134.7,150.0,134.2,142.65,429000,1748580300
2025-05-30 10:16:00,PE,ATM-3,16.985032,889800,24650.0,24781.75,142.75,143.7,140.5,142.45,169050,1748580360
2025-05-30 10:17:00,PE,ATM-3,17.105637,889800,24650.0,24784.35,142.8,144.0,140.9,142.95,116550,1748580420
2025-05-30 10:18:00,PE,ATM-3,17.186099,2995725,24600.0,24767.25,124.55,134.6,124.55,131.7,483225,1748580480
2025-05-30 10:19:00,PE,ATM-3,17.163277,2995725,24600.0,24767.3,131.35,135.35,128.3,131.4,395400,1748580540
2025-05-30 10:20:00,PE,ATM-3,17.136012,2995725,24600.0,24759.5,131.8,138.1,131.7,133.8,508050,1748580600
2025-05-30 10:21:00,PE,ATM-3,17.167582,3010050,24600.0,24764.1,133.8,135.75,131.3,132.55,276375,1748580660
2025-05-30 10:22:00,PE,ATM-3,17.244792,3010050,24600.0,24757.35,131.45,136.85,131.45,135.85,262125,1748580720
2025-05-30 10:23:00,PE,ATM-3,17.182912,3010050,24600.0,24753.55,136.5,141.0,134.75,136.45,460725,1748580780
2025-05-30 10:24:00,PE,ATM-3,17.298794,3038625,24600.0,24751.15,136.6,139.1,135.45,138.7,215775,1748580840
2025-05-30 10:25:00,PE,ATM-3,17.151568,3038625,24600.0,24755.8,139.05,142.5,134.85,135.25,352050,1748580900
2025-05-30 10:26:00,PE,ATM-3,16.777067,3038625,24600.0,24766.65,135.05,135.05,126.2,126.95,379125,1748580960
2025-05-30 10:27:00,PE,ATM-3,16.760333,3076200,24600.0,24768.8,126.3,127.35,125.0,126.0,209775,1748581020
2025-05-30 10:28:00,PE,ATM-3,16.743077,3076200,24600.0,24762.4,126.25,129.35,126.25,128.0,195225,1748581080
2025-05-30 10:29:00,PE,ATM-3,16.871546,3076200,24600.0,24761.9,128.85,131.4,128.05,129.7,168750,1748581140
2025-05-30 10:30:00,PE,ATM-3,16.887367,3136575,24600.0,24750.25,129.9,134.85,129.9,134.0,270600,1748581200
2025-05-30 10:31:00,PE,ATM-3,16.992192,3136575,24600.0,24750.4,134.0,138.1,134.0,135.2,267825,1748581260
2025-05-30 10:32:00,PE,ATM-3,16.994616,3136575,24600.0,24749.2,135.0,136.95,134.25,135.65,128100,1748581320
2025-05-30 10:33:00,PE,ATM-3,16.972448,3166425,24600.0,24750.1,137.1,137.25,131.5,135.05,190425,1748581380
2025-05-30 10:34:00,PE,ATM-3,16.86014,3166425,24600.0,24744.5,134.65,137.55,133.8,135.7,169800,1748581440
2025-05-30 10:35:00,PE,ATM-3,16.983807,3166425,24600.0,24738.15,135.9,139.9,135.05,139.5,252900,1748581500
2025-05-30 10:36:00,PE,ATM-3,16.933726,3149400,24600.0,24728.9,138.45,146.6,138.4,142.3,606225,1748581560
2025-05-30 10:37:00,PE,ATM-3,17.167857,1018950,24550.0,24724.95,125.65,131.35,124.35,128.25,255150,1748581620
2025-05-30 10:38:00,PE,ATM-3,16.937711,3149400,24600.0,24735.05,146.2,147.0,139.05,140.05,379500,1748581680
2025-05-30 10:39:00,PE,ATM-3,16.989398,3143925,24600.0,24741.1,140.15,141.3,135.35,138.45,252375,1748581740
2025-05-30 10:40:00,PE,ATM-3,17.115345,3143925,24600.0,24734.35,138.4,143.8,138.1,142.45,241350,1748581800
2025-05-30 10:41:00,PE,ATM-3,17.113931,3143925,24600.0,24735.9,142.65,144.7,141.85,141.85,201000,1748581860
2025-05-30 10:42:00,PE,ATM-3,16.853951,3164400,24600.0,24743.25,142.1,142.45,136.0,136.0,173325,1748581920
2025-05-30 10:43:00,PE,ATM-3,16.984526,3164400,24600.0,24745.65,136.35,140.0,136.05,136.7,112050,1748581980
2025-05-30 10:44:00,PE,ATM-3,17.044456,3164400,24600.0,24737.6,138.05,140.4,137.6,140.35,116925,1748582040
2025-05-30 10:45:00,PE,ATM-3,17.162621,1053825,24550.0,24719.9,123.25,133.45,123.25,129.85,197625,1748582100
2025-05-30 10:46:00,PE,ATM-3,17.139512,3198300,24600.0,24726.8,147.65,148.7,143.15,145.5,380175,1748582160
2025-05-30 10:47:00,PE,ATM-3,17.152544,3198300,24600.0,24726.0,144.1,147.8,143.1,145.95,152925,1748582220
2025-05-30 10:48:00,PE,ATM-3,17.131673,1057275,24550.0,24724.7,127.5,130.05,126.65,127.8,74175,1748582280
2025-05-30 10:49:00,PE,ATM-3,17.166006,3244425,24600.0,24728.25,144.65,148.35,144.1,145.25,216675,1748582340
2025-05-30 10:50:00,PE,ATM-3,17.185557,3244425,24600.0,24730.6,145.85,146.45,142.75,144.6,143850,1748582400
2025-05-30 10:51:00,PE,ATM-3,16.966074,3296250,24600.0,24738.5,143.4,144.0,137.5,139.0,250125,1748582460
2025-05-30 10:52:00,PE,ATM-3,16.845527,3296250,24600.0,24739.95,138.4,139.2,135.55,137.0,197250,1748582520
2025-05-30 10:53:00,PE,ATM-3,16.845586,3296250,24600.0,24741.85,136.9,137.75,134.75,136.3,151800,1748582580
2025-05-30 10:54:00,PE,ATM-3,16.885789,3312150,24600.0,24748.85,136.6,138.9,131.75,134.25,185400,1748582640
2025-05-30 10:55:00,PE,ATM-3,16.997817,3312150,24600.0,24749.1,134.5,135.5,131.3,135.5,218850,1748582700
2025-05-30 10:56:00,PE,ATM-3,16.913052,3312150,24600.0,24747.9,135.15,135.15,132.45,134.9,111000,1748582760
2025-05-30 10:57:00,PE,ATM-3,16.91326,3338925,24600.0,24751.65,134.7,134.85,132.6,133.55,70950,1748582820
2025-05-30 10:58:00,PE,ATM-3,16.860204,3338925,24600.0,24752.5,133.4,133.4,130.5,132.6,101850,1748582880
2025-05-30 10:59:00,PE,ATM-3,16.848919,3338925,24600.0,24751.25,132.45,134.85,132.0,132.9,96375,1748582940
2025-05-30 11:00:00,PE,ATM-3,16.792896,3364275,24600.0,24760.65,133.15,133.4,127.75,128.9,230775,1748583000
2025-05-30 11:01:00,PE,ATM-3,16.748211,3364275,24600.0,24764.55,128.2,128.7,125.0,127.0,228975,1748583060
2025-05-30 11:02:00,PE,ATM-3,16.540897,3364275,24600.0,24766.95,126.0,127.5,123.45,123.7,191025,1748583120
2025-05-30 11:03:00,PE,ATM-3,16.753222,3358200,24600.0,24765.1,123.85,126.85,123.1,126.85,116850,1748583180
2025-05-30 11:04:00,PE,ATM-3,16.630445,3358200,24600.0,24759.0,125.95,129.0,125.8,127.5,156975,1748583240
2025-05-30 11:05:00,PE,ATM-3,16.590989,3358200,24600.0,24763.95,127.2,128.1,124.25,125.3,130125,1748583300
2025-05-30 11:06:00,PE,ATM-3,16.61857,3394500,24600.0,24770.55,125.35,125.7,122.6,123.35,111375,1748583360
2025-05-30 11:07:00,PE,ATM-3,16.68869,3394500,24600.0,24769.15,123.6,125.2,122.05,124.65,102525,1748583420
2025-05-30 11:08:00,PE,ATM-3,16.694388,3394500,24600.0,24761.65,124.7,127.7,124.55,127.3,139500,1748583480
2025-05-30 11:09:00,PE,ATM-3,16.705979,3403275,24600.0,24757.3,127.2,129.15,126.9,128.95,122700,1748583540
2025-05-30 11:10:00,PE,ATM-3,16.654135,3403275,24600.0,24762.95,127.75,128.5,125.15,126.35,109650,1748583600
2025-05-30 11:11:00,PE,ATM-3,16.713307,3403275,24600.0,24758.35,125.85,129.8,125.85,128.65,85875,1748583660
2025-05-30 11:12:00,PE,ATM-3,16.691674,3421575,24600.0,24747.15,128.4,132.35,128.0,132.35,297225,1748583720
2025-05-30 11:13:00,PE,ATM-3,16.726662,3421575,24600.0,24750.4,132.15,133.05,131.05,131.6,177000,1748583780
2025-05-30 11:14:00,PE,ATM-3,16.767865,3421575,24600.0,24754.3,132.3,132.3,129.55,130.7,106950,1748583840
2025-05-30 11:15:00,PE,ATM-3,16.551815,3444525,24600.0,24761.9,130.0,130.4,124.6,125.45,191700,1748583900
2025-05-30 11:16:00,PE,ATM-3,16.385092,3444525,24600.0,24756.6,125.55,125.55,121.3,125.3,243975,1748583960
2025-05-30 11:17:00,PE,ATM-3,16.290254,3444525,24600.0,24757.35,125.0,126.0,122.45,123.9,124950,1748584020
2025-05-30 11:18:00,PE,ATM-3,16.203653,3439050,24600.0,24766.25,123.8,123.95,119.25,119.8,188850,1748584080
2025-05-30 11:19:00,PE,ATM-3,16.321493,3439050,24600.0,24764.45,119.5,122.15,118.55,121.8,120300,1748584140
2025-05-30 11:20:00,PE,ATM-3,16.408775,3439050,24600.0,24762.2,122.1,123.7,122.1,123.6,121350,1748584200
2025-05-30 11:21:00,PE,ATM-3,16.302175,3474900,24600.0,24764.75,123.4,123.7,120.6,121.45,87975,1748584260
2025-05-30 11:22:00,PE,ATM-3,16.239549,3474900,24600.0,24766.8,121.5,122.0,119.8,120.0,81375,1748584320
2025-05-30 11:23:00,PE,ATM-3,16.191225,3474900,24600.0,24770.4,119.9,120.8,117.4,118.2,147975,1748584380
2025-05-30 11:24:00,PE,ATM-3,16.054822,3504075,24600.0,24771.55,118.2,118.6,115.55,116.2,177450,1748584440
2025-05-30 11:25:00,PE,ATM-3,16.194098,1049325,24650.0,24781.65,135.2,136.75,131.7,132.2,109200,1748584500
2025-05-30 11:26:00,PE,ATM-3,16.313114,1049325,24650.0,24780.65,131.9,134.5,131.75,134.0,78600,1748584560
2025-05-30 11:27:00,PE,ATM-3,16.31889,3488850,24600.0,24770.45,115.35,119.65,115.35,119.65,122025,1748584620
2025-05-30 11:28:00,PE,ATM-3,16.18131,3488850,24600.0,24771.55,119.5,120.45,117.65,117.65,119400,1748584680
2025-05-30 11:29:00,PE,ATM-3,16.341627,3488850,24600.0,24774.15,117.95,118.75,117.2,118.65,53475,1748584740
2025-05-30 11:30:00,PE,ATM-3,16.325256,1044600,24650.0,24782.45,136.95,137.0,132.35,133.45,73200,1748584800
2025-05-30 11:31:00,PE,ATM-3,16.337187,1044600,24650.0,24784.6,133.7,133.95,130.0,132.8,94800,1748584860
2025-05-30 11:32:00,PE,ATM-3,16.296167,1044600,24650.0,24783.35,132.6,133.55,131.3,132.75,59250,1748584920
2025-05-30 11:33:00,PE,ATM-3,16.245512,1038300,24650.0,24785.9,132.95,132.95,129.4,131.2,57450,1748584980
2025-05-30 11:34:00,PE,ATM-3,16.193422,3530625,24600.0,24773.0,114.05,117.25,113.2,117.25,139575,1748585040
2025-05-30 11:35:00,PE,ATM-3,16.354575,3530625,24600.0,24767.5,117.75,121.15,117.15,121.0,271875,1748585100
2025-05-30 11:36:00,PE,ATM-3,16.329954,3540975,24600.0,24770.0,120.8,121.15,119.4,119.85,114825,1748585160
2025-05-30 11:37:00,PE,ATM-3,16.35756,3540975,24600.0,24769.9,120.15,120.4,118.1,120.2,80550,1748585220
2025-05-30 11:38:00,PE,ATM-3,16.415778,3540975,24600.0,24762.1,119.35,123.55,119.2,123.55,153225,1748585280
2025-05-30 11:39:00,PE,ATM-3,16.504751,3509100,24600.0,24761.8,122.95,124.7,121.55,124.7,157125,1748585340
2025-05-30 11:40:00,PE,ATM-3,16.438761,3509100,24600.0,24755.5,124.65,126.35,123.7,126.1,261600,1748585400
2025-05-30 11:41:00,PE,ATM-3,16.288502,3509100,24600.0,24759.1,125.0,125.0,122.45,123.05,144000,1748585460
2025-05-30 11:42:00,PE,ATM-3,16.418086,3499275,24600.0,24755.6,123.25,126.1,123.25,125.8,114525,1748585520
2025-05-30 11:43:00,PE,ATM-3,16.361642,3499275,24600.0,24748.55,125.8,127.9,124.35,127.6,226875,1748585580
2025-05-30 11:44:00,PE,ATM-3,16.381607,3499275,24600.0,24745.4,127.95,129.3,127.0,128.95,220425,1748585640
2025-05-30 11:45:00,PE,ATM-3,16.427505,3448500,24600.0,24749.45,127.1,128.05,125.5,128.05,157350,1748585700
2025-05-30 11:46:00,PE,ATM-3,16.414816,3448500,24600.0,24748.15,128.55,128.8,127.05,128.35,98475,1748585760
2025-05-30 11:47:00,PE,ATM-3,16.319995,3448500,24600.0,24751.85,128.4,128.4,125.8,125.9,93000,1748585820
2025-05-30 11:48:00,PE,ATM-3,16.349077,3444750,24600.0,24738.5,125.7,131.8,125.2,131.0,320325,1748585880
2025-05-30 11:49:00,PE,ATM-3,16.360445,3444750,24600.0,24752.6,130.9,131.95,126.1,126.1,252075,1748585940
2025-05-30 11:50:00,PE,ATM-3,16.209213,3444750,24600.0,24755.0,126.05,126.05,122.7,123.45,219750,1748586000
2025-05-30 11:51:00,PE,ATM-3,16.168306,3411600,24600.0,24759.05,123.0,123.95,119.7,121.55,219675,1748586060
2025-05-30 11:52:00,PE,ATM-3,15.994887,3411600,24600.0,24763.25,121.15,121.15,117.6,118.05,177225,1748586120
2025-05-30 11:53:00,PE,ATM-3,15.976241,3411600,24600.0,24766.7,117.7,118.75,115.75,116.65,148500,1748586180
2025-05-30 11:54:00,PE,ATM-3,15.999772,3382425,24600.0,24766.9,116.6,118.6,116.25,116.85,76950,1748586240
2025-05-30 11:55:00,PE,ATM-3,16.085758,3382425,24600.0,24764.7,117.3,118.6,116.3,118.6,62325,1748586300
2025-05-30 11:56:00,PE,ATM-3,16.040589,3382425,24600.0,24759.9,118.6,120.6,118.6,119.7,131925,1748586360
2025-05-30 11:57:00,PE,ATM-3,16.102026,3400800,24600.0,24758.5,120.95,121.0,120.05,120.9,88425,1748586420
2025-05-30 11:58:00,PE,ATM-3,16.174534,3400800,24600.0,24751.75,120.9,124.25,120.5,124.1,145800,1748586480
2025-05-30 11:59:00,PE,ATM-3,16.109655,3400800,24600.0,24755.1,123.4,124.2,121.8,122.15,75750,1748586540
2025-05-30 12:00:00,PE,ATM-3,16.188678,3433125,24600.0,24747.35,122.65,126.45,122.1,125.8,187875,1748586600
2025-05-30 12:01:00,PE,ATM-3,16.249685,3433125,24600.0,24744.45,125.6,128.15,125.1,127.55,147000,1748586660
2025-05-30 12:02:00,PE,ATM-3,16.36037,3433125,24600.0,24742.4,126.9,130.25,126.9,129.6,161700,1748586720
2025-05-30 12:03:00,PE,ATM-3,16.452171,3433950,24600.0,24742.1,128.65,131.4,127.4,130.8,156975,1748586780
2025-05-30 12:04:00,PE,ATM-3,16.335872,3433950,24600.0,24732.15,130.0,137.35,129.4,133.0,293700,1748586840
2025-05-30 12:05:00,PE,ATM-3,16.307113,3433950,24600.0,24735.7,132.05,132.9,131.35,131.35,178050,1748586900
2025-05-30 12:06:00,PE,ATM-3,16.201381,3412800,24600.0,24742.0,132.4,132.4,127.8,127.8,151500,1748586960
2025-05-30 12:07:00,PE,ATM-3,16.23021,3412800,24600.0,24742.8,127.9,129.45,127.8,127.85,106425,1748587020
2025-05-30 12:08:00,PE,ATM-3,16.323158,3412800,24600.0,24744.35,127.7,128.4,125.4,128.4,161700,1748587080
2025-05-30 12:09:00,PE,ATM-3,16.28456,3415950,24600.0,24744.15,127.9,128.95,127.2,128.0,107025,1748587140
2025-05-30 12:10:00,PE,ATM-3,16.358554,3415950,24600.0,24740.6,128.15,130.3,127.8,130.15,107175,1748587200
2025-05-30 12:11:00,PE,ATM-3,16.271459,3415950,24600.0,24742.4,129.9,130.55,128.3,128.45,91650,1748587260
2025-05-30 12:12:00,PE,ATM-3,16.401345,3433875,24600.0,24739.2,128.5,131.7,127.45,131.15,114900,1748587320
2025-05-30 12:13:00,PE,ATM-3,16.469037,3433875,24600.0,24742.4,131.3,131.35,129.7,130.8,91650,1748587380
2025-05-30 12:14:00,PE,ATM-3,16.364308,3433875,24600.0,24741.8,130.35,132.0,129.2,129.75,422700,1748587440
2025-05-30 12:15:00,PE,ATM-3,16.400617,3253500,24600.0,24735.65,130.0,134.4,129.25,132.4,253575,1748587500
2025-05-30 12:16:00,PE,ATM-3,16.435638,3253500,24600.0,24738.3,131.65,133.1,131.3,131.85,101100,1748587560
2025-05-30 12:17:00,PE,ATM-3,16.174471,3253500,24600.0,24749.4,131.75,131.75,123.5,124.75,382725,1748587620
2025-05-30 12:18:00,PE,ATM-3,16.277231,3178050,24600.0,24746.9,124.45,127.35,124.45,126.85,141525,1748587680
2025-05-30 12:19:00,PE,ATM-3,16.266122,3178050,24600.0,24746.5,127.4,128.25,125.4,126.85,54900,1748587740
2025-05-30 12:20:00,PE,ATM-3,16.307537,3178050,24600.0,24748.15,127.0,127.0,124.65,126.75,56925,1748587800
2025-05-30 12:21:00,PE,ATM-3,16.334414,3177150,24600.0,24747.9,126.35,127.65,125.65,127.15,52500,1748587860
2025-05-30 12:22:00,PE,ATM-3,16.338552,3177150,24600.0,24750.7,126.9,127.0,125.25,126.2,48975,1748587920
2025-05-30 12:23:00,PE,ATM-3,16.188034,3177150,24600.0,24752.55,125.4,127.9,123.75,123.75,105075,1748587980
2025-05-30 12:24:00,PE,ATM-3,16.241505,3171750,24600.0,24751.2,123.6,125.8,122.6,124.85,129900,1748588040
2025-05-30 12:25:00,PE,ATM-3,16.376936,3171750,24600.0,24751.35,124.95,126.4,124.8,126.4,62400,1748588100
2025-05-30 12:26:00,PE,ATM-3,16.400867,3171750,24600.0,24749.3,126.1,127.4,125.7,127.4,63825,1748588160
2025-05-30 12:27:00,PE,ATM-3,16.364944,3167550,24600.0,24750.75,126.2,126.8,126.0,126.45,28950,1748588220
2025-05-30 12:28:00,PE,ATM-3,16.351182,3167550,24600.0,24753.1,126.2,126.2,123.65,125.45,65025,1748588280
2025-05-30 12:29:00,PE,ATM-3,16.344046,3167550,24600.0,24749.85,124.75,126.8,123.65,126.5,47850,1748588340
2025-05-30 12:30:00,PE,ATM-3,16.382003,3174900,24600.0,24737.95,127.0,131.35,127.0,131.2,145800,1748588400
2025-05-30 12:31:00,PE,ATM-3,16.357323,3174900,24600.0,24740.15,130.75,131.85,129.6,130.1,155175,1748588460
2025-05-30 12:32:00,PE,ATM-3,16.421454,3174900,24600.0,24742.4,129.75,130.95,129.6,130.05,61350,1748588520
2025-05-30 12:33:00,PE,ATM-3,16.46181,3217275,24600.0,24740.8,130.35,131.7,129.8,131.1,77625,1748588580
2025-05-30 12:34:00,PE,ATM-3,16.406724,3217275,24600.0,24741.3,131.35,131.35,129.9,130.25,56250,1748588640
2025-05-30 12:35:00,PE,ATM-3,16.386991,3217275,24600.0,24744.1,130.5,130.5,127.65,129.0,82500,1748588700
2025-05-30 12:36:00,PE,ATM-3,16.446,3211125,24600.0,24740.75,129.0,131.0,128.0,130.9,56550,1748588760
2025-05-30 12:37:00,PE,ATM-3,16.519204,3211125,24600.0,24737.35,130.95,133.7,130.1,133.0,127350,1748588820
2025-05-30 12:38:00,PE,ATM-3,16.494292,3211125,24600.0,24737.05,133.1,134.55,132.6,132.8,121125,1748588880
2025-05-30 12:39:00,PE,ATM-3,16.724777,3188625,24600.0,24734.9,133.55,136.35,133.05,136.35,150000,1748588940
2025-05-30 12:40:00,PE,ATM-3,16.689562,3188625,24600.0,24732.9,134.85,137.15,134.85,136.65,193500,1748589000
2025-05-30 12:41:00,PE,ATM-3,16.421402,3188625,24600.0,24736.9,135.0,135.2,130.95,131.95,195975,1748589060
2025-05-30 12:42:00,PE,ATM-3,16.450911,3225150,24600.0,24735.1,131.25,133.3,129.6,132.95,119325,1748589120
2025-05-30 12:43:00,PE,ATM-3,16.49959,3225150,24600.0,24734.35,133.2,134.85,132.8,133.8,88725,1748589180
2025-05-30 12:44:00,PE,ATM-3,16.464617,3225150,24600.0,24737.15,134.3,134.9,132.35,132.35,85950,1748589240
2025-05-30 12:45:00,PE,ATM-3,16.269019,3241125,24600.0,24742.55,131.7,131.7,127.35,128.05,175875,1748589300
2025-05-30 12:46:00,PE,ATM-3,16.531856,3241125,24600.0,24741.4,128.4,131.6,127.8,131.6,112950,1748589360
2025-05-30 12:47:00,PE,ATM-3,16.47708,3241125,24600.0,24744.0,131.35,131.35,127.8,130.0,100800,1748589420
2025-05-30 12:48:00,PE,ATM-3,16.442221,3264375,24600.0,24742.95,130.2,130.5,128.4,129.95,76500,1748589480
2025-05-30 12:49:00,PE,ATM-3,16.455005,3264375,24600.0,24743.35,129.65,130.2,128.9,129.95,60000,1748589540
2025-05-30 12:50:00,PE,ATM-3,16.399257,3264375,24600.0,24748.75,130.05,130.05,126.65,127.35,143625,1748589600
2025-05-30 12:51:00,PE,ATM-3,16.259945,3320400,24600.0,24750.4,127.15,127.7,125.1,125.1,146700,1748589660
2025-05-30 12:52:00,PE,ATM-3,16.320358,3320400,24600.0,24752.7,124.85,125.85,124.0,125.0,143250,1748589720
2025-05-30 12:53:00,PE,ATM-3,16.38247,3320400,24600.0,24753.35,125.05,126.5,124.7,125.5,71325,1748589780
2025-05-30 12:54:00,PE,ATM-3,16.51957,3309075,24600.0,24754.4,125.8,126.9,125.8,126.75,82350,1748589840
2025-05-30 12:55:00,PE,ATM-3,16.529471,3309075,24600.0,24757.85,126.7,127.3,125.0,125.65,98625,1748589900
2025-05-30 12:56:00,PE,ATM-3,16.560036,3309075,24600.0,24756.0,125.5,127.4,125.0,126.65,57675,1748589960
2025-05-30 12:57:00,PE,ATM-3,16.582141,3315675,24600.0,24757.15,126.85,126.95,125.2,126.5,41925,1748590020
2025-05-30 12:58:00,PE,ATM-3,16.571323,3315675,24600.0,24755.9,126.65,127.0,125.8,126.8,28650,1748590080
2025-05-30 12:59:00,PE,ATM-3,16.579661,3315675,24600.0,24755.3,126.85,127.3,125.75,127.1,63525,1748590140
2025-05-30 13:00:00,PE,ATM-3,16.621091,3327375,24600.0,24755.25,126.85,128.65,126.6,127.6,88950,1748590200
2025-05-30 13:01:00,PE,ATM-3,16.579855,3327375,24600.0,24756.25,127.3,127.3,124.75,126.75,77400,1748590260
2025-05-30 13:02:00,PE,ATM-3,16.610189,3327375,24600.0,24757.25,126.4,127.2,125.9,126.75,28275,1748590320
2025-05-30 13:03:00,PE,ATM-3,16.454384,3321075,24600.0,24764.6,126.15,126.15,121.65,122.35,165300,1748590380
2025-05-30 13:04:00,PE,ATM-3,16.53224,3321075,24600.0,24765.35,122.4,123.15,121.3,123.0,85275,1748590440
2025-05-30 13:05:00,PE,ATM-3,16.549342,3321075,24600.0,24766.2,122.05,123.3,121.6,122.9,74700,1748590500
2025-05-30 13:06:00,PE,ATM-3,16.603731,3297375,24600.0,24763.1,122.8,124.6,122.55,124.6,68100,1748590560
2025-05-30 13:07:00,PE,ATM-3,16.538994,3297375,24600.0,24753.0,124.75,127.55,124.75,127.35,153075,1748590620
2025-05-30 13:08:00,PE,ATM-3,16.376905,3297375,24600.0,24757.05,127.35,127.35,123.65,124.0,132825,1748590680
2025-05-30 13:09:00,PE,ATM-3,16.514469,3313800,24600.0,24759.4,123.95,125.05,122.65,124.8,92100,1748590740
2025-05-30 13:10:00,PE,ATM-3,16.59032,3313800,24600.0,24763.4,124.95,125.0,123.25,124.3,73800,1748590800
2025-05-30 13:11:00,PE,ATM-3,16.593943,3313800,24600.0,24758.6,124.3,126.0,124.05,126.0,68550,1748590860
2025-05-30 13:12:00,PE,ATM-3,16.492575,3304275,24600.0,24758.0,125.6,125.65,124.3,125.0,45000,1748590920
2025-05-30 13:13:00,PE,ATM-3,16.590532,3304275,24600.0,24756.0,125.25,126.9,125.25,126.85,75600,1748590980
2025-05-30 13:14:00,PE,ATM-3,16.503387,3304275,24600.0,24758.6,126.65,127.05,124.2,124.9,74025,1748591040
2025-05-30 13:15:00,PE,ATM-3,16.439323,3290550,24600.0,24762.45,125.1,125.1,122.4,122.8,79275,1748591100
2025-05-30 13:16:00,PE,ATM-3,16.507321,3290550,24600.0,24760.55,122.7,124.5,122.7,124.25,70650,1748591160
2025-05-30 13:17:00,PE,ATM-3,16.546912,3290550,24600.0,24761.15,123.45,124.95,123.1,124.5,43125,1748591220
2025-05-30 13:18:00,PE,ATM-3,16.268065,3275400,24600.0,24764.8,124.25,124.25,119.55,119.95,203475,1748591280
2025-05-30 13:19:00,PE,ATM-3,16.293791,3275400,24600.0,24759.4,119.65,122.5,119.65,122.1,71625,1748591340
2025-05-30 13:20:00,PE,ATM-3,16.412484,3275400,24600.0,24756.5,122.5,124.75,122.05,124.5,111750,1748591400
2025-05-30 13:21:00,PE,ATM-3,16.515053,3273675,24600.0,24754.8,124.85,126.3,123.85,126.3,92550,1748591460
2025-05-30 13:22:00,PE,ATM-3,16.57193,3273675,24600.0,24754.7,126.0,127.0,125.4,127.0,72900,1748591520
2025-05-30 13:23:00,PE,ATM-3,16.515852,3273675,24600.0,24753.35,126.8,127.0,125.9,126.8,98625,1748591580
2025-05-30 13:24:00,PE,ATM-3,16.513978,3279300,24600.0,24752.55,126.35,127.2,125.7,127.05,60900,1748591640
2025-05-30 13:25:00,PE,ATM-3,16.516251,3279300,24600.0,24750.9,127.0,127.65,126.05,127.65,84525,1748591700
2025-05-30 13:26:00,PE,ATM-3,16.385008,3279300,24600.0,24761.6,127.5,127.5,121.85,122.35,180450,1748591760
2025-05-30 13:27:00,PE,ATM-3,16.267372,3240075,24600.0,24771.9,121.8,121.8,115.05,117.45,347475,1748591820
2025-05-30 13:28:00,PE,ATM-3,16.281483,3240075,24600.0,24773.85,117.2,118.35,116.25,116.95,130725,1748591880
2025-05-30 13:29:00,PE,ATM-3,16.34652,3240075,24600.0,24769.7,117.1,119.4,116.1,119.1,105900,1748591940
2025-05-30 13:30:00,PE,ATM-3,16.429266,1037700,24650.0,24777.75,137.7,137.9,134.2,135.3,89850,1748592000
2025-05-30 13:31:00,PE,ATM-3,16.562121,1037700,24650.0,24779.9,134.75,136.1,133.3,136.1,63525,1748592060
2025-05-30 13:32:00,PE,ATM-3,16.505548,1037700,24650.0,24779.65,136.05,137.5,135.15,135.5,55350,1748592120
2025-05-30 13:33:00,PE,ATM-3,16.583751,1038900,24650.0,24777.85,135.75,137.4,135.4,137.1,34050,1748592180
2025-05-30 13:34:00,PE,ATM-3,16.463295,3287400,24600.0,24773.6,118.1,119.1,117.9,119.1,94575,1748592240
2025-05-30 13:35:00,PE,ATM-3,16.418435,3287400,24600.0,24773.65,118.55,119.25,117.6,118.55,76050,1748592300
2025-05-30 13:36:00,PE,ATM-3,16.424631,3297750,24600.0,24769.55,118.55,120.0,118.45,120.0,106800,1748592360
2025-05-30 13:37:00,PE,ATM-3,16.384186,3297750,24600.0,24773.15,119.6,120.25,118.25,118.3,90225,1748592420
2025-05-30 13:38:00,PE,ATM-3,16.467981,1064175,24650.0,24780.3,137.05,137.9,134.75,134.75,49425,1748592480
2025-05-30 13:39:00,PE,ATM-3,16.497693,1064175,24650.0,24775.7,135.0,136.9,134.4,136.8,30675,1748592540
2025-05-30 13:40:00,PE,ATM-3,16.578154,1046700,24650.0,24778.7,136.9,137.35,135.7,136.65,31875,1748592600
2025-05-30 13:41:00,PE,ATM-3,16.455379,3314550,24600.0,24771.8,118.3,119.9,118.3,119.55,61500,1748592660
2025-05-30 13:42:00,PE,ATM-3,16.423578,3314550,24600.0,24772.3,119.3,119.85,117.8,119.0,60075,1748592720
2025-05-30 13:43:00,PE,ATM-3,16.464841,3311475,24600.0,24773.7,119.35,119.4,118.25,119.0,38700,1748592780
2025-05-30 13:44:00,PE,ATM-3,16.470552,3311475,24600.0,24771.65,119.25,120.05,118.25,119.75,48600,1748592840
2025-05-30 13:45:00,PE,ATM-3,16.454558,3311475,24600.0,24772.4,119.3,120.1,118.5,119.3,61800,1748592900
2025-05-30 13:46:00,PE,ATM-3,16.503009,3323625,24600.0,24764.65,119.0,122.5,119.0,122.5,169275,1748592960
2025-05-30 13:47:00,PE,ATM-3,16.531711,3323625,24600.0,24764.15,122.0,123.45,121.95,123.0,101550,1748593020
2025-05-30 13:48:00,PE,ATM-3,16.581866,3323625,24600.0,24765.4,123.15,123.3,120.8,123.15,101550,1748593080
2025-05-30 13:49:00,PE,ATM-3,16.485114,3314625,24600.0,24762.65,122.65,123.4,122.05,122.95,73500,1748593140
2025-05-30 13:50:00,PE,ATM-3,16.504628,3314625,24600.0,24764.45,122.1,123.25,121.5,122.55,61650,1748593200
2025-05-30 13:51:00,PE,ATM-3,16.555567,3314625,24600.0,24765.0,122.15,123.2,122.0,122.95,49575,1748593260
2025-05-30 13:52:00,PE,ATM-3,16.537705,3323250,24600.0,24766.4,122.95,122.95,121.7,122.25,54375,1748593320
2025-05-30 13:53:00,PE,ATM-3,16.482846,3323250,24600.0,24773.6,122.25,122.25,117.95,119.15,137550,1748593380
2025-05-30 13:54:00,PE,ATM-3,16.509272,1052775,24650.0,24775.15,138.0,138.4,136.8,137.0,33225,1748593440
2025-05-30 13:55:00,PE,ATM-3,16.570005,1049250,24650.0,24780.75,137.0,138.0,135.45,135.65,53175,1748593500
2025-05-30 13:56:00,PE,ATM-3,16.472549,1049250,24650.0,24795.0,135.0,135.0,126.5,129.3,253950,1748593560
2025-05-30 13:57:00,PE,ATM-3,16.523669,1049250,24650.0,24795.7,128.75,129.65,125.7,129.65,98400,1748593620
2025-05-30 13:58:00,PE,ATM-3,16.537493,1038525,24650.0,24793.9,129.6,131.0,128.75,130.45,78900,1748593680
2025-05-30 13:59:00,PE,ATM-3,16.531222,1038525,24650.0,24788.95,130.45,132.6,130.0,132.15,57300,1748593740
2025-05-30 14:00:00,PE,ATM-3,16.475087,1038525,24650.0,24790.8,132.1,132.1,129.9,130.8,48600,1748593800
2025-05-30 14:01:00,PE,ATM-3,16.489125,1055550,24650.0,24795.0,130.65,130.85,128.65,129.45,47100,1748593860
2025-05-30 14:02:00,PE,ATM-3,16.522442,1055550,24650.0,24790.1,128.8,132.0,128.8,131.6,43875,1748593920
2025-05-30 14:03:00,PE,ATM-3,16.415429,1055550,24650.0,24784.2,131.95,132.75,131.6,132.45,57900,1748593980
2025-05-30 14:04:00,PE,ATM-3,16.398685,1061400,24650.0,24781.3,132.65,133.8,132.35,133.3,62475,1748594040
2025-05-30 14:05:00,PE,ATM-3,16.473282,1061400,24650.0,24778.55,132.9,135.2,132.45,135.2,55050,1748594100
2025-05-30 14:06:00,PE,ATM-3,16.407714,3334350,24600.0,24774.35,116.3,118.0,115.8,117.9,150525,1748594160
2025-05-30 14:07:00,PE,ATM-3,16.470782,3349275,24600.0,24769.4,118.1,121.15,118.1,120.3,222375,1748594220
2025-05-30 14:08:00,PE,ATM-3,16.490655,3349275,24600.0,24768.0,120.7,122.1,120.0,121.0,142650,1748594280
2025-05-30 14:09:00,PE,ATM-3,16.482074,3349275,24600.0,24766.8,120.9,122.0,120.2,121.3,72000,1748594340
2025-05-30 14:10:00,PE,ATM-3,16.502469,3323325,24600.0,24768.35,121.5,121.5,120.0,121.0,88425,1748594400
2025-05-30 14:11:00,PE,ATM-3,16.502982,3323325,24600.0,24766.0,121.65,122.6,120.5,121.8,118125,1748594460
2025-05-30 14:12:00,PE,ATM-3,16.604696,3323325,24600.0,24763.05,121.1,124.25,121.1,124.0,163350,1748594520
2025-05-30 14:13:00,PE,ATM-3,16.507753,3328425,24600.0,24760.45,124.1,125.1,122.95,123.75,180675,1748594580
2025-05-30 14:14:00,PE,ATM-3,16.500874,3328425,24600.0,24753.6,124.4,126.6,123.7,126.05,126675,1748594640
2025-05-30 14:15:00,PE,ATM-3,16.437099,3328425,24600.0,24752.85,126.7,127.3,125.25,125.55,167475,1748594700
2025-05-30 14:16:00,PE,ATM-3,16.454755,3332850,24600.0,24760.3,125.0,125.2,122.65,123.15,186525,1748594760
2025-05-30 14:17:00,PE,ATM-3,16.566582,3332850,24600.0,24758.45,123.2,125.25,123.2,125.1,88425,1748594820
2025-05-30 14:18:00,PE,ATM-3,16.425713,3332850,24600.0,24763.75,125.3,125.3,120.35,121.6,150075,1748594880
2025-05-30 14:19:00,PE,ATM-3,16.338205,3303150,24600.0,24765.4,121.3,122.55,119.4,120.0,92325,1748594940
2025-05-30 14:20:00,PE,ATM-3,16.252437,3303150,24600.0,24768.6,120.0,120.6,117.3,117.9,174900,1748595000
2025-05-30 14:21:00,PE,ATM-3,16.47461,3303150,24600.0,24768.85,118.0,120.55,118.0,120.4,85350,1748595060
2025-05-30 14:22:00,PE,ATM-3,16.400308,3246975,24600.0,24767.3,120.2,120.45,119.25,120.05,45525,1748595120
2025-05-30 14:23:00,PE,ATM-3,16.410408,3246975,24600.0,24766.3,120.0,120.8,119.55,120.5,38250,1748595180
2025-05-30 14:24:00,PE,ATM-3,16.183495,3246975,24600.0,24771.0,119.5,119.5,115.55,116.25,151725,1748595240
2025-05-30 14:25:00,PE,ATM-3,16.259446,3261525,24600.0,24774.05,116.7,116.7,114.55,116.1,120300,1748595300
2025-05-30 14:26:00,PE,ATM-3,16.333672,3261525,24600.0,24770.2,116.0,118.45,115.95,118.25,80325,1748595360
2025-05-30 14:27:00,PE,ATM-3,16.390753,3261525,24600.0,24768.45,118.05,119.75,117.75,119.5,71850,1748595420
2025-05-30 14:28:00,PE,ATM-3,16.384571,3285975,24600.0,24771.9,119.0,119.0,117.3,118.25,75600,1748595480
2025-05-30 14:29:00,PE,ATM-3,16.316128,3285975,24600.0,24770.4,118.25,118.25,117.2,117.95,42150,1748595540
2025-05-30 14:30:00,PE,ATM-3,16.110381,1040925,24650.0,24778.55,136.9,137.0,130.35,130.6,77550,1748595600
2025-05-30 14:31:00,PE,ATM-3,16.107019,1046250,24650.0,24781.15,129.75,130.0,128.25,129.6,104175,1748595660
2025-05-30 14:32:00,PE,ATM-3,16.051182,1046250,24650.0,24780.25,129.75,130.15,127.85,129.25,45750,1748595720
2025-05-30 14:33:00,PE,ATM-3,16.03691,1046250,24650.0,24784.85,129.4,129.4,127.1,127.4,63075,1748595780
2025-05-30 14:34:00,PE,ATM-3,16.042866,1044225,24650.0,24780.2,127.4,129.6,127.4,129.15,36525,1748595840
2025-05-30 14:35:00,PE,ATM-3,16.055865,1044225,24650.0,24782.25,129.1,129.15,128.1,128.55,32400,1748595900
2025-05-30 14:36:00,PE,ATM-3,16.056787,1044225,24650.0,24775.15,129.0,133.0,129.0,131.15,92700,1748595960
2025-05-30 14:37:00,PE,ATM-3,16.099404,1072275,24650.0,24775.7,131.15,131.9,130.55,131.45,40125,1748596020
2025-05-30 14:38:00,PE,ATM-3,16.124496,3463050,24600.0,24772.15,113.0,115.3,112.8,115.05,98175,1748596080
2025-05-30 14:39:00,PE,ATM-3,16.14519,3463050,24600.0,24771.05,115.0,116.75,114.15,115.65,119850,1748596140
2025-05-30 14:40:00,PE,ATM-3,16.13959,3458925,24600.0,24768.75,115.45,116.5,114.0,116.35,80400,1748596200
2025-05-30 14:41:00,PE,ATM-3,16.126594,3458925,24600.0,24770.65,116.0,116.35,115.0,115.55,57750,1748596260
2025-05-30 14:42:00,PE,ATM-3,16.103884,3458925,24600.0,24768.65,115.8,116.8,115.3,115.95,39675,1748596320
2025-05-30 14:43:00,PE,ATM-3,16.019123,3460350,24600.0,24771.2,115.95,116.0,112.9,114.1,109500,1748596380
2025-05-30 14:44:00,PE,ATM-3,16.10714,3460350,24600.0,24769.45,114.4,115.7,113.1,115.7,71775,1748596440
2025-05-30 14:45:00,PE,ATM-3,16.114862,3460350,24600.0,24763.05,114.95,117.95,114.6,117.95,115725,1748596500
2025-05-30 14:46:00,PE,ATM-3,16.084626,3415950,24600.0,24761.55,117.7,119.5,117.7,118.1,168600,1748596560
2025-05-30 14:47:00,PE,ATM-3,16.017049,3415950,24600.0,24761.7,118.05,119.9,116.6,117.25,86100,1748596620
2025-05-30 14:48:00,PE,ATM-3,15.892805,3415950,24600.0,24762.85,117.25,117.6,114.05,115.4,94725,1748596680
2025-05-30 14:49:00,PE,ATM-3,15.962021,3419250,24600.0,24765.35,115.65,115.85,113.15,115.35,103725,1748596740
2025-05-30 14:50:00,PE,ATM-3,16.013245,3419250,24600.0,24763.25,115.35,117.0,114.9,116.65,72300,1748596800
2025-05-30 14:51:00,PE,ATM-3,16.045111,3419250,24600.0,24765.2,116.2,116.35,114.65,116.35,40650,1748596860
2025-05-30 14:52:00,PE,ATM-3,15.955585,3418275,24600.0,24769.95,116.15,116.65,112.85,113.7,80175,1748596920
2025-05-30 14:53:00,PE,ATM-3,15.859756,3418275,24600.0,24773.65,113.7,114.95,111.35,111.35,74775,1748596980
2025-05-30 14:54:00,PE,ATM-3,15.925599,3418275,24600.0,24771.7,112.05,112.8,110.25,112.75,109875,1748597040
2025-05-30 14:55:00,PE,ATM-3,16.011329,3381900,24600.0,24771.8,112.6,113.8,112.5,113.7,55200,1748597100
2025-05-30 14:56:00,PE,ATM-3,15.891114,3381900,24600.0,24772.25,112.85,113.6,111.95,112.15,42675,1748597160
2025-05-30 14:57:00,PE,ATM-3,16.028167,1040700,24650.0,24775.45,130.75,130.75,129.55,130.5,30525,1748597220
2025-05-30 14:58:00,PE,ATM-3,15.967112,3385725,24600.0,24757.95,112.75,118.5,112.25,117.85,167550,1748597280
2025-05-30 14:59:00,PE,ATM-3,16.083881,3385725,24600.0,24764.4,117.55,118.2,114.9,117.0,164100,1748597340
2025-05-30 15:00:00,PE,ATM-3,16.060181,3385725,24600.0,24767.1,116.6,116.6,111.7,115.8,200475,1748597400
2025-05-30 15:01:00,PE,ATM-3,16.050643,3369450,24600.0,24750.6,116.15,121.35,115.7,121.35,252150,1748597460
2025-05-30 15:02:00,PE,ATM-3,15.904566,3369450,24600.0,24736.8,120.2,124.5,119.4,124.5,332625,1748597520
2025-05-30 15:03:00,PE,ATM-3,15.812224,3369450,24600.0,24739.45,124.4,127.35,122.2,122.45,358350,1748597580
2025-05-30 15:04:00,PE,ATM-3,15.856735,3347850,24600.0,24739.5,122.4,124.6,122.2,122.95,135675,1748597640
2025-05-30 15:05:00,PE,ATM-3,15.977864,3347850,24600.0,24743.65,123.1,125.7,122.2,122.9,159300,1748597700
2025-05-30 15:06:00,PE,ATM-3,16.001134,3347850,24600.0,24758.75,122.85,122.85,116.9,117.9,271350,1748597760
2025-05-30 15:07:00,PE,ATM-3,15.876927,3306975,24600.0,24753.2,117.85,119.0,116.35,118.35,118950,1748597820
2025-05-30 15:08:00,PE,ATM-3,15.90637,3306975,24600.0,24754.75,118.05,119.4,117.25,118.15,114300,1748597880
2025-05-30 15:09:00,PE,ATM-3,15.997009,3306975,24600.0,24759.55,117.9,118.8,117.2,117.55,77250,1748597940
2025-05-30 15:10:00,PE,ATM-3,15.962072,3292575,24600.0,24759.5,116.4,118.35,116.0,117.15,132975,1748598000
2025-05-30 15:11:00,PE,ATM-3,15.996019,3292575,24600.0,24755.25,116.95,119.6,116.95,119.0,101625,1748598060
2025-05-30 15:12:00,PE,ATM-3,15.923458,3292575,24600.0,24749.75,118.9,120.2,117.3,120.05,94200,1748598120
2025-05-30 15:13:00,PE,ATM-3,16.027771,3252000,24600.0,24754.25,120.65,120.95,118.8,119.7,143700,1748598180
2025-05-30 15:14:00,PE,ATM-3,16.113313,3252000,24600.0,24751.65,120.1,121.6,118.65,121.6,98175,1748598240
2025-05-30 15:15:00,PE,ATM-3,15.991285,3252000,24600.0,24754.55,121.65,121.8,118.85,119.15,146025,1748598300
2025-05-30 15:16:00,PE,ATM-3,15.971382,3211875,24600.0,24753.85,119.55,120.2,118.5,119.15,148350,1748598360
2025-05-30 15:17:00,PE,ATM-3,15.950106,3211875,24600.0,24749.8,119.8,120.9,119.3,120.3,114825,1748598420
2025-05-30 15:18:00,PE,ATM-3,15.380748,3211875,24600.0,24751.45,120.0,121.1,112.45,113.05,249075,1748598480
2025-05-30 15:19:00,PE,ATM-3,15.806923,3045600,24600.0,24746.65,114.1,119.8,113.9,119.7,209475,1748598540
2025-05-30 15:20:00,PE,ATM-3,15.821021,3045600,24600.0,24744.25,118.9,120.7,117.8,120.7,163125,1748598600
2025-05-30 15:21:00,PE,ATM-3,15.635661,3045600,24600.0,24742.85,120.15,120.8,118.85,119.0,145575,1748598660
2025-05-30 15:22:00,PE,ATM-3,15.614367,2948850,24600.0,24749.7,119.2,119.7,116.3,116.35,214275,1748598720
2025-05-30 15:23:00,PE,ATM-3,15.728252,2948850,24600.0,24748.05,117.55,118.25,117.4,118.25,108225,1748598780
2025-05-30 15:24:00,PE,ATM-3,15.795901,2948850,24600.0,24741.75,119.75,121.25,118.4,121.25,154800,1748598840
2025-05-30 15:25:00,PE,ATM-3,15.790934,2874150,24600.0,24741.7,121.45,122.2,119.6,121.2,238275,1748598900
2025-05-30 15:26:00,PE,ATM-3,16.011977,2874150,24600.0,24740.3,121.95,125.1,121.7,124.3,160350,1748598960
2025-05-30 15:27:00,PE,ATM-3,16.167748,2874150,24600.0,24747.15,124.35,124.5,122.9,123.7,126900,1748599020
2025-05-30 15:28:00,PE,ATM-3,16.192093,2814450,24600.0,24745.25,124.55,124.95,123.65,124.65,177075,1748599080
2025-05-30 15:29:00,PE,ATM-3,16.178079,2814450,24600.0,24736.65,125.2,129.0,124.0,127.55,266925,1748599140
2025-06-02 09:15:00,PE,ATM-3,24.813342,1376475,24450.0,24609.6,100.1,150.0,92.7,150.0,516000,1748835900
2025-06-02 09:16:00,PE,ATM-3,25.186805,1376475,24450.0,24593.4,150.65,162.95,149.95,159.4,422325,1748835960
2025-06-02 09:17:00,PE,ATM-3,24.462247,1376475,24450.0,24583.65,160.75,164.7,155.0,156.7,708675,1748836020
2025-06-02 09:18:00,PE,ATM-3,24.087934,1326375,24450.0,24585.6,158.1,158.8,152.45,152.6,311850,1748836080
2025-06-02 09:19:00,PE,ATM-3,24.589745,3693450,24400.0,24569.2,134.1,146.75,133.15,144.0,1069425,1748836140
2025-06-02 09:20:00,PE,ATM-3,24.288746,3693450,24400.0,24560.6,142.7,155.0,142.15,144.5,1041225,1748836200
2025-06-02 09:21:00,PE,ATM-3,23.968879,3328800,24400.0,24558.65,144.0,148.4,141.3,142.4,501300,1748836260
2025-06-02 09:22:00,PE,ATM-3,23.822124,3328800,24400.0,24572.15,143.15,144.1,133.75,136.2,655425,1748836320
2025-06-02 09:23:00,PE,ATM-3,23.430779,3328800,24400.0,24545.7,136.15,145.5,133.75,142.45,644025,1748836380
2025-06-02 09:24:00,PE,ATM-3,23.531966,3211200,24400.0,24554.9,143.3,143.55,135.8,139.9,361425,1748836440
2025-06-02 09:25:00,PE,ATM-3,23.36537,3211200,24400.0,24550.9,139.4,142.9,133.7,139.9,420600,1748836500
2025-06-02 09:26:00,PE,ATM-3,23.140024,1396875,24450.0,24578.0,160.9,160.9,146.95,146.95,345150,1748836560
2025-06-02 09:27:00,PE,ATM-3,23.296679,3180225,24400.0,24574.7,127.65,131.0,124.1,130.65,453525,1748836620
2025-06-02 09:28:00,PE,ATM-3,22.895903,3180225,24400.0,24560.6,129.6,134.1,125.9,132.2,325575,1748836680
2025-06-02 09:29:00,PE,ATM-3,22.466032,3180225,24400.0,24564.95,131.75,132.8,126.6,126.9,323175,1748836740
2025-06-02 09:30:00,PE,ATM-3,22.244786,3290850,24400.0,24569.55,126.8,130.95,121.1,123.35,463425,1748836800
2025-06-02 09:31:00,PE,ATM-3,22.173584,3290850,24400.0,24535.7,122.75,140.1,121.4,135.0,803325,1748836860
2025-06-02 09:32:00,PE,ATM-3,22.238698,3290850,24400.0,24531.2,133.5,137.6,131.0,137.25,533550,1748836920
2025-06-02 09:33:00,PE,ATM-3,22.236465,3425175,24400.0,24541.9,136.25,138.3,131.8,133.2,324675,1748836980
2025-06-02 09:34:00,PE,ATM-3,22.155724,3425175,24400.0,24540.35,134.45,137.2,133.05,133.05,264675,1748837040
2025-06-02 09:35:00,PE,ATM-3,21.58817,3425175,24400.0,24547.1,131.0,131.15,125.6,125.6,428850,1748837100
2025-06-02 09:36:00,PE,ATM-3,21.71274,3428325,24400.0,24541.95,125.1,130.1,122.35,128.55,405150,1748837160
2025-06-02 09:37:00,PE,ATM-3,21.296536,3428325,24400.0,24552.05,129.0,129.7,121.25,121.25,344625,1748837220
2025-06-02 09:38:00,PE,ATM-3,21.326235,3428325,24400.0,24551.6,122.85,125.05,120.8,121.65,279750,1748837280
2025-06-02 09:39:00,PE,ATM-3,21.1194,3515850,24400.0,24562.2,121.3,123.75,116.1,116.1,292650,1748837340
2025-06-02 09:40:00,PE,ATM-3,21.303313,1701375,24450.0,24580.8,136.95,136.95,128.0,129.4,559725,1748837400
2025-06-02 09:41:00,PE,ATM-3,21.31225,1701375,24450.0,24582.7,129.6,131.05,124.65,128.75,286875,1748837460
2025-06-02 09:42:00,PE,ATM-3,21.461803,1586925,24450.0,24585.5,128.5,129.5,125.4,129.0,161700,1748837520
2025-06-02 09:43:00,PE,ATM-3,20.984289,3487725,24400.0,24565.0,110.05,115.6,110.0,113.9,501225,1748837580
2025-06-02 09:44:00,PE,ATM-3,21.02323,3487725,24400.0,24571.0,113.6,116.05,110.35,112.15,318300,1748837640
2025-06-02 09:45:00,PE,ATM-3,20.801872,3487875,24400.0,24567.35,111.45,117.4,111.45,111.5,286500,1748837700
2025-06-02 09:46:00,PE,ATM-3,20.824564,1620450,24450.0,24575.7,132.55,136.6,127.0,127.0,137025,1748837760
2025-06-02 09:47:00,PE,ATM-3,20.890276,1620450,24450.0,24585.8,128.25,128.35,121.9,123.8,262050,1748837820
2025-06-02 09:48:00,PE,ATM-3,20.661237,1620150,24450.0,24595.95,124.7,124.7,117.4,118.1,220575,1748837880
2025-06-02 09:49:00,PE,ATM-3,20.916338,1620150,24450.0,24588.5,117.85,123.0,116.75,123.0,201825,1748837940
2025-06-02 09:50:00,PE,ATM-3,20.945843,1620150,24450.0,24585.75,123.45,125.45,122.4,124.25,160725,1748838000
2025-06-02 09:51:00,PE,ATM-3,21.049273,1573875,24450.0,24590.2,124.35,125.3,122.6,123.5,92550,1748838060
2025-06-02 09:52:00,PE,ATM-3,20.661942,1573875,24450.0,24591.2,123.9,124.6,119.75,119.75,116775,1748838120
2025-06-02 09:53:00,PE,ATM-3,20.815421,1573875,24450.0,24588.5,120.2,122.85,118.45,122.05,105525,1748838180
2025-06-02 09:54:00,PE,ATM-3,20.826087,1604325,24450.0,24586.25,122.7,126.3,122.7,122.95,127650,1748838240
2025-06-02 09:55:00,PE,ATM-3,20.579315,3406650,24400.0,24573.65,104.25,108.0,104.25,107.3,329925,1748838300
2025-06-02 09:56:00,PE,ATM-3,20.826346,1604325,24450.0,24575.4,126.45,127.8,124.8,126.95,121875,1748838360
2025-06-02 09:57:00,PE,ATM-3,20.638622,1617000,24450.0,24589.85,127.2,127.2,119.2,119.95,209625,1748838420
2025-06-02 09:58:00,PE,ATM-3,20.765346,1617000,24450.0,24587.75,120.5,122.9,117.55,121.8,146175,1748838480
2025-06-02 09:59:00,PE,ATM-3,20.666787,1617000,24450.0,24598.2,121.7,122.7,115.2,117.15,231150,1748838540
2025-06-02 10:00:00,PE,ATM-3,20.679281,1616250,24450.0,24602.25,117.35,120.1,114.3,115.8,163950,1748838600
2025-06-02 10:01:00,PE,ATM-3,20.705983,1616250,24450.0,24593.2,116.35,119.75,116.3,119.25,108225,1748838660
2025-06-02 10:02:00,PE,ATM-3,20.802622,1616250,24450.0,24587.35,119.2,122.2,118.7,122.2,104475,1748838720
2025-06-02 10:03:00,PE,ATM-3,21.050272,1591725,24450.0,24576.7,121.8,130.8,121.8,128.3,256275,1748838780
2025-06-02 10:04:00,PE,ATM-3,21.081389,1591725,24450.0,24580.85,128.1,130.15,125.4,127.0,151125,1748838840
2025-06-02 10:05:00,PE,ATM-3,21.131483,1591725,24450.0,24579.7,126.3,130.95,126.3,127.85,128250,1748838900
2025-06-02 10:06:00,PE,ATM-3,21.19638,1587675,24450.0,24579.3,128.15,130.2,124.65,128.55,134250,1748838960
2025-06-02 10:07:00,PE,ATM-3,21.17787,1587675,24450.0,24584.45,128.6,129.75,126.4,126.45,69750,1748839020
2025-06-02 10:08:00,PE,ATM-3,21.343437,1587675,24450.0,24587.9,126.15,126.8,124.7,126.6,90600,1748839080
2025-06-02 10:09:00,PE,ATM-3,21.448827,1585575,24450.0,24592.25,126.75,127.0,122.0,125.9,107700,1748839140
2025-06-02 10:10:00,PE,ATM-3,21.934526,1585575,24450.0,24595.95,125.85,129.8,124.7,128.75,115425,1748839200
2025-06-02 10:11:00,PE,ATM-3,21.55054,1585575,24450.0,24584.0,128.25,131.15,128.25,129.8,117750,1748839260
2025-06-02 10:12:00,PE,ATM-3,21.237888,1557975,24450.0,24584.0,129.65,131.4,126.65,127.05,113850,1748839320
2025-06-02 10:13:00,PE,ATM-3,21.520523,1557975,24450.0,24578.8,126.8,131.45,126.35,131.45,84225,1748839380
2025-06-02 10:14:00,PE,ATM-3,21.515029,1557975,24450.0,24581.95,131.0,132.95,129.3,130.2,125325,1748839440
2025-06-02 10:15:00,PE,ATM-3,21.600158,3508125,24400.0,24565.25,111.5,118.6,111.5,118.5,460200,1748839500
2025-06-02 10:16:00,PE,ATM-3,21.692305,3508125,24400.0,24568.6,118.85,118.85,115.75,118.1,235950,1748839560
2025-06-02 10:17:00,PE,ATM-3,21.541689,3508125,24400.0,24567.3,116.8,121.05,116.6,117.25,330600,1748839620
2025-06-02 10:18:00,PE,ATM-3,21.615068,3517275,24400.0,24564.6,117.8,121.1,117.8,118.8,216075,1748839680
2025-06-02 10:19:00,PE,ATM-3,21.621555,3517275,24400.0,24565.85,119.5,120.85,117.0,118.4,175725,1748839740
2025-06-02 10:20:00,PE,ATM-3,21.68403,3517275,24400.0,24564.75,118.7,119.9,117.25,119.3,140625,1748839800
2025-06-02 10:21:00,PE,ATM-3,21.722491,3541575,24400.0,24555.6,119.6,124.6,119.6,122.85,476175,1748839860
2025-06-02 10:22:00,PE,ATM-3,21.802505,3541575,24400.0,24562.55,122.8,123.75,119.45,121.05,207750,1748839920
2025-06-02 10:23:00,PE,ATM-3,21.682776,3541575,24400.0,24574.8,120.55,120.55,114.45,115.75,307650,1748839980
2025-06-02 10:24:00,PE,ATM-3,21.910344,1431900,24450.0,24578.7,134.65,135.3,130.65,134.7,164850,1748840040
2025-06-02 10:25:00,PE,ATM-3,22.136735,1431900,24450.0,24579.8,134.65,136.9,134.2,136.25,102525,1748840100
2025-06-02 10:26:00,PE,ATM-3,22.311248,1431900,24450.0,24583.0,136.2,137.85,134.65,136.55,105750,1748840160
2025-06-02 10:27:00,PE,ATM-3,22.142757,1430325,24450.0,24582.35,136.25,138.0,134.6,135.3,85275,1748840220
2025-06-02 10:28:00,PE,ATM-3,22.206679,1430325,24450.0,24587.65,135.2,135.25,132.0,133.85,91650,1748840280
2025-06-02 10:29:00,PE,ATM-3,22.316023,1430325,24450.0,24588.95,133.35,134.8,131.05,134.3,59175,1748840340
2025-06-02 10:30:00,PE,ATM-3,22.203484,1438500,24450.0,24593.8,134.25,134.85,131.5,131.5,62925,1748840400
2025-06-02 10:31:00,PE,ATM-3,22.586053,1438500,24450.0,24594.1,132.4,135.0,132.25,134.7,81000,1748840460
2025-06-02 10:32:00,PE,ATM-3,22.644385,1438500,24450.0,24593.8,134.4,135.3,132.4,135.3,41175,1748840520
2025-06-02 10:33:00,PE,ATM-3,22.485622,1429500,24450.0,24582.45,135.25,138.15,135.25,138.15,114375,1748840580
2025-06-02 10:34:00,PE,ATM-3,22.726884,1429500,24450.0,24592.0,138.45,138.45,135.45,136.65,70725,1748840640
2025-06-02 10:35:00,PE,ATM-3,22.640603,1429500,24450.0,24597.2,136.75,136.8,132.6,133.95,77775,1748840700
2025-06-02 10:36:00,PE,ATM-3,22.737934,1417050,24450.0,24595.65,134.0,136.1,134.0,135.35,56325,1748840760
2025-06-02 10:37:00,PE,ATM-3,22.836625,1417050,24450.0,24601.45,135.35,135.35,132.45,134.05,66750,1748840820
2025-06-02 10:38:00,PE,ATM-3,22.860152,1417050,24450.0,24616.2,134.05,134.7,128.9,128.9,131925,1748840880
2025-06-02 10:39:00,PE,ATM-3,22.972568,6210525,24500.0,24626.7,147.05,148.05,143.5,144.9,648525,1748840940
2025-06-02 10:40:00,PE,ATM-3,23.059056,1439625,24450.0,24620.05,126.35,130.0,125.8,129.2,130800,1748841000
2025-06-02 10:41:00,PE,ATM-3,23.122725,1439625,24450.0,24619.0,129.35,130.35,128.75,130.1,94650,1748841060
2025-06-02 10:42:00,PE,ATM-3,23.3076,6291750,24500.0,24626.3,149.1,150.1,146.0,147.95,283575,1748841120
2025-06-02 10:43:00,PE,ATM-3,23.298639,6291750,24500.0,24629.15,147.2,147.6,144.7,146.75,311550,1748841180
2025-06-02 10:44:00,PE,ATM-3,23.28133,6291750,24500.0,24629.35,146.3,148.35,146.3,146.5,148950,1748841240
2025-06-02 10:45:00,PE,ATM-3,23.12396,1482225,24450.0,24619.65,127.75,130.0,126.15,129.8,121425,1748841300
2025-06-02 10:46:00,PE,ATM-3,23.317059,6303825,24500.0,24626.95,149.5,149.5,146.5,147.7,222900,1748841360
2025-06-02 10:47:00,PE,ATM-3,23.605808,6303825,24500.0,24637.3,147.7,148.0,145.3,146.25,211425,1748841420
2025-06-02 10:48:00,PE,ATM-3,23.577468,6331050,24500.0,24632.8,146.85,148.2,145.8,147.7,191175,1748841480
2025-06-02 10:49:00,PE,ATM-3,23.782315,6331050,24500.0,24635.1,148.0,148.75,147.0,148.6,143850,1748841540
2025-06-02 10:50:00,PE,ATM-3,23.515964,6331050,24500.0,24626.75,148.45,150.25,148.0,149.45,245925,1748841600
2025-06-02 10:51:00,PE,ATM-3,23.801465,6406125,24500.0,24635.3,148.95,149.4,146.55,148.65,201075,1748841660
2025-06-02 10:52:00,PE,ATM-3,23.737227,6406125,24500.0,24631.95,148.05,149.55,147.6,149.35,116250,1748841720
2025-06-02 10:53:00,PE,ATM-3,23.229587,1528575,24450.0,24616.7,129.85,132.7,129.3,131.6,79275,1748841780
2025-06-02 10:54:00,PE,ATM-3,23.509918,1532325,24450.0,24617.65,132.0,135.15,131.05,133.65,138450,1748841840
2025-06-02 10:55:00,PE,ATM-3,23.626078,1532325,24450.0,24613.85,133.75,138.9,133.0,136.0,186300,1748841900
2025-06-02 10:56:00,PE,ATM-3,23.637077,1532325,24450.0,24611.85,135.9,137.55,134.7,136.8,96900,1748841960
2025-06-02 10:57:00,PE,ATM-3,23.486215,1494825,24450.0,24615.8,137.25,137.25,132.8,134.05,128250,1748842020
2025-06-02 10:58:00,PE,ATM-3,23.63239,1494825,24450.0,24616.6,134.35,135.6,133.2,135.0,34275,1748842080
2025-06-02 10:59:00,PE,ATM-3,23.483855,1494825,24450.0,24617.3,134.7,134.9,133.0,133.45,42450,1748842140
2025-06-02 11:00:00,PE,ATM-3,23.558213,1486500,24450.0,24614.3,133.1,136.05,132.3,135.15,46575,1748842200
2025-06-02 11:01:00,PE,ATM-3,23.524626,1486500,24450.0,24614.55,135.4,137.5,134.75,134.75,56475,1748842260
2025-06-02 11:02:00,PE,ATM-3,23.435205,1486500,24450.0,24621.7,134.95,135.2,131.4,131.4,64200,1748842320
2025-06-02 11:03:00,PE,ATM-3,23.638205,1496250,24450.0,24624.85,131.4,132.3,129.1,132.0,85425,1748842380
2025-06-02 11:04:00,PE,ATM-3,23.615779,6461775,24500.0,24625.05,151.45,152.55,150.5,150.7,121425,1748842440
2025-06-02 11:05:00,PE,ATM-3,23.85147,6461775,24500.0,24625.2,150.9,153.15,150.9,152.7,156450,1748842500
2025-06-02 11:06:00,PE,ATM-3,23.802067,1511775,24450.0,24622.3,133.4,134.25,132.2,134.25,56550,1748842560
2025-06-02 11:07:00,PE,ATM-3,23.83524,1511775,24450.0,24621.5,134.35,136.1,133.1,134.8,58950,1748842620
2025-06-02 11:08:00,PE,ATM-3,24.09824,6442725,24500.0,24628.7,154.4,154.45,149.9,153.45,300975,1748842680
2025-06-02 11:09:00,PE,ATM-3,24.122035,6464925,24500.0,24629.7,153.2,153.85,151.6,153.25,163125,1748842740
2025-06-02 11:10:00,PE,ATM-3,24.132077,6464925,24500.0,24628.2,152.95,154.6,152.15,153.9,90525,1748842800
2025-06-02 11:11:00,PE,ATM-3,24.301951,6464925,24500.0,24632.0,154.5,154.5,151.1,153.9,96075,1748842860
2025-06-02 11:12:00,PE,ATM-3,24.036506,6476400,24500.0,24625.8,153.9,154.5,152.4,153.95,89925,1748842920
2025-06-02 11:13:00,PE,ATM-3,23.892524,1512525,24450.0,24624.35,134.65,135.95,133.2,134.15,61875,1748842980
2025-06-02 11:14:00,PE,ATM-3,23.751609,1512525,24450.0,24623.15,133.35,134.65,133.35,133.35,28875,1748843040
2025-06-02 11:15:00,PE,ATM-3,23.795134,1528650,24450.0,24612.05,132.85,138.05,132.8,137.7,110925,1748843100
2025-06-02 11:16:00,PE,ATM-3,23.526911,1528650,24450.0,24616.95,136.35,137.5,133.6,133.6,123525,1748843160
2025-06-02 11:17:00,PE,ATM-3,23.588816,6434325,24500.0,24628.25,152.7,153.15,147.2,148.95,395475,1748843220
2025-06-02 11:18:00,PE,ATM-3,23.426076,6486825,24500.0,24634.5,148.5,149.2,145.1,145.1,312075,1748843280
2025-06-02 11:19:00,PE,ATM-3,23.891027,6486825,24500.0,24643.05,144.7,147.1,144.7,145.9,326775,1748843340
2025-06-02 11:20:00,PE,ATM-3,24.029574,6486825,24500.0,24648.6,144.45,146.7,144.3,145.0,281625,1748843400
2025-06-02 11:21:00,PE,ATM-3,23.99697,6518700,24500.0,24654.9,145.2,146.45,140.7,142.35,484125,1748843460
2025-06-02 11:22:00,PE,ATM-3,24.036951,6518700,24500.0,24657.0,142.2,144.9,141.3,141.9,252075,1748843520
2025-06-02 11:23:00,PE,ATM-3,23.895522,6518700,24500.0,24646.25,142.0,145.3,142.0,144.65,201225,1748843580
2025-06-02 11:24:00,PE,ATM-3,24.003159,6615075,24500.0,24645.1,144.95,146.0,143.8,146.0,202875,1748843640
2025-06-02 11:25:00,PE,ATM-3,23.808901,6615075,24500.0,24638.45,145.8,147.35,145.35,146.8,250950,1748843700
2025-06-02 11:26:00,PE,ATM-3,23.83778,6615075,24500.0,24635.65,147.1,148.4,146.55,148.1,254850,1748843760
2025-06-02 11:27:00,PE,ATM-3,23.607987,6612450,24500.0,24632.95,147.9,149.0,147.0,147.1,196875,1748843820
2025-06-02 11:28:00,PE,ATM-3,23.737707,6612450,24500.0,24636.65,147.1,148.25,146.75,146.8,98475,1748843880
2025-06-02 11:29:00,PE,ATM-3,23.773766,6612450,24500.0,24630.9,147.0,149.5,146.6,149.3,151575,1748843940
2025-06-02 11:30:00,PE,ATM-3,23.7099,6596175,24500.0,24630.3,148.85,149.5,147.95,148.95,194925,1748844000
2025-06-02 11:31:00,PE,ATM-3,23.609546,1548375,24450.0,24624.1,129.95,131.7,129.75,131.45,68700,1748844060
2025-06-02 11:32:00,PE,ATM-3,23.53311,6596175,24500.0,24626.05,150.85,151.9,149.0,149.0,224025,1748844120
2025-06-02 11:33:00,PE,ATM-3,23.640128,6634800,24500.0,24626.1,148.75,151.75,148.75,149.9,136275,1748844180
2025-06-02 11:34:00,PE,ATM-3,23.477216,6634800,24500.0,24631.8,150.45,150.8,146.25,146.25,217200,1748844240
2025-06-02 11:35:00,PE,ATM-3,23.746153,6634800,24500.0,24635.15,145.6,147.3,144.6,147.3,232500,1748844300
2025-06-02 11:36:00,PE,ATM-3,23.813278,6581700,24500.0,24630.25,147.55,149.75,146.5,149.75,122700,1748844360
2025-06-02 11:37:00,PE,ATM-3,23.835572,6581700,24500.0,24631.35,149.45,151.05,148.75,149.5,139125,1748844420
2025-06-02 11:38:00,PE,ATM-3,23.744693,6581700,24500.0,24626.65,149.5,151.15,149.5,150.5,105300,1748844480
2025-06-02 11:39:00,PE,ATM-3,23.64776,6602550,24500.0,24628.4,150.95,151.9,148.95,148.95,142875,1748844540
2025-06-02 11:40:00,PE,ATM-3,23.884241,6602550,24500.0,24637.25,149.55,150.9,147.0,147.6,140475,1748844600
2025-06-02 11:41:00,PE,ATM-3,23.81674,6602550,24500.0,24635.65,147.3,148.2,146.5,147.6,115050,1748844660
2025-06-02 11:42:00,PE,ATM-3,23.941682,6590925,24500.0,24633.1,147.6,149.75,145.8,149.65,170250,1748844720
2025-06-02 11:43:00,PE,ATM-3,23.702882,6590925,24500.0,24630.6,149.35,150.4,146.6,148.5,221025,1748844780
2025-06-02 11:44:00,PE,ATM-3,23.639837,6590925,24500.0,24625.5,148.8,150.7,148.7,149.9,219825,1748844840
2025-06-02 11:45:00,PE,ATM-3,23.626246,1629675,24450.0,24624.4,129.55,132.1,129.55,131.2,95100,1748844900
2025-06-02 11:46:00,PE,ATM-3,23.585722,6679575,24500.0,24631.8,151.15,151.15,146.95,146.95,208950,1748844960
2025-06-02 11:47:00,PE,ATM-3,23.564694,6679575,24500.0,24632.7,147.05,147.05,143.45,146.4,297750,1748845020
2025-06-02 11:48:00,PE,ATM-3,23.497371,6688350,24500.0,24634.9,146.55,146.55,144.65,144.95,124575,1748845080
2025-06-02 11:49:00,PE,ATM-3,23.314099,6688350,24500.0,24637.35,144.85,145.15,142.35,142.4,179850,1748845140
2025-06-02 11:50:00,PE,ATM-3,23.431663,6688350,24500.0,24640.4,142.6,144.15,142.0,142.25,169950,1748845200
2025-06-02 11:51:00,PE,ATM-3,23.432259,6731625,24500.0,24643.55,142.7,143.55,141.0,141.05,220725,1748845260
2025-06-02 11:52:00,PE,ATM-3,23.650165,6731625,24500.0,24641.75,141.05,144.0,140.95,143.6,143850,1748845320
2025-06-02 11:53:00,PE,ATM-3,23.667555,6731625,24500.0,24639.45,143.35,144.65,143.15,144.6,98700,1748845380
2025-06-02 11:54:00,PE,ATM-3,23.623234,6730650,24500.0,24637.85,144.85,145.45,143.9,144.8,111525,1748845440
2025-06-02 11:55:00,PE,ATM-3,23.695722,6730650,24500.0,24642.9,144.5,145.0,143.5,143.5,80775,1748845500
2025-06-02 11:56:00,PE,ATM-3,23.816847,6730650,24500.0,24643.25,143.5,144.65,142.8,144.4,76350,1748845560
2025-06-02 11:57:00,PE,ATM-3,23.714139,6746100,24500.0,24650.3,144.05,145.05,139.8,140.85,312450,1748845620
2025-06-02 11:58:00,PE,ATM-3,23.82993,6746100,24500.0,24650.25,141.0,142.45,140.75,141.85,124800,1748845680
2025-06-02 11:59:00,PE,ATM-3,23.828429,6746100,24500.0,24651.1,141.65,142.2,141.05,141.5,99600,1748845740
2025-06-02 12:00:00,PE,ATM-3,23.830607,6797925,24500.0,24649.75,141.3,142.5,140.6,142.0,129000,1748845800
2025-06-02 12:01:00,PE,ATM-3,23.755355,6797925,24500.0,24648.75,142.6,143.0,141.7,141.7,135450,1748845860
2025-06-02 12:02:00,PE,ATM-3,23.88542,6797925,24500.0,24651.45,142.2,142.5,141.15,141.8,81525,1748845920
2025-06-02 12:03:00,PE,ATM-3,23.872818,6903825,24500.0,24666.8,141.95,141.95,135.2,136.05,446325,1748845980
2025-06-02 12:04:00,PE,ATM-3,23.922381,6903825,24500.0,24664.6,135.95,137.95,135.95,137.25,323325,1748846040
2025-06-02 12:05:00,PE,ATM-3,23.85172,6903825,24500.0,24658.35,137.7,139.1,137.0,138.9,172425,1748846100
2025-06-02 12:06:00,PE,ATM-3,24.027183,6892650,24500.0,24666.0,138.0,138.3,137.1,137.6,214125,1748846160
2025-06-02 12:07:00,PE,ATM-3,24.126272,6892650,24500.0,24669.4,137.4,137.65,134.6,137.2,278850,1748846220
2025-06-02 12:08:00,PE,ATM-3,23.979317,6892650,24500.0,24662.55,137.2,138.7,137.2,138.4,172350,1748846280
2025-06-02 12:09:00,PE,ATM-3,24.020118,6910050,24500.0,24657.85,138.45,140.45,138.2,140.45,223050,1748846340
2025-06-02 12:10:00,PE,ATM-3,24.095997,6910050,24500.0,24660.8,140.25,140.8,139.35,140.0,152175,1748846400
2025-06-02 12:11:00,PE,ATM-3,24.055483,6910050,24500.0,24658.7,139.5,141.0,139.15,140.4,146100,1748846460
2025-06-02 12:12:00,PE,ATM-3,24.107443,6959025,24500.0,24661.5,140.5,140.8,138.75,139.8,129300,1748846520
2025-06-02 12:13:00,PE,ATM-3,24.04971,6959025,24500.0,24665.85,139.7,139.85,137.45,137.7,113550,1748846580
2025-06-02 12:14:00,PE,ATM-3,24.196339,6959025,24500.0,24665.95,137.7,139.0,137.55,138.9,72450,1748846640
2025-06-02 12:15:00,PE,ATM-3,24.424414,2832675,24550.0,24677.9,159.1,159.1,152.15,155.6,256425,1748846700
2025-06-02 12:16:00,PE,ATM-3,24.394644,6995400,24500.0,24674.7,135.85,137.65,135.7,137.4,269850,1748846760
2025-06-02 12:17:00,PE,ATM-3,24.223536,6995400,24500.0,24668.35,136.9,138.9,136.9,138.2,144675,1748846820
2025-06-02 12:18:00,PE,ATM-3,24.234334,7117050,24500.0,24666.2,138.0,139.3,138.0,139.05,120750,1748846880
2025-06-02 12:19:00,PE,ATM-3,24.69098,2845050,24550.0,24675.1,158.85,159.9,157.8,158.95,64350,1748846940
2025-06-02 12:20:00,PE,ATM-3,24.828889,2845050,24550.0,24686.75,158.9,158.9,154.1,155.6,147900,1748847000
2025-06-02 12:21:00,PE,ATM-3,24.661862,2847900,24550.0,24683.3,155.25,156.25,154.45,155.45,106575,1748847060
2025-06-02 12:22:00,PE,ATM-3,24.731455,2847900,24550.0,24676.6,155.6,159.0,155.6,158.65,86100,1748847120
2025-06-02 12:23:00,PE,ATM-3,24.739096,2847900,24550.0,24675.95,159.05,159.05,156.85,158.95,54825,1748847180
2025-06-02 12:24:00,PE,ATM-3,24.648057,7190700,24500.0,24674.4,138.8,139.5,138.4,139.5,80775,1748847240
2025-06-02 12:25:00,PE,ATM-3,24.607625,7190700,24500.0,24671.3,139.25,140.65,138.95,140.25,183225,1748847300
2025-06-02 12:26:00,PE,ATM-3,24.698774,7190700,24500.0,24673.4,140.25,141.0,139.7,140.25,185625,1748847360
2025-06-02 12:27:00,PE,ATM-3,24.71349,7211625,24500.0,24673.55,140.4,142.3,139.8,140.3,214650,1748847420
2025-06-02 12:28:00,PE,ATM-3,24.758858,7211625,24500.0,24669.45,140.9,142.85,139.65,142.15,192525,1748847480
2025-06-02 12:29:00,PE,ATM-3,24.795688,7211625,24500.0,24671.5,142.35,142.55,140.9,141.7,145125,1748847540
2025-06-02 12:30:00,PE,ATM-3,24.972858,2830650,24550.0,24676.45,162.45,163.25,160.05,160.65,91350,1748847600
2025-06-02 12:31:00,PE,ATM-3,24.767726,2830650,24550.0,24678.05,160.4,160.6,158.2,158.2,66600,1748847660
2025-06-02 12:32:00,PE,ATM-3,24.69926,2830650,24550.0,24684.55,158.7,158.7,154.6,155.05,151875,1748847720
2025-06-02 12:33:00,PE,ATM-3,24.837702,2763525,24550.0,24710.95,154.95,155.0,145.4,146.25,379050,1748847780
2025-06-02 12:34:00,PE,ATM-3,24.440719,2763525,24550.0,24717.95,145.8,146.45,140.25,140.25,287475,1748847840
2025-06-02 12:35:00,PE,ATM-3,24.729767,6885150,24600.0,24725.25,159.35,160.0,157.5,159.3,513525,1748847900
2025-06-02 12:36:00,PE,ATM-3,24.627749,2693400,24550.0,24713.6,140.25,144.25,139.9,143.4,178350,1748847960
2025-06-02 12:37:00,PE,ATM-3,24.881726,6947775,24600.0,24729.05,163.15,163.5,157.1,159.1,492450,1748848020
2025-06-02 12:38:00,PE,ATM-3,25.053319,6947775,24600.0,24728.5,158.75,161.45,158.2,160.8,278400,1748848080
2025-06-02 12:39:00,PE,ATM-3,25.225127,6940350,24600.0,24735.25,160.95,161.0,156.8,159.65,310650,1748848140
2025-06-02 12:40:00,PE,ATM-3,25.123628,2677275,24550.0,24722.15,140.45,144.7,140.45,144.45,155100,1748848200
2025-06-02 12:41:00,PE,ATM-3,25.013615,2677275,24550.0,24718.4,144.25,144.85,142.4,144.85,83475,1748848260
2025-06-02 12:42:00,PE,ATM-3,24.993611,2720850,24550.0,24719.65,144.45,144.7,143.15,144.2,95325,1748848320
2025-06-02 12:43:00,PE,ATM-3,25.072778,2720850,24550.0,24724.35,144.15,144.15,142.0,143.15,59925,1748848380
2025-06-02 12:44:00,PE,ATM-3,24.917261,2720850,24550.0,24723.65,142.1,143.6,141.55,142.05,65100,1748848440
2025-06-02 12:45:00,PE,ATM-3,24.946263,2751000,24550.0,24720.0,142.0,144.05,140.5,143.6,102525,1748848500
2025-06-02 12:46:00,PE,ATM-3,25.087782,2751000,24550.0,24721.35,143.45,144.5,142.15,144.3,52950,1748848560
2025-06-02 12:47:00,PE,ATM-3,25.037442,7008975,24600.0,24726.1,163.6,163.6,160.15,161.4,183150,1748848620
2025-06-02 12:48:00,PE,ATM-3,25.171956,7050675,24600.0,24726.25,161.65,162.75,160.8,162.5,119400,1748848680
2025-06-02 12:49:00,PE,ATM-3,25.217733,7050675,24600.0,24732.7,161.4,161.85,155.25,160.35,293475,1748848740
2025-06-02 12:50:00,PE,ATM-3,24.914971,7050675,24600.0,24730.2,160.0,163.65,158.65,158.65,230925,1748848800
2025-06-02 12:51:00,PE,ATM-3,25.223673,7050675,24600.0,24734.0,159.15,160.45,158.0,159.85,124275,1748848860
2025-06-02 12:52:00,PE,ATM-3,25.233474,7011675,24600.0,24732.75,160.35,160.9,159.2,160.4,98025,1748848920
2025-06-02 12:53:00,PE,ATM-3,25.283755,7011675,24600.0,24729.6,160.95,162.8,160.95,162.05,100500,1748848980
2025-06-02 12:54:00,PE,ATM-3,25.412686,7011675,24600.0,24732.3,162.6,163.3,161.15,162.1,128625,1748849040
2025-06-02 12:55:00,PE,ATM-3,25.370505,2732550,24550.0,24716.5,142.6,149.4,142.6,148.3,224850,1748849100
2025-06-02 12:56:00,PE,ATM-3,24.954064,2732550,24550.0,24714.05,148.25,149.8,144.6,145.6,304125,1748849160
2025-06-02 12:57:00,PE,ATM-3,25.212107,2714475,24550.0,24706.1,145.8,151.5,145.8,150.75,176850,1748849220
2025-06-02 12:58:00,PE,ATM-3,24.998612,2714475,24550.0,24697.55,149.95,152.5,148.5,152.1,232575,1748849280
2025-06-02 12:59:00,PE,ATM-3,24.862947,2714475,24550.0,24684.75,152.6,156.95,151.2,155.8,275850,1748849340
2025-06-02 13:00:00,PE,ATM-3,24.775538,2714475,24550.0,24690.25,154.0,154.85,150.55,152.9,153300,1748849400
2025-06-02 13:01:00,PE,ATM-3,24.689954,2710200,24550.0,24699.7,152.2,152.2,147.6,148.55,194325,1748849460
2025-06-02 13:02:00,PE,ATM-3,24.537943,2710200,24550.0,24705.9,148.8,149.65,144.75,144.9,159600,1748849520
2025-06-02 13:03:00,PE,ATM-3,24.837356,2710200,24550.0,24713.35,144.95,146.5,143.1,144.7,107400,1748849580
2025-06-02 13:04:00,PE,ATM-3,24.938043,2688450,24550.0,24702.7,145.1,150.1,144.9,149.5,114600,1748849640
2025-06-02 13:05:00,PE,ATM-3,24.876051,2688450,24550.0,24700.55,149.8,150.65,148.0,149.75,130800,1748849700
2025-06-02 13:06:00,PE,ATM-3,24.811839,2688450,24550.0,24699.15,149.25,150.5,149.0,149.7,51900,1748849760
2025-06-02 13:07:00,PE,ATM-3,24.724778,2704800,24550.0,24699.35,149.45,149.75,147.7,148.85,54300,1748849820
2025-06-02 13:08:00,PE,ATM-3,24.293224,2704800,24550.0,24695.1,149.35,151.4,146.1,146.7,89700,1748849880
2025-06-02 13:09:00,PE,ATM-3,24.360424,2704800,24550.0,24696.45,146.85,147.6,144.0,146.75,122550,1748849940
2025-06-02 13:10:00,PE,ATM-3,24.488584,2687550,24550.0,24693.9,146.75,149.4,146.65,148.8,80325,1748850000
2025-06-02 13:11:00,PE,ATM-3,24.552928,2687550,24550.0,24696.9,149.2,149.2,146.4,148.2,51525,1748850060
2025-06-02 13:12:00,PE,ATM-3,24.236942,2687550,24550.0,24700.1,147.75,147.75,144.25,144.25,41775,1748850120
2025-06-02 13:13:00,PE,ATM-3,24.312543,2714625,24550.0,24696.05,144.7,147.65,144.6,146.4,38925,1748850180
2025-06-02 13:14:00,PE,ATM-3,24.105483,2714625,24550.0,24702.45,146.2,146.2,141.15,142.2,98625,1748850240
2025-06-02 13:15:00,PE,ATM-3,24.453387,2714625,24550.0,24705.6,142.35,144.7,141.1,144.0,84300,1748850300
2025-06-02 13:16:00,PE,ATM-3,24.204622,2705775,24550.0,24709.65,143.9,144.1,137.45,140.35,137400,1748850360
2025-06-02 13:17:00,PE,ATM-3,24.412261,2705775,24550.0,24707.5,139.65,142.9,139.3,142.9,61500,1748850420
2025-06-02 13:18:00,PE,ATM-3,24.323103,2705775,24550.0,24708.35,143.05,144.25,141.1,141.8,62925,1748850480
2025-06-02 13:19:00,PE,ATM-3,24.455687,2692575,24550.0,24710.7,142.05,142.4,140.35,142.05,32775,1748850540
2025-06-02 13:20:00,PE,ATM-3,24.200507,2692575,24550.0,24716.45,141.9,142.2,137.75,137.75,64275,1748850600
2025-06-02 13:21:00,PE,ATM-3,24.428477,2692575,24550.0,24710.9,138.75,143.65,138.75,141.7,79125,1748850660
2025-06-02 13:22:00,PE,ATM-3,24.58153,2689125,24550.0,24715.1,141.5,142.8,140.25,141.45,31500,1748850720
2025-06-02 13:23:00,PE,ATM-3,24.676349,2689125,24550.0,24716.85,141.35,142.1,140.1,141.6,32775,1748850780
2025-06-02 13:24:00,PE,ATM-3,24.739141,2689125,24550.0,24718.4,141.15,141.9,140.75,141.55,33600,1748850840
2025-06-02 13:25:00,PE,ATM-3,24.916272,2677725,24550.0,24717.55,142.5,143.5,141.3,143.35,34950,1748850900
2025-06-02 13:26:00,PE,ATM-3,24.841339,2677725,24550.0,24715.6,143.5,144.0,142.0,143.4,49425,1748850960
2025-06-02 13:27:00,PE,ATM-3,24.700771,2677725,24550.0,24713.35,143.75,145.25,141.9,143.0,55725,1748851020
2025-06-02 13:28:00,PE,ATM-3,24.726873,2677800,24550.0,24709.55,143.25,144.6,142.8,144.6,21750,1748851080
2025-06-02 13:29:00,PE,ATM-3,24.548839,2677800,24550.0,24706.85,143.9,144.9,141.95,144.05,59325,1748851140
2025-06-02 13:30:00,PE,ATM-3,24.471768,2677800,24550.0,24710.15,144.35,145.0,141.75,142.15,59250,1748851200
2025-06-02 13:31:00,PE,ATM-3,24.611085,2689200,24550.0,24715.8,142.3,142.3,139.1,141.25,91275,1748851260
2025-06-02 13:32:00,PE,ATM-3,24.679167,2689200,24550.0,24710.1,141.1,144.0,140.65,143.9,76275,1748851320
2025-06-02 13:33:00,PE,ATM-3,24.33424,2689200,24550.0,24703.0,144.0,146.4,143.55,143.55,108075,1748851380
2025-06-02 13:34:00,PE,ATM-3,24.402957,2707650,24550.0,24699.3,143.35,146.0,142.85,145.5,73200,1748851440
2025-06-02 13:35:00,PE,ATM-3,24.1025,2707650,24550.0,24701.3,144.45,145.3,142.15,142.15,74250,1748851500
2025-06-02 13:36:00,PE,ATM-3,24.027506,2707650,24550.0,24718.35,142.6,142.6,134.25,135.25,235875,1748851560
2025-06-02 13:37:00,PE,ATM-3,23.898234,2717550,24550.0,24721.65,134.65,135.3,130.3,132.95,239475,1748851620
2025-06-02 13:38:00,PE,ATM-3,24.051046,2717550,24550.0,24724.8,132.95,133.85,128.2,133.1,194400,1748851680
2025-06-02 13:39:00,PE,ATM-3,23.871303,2717550,24550.0,24723.7,132.9,133.05,131.4,131.95,66375,1748851740
2025-06-02 13:40:00,PE,ATM-3,23.744348,7361775,24600.0,24729.4,150.2,150.4,147.25,147.65,217125,1748851800
2025-06-02 13:41:00,PE,ATM-3,23.811573,2658375,24550.0,24721.6,129.65,132.55,129.25,132.15,54600,1748851860
2025-06-02 13:42:00,PE,ATM-3,23.63562,2658375,24550.0,24718.35,132.0,133.35,131.45,131.8,74100,1748851920
2025-06-02 13:43:00,PE,ATM-3,23.834322,2675850,24550.0,24723.85,131.0,131.95,130.3,131.5,54975,1748851980
2025-06-02 13:44:00,PE,ATM-3,23.870749,7391925,24600.0,24727.75,149.85,150.7,147.9,149.3,132000,1748852040
2025-06-02 13:45:00,PE,ATM-3,24.063722,7391925,24600.0,24726.35,149.7,151.5,147.4,151.5,171600,1748852100
2025-06-02 13:46:00,PE,ATM-3,24.076667,7392600,24600.0,24725.3,151.55,152.4,150.9,152.0,127725,1748852160
2025-06-02 13:47:00,PE,ATM-3,24.049856,2682300,24550.0,24722.55,133.25,133.9,132.5,133.7,49875,1748852220
2025-06-02 13:48:00,PE,ATM-3,24.144105,2682300,24550.0,24720.25,133.5,135.3,133.35,135.3,56025,1748852280
2025-06-02 13:49:00,PE,ATM-3,24.24665,2672475,24550.0,24715.95,134.75,137.7,134.3,137.7,66450,1748852340
2025-06-02 13:50:00,PE,ATM-3,24.201512,2672475,24550.0,24716.35,137.25,137.7,135.1,137.15,80625,1748852400
2025-06-02 13:51:00,PE,ATM-3,24.141746,2672475,24550.0,24712.55,137.0,138.8,136.5,138.0,102450,1748852460
2025-06-02 13:52:00,PE,ATM-3,24.029234,2651025,24550.0,24716.75,138.0,138.15,135.3,135.5,66675,1748852520
2025-06-02 13:53:00,PE,ATM-3,24.183102,2651025,24550.0,24715.05,135.1,137.8,134.0,137.4,51600,1748852580
2025-06-02 13:54:00,PE,ATM-3,24.086823,2651025,24550.0,24713.15,137.25,138.2,136.6,137.25,35325,1748852640
2025-06-02 13:55:00,PE,ATM-3,24.040556,2608350,24550.0,24716.7,137.2,137.2,133.65,135.55,53550,1748852700
2025-06-02 13:56:00,PE,ATM-3,23.990507,2608350,24550.0,24701.0,135.45,141.35,133.95,140.85,117525,1748852760
2025-06-02 13:57:00,PE,ATM-3,23.661628,2608350,24550.0,24704.3,140.5,141.85,136.8,136.8,145650,1748852820
2025-06-02 13:58:00,PE,ATM-3,23.854368,2631675,24550.0,24701.25,136.85,140.45,136.0,139.55,121200,1748852880
2025-06-02 13:59:00,PE,ATM-3,24.055894,2631675,24550.0,24708.3,139.55,139.55,137.3,138.65,35550,1748852940
2025-06-02 14:00:00,PE,ATM-3,23.916948,2631675,24550.0,24708.15,138.85,138.85,135.8,137.5,42000,1748853000
2025-06-02 14:01:00,PE,ATM-3,23.523198,2655975,24550.0,24711.4,136.9,137.95,132.3,132.95,74025,1748853060
2025-06-02 14:02:00,PE,ATM-3,23.627634,2655975,24550.0,24709.65,132.55,134.6,132.15,134.45,89850,1748853120
2025-06-02 14:03:00,PE,ATM-3,23.209869,2655975,24550.0,24710.3,134.6,135.85,130.6,130.65,98175,1748853180
2025-06-02 14:04:00,PE,ATM-3,23.412515,2644875,24550.0,24706.3,130.0,133.8,129.0,133.8,107100,1748853240
2025-06-02 14:05:00,PE,ATM-3,23.217397,2644875,24550.0,24708.15,133.5,133.9,131.0,131.45,58500,1748853300
2025-06-02 14:06:00,PE,ATM-3,23.356285,2644875,24550.0,24698.35,131.4,138.15,131.4,136.2,99375,1748853360
2025-06-02 14:07:00,PE,ATM-3,23.601044,2650650,24550.0,24690.25,136.5,142.0,135.9,141.3,217275,1748853420
2025-06-02 14:08:00,PE,ATM-3,23.738491,2650650,24550.0,24687.5,141.1,144.45,140.7,143.5,183600,1748853480
2025-06-02 14:09:00,PE,ATM-3,23.706459,2650650,24550.0,24686.85,142.5,144.45,142.25,143.45,127800,1748853540
2025-06-02 14:10:00,PE,ATM-3,23.829766,2699100,24550.0,24684.2,143.5,147.7,143.0,145.5,220725,1748853600
2025-06-02 14:11:00,PE,ATM-3,23.901796,2699100,24550.0,24691.3,145.35,147.0,142.0,143.4,152700,1748853660
2025-06-02 14:12:00,PE,ATM-3,24.01826,2699100,24550.0,24689.0,143.1,146.2,142.0,145.25,96525,1748853720
2025-06-02 14:13:00,PE,ATM-3,23.989387,2665200,24550.0,24692.25,145.05,145.2,142.45,143.75,60825,1748853780
2025-06-02 14:14:00,PE,ATM-3,23.806246,2665200,24550.0,24693.6,143.25,144.0,141.15,141.65,82500,1748853840
2025-06-02 14:15:00,PE,ATM-3,23.863417,2665200,24550.0,24687.3,141.4,145.4,139.65,144.5,171675,1748853900
2025-06-02 14:16:00,PE,ATM-3,23.81126,2652900,24550.0,24690.15,144.75,144.75,142.0,142.95,56325,1748853960
2025-06-02 14:17:00,PE,ATM-3,23.784781,2652900,24550.0,24688.7,142.8,145.65,142.8,143.25,50925,1748854020
2025-06-02 14:18:00,PE,ATM-3,24.059066,2652900,24550.0,24690.9,142.9,144.75,141.0,144.75,81525,1748854080
2025-06-02 14:19:00,PE,ATM-3,24.062886,2622900,24550.0,24687.9,144.5,146.75,144.5,145.9,90450,1748854140
2025-06-02 14:20:00,PE,ATM-3,24.070908,2622900,24550.0,24686.45,146.05,147.25,144.85,146.5,107400,1748854200
2025-06-02 14:21:00,PE,ATM-3,23.859215,2622900,24550.0,24689.5,146.35,147.6,142.65,143.5,97875,1748854260
2025-06-02 14:22:00,PE,ATM-3,23.961175,2611500,24550.0,24688.85,143.55,145.85,143.25,144.6,38625,1748854320
2025-06-02 14:23:00,PE,ATM-3,24.175892,2611500,24550.0,24684.85,144.45,147.95,144.45,147.95,60225,1748854380
2025-06-02 14:24:00,PE,ATM-3,24.020098,2611500,24550.0,24682.6,147.8,148.35,146.55,147.45,93750,1748854440
2025-06-02 14:25:00,PE,ATM-3,23.666239,2618550,24550.0,24695.65,146.6,146.6,138.6,139.45,221625,1748854500
2025-06-02 14:26:00,PE,ATM-3,23.861831,2618550,24550.0,24699.0,138.45,140.0,135.5,139.85,222900,1748854560
2025-06-02 14:27:00,PE,ATM-3,23.87031,2618550,24550.0,24704.0,139.85,139.85,136.35,138.05,73575,1748854620
2025-06-02 14:28:00,PE,ATM-3,23.969051,2506875,24550.0,24705.0,137.8,138.75,136.8,138.5,57975,1748854680
2025-06-02 14:29:00,PE,ATM-3,23.896036,2506875,24550.0,24700.15,138.3,140.4,138.3,139.65,44850,1748854740
2025-06-02 14:30:00,PE,ATM-3,24.031833,2506875,24550.0,24698.1,139.65,141.55,138.15,141.55,117300,1748854800
2025-06-02 14:31:00,PE,ATM-3,23.967962,2483325,24550.0,24686.65,141.15,145.3,141.15,145.3,158775,1748854860
2025-06-02 14:32:00,PE,ATM-3,23.715556,7827300,24500.0,24672.1,127.9,131.45,127.15,129.7,747375,1748854920
2025-06-02 14:33:00,PE,ATM-3,23.561775,7827300,24500.0,24659.1,128.6,134.0,127.85,133.05,578325,1748854980
2025-06-02 14:34:00,PE,ATM-3,23.724161,7910850,24500.0,24664.35,132.7,133.75,130.9,132.5,354675,1748855040
2025-06-02 14:35:00,PE,ATM-3,23.601722,7910850,24500.0,24659.5,131.95,133.6,131.2,133.2,296700,1748855100
2025-06-02 14:36:00,PE,ATM-3,23.578433,7910850,24500.0,24666.25,132.95,134.7,129.6,130.55,433050,1748855160
2025-06-02 14:37:00,PE,ATM-3,23.657991,7837275,24500.0,24668.2,129.9,132.15,129.25,130.5,255225,1748855220
2025-06-02 14:38:00,PE,ATM-3,23.625075,7837275,24500.0,24655.75,130.8,135.85,130.8,134.7,508875,1748855280
2025-06-02 14:39:00,PE,ATM-3,23.7709,7837275,24500.0,24663.9,134.0,134.7,130.65,132.95,276450,1748855340
2025-06-02 14:40:00,PE,ATM-3,23.617732,7832025,24500.0,24666.1,132.75,133.5,129.95,130.85,193200,1748855400
2025-06-02 14:41:00,PE,ATM-3,23.68209,7832025,24500.0,24661.85,130.5,133.6,130.5,132.9,215175,1748855460
2025-06-02 14:42:00,PE,ATM-3,23.695499,7832025,24500.0,24664.6,132.85,132.85,129.05,132.0,231375,1748855520
2025-06-02 14:43:00,PE,ATM-3,23.391932,7814700,24500.0,24664.4,131.55,132.55,128.95,129.5,130050,1748855580
2025-06-02 14:44:00,PE,ATM-3,23.338597,7814700,24500.0,24667.15,129.85,131.9,127.6,128.05,227925,1748855640
2025-06-02 14:45:00,PE,ATM-3,23.172834,7814700,24500.0,24660.55,128.1,132.2,128.1,129.0,258825,1748855700
2025-06-02 14:46:00,PE,ATM-3,23.014881,7788375,24500.0,24670.55,128.15,128.25,124.1,124.1,419550,1748855760
2025-06-02 14:47:00,PE,ATM-3,23.18545,7788375,24500.0,24670.7,124.2,128.0,124.2,125.45,213900,1748855820
2025-06-02 14:48:00,PE,ATM-3,23.360956,7788375,24500.0,24665.9,126.0,128.95,124.65,128.6,149475,1748855880
2025-06-02 14:49:00,PE,ATM-3,23.314379,7754325,24500.0,24670.8,128.4,128.4,124.8,126.45,127425,1748855940
2025-06-02 14:50:00,PE,ATM-3,23.352399,7754325,24500.0,24672.35,126.4,127.0,124.5,126.2,143625,1748856000
2025-06-02 14:51:00,PE,ATM-3,23.33322,7754325,24500.0,24673.4,126.35,126.9,123.4,125.65,215700,1748856060
2025-06-02 14:52:00,PE,ATM-3,23.330039,2401725,24550.0,24679.65,146.35,146.35,141.3,142.05,81300,1748856120
2025-06-02 14:53:00,PE,ATM-3,23.12414,2401725,24550.0,24683.1,141.65,141.65,138.0,138.95,136575,1748856180
2025-06-02 14:54:00,PE,ATM-3,23.164159,2401725,24550.0,24685.4,139.0,139.95,137.05,138.4,75525,1748856240
2025-06-02 14:55:00,PE,ATM-3,23.181443,2406750,24550.0,24686.0,138.55,141.0,137.55,138.3,101250,1748856300
2025-06-02 14:56:00,PE,ATM-3,23.545919,2406750,24550.0,24698.25,139.15,140.6,136.7,136.8,96375,1748856360
2025-06-02 14:57:00,PE,ATM-3,23.789797,2406750,24550.0,24692.5,136.85,141.55,136.85,141.0,99675,1748856420
2025-06-02 14:58:00,PE,ATM-3,23.683243,2376900,24550.0,24712.1,141.0,141.0,132.85,132.85,126000,1748856480
2025-06-02 14:59:00,PE,ATM-3,24.030681,2376900,24550.0,24713.5,132.95,135.25,132.85,135.25,185250,1748856540
2025-06-02 15:00:00,PE,ATM-3,23.923052,6705525,24600.0,24743.75,153.85,153.85,142.0,142.0,870450,1748856600
2025-06-02 15:01:00,PE,ATM-3,24.236798,6683700,24600.0,24753.0,141.9,142.75,138.3,141.2,659025,1748856660
2025-06-02 15:02:00,PE,ATM-3,24.052851,6683700,24600.0,24734.7,140.7,147.95,140.7,146.5,619875,1748856720
2025-06-02 15:03:00,PE,ATM-3,24.295888,6683700,24600.0,24739.45,146.25,147.75,145.05,146.75,293700,1748856780
2025-06-02 15:04:00,PE,ATM-3,24.385956,6667125,24600.0,24738.4,146.7,148.95,146.4,147.9,240825,1748856840
2025-06-02 15:05:00,PE,ATM-3,24.507894,6667125,24600.0,24738.2,147.6,149.5,144.3,149.0,228450,1748856900
2025-06-02 15:06:00,PE,ATM-3,24.47448,6667125,24600.0,24737.0,149.2,149.2,147.0,149.15,164925,1748856960
2025-06-02 15:07:00,PE,ATM-3,24.444201,6596025,24600.0,24734.05,148.35,150.0,148.35,150.0,181725,1748857020
2025-06-02 15:08:00,PE,ATM-3,24.326793,6596025,24600.0,24732.8,149.7,150.45,147.75,149.45,187425,1748857080
2025-06-02 15:09:00,PE,ATM-3,24.368769,6596025,24600.0,24734.85,150.35,151.5,148.55,149.0,197175,1748857140
2025-06-02 15:10:00,PE,ATM-3,24.663814,6546075,24600.0,24735.4,149.55,152.15,148.5,151.3,226725,1748857200
2025-06-02 15:11:00,PE,ATM-3,24.686672,6546075,24600.0,24744.5,151.6,151.6,147.4,148.0,175650,1748857260
2025-06-02 15:12:00,PE,ATM-3,24.82411,6546075,24600.0,24739.65,148.55,151.35,148.55,151.0,168000,1748857320
2025-06-02 15:13:00,PE,ATM-3,24.8431,6442650,24600.0,24730.55,151.1,158.35,151.0,154.65,535950,1748857380
2025-06-02 15:14:00,PE,ATM-3,24.993633,2174400,24550.0,24723.95,135.65,139.45,135.65,139.25,114825,1748857440
2025-06-02 15:15:00,PE,ATM-3,24.773158,2174400,24550.0,24716.55,140.0,140.9,136.6,140.05,210900,1748857500
2025-06-02 15:16:00,PE,ATM-3,24.71103,2167800,24550.0,24712.45,139.35,141.35,137.1,141.0,102525,1748857560
2025-06-02 15:17:00,PE,ATM-3,24.400355,2167800,24550.0,24717.15,140.9,141.4,134.85,136.65,156075,1748857620
2025-06-02 15:18:00,PE,ATM-3,24.585748,2167800,24550.0,24716.15,136.35,139.35,136.35,138.55,62550,1748857680
2025-06-02 15:19:00,PE,ATM-3,24.498155,2112000,24550.0,24716.4,139.1,139.4,137.15,137.7,39150,1748857740
2025-06-02 15:20:00,PE,ATM-3,24.635687,2112000,24550.0,24717.6,137.6,138.6,136.5,138.4,140475,1748857800
2025-06-02 15:21:00,PE,ATM-3,24.858532,2112000,24550.0,24719.4,138.25,139.6,137.8,139.6,75075,1748857860
2025-06-02 15:22:00,PE,ATM-3,24.625712,1992825,24550.0,24712.85,139.5,140.6,138.1,140.0,118950,1748857920
2025-06-02 15:23:00,PE,ATM-3,24.543454,1992825,24550.0,24706.95,140.65,142.6,140.55,141.45,88275,1748857980
2025-06-02 15:24:00,PE,ATM-3,24.506273,1992825,24550.0,24696.25,142.3,145.1,141.9,145.1,131775,1748858040
2025-06-02 15:25:00,PE,ATM-3,23.945152,1912425,24550.0,24679.55,145.8,147.7,143.6,146.65,180150,1748858100
2025-06-02 15:26:00,PE,ATM-3,23.450034,7118925,24500.0,24674.1,127.9,129.45,125.65,125.65,371100,1748858160
2025-06-02 15:27:00,PE,ATM-3,23.861799,1912425,24550.0,24677.2,145.65,148.0,145.65,146.8,126300,1748858220
2025-06-02 15:28:00,PE,ATM-3,24.477777,1857675,24550.0,24693.25,147.15,148.4,145.75,145.9,129975,1748858280
2025-06-02 15:29:00,PE,ATM-3,23.914732,1857675,24550.0,24690.7,146.65,147.55,142.05,142.05,187350,1748858340
2025-06-02 15:30:00,PE,ATM-3,23.795928,1857675,24550.0,24690.35,141.15,141.15,141.15,141.15,750,1748858400
2025-06-03 09:15:00,PE,ATM-3,26.423486,1801650,24650.0,24802.9,162.2,162.5,120.0,131.85,413700,1748922300
2025-06-03 09:16:00,PE,ATM-3,28.882684,5426025,24600.0,24733.95,111.45,162.2,110.15,156.85,1077675,1748922360
2025-06-03 09:17:00,PE,ATM-3,28.437801,5426025,24600.0,24725.4,157.45,176.0,156.45,156.85,809850,1748922420
2025-06-03 09:18:00,PE,ATM-3,28.851189,1746450,24550.0,24680.7,140.95,159.45,140.95,157.4,329550,1748922480
2025-06-03 09:19:00,PE,ATM-3,28.756534,1746450,24550.0,24694.8,160.6,164.0,144.3,151.2,396450,1748922540
2025-06-03 09:20:00,PE,ATM-3,27.898044,1746450,24550.0,24682.85,152.8,155.85,142.65,149.4,327750,1748922600
2025-06-03 09:21:00,PE,ATM-3,27.72328,7136925,24500.0,24658.7,130.9,138.6,127.45,137.9,784725,1748922660
2025-06-03 09:22:00,PE,ATM-3,27.49947,7136925,24500.0,24661.25,138.35,138.35,128.4,135.3,773925,1748922720
2025-06-03 09:23:00,PE,ATM-3,26.707201,7136925,24500.0,24669.05,135.85,135.85,126.7,126.7,521850,1748922780
2025-06-03 09:24:00,PE,ATM-3,26.804429,7186275,24500.0,24668.7,127.15,128.35,118.9,127.5,770850,1748922840
2025-06-03 09:25:00,PE,ATM-3,26.93417,7186275,24500.0,24668.45,126.85,128.55,117.65,128.5,597225,1748922900
2025-06-03 09:26:00,PE,ATM-3,26.907854,7186275,24500.0,24653.4,128.05,133.75,124.2,133.75,628050,1748922960
2025-06-03 09:27:00,PE,ATM-3,26.524703,7408575,24500.0,24669.95,130.8,132.5,123.3,124.95,624375,1748923020
2025-06-03 09:28:00,PE,ATM-3,26.826888,7408575,24500.0,24668.0,124.8,131.0,120.8,127.8,524100,1748923080
2025-06-03 09:29:00,PE,ATM-3,26.826714,7408575,24500.0,24649.0,125.95,134.7,124.7,134.7,458775,1748923140
2025-06-03 09:30:00,PE,ATM-3,28.174164,1528650,24450.0,24617.75,121.45,146.1,121.45,137.2,986400,1748923200
2025-06-03 09:31:00,PE,ATM-3,27.907607,7264875,24500.0,24635.0,155.75,160.65,147.0,147.9,766575,1748923260
2025-06-03 09:32:00,PE,ATM-3,28.598128,7264875,24500.0,24628.3,149.1,158.6,149.1,155.6,411750,1748923320
2025-06-03 09:33:00,PE,ATM-3,28.434165,7294950,24500.0,24632.65,156.7,160.3,147.6,152.65,574200,1748923380
2025-06-03 09:34:00,PE,ATM-3,28.459578,7294950,24500.0,24627.05,151.8,155.9,150.0,155.0,331050,1748923440
2025-06-03 09:35:00,PE,ATM-3,28.170235,7294950,24500.0,24639.6,154.35,157.55,144.3,147.95,457950,1748923500
2025-06-03 09:36:00,PE,ATM-3,27.711397,7280400,24500.0,24652.55,147.65,149.3,139.65,139.65,489150,1748923560
2025-06-03 09:37:00,PE,ATM-3,27.460553,7280400,24500.0,24664.35,139.8,141.7,132.2,133.45,512175,1748923620
2025-06-03 09:38:00,PE,ATM-3,27.429769,1810500,24550.0,24677.15,153.9,156.4,142.35,147.6,299025,1748923680
2025-06-03 09:39:00,PE,ATM-3,27.472198,7254525,24500.0,24674.15,130.95,134.7,128.2,129.95,488700,1748923740
2025-06-03 09:40:00,PE,ATM-3,27.558781,7254525,24500.0,24671.9,129.5,136.75,129.5,131.35,313125,1748923800
2025-06-03 09:41:00,PE,ATM-3,27.895155,7254525,24500.0,24660.5,132.4,138.9,131.65,137.9,351675,1748923860
2025-06-03 09:42:00,PE,ATM-3,28.081734,7291200,24500.0,24651.7,138.05,144.55,135.55,142.5,466950,1748923920
2025-06-03 09:43:00,PE,ATM-3,27.897524,7291200,24500.0,24646.7,142.6,147.25,140.6,143.0,381300,1748923980
2025-06-03 09:44:00,PE,ATM-3,27.538514,7291200,24500.0,24646.8,139.3,141.2,136.0,140.3,339750,1748924040
2025-06-03 09:45:00,PE,ATM-3,27.433777,7297425,24500.0,24644.55,140.55,140.95,133.45,140.35,355575,1748924100
2025-06-03 09:46:00,PE,ATM-3,27.196959,7297425,24500.0,24643.05,140.35,143.85,138.9,139.15,395625,1748924160
2025-06-03 09:47:00,PE,ATM-3,27.231832,7297425,24500.0,24648.85,139.5,143.7,135.0,137.2,322650,1748924220
2025-06-03 09:48:00,PE,ATM-3,26.61345,7380525,24500.0,24652.8,136.25,141.85,131.2,131.2,323850,1748924280
2025-06-03 09:49:00,PE,ATM-3,26.257017,7380525,24500.0,24660.6,131.8,132.7,125.75,125.75,430125,1748924340
2025-06-03 09:50:00,PE,ATM-3,26.624813,7380525,24500.0,24661.1,125.3,130.25,125.05,128.2,319500,1748924400
2025-06-03 09:51:00,PE,ATM-3,26.597149,1869225,24550.0,24679.75,146.8,146.8,136.1,140.05,288675,1748924460
2025-06-03 09:52:00,PE,ATM-3,26.971433,1869225,24550.0,24680.1,140.35,144.25,137.5,142.65,167850,1748924520
2025-06-03 09:53:00,PE,ATM-3,26.829404,7393425,24500.0,24671.4,121.9,126.4,121.9,125.9,213150,1748924580
2025-06-03 09:54:00,PE,ATM-3,26.591714,7400250,24500.0,24647.85,125.9,133.5,125.4,132.7,379125,1748924640
2025-06-03 09:55:00,PE,ATM-3,26.496085,7400250,24500.0,24660.35,131.6,132.55,125.95,127.4,262650,1748924700
2025-06-03 09:56:00,PE,ATM-3,26.832547,7400250,24500.0,24650.0,127.2,133.6,125.8,133.6,208050,1748924760
2025-06-03 09:57:00,PE,ATM-3,27.091671,7437450,24500.0,24631.65,133.1,146.8,132.95,142.4,990825,1748924820
2025-06-03 09:58:00,PE,ATM-3,26.929946,7437450,24500.0,24639.2,140.85,143.75,137.45,138.3,357600,1748924880
2025-06-03 09:59:00,PE,ATM-3,27.367228,7437450,24500.0,24630.15,139.45,144.95,139.45,144.95,411900,1748924940
2025-06-03 10:00:00,PE,ATM-3,27.15953,7404150,24500.0,24632.85,145.7,151.4,141.45,142.35,606450,1748925000
2025-06-03 10:01:00,PE,ATM-3,27.227947,7404150,24500.0,24627.35,142.4,150.25,140.6,144.95,398025,1748925060
2025-06-03 10:02:00,PE,ATM-3,27.232861,7404150,24500.0,24632.15,143.9,148.15,143.1,143.1,229950,1748925120
2025-06-03 10:03:00,PE,ATM-3,27.301526,7407525,24500.0,24631.05,142.2,147.75,139.7,144.0,238350,1748925180
2025-06-03 10:04:00,PE,ATM-3,27.296914,7407525,24500.0,24639.5,143.65,145.2,139.75,140.7,178500,1748925240
2025-06-03 10:05:00,PE,ATM-3,27.019356,7407525,24500.0,24641.85,140.9,141.6,137.75,137.75,233250,1748925300
2025-06-03 10:06:00,PE,ATM-3,27.081556,7396875,24500.0,24648.05,138.0,140.5,134.55,135.85,278325,1748925360
2025-06-03 10:07:00,PE,ATM-3,27.120507,7396875,24500.0,24652.1,137.55,141.2,132.5,134.6,303375,1748925420
2025-06-03 10:08:00,PE,ATM-3,26.872765,7396875,24500.0,24655.15,134.05,138.7,131.65,131.65,247500,1748925480
2025-06-03 10:09:00,PE,ATM-3,26.809146,7496325,24500.0,24649.75,131.85,134.15,131.55,133.15,185775,1748925540
2025-06-03 10:10:00,PE,ATM-3,26.779349,7496325,24500.0,24652.2,134.4,137.25,129.3,132.0,365100,1748925600
2025-06-03 10:11:00,PE,ATM-3,26.573183,7496325,24500.0,24659.4,131.55,131.55,126.0,127.85,271950,1748925660
2025-06-03 10:12:00,PE,ATM-3,26.449403,7618875,24500.0,24655.35,129.25,131.95,126.75,128.4,261450,1748925720
2025-06-03 10:13:00,PE,ATM-3,26.288779,7618875,24500.0,24659.8,129.35,131.75,124.8,125.6,241575,1748925780
2025-06-03 10:14:00,PE,ATM-3,26.65177,7618875,24500.0,24661.7,126.2,127.5,122.2,127.5,390675,1748925840
2025-06-03 10:15:00,PE,ATM-3,26.174378,7736400,24500.0,24661.25,126.35,129.9,124.2,124.2,324150,1748925900
2025-06-03 10:16:00,PE,ATM-3,26.766852,7736400,24500.0,24672.25,124.1,124.8,122.2,124.5,282225,1748925960
2025-06-03 10:17:00,PE,ATM-3,26.387173,7736400,24500.0,24671.0,123.2,125.2,121.3,122.2,221925,1748926020
2025-06-03 10:18:00,PE,ATM-3,27.051117,1865100,24550.0,24685.25,142.75,143.0,138.4,140.5,149475,1748926080
2025-06-03 10:19:00,PE,ATM-3,26.949995,1865100,24550.0,24705.5,139.3,141.3,132.15,132.15,199800,1748926140
2025-06-03 10:20:00,PE,ATM-3,26.818268,1865100,24550.0,24723.9,130.65,130.65,119.15,124.55,480975,1748926200
2025-06-03 10:21:00,PE,ATM-3,26.665624,6326775,24600.0,24737.15,140.35,140.4,134.45,137.25,665700,1748926260
2025-06-03 10:22:00,PE,ATM-3,26.727572,6326775,24600.0,24750.7,136.2,136.2,129.8,132.6,561600,1748926320
2025-06-03 10:23:00,PE,ATM-3,26.591972,6326775,24600.0,24734.0,132.3,139.25,131.4,137.85,463575,1748926380
2025-06-03 10:24:00,PE,ATM-3,27.05203,6384000,24600.0,24746.95,137.85,139.3,134.7,136.3,333375,1748926440
2025-06-03 10:25:00,PE,ATM-3,26.972441,6384000,24600.0,24740.8,135.85,138.65,132.85,138.0,307875,1748926500
2025-06-03 10:26:00,PE,ATM-3,26.95655,6384000,24600.0,24743.2,137.9,138.8,135.4,136.95,225075,1748926560
2025-06-03 10:27:00,PE,ATM-3,26.549501,6473775,24600.0,24730.4,136.0,140.4,135.6,138.8,248625,1748926620
2025-06-03 10:28:00,PE,ATM-3,26.517257,6473775,24600.0,24727.5,138.7,140.05,135.7,139.65,263700,1748926680
2025-06-03 10:29:00,PE,ATM-3,26.56778,1987575,24550.0,24719.95,121.05,124.15,121.05,123.9,155550,1748926740
2025-06-03 10:30:00,PE,ATM-3,26.311521,6515925,24600.0,24730.05,142.85,144.9,137.1,137.1,405075,1748926800
2025-06-03 10:31:00,PE,ATM-3,26.369851,6515925,24600.0,24738.6,138.3,140.85,133.5,134.25,254925,1748926860
2025-06-03 10:32:00,PE,ATM-3,26.187752,6515925,24600.0,24742.85,134.3,135.7,129.5,131.3,355875,1748926920
2025-06-03 10:33:00,PE,ATM-3,26.513618,6514950,24600.0,24738.45,132.0,135.3,130.4,135.3,186225,1748926980
2025-06-03 10:34:00,PE,ATM-3,26.454563,6514950,24600.0,24733.15,134.4,137.8,133.55,136.85,190725,1748927040
2025-06-03 10:35:00,PE,ATM-3,26.34964,2007300,24550.0,24712.15,118.4,125.7,117.55,124.95,144450,1748927100
2025-06-03 10:36:00,PE,ATM-3,26.254125,2028900,24550.0,24708.5,123.3,128.25,123.3,125.55,177825,1748927160
2025-06-03 10:37:00,PE,ATM-3,26.139131,2028900,24550.0,24699.15,125.2,131.8,124.0,128.1,168300,1748927220
2025-06-03 10:38:00,PE,ATM-3,25.976814,2028900,24550.0,24679.25,127.75,134.35,127.75,134.35,192450,1748927280
2025-06-03 10:39:00,PE,ATM-3,25.865607,7755525,24500.0,24647.65,117.55,131.6,117.55,126.25,1374825,1748927340
2025-06-03 10:40:00,PE,ATM-3,26.320174,7755525,24500.0,24640.8,128.85,144.25,125.4,132.05,1161600,1748927400
2025-06-03 10:41:00,PE,ATM-3,26.55945,7755525,24500.0,24645.1,130.45,133.5,128.35,132.15,411150,1748927460
2025-06-03 10:42:00,PE,ATM-3,26.851009,7672725,24500.0,24628.85,133.6,142.05,133.6,140.4,576150,1748927520
2025-06-03 10:43:00,PE,ATM-3,27.187945,7672725,24500.0,24627.65,146.8,146.8,139.25,143.3,683250,1748927580
2025-06-03 10:44:00,PE,ATM-3,27.014025,7672725,24500.0,24642.85,142.85,142.85,134.05,136.2,368850,1748927640
2025-06-03 10:45:00,PE,ATM-3,26.79881,7617750,24500.0,24652.3,136.35,139.3,128.9,131.1,382500,1748927700
2025-06-03 10:46:00,PE,ATM-3,26.814261,7617750,24500.0,24644.3,131.6,135.95,129.0,134.15,262050,1748927760
2025-06-03 10:47:00,PE,ATM-3,26.521241,7617750,24500.0,24653.1,133.75,135.0,128.75,128.75,211875,1748927820
2025-06-03 10:48:00,PE,ATM-3,25.945007,7615425,24500.0,24654.15,128.3,129.75,124.2,124.2,273225,1748927880
2025-06-03 10:49:00,PE,ATM-3,26.072139,7615425,24500.0,24660.9,124.45,126.3,121.0,122.65,267150,1748927940
2025-06-03 10:50:00,PE,ATM-3,25.815421,7615425,24500.0,24657.8,123.4,126.4,121.9,121.9,200400,1748928000
2025-06-03 10:51:00,PE,ATM-3,25.976221,7630650,24500.0,24654.4,122.15,125.9,119.25,124.25,212325,1748928060
2025-06-03 10:52:00,PE,ATM-3,26.137285,7630650,24500.0,24658.9,123.05,123.75,119.5,123.75,197925,1748928120
2025-06-03 10:53:00,PE,ATM-3,26.087003,7630650,24500.0,24650.8,123.9,126.45,122.1,126.3,209775,1748928180
2025-06-03 10:54:00,PE,ATM-3,25.794791,7669275,24500.0,24656.25,125.7,127.3,121.2,122.2,175800,1748928240
2025-06-03 10:55:00,PE,ATM-3,25.588528,7669275,24500.0,24658.9,122.7,124.8,119.75,119.75,172575,1748928300
2025-06-03 10:56:00,PE,ATM-3,25.762141,7669275,24500.0,24658.65,119.4,121.65,118.95,121.05,136575,1748928360
2025-06-03 10:57:00,PE,ATM-3,25.301686,7703325,24500.0,24660.6,120.35,121.05,115.45,117.05,226650,1748928420
2025-06-03 10:58:00,PE,ATM-3,25.554579,7703325,24500.0,24643.4,117.75,127.5,116.4,125.05,367725,1748928480
2025-06-03 10:59:00,PE,ATM-3,25.687867,7703325,24500.0,24637.7,127.3,131.0,125.1,128.1,413100,1748928540
2025-06-03 11:00:00,PE,ATM-3,25.593062,7757175,24500.0,24633.4,128.2,132.6,122.55,129.0,442950,1748928600
2025-06-03 11:01:00,PE,ATM-3,25.883953,7757175,24500.0,24635.6,128.6,131.4,128.1,130.25,213150,1748928660
2025-06-03 11:02:00,PE,ATM-3,25.719357,7757175,24500.0,24635.55,129.0,132.5,128.4,129.05,187425,1748928720
2025-06-03 11:03:00,PE,ATM-3,25.693139,7759875,24500.0,24639.65,128.65,130.9,127.1,127.3,178425,1748928780
2025-06-03 11:04:00,PE,ATM-3,25.978575,7759875,24500.0,24639.2,126.95,129.75,124.7,129.5,197700,1748928840
2025-06-03 11:05:00,PE,ATM-3,25.981865,7759875,24500.0,24634.0,130.15,132.8,128.9,131.45,226800,1748928900
2025-06-03 11:06:00,PE,ATM-3,25.955683,1654650,24450.0,24623.2,112.35,119.05,112.25,116.65,212850,1748928960
2025-06-03 11:07:00,PE,ATM-3,26.103341,7714500,24500.0,24629.85,136.9,138.9,132.15,133.85,295200,1748929020
2025-06-03 11:08:00,PE,ATM-3,25.976559,7714500,24500.0,24632.75,133.4,134.0,129.35,131.8,212775,1748929080
2025-06-03 11:09:00,PE,ATM-3,25.872842,7680300,24500.0,24626.5,131.85,133.6,128.2,133.4,152925,1748929140
2025-06-03 11:10:00,PE,ATM-3,25.470551,7680300,24500.0,24635.1,133.3,133.3,126.65,127.2,186000,1748929200
2025-06-03 11:11:00,PE,ATM-3,24.911808,7680300,24500.0,24644.45,127.6,127.6,119.45,119.7,305700,1748929260
2025-06-03 11:12:00,PE,ATM-3,25.284869,7616175,24500.0,24639.55,119.85,124.25,119.85,124.15,291750,1748929320
2025-06-03 11:13:00,PE,ATM-3,25.377272,1654725,24450.0,24615.0,106.9,118.4,106.9,115.25,171900,1748929380
2025-06-03 11:14:00,PE,ATM-3,25.76614,1654725,24450.0,24590.2,115.0,127.95,114.8,126.95,322125,1748929440
2025-06-03 11:15:00,PE,ATM-3,26.448003,1408125,24450.0,24596.85,127.9,139.25,125.85,129.35,583200,1748929500
2025-06-03 11:16:00,PE,ATM-3,26.196007,1408125,24450.0,24602.35,129.9,130.55,124.2,125.5,162975,1748929560
2025-06-03 11:17:00,PE,ATM-3,26.233709,1408125,24450.0,24604.8,125.15,127.55,123.3,124.85,90675,1748929620
2025-06-03 11:18:00,PE,ATM-3,26.239627,1417875,24450.0,24603.05,126.1,126.2,122.7,125.5,76350,1748929680
2025-06-03 11:19:00,PE,ATM-3,25.685527,1417875,24450.0,24607.15,125.6,126.05,119.35,120.05,106650,1748929740
2025-06-03 11:20:00,PE,ATM-3,25.727422,1417875,24450.0,24611.55,120.65,121.95,117.3,118.75,100050,1748929800
2025-06-03 11:21:00,PE,ATM-3,25.843266,1444125,24450.0,24592.65,121.5,126.4,120.9,126.4,133425,1748929860
2025-06-03 11:22:00,PE,ATM-3,25.758353,1444125,24450.0,24593.5,125.4,127.15,122.45,125.45,92025,1748929920
2025-06-03 11:23:00,PE,ATM-3,26.018323,1444125,24450.0,24587.55,126.3,129.5,122.75,129.5,111300,1748929980
2025-06-03 11:24:00,PE,ATM-3,26.037695,1430025,24450.0,24595.65,129.3,129.3,125.4,126.6,69900,1748930040
2025-06-03 11:25:00,PE,ATM-3,26.137537,1430025,24450.0,24591.7,126.35,129.85,124.2,128.75,113925,1748930100
2025-06-03 11:26:00,PE,ATM-3,25.962561,1430025,24450.0,24606.1,128.2,129.0,122.2,122.2,125550,1748930160
2025-06-03 11:27:00,PE,ATM-3,25.898199,1433100,24450.0,24608.65,121.7,123.0,120.1,120.8,90675,1748930220
2025-06-03 11:28:00,PE,ATM-3,25.93698,1433100,24450.0,24616.95,120.45,120.85,116.15,118.1,92850,1748930280
2025-06-03 11:29:00,PE,ATM-3,25.567208,1433100,24450.0,24618.3,117.6,119.55,114.3,115.0,99075,1748930340
2025-06-03 11:30:00,PE,ATM-3,25.236207,7498425,24500.0,24633.4,135.7,138.0,124.85,125.6,577275,1748930400
2025-06-03 11:31:00,PE,ATM-3,25.435795,7498425,24500.0,24629.05,126.1,130.2,126.1,128.65,256650,1748930460
2025-06-03 11:32:00,PE,ATM-3,25.757312,1435425,24450.0,24624.35,110.35,114.15,110.35,114.15,52575,1748930520
2025-06-03 11:33:00,PE,ATM-3,25.501369,7476450,24500.0,24650.4,132.05,133.7,121.15,121.15,408300,1748930580
2025-06-03 11:34:00,PE,ATM-3,25.513696,7476450,24500.0,24653.75,118.45,122.25,116.85,120.0,565500,1748930640
2025-06-03 11:35:00,PE,ATM-3,25.938685,7476450,24500.0,24643.35,120.35,126.8,120.35,126.8,246675,1748930700
2025-06-03 11:36:00,PE,ATM-3,25.615364,7509750,24500.0,24636.1,127.65,129.4,125.6,127.15,279150,1748930760
2025-06-03 11:37:00,PE,ATM-3,25.584285,7509750,24500.0,24628.8,128.2,131.5,127.4,129.65,212100,1748930820
2025-06-03 11:38:00,PE,ATM-3,25.333369,1411800,24450.0,24619.65,110.95,112.65,108.95,112.65,100575,1748930880
2025-06-03 11:39:00,PE,ATM-3,25.557983,1410525,24450.0,24607.15,112.2,121.15,111.7,118.6,173625,1748930940
2025-06-03 11:40:00,PE,ATM-3,25.910546,1410525,24450.0,24596.45,118.35,127.0,117.55,124.95,195150,1748931000
2025-06-03 11:41:00,PE,ATM-3,26.122873,1410525,24450.0,24601.05,124.1,125.65,120.4,124.75,147675,1748931060
2025-06-03 11:42:00,PE,ATM-3,26.112265,1398375,24450.0,24579.45,124.3,135.15,122.35,132.7,248025,1748931120
2025-06-03 11:43:00,PE,ATM-3,26.317367,1398375,24450.0,24586.7,132.25,134.05,129.45,131.4,162825,1748931180
2025-06-03 11:44:00,PE,ATM-3,26.037037,1398375,24450.0,24594.25,131.45,132.25,123.75,126.55,181575,1748931240
2025-06-03 11:45:00,PE,ATM-3,26.248686,1389600,24450.0,24589.5,127.05,129.8,123.85,129.8,97350,1748931300
2025-06-03 11:46:00,PE,ATM-3,26.315838,1389600,24450.0,24595.15,128.95,129.15,124.85,128.15,75825,1748931360
2025-06-03 11:47:00,PE,ATM-3,26.198082,1389600,24450.0,24595.1,127.65,131.15,125.35,127.3,77475,1748931420
2025-06-03 11:48:00,PE,ATM-3,25.923309,1403100,24450.0,24605.85,127.25,127.25,120.45,121.4,109800,1748931480
2025-06-03 11:49:00,PE,ATM-3,25.734511,1403100,24450.0,24608.05,121.2,122.75,118.3,119.25,68925,1748931540
2025-06-03 11:50:00,PE,ATM-3,25.76228,1403100,24450.0,24604.2,121.0,121.6,117.7,120.8,49875,1748931600
2025-06-03 11:51:00,PE,ATM-3,25.99399,1412775,24450.0,24608.4,121.05,122.15,118.5,120.9,47325,1748931660
2025-06-03 11:52:00,PE,ATM-3,25.757231,1412775,24450.0,24616.6,121.1,122.6,115.1,116.3,99900,1748931720
2025-06-03 11:53:00,PE,ATM-3,25.861052,1412775,24450.0,24616.6,115.85,117.0,114.35,117.0,55575,1748931780
2025-06-03 11:54:00,PE,ATM-3,25.533859,7496400,24500.0,24625.55,135.2,137.5,129.9,130.05,188550,1748931840
2025-06-03 11:55:00,PE,ATM-3,25.78703,7496400,24500.0,24626.85,131.6,131.6,127.4,131.35,299175,1748931900
2025-06-03 11:56:00,PE,ATM-3,25.703419,7496400,24500.0,24625.2,130.8,134.2,130.5,131.35,164250,1748931960
2025-06-03 11:57:00,PE,ATM-3,25.769361,1447950,24450.0,24624.5,113.3,115.9,111.85,113.5,46350,1748932020
2025-06-03 11:58:00,PE,ATM-3,26.113231,1447950,24450.0,24624.55,113.65,116.6,112.25,115.85,44850,1748932080
2025-06-03 11:59:00,PE,ATM-3,26.055318,1447950,24450.0,24623.45,115.95,116.55,113.7,115.8,40275,1748932140
2025-06-03 12:00:00,PE,ATM-3,25.863419,1450425,24450.0,24618.95,119.1,119.9,116.0,116.0,93450,1748932200
2025-06-03 12:01:00,PE,ATM-3,25.56472,7497300,24500.0,24626.8,133.75,134.2,129.6,129.6,164175,1748932260
2025-06-03 12:02:00,PE,ATM-3,25.70958,7497300,24500.0,24631.05,130.25,131.0,126.85,129.0,177375,1748932320
2025-06-03 12:03:00,PE,ATM-3,26.078365,7507575,24500.0,24638.0,129.25,130.0,126.65,129.0,176400,1748932380
2025-06-03 12:04:00,PE,ATM-3,25.976578,7507575,24500.0,24638.25,128.5,129.5,128.0,128.15,137100,1748932440
2025-06-03 12:05:00,PE,ATM-3,25.994598,7507575,24500.0,24640.8,126.3,128.5,125.25,127.3,224025,1748932500
2025-06-03 12:06:00,PE,ATM-3,25.893807,7602450,24500.0,24636.65,127.0,130.5,125.6,128.1,207225,1748932560
2025-06-03 12:07:00,PE,ATM-3,26.016396,7602450,24500.0,24628.45,128.75,132.3,128.75,132.05,185475,1748932620
2025-06-03 12:08:00,PE,ATM-3,26.07804,1490175,24450.0,24619.6,113.1,117.65,112.6,117.05,89100,1748932680
2025-06-03 12:09:00,PE,ATM-3,25.93975,1505250,24450.0,24620.05,117.0,118.9,115.9,115.9,110925,1748932740
2025-06-03 12:10:00,PE,ATM-3,25.979936,7648200,24500.0,24628.85,136.2,137.0,131.55,131.55,130950,1748932800
2025-06-03 12:11:00,PE,ATM-3,26.331508,1505250,24450.0,24618.85,114.35,121.85,113.55,119.0,96300,1748932860
2025-06-03 12:12:00,PE,ATM-3,26.665634,1497000,24450.0,24622.0,118.05,120.2,116.95,120.2,41850,1748932920
2025-06-03 12:13:00,PE,ATM-3,26.587224,1497000,24450.0,24617.95,121.0,123.1,120.3,121.05,74700,1748932980
2025-06-03 12:14:00,PE,ATM-3,26.630928,1497000,24450.0,24615.35,121.55,123.5,121.1,122.25,48450,1748933040
2025-06-03 12:15:00,PE,ATM-3,26.79769,1463100,24450.0,24604.1,121.9,129.7,121.8,127.45,199350,1748933100
2025-06-03 12:16:00,PE,ATM-3,27.06846,1463100,24450.0,24589.0,128.15,136.3,127.0,134.95,199425,1748933160
2025-06-03 12:17:00,PE,ATM-3,26.927322,1463100,24450.0,24597.6,135.05,136.9,128.45,130.7,184275,1748933220
2025-06-03 12:18:00,PE,ATM-3,26.500539,1425450,24450.0,24597.85,130.95,132.1,127.25,127.55,85050,1748933280
2025-06-03 12:19:00,PE,ATM-3,26.355086,1425450,24450.0,24599.05,126.9,131.0,124.9,126.05,86025,1748933340
2025-06-03 12:20:00,PE,ATM-3,26.235959,1425450,24450.0,24597.9,126.45,128.8,124.45,125.6,62775,1748933400
2025-06-03 12:21:00,PE,ATM-3,26.681549,1443075,24450.0,24592.45,125.35,130.75,125.35,130.75,57000,1748933460
2025-06-03 12:22:00,PE,ATM-3,26.330417,1443075,24450.0,24594.0,130.05,130.95,125.8,127.65,59025,1748933520
2025-06-03 12:23:00,PE,ATM-3,26.44436,1443075,24450.0,24587.65,127.0,132.15,127.0,130.8,100950,1748933580
2025-06-03 12:24:00,PE,ATM-3,26.771156,1428675,24450.0,24588.05,131.0,132.95,127.2,132.95,77100,1748933640
2025-06-03 12:25:00,PE,ATM-3,26.558949,1428675,24450.0,24594.5,132.9,134.0,127.8,129.0,73875,1748933700
2025-06-03 12:26:00,PE,ATM-3,26.550938,1428675,24450.0,24598.6,128.25,129.25,124.8,127.4,98850,1748933760
2025-06-03 12:27:00,PE,ATM-3,26.077845,1415850,24450.0,24603.9,126.65,128.8,120.75,122.1,81375,1748933820
2025-06-03 12:28:00,PE,ATM-3,25.83743,1415850,24450.0,24607.05,122.65,123.05,118.25,119.25,60975,1748933880
2025-06-03 12:29:00,PE,ATM-3,25.864703,1415850,24450.0,24606.25,119.4,120.5,116.7,119.7,43650,1748933940
2025-06-03 12:30:00,PE,ATM-3,25.421663,1416675,24450.0,24612.8,119.25,119.25,113.4,114.25,85875,1748934000
2025-06-03 12:31:00,PE,ATM-3,25.410286,1416675,24450.0,24623.15,114.25,114.25,110.55,110.55,113175,1748934060
2025-06-03 12:32:00,PE,ATM-3,25.554655,7876275,24500.0,24627.35,129.6,131.4,127.75,128.45,204300,1748934120
2025-06-03 12:33:00,PE,ATM-3,26.135474,1459275,24450.0,24624.2,112.05,115.15,112.05,115.15,72300,1748934180
2025-06-03 12:34:00,PE,ATM-3,25.828884,1459275,24450.0,24624.2,115.0,115.0,112.0,113.0,50175,1748934240
2025-06-03 12:35:00,PE,ATM-3,25.964807,1459275,24450.0,24620.2,113.75,116.8,112.85,115.3,63825,1748934300
2025-06-03 12:36:00,PE,ATM-3,25.922912,7894800,24500.0,24628.85,134.05,136.25,130.4,130.4,198300,1748934360
2025-06-03 12:37:00,PE,ATM-3,25.821229,7894800,24500.0,24648.45,130.3,130.65,122.35,122.35,532650,1748934420
2025-06-03 12:38:00,PE,ATM-3,25.904401,7894800,24500.0,24636.3,124.75,129.3,124.75,127.4,268800,1748934480
2025-06-03 12:39:00,PE,ATM-3,25.963316,7918725,24500.0,24632.95,127.3,130.6,126.0,129.05,143550,1748934540
2025-06-03 12:40:00,PE,ATM-3,26.134601,7918725,24500.0,24637.45,128.8,130.25,127.0,128.55,130575,1748934600
2025-06-03 12:41:00,PE,ATM-3,26.177985,7918725,24500.0,24635.0,128.35,131.0,128.35,129.75,101400,1748934660
2025-06-03 12:42:00,PE,ATM-3,26.241655,7943250,24500.0,24631.1,129.65,132.9,129.05,131.65,154275,1748934720
2025-06-03 12:43:00,PE,ATM-3,26.232888,1474050,24450.0,24623.75,113.7,115.7,113.7,115.7,60150,1748934780
2025-06-03 12:44:00,PE,ATM-3,26.057584,7943250,24500.0,24628.15,134.05,135.3,129.6,131.4,175200,1748934840
2025-06-03 12:45:00,PE,ATM-3,25.744011,1474050,24450.0,24623.65,112.25,113.05,110.05,112.3,86025,1748934900
2025-06-03 12:46:00,PE,ATM-3,25.833258,1495650,24450.0,24620.15,112.85,114.75,112.85,114.1,64650,1748934960
2025-06-03 12:47:00,PE,ATM-3,25.661448,1495650,24450.0,24598.55,114.4,120.85,113.2,120.55,149850,1748935020
2025-06-03 12:48:00,PE,ATM-3,25.843595,1495650,24450.0,24596.5,120.7,125.8,120.0,122.55,152775,1748935080
2025-06-03 12:49:00,PE,ATM-3,25.975841,1473825,24450.0,24593.65,122.2,124.55,121.0,124.5,89625,1748935140
2025-06-03 12:50:00,PE,ATM-3,26.338022,1473825,24450.0,24591.3,123.9,127.9,123.45,127.9,122025,1748935200
2025-06-03 12:51:00,PE,ATM-3,26.96526,4549725,24400.0,24527.3,107.2,140.85,107.2,137.25,1281000,1748935260
2025-06-03 12:52:00,PE,ATM-3,26.761449,1312575,24350.0,24519.1,121.2,129.9,118.3,120.0,541875,1748935320
2025-06-03 12:53:00,PE,ATM-3,27.293791,4316775,24400.0,24540.1,141.15,142.45,131.65,134.65,439875,1748935380
2025-06-03 12:54:00,PE,ATM-3,27.362857,4316775,24400.0,24526.9,135.3,142.6,135.0,140.15,333225,1748935440
2025-06-03 12:55:00,PE,ATM-3,27.483512,1264800,24350.0,24515.65,121.6,126.3,119.35,126.15,251775,1748935500
2025-06-03 12:56:00,PE,ATM-3,27.446608,4153575,24400.0,24536.25,145.2,145.7,135.5,137.1,367350,1748935560
2025-06-03 12:57:00,PE,ATM-3,27.326535,4153575,24400.0,24533.8,136.25,137.15,131.75,137.15,264675,1748935620
2025-06-03 12:58:00,PE,ATM-3,27.239248,4198125,24400.0,24530.4,137.3,140.55,134.9,137.8,246000,1748935680
2025-06-03 12:59:00,PE,ATM-3,27.248879,4198125,24400.0,24530.5,136.5,140.15,136.05,137.8,187800,1748935740
2025-06-03 13:00:00,PE,ATM-3,27.09726,4198125,24400.0,24539.7,137.1,140.85,132.45,133.2,182025,1748935800
2025-06-03 13:01:00,PE,ATM-3,26.963034,4170075,24400.0,24533.8,132.65,136.3,130.2,134.45,209550,1748935860
2025-06-03 13:02:00,PE,ATM-3,26.775691,4170075,24400.0,24543.5,134.95,134.95,127.1,129.45,177375,1748935920
2025-06-03 13:03:00,PE,ATM-3,26.70963,4170075,24400.0,24536.3,129.3,132.7,128.55,131.65,149625,1748935980
2025-06-03 13:04:00,PE,ATM-3,26.754883,4189275,24400.0,24539.2,131.05,131.85,128.05,130.85,97575,1748936040
2025-06-03 13:05:00,PE,ATM-3,26.953938,1286775,24350.0,24521.1,111.7,123.6,111.7,120.25,201000,1748936100
2025-06-03 13:06:00,PE,ATM-3,26.780973,1286775,24350.0,24522.75,119.35,120.5,117.0,118.45,66150,1748936160
2025-06-03 13:07:00,PE,ATM-3,27.083414,1297050,24350.0,24512.2,118.8,127.65,118.2,124.25,159150,1748936220
2025-06-03 13:08:00,PE,ATM-3,26.867655,4231575,24400.0,24525.35,143.0,143.0,135.15,136.8,241050,1748936280
2025-06-03 13:09:00,PE,ATM-3,26.840757,1297050,24350.0,24522.25,117.45,120.1,116.65,118.95,69675,1748936340
2025-06-03 13:10:00,PE,ATM-3,26.743413,1335150,24350.0,24516.85,118.05,122.6,117.55,120.15,62175,1748936400
2025-06-03 13:11:00,PE,ATM-3,26.803337,1335150,24350.0,24523.35,120.45,120.45,117.9,118.25,40425,1748936460
2025-06-03 13:12:00,PE,ATM-3,26.711259,4244175,24400.0,24525.4,137.25,139.05,133.3,135.55,217050,1748936520
2025-06-03 13:13:00,PE,ATM-3,26.426332,4253775,24400.0,24536.85,136.15,136.15,127.8,129.15,195750,1748936580
2025-06-03 13:14:00,PE,ATM-3,26.06288,4253775,24400.0,24541.45,129.45,130.7,124.85,124.85,256725,1748936640
2025-06-03 13:15:00,PE,ATM-3,26.074062,4253775,24400.0,24532.35,124.4,132.35,123.05,128.3,220425,1748936700
2025-06-03 13:16:00,PE,ATM-3,25.560498,1313925,24350.0,24521.15,109.9,112.05,106.4,110.35,90975,1748936760
2025-06-03 13:17:00,PE,ATM-3,24.829439,1313925,24350.0,24519.5,110.65,111.55,105.55,105.9,101925,1748936820
2025-06-03 13:18:00,PE,ATM-3,24.217734,4320975,24400.0,24536.75,123.6,123.6,112.4,113.55,412275,1748936880
2025-06-03 13:19:00,PE,ATM-3,24.059161,4314375,24400.0,24535.7,113.8,115.4,111.45,112.8,294600,1748936940
2025-06-03 13:20:00,PE,ATM-3,23.946461,4314375,24400.0,24545.8,113.95,115.4,108.35,108.35,239700,1748937000
2025-06-03 13:21:00,PE,ATM-3,23.132377,4314375,24400.0,24554.15,108.0,108.0,99.25,99.8,477375,1748937060
2025-06-03 13:22:00,PE,ATM-3,23.285088,4335000,24400.0,24553.05,101.4,101.4,98.25,101.2,229875,1748937120
2025-06-03 13:23:00,PE,ATM-3,22.86394,4335000,24400.0,24530.25,102.2,106.75,101.55,106.35,401100,1748937180
2025-06-03 13:24:00,PE,ATM-3,22.514099,4335000,24400.0,24535.8,105.2,106.15,101.25,101.9,354900,1748937240
2025-06-03 13:25:00,PE,ATM-3,22.360346,4379100,24400.0,24528.45,102.05,105.4,101.9,103.45,301275,1748937300
2025-06-03 13:26:00,PE,ATM-3,21.856249,4379100,24400.0,24536.4,103.85,104.75,97.1,97.1,316200,1748937360
2025-06-03 13:27:00,PE,ATM-3,21.423358,4379100,24400.0,24544.95,95.65,96.7,91.15,91.15,375900,1748937420
2025-06-03 13:28:00,PE,ATM-3,21.376044,4286325,24400.0,24539.0,92.0,96.85,91.0,92.85,282750,1748937480
2025-06-03 13:29:00,PE,ATM-3,21.611008,4286325,24400.0,24540.4,92.3,95.2,91.4,93.95,436725,1748937540
2025-06-03 13:30:00,PE,ATM-3,21.58078,4286325,24400.0,24551.0,94.9,95.5,88.0,90.1,495300,1748937600
2025-06-03 13:31:00,PE,ATM-3,20.90302,4098900,24400.0,24555.25,89.45,90.45,84.1,84.1,307050,1748937660
2025-06-03 13:32:00,PE,ATM-3,20.329255,4098900,24400.0,24557.25,84.15,85.25,79.6,79.6,307650,1748937720
2025-06-03 13:33:00,PE,ATM-3,20.333004,4098900,24400.0,24560.7,79.65,79.65,76.8,78.5,462825,1748937780
2025-06-03 13:34:00,PE,ATM-3,19.93419,4095375,24400.0,24561.8,78.1,78.7,75.1,75.5,354975,1748937840
2025-06-03 13:35:00,PE,ATM-3,19.62052,4095375,24400.0,24570.0,74.65,77.55,69.65,70.9,530325,1748937900
2025-06-03 13:36:00,PE,ATM-3,19.510551,4095375,24400.0,24565.3,70.55,72.1,69.65,71.6,307275,1748937960
2025-06-03 13:37:00,PE,ATM-3,19.537844,4326825,24400.0,24560.8,71.0,75.65,71.0,73.15,294450,1748938020
2025-06-03 13:38:00,PE,ATM-3,19.739593,4326825,24400.0,24561.45,72.35,74.65,71.5,74.25,153525,1748938080
2025-06-03 13:39:00,PE,ATM-3,19.826919,4326825,24400.0,24561.3,74.9,74.9,73.5,74.85,120825,1748938140
2025-06-03 13:40:00,PE,ATM-3,19.477288,4383600,24400.0,24563.85,75.05,76.65,71.6,71.75,260175,1748938200
2025-06-03 13:41:00,PE,ATM-3,19.51855,4383600,24400.0,24555.05,71.9,74.75,68.55,74.75,276825,1748938260
2025-06-03 13:42:00,PE,ATM-3,19.455107,4383600,24400.0,24543.75,75.0,77.95,73.95,77.95,394275,1748938320
2025-06-03 13:43:00,PE,ATM-3,19.3762,4393800,24400.0,24547.45,76.6,79.85,75.8,76.2,443100,1748938380
2025-06-03 13:44:00,PE,ATM-3,19.204717,4393800,24400.0,24539.9,76.1,79.65,75.7,77.5,228750,1748938440
2025-06-03 13:45:00,PE,ATM-3,18.985425,4393800,24400.0,24544.4,77.55,78.6,74.4,74.55,203550,1748938500
2025-06-03 13:46:00,PE,ATM-3,18.960857,4480875,24400.0,24542.6,74.5,77.95,74.45,74.95,191250,1748938560
2025-06-03 13:47:00,PE,ATM-3,18.641684,4480875,24400.0,24546.7,75.05,75.05,70.0,71.5,371775,1748938620
2025-06-03 13:48:00,PE,ATM-3,18.444048,4480875,24400.0,24537.9,70.95,73.35,70.1,73.0,277500,1748938680
2025-06-03 13:49:00,PE,ATM-3,18.23141,4435350,24400.0,24533.35,72.3,74.4,72.3,73.05,205275,1748938740
2025-06-03 13:50:00,PE,ATM-3,17.919529,4435350,24400.0,24542.25,72.4,72.4,68.1,68.1,354675,1748938800
2025-06-03 13:51:00,PE,ATM-3,17.480528,4435350,24400.0,24544.2,67.5,67.5,64.35,64.6,456300,1748938860
2025-06-03 13:52:00,PE,ATM-3,17.356905,4412925,24400.0,24542.35,64.55,66.0,61.1,64.35,329625,1748938920
2025-06-03 13:53:00,PE,ATM-3,17.276619,4412925,24400.0,24546.45,64.0,64.45,61.95,62.55,201675,1748938980
2025-06-03 13:54:00,PE,ATM-3,17.432809,4412925,24400.0,24552.2,63.5,63.5,60.35,61.8,228525,1748939040
2025-06-03 13:55:00,PE,ATM-3,17.47864,4435725,24400.0,24560.05,62.8,62.8,59.75,59.75,216525,1748939100
2025-06-03 13:56:00,PE,ATM-3,17.376157,4435725,24400.0,24567.3,59.8,59.85,56.45,57.0,342975,1748939160
2025-06-03 13:57:00,PE,ATM-3,17.442214,4435725,24400.0,24558.8,56.9,59.85,56.9,59.85,281400,1748939220
2025-06-03 13:58:00,PE,ATM-3,17.377968,4426350,24400.0,24567.75,59.75,59.75,55.6,56.85,180450,1748939280
2025-06-03 13:59:00,PE,ATM-3,17.239459,4426350,24400.0,24568.35,57.3,57.5,55.35,55.8,213675,1748939340
2025-06-03 14:00:00,PE,ATM-3,17.086286,4426350,24400.0,24569.9,56.8,56.8,53.05,54.4,293475,1748939400
2025-06-03 14:01:00,PE,ATM-3,17.274151,4496025,24400.0,24569.0,54.35,57.85,53.9,55.8,262575,1748939460
2025-06-03 14:02:00,PE,ATM-3,17.266115,4496025,24400.0,24568.05,55.7,57.05,54.7,56.0,203475,1748939520
2025-06-03 14:03:00,PE,ATM-3,17.306671,4496025,24400.0,24565.0,55.95,57.1,53.8,57.1,198300,1748939580
2025-06-03 14:04:00,PE,ATM-3,17.094657,4471950,24400.0,24564.85,56.95,57.15,55.6,55.8,144075,1748939640
2025-06-03 14:05:00,PE,ATM-3,17.051975,1347000,24450.0,24575.95,72.4,72.55,67.1,67.55,138675,1748939700
2025-06-03 14:06:00,PE,ATM-3,16.841774,1347000,24450.0,24575.6,68.15,68.25,65.4,66.25,129000,1748939760
2025-06-03 14:07:00,PE,ATM-3,16.67936,4481475,24400.0,24571.3,51.7,52.4,51.0,51.4,189525,1748939820
2025-06-03 14:08:00,PE,ATM-3,16.513302,4481475,24400.0,24574.75,51.35,52.45,49.45,49.45,284475,1748939880
2025-06-03 14:09:00,PE,ATM-3,16.640304,4481475,24400.0,24569.2,49.65,52.5,48.65,51.7,362475,1748939940
2025-06-03 14:10:00,PE,ATM-3,16.706977,4487775,24400.0,24573.6,52.25,52.25,49.5,50.9,152550,1748940000
2025-06-03 14:11:00,PE,ATM-3,17.266106,4487775,24400.0,24572.35,50.9,55.2,50.9,54.65,329700,1748940060
2025-06-03 14:12:00,PE,ATM-3,17.223991,4487775,24400.0,24570.45,54.05,56.45,54.05,54.9,181350,1748940120
2025-06-03 14:13:00,PE,ATM-3,17.263071,4480950,24400.0,24563.1,56.4,59.0,56.4,57.2,238950,1748940180
2025-06-03 14:14:00,PE,ATM-3,17.420622,1367775,24450.0,24577.15,71.9,71.9,68.45,69.45,135675,1748940240
2025-06-03 14:15:00,PE,ATM-3,17.678616,1367775,24450.0,24576.85,69.55,71.35,67.5,71.25,79050,1748940300
2025-06-03 14:16:00,PE,ATM-3,17.960107,1354350,24450.0,24578.85,71.35,73.85,71.0,72.45,95625,1748940360
2025-06-03 14:17:00,PE,ATM-3,18.116996,1354350,24450.0,24580.45,73.15,73.35,70.45,72.95,49050,1748940420
2025-06-03 14:18:00,PE,ATM-3,18.147941,1354350,24450.0,24578.3,72.95,75.45,72.95,73.85,79800,1748940480
2025-06-03 14:19:00,PE,ATM-3,17.892158,4458675,24400.0,24571.45,59.05,61.15,58.6,58.65,215400,1748940540
2025-06-03 14:20:00,PE,ATM-3,17.920231,4458675,24400.0,24566.25,58.5,60.65,58.35,60.3,195000,1748940600
2025-06-03 14:21:00,PE,ATM-3,17.632827,4458675,24400.0,24563.05,60.15,61.5,58.8,59.4,246000,1748940660
2025-06-03 14:22:00,PE,ATM-3,17.45649,4498125,24400.0,24566.1,58.85,59.65,57.4,57.4,384150,1748940720
2025-06-03 14:23:00,PE,ATM-3,17.207392,4498125,24400.0,24570.5,57.1,57.75,54.6,54.6,200025,1748940780
2025-06-03 14:24:00,PE,ATM-3,17.037378,1344075,24450.0,24575.7,70.1,70.7,66.8,67.2,112125,1748940840
2025-06-03 14:25:00,PE,ATM-3,17.21124,4423200,24400.0,24573.0,52.5,54.4,51.9,53.9,248400,1748940900
2025-06-03 14:26:00,PE,ATM-3,16.831088,1363800,24450.0,24575.7,68.3,68.4,65.3,65.8,114450,1748940960
2025-06-03 14:27:00,PE,ATM-3,16.976202,4423200,24400.0,24568.55,51.65,54.3,51.5,53.65,132225,1748941020
2025-06-03 14:28:00,PE,ATM-3,16.774031,4434375,24400.0,24569.8,53.5,54.1,51.95,52.05,150150,1748941080
2025-06-03 14:29:00,PE,ATM-3,16.790439,4434375,24400.0,24562.35,52.05,54.4,51.65,54.2,150750,1748941140
2025-06-03 14:30:00,PE,ATM-3,16.632997,4434375,24400.0,24570.75,53.55,53.65,50.9,50.9,194400,1748941200
2025-06-03 14:31:00,PE,ATM-3,16.308359,4480575,24400.0,24573.65,50.35,50.65,48.15,48.15,302550,1748941260
2025-06-03 14:32:00,PE,ATM-3,16.231117,1406325,24450.0,24580.15,62.1,63.65,60.35,60.35,109050,1748941320
2025-06-03 14:33:00,PE,ATM-3,16.355673,1406325,24450.0,24581.25,59.25,60.8,58.55,60.8,157350,1748941380
2025-06-03 14:34:00,PE,ATM-3,16.325564,1380000,24450.0,24583.95,60.8,61.65,59.35,59.75,68625,1748941440
2025-06-03 14:35:00,PE,ATM-3,16.549167,1380000,24450.0,24582.45,60.45,61.65,60.2,61.65,47325,1748941500
2025-06-03 14:36:00,PE,ATM-3,16.545902,1380000,24450.0,24588.8,61.6,62.3,59.35,59.65,50325,1748941560
2025-06-03 14:37:00,PE,ATM-3,16.550721,1388250,24450.0,24591.15,59.85,60.75,58.95,58.95,61275,1748941620
2025-06-03 14:38:00,PE,ATM-3,16.673259,1388250,24450.0,24592.7,57.85,60.45,57.4,59.25,121800,1748941680
2025-06-03 14:39:00,PE,ATM-3,16.481511,1388250,24450.0,24590.4,59.3,59.9,58.7,58.7,43950,1748941740
2025-06-03 14:40:00,PE,ATM-3,16.206113,1367700,24450.0,24582.1,58.8,60.7,58.15,59.45,66450,1748941800
2025-06-03 14:41:00,PE,ATM-3,16.331103,1367700,24450.0,24592.75,59.65,60.05,56.5,57.0,96675,1748941860
2025-06-03 14:42:00,PE,ATM-3,15.971201,1367700,24450.0,24590.55,56.95,57.9,55.35,55.35,83700,1748941920
2025-06-03 14:43:00,PE,ATM-3,15.90455,1372275,24450.0,24590.25,55.7,56.5,54.3,55.0,89325,1748941980
2025-06-03 14:44:00,PE,ATM-3,16.031243,1372275,24450.0,24586.05,55.8,58.15,55.0,57.05,71700,1748942040
2025-06-03 14:45:00,PE,ATM-3,15.865911,1372275,24450.0,24579.9,57.05,59.4,56.3,57.85,73275,1748942100
2025-06-03 14:46:00,PE,ATM-3,16.068225,1373775,24450.0,24582.95,58.25,58.75,57.25,58.2,55050,1748942160
2025-06-03 14:47:00,PE,ATM-3,16.074168,1373775,24450.0,24579.3,58.2,59.5,57.45,59.35,55875,1748942220
2025-06-03 14:48:00,PE,ATM-3,16.269715,1373775,24450.0,24578.35,59.15,60.9,58.5,60.9,52800,1748942280
2025-06-03 14:49:00,PE,ATM-3,16.83174,4504575,24400.0,24572.05,47.55,51.45,47.55,51.45,310875,1748942340
2025-06-03 14:50:00,PE,ATM-3,16.598056,4504575,24400.0,24574.0,52.2,52.2,49.15,49.5,295275,1748942400
2025-06-03 14:51:00,PE,ATM-3,17.085387,4504575,24400.0,24562.4,49.35,55.65,49.35,55.65,362850,1748942460
2025-06-03 14:52:00,PE,ATM-3,16.726041,4375500,24400.0,24562.8,55.6,55.65,53.3,53.3,219450,1748942520
2025-06-03 14:53:00,PE,ATM-3,16.891862,4375500,24400.0,24569.3,52.55,52.55,51.45,52.5,347100,1748942580
2025-06-03 14:54:00,PE,ATM-3,16.875537,4375500,24400.0,24568.15,52.6,53.8,51.95,52.7,366825,1748942640
2025-06-03 14:55:00,PE,ATM-3,16.970142,4272300,24400.0,24564.6,52.15,54.25,51.8,54.25,165900,1748942700
2025-06-03 14:56:00,PE,ATM-3,17.004572,4272300,24400.0,24564.05,54.65,55.45,53.7,54.6,233175,1748942760
2025-06-03 14:57:00,PE,ATM-3,17.197692,4272300,24400.0,24558.9,54.65,57.9,54.1,57.25,182625,1748942820
2025-06-03 14:58:00,PE,ATM-3,16.995709,4178025,24400.0,24562.85,57.05,57.1,54.85,54.85,108675,1748942880
2025-06-03 14:59:00,PE,ATM-3,17.216226,4178025,24400.0,24567.45,55.0,55.9,53.5,54.9,121575,1748942940
2025-06-03 15:00:00,PE,ATM-3,17.151217,4178025,24400.0,24565.25,54.65,56.3,53.2,55.1,190875,1748943000
2025-06-03 15:01:00,PE,ATM-3,17.272678,4069725,24400.0,24558.9,54.95,57.65,53.45,57.65,156975,1748943060
2025-06-03 15:02:00,PE,ATM-3,17.346834,4069725,24400.0,24545.45,57.1,62.1,57.1,62.1,494775,1748943120
2025-06-03 15:03:00,PE,ATM-3,17.889812,4069725,24400.0,24543.9,61.85,66.15,61.55,66.05,449175,1748943180
2025-06-03 15:04:00,PE,ATM-3,17.75822,4070775,24400.0,24544.65,66.0,66.0,63.3,64.95,327525,1748943240
2025-06-03 15:05:00,PE,ATM-3,17.610359,4070775,24400.0,24545.4,64.25,64.25,62.75,63.75,232950,1748943300
2025-06-03 15:06:00,PE,ATM-3,17.388153,4070775,24400.0,24541.85,63.6,65.55,62.65,63.4,275325,1748943360
2025-06-03 15:07:00,PE,ATM-3,17.277891,4066800,24400.0,24544.7,63.15,63.25,60.4,61.8,266025,1748943420
2025-06-03 15:08:00,PE,ATM-3,17.341356,4066800,24400.0,24535.65,61.7,66.35,61.4,65.0,397050,1748943480
2025-06-03 15:09:00,PE,ATM-3,17.565959,4066800,24400.0,24539.1,64.6,66.3,63.9,65.35,229125,1748943540
2025-06-03 15:10:00,PE,ATM-3,17.419632,4094925,24400.0,24540.5,65.1,65.2,63.95,63.95,220575,1748943600
2025-06-03 15:11:00,PE,ATM-3,17.551059,4094925,24400.0,24537.25,63.9,66.65,63.5,65.8,392550,1748943660
2025-06-03 15:12:00,PE,ATM-3,17.590449,4094925,24400.0,24539.75,65.5,66.45,63.35,65.25,171075,1748943720
2025-06-03 15:13:00,PE,ATM-3,17.748772,4073625,24400.0,24538.5,64.75,66.8,64.15,66.65,166800,1748943780
2025-06-03 15:14:00,PE,ATM-3,17.950993,4073625,24400.0,24535.2,66.7,69.0,66.55,69.0,267225,1748943840
2025-06-03 15:15:00,PE,ATM-3,17.396749,4073625,24400.0,24539.9,69.3,69.3,63.9,63.9,386775,1748943900
2025-06-03 15:16:00,PE,ATM-3,17.178289,3924750,24400.0,24538.7,63.7,64.35,62.3,62.85,227550,1748943960
2025-06-03 15:17:00,PE,ATM-3,17.136655,3924750,24400.0,24546.6,62.55,62.55,58.95,60.15,312600,1748944020
2025-06-03 15:18:00,PE,ATM-3,17.077786,3924750,24400.0,24541.85,59.8,61.2,59.3,61.2,185250,1748944080
2025-06-03 15:19:00,PE,ATM-3,16.985768,3968700,24400.0,24543.15,61.2,61.2,59.7,60.2,201525,1748944140
2025-06-03 15:20:00,PE,ATM-3,17.034275,3968700,24400.0,24545.6,60.1,60.15,57.3,59.75,314925,1748944200
2025-06-03 15:21:00,PE,ATM-3,17.708987,3968700,24400.0,24541.35,59.8,65.7,59.8,65.35,270300,1748944260
2025-06-03 15:22:00,PE,ATM-3,17.719481,3949275,24400.0,24529.6,65.6,70.0,65.55,69.15,433950,1748944320
2025-06-03 15:23:00,PE,ATM-3,17.854252,3949275,24400.0,24526.45,69.55,72.05,69.5,71.05,368550,1748944380
2025-06-03 15:24:00,PE,ATM-3,18.04425,3949275,24400.0,24533.1,70.3,70.3,67.2,70.1,346050,1748944440
2025-06-03 15:25:00,PE,ATM-3,18.282356,4004325,24400.0,24534.45,70.4,71.2,68.15,71.2,292725,1748944500
2025-06-03 15:26:00,PE,ATM-3,18.162521,4004325,24400.0,24534.75,70.9,71.0,68.75,70.3,217125,1748944560
2025-06-03 15:27:00,PE,ATM-3,18.071819,4004325,24400.0,24532.25,70.6,70.9,69.3,70.5,248475,1748944620
2025-06-03 15:28:00,PE,ATM-3,18.109177,3985950,24400.0,24533.25,70.85,70.85,69.85,70.4,326175,1748944680
2025-06-03 15:29:00,PE,ATM-3,18.719876,3985950,24400.0,24538.4,70.5,72.7,70.05,72.7,480225,1748944740
2025-06-04 09:15:00,PE,ATM-3,23.144973,1155450,24450.0,24591.75,90.3,90.3,62.15,71.2,772500,1749008700
2025-06-04 09:16:00,PE,ATM-3,21.595689,1155450,24450.0,24600.15,70.65,73.0,60.6,60.6,931050,1749008760
2025-06-04 09:17:00,PE,ATM-3,20.789842,1155450,24450.0,24591.6,61.15,65.5,59.1,59.1,654375,1749008820
2025-06-04 09:18:00,PE,ATM-3,20.495879,1723275,24450.0,24597.05,59.2,59.2,54.35,55.95,815475,1749008880
2025-06-04 09:19:00,PE,ATM-3,20.325738,4500900,24400.0,24572.45,43.75,49.45,43.75,47.75,1357950,1749008940
2025-06-04 09:20:00,PE,ATM-3,19.421737,1723275,24450.0,24582.1,62.6,64.5,54.0,55.0,845325,1749009000
2025-06-04 09:21:00,PE,ATM-3,19.160465,2000250,24450.0,24591.2,54.85,54.85,50.0,50.95,670425,1749009060
2025-06-04 09:22:00,PE,ATM-3,19.442786,2000250,24450.0,24593.85,51.8,55.9,51.15,51.55,447075,1749009120
2025-06-04 09:23:00,PE,ATM-3,19.254508,2000250,24450.0,24586.85,52.7,57.65,52.3,52.65,401100,1749009180
2025-06-04 09:24:00,PE,ATM-3,19.038331,2130375,24450.0,24584.15,52.7,55.6,51.5,52.35,348075,1749009240
2025-06-04 09:25:00,PE,ATM-3,18.856458,2130375,24450.0,24591.55,54.1,54.1,47.65,49.25,709725,1749009300
2025-06-04 09:26:00,PE,ATM-3,18.578327,2130375,24450.0,24604.4,49.25,49.25,43.85,44.3,639600,1749009360
2025-06-04 09:27:00,PE,ATM-3,18.55033,2327025,24450.0,24607.75,44.45,46.1,42.7,43.25,483450,1749009420
2025-06-04 09:28:00,PE,ATM-3,17.635255,2327025,24450.0,24590.25,43.15,45.7,41.45,43.6,515700,1749009480
2025-06-04 09:29:00,PE,ATM-3,17.824657,5464650,24400.0,24573.15,32.35,36.15,32.35,35.85,971175,1749009540
2025-06-04 09:30:00,PE,ATM-3,17.98795,5729550,24400.0,24571.3,36.4,41.5,35.9,37.0,1771050,1749009600
2025-06-04 09:31:00,PE,ATM-3,18.735312,5729550,24400.0,24569.15,36.15,40.9,34.8,40.9,974325,1749009660
2025-06-04 09:32:00,PE,ATM-3,18.359617,5729550,24400.0,24572.65,40.7,40.7,38.3,38.3,697200,1749009720
2025-06-04 09:33:00,PE,ATM-3,18.19343,5756850,24400.0,24562.1,37.75,40.2,36.75,40.15,638400,1749009780
2025-06-04 09:34:00,PE,ATM-3,17.791739,5756850,24400.0,24560.65,39.9,40.1,37.0,38.65,882600,1749009840
2025-06-04 09:35:00,PE,ATM-3,17.58885,5756850,24400.0,24550.3,38.55,42.15,38.55,40.35,1180425,1749009900
2025-06-04 09:36:00,PE,ATM-3,17.288066,6037575,24400.0,24563.8,40.25,41.0,35.55,35.55,1123725,1749009960
2025-06-04 09:37:00,PE,ATM-3,17.726189,6037575,24400.0,24563.0,35.3,37.7,34.2,37.7,1062375,1749010020
2025-06-04 09:38:00,PE,ATM-3,17.534377,6037575,24400.0,24550.8,38.4,40.35,38.2,39.9,1071750,1749010080
2025-06-04 09:39:00,PE,ATM-3,17.556905,6036075,24400.0,24554.6,39.6,45.8,39.0,39.0,1904475,1749010140
2025-06-04 09:40:00,PE,ATM-3,17.310701,6036075,24400.0,24560.8,38.8,39.45,36.3,36.3,827775,1749010200
2025-06-04 09:41:00,PE,ATM-3,17.682131,6036075,24400.0,24554.35,36.95,39.6,35.6,39.6,653775,1749010260
2025-06-04 09:42:00,PE,ATM-3,17.741172,6260325,24400.0,24553.2,39.0,40.95,37.65,40.15,689325,1749010320
2025-06-04 09:43:00,PE,ATM-3,17.497601,6260325,24400.0,24549.35,39.8,41.55,38.95,40.0,675525,1749010380
2025-06-04 09:44:00,PE,ATM-3,17.190115,6260325,24400.0,24553.85,40.15,40.55,36.45,37.4,602625,1749010440
2025-06-04 09:45:00,PE,ATM-3,17.321661,6414750,24400.0,24550.85,38.2,39.55,36.2,38.75,674250,1749010500
2025-06-04 09:46:00,PE,ATM-3,17.031899,6414750,24400.0,24558.85,39.25,39.25,35.15,35.4,642525,1749010560
2025-06-04 09:47:00,PE,ATM-3,17.335889,6414750,24400.0,24555.25,35.3,37.75,34.55,37.65,675225,1749010620
2025-06-04 09:48:00,PE,ATM-3,16.932744,6552000,24400.0,24546.55,37.2,38.8,36.85,38.0,477900,1749010680
2025-06-04 09:49:00,PE,ATM-3,16.825585,6552000,24400.0,24543.6,38.15,40.8,37.45,38.25,849375,1749010740
2025-06-04 09:50:00,PE,ATM-3,17.164238,6552000,24400.0,24544.2,38.4,40.0,37.85,39.65,561000,1749010800
2025-06-04 09:51:00,PE,ATM-3,16.374571,6676650,24400.0,24531.95,39.35,41.3,38.65,39.2,755700,1749010860
2025-06-04 09:52:00,PE,ATM-3,16.311716,6676650,24400.0,24544.65,39.2,39.2,35.25,35.55,921225,1749010920
2025-06-04 09:53:00,PE,ATM-3,16.234184,6676650,24400.0,24545.35,34.95,35.95,33.5,35.0,888975,1749010980
2025-06-04 09:54:00,PE,ATM-3,16.389495,6795150,24400.0,24554.4,35.0,35.4,33.3,33.45,646575,1749011040
2025-06-04 09:55:00,PE,ATM-3,16.486307,6795150,24400.0,24564.85,33.25,33.3,29.7,31.4,1351500,1749011100
2025-06-04 09:56:00,PE,ATM-3,16.540982,6795150,24400.0,24565.8,31.1,32.35,30.65,31.4,553500,1749011160
2025-06-04 09:57:00,PE,ATM-3,16.454112,6771975,24400.0,24557.65,31.75,33.2,31.45,32.9,437175,1749011220
2025-06-04 09:58:00,PE,ATM-3,16.567082,6771975,24400.0,24574.2,32.9,33.5,29.15,29.6,875175,1749011280
2025-06-04 09:59:00,PE,ATM-3,16.387721,3348000,24450.0,24575.1,41.25,42.2,39.6,41.15,494025,1749011340
2025-06-04 10:00:00,PE,ATM-3,16.424229,6886875,24400.0,24574.5,30.2,30.25,28.35,28.9,611025,1749011400
2025-06-04 10:01:00,PE,ATM-3,15.987467,3389550,24450.0,24577.6,40.75,40.75,37.25,38.5,502125,1749011460
2025-06-04 10:02:00,PE,ATM-3,16.104048,3389550,24450.0,24583.45,39.0,39.0,37.0,37.45,263475,1749011520
2025-06-04 10:03:00,PE,ATM-3,16.114482,3498825,24450.0,24587.35,37.9,38.2,36.0,36.45,428925,1749011580
2025-06-04 10:04:00,PE,ATM-3,16.073142,3498825,24450.0,24579.6,36.85,38.65,36.85,38.3,322875,1749011640
2025-06-04 10:05:00,PE,ATM-3,16.373943,3498825,24450.0,24577.45,37.95,40.3,37.65,40.3,298575,1749011700
2025-06-04 10:06:00,PE,ATM-3,16.168998,3501600,24450.0,24580.75,40.05,40.4,37.7,38.4,253050,1749011760
2025-06-04 10:07:00,PE,ATM-3,16.180049,3501600,24450.0,24588.4,38.65,39.7,35.1,36.4,358200,1749011820
2025-06-04 10:08:00,PE,ATM-3,16.37243,3501600,24450.0,24587.15,36.5,37.75,36.0,37.6,346200,1749011880
2025-06-04 10:09:00,PE,ATM-3,16.256728,3533100,24450.0,24575.5,37.9,40.2,37.1,40.2,252150,1749011940
2025-06-04 10:10:00,PE,ATM-3,16.264292,3533100,24450.0,24579.35,39.85,40.6,38.85,39.15,312450,1749012000
2025-06-04 10:11:00,PE,ATM-3,16.178878,3533100,24450.0,24577.8,39.6,40.7,38.65,39.15,264150,1749012060
2025-06-04 10:12:00,PE,ATM-3,16.190647,3574350,24450.0,24581.6,39.65,40.45,38.0,38.15,183750,1749012120
2025-06-04 10:13:00,PE,ATM-3,16.337037,7128075,24400.0,24573.8,27.15,29.15,26.75,28.45,474450,1749012180
2025-06-04 10:14:00,PE,ATM-3,16.130666,3574350,24450.0,24578.75,39.75,39.75,36.6,38.6,386775,1749012240
2025-06-04 10:15:00,PE,ATM-3,16.021459,3598650,24450.0,24582.9,38.4,38.4,36.3,36.95,214200,1749012300
2025-06-04 10:16:00,PE,ATM-3,15.974152,3598650,24450.0,24579.2,37.2,37.95,36.55,37.7,148875,1749012360
2025-06-04 10:17:00,PE,ATM-3,16.016892,7199175,24400.0,24572.9,26.65,27.75,26.3,27.25,380175,1749012420
2025-06-04 10:18:00,PE,ATM-3,16.10618,7302000,24400.0,24571.25,27.05,28.85,26.9,27.95,427275,1749012480
2025-06-04 10:19:00,PE,ATM-3,15.908101,3617025,24450.0,24578.2,39.4,40.1,37.55,37.6,258000,1749012540
2025-06-04 10:20:00,PE,ATM-3,15.831414,3617025,24450.0,24587.4,37.95,38.55,33.75,34.8,567150,1749012600
2025-06-04 10:21:00,PE,ATM-3,16.063021,3623175,24450.0,24589.5,34.15,35.6,33.7,35.3,433950,1749012660
2025-06-04 10:22:00,PE,ATM-3,15.973342,3623175,24450.0,24594.15,35.45,35.85,33.4,33.7,384600,1749012720
2025-06-04 10:23:00,PE,ATM-3,16.107237,3623175,24450.0,24591.9,33.75,34.95,33.75,34.85,273900,1749012780
2025-06-04 10:24:00,PE,ATM-3,16.118007,3690150,24450.0,24595.2,34.9,34.9,33.95,34.05,183450,1749012840
2025-06-04 10:25:00,PE,ATM-3,16.005754,3690150,24450.0,24592.5,34.15,35.15,33.8,34.2,188700,1749012900
2025-06-04 10:26:00,PE,ATM-3,16.002744,3690150,24450.0,24589.8,34.6,35.45,34.35,34.85,207300,1749012960
2025-06-04 10:27:00,PE,ATM-3,15.949879,3750675,24450.0,24588.0,34.75,35.1,34.15,35.05,169050,1749013020
2025-06-04 10:28:00,PE,ATM-3,15.852364,3750675,24450.0,24583.5,34.95,36.05,33.8,35.75,320775,1749013080
2025-06-04 10:29:00,PE,ATM-3,15.595623,3750675,24450.0,24581.2,35.65,35.8,35.0,35.15,242850,1749013140
2025-06-04 10:30:00,PE,ATM-3,15.778399,3733125,24450.0,24585.7,34.9,35.4,34.3,34.8,200550,1749013200
2025-06-04 10:31:00,PE,ATM-3,15.600177,3733125,24450.0,24591.35,35.0,35.0,31.0,32.55,542250,1749013260
2025-06-04 10:32:00,PE,ATM-3,15.515237,3733125,24450.0,24593.2,32.35,32.65,31.55,31.7,268350,1749013320
2025-06-04 10:33:00,PE,ATM-3,15.543896,3716025,24450.0,24595.3,31.9,32.1,30.9,31.3,246375,1749013380
2025-06-04 10:34:00,PE,ATM-3,15.59895,3716025,24450.0,24600.45,31.35,31.5,29.7,30.3,501300,1749013440
2025-06-04 10:35:00,PE,ATM-3,15.803332,3716025,24450.0,24595.95,30.5,32.25,30.45,32.25,300600,1749013500
2025-06-04 10:36:00,PE,ATM-3,15.56802,3715575,24450.0,24591.4,31.95,32.6,31.75,32.3,201750,1749013560
2025-06-04 10:37:00,PE,ATM-3,15.482041,3715575,24450.0,24591.6,32.2,32.45,31.7,31.85,148950,1749013620
2025-06-04 10:38:00,PE,ATM-3,15.482726,3715575,24450.0,24592.15,31.8,32.2,31.6,31.7,101100,1749013680
2025-06-04 10:39:00,PE,ATM-3,15.497219,3752025,24450.0,24594.4,31.75,32.4,31.05,31.2,168000,1749013740
2025-06-04 10:40:00,PE,ATM-3,15.629026,3752025,24450.0,24597.15,31.35,32.25,31.0,31.1,154875,1749013800
2025-06-04 10:41:00,PE,ATM-3,15.784511,3752025,24450.0,24595.55,31.15,32.2,31.1,32.15,148875,1749013860
2025-06-04 10:42:00,PE,ATM-3,15.710618,3716925,24450.0,24596.4,32.1,32.15,31.35,31.6,160725,1749013920
2025-06-04 10:43:00,PE,ATM-3,15.969135,3716925,24450.0,24608.35,31.55,31.75,29.35,29.9,453900,1749013980
2025-06-04 10:44:00,PE,ATM-3,15.84508,3716925,24450.0,24600.8,30.05,31.15,29.6,31.1,446850,1749014040
2025-06-04 10:45:00,PE,ATM-3,15.815221,3636000,24450.0,24599.75,31.15,31.45,30.6,31.2,146550,1749014100
2025-06-04 10:46:00,PE,ATM-3,15.901882,3636000,24450.0,24601.05,31.4,31.55,31.0,31.25,109875,1749014160
2025-06-04 10:47:00,PE,ATM-3,15.961488,3636000,24450.0,24596.85,31.15,32.5,31.15,32.5,147225,1749014220
2025-06-04 10:48:00,PE,ATM-3,15.885533,3640425,24450.0,24591.95,32.5,33.35,31.95,33.35,225825,1749014280
2025-06-04 10:49:00,PE,ATM-3,15.875608,3640425,24450.0,24589.7,33.15,34.1,32.95,33.85,237825,1749014340
2025-06-04 10:50:00,PE,ATM-3,15.700692,3640425,24450.0,24587.5,33.7,34.65,33.15,33.6,437775,1749014400
2025-06-04 10:51:00,PE,ATM-3,15.663643,3674775,24450.0,24588.55,33.8,33.8,33.15,33.15,138375,1749014460
2025-06-04 10:52:00,PE,ATM-3,15.727398,3674775,24450.0,24586.05,33.05,34.3,32.9,34.05,222900,1749014520
2025-06-04 10:53:00,PE,ATM-3,15.506848,3674775,24450.0,24583.25,34.05,34.6,33.5,33.75,232050,1749014580
2025-06-04 10:54:00,PE,ATM-3,15.552134,3749475,24450.0,24583.0,33.8,34.05,33.3,34.0,133725,1749014640
2025-06-04 10:55:00,PE,ATM-3,15.508095,3749475,24450.0,24582.15,34.1,34.3,32.3,34.0,225075,1749014700
2025-06-04 10:56:00,PE,ATM-3,15.44578,3749475,24450.0,24584.1,34.0,35.3,33.0,33.2,325200,1749014760
2025-06-04 10:57:00,PE,ATM-3,15.479846,3728325,24450.0,24583.45,33.3,33.9,33.15,33.5,97500,1749014820
2025-06-04 10:58:00,PE,ATM-3,15.242473,3728325,24450.0,24585.5,33.4,33.5,31.9,31.9,157425,1749014880
2025-06-04 10:59:00,PE,ATM-3,15.396985,3728325,24450.0,24589.0,31.85,31.9,31.1,31.7,205575,1749014940
2025-06-04 11:00:00,PE,ATM-3,15.472748,3720975,24450.0,24592.75,31.65,31.65,30.6,31.1,190650,1749015000
2025-06-04 11:01:00,PE,ATM-3,15.485689,3720975,24450.0,24590.85,31.15,31.9,31.15,31.6,151050,1749015060
2025-06-04 11:02:00,PE,ATM-3,15.374587,3720975,24450.0,24590.0,31.6,31.8,30.85,31.3,123750,1749015120
2025-06-04 11:03:00,PE,ATM-3,15.496485,3750225,24450.0,24587.65,31.25,32.4,31.15,32.4,129450,1749015180
2025-06-04 11:04:00,PE,ATM-3,15.522259,3750225,24450.0,24584.85,32.4,33.35,32.15,33.2,153225,1749015240
2025-06-04 11:05:00,PE,ATM-3,15.426316,3750225,24450.0,24587.25,33.1,33.2,31.7,32.15,190200,1749015300
2025-06-04 11:06:00,PE,ATM-3,15.345326,3780075,24450.0,24588.15,32.05,32.25,31.3,31.55,94200,1749015360
2025-06-04 11:07:00,PE,ATM-3,15.377963,3780075,24450.0,24588.05,31.55,32.25,31.25,31.7,77250,1749015420
2025-06-04 11:08:00,PE,ATM-3,15.188293,3780075,24450.0,24588.65,31.8,31.95,30.7,30.7,110400,1749015480
2025-06-04 11:09:00,PE,ATM-3,15.342097,3807225,24450.0,24586.45,30.7,31.95,30.7,31.9,112950,1749015540
2025-06-04 11:10:00,PE,ATM-3,15.268487,3807225,24450.0,24590.15,31.85,31.85,30.55,30.65,155700,1749015600
2025-06-04 11:11:00,PE,ATM-3,15.170504,3807225,24450.0,24592.05,30.45,30.7,29.5,29.75,295275,1749015660
2025-06-04 11:12:00,PE,ATM-3,15.28368,3835425,24450.0,24591.1,30.0,30.6,28.5,30.45,265050,1749015720
2025-06-04 11:13:00,PE,ATM-3,15.057911,3835425,24450.0,24582.1,30.5,32.1,30.5,31.65,369450,1749015780
2025-06-04 11:14:00,PE,ATM-3,15.087179,3835425,24450.0,24581.55,31.55,32.55,31.3,31.9,208725,1749015840
2025-06-04 11:15:00,PE,ATM-3,15.045952,3873675,24450.0,24580.55,32.0,32.6,31.55,31.95,191625,1749015900
2025-06-04 11:16:00,PE,ATM-3,15.273293,8130975,24400.0,24574.6,21.55,23.5,21.55,22.95,708900,1749015960
2025-06-04 11:17:00,PE,ATM-3,15.200514,3873675,24450.0,24575.35,33.5,34.0,32.75,33.95,224250,1749016020
2025-06-04 11:18:00,PE,ATM-3,15.412686,8272200,24400.0,24573.85,23.15,24.6,23.1,23.6,787875,1749016080
2025-06-04 11:19:00,PE,ATM-3,14.947371,3839475,24450.0,24582.7,34.2,34.35,30.9,30.9,502275,1749016140
2025-06-04 11:20:00,PE,ATM-3,15.134539,3839475,24450.0,24585.15,30.65,31.4,30.0,31.1,361950,1749016200
2025-06-04 11:21:00,PE,ATM-3,15.011477,3817050,24450.0,24584.3,31.1,31.55,30.75,30.75,121575,1749016260
2025-06-04 11:22:00,PE,ATM-3,14.928771,3817050,24450.0,24588.3,30.6,30.85,29.4,29.4,243525,1749016320
2025-06-04 11:23:00,PE,ATM-3,14.855632,3817050,24450.0,24589.0,29.55,29.65,28.75,28.9,233625,1749016380
2025-06-04 11:24:00,PE,ATM-3,14.86515,3855900,24450.0,24591.65,28.95,29.4,28.3,28.3,248100,1749016440
2025-06-04 11:25:00,PE,ATM-3,14.966607,3855900,24450.0,24595.6,28.45,28.6,27.55,27.8,359250,1749016500
2025-06-04 11:26:00,PE,ATM-3,15.036536,3855900,24450.0,24592.7,28.1,29.0,27.75,28.75,207300,1749016560
2025-06-04 11:27:00,PE,ATM-3,15.005245,3867825,24450.0,24594.2,28.8,28.8,27.95,28.25,181800,1749016620
2025-06-04 11:28:00,PE,ATM-3,14.947556,3867825,24450.0,24594.8,28.15,28.2,27.0,27.85,218475,1749016680
2025-06-04 11:29:00,PE,ATM-3,14.829125,3867825,24450.0,24590.4,27.75,28.5,27.75,28.35,147375,1749016740
2025-06-04 11:30:00,PE,ATM-3,14.818722,3925875,24450.0,24594.9,28.4,28.4,27.25,27.25,178050,1749016800
2025-06-04 11:31:00,PE,ATM-3,14.734577,3925875,24450.0,24599.3,26.95,27.35,25.7,25.9,351975,1749016860
2025-06-04 11:32:00,PE,ATM-3,14.709749,3925875,24450.0,24597.4,26.05,26.7,26.05,26.2,207450,1749016920
2025-06-04 11:33:00,PE,ATM-3,14.533847,3927900,24450.0,24594.5,26.25,26.8,26.05,26.1,167400,1749016980
2025-06-04 11:34:00,PE,ATM-3,14.667778,3927900,24450.0,24594.9,26.45,26.95,26.45,26.55,159975,1749017040
2025-06-04 11:35:00,PE,ATM-3,14.773151,3927900,24450.0,24598.35,26.6,26.65,26.2,26.2,86775,1749017100
2025-06-04 11:36:00,PE,ATM-3,14.83125,3978075,24450.0,24600.95,26.25,26.3,25.5,25.85,244950,1749017160
2025-06-04 11:37:00,PE,ATM-3,14.857664,3978075,24450.0,24596.85,25.8,26.95,25.8,26.85,168900,1749017220
2025-06-04 11:38:00,PE,ATM-3,14.746685,3978075,24450.0,24596.95,27.0,27.15,26.35,26.35,202125,1749017280
2025-06-04 11:39:00,PE,ATM-3,14.892077,3935325,24450.0,24598.45,26.4,26.6,26.1,26.6,90000,1749017340
2025-06-04 11:40:00,PE,ATM-3,14.918881,3935325,24450.0,24597.75,26.45,27.05,26.45,26.85,89025,1749017400
2025-06-04 11:41:00,PE,ATM-3,14.838523,3935325,24450.0,24594.2,26.85,27.55,26.85,27.3,124125,1749017460
2025-06-04 11:42:00,PE,ATM-3,14.908907,3885675,24450.0,24592.15,27.2,28.2,27.2,28.05,336525,1749017520
2025-06-04 11:43:00,PE,ATM-3,14.840203,3885675,24450.0,24592.55,28.1,28.1,27.4,27.65,94425,1749017580
2025-06-04 11:44:00,PE,ATM-3,14.733496,3885675,24450.0,24592.7,27.5,27.65,27.05,27.15,116625,1749017640
2025-06-04 11:45:00,PE,ATM-3,14.802465,3879450,24450.0,24593.45,27.15,27.45,26.75,27.25,125250,1749017700
2025-06-04 11:46:00,PE,ATM-3,14.715221,3879450,24450.0,24593.75,27.25,27.45,26.5,26.8,75975,1749017760
2025-06-04 11:47:00,PE,ATM-3,14.821378,3879450,24450.0,24591.9,26.85,28.25,26.7,27.65,169500,1749017820
2025-06-04 11:48:00,PE,ATM-3,14.926753,3933075,24450.0,24590.3,27.75,28.45,27.65,28.45,207000,1749017880
2025-06-04 11:49:00,PE,ATM-3,14.871704,3933075,24450.0,24586.7,28.45,29.35,28.25,29.05,267525,1749017940
2025-06-04 11:50:00,PE,ATM-3,14.929994,3933075,24450.0,24588.3,28.85,29.2,28.45,28.9,210450,1749018000
2025-06-04 11:51:00,PE,ATM-3,14.994756,3887400,24450.0,24589.6,28.85,29.8,28.5,28.85,163200,1749018060
2025-06-04 11:52:00,PE,ATM-3,14.951943,3887400,24450.0,24586.45,28.75,29.95,28.75,29.4,207900,1749018120
2025-06-04 11:53:00,PE,ATM-3,15.05684,3887400,24450.0,24588.25,29.35,29.9,29.3,29.4,189900,1749018180
2025-06-04 11:54:00,PE,ATM-3,14.937641,3814350,24450.0,24590.25,29.4,30.15,28.4,28.4,266550,1749018240
2025-06-04 11:55:00,PE,ATM-3,14.865673,3814350,24450.0,24589.3,28.3,28.65,27.65,28.3,216825,1749018300
2025-06-04 11:56:00,PE,ATM-3,14.935322,3814350,24450.0,24585.85,29.0,30.4,28.9,29.4,469950,1749018360
2025-06-04 11:57:00,PE,ATM-3,14.904566,3846300,24450.0,24584.4,29.55,29.75,28.9,29.6,121575,1749018420
2025-06-04 11:58:00,PE,ATM-3,14.870063,3846300,24450.0,24589.15,29.5,29.65,28.1,28.3,161400,1749018480
2025-06-04 11:59:00,PE,ATM-3,14.862676,3846300,24450.0,24594.35,27.9,28.15,26.7,27.05,299100,1749018540
2025-06-04 12:00:00,PE,ATM-3,14.907389,3864675,24450.0,24594.65,26.6,27.5,26.6,27.15,139425,1749018600
2025-06-04 12:01:00,PE,ATM-3,14.98686,3864675,24450.0,24592.1,27.15,28.5,26.95,28.05,152550,1749018660
2025-06-04 12:02:00,PE,ATM-3,14.9277,3864675,24450.0,24593.55,27.85,27.85,27.45,27.45,81525,1749018720
2025-06-04 12:03:00,PE,ATM-3,14.956747,3886050,24450.0,24591.4,27.7,28.35,27.6,28.05,61275,1749018780
2025-06-04 12:04:00,PE,ATM-3,15.171456,3886050,24450.0,24592.2,28.0,28.9,27.9,28.75,281775,1749018840
2025-06-04 12:05:00,PE,ATM-3,15.029883,3886050,24450.0,24593.65,28.65,28.75,27.8,27.8,154425,1749018900
2025-06-04 12:06:00,PE,ATM-3,15.011097,3906450,24450.0,24592.15,28.0,28.2,27.1,28.05,163050,1749018960
2025-06-04 12:07:00,PE,ATM-3,14.949335,3906450,24450.0,24590.1,28.1,28.9,28.1,28.25,125550,1749019020
2025-06-04 12:08:00,PE,ATM-3,14.946236,3906450,24450.0,24599.2,28.25,28.6,26.15,26.15,228825,1749019080
2025-06-04 12:09:00,PE,ATM-3,15.012777,3949125,24450.0,24601.95,26.15,26.45,25.7,25.8,252150,1749019140
2025-06-04 12:10:00,PE,ATM-3,15.216663,3949125,24450.0,24604.05,25.95,26.25,25.7,26.15,134475,1749019200
2025-06-04 12:11:00,PE,ATM-3,15.129995,3949125,24450.0,24604.2,25.9,26.45,25.35,25.75,216150,1749019260
2025-06-04 12:12:00,PE,ATM-3,15.136066,3982800,24450.0,24602.85,26.0,26.3,25.75,26.05,139500,1749019320
2025-06-04 12:13:00,PE,ATM-3,15.241586,3982800,24450.0,24606.35,26.0,26.25,25.65,25.7,128325,1749019380
2025-06-04 12:14:00,PE,ATM-3,15.433193,3982800,24450.0,24607.75,25.65,26.25,25.65,26.15,127500,1749019440
2025-06-04 12:15:00,PE,ATM-3,15.394212,4021725,24450.0,24605.1,26.1,26.65,25.85,26.55,245625,1749019500
2025-06-04 12:16:00,PE,ATM-3,15.290752,4021725,24450.0,24602.65,26.55,26.65,26.2,26.65,174600,1749019560
2025-06-04 12:17:00,PE,ATM-3,15.05048,4021725,24450.0,24598.15,26.55,26.85,26.3,26.65,242325,1749019620
2025-06-04 12:18:00,PE,ATM-3,14.965763,4148775,24450.0,24599.9,26.5,26.5,25.65,25.9,222375,1749019680
2025-06-04 12:19:00,PE,ATM-3,15.107137,4148775,24450.0,24604.05,25.8,26.1,25.0,25.55,226650,1749019740
2025-06-04 12:20:00,PE,ATM-3,15.067857,4148775,24450.0,24604.4,25.4,25.65,25.1,25.3,141525,1749019800
2025-06-04 12:21:00,PE,ATM-3,14.839136,4128975,24450.0,24596.65,25.15,26.2,25.15,26.05,344775,1749019860
2025-06-04 12:22:00,PE,ATM-3,14.952992,4128975,24450.0,24602.1,26.05,26.05,25.3,25.3,106350,1749019920
2025-06-04 12:23:00,PE,ATM-3,14.734164,4128975,24450.0,24605.0,25.45,25.45,23.8,23.8,320175,1749019980
2025-06-04 12:24:00,PE,ATM-3,14.944785,4094925,24450.0,24605.3,24.1,24.8,24.1,24.55,193725,1749020040
2025-06-04 12:25:00,PE,ATM-3,15.020623,4094925,24450.0,24602.65,24.85,25.6,24.85,25.4,331500,1749020100
2025-06-04 12:26:00,PE,ATM-3,14.937807,4094925,24450.0,24599.2,25.25,25.95,25.15,25.8,117975,1749020160
2025-06-04 12:27:00,PE,ATM-3,15.028764,4235775,24450.0,24597.85,25.85,26.45,25.8,26.45,216450,1749020220
2025-06-04 12:28:00,PE,ATM-3,14.869071,4235775,24450.0,24595.3,26.4,26.45,25.8,26.35,132975,1749020280
2025-06-04 12:29:00,PE,ATM-3,14.834729,4235775,24450.0,24594.15,26.4,27.0,26.2,26.45,230325,1749020340
2025-06-04 12:30:00,PE,ATM-3,14.806044,4221525,24450.0,24584.3,26.35,29.2,26.35,28.6,517200,1749020400
2025-06-04 12:31:00,PE,ATM-3,15.147011,4221525,24450.0,24588.8,28.25,29.9,28.2,28.95,418200,1749020460
2025-06-04 12:32:00,PE,ATM-3,15.103461,4221525,24450.0,24589.85,28.85,29.6,28.5,28.5,227850,1749020520
2025-06-04 12:33:00,PE,ATM-3,14.948441,4166700,24450.0,24597.25,28.9,29.1,25.85,26.15,494850,1749020580
2025-06-04 12:34:00,PE,ATM-3,14.947331,4166700,24450.0,24593.15,26.3,27.1,26.3,27.05,162525,1749020640
2025-06-04 12:35:00,PE,ATM-3,14.755935,4166700,24450.0,24594.25,27.05,27.15,25.9,26.0,155925,1749020700
2025-06-04 12:36:00,PE,ATM-3,14.877727,4242900,24450.0,24591.3,25.95,27.15,25.95,27.15,133200,1749020760
2025-06-04 12:37:00,PE,ATM-3,14.766004,4242900,24450.0,24588.35,27.05,27.55,26.75,27.35,153900,1749020820
2025-06-04 12:38:00,PE,ATM-3,14.614356,4242900,24450.0,24586.85,27.5,27.75,26.85,27.05,184500,1749020880
2025-06-04 12:39:00,PE,ATM-3,14.489594,4215375,24450.0,24592.9,27.1,27.1,25.15,25.15,264450,1749020940
2025-06-04 12:40:00,PE,ATM-3,14.636609,4215375,24450.0,24596.2,25.35,25.35,24.75,25.0,251400,1749021000
2025-06-04 12:41:00,PE,ATM-3,14.358282,4215375,24450.0,24591.25,24.9,25.4,24.3,24.95,159375,1749021060
2025-06-04 12:42:00,PE,ATM-3,14.532065,4249950,24450.0,24596.65,24.95,25.25,24.25,24.45,193275,1749021120
2025-06-04 12:43:00,PE,ATM-3,14.298785,4249950,24450.0,24595.75,24.3,24.8,23.6,23.7,200400,1749021180
2025-06-04 12:44:00,PE,ATM-3,14.384818,4249950,24450.0,24600.6,23.4,23.8,23.0,23.0,317850,1749021240
2025-06-04 12:45:00,PE,ATM-3,14.50609,4086225,24450.0,24601.35,23.25,23.45,22.65,23.3,628350,1749021300
2025-06-04 12:46:00,PE,ATM-3,14.561068,4086225,24450.0,24603.75,23.35,23.4,22.9,23.0,371925,1749021360
2025-06-04 12:47:00,PE,ATM-3,14.57522,4086225,24450.0,24603.45,22.9,23.1,22.3,23.1,258375,1749021420
2025-06-04 12:48:00,PE,ATM-3,14.439127,4018275,24450.0,24601.3,23.05,23.3,22.9,23.0,178275,1749021480
2025-06-04 12:49:00,PE,ATM-3,14.359043,4018275,24450.0,24598.05,23.05,23.45,23.05,23.35,276225,1749021540
2025-06-04 12:50:00,PE,ATM-3,14.484645,4018275,24450.0,24600.55,23.25,23.45,22.7,23.3,218025,1749021600
2025-06-04 12:51:00,PE,ATM-3,14.347258,4260600,24450.0,24597.2,23.2,23.55,22.9,23.45,271200,1749021660
2025-06-04 12:52:00,PE,ATM-3,14.489453,4260600,24450.0,24602.65,23.5,23.6,22.2,22.85,488025,1749021720
2025-06-04 12:53:00,PE,ATM-3,14.394153,4260600,24450.0,24598.15,22.95,23.55,22.95,23.4,122250,1749021780
2025-06-04 12:54:00,PE,ATM-3,14.503222,4225875,24450.0,24596.1,23.4,24.3,23.35,24.25,166875,1749021840
2025-06-04 12:55:00,PE,ATM-3,14.646223,4225875,24450.0,24601.25,24.2,24.4,23.7,23.7,156150,1749021900
2025-06-04 12:56:00,PE,ATM-3,14.511011,4225875,24450.0,24597.25,23.7,24.15,23.3,24.0,136950,1749021960
2025-06-04 12:57:00,PE,ATM-3,14.391657,4213050,24450.0,24598.5,23.85,24.15,23.2,23.25,67125,1749022020
2025-06-04 12:58:00,PE,ATM-3,14.300022,4213050,24450.0,24599.35,23.0,23.25,22.7,22.7,186150,1749022080
2025-06-04 12:59:00,PE,ATM-3,14.412273,4213050,24450.0,24602.1,22.8,22.8,22.05,22.55,250950,1749022140
2025-06-04 13:00:00,PE,ATM-3,14.824343,4185150,24450.0,24618.0,22.3,22.6,20.75,20.95,682950,1749022200
2025-06-04 13:01:00,PE,ATM-3,14.91689,4185150,24450.0,24614.75,20.8,22.0,20.6,21.9,546900,1749022260
2025-06-04 13:02:00,PE,ATM-3,14.811649,4185150,24450.0,24614.45,21.95,22.2,21.55,21.55,435000,1749022320
2025-06-04 13:03:00,PE,ATM-3,14.911219,4207800,24450.0,24615.5,21.65,22.0,21.4,21.7,242325,1749022380
2025-06-04 13:04:00,PE,ATM-3,14.939282,4207800,24450.0,24613.9,21.6,22.15,21.6,22.1,79575,1749022440
2025-06-04 13:05:00,PE,ATM-3,14.88316,4207800,24450.0,24613.0,22.0,22.25,21.8,22.05,114300,1749022500
2025-06-04 13:06:00,PE,ATM-3,14.806309,4220925,24450.0,24611.2,21.9,22.35,21.9,22.1,144075,1749022560
2025-06-04 13:07:00,PE,ATM-3,14.789357,4220925,24450.0,24611.3,22.15,22.3,21.75,22.0,103575,1749022620
2025-06-04 13:08:00,PE,ATM-3,14.697595,4220925,24450.0,24611.25,21.95,22.05,21.65,21.65,104775,1749022680
2025-06-04 13:09:00,PE,ATM-3,14.645405,4223850,24450.0,24607.65,21.65,22.35,21.55,22.15,105225,1749022740
2025-06-04 13:10:00,PE,ATM-3,14.805719,4223850,24450.0,24610.6,22.25,22.25,21.8,22.15,137100,1749022800
2025-06-04 13:11:00,PE,ATM-3,14.741507,4223850,24450.0,24608.05,22.2,22.55,21.95,22.4,137925,1749022860
2025-06-04 13:12:00,PE,ATM-3,14.887176,4223850,24450.0,24605.3,22.35,23.5,22.2,23.5,186750,1749022920
2025-06-04 13:13:00,PE,ATM-3,14.669507,4160775,24450.0,24600.7,23.45,23.95,23.2,23.6,198525,1749022980
2025-06-04 13:14:00,PE,ATM-3,14.636684,4160775,24450.0,24600.25,23.5,24.3,23.35,23.55,185700,1749023040
2025-06-04 13:15:00,PE,ATM-3,14.704124,4165875,24450.0,24596.95,23.55,24.5,23.25,24.5,225075,1749023100
2025-06-04 13:16:00,PE,ATM-3,14.622321,4165875,24450.0,24597.7,24.2,24.35,23.75,24.0,203025,1749023160
2025-06-04 13:17:00,PE,ATM-3,14.704063,4165875,24450.0,24600.3,23.95,24.2,23.6,23.75,86250,1749023220
2025-06-04 13:18:00,PE,ATM-3,14.583806,4165875,24450.0,24596.6,23.8,24.75,23.45,24.05,159375,1749023280
2025-06-04 13:19:00,PE,ATM-3,14.849847,4172250,24450.0,24602.35,24.05,24.05,22.75,23.85,177675,1749023340
2025-06-04 13:20:00,PE,ATM-3,14.855653,4172250,24450.0,24604.05,23.85,24.05,23.2,23.5,209400,1749023400
2025-06-04 13:21:00,PE,ATM-3,14.659052,4172250,24450.0,24602.25,23.4,23.95,23.0,23.1,124875,1749023460
2025-06-04 13:22:00,PE,ATM-3,14.720777,4170000,24450.0,24600.2,23.1,23.95,22.85,23.75,317625,1749023520
2025-06-04 13:23:00,PE,ATM-3,14.773212,4170000,24450.0,24593.9,23.65,26.1,23.65,25.3,430950,1749023580
2025-06-04 13:24:00,PE,ATM-3,14.745885,4170000,24450.0,24601.45,25.45,25.45,23.55,23.55,228675,1749023640
2025-06-04 13:25:00,PE,ATM-3,14.790448,4247925,24450.0,24603.15,23.4,23.95,22.85,23.35,255525,1749023700
2025-06-04 13:26:00,PE,ATM-3,14.669419,4247925,24450.0,24603.0,23.5,23.6,22.8,22.9,238575,1749023760
2025-06-04 13:27:00,PE,ATM-3,14.527402,4247925,24450.0,24603.7,22.95,23.35,22.15,22.2,168450,1749023820
2025-06-04 13:28:00,PE,ATM-3,14.421868,4233375,24450.0,24606.9,22.3,22.3,21.0,21.15,330750,1749023880
2025-06-04 13:29:00,PE,ATM-3,14.400156,4233375,24450.0,24608.2,21.2,21.55,20.75,20.8,302700,1749023940
2025-06-04 13:30:00,PE,ATM-3,14.559627,4233375,24450.0,24609.6,21.1,21.2,20.65,21.1,458625,1749024000
2025-06-04 13:31:00,PE,ATM-3,14.557981,4429275,24450.0,24610.0,21.15,21.35,20.25,21.0,230850,1749024060
2025-06-04 13:32:00,PE,ATM-3,14.659042,4429275,24450.0,24608.0,21.0,21.8,21.0,21.75,179100,1749024120
2025-06-04 13:33:00,PE,ATM-3,14.431589,4429275,24450.0,24603.15,21.75,22.2,21.75,21.85,232575,1749024180
2025-06-04 13:34:00,PE,ATM-3,14.420845,4391025,24450.0,24607.15,21.9,21.9,20.8,21.0,190050,1749024240
2025-06-04 13:35:00,PE,ATM-3,14.378328,4391025,24450.0,24605.5,20.9,21.45,20.7,21.15,103125,1749024300
2025-06-04 13:36:00,PE,ATM-3,14.325826,4391025,24450.0,24605.7,20.9,21.35,20.7,20.9,64350,1749024360
2025-06-04 13:37:00,PE,ATM-3,14.391726,4405950,24450.0,24608.15,20.85,21.0,20.6,20.65,73575,1749024420
2025-06-04 13:38:00,PE,ATM-3,14.344127,4405950,24450.0,24608.2,20.65,21.0,20.35,20.45,173400,1749024480
2025-06-04 13:39:00,PE,ATM-3,14.412716,4405950,24450.0,24603.55,20.35,21.6,20.35,21.6,169950,1749024540
2025-06-04 13:40:00,PE,ATM-3,14.272253,4379025,24450.0,24603.6,21.7,22.0,21.0,21.05,194850,1749024600
2025-06-04 13:41:00,PE,ATM-3,14.065531,4379025,24450.0,24605.0,21.25,21.4,19.8,20.0,321525,1749024660
2025-06-04 13:42:00,PE,ATM-3,14.223541,4379025,24450.0,24607.4,20.0,20.2,19.35,20.1,230550,1749024720
2025-06-04 13:43:00,PE,ATM-3,14.286896,4369275,24450.0,24604.9,20.1,20.8,19.9,20.8,98925,1749024780
2025-06-04 13:44:00,PE,ATM-3,14.387939,4369275,24450.0,24605.7,20.75,21.0,20.5,21.0,100500,1749024840
2025-06-04 13:45:00,PE,ATM-3,14.311263,4369275,24450.0,24605.45,20.95,21.05,20.5,20.75,320925,1749024900
2025-06-04 13:46:00,PE,ATM-3,14.221481,4384725,24450.0,24604.7,20.75,21.0,20.45,20.55,109950,1749024960
2025-06-04 13:47:00,PE,ATM-3,14.24753,4384725,24450.0,24606.4,20.5,21.0,20.2,20.3,103050,1749025020
2025-06-04 13:48:00,PE,ATM-3,14.455681,4384725,24450.0,24611.85,20.25,20.25,19.55,20.0,168675,1749025080
2025-06-04 13:49:00,PE,ATM-3,14.372999,4366650,24450.0,24612.05,19.9,20.0,19.65,19.65,132825,1749025140
2025-06-04 13:50:00,PE,ATM-3,14.555697,4366650,24450.0,24612.0,19.8,20.3,19.7,20.3,97200,1749025200
2025-06-04 13:51:00,PE,ATM-3,14.670069,4366650,24450.0,24612.25,20.35,20.65,19.9,20.65,324900,1749025260
2025-06-04 13:52:00,PE,ATM-3,14.750685,4352325,24450.0,24611.35,20.65,21.2,20.65,21.1,128175,1749025320
2025-06-04 13:53:00,PE,ATM-3,14.875824,4352325,24450.0,24614.15,21.1,21.3,20.75,21.0,113175,1749025380
2025-06-04 13:54:00,PE,ATM-3,14.975418,4352325,24450.0,24618.6,21.05,21.05,19.9,20.5,290100,1749025440
2025-06-04 13:55:00,PE,ATM-3,14.892681,4276125,24450.0,24616.4,20.4,20.95,20.4,20.6,254025,1749025500
2025-06-04 13:56:00,PE,ATM-3,14.996406,4276125,24450.0,24616.7,20.7,21.1,20.6,20.9,150300,1749025560
2025-06-04 13:57:00,PE,ATM-3,15.091122,4276125,24450.0,24616.05,20.9,21.35,20.75,21.35,91425,1749025620
2025-06-04 13:58:00,PE,ATM-3,15.155369,4245450,24450.0,24617.7,21.25,21.25,20.85,21.25,121575,1749025680
2025-06-04 13:59:00,PE,ATM-3,15.268639,4245450,24450.0,24621.35,21.3,21.45,20.85,20.95,129525,1749025740
2025-06-04 14:00:00,PE,ATM-3,15.489263,4245450,24450.0,24621.75,20.85,21.7,20.7,21.65,236775,1749025800
2025-06-04 14:01:00,PE,ATM-3,15.475394,4198875,24450.0,24620.35,21.7,22.0,21.5,21.85,157950,1749025860
2025-06-04 14:02:00,PE,ATM-3,15.357562,4198875,24450.0,24612.7,21.85,23.25,21.75,22.9,316725,1749025920
2025-06-04 14:03:00,PE,ATM-3,15.383818,4198875,24450.0,24612.6,22.9,23.35,22.65,23.0,278400,1749025980
2025-06-04 14:04:00,PE,ATM-3,15.435769,4224900,24450.0,24616.5,23.1,23.1,22.2,22.4,191925,1749026040
2025-06-04 14:05:00,PE,ATM-3,15.446953,4224900,24450.0,24619.45,22.45,22.55,21.7,21.85,192150,1749026100
2025-06-04 14:06:00,PE,ATM-3,15.470848,4224900,24450.0,24618.0,21.8,22.5,21.65,22.2,103425,1749026160
2025-06-04 14:07:00,PE,ATM-3,15.494574,4213275,24450.0,24622.0,22.25,22.25,21.2,21.5,140700,1749026220
2025-06-04 14:08:00,PE,ATM-3,15.508151,13222650,24500.0,24630.65,30.95,31.4,29.7,30.7,1095600,1749026280
2025-06-04 14:09:00,PE,ATM-3,15.646123,13222650,24500.0,24627.15,30.5,32.15,30.5,32.15,616650,1749026340
2025-06-04 14:10:00,PE,ATM-3,15.697662,13012050,24500.0,24625.6,32.25,33.15,32.25,32.75,824625,1749026400
2025-06-04 14:11:00,PE,ATM-3,15.892368,4185900,24450.0,24614.85,22.75,24.75,22.75,24.3,265425,1749026460
2025-06-04 14:12:00,PE,ATM-3,16.064921,4185900,24450.0,24613.8,24.25,25.15,24.05,25.15,403200,1749026520
2025-06-04 14:13:00,PE,ATM-3,16.094327,4180650,24450.0,24617.15,24.85,25.7,24.5,24.55,278175,1749026580
2025-06-04 14:14:00,PE,ATM-3,16.146428,4180650,24450.0,24616.55,24.35,25.1,23.85,24.85,214125,1749026640
2025-06-04 14:15:00,PE,ATM-3,16.211655,4180650,24450.0,24620.6,24.5,24.5,23.45,24.25,180450,1749026700
2025-06-04 14:16:00,PE,ATM-3,16.240881,4148250,24450.0,24623.55,24.3,24.3,23.35,23.75,97275,1749026760
2025-06-04 14:17:00,PE,ATM-3,16.150804,4148250,24450.0,24623.3,23.9,24.2,23.45,23.45,174600,1749026820
2025-06-04 14:18:00,PE,ATM-3,16.164497,4148250,24450.0,24622.7,23.4,23.9,23.15,23.6,126300,1749026880
2025-06-04 14:19:00,PE,ATM-3,16.234987,4122450,24450.0,24621.4,23.55,24.3,23.15,24.1,213975,1749026940
2025-06-04 14:20:00,PE,ATM-3,16.112329,4122450,24450.0,24618.55,23.8,24.6,23.8,24.2,159450,1749027000
2025-06-04 14:21:00,PE,ATM-3,16.117499,4122450,24450.0,24622.05,24.15,24.4,22.8,23.5,233700,1749027060
2025-06-04 14:22:00,PE,ATM-3,16.057999,4204650,24450.0,24620.35,23.55,24.25,22.95,23.6,184125,1749027120
2025-06-04 14:23:00,PE,ATM-3,16.119043,4204650,24450.0,24617.9,23.65,24.5,23.3,24.3,224700,1749027180
2025-06-04 14:24:00,PE,ATM-3,15.818101,4204650,24450.0,24621.3,24.35,24.75,22.5,22.5,268275,1749027240
2025-06-04 14:25:00,PE,ATM-3,15.627321,4196400,24450.0,24619.45,22.55,22.65,22.0,22.15,289350,1749027300
2025-06-04 14:26:00,PE,ATM-3,15.771786,4196400,24450.0,24620.25,22.1,22.6,22.0,22.5,128475,1749027360
2025-06-04 14:27:00,PE,ATM-3,15.801103,4196400,24450.0,24617.65,22.45,23.25,22.25,23.1,226875,1749027420
2025-06-04 14:28:00,PE,ATM-3,15.846389,4245150,24450.0,24618.9,22.7,23.15,22.65,23.0,115500,1749027480
2025-06-04 14:29:00,PE,ATM-3,15.872938,4245150,24450.0,24612.85,23.05,25.05,23.05,24.3,321300,1749027540
2025-06-04 14:30:00,PE,ATM-3,15.930205,4245150,24450.0,24616.75,24.0,24.15,23.4,23.7,176625,1749027600
2025-06-04 14:31:00,PE,ATM-3,15.992155,4234725,24450.0,24622.6,23.65,23.65,22.65,22.75,164325,1749027660
2025-06-04 14:32:00,PE,ATM-3,16.005407,4234725,24450.0,24619.95,22.75,23.7,22.55,23.3,265275,1749027720
2025-06-04 14:33:00,PE,ATM-3,16.154669,4234725,24450.0,24621.35,23.4,24.25,23.15,23.55,130650,1749027780
2025-06-04 14:34:00,PE,ATM-3,16.249791,4269075,24450.0,24621.5,23.6,24.1,23.4,23.85,103275,1749027840
2025-06-04 14:35:00,PE,ATM-3,16.227542,4269075,24450.0,24622.0,23.75,24.5,23.65,23.65,242250,1749027900
2025-06-04 14:36:00,PE,ATM-3,16.001491,4269075,24450.0,24619.25,23.75,23.95,23.25,23.35,126150,1749027960
2025-06-04 14:37:00,PE,ATM-3,15.964634,4193100,24450.0,24620.5,23.3,23.7,22.55,22.95,169725,1749028020
2025-06-04 14:38:00,PE,ATM-3,15.896237,4193100,24450.0,24619.65,23.0,23.45,22.85,22.85,110250,1749028080
2025-06-04 14:39:00,PE,ATM-3,16.01417,4193100,24450.0,24618.95,22.7,23.6,22.7,23.4,109425,1749028140
2025-06-04 14:40:00,PE,ATM-3,15.899028,4191975,24450.0,24618.5,23.15,23.25,22.8,23.05,122250,1749028200
2025-06-04 14:41:00,PE,ATM-3,15.820004,4191975,24450.0,24616.45,23.2,23.5,23.0,23.15,95700,1749028260
2025-06-04 14:42:00,PE,ATM-3,15.792152,4191975,24450.0,24614.6,23.25,23.5,23.15,23.4,149250,1749028320
2025-06-04 14:43:00,PE,ATM-3,15.760769,4149000,24450.0,24621.3,23.3,23.8,21.8,21.95,366975,1749028380
2025-06-04 14:44:00,PE,ATM-3,15.448325,4149000,24450.0,24615.15,22.15,22.7,21.95,22.0,188775,1749028440
2025-06-04 14:45:00,PE,ATM-3,15.471495,4149000,24450.0,24616.0,21.9,22.05,21.4,21.9,246975,1749028500
2025-06-04 14:46:00,PE,ATM-3,15.400065,4038900,24450.0,24616.65,21.95,22.15,21.5,21.5,228975,1749028560
2025-06-04 14:47:00,PE,ATM-3,15.511879,4038900,24450.0,24616.05,21.4,22.4,21.4,22.0,184800,1749028620
2025-06-04 14:48:00,PE,ATM-3,15.522609,4038900,24450.0,24615.9,22.05,22.15,21.6,22.05,136500,1749028680
2025-06-04 14:49:00,PE,ATM-3,15.453158,4108875,24450.0,24612.5,22.3,22.55,21.7,22.45,127425,1749028740
2025-06-04 14:50:00,PE,ATM-3,15.49002,4108875,24450.0,24619.0,22.5,22.5,21.3,21.3,211500,1749028800
2025-06-04 14:51:00,PE,ATM-3,15.352456,4108875,24450.0,24615.05,21.25,21.75,21.1,21.55,226500,1749028860
2025-06-04 14:52:00,PE,ATM-3,15.352903,4057275,24450.0,24618.1,21.55,21.7,20.95,20.95,135675,1749028920
2025-06-04 14:53:00,PE,ATM-3,15.439339,4057275,24450.0,24615.7,20.95,21.8,20.95,21.7,248400,1749028980
2025-06-04 14:54:00,PE,ATM-3,15.40512,4057275,24450.0,24615.75,21.75,21.95,21.4,21.55,188700,1749029040
2025-06-04 14:55:00,PE,ATM-3,15.408182,4036275,24450.0,24617.8,21.8,21.9,20.85,21.15,157575,1749029100
2025-06-04 14:56:00,PE,ATM-3,15.801995,4036275,24450.0,24623.2,21.35,21.55,21.15,21.5,238650,1749029160
2025-06-04 14:57:00,PE,ATM-3,15.535872,12669675,24500.0,24628.3,30.7,30.95,29.75,30.4,1018350,1749029220
2025-06-04 14:58:00,PE,ATM-3,15.857182,12533250,24500.0,24629.55,30.55,31.4,30.55,31.4,564075,1749029280
2025-06-04 14:59:00,PE,ATM-3,15.918659,12533250,24500.0,24628.9,31.4,31.8,31.25,31.8,426600,1749029340
2025-06-04 15:00:00,PE,ATM-3,16.233177,12533250,24500.0,24635.4,31.65,32.0,30.85,31.45,840075,1749029400
2025-06-04 15:01:00,PE,ATM-3,16.496084,12327825,24500.0,24642.15,31.4,31.65,30.8,30.85,454425,1749029460
2025-06-04 15:02:00,PE,ATM-3,16.412068,12327825,24500.0,24640.65,30.7,31.4,30.5,30.85,503625,1749029520
2025-06-04 15:03:00,PE,ATM-3,16.340059,12327825,24500.0,24639.15,30.8,31.05,30.05,30.9,566925,1749029580
2025-06-04 15:04:00,PE,ATM-3,16.323843,12229350,24500.0,24639.2,30.7,31.3,30.7,30.8,433050,1749029640
2025-06-04 15:05:00,PE,ATM-3,16.304016,12229350,24500.0,24637.15,30.8,31.5,30.8,31.2,304725,1749029700
2025-06-04 15:06:00,PE,ATM-3,16.176998,12229350,24500.0,24632.95,31.3,31.7,31.2,31.7,302025,1749029760
2025-06-04 15:07:00,PE,ATM-3,15.996144,11956125,24500.0,24627.15,31.75,32.6,31.75,32.4,811950,1749029820
2025-06-04 15:08:00,PE,ATM-3,15.997453,11956125,24500.0,24625.35,32.35,33.0,32.25,32.85,604650,1749029880
2025-06-04 15:09:00,PE,ATM-3,16.175723,11956125,24500.0,24625.85,32.9,33.65,32.35,33.45,663075,1749029940
2025-06-04 15:10:00,PE,ATM-3,16.908967,3525750,24450.0,24623.55,23.3,25.4,23.2,25.15,753975,1749030000
2025-06-04 15:11:00,PE,ATM-3,17.016177,3525750,24450.0,24622.45,24.6,26.8,24.6,25.75,523500,1749030060
2025-06-04 15:12:00,PE,ATM-3,16.760121,3525750,24450.0,24621.65,25.0,25.75,24.55,24.95,381225,1749030120
2025-06-04 15:13:00,PE,ATM-3,16.832721,3404550,24450.0,24618.25,25.5,26.7,25.5,25.9,295500,1749030180
2025-06-04 15:14:00,PE,ATM-3,16.58766,3404550,24450.0,24616.9,26.45,26.6,24.8,25.25,370725,1749030240
2025-06-04 15:15:00,PE,ATM-3,16.453159,3404550,24450.0,24612.5,25.3,26.45,25.2,25.65,453525,1749030300
2025-06-04 15:16:00,PE,ATM-3,16.339364,3232050,24450.0,24614.2,26.15,26.45,24.15,24.85,475125,1749030360
2025-06-04 15:17:00,PE,ATM-3,16.202507,3232050,24450.0,24613.35,24.8,26.0,24.5,24.5,369600,1749030420
2025-06-04 15:18:00,PE,ATM-3,16.146341,3232050,24450.0,24611.05,24.5,25.25,24.2,24.75,234975,1749030480
2025-06-04 15:19:00,PE,ATM-3,16.494494,3172950,24450.0,24610.5,24.75,26.15,24.4,26.15,394125,1749030540
2025-06-04 15:20:00,PE,ATM-3,16.180616,3172950,24450.0,24607.45,26.35,26.5,25.0,25.6,587250,1749030600
2025-06-04 15:21:00,PE,ATM-3,16.294701,3172950,24450.0,24609.6,25.85,26.0,25.0,25.55,390450,1749030660
2025-06-04 15:22:00,PE,ATM-3,16.093373,3026550,24450.0,24610.45,25.6,25.6,24.3,24.6,300075,1749030720
2025-06-04 15:23:00,PE,ATM-3,16.238018,3026550,24450.0,24611.25,25.25,25.25,24.75,24.95,208350,1749030780
2025-06-04 15:24:00,PE,ATM-3,16.317306,3026550,24450.0,24607.15,25.3,26.1,25.1,26.1,285975,1749030840
2025-06-04 15:25:00,PE,ATM-3,16.306004,2918850,24450.0,24610.6,26.3,26.45,24.85,25.3,460725,1749030900
2025-06-04 15:26:00,PE,ATM-3,16.357175,2918850,24450.0,24613.8,25.05,25.7,24.8,24.8,155175,1749030960
2025-06-04 15:27:00,PE,ATM-3,16.160311,2918850,24450.0,24615.8,24.75,25.2,23.65,23.65,337875,1749031020
2025-06-04 15:28:00,PE,ATM-3,16.088037,2735700,24450.0,24617.9,23.95,23.95,22.05,22.95,408975,1749031080
2025-06-04 15:29:00,PE,ATM-3,15.78041,2735700,24450.0,24612.0,23.3,23.45,22.55,23.0,380100,1749031140
2025-06-05 09:15:00,PE,ATM-3,25.618522,9103575,24500.0,24661.6,24.0,24.0,12.45,14.8,3783150,1749095100
2025-06-05 09:16:00,PE,ATM-3,26.252944,9103575,24500.0,24627.1,12.95,28.05,12.35,22.6,4920375,1749095160
2025-06-05 09:17:00,PE,ATM-3,24.181517,9103575,24500.0,24636.4,21.1,21.35,16.7,16.7,3580725,1749095220
2025-06-05 09:18:00,PE,ATM-3,25.239544,3078975,24450.0,24624.5,11.9,14.45,11.75,12.0,1381275,1749095280
2025-06-05 09:19:00,PE,ATM-3,23.865639,9973950,24500.0,24627.3,17.6,17.9,15.25,17.8,2942700,1749095340
2025-06-05 09:20:00,PE,ATM-3,22.84631,9973950,24500.0,24631.5,17.65,19.35,15.1,15.1,3249225,1749095400
2025-06-05 09:21:00,PE,ATM-3,22.73653,11143950,24500.0,24643.4,14.9,14.9,12.6,12.8,2797275,1749095460
2025-06-05 09:22:00,PE,ATM-3,23.243163,11143950,24500.0,24653.9,12.4,13.35,11.55,11.9,2364450,1749095520
2025-06-05 09:23:00,PE,ATM-3,23.551185,11143950,24500.0,24658.05,12.1,12.5,11.15,11.7,1896975,1749095580
2025-06-05 09:24:00,PE,ATM-3,24.540472,12320100,24500.0,24666.8,11.75,12.5,11.0,11.85,1891725,1749095640
2025-06-05 09:25:00,PE,ATM-3,24.883428,7565250,24550.0,24684.5,17.05,20.5,17.05,17.95,2980200,1749095700
2025-06-05 09:26:00,PE,ATM-3,25.698202,7565250,24550.0,24687.85,18.2,19.8,18.2,18.7,2606475,1749095760
2025-06-05 09:27:00,PE,ATM-3,27.193701,7054575,24550.0,24706.3,18.45,19.5,16.95,17.75,2043825,1749095820
2025-06-05 09:28:00,PE,ATM-3,27.093143,7054575,24550.0,24704.2,18.0,18.5,16.85,17.9,1354275,1749095880
2025-06-05 09:29:00,PE,ATM-3,26.450449,7054575,24550.0,24715.5,18.0,18.35,14.8,14.8,2265600,1749095940
2025-06-05 09:30:00,PE,ATM-3,26.199057,7046925,24550.0,24709.1,15.6,16.1,14.25,15.4,2238075,1749096000
2025-06-05 09:31:00,PE,ATM-3,25.810165,7046925,24550.0,24715.7,14.8,15.6,13.5,13.65,1422300,1749096060
2025-06-05 09:32:00,PE,ATM-3,25.345952,7046925,24550.0,24713.0,13.7,13.9,12.6,13.3,1476075,1749096120
2025-06-05 09:33:00,PE,ATM-3,26.32628,18859350,24600.0,24733.45,21.05,21.15,18.5,20.4,4571100,1749096180
2025-06-05 09:34:00,PE,ATM-3,25.253043,18859350,24600.0,24737.3,20.25,21.3,17.6,17.6,3214875,1749096240
2025-06-05 09:35:00,PE,ATM-3,25.732277,18859350,24600.0,24744.25,18.25,19.05,16.85,17.05,3022950,1749096300
2025-06-05 09:36:00,PE,ATM-3,25.789876,19030800,24600.0,24741.55,17.3,17.6,15.85,17.6,3304500,1749096360
2025-06-05 09:37:00,PE,ATM-3,25.275812,19030800,24600.0,24736.55,17.6,18.9,17.05,17.6,2875200,1749096420
2025-06-05 09:38:00,PE,ATM-3,25.74063,19030800,24600.0,24746.3,17.8,18.0,15.8,16.5,2109750,1749096480
2025-06-05 09:39:00,PE,ATM-3,24.719531,19971900,24600.0,24737.1,16.3,16.95,15.7,16.4,1741575,1749096540
2025-06-05 09:40:00,PE,ATM-3,24.658918,19971900,24600.0,24743.05,16.35,16.35,14.45,15.15,2923575,1749096600
2025-06-05 09:41:00,PE,ATM-3,24.911634,19971900,24600.0,24743.4,15.05,16.05,14.8,15.45,1706850,1749096660
2025-06-05 09:42:00,PE,ATM-3,24.981854,20853525,24600.0,24745.7,15.35,15.75,14.85,15.1,1622700,1749096720
2025-06-05 09:43:00,PE,ATM-3,24.360279,20853525,24600.0,24737.1,15.0,15.6,14.05,15.55,2027775,1749096780
2025-06-05 09:44:00,PE,ATM-3,24.212043,20853525,24600.0,24747.15,15.55,16.6,12.3,13.5,4610775,1749096840
2025-06-05 09:45:00,PE,ATM-3,25.324693,21403125,24600.0,24756.25,13.45,14.7,13.25,13.7,2640375,1749096900
2025-06-05 09:46:00,PE,ATM-3,24.195634,21403125,24600.0,24749.4,13.6,13.95,12.9,13.0,1696800,1749096960
2025-06-05 09:47:00,PE,ATM-3,24.084909,21403125,24600.0,24754.4,13.15,13.75,11.65,12.0,2711475,1749097020
2025-06-05 09:48:00,PE,ATM-3,23.878355,21777600,24600.0,24752.7,12.25,12.5,11.55,11.9,2601600,1749097080
2025-06-05 09:49:00,PE,ATM-3,23.691699,21777600,24600.0,24751.2,11.8,12.15,11.6,11.8,1663800,1749097140
2025-06-05 09:50:00,PE,ATM-3,23.677946,21777600,24600.0,24757.55,11.75,12.35,10.8,10.8,2034675,1749097200
2025-06-05 09:51:00,PE,ATM-3,23.696939,22122600,24600.0,24755.3,10.95,11.55,10.65,11.1,2117175,1749097260
2025-06-05 09:52:00,PE,ATM-3,23.102551,22122600,24600.0,24756.5,11.1,11.2,10.05,10.05,1896450,1749097320
2025-06-05 09:53:00,PE,ATM-3,23.023512,22122600,24600.0,24756.1,10.35,10.35,9.3,9.95,3065100,1749097380
2025-06-05 09:54:00,PE,ATM-3,23.311205,22897275,24600.0,24753.6,9.9,10.7,9.55,10.65,1763925,1749097440
2025-06-05 09:55:00,PE,ATM-3,22.755953,22897275,24600.0,24742.45,10.65,11.9,10.4,11.45,2291700,1749097500
2025-06-05 09:56:00,PE,ATM-3,23.151473,22897275,24600.0,24752.4,11.2,11.7,10.5,10.5,1758300,1749097560
2025-06-05 09:57:00,PE,ATM-3,23.017924,23498325,24600.0,24751.45,10.55,10.75,10.05,10.4,1635000,1749097620
2025-06-05 09:58:00,PE,ATM-3,22.965088,23498325,24600.0,24751.3,10.45,11.05,10.25,10.3,1293900,1749097680
2025-06-05 09:59:00,PE,ATM-3,23.035099,23498325,24600.0,24749.2,10.3,10.8,10.1,10.65,1226925,1749097740
2025-06-05 10:00:00,PE,ATM-3,22.929342,24190275,24600.0,24754.25,10.35,10.4,9.75,9.75,1951050,1749097800
2025-06-05 10:01:00,PE,ATM-3,22.330174,24190275,24600.0,24753.95,9.75,10.0,8.65,8.95,2595075,1749097860
2025-06-05 10:02:00,PE,ATM-3,23.835638,24190275,24600.0,24754.6,9.05,10.85,9.0,10.85,1960350,1749097920
2025-06-05 10:03:00,PE,ATM-3,23.522985,23987850,24600.0,24752.6,10.65,11.7,10.65,10.65,1993050,1749097980
2025-06-05 10:04:00,PE,ATM-3,23.447745,23987850,24600.0,24748.1,10.8,12.1,10.65,11.15,2536950,1749098040
2025-06-05 10:05:00,PE,ATM-3,23.509699,23987850,24600.0,24747.35,11.0,11.6,10.6,11.3,1445850,1749098100
2025-06-05 10:06:00,PE,ATM-3,23.28663,24470475,24600.0,24743.25,11.35,11.9,11.35,11.55,1320825,1749098160
2025-06-05 10:07:00,PE,ATM-3,22.47579,24470475,24600.0,24735.3,11.3,12.7,10.7,11.55,3303225,1749098220
2025-06-05 10:08:00,PE,ATM-3,22.236327,24470475,24600.0,24732.75,11.7,11.8,11.0,11.55,1865925,1749098280
2025-06-05 10:09:00,PE,ATM-3,21.383565,24454950,24600.0,24734.45,11.45,11.9,9.85,10.0,3484875,1749098340
2025-06-05 10:10:00,PE,ATM-3,22.158359,24454950,24600.0,24737.15,10.1,11.1,9.75,10.65,2020200,1749098400
2025-06-05 10:11:00,PE,ATM-3,22.03453,24454950,24600.0,24736.65,10.55,11.5,10.45,10.5,1448925,1749098460
2025-06-05 10:12:00,PE,ATM-3,22.961289,24002475,24600.0,24737.25,10.5,12.35,10.4,11.7,1902825,1749098520
2025-06-05 10:13:00,PE,ATM-3,22.090796,24002475,24600.0,24727.1,12.0,13.6,11.65,12.0,4713975,1749098580
2025-06-05 10:14:00,PE,ATM-3,21.528776,24002475,24600.0,24732.25,12.25,12.25,10.3,10.3,1905975,1749098640
2025-06-05 10:15:00,PE,ATM-3,21.635511,23684100,24600.0,24733.6,10.35,10.65,9.65,10.2,2131800,1749098700
2025-06-05 10:16:00,PE,ATM-3,21.205147,23684100,24600.0,24727.95,10.0,10.45,9.15,10.4,1975425,1749098760
2025-06-05 10:17:00,PE,ATM-3,20.71968,23684100,24600.0,24726.05,10.65,10.7,9.8,9.95,1505775,1749098820
2025-06-05 10:18:00,PE,ATM-3,23.027568,9386175,24550.0,24714.4,6.5,8.1,6.5,7.75,1573125,1749098880
2025-06-05 10:19:00,PE,ATM-3,22.991344,9386175,24550.0,24720.0,7.9,7.9,6.85,7.05,1219800,1749098940
2025-06-05 10:20:00,PE,ATM-3,23.079865,9386175,24550.0,24719.6,7.05,7.6,6.9,7.15,1042575,1749099000
2025-06-05 10:21:00,PE,ATM-3,22.985292,9598125,24550.0,24720.6,7.3,7.4,6.65,6.9,559350,1749099060
2025-06-05 10:22:00,PE,ATM-3,20.825143,24056325,24600.0,24725.5,10.3,10.5,9.4,9.95,2367150,1749099120
2025-06-05 10:23:00,PE,ATM-3,22.50863,9598125,24550.0,24722.8,6.4,6.45,5.8,6.1,1332375,1749099180
2025-06-05 10:24:00,PE,ATM-3,20.815172,24598350,24600.0,24734.85,9.75,9.9,8.3,8.5,2347875,1749099240
2025-06-05 10:25:00,PE,ATM-3,20.757329,24598350,24600.0,24736.6,8.65,8.65,7.7,8.15,3617700,1749099300
2025-06-05 10:26:00,PE,ATM-3,20.745436,24598350,24600.0,24730.65,8.15,8.9,7.8,8.9,1721775,1749099360
2025-06-05 10:27:00,PE,ATM-3,22.371007,9349275,24550.0,24721.9,5.7,6.15,5.65,5.9,720825,1749099420
2025-06-05 10:28:00,PE,ATM-3,20.32771,23994975,24600.0,24726.45,9.05,9.25,8.8,8.85,1021650,1749099480
2025-06-05 10:29:00,PE,ATM-3,22.009894,9349275,24550.0,24723.85,5.75,5.9,5.3,5.3,520575,1749099540
2025-06-05 10:30:00,PE,ATM-3,21.814593,9334425,24550.0,24715.95,5.3,5.8,5.3,5.8,873450,1749099600
2025-06-05 10:31:00,PE,ATM-3,19.684788,24244875,24600.0,24725.2,8.95,8.95,8.0,8.05,1239300,1749099660
2025-06-05 10:32:00,PE,ATM-3,21.955589,9334425,24550.0,24724.4,5.3,5.3,4.85,5.1,937725,1749099720
2025-06-05 10:33:00,PE,ATM-3,22.251247,9361500,24550.0,24724.3,5.05,5.35,4.95,5.35,755550,1749099780
2025-06-05 10:34:00,PE,ATM-3,22.351851,9361500,24550.0,24721.65,5.35,5.75,5.3,5.65,584250,1749099840
2025-06-05 10:35:00,PE,ATM-3,21.619464,9361500,24550.0,24718.5,5.55,5.6,5.2,5.2,704325,1749099900
2025-06-05 10:36:00,PE,ATM-3,21.972611,9376875,24550.0,24716.9,5.25,5.75,5.1,5.65,977700,1749099960
2025-06-05 10:37:00,PE,ATM-3,21.328554,9376875,24550.0,24717.5,5.75,5.75,4.95,4.95,564825,1749100020
2025-06-05 10:38:00,PE,ATM-3,21.487543,9376875,24550.0,24715.4,5.0,5.3,4.95,5.25,610125,1749100080
2025-06-05 10:39:00,PE,ATM-3,21.562345,9300300,24550.0,24719.8,5.3,5.3,4.8,4.9,572775,1749100140
2025-06-05 10:40:00,PE,ATM-3,21.411774,9300300,24550.0,24722.65,4.85,4.9,4.5,4.5,911625,1749100200
2025-06-05 10:41:00,PE,ATM-3,21.244089,9300300,24550.0,24720.45,4.6,4.9,4.35,4.5,1170075,1749100260
2025-06-05 10:42:00,PE,ATM-3,21.752069,9165375,24550.0,24717.75,4.45,5.15,4.4,5.15,879300,1749100320
2025-06-05 10:43:00,PE,ATM-3,22.070341,9165375,24550.0,24719.0,5.15,5.3,5.05,5.3,963150,1749100380
2025-06-05 10:44:00,PE,ATM-3,21.720743,9165375,24550.0,24718.35,5.2,5.3,4.85,5.0,651975,1749100440
2025-06-05 10:45:00,PE,ATM-3,22.10121,9062475,24550.0,24719.65,5.0,5.2,4.95,5.2,473925,1749100500
2025-06-05 10:46:00,PE,ATM-3,22.133076,9062475,24550.0,24720.15,5.15,5.55,5.1,5.15,802650,1749100560
2025-06-05 10:47:00,PE,ATM-3,21.24581,9062475,24550.0,24711.1,5.15,5.2,4.85,5.1,653400,1749100620
2025-06-05 10:48:00,PE,ATM-3,21.852725,9131325,24550.0,24717.0,5.1,5.4,4.95,5.1,741600,1749100680
2025-06-05 10:49:00,PE,ATM-3,22.470328,9131325,24550.0,24706.05,5.25,6.75,5.25,6.75,2726175,1749100740
2025-06-05 10:50:00,PE,ATM-3,22.659655,9131325,24550.0,24704.35,7.0,7.65,6.35,7.1,2615775,1749100800
2025-06-05 10:51:00,PE,ATM-3,22.040397,8584725,24550.0,24702.0,6.95,7.5,6.2,6.65,1794825,1749100860
2025-06-05 10:52:00,PE,ATM-3,22.283915,8584725,24550.0,24693.7,6.8,8.35,6.35,7.85,2428275,1749100920
2025-06-05 10:53:00,PE,ATM-3,22.473552,8584725,24550.0,24694.7,7.9,8.95,7.65,7.9,2524650,1749100980
2025-06-05 10:54:00,PE,ATM-3,23.148007,8428875,24550.0,24693.95,7.95,8.75,7.75,8.75,1513125,1749101040
2025-06-05 10:55:00,PE,ATM-3,22.698564,8428875,24550.0,24696.45,8.85,8.95,7.7,7.85,1942500,1749101100
2025-06-05 10:56:00,PE,ATM-3,21.881298,8428875,24550.0,24695.05,7.55,7.6,6.7,7.05,1510500,1749101160
2025-06-05 10:57:00,PE,ATM-3,23.153305,8547075,24550.0,24698.3,6.85,8.25,6.85,8.05,1674300,1749101220
2025-06-05 10:58:00,PE,ATM-3,22.530048,8547075,24550.0,24694.55,8.1,8.15,7.3,7.75,998025,1749101280
2025-06-05 10:59:00,PE,ATM-3,24.476248,8547075,24550.0,24704.55,7.8,8.75,7.65,8.7,1015200,1749101340
2025-06-05 11:00:00,PE,ATM-3,23.662926,8353275,24550.0,24705.6,8.5,8.55,7.5,7.6,1316400,1749101400
2025-06-05 11:01:00,PE,ATM-3,24.445874,8353275,24550.0,24706.65,7.55,8.85,7.55,8.3,1260000,1749101460
2025-06-05 11:02:00,PE,ATM-3,23.553833,8353275,24550.0,24702.5,8.2,8.7,7.75,7.75,876525,1749101520
2025-06-05 11:03:00,PE,ATM-3,23.756112,8291700,24550.0,24707.85,7.85,7.85,6.95,7.3,1435800,1749101580
2025-06-05 11:04:00,PE,ATM-3,24.711517,8291700,24550.0,24709.5,7.2,8.45,7.1,8.1,1005150,1749101640
2025-06-05 11:05:00,PE,ATM-3,24.400737,8291700,24550.0,24714.0,8.1,8.15,7.2,7.2,923400,1749101700
2025-06-05 11:06:00,PE,ATM-3,23.645744,8365575,24550.0,24709.15,7.2,7.4,6.6,6.9,1162875,1749101760
2025-06-05 11:07:00,PE,ATM-3,23.143079,8365575,24550.0,24709.1,6.8,6.8,6.15,6.35,692475,1749101820
2025-06-05 11:08:00,PE,ATM-3,23.337147,8365575,24550.0,24704.5,6.2,7.05,5.75,7.0,1205175,1749101880
2025-06-05 11:09:00,PE,ATM-3,22.970683,8548650,24550.0,24705.2,6.8,7.05,6.4,6.5,602475,1749101940
2025-06-05 11:10:00,PE,ATM-3,22.810702,8548650,24550.0,24706.6,6.5,6.5,5.9,6.15,617025,1749102000
2025-06-05 11:11:00,PE,ATM-3,22.757253,8548650,24550.0,24706.65,6.15,6.85,5.95,6.05,983175,1749102060
2025-06-05 11:12:00,PE,ATM-3,23.676089,8628150,24550.0,24705.55,5.85,7.15,5.85,7.05,839925,1749102120
2025-06-05 11:13:00,PE,ATM-3,23.123489,8628150,24550.0,24705.45,7.0,7.5,6.45,6.45,1074300,1749102180
2025-06-05 11:14:00,PE,ATM-3,22.79946,8628150,24550.0,24708.8,6.45,6.6,5.7,5.75,803025,1749102240
2025-06-05 11:15:00,PE,ATM-3,23.738599,8761575,24550.0,24710.4,5.7,6.45,5.55,6.45,1064850,1749102300
2025-06-05 11:16:00,PE,ATM-3,23.893517,8761575,24550.0,24716.4,6.55,6.85,5.95,5.95,987150,1749102360
2025-06-05 11:17:00,PE,ATM-3,23.838208,8761575,24550.0,24713.9,6.0,6.35,5.9,6.1,454575,1749102420
2025-06-05 11:18:00,PE,ATM-3,23.220999,8738325,24550.0,24713.75,6.05,6.05,5.5,5.5,581100,1749102480
2025-06-05 11:19:00,PE,ATM-3,23.465417,8738325,24550.0,24714.6,5.5,5.85,5.5,5.6,496950,1749102540
2025-06-05 11:20:00,PE,ATM-3,23.551268,8738325,24550.0,24714.45,5.65,5.75,5.25,5.65,692025,1749102600
2025-06-05 11:21:00,PE,ATM-3,24.026509,8787600,24550.0,24714.4,5.7,6.05,5.65,6.05,614850,1749102660
2025-06-05 11:22:00,PE,ATM-3,24.266263,8787600,24550.0,24723.15,5.9,6.05,5.4,5.4,746325,1749102720
2025-06-05 11:23:00,PE,ATM-3,22.398,21344400,24600.0,24733.35,8.8,8.8,7.75,7.85,3832725,1749102780
2025-06-05 11:24:00,PE,ATM-3,22.711555,21538125,24600.0,24733.4,7.85,8.5,7.7,8.15,1957800,1749102840
2025-06-05 11:25:00,PE,ATM-3,23.81879,21538125,24600.0,24747.45,8.2,8.55,7.5,7.55,3936900,1749102900
2025-06-05 11:26:00,PE,ATM-3,23.616374,21538125,24600.0,24744.0,7.5,8.0,7.4,7.7,1779900,1749102960
2025-06-05 11:27:00,PE,ATM-3,23.672696,21739875,24600.0,24745.3,7.75,7.75,7.45,7.55,1249875,1749103020
2025-06-05 11:28:00,PE,ATM-3,23.131952,21739875,24600.0,24746.0,7.5,7.5,6.8,6.85,2306325,1749103080
2025-06-05 11:29:00,PE,ATM-3,22.399737,21739875,24600.0,24736.95,6.9,7.25,6.85,7.1,1794375,1749103140
2025-06-05 11:30:00,PE,ATM-3,22.103857,21976275,24600.0,24738.15,7.1,7.15,6.6,6.6,2274525,1749103200
2025-06-05 11:31:00,PE,ATM-3,21.718251,21976275,24600.0,24733.9,6.7,6.95,6.35,6.65,2051100,1749103260
2025-06-05 11:32:00,PE,ATM-3,21.527168,21976275,24600.0,24736.6,6.65,6.65,6.1,6.1,1783125,1749103320
2025-06-05 11:33:00,PE,ATM-3,21.242266,22048425,24600.0,24735.0,6.05,6.35,5.8,5.95,2318250,1749103380
2025-06-05 11:34:00,PE,ATM-3,21.498607,22048425,24600.0,24736.9,5.9,6.05,5.6,5.95,1703700,1749103440
2025-06-05 11:35:00,PE,ATM-3,21.499822,22048425,24600.0,24732.95,6.0,6.4,5.95,6.35,1315200,1749103500
2025-06-05 11:36:00,PE,ATM-3,21.732011,22071525,24600.0,24733.3,6.15,6.5,5.95,6.5,1333875,1749103560
2025-06-05 11:37:00,PE,ATM-3,21.82038,22071525,24600.0,24734.1,6.4,6.8,6.35,6.45,1310850,1749103620
2025-06-05 11:38:00,PE,ATM-3,21.480665,22071525,24600.0,24732.45,6.4,6.45,6.1,6.25,952275,1749103680
2025-06-05 11:39:00,PE,ATM-3,21.775995,22184025,24600.0,24732.9,6.25,6.45,6.1,6.45,835500,1749103740
2025-06-05 11:40:00,PE,ATM-3,22.03299,22184025,24600.0,24734.3,6.5,6.7,6.35,6.5,1083075,1749103800
2025-06-05 11:41:00,PE,ATM-3,22.106816,22184025,24600.0,24734.1,6.5,6.7,6.4,6.55,906225,1749103860
2025-06-05 11:42:00,PE,ATM-3,21.885119,22139025,24600.0,24731.35,6.45,6.65,6.25,6.6,764475,1749103920
2025-06-05 11:43:00,PE,ATM-3,21.758956,22139025,24600.0,24731.55,6.5,6.65,6.35,6.4,827550,1749103980
2025-06-05 11:44:00,PE,ATM-3,21.725302,22139025,24600.0,24728.75,6.4,6.7,6.25,6.65,996300,1749104040
2025-06-05 11:45:00,PE,ATM-3,23.733162,8801700,24550.0,24723.95,4.1,4.15,3.95,4.0,376800,1749104100
2025-06-05 11:46:00,PE,ATM-3,21.370547,22344825,24600.0,24727.0,6.55,6.6,6.2,6.4,990300,1749104160
2025-06-05 11:47:00,PE,ATM-3,23.543256,8801700,24550.0,24723.85,3.95,3.95,3.75,3.8,434925,1749104220
2025-06-05 11:48:00,PE,ATM-3,24.106175,8841000,24550.0,24721.4,3.8,4.4,3.65,4.35,766575,1749104280
2025-06-05 11:49:00,PE,ATM-3,24.266248,8841000,24550.0,24716.3,4.3,4.9,4.3,4.85,1326600,1749104340
2025-06-05 11:50:00,PE,ATM-3,24.241226,8841000,24550.0,24719.15,4.65,4.8,4.4,4.55,986925,1749104400
2025-06-05 11:51:00,PE,ATM-3,24.454405,8645100,24550.0,24721.25,4.5,4.6,4.35,4.5,413550,1749104460
2025-06-05 11:52:00,PE,ATM-3,24.552746,8645100,24550.0,24719.2,4.45,4.8,4.35,4.7,652050,1749104520
2025-06-05 11:53:00,PE,ATM-3,25.072837,8645100,24550.0,24723.5,4.6,4.95,4.6,4.7,898425,1749104580
2025-06-05 11:54:00,PE,ATM-3,23.690516,21348375,24600.0,24733.3,8.15,8.35,7.45,7.6,1716075,1749104640
2025-06-05 11:55:00,PE,ATM-3,24.810452,8399850,24550.0,24721.85,4.55,4.65,4.35,4.55,676275,1749104700
2025-06-05 11:56:00,PE,ATM-3,23.625924,21348375,24600.0,24727.0,7.7,8.5,7.7,8.25,1854975,1749104760
2025-06-05 11:57:00,PE,ATM-3,24.248271,21396225,24600.0,24732.65,8.15,8.2,7.9,8.1,988050,1749104820
2025-06-05 11:58:00,PE,ATM-3,24.372364,21396225,24600.0,24733.95,8.0,8.15,7.8,8.0,1008825,1749104880
2025-06-05 11:59:00,PE,ATM-3,25.089668,21396225,24600.0,24742.05,8.0,8.2,7.55,7.65,2142900,1749104940
2025-06-05 12:00:00,PE,ATM-3,25.575125,21082800,24600.0,24745.95,7.6,7.95,7.5,7.6,1379175,1749105000
2025-06-05 12:01:00,PE,ATM-3,26.308834,21082800,24600.0,24754.05,7.5,7.7,7.2,7.3,1652850,1749105060
2025-06-05 12:02:00,PE,ATM-3,27.029691,21082800,24600.0,24757.35,7.25,7.65,7.05,7.55,2419650,1749105120
2025-06-05 12:03:00,PE,ATM-3,28.805303,12694350,24650.0,24786.15,14.35,14.5,12.15,12.45,6365850,1749105180
2025-06-05 12:04:00,PE,ATM-3,29.253938,12694350,24650.0,24798.95,11.75,12.25,10.8,10.9,4267350,1749105240
2025-06-05 12:05:00,PE,ATM-3,29.524574,12694350,24650.0,24807.6,10.75,11.15,9.65,9.9,4463250,1749105300
2025-06-05 12:06:00,PE,ATM-3,31.325693,12618900,24650.0,24824.45,9.35,9.85,9.05,9.5,4016700,1749105360
2025-06-05 12:07:00,PE,ATM-3,31.281927,12618900,24650.0,24816.55,9.45,10.4,8.7,10.4,4144875,1749105420
2025-06-05 12:08:00,PE,ATM-3,31.156544,12618900,24650.0,24814.6,10.3,11.5,10.25,10.45,2286900,1749105480
2025-06-05 12:09:00,PE,ATM-3,30.272902,12939150,24650.0,24818.6,10.2,10.2,8.7,8.95,1847025,1749105540
2025-06-05 12:10:00,PE,ATM-3,31.30782,12939150,24650.0,24821.05,8.8,9.7,8.8,9.6,1640625,1749105600
2025-06-05 12:11:00,PE,ATM-3,33.252426,19611450,24700.0,24846.9,18.1,18.65,14.85,15.45,4939800,1749105660
2025-06-05 12:12:00,PE,ATM-3,33.166425,19692150,24700.0,24860.75,15.05,15.7,12.95,12.95,5695950,1749105720
2025-06-05 12:13:00,PE,ATM-3,34.49034,19692150,24700.0,24865.1,13.25,14.5,12.9,13.7,4883775,1749105780
2025-06-05 12:14:00,PE,ATM-3,36.637939,19692150,24700.0,24869.55,13.95,15.95,13.7,15.4,3255525,1749105840
2025-06-05 12:15:00,PE,ATM-3,36.895444,11592825,24750.0,24880.6,25.3,26.8,22.8,23.3,2578875,1749105900
2025-06-05 12:16:00,PE,ATM-3,37.264672,11592825,24750.0,24886.4,23.0,23.6,21.1,22.4,2712450,1749105960
2025-06-05 12:17:00,PE,ATM-3,37.410015,11592825,24750.0,24880.9,22.4,24.5,20.55,23.7,2149200,1749106020
2025-06-05 12:18:00,PE,ATM-3,35.564319,19220850,24700.0,24856.9,14.5,16.1,14.1,15.8,3043650,1749106080
2025-06-05 12:19:00,PE,ATM-3,34.31273,19220850,24700.0,24852.4,15.7,15.7,14.4,14.95,2863050,1749106140
2025-06-05 12:20:00,PE,ATM-3,34.534751,19220850,24700.0,24856.6,14.9,14.9,13.85,14.4,3159675,1749106200
2025-06-05 12:21:00,PE,ATM-3,32.544624,20143875,24700.0,24846.1,14.05,14.8,13.7,13.7,2042325,1749106260
2025-06-05 12:22:00,PE,ATM-3,33.588631,20143875,24700.0,24851.05,13.2,14.05,13.2,14.0,1982100,1749106320
2025-06-05 12:23:00,PE,ATM-3,33.912458,20143875,24700.0,24851.8,14.0,14.35,13.15,14.15,1865025,1749106380
2025-06-05 12:24:00,PE,ATM-3,33.317487,19547475,24700.0,24843.25,14.15,16.35,13.85,14.8,3730050,1749106440
2025-06-05 12:25:00,PE,ATM-3,32.81697,19547475,24700.0,24830.35,14.1,16.5,14.1,16.45,2901525,1749106500
2025-06-05 12:26:00,PE,ATM-3,32.115274,12218775,24650.0,24814.45,9.65,12.15,9.3,9.95,4689525,1749106560
2025-06-05 12:27:00,PE,ATM-3,31.107264,12070200,24650.0,24809.65,10.25,10.25,8.95,9.5,2592450,1749106620
2025-06-05 12:28:00,PE,ATM-3,31.082405,12070200,24650.0,24808.45,9.4,9.6,8.7,9.55,2199900,1749106680
2025-06-05 12:29:00,PE,ATM-3,31.358067,12070200,24650.0,24822.1,9.3,9.3,8.0,8.05,2062650,1749106740
2025-06-05 12:30:00,PE,ATM-3,31.107436,18776550,24700.0,24832.3,14.3,14.3,12.05,13.45,4250175,1749106800
2025-06-05 12:31:00,PE,ATM-3,31.606022,11823300,24650.0,24824.45,7.55,8.1,7.25,7.85,1704900,1749106860
2025-06-05 12:32:00,PE,ATM-3,32.147675,18776550,24700.0,24834.15,14.4,15.25,13.6,14.15,1900050,1749106920
2025-06-05 12:33:00,PE,ATM-3,30.100647,18776550,24700.0,24829.85,14.05,14.05,12.1,12.4,2659050,1749106980
2025-06-05 12:34:00,PE,ATM-3,30.486914,12014400,24650.0,24815.1,6.7,7.7,6.25,7.7,1987050,1749107040
2025-06-05 12:35:00,PE,ATM-3,29.685336,12014400,24650.0,24814.55,7.6,8.7,6.95,7.0,2440875,1749107100
2025-06-05 12:36:00,PE,ATM-3,29.936075,12014400,24650.0,24812.65,7.0,7.75,6.65,7.35,1541250,1749107160
2025-06-05 12:37:00,PE,ATM-3,30.347667,12071700,24650.0,24815.6,7.5,7.85,6.7,7.3,1809525,1749107220
2025-06-05 12:38:00,PE,ATM-3,30.59223,12071700,24650.0,24815.9,7.4,7.75,7.0,7.4,1208175,1749107280
2025-06-05 12:39:00,PE,ATM-3,29.925023,11842350,24650.0,24810.15,7.4,9.05,7.35,7.4,2722950,1749107340
2025-06-05 12:40:00,PE,ATM-3,30.468296,11842350,24650.0,24819.15,7.3,7.95,6.6,6.8,2090550,1749107400
2025-06-05 12:41:00,PE,ATM-3,30.710077,18594225,24700.0,24825.5,13.25,13.5,11.2,13.05,3731925,1749107460
2025-06-05 12:42:00,PE,ATM-3,31.541276,18594225,24700.0,24827.5,13.0,13.6,12.75,13.55,2247450,1749107520
2025-06-05 12:43:00,PE,ATM-3,34.39107,18847575,24700.0,24829.5,13.6,16.7,13.5,16.45,2997375,1749107580
2025-06-05 12:44:00,PE,ATM-3,33.032555,11850675,24650.0,24817.95,8.7,8.95,8.15,8.8,1151025,1749107640
2025-06-05 12:45:00,PE,ATM-3,32.570691,11850675,24650.0,24822.8,8.75,8.95,7.7,7.75,1416075,1749107700
2025-06-05 12:46:00,PE,ATM-3,31.936449,11541750,24650.0,24823.75,7.9,8.0,6.9,7.05,1170600,1749107760
2025-06-05 12:47:00,PE,ATM-3,31.84491,11541750,24650.0,24821.85,7.1,7.15,6.3,7.1,1157400,1749107820
2025-06-05 12:48:00,PE,ATM-3,31.230822,11541750,24650.0,24816.05,7.2,8.5,7.15,7.15,1983525,1749107880
2025-06-05 12:49:00,PE,ATM-3,30.650574,11682450,24650.0,24814.25,7.2,7.3,6.6,6.8,1388850,1749107940
2025-06-05 12:50:00,PE,ATM-3,30.91131,11682450,24650.0,24814.55,6.85,7.15,6.45,6.9,1391775,1749108000
2025-06-05 12:51:00,PE,ATM-3,31.374763,11682450,24650.0,24813.15,7.05,8.2,6.85,7.35,1799925,1749108060
2025-06-05 12:52:00,PE,ATM-3,32.273426,11864400,24650.0,24814.15,7.35,8.25,7.35,7.9,1326300,1749108120
2025-06-05 12:53:00,PE,ATM-3,31.77061,11864400,24650.0,24815.5,7.85,8.1,7.2,7.25,958200,1749108180
2025-06-05 12:54:00,PE,ATM-3,32.07626,18495075,24700.0,24825.7,14.4,14.4,12.35,13.15,2238450,1749108240
2025-06-05 12:55:00,PE,ATM-3,31.38907,12021900,24650.0,24814.45,6.65,7.25,6.45,6.9,935625,1749108300
2025-06-05 12:56:00,PE,ATM-3,31.158559,12021900,24650.0,24813.9,6.75,6.8,6.4,6.7,887175,1749108360
2025-06-05 12:57:00,PE,ATM-3,29.246276,12021900,24650.0,24795.35,6.75,9.9,6.75,7.15,5671725,1749108420
2025-06-05 12:58:00,PE,ATM-3,28.195336,11791125,24650.0,24788.95,7.05,7.5,6.1,6.95,3020175,1749108480
2025-06-05 12:59:00,PE,ATM-3,29.336576,11791125,24650.0,24796.35,7.0,7.35,6.35,6.95,2234100,1749108540
2025-06-05 13:00:00,PE,ATM-3,29.652731,11791125,24650.0,24797.9,6.7,7.2,6.45,6.95,1337250,1749108600
2025-06-05 13:01:00,PE,ATM-3,28.700285,12296325,24650.0,24791.8,6.8,7.55,6.5,6.8,1683600,1749108660
2025-06-05 13:02:00,PE,ATM-3,29.340356,12296325,24650.0,24796.5,6.75,7.0,6.45,6.7,808275,1749108720
2025-06-05 13:03:00,PE,ATM-3,29.68153,12296325,24650.0,24801.4,6.7,6.95,6.25,6.35,1231350,1749108780
2025-06-05 13:04:00,PE,ATM-3,30.164922,12457125,24650.0,24800.45,6.45,6.85,6.25,6.75,1073250,1749108840
2025-06-05 13:05:00,PE,ATM-3,31.476717,12457125,24650.0,24815.75,6.65,6.85,5.55,6.05,2664900,1749108900
2025-06-05 13:06:00,PE,ATM-3,31.418408,12457125,24650.0,24818.7,5.95,6.0,5.5,5.65,1633800,1749108960
2025-06-05 13:07:00,PE,ATM-3,31.097144,12191325,24650.0,24811.45,5.55,6.2,5.45,6.05,1390875,1749109020
2025-06-05 13:08:00,PE,ATM-3,29.135621,12191325,24650.0,24802.15,6.0,6.15,5.4,5.5,1404750,1749109080
2025-06-05 13:09:00,PE,ATM-3,29.560758,12191325,24650.0,24793.1,5.55,6.7,5.45,6.7,1814925,1749109140
2025-06-05 13:10:00,PE,ATM-3,29.279997,11969625,24650.0,24796.8,6.5,6.6,5.7,6.0,1542525,1749109200
2025-06-05 13:11:00,PE,ATM-3,29.301381,11969625,24650.0,24795.75,5.95,6.4,5.45,6.05,1650900,1749109260
2025-06-05 13:12:00,PE,ATM-3,29.432121,11969625,24650.0,24797.35,6.05,6.15,5.7,5.9,811650,1749109320
2025-06-05 13:13:00,PE,ATM-3,29.136788,17227275,24600.0,24772.85,2.95,3.55,2.85,3.45,2761275,1749109380
2025-06-05 13:14:00,PE,ATM-3,27.426782,12258825,24650.0,24776.95,7.85,7.85,6.0,6.5,3197400,1749109440
2025-06-05 13:15:00,PE,ATM-3,27.424551,12258825,24650.0,24778.8,6.35,6.6,5.65,6.2,2250825,1749109500
2025-06-05 13:16:00,PE,ATM-3,27.957819,12849450,24650.0,24783.0,6.5,6.5,5.75,6.05,1342275,1749109560
2025-06-05 13:17:00,PE,ATM-3,28.151471,12849450,24650.0,24784.95,6.15,6.5,5.85,5.9,1163625,1749109620
2025-06-05 13:18:00,PE,ATM-3,28.548482,12849450,24650.0,24788.3,5.8,6.25,5.7,5.75,1339725,1749109680
2025-06-05 13:19:00,PE,ATM-3,27.940753,12501150,24650.0,24780.35,5.8,6.1,5.8,6.1,1061700,1749109740
2025-06-05 13:20:00,PE,ATM-3,27.476626,12501150,24650.0,24776.6,5.95,6.45,5.8,6.1,1798800,1749109800
2025-06-05 13:21:00,PE,ATM-3,27.640138,12501150,24650.0,24775.7,6.15,7.9,6.15,6.25,3184200,1749109860
2025-06-05 13:22:00,PE,ATM-3,29.115313,17277675,24600.0,24765.95,3.2,3.4,3.05,3.4,1285650,1749109920
2025-06-05 13:23:00,PE,ATM-3,29.706586,17277675,24600.0,24771.0,3.55,3.75,3.1,3.3,2004900,1749109980
2025-06-05 13:24:00,PE,ATM-3,30.358797,17277675,24600.0,24775.0,3.2,3.3,3.2,3.3,1182975,1749110040
2025-06-05 13:25:00,PE,ATM-3,28.564344,12557475,24650.0,24775.9,6.65,6.7,6.0,6.6,1490625,1749110100
2025-06-05 13:26:00,PE,ATM-3,29.978251,17626575,24600.0,24772.7,3.2,3.4,3.15,3.15,1545150,1749110160
2025-06-05 13:27:00,PE,ATM-3,30.053486,12557475,24650.0,24786.45,6.45,6.7,6.1,6.3,1395525,1749110220
2025-06-05 13:28:00,PE,ATM-3,31.198363,17558775,24600.0,24772.35,3.15,3.7,3.1,3.65,2227425,1749110280
2025-06-05 13:29:00,PE,ATM-3,32.161467,17558775,24600.0,24768.9,3.6,4.4,3.6,4.35,2992725,1749110340
2025-06-05 13:30:00,PE,ATM-3,33.375772,17558775,24600.0,24743.95,4.5,10.2,4.5,7.55,17644650,1749110400
2025-06-05 13:31:00,PE,ATM-3,34.440416,14874525,24600.0,24726.3,7.7,14.5,7.7,10.8,10982025,1749110460
2025-06-05 13:32:00,PE,ATM-3,33.796073,14874525,24600.0,24728.25,11.85,12.4,9.8,9.8,4903500,1749110520
2025-06-05 13:33:00,PE,ATM-3,32.022327,14874525,24600.0,24738.85,9.4,9.4,6.65,6.85,6221625,1749110580
2025-06-05 13:34:00,PE,ATM-3,30.223861,14784150,24600.0,24730.75,6.8,6.8,5.45,6.4,5220975,1749110640
2025-06-05 13:35:00,PE,ATM-3,29.515471,14784150,24600.0,24728.6,6.85,8.65,6.0,6.05,5594025,1749110700
2025-06-05 13:36:00,PE,ATM-3,32.637156,6633150,24550.0,24721.65,3.25,3.85,3.05,3.85,1774275,1749110760
2025-06-05 13:37:00,PE,ATM-3,29.354061,16402200,24600.0,24735.8,6.95,6.95,4.95,5.0,3872175,1749110820
2025-06-05 13:38:00,PE,ATM-3,28.857996,16402200,24600.0,24744.5,4.85,5.25,3.85,3.85,4046400,1749110880
2025-06-05 13:39:00,PE,ATM-3,28.041107,16402200,24600.0,24745.25,3.7,4.0,3.3,3.3,4495725,1749110940
2025-06-05 13:40:00,PE,ATM-3,29.813156,16657875,24600.0,24760.2,3.25,3.3,2.95,3.05,3981150,1749111000
2025-06-05 13:41:00,PE,ATM-3,29.568935,16657875,24600.0,24753.9,3.05,3.3,2.9,3.3,3112575,1749111060
2025-06-05 13:42:00,PE,ATM-3,31.996897,16657875,24600.0,24757.35,3.2,4.2,3.1,4.2,2829525,1749111120
2025-06-05 13:43:00,PE,ATM-3,30.352021,16815225,24600.0,24731.65,4.45,6.45,4.45,5.55,5668350,1749111180
2025-06-05 13:44:00,PE,ATM-3,30.548789,16815225,24600.0,24730.6,5.4,6.8,5.15,5.7,4340475,1749111240
2025-06-05 13:45:00,PE,ATM-3,29.588687,16815225,24600.0,24732.55,5.55,5.75,4.6,4.8,2856375,1749111300
2025-06-05 13:46:00,PE,ATM-3,28.943269,17550000,24600.0,24734.05,4.75,4.75,4.0,4.2,4023300,1749111360
2025-06-05 13:47:00,PE,ATM-3,30.270025,17550000,24600.0,24738.15,4.05,5.2,4.0,4.5,2888325,1749111420
2025-06-05 13:48:00,PE,ATM-3,31.884619,17550000,24600.0,24745.05,4.6,5.0,4.55,4.7,1785675,1749111480
2025-06-05 13:49:00,PE,ATM-3,32.679741,17164875,24600.0,24747.35,4.6,5.0,4.3,4.85,2509575,1749111540
2025-06-05 13:50:00,PE,ATM-3,32.045033,17164875,24600.0,24738.4,4.75,5.4,4.35,5.25,2124300,1749111600
2025-06-05 13:51:00,PE,ATM-3,31.967646,17164875,24600.0,24742.65,5.3,5.35,4.7,4.7,2859375,1749111660
2025-06-05 13:52:00,PE,ATM-3,33.254758,16442250,24600.0,24742.65,4.65,5.55,4.55,5.35,2001525,1749111720
2025-06-05 13:53:00,PE,ATM-3,33.855915,16442250,24600.0,24743.7,5.55,6.2,5.5,5.5,1770150,1749111780
2025-06-05 13:54:00,PE,ATM-3,32.714197,16442250,24600.0,24737.0,5.35,5.65,4.8,5.4,1890525,1749111840
2025-06-05 13:55:00,PE,ATM-3,33.328862,16262700,24600.0,24738.6,5.35,5.9,4.85,5.5,2241225,1749111900
2025-06-05 13:56:00,PE,ATM-3,32.995217,16262700,24600.0,24738.1,5.75,6.4,5.1,5.25,2631675,1749111960
2025-06-05 13:57:00,PE,ATM-3,32.236802,16262700,24600.0,24735.2,5.3,6.2,4.9,5.0,2087850,1749112020
2025-06-05 13:58:00,PE,ATM-3,31.510315,16390575,24600.0,24729.55,5.05,6.05,4.95,5.05,2747175,1749112080
2025-06-05 13:59:00,PE,ATM-3,31.691647,16390575,24600.0,24732.6,5.15,5.2,4.45,4.75,2460675,1749112140
2025-06-05 14:00:00,PE,ATM-3,31.543427,16390575,24600.0,24737.2,4.6,4.6,3.95,4.15,2661000,1749112200
2025-06-05 14:01:00,PE,ATM-3,33.877997,7249800,24550.0,24721.1,2.0,2.65,1.75,2.65,2489475,1749112260
2025-06-05 14:02:00,PE,ATM-3,32.262353,7249800,24550.0,24704.75,2.45,3.65,2.3,2.95,6854850,1749112320
2025-06-05 14:03:00,PE,ATM-3,30.990416,7249800,24550.0,24707.3,2.9,2.9,2.25,2.25,2940750,1749112380
2025-06-05 14:04:00,PE,ATM-3,31.518005,7573425,24550.0,24711.45,2.4,2.4,1.9,2.15,2608500,1749112440
2025-06-05 14:05:00,PE,ATM-3,31.750051,7573425,24550.0,24721.45,2.15,2.15,1.65,1.7,1597425,1749112500
2025-06-05 14:06:00,PE,ATM-3,31.889485,7573425,24550.0,24718.8,1.65,2.0,1.65,1.8,1550325,1749112560
2025-06-05 14:07:00,PE,ATM-3,32.452584,7698750,24550.0,24723.6,1.8,1.85,1.65,1.7,1078725,1749112620
2025-06-05 14:08:00,PE,ATM-3,32.260886,7698750,24550.0,24713.35,1.7,2.05,1.6,2.05,1523550,1749112680
2025-06-05 14:09:00,PE,ATM-3,32.040609,7698750,24550.0,24710.7,2.05,2.25,1.8,2.05,1768650,1749112740
2025-06-05 14:10:00,PE,ATM-3,32.040712,7819350,24550.0,24709.45,2.05,2.2,1.85,2.05,2038425,1749112800
2025-06-05 14:11:00,PE,ATM-3,31.897324,7819350,24550.0,24702.6,2.2,4.05,2.2,2.3,7317975,1749112860
2025-06-05 14:12:00,PE,ATM-3,32.813279,7819350,24550.0,24709.75,2.2,2.25,1.95,2.15,1702950,1749112920
2025-06-05 14:13:00,PE,ATM-3,32.918767,7910625,24550.0,24709.1,2.15,2.4,2.0,2.15,829800,1749112980
2025-06-05 14:14:00,PE,ATM-3,33.371892,7910625,24550.0,24713.55,2.1,2.15,1.95,2.0,1336050,1749113040
2025-06-05 14:15:00,PE,ATM-3,33.067711,7910625,24550.0,24705.5,2.05,2.3,1.9,2.25,1255500,1749113100
2025-06-05 14:16:00,PE,ATM-3,32.910643,8232600,24550.0,24703.25,2.2,2.7,2.2,2.25,1748700,1749113160
2025-06-05 14:17:00,PE,ATM-3,32.754,8232600,24550.0,24702.85,2.25,2.4,2.0,2.15,1220700,1749113220
2025-06-05 14:18:00,PE,ATM-3,33.910858,8232600,24550.0,24712.35,2.2,2.2,1.9,1.95,1212075,1749113280
2025-06-05 14:19:00,PE,ATM-3,34.205188,8275575,24550.0,24713.75,1.9,1.95,1.7,1.9,2720775,1749113340
2025-06-05 14:20:00,PE,ATM-3,33.909256,8275575,24550.0,24706.5,1.9,2.3,1.85,2.1,1491000,1749113400
2025-06-05 14:21:00,PE,ATM-3,33.998066,8275575,24550.0,24705.6,2.05,2.1,1.8,2.1,1810425,1749113460
2025-06-05 14:22:00,PE,ATM-3,33.478573,8298000,24550.0,24707.25,2.05,2.05,1.75,1.8,1523625,1749113520
2025-06-05 14:23:00,PE,ATM-3,34.571541,8298000,24550.0,24709.0,1.8,2.0,1.7,1.95,1799325,1749113580
2025-06-05 14:24:00,PE,ATM-3,35.613335,8298000,24550.0,24710.45,1.9,2.1,1.85,2.1,2205375,1749113640
2025-06-05 14:25:00,PE,ATM-3,36.40902,8223750,24550.0,24715.45,2.1,2.1,1.9,2.0,1514025,1749113700
2025-06-05 14:26:00,PE,ATM-3,34.519701,18173925,24600.0,24729.95,4.25,4.35,3.5,3.55,4427925,1749113760
2025-06-05 14:27:00,PE,ATM-3,35.851068,18173925,24600.0,24739.8,3.65,3.65,2.9,3.2,4321200,1749113820
2025-06-05 14:28:00,PE,ATM-3,34.805764,17989725,24600.0,24737.15,3.1,3.1,2.8,2.9,3710550,1749113880
2025-06-05 14:29:00,PE,ATM-3,34.579965,17989725,24600.0,24729.85,2.8,3.35,2.75,3.25,2934375,1749113940
2025-06-05 14:30:00,PE,ATM-3,36.128497,7994700,24550.0,24721.1,1.55,1.55,1.2,1.35,3326775,1749114000
2025-06-05 14:31:00,PE,ATM-3,35.332285,7938375,24550.0,24717.6,1.4,1.55,1.2,1.25,3678075,1749114060
2025-06-05 14:32:00,PE,ATM-3,34.229214,7938375,24550.0,24717.3,1.3,1.4,0.9,1.0,2154750,1749114120
2025-06-05 14:33:00,PE,ATM-3,32.611617,17855925,24600.0,24736.55,2.1,2.15,1.75,1.8,5027775,1749114180
2025-06-05 14:34:00,PE,ATM-3,34.668397,17341275,24600.0,24741.95,1.85,2.05,1.75,2.0,3682875,1749114240
2025-06-05 14:35:00,PE,ATM-3,31.303843,17341275,24600.0,24733.9,2.0,2.1,1.4,1.45,3168825,1749114300
2025-06-05 14:36:00,PE,ATM-3,31.570404,17341275,24600.0,24729.55,1.45,1.75,1.45,1.65,3437025,1749114360
2025-06-05 14:37:00,PE,ATM-3,31.686679,16953000,24600.0,24731.75,1.65,1.85,1.4,1.5,2766750,1749114420
2025-06-05 14:38:00,PE,ATM-3,32.620716,16953000,24600.0,24739.7,1.5,1.6,1.25,1.3,3652650,1749114480
2025-06-05 14:39:00,PE,ATM-3,31.927364,16953000,24600.0,24738.25,1.3,1.35,1.1,1.15,3047175,1749114540
2025-06-05 14:40:00,PE,ATM-3,32.084483,16549800,24600.0,24743.25,1.15,1.15,0.9,0.95,2856825,1749114600
2025-06-05 14:41:00,PE,ATM-3,34.118937,16549800,24600.0,24750.85,1.0,1.1,0.9,1.0,2959200,1749114660
2025-06-05 14:42:00,PE,ATM-3,34.973851,16549800,24600.0,24756.9,1.0,1.15,0.9,0.9,3763275,1749114720
2025-06-05 14:43:00,PE,ATM-3,34.10382,15425400,24600.0,24748.6,1.0,1.0,0.75,0.95,2260575,1749114780
2025-06-05 14:44:00,PE,ATM-3,34.381701,15425400,24600.0,24751.55,0.95,0.95,0.8,0.85,1888200,1749114840
2025-06-05 14:45:00,PE,ATM-3,37.393569,15425400,24600.0,24767.45,0.85,0.9,0.8,0.8,1939350,1749114900
2025-06-05 14:46:00,PE,ATM-3,33.679665,14935650,24600.0,24759.05,0.85,0.85,0.5,0.5,2705475,1749114960
2025-06-05 14:47:00,PE,ATM-3,33.977337,14935650,24600.0,24758.55,0.5,0.55,0.5,0.5,1187100,1749115020
2025-06-05 14:48:00,PE,ATM-3,35.813554,14935650,24600.0,24761.1,0.5,0.6,0.5,0.6,1759350,1749115080
2025-06-05 14:49:00,PE,ATM-3,35.092018,14237700,24600.0,24760.15,0.55,0.55,0.5,0.5,1392900,1749115140
2025-06-05 14:50:00,PE,ATM-3,38.590231,14237700,24600.0,24773.65,0.55,0.65,0.55,0.55,1907700,1749115200
2025-06-05 14:51:00,PE,ATM-3,37.773696,14237700,24600.0,24769.6,0.55,0.6,0.5,0.5,1040175,1749115260
2025-06-05 14:52:00,PE,ATM-3,37.962582,14278800,24600.0,24765.25,0.55,0.55,0.5,0.55,996750,1749115320
2025-06-05 14:53:00,PE,ATM-3,35.356491,14278800,24600.0,24758.0,0.5,0.55,0.4,0.4,2149500,1749115380
2025-06-05 14:54:00,PE,ATM-3,33.975514,14278800,24600.0,24748.4,0.4,0.45,0.3,0.4,3709125,1749115440
2025-06-05 14:55:00,PE,ATM-3,34.000617,14208900,24600.0,24746.1,0.4,0.4,0.35,0.4,954000,1749115500
2025-06-05 14:56:00,PE,ATM-3,33.517849,14208900,24600.0,24741.25,0.35,0.4,0.3,0.4,2094300,1749115560
2025-06-05 14:57:00,PE,ATM-3,33.863887,14208900,24600.0,24743.65,0.35,0.4,0.3,0.35,971475,1749115620
2025-06-05 14:58:00,PE,ATM-3,34.984522,14084625,24600.0,24743.35,0.3,0.4,0.3,0.4,1185075,1749115680
2025-06-05 14:59:00,PE,ATM-3,34.813362,14084625,24600.0,24739.9,0.35,0.45,0.35,0.4,1164000,1749115740
2025-06-05 15:00:00,PE,ATM-3,33.853965,14084625,24600.0,24732.8,0.4,0.4,0.35,0.4,1201875,1749115800
2025-06-05 15:01:00,PE,ATM-3,32.533062,13711200,24600.0,24727.1,0.4,0.4,0.3,0.35,1437075,1749115860
2025-06-05 15:02:00,PE,ATM-3,33.56903,13711200,24600.0,24736.35,0.35,0.35,0.25,0.25,1044000,1749115920
2025-06-05 15:03:00,PE,ATM-3,33.777725,13711200,24600.0,24739.05,0.25,0.25,0.2,0.2,1706550,1749115980
2025-06-05 15:04:00,PE,ATM-3,33.521429,13550325,24600.0,24740.5,0.2,0.25,0.15,0.15,1202175,1749116040
2025-06-05 15:05:00,PE,ATM-3,33.458508,13550325,24600.0,24737.1,0.2,0.2,0.15,0.15,1416525,1749116100
2025-06-05 15:06:00,PE,ATM-3,35.192629,13550325,24600.0,24741.9,0.15,0.15,0.1,0.15,1903725,1749116160
2025-06-05 15:07:00,PE,ATM-3,33.528623,13042650,24600.0,24738.3,0.1,0.15,0.1,0.1,726300,1749116220
2025-06-05 15:08:00,PE,ATM-3,35.549764,13042650,24600.0,24744.1,0.1,0.15,0.1,0.1,493725,1749116280
2025-06-05 15:09:00,PE,ATM-3,37.043794,13042650,24600.0,24747.05,0.1,0.15,0.05,0.1,2112825,1749116340
2025-06-05 15:10:00,PE,ATM-3,35.353944,12339975,24600.0,24735.7,0.1,0.1,0.05,0.1,624075,1749116400
2025-06-05 15:11:00,PE,ATM-3,37.638883,12339975,24600.0,24741.5,0.1,0.1,0.05,0.1,596175,1749116460
2025-06-05 15:12:00,PE,ATM-3,36.980903,12339975,24600.0,24746.1,0.1,0.1,0.05,0.05,387075,1749116520
2025-06-05 15:13:00,PE,ATM-3,37.151431,11815200,24600.0,24742.25,0.1,0.1,0.05,0.05,360150,1749116580
2025-06-05 15:14:00,PE,ATM-3,43.835668,11815200,24600.0,24752.55,0.05,0.1,0.05,0.1,633975,1749116640
2025-06-05 15:15:00,PE,ATM-3,43.400938,11815200,24600.0,24745.45,0.1,0.1,0.05,0.1,651825,1749116700
2025-06-05 15:16:00,PE,ATM-3,45.005898,11531325,24600.0,24758.1,0.05,0.1,0.05,0.05,785175,1749116760
2025-06-05 15:17:00,PE,ATM-3,47.247153,11531325,24600.0,24760.15,0.1,0.1,0.05,0.05,489900,1749116820
2025-06-05 15:18:00,PE,ATM-3,50.043289,11531325,24600.0,24763.3,0.1,0.1,0.05,0.05,335550,1749116880
2025-06-05 15:19:00,PE,ATM-3,57.414839,11302950,24600.0,24767.45,0.1,0.1,0.05,0.1,619275,1749116940
2025-06-05 15:20:00,PE,ATM-3,56.548362,11302950,24600.0,24769.05,0.1,0.1,0.05,0.05,529125,1749117000
2025-06-05 15:21:00,PE,ATM-3,57.032711,11302950,24600.0,24760.95,0.1,0.1,0.05,0.05,638475,1749117060
2025-06-05 15:22:00,PE,ATM-3,61.856754,11419200,24600.0,24765.0,0.05,0.1,0.05,0.05,824325,1749117120
2025-06-05 15:23:00,PE,ATM-3,71.851659,11419200,24600.0,24767.15,0.05,0.1,0.05,0.1,454275,1749117180
2025-06-05 15:24:00,PE,ATM-3,73.384411,11419200,24600.0,24770.05,0.1,0.1,0.05,0.05,339450,1749117240
2025-06-05 15:25:00,PE,ATM-3,79.64242,11248950,24600.0,24768.3,0.05,0.1,0.05,0.05,2647425,1749117300
2025-06-05 15:26:00,PE,ATM-3,91.059977,11248950,24600.0,24772.55,0.05,0.05,0.05,0.05,168225,1749117360
2025-06-05 15:27:00,PE,ATM-3,0.0,11248950,24600.0,24773.45,0.05,0.05,0.05,0.05,109275,1749117420
2025-06-05 15:28:00,PE,ATM-3,0.0,10650450,24600.0,24766.1,0.05,0.05,0.05,0.05,57900,1749117480
2025-06-05 15:29:00,PE,ATM-3,0.0,10650450,24600.0,24761.1,0.05,0.05,0.05,0.05,60375,1749117540
