datetime,option_type,strike_relative,iv,oi,strike,spot,open,high,low,close,volume,timestamp
2025-11-19 09:15:00,CE,ATM+7,10.38,1264125,26250.0,25893.5,56.2,56.2,36.25,40.0,1000050,1763523900
2025-11-19 09:16:00,CE,ATM+7,10.42,1682400,26250.0,25891.25,41.7,43.4,39.75,40.45,933900,1763523960
2025-11-19 09:17:00,CE,ATM+7,10.34,1682400,26250.0,25893.5,40.85,41.25,38.9,39.65,238275,1763524020
2025-11-19 09:18:00,CE,ATM+7,10.37,6693750,26200.0,25874.25,50.1,50.6,45.75,45.9,613575,1763524080
2025-11-19 09:19:00,CE,ATM+7,10.41,7050525,26200.0,25858.25,45.45,46.3,43.2,43.35,578550,1763524140
2025-11-19 09:20:00,CE,ATM+7,10.37,7050525,26200.0,25870.55,43.8,45.55,42.4,45.35,757800,1763524200
2025-11-19 09:21:00,CE,ATM+7,10.37,7050525,26200.0,25873.45,44.6,48.05,44.6,45.95,621300,1763524260
2025-11-19 09:22:00,CE,ATM+7,10.37,1811625,26250.0,25884.85,35.9,38.75,35.85,38.4,222150,1763524320
2025-11-19 09:23:00,CE,ATM+7,10.24,1811625,26250.0,25886.6,38.25,38.6,36.95,37.55,198375,1763524380
2025-11-19 09:24:00,CE,ATM+7,10.27,1811625,26250.0,25900.65,37.65,42.0,36.35,40.6,350625,1763524440
2025-11-19 09:25:00,CE,ATM+7,10.14,1848450,26250.0,25905.7,40.05,40.85,38.9,40.3,208875,1763524500
2025-11-19 09:26:00,CE,ATM+7,10.15,1848450,26250.0,25913.45,40.4,42.05,40.1,41.95,180225,1763524560
2025-11-19 09:27:00,CE,ATM+7,10.05,1848450,26250.0,25911.75,41.1,41.85,40.55,40.8,179700,1763524620
2025-11-19 09:28:00,CE,ATM+7,10.08,1889400,26250.0,25914.7,41.2,41.6,40.5,41.3,141525,1763524680
2025-11-19 09:29:00,CE,ATM+7,10.11,1889400,26250.0,25904.5,41.25,41.6,39.0,39.25,165600,1763524740
2025-11-19 09:30:00,CE,ATM+7,10.11,1889400,26250.0,25901.4,38.65,39.6,37.7,39.15,207375,1763524800
2025-11-19 09:31:00,CE,ATM+7,10.04,1937775,26250.0,25910.5,39.3,40.7,38.25,40.2,130350,1763524860
2025-11-19 09:32:00,CE,ATM+7,9.99,1937775,26250.0,25910.85,40.2,41.95,38.95,39.65,223200,1763524920
2025-11-19 09:33:00,CE,ATM+7,9.95,1937775,26250.0,25896.85,39.6,40.0,36.55,36.55,149475,1763524980
2025-11-19 09:34:00,CE,ATM+7,9.98,1985025,26250.0,25886.0,36.5,36.85,34.9,34.9,208500,1763525040
2025-11-19 09:35:00,CE,ATM+7,10.05,1985025,26250.0,25891.9,34.9,36.7,34.15,36.6,164025,1763525100
2025-11-19 09:36:00,CE,ATM+7,9.9,1985025,26250.0,25893.85,36.25,37.8,35.6,35.7,166500,1763525160
2025-11-19 09:37:00,CE,ATM+7,10.07,2023425,26250.0,25904.25,36.1,39.55,35.85,39.15,131100,1763525220
2025-11-19 09:38:00,CE,ATM+7,9.95,2023425,26250.0,25911.4,39.1,39.7,37.75,39.3,98100,1763525280
2025-11-19 09:39:00,CE,ATM+7,9.95,2023425,26250.0,25909.75,39.5,40.35,38.3,39.2,143850,1763525340
2025-11-19 09:40:00,CE,ATM+7,9.89,2077425,26250.0,25914.0,39.05,39.9,38.5,39.3,188025,1763525400
2025-11-19 09:41:00,CE,ATM+7,9.84,2077425,26250.0,25912.4,39.55,39.8,38.4,38.45,157200,1763525460
2025-11-19 09:42:00,CE,ATM+7,9.86,2077425,26250.0,25903.85,38.4,38.6,36.9,37.2,187875,1763525520
2025-11-19 09:43:00,CE,ATM+7,9.86,2258250,26250.0,25901.4,37.05,37.55,36.45,36.6,172950,1763525580
2025-11-19 09:44:00,CE,ATM+7,9.85,2258250,26250.0,25909.3,36.8,39.25,36.8,38.1,153675,1763525640
2025-11-19 09:45:00,CE,ATM+7,9.86,2258250,26250.0,25909.15,38.1,38.45,36.75,38.2,140175,1763525700
2025-11-19 09:46:00,CE,ATM+7,9.86,2371875,26250.0,25904.0,38.0,38.45,35.75,36.9,147300,1763525760
2025-11-19 09:47:00,CE,ATM+7,9.8,2371875,26250.0,25909.55,37.45,38.6,37.25,37.4,82650,1763525820
2025-11-19 09:48:00,CE,ATM+7,9.8,2371875,26250.0,25896.55,37.15,37.45,34.9,34.95,138600,1763525880
2025-11-19 09:49:00,CE,ATM+7,9.8,2387775,26250.0,25891.95,35.35,35.45,34.15,34.2,123675,1763525940
2025-11-19 09:50:00,CE,ATM+7,9.79,2387775,26250.0,25887.2,34.15,34.95,32.9,33.2,168150,1763526000
2025-11-19 09:51:00,CE,ATM+7,9.77,2387775,26250.0,25892.4,33.05,35.15,32.4,34.15,118050,1763526060
2025-11-19 09:52:00,CE,ATM+7,9.71,2414550,26250.0,25889.35,34.5,35.1,32.85,32.85,102375,1763526120
2025-11-19 09:53:00,CE,ATM+7,9.86,2414550,26250.0,25898.1,33.15,36.0,33.15,35.85,84075,1763526180
2025-11-19 09:54:00,CE,ATM+7,9.86,2414550,26250.0,25912.1,35.7,38.6,35.4,38.5,150750,1763526240
2025-11-19 09:55:00,CE,ATM+7,9.84,2382375,26250.0,25917.95,38.0,39.7,37.9,39.6,261075,1763526300
2025-11-19 09:56:00,CE,ATM+7,9.83,2382375,26250.0,25917.9,39.2,40.8,39.2,39.55,202950,1763526360
2025-11-19 09:57:00,CE,ATM+7,9.84,2382375,26250.0,25921.8,39.7,40.55,39.25,40.55,156075,1763526420
2025-11-19 09:58:00,CE,ATM+7,9.77,2437200,26250.0,25923.0,40.25,40.25,39.0,39.75,118800,1763526480
2025-11-19 09:59:00,CE,ATM+7,9.74,2437200,26250.0,25920.35,39.45,39.6,38.85,39.1,68925,1763526540
2025-11-19 10:00:00,CE,ATM+7,9.74,2437200,26250.0,25917.75,38.95,39.3,37.85,38.4,95025,1763526600
2025-11-19 10:01:00,CE,ATM+7,9.73,2447175,26250.0,25914.75,38.6,38.6,37.45,37.85,68700,1763526660
2025-11-19 10:02:00,CE,ATM+7,9.79,2447175,26250.0,25919.8,37.8,39.2,36.75,39.15,122250,1763526720
2025-11-19 10:03:00,CE,ATM+7,9.7,2447175,26250.0,25916.9,38.9,39.35,37.55,37.9,58050,1763526780
2025-11-19 10:04:00,CE,ATM+7,9.74,6515775,26300.0,25927.15,29.05,31.35,29.0,31.0,209550,1763526840
2025-11-19 10:05:00,CE,ATM+7,9.62,6515775,26300.0,25930.6,30.85,31.4,30.4,30.7,191400,1763526900
2025-11-19 10:06:00,CE,ATM+7,9.66,6515775,26300.0,25930.9,31.05,31.8,30.35,30.9,194025,1763526960
2025-11-19 10:07:00,CE,ATM+7,9.64,6523050,26300.0,25934.8,30.75,31.55,30.7,31.45,186525,1763527020
2025-11-19 10:08:00,CE,ATM+7,9.6,6523050,26300.0,25934.9,31.3,31.55,30.75,31.1,191850,1763527080
2025-11-19 10:09:00,CE,ATM+7,9.6,6523050,26300.0,25933.15,31.15,31.3,30.8,31.0,135525,1763527140
2025-11-19 10:10:00,CE,ATM+7,9.61,6506475,26300.0,25934.85,30.95,31.4,30.5,31.05,153525,1763527200
2025-11-19 10:11:00,CE,ATM+7,9.64,6506475,26300.0,25925.95,30.85,31.0,29.85,30.1,190425,1763527260
2025-11-19 10:12:00,CE,ATM+7,9.8,6506475,26300.0,25938.35,30.2,33.4,30.0,33.4,366825,1763527320
2025-11-19 10:13:00,CE,ATM+7,10.09,6513450,26300.0,25946.0,33.3,37.8,32.85,37.7,933525,1763527380
2025-11-19 10:14:00,CE,ATM+7,9.85,6513450,26300.0,25952.1,37.9,38.0,36.5,36.6,715425,1763527440
2025-11-19 10:15:00,CE,ATM+7,9.76,6513450,26300.0,25954.1,36.4,37.1,35.5,36.0,584175,1763527500
2025-11-19 10:16:00,CE,ATM+7,9.82,6302175,26300.0,25959.3,35.95,38.4,35.7,37.6,393300,1763527560
2025-11-19 10:17:00,CE,ATM+7,9.74,6302175,26300.0,25963.55,37.65,38.75,37.45,37.45,644025,1763527620
2025-11-19 10:18:00,CE,ATM+7,9.75,6302175,26300.0,25965.7,37.4,38.4,37.4,38.15,453450,1763527680
2025-11-19 10:19:00,CE,ATM+7,9.62,6144150,26300.0,25965.8,38.25,38.25,36.95,37.15,254700,1763527740
2025-11-19 10:20:00,CE,ATM+7,9.56,6144150,26300.0,25967.35,37.1,37.65,36.45,36.6,246825,1763527800
2025-11-19 10:21:00,CE,ATM+7,9.56,6144150,26300.0,25964.55,36.7,37.4,36.45,36.45,142275,1763527860
2025-11-19 10:22:00,CE,ATM+7,9.55,6145875,26300.0,25967.7,36.35,37.4,35.7,36.95,181650,1763527920
2025-11-19 10:23:00,CE,ATM+7,9.47,6145875,26300.0,25968.25,37.1,37.25,36.0,36.2,121350,1763527980
2025-11-19 10:24:00,CE,ATM+7,9.46,6145875,26300.0,25967.25,36.15,36.4,35.45,35.55,114825,1763528040
2025-11-19 10:25:00,CE,ATM+7,9.43,6138750,26300.0,25970.4,35.75,36.4,35.45,36.15,126600,1763528100
2025-11-19 10:26:00,CE,ATM+7,9.42,6138750,26300.0,25968.7,35.9,35.95,34.75,35.75,176550,1763528160
2025-11-19 10:27:00,CE,ATM+7,9.39,6138750,26300.0,25970.65,35.7,36.25,35.0,35.65,127425,1763528220
2025-11-19 10:28:00,CE,ATM+7,9.37,6159000,26300.0,25963.65,35.5,35.8,34.0,34.05,240000,1763528280
2025-11-19 10:29:00,CE,ATM+7,9.41,6159000,26300.0,25957.85,34.1,34.15,33.1,33.3,282300,1763528340
2025-11-19 10:30:00,CE,ATM+7,9.46,6159000,26300.0,25967.4,33.6,36.15,33.6,35.55,272550,1763528400
2025-11-19 10:31:00,CE,ATM+7,9.41,6215625,26300.0,25971.1,35.55,36.1,35.1,36.0,238050,1763528460
2025-11-19 10:32:00,CE,ATM+7,9.35,6215625,26300.0,25971.0,36.05,37.6,35.15,35.15,326475,1763528520
2025-11-19 10:33:00,CE,ATM+7,9.44,2159400,26350.0,25976.1,27.05,28.5,26.8,28.1,108450,1763528580
2025-11-19 10:34:00,CE,ATM+7,9.44,2164275,26350.0,25977.05,28.25,28.8,27.95,28.25,55650,1763528640
2025-11-19 10:35:00,CE,ATM+7,9.37,2164275,26350.0,25976.4,28.2,28.2,27.6,27.6,90450,1763528700
2025-11-19 10:36:00,CE,ATM+7,9.39,2164275,26350.0,25978.3,27.75,28.7,27.45,28.2,67200,1763528760
2025-11-19 10:37:00,CE,ATM+7,9.37,2161275,26350.0,25976.15,28.1,28.35,27.45,27.6,59850,1763528820
2025-11-19 10:38:00,CE,ATM+7,9.37,6194250,26300.0,25973.35,36.1,36.7,35.65,36.0,102375,1763528880
2025-11-19 10:39:00,CE,ATM+7,9.37,6194250,26300.0,25969.05,35.7,36.05,35.15,35.25,82500,1763528940
2025-11-19 10:40:00,CE,ATM+7,9.4,6236475,26300.0,25967.2,35.45,35.6,34.9,35.1,87225,1763529000
2025-11-19 10:41:00,CE,ATM+7,9.42,6236475,26300.0,25964.95,35.1,35.45,34.7,34.75,157350,1763529060
2025-11-19 10:42:00,CE,ATM+7,9.44,6236475,26300.0,25963.65,34.75,35.45,34.4,34.9,90000,1763529120
2025-11-19 10:43:00,CE,ATM+7,9.4,6206850,26300.0,25967.35,35.0,35.6,34.55,35.1,82125,1763529180
2025-11-19 10:44:00,CE,ATM+7,9.4,6206850,26300.0,25963.1,35.3,35.5,33.65,34.15,118875,1763529240
2025-11-19 10:45:00,CE,ATM+7,9.37,6206850,26300.0,25966.85,34.05,35.0,34.05,34.9,97650,1763529300
2025-11-19 10:46:00,CE,ATM+7,9.3,6251550,26300.0,25964.15,34.9,35.25,33.45,33.6,150900,1763529360
2025-11-19 10:47:00,CE,ATM+7,9.31,6251550,26300.0,25962.05,33.65,34.35,32.95,33.35,137775,1763529420
2025-11-19 10:48:00,CE,ATM+7,9.34,6251550,26300.0,25947.8,33.6,33.6,30.6,30.7,423900,1763529480
2025-11-19 10:49:00,CE,ATM+7,9.31,6256800,26300.0,25954.5,31.0,32.3,30.75,31.85,195600,1763529540
2025-11-19 10:50:00,CE,ATM+7,9.35,6256800,26300.0,25951.8,32.2,32.25,31.45,31.65,127575,1763529600
2025-11-19 10:51:00,CE,ATM+7,9.44,6256800,26300.0,25959.35,31.75,34.25,31.55,33.85,195525,1763529660
2025-11-19 10:52:00,CE,ATM+7,9.44,6293775,26300.0,25960.45,34.2,34.8,33.95,34.15,220425,1763529720
2025-11-19 10:53:00,CE,ATM+7,9.37,6293775,26300.0,25968.0,33.85,35.15,33.85,35.05,133050,1763529780
2025-11-19 10:54:00,CE,ATM+7,9.32,6293775,26300.0,25967.45,35.05,35.05,33.75,34.6,135000,1763529840
2025-11-19 10:55:00,CE,ATM+7,9.27,6276225,26300.0,25965.25,34.45,34.5,33.25,33.35,110100,1763529900
2025-11-19 10:56:00,CE,ATM+7,9.37,6276225,26300.0,25959.8,33.25,33.65,32.3,33.3,133650,1763529960
2025-11-19 10:57:00,CE,ATM+7,9.34,6276225,26300.0,25959.55,33.3,33.4,32.75,32.8,110625,1763530020
2025-11-19 10:58:00,CE,ATM+7,9.27,6348900,26300.0,25953.7,32.65,32.9,31.25,31.4,141300,1763530080
2025-11-19 10:59:00,CE,ATM+7,9.35,6348900,26300.0,25952.1,31.6,31.95,31.25,31.75,170175,1763530140
2025-11-19 11:00:00,CE,ATM+7,9.28,6348900,26300.0,25954.3,31.7,31.7,31.05,31.5,90600,1763530200
2025-11-19 11:01:00,CE,ATM+7,9.28,6289950,26300.0,25953.0,31.6,31.9,30.9,31.2,146625,1763530260
2025-11-19 11:02:00,CE,ATM+7,9.31,6289950,26300.0,25950.45,31.3,31.5,30.95,31.15,73500,1763530320
2025-11-19 11:03:00,CE,ATM+7,9.27,6289950,26300.0,25947.5,31.1,31.25,30.0,30.05,241950,1763530380
2025-11-19 11:04:00,CE,ATM+7,9.42,6253425,26300.0,25943.65,29.9,30.8,29.85,30.75,129900,1763530440
2025-11-19 11:05:00,CE,ATM+7,9.4,6253425,26300.0,25950.65,30.8,31.9,30.8,31.9,136200,1763530500
2025-11-19 11:06:00,CE,ATM+7,9.33,6253425,26300.0,25954.0,31.9,32.0,31.15,31.8,134550,1763530560
2025-11-19 11:07:00,CE,ATM+7,9.3,6244275,26300.0,25952.3,31.85,32.05,30.9,31.2,110625,1763530620
2025-11-19 11:08:00,CE,ATM+7,9.37,6244275,26300.0,25939.55,31.35,31.35,29.25,29.35,177450,1763530680
2025-11-19 11:09:00,CE,ATM+7,9.32,6244275,26300.0,25939.6,29.0,29.35,28.6,29.0,239250,1763530740
2025-11-19 11:10:00,CE,ATM+7,9.34,6309900,26300.0,25927.3,29.05,29.25,27.05,27.35,449625,1763530800
2025-11-19 11:11:00,CE,ATM+7,9.31,6309900,26300.0,25931.3,27.25,28.15,27.25,27.85,269925,1763530860
2025-11-19 11:12:00,CE,ATM+7,9.26,6309900,26300.0,25928.25,28.1,28.45,26.75,26.9,275625,1763530920
2025-11-19 11:13:00,CE,ATM+7,9.28,6391725,26300.0,25927.5,26.9,27.45,26.7,27.0,205350,1763530980
2025-11-19 11:14:00,CE,ATM+7,9.27,6391725,26300.0,25927.0,27.1,27.2,26.5,26.65,117975,1763531040
2025-11-19 11:15:00,CE,ATM+7,9.27,2240400,26250.0,25919.5,34.7,34.7,33.8,33.95,172050,1763531100
2025-11-19 11:16:00,CE,ATM+7,9.34,2230125,26250.0,25922.45,33.9,35.35,33.85,35.3,108150,1763531160
2025-11-19 11:17:00,CE,ATM+7,9.36,6473700,26300.0,25927.05,27.2,27.75,27.1,27.5,172950,1763531220
2025-11-19 11:18:00,CE,ATM+7,9.39,6473700,26300.0,25932.35,27.55,28.8,27.5,28.5,344775,1763531280
2025-11-19 11:19:00,CE,ATM+7,9.39,6550800,26300.0,25932.85,28.3,28.75,28.2,28.55,101325,1763531340
2025-11-19 11:20:00,CE,ATM+7,9.41,6550800,26300.0,25939.3,28.45,29.9,28.45,29.9,247200,1763531400
2025-11-19 11:21:00,CE,ATM+7,9.3,6550800,26300.0,25940.7,29.6,29.6,28.95,29.1,168450,1763531460
2025-11-19 11:22:00,CE,ATM+7,9.28,6616575,26300.0,25939.3,29.2,29.35,28.4,28.75,142125,1763531520
2025-11-19 11:23:00,CE,ATM+7,9.28,6616575,26300.0,25938.15,28.8,28.85,28.15,28.5,87300,1763531580
2025-11-19 11:24:00,CE,ATM+7,9.27,6616575,26300.0,25938.4,28.55,28.75,28.3,28.6,54600,1763531640
2025-11-19 11:25:00,CE,ATM+7,9.37,6632550,26300.0,25948.25,28.75,31.1,28.7,30.8,250275,1763531700
2025-11-19 11:26:00,CE,ATM+7,9.31,6632550,26300.0,25948.8,30.65,30.65,29.9,30.65,180900,1763531760
2025-11-19 11:27:00,CE,ATM+7,9.24,6632550,26300.0,25949.15,30.65,30.85,29.7,30.1,113550,1763531820
2025-11-19 11:28:00,CE,ATM+7,9.25,6673725,26300.0,25948.35,30.15,30.5,29.8,29.85,81900,1763531880
2025-11-19 11:29:00,CE,ATM+7,9.3,6673725,26300.0,25948.3,29.85,30.85,29.85,30.6,95175,1763531940
2025-11-19 11:30:00,CE,ATM+7,9.27,6673725,26300.0,25948.25,30.6,30.8,29.9,30.25,305325,1763532000
2025-11-19 11:31:00,CE,ATM+7,9.27,6566925,26300.0,25951.05,30.15,30.85,30.05,30.65,88575,1763532060
2025-11-19 11:32:00,CE,ATM+7,9.25,6566925,26300.0,25951.9,30.7,30.7,30.2,30.5,151050,1763532120
2025-11-19 11:33:00,CE,ATM+7,9.22,6566925,26300.0,25950.45,30.6,30.65,30.1,30.1,89700,1763532180
2025-11-19 11:34:00,CE,ATM+7,9.22,6579000,26300.0,25949.9,30.15,30.4,29.9,30.05,76650,1763532240
2025-11-19 11:35:00,CE,ATM+7,9.17,6579000,26300.0,25950.65,30.0,30.45,29.55,29.55,63225,1763532300
2025-11-19 11:36:00,CE,ATM+7,9.22,6579000,26300.0,25952.3,29.85,30.65,29.75,30.35,81600,1763532360
2025-11-19 11:37:00,CE,ATM+7,9.22,6593475,26300.0,25951.2,30.4,30.9,30.05,30.05,81750,1763532420
2025-11-19 11:38:00,CE,ATM+7,9.22,6593475,26300.0,25950.45,30.05,30.35,29.6,30.0,171375,1763532480
2025-11-19 11:39:00,CE,ATM+7,9.22,6593475,26300.0,25954.0,30.1,31.2,30.1,30.55,111225,1763532540
2025-11-19 11:40:00,CE,ATM+7,9.24,6682575,26300.0,25953.4,30.55,30.85,30.15,30.65,75150,1763532600
2025-11-19 11:41:00,CE,ATM+7,9.24,6682575,26300.0,25962.2,30.7,32.35,30.65,32.25,174300,1763532660
2025-11-19 11:42:00,CE,ATM+7,9.27,6682575,26300.0,25965.65,32.25,33.3,31.9,33.25,309450,1763532720
2025-11-19 11:43:00,CE,ATM+7,9.22,6707400,26300.0,25967.95,33.0,33.35,32.7,33.2,253200,1763532780
2025-11-19 11:44:00,CE,ATM+7,9.19,6707400,26300.0,25968.9,33.2,33.4,32.85,33.1,179175,1763532840
2025-11-19 11:45:00,CE,ATM+7,9.26,2415150,26350.0,25975.4,25.0,26.25,25.0,26.25,147675,1763532900
2025-11-19 11:46:00,CE,ATM+7,9.19,6653925,26300.0,25974.95,34.3,34.35,33.7,34.1,307500,1763532960
2025-11-19 11:47:00,CE,ATM+7,9.17,6653925,26300.0,25970.3,34.1,34.45,33.15,33.15,192150,1763533020
2025-11-19 11:48:00,CE,ATM+7,9.19,6653925,26300.0,25972.2,33.0,34.2,33.0,33.8,140100,1763533080
2025-11-19 11:49:00,CE,ATM+7,9.17,6627075,26300.0,25974.75,33.8,34.35,33.5,33.9,81675,1763533140
2025-11-19 11:50:00,CE,ATM+7,9.19,6627075,26300.0,25973.15,33.9,34.3,33.55,33.65,89325,1763533200
2025-11-19 11:51:00,CE,ATM+7,9.11,6627075,26300.0,25974.6,33.75,34.05,33.5,33.5,76275,1763533260
2025-11-19 11:52:00,CE,ATM+7,9.21,6626025,26300.0,25973.8,33.6,35.0,33.6,34.05,139725,1763533320
2025-11-19 11:53:00,CE,ATM+7,9.24,6626025,26300.0,25973.5,34.05,34.7,33.85,34.3,106650,1763533380
2025-11-19 11:54:00,CE,ATM+7,9.26,6626025,26300.0,25972.15,34.25,34.7,33.35,34.2,96525,1763533440
2025-11-19 11:55:00,CE,ATM+7,9.21,6633075,26300.0,25970.0,34.0,34.25,33.0,33.35,125325,1763533500
2025-11-19 11:56:00,CE,ATM+7,9.27,6633075,26300.0,25972.45,33.25,34.75,33.25,34.45,124200,1763533560
2025-11-19 11:57:00,CE,ATM+7,9.3,6633075,26300.0,25973.55,34.5,36.65,34.5,35.0,306075,1763533620
2025-11-19 11:58:00,CE,ATM+7,9.34,6627300,26300.0,25974.35,35.0,35.9,34.05,35.35,113550,1763533680
2025-11-19 11:59:00,CE,ATM+7,9.33,6627300,26300.0,25974.25,35.25,35.55,34.3,35.3,202950,1763533740
2025-11-19 12:00:00,CE,ATM+7,9.39,2337750,26350.0,25977.55,26.8,27.7,26.75,27.7,137100,1763533800
2025-11-19 12:01:00,CE,ATM+7,9.75,2218575,26350.0,25993.3,27.6,33.7,27.25,33.55,627375,1763533860
2025-11-19 12:02:00,CE,ATM+7,9.53,2218575,26350.0,25987.65,32.35,33.1,30.65,30.65,590100,1763533920
2025-11-19 12:03:00,CE,ATM+7,9.52,2218575,26350.0,25986.65,30.95,31.1,30.3,30.35,628575,1763533980
2025-11-19 12:04:00,CE,ATM+7,9.6,2452950,26350.0,25990.2,30.35,32.0,30.2,31.65,153375,1763534040
2025-11-19 12:05:00,CE,ATM+7,9.5,2452950,26350.0,25992.65,31.75,31.75,31.15,31.25,131250,1763534100
2025-11-19 12:06:00,CE,ATM+7,9.56,2452950,26350.0,25997.2,31.5,33.9,31.5,32.75,410550,1763534160
2025-11-19 12:07:00,CE,ATM+7,9.5,2385975,26350.0,25994.35,32.8,32.9,31.25,31.35,178800,1763534220
2025-11-19 12:08:00,CE,ATM+7,9.44,2385975,26350.0,25990.6,31.4,31.5,30.65,30.65,92025,1763534280
2025-11-19 12:09:00,CE,ATM+7,9.44,2385975,26350.0,25990.35,30.95,31.2,30.0,30.15,117525,1763534340
2025-11-19 12:10:00,CE,ATM+7,9.43,2391375,26350.0,25990.85,30.2,30.65,29.75,30.15,119700,1763534400
2025-11-19 12:11:00,CE,ATM+7,9.49,2391375,26350.0,25992.35,30.35,31.4,30.35,31.1,109575,1763534460
2025-11-19 12:12:00,CE,ATM+7,9.56,2391375,26350.0,25994.8,31.15,32.45,31.15,32.15,155850,1763534520
2025-11-19 12:13:00,CE,ATM+7,9.58,2376450,26350.0,25994.0,32.1,32.25,31.3,32.0,80775,1763534580
2025-11-19 12:14:00,CE,ATM+7,9.59,2376450,26350.0,25993.3,32.15,32.4,31.55,32.4,46425,1763534640
2025-11-19 12:15:00,CE,ATM+7,9.76,2376450,26350.0,26008.05,33.1,38.0,33.0,36.45,798000,1763534700
2025-11-19 12:16:00,CE,ATM+7,9.61,2182275,26350.0,25997.6,36.4,36.4,32.9,32.9,417375,1763534760
2025-11-19 12:17:00,CE,ATM+7,9.59,2182275,26350.0,25996.7,32.95,33.65,32.5,32.5,216450,1763534820
2025-11-19 12:18:00,CE,ATM+7,9.61,2182275,26350.0,25995.1,32.55,33.15,32.3,32.55,103500,1763534880
2025-11-19 12:19:00,CE,ATM+7,9.7,2260050,26350.0,25996.35,32.85,34.05,32.65,33.65,121725,1763534940
2025-11-19 12:20:00,CE,ATM+7,9.61,2260050,26350.0,25997.5,33.65,34.2,33.1,33.15,99750,1763535000
2025-11-19 12:21:00,CE,ATM+7,9.77,2260050,26350.0,25999.5,33.25,35.1,33.25,34.95,154425,1763535060
2025-11-19 12:22:00,CE,ATM+7,9.77,2224500,26350.0,26001.75,34.85,35.25,34.45,35.2,106725,1763535120
2025-11-19 12:23:00,CE,ATM+7,9.71,2224500,26350.0,26003.45,35.25,35.6,34.4,35.2,153975,1763535180
2025-11-19 12:24:00,CE,ATM+7,9.76,2224500,26350.0,26004.7,35.15,35.9,34.8,35.65,161625,1763535240
2025-11-19 12:25:00,CE,ATM+7,9.68,2182575,26350.0,26007.4,35.7,36.15,35.2,35.4,148425,1763535300
2025-11-19 12:26:00,CE,ATM+7,9.66,2182575,26350.0,26009.0,35.15,35.8,34.65,35.45,96375,1763535360
2025-11-19 12:27:00,CE,ATM+7,9.67,2182575,26350.0,26012.45,35.25,36.5,35.15,36.45,127950,1763535420
2025-11-19 12:28:00,CE,ATM+7,9.67,2182575,26350.0,26015.4,36.55,37.15,36.15,36.75,172125,1763535480
2025-11-19 12:29:00,CE,ATM+7,9.62,2169000,26350.0,26013.3,36.3,36.9,35.5,36.1,126825,1763535540
2025-11-19 12:30:00,CE,ATM+7,9.67,2169000,26350.0,26012.8,36.2,36.9,35.3,36.45,91050,1763535600
2025-11-19 12:31:00,CE,ATM+7,9.71,2169000,26350.0,26020.5,36.6,39.1,36.4,38.55,191325,1763535660
2025-11-19 12:32:00,CE,ATM+7,9.61,2132700,26350.0,26023.3,38.7,38.7,36.9,37.85,145275,1763535720
2025-11-19 12:33:00,CE,ATM+7,9.58,5832075,26400.0,26027.5,28.85,30.0,28.3,29.4,281550,1763535780
2025-11-19 12:34:00,CE,ATM+7,9.6,5832075,26400.0,26025.35,29.2,29.45,28.85,29.1,229650,1763535840
2025-11-19 12:35:00,CE,ATM+7,9.52,2096400,26350.0,26023.0,38.5,38.75,37.5,37.5,115875,1763535900
2025-11-19 12:36:00,CE,ATM+7,9.5,2096400,26350.0,26023.75,38.95,40.0,37.0,37.05,189675,1763535960
2025-11-19 12:37:00,CE,ATM+7,9.61,2096400,26350.0,26018.15,37.15,37.2,35.95,37.05,111075,1763536020
2025-11-19 12:38:00,CE,ATM+7,9.61,2110650,26350.0,26017.15,37.15,37.45,36.55,36.75,46425,1763536080
2025-11-19 12:39:00,CE,ATM+7,9.62,2110650,26350.0,26016.45,36.8,37.2,36.4,36.55,37725,1763536140
2025-11-19 12:40:00,CE,ATM+7,9.58,2110650,26350.0,26015.45,36.6,36.75,35.65,35.8,105000,1763536200
2025-11-19 12:41:00,CE,ATM+7,9.69,2131500,26350.0,26016.55,36.15,37.2,35.8,37.2,93900,1763536260
2025-11-19 12:42:00,CE,ATM+7,9.7,2131500,26350.0,26019.05,37.2,38.2,36.95,38.0,79350,1763536320
2025-11-19 12:43:00,CE,ATM+7,9.71,2131500,26350.0,26019.25,38.0,38.05,36.85,38.0,68250,1763536380
2025-11-19 12:44:00,CE,ATM+7,9.68,2152125,26350.0,26017.6,38.5,39.65,37.15,37.15,165600,1763536440
2025-11-19 12:45:00,CE,ATM+7,9.67,2152125,26350.0,26012.85,37.35,37.85,35.95,36.6,141150,1763536500
2025-11-19 12:46:00,CE,ATM+7,9.73,2152125,26350.0,26016.25,36.65,37.6,36.15,37.45,103350,1763536560
2025-11-19 12:47:00,CE,ATM+7,9.71,2220150,26350.0,26019.7,37.35,39.35,37.0,38.35,107250,1763536620
2025-11-19 12:48:00,CE,ATM+7,9.71,2220150,26350.0,26022.5,38.4,38.95,37.65,38.8,65025,1763536680
2025-11-19 12:49:00,CE,ATM+7,9.67,6112500,26400.0,26025.75,29.7,30.15,29.35,29.65,114375,1763536740
2025-11-19 12:50:00,CE,ATM+7,9.7,6116025,26400.0,26030.3,29.75,31.2,29.55,30.8,257100,1763536800
2025-11-19 12:51:00,CE,ATM+7,9.64,2251275,26350.0,26021.75,40.2,40.2,37.75,37.75,119700,1763536860
2025-11-19 12:52:00,CE,ATM+7,9.67,2251275,26350.0,26018.5,37.5,37.95,36.75,37.3,111750,1763536920
2025-11-19 12:53:00,CE,ATM+7,9.65,2276475,26350.0,26020.35,37.35,37.65,36.95,37.55,41925,1763536980
2025-11-19 12:54:00,CE,ATM+7,9.64,2276475,26350.0,26022.35,37.6,37.75,37.1,37.6,55125,1763537040
2025-11-19 12:55:00,CE,ATM+7,9.66,2276475,26350.0,26021.35,37.75,37.9,37.0,37.65,41775,1763537100
2025-11-19 12:56:00,CE,ATM+7,9.62,2286075,26350.0,26023.6,37.85,38.9,37.5,38.15,80475,1763537160
2025-11-19 12:57:00,CE,ATM+7,9.52,2286075,26350.0,26022.95,37.85,38.1,36.8,37.0,79950,1763537220
2025-11-19 12:58:00,CE,ATM+7,9.51,2286075,26350.0,26016.55,37.1,37.1,35.35,35.35,143100,1763537280
2025-11-19 12:59:00,CE,ATM+7,9.51,2250375,26350.0,26017.4,35.3,36.25,35.3,35.8,59325,1763537340
2025-11-19 13:00:00,CE,ATM+7,9.52,2250375,26350.0,26019.1,36.0,36.8,35.55,36.2,76425,1763537400
2025-11-19 13:01:00,CE,ATM+7,9.48,2250375,26350.0,26019.35,36.35,36.7,35.55,35.6,39225,1763537460
2025-11-19 13:02:00,CE,ATM+7,9.65,2324100,26350.0,26022.65,35.75,37.8,35.45,37.75,163875,1763537520
2025-11-19 13:03:00,CE,ATM+7,9.59,6185775,26400.0,26025.15,28.75,29.45,28.55,28.95,106125,1763537580
2025-11-19 13:04:00,CE,ATM+7,9.59,6185775,26400.0,26025.65,29.05,29.35,28.75,29.0,76350,1763537640
2025-11-19 13:05:00,CE,ATM+7,9.71,6163875,26400.0,26033.3,29.7,33.7,29.7,31.5,1038375,1763537700
2025-11-19 13:06:00,CE,ATM+7,9.73,6163875,26400.0,26031.6,31.65,31.65,30.55,31.1,462600,1763537760
2025-11-19 13:07:00,CE,ATM+7,9.65,6163875,26400.0,26028.1,31.05,31.05,29.55,29.95,138525,1763537820
2025-11-19 13:08:00,CE,ATM+7,9.67,2087475,26350.0,26022.9,39.15,39.15,37.8,38.2,138375,1763537880
2025-11-19 13:09:00,CE,ATM+7,9.64,2087475,26350.0,26019.2,38.45,38.7,37.25,37.25,76425,1763537940
2025-11-19 13:10:00,CE,ATM+7,9.64,2087475,26350.0,26020.25,37.25,38.25,36.85,37.6,142425,1763538000
2025-11-19 13:11:00,CE,ATM+7,9.7,2121825,26350.0,26021.1,37.4,38.55,37.4,38.15,87675,1763538060
2025-11-19 13:12:00,CE,ATM+7,9.68,2121825,26350.0,26021.4,38.0,38.4,37.5,37.9,36150,1763538120
2025-11-19 13:13:00,CE,ATM+7,9.7,5727075,26400.0,26025.2,29.05,30.2,29.05,29.9,115800,1763538180
2025-11-19 13:14:00,CE,ATM+7,9.66,5725800,26400.0,26027.9,29.9,30.55,29.8,30.1,126300,1763538240
2025-11-19 13:15:00,CE,ATM+7,9.61,2146200,26350.0,26024.65,39.25,39.8,37.8,37.9,75750,1763538300
2025-11-19 13:16:00,CE,ATM+7,9.66,2146200,26350.0,26022.75,38.1,38.45,37.45,38.05,45225,1763538360
2025-11-19 13:17:00,CE,ATM+7,9.67,2144100,26350.0,26022.45,37.95,38.3,37.7,38.05,28350,1763538420
2025-11-19 13:18:00,CE,ATM+7,9.65,2144100,26350.0,26019.0,37.95,38.1,37.0,37.2,52200,1763538480
2025-11-19 13:19:00,CE,ATM+7,9.67,2144100,26350.0,26018.0,37.65,37.8,36.65,37.25,71250,1763538540
2025-11-19 13:20:00,CE,ATM+7,9.68,2155050,26350.0,26018.7,37.15,37.4,36.35,37.4,66975,1763538600
2025-11-19 13:21:00,CE,ATM+7,9.67,2155050,26350.0,26021.2,37.35,37.95,37.3,37.85,46050,1763538660
2025-11-19 13:22:00,CE,ATM+7,9.61,2155050,26350.0,26020.55,37.75,37.8,36.85,37.0,53550,1763538720
2025-11-19 13:23:00,CE,ATM+7,9.65,2151225,26350.0,26020.45,37.25,37.9,36.9,37.5,26550,1763538780
2025-11-19 13:24:00,CE,ATM+7,9.64,2151225,26350.0,26019.9,37.4,37.85,37.1,37.15,16200,1763538840
2025-11-19 13:25:00,CE,ATM+7,9.66,2151225,26350.0,26015.65,37.25,37.55,36.2,36.45,51375,1763538900
2025-11-19 13:26:00,CE,ATM+7,9.68,2139150,26350.0,26008.9,36.3,36.3,34.1,35.2,250500,1763538960
2025-11-19 13:27:00,CE,ATM+7,9.6,2139150,26350.0,26009.55,35.0,35.9,34.8,34.85,99675,1763539020
2025-11-19 13:28:00,CE,ATM+7,9.56,2139150,26350.0,26004.0,34.95,35.55,33.2,33.45,142425,1763539080
2025-11-19 13:29:00,CE,ATM+7,9.62,2101350,26350.0,26002.4,33.4,34.3,33.25,33.55,102450,1763539140
2025-11-19 13:30:00,CE,ATM+7,9.66,2101350,26350.0,26010.15,33.6,35.4,33.6,35.35,171900,1763539200
2025-11-19 13:31:00,CE,ATM+7,9.61,2101350,26350.0,26009.3,35.35,35.4,34.8,35.15,66150,1763539260
2025-11-19 13:32:00,CE,ATM+7,9.66,2134875,26350.0,26009.45,35.2,35.65,34.8,35.4,138150,1763539320
2025-11-19 13:33:00,CE,ATM+7,9.67,2134875,26350.0,26007.95,35.5,36.45,34.9,34.9,65250,1763539380
2025-11-19 13:34:00,CE,ATM+7,9.62,2134875,26350.0,26002.2,35.05,35.05,33.55,33.75,62175,1763539440
2025-11-19 13:35:00,CE,ATM+7,9.66,2136300,26350.0,25995.75,34.0,34.05,32.75,32.9,97425,1763539500
2025-11-19 13:36:00,CE,ATM+7,9.71,2136300,26350.0,25998.3,33.0,33.7,32.5,33.6,60150,1763539560
2025-11-19 13:37:00,CE,ATM+7,9.75,2136300,26350.0,26001.5,33.65,34.7,33.2,34.7,66000,1763539620
2025-11-19 13:38:00,CE,ATM+7,9.67,2152125,26350.0,26001.2,34.7,34.75,33.4,33.75,71850,1763539680
2025-11-19 13:39:00,CE,ATM+7,9.65,2152125,26350.0,25999.1,34.15,34.15,33.05,33.15,36525,1763539740
2025-11-19 13:40:00,CE,ATM+7,9.68,2152125,26350.0,25993.95,33.4,33.55,32.25,32.5,58950,1763539800
2025-11-19 13:41:00,CE,ATM+7,9.7,2152425,26350.0,25994.7,32.75,32.9,32.15,32.8,53250,1763539860
2025-11-19 13:42:00,CE,ATM+7,9.62,2152425,26350.0,25988.85,32.75,32.75,30.95,31.15,143550,1763539920
2025-11-19 13:43:00,CE,ATM+7,9.76,2152425,26350.0,25988.5,31.25,32.45,31.25,32.45,76125,1763539980
2025-11-19 13:44:00,CE,ATM+7,9.7,2128725,26350.0,26004.55,32.75,34.4,32.75,34.4,95700,1763540040
2025-11-19 13:45:00,CE,ATM+7,9.6,2128725,26350.0,26006.2,34.2,34.65,33.55,33.95,89025,1763540100
2025-11-19 13:46:00,CE,ATM+7,9.61,2128725,26350.0,26005.05,34.3,34.3,33.7,33.95,64200,1763540160
2025-11-19 13:47:00,CE,ATM+7,9.53,2161500,26350.0,26004.1,33.65,34.15,33.05,33.05,43950,1763540220
2025-11-19 13:48:00,CE,ATM+7,9.61,2161500,26350.0,26002.75,33.0,33.8,33.0,33.7,48300,1763540280
2025-11-19 13:49:00,CE,ATM+7,9.66,2161500,26350.0,26010.2,33.85,35.85,33.85,35.4,193125,1763540340
2025-11-19 13:50:00,CE,ATM+7,9.73,2178375,26350.0,26014.05,35.45,36.75,35.4,36.7,105225,1763540400
2025-11-19 13:51:00,CE,ATM+7,9.7,2178375,26350.0,26013.2,36.75,36.75,35.3,36.45,70050,1763540460
2025-11-19 13:52:00,CE,ATM+7,9.62,2178375,26350.0,26010.25,36.5,36.5,34.65,35.1,94725,1763540520
2025-11-19 13:53:00,CE,ATM+7,9.7,2192850,26350.0,26011.0,35.3,36.05,35.25,35.9,44400,1763540580
2025-11-19 13:54:00,CE,ATM+7,9.7,2192850,26350.0,26012.05,35.75,36.1,35.55,35.9,32175,1763540640
2025-11-19 13:55:00,CE,ATM+7,9.66,2192850,26350.0,26011.95,35.95,36.55,35.6,35.75,62325,1763540700
2025-11-19 13:56:00,CE,ATM+7,9.7,2197500,26350.0,26011.2,35.85,36.25,35.85,35.95,44850,1763540760
2025-11-19 13:57:00,CE,ATM+7,9.68,2197500,26350.0,26013.5,35.95,36.8,35.75,36.25,57975,1763540820
2025-11-19 13:58:00,CE,ATM+7,9.62,2197500,26350.0,26013.1,36.55,37.55,35.4,35.6,98175,1763540880
2025-11-19 13:59:00,CE,ATM+7,9.73,2191800,26350.0,26006.85,35.2,35.7,34.55,35.25,115500,1763540940
2025-11-19 14:00:00,CE,ATM+7,9.76,2191800,26350.0,26004.45,35.15,35.2,34.3,34.95,67125,1763541000
2025-11-19 14:01:00,CE,ATM+7,9.86,2191800,26350.0,25999.55,35.05,35.25,34.25,35.2,60975,1763541060
2025-11-19 14:02:00,CE,ATM+7,9.83,2193150,26350.0,25995.95,35.1,35.1,33.9,34.3,54375,1763541120
2025-11-19 14:03:00,CE,ATM+7,9.73,2193150,26350.0,26015.0,34.85,37.4,34.85,36.9,247500,1763541180
2025-11-19 14:04:00,CE,ATM+7,9.8,2193150,26350.0,26014.8,37.0,37.2,35.8,37.2,81450,1763541240
2025-11-19 14:05:00,CE,ATM+7,9.66,2261850,26350.0,26018.95,37.4,37.85,36.9,37.0,96750,1763541300
2025-11-19 14:06:00,CE,ATM+7,9.67,2261850,26350.0,26022.7,37.2,38.2,36.9,37.5,155025,1763541360
2025-11-19 14:07:00,CE,ATM+7,9.67,2261850,26350.0,26015.95,37.8,37.8,36.15,36.35,120900,1763541420
2025-11-19 14:08:00,CE,ATM+7,9.69,2252850,26350.0,26013.0,36.5,36.8,35.6,35.85,57450,1763541480
2025-11-19 14:09:00,CE,ATM+7,9.71,2252850,26350.0,26013.6,35.8,36.85,35.8,36.35,69375,1763541540
2025-11-19 14:10:00,CE,ATM+7,9.86,2252850,26350.0,26009.5,36.45,36.9,36.1,36.9,59925,1763541600
2025-11-19 14:11:00,CE,ATM+7,9.71,2224350,26350.0,26016.65,37.0,37.5,36.9,37.2,130800,1763541660
2025-11-19 14:12:00,CE,ATM+7,9.64,5907525,26400.0,26026.1,28.45,29.45,28.45,29.1,198900,1763541720
2025-11-19 14:13:00,CE,ATM+7,9.56,5907525,26400.0,26031.0,29.05,29.4,28.45,29.35,171675,1763541780
2025-11-19 14:14:00,CE,ATM+7,9.6,5822400,26400.0,26033.0,29.05,29.8,28.85,29.8,237300,1763541840
2025-11-19 14:15:00,CE,ATM+7,9.53,5822400,26400.0,26037.75,29.7,30.4,29.15,30.1,273900,1763541900
2025-11-19 14:16:00,CE,ATM+7,9.56,5822400,26400.0,26036.8,30.1,30.75,29.85,30.05,238875,1763541960
2025-11-19 14:17:00,CE,ATM+7,9.74,5774025,26400.0,26043.4,29.95,32.85,29.8,32.85,326475,1763542020
2025-11-19 14:18:00,CE,ATM+7,9.71,5774025,26400.0,26046.0,32.25,33.4,32.15,33.1,411900,1763542080
2025-11-19 14:19:00,CE,ATM+7,9.56,5774025,26400.0,26044.65,32.9,33.1,30.9,31.6,600600,1763542140
2025-11-19 14:20:00,CE,ATM+7,9.52,5684175,26400.0,26043.7,31.7,31.7,30.65,31.0,194400,1763542200
2025-11-19 14:21:00,CE,ATM+7,9.53,5684175,26400.0,26042.45,31.0,31.1,30.5,30.9,84900,1763542260
2025-11-19 14:22:00,CE,ATM+7,9.52,5684175,26400.0,26043.0,31.0,31.05,30.55,30.75,165450,1763542320
2025-11-19 14:23:00,CE,ATM+7,9.56,5684025,26400.0,26042.0,30.9,31.2,30.7,31.2,138525,1763542380
2025-11-19 14:24:00,CE,ATM+7,9.61,5684025,26400.0,26043.4,31.05,32.2,31.05,31.75,133800,1763542440
2025-11-19 14:25:00,CE,ATM+7,9.56,5684025,26400.0,26044.1,31.55,31.95,31.25,31.4,82200,1763542500
2025-11-19 14:26:00,CE,ATM+7,9.56,5684625,26400.0,26043.9,31.4,31.7,31.25,31.5,65400,1763542560
2025-11-19 14:27:00,CE,ATM+7,9.61,5684625,26400.0,26045.5,31.55,32.25,31.4,31.95,132600,1763542620
2025-11-19 14:28:00,CE,ATM+7,9.53,5684625,26400.0,26046.05,32.0,32.0,31.45,31.6,69525,1763542680
2025-11-19 14:29:00,CE,ATM+7,9.5,5700300,26400.0,26045.15,31.3,31.8,30.55,31.2,170400,1763542740
2025-11-19 14:30:00,CE,ATM+7,9.49,5700300,26400.0,26048.5,31.15,31.95,31.15,31.6,102150,1763542800
2025-11-19 14:31:00,CE,ATM+7,9.48,5700300,26400.0,26048.65,31.7,31.95,31.2,31.25,162525,1763542860
2025-11-19 14:32:00,CE,ATM+7,9.48,5685450,26400.0,26043.1,31.4,31.55,30.3,30.4,174000,1763542920
2025-11-19 14:33:00,CE,ATM+7,9.41,5685450,26400.0,26042.7,30.3,30.35,29.7,29.9,255600,1763542980
2025-11-19 14:34:00,CE,ATM+7,9.4,5685450,26400.0,26042.3,29.9,30.15,29.5,29.55,179775,1763543040
2025-11-19 14:35:00,CE,ATM+7,9.4,5667225,26400.0,26042.15,29.65,30.3,29.2,29.65,101775,1763543100
2025-11-19 14:36:00,CE,ATM+7,9.44,5667225,26400.0,26041.7,29.75,30.1,29.35,29.9,54075,1763543160
2025-11-19 14:37:00,CE,ATM+7,9.44,5667225,26400.0,26043.2,29.85,30.45,29.75,30.2,55275,1763543220
2025-11-19 14:38:00,CE,ATM+7,9.42,5658300,26400.0,26042.95,30.2,30.65,29.8,29.95,61575,1763543280
2025-11-19 14:39:00,CE,ATM+7,9.5,5658300,26400.0,26048.9,30.05,32.6,30.05,31.75,195675,1763543340
2025-11-19 14:40:00,CE,ATM+7,9.36,5658300,26400.0,26057.3,31.7,32.15,31.25,31.9,137700,1763543400
2025-11-19 14:41:00,CE,ATM+7,9.33,5669775,26400.0,26069.15,32.05,34.8,32.05,33.8,741975,1763543460
2025-11-19 14:42:00,CE,ATM+7,9.19,5669775,26400.0,26070.5,33.7,33.8,32.55,32.95,314475,1763543520
2025-11-19 14:43:00,CE,ATM+7,9.1,5669775,26400.0,26072.0,32.8,33.4,31.75,32.1,200775,1763543580
2025-11-19 14:44:00,CE,ATM+7,9.25,5673225,26400.0,26061.5,32.2,32.4,31.2,31.75,189450,1763543640
2025-11-19 14:45:00,CE,ATM+7,9.27,5673225,26400.0,26059.8,32.1,32.85,31.55,31.55,202950,1763543700
2025-11-19 14:46:00,CE,ATM+7,9.33,5673225,26400.0,26059.9,31.65,32.2,31.2,31.9,111525,1763543760
2025-11-19 14:47:00,CE,ATM+7,9.35,5680800,26400.0,26061.85,32.05,32.9,32.05,32.55,135000,1763543820
2025-11-19 14:48:00,CE,ATM+7,9.37,5680800,26400.0,26061.85,32.5,32.7,32.15,32.5,79500,1763543880
2025-11-19 14:49:00,CE,ATM+7,9.41,5680800,26400.0,26058.6,32.45,32.6,32.1,32.5,100200,1763543940
2025-11-19 14:50:00,CE,ATM+7,9.37,5683800,26400.0,26063.25,32.6,33.4,32.6,33.15,162225,1763544000
2025-11-19 14:51:00,CE,ATM+7,9.44,5683800,26400.0,26065.5,33.05,34.3,32.9,34.1,220650,1763544060
2025-11-19 14:52:00,CE,ATM+7,9.47,5683800,26400.0,26064.05,34.05,34.25,33.7,34.05,145275,1763544120
2025-11-19 14:53:00,CE,ATM+7,9.44,5664300,26400.0,26063.25,33.95,34.1,33.55,33.65,167625,1763544180
2025-11-19 14:54:00,CE,ATM+7,9.41,5664300,26400.0,26061.5,33.6,33.6,32.95,33.0,122700,1763544240
2025-11-19 14:55:00,CE,ATM+7,9.44,5664300,26400.0,26063.45,32.95,33.7,32.5,33.7,90150,1763544300
2025-11-19 14:56:00,CE,ATM+7,9.41,5619000,26400.0,26062.85,33.6,33.6,32.95,33.15,90525,1763544360
2025-11-19 14:57:00,CE,ATM+7,9.43,5619000,26400.0,26059.8,33.1,33.25,32.3,32.9,94650,1763544420
2025-11-19 14:58:00,CE,ATM+7,9.44,5619000,26400.0,26054.45,32.9,32.9,31.75,31.9,123675,1763544480
2025-11-19 14:59:00,CE,ATM+7,9.44,5589075,26400.0,26054.85,31.75,32.3,31.7,32.15,98925,1763544540
2025-11-19 15:00:00,CE,ATM+7,9.51,5589075,26400.0,26061.85,32.2,34.0,31.9,34.0,186450,1763544600
2025-11-19 15:01:00,CE,ATM+7,9.37,5589075,26400.0,26059.55,33.8,33.8,32.15,32.25,119025,1763544660
2025-11-19 15:02:00,CE,ATM+7,9.44,5597175,26400.0,26057.1,32.5,32.7,32.2,32.3,103200,1763544720
2025-11-19 15:03:00,CE,ATM+7,9.42,5597175,26400.0,26055.5,32.35,32.55,31.5,31.95,132675,1763544780
2025-11-19 15:04:00,CE,ATM+7,9.35,5597175,26400.0,26052.15,32.0,32.4,30.45,30.45,268800,1763544840
2025-11-19 15:05:00,CE,ATM+7,9.47,5633550,26400.0,26050.3,30.25,31.35,29.85,31.2,299025,1763544900
2025-11-19 15:06:00,CE,ATM+7,9.46,5633550,26400.0,26053.65,31.4,31.95,31.4,31.8,254175,1763544960
2025-11-19 15:07:00,CE,ATM+7,9.44,5633550,26400.0,26052.55,31.9,31.95,31.6,31.6,66225,1763545020
2025-11-19 15:08:00,CE,ATM+7,9.43,5601375,26400.0,26053.45,31.5,31.8,31.05,31.6,83325,1763545080
2025-11-19 15:09:00,CE,ATM+7,9.39,5601375,26400.0,26052.8,31.6,31.6,30.85,31.1,194100,1763545140
2025-11-19 15:10:00,CE,ATM+7,9.41,5601375,26400.0,26051.7,31.15,31.3,30.7,31.0,274275,1763545200
2025-11-19 15:11:00,CE,ATM+7,9.34,5631450,26400.0,26055.9,31.05,31.4,31.0,31.15,86025,1763545260
2025-11-19 15:12:00,CE,ATM+7,9.34,5631450,26400.0,26057.65,31.3,32.05,31.2,31.4,136575,1763545320
2025-11-19 15:13:00,CE,ATM+7,9.28,5631450,26400.0,26061.6,31.55,31.9,31.55,31.7,115125,1763545380
2025-11-19 15:14:00,CE,ATM+7,9.31,5672850,26400.0,26059.1,31.75,31.8,31.4,31.4,76650,1763545440
2025-11-19 15:15:00,CE,ATM+7,9.33,5672850,26400.0,26056.55,31.4,31.55,30.35,31.15,431925,1763545500
2025-11-19 15:16:00,CE,ATM+7,9.32,5672850,26400.0,26054.65,31.2,31.2,30.55,30.8,107250,1763545560
2025-11-19 15:17:00,CE,ATM+7,9.31,5716725,26400.0,26055.4,30.3,31.05,30.3,30.8,227700,1763545620
2025-11-19 15:18:00,CE,ATM+7,9.32,5716725,26400.0,26053.45,30.75,30.8,30.1,30.45,136575,1763545680
2025-11-19 15:19:00,CE,ATM+7,9.33,5716725,26400.0,26053.15,30.45,30.75,30.45,30.6,130425,1763545740
2025-11-19 15:20:00,CE,ATM+7,9.42,5722950,26400.0,26053.8,30.65,31.35,30.55,31.3,168525,1763545800
2025-11-19 15:21:00,CE,ATM+7,9.44,5722950,26400.0,26053.4,31.3,31.45,31.15,31.4,164550,1763545860
2025-11-19 15:22:00,CE,ATM+7,9.44,5722950,26400.0,26049.45,31.4,31.45,30.45,30.5,166575,1763545920
2025-11-19 15:23:00,CE,ATM+7,9.48,5722350,26400.0,26046.55,30.5,30.9,29.8,30.7,232725,1763545980
2025-11-19 15:24:00,CE,ATM+7,9.58,5722350,26400.0,26047.25,30.75,31.55,30.75,31.55,163800,1763546040
2025-11-19 15:25:00,CE,ATM+7,9.56,5722350,26400.0,26047.4,31.6,31.9,31.45,31.45,169725,1763546100
2025-11-19 15:26:00,CE,ATM+7,9.64,5478675,26400.0,26047.7,31.65,32.85,31.55,32.1,301725,1763546160
2025-11-19 15:27:00,CE,ATM+7,9.65,5478675,26400.0,26046.45,32.2,32.5,32.1,32.4,123000,1763546220
2025-11-19 15:28:00,CE,ATM+7,9.68,5478675,26400.0,26047.4,32.45,32.45,32.1,32.3,139875,1763546280
2025-11-19 15:29:00,CE,ATM+7,9.59,5387550,26400.0,26052.7,32.55,32.9,32.35,32.8,285450,1763546340
2025-11-20 09:15:00,CE,ATM+7,9.13,1853100,26450.0,26109.5,28.7,33.6,24.25,24.35,1564050,1763610300
2025-11-20 09:16:00,CE,ATM+7,9.33,2051475,26450.0,26089.35,25.05,25.05,21.95,22.85,621000,1763610360
2025-11-20 09:17:00,CE,ATM+7,9.19,2051475,26450.0,26093.3,22.8,23.7,22.15,22.5,475650,1763610420
2025-11-20 09:18:00,CE,ATM+7,9.1,2051475,26450.0,26093.65,22.05,23.1,21.55,21.55,438450,1763610480
2025-11-20 09:19:00,CE,ATM+7,9.13,2322075,26450.0,26099.7,21.45,23.2,21.15,23.0,385200,1763610540
2025-11-20 09:20:00,CE,ATM+7,9.09,2322075,26450.0,26099.95,22.5,23.15,21.55,22.75,209025,1763610600
2025-11-20 09:21:00,CE,ATM+7,9.06,2322075,26450.0,26102.8,22.75,23.45,22.55,22.7,190050,1763610660
2025-11-20 09:22:00,CE,ATM+7,9.09,2224575,26450.0,26099.35,22.65,23.45,22.25,22.45,155100,1763610720
2025-11-20 09:23:00,CE,ATM+7,9.19,2224575,26450.0,26088.15,22.5,22.7,21.45,21.45,206775,1763610780
2025-11-20 09:24:00,CE,ATM+7,9.15,2224575,26450.0,26096.3,21.5,22.75,21.45,22.3,139875,1763610840
2025-11-20 09:25:00,CE,ATM+7,9.17,2263500,26450.0,26093.25,21.9,22.2,21.65,21.85,88575,1763610900
2025-11-20 09:26:00,CE,ATM+7,9.22,2263500,26450.0,26089.85,21.8,22.05,21.6,22.05,53175,1763610960
2025-11-20 09:27:00,CE,ATM+7,9.24,2263500,26450.0,26085.55,21.95,22.0,21.5,21.75,86175,1763611020
2025-11-20 09:28:00,CE,ATM+7,9.25,2254050,26450.0,26090.1,21.7,22.45,21.7,22.4,66075,1763611080
2025-11-20 09:29:00,CE,ATM+7,9.19,2254050,26450.0,26104.95,22.45,24.1,22.45,24.1,168150,1763611140
2025-11-20 09:30:00,CE,ATM+7,9.13,2254050,26450.0,26107.6,23.85,24.4,23.75,24.1,196275,1763611200
2025-11-20 09:31:00,CE,ATM+7,9.12,2277000,26450.0,26107.15,24.0,24.05,23.35,23.85,103050,1763611260
2025-11-20 09:32:00,CE,ATM+7,9.08,2277000,26450.0,26109.75,23.9,24.35,23.55,23.95,112200,1763611320
2025-11-20 09:33:00,CE,ATM+7,9.13,2277000,26450.0,26098.15,24.15,24.2,22.3,22.55,147075,1763611380
2025-11-20 09:34:00,CE,ATM+7,9.12,2300250,26450.0,26104.5,22.45,23.5,22.4,23.45,75300,1763611440
2025-11-20 09:35:00,CE,ATM+7,9.11,2300250,26450.0,26111.05,23.3,24.45,23.15,24.45,186000,1763611500
2025-11-20 09:36:00,CE,ATM+7,9.1,2300250,26450.0,26105.3,24.35,24.5,23.35,23.35,106425,1763611560
2025-11-20 09:37:00,CE,ATM+7,9.17,2355600,26450.0,26103.7,23.35,23.85,23.0,23.65,52275,1763611620
2025-11-20 09:38:00,CE,ATM+7,9.22,2355600,26450.0,26099.15,23.65,24.1,22.9,23.5,72675,1763611680
2025-11-20 09:39:00,CE,ATM+7,9.13,2355600,26450.0,26104.6,23.45,23.9,23.3,23.7,50700,1763611740
2025-11-20 09:40:00,CE,ATM+7,9.18,2353200,26450.0,26103.0,23.65,23.85,23.4,23.6,67050,1763611800
2025-11-20 09:41:00,CE,ATM+7,9.17,2353200,26450.0,26102.85,23.65,23.75,23.3,23.6,33525,1763611860
2025-11-20 09:42:00,CE,ATM+7,9.19,2353200,26450.0,26096.65,23.35,23.4,22.9,22.95,63675,1763611920
2025-11-20 09:43:00,CE,ATM+7,9.42,2371425,26450.0,26076.55,22.95,23.2,21.3,21.5,292575,1763611980
2025-11-20 09:44:00,CE,ATM+7,9.46,2371425,26450.0,26077.95,21.15,22.0,20.45,22.0,421950,1763612040
2025-11-20 09:45:00,CE,ATM+7,9.46,2371425,26450.0,26078.75,22.0,22.35,21.05,22.25,157875,1763612100
2025-11-20 09:46:00,CE,ATM+7,9.37,2418225,26450.0,26087.25,22.25,22.95,22.25,22.85,138750,1763612160
2025-11-20 09:47:00,CE,ATM+7,9.37,2418225,26450.0,26089.65,22.95,23.75,22.95,23.3,116250,1763612220
2025-11-20 09:48:00,CE,ATM+7,9.36,2418225,26450.0,26086.15,23.25,23.25,22.5,22.5,144750,1763612280
2025-11-20 09:49:00,CE,ATM+7,9.43,2393475,26450.0,26088.65,22.55,23.65,22.3,23.4,137625,1763612340
2025-11-20 09:50:00,CE,ATM+7,9.51,2393475,26450.0,26093.55,23.25,24.7,23.25,24.7,204300,1763612400
2025-11-20 09:51:00,CE,ATM+7,9.61,2393475,26450.0,26087.75,24.7,24.75,23.95,24.5,173925,1763612460
2025-11-20 09:52:00,CE,ATM+7,9.6,2364750,26450.0,26094.05,24.5,25.7,24.4,25.45,228750,1763612520
2025-11-20 09:53:00,CE,ATM+7,9.66,2364750,26450.0,26087.5,25.45,25.5,24.6,24.75,187275,1763612580
2025-11-20 09:54:00,CE,ATM+7,9.7,2364750,26450.0,26084.4,24.65,25.1,24.5,24.75,161100,1763612640
2025-11-20 09:55:00,CE,ATM+7,9.7,2453400,26450.0,26088.15,24.65,25.4,24.25,25.1,166800,1763612700
2025-11-20 09:56:00,CE,ATM+7,9.65,2453400,26450.0,26091.25,25.05,25.5,25.05,25.2,84225,1763612760
2025-11-20 09:57:00,CE,ATM+7,9.65,2453400,26450.0,26091.25,25.2,25.2,25.2,25.2,0,1763612820
2025-11-20 09:58:00,CE,ATM+7,9.66,2463225,26450.0,26085.4,24.35,24.7,24.15,24.5,35700,1763612880
2025-11-20 09:59:00,CE,ATM+7,9.77,2463225,26450.0,26077.2,24.4,24.55,23.75,24.15,95400,1763612940
2025-11-20 10:00:00,CE,ATM+7,9.68,2463225,26450.0,26082.55,24.0,24.65,23.9,24.4,32700,1763613000
2025-11-20 10:01:00,CE,ATM+7,9.74,2461575,26450.0,26078.7,24.4,24.8,23.95,24.15,47025,1763613060
2025-11-20 10:02:00,CE,ATM+7,9.75,2461575,26450.0,26077.2,24.15,24.5,24.0,24.1,33075,1763613120
2025-11-20 10:03:00,CE,ATM+7,9.66,2461575,26450.0,26079.45,24.2,24.3,23.8,23.9,44025,1763613180
2025-11-20 10:04:00,CE,ATM+7,9.62,2473650,26450.0,26085.05,23.9,24.5,23.85,24.3,68475,1763613240
2025-11-20 10:05:00,CE,ATM+7,9.61,2473650,26450.0,26090.55,24.3,25.15,24.25,25.0,101850,1763613300
2025-11-20 10:06:00,CE,ATM+7,9.52,2473650,26450.0,26098.5,25.1,25.9,25.05,25.6,153000,1763613360
2025-11-20 10:07:00,CE,ATM+7,9.51,2469300,26450.0,26101.55,25.65,26.3,25.5,26.1,128625,1763613420
2025-11-20 10:08:00,CE,ATM+7,9.52,2469300,26450.0,26101.75,26.1,26.25,25.4,25.9,91800,1763613480
2025-11-20 10:09:00,CE,ATM+7,9.53,2469300,26450.0,26099.45,25.75,25.85,25.45,25.8,47475,1763613540
2025-11-20 10:10:00,CE,ATM+7,9.56,2449725,26450.0,26094.3,25.65,25.95,25.25,25.3,55875,1763613600
2025-11-20 10:11:00,CE,ATM+7,9.6,2449725,26450.0,26091.65,25.4,25.5,24.95,25.15,66525,1763613660
2025-11-20 10:12:00,CE,ATM+7,9.6,2449725,26450.0,26096.7,25.1,26.15,25.05,25.8,63150,1763613720
2025-11-20 10:13:00,CE,ATM+7,9.64,2453775,26450.0,26103.55,25.95,27.2,25.75,27.1,149925,1763613780
2025-11-20 10:14:00,CE,ATM+7,9.64,2453775,26450.0,26099.65,27.05,27.7,26.6,26.7,177900,1763613840
2025-11-20 10:15:00,CE,ATM+7,9.61,2453775,26450.0,26098.0,26.7,26.95,26.05,26.1,71700,1763613900
2025-11-20 10:16:00,CE,ATM+7,9.56,2383725,26450.0,26107.95,26.05,27.9,26.0,27.4,110250,1763613960
2025-11-20 10:17:00,CE,ATM+7,9.58,2383725,26450.0,26101.45,27.4,27.5,26.15,26.4,98550,1763614020
2025-11-20 10:18:00,CE,ATM+7,9.56,2383725,26450.0,26103.2,26.4,26.65,26.3,26.55,36225,1763614080
2025-11-20 10:19:00,CE,ATM+7,9.56,2402400,26450.0,26103.5,26.85,27.2,26.65,26.85,57300,1763614140
2025-11-20 10:20:00,CE,ATM+7,9.56,2402400,26450.0,26102.05,26.85,27.1,26.4,26.4,41100,1763614200
2025-11-20 10:21:00,CE,ATM+7,9.61,2402400,26450.0,26100.35,26.5,26.75,25.8,26.55,80925,1763614260
2025-11-20 10:22:00,CE,ATM+7,9.56,2409900,26450.0,26101.45,26.5,26.7,26.05,26.3,36525,1763614320
2025-11-20 10:23:00,CE,ATM+7,9.56,2409900,26450.0,26100.4,26.4,26.55,26.0,26.05,24675,1763614380
2025-11-20 10:24:00,CE,ATM+7,9.56,2409900,26450.0,26101.0,26.05,26.45,25.65,26.25,53250,1763614440
2025-11-20 10:25:00,CE,ATM+7,9.48,2406750,26450.0,26106.15,26.25,26.6,26.05,26.3,60150,1763614500
2025-11-20 10:26:00,CE,ATM+7,9.5,2406750,26450.0,26104.35,26.45,26.6,25.4,26.25,84525,1763614560
2025-11-20 10:27:00,CE,ATM+7,9.47,2406750,26450.0,26103.85,26.35,26.45,25.9,26.05,151650,1763614620
2025-11-20 10:28:00,CE,ATM+7,9.46,2442750,26450.0,26109.55,26.1,26.6,25.9,26.6,40725,1763614680
2025-11-20 10:29:00,CE,ATM+7,9.42,2442750,26450.0,26113.75,26.65,27.25,26.2,27.05,68175,1763614740
2025-11-20 10:30:00,CE,ATM+7,9.27,2442750,26450.0,26119.45,27.0,27.35,26.6,27.05,143700,1763614800
2025-11-20 10:31:00,CE,ATM+7,9.27,2419875,26450.0,26118.7,27.0,27.2,26.65,26.7,117075,1763614860
2025-11-20 10:32:00,CE,ATM+7,9.27,2419875,26450.0,26116.5,26.8,26.85,26.25,26.25,103575,1763614920
2025-11-20 10:33:00,CE,ATM+7,9.25,2419875,26450.0,26118.1,26.25,26.65,26.1,26.5,86400,1763614980
2025-11-20 10:34:00,CE,ATM+7,9.27,2365800,26450.0,26117.8,26.65,27.0,25.8,26.25,79800,1763615040
2025-11-20 10:35:00,CE,ATM+7,9.27,2365800,26450.0,26116.45,26.1,26.65,26.05,26.3,59100,1763615100
2025-11-20 10:36:00,CE,ATM+7,9.24,2365800,26450.0,26117.0,26.35,26.4,25.9,26.15,70875,1763615160
2025-11-20 10:37:00,CE,ATM+7,9.22,2359125,26450.0,26119.65,26.4,26.65,26.0,26.45,44925,1763615220
2025-11-20 10:38:00,CE,ATM+7,9.24,2359125,26450.0,26119.2,26.4,26.65,26.3,26.3,73200,1763615280
2025-11-20 10:39:00,CE,ATM+7,9.19,2359125,26450.0,26119.6,26.45,26.5,26.1,26.1,61725,1763615340
2025-11-20 10:40:00,CE,ATM+7,9.39,11108475,26500.0,26128.15,19.8,21.4,19.7,21.4,328275,1763615400
2025-11-20 10:41:00,CE,ATM+7,9.25,11108475,26500.0,26126.3,21.25,21.35,20.3,20.3,361275,1763615460
2025-11-20 10:42:00,CE,ATM+7,9.13,2335950,26450.0,26124.35,26.95,27.1,26.45,26.6,199800,1763615520
2025-11-20 10:43:00,CE,ATM+7,9.19,11031075,26500.0,26128.3,20.05,20.5,19.6,20.3,344025,1763615580
2025-11-20 10:44:00,CE,ATM+7,9.22,11031075,26500.0,26128.4,20.3,20.3,19.9,20.1,187050,1763615640
2025-11-20 10:45:00,CE,ATM+7,9.21,11031075,26500.0,26127.25,20.1,20.25,19.85,20.05,135750,1763615700
2025-11-20 10:46:00,CE,ATM+7,9.17,11000550,26500.0,26127.65,19.95,20.25,19.9,19.95,114675,1763615760
2025-11-20 10:47:00,CE,ATM+7,9.13,11000550,26500.0,26132.65,20.0,20.55,19.75,20.35,206475,1763615820
2025-11-20 10:48:00,CE,ATM+7,9.13,11000550,26500.0,26139.3,20.4,21.1,20.4,21.0,440325,1763615880
2025-11-20 10:49:00,CE,ATM+7,9.03,10926075,26500.0,26140.4,20.9,20.95,20.55,20.7,265200,1763615940
2025-11-20 10:50:00,CE,ATM+7,9.07,10926075,26500.0,26139.5,20.65,21.15,20.35,20.7,220200,1763616000
2025-11-20 10:51:00,CE,ATM+7,9.09,10926075,26500.0,26139.4,20.65,21.1,20.6,20.9,251850,1763616060
2025-11-20 10:52:00,CE,ATM+7,9.03,10869525,26500.0,26143.25,20.8,21.25,20.65,21.1,206250,1763616120
2025-11-20 10:53:00,CE,ATM+7,9.08,10869525,26500.0,26141.1,21.0,21.15,20.7,20.95,189375,1763616180
2025-11-20 10:54:00,CE,ATM+7,9.03,10869525,26500.0,26138.8,20.8,20.85,20.3,20.3,155550,1763616240
2025-11-20 10:55:00,CE,ATM+7,8.95,10929150,26500.0,26136.35,20.2,20.2,19.3,19.5,528150,1763616300
2025-11-20 10:56:00,CE,ATM+7,8.99,10929150,26500.0,26136.6,19.85,20.2,19.6,19.7,363900,1763616360
2025-11-20 10:57:00,CE,ATM+7,8.95,10929150,26500.0,26134.5,19.7,19.9,19.25,19.25,261300,1763616420
2025-11-20 10:58:00,CE,ATM+7,8.97,10799475,26500.0,26134.0,19.35,19.6,19.15,19.2,169125,1763616480
2025-11-20 10:59:00,CE,ATM+7,8.99,10799475,26500.0,26130.55,19.2,19.35,18.6,18.8,354525,1763616540
2025-11-20 11:00:00,CE,ATM+7,8.95,10799475,26500.0,26127.3,18.75,19.05,18.2,18.25,253950,1763616600
2025-11-20 11:01:00,CE,ATM+7,8.99,10811625,26500.0,26129.85,18.2,18.95,18.2,18.9,141675,1763616660
2025-11-20 11:02:00,CE,ATM+7,9.0,10811625,26500.0,26130.25,18.95,19.25,18.7,19.1,179625,1763616720
2025-11-20 11:03:00,CE,ATM+7,8.95,10811625,26500.0,26133.7,19.15,19.25,18.8,19.2,101400,1763616780
2025-11-20 11:04:00,CE,ATM+7,8.98,10782075,26500.0,26136.6,19.15,19.75,19.15,19.4,218325,1763616840
2025-11-20 11:05:00,CE,ATM+7,8.94,10782075,26500.0,26136.9,19.3,19.65,19.3,19.45,155700,1763616900
2025-11-20 11:06:00,CE,ATM+7,8.92,10782075,26500.0,26136.1,19.5,19.5,19.0,19.15,131400,1763616960
2025-11-20 11:07:00,CE,ATM+7,8.88,10847850,26500.0,26134.05,19.15,19.25,18.35,18.35,247725,1763617020
2025-11-20 11:08:00,CE,ATM+7,8.86,10847850,26500.0,26139.35,18.4,19.2,18.4,19.1,227550,1763617080
2025-11-20 11:09:00,CE,ATM+7,8.82,10847850,26500.0,26138.05,19.15,19.2,18.9,18.9,96675,1763617140
2025-11-20 11:10:00,CE,ATM+7,8.87,10838025,26500.0,26140.2,19.0,19.4,19.0,19.25,83925,1763617200
2025-11-20 11:11:00,CE,ATM+7,8.91,10838025,26500.0,26138.05,19.3,19.4,19.05,19.3,103650,1763617260
2025-11-20 11:12:00,CE,ATM+7,8.89,10838025,26500.0,26138.7,19.2,19.25,19.05,19.15,80025,1763617320
2025-11-20 11:13:00,CE,ATM+7,8.92,10797300,26500.0,26139.4,19.05,19.6,19.0,19.35,132975,1763617380
2025-11-20 11:14:00,CE,ATM+7,8.87,10797300,26500.0,26133.1,19.3,19.7,18.4,18.4,238875,1763617440
2025-11-20 11:15:00,CE,ATM+7,8.87,10797300,26500.0,26133.15,18.55,18.75,18.25,18.3,160875,1763617500
2025-11-20 11:16:00,CE,ATM+7,8.83,10899450,26500.0,26135.5,18.2,18.5,17.9,18.35,310500,1763617560
2025-11-20 11:17:00,CE,ATM+7,8.85,10899450,26500.0,26132.15,18.4,18.4,17.95,18.05,133800,1763617620
2025-11-20 11:18:00,CE,ATM+7,8.88,10899450,26500.0,26128.75,18.25,18.25,17.65,17.85,129600,1763617680
2025-11-20 11:19:00,CE,ATM+7,8.86,10842525,26500.0,26127.8,17.9,17.95,17.65,17.65,88275,1763617740
2025-11-20 11:20:00,CE,ATM+7,8.93,10842525,26500.0,26130.35,17.65,18.25,17.55,18.25,118425,1763617800
2025-11-20 11:21:00,CE,ATM+7,8.87,10842525,26500.0,26131.65,18.25,18.5,18.0,18.0,96300,1763617860
2025-11-20 11:22:00,CE,ATM+7,8.92,10836375,26500.0,26132.05,17.95,18.4,17.55,18.4,90600,1763617920
2025-11-20 11:23:00,CE,ATM+7,8.84,10836375,26500.0,26134.85,18.35,18.55,18.05,18.3,76650,1763617980
2025-11-20 11:24:00,CE,ATM+7,8.89,10836375,26500.0,26137.35,18.35,18.9,18.25,18.8,129600,1763618040
2025-11-20 11:25:00,CE,ATM+7,8.82,10829775,26500.0,26137.35,18.7,18.85,18.5,18.6,92100,1763618100
2025-11-20 11:26:00,CE,ATM+7,8.81,10829775,26500.0,26138.15,18.6,18.85,18.45,18.55,124800,1763618160
2025-11-20 11:27:00,CE,ATM+7,8.86,10829775,26500.0,26136.25,18.6,18.9,18.3,18.55,116625,1763618220
2025-11-20 11:28:00,CE,ATM+7,8.87,10856550,26500.0,26133.8,18.5,18.55,18.25,18.45,65625,1763618280
2025-11-20 11:29:00,CE,ATM+7,8.85,10856550,26500.0,26136.6,18.45,18.75,18.25,18.7,71100,1763618340
2025-11-20 11:30:00,CE,ATM+7,8.84,10856550,26500.0,26135.25,18.65,18.7,18.2,18.35,56475,1763618400
2025-11-20 11:31:00,CE,ATM+7,8.85,10901400,26500.0,26136.0,18.3,18.5,18.0,18.45,95625,1763618460
2025-11-20 11:32:00,CE,ATM+7,8.79,10901400,26500.0,26140.3,18.3,19.0,18.2,18.75,142200,1763618520
2025-11-20 11:33:00,CE,ATM+7,8.84,10901400,26500.0,26143.05,18.65,19.4,18.65,19.35,109200,1763618580
2025-11-20 11:34:00,CE,ATM+7,8.77,10902300,26500.0,26147.35,19.4,19.8,19.3,19.45,247950,1763618640
2025-11-20 11:35:00,CE,ATM+7,8.75,10902300,26500.0,26145.35,19.25,19.4,18.8,18.95,185550,1763618700
2025-11-20 11:36:00,CE,ATM+7,8.74,10902300,26500.0,26143.75,18.95,19.05,18.65,18.8,101250,1763618760
2025-11-20 11:37:00,CE,ATM+7,8.74,10978125,26500.0,26143.3,18.85,19.0,18.6,18.75,116100,1763618820
2025-11-20 11:38:00,CE,ATM+7,8.78,10978125,26500.0,26142.7,18.85,18.95,18.6,18.8,104175,1763618880
2025-11-20 11:39:00,CE,ATM+7,8.82,10978125,26500.0,26142.55,18.85,19.35,18.8,19.05,106800,1763618940
2025-11-20 11:40:00,CE,ATM+7,8.82,10962150,26500.0,26141.95,18.95,19.1,18.85,19.0,77400,1763619000
2025-11-20 11:41:00,CE,ATM+7,8.85,10962150,26500.0,26139.6,19.0,19.05,18.5,18.9,73200,1763619060
2025-11-20 11:42:00,CE,ATM+7,8.78,10962150,26500.0,26140.1,18.85,18.95,18.45,18.45,68775,1763619120
2025-11-20 11:43:00,CE,ATM+7,8.81,10965375,26500.0,26143.85,18.45,19.3,18.4,19.25,139050,1763619180
2025-11-20 11:44:00,CE,ATM+7,8.79,10965375,26500.0,26145.75,19.2,19.3,19.0,19.3,82350,1763619240
2025-11-20 11:45:00,CE,ATM+7,8.79,10965375,26500.0,26143.6,19.25,19.25,18.95,19.0,62250,1763619300
2025-11-20 11:46:00,CE,ATM+7,8.78,10979550,26500.0,26138.45,18.95,19.0,18.2,18.2,140100,1763619360
2025-11-20 11:47:00,CE,ATM+7,8.84,10979550,26500.0,26134.4,18.25,18.4,17.95,18.05,245250,1763619420
2025-11-20 11:48:00,CE,ATM+7,8.77,10979550,26500.0,26137.05,18.0,18.35,17.7,18.1,127950,1763619480
2025-11-20 11:49:00,CE,ATM+7,8.79,11068200,26500.0,26134.1,18.15,18.15,17.7,17.8,122925,1763619540
2025-11-20 11:50:00,CE,ATM+7,8.81,11068200,26500.0,26134.45,17.8,18.1,17.7,18.1,80625,1763619600
2025-11-20 11:51:00,CE,ATM+7,8.82,11068200,26500.0,26134.85,18.05,18.05,17.75,18.05,56100,1763619660
2025-11-20 11:52:00,CE,ATM+7,8.83,11108550,26500.0,26129.55,18.1,18.15,17.3,17.4,177750,1763619720
2025-11-20 11:53:00,CE,ATM+7,8.82,11108550,26500.0,26130.55,17.4,17.6,17.05,17.45,223125,1763619780
2025-11-20 11:54:00,CE,ATM+7,8.79,11108550,26500.0,26133.5,17.55,17.8,17.55,17.75,53475,1763619840
2025-11-20 11:55:00,CE,ATM+7,8.78,11091225,26500.0,26136.2,17.8,18.1,17.65,17.95,71175,1763619900
2025-11-20 11:56:00,CE,ATM+7,8.77,11091225,26500.0,26137.0,17.85,18.25,17.85,18.0,95250,1763619960
2025-11-20 11:57:00,CE,ATM+7,8.76,11091225,26500.0,26138.8,18.0,18.25,18.0,18.25,221025,1763620020
2025-11-20 11:58:00,CE,ATM+7,8.75,11028825,26500.0,26142.7,18.25,18.55,18.05,18.55,110700,1763620080
2025-11-20 11:59:00,CE,ATM+7,8.69,11028825,26500.0,26143.5,18.6,18.65,18.3,18.5,136500,1763620140
2025-11-20 12:00:00,CE,ATM+7,8.66,11028825,26500.0,26150.5,18.55,19.05,18.45,19.0,309675,1763620200
2025-11-20 12:01:00,CE,ATM+7,8.64,10872825,26500.0,26150.7,19.0,19.05,18.8,18.9,143325,1763620260
2025-11-20 12:02:00,CE,ATM+7,8.67,10872825,26500.0,26144.7,18.95,18.95,18.4,18.4,134550,1763620320
2025-11-20 12:03:00,CE,ATM+7,8.68,10872825,26500.0,26143.25,18.4,18.6,18.2,18.2,208350,1763620380
2025-11-20 12:04:00,CE,ATM+7,8.69,10928025,26500.0,26145.7,18.25,18.55,18.1,18.55,97275,1763620440
2025-11-20 12:05:00,CE,ATM+7,8.66,10928025,26500.0,26145.35,18.55,18.55,18.3,18.35,57150,1763620500
2025-11-20 12:06:00,CE,ATM+7,8.67,10928025,26500.0,26146.75,18.3,18.65,18.3,18.45,52125,1763620560
2025-11-20 12:07:00,CE,ATM+7,8.69,10909575,26500.0,26144.85,18.6,18.6,18.25,18.45,104400,1763620620
2025-11-20 12:08:00,CE,ATM+7,8.72,10909575,26500.0,26143.0,18.35,18.4,18.1,18.25,56100,1763620680
2025-11-20 12:09:00,CE,ATM+7,8.75,10909575,26500.0,26140.65,18.25,18.35,18.1,18.2,53625,1763620740
2025-11-20 12:10:00,CE,ATM+7,8.75,10919400,26500.0,26141.7,18.15,18.35,18.0,18.3,80925,1763620800
2025-11-20 12:11:00,CE,ATM+7,8.72,10919400,26500.0,26143.25,18.35,18.6,18.25,18.4,48525,1763620860
2025-11-20 12:12:00,CE,ATM+7,8.75,10919400,26500.0,26143.05,18.35,18.7,18.35,18.7,62700,1763620920
2025-11-20 12:13:00,CE,ATM+7,8.75,10920150,26500.0,26142.0,18.75,18.85,18.5,18.55,68325,1763620980
2025-11-20 12:14:00,CE,ATM+7,8.72,10920150,26500.0,26146.05,18.55,18.8,18.45,18.8,71550,1763621040
2025-11-20 12:15:00,CE,ATM+7,8.73,10920150,26500.0,26143.7,18.9,18.9,18.5,18.6,83625,1763621100
2025-11-20 12:16:00,CE,ATM+7,8.69,10856250,26500.0,26148.2,18.6,19.1,18.6,18.95,107475,1763621160
2025-11-20 12:17:00,CE,ATM+7,8.83,10856250,26500.0,26136.15,18.95,18.95,18.1,18.25,256350,1763621220
2025-11-20 12:18:00,CE,ATM+7,8.77,10856250,26500.0,26143.45,18.3,18.65,18.15,18.65,64725,1763621280
2025-11-20 12:19:00,CE,ATM+7,8.67,10841625,26500.0,26147.45,18.65,18.75,18.45,18.55,223425,1763621340
2025-11-20 12:20:00,CE,ATM+7,8.66,10841625,26500.0,26143.85,18.45,18.65,18.3,18.3,69375,1763621400
2025-11-20 12:21:00,CE,ATM+7,8.74,10841625,26500.0,26144.05,18.4,18.75,18.4,18.6,77775,1763621460
2025-11-20 12:22:00,CE,ATM+7,8.74,10841775,26500.0,26144.95,18.6,18.75,18.45,18.65,35025,1763621520
2025-11-20 12:23:00,CE,ATM+7,8.69,10841775,26500.0,26150.25,18.6,19.15,18.6,19.05,176175,1763621580
2025-11-20 12:24:00,CE,ATM+7,8.68,10841775,26500.0,26154.15,19.1,21.15,19.05,19.5,852825,1763621640
2025-11-20 12:25:00,CE,ATM+7,8.76,10652100,26500.0,26156.3,19.6,20.25,19.6,20.25,240000,1763621700
2025-11-20 12:26:00,CE,ATM+7,8.74,10652100,26500.0,26155.55,20.1,20.55,19.85,20.05,314475,1763621760
2025-11-20 12:27:00,CE,ATM+7,8.79,10652100,26500.0,26155.05,20.2,20.75,20.1,20.45,260100,1763621820
2025-11-20 12:28:00,CE,ATM+7,8.74,10581075,26500.0,26160.25,20.5,21.05,20.4,20.95,247050,1763621880
2025-11-20 12:29:00,CE,ATM+7,8.74,10581075,26500.0,26160.0,20.95,21.0,20.55,20.7,178725,1763621940
2025-11-20 12:30:00,CE,ATM+7,8.69,10581075,26500.0,26162.3,20.7,20.8,20.4,20.55,225750,1763622000
2025-11-20 12:31:00,CE,ATM+7,8.68,10615725,26500.0,26160.55,20.6,20.7,20.35,20.55,120675,1763622060
2025-11-20 12:32:00,CE,ATM+7,8.66,10615725,26500.0,26160.1,20.5,20.6,19.9,20.25,198675,1763622120
2025-11-20 12:33:00,CE,ATM+7,8.66,10615725,26500.0,26165.15,20.35,21.1,20.3,21.0,416850,1763622180
2025-11-20 12:34:00,CE,ATM+7,8.68,10615725,26500.0,26164.65,21.2,21.4,20.6,20.95,288600,1763622240
2025-11-20 12:35:00,CE,ATM+7,8.64,10523625,26500.0,26167.25,20.95,21.15,20.75,20.85,123975,1763622300
2025-11-20 12:36:00,CE,ATM+7,8.63,10523625,26500.0,26165.9,20.95,21.0,20.5,20.8,151650,1763622360
2025-11-20 12:37:00,CE,ATM+7,8.61,10523625,26500.0,26165.5,20.95,20.95,20.5,20.85,131850,1763622420
2025-11-20 12:38:00,CE,ATM+7,8.6,10512525,26500.0,26167.65,20.95,20.95,20.65,20.85,89925,1763622480
2025-11-20 12:39:00,CE,ATM+7,8.6,10512525,26500.0,26168.55,20.85,21.15,20.85,20.9,210000,1763622540
2025-11-20 12:40:00,CE,ATM+7,8.58,10512525,26500.0,26168.25,20.9,21.0,20.6,20.8,165375,1763622600
2025-11-20 12:41:00,CE,ATM+7,8.61,10447050,26500.0,26167.4,20.75,21.0,20.55,20.85,152100,1763622660
2025-11-20 12:42:00,CE,ATM+7,8.57,10447050,26500.0,26169.45,20.85,21.1,20.55,20.65,132825,1763622720
2025-11-20 12:43:00,CE,ATM+7,8.58,10447050,26500.0,26169.3,20.65,21.25,20.5,21.15,437175,1763622780
2025-11-20 12:44:00,CE,ATM+7,8.55,10409100,26500.0,26170.35,21.25,21.5,20.8,20.9,305250,1763622840
2025-11-20 12:45:00,CE,ATM+7,8.55,10409100,26500.0,26173.0,20.95,21.1,20.8,21.05,171375,1763622900
2025-11-20 12:46:00,CE,ATM+7,8.51,10409100,26500.0,26172.9,21.15,21.55,20.85,20.95,271800,1763622960
2025-11-20 12:47:00,CE,ATM+7,8.5,10338825,26500.0,26174.5,21.1,21.25,21.0,21.2,121275,1763623020
2025-11-20 12:48:00,CE,ATM+7,8.49,10338825,26500.0,26174.85,21.2,21.4,20.9,21.05,139500,1763623080
2025-11-20 12:49:00,CE,ATM+7,8.49,10338825,26500.0,26174.1,21.05,21.2,20.85,20.95,123975,1763623140
2025-11-20 12:50:00,CE,ATM+7,8.58,2201700,26550.0,26175.35,15.05,15.25,15.05,15.15,27075,1763623200
2025-11-20 12:51:00,CE,ATM+7,8.5,10382850,26500.0,26172.65,21.05,21.1,20.5,20.8,208650,1763623260
2025-11-20 12:52:00,CE,ATM+7,8.45,10382850,26500.0,26170.7,20.75,20.95,20.0,20.0,262200,1763623320
2025-11-20 12:53:00,CE,ATM+7,8.48,10376550,26500.0,26170.45,20.0,20.75,19.85,20.4,229875,1763623380
2025-11-20 12:54:00,CE,ATM+7,8.43,10376550,26500.0,26171.65,20.4,20.5,20.0,20.05,163350,1763623440
2025-11-20 12:55:00,CE,ATM+7,8.45,10376550,26500.0,26170.65,20.2,20.45,20.0,20.0,189450,1763623500
2025-11-20 12:56:00,CE,ATM+7,8.42,10246275,26500.0,26168.65,19.85,19.95,19.6,19.65,144525,1763623560
2025-11-20 12:57:00,CE,ATM+7,8.44,10246275,26500.0,26171.6,19.7,19.9,19.25,19.85,136275,1763623620
2025-11-20 12:58:00,CE,ATM+7,8.36,10246275,26500.0,26170.8,19.85,20.05,19.6,19.8,81375,1763623680
2025-11-20 12:59:00,CE,ATM+7,8.41,10185975,26500.0,26172.15,19.9,20.1,19.8,20.0,117825,1763623740
2025-11-20 13:00:00,CE,ATM+7,8.4,10185975,26500.0,26173.65,20.0,20.3,19.75,20.25,148875,1763623800
2025-11-20 13:01:00,CE,ATM+7,8.46,2156625,26550.0,26178.35,14.6,14.95,14.5,14.95,62175,1763623860
2025-11-20 13:02:00,CE,ATM+7,8.46,2133150,26550.0,26179.8,15.1,15.15,14.85,15.0,56400,1763623920
2025-11-20 13:03:00,CE,ATM+7,8.46,2133150,26550.0,26182.55,15.15,15.4,15.15,15.3,74700,1763623980
2025-11-20 13:04:00,CE,ATM+7,8.46,2133150,26550.0,26181.2,15.25,15.35,15.1,15.15,54975,1763624040
2025-11-20 13:05:00,CE,ATM+7,8.48,2130975,26550.0,26180.1,15.15,15.25,14.9,14.95,50925,1763624100
2025-11-20 13:06:00,CE,ATM+7,8.43,2130975,26550.0,26176.65,14.95,14.95,14.4,14.5,75825,1763624160
2025-11-20 13:07:00,CE,ATM+7,8.48,2130975,26550.0,26176.1,14.45,14.55,14.3,14.5,34350,1763624220
2025-11-20 13:08:00,CE,ATM+7,8.36,10168650,26500.0,26173.25,20.05,20.1,19.7,19.7,150525,1763624280
2025-11-20 13:09:00,CE,ATM+7,8.36,10168650,26500.0,26173.7,19.7,20.0,19.2,19.85,203250,1763624340
2025-11-20 13:10:00,CE,ATM+7,8.43,2111325,26550.0,26178.65,14.3,14.65,14.3,14.65,28500,1763624400
2025-11-20 13:11:00,CE,ATM+7,8.43,2110725,26550.0,26177.9,14.65,14.7,14.4,14.5,19875,1763624460
2025-11-20 13:12:00,CE,ATM+7,8.41,2110725,26550.0,26178.65,14.45,15.1,14.35,14.45,215550,1763624520
2025-11-20 13:13:00,CE,ATM+7,8.3,10136025,26500.0,26173.75,20.2,20.2,19.6,19.75,62400,1763624580
2025-11-20 13:14:00,CE,ATM+7,8.44,2142225,26550.0,26177.8,14.3,14.5,14.1,14.5,24825,1763624640
2025-11-20 13:15:00,CE,ATM+7,8.43,2142225,26550.0,26176.05,14.45,14.5,14.35,14.4,6450,1763624700
2025-11-20 13:16:00,CE,ATM+7,8.44,2142225,26550.0,26176.65,14.4,14.5,14.2,14.4,36825,1763624760
2025-11-20 13:17:00,CE,ATM+7,8.41,2151900,26550.0,26180.25,14.45,14.8,14.4,14.75,49575,1763624820
2025-11-20 13:18:00,CE,ATM+7,8.4,2151900,26550.0,26182.2,14.75,14.95,14.65,14.9,31125,1763624880
2025-11-20 13:19:00,CE,ATM+7,8.41,2151900,26550.0,26182.7,14.9,15.2,14.9,15.0,36825,1763624940
2025-11-20 13:20:00,CE,ATM+7,8.42,10080975,26500.0,26174.85,20.7,20.7,20.0,20.3,164850,1763625000
2025-11-20 13:21:00,CE,ATM+7,8.49,2144400,26550.0,26178.55,14.7,15.1,14.45,15.1,50475,1763625060
2025-11-20 13:22:00,CE,ATM+7,8.43,2144400,26550.0,26181.95,14.95,15.05,14.9,15.0,16575,1763625120
2025-11-20 13:23:00,CE,ATM+7,8.36,2127975,26550.0,26185.85,14.95,15.3,14.95,15.2,65400,1763625180
2025-11-20 13:24:00,CE,ATM+7,8.58,2127975,26550.0,26187.55,15.2,17.1,15.2,16.4,411600,1763625240
2025-11-20 13:25:00,CE,ATM+7,8.54,2127975,26550.0,26191.6,16.45,16.9,16.3,16.85,101550,1763625300
2025-11-20 13:26:00,CE,ATM+7,8.75,2127375,26550.0,26199.45,16.85,20.0,16.55,19.05,824925,1763625360
2025-11-20 13:27:00,CE,ATM+7,8.67,2127375,26550.0,26197.15,18.8,18.8,18.0,18.4,273750,1763625420
2025-11-20 13:28:00,CE,ATM+7,8.75,2127375,26550.0,26201.05,18.05,19.65,18.05,19.5,212400,1763625480
2025-11-20 13:29:00,CE,ATM+7,8.73,2211375,26550.0,26203.25,19.25,19.65,18.65,19.6,180300,1763625540
2025-11-20 13:30:00,CE,ATM+7,8.81,2211375,26550.0,26202.15,19.6,20.45,19.25,19.9,182250,1763625600
2025-11-20 13:31:00,CE,ATM+7,8.74,2211375,26550.0,26201.15,19.65,19.65,19.05,19.2,93825,1763625660
2025-11-20 13:32:00,CE,ATM+7,8.72,2207775,26550.0,26201.9,19.25,19.55,18.8,19.1,89250,1763625720
2025-11-20 13:33:00,CE,ATM+7,8.76,2207775,26550.0,26202.55,19.05,19.95,19.05,19.75,80400,1763625780
2025-11-20 13:34:00,CE,ATM+7,8.77,2207775,26550.0,26200.05,19.7,20.0,19.35,19.35,120225,1763625840
2025-11-20 13:35:00,CE,ATM+7,8.86,2214900,26550.0,26203.65,19.35,21.25,19.25,20.75,262650,1763625900
2025-11-20 13:36:00,CE,ATM+7,8.86,2214900,26550.0,26205.85,20.65,21.2,20.45,20.9,160050,1763625960
2025-11-20 13:37:00,CE,ATM+7,8.97,2214900,26550.0,26207.8,20.95,22.2,20.75,22.0,158700,1763626020
2025-11-20 13:38:00,CE,ATM+7,8.98,2202750,26550.0,26207.75,22.35,23.05,22.0,22.15,288300,1763626080
2025-11-20 13:39:00,CE,ATM+7,9.19,2202750,26550.0,26213.4,22.0,25.55,21.9,24.5,501150,1763626140
2025-11-20 13:40:00,CE,ATM+7,9.13,2202750,26550.0,26209.6,24.5,24.85,23.15,23.4,471825,1763626200
2025-11-20 13:41:00,CE,ATM+7,9.21,2319300,26550.0,26209.15,23.4,23.9,22.65,23.8,169800,1763626260
2025-11-20 13:42:00,CE,ATM+7,9.13,2319300,26550.0,26208.4,23.6,23.75,23.15,23.3,128625,1763626320
2025-11-20 13:43:00,CE,ATM+7,9.19,2319300,26550.0,26208.1,23.25,24.0,23.25,23.9,87300,1763626380
2025-11-20 13:44:00,CE,ATM+7,9.35,2292375,26550.0,26206.1,23.85,24.6,23.6,24.4,113625,1763626440
2025-11-20 13:45:00,CE,ATM+7,9.19,2292375,26550.0,26211.9,23.6,24.2,23.2,24.15,186225,1763626500
2025-11-20 13:46:00,CE,ATM+7,9.11,2292375,26550.0,26213.65,24.15,24.6,23.85,23.85,88500,1763626560
2025-11-20 13:47:00,CE,ATM+7,9.09,2324550,26550.0,26200.85,24.0,24.0,22.1,22.45,260250,1763626620
2025-11-20 13:48:00,CE,ATM+7,9.1,2324550,26550.0,26207.05,22.55,23.0,22.15,22.9,99750,1763626680
2025-11-20 13:49:00,CE,ATM+7,9.17,2324550,26550.0,26211.95,22.9,24.2,22.9,24.0,116625,1763626740
2025-11-20 13:50:00,CE,ATM+7,9.13,2337900,26550.0,26213.55,23.95,24.25,23.7,24.05,92100,1763626800
2025-11-20 13:51:00,CE,ATM+7,9.19,2337900,26550.0,26211.3,24.05,24.25,23.85,24.1,116175,1763626860
2025-11-20 13:52:00,CE,ATM+7,9.22,2337900,26550.0,26220.75,24.1,26.55,23.55,25.75,325350,1763626920
2025-11-20 13:53:00,CE,ATM+7,9.31,2357850,26550.0,26225.0,25.75,27.95,25.75,27.5,305025,1763626980
2025-11-20 13:54:00,CE,ATM+7,9.31,2357850,26550.0,26224.85,27.5,28.15,26.5,27.15,419025,1763627040
2025-11-20 13:55:00,CE,ATM+7,9.28,2357850,26550.0,26224.75,27.1,27.4,26.05,27.05,177975,1763627100
2025-11-20 13:56:00,CE,ATM+7,9.27,2415225,26550.0,26224.2,26.75,27.0,26.3,26.85,69600,1763627160
2025-11-20 13:57:00,CE,ATM+7,9.25,2415225,26550.0,26223.75,26.55,26.8,26.15,26.35,63300,1763627220
2025-11-20 13:58:00,CE,ATM+7,9.3,2415225,26550.0,26223.8,26.5,27.3,26.1,27.0,94500,1763627280
2025-11-20 13:59:00,CE,ATM+7,9.22,2418300,26550.0,26218.9,27.0,27.25,25.35,25.55,152700,1763627340
2025-11-20 14:00:00,CE,ATM+7,9.27,2418300,26550.0,26220.05,25.35,26.2,25.15,26.0,89400,1763627400
2025-11-20 14:01:00,CE,ATM+7,9.27,2418300,26550.0,26217.25,26.05,26.4,25.05,25.4,105075,1763627460
2025-11-20 14:02:00,CE,ATM+7,9.31,2406675,26550.0,26213.65,25.65,25.85,25.1,25.2,42000,1763627520
2025-11-20 14:03:00,CE,ATM+7,9.32,2406675,26550.0,26213.3,25.5,25.85,24.85,25.35,104700,1763627580
2025-11-20 14:04:00,CE,ATM+7,9.3,2406675,26550.0,26220.35,25.45,26.65,25.4,26.25,73125,1763627640
2025-11-20 14:05:00,CE,ATM+7,9.26,2411400,26550.0,26224.85,26.3,27.15,26.3,26.8,111975,1763627700
2025-11-20 14:06:00,CE,ATM+7,9.31,2411400,26550.0,26223.95,26.8,27.1,26.3,26.9,73200,1763627760
2025-11-20 14:07:00,CE,ATM+7,9.18,2411400,26550.0,26219.9,26.7,26.8,25.1,25.1,135225,1763627820
2025-11-20 14:08:00,CE,ATM+7,9.22,2366700,26550.0,26221.2,25.05,25.95,24.9,25.7,154050,1763627880
2025-11-20 14:09:00,CE,ATM+7,9.15,2366700,26550.0,26224.75,25.55,26.6,25.55,25.85,97650,1763627940
2025-11-20 14:10:00,CE,ATM+7,9.26,4637250,26600.0,26225.5,19.35,19.8,19.05,19.55,125100,1763628000
2025-11-20 14:11:00,CE,ATM+7,9.18,2347575,26550.0,26224.6,26.25,26.35,25.95,26.2,61725,1763628060
2025-11-20 14:12:00,CE,ATM+7,9.17,2347575,26550.0,26223.65,26.35,26.45,25.7,25.8,86400,1763628120
2025-11-20 14:13:00,CE,ATM+7,9.18,2347575,26550.0,26222.6,25.95,26.0,25.25,25.7,62175,1763628180
2025-11-20 14:14:00,CE,ATM+7,9.18,2343375,26550.0,26224.65,25.9,26.35,25.7,26.25,56100,1763628240
2025-11-20 14:15:00,CE,ATM+7,9.27,4650525,26600.0,26228.25,19.55,20.05,19.35,20.05,81375,1763628300
2025-11-20 14:16:00,CE,ATM+7,9.25,4650525,26600.0,26231.5,19.95,20.35,19.85,20.2,131475,1763628360
2025-11-20 14:17:00,CE,ATM+7,9.26,4614450,26600.0,26236.15,20.4,21.05,20.2,20.75,207900,1763628420
2025-11-20 14:18:00,CE,ATM+7,9.12,4614450,26600.0,26242.45,20.65,21.1,20.55,20.6,174225,1763628480
2025-11-20 14:19:00,CE,ATM+7,9.22,4614450,26600.0,26237.95,20.65,21.45,20.05,20.2,240825,1763628540
2025-11-20 14:20:00,CE,ATM+7,9.21,4679700,26600.0,26234.0,20.05,20.25,19.25,20.1,164025,1763628600
2025-11-20 14:21:00,CE,ATM+7,9.16,4679700,26600.0,26235.4,20.0,20.3,19.95,20.1,71775,1763628660
2025-11-20 14:22:00,CE,ATM+7,9.11,4679700,26600.0,26234.05,20.0,20.1,19.45,19.45,107550,1763628720
2025-11-20 14:23:00,CE,ATM+7,9.16,4705950,26600.0,26231.8,19.75,19.9,19.45,19.65,78075,1763628780
2025-11-20 14:24:00,CE,ATM+7,9.13,4705950,26600.0,26236.4,19.85,20.0,19.7,19.8,82425,1763628840
2025-11-20 14:25:00,CE,ATM+7,9.16,4705950,26600.0,26229.3,19.85,19.85,19.2,19.25,114375,1763628900
2025-11-20 14:26:00,CE,ATM+7,9.13,4749900,26600.0,26228.55,19.35,19.45,18.7,18.8,148575,1763628960
2025-11-20 14:27:00,CE,ATM+7,9.03,2286300,26550.0,26218.85,25.1,25.25,23.65,23.9,215850,1763629020
2025-11-20 14:28:00,CE,ATM+7,9.19,2286300,26550.0,26208.65,23.55,23.8,23.05,23.5,143850,1763629080
2025-11-20 14:29:00,CE,ATM+7,9.24,2309625,26550.0,26200.55,23.45,23.6,22.3,22.65,139650,1763629140
2025-11-20 14:30:00,CE,ATM+7,9.1,2309625,26550.0,26215.7,22.85,24.4,22.55,23.95,171075,1763629200
2025-11-20 14:31:00,CE,ATM+7,9.15,2309625,26550.0,26202.25,23.9,23.95,21.85,22.1,167100,1763629260
2025-11-20 14:32:00,CE,ATM+7,9.12,2306250,26550.0,26200.55,21.9,21.95,21.25,21.8,95625,1763629320
2025-11-20 14:33:00,CE,ATM+7,9.11,2306250,26550.0,26203.0,21.85,22.45,21.25,22.0,72000,1763629380
2025-11-20 14:34:00,CE,ATM+7,9.1,2306250,26550.0,26205.8,22.1,22.45,22.05,22.25,46875,1763629440
2025-11-20 14:35:00,CE,ATM+7,9.1,2312625,26550.0,26210.8,22.2,23.15,22.0,23.05,64800,1763629500
2025-11-20 14:36:00,CE,ATM+7,9.04,2312625,26550.0,26216.5,23.15,23.95,23.1,23.6,91275,1763629560
2025-11-20 14:37:00,CE,ATM+7,9.02,2312625,26550.0,26221.45,23.65,24.05,23.2,24.0,57000,1763629620
2025-11-20 14:38:00,CE,ATM+7,9.02,2296800,26550.0,26221.5,24.25,24.6,23.8,23.8,100200,1763629680
2025-11-20 14:39:00,CE,ATM+7,8.99,2296800,26550.0,26218.7,23.75,24.0,23.4,23.45,50775,1763629740
2025-11-20 14:40:00,CE,ATM+7,9.04,2296800,26550.0,26218.35,23.55,24.1,23.55,23.7,63075,1763629800
2025-11-20 14:41:00,CE,ATM+7,9.03,2313000,26550.0,26222.3,23.9,24.15,23.85,24.15,36225,1763629860
2025-11-20 14:42:00,CE,ATM+7,9.03,2313000,26550.0,26217.45,24.1,24.2,23.4,23.45,45600,1763629920
2025-11-20 14:43:00,CE,ATM+7,9.08,2313000,26550.0,26199.3,23.25,23.25,21.25,21.45,177075,1763629980
2025-11-20 14:44:00,CE,ATM+7,9.04,2272650,26550.0,26195.3,21.3,21.5,20.15,20.2,316125,1763630040
2025-11-20 14:45:00,CE,ATM+7,9.16,2272650,26550.0,26198.75,20.2,21.85,20.2,21.7,129750,1763630100
2025-11-20 14:46:00,CE,ATM+7,8.91,2272650,26550.0,26214.9,21.85,22.75,21.7,22.25,143550,1763630160
2025-11-20 14:47:00,CE,ATM+7,8.94,2303475,26550.0,26206.5,22.4,22.75,20.75,20.95,102675,1763630220
2025-11-20 14:48:00,CE,ATM+7,9.0,2303475,26550.0,26201.95,20.7,21.0,20.45,20.9,88575,1763630280
2025-11-20 14:49:00,CE,ATM+7,8.94,2303475,26550.0,26208.3,20.85,21.9,20.8,21.5,57825,1763630340
2025-11-20 14:50:00,CE,ATM+7,9.03,2305200,26550.0,26210.1,21.5,22.2,21.4,22.1,78675,1763630400
2025-11-20 14:51:00,CE,ATM+7,8.94,2305200,26550.0,26212.5,22.0,22.45,21.95,22.1,82425,1763630460
2025-11-20 14:52:00,CE,ATM+7,8.94,2305200,26550.0,26212.3,21.95,22.3,21.55,21.95,58200,1763630520
2025-11-20 14:53:00,CE,ATM+7,9.09,2304150,26550.0,26201.2,22.0,22.1,21.1,21.1,52575,1763630580
2025-11-20 14:54:00,CE,ATM+7,9.16,2304150,26550.0,26191.85,20.95,21.15,20.5,20.5,85875,1763630640
2025-11-20 14:55:00,CE,ATM+7,9.0,2304150,26550.0,26206.15,20.85,21.6,20.55,21.55,85950,1763630700
2025-11-20 14:56:00,CE,ATM+7,8.91,2304825,26550.0,26207.6,21.5,21.5,21.0,21.2,55800,1763630760
2025-11-20 14:57:00,CE,ATM+7,9.03,2304825,26550.0,26201.3,21.2,21.7,20.85,21.2,84225,1763630820
2025-11-20 14:58:00,CE,ATM+7,8.9,2304825,26550.0,26207.8,21.1,21.25,20.7,20.85,52350,1763630880
2025-11-20 14:59:00,CE,ATM+7,8.94,2282175,26550.0,26208.35,21.0,21.3,20.85,21.3,90225,1763630940
2025-11-20 15:00:00,CE,ATM+7,8.94,2282175,26550.0,26206.1,21.35,22.35,20.75,20.95,143250,1763631000
2025-11-20 15:01:00,CE,ATM+7,8.99,2282175,26550.0,26185.85,20.8,20.85,18.65,18.65,306375,1763631060
2025-11-20 15:02:00,CE,ATM+7,9.07,10707225,26500.0,26174.25,25.55,26.25,24.45,24.8,679575,1763631120
2025-11-20 15:03:00,CE,ATM+7,8.95,2270400,26550.0,26193.05,18.05,19.35,17.65,19.25,282825,1763631180
2025-11-20 15:04:00,CE,ATM+7,9.03,2270400,26550.0,26187.2,19.15,19.15,18.65,18.8,100875,1763631240
2025-11-20 15:05:00,CE,ATM+7,9.02,2399400,26550.0,26185.8,18.8,18.9,18.45,18.8,44325,1763631300
2025-11-20 15:06:00,CE,ATM+7,8.93,2399400,26550.0,26190.9,19.0,19.1,18.65,19.05,72900,1763631360
2025-11-20 15:07:00,CE,ATM+7,9.03,2399400,26550.0,26188.15,19.15,19.75,19.0,19.35,129750,1763631420
2025-11-20 15:08:00,CE,ATM+7,9.24,2392875,26550.0,26177.65,19.25,19.25,18.95,19.2,52425,1763631480
2025-11-20 15:09:00,CE,ATM+7,9.03,2392875,26550.0,26188.05,19.1,19.45,18.85,19.15,113625,1763631540
2025-11-20 15:10:00,CE,ATM+7,9.24,2392875,26550.0,26178.75,19.25,19.5,18.9,19.4,124425,1763631600
2025-11-20 15:11:00,CE,ATM+7,9.03,2530650,26550.0,26188.9,19.4,19.45,19.1,19.2,176625,1763631660
2025-11-20 15:12:00,CE,ATM+7,9.01,2530650,26550.0,26193.6,19.45,19.8,19.3,19.8,98625,1763631720
2025-11-20 15:13:00,CE,ATM+7,9.1,2530650,26550.0,26189.9,19.85,20.2,19.6,20.1,64725,1763631780
2025-11-20 15:14:00,CE,ATM+7,8.88,2527950,26550.0,26203.2,20.15,20.5,20.05,20.2,78075,1763631840
2025-11-20 15:15:00,CE,ATM+7,8.95,2527950,26550.0,26199.25,20.25,20.4,20.0,20.2,170025,1763631900
2025-11-20 15:16:00,CE,ATM+7,9.08,2527950,26550.0,26191.2,20.3,20.4,19.25,19.8,164100,1763631960
2025-11-20 15:17:00,CE,ATM+7,8.97,2569500,26550.0,26198.4,19.85,20.4,19.7,20.05,158025,1763632020
2025-11-20 15:18:00,CE,ATM+7,9.03,2569500,26550.0,26195.65,20.2,20.3,19.7,20.25,142875,1763632080
2025-11-20 15:19:00,CE,ATM+7,9.1,2569500,26550.0,26191.15,19.85,20.05,19.65,19.95,77625,1763632140
2025-11-20 15:20:00,CE,ATM+7,8.94,2544750,26550.0,26196.6,19.9,20.0,19.4,19.55,123750,1763632200
2025-11-20 15:21:00,CE,ATM+7,8.93,2544750,26550.0,26193.6,19.6,19.6,19.05,19.2,121875,1763632260
2025-11-20 15:22:00,CE,ATM+7,8.88,2544750,26550.0,26193.95,19.05,19.35,18.8,18.8,146775,1763632320
2025-11-20 15:23:00,CE,ATM+7,8.93,2581950,26550.0,26193.7,19.05,19.3,18.65,19.2,211125,1763632380
2025-11-20 15:24:00,CE,ATM+7,8.95,2581950,26550.0,26196.55,19.25,19.75,19.25,19.75,132375,1763632440
2025-11-20 15:25:00,CE,ATM+7,8.9,2581950,26550.0,26198.95,19.75,20.05,19.65,19.75,158100,1763632500
2025-11-20 15:26:00,CE,ATM+7,8.99,2594550,26550.0,26200.25,19.85,20.45,19.85,20.45,179625,1763632560
2025-11-20 15:27:00,CE,ATM+7,9.04,2594550,26550.0,26194.3,20.45,20.6,20.2,20.5,216825,1763632620
2025-11-20 15:28:00,CE,ATM+7,9.15,2594550,26550.0,26197.05,20.6,20.8,20.3,20.8,200025,1763632680
2025-11-20 15:29:00,CE,ATM+7,9.22,2590875,26550.0,26197.4,20.85,21.4,20.75,21.15,259950,1763632740
2025-11-21 09:15:00,CE,ATM+7,9.6,2063850,26450.0,26111.1,29.8,29.8,5.0,19.8,1683075,1763696700
2025-11-21 09:16:00,CE,ATM+7,9.62,2463225,26450.0,26107.4,19.1,20.45,19.05,19.55,1041525,1763696760
2025-11-21 09:17:00,CE,ATM+7,9.61,2463225,26450.0,26118.0,19.15,22.7,19.05,21.3,621600,1763696820
2025-11-21 09:18:00,CE,ATM+7,9.36,2463225,26450.0,26123.6,20.5,21.2,19.4,20.35,549150,1763696880
2025-11-21 09:19:00,CE,ATM+7,9.41,11097675,26500.0,26138.75,14.55,17.4,14.35,15.9,1190100,1763696940
2025-11-21 09:20:00,CE,ATM+7,9.37,11097675,26500.0,26138.1,15.55,16.25,14.8,15.95,1111875,1763697000
2025-11-21 09:21:00,CE,ATM+7,9.19,11097675,26500.0,26141.45,15.55,15.8,14.95,15.5,2088750,1763697060
2025-11-21 09:22:00,CE,ATM+7,9.06,10595400,26500.0,26151.2,15.4,16.2,15.35,15.6,768675,1763697120
2025-11-21 09:23:00,CE,ATM+7,9.03,10595400,26500.0,26147.85,15.6,16.2,15.2,15.2,815325,1763697180
2025-11-21 09:24:00,CE,ATM+7,8.98,10595400,26500.0,26159.05,15.05,16.95,15.0,16.2,823425,1763697240
2025-11-21 09:25:00,CE,ATM+7,9.04,10868025,26500.0,26164.55,16.35,18.5,16.15,17.35,1061025,1763697300
2025-11-21 09:26:00,CE,ATM+7,9.01,10868025,26500.0,26158.6,17.35,17.7,16.35,16.35,966375,1763697360
2025-11-21 09:27:00,CE,ATM+7,9.01,10868025,26500.0,26166.75,16.5,17.9,16.5,17.5,687900,1763697420
2025-11-21 09:28:00,CE,ATM+7,8.94,11048400,26500.0,26166.05,17.65,17.75,16.6,16.6,786300,1763697480
2025-11-21 09:29:00,CE,ATM+7,9.04,11048400,26500.0,26158.2,16.6,16.85,16.35,16.55,576525,1763697540
2025-11-21 09:30:00,CE,ATM+7,9.06,11048400,26500.0,26150.35,16.45,17.05,15.55,15.6,795300,1763697600
2025-11-21 09:31:00,CE,ATM+7,9.07,11328150,26500.0,26157.15,15.65,17.55,15.6,16.65,782175,1763697660
2025-11-21 09:32:00,CE,ATM+7,9.01,11328150,26500.0,26173.7,17.05,19.0,16.95,18.2,1050825,1763697720
2025-11-21 09:33:00,CE,ATM+7,8.98,11328150,26500.0,26166.65,18.4,18.4,17.2,17.35,565500,1763697780
2025-11-21 09:34:00,CE,ATM+7,9.1,11295150,26500.0,26151.35,17.3,17.4,15.95,16.0,680850,1763697840
2025-11-21 09:35:00,CE,ATM+7,9.19,11295150,26500.0,26146.25,16.0,16.2,15.3,15.85,606075,1763697900
2025-11-21 09:36:00,CE,ATM+7,9.1,11295150,26500.0,26143.25,15.65,15.7,15.0,15.05,595425,1763697960
2025-11-21 09:37:00,CE,ATM+7,9.08,11538825,26500.0,26143.9,15.15,15.5,14.65,14.75,448200,1763698020
2025-11-21 09:38:00,CE,ATM+7,9.03,11538825,26500.0,26142.5,14.7,15.15,14.45,14.55,527775,1763698080
2025-11-21 09:39:00,CE,ATM+7,9.09,11538825,26500.0,26147.5,14.65,15.6,14.55,15.45,437475,1763698140
2025-11-21 09:40:00,CE,ATM+7,8.99,11688225,26500.0,26149.95,15.6,16.4,15.1,15.15,490875,1763698200
2025-11-21 09:41:00,CE,ATM+7,9.01,11688225,26500.0,26150.05,15.25,15.7,15.1,15.3,405675,1763698260
2025-11-21 09:42:00,CE,ATM+7,8.99,11688225,26500.0,26137.5,15.25,15.35,13.75,13.75,717675,1763698320
2025-11-21 09:43:00,CE,ATM+7,9.01,11939100,26500.0,26139.95,13.8,14.1,13.65,14.1,415950,1763698380
2025-11-21 09:44:00,CE,ATM+7,9.08,11939100,26500.0,26131.3,14.0,14.15,13.35,13.35,629175,1763698440
2025-11-21 09:45:00,CE,ATM+7,9.01,3436125,26450.0,26117.25,18.15,18.3,16.5,17.15,747975,1763698500
2025-11-21 09:46:00,CE,ATM+7,8.98,3669600,26450.0,26123.9,17.35,18.15,17.35,17.95,633225,1763698560
2025-11-21 09:47:00,CE,ATM+7,9.21,12050925,26500.0,26126.3,13.5,13.7,13.3,13.6,434850,1763698620
2025-11-21 09:48:00,CE,ATM+7,9.01,3669600,26450.0,26119.65,18.35,18.5,17.3,17.45,225450,1763698680
2025-11-21 09:49:00,CE,ATM+7,9.02,3737625,26450.0,26121.6,17.45,18.05,17.35,17.8,137625,1763698740
2025-11-21 09:50:00,CE,ATM+7,9.03,3737625,26450.0,26118.95,17.65,18.0,17.55,17.6,114675,1763698800
2025-11-21 09:51:00,CE,ATM+7,9.0,3737625,26450.0,26122.1,17.55,18.2,17.4,18.0,145650,1763698860
2025-11-21 09:52:00,CE,ATM+7,9.0,3725700,26450.0,26118.85,18.1,18.1,17.35,17.35,160050,1763698920
2025-11-21 09:53:00,CE,ATM+7,9.09,3725700,26450.0,26115.3,17.4,17.6,17.05,17.35,194850,1763698980
2025-11-21 09:54:00,CE,ATM+7,9.13,3725700,26450.0,26109.15,17.3,17.5,16.75,16.8,353625,1763699040
2025-11-21 09:55:00,CE,ATM+7,9.25,3660000,26450.0,26099.4,16.8,17.15,15.8,16.25,632550,1763699100
2025-11-21 09:56:00,CE,ATM+7,9.19,3660000,26450.0,26108.9,16.15,17.4,15.9,17.4,565125,1763699160
2025-11-21 09:57:00,CE,ATM+7,9.26,3660000,26450.0,26103.05,17.45,17.55,16.85,17.05,232950,1763699220
2025-11-21 09:58:00,CE,ATM+7,9.17,3677850,26450.0,26114.05,16.85,17.95,16.85,17.95,159600,1763699280
2025-11-21 09:59:00,CE,ATM+7,9.1,3677850,26450.0,26119.4,17.85,18.25,17.8,18.2,170325,1763699340
2025-11-21 10:00:00,CE,ATM+7,9.11,3677850,26450.0,26117.05,18.05,18.1,17.55,17.75,182550,1763699400
2025-11-21 10:01:00,CE,ATM+7,9.15,3740250,26450.0,26109.95,17.8,17.85,16.85,16.95,200625,1763699460
2025-11-21 10:02:00,CE,ATM+7,9.17,3740250,26450.0,26102.0,16.85,16.95,16.25,16.35,219600,1763699520
2025-11-21 10:03:00,CE,ATM+7,9.19,3740250,26450.0,26094.0,16.3,16.4,15.25,15.4,485100,1763699580
2025-11-21 10:04:00,CE,ATM+7,9.19,3709650,26450.0,26094.3,15.65,15.75,15.25,15.45,343725,1763699640
2025-11-21 10:05:00,CE,ATM+7,9.17,3709650,26450.0,26090.75,15.45,15.6,15.0,15.15,345675,1763699700
2025-11-21 10:06:00,CE,ATM+7,9.17,3709650,26450.0,26095.0,15.2,15.4,14.95,15.35,229575,1763699760
2025-11-21 10:07:00,CE,ATM+7,9.17,3663675,26450.0,26090.8,15.1,15.3,14.4,14.85,349800,1763699820
2025-11-21 10:08:00,CE,ATM+7,9.16,3663675,26450.0,26089.45,14.95,15.15,14.6,14.6,138300,1763699880
2025-11-21 10:09:00,CE,ATM+7,9.12,3663675,26450.0,26086.5,14.65,14.75,14.15,14.2,419700,1763699940
2025-11-21 10:10:00,CE,ATM+7,9.22,3662025,26450.0,26085.6,14.2,14.7,14.1,14.5,524025,1763700000
2025-11-21 10:11:00,CE,ATM+7,9.16,3662025,26450.0,26090.4,14.45,14.75,14.2,14.65,233550,1763700060
2025-11-21 10:12:00,CE,ATM+7,9.11,3662025,26450.0,26091.1,14.75,14.9,14.35,14.65,314850,1763700120
2025-11-21 10:13:00,CE,ATM+7,9.09,3721875,26450.0,26088.95,14.7,14.9,14.1,14.2,292800,1763700180
2025-11-21 10:14:00,CE,ATM+7,9.09,3721875,26450.0,26087.4,14.15,14.45,13.9,14.05,308775,1763700240
2025-11-21 10:15:00,CE,ATM+7,9.18,3721875,26450.0,26085.55,14.15,14.45,14.0,14.25,234225,1763700300
2025-11-21 10:16:00,CE,ATM+7,9.21,3708300,26450.0,26080.75,14.25,14.55,13.65,13.95,293775,1763700360
2025-11-21 10:17:00,CE,ATM+7,9.1,9798675,26400.0,26074.05,19.0,19.1,18.4,18.4,434175,1763700420
2025-11-21 10:18:00,CE,ATM+7,9.25,9798675,26400.0,26067.15,18.35,18.9,18.2,18.65,1133025,1763700480
2025-11-21 10:19:00,CE,ATM+7,9.25,9538500,26400.0,26067.3,18.65,19.0,18.05,18.4,822375,1763700540
2025-11-21 10:20:00,CE,ATM+7,9.33,9538500,26400.0,26062.4,18.35,18.45,17.85,18.15,819450,1763700600
2025-11-21 10:21:00,CE,ATM+7,9.26,9538500,26400.0,26064.55,18.1,18.6,17.55,18.3,954900,1763700660
2025-11-21 10:22:00,CE,ATM+7,9.3,9405225,26400.0,26061.45,18.35,18.5,17.8,18.0,526125,1763700720
2025-11-21 10:23:00,CE,ATM+7,9.19,9405225,26400.0,26069.9,17.95,18.5,17.9,18.4,347400,1763700780
2025-11-21 10:24:00,CE,ATM+7,9.18,9405225,26400.0,26068.45,18.4,18.4,18.05,18.2,220200,1763700840
2025-11-21 10:25:00,CE,ATM+7,9.19,9290475,26400.0,26068.7,18.3,18.65,18.25,18.3,324225,1763700900
2025-11-21 10:26:00,CE,ATM+7,9.27,9290475,26400.0,26064.7,18.15,18.4,18.1,18.2,206250,1763700960
2025-11-21 10:27:00,CE,ATM+7,9.22,9290475,26400.0,26063.85,18.15,18.45,17.7,17.9,291225,1763701020
2025-11-21 10:28:00,CE,ATM+7,9.25,9360750,26400.0,26062.9,18.0,18.25,17.4,17.75,352125,1763701080
2025-11-21 10:29:00,CE,ATM+7,9.19,9360750,26400.0,26068.15,17.75,18.3,17.75,18.1,230550,1763701140
2025-11-21 10:30:00,CE,ATM+7,9.21,9360750,26400.0,26062.6,18.0,18.0,17.15,17.7,340500,1763701200
2025-11-21 10:31:00,CE,ATM+7,9.12,9423750,26400.0,26071.85,17.7,18.3,17.7,18.2,602175,1763701260
2025-11-21 10:32:00,CE,ATM+7,9.08,9423750,26400.0,26072.35,18.2,18.35,17.8,18.15,269250,1763701320
2025-11-21 10:33:00,CE,ATM+7,9.06,9423750,26400.0,26073.2,18.15,18.15,17.9,18.05,208200,1763701380
2025-11-21 10:34:00,CE,ATM+7,9.03,9314775,26400.0,26069.55,18.05,18.1,16.85,16.85,606225,1763701440
2025-11-21 10:35:00,CE,ATM+7,9.08,9314775,26400.0,26067.0,16.65,17.3,16.25,17.3,751425,1763701500
2025-11-21 10:36:00,CE,ATM+7,9.13,3589500,26450.0,26078.05,12.6,13.3,12.55,13.3,214050,1763701560
2025-11-21 10:37:00,CE,ATM+7,9.0,9241275,26400.0,26073.3,18.1,18.2,17.5,17.55,237675,1763701620
2025-11-21 10:38:00,CE,ATM+7,9.03,9241275,26400.0,26072.6,17.45,17.95,17.4,17.65,185625,1763701680
2025-11-21 10:39:00,CE,ATM+7,9.19,3554700,26450.0,26076.15,13.1,13.4,13.0,13.3,112725,1763701740
2025-11-21 10:40:00,CE,ATM+7,9.07,9291450,26400.0,26074.05,18.1,18.2,17.7,18.15,242175,1763701800
2025-11-21 10:41:00,CE,ATM+7,9.04,9291450,26400.0,26074.5,18.05,18.2,17.75,18.1,98850,1763701860
2025-11-21 10:42:00,CE,ATM+7,9.06,9291450,26400.0,26073.2,18.1,18.1,17.25,18.0,242175,1763701920
2025-11-21 10:43:00,CE,ATM+7,9.08,9318375,26400.0,26071.3,18.05,18.2,17.5,17.85,143925,1763701980
2025-11-21 10:44:00,CE,ATM+7,9.04,9318375,26400.0,26071.55,17.7,18.15,17.65,17.7,147075,1763702040
2025-11-21 10:45:00,CE,ATM+7,9.1,9318375,26400.0,26070.3,17.55,18.05,17.5,17.85,274500,1763702100
2025-11-21 10:46:00,CE,ATM+7,9.16,9247800,26400.0,26064.65,17.65,17.9,17.0,17.35,336375,1763702160
2025-11-21 10:47:00,CE,ATM+7,9.12,9247800,26400.0,26070.7,17.55,18.35,17.5,18.05,270825,1763702220
2025-11-21 10:48:00,CE,ATM+7,9.12,9247800,26400.0,26071.85,17.9,18.3,17.4,18.25,189750,1763702280
2025-11-21 10:49:00,CE,ATM+7,9.26,3565050,26450.0,26075.75,13.45,13.7,13.4,13.55,236475,1763702340
2025-11-21 10:50:00,CE,ATM+7,9.25,3565050,26450.0,26075.05,13.55,13.75,13.3,13.35,170850,1763702400
2025-11-21 10:51:00,CE,ATM+7,9.27,3565050,26450.0,26075.95,13.35,13.75,13.25,13.6,117600,1763702460
2025-11-21 10:52:00,CE,ATM+7,9.12,9314775,26400.0,26071.2,18.55,18.7,17.9,17.95,247575,1763702520
2025-11-21 10:53:00,CE,ATM+7,9.13,9314775,26400.0,26063.2,17.8,17.95,17.0,17.0,328200,1763702580
2025-11-21 10:54:00,CE,ATM+7,9.17,9314775,26400.0,26069.2,17.0,18.1,16.85,18.1,417375,1763702640
2025-11-21 10:55:00,CE,ATM+7,9.11,9293175,26400.0,26066.5,18.05,18.05,17.3,17.3,185025,1763702700
2025-11-21 10:56:00,CE,ATM+7,9.19,3656625,26450.0,26079.8,12.7,13.6,12.7,13.5,163425,1763702760
2025-11-21 10:57:00,CE,ATM+7,9.15,3656625,26450.0,26085.2,13.6,13.9,13.6,13.9,221925,1763702820
2025-11-21 10:58:00,CE,ATM+7,9.11,3679125,26450.0,26086.4,13.7,14.0,13.55,13.95,246075,1763702880
2025-11-21 10:59:00,CE,ATM+7,9.06,3679125,26450.0,26093.95,13.95,14.45,13.95,14.3,253650,1763702940
2025-11-21 11:00:00,CE,ATM+7,9.02,3679125,26450.0,26092.5,14.2,14.25,14.0,14.0,169950,1763703000
2025-11-21 11:01:00,CE,ATM+7,9.04,3654825,26450.0,26089.35,14.0,14.0,13.75,13.75,159375,1763703060
2025-11-21 11:02:00,CE,ATM+7,9.06,3654825,26450.0,26086.45,13.7,13.8,13.5,13.6,102825,1763703120
2025-11-21 11:03:00,CE,ATM+7,9.12,3654825,26450.0,26089.9,13.65,14.15,13.5,13.95,197550,1763703180
2025-11-21 11:04:00,CE,ATM+7,9.12,3676350,26450.0,26085.7,14.0,14.0,13.6,13.7,126225,1763703240
2025-11-21 11:05:00,CE,ATM+7,9.17,3676350,26450.0,26075.5,13.65,13.65,12.95,12.95,202125,1763703300
2025-11-21 11:06:00,CE,ATM+7,9.03,9581400,26400.0,26067.15,17.65,17.9,16.65,17.1,792300,1763703360
2025-11-21 11:07:00,CE,ATM+7,9.19,3694725,26450.0,26075.4,12.65,13.25,12.65,13.2,108825,1763703420
2025-11-21 11:08:00,CE,ATM+7,9.18,3694725,26450.0,26082.0,13.2,13.7,13.05,13.6,144375,1763703480
2025-11-21 11:09:00,CE,ATM+7,9.15,3694725,26450.0,26083.35,13.55,13.8,13.25,13.75,155700,1763703540
2025-11-21 11:10:00,CE,ATM+7,9.03,3682050,26450.0,26090.85,13.8,14.0,13.7,13.8,105075,1763703600
2025-11-21 11:11:00,CE,ATM+7,9.04,3682050,26450.0,26093.75,13.8,14.3,13.7,14.3,140475,1763703660
2025-11-21 11:12:00,CE,ATM+7,9.01,3682050,26450.0,26099.3,14.25,14.65,14.2,14.55,209250,1763703720
2025-11-21 11:13:00,CE,ATM+7,9.0,3703800,26450.0,26103.0,14.45,14.85,14.35,14.85,316425,1763703780
2025-11-21 11:14:00,CE,ATM+7,8.94,3703800,26450.0,26106.7,15.0,15.3,14.95,15.15,328650,1763703840
2025-11-21 11:15:00,CE,ATM+7,8.97,3703800,26450.0,26105.0,15.2,15.2,14.75,14.9,196650,1763703900
2025-11-21 11:16:00,CE,ATM+7,8.94,3679725,26450.0,26105.55,14.8,15.05,14.6,14.85,139125,1763703960
2025-11-21 11:17:00,CE,ATM+7,9.03,3679725,26450.0,26101.4,14.9,15.35,14.8,14.85,126375,1763704020
2025-11-21 11:18:00,CE,ATM+7,8.98,3679725,26450.0,26102.65,14.75,15.0,14.65,14.75,190875,1763704080
2025-11-21 11:19:00,CE,ATM+7,8.95,3722100,26450.0,26099.55,14.8,14.8,14.45,14.55,151350,1763704140
2025-11-21 11:20:00,CE,ATM+7,8.99,3722100,26450.0,26096.85,14.5,14.55,14.15,14.35,150075,1763704200
2025-11-21 11:21:00,CE,ATM+7,9.03,3722100,26450.0,26099.1,14.4,14.75,14.05,14.6,222375,1763704260
2025-11-21 11:22:00,CE,ATM+7,8.95,3712125,26450.0,26096.35,14.6,14.8,13.95,14.05,197175,1763704320
2025-11-21 11:23:00,CE,ATM+7,9.03,3712125,26450.0,26092.35,14.0,14.1,13.75,13.85,209625,1763704380
2025-11-21 11:24:00,CE,ATM+7,9.03,3712125,26450.0,26090.2,13.85,13.85,13.4,13.65,242400,1763704440
2025-11-21 11:25:00,CE,ATM+7,9.04,3703275,26450.0,26086.8,13.55,13.7,12.9,13.7,350250,1763704500
2025-11-21 11:26:00,CE,ATM+7,9.03,3703275,26450.0,26093.75,13.75,14.2,13.65,14.0,177525,1763704560
2025-11-21 11:27:00,CE,ATM+7,9.04,3703275,26450.0,26094.35,13.95,14.3,13.65,14.3,247725,1763704620
2025-11-21 11:28:00,CE,ATM+7,8.95,3657300,26450.0,26103.05,14.25,14.9,14.15,14.85,126825,1763704680
2025-11-21 11:29:00,CE,ATM+7,9.01,3657300,26450.0,26103.0,14.9,15.35,14.7,15.1,152325,1763704740
2025-11-21 11:30:00,CE,ATM+7,9.0,3657300,26450.0,26099.65,15.1,15.1,14.45,14.6,208650,1763704800
2025-11-21 11:31:00,CE,ATM+7,9.02,3702300,26450.0,26096.6,14.4,14.85,14.25,14.25,151425,1763704860
2025-11-21 11:32:00,CE,ATM+7,9.07,3702300,26450.0,26088.7,14.25,14.4,13.8,13.85,158550,1763704920
2025-11-21 11:33:00,CE,ATM+7,9.13,3702300,26450.0,26081.95,13.9,13.9,13.2,13.25,172125,1763704980
2025-11-21 11:34:00,CE,ATM+7,9.12,3694050,26450.0,26085.7,13.3,13.75,13.1,13.65,246750,1763705040
2025-11-21 11:35:00,CE,ATM+7,9.03,3694050,26450.0,26087.9,13.6,13.7,13.4,13.45,153075,1763705100
2025-11-21 11:36:00,CE,ATM+7,9.04,3694050,26450.0,26089.25,13.55,13.75,13.55,13.7,107325,1763705160
2025-11-21 11:37:00,CE,ATM+7,8.97,3691800,26450.0,26094.55,13.75,14.15,13.5,13.85,102300,1763705220
2025-11-21 11:38:00,CE,ATM+7,8.98,3691800,26450.0,26094.55,13.8,13.9,13.65,13.65,68100,1763705280
2025-11-21 11:39:00,CE,ATM+7,8.97,3691800,26450.0,26090.9,13.7,13.85,13.25,13.4,135600,1763705340
2025-11-21 11:40:00,CE,ATM+7,9.03,3701475,26450.0,26086.2,13.45,13.65,13.15,13.3,121725,1763705400
2025-11-21 11:41:00,CE,ATM+7,9.1,3701475,26450.0,26081.6,13.2,13.35,13.05,13.1,73425,1763705460
2025-11-21 11:42:00,CE,ATM+7,9.11,9746550,26400.0,26074.3,18.2,18.5,17.8,18.0,223200,1763705520
2025-11-21 11:43:00,CE,ATM+7,9.13,3702075,26450.0,26080.2,13.05,13.45,12.9,13.15,161925,1763705580
2025-11-21 11:44:00,CE,ATM+7,9.07,3702075,26450.0,26086.35,13.25,13.5,13.2,13.45,85950,1763705640
2025-11-21 11:45:00,CE,ATM+7,9.04,3702075,26450.0,26088.75,13.4,13.65,13.25,13.6,88500,1763705700
2025-11-21 11:46:00,CE,ATM+7,9.03,3751650,26450.0,26089.1,13.4,13.55,13.05,13.35,124275,1763705760
2025-11-21 11:47:00,CE,ATM+7,8.99,3751650,26450.0,26089.85,13.3,13.35,13.05,13.35,160875,1763705820
2025-11-21 11:48:00,CE,ATM+7,8.99,3751650,26450.0,26091.1,13.35,13.45,13.25,13.4,33375,1763705880
2025-11-21 11:49:00,CE,ATM+7,8.94,3708525,26450.0,26090.1,13.4,13.5,12.95,13.2,89025,1763705940
2025-11-21 11:50:00,CE,ATM+7,8.98,3708525,26450.0,26091.25,13.2,13.55,12.95,13.55,84525,1763706000
2025-11-21 11:51:00,CE,ATM+7,8.95,3708525,26450.0,26095.75,13.55,14.25,13.55,13.8,127950,1763706060
2025-11-21 11:52:00,CE,ATM+7,8.94,3717225,26450.0,26091.4,13.8,13.95,13.1,13.1,161700,1763706120
2025-11-21 11:53:00,CE,ATM+7,8.99,3717225,26450.0,26092.6,13.15,13.6,13.0,13.6,162825,1763706180
2025-11-21 11:54:00,CE,ATM+7,9.0,3717225,26450.0,26096.3,13.65,14.15,13.4,14.15,166425,1763706240
2025-11-21 11:55:00,CE,ATM+7,9.0,3747000,26450.0,26095.15,14.1,14.35,13.8,13.9,190200,1763706300
2025-11-21 11:56:00,CE,ATM+7,8.98,3747000,26450.0,26097.2,13.95,14.3,13.95,14.0,102375,1763706360
2025-11-21 11:57:00,CE,ATM+7,8.97,3747000,26450.0,26094.2,13.55,13.85,13.55,13.6,192750,1763706420
2025-11-21 11:58:00,CE,ATM+7,8.99,3751725,26450.0,26094.2,13.7,13.75,13.45,13.75,111300,1763706480
2025-11-21 11:59:00,CE,ATM+7,8.98,3751725,26450.0,26093.1,13.8,13.85,13.5,13.55,67575,1763706540
2025-11-21 12:00:00,CE,ATM+7,9.03,3751725,26450.0,26087.65,13.35,13.5,13.1,13.4,205200,1763706600
2025-11-21 12:01:00,CE,ATM+7,9.07,3771450,26450.0,26095.25,13.35,14.3,13.35,14.3,98925,1763706660
2025-11-21 12:02:00,CE,ATM+7,9.04,3771450,26450.0,26099.25,14.15,14.75,14.0,14.6,151200,1763706720
2025-11-21 12:03:00,CE,ATM+7,8.99,3771450,26450.0,26102.85,14.65,15.05,14.65,14.8,131700,1763706780
2025-11-21 12:04:00,CE,ATM+7,8.93,3796350,26450.0,26106.55,14.7,15.0,14.55,14.95,260550,1763706840
2025-11-21 12:05:00,CE,ATM+7,8.86,3796350,26450.0,26110.4,14.95,15.05,14.7,14.85,134625,1763706900
2025-11-21 12:06:00,CE,ATM+7,8.84,3796350,26450.0,26109.1,14.8,14.95,14.55,14.7,139500,1763706960
2025-11-21 12:07:00,CE,ATM+7,8.82,3788025,26450.0,26105.65,14.65,14.65,14.05,14.1,147450,1763707020
2025-11-21 12:08:00,CE,ATM+7,8.84,3788025,26450.0,26105.8,14.1,14.35,13.95,14.25,74550,1763707080
2025-11-21 12:09:00,CE,ATM+7,8.9,3788025,26450.0,26107.55,14.25,14.7,14.2,14.65,142200,1763707140
2025-11-21 12:10:00,CE,ATM+7,8.87,3804075,26450.0,26108.9,14.65,14.8,14.55,14.7,160275,1763707200
2025-11-21 12:11:00,CE,ATM+7,8.79,3804075,26450.0,26108.75,14.6,14.75,14.4,14.5,90450,1763707260
2025-11-21 12:12:00,CE,ATM+7,8.79,3804075,26450.0,26117.8,14.8,15.5,14.8,15.35,405975,1763707320
2025-11-21 12:13:00,CE,ATM+7,8.73,3825825,26450.0,26121.75,15.25,15.6,15.05,15.5,254250,1763707380
2025-11-21 12:14:00,CE,ATM+7,8.63,3825825,26450.0,26123.9,15.4,15.65,15.15,15.25,349800,1763707440
2025-11-21 12:15:00,CE,ATM+7,8.82,13170600,26500.0,26126.45,11.15,11.4,11.0,11.15,331950,1763707500
2025-11-21 12:16:00,CE,ATM+7,8.84,13152000,26500.0,26131.4,11.15,11.75,11.0,11.65,394275,1763707560
2025-11-21 12:17:00,CE,ATM+7,8.79,13152000,26500.0,26131.35,11.65,11.65,11.3,11.35,396450,1763707620
2025-11-21 12:18:00,CE,ATM+7,8.77,13152000,26500.0,26136.0,11.3,11.95,11.2,11.95,473400,1763707680
2025-11-21 12:19:00,CE,ATM+7,8.75,13251450,26500.0,26138.2,12.4,12.4,11.85,11.95,862350,1763707740
2025-11-21 12:20:00,CE,ATM+7,8.68,13251450,26500.0,26140.9,11.95,12.0,11.7,11.9,278775,1763707800
2025-11-21 12:21:00,CE,ATM+7,8.69,13251450,26500.0,26145.75,11.85,12.4,11.85,12.35,424650,1763707860
2025-11-21 12:22:00,CE,ATM+7,8.61,13251450,26500.0,26151.65,12.25,12.6,12.15,12.4,450750,1763707920
2025-11-21 12:23:00,CE,ATM+7,8.63,13200450,26500.0,26149.85,12.4,12.6,12.15,12.45,309075,1763707980
2025-11-21 12:24:00,CE,ATM+7,8.84,13200450,26500.0,26157.55,12.5,14.6,12.5,14.45,1608225,1763708040
2025-11-21 12:25:00,CE,ATM+7,8.76,13200450,26500.0,26154.45,14.45,14.55,13.25,13.6,983400,1763708100
2025-11-21 12:26:00,CE,ATM+7,8.69,12824250,26500.0,26151.65,13.5,13.5,12.85,13.2,543825,1763708160
2025-11-21 12:27:00,CE,ATM+7,8.69,12824250,26500.0,26157.55,13.2,13.8,13.2,13.7,452025,1763708220
2025-11-21 12:28:00,CE,ATM+7,8.75,12824250,26500.0,26150.7,13.65,13.7,13.05,13.2,320100,1763708280
2025-11-21 12:29:00,CE,ATM+7,8.74,12862875,26500.0,26152.75,13.15,13.35,12.95,13.15,453600,1763708340
2025-11-21 12:30:00,CE,ATM+7,8.74,12862875,26500.0,26148.75,13.2,13.2,12.8,13.05,313725,1763708400
2025-11-21 12:31:00,CE,ATM+7,8.72,12862875,26500.0,26146.2,12.95,13.0,12.6,12.65,415350,1763708460
2025-11-21 12:32:00,CE,ATM+7,8.78,12893475,26500.0,26138.4,12.7,12.75,12.0,12.0,540150,1763708520
2025-11-21 12:33:00,CE,ATM+7,8.72,12893475,26500.0,26142.05,12.2,12.25,11.9,12.1,489525,1763708580
2025-11-21 12:34:00,CE,ATM+7,8.73,12893475,26500.0,26142.4,12.05,12.15,11.8,12.05,466875,1763708640
2025-11-21 12:35:00,CE,ATM+7,8.72,13021575,26500.0,26143.65,12.05,12.35,11.55,12.3,415350,1763708700
2025-11-21 12:36:00,CE,ATM+7,8.72,13021575,26500.0,26144.6,12.3,12.65,12.2,12.25,273975,1763708760
2025-11-21 12:37:00,CE,ATM+7,8.77,13021575,26500.0,26139.3,12.15,12.35,11.8,12.1,277575,1763708820
2025-11-21 12:38:00,CE,ATM+7,8.69,13016550,26500.0,26143.9,12.1,12.25,11.7,12.15,335775,1763708880
2025-11-21 12:39:00,CE,ATM+7,8.69,13016550,26500.0,26143.3,12.1,12.2,11.9,12.05,347025,1763708940
2025-11-21 12:40:00,CE,ATM+7,8.72,13016550,26500.0,26143.65,12.1,12.2,11.65,12.0,445650,1763709000
2025-11-21 12:41:00,CE,ATM+7,8.61,13106850,26500.0,26145.8,11.95,12.3,11.75,12.05,370125,1763709060
2025-11-21 12:42:00,CE,ATM+7,8.66,13106850,26500.0,26150.65,11.95,12.75,11.95,12.65,347325,1763709120
2025-11-21 12:43:00,CE,ATM+7,8.59,13106850,26500.0,26146.95,12.65,12.65,11.8,11.9,308025,1763709180
2025-11-21 12:44:00,CE,ATM+7,8.6,13157025,26500.0,26149.05,11.95,12.4,11.95,12.15,175650,1763709240
2025-11-21 12:45:00,CE,ATM+7,8.61,13157025,26500.0,26150.45,12.2,12.6,12.15,12.35,181050,1763709300
2025-11-21 12:46:00,CE,ATM+7,8.64,13157025,26500.0,26151.85,12.3,12.65,12.2,12.65,162600,1763709360
2025-11-21 12:47:00,CE,ATM+7,8.61,13158300,26500.0,26154.7,12.55,13.15,12.45,12.75,367125,1763709420
2025-11-21 12:48:00,CE,ATM+7,8.67,13158300,26500.0,26156.45,12.85,13.3,12.7,13.25,363900,1763709480
2025-11-21 12:49:00,CE,ATM+7,8.61,13158300,26500.0,26162.95,13.25,13.85,13.1,13.65,542475,1763709540
2025-11-21 12:50:00,CE,ATM+7,8.61,13007475,26500.0,26162.9,13.6,14.0,13.3,13.8,721350,1763709600
2025-11-21 12:51:00,CE,ATM+7,8.63,4495125,26550.0,26176.45,9.6,10.5,9.6,10.15,657975,1763709660
2025-11-21 12:52:00,CE,ATM+7,8.61,4495125,26550.0,26175.15,10.1,10.1,9.65,9.9,325950,1763709720
2025-11-21 12:53:00,CE,ATM+7,8.51,12860625,26500.0,26172.4,14.35,14.55,13.75,14.15,596400,1763709780
2025-11-21 12:54:00,CE,ATM+7,8.58,12860625,26500.0,26172.2,14.1,14.75,14.1,14.55,444225,1763709840
2025-11-21 12:55:00,CE,ATM+7,8.52,12860625,26500.0,26174.85,14.65,15.1,14.4,14.5,592650,1763709900
2025-11-21 12:56:00,CE,ATM+7,8.61,12769725,26500.0,26174.45,14.5,15.0,14.45,15.0,318225,1763709960
2025-11-21 12:57:00,CE,ATM+7,8.55,12769725,26500.0,26174.55,14.75,15.05,14.65,14.75,396075,1763710020
2025-11-21 12:58:00,CE,ATM+7,8.61,12769725,26500.0,26171.25,14.75,14.85,14.45,14.6,364050,1763710080
2025-11-21 12:59:00,CE,ATM+7,8.61,12879375,26500.0,26166.0,14.55,14.6,13.9,14.25,506925,1763710140
2025-11-21 13:00:00,CE,ATM+7,8.61,12879375,26500.0,26164.6,14.2,14.5,13.85,13.9,308475,1763710200
2025-11-21 13:01:00,CE,ATM+7,8.58,12879375,26500.0,26162.05,13.9,14.0,13.4,13.45,371925,1763710260
2025-11-21 13:02:00,CE,ATM+7,8.52,12800925,26500.0,26168.3,13.55,13.95,13.15,13.8,484800,1763710320
2025-11-21 13:03:00,CE,ATM+7,8.5,12800925,26500.0,26165.05,13.85,13.9,13.3,13.3,303975,1763710380
2025-11-21 13:04:00,CE,ATM+7,8.49,12800925,26500.0,26166.9,13.3,13.5,13.15,13.3,338100,1763710440
2025-11-21 13:05:00,CE,ATM+7,8.49,12776250,26500.0,26166.3,13.25,13.6,13.2,13.35,166800,1763710500
2025-11-21 13:06:00,CE,ATM+7,8.52,12776250,26500.0,26164.6,13.35,13.6,13.0,13.4,446250,1763710560
2025-11-21 13:07:00,CE,ATM+7,8.5,12776250,26500.0,26162.7,13.45,13.5,13.0,13.0,179400,1763710620
2025-11-21 13:08:00,CE,ATM+7,8.49,12813225,26500.0,26161.05,13.0,13.05,12.45,12.65,379725,1763710680
2025-11-21 13:09:00,CE,ATM+7,8.46,12813225,26500.0,26161.15,12.65,13.1,12.65,12.65,261600,1763710740
2025-11-21 13:10:00,CE,ATM+7,8.55,12813225,26500.0,26158.7,12.75,13.0,12.55,12.7,194475,1763710800
2025-11-21 13:11:00,CE,ATM+7,8.57,12835500,26500.0,26152.7,12.8,12.8,12.25,12.25,446925,1763710860
2025-11-21 13:12:00,CE,ATM+7,8.64,12835500,26500.0,26144.35,12.15,12.2,11.6,11.65,691725,1763710920
2025-11-21 13:13:00,CE,ATM+7,8.57,12835500,26500.0,26146.25,11.7,11.8,11.45,11.6,470025,1763710980
2025-11-21 13:14:00,CE,ATM+7,8.6,12760800,26500.0,26135.55,11.6,11.65,10.75,10.75,829875,1763711040
2025-11-21 13:15:00,CE,ATM+7,8.63,12760800,26500.0,26135.4,10.85,11.2,10.65,10.75,562275,1763711100
2025-11-21 13:16:00,CE,ATM+7,8.61,12760800,26500.0,26134.95,10.75,11.05,10.7,10.75,326250,1763711160
2025-11-21 13:17:00,CE,ATM+7,8.45,3724050,26450.0,26124.35,15.0,15.15,13.65,13.65,580500,1763711220
2025-11-21 13:18:00,CE,ATM+7,8.57,3724050,26450.0,26118.7,13.6,14.4,13.6,14.0,683175,1763711280
2025-11-21 13:19:00,CE,ATM+7,8.55,3724050,26450.0,26115.75,13.95,14.2,13.15,13.4,391575,1763711340
2025-11-21 13:20:00,CE,ATM+7,8.55,3592425,26450.0,26120.15,13.55,14.3,13.45,14.1,209775,1763711400
2025-11-21 13:21:00,CE,ATM+7,8.59,3592425,26450.0,26114.25,14.1,14.15,12.9,13.45,377775,1763711460
2025-11-21 13:22:00,CE,ATM+7,8.55,3592425,26450.0,26118.65,13.45,14.0,13.45,13.8,148200,1763711520
2025-11-21 13:23:00,CE,ATM+7,8.6,3619575,26450.0,26112.75,13.9,13.9,13.05,13.05,211950,1763711580
2025-11-21 13:24:00,CE,ATM+7,8.59,3619575,26450.0,26108.4,12.6,13.35,12.6,12.9,704925,1763711640
2025-11-21 13:25:00,CE,ATM+7,8.64,3619575,26450.0,26105.65,13.1,13.4,12.4,12.8,381525,1763711700
2025-11-21 13:26:00,CE,ATM+7,8.61,3588525,26450.0,26111.05,12.9,13.45,12.9,13.35,306300,1763711760
2025-11-21 13:27:00,CE,ATM+7,8.52,3588525,26450.0,26117.75,13.25,13.65,13.15,13.45,384825,1763711820
2025-11-21 13:28:00,CE,ATM+7,8.5,3588525,26450.0,26117.8,13.4,13.55,13.3,13.4,238275,1763711880
2025-11-21 13:29:00,CE,ATM+7,8.48,3577950,26450.0,26116.35,13.4,13.45,13.0,13.2,273600,1763711940
2025-11-21 13:30:00,CE,ATM+7,8.49,3577950,26450.0,26112.3,13.25,13.35,12.75,12.75,178275,1763712000
2025-11-21 13:31:00,CE,ATM+7,8.55,3577950,26450.0,26114.7,12.85,13.35,12.6,13.3,142575,1763712060
2025-11-21 13:32:00,CE,ATM+7,8.5,3542700,26450.0,26115.8,13.1,13.3,13.0,13.1,123900,1763712120
2025-11-21 13:33:00,CE,ATM+7,8.52,3542700,26450.0,26113.9,13.05,13.3,12.8,13.0,147150,1763712180
2025-11-21 13:34:00,CE,ATM+7,8.5,3542700,26450.0,26121.55,13.05,14.0,13.05,13.9,162825,1763712240
2025-11-21 13:35:00,CE,ATM+7,8.48,3549150,26450.0,26120.4,13.95,14.05,13.45,13.45,209025,1763712300
2025-11-21 13:36:00,CE,ATM+7,8.54,3549150,26450.0,26118.15,13.65,13.65,13.35,13.5,198750,1763712360
2025-11-21 13:37:00,CE,ATM+7,8.57,3549150,26450.0,26117.1,13.55,13.8,13.15,13.55,325875,1763712420
2025-11-21 13:38:00,CE,ATM+7,8.48,3562200,26450.0,26123.4,13.4,13.8,13.15,13.75,360825,1763712480
2025-11-21 13:39:00,CE,ATM+7,8.48,3562200,26450.0,26123.4,13.75,13.75,13.75,13.75,0,1763712540
2025-11-21 13:40:00,CE,ATM+7,8.5,3562200,26450.0,26115.05,13.35,13.35,12.95,12.95,193575,1763712600
2025-11-21 13:41:00,CE,ATM+7,8.45,3599775,26450.0,26115.6,13.0,13.1,12.7,12.7,173025,1763712660
2025-11-21 13:42:00,CE,ATM+7,8.52,3599775,26450.0,26109.65,12.65,12.7,12.3,12.45,205725,1763712720
2025-11-21 13:43:00,CE,ATM+7,8.58,3599775,26450.0,26105.8,12.4,12.45,12.05,12.45,231150,1763712780
2025-11-21 13:44:00,CE,ATM+7,8.68,3582450,26450.0,26103.4,12.55,12.95,12.55,12.65,199650,1763712840
2025-11-21 13:45:00,CE,ATM+7,8.66,3582450,26450.0,26103.15,12.55,12.8,12.05,12.5,273600,1763712900
2025-11-21 13:46:00,CE,ATM+7,8.61,3582450,26450.0,26108.5,12.6,13.1,12.4,12.8,186300,1763712960
2025-11-21 13:47:00,CE,ATM+7,8.6,3513750,26450.0,26110.1,12.9,13.0,12.75,12.85,108675,1763713020
2025-11-21 13:48:00,CE,ATM+7,8.64,3513750,26450.0,26110.05,12.7,13.05,12.6,13.05,121800,1763713080
2025-11-21 13:49:00,CE,ATM+7,8.52,3513750,26450.0,26113.6,13.1,13.25,12.9,12.95,98025,1763713140
2025-11-21 13:50:00,CE,ATM+7,8.52,3532050,26450.0,26117.5,13.05,13.55,13.05,13.2,150600,1763713200
2025-11-21 13:51:00,CE,ATM+7,8.52,3532050,26450.0,26110.0,13.15,13.15,12.3,12.55,154575,1763713260
2025-11-21 13:52:00,CE,ATM+7,8.44,3532050,26450.0,26119.1,12.65,13.15,12.65,13.05,110925,1763713320
2025-11-21 13:53:00,CE,ATM+7,8.45,3577500,26450.0,26120.75,13.1,13.4,12.95,13.35,146925,1763713380
2025-11-21 13:54:00,CE,ATM+7,8.64,13371075,26500.0,26129.1,9.55,10.2,9.55,10.15,400125,1763713440
2025-11-21 13:55:00,CE,ATM+7,8.6,13371075,26500.0,26132.4,10.05,10.45,10.05,10.2,391725,1763713500
2025-11-21 13:56:00,CE,ATM+7,8.58,13271100,26500.0,26130.95,9.95,10.25,9.9,9.95,324675,1763713560
2025-11-21 13:57:00,CE,ATM+7,8.64,13271100,26500.0,26132.25,10.0,10.55,9.95,10.25,471150,1763713620
2025-11-21 13:58:00,CE,ATM+7,8.61,13271100,26500.0,26132.45,10.15,10.4,10.05,10.4,152250,1763713680
2025-11-21 13:59:00,CE,ATM+7,8.57,13278000,26500.0,26138.6,10.35,10.7,10.35,10.6,293625,1763713740
2025-11-21 14:00:00,CE,ATM+7,8.55,13278000,26500.0,26137.4,10.5,10.8,10.45,10.5,340650,1763713800
2025-11-21 14:01:00,CE,ATM+7,8.58,13278000,26500.0,26136.1,10.55,10.6,10.25,10.55,261375,1763713860
2025-11-21 14:02:00,CE,ATM+7,8.63,13337925,26500.0,26134.85,10.55,10.8,10.4,10.5,204000,1763713920
2025-11-21 14:03:00,CE,ATM+7,8.64,13337925,26500.0,26130.7,10.5,10.75,10.25,10.3,172200,1763713980
2025-11-21 14:04:00,CE,ATM+7,8.67,13337925,26500.0,26132.85,10.3,10.6,10.2,10.6,257850,1763714040
2025-11-21 14:05:00,CE,ATM+7,8.68,13303500,26500.0,26131.0,10.6,10.6,10.3,10.45,168600,1763714100
2025-11-21 14:06:00,CE,ATM+7,8.64,13303500,26500.0,26129.15,10.4,10.45,10.0,10.1,305925,1763714160
2025-11-21 14:07:00,CE,ATM+7,8.64,13303500,26500.0,26132.4,10.15,10.45,10.05,10.4,243750,1763714220
2025-11-21 14:08:00,CE,ATM+7,8.63,13211100,26500.0,26138.3,10.4,11.05,10.4,10.9,264450,1763714280
2025-11-21 14:09:00,CE,ATM+7,8.6,13211100,26500.0,26142.95,10.95,11.3,10.7,11.2,351975,1763714340
2025-11-21 14:10:00,CE,ATM+7,8.57,13211100,26500.0,26144.15,11.2,11.3,11.0,11.1,280575,1763714400
2025-11-21 14:11:00,CE,ATM+7,8.61,13239975,26500.0,26141.05,10.95,11.15,10.95,11.15,243150,1763714460
2025-11-21 14:12:00,CE,ATM+7,8.61,13239975,26500.0,26145.15,11.1,11.6,11.1,11.4,287850,1763714520
2025-11-21 14:13:00,CE,ATM+7,8.61,13239975,26500.0,26146.9,11.5,11.7,11.35,11.65,348825,1763714580
2025-11-21 14:14:00,CE,ATM+7,8.58,13213875,26500.0,26147.15,11.6,11.65,11.35,11.5,215475,1763714640
2025-11-21 14:15:00,CE,ATM+7,8.54,13213875,26500.0,26148.8,11.45,11.7,11.25,11.6,253650,1763714700
2025-11-21 14:16:00,CE,ATM+7,8.61,13213875,26500.0,26152.1,11.95,12.35,11.75,12.05,1094625,1763714760
2025-11-21 14:17:00,CE,ATM+7,8.58,13635600,26500.0,26150.95,11.95,11.95,11.5,11.85,267150,1763714820
2025-11-21 14:18:00,CE,ATM+7,8.55,13635600,26500.0,26146.7,11.8,11.85,11.25,11.3,201450,1763714880
2025-11-21 14:19:00,CE,ATM+7,8.59,13635600,26500.0,26141.45,11.35,11.45,10.9,11.05,372225,1763714940
2025-11-21 14:20:00,CE,ATM+7,8.59,13567650,26500.0,26146.15,11.05,11.5,10.9,11.5,280200,1763715000
2025-11-21 14:21:00,CE,ATM+7,8.58,13567650,26500.0,26151.8,11.45,11.8,11.35,11.8,297150,1763715060
2025-11-21 14:22:00,CE,ATM+7,8.55,13567650,26500.0,26151.6,11.9,12.0,11.5,11.65,270525,1763715120
2025-11-21 14:23:00,CE,ATM+7,8.57,13482825,26500.0,26151.75,11.65,11.9,11.5,11.8,181875,1763715180
2025-11-21 14:24:00,CE,ATM+7,8.55,13482825,26500.0,26149.15,11.7,11.85,11.35,11.45,182400,1763715240
2025-11-21 14:25:00,CE,ATM+7,8.54,13482825,26500.0,26148.55,11.5,11.55,11.3,11.4,103500,1763715300
2025-11-21 14:26:00,CE,ATM+7,8.55,13478250,26500.0,26149.2,11.45,11.55,11.25,11.45,190425,1763715360
2025-11-21 14:27:00,CE,ATM+7,8.54,13478250,26500.0,26146.4,11.45,11.6,11.05,11.2,196650,1763715420
2025-11-21 14:28:00,CE,ATM+7,8.52,13478250,26500.0,26150.7,11.15,11.75,11.15,11.6,192000,1763715480
2025-11-21 14:29:00,CE,ATM+7,8.45,13498200,26500.0,26149.95,11.6,11.6,11.05,11.2,219825,1763715540
2025-11-21 14:30:00,CE,ATM+7,8.36,13498200,26500.0,26151.35,11.2,11.4,10.95,10.95,192075,1763715600
2025-11-21 14:31:00,CE,ATM+7,8.43,13498200,26500.0,26152.2,11.1,11.35,10.9,11.25,164700,1763715660
2025-11-21 14:32:00,CE,ATM+7,8.36,13579500,26500.0,26150.65,11.2,11.3,10.75,10.8,185175,1763715720
2025-11-21 14:33:00,CE,ATM+7,8.4,13579500,26500.0,26153.45,10.8,11.1,10.4,11.0,335400,1763715780
2025-11-21 14:34:00,CE,ATM+7,8.36,13579500,26500.0,26150.6,11.05,11.05,10.7,10.85,112425,1763715840
2025-11-21 14:35:00,CE,ATM+7,8.36,13503150,26500.0,26153.65,10.85,11.25,10.8,11.1,190875,1763715900
2025-11-21 14:36:00,CE,ATM+7,8.36,13503150,26500.0,26154.05,11.15,11.45,11.05,11.2,260550,1763715960
2025-11-21 14:37:00,CE,ATM+7,8.36,13503150,26500.0,26157.65,11.2,11.85,11.2,11.4,353925,1763716020
2025-11-21 14:38:00,CE,ATM+7,8.36,13445850,26500.0,26155.2,11.4,11.4,11.0,11.15,196950,1763716080
2025-11-21 14:39:00,CE,ATM+7,8.38,13445850,26500.0,26145.8,10.95,10.95,10.25,10.3,444600,1763716140
2025-11-21 14:40:00,CE,ATM+7,8.39,13445850,26500.0,26139.15,10.3,10.3,9.65,9.95,786825,1763716200
2025-11-21 14:41:00,CE,ATM+7,8.43,13333950,26500.0,26143.6,10.1,10.7,10.0,10.4,334350,1763716260
2025-11-21 14:42:00,CE,ATM+7,8.39,13333950,26500.0,26141.4,10.45,10.5,10.0,10.0,174525,1763716320
2025-11-21 14:43:00,CE,ATM+7,8.45,13333950,26500.0,26135.25,10.0,10.15,9.65,9.75,363525,1763716380
2025-11-21 14:44:00,CE,ATM+7,8.45,13264575,26500.0,26128.1,9.7,9.9,9.0,9.1,807975,1763716440
2025-11-21 14:45:00,CE,ATM+7,8.55,13264575,26500.0,26128.55,9.2,9.6,9.2,9.6,351300,1763716500
2025-11-21 14:46:00,CE,ATM+7,8.5,13264575,26500.0,26126.65,9.55,9.65,9.15,9.3,294375,1763716560
2025-11-21 14:47:00,CE,ATM+7,8.35,3627825,26450.0,26118.45,13.15,13.15,12.1,12.25,424275,1763716620
2025-11-21 14:48:00,CE,ATM+7,8.43,3627825,26450.0,26113.15,12.25,12.5,11.95,12.1,494925,1763716680
2025-11-21 14:49:00,CE,ATM+7,8.55,3627825,26450.0,26106.6,12.2,12.4,12.0,12.3,393450,1763716740
2025-11-21 14:50:00,CE,ATM+7,8.55,3522975,26450.0,26106.85,12.4,12.65,12.2,12.25,347100,1763716800
2025-11-21 14:51:00,CE,ATM+7,8.61,3522975,26450.0,26106.3,12.25,12.9,12.2,12.65,227100,1763716860
2025-11-21 14:52:00,CE,ATM+7,8.75,3522975,26450.0,26094.65,12.7,12.85,11.85,12.15,404475,1763716920
2025-11-21 14:53:00,CE,ATM+7,8.7,3547350,26450.0,26099.3,12.0,12.7,12.0,12.25,249900,1763716980
2025-11-21 14:54:00,CE,ATM+7,8.84,3547350,26450.0,26092.55,12.35,12.5,11.9,12.0,434775,1763717040
2025-11-21 14:55:00,CE,ATM+7,8.93,3547350,26450.0,26079.45,12.0,12.0,11.1,11.25,501150,1763717100
2025-11-21 14:56:00,CE,ATM+7,8.94,3446400,26450.0,26080.35,11.2,11.7,11.2,11.45,474975,1763717160
2025-11-21 14:57:00,CE,ATM+7,8.82,8342775,26400.0,26073.5,16.05,16.15,15.25,15.45,658275,1763717220
2025-11-21 14:58:00,CE,ATM+7,8.86,8342775,26400.0,26068.1,15.4,15.6,14.2,15.1,1242975,1763717280
2025-11-21 14:59:00,CE,ATM+7,8.83,8120700,26400.0,26070.35,15.2,15.5,14.8,14.9,643050,1763717340
2025-11-21 15:00:00,CE,ATM+7,8.82,8120700,26400.0,26072.05,14.85,15.55,14.75,15.55,555900,1763717400
2025-11-21 15:01:00,CE,ATM+7,8.88,3512175,26450.0,26078.65,11.3,11.3,10.7,10.95,367875,1763717460
2025-11-21 15:02:00,CE,ATM+7,8.7,3414750,26450.0,26083.3,10.95,10.95,10.5,10.5,249450,1763717520
2025-11-21 15:03:00,CE,ATM+7,8.72,3414750,26450.0,26080.1,10.55,10.55,10.2,10.35,300750,1763717580
2025-11-21 15:04:00,CE,ATM+7,8.72,3414750,26450.0,26078.5,10.25,10.55,10.1,10.15,167700,1763717640
2025-11-21 15:05:00,CE,ATM+7,8.54,8111325,26400.0,26073.05,14.3,14.3,13.55,13.65,943725,1763717700
2025-11-21 15:06:00,CE,ATM+7,8.76,3408000,26450.0,26076.1,9.85,10.15,9.6,10.1,300450,1763717760
2025-11-21 15:07:00,CE,ATM+7,8.54,8111325,26400.0,26068.9,14.15,14.15,13.0,13.2,712050,1763717820
2025-11-21 15:08:00,CE,ATM+7,8.48,8319750,26400.0,26073.25,13.35,13.85,13.25,13.4,383775,1763717880
2025-11-21 15:09:00,CE,ATM+7,8.52,8319750,26400.0,26070.2,13.45,13.6,13.05,13.35,376350,1763717940
2025-11-21 15:10:00,CE,ATM+7,8.45,8319750,26400.0,26072.4,13.5,13.65,13.15,13.15,458175,1763718000
2025-11-21 15:11:00,CE,ATM+7,8.51,8380050,26400.0,26068.55,13.35,13.35,12.8,13.0,502125,1763718060
2025-11-21 15:12:00,CE,ATM+7,8.6,8380050,26400.0,26067.35,13.1,13.5,12.75,13.3,317025,1763718120
2025-11-21 15:13:00,CE,ATM+7,8.57,8380050,26400.0,26064.65,13.25,13.4,12.85,12.95,388425,1763718180
2025-11-21 15:14:00,CE,ATM+7,8.52,8334300,26400.0,26069.35,13.15,13.35,12.95,13.2,607575,1763718240
2025-11-21 15:15:00,CE,ATM+7,8.58,3752625,26450.0,26077.6,9.4,9.6,9.25,9.5,654600,1763718300
2025-11-21 15:16:00,CE,ATM+7,8.63,3752625,26450.0,26075.4,9.5,9.5,9.0,9.45,554400,1763718360
2025-11-21 15:17:00,CE,ATM+7,8.52,8280225,26400.0,26071.65,13.65,13.65,13.2,13.35,517800,1763718420
2025-11-21 15:18:00,CE,ATM+7,8.6,8280225,26400.0,26068.6,13.5,13.65,13.0,13.65,487800,1763718480
2025-11-21 15:19:00,CE,ATM+7,8.64,8280225,26400.0,26064.35,13.7,13.7,13.0,13.25,393825,1763718540
2025-11-21 15:20:00,CE,ATM+7,8.64,8145300,26400.0,26066.55,13.25,13.55,13.25,13.45,507525,1763718600
2025-11-21 15:21:00,CE,ATM+7,8.59,8145300,26400.0,26067.35,13.5,13.6,13.05,13.25,350325,1763718660
2025-11-21 15:22:00,CE,ATM+7,8.55,8145300,26400.0,26063.85,13.3,13.3,12.55,12.55,472800,1763718720
2025-11-21 15:23:00,CE,ATM+7,8.64,7906875,26400.0,26056.5,12.65,12.65,11.8,12.15,900750,1763718780
2025-11-21 15:24:00,CE,ATM+7,8.69,7906875,26400.0,26055.75,12.0,12.7,12.0,12.65,453000,1763718840
2025-11-21 15:25:00,CE,ATM+7,8.59,7906875,26400.0,26064.7,12.85,13.1,12.55,12.9,530700,1763718900
2025-11-21 15:26:00,CE,ATM+7,8.6,7802175,26400.0,26064.5,12.85,12.95,12.65,12.85,352275,1763718960
2025-11-21 15:27:00,CE,ATM+7,8.58,7802175,26400.0,26063.95,12.95,13.0,12.55,12.6,446250,1763719020
2025-11-21 15:28:00,CE,ATM+7,8.57,7802175,26400.0,26064.25,12.75,12.75,12.55,12.55,423900,1763719080
2025-11-21 15:29:00,CE,ATM+7,8.54,7539225,26400.0,26063.95,12.55,13.0,12.3,12.3,768150,1763719140
2025-11-24 09:15:00,CE,ATM+7,12.6,3538800,26450.0,26102.35,10.5,10.5,6.1,6.15,2568300,1763955900
2025-11-24 09:16:00,CE,ATM+7,12.85,3525900,26450.0,26097.6,6.1,6.2,5.25,5.3,1406550,1763955960
2025-11-24 09:17:00,CE,ATM+7,13.63,3525900,26450.0,26083.85,5.3,5.45,5.1,5.1,1073625,1763956020
2025-11-24 09:18:00,CE,ATM+7,12.12,3525900,26450.0,26113.7,5.1,6.1,5.1,5.7,1057650,1763956080
2025-11-24 09:19:00,CE,ATM+7,12.43,3579000,26450.0,26097.25,5.7,5.85,5.3,5.4,607725,1763956140
2025-11-24 09:20:00,CE,ATM+7,12.09,3579000,26450.0,26107.25,5.2,5.75,5.15,5.35,825300,1763956200
2025-11-24 09:21:00,CE,ATM+7,11.95,3579000,26450.0,26117.9,5.4,5.75,5.4,5.65,582750,1763956260
2025-11-24 09:22:00,CE,ATM+7,11.85,3732600,26450.0,26116.2,5.55,5.75,5.3,5.3,744300,1763956320
2025-11-24 09:23:00,CE,ATM+7,11.88,3732600,26450.0,26112.3,5.3,5.4,5.05,5.2,490350,1763956380
2025-11-24 09:24:00,CE,ATM+7,13.05,3732600,26450.0,26098.9,5.1,5.25,4.9,5.0,586275,1763956440
2025-11-24 09:25:00,CE,ATM+7,12.65,3882150,26450.0,26105.75,4.9,5.35,4.9,5.05,678450,1763956500
2025-11-24 09:26:00,CE,ATM+7,12.07,3882150,26450.0,26108.75,5.0,5.35,5.0,5.25,615900,1763956560
2025-11-24 09:27:00,CE,ATM+7,12.25,3882150,26450.0,26109.65,5.25,5.4,5.0,5.05,609600,1763956620
2025-11-24 09:28:00,CE,ATM+7,11.46,4204275,26450.0,26112.75,5.0,5.2,4.95,5.0,313500,1763956680
2025-11-24 09:29:00,CE,ATM+7,11.85,4204275,26450.0,26113.7,5.0,5.2,4.85,5.2,403650,1763956740
2025-11-24 09:30:00,CE,ATM+7,11.06,4204275,26450.0,26115.05,5.1,5.1,4.75,4.8,481050,1763956800
2025-11-24 09:31:00,CE,ATM+7,10.78,4283100,26450.0,26107.4,4.8,4.8,4.4,4.45,514950,1763956860
2025-11-24 09:32:00,CE,ATM+7,10.79,4283100,26450.0,26100.25,4.45,4.5,4.25,4.3,460950,1763956920
2025-11-24 09:33:00,CE,ATM+7,13.73,4283100,26450.0,26092.6,4.3,4.4,4.2,4.3,433050,1763956980
2025-11-24 09:34:00,CE,ATM+7,13.68,4309650,26450.0,26092.95,4.3,4.35,4.15,4.3,335025,1763957040
2025-11-24 09:35:00,CE,ATM+7,14.2,4309650,26450.0,26082.0,4.25,4.35,4.05,4.1,447975,1763957100
2025-11-24 09:36:00,CE,ATM+7,14.31,4309650,26450.0,26080.9,4.1,4.1,3.95,4.05,512850,1763957160
2025-11-24 09:37:00,CE,ATM+7,14.06,4511250,26450.0,26086.9,4.1,4.35,4.1,4.2,372975,1763957220
2025-11-24 09:38:00,CE,ATM+7,14.05,4511250,26450.0,26085.0,4.2,4.25,4.1,4.2,283650,1763957280
2025-11-24 09:39:00,CE,ATM+7,13.95,4511250,26450.0,26088.1,4.15,4.35,4.15,4.2,220575,1763957340
2025-11-24 09:40:00,CE,ATM+7,13.87,4584075,26450.0,26092.0,4.2,4.25,4.1,4.15,210000,1763957400
2025-11-24 09:41:00,CE,ATM+7,14.28,4584075,26450.0,26081.95,4.1,4.15,3.95,3.95,293625,1763957460
2025-11-24 09:42:00,CE,ATM+7,14.2,4584075,26450.0,26083.3,4.0,4.05,3.85,4.0,302700,1763957520
2025-11-24 09:43:00,CE,ATM+7,14.35,4580400,26450.0,26081.3,3.95,4.0,3.9,3.95,206325,1763957580
2025-11-24 09:44:00,CE,ATM+7,11.8,10257825,26400.0,26074.9,5.75,5.85,5.55,5.65,397950,1763957640
2025-11-24 09:45:00,CE,ATM+7,11.78,10257825,26400.0,26071.95,5.6,5.65,5.25,5.3,547425,1763957700
2025-11-24 09:46:00,CE,ATM+7,11.79,10285725,26400.0,26066.5,5.3,5.35,5.0,5.05,797025,1763957760
2025-11-24 09:47:00,CE,ATM+7,10.74,4552125,26450.0,26082.9,3.55,3.75,3.55,3.7,194850,1763957820
2025-11-24 09:48:00,CE,ATM+7,10.59,4552125,26450.0,26090.55,3.75,3.85,3.7,3.8,283875,1763957880
2025-11-24 09:49:00,CE,ATM+7,10.59,4602750,26450.0,26095.7,3.8,3.9,3.8,3.9,251625,1763957940
2025-11-24 09:50:00,CE,ATM+7,10.53,4602750,26450.0,26103.1,3.9,4.1,3.85,4.05,457575,1763958000
2025-11-24 09:51:00,CE,ATM+7,10.48,4602750,26450.0,26105.85,4.05,4.15,4.0,4.05,762150,1763958060
2025-11-24 09:52:00,CE,ATM+7,10.45,4686825,26450.0,26096.8,4.0,4.0,3.75,3.75,304575,1763958120
2025-11-24 09:53:00,CE,ATM+7,10.5,4686825,26450.0,26095.85,3.85,3.85,3.7,3.8,299400,1763958180
2025-11-24 09:54:00,CE,ATM+7,10.55,4686825,26450.0,26087.25,3.85,3.9,3.6,3.6,502350,1763958240
2025-11-24 09:55:00,CE,ATM+7,10.61,4879275,26450.0,26088.75,3.6,3.75,3.5,3.75,375075,1763958300
2025-11-24 09:56:00,CE,ATM+7,10.48,4879275,26450.0,26090.15,3.7,3.75,3.65,3.65,298200,1763958360
2025-11-24 09:57:00,CE,ATM+7,10.57,4879275,26450.0,26086.75,3.65,3.7,3.6,3.65,220950,1763958420
2025-11-24 09:58:00,CE,ATM+7,10.58,4830675,26450.0,26086.3,3.6,3.7,3.6,3.6,92775,1763958480
2025-11-24 09:59:00,CE,ATM+7,10.66,4830675,26450.0,26085.4,3.6,3.7,3.55,3.7,171825,1763958540
2025-11-24 10:00:00,CE,ATM+7,10.55,4830675,26450.0,26094.1,3.65,3.85,3.65,3.8,221850,1763958600
2025-11-24 10:01:00,CE,ATM+7,10.47,4849575,26450.0,26098.4,3.8,3.85,3.75,3.8,164925,1763958660
2025-11-24 10:02:00,CE,ATM+7,10.51,4849575,26450.0,26106.75,3.8,4.1,3.8,4.1,306900,1763958720
2025-11-24 10:03:00,CE,ATM+7,10.54,4849575,26450.0,26104.4,4.1,4.1,4.0,4.05,309300,1763958780
2025-11-24 10:04:00,CE,ATM+7,10.55,4897350,26450.0,26107.9,4.05,4.25,4.0,4.15,342375,1763958840
2025-11-24 10:05:00,CE,ATM+7,10.37,4897350,26450.0,26112.55,4.15,4.2,3.95,4.0,422025,1763958900
2025-11-24 10:06:00,CE,ATM+7,10.32,4897350,26450.0,26110.85,3.95,4.05,3.9,3.95,100350,1763958960
2025-11-24 10:07:00,CE,ATM+7,10.32,4947525,26450.0,26111.15,4.0,4.0,3.85,3.95,350100,1763959020
2025-11-24 10:08:00,CE,ATM+7,10.35,4947525,26450.0,26115.4,3.9,4.2,3.9,4.05,355725,1763959080
2025-11-24 10:09:00,CE,ATM+7,10.38,4947525,26450.0,26117.45,4.1,4.15,4.0,4.15,216375,1763959140
2025-11-24 10:10:00,CE,ATM+7,10.3,4869000,26450.0,26119.95,4.1,4.2,4.05,4.1,307875,1763959200
2025-11-24 10:11:00,CE,ATM+7,10.29,4869000,26450.0,26116.75,4.1,4.1,4.0,4.0,97875,1763959260
2025-11-24 10:12:00,CE,ATM+7,10.34,4869000,26450.0,26123.5,4.05,4.2,4.0,4.2,352500,1763959320
2025-11-24 10:13:00,CE,ATM+7,10.54,15927375,26500.0,26125.25,3.15,3.25,3.1,3.2,454800,1763959380
2025-11-24 10:14:00,CE,ATM+7,10.45,15927375,26500.0,26128.5,3.25,3.25,3.1,3.2,333300,1763959440
2025-11-24 10:15:00,CE,ATM+7,10.39,15927375,26500.0,26127.8,3.2,3.2,3.1,3.1,274725,1763959500
2025-11-24 10:16:00,CE,ATM+7,10.13,4974150,26450.0,26119.65,4.15,4.2,3.95,3.95,165975,1763959560
2025-11-24 10:17:00,CE,ATM+7,10.25,4974150,26450.0,26112.6,4.0,4.0,3.7,3.85,338850,1763959620
2025-11-24 10:18:00,CE,ATM+7,10.23,4974150,26450.0,26113.2,3.85,3.9,3.75,3.85,183900,1763959680
2025-11-24 10:19:00,CE,ATM+7,10.3,4964700,26450.0,26113.95,3.8,4.0,3.8,3.95,282450,1763959740
2025-11-24 10:20:00,CE,ATM+7,10.24,4964700,26450.0,26117.35,4.0,4.1,3.9,3.95,207750,1763959800
2025-11-24 10:21:00,CE,ATM+7,10.53,16116075,26500.0,26125.1,3.0,3.15,3.0,3.15,270900,1763959860
2025-11-24 10:22:00,CE,ATM+7,10.2,4981800,26450.0,26124.05,4.05,4.2,4.0,4.05,172650,1763959920
2025-11-24 10:23:00,CE,ATM+7,10.44,16077000,26500.0,26125.85,3.1,3.1,3.05,3.1,185850,1763959980
2025-11-24 10:24:00,CE,ATM+7,10.48,16077000,26500.0,26125.15,3.15,3.15,3.0,3.1,330600,1763960040
2025-11-24 10:25:00,CE,ATM+7,10.11,4980975,26450.0,26123.55,4.05,4.1,3.95,3.95,169425,1763960100
2025-11-24 10:26:00,CE,ATM+7,10.44,16135125,26500.0,26125.4,3.05,3.1,3.0,3.05,211125,1763960160
2025-11-24 10:27:00,CE,ATM+7,10.43,16135125,26500.0,26127.95,3.0,3.15,2.95,3.1,353850,1763960220
2025-11-24 10:28:00,CE,ATM+7,10.17,4975800,26450.0,26123.85,4.1,4.2,4.05,4.05,204525,1763960280
2025-11-24 10:29:00,CE,ATM+7,10.18,4975800,26450.0,26121.25,4.05,4.15,4.0,4.0,179925,1763960340
2025-11-24 10:30:00,CE,ATM+7,10.24,4975800,26450.0,26122.8,4.0,4.1,3.95,4.05,289275,1763960400
2025-11-24 10:31:00,CE,ATM+7,10.19,5001150,26450.0,26118.25,4.1,4.1,3.9,3.95,192825,1763960460
2025-11-24 10:32:00,CE,ATM+7,10.22,5001150,26450.0,26123.75,4.0,4.15,3.9,4.1,219450,1763960520
2025-11-24 10:33:00,CE,ATM+7,10.1,5001150,26450.0,26123.7,4.05,4.1,3.9,3.95,265050,1763960580
2025-11-24 10:34:00,CE,ATM+7,10.45,16177575,26500.0,26129.4,3.05,3.15,3.0,3.1,143325,1763960640
2025-11-24 10:35:00,CE,ATM+7,10.41,16177575,26500.0,26133.6,3.15,3.2,3.1,3.2,280125,1763960700
2025-11-24 10:36:00,CE,ATM+7,10.38,16177575,26500.0,26133.75,3.25,3.25,3.15,3.2,141825,1763960760
2025-11-24 10:37:00,CE,ATM+7,10.58,16198500,26500.0,26140.25,3.2,3.8,3.1,3.65,1347525,1763960820
2025-11-24 10:38:00,CE,ATM+7,10.54,16198500,26500.0,26140.3,3.6,3.75,3.5,3.55,739200,1763960880
2025-11-24 10:39:00,CE,ATM+7,10.47,16198500,26500.0,26137.45,3.5,3.55,3.4,3.4,358725,1763960940
2025-11-24 10:40:00,CE,ATM+7,10.53,16107000,26500.0,26136.2,3.4,3.5,3.4,3.45,326850,1763961000
2025-11-24 10:41:00,CE,ATM+7,10.53,16107000,26500.0,26137.0,3.45,3.5,3.35,3.45,311325,1763961060
2025-11-24 10:42:00,CE,ATM+7,10.51,16107000,26500.0,26138.05,3.45,3.5,3.4,3.45,119325,1763961120
2025-11-24 10:43:00,CE,ATM+7,10.48,16148250,26500.0,26139.4,3.45,3.6,3.4,3.45,208950,1763961180
2025-11-24 10:44:00,CE,ATM+7,10.59,16148250,26500.0,26130.95,3.5,3.5,3.35,3.4,300150,1763961240
2025-11-24 10:45:00,CE,ATM+7,10.56,16148250,26500.0,26129.4,3.4,3.4,3.25,3.25,399375,1763961300
2025-11-24 10:46:00,CE,ATM+7,10.63,16179600,26500.0,26130.95,3.25,3.4,3.25,3.35,242625,1763961360
2025-11-24 10:47:00,CE,ATM+7,10.55,16179600,26500.0,26129.6,3.35,3.35,3.25,3.25,120900,1763961420
2025-11-24 10:48:00,CE,ATM+7,10.57,16179600,26500.0,26133.15,3.3,3.4,3.3,3.4,144900,1763961480
2025-11-24 10:49:00,CE,ATM+7,10.59,16175550,26500.0,26132.05,3.45,3.45,3.3,3.35,227025,1763961540
2025-11-24 10:50:00,CE,ATM+7,10.57,16175550,26500.0,26128.95,3.3,3.35,3.25,3.25,85650,1763961600
2025-11-24 10:51:00,CE,ATM+7,10.57,16175550,26500.0,26131.75,3.3,3.35,3.25,3.3,42675,1763961660
2025-11-24 10:52:00,CE,ATM+7,10.67,16190100,26500.0,26127.5,3.35,3.35,3.3,3.3,121500,1763961720
2025-11-24 10:53:00,CE,ATM+7,10.46,5208675,26450.0,26119.25,4.4,4.4,4.1,4.15,238950,1763961780
2025-11-24 10:54:00,CE,ATM+7,10.43,5208675,26450.0,26114.1,4.1,4.15,3.95,4.0,316500,1763961840
2025-11-24 10:55:00,CE,ATM+7,10.44,5232225,26450.0,26109.85,3.95,4.05,3.85,3.9,216375,1763961900
2025-11-24 10:56:00,CE,ATM+7,10.42,5232225,26450.0,26115.2,3.85,4.0,3.85,4.0,262875,1763961960
2025-11-24 10:57:00,CE,ATM+7,10.5,5232225,26450.0,26112.0,4.0,4.05,3.85,4.0,363450,1763962020
2025-11-24 10:58:00,CE,ATM+7,10.5,5201700,26450.0,26110.85,4.0,4.0,3.85,4.0,281100,1763962080
2025-11-24 10:59:00,CE,ATM+7,10.47,5201700,26450.0,26108.4,3.95,4.0,3.85,3.9,121650,1763962140
2025-11-24 11:00:00,CE,ATM+7,10.47,5201700,26450.0,26107.35,3.9,3.95,3.75,3.85,358725,1763962200
2025-11-24 11:01:00,CE,ATM+7,10.38,5208150,26450.0,26101.95,3.85,3.9,3.6,3.6,353325,1763962260
2025-11-24 11:02:00,CE,ATM+7,10.54,5208150,26450.0,26097.85,3.65,3.7,3.55,3.65,364575,1763962320
2025-11-24 11:03:00,CE,ATM+7,10.61,5208150,26450.0,26095.4,3.65,3.7,3.65,3.7,115275,1763962380
2025-11-24 11:04:00,CE,ATM+7,10.41,5115300,26450.0,26105.25,3.7,3.8,3.65,3.7,239025,1763962440
2025-11-24 11:05:00,CE,ATM+7,10.39,5115300,26450.0,26103.8,3.75,3.75,3.6,3.65,164250,1763962500
2025-11-24 11:06:00,CE,ATM+7,10.46,5115300,26450.0,26100.65,3.65,3.65,3.55,3.65,133800,1763962560
2025-11-24 11:07:00,CE,ATM+7,10.4,5168625,26450.0,26104.1,3.65,3.7,3.6,3.65,59100,1763962620
2025-11-24 11:08:00,CE,ATM+7,10.39,5168625,26450.0,26102.6,3.65,3.7,3.55,3.6,92400,1763962680
2025-11-24 11:09:00,CE,ATM+7,10.47,5168625,26450.0,26099.75,3.6,3.65,3.5,3.65,109275,1763962740
2025-11-24 11:10:00,CE,ATM+7,10.48,5141925,26450.0,26098.7,3.6,3.65,3.55,3.6,221775,1763962800
2025-11-24 11:11:00,CE,ATM+7,10.46,5141925,26450.0,26096.35,3.6,3.6,3.4,3.5,237300,1763962860
2025-11-24 11:12:00,CE,ATM+7,10.34,5141925,26450.0,26101.35,3.5,3.55,3.5,3.5,73725,1763962920
2025-11-24 11:13:00,CE,ATM+7,10.38,5113350,26450.0,26101.35,3.5,3.6,3.5,3.55,52875,1763962980
2025-11-24 11:14:00,CE,ATM+7,10.43,5113350,26450.0,26098.1,3.55,3.55,3.5,3.5,178950,1763963040
2025-11-24 11:15:00,CE,ATM+7,10.48,5113350,26450.0,26092.75,3.45,3.55,3.45,3.45,146925,1763963100
2025-11-24 11:16:00,CE,ATM+7,10.54,5105400,26450.0,26093.45,3.45,3.55,3.45,3.5,216675,1763963160
2025-11-24 11:17:00,CE,ATM+7,10.55,5105400,26450.0,26092.95,3.5,3.55,3.45,3.5,92025,1763963220
2025-11-24 11:18:00,CE,ATM+7,10.57,5105400,26450.0,26090.05,3.5,3.5,3.35,3.45,429075,1763963280
2025-11-24 11:19:00,CE,ATM+7,10.58,5207100,26450.0,26093.5,3.5,3.55,3.45,3.55,209025,1763963340
2025-11-24 11:20:00,CE,ATM+7,10.54,5207100,26450.0,26096.65,3.55,3.65,3.5,3.6,99375,1763963400
2025-11-24 11:21:00,CE,ATM+7,10.52,5207100,26450.0,26095.1,3.65,3.65,3.45,3.5,120225,1763963460
2025-11-24 11:22:00,CE,ATM+7,10.53,5186325,26450.0,26097.55,3.55,3.6,3.55,3.6,176700,1763963520
2025-11-24 11:23:00,CE,ATM+7,10.56,5186325,26450.0,26095.55,3.6,3.65,3.55,3.6,69600,1763963580
2025-11-24 11:24:00,CE,ATM+7,10.56,5186325,26450.0,26096.8,3.6,3.65,3.55,3.6,60075,1763963640
2025-11-24 11:25:00,CE,ATM+7,10.48,5240700,26450.0,26104.5,3.6,3.7,3.6,3.7,296325,1763963700
2025-11-24 11:26:00,CE,ATM+7,10.35,5240700,26450.0,26109.6,3.7,3.7,3.6,3.7,190125,1763963760
2025-11-24 11:27:00,CE,ATM+7,10.28,5240700,26450.0,26110.0,3.7,3.7,3.6,3.6,117825,1763963820
2025-11-24 11:28:00,CE,ATM+7,10.25,5291025,26450.0,26115.0,3.65,3.75,3.6,3.7,255450,1763963880
2025-11-24 11:29:00,CE,ATM+7,10.14,5291025,26450.0,26122.6,3.7,3.75,3.7,3.75,195300,1763963940
2025-11-24 11:30:00,CE,ATM+7,10.09,5291025,26450.0,26121.95,3.7,3.8,3.65,3.7,204675,1763964000
2025-11-24 11:31:00,CE,ATM+7,10.05,5354250,26450.0,26119.15,3.7,3.7,3.55,3.6,191025,1763964060
2025-11-24 11:32:00,CE,ATM+7,10.11,5354250,26450.0,26122.15,3.6,3.8,3.6,3.75,285150,1763964120
2025-11-24 11:33:00,CE,ATM+7,10.08,5354250,26450.0,26123.9,3.75,3.85,3.7,3.75,122775,1763964180
2025-11-24 11:34:00,CE,ATM+7,10.13,5352000,26450.0,26122.2,3.75,3.8,3.65,3.75,72825,1763964240
2025-11-24 11:35:00,CE,ATM+7,10.1,5352000,26450.0,26124.4,3.7,3.8,3.7,3.8,63300,1763964300
2025-11-24 11:36:00,CE,ATM+7,10.53,16318950,26500.0,26127.0,2.9,3.05,2.9,3.0,442650,1763964360
2025-11-24 11:37:00,CE,ATM+7,10.52,16317600,26500.0,26127.4,3.0,3.0,2.95,2.95,104400,1763964420
2025-11-24 11:38:00,CE,ATM+7,10.1,5367600,26450.0,26124.85,3.85,3.9,3.75,3.75,219975,1763964480
2025-11-24 11:39:00,CE,ATM+7,10.13,5367600,26450.0,26118.25,3.8,3.8,3.6,3.65,156150,1763964540
2025-11-24 11:40:00,CE,ATM+7,10.16,5341200,26450.0,26116.9,3.65,3.7,3.55,3.65,172425,1763964600
2025-11-24 11:41:00,CE,ATM+7,10.2,5341200,26450.0,26118.5,3.7,3.8,3.65,3.7,255225,1763964660
2025-11-24 11:42:00,CE,ATM+7,10.18,5341200,26450.0,26114.6,3.65,3.7,3.55,3.6,141000,1763964720
2025-11-24 11:43:00,CE,ATM+7,10.19,5354625,26450.0,26117.45,3.6,3.65,3.55,3.65,70200,1763964780
2025-11-24 11:44:00,CE,ATM+7,10.15,5354625,26450.0,26117.15,3.65,3.65,3.55,3.6,49500,1763964840
2025-11-24 11:45:00,CE,ATM+7,10.19,5354625,26450.0,26106.7,3.6,3.6,3.4,3.4,112575,1763964900
2025-11-24 11:46:00,CE,ATM+7,10.23,5349975,26450.0,26106.5,3.4,3.5,3.35,3.4,230250,1763964960
2025-11-24 11:47:00,CE,ATM+7,10.26,5349975,26450.0,26105.45,3.45,3.45,3.35,3.4,191700,1763965020
2025-11-24 11:48:00,CE,ATM+7,10.42,5349975,26450.0,26097.75,3.4,3.4,3.3,3.35,166425,1763965080
2025-11-24 11:49:00,CE,ATM+7,10.4,5314575,26450.0,26097.65,3.35,3.45,3.35,3.35,112650,1763965140
2025-11-24 11:50:00,CE,ATM+7,10.61,5314575,26450.0,26089.45,3.4,3.4,3.35,3.4,109425,1763965200
2025-11-24 11:51:00,CE,ATM+7,10.7,5314575,26450.0,26084.9,3.45,3.45,3.3,3.3,184650,1763965260
2025-11-24 11:52:00,CE,ATM+7,10.74,5305575,26450.0,26080.2,3.3,3.35,3.25,3.3,126375,1763965320
2025-11-24 11:53:00,CE,ATM+7,10.97,11428650,26400.0,26073.8,4.75,4.75,4.55,4.55,423300,1763965380
2025-11-24 11:54:00,CE,ATM+7,11.24,11428650,26400.0,26069.85,4.65,4.75,4.6,4.7,525075,1763965440
2025-11-24 11:55:00,CE,ATM+7,15.04,5295525,26450.0,26075.25,3.35,3.4,3.35,3.4,143025,1763965500
2025-11-24 11:56:00,CE,ATM+7,11.29,11355825,26400.0,26074.15,4.8,4.85,4.75,4.75,367050,1763965560
2025-11-24 11:57:00,CE,ATM+7,13.07,11355825,26400.0,26064.6,4.7,4.75,4.55,4.6,590925,1763965620
2025-11-24 11:58:00,CE,ATM+7,12.76,11307225,26400.0,26069.05,4.6,4.7,4.6,4.7,290400,1763965680
2025-11-24 11:59:00,CE,ATM+7,14.92,5283600,26450.0,26077.4,3.35,3.4,3.35,3.4,98475,1763965740
2025-11-24 12:00:00,CE,ATM+7,14.79,5283600,26450.0,26081.85,3.4,3.45,3.4,3.45,128775,1763965800
2025-11-24 12:01:00,CE,ATM+7,14.64,5311725,26450.0,26085.1,3.45,3.55,3.4,3.45,154875,1763965860
2025-11-24 12:02:00,CE,ATM+7,14.56,5311725,26450.0,26087.85,3.5,3.55,3.45,3.5,92100,1763965920
2025-11-24 12:03:00,CE,ATM+7,14.72,5311725,26450.0,26083.2,3.55,3.55,3.45,3.5,73650,1763965980
2025-11-24 12:04:00,CE,ATM+7,14.7,5343225,26450.0,26083.85,3.55,3.55,3.45,3.5,68850,1763966040
2025-11-24 12:05:00,CE,ATM+7,14.71,5343225,26450.0,26083.95,3.45,3.5,3.4,3.45,77850,1763966100
2025-11-24 12:06:00,CE,ATM+7,14.76,5343225,26450.0,26082.5,3.4,3.45,3.35,3.45,87600,1763966160
2025-11-24 12:07:00,CE,ATM+7,15.07,5377125,26450.0,26076.1,3.4,3.45,3.4,3.45,128475,1763966220
2025-11-24 12:08:00,CE,ATM+7,15.03,5377125,26450.0,26076.8,3.4,3.5,3.4,3.5,123450,1763966280
2025-11-24 12:09:00,CE,ATM+7,11.25,11282850,26400.0,26072.9,4.85,4.9,4.7,4.7,389175,1763966340
2025-11-24 12:10:00,CE,ATM+7,12.65,11115000,26400.0,26069.5,4.7,4.8,4.7,4.8,379725,1763966400
2025-11-24 12:11:00,CE,ATM+7,12.5,11115000,26400.0,26070.8,4.75,4.85,4.7,4.8,315600,1763966460
2025-11-24 12:12:00,CE,ATM+7,12.94,11115000,26400.0,26066.4,4.75,4.8,4.65,4.7,181425,1763966520
2025-11-24 12:13:00,CE,ATM+7,12.77,11124750,26400.0,26067.9,4.7,4.8,4.7,4.75,194925,1763966580
2025-11-24 12:14:00,CE,ATM+7,12.71,11124750,26400.0,26069.1,4.75,4.85,4.75,4.8,252525,1763966640
2025-11-24 12:15:00,CE,ATM+7,11.44,11124750,26400.0,26074.2,4.8,4.85,4.75,4.8,144825,1763966700
2025-11-24 12:16:00,CE,ATM+7,12.83,11160750,26400.0,26068.95,4.9,4.9,4.7,4.7,132000,1763966760
2025-11-24 12:17:00,CE,ATM+7,12.47,11160750,26400.0,26072.85,4.75,4.8,4.7,4.8,110925,1763966820
2025-11-24 12:18:00,CE,ATM+7,14.97,5383950,26450.0,26078.8,3.45,3.55,3.45,3.55,66675,1763966880
2025-11-24 12:19:00,CE,ATM+7,15.01,5383950,26450.0,26077.45,3.5,3.55,3.5,3.5,61200,1763966940
2025-11-24 12:20:00,CE,ATM+7,14.77,5370825,26450.0,26084.55,3.5,3.5,3.45,3.45,86400,1763967000
2025-11-24 12:21:00,CE,ATM+7,14.64,5370825,26450.0,26087.25,3.5,3.5,3.45,3.5,20550,1763967060
2025-11-24 12:22:00,CE,ATM+7,14.82,5370825,26450.0,26083.15,3.5,3.55,3.35,3.35,166200,1763967120
2025-11-24 12:23:00,CE,ATM+7,15.05,5313375,26450.0,26078.15,3.35,3.4,3.3,3.4,229650,1763967180
2025-11-24 12:24:00,CE,ATM+7,11.21,11040300,26400.0,26073.65,4.8,4.8,4.45,4.65,446250,1763967240
2025-11-24 12:25:00,CE,ATM+7,12.93,11040300,26400.0,26068.35,4.6,4.65,4.3,4.6,1107975,1763967300
2025-11-24 12:26:00,CE,ATM+7,12.97,11044425,26400.0,26066.6,4.55,4.7,4.55,4.65,153525,1763967360
2025-11-24 12:27:00,CE,ATM+7,13.34,11044425,26400.0,26061.45,4.65,4.65,4.55,4.55,146025,1763967420
2025-11-24 12:28:00,CE,ATM+7,13.23,11044425,26400.0,26064.35,4.65,4.65,4.55,4.55,193050,1763967480
2025-11-24 12:29:00,CE,ATM+7,13.0,10973175,26400.0,26065.55,4.6,4.7,4.6,4.7,161925,1763967540
2025-11-24 12:30:00,CE,ATM+7,13.2,10973175,26400.0,26063.8,4.65,4.75,4.6,4.6,151350,1763967600
2025-11-24 12:31:00,CE,ATM+7,13.59,10973175,26400.0,26058.7,4.5,4.55,4.25,4.35,872925,1763967660
2025-11-24 12:32:00,CE,ATM+7,12.76,10919400,26400.0,26071.65,4.4,4.65,4.4,4.65,341100,1763967720
2025-11-24 12:33:00,CE,ATM+7,11.14,10919400,26400.0,26074.15,4.65,4.65,4.55,4.6,263175,1763967780
2025-11-24 12:34:00,CE,ATM+7,15.13,5001150,26450.0,26077.6,3.4,3.5,3.4,3.5,195900,1763967840
2025-11-24 12:35:00,CE,ATM+7,15.04,5028150,26450.0,26078.5,3.5,3.5,3.45,3.5,147150,1763967900
2025-11-24 12:36:00,CE,ATM+7,14.96,5028150,26450.0,26079.9,3.45,3.5,3.4,3.45,109125,1763967960
2025-11-24 12:37:00,CE,ATM+7,14.95,5028150,26450.0,26080.45,3.4,3.5,3.4,3.4,52350,1763968020
2025-11-24 12:38:00,CE,ATM+7,14.97,5020050,26450.0,26079.6,3.4,3.45,3.4,3.4,22275,1763968080
2025-11-24 12:39:00,CE,ATM+7,15.11,5020050,26450.0,26077.05,3.4,3.45,3.35,3.4,57000,1763968140
2025-11-24 12:40:00,CE,ATM+7,15.11,5020050,26450.0,26076.1,3.35,3.45,3.35,3.4,29250,1763968200
2025-11-24 12:41:00,CE,ATM+7,15.19,5011125,26450.0,26075.25,3.4,3.4,3.35,3.4,31725,1763968260
2025-11-24 12:42:00,CE,ATM+7,15.16,5011125,26450.0,26076.5,3.35,3.4,3.35,3.4,40800,1763968320
2025-11-24 12:43:00,CE,ATM+7,15.2,5011125,26450.0,26075.65,3.35,3.35,3.3,3.35,57150,1763968380
2025-11-24 12:44:00,CE,ATM+7,15.1,5033700,26450.0,26078.0,3.35,3.35,3.3,3.35,45525,1763968440
2025-11-24 12:45:00,CE,ATM+7,14.97,5033700,26450.0,26080.55,3.3,3.45,3.3,3.4,88125,1763968500
2025-11-24 12:46:00,CE,ATM+7,14.97,5033700,26450.0,26081.4,3.45,3.45,3.35,3.4,147450,1763968560
2025-11-24 12:47:00,CE,ATM+7,14.97,5060100,26450.0,26080.1,3.4,3.45,3.35,3.4,43875,1763968620
2025-11-24 12:48:00,CE,ATM+7,14.89,5060100,26450.0,26080.4,3.4,3.4,3.35,3.4,18825,1763968680
2025-11-24 12:49:00,CE,ATM+7,14.78,5060100,26450.0,26085.3,3.4,3.45,3.4,3.4,41625,1763968740
2025-11-24 12:50:00,CE,ATM+7,14.64,5037225,26450.0,26089.15,3.45,3.5,3.4,3.5,40200,1763968800
2025-11-24 12:51:00,CE,ATM+7,14.56,5037225,26450.0,26090.75,3.5,3.55,3.45,3.55,135225,1763968860
2025-11-24 12:52:00,CE,ATM+7,14.7,5037225,26450.0,26089.25,3.55,3.55,3.5,3.5,38025,1763968920
2025-11-24 12:53:00,CE,ATM+7,14.69,5030550,26450.0,26087.6,3.55,3.55,3.5,3.5,10650,1763968980
2025-11-24 12:54:00,CE,ATM+7,10.97,10951950,26400.0,26074.85,4.75,4.75,4.35,4.45,656625,1763969040
2025-11-24 12:55:00,CE,ATM+7,15.22,5030550,26450.0,26075.25,3.25,3.4,3.25,3.35,274875,1763969100
2025-11-24 12:56:00,CE,ATM+7,15.01,4968150,26450.0,26081.0,3.35,3.4,3.3,3.4,174375,1763969160
2025-11-24 12:57:00,CE,ATM+7,15.03,4968150,26450.0,26080.6,3.35,3.4,3.3,3.3,406125,1763969220
2025-11-24 12:58:00,CE,ATM+7,15.07,4968150,26450.0,26079.45,3.3,3.3,3.25,3.3,114675,1763969280
2025-11-24 12:59:00,CE,ATM+7,14.88,5095425,26450.0,26084.75,3.25,3.35,3.25,3.35,127050,1763969340
2025-11-24 13:00:00,CE,ATM+7,14.82,5095425,26450.0,26086.25,3.3,3.35,3.25,3.35,108075,1763969400
2025-11-24 13:01:00,CE,ATM+7,14.95,5095425,26450.0,26083.15,3.35,3.35,3.3,3.3,129750,1763969460
2025-11-24 13:02:00,CE,ATM+7,15.22,5054475,26450.0,26075.55,3.3,3.35,3.25,3.25,34725,1763969520
2025-11-24 13:03:00,CE,ATM+7,11.02,10978575,26400.0,26074.1,4.4,4.45,4.35,4.45,214800,1763969580
2025-11-24 13:04:00,CE,ATM+7,10.96,10978575,26400.0,26074.6,4.35,4.5,4.35,4.4,162000,1763969640
2025-11-24 13:05:00,CE,ATM+7,13.12,10945725,26400.0,26069.8,4.45,4.45,4.4,4.4,54300,1763969700
2025-11-24 13:06:00,CE,ATM+7,13.2,10945725,26400.0,26067.45,4.4,4.5,4.4,4.45,163575,1763969760
2025-11-24 13:07:00,CE,ATM+7,14.99,5056725,26450.0,26083.1,3.25,3.35,3.25,3.35,34800,1763969820
2025-11-24 13:08:00,CE,ATM+7,10.74,5070225,26450.0,26086.2,3.35,3.35,3.25,3.25,45000,1763969880
2025-11-24 13:09:00,CE,ATM+7,14.97,5070225,26450.0,26083.9,3.3,3.35,3.25,3.3,23325,1763969940
2025-11-24 13:10:00,CE,ATM+7,14.77,5070225,26450.0,26088.6,3.3,3.35,3.25,3.35,34500,1763970000
2025-11-24 13:11:00,CE,ATM+7,14.84,5045700,26450.0,26085.3,3.35,3.35,3.3,3.35,64650,1763970060
2025-11-24 13:12:00,CE,ATM+7,14.78,5045700,26450.0,26089.2,3.35,3.35,3.3,3.3,43800,1763970120
2025-11-24 13:13:00,CE,ATM+7,14.97,5045700,26450.0,26083.4,3.3,3.35,3.25,3.25,37425,1763970180
2025-11-24 13:14:00,CE,ATM+7,15.07,4991775,26450.0,26080.6,3.3,3.35,3.25,3.3,56850,1763970240
2025-11-24 13:15:00,CE,ATM+7,15.1,4991775,26450.0,26078.95,3.3,3.35,3.3,3.35,26925,1763970300
2025-11-24 13:16:00,CE,ATM+7,15.07,4991775,26450.0,26079.95,3.3,3.4,3.3,3.35,33525,1763970360
2025-11-24 13:17:00,CE,ATM+7,14.91,5013600,26450.0,26086.05,3.35,3.4,3.3,3.4,50475,1763970420
2025-11-24 13:18:00,CE,ATM+7,14.82,5013600,26450.0,26086.9,3.35,3.4,3.35,3.4,60975,1763970480
2025-11-24 13:19:00,CE,ATM+7,14.77,5013600,26450.0,26088.15,3.4,3.4,3.35,3.35,39375,1763970540
2025-11-24 13:20:00,CE,ATM+7,10.73,5019075,26450.0,26093.55,3.35,3.4,3.3,3.35,92100,1763970600
2025-11-24 13:21:00,CE,ATM+7,10.7,5019075,26450.0,26092.5,3.35,3.35,3.3,3.3,26175,1763970660
2025-11-24 13:22:00,CE,ATM+7,10.73,5019075,26450.0,26093.0,3.3,3.35,3.3,3.3,22575,1763970720
2025-11-24 13:23:00,CE,ATM+7,10.72,5080650,26450.0,26091.7,3.35,3.35,3.3,3.3,22575,1763970780
2025-11-24 13:24:00,CE,ATM+7,10.75,5080650,26450.0,26091.05,3.3,3.35,3.3,3.35,22350,1763970840
2025-11-24 13:25:00,CE,ATM+7,10.76,5080650,26450.0,26090.95,3.3,3.35,3.25,3.3,74175,1763970900
2025-11-24 13:26:00,CE,ATM+7,14.82,5067750,26450.0,26087.9,3.3,3.3,3.2,3.25,61875,1763970960
2025-11-24 13:27:00,CE,ATM+7,14.96,5067750,26450.0,26085.7,3.25,3.25,3.2,3.2,32850,1763971020
2025-11-24 13:28:00,CE,ATM+7,15.16,5067750,26450.0,26079.4,3.2,3.25,3.1,3.1,149175,1763971080
2025-11-24 13:29:00,CE,ATM+7,15.07,5114550,26450.0,26083.45,3.15,3.2,3.1,3.2,247725,1763971140
2025-11-24 13:30:00,CE,ATM+7,15.16,5114550,26450.0,26080.4,3.15,3.2,3.1,3.15,178725,1763971200
2025-11-24 13:31:00,CE,ATM+7,15.24,5114550,26450.0,26078.1,3.1,3.2,3.1,3.15,99525,1763971260
2025-11-24 13:32:00,CE,ATM+7,15.22,5082375,26450.0,26077.75,3.1,3.15,3.1,3.1,18975,1763971320
2025-11-24 13:33:00,CE,ATM+7,15.2,5082375,26450.0,26080.0,3.1,3.15,3.1,3.15,45975,1763971380
2025-11-24 13:34:00,CE,ATM+7,15.22,5082375,26450.0,26079.2,3.1,3.2,3.1,3.15,48975,1763971440
2025-11-24 13:35:00,CE,ATM+7,14.96,5082975,26450.0,26085.75,3.2,3.2,3.15,3.2,30675,1763971500
2025-11-24 13:36:00,CE,ATM+7,14.86,5082975,26450.0,26088.45,3.15,3.25,3.15,3.2,103200,1763971560
2025-11-24 13:37:00,CE,ATM+7,15.09,5082975,26450.0,26080.95,3.2,3.2,3.1,3.15,65700,1763971620
2025-11-24 13:38:00,CE,ATM+7,15.2,5060400,26450.0,26079.9,3.1,3.15,3.05,3.05,101550,1763971680
2025-11-24 13:39:00,CE,ATM+7,10.8,10725525,26400.0,26070.45,4.15,4.2,4.05,4.1,270225,1763971740
2025-11-24 13:40:00,CE,ATM+7,10.9,10725525,26400.0,26067.9,4.1,4.15,4.05,4.1,214275,1763971800
2025-11-24 13:41:00,CE,ATM+7,10.81,10671975,26400.0,26070.75,4.1,4.15,4.05,4.1,195150,1763971860
2025-11-24 13:42:00,CE,ATM+7,15.13,5077575,26450.0,26080.05,3.1,3.1,3.05,3.05,88950,1763971920
2025-11-24 13:43:00,CE,ATM+7,15.14,5077575,26450.0,26080.5,3.05,3.1,3.05,3.1,86625,1763971980
2025-11-24 13:44:00,CE,ATM+7,10.68,5046150,26450.0,26086.55,3.1,3.1,3.05,3.05,97350,1763972040
2025-11-24 13:45:00,CE,ATM+7,10.73,5046150,26450.0,26087.2,3.15,3.15,3.1,3.1,217875,1763972100
2025-11-24 13:46:00,CE,ATM+7,10.76,5046150,26450.0,26085.5,3.1,3.15,3.1,3.1,52275,1763972160
2025-11-24 13:47:00,CE,ATM+7,15.22,5075475,26450.0,26079.75,3.05,3.1,3.05,3.05,57675,1763972220
2025-11-24 13:48:00,CE,ATM+7,10.75,5075475,26450.0,26086.1,3.05,3.1,3.0,3.05,358725,1763972280
2025-11-24 13:49:00,CE,ATM+7,15.21,5075475,26450.0,26080.7,3.05,3.1,3.05,3.05,43200,1763972340
2025-11-24 13:50:00,CE,ATM+7,15.22,5080350,26450.0,26079.4,3.05,3.05,3.0,3.0,41025,1763972400
2025-11-24 13:51:00,CE,ATM+7,15.11,5080350,26450.0,26085.05,3.0,3.1,3.0,3.1,115650,1763972460
2025-11-24 13:52:00,CE,ATM+7,15.22,5080350,26450.0,26080.6,3.05,3.1,3.05,3.05,33000,1763972520
2025-11-24 13:53:00,CE,ATM+7,15.44,5077200,26450.0,26075.8,3.1,3.1,3.0,3.0,55275,1763972580
2025-11-24 13:54:00,CE,ATM+7,15.36,5077200,26450.0,26076.95,3.0,3.05,3.0,3.0,23325,1763972640
2025-11-24 13:55:00,CE,ATM+7,15.43,5077200,26450.0,26076.15,3.05,3.1,3.0,3.05,90750,1763972700
2025-11-24 13:56:00,CE,ATM+7,15.21,5058975,26450.0,26081.4,3.1,3.1,3.0,3.05,48675,1763972760
2025-11-24 13:57:00,CE,ATM+7,15.24,5058975,26450.0,26080.65,3.05,3.05,3.0,3.0,94950,1763972820
2025-11-24 13:58:00,CE,ATM+7,15.4,5058975,26450.0,26076.3,3.05,3.05,2.95,2.95,67650,1763972880
2025-11-24 13:59:00,CE,ATM+7,10.69,10563000,26400.0,26069.55,4.0,4.0,3.85,3.9,182550,1763972940
2025-11-24 14:00:00,CE,ATM+7,10.75,10563000,26400.0,26068.5,3.95,4.0,3.9,3.95,192825,1763973000
2025-11-24 14:01:00,CE,ATM+7,10.83,10563000,26400.0,26062.15,3.9,3.95,3.75,3.85,340500,1763973060
2025-11-24 14:02:00,CE,ATM+7,10.77,10309725,26400.0,26056.15,3.8,3.85,3.65,3.65,545550,1763973120
2025-11-24 14:03:00,CE,ATM+7,14.09,10309725,26400.0,26059.15,3.7,3.8,3.7,3.8,409125,1763973180
2025-11-24 14:04:00,CE,ATM+7,14.47,10309725,26400.0,26050.75,3.8,3.8,3.7,3.75,544875,1763973240
2025-11-24 14:05:00,CE,ATM+7,14.77,9950625,26400.0,26044.5,3.75,3.8,3.55,3.6,463725,1763973300
2025-11-24 14:06:00,CE,ATM+7,14.59,9950625,26400.0,26047.05,3.6,3.6,3.4,3.45,775875,1763973360
2025-11-24 14:07:00,CE,ATM+7,14.57,9950625,26400.0,26048.15,3.45,3.5,3.35,3.45,353325,1763973420
2025-11-24 14:08:00,CE,ATM+7,14.75,9766875,26400.0,26044.35,3.45,3.5,3.3,3.3,633300,1763973480
2025-11-24 14:09:00,CE,ATM+7,15.12,9766875,26400.0,26035.6,3.4,3.45,3.3,3.3,391650,1763973540
2025-11-24 14:10:00,CE,ATM+7,15.01,9766875,26400.0,26038.6,3.3,3.45,3.3,3.45,406200,1763973600
2025-11-24 14:11:00,CE,ATM+7,14.59,9649050,26400.0,26048.75,3.4,3.5,3.35,3.5,306000,1763973660
2025-11-24 14:12:00,CE,ATM+7,14.48,9649050,26400.0,26050.5,3.45,3.55,3.45,3.5,333375,1763973720
2025-11-24 14:13:00,CE,ATM+7,14.38,9649050,26400.0,26054.95,3.5,3.55,3.45,3.5,136650,1763973780
2025-11-24 14:14:00,CE,ATM+7,14.53,9702600,26400.0,26057.15,3.5,3.55,3.45,3.5,166125,1763973840
2025-11-24 14:15:00,CE,ATM+7,14.63,9702600,26400.0,26048.55,3.45,3.5,3.3,3.4,413250,1763973900
2025-11-24 14:16:00,CE,ATM+7,14.63,9702600,26400.0,26047.75,3.35,3.45,3.35,3.4,433125,1763973960
2025-11-24 14:17:00,CE,ATM+7,10.71,9750000,26400.0,26052.1,3.4,3.5,3.35,3.4,313500,1763974020
2025-11-24 14:18:00,CE,ATM+7,10.65,9750000,26400.0,26057.1,3.4,3.5,3.4,3.45,198450,1763974080
2025-11-24 14:19:00,CE,ATM+7,14.99,9750000,26400.0,26039.55,3.45,3.5,3.25,3.35,827250,1763974140
2025-11-24 14:20:00,CE,ATM+7,15.2,9589050,26400.0,26033.35,3.35,3.35,3.25,3.25,511725,1763974200
2025-11-24 14:21:00,CE,ATM+7,15.14,9589050,26400.0,26035.7,3.25,3.4,3.25,3.4,502200,1763974260
2025-11-24 14:22:00,CE,ATM+7,15.25,9589050,26400.0,26032.95,3.4,3.45,3.3,3.4,681300,1763974320
2025-11-24 14:23:00,CE,ATM+7,15.59,9356625,26400.0,26026.45,3.4,3.4,3.3,3.35,357225,1763974380
2025-11-24 14:24:00,CE,ATM+7,15.54,9356625,26400.0,26026.55,3.35,3.45,3.3,3.45,339825,1763974440
2025-11-24 14:25:00,CE,ATM+7,15.14,9356625,26400.0,26036.65,3.45,3.5,3.35,3.45,291600,1763974500
2025-11-24 14:26:00,CE,ATM+7,15.24,9404475,26400.0,26034.1,3.4,3.5,3.4,3.45,247125,1763974560
2025-11-24 14:27:00,CE,ATM+7,15.38,9404475,26400.0,26031.3,3.45,3.5,3.45,3.5,201000,1763974620
2025-11-24 14:28:00,CE,ATM+7,15.5,9404475,26400.0,26027.95,3.5,3.55,3.45,3.45,154725,1763974680
2025-11-24 14:29:00,CE,ATM+7,15.6,9321900,26400.0,26026.15,3.45,3.5,3.4,3.5,194550,1763974740
2025-11-24 14:30:00,CE,ATM+7,15.32,9321900,26400.0,26032.9,3.45,3.5,3.4,3.45,234750,1763974800
2025-11-24 14:31:00,CE,ATM+7,15.4,9321900,26400.0,26030.05,3.45,3.5,3.35,3.4,290550,1763974860
2025-11-24 14:32:00,CE,ATM+7,15.2,9293175,26400.0,26035.45,3.4,3.45,3.4,3.45,200550,1763974920
2025-11-24 14:33:00,CE,ATM+7,15.5,9293175,26400.0,26030.1,3.45,3.5,3.35,3.4,318375,1763974980
2025-11-24 14:34:00,CE,ATM+7,15.64,9293175,26400.0,26026.15,3.35,3.4,3.3,3.35,258900,1763975040
2025-11-24 14:35:00,CE,ATM+7,13.25,6861525,26350.0,26022.4,4.5,4.55,4.45,4.5,229125,1763975100
2025-11-24 14:36:00,CE,ATM+7,13.35,6861525,26350.0,26021.4,4.5,4.5,4.35,4.4,327975,1763975160
2025-11-24 14:37:00,CE,ATM+7,15.6,9335550,26400.0,26025.9,3.25,3.35,3.25,3.3,118125,1763975220
2025-11-24 14:38:00,CE,ATM+7,15.7,9309225,26400.0,26025.6,3.3,3.35,3.25,3.3,206475,1763975280
2025-11-24 14:39:00,CE,ATM+7,13.3,6756600,26350.0,26023.6,4.5,4.5,4.35,4.4,224475,1763975340
2025-11-24 14:40:00,CE,ATM+7,15.52,9309225,26400.0,26027.9,3.3,3.45,3.3,3.4,159900,1763975400
2025-11-24 14:41:00,CE,ATM+7,15.59,9219825,26400.0,26027.0,3.4,3.45,3.35,3.4,152700,1763975460
2025-11-24 14:42:00,CE,ATM+7,15.52,9219825,26400.0,26030.1,3.45,3.5,3.4,3.4,164775,1763975520
2025-11-24 14:43:00,CE,ATM+7,15.38,9219825,26400.0,26031.5,3.4,3.55,3.4,3.45,319950,1763975580
2025-11-24 14:44:00,CE,ATM+7,15.67,9254475,26400.0,26025.7,3.45,3.55,3.45,3.45,138000,1763975640
2025-11-24 14:45:00,CE,ATM+7,15.62,9254475,26400.0,26027.8,3.45,3.5,3.4,3.45,307875,1763975700
2025-11-24 14:46:00,CE,ATM+7,15.47,9254475,26400.0,26032.45,3.45,3.55,3.4,3.55,509775,1763975760
2025-11-24 14:47:00,CE,ATM+7,15.31,9275175,26400.0,26035.35,3.5,3.6,3.5,3.6,439425,1763975820
2025-11-24 14:48:00,CE,ATM+7,15.24,9275175,26400.0,26036.4,3.55,3.65,3.5,3.55,616800,1763975880
2025-11-24 14:49:00,CE,ATM+7,15.61,9275175,26400.0,26029.65,3.5,3.55,3.4,3.4,236775,1763975940
2025-11-24 14:50:00,CE,ATM+7,15.27,9532725,26400.0,26038.25,3.45,3.55,3.4,3.5,249675,1763976000
2025-11-24 14:51:00,CE,ATM+7,15.4,9532725,26400.0,26033.0,3.45,3.5,3.45,3.5,175350,1763976060
2025-11-24 14:52:00,CE,ATM+7,13.1,7001175,26350.0,26024.75,4.75,4.75,4.6,4.65,317700,1763976120
2025-11-24 14:53:00,CE,ATM+7,15.8,10111125,26400.0,26025.75,3.45,3.55,3.4,3.45,907275,1763976180
2025-11-24 14:54:00,CE,ATM+7,13.41,7096125,26350.0,26019.75,4.6,4.65,4.4,4.5,262875,1763976240
2025-11-24 14:55:00,CE,ATM+7,15.77,10111125,26400.0,26025.3,3.45,3.6,3.35,3.6,649875,1763976300
2025-11-24 14:56:00,CE,ATM+7,15.61,10420425,26400.0,26031.8,3.5,3.65,3.5,3.6,617325,1763976360
2025-11-24 14:57:00,CE,ATM+7,15.39,10420425,26400.0,26035.45,3.65,3.7,3.6,3.6,437625,1763976420
2025-11-24 14:58:00,CE,ATM+7,15.02,10420425,26400.0,26041.25,3.6,3.7,3.6,3.65,341175,1763976480
2025-11-24 14:59:00,CE,ATM+7,15.13,10619550,26400.0,26039.05,3.65,3.7,3.6,3.65,145050,1763976540
2025-11-24 15:00:00,CE,ATM+7,15.44,10619550,26400.0,26035.85,3.65,3.85,3.6,3.6,805425,1763976600
2025-11-24 15:01:00,CE,ATM+7,14.12,7225950,26350.0,26012.0,4.7,4.75,4.25,4.25,519900,1763976660
2025-11-24 15:02:00,CE,ATM+7,14.56,7120650,26350.0,25998.9,4.3,4.35,4.15,4.35,932175,1763976720
2025-11-24 15:03:00,CE,ATM+7,14.81,7120650,26350.0,25995.55,4.35,4.4,4.15,4.2,631725,1763976780
2025-11-24 15:04:00,CE,ATM+7,15.84,7120650,26350.0,25977.2,4.2,4.25,3.85,3.85,826575,1763976840
2025-11-24 15:05:00,CE,ATM+7,13.08,14503200,26300.0,25965.1,5.45,5.6,5.25,5.4,2639400,1763976900
2025-11-24 15:06:00,CE,ATM+7,13.36,14503200,26300.0,25958.4,5.4,5.45,5.05,5.15,1800000,1763976960
2025-11-24 15:07:00,CE,ATM+7,13.59,14503200,26300.0,25957.95,5.2,5.2,4.9,5.1,1557975,1763977020
2025-11-24 15:08:00,CE,ATM+7,12.93,14508975,26300.0,25965.65,5.15,5.4,5.1,5.25,1165350,1763977080
2025-11-24 15:09:00,CE,ATM+7,12.97,14508975,26300.0,25964.55,5.2,5.3,5.05,5.2,1409775,1763977140
2025-11-24 15:10:00,CE,ATM+7,13.05,14508975,26300.0,25965.95,5.25,5.45,5.25,5.45,1292475,1763977200
2025-11-24 15:11:00,CE,ATM+7,13.11,14872350,26300.0,25962.35,5.45,5.6,5.25,5.3,1336875,1763977260
2025-11-24 15:12:00,CE,ATM+7,13.47,14872350,26300.0,25955.9,5.25,5.45,5.1,5.2,1334475,1763977320
2025-11-24 15:13:00,CE,ATM+7,13.38,14872350,26300.0,25953.35,5.25,5.35,5.15,5.3,689325,1763977380
2025-11-24 15:14:00,CE,ATM+7,13.38,15049125,26300.0,25954.4,5.3,5.4,5.25,5.35,593025,1763977440
2025-11-24 15:15:00,CE,ATM+7,13.41,15049125,26300.0,25960.5,5.4,5.7,5.4,5.7,946725,1763977500
2025-11-24 15:16:00,CE,ATM+7,13.48,15049125,26300.0,25950.95,5.7,5.7,5.4,5.4,758250,1763977560
2025-11-24 15:17:00,CE,ATM+7,13.53,14920125,26300.0,25952.8,5.45,5.55,5.35,5.5,778575,1763977620
2025-11-24 15:18:00,CE,ATM+7,14.06,14920125,26300.0,25949.85,5.5,5.65,5.15,5.15,664575,1763977680
2025-11-24 15:19:00,CE,ATM+7,14.11,14920125,26300.0,25950.95,5.25,5.3,5.05,5.05,675150,1763977740
2025-11-24 15:20:00,CE,ATM+7,14.49,14790975,26300.0,25947.95,5.15,5.25,4.9,4.9,844425,1763977800
2025-11-24 15:21:00,CE,ATM+7,15.36,14790975,26300.0,25933.7,4.9,5.05,4.65,4.7,1412850,1763977860
2025-11-24 15:22:00,CE,ATM+7,15.45,14790975,26300.0,25931.75,4.75,4.85,4.6,4.75,1341975,1763977920
2025-11-24 15:23:00,CE,ATM+7,15.6,14807475,26300.0,25929.65,4.75,4.85,4.55,4.6,1112850,1763977980
2025-11-24 15:24:00,CE,ATM+7,15.49,14807475,26300.0,25930.9,4.65,4.8,4.6,4.7,759375,1763978040
2025-11-24 15:25:00,CE,ATM+7,15.3,14807475,26300.0,25933.65,4.7,4.95,4.7,4.9,1235700,1763978100
2025-11-24 15:26:00,CE,ATM+7,15.65,14710425,26300.0,25929.25,4.9,4.9,4.6,4.65,1495950,1763978160
2025-11-24 15:27:00,CE,ATM+7,13.55,9627075,26250.0,25917.3,6.4,6.6,6.15,6.4,1398375,1763978220
2025-11-24 15:28:00,CE,ATM+7,14.57,14710425,26300.0,25943.5,5.0,5.2,4.95,5.2,1767525,1763978280
2025-11-24 15:29:00,CE,ATM+7,14.38,15069150,26300.0,25943.35,5.25,5.3,5.0,5.1,1837650,1763978340
2025-11-25 09:15:00,CE,ATM+7,23.46,14599500,26300.0,25935.1,2.55,3.4,2.35,3.2,4187250,1764042300
2025-11-25 09:16:00,CE,ATM+7,23.71,14554575,26300.0,25934.9,3.15,3.45,2.8,2.85,3820800,1764042360
2025-11-25 09:17:00,CE,ATM+7,23.15,14554575,26300.0,25940.75,2.85,3.05,2.85,3.0,2040750,1764042420
2025-11-25 09:18:00,CE,ATM+7,21.98,14554575,26300.0,25957.35,3.1,3.3,3.0,3.1,1750575,1764042480
2025-11-25 09:19:00,CE,ATM+7,21.68,15044550,26300.0,25965.0,3.1,3.25,2.9,2.9,2247750,1764042540
2025-11-25 09:20:00,CE,ATM+7,21.68,15044550,26300.0,25960.7,2.85,3.0,2.7,2.85,1650375,1764042600
2025-11-25 09:21:00,CE,ATM+7,22.89,15044550,26300.0,25943.7,2.85,2.85,2.7,2.7,1380825,1764042660
2025-11-25 09:22:00,CE,ATM+7,22.78,15034125,26300.0,25946.65,2.65,2.85,2.65,2.8,1215525,1764042720
2025-11-25 09:23:00,CE,ATM+7,22.27,15034125,26300.0,25955.6,2.8,2.9,2.7,2.7,1754475,1764042780
2025-11-25 09:24:00,CE,ATM+7,22.26,15034125,26300.0,25955.85,2.8,2.85,2.7,2.75,770775,1764042840
2025-11-25 09:25:00,CE,ATM+7,22.2,14724375,26300.0,25957.3,2.75,2.9,2.6,2.6,1251150,1764042900
2025-11-25 09:26:00,CE,ATM+7,21.62,14724375,26300.0,25964.75,2.65,2.7,2.65,2.65,861300,1764042960
2025-11-25 09:27:00,CE,ATM+7,22.38,14724375,26300.0,25953.3,2.6,2.65,2.55,2.65,1078800,1764043020
2025-11-25 09:28:00,CE,ATM+7,22.51,14488500,26300.0,25949.9,2.6,2.65,2.5,2.65,1114125,1764043080
2025-11-25 09:29:00,CE,ATM+7,22.16,14488500,26300.0,25955.2,2.65,2.7,2.6,2.65,471225,1764043140
2025-11-25 09:30:00,CE,ATM+7,22.3,14488500,26300.0,25955.85,2.7,2.75,2.6,2.75,932175,1764043200
2025-11-25 09:31:00,CE,ATM+7,21.89,14656500,26300.0,25961.15,2.7,2.8,2.65,2.65,717900,1764043260
2025-11-25 09:32:00,CE,ATM+7,21.37,14656500,26300.0,25968.9,2.65,2.8,2.65,2.7,670050,1764043320
2025-11-25 09:33:00,CE,ATM+7,21.57,14656500,26300.0,25966.05,2.7,2.7,2.5,2.6,646950,1764043380
2025-11-25 09:34:00,CE,ATM+7,23.61,6630075,26350.0,25977.55,2.1,2.15,2.05,2.1,503625,1764043440
2025-11-25 09:35:00,CE,ATM+7,23.69,6630075,26350.0,25975.15,2.1,2.1,1.95,1.95,303150,1764043500
2025-11-25 09:36:00,CE,ATM+7,23.63,6630075,26350.0,25976.85,1.9,2.0,1.85,1.95,654900,1764043560
2025-11-25 09:37:00,CE,ATM+7,23.38,6576900,26350.0,25980.45,1.95,2.0,1.9,1.9,474975,1764043620
2025-11-25 09:38:00,CE,ATM+7,21.78,14488650,26300.0,25962.4,2.35,2.4,2.3,2.3,1001700,1764043680
2025-11-25 09:39:00,CE,ATM+7,21.32,14488650,26300.0,25969.5,2.3,2.4,2.3,2.3,457275,1764043740
2025-11-25 09:40:00,CE,ATM+7,23.52,6518850,26350.0,25975.8,1.9,1.95,1.85,1.85,312150,1764043800
2025-11-25 09:41:00,CE,ATM+7,21.08,14329800,26300.0,25972.65,2.35,2.4,2.3,2.4,399600,1764043860
2025-11-25 09:42:00,CE,ATM+7,23.66,6518850,26350.0,25975.95,1.9,1.95,1.85,1.85,369675,1764043920
2025-11-25 09:43:00,CE,ATM+7,21.24,14313000,26300.0,25970.15,2.3,2.3,2.2,2.2,380175,1764043980
2025-11-25 09:44:00,CE,ATM+7,21.4,14313000,26300.0,25969.1,2.25,2.25,2.15,2.15,640350,1764044040
2025-11-25 09:45:00,CE,ATM+7,21.41,14313000,26300.0,25968.65,2.2,2.2,2.1,2.2,526950,1764044100
2025-11-25 09:46:00,CE,ATM+7,21.27,14358450,26300.0,25972.35,2.15,2.25,2.15,2.2,612750,1764044160
2025-11-25 09:47:00,CE,ATM+7,21.16,14358450,26300.0,25973.65,2.2,2.3,2.15,2.2,558675,1764044220
2025-11-25 09:48:00,CE,ATM+7,21.62,14358450,26300.0,25966.45,2.25,2.25,2.15,2.25,354000,1764044280
2025-11-25 09:49:00,CE,ATM+7,21.95,14368950,26300.0,25961.15,2.2,2.25,2.15,2.15,240525,1764044340
2025-11-25 09:50:00,CE,ATM+7,22.28,14368950,26300.0,25955.3,2.15,2.2,2.15,2.15,627975,1764044400
2025-11-25 09:51:00,CE,ATM+7,21.79,14368950,26300.0,25963.95,2.2,2.25,2.15,2.2,322500,1764044460
2025-11-25 09:52:00,CE,ATM+7,21.86,14070300,26300.0,25961.75,2.2,2.25,2.15,2.2,210150,1764044520
2025-11-25 09:53:00,CE,ATM+7,23.77,6573225,26350.0,25976.15,1.85,1.85,1.8,1.85,347250,1764044580
2025-11-25 09:54:00,CE,ATM+7,23.35,6573225,26350.0,25983.9,1.8,1.95,1.8,1.85,420150,1764044640
2025-11-25 09:55:00,CE,ATM+7,22.97,6486000,26350.0,25987.85,1.85,1.9,1.75,1.8,439650,1764044700
2025-11-25 09:56:00,CE,ATM+7,23.01,6486000,26350.0,25987.75,1.8,1.8,1.7,1.75,691575,1764044760
2025-11-25 09:57:00,CE,ATM+7,23.49,6486000,26350.0,25978.95,1.7,1.75,1.65,1.7,530325,1764044820
2025-11-25 09:58:00,CE,ATM+7,23.02,6357975,26350.0,25987.5,1.7,1.8,1.7,1.75,324900,1764044880
2025-11-25 09:59:00,CE,ATM+7,23.0,6357975,26350.0,25988.4,1.75,1.75,1.65,1.7,399750,1764044940
2025-11-25 10:00:00,CE,ATM+7,22.48,6357975,26350.0,25995.9,1.65,1.7,1.6,1.6,523200,1764045000
2025-11-25 10:01:00,CE,ATM+7,22.5,6240675,26350.0,25994.55,1.6,1.65,1.55,1.55,338400,1764045060
2025-11-25 10:02:00,CE,ATM+7,22.4,6240675,26350.0,25998.3,1.6,1.65,1.55,1.6,344025,1764045120
2025-11-25 10:03:00,CE,ATM+7,22.85,6240675,26350.0,25989.9,1.6,1.6,1.55,1.6,217500,1764045180
2025-11-25 10:04:00,CE,ATM+7,22.85,6258525,26350.0,25989.9,1.6,1.65,1.55,1.65,393075,1764045240
2025-11-25 10:05:00,CE,ATM+7,22.3,6258525,26350.0,26000.25,1.65,1.65,1.6,1.65,404475,1764045300
2025-11-25 10:06:00,CE,ATM+7,22.4,6258525,26350.0,25998.05,1.65,1.65,1.6,1.6,360300,1764045360
2025-11-25 10:07:00,CE,ATM+7,22.44,6504825,26350.0,25997.25,1.6,1.65,1.55,1.6,139050,1764045420
2025-11-25 10:08:00,CE,ATM+7,22.41,6504825,26350.0,25997.85,1.6,1.6,1.55,1.6,161550,1764045480
2025-11-25 10:09:00,CE,ATM+7,21.99,6504825,26350.0,26005.15,1.55,1.65,1.55,1.6,315150,1764045540
2025-11-25 10:10:00,CE,ATM+7,21.72,6574125,26350.0,26008.5,1.55,1.55,1.45,1.55,752475,1764045600
2025-11-25 10:11:00,CE,ATM+7,21.05,6574125,26350.0,26018.9,1.5,1.75,1.45,1.6,1196025,1764045660
2025-11-25 10:12:00,CE,ATM+7,21.13,6574125,26350.0,26019.3,1.55,1.6,1.5,1.55,875925,1764045720
2025-11-25 10:13:00,CE,ATM+7,21.0,6440475,26350.0,26018.95,1.5,1.6,1.45,1.55,663675,1764045780
2025-11-25 10:14:00,CE,ATM+7,21.1,6440475,26350.0,26018.6,1.7,1.7,1.5,1.5,717075,1764045840
2025-11-25 10:15:00,CE,ATM+7,20.91,6440475,26350.0,26021.1,1.45,1.5,1.4,1.4,1056300,1764045900
2025-11-25 10:16:00,CE,ATM+7,21.0,6313050,26350.0,26018.85,1.5,1.5,1.35,1.35,445425,1764045960
2025-11-25 10:17:00,CE,ATM+7,20.87,6313050,26350.0,26021.95,1.4,1.45,1.35,1.4,613950,1764046020
2025-11-25 10:18:00,CE,ATM+7,21.08,6313050,26350.0,26018.05,1.4,1.45,1.35,1.4,283650,1764046080
2025-11-25 10:19:00,CE,ATM+7,21.21,6355350,26350.0,26014.1,1.4,1.4,1.35,1.35,146775,1764046140
2025-11-25 10:20:00,CE,ATM+7,21.26,6355350,26350.0,26016.3,1.4,1.45,1.35,1.45,286350,1764046200
2025-11-25 10:21:00,CE,ATM+7,21.42,6355350,26350.0,26013.35,1.4,1.45,1.35,1.4,301050,1764046260
2025-11-25 10:22:00,CE,ATM+7,21.29,6369150,26350.0,26013.2,1.4,1.4,1.3,1.3,217125,1764046320
2025-11-25 10:23:00,CE,ATM+7,21.55,6369150,26350.0,26008.4,1.3,1.35,1.25,1.3,199275,1764046380
2025-11-25 10:24:00,CE,ATM+7,21.11,6369150,26350.0,26015.2,1.3,1.3,1.2,1.25,327150,1764046440
2025-11-25 10:25:00,CE,ATM+7,21.37,6335025,26350.0,26010.7,1.3,1.3,1.2,1.25,236700,1764046500
2025-11-25 10:26:00,CE,ATM+7,21.55,6335025,26350.0,26006.45,1.25,1.25,1.2,1.2,223800,1764046560
2025-11-25 10:27:00,CE,ATM+7,21.13,6335025,26350.0,26017.95,1.25,1.35,1.2,1.3,256500,1764046620
2025-11-25 10:28:00,CE,ATM+7,21.33,6525075,26350.0,26013.15,1.25,1.35,1.25,1.3,307125,1764046680
2025-11-25 10:29:00,CE,ATM+7,21.45,6525075,26350.0,26010.55,1.3,1.3,1.25,1.25,394275,1764046740
2025-11-25 10:30:00,CE,ATM+7,21.4,6525075,26350.0,26014.95,1.3,1.35,1.3,1.35,95325,1764046800
2025-11-25 10:31:00,CE,ATM+7,21.3,6427350,26350.0,26012.9,1.3,1.3,1.25,1.25,123750,1764046860
2025-11-25 10:32:00,CE,ATM+7,21.32,6427350,26350.0,26016.85,1.25,1.35,1.25,1.35,112125,1764046920
2025-11-25 10:33:00,CE,ATM+7,21.49,6427350,26350.0,26013.75,1.35,1.35,1.3,1.35,60600,1764046980
2025-11-25 10:34:00,CE,ATM+7,22.17,6503700,26350.0,26001.7,1.35,1.35,1.3,1.35,249900,1764047040
2025-11-25 10:35:00,CE,ATM+7,22.44,6503700,26350.0,25998.0,1.3,1.35,1.3,1.3,176250,1764047100
2025-11-25 10:36:00,CE,ATM+7,22.62,6503700,26350.0,25995.15,1.35,1.35,1.3,1.3,284550,1764047160
2025-11-25 10:37:00,CE,ATM+7,22.46,6538125,26350.0,25996.55,1.3,1.35,1.25,1.35,626475,1764047220
2025-11-25 10:38:00,CE,ATM+7,21.77,6538125,26350.0,26011.25,1.35,1.4,1.3,1.35,485325,1764047280
2025-11-25 10:39:00,CE,ATM+7,21.9,6538125,26350.0,26008.65,1.35,1.4,1.3,1.35,159075,1764047340
2025-11-25 10:40:00,CE,ATM+7,21.93,6743325,26350.0,26007.75,1.35,1.35,1.3,1.3,106500,1764047400
2025-11-25 10:41:00,CE,ATM+7,22.01,6743325,26350.0,26006.4,1.3,1.35,1.3,1.35,80925,1764047460
2025-11-25 10:42:00,CE,ATM+7,22.45,6743325,26350.0,25999.45,1.3,1.35,1.3,1.35,108675,1764047520
2025-11-25 10:43:00,CE,ATM+7,22.45,6789300,26350.0,25997.75,1.3,1.35,1.3,1.3,135300,1764047580
2025-11-25 10:44:00,CE,ATM+7,22.93,6789300,26350.0,25991.4,1.3,1.35,1.3,1.35,209400,1764047640
2025-11-25 10:45:00,CE,ATM+7,23.28,6789300,26350.0,25986.1,1.35,1.35,1.3,1.35,228075,1764047700
2025-11-25 10:46:00,CE,ATM+7,23.3,7092825,26350.0,25984.5,1.35,1.35,1.3,1.3,265125,1764047760
2025-11-25 10:47:00,CE,ATM+7,23.28,7092825,26350.0,25986.6,1.3,1.35,1.3,1.35,199425,1764047820
2025-11-25 10:48:00,CE,ATM+7,23.35,7092825,26350.0,25983.25,1.35,1.35,1.25,1.3,281175,1764047880
2025-11-25 10:49:00,CE,ATM+7,23.45,7116000,26350.0,25984.5,1.3,1.35,1.3,1.35,376575,1764047940
2025-11-25 10:50:00,CE,ATM+7,23.5,7116000,26350.0,25983.35,1.35,1.35,1.3,1.35,307650,1764048000
2025-11-25 10:51:00,CE,ATM+7,23.6,7116000,26350.0,25981.1,1.3,1.35,1.3,1.3,471000,1764048060
2025-11-25 10:52:00,CE,ATM+7,23.32,7383825,26350.0,25986.0,1.3,1.35,1.3,1.3,327750,1764048120
2025-11-25 10:53:00,CE,ATM+7,23.25,7383825,26350.0,25986.7,1.3,1.35,1.3,1.3,162150,1764048180
2025-11-25 10:54:00,CE,ATM+7,24.1,7383825,26350.0,25975.25,1.3,1.35,1.3,1.35,158850,1764048240
2025-11-25 10:55:00,CE,ATM+7,22.08,12920850,26300.0,25964.0,1.5,1.5,1.45,1.45,847575,1764048300
2025-11-25 10:56:00,CE,ATM+7,22.86,12920850,26300.0,25953.25,1.5,1.65,1.45,1.6,1636050,1764048360
2025-11-25 10:57:00,CE,ATM+7,23.52,12920850,26300.0,25942.6,1.55,1.7,1.55,1.65,1704600,1764048420
2025-11-25 10:58:00,CE,ATM+7,23.63,13439325,26300.0,25941.7,1.65,1.75,1.65,1.7,1050075,1764048480
2025-11-25 10:59:00,CE,ATM+7,24.21,13439325,26300.0,25939.1,1.7,1.7,1.65,1.7,753750,1764048540
2025-11-25 11:00:00,CE,ATM+7,24.25,13439325,26300.0,25933.55,1.65,1.8,1.65,1.75,1092450,1764048600
2025-11-25 11:01:00,CE,ATM+7,24.16,13613325,26300.0,25934.5,1.8,1.8,1.7,1.75,1008450,1764048660
2025-11-25 11:02:00,CE,ATM+7,24.41,13613325,26300.0,25932.0,1.75,1.85,1.75,1.8,721275,1764048720
2025-11-25 11:03:00,CE,ATM+7,24.32,13613325,26300.0,25932.65,1.8,1.9,1.8,1.8,796575,1764048780
2025-11-25 11:04:00,CE,ATM+7,24.3,13811400,26300.0,25934.9,1.8,1.95,1.8,1.8,549225,1764048840
2025-11-25 11:05:00,CE,ATM+7,24.19,13811400,26300.0,25934.5,1.8,1.8,1.7,1.7,507375,1764048900
2025-11-25 11:06:00,CE,ATM+7,24.08,13811400,26300.0,25937.5,1.7,1.8,1.7,1.75,271425,1764048960
2025-11-25 11:07:00,CE,ATM+7,24.43,13793400,26300.0,25933.1,1.8,1.85,1.75,1.8,432975,1764049020
2025-11-25 11:08:00,CE,ATM+7,24.45,13793400,26300.0,25935.25,1.8,1.9,1.8,1.9,324525,1764049080
2025-11-25 11:09:00,CE,ATM+7,24.27,13793400,26300.0,25937.0,1.85,1.9,1.8,1.85,562350,1764049140
2025-11-25 11:10:00,CE,ATM+7,24.45,13853700,26300.0,25934.5,1.85,1.9,1.8,1.9,331575,1764049200
2025-11-25 11:11:00,CE,ATM+7,24.55,13853700,26300.0,25934.25,1.85,1.95,1.85,1.95,356400,1764049260
2025-11-25 11:12:00,CE,ATM+7,24.33,13853700,26300.0,25938.05,1.95,1.95,1.85,1.85,260250,1764049320
2025-11-25 11:13:00,CE,ATM+7,24.3,14010525,26300.0,25937.1,1.85,1.9,1.8,1.85,267825,1764049380
2025-11-25 11:14:00,CE,ATM+7,23.74,14010525,26300.0,25945.2,1.85,1.85,1.75,1.8,228300,1764049440
2025-11-25 11:15:00,CE,ATM+7,23.63,14010525,26300.0,25950.25,1.85,1.9,1.8,1.85,388875,1764049500
2025-11-25 11:16:00,CE,ATM+7,23.49,13993500,26300.0,25949.15,1.9,1.9,1.7,1.75,920850,1764049560
2025-11-25 11:17:00,CE,ATM+7,23.62,13993500,26300.0,25947.75,1.7,1.75,1.65,1.75,656250,1764049620
2025-11-25 11:18:00,CE,ATM+7,23.53,13993500,26300.0,25949.25,1.75,1.75,1.65,1.7,591375,1764049680
2025-11-25 11:19:00,CE,ATM+7,23.6,13831800,26300.0,25948.8,1.65,1.75,1.65,1.75,118950,1764049740
2025-11-25 11:20:00,CE,ATM+7,23.52,13831800,26300.0,25948.4,1.7,1.75,1.65,1.7,137850,1764049800
2025-11-25 11:21:00,CE,ATM+7,23.81,13831800,26300.0,25943.75,1.65,1.7,1.65,1.65,226575,1764049860
2025-11-25 11:22:00,CE,ATM+7,23.69,13741350,26300.0,25946.6,1.65,1.7,1.65,1.65,191925,1764049920
2025-11-25 11:23:00,CE,ATM+7,23.59,13741350,26300.0,25947.1,1.65,1.7,1.55,1.55,204525,1764049980
2025-11-25 11:24:00,CE,ATM+7,23.47,13741350,26300.0,25950.25,1.6,1.65,1.55,1.6,510675,1764050040
2025-11-25 11:25:00,CE,ATM+7,22.8,13806750,26300.0,25959.3,1.6,1.7,1.55,1.55,488550,1764050100
2025-11-25 11:26:00,CE,ATM+7,23.27,13806750,26300.0,25951.25,1.55,1.6,1.45,1.5,724425,1764050160
2025-11-25 11:27:00,CE,ATM+7,22.58,13806750,26300.0,25963.05,1.5,1.55,1.45,1.5,279450,1764050220
2025-11-25 11:28:00,CE,ATM+7,22.62,13769475,26300.0,25961.45,1.45,1.55,1.45,1.45,305100,1764050280
2025-11-25 11:29:00,CE,ATM+7,22.54,13769475,26300.0,25962.8,1.45,1.55,1.4,1.45,779550,1764050340
2025-11-25 11:30:00,CE,ATM+7,22.57,13769475,26300.0,25962.6,1.45,1.45,1.4,1.4,119775,1764050400
2025-11-25 11:31:00,CE,ATM+7,22.71,13714725,26300.0,25960.0,1.4,1.45,1.35,1.45,355125,1764050460
2025-11-25 11:32:00,CE,ATM+7,22.45,13714725,26300.0,25963.95,1.45,1.5,1.4,1.45,246150,1764050520
2025-11-25 11:33:00,CE,ATM+7,22.56,13714725,26300.0,25963.0,1.45,1.45,1.4,1.45,216675,1764050580
2025-11-25 11:34:00,CE,ATM+7,22.43,13762725,26300.0,25965.2,1.4,1.45,1.4,1.45,138525,1764050640
2025-11-25 11:35:00,CE,ATM+7,22.28,13762725,26300.0,25966.0,1.4,1.45,1.4,1.4,248025,1764050700
2025-11-25 11:36:00,CE,ATM+7,22.41,13762725,26300.0,25965.25,1.4,1.45,1.4,1.4,241050,1764050760
2025-11-25 11:37:00,CE,ATM+7,22.64,13606725,26300.0,25962.05,1.45,1.45,1.4,1.45,163500,1764050820
2025-11-25 11:38:00,CE,ATM+7,22.37,13606725,26300.0,25965.3,1.4,1.45,1.35,1.4,171000,1764050880
2025-11-25 11:39:00,CE,ATM+7,22.46,13606725,26300.0,25966.9,1.35,1.45,1.35,1.45,203325,1764050940
2025-11-25 11:40:00,CE,ATM+7,22.31,13548000,26300.0,25967.15,1.4,1.45,1.35,1.35,278550,1764051000
2025-11-25 11:41:00,CE,ATM+7,22.27,13548000,26300.0,25967.95,1.4,1.4,1.35,1.35,41025,1764051060
2025-11-25 11:42:00,CE,ATM+7,22.74,13548000,26300.0,25962.0,1.4,1.4,1.35,1.4,229575,1764051120
2025-11-25 11:43:00,CE,ATM+7,22.96,13517550,26300.0,25958.05,1.4,1.4,1.3,1.4,283125,1764051180
2025-11-25 11:44:00,CE,ATM+7,23.34,13517550,26300.0,25952.15,1.4,1.4,1.35,1.4,291675,1764051240
2025-11-25 11:45:00,CE,ATM+7,23.41,13517550,26300.0,25952.15,1.45,1.45,1.4,1.4,381225,1764051300
2025-11-25 11:46:00,CE,ATM+7,23.3,13799700,26300.0,25953.2,1.45,1.45,1.35,1.4,584775,1764051360
2025-11-25 11:47:00,CE,ATM+7,23.08,13799700,26300.0,25955.75,1.4,1.4,1.3,1.35,275025,1764051420
2025-11-25 11:48:00,CE,ATM+7,22.63,13799700,26300.0,25961.4,1.3,1.35,1.2,1.25,481725,1764051480
2025-11-25 11:49:00,CE,ATM+7,22.51,13744800,26300.0,25962.7,1.2,1.25,1.15,1.25,596775,1764051540
2025-11-25 11:50:00,CE,ATM+7,22.03,13744800,26300.0,25969.55,1.25,1.25,1.15,1.2,417300,1764051600
2025-11-25 11:51:00,CE,ATM+7,21.95,13744800,26300.0,25971.3,1.25,1.25,1.2,1.25,489825,1764051660
2025-11-25 11:52:00,CE,ATM+7,22.02,13607850,26300.0,25971.85,1.25,1.3,1.2,1.25,320700,1764051720
2025-11-25 11:53:00,CE,ATM+7,21.89,13607850,26300.0,25972.95,1.2,1.3,1.2,1.25,183525,1764051780
2025-11-25 11:54:00,CE,ATM+7,21.95,13607850,26300.0,25973.65,1.3,1.3,1.25,1.25,160050,1764051840
2025-11-25 11:55:00,CE,ATM+7,24.3,7671150,26350.0,25975.8,1.1,1.1,1.0,1.0,127425,1764051900
2025-11-25 11:56:00,CE,ATM+7,23.87,7671150,26350.0,25982.45,1.05,1.1,0.95,1.0,389850,1764051960
2025-11-25 11:57:00,CE,ATM+7,23.5,7671150,26350.0,25991.4,1.0,1.15,1.0,1.05,585675,1764052020
2025-11-25 11:58:00,CE,ATM+7,23.85,7671150,26350.0,25988.0,1.05,1.05,1.0,1.05,414825,1764052080
2025-11-25 11:59:00,CE,ATM+7,23.79,7491900,26350.0,25987.45,1.05,1.05,1.0,1.05,338100,1764052140
2025-11-25 12:00:00,CE,ATM+7,24.0,7491900,26350.0,25982.35,1.05,1.1,1.0,1.05,406050,1764052200
2025-11-25 12:01:00,CE,ATM+7,23.9,7491900,26350.0,25985.3,1.1,1.1,1.0,1.05,336225,1764052260
2025-11-25 12:02:00,CE,ATM+7,23.74,7573500,26350.0,25984.7,1.0,1.05,0.95,0.95,165600,1764052320
2025-11-25 12:03:00,CE,ATM+7,24.08,7573500,26350.0,25982.3,0.95,1.0,0.95,1.0,127650,1764052380
2025-11-25 12:04:00,CE,ATM+7,24.15,7573500,26350.0,25975.75,1.0,1.0,0.9,0.9,180675,1764052440
2025-11-25 12:05:00,CE,ATM+7,23.62,7688925,26350.0,25986.6,0.9,0.95,0.9,0.9,137550,1764052500
2025-11-25 12:06:00,CE,ATM+7,23.69,7688925,26350.0,25985.35,0.95,0.95,0.9,0.9,339450,1764052560
2025-11-25 12:07:00,CE,ATM+7,24.01,7688925,26350.0,25980.45,0.9,0.95,0.9,0.9,117000,1764052620
2025-11-25 12:08:00,CE,ATM+7,23.45,7719375,26350.0,25988.15,0.9,0.9,0.85,0.85,232350,1764052680
2025-11-25 12:09:00,CE,ATM+7,23.39,7719375,26350.0,25988.6,0.85,0.9,0.85,0.85,41550,1764052740
2025-11-25 12:10:00,CE,ATM+7,23.64,7719375,26350.0,25984.15,0.85,0.9,0.85,0.85,106200,1764052800
2025-11-25 12:11:00,CE,ATM+7,23.73,7706625,26350.0,25986.6,0.85,0.95,0.85,0.9,183450,1764052860
2025-11-25 12:12:00,CE,ATM+7,24.09,7706625,26350.0,25977.9,0.9,0.9,0.85,0.85,186525,1764052920
2025-11-25 12:13:00,CE,ATM+7,24.01,7706625,26350.0,25975.55,0.85,0.9,0.8,0.8,178125,1764052980
2025-11-25 12:14:00,CE,ATM+7,23.74,7681575,26350.0,25981.4,0.85,0.85,0.8,0.8,90825,1764053040
2025-11-25 12:15:00,CE,ATM+7,23.86,7681575,26350.0,25979.9,0.85,0.85,0.8,0.8,116550,1764053100
2025-11-25 12:16:00,CE,ATM+7,23.62,7681575,26350.0,25982.75,0.8,0.8,0.75,0.8,69600,1764053160
2025-11-25 12:17:00,CE,ATM+7,24.04,7591200,26350.0,25977.6,0.8,0.8,0.75,0.8,93075,1764053220
2025-11-25 12:18:00,CE,ATM+7,21.85,13330725,26300.0,25969.9,0.9,0.9,0.85,0.85,206700,1764053280
2025-11-25 12:19:00,CE,ATM+7,22.34,13330725,26300.0,25964.45,0.85,0.95,0.85,0.95,931200,1764053340
2025-11-25 12:20:00,CE,ATM+7,22.91,13281225,26300.0,25954.75,0.95,1.0,0.95,0.95,195825,1764053400
2025-11-25 12:21:00,CE,ATM+7,22.78,13281225,26300.0,25959.15,0.95,1.05,0.95,1.0,458250,1764053460
2025-11-25 12:22:00,CE,ATM+7,22.86,13281225,26300.0,25956.6,0.95,1.0,0.95,0.95,204075,1764053520
2025-11-25 12:23:00,CE,ATM+7,22.86,13262400,26300.0,25958.3,0.95,1.05,0.95,1.0,460275,1764053580
2025-11-25 12:24:00,CE,ATM+7,22.9,13262400,26300.0,25957.95,1.05,1.05,1.0,1.0,217800,1764053640
2025-11-25 12:25:00,CE,ATM+7,22.56,13262400,26300.0,25965.1,1.0,1.05,1.0,1.0,212625,1764053700
2025-11-25 12:26:00,CE,ATM+7,22.31,13213275,26300.0,25970.75,1.05,1.05,1.0,1.05,519675,1764053760
2025-11-25 12:27:00,CE,ATM+7,21.97,13213275,26300.0,25973.5,1.05,1.05,0.95,1.0,325650,1764053820
2025-11-25 12:28:00,CE,ATM+7,22.48,13213275,26300.0,25961.7,1.0,1.0,0.9,0.9,454500,1764053880
2025-11-25 12:29:00,CE,ATM+7,22.76,13135050,26300.0,25957.95,0.9,0.95,0.85,0.95,406200,1764053940
2025-11-25 12:30:00,CE,ATM+7,22.75,13135050,26300.0,25960.65,0.95,0.95,0.9,0.95,120300,1764054000
2025-11-25 12:31:00,CE,ATM+7,22.76,13135050,26300.0,25960.5,0.95,0.95,0.9,0.95,44550,1764054060
2025-11-25 12:32:00,CE,ATM+7,22.31,13059150,26300.0,25965.6,0.95,0.95,0.9,0.9,172050,1764054120
2025-11-25 12:33:00,CE,ATM+7,22.63,13059150,26300.0,25965.95,0.9,0.95,0.9,0.95,206700,1764054180
2025-11-25 12:34:00,CE,ATM+7,22.63,13059150,26300.0,25966.9,1.0,1.0,0.95,1.0,267150,1764054240
2025-11-25 12:35:00,CE,ATM+7,22.51,13042350,26300.0,25969.15,1.0,1.05,0.95,1.0,225675,1764054300
2025-11-25 12:36:00,CE,ATM+7,22.24,13042350,26300.0,25969.45,1.0,1.05,0.95,0.95,189300,1764054360
2025-11-25 12:37:00,CE,ATM+7,24.73,7565325,26350.0,25976.95,0.85,0.9,0.85,0.9,152025,1764054420
2025-11-25 12:38:00,CE,ATM+7,22.18,13053000,26300.0,25973.95,0.95,1.05,0.95,1.0,250275,1764054480
2025-11-25 12:39:00,CE,ATM+7,22.24,13053000,26300.0,25974.75,1.05,1.05,0.95,1.05,349125,1764054540
2025-11-25 12:40:00,CE,ATM+7,24.88,7619175,26350.0,25977.75,0.85,0.95,0.85,0.95,233850,1764054600
2025-11-25 12:41:00,CE,ATM+7,25.03,7394175,26350.0,25976.25,0.95,0.95,0.9,0.95,320550,1764054660
2025-11-25 12:42:00,CE,ATM+7,24.16,7394175,26350.0,25984.15,0.95,0.95,0.85,0.85,379125,1764054720
2025-11-25 12:43:00,CE,ATM+7,24.27,7394175,26350.0,25985.65,0.85,0.95,0.85,0.9,208500,1764054780
2025-11-25 12:44:00,CE,ATM+7,24.21,7192275,26350.0,25987.45,0.9,0.95,0.9,0.9,45000,1764054840
2025-11-25 12:45:00,CE,ATM+7,23.85,7192275,26350.0,25992.75,0.9,0.95,0.85,0.85,103500,1764054900
2025-11-25 12:46:00,CE,ATM+7,23.83,7192275,26350.0,25990.05,0.85,0.9,0.8,0.8,84825,1764054960
2025-11-25 12:47:00,CE,ATM+7,24.09,7227675,26350.0,25988.5,0.85,0.85,0.8,0.85,261075,1764055020
2025-11-25 12:48:00,CE,ATM+7,23.88,7227675,26350.0,25988.85,0.8,0.85,0.8,0.8,58350,1764055080
2025-11-25 12:49:00,CE,ATM+7,24.08,7227675,26350.0,25986.3,0.8,0.85,0.75,0.8,128100,1764055140
2025-11-25 12:50:00,CE,ATM+7,23.91,7365075,26350.0,25983.7,0.75,0.75,0.7,0.7,196950,1764055200
2025-11-25 12:51:00,CE,ATM+7,23.94,7365075,26350.0,25989.35,0.75,0.8,0.7,0.8,306825,1764055260
2025-11-25 12:52:00,CE,ATM+7,23.76,7365075,26350.0,25993.25,0.8,0.8,0.75,0.8,59100,1764055320
2025-11-25 12:53:00,CE,ATM+7,23.72,7175250,26350.0,25994.95,0.75,0.85,0.75,0.85,326850,1764055380
2025-11-25 12:54:00,CE,ATM+7,23.71,7175250,26350.0,25994.5,0.8,0.9,0.8,0.8,362025,1764055440
2025-11-25 12:55:00,CE,ATM+7,24.02,7175250,26350.0,25985.8,0.8,0.85,0.75,0.75,314625,1764055500
2025-11-25 12:56:00,CE,ATM+7,23.48,7252650,26350.0,25997.25,0.8,0.8,0.75,0.8,38700,1764055560
2025-11-25 12:57:00,CE,ATM+7,23.24,7252650,26350.0,25998.3,0.75,0.8,0.75,0.75,54225,1764055620
2025-11-25 12:58:00,CE,ATM+7,23.25,7252650,26350.0,25998.75,0.75,0.8,0.7,0.7,122550,1764055680
2025-11-25 12:59:00,CE,ATM+7,23.85,7236675,26350.0,25983.9,0.75,0.75,0.65,0.65,131700,1764055740
2025-11-25 13:00:00,CE,ATM+7,21.64,13011600,26300.0,25973.3,0.7,0.75,0.65,0.65,356850,1764055800
2025-11-25 13:01:00,CE,ATM+7,24.7,7236675,26350.0,25977.25,0.7,0.75,0.65,0.75,216975,1764055860
2025-11-25 13:02:00,CE,ATM+7,21.89,12845475,26300.0,25973.3,0.75,0.8,0.75,0.75,224775,1764055920
2025-11-25 13:03:00,CE,ATM+7,24.61,7215225,26350.0,25975.75,0.65,0.7,0.65,0.65,47475,1764055980
2025-11-25 13:04:00,CE,ATM+7,21.7,12845475,26300.0,25974.95,0.7,0.75,0.7,0.7,489825,1764056040
2025-11-25 13:05:00,CE,ATM+7,24.87,7143150,26350.0,25981.4,0.65,0.7,0.6,0.6,87750,1764056100
2025-11-25 13:06:00,CE,ATM+7,24.1,7143150,26350.0,25983.5,0.6,0.65,0.6,0.65,35700,1764056160
2025-11-25 13:07:00,CE,ATM+7,23.89,7143150,26350.0,25993.5,0.65,0.65,0.6,0.6,72825,1764056220
2025-11-25 13:08:00,CE,ATM+7,23.39,7071525,26350.0,25996.35,0.65,0.65,0.55,0.6,600525,1764056280
2025-11-25 13:09:00,CE,ATM+7,22.71,7071525,26350.0,26001.55,0.6,0.65,0.6,0.6,44475,1764056340
2025-11-25 13:10:00,CE,ATM+7,22.55,7071525,26350.0,26006.1,0.6,0.65,0.5,0.6,841425,1764056400
2025-11-25 13:11:00,CE,ATM+7,23.02,6808500,26350.0,26002.15,0.6,0.6,0.55,0.6,146325,1764056460
2025-11-25 13:12:00,CE,ATM+7,24.22,6808500,26350.0,25990.5,0.6,0.6,0.55,0.6,53625,1764056520
2025-11-25 13:13:00,CE,ATM+7,23.78,6808500,26350.0,25991.45,0.6,0.6,0.55,0.6,98250,1764056580
2025-11-25 13:14:00,CE,ATM+7,24.76,6766950,26350.0,25990.25,0.6,0.6,0.55,0.55,59700,1764056640
2025-11-25 13:15:00,CE,ATM+7,24.48,6766950,26350.0,25996.9,0.55,0.6,0.55,0.55,161925,1764056700
2025-11-25 13:16:00,CE,ATM+7,23.2,6766950,26350.0,26000.65,0.6,0.6,0.55,0.6,30075,1764056760
2025-11-25 13:17:00,CE,ATM+7,24.16,6702075,26350.0,25999.0,0.55,0.6,0.55,0.55,61350,1764056820
2025-11-25 13:18:00,CE,ATM+7,24.23,6702075,26350.0,25997.6,0.55,0.6,0.55,0.55,59550,1764056880
2025-11-25 13:19:00,CE,ATM+7,24.91,6702075,26350.0,25990.6,0.55,0.6,0.55,0.55,39000,1764056940
2025-11-25 13:20:00,CE,ATM+7,25.36,6676800,26350.0,25985.1,0.6,0.6,0.55,0.55,102150,1764057000
2025-11-25 13:21:00,CE,ATM+7,24.36,6676800,26350.0,25990.1,0.6,0.6,0.55,0.6,63975,1764057060
2025-11-25 13:22:00,CE,ATM+7,23.41,6676800,26350.0,25998.1,0.6,0.65,0.6,0.65,243600,1764057120
2025-11-25 13:23:00,CE,ATM+7,23.44,6616875,26350.0,26001.05,0.65,0.65,0.6,0.65,49125,1764057180
2025-11-25 13:24:00,CE,ATM+7,23.42,6616875,26350.0,26000.3,0.6,0.65,0.55,0.65,208425,1764057240
2025-11-25 13:25:00,CE,ATM+7,23.19,6616875,26350.0,26002.5,0.65,0.65,0.55,0.6,251625,1764057300
2025-11-25 13:26:00,CE,ATM+7,24.03,6608025,26350.0,26002.6,0.6,0.6,0.55,0.55,34425,1764057360
2025-11-25 13:27:00,CE,ATM+7,23.84,6608025,26350.0,26009.1,0.6,0.6,0.5,0.5,374325,1764057420
2025-11-25 13:28:00,CE,ATM+7,23.66,6608025,26350.0,26010.5,0.5,0.55,0.5,0.5,97800,1764057480
2025-11-25 13:29:00,CE,ATM+7,23.51,6385650,26350.0,26009.2,0.55,0.55,0.5,0.55,80400,1764057540
2025-11-25 13:30:00,CE,ATM+7,23.5,6385650,26350.0,26010.3,0.55,0.55,0.5,0.55,237975,1764057600
2025-11-25 13:31:00,CE,ATM+7,23.96,6385650,26350.0,26005.5,0.55,0.55,0.5,0.55,85575,1764057660
2025-11-25 13:32:00,CE,ATM+7,23.87,6295875,26350.0,25996.55,0.55,0.65,0.5,0.6,229800,1764057720
2025-11-25 13:33:00,CE,ATM+7,25.18,6295875,26350.0,25990.45,0.6,0.65,0.55,0.55,201900,1764057780
2025-11-25 13:34:00,CE,ATM+7,23.95,6295875,26350.0,26004.95,0.55,0.6,0.55,0.55,31125,1764057840
2025-11-25 13:35:00,CE,ATM+7,24.15,6354150,26350.0,26001.1,0.55,0.6,0.5,0.55,58425,1764057900
2025-11-25 13:36:00,CE,ATM+7,24.13,6354150,26350.0,26007.05,0.55,0.55,0.5,0.5,9600,1764057960
2025-11-25 13:37:00,CE,ATM+7,24.12,6354150,26350.0,26007.3,0.5,0.55,0.5,0.5,17400,1764058020
2025-11-25 13:38:00,CE,ATM+7,24.06,6329700,26350.0,26007.6,0.55,0.55,0.5,0.5,18450,1764058080
2025-11-25 13:39:00,CE,ATM+7,23.64,6329700,26350.0,26011.35,0.55,0.55,0.5,0.55,18900,1764058140
2025-11-25 13:40:00,CE,ATM+7,24.43,6329700,26350.0,26003.4,0.55,0.55,0.5,0.55,27075,1764058200
2025-11-25 13:41:00,CE,ATM+7,24.72,6302400,26350.0,25997.0,0.5,0.6,0.5,0.55,231225,1764058260
2025-11-25 13:42:00,CE,ATM+7,24.58,6302400,26350.0,26001.15,0.55,0.6,0.5,0.5,69675,1764058320
2025-11-25 13:43:00,CE,ATM+7,24.15,6302400,26350.0,26007.65,0.5,0.55,0.5,0.5,60450,1764058380
2025-11-25 13:44:00,CE,ATM+7,25.06,6279825,26350.0,25996.45,0.55,0.55,0.45,0.5,276300,1764058440
2025-11-25 13:45:00,CE,ATM+7,25.3,6279825,26350.0,25993.75,0.5,0.55,0.5,0.5,82575,1764058500
2025-11-25 13:46:00,CE,ATM+7,25.14,6279825,26350.0,25996.55,0.5,0.55,0.45,0.45,149475,1764058560
2025-11-25 13:47:00,CE,ATM+7,24.27,6220725,26350.0,26008.0,0.5,0.55,0.45,0.45,112725,1764058620
2025-11-25 13:48:00,CE,ATM+7,24.69,6220725,26350.0,26005.9,0.45,0.5,0.45,0.45,27075,1764058680
2025-11-25 13:49:00,CE,ATM+7,25.05,6220725,26350.0,25999.1,0.45,0.5,0.45,0.45,19650,1764058740
2025-11-25 13:50:00,CE,ATM+7,25.22,6238650,26350.0,25997.4,0.5,0.5,0.4,0.45,141525,1764058800
2025-11-25 13:51:00,CE,ATM+7,24.38,6238650,26350.0,26007.4,0.45,0.5,0.4,0.5,229575,1764058860
2025-11-25 13:52:00,CE,ATM+7,24.64,6238650,26350.0,26005.5,0.45,0.45,0.4,0.45,332325,1764058920
2025-11-25 13:53:00,CE,ATM+7,24.74,6163575,26350.0,26003.2,0.4,0.45,0.35,0.4,436200,1764058980
2025-11-25 13:54:00,CE,ATM+7,24.52,6163575,26350.0,26007.55,0.4,0.45,0.4,0.4,14475,1764059040
2025-11-25 13:55:00,CE,ATM+7,24.59,6163575,26350.0,26005.75,0.45,0.45,0.4,0.4,17100,1764059100
2025-11-25 13:56:00,CE,ATM+7,24.66,6133650,26350.0,26004.65,0.4,0.45,0.4,0.45,14850,1764059160
2025-11-25 13:57:00,CE,ATM+7,24.85,6133650,26350.0,26003.6,0.45,0.45,0.4,0.4,41250,1764059220
2025-11-25 13:58:00,CE,ATM+7,24.82,6133650,26350.0,26004.4,0.4,0.4,0.35,0.4,136500,1764059280
2025-11-25 13:59:00,CE,ATM+7,24.49,6089400,26350.0,26008.35,0.4,0.45,0.35,0.4,177975,1764059340
2025-11-25 14:00:00,CE,ATM+7,23.85,6089400,26350.0,26018.85,0.45,0.45,0.4,0.45,121350,1764059400
2025-11-25 14:01:00,CE,ATM+7,24.39,6089400,26350.0,26010.6,0.45,0.45,0.4,0.4,55875,1764059460
2025-11-25 14:02:00,CE,ATM+7,24.62,6026700,26350.0,26008.55,0.4,0.45,0.35,0.45,212925,1764059520
2025-11-25 14:03:00,CE,ATM+7,23.79,6026700,26350.0,26019.8,0.45,0.45,0.4,0.45,64875,1764059580
2025-11-25 14:04:00,CE,ATM+7,23.77,6026700,26350.0,26019.75,0.4,0.45,0.4,0.4,41100,1764059640
2025-11-25 14:05:00,CE,ATM+7,23.77,6014175,26350.0,26021.25,0.4,0.45,0.4,0.4,60225,1764059700
2025-11-25 14:06:00,CE,ATM+7,26.6,9977400,26400.0,26026.75,0.35,0.4,0.35,0.35,62400,1764059760
2025-11-25 14:07:00,CE,ATM+7,26.76,9977400,26400.0,26025.05,0.4,0.4,0.3,0.35,179475,1764059820
2025-11-25 14:08:00,CE,ATM+7,24.15,5977425,26350.0,26016.45,0.35,0.45,0.35,0.45,263100,1764059880
2025-11-25 14:09:00,CE,ATM+7,23.74,5977425,26350.0,26013.6,0.45,0.6,0.4,0.55,397425,1764059940
2025-11-25 14:10:00,CE,ATM+7,23.03,5977425,26350.0,26022.35,0.5,0.55,0.5,0.55,49575,1764060000
2025-11-25 14:11:00,CE,ATM+7,23.84,5890500,26350.0,26019.25,0.5,0.55,0.45,0.5,188175,1764060060
2025-11-25 14:12:00,CE,ATM+7,23.94,5890500,26350.0,26018.4,0.5,0.55,0.45,0.5,195150,1764060120
2025-11-25 14:13:00,CE,ATM+7,23.81,5890500,26350.0,26021.95,0.45,0.5,0.4,0.45,105000,1764060180
2025-11-25 14:14:00,CE,ATM+7,23.94,6004950,26350.0,26020.25,0.4,0.45,0.35,0.4,238350,1764060240
2025-11-25 14:15:00,CE,ATM+7,23.95,6004950,26350.0,26021.05,0.45,0.45,0.4,0.4,54975,1764060300
2025-11-25 14:16:00,CE,ATM+7,23.57,6004950,26350.0,26024.45,0.4,0.5,0.4,0.5,126900,1764060360
2025-11-25 14:17:00,CE,ATM+7,27.27,9900000,26400.0,26025.6,0.5,0.5,0.4,0.45,213300,1764060420
2025-11-25 14:18:00,CE,ATM+7,24.82,5943150,26350.0,26011.85,0.45,0.5,0.4,0.45,273525,1764060480
2025-11-25 14:19:00,CE,ATM+7,25.19,5943150,26350.0,26004.2,0.4,0.5,0.35,0.5,212700,1764060540
2025-11-25 14:20:00,CE,ATM+7,25.18,5839800,26350.0,26004.6,0.45,0.5,0.4,0.4,78225,1764060600
2025-11-25 14:21:00,CE,ATM+7,24.86,5839800,26350.0,26009.55,0.4,0.45,0.35,0.4,116925,1764060660
2025-11-25 14:22:00,CE,ATM+7,25.26,5839800,26350.0,26004.05,0.35,0.4,0.35,0.4,22875,1764060720
2025-11-25 14:23:00,CE,ATM+7,25.46,5809725,26350.0,26002.25,0.4,0.4,0.35,0.4,67200,1764060780
2025-11-25 14:24:00,CE,ATM+7,25.34,5809725,26350.0,25990.9,0.4,0.4,0.3,0.3,136575,1764060840
2025-11-25 14:25:00,CE,ATM+7,26.17,5809725,26350.0,25990.55,0.35,0.4,0.3,0.35,307425,1764060900
2025-11-25 14:26:00,CE,ATM+7,26.11,5852775,26350.0,25990.95,0.35,0.4,0.3,0.35,459900,1764060960
2025-11-25 14:27:00,CE,ATM+7,27.2,5852775,26350.0,25977.05,0.4,0.4,0.3,0.3,208275,1764061020
2025-11-25 14:28:00,CE,ATM+7,26.84,5852775,26350.0,25983.05,0.3,0.35,0.3,0.3,229875,1764061080
2025-11-25 14:29:00,CE,ATM+7,24.38,10710300,26300.0,25973.65,0.35,0.4,0.35,0.35,194250,1764061140
2025-11-25 14:30:00,CE,ATM+7,25.38,10710300,26300.0,25956.9,0.4,0.4,0.35,0.4,288750,1764061200
2025-11-25 14:31:00,CE,ATM+7,24.98,10710300,26300.0,25959.0,0.4,0.4,0.35,0.35,438750,1764061260
2025-11-25 14:32:00,CE,ATM+7,24.72,10630275,26300.0,25965.0,0.35,0.4,0.35,0.4,330300,1764061320
2025-11-25 14:33:00,CE,ATM+7,24.86,10630275,26300.0,25962.85,0.35,0.4,0.35,0.35,174825,1764061380
2025-11-25 14:34:00,CE,ATM+7,25.27,10630275,26300.0,25958.45,0.4,0.45,0.35,0.4,804300,1764061440
2025-11-25 14:35:00,CE,ATM+7,24.51,10436250,26300.0,25967.6,0.4,0.4,0.35,0.35,415575,1764061500
2025-11-25 14:36:00,CE,ATM+7,25.47,10436250,26300.0,25955.7,0.4,0.4,0.3,0.35,818025,1764061560
2025-11-25 14:37:00,CE,ATM+7,25.56,10436250,26300.0,25955.15,0.35,0.4,0.35,0.35,259575,1764061620
2025-11-25 14:38:00,CE,ATM+7,25.88,10224225,26300.0,25950.7,0.35,0.4,0.35,0.4,528525,1764061680
2025-11-25 14:39:00,CE,ATM+7,26.41,10224225,26300.0,25947.35,0.45,0.45,0.4,0.4,399300,1764061740
2025-11-25 14:40:00,CE,ATM+7,26.54,10224225,26300.0,25943.55,0.45,0.45,0.4,0.45,382050,1764061800
2025-11-25 14:41:00,CE,ATM+7,26.11,9765750,26300.0,25949.9,0.45,0.45,0.35,0.4,587100,1764061860
2025-11-25 14:42:00,CE,ATM+7,25.61,9765750,26300.0,25955.9,0.35,0.4,0.35,0.35,213075,1764061920
2025-11-25 14:43:00,CE,ATM+7,25.51,9765750,26300.0,25958.2,0.35,0.4,0.35,0.4,199125,1764061980
2025-11-25 14:44:00,CE,ATM+7,25.23,9701550,26300.0,25963.4,0.4,0.4,0.35,0.4,447375,1764062040
2025-11-25 14:45:00,CE,ATM+7,26.07,9701550,26300.0,25953.4,0.4,0.45,0.35,0.4,388950,1764062100
2025-11-25 14:46:00,CE,ATM+7,25.77,9701550,26300.0,25955.65,0.4,0.45,0.35,0.4,351600,1764062160
2025-11-25 14:47:00,CE,ATM+7,25.92,9660525,26300.0,25953.15,0.4,0.45,0.35,0.35,317400,1764062220
2025-11-25 14:48:00,CE,ATM+7,25.41,9660525,26300.0,25960.7,0.35,0.4,0.35,0.35,227925,1764062280
2025-11-25 14:49:00,CE,ATM+7,24.92,9660525,26300.0,25959.1,0.4,0.4,0.3,0.3,419550,1764062340
2025-11-25 14:50:00,CE,ATM+7,25.4,9629025,26300.0,25951.7,0.35,0.35,0.3,0.3,200250,1764062400
2025-11-25 14:51:00,CE,ATM+7,25.46,9629025,26300.0,25951.3,0.3,0.35,0.3,0.3,605025,1764062460
2025-11-25 14:52:00,CE,ATM+7,27.02,9629025,26300.0,25939.65,0.3,0.35,0.3,0.3,153825,1764062520
2025-11-25 14:53:00,CE,ATM+7,26.63,9386400,26300.0,25927.3,0.35,0.35,0.25,0.3,787725,1764062580
2025-11-25 14:54:00,CE,ATM+7,24.79,6575100,26250.0,25921.7,0.35,0.35,0.3,0.35,265050,1764062640
2025-11-25 14:55:00,CE,ATM+7,24.64,6575100,26250.0,25920.95,0.3,0.35,0.3,0.3,303450,1764062700
2025-11-25 14:56:00,CE,ATM+7,27.63,9177525,26300.0,25928.95,0.3,0.35,0.25,0.25,316725,1764062760
2025-11-25 14:57:00,CE,ATM+7,27.77,9177525,26300.0,25929.65,0.25,0.3,0.25,0.25,292575,1764062820
2025-11-25 14:58:00,CE,ATM+7,24.87,6216075,26250.0,25922.2,0.35,0.4,0.3,0.4,401250,1764062880
2025-11-25 14:59:00,CE,ATM+7,25.8,6129675,26250.0,25899.8,0.4,0.4,0.3,0.35,461025,1764062940
2025-11-25 15:00:00,CE,ATM+7,27.22,6129675,26250.0,25894.5,0.3,0.4,0.3,0.4,554325,1764063000
2025-11-25 15:01:00,CE,ATM+7,22.14,6129675,26250.0,25881.0,0.45,0.5,0.4,0.4,413025,1764063060
2025-11-25 15:02:00,CE,ATM+7,23.71,11920950,26200.0,25872.5,0.4,0.45,0.25,0.25,860475,1764063120
2025-11-25 15:03:00,CE,ATM+7,22.49,6090300,26250.0,25882.55,0.25,0.25,0.2,0.2,382650,1764063180
2025-11-25 15:04:00,CE,ATM+7,23.24,6090300,26250.0,25883.4,0.2,0.25,0.15,0.2,297375,1764063240
2025-11-25 15:05:00,CE,ATM+7,27.48,5827425,26250.0,25887.0,0.15,0.2,0.15,0.2,199050,1764063300
2025-11-25 15:06:00,CE,ATM+7,25.61,5827425,26250.0,25894.6,0.15,0.2,0.15,0.15,304500,1764063360
2025-11-25 15:07:00,CE,ATM+7,25.71,5827425,26250.0,25899.85,0.2,0.2,0.15,0.2,283950,1764063420
2025-11-25 15:08:00,CE,ATM+7,20.63,5746050,26250.0,25889.8,0.15,0.2,0.15,0.15,250875,1764063480
2025-11-25 15:09:00,CE,ATM+7,20.64,5746050,26250.0,25887.4,0.15,0.2,0.15,0.15,190650,1764063540
2025-11-25 15:10:00,CE,ATM+7,14.61,5746050,26250.0,25900.95,0.15,0.2,0.1,0.1,229650,1764063600
2025-11-25 15:11:00,CE,ATM+7,13.47,5498925,26250.0,25897.3,0.1,0.15,0.1,0.1,129225,1764063660
2025-11-25 15:12:00,CE,ATM+7,25.05,5498925,26250.0,25897.0,0.1,0.15,0.1,0.1,171450,1764063720
2025-11-25 15:13:00,CE,ATM+7,20.63,5498925,26250.0,25888.85,0.15,0.15,0.1,0.15,102675,1764063780
2025-11-25 15:14:00,CE,ATM+7,25.19,5337525,26250.0,25886.0,0.1,0.15,0.1,0.15,83775,1764063840
2025-11-25 15:15:00,CE,ATM+7,17.11,5337525,26250.0,25881.4,0.1,0.15,0.1,0.15,203625,1764063900
2025-11-25 15:16:00,CE,ATM+7,14.89,5337525,26250.0,25883.9,0.15,0.15,0.1,0.1,106125,1764063960
2025-11-25 15:17:00,CE,ATM+7,14.97,5313375,26250.0,25882.6,0.15,0.15,0.1,0.1,213525,1764064020
2025-11-25 15:18:00,CE,ATM+7,18.94,5313375,26250.0,25881.3,0.1,0.15,0.1,0.1,203850,1764064080
2025-11-25 15:19:00,CE,ATM+7,28.63,5313375,26250.0,25879.35,0.1,0.15,0.1,0.1,136200,1764064140
2025-11-25 15:20:00,CE,ATM+7,16.7,5199450,26250.0,25878.35,0.1,0.15,0.1,0.1,220875,1764064200
2025-11-25 15:21:00,CE,ATM+7,16.83,5199450,26250.0,25876.05,0.1,0.15,0.05,0.1,332250,1764064260
2025-11-25 15:22:00,CE,ATM+7,14.11,9891300,26200.0,25873.3,0.05,0.1,0.05,0.1,152850,1764064320
2025-11-25 15:23:00,CE,ATM+7,24.88,9891300,26200.0,25872.85,0.05,0.1,0.05,0.05,198600,1764064380
2025-11-25 15:24:00,CE,ATM+7,21.63,9655950,26200.0,25873.5,0.05,0.1,0.05,0.05,169425,1764064440
2025-11-25 15:25:00,CE,ATM+7,23.95,9655950,26200.0,25871.3,0.05,0.1,0.05,0.1,395100,1764064500
2025-11-25 15:26:00,CE,ATM+7,12.83,9655950,26200.0,25870.5,0.1,0.1,0.05,0.1,371475,1764064560
2025-11-25 15:27:00,CE,ATM+7,14.89,9474150,26200.0,25868.7,0.1,0.1,0.05,0.1,258750,1764064620
2025-11-25 15:28:00,CE,ATM+7,22.31,9474150,26200.0,25868.8,0.05,0.1,0.05,0.1,229050,1764064680
2025-11-25 15:29:00,CE,ATM+7,13.21,9474150,26200.0,25860.3,0.1,0.1,0.05,0.05,1391100,1764064740
2025-11-19 09:15:00,PE,ATM+7,12.04,94275,26250.0,25893.5,360.0,394.9,360.0,366.55,19875,1763523900
2025-11-19 09:16:00,PE,ATM+7,11.55,95925,26250.0,25891.25,361.8,363.15,354.55,361.55,8625,1763523960
2025-11-19 09:17:00,PE,ATM+7,11.21,95925,26250.0,25893.5,358.1,360.6,355.25,357.85,4500,1763524020
2025-11-19 09:18:00,PE,ATM+7,11.57,1469625,26200.0,25874.25,318.4,338.35,316.75,338.35,61050,1763524080
2025-11-19 09:19:00,PE,ATM+7,11.66,1523100,26200.0,25858.25,340.35,350.25,335.7,350.25,67350,1763524140
2025-11-19 09:20:00,PE,ATM+7,11.41,1523100,26200.0,25870.55,347.3,350.75,338.4,339.15,86850,1763524200
2025-11-19 09:21:00,PE,ATM+7,11.49,1523100,26200.0,25873.45,342.0,342.1,330.5,337.65,51975,1763524260
2025-11-19 09:22:00,PE,ATM+7,11.69,103575,26250.0,25884.85,372.35,372.35,367.25,368.9,3825,1763524320
2025-11-19 09:23:00,PE,ATM+7,11.6,103575,26250.0,25886.6,368.55,370.0,366.2,366.2,1275,1763524380
2025-11-19 09:24:00,PE,ATM+7,11.2,103575,26250.0,25900.65,369.65,370.0,349.6,351.2,3750,1763524440
2025-11-19 09:25:00,PE,ATM+7,11.63,108450,26250.0,25905.7,353.25,353.6,346.25,351.95,6225,1763524500
2025-11-19 09:26:00,PE,ATM+7,11.21,108450,26250.0,25913.45,347.65,347.8,341.05,341.85,7200,1763524560
2025-11-19 09:27:00,PE,ATM+7,11.37,108450,26250.0,25911.75,343.05,345.6,342.8,344.3,2100,1763524620
2025-11-19 09:28:00,PE,ATM+7,11.1,112800,26250.0,25914.7,344.65,349.0,340.25,340.25,1950,1763524680
2025-11-19 09:29:00,PE,ATM+7,11.46,112800,26250.0,25904.5,342.15,353.25,341.55,353.25,2400,1763524740
2025-11-19 09:30:00,PE,ATM+7,11.33,112800,26250.0,25901.4,357.15,359.45,350.85,352.0,5700,1763524800
2025-11-19 09:31:00,PE,ATM+7,11.28,116475,26250.0,25910.5,356.25,356.25,344.7,344.7,1425,1763524860
2025-11-19 09:32:00,PE,ATM+7,11.36,116475,26250.0,25910.85,344.25,350.15,337.15,345.4,8400,1763524920
2025-11-19 09:33:00,PE,ATM+7,11.6,116475,26250.0,25896.85,350.15,360.15,345.75,359.3,4125,1763524980
2025-11-19 09:34:00,PE,ATM+7,11.81,118275,26250.0,25886.0,362.65,369.9,361.05,369.0,8475,1763525040
2025-11-19 09:35:00,PE,ATM+7,11.47,118275,26250.0,25891.9,369.4,370.5,361.65,361.65,6825,1763525100
2025-11-19 09:36:00,PE,ATM+7,11.96,118275,26250.0,25893.85,361.4,364.4,352.7,364.4,3825,1763525160
2025-11-19 09:37:00,PE,ATM+7,11.11,114975,26250.0,25904.25,361.4,361.4,347.85,347.85,4125,1763525220
2025-11-19 09:38:00,PE,ATM+7,11.25,114975,26250.0,25911.4,351.35,353.25,345.0,345.0,3600,1763525280
2025-11-19 09:39:00,PE,ATM+7,11.43,114975,26250.0,25909.75,345.8,348.05,344.5,346.85,1125,1763525340
2025-11-19 09:40:00,PE,ATM+7,11.65,117675,26250.0,25914.0,344.2,346.0,344.2,346.0,825,1763525400
2025-11-19 09:41:00,PE,ATM+7,11.34,117675,26250.0,25912.4,343.95,345.95,343.95,344.4,3000,1763525460
2025-11-19 09:42:00,PE,ATM+7,11.71,117675,26250.0,25903.85,348.25,356.55,348.25,354.1,6675,1763525520
2025-11-19 09:43:00,PE,ATM+7,11.68,117750,26250.0,25901.4,357.05,357.05,354.6,355.85,900,1763525580
2025-11-19 09:44:00,PE,ATM+7,11.55,117750,26250.0,25909.3,355.75,355.75,348.25,348.25,525,1763525640
2025-11-19 09:45:00,PE,ATM+7,11.45,117750,26250.0,25909.15,351.35,351.35,347.6,347.6,675,1763525700
2025-11-19 09:46:00,PE,ATM+7,11.7,117900,26250.0,25904.0,348.45,354.0,347.75,354.0,675,1763525760
2025-11-19 09:47:00,PE,ATM+7,11.73,117900,26250.0,25909.55,350.15,351.0,346.7,351.0,975,1763525820
2025-11-19 09:48:00,PE,ATM+7,12.13,117900,26250.0,25896.55,356.7,365.0,356.7,365.0,4875,1763525880
2025-11-19 09:49:00,PE,ATM+7,12.22,116925,26250.0,25891.95,363.15,368.95,363.15,368.95,2475,1763525940
2025-11-19 09:50:00,PE,ATM+7,12.25,116925,26250.0,25887.2,368.45,373.7,365.45,373.05,2775,1763526000
2025-11-19 09:51:00,PE,ATM+7,11.67,116925,26250.0,25892.4,373.05,375.15,362.45,362.45,1725,1763526060
2025-11-19 09:52:00,PE,ATM+7,12.54,115200,26250.0,25889.35,364.35,374.35,364.35,374.35,1650,1763526120
2025-11-19 09:53:00,PE,ATM+7,11.48,115200,26250.0,25898.1,370.0,372.45,356.45,356.45,3375,1763526180
2025-11-19 09:54:00,PE,ATM+7,11.36,115200,26250.0,25912.1,359.35,359.35,345.15,345.15,4425,1763526240
2025-11-19 09:55:00,PE,ATM+7,11.14,117975,26250.0,25917.95,344.15,344.15,336.0,337.5,4125,1763526300
2025-11-19 09:56:00,PE,ATM+7,10.89,117975,26250.0,25917.9,336.4,338.2,332.8,334.5,8700,1763526360
2025-11-19 09:57:00,PE,ATM+7,10.66,117975,26250.0,25921.8,334.65,336.45,329.0,329.2,2475,1763526420
2025-11-19 09:58:00,PE,ATM+7,10.82,119175,26250.0,25923.0,331.7,335.0,331.3,331.3,2625,1763526480
2025-11-19 09:59:00,PE,ATM+7,10.9,119175,26250.0,25920.35,333.1,334.0,333.0,333.0,900,1763526540
2025-11-19 10:00:00,PE,ATM+7,11.02,119175,26250.0,25917.75,333.45,336.85,332.8,336.85,1950,1763526600
2025-11-19 10:01:00,PE,ATM+7,10.88,119700,26250.0,25914.75,336.75,337.1,336.15,337.1,1275,1763526660
2025-11-19 10:02:00,PE,ATM+7,10.78,119700,26250.0,25919.8,337.15,341.95,333.25,333.25,1200,1763526720
2025-11-19 10:03:00,PE,ATM+7,11.21,119700,26250.0,25916.9,336.3,339.35,336.3,339.35,675,1763526780
2025-11-19 10:04:00,PE,ATM+7,11.03,757200,26300.0,25927.15,377.95,379.55,367.1,368.65,10350,1763526840
2025-11-19 10:05:00,PE,ATM+7,11.68,757200,26300.0,25930.6,370.25,372.85,368.7,372.0,12900,1763526900
2025-11-19 10:06:00,PE,ATM+7,11.22,757200,26300.0,25930.9,370.0,373.25,366.0,367.7,4500,1763526960
2025-11-19 10:07:00,PE,ATM+7,11.37,752475,26300.0,25934.8,370.05,370.1,366.0,366.0,2400,1763527020
2025-11-19 10:08:00,PE,ATM+7,11.59,752475,26300.0,25934.9,366.9,368.5,366.9,368.4,2700,1763527080
2025-11-19 10:09:00,PE,ATM+7,11.45,752475,26300.0,25933.15,367.95,368.45,366.15,367.1,5400,1763527140
2025-11-19 10:10:00,PE,ATM+7,11.36,754350,26300.0,25934.85,368.25,369.95,366.45,366.8,4050,1763527200
2025-11-19 10:11:00,PE,ATM+7,11.5,754350,26300.0,25925.95,368.9,374.45,368.55,373.6,5100,1763527260
2025-11-19 10:12:00,PE,ATM+7,11.07,754350,26300.0,25938.35,371.7,371.7,359.15,360.75,7800,1763527320
2025-11-19 10:13:00,PE,ATM+7,10.67,753600,26300.0,25946.0,360.1,361.1,350.0,350.0,18000,1763527380
2025-11-19 10:14:00,PE,ATM+7,10.97,753600,26300.0,25952.1,349.15,350.0,346.8,348.15,20400,1763527440
2025-11-19 10:15:00,PE,ATM+7,10.95,753600,26300.0,25954.1,349.55,349.55,346.35,347.0,11775,1763527500
2025-11-19 10:16:00,PE,ATM+7,10.77,786750,26300.0,25959.3,347.6,348.8,340.0,341.0,49800,1763527560
2025-11-19 10:17:00,PE,ATM+7,11.08,786750,26300.0,25963.55,340.05,342.4,338.45,341.55,20475,1763527620
2025-11-19 10:18:00,PE,ATM+7,10.97,786750,26300.0,25965.7,340.2,341.25,337.0,338.1,15750,1763527680
2025-11-19 10:19:00,PE,ATM+7,11.23,790875,26300.0,25965.8,338.0,342.15,337.45,340.35,6225,1763527740
2025-11-19 10:20:00,PE,ATM+7,11.39,790875,26300.0,25967.35,341.35,341.55,339.0,341.45,2400,1763527800
2025-11-19 10:21:00,PE,ATM+7,11.3,790875,26300.0,25964.55,339.0,341.35,337.95,341.35,19275,1763527860
2025-11-19 10:22:00,PE,ATM+7,11.2,792300,26300.0,25967.7,342.0,342.55,337.0,337.8,5475,1763527920
2025-11-19 10:23:00,PE,ATM+7,11.5,792300,26300.0,25968.25,336.85,341.2,336.85,340.8,2100,1763527980
2025-11-19 10:24:00,PE,ATM+7,11.46,792300,26300.0,25967.25,340.6,342.4,339.65,342.4,5325,1763528040
2025-11-19 10:25:00,PE,ATM+7,11.61,788175,26300.0,25970.4,342.15,342.4,340.0,340.6,7950,1763528100
2025-11-19 10:26:00,PE,ATM+7,11.7,788175,26300.0,25968.7,340.6,343.75,340.6,342.65,7575,1763528160
2025-11-19 10:27:00,PE,ATM+7,11.65,788175,26300.0,25970.65,341.35,344.0,340.55,341.55,9150,1763528220
2025-11-19 10:28:00,PE,ATM+7,11.89,788325,26300.0,25963.65,343.0,349.8,341.75,349.8,15975,1763528280
2025-11-19 10:29:00,PE,ATM+7,11.71,788325,26300.0,25957.85,350.0,353.5,349.8,352.0,16800,1763528340
2025-11-19 10:30:00,PE,ATM+7,11.4,788325,26300.0,25967.4,351.65,351.65,339.85,341.55,14175,1763528400
2025-11-19 10:31:00,PE,ATM+7,11.62,789900,26300.0,25971.1,344.5,344.5,340.0,340.4,4650,1763528460
2025-11-19 10:32:00,PE,ATM+7,11.93,789900,26300.0,25971.0,340.55,345.0,335.0,345.0,9000,1763528520
2025-11-19 10:33:00,PE,ATM+7,12.11,50025,26350.0,25976.1,385.75,385.75,381.1,381.1,825,1763528580
2025-11-19 10:34:00,PE,ATM+7,12.18,49350,26350.0,25977.05,379.65,381.15,379.65,381.15,150,1763528640
2025-11-19 10:35:00,PE,ATM+7,12.17,49350,26350.0,25976.4,381.15,381.15,381.15,381.15,0,1763528700
2025-11-19 10:36:00,PE,ATM+7,12.04,49350,26350.0,25978.3,380.75,380.75,377.35,378.1,225,1763528760
2025-11-19 10:37:00,PE,ATM+7,12.13,49275,26350.0,25976.15,380.55,381.7,378.95,381.5,675,1763528820
2025-11-19 10:38:00,PE,ATM+7,11.84,797100,26300.0,25973.35,341.0,342.0,338.9,341.2,10650,1763528880
2025-11-19 10:39:00,PE,ATM+7,11.7,797100,26300.0,25969.05,340.9,344.95,340.9,343.0,20475,1763528940
2025-11-19 10:40:00,PE,ATM+7,11.72,797625,26300.0,25967.2,343.0,344.95,342.75,344.55,5850,1763529000
2025-11-19 10:41:00,PE,ATM+7,11.77,797625,26300.0,25964.95,344.0,347.3,344.0,347.0,7425,1763529060
2025-11-19 10:42:00,PE,ATM+7,11.57,797625,26300.0,25963.65,347.35,348.0,344.3,345.45,6300,1763529120
2025-11-19 10:43:00,PE,ATM+7,11.68,803850,26300.0,25967.35,345.45,346.0,342.8,343.8,1050,1763529180
2025-11-19 10:44:00,PE,ATM+7,11.89,803850,26300.0,25963.1,343.8,350.2,343.8,349.95,11325,1763529240
2025-11-19 10:45:00,PE,ATM+7,11.78,803850,26300.0,25966.85,346.8,348.45,345.0,345.0,6600,1763529300
2025-11-19 10:46:00,PE,ATM+7,12.05,796800,26300.0,25964.15,345.0,351.7,344.0,350.15,4425,1763529360
2025-11-19 10:47:00,PE,ATM+7,12.15,796800,26300.0,25962.05,350.9,354.45,347.45,352.4,5925,1763529420
2025-11-19 10:48:00,PE,ATM+7,12.04,796800,26300.0,25947.8,352.0,364.05,352.0,363.3,15000,1763529480
2025-11-19 10:49:00,PE,ATM+7,12.09,793125,26300.0,25954.5,363.0,363.0,355.45,357.8,23775,1763529540
2025-11-19 10:50:00,PE,ATM+7,11.96,793125,26300.0,25951.8,357.8,358.9,356.45,358.9,3150,1763529600
2025-11-19 10:51:00,PE,ATM+7,11.38,793125,26300.0,25959.35,358.3,358.35,345.75,347.15,8475,1763529660
2025-11-19 10:52:00,PE,ATM+7,11.44,792600,26300.0,25960.45,345.95,347.05,342.0,346.5,5400,1763529720
2025-11-19 10:53:00,PE,ATM+7,11.58,792600,26300.0,25968.0,344.1,344.1,340.25,342.6,3825,1763529780
2025-11-19 10:54:00,PE,ATM+7,11.73,792600,26300.0,25967.45,343.05,346.05,343.0,343.0,3975,1763529840
2025-11-19 10:55:00,PE,ATM+7,11.88,795150,26300.0,25965.25,343.9,349.5,343.9,348.25,3225,1763529900
2025-11-19 10:56:00,PE,ATM+7,11.84,795150,26300.0,25959.8,350.6,354.15,348.25,351.35,5475,1763529960
2025-11-19 10:57:00,PE,ATM+7,11.75,795150,26300.0,25959.55,349.65,352.5,349.65,352.5,1800,1763530020
2025-11-19 10:58:00,PE,ATM+7,12.11,794700,26300.0,25953.7,353.8,360.6,353.5,359.0,5625,1763530080
2025-11-19 10:59:00,PE,ATM+7,12.02,794700,26300.0,25952.1,358.75,360.15,357.2,358.9,6450,1763530140
2025-11-19 11:00:00,PE,ATM+7,12.2,794700,26300.0,25954.3,358.55,360.75,357.75,359.35,3300,1763530200
2025-11-19 11:01:00,PE,ATM+7,12.13,790800,26300.0,25953.0,358.25,360.3,357.95,360.0,8100,1763530260
2025-11-19 11:02:00,PE,ATM+7,12.11,790800,26300.0,25950.45,359.55,361.0,358.05,360.65,2775,1763530320
2025-11-19 11:03:00,PE,ATM+7,12.13,790800,26300.0,25947.5,360.25,365.0,360.25,364.1,11400,1763530380
2025-11-19 11:04:00,PE,ATM+7,11.62,786150,26300.0,25943.65,363.2,365.0,361.2,361.2,6075,1763530440
2025-11-19 11:05:00,PE,ATM+7,11.57,786150,26300.0,25950.65,360.65,360.65,355.85,355.85,3000,1763530500
2025-11-19 11:06:00,PE,ATM+7,11.94,786150,26300.0,25954.0,355.7,359.5,354.6,356.6,8175,1763530560
2025-11-19 11:07:00,PE,ATM+7,12.13,789750,26300.0,25952.3,355.1,360.0,355.1,360.0,1350,1763530620
2025-11-19 11:08:00,PE,ATM+7,12.05,789750,26300.0,25939.55,358.95,370.0,358.95,370.0,9450,1763530680
2025-11-19 11:09:00,PE,ATM+7,12.17,789750,26300.0,25939.6,371.65,373.0,368.95,370.95,17250,1763530740
2025-11-19 11:10:00,PE,ATM+7,12.21,787200,26300.0,25927.3,370.9,380.8,370.0,380.0,22650,1763530800
2025-11-19 11:11:00,PE,ATM+7,12.18,787200,26300.0,25931.3,378.25,378.25,374.0,375.9,5325,1763530860
2025-11-19 11:12:00,PE,ATM+7,12.36,787200,26300.0,25928.25,374.8,380.8,372.45,380.2,14250,1763530920
2025-11-19 11:13:00,PE,ATM+7,12.38,768750,26300.0,25927.5,380.0,382.35,377.8,381.2,34500,1763530980
2025-11-19 11:14:00,PE,ATM+7,12.6,768750,26300.0,25927.0,381.8,384.9,380.75,384.45,7575,1763531040
2025-11-19 11:15:00,PE,ATM+7,12.23,126525,26250.0,25919.5,345.9,349.2,345.9,348.3,5700,1763531100
2025-11-19 11:16:00,PE,ATM+7,12.16,125475,26250.0,25922.45,350.0,350.0,344.65,344.65,3600,1763531160
2025-11-19 11:17:00,PE,ATM+7,12.38,765450,26300.0,25927.05,382.4,385.0,380.0,381.65,6450,1763531220
2025-11-19 11:18:00,PE,ATM+7,12.18,765450,26300.0,25932.35,380.65,380.65,373.25,375.9,2850,1763531280
2025-11-19 11:19:00,PE,ATM+7,11.95,766125,26300.0,25932.85,376.5,376.5,372.0,373.05,4200,1763531340
2025-11-19 11:20:00,PE,ATM+7,11.89,766125,26300.0,25939.3,372.75,372.75,365.75,367.1,3450,1763531400
2025-11-19 11:21:00,PE,ATM+7,11.95,766125,26300.0,25940.7,366.4,369.3,366.0,367.0,14400,1763531460
2025-11-19 11:22:00,PE,ATM+7,11.86,754725,26300.0,25939.3,366.0,368.65,365.8,367.1,7725,1763531520
2025-11-19 11:23:00,PE,ATM+7,12.1,754725,26300.0,25938.15,367.85,371.0,367.85,371.0,1350,1763531580
2025-11-19 11:24:00,PE,ATM+7,12.03,754725,26300.0,25938.4,368.3,369.85,368.3,369.0,3675,1763531640
2025-11-19 11:25:00,PE,ATM+7,11.49,755700,26300.0,25948.25,366.45,366.45,355.8,357.25,9150,1763531700
2025-11-19 11:26:00,PE,ATM+7,11.61,755700,26300.0,25948.8,358.3,360.75,356.6,356.6,4575,1763531760
2025-11-19 11:27:00,PE,ATM+7,11.99,755700,26300.0,25949.15,355.0,360.6,354.7,360.55,1500,1763531820
2025-11-19 11:28:00,PE,ATM+7,11.89,756675,26300.0,25948.35,359.5,360.8,357.15,360.8,2325,1763531880
2025-11-19 11:29:00,PE,ATM+7,11.61,756675,26300.0,25948.3,359.9,359.9,355.55,356.7,2700,1763531940
2025-11-19 11:30:00,PE,ATM+7,11.69,756675,26300.0,25948.25,355.0,358.9,353.0,358.15,6375,1763532000
2025-11-19 11:31:00,PE,ATM+7,11.48,756225,26300.0,25951.05,357.65,357.65,353.0,353.85,1200,1763532060
2025-11-19 11:32:00,PE,ATM+7,11.46,756225,26300.0,25951.9,353.45,354.5,352.2,353.5,1350,1763532120
2025-11-19 11:33:00,PE,ATM+7,11.39,756225,26300.0,25950.45,353.05,354.35,351.3,353.3,2925,1763532180
2025-11-19 11:34:00,PE,ATM+7,11.32,758175,26300.0,25949.9,353.35,354.0,353.0,353.0,3300,1763532240
2025-11-19 11:35:00,PE,ATM+7,11.71,758175,26300.0,25950.65,354.8,357.0,353.05,357.0,2100,1763532300
2025-11-19 11:36:00,PE,ATM+7,11.43,758175,26300.0,25952.3,355.9,355.95,350.25,353.05,5775,1763532360
2025-11-19 11:37:00,PE,ATM+7,11.36,759075,26300.0,25951.2,352.95,353.0,350.0,353.0,5625,1763532420
2025-11-19 11:38:00,PE,ATM+7,11.26,759075,26300.0,25950.45,353.35,353.35,352.3,352.3,750,1763532480
2025-11-19 11:39:00,PE,ATM+7,11.18,759075,26300.0,25954.0,349.0,349.7,347.0,348.95,4950,1763532540
2025-11-19 11:40:00,PE,ATM+7,11.19,759375,26300.0,25953.4,349.75,352.5,348.9,349.25,1950,1763532600
2025-11-19 11:41:00,PE,ATM+7,10.87,759375,26300.0,25962.2,348.45,348.75,339.0,339.0,10500,1763532660
2025-11-19 11:42:00,PE,ATM+7,10.86,759375,26300.0,25965.65,337.95,340.9,336.4,336.4,4050,1763532720
2025-11-19 11:43:00,PE,ATM+7,10.79,760800,26300.0,25967.95,336.55,337.0,333.9,333.9,5250,1763532780
2025-11-19 11:44:00,PE,ATM+7,10.88,760800,26300.0,25968.9,334.2,334.95,333.0,334.0,5400,1763532840
2025-11-19 11:45:00,PE,ATM+7,11.09,51825,26350.0,25975.4,374.8,375.15,370.0,370.75,1500,1763532900
2025-11-19 11:46:00,PE,ATM+7,11.02,761175,26300.0,25974.95,330.65,332.0,329.05,331.65,6225,1763532960
2025-11-19 11:47:00,PE,ATM+7,10.88,761175,26300.0,25970.3,331.05,332.9,330.0,332.7,1875,1763533020
2025-11-19 11:48:00,PE,ATM+7,11.04,761175,26300.0,25972.2,334.55,334.65,331.25,333.0,3150,1763533080
2025-11-19 11:49:00,PE,ATM+7,10.94,763800,26300.0,25974.75,332.0,332.0,329.8,330.4,5025,1763533140
2025-11-19 11:50:00,PE,ATM+7,11.05,763800,26300.0,25973.15,330.1,333.0,330.0,333.0,5700,1763533200
2025-11-19 11:51:00,PE,ATM+7,11.25,763800,26300.0,25974.6,333.2,333.2,331.35,332.75,2625,1763533260
2025-11-19 11:52:00,PE,ATM+7,10.84,769050,26300.0,25973.8,331.45,331.45,328.3,329.9,5925,1763533320
2025-11-19 11:53:00,PE,ATM+7,10.84,769050,26300.0,25973.5,330.05,331.5,328.85,330.0,3825,1763533380
2025-11-19 11:54:00,PE,ATM+7,10.79,769050,26300.0,25972.15,330.0,332.8,329.0,330.8,4500,1763533440
2025-11-19 11:55:00,PE,ATM+7,10.86,769650,26300.0,25970.0,332.0,333.6,331.0,333.0,3375,1763533500
2025-11-19 11:56:00,PE,ATM+7,10.71,769650,26300.0,25972.45,333.6,334.2,328.7,330.15,5850,1763533560
2025-11-19 11:57:00,PE,ATM+7,10.88,769650,26300.0,25973.55,329.0,332.25,322.05,329.85,13200,1763533620
2025-11-19 11:58:00,PE,ATM+7,10.63,769650,26300.0,25974.35,332.25,332.25,327.45,327.45,1875,1763533680
2025-11-19 11:59:00,PE,ATM+7,10.6,768675,26300.0,25974.25,328.0,331.35,327.0,327.0,3075,1763533740
2025-11-19 12:00:00,PE,ATM+7,10.96,51675,26350.0,25977.55,368.1,368.1,366.9,367.35,1050,1763533800
2025-11-19 12:01:00,PE,ATM+7,10.28,51225,26350.0,25993.3,365.85,367.05,348.3,348.3,2475,1763533860
2025-11-19 12:02:00,PE,ATM+7,10.31,51225,26350.0,25987.65,350.0,353.55,350.0,353.0,300,1763533920
2025-11-19 12:03:00,PE,ATM+7,10.45,51225,26350.0,25986.65,356.7,357.85,355.0,355.0,750,1763533980
2025-11-19 12:04:00,PE,ATM+7,10.72,51225,26350.0,25990.2,355.0,355.0,355.0,355.0,0,1763534040
2025-11-19 12:05:00,PE,ATM+7,10.42,51750,26350.0,25992.65,350.7,350.85,349.8,349.8,525,1763534100
2025-11-19 12:06:00,PE,ATM+7,10.65,51750,26350.0,25997.2,348.5,348.5,344.55,347.65,1575,1763534160
2025-11-19 12:07:00,PE,ATM+7,10.58,51750,26350.0,25994.35,346.15,350.7,345.75,350.7,1125,1763534220
2025-11-19 12:08:00,PE,ATM+7,10.62,51750,26350.0,25990.6,351.35,353.0,350.9,352.25,675,1763534280
2025-11-19 12:09:00,PE,ATM+7,10.62,51750,26350.0,25990.35,352.25,354.35,352.25,354.15,675,1763534340
2025-11-19 12:10:00,PE,ATM+7,10.59,51750,26350.0,25990.85,355.0,355.0,353.3,353.3,150,1763534400
2025-11-19 12:11:00,PE,ATM+7,10.59,52275,26350.0,25992.35,353.3,353.3,351.05,351.6,5025,1763534460
2025-11-19 12:12:00,PE,ATM+7,10.36,52275,26350.0,25994.8,350.65,350.65,346.85,347.2,1425,1763534520
2025-11-19 12:13:00,PE,ATM+7,10.14,52275,26350.0,25994.0,350.05,350.35,346.6,346.6,2475,1763534580
2025-11-19 12:14:00,PE,ATM+7,10.36,52575,26350.0,25993.3,350.15,350.15,347.4,347.4,225,1763534640
2025-11-19 12:15:00,PE,ATM+7,10.05,52575,26350.0,26008.05,344.75,344.75,333.75,333.75,1050,1763534700
2025-11-19 12:16:00,PE,ATM+7,10.51,51600,26350.0,25997.6,342.2,348.15,342.2,347.1,2475,1763534760
2025-11-19 12:17:00,PE,ATM+7,10.65,51600,26350.0,25996.7,348.55,349.55,346.85,349.5,675,1763534820
2025-11-19 12:18:00,PE,ATM+7,10.45,51600,26350.0,25995.1,349.15,349.15,347.75,348.15,525,1763534880
2025-11-19 12:19:00,PE,ATM+7,10.33,51600,26350.0,25996.35,346.2,346.2,346.2,346.2,1275,1763534940
2025-11-19 12:20:00,PE,ATM+7,10.48,52725,26350.0,25997.5,345.35,345.95,345.0,345.95,450,1763535000
2025-11-19 12:21:00,PE,ATM+7,10.09,52725,26350.0,25999.5,345.9,345.9,341.4,341.4,825,1763535060
2025-11-19 12:22:00,PE,ATM+7,10.11,53400,26350.0,26001.75,342.35,342.85,339.9,339.9,2100,1763535120
2025-11-19 12:23:00,PE,ATM+7,10.58,53400,26350.0,26003.45,340.3,342.2,337.9,342.2,3000,1763535180
2025-11-19 12:24:00,PE,ATM+7,10.45,53400,26350.0,26004.7,340.0,340.8,340.0,340.8,450,1763535240
2025-11-19 12:25:00,PE,ATM+7,10.66,53400,26350.0,26007.4,338.95,340.95,338.95,340.95,225,1763535300
2025-11-19 12:26:00,PE,ATM+7,10.51,53850,26350.0,26009.0,341.7,341.7,337.95,337.95,1200,1763535360
2025-11-19 12:27:00,PE,ATM+7,10.72,53850,26350.0,26012.45,338.85,340.1,336.75,336.75,1425,1763535420
2025-11-19 12:28:00,PE,ATM+7,10.94,53850,26350.0,26015.4,335.45,337.7,335.45,337.5,600,1763535480
2025-11-19 12:29:00,PE,ATM+7,11.17,53400,26350.0,26013.3,337.75,341.4,337.3,341.4,450,1763535540
2025-11-19 12:30:00,PE,ATM+7,10.82,53400,26350.0,26012.8,337.65,337.65,337.6,337.6,375,1763535600
2025-11-19 12:31:00,PE,ATM+7,10.68,53400,26350.0,26020.5,335.0,335.0,330.1,330.25,1725,1763535660
2025-11-19 12:32:00,PE,ATM+7,10.86,54525,26350.0,26023.3,329.1,333.45,328.05,331.0,9450,1763535720
2025-11-19 12:33:00,PE,ATM+7,11.17,206025,26400.0,26027.5,370.0,373.8,369.0,369.15,8850,1763535780
2025-11-19 12:34:00,PE,ATM+7,11.17,206025,26400.0,26025.35,370.95,372.75,370.25,371.3,3075,1763535840
2025-11-19 12:35:00,PE,ATM+7,11.19,60150,26350.0,26023.0,332.0,332.0,332.0,332.0,600,1763535900
2025-11-19 12:36:00,PE,ATM+7,11.64,60150,26350.0,26023.75,329.9,337.5,329.25,337.5,1350,1763535960
2025-11-19 12:37:00,PE,ATM+7,11.22,60150,26350.0,26018.15,336.35,341.1,336.35,337.2,2025,1763536020
2025-11-19 12:38:00,PE,ATM+7,11.22,60600,26350.0,26017.15,336.1,337.8,336.1,337.8,600,1763536080
2025-11-19 12:39:00,PE,ATM+7,11.06,60600,26350.0,26016.45,337.25,338.25,337.05,338.25,750,1763536140
2025-11-19 12:40:00,PE,ATM+7,11.07,60600,26350.0,26015.45,337.7,341.0,337.65,339.25,3225,1763536200
2025-11-19 12:41:00,PE,ATM+7,11.02,60750,26350.0,26016.55,338.45,338.45,336.3,336.55,1875,1763536260
2025-11-19 12:42:00,PE,ATM+7,10.9,60750,26350.0,26019.05,335.7,335.7,332.35,333.85,1425,1763536320
2025-11-19 12:43:00,PE,ATM+7,11.04,60750,26350.0,26019.25,334.15,336.25,334.15,334.85,825,1763536380
2025-11-19 12:44:00,PE,ATM+7,10.88,63075,26350.0,26017.6,332.7,335.6,328.7,335.6,975,1763536440
2025-11-19 12:45:00,PE,ATM+7,10.75,63075,26350.0,26012.85,335.0,339.3,334.85,337.55,900,1763536500
2025-11-19 12:46:00,PE,ATM+7,10.96,63075,26350.0,26016.25,337.55,337.55,336.35,336.95,525,1763536560
2025-11-19 12:47:00,PE,ATM+7,10.86,64200,26350.0,26019.7,335.05,335.05,330.95,331.65,375,1763536620
2025-11-19 12:48:00,PE,ATM+7,11.21,64200,26350.0,26022.5,334.25,334.25,334.25,334.25,75,1763536680
2025-11-19 12:49:00,PE,ATM+7,11.04,226125,26400.0,26025.75,373.0,373.3,370.0,370.0,1425,1763536740
2025-11-19 12:50:00,PE,ATM+7,11.29,228075,26400.0,26030.3,371.0,372.0,366.75,368.0,7200,1763536800
2025-11-19 12:51:00,PE,ATM+7,11.17,64200,26350.0,26021.75,328.1,334.7,328.1,334.7,375,1763536860
2025-11-19 12:52:00,PE,ATM+7,10.89,64200,26350.0,26018.5,336.45,336.8,334.65,334.65,975,1763536920
2025-11-19 12:53:00,PE,ATM+7,11.01,65175,26350.0,26020.35,334.65,334.65,334.65,334.65,150,1763536980
2025-11-19 12:54:00,PE,ATM+7,11.17,65175,26350.0,26022.35,335.55,335.55,334.95,335.2,675,1763537040
2025-11-19 12:55:00,PE,ATM+7,11.2,65175,26350.0,26021.35,335.9,335.9,335.9,335.9,150,1763537100
2025-11-19 12:56:00,PE,ATM+7,11.39,65175,26350.0,26023.6,335.25,335.25,335.25,335.25,75,1763537160
2025-11-19 12:57:00,PE,ATM+7,11.35,65175,26350.0,26022.95,335.5,336.55,333.8,335.35,600,1763537220
2025-11-19 12:58:00,PE,ATM+7,11.37,65175,26350.0,26016.55,337.15,342.0,337.15,340.6,2100,1763537280
2025-11-19 12:59:00,PE,ATM+7,11.5,64650,26350.0,26017.4,341.3,341.3,340.55,340.85,600,1763537340
2025-11-19 13:00:00,PE,ATM+7,11.58,64650,26350.0,26019.1,340.85,340.85,340.85,340.85,0,1763537400
2025-11-19 13:01:00,PE,ATM+7,11.53,64650,26350.0,26019.35,338.25,340.8,338.25,340.8,1725,1763537460
2025-11-19 13:02:00,PE,ATM+7,11.12,65025,26350.0,26022.65,340.45,340.45,334.25,334.25,1875,1763537520
2025-11-19 13:03:00,PE,ATM+7,11.55,230850,26400.0,26025.15,375.0,376.4,374.6,374.6,1350,1763537580
2025-11-19 13:04:00,PE,ATM+7,11.6,230850,26400.0,26025.65,374.0,374.85,372.8,374.85,3075,1763537640
2025-11-19 13:05:00,PE,ATM+7,11.23,232500,26400.0,26033.3,369.35,369.35,355.75,364.85,11325,1763537700
2025-11-19 13:06:00,PE,ATM+7,11.37,232500,26400.0,26031.6,366.1,369.45,366.1,368.0,1200,1763537760
2025-11-19 13:07:00,PE,ATM+7,11.26,232500,26400.0,26028.1,370.5,370.8,369.0,369.2,525,1763537820
2025-11-19 13:08:00,PE,ATM+7,11.39,64800,26350.0,26022.9,333.85,336.15,333.75,336.15,1425,1763537880
2025-11-19 13:09:00,PE,ATM+7,10.97,64800,26350.0,26019.2,334.25,335.1,333.15,334.2,1425,1763537940
2025-11-19 13:10:00,PE,ATM+7,11.63,64800,26350.0,26020.25,338.55,340.35,336.9,339.8,3300,1763538000
2025-11-19 13:11:00,PE,ATM+7,11.34,64275,26350.0,26021.1,340.15,340.15,335.65,336.95,900,1763538060
2025-11-19 13:12:00,PE,ATM+7,11.31,64275,26350.0,26021.4,335.85,336.6,334.45,336.6,525,1763538120
2025-11-19 13:13:00,PE,ATM+7,11.44,227325,26400.0,26025.2,376.65,377.45,373.4,373.4,825,1763538180
2025-11-19 13:14:00,PE,ATM+7,11.59,229725,26400.0,26027.9,374.25,374.25,371.65,372.25,900,1763538240
2025-11-19 13:15:00,PE,ATM+7,10.92,64425,26350.0,26024.65,330.9,330.9,330.15,330.15,750,1763538300
2025-11-19 13:16:00,PE,ATM+7,11.34,64425,26350.0,26022.75,334.45,335.75,333.0,335.5,1350,1763538360
2025-11-19 13:17:00,PE,ATM+7,11.09,65100,26350.0,26022.45,335.0,335.0,333.05,333.55,975,1763538420
2025-11-19 13:18:00,PE,ATM+7,11.21,65100,26350.0,26019.0,334.2,337.0,334.2,337.0,300,1763538480
2025-11-19 13:19:00,PE,ATM+7,11.36,65100,26350.0,26018.0,339.55,339.55,339.2,339.2,150,1763538540
2025-11-19 13:20:00,PE,ATM+7,11.35,65400,26350.0,26018.7,336.95,338.65,336.95,338.65,375,1763538600
2025-11-19 13:21:00,PE,ATM+7,11.52,65400,26350.0,26021.2,338.65,338.65,338.65,338.65,0,1763538660
2025-11-19 13:22:00,PE,ATM+7,11.19,65400,26350.0,26020.55,336.2,336.2,336.2,336.2,225,1763538720
2025-11-19 13:23:00,PE,ATM+7,11.31,65625,26350.0,26020.45,337.65,337.65,336.55,336.8,225,1763538780
2025-11-19 13:24:00,PE,ATM+7,11.01,65625,26350.0,26019.9,334.9,334.9,334.0,334.0,150,1763538840
2025-11-19 13:25:00,PE,ATM+7,11.09,65625,26350.0,26015.65,336.0,338.55,336.0,338.55,1800,1763538900
2025-11-19 13:26:00,PE,ATM+7,10.93,65025,26350.0,26008.9,338.0,344.8,338.0,342.4,3825,1763538960
2025-11-19 13:27:00,PE,ATM+7,11.32,65025,26350.0,26009.55,342.9,345.0,340.5,345.0,675,1763539020
2025-11-19 13:28:00,PE,ATM+7,11.4,65025,26350.0,26004.0,344.05,351.8,342.15,350.4,11925,1763539080
2025-11-19 13:29:00,PE,ATM+7,11.03,61650,26350.0,26002.4,350.2,350.2,346.6,348.45,1575,1763539140
2025-11-19 13:30:00,PE,ATM+7,11.12,61650,26350.0,26010.15,348.9,348.9,343.6,343.6,1725,1763539200
2025-11-19 13:31:00,PE,ATM+7,11.22,61650,26350.0,26009.3,344.0,344.0,344.0,344.0,75,1763539260
2025-11-19 13:32:00,PE,ATM+7,11.07,60750,26350.0,26009.45,343.0,343.15,341.65,342.75,2400,1763539320
2025-11-19 13:33:00,PE,ATM+7,10.79,60750,26350.0,26007.95,343.85,343.85,342.0,342.0,225,1763539380
2025-11-19 13:34:00,PE,ATM+7,10.97,60750,26350.0,26002.2,345.9,347.3,345.85,347.3,2025,1763539440
2025-11-19 13:35:00,PE,ATM+7,10.86,60525,26350.0,25995.75,349.95,350.95,349.3,350.0,450,1763539500
2025-11-19 13:36:00,PE,ATM+7,10.72,60525,26350.0,25998.3,351.8,351.8,348.7,348.7,600,1763539560
2025-11-19 13:37:00,PE,ATM+7,10.9,60525,26350.0,26001.5,349.5,349.5,345.85,347.1,1200,1763539620
2025-11-19 13:38:00,PE,ATM+7,10.91,59775,26350.0,26001.2,347.75,347.75,347.75,347.75,750,1763539680
2025-11-19 13:39:00,PE,ATM+7,10.87,59775,26350.0,25999.1,347.6,349.75,347.6,349.75,1950,1763539740
2025-11-19 13:40:00,PE,ATM+7,10.63,59775,26350.0,25993.95,349.65,351.0,349.1,351.0,3825,1763539800
2025-11-19 13:41:00,PE,ATM+7,10.61,60825,26350.0,25994.7,352.35,352.9,350.3,350.3,525,1763539860
2025-11-19 13:42:00,PE,ATM+7,10.92,60825,26350.0,25988.85,352.45,358.0,352.0,357.55,1350,1763539920
2025-11-19 13:43:00,PE,ATM+7,10.63,60825,26350.0,25988.5,352.95,354.0,352.9,353.8,1500,1763539980
2025-11-19 13:44:00,PE,ATM+7,10.95,60075,26350.0,26004.55,351.65,351.65,346.5,346.5,675,1763540040
2025-11-19 13:45:00,PE,ATM+7,10.96,60075,26350.0,26006.2,343.0,344.55,343.0,344.55,525,1763540100
2025-11-19 13:46:00,PE,ATM+7,10.84,60075,26350.0,26005.05,342.95,345.0,342.5,343.75,675,1763540160
2025-11-19 13:47:00,PE,ATM+7,10.71,60075,26350.0,26004.1,345.0,346.2,343.85,343.85,525,1763540220
2025-11-19 13:48:00,PE,ATM+7,10.86,59100,26350.0,26002.75,346.0,346.0,343.85,344.8,2175,1763540280
2025-11-19 13:49:00,PE,ATM+7,10.61,59100,26350.0,26010.2,343.0,343.0,334.2,336.9,3075,1763540340
2025-11-19 13:50:00,PE,ATM+7,10.09,59700,26350.0,26014.05,335.15,335.15,329.5,329.5,1500,1763540400
2025-11-19 13:51:00,PE,ATM+7,10.23,59700,26350.0,26013.2,332.7,336.0,331.0,331.0,1275,1763540460
2025-11-19 13:52:00,PE,ATM+7,10.79,59700,26350.0,26010.25,330.75,339.05,330.75,339.05,1500,1763540520
2025-11-19 13:53:00,PE,ATM+7,10.55,60750,26350.0,26011.0,338.0,338.0,336.65,336.65,1200,1763540580
2025-11-19 13:54:00,PE,ATM+7,10.62,60750,26350.0,26012.05,336.3,337.5,335.85,336.85,900,1763540640
2025-11-19 13:55:00,PE,ATM+7,10.73,60750,26350.0,26011.95,335.75,337.2,335.25,337.2,1050,1763540700
2025-11-19 13:56:00,PE,ATM+7,10.61,61275,26350.0,26011.2,335.65,336.55,335.65,336.55,225,1763540760
2025-11-19 13:57:00,PE,ATM+7,10.51,61275,26350.0,26013.5,334.6,334.6,333.65,333.65,600,1763540820
2025-11-19 13:58:00,PE,ATM+7,11.02,61275,26350.0,26013.1,332.55,340.0,332.25,340.0,450,1763540880
2025-11-19 13:59:00,PE,ATM+7,10.46,61200,26350.0,26006.85,339.4,340.45,338.3,338.8,1125,1763540940
2025-11-19 14:00:00,PE,ATM+7,10.41,61200,26350.0,26004.45,340.0,342.0,339.3,340.65,600,1763541000
2025-11-19 14:01:00,PE,ATM+7,10.02,61200,26350.0,25999.55,340.5,343.75,339.75,340.0,1650,1763541060
2025-11-19 14:02:00,PE,ATM+7,10.05,60600,26350.0,25995.95,340.65,343.0,340.0,343.0,1125,1763541120
2025-11-19 14:03:00,PE,ATM+7,10.15,60600,26350.0,26015.0,335.0,335.0,328.25,329.05,2550,1763541180
2025-11-19 14:04:00,PE,ATM+7,10.0,60600,26350.0,26014.8,329.95,332.45,328.3,328.3,1125,1763541240
2025-11-19 14:05:00,PE,ATM+7,10.13,61275,26350.0,26018.95,328.05,328.05,325.9,325.9,825,1763541300
2025-11-19 14:06:00,PE,ATM+7,10.38,61275,26350.0,26022.7,328.2,329.6,324.0,326.7,4200,1763541360
2025-11-19 14:07:00,PE,ATM+7,10.29,61275,26350.0,26015.95,327.25,332.45,327.15,330.4,3675,1763541420
2025-11-19 14:08:00,PE,ATM+7,10.0,60675,26350.0,26013.0,330.05,330.7,330.05,330.25,225,1763541480
2025-11-19 14:09:00,PE,ATM+7,10.32,60675,26350.0,26013.6,333.6,335.0,332.25,332.3,3075,1763541540
2025-11-19 14:10:00,PE,ATM+7,10.09,60675,26350.0,26009.5,333.4,334.35,333.0,333.3,675,1763541600
2025-11-19 14:11:00,PE,ATM+7,10.55,61350,26350.0,26016.65,331.3,331.4,331.3,331.4,225,1763541660
2025-11-19 14:12:00,PE,ATM+7,10.88,218325,26400.0,26026.1,372.4,372.4,367.25,367.25,1125,1763541720
2025-11-19 14:13:00,PE,ATM+7,11.1,218325,26400.0,26031.0,367.6,368.75,364.35,365.05,1650,1763541780
2025-11-19 14:14:00,PE,ATM+7,10.92,219675,26400.0,26033.0,365.35,366.55,361.55,362.6,5325,1763541840
2025-11-19 14:15:00,PE,ATM+7,11.19,219675,26400.0,26037.75,361.7,364.65,361.0,361.75,5025,1763541900
2025-11-19 14:16:00,PE,ATM+7,10.99,219675,26400.0,26036.8,359.3,361.4,356.35,360.45,6000,1763541960
2025-11-19 14:17:00,PE,ATM+7,10.23,222900,26400.0,26043.4,361.2,361.25,347.7,347.7,9825,1763542020
2025-11-19 14:18:00,PE,ATM+7,10.44,222900,26400.0,26046.0,348.5,350.45,346.75,347.05,7800,1763542080
2025-11-19 14:19:00,PE,ATM+7,10.89,222900,26400.0,26044.65,347.15,354.8,347.15,352.95,18375,1763542140
2025-11-19 14:20:00,PE,ATM+7,11.02,231000,26400.0,26043.7,351.85,355.2,351.85,355.1,6600,1763542200
2025-11-19 14:21:00,PE,ATM+7,11.0,231000,26400.0,26042.45,353.0,356.35,353.0,355.65,4575,1763542260
2025-11-19 14:22:00,PE,ATM+7,10.91,231000,26400.0,26043.0,355.7,356.0,354.4,355.1,2325,1763542320
2025-11-19 14:23:00,PE,ATM+7,10.73,232950,26400.0,26042.0,355.1,355.1,352.9,352.9,7125,1763542380
2025-11-19 14:24:00,PE,ATM+7,10.55,232950,26400.0,26043.4,354.15,354.15,350.5,350.5,675,1763542440
2025-11-19 14:25:00,PE,ATM+7,10.83,232950,26400.0,26044.1,354.1,354.1,352.25,353.5,2400,1763542500
2025-11-19 14:26:00,PE,ATM+7,10.86,233100,26400.0,26043.9,352.9,354.25,352.65,353.15,1200,1763542560
2025-11-19 14:27:00,PE,ATM+7,10.99,233100,26400.0,26045.5,352.9,353.85,349.9,353.85,3525,1763542620
2025-11-19 14:28:00,PE,ATM+7,10.97,233100,26400.0,26046.05,351.1,352.8,351.1,352.2,600,1763542680
2025-11-19 14:29:00,PE,ATM+7,11.03,234225,26400.0,26045.15,352.75,355.95,350.9,353.0,2775,1763542740
2025-11-19 14:30:00,PE,ATM+7,11.13,234225,26400.0,26048.5,352.6,353.65,348.65,351.95,2925,1763542800
2025-11-19 14:31:00,PE,ATM+7,11.3,234225,26400.0,26048.65,351.0,354.8,350.5,354.8,1725,1763542860
2025-11-19 14:32:00,PE,ATM+7,11.22,234975,26400.0,26043.1,355.0,357.9,355.0,357.9,3300,1763542920
2025-11-19 14:33:00,PE,ATM+7,11.49,234975,26400.0,26042.7,358.05,360.3,358.05,359.75,5925,1763542980
2025-11-19 14:34:00,PE,ATM+7,11.51,234975,26400.0,26042.3,359.6,361.75,359.6,361.25,600,1763543040
2025-11-19 14:35:00,PE,ATM+7,11.44,238425,26400.0,26042.15,361.0,362.55,359.4,360.0,3300,1763543100
2025-11-19 14:36:00,PE,ATM+7,11.25,238425,26400.0,26041.7,359.95,361.45,358.9,359.0,2400,1763543160
2025-11-19 14:37:00,PE,ATM+7,11.41,238425,26400.0,26043.2,359.85,360.0,357.6,359.1,3000,1763543220
2025-11-19 14:38:00,PE,ATM+7,11.43,236325,26400.0,26042.95,359.0,360.0,357.95,359.8,825,1763543280
2025-11-19 14:39:00,PE,ATM+7,11.35,236325,26400.0,26048.9,360.35,360.35,350.0,353.7,2700,1763543340
2025-11-19 14:40:00,PE,ATM+7,11.89,236325,26400.0,26057.3,353.7,353.7,352.55,353.25,2475,1763543400
2025-11-19 14:41:00,PE,ATM+7,11.86,238800,26400.0,26069.15,351.65,351.65,341.7,344.15,13125,1763543460
2025-11-19 14:42:00,PE,ATM+7,12.17,238800,26400.0,26070.5,344.15,346.6,341.85,345.95,8025,1763543520
2025-11-19 14:43:00,PE,ATM+7,12.7,238800,26400.0,26072.0,344.65,352.65,344.15,351.2,7125,1763543580
2025-11-19 14:44:00,PE,ATM+7,12.24,240450,26400.0,26061.5,352.15,355.35,352.15,353.35,2025,1763543640
2025-11-19 14:45:00,PE,ATM+7,12.4,240450,26400.0,26059.8,352.25,356.5,351.35,356.5,15900,1763543700
2025-11-19 14:46:00,PE,ATM+7,12.37,240450,26400.0,26059.9,356.8,359.0,355.3,357.0,3000,1763543760
2025-11-19 14:47:00,PE,ATM+7,12.25,238650,26400.0,26061.85,355.2,355.2,352.95,353.95,1425,1763543820
2025-11-19 14:48:00,PE,ATM+7,12.23,238650,26400.0,26061.85,354.4,355.3,354.4,355.0,1200,1763543880
2025-11-19 14:49:00,PE,ATM+7,12.12,238650,26400.0,26058.6,355.15,356.0,355.0,355.0,750,1763543940
2025-11-19 14:50:00,PE,ATM+7,12.37,237975,26400.0,26063.25,353.1,354.05,352.2,353.9,1500,1763544000
2025-11-19 14:51:00,PE,ATM+7,12.12,237975,26400.0,26065.5,353.15,353.15,349.25,349.7,2325,1763544060
2025-11-19 14:52:00,PE,ATM+7,12.01,237975,26400.0,26064.05,350.15,351.45,349.35,349.5,2100,1763544120
2025-11-19 14:53:00,PE,ATM+7,12.18,238950,26400.0,26063.25,350.2,351.75,350.2,351.75,675,1763544180
2025-11-19 14:54:00,PE,ATM+7,12.04,238950,26400.0,26061.5,352.1,354.0,351.15,352.0,3975,1763544240
2025-11-19 14:55:00,PE,ATM+7,12.23,238950,26400.0,26063.45,353.05,354.9,352.65,352.7,1125,1763544300
2025-11-19 14:56:00,PE,ATM+7,12.13,237150,26400.0,26062.85,351.55,354.2,351.55,352.0,1725,1763544360
2025-11-19 14:57:00,PE,ATM+7,12.17,237150,26400.0,26059.8,352.95,354.3,352.35,354.3,1875,1763544420
2025-11-19 14:58:00,PE,ATM+7,12.02,237150,26400.0,26054.45,354.0,357.05,353.25,357.05,1575,1763544480
2025-11-19 14:59:00,PE,ATM+7,12.07,236100,26400.0,26054.85,356.5,357.75,356.4,356.4,1200,1763544540
2025-11-19 15:00:00,PE,ATM+7,12.12,236100,26400.0,26061.85,352.7,355.7,351.0,352.25,11475,1763544600
2025-11-19 15:01:00,PE,ATM+7,12.16,236100,26400.0,26059.55,352.0,354.95,352.0,354.95,2400,1763544660
2025-11-19 15:02:00,PE,ATM+7,11.98,231300,26400.0,26057.1,354.8,355.8,354.7,355.0,2325,1763544720
2025-11-19 15:03:00,PE,ATM+7,12.08,231300,26400.0,26055.5,355.35,357.25,355.1,356.65,975,1763544780
2025-11-19 15:04:00,PE,ATM+7,12.43,231300,26400.0,26052.15,356.25,364.0,355.35,364.0,8550,1763544840
2025-11-19 15:05:00,PE,ATM+7,12.1,225975,26400.0,26050.3,365.55,368.0,361.9,361.9,12750,1763544900
2025-11-19 15:06:00,PE,ATM+7,12.28,225975,26400.0,26053.65,362.35,362.35,360.0,360.7,3075,1763544960
2025-11-19 15:07:00,PE,ATM+7,12.23,225975,26400.0,26052.55,361.6,361.6,359.7,361.0,2250,1763545020
2025-11-19 15:08:00,PE,ATM+7,12.47,222750,26400.0,26053.45,361.0,363.65,361.0,362.9,2550,1763545080
2025-11-19 15:09:00,PE,ATM+7,12.55,222750,26400.0,26052.8,363.3,365.0,362.9,364.15,1800,1763545140
2025-11-19 15:10:00,PE,ATM+7,12.6,222750,26400.0,26051.7,365.0,368.0,364.3,365.7,7950,1763545200
2025-11-19 15:11:00,PE,ATM+7,12.8,219150,26400.0,26055.9,365.3,365.5,363.45,364.85,1275,1763545260
2025-11-19 15:12:00,PE,ATM+7,12.67,219150,26400.0,26057.65,364.0,364.4,359.45,362.0,3675,1763545320
2025-11-19 15:13:00,PE,ATM+7,12.67,219150,26400.0,26061.6,362.05,363.1,358.2,358.75,1725,1763545380
2025-11-19 15:14:00,PE,ATM+7,12.55,217350,26400.0,26059.1,358.8,360.0,358.8,359.6,4125,1763545440
2025-11-19 15:15:00,PE,ATM+7,12.54,217350,26400.0,26056.55,359.75,364.0,359.75,361.2,4050,1763545500
2025-11-19 15:16:00,PE,ATM+7,12.64,217350,26400.0,26054.65,361.2,364.5,360.35,363.35,4350,1763545560
2025-11-19 15:17:00,PE,ATM+7,12.57,215475,26400.0,26055.4,365.0,365.0,362.0,362.4,1500,1763545620
2025-11-19 15:18:00,PE,ATM+7,12.58,215475,26400.0,26053.45,362.95,364.3,362.95,364.3,525,1763545680
2025-11-19 15:19:00,PE,ATM+7,12.52,215475,26400.0,26053.15,363.85,364.65,363.7,364.3,2100,1763545740
2025-11-19 15:20:00,PE,ATM+7,12.35,215475,26400.0,26053.8,363.6,364.0,361.05,362.0,2175,1763545800
2025-11-19 15:21:00,PE,ATM+7,12.37,213975,26400.0,26053.4,361.35,362.5,361.0,362.5,4350,1763545860
2025-11-19 15:22:00,PE,ATM+7,12.23,213975,26400.0,26049.45,361.95,365.0,360.9,364.95,5625,1763545920
2025-11-19 15:23:00,PE,ATM+7,12.18,213975,26400.0,26046.55,366.0,369.2,365.0,365.0,4425,1763545980
2025-11-19 15:24:00,PE,ATM+7,12.11,209400,26400.0,26047.25,364.45,364.7,363.4,363.4,2775,1763546040
2025-11-19 15:25:00,PE,ATM+7,11.95,209400,26400.0,26047.4,364.0,364.0,362.1,362.6,1050,1763546100
2025-11-19 15:26:00,PE,ATM+7,11.95,207300,26400.0,26047.7,362.0,362.45,358.2,362.45,3600,1763546160
2025-11-19 15:27:00,PE,ATM+7,11.71,207300,26400.0,26046.45,362.0,362.0,359.15,359.15,2250,1763546220
2025-11-19 15:28:00,PE,ATM+7,11.55,207300,26400.0,26047.4,359.3,359.65,359.0,359.5,2850,1763546280
2025-11-19 15:29:00,PE,ATM+7,11.82,204225,26400.0,26052.7,355.9,358.1,355.3,356.2,6750,1763546340
2025-11-20 09:15:00,PE,ATM+7,10.87,23925,26450.0,26109.5,398.0,398.0,331.55,339.35,6600,1763610300
2025-11-20 09:16:00,PE,ATM+7,11.25,26625,26450.0,26089.35,332.9,361.75,332.9,358.6,9675,1763610360
2025-11-20 09:17:00,PE,ATM+7,10.89,26625,26450.0,26093.3,357.45,362.95,351.8,351.8,3675,1763610420
2025-11-20 09:18:00,PE,ATM+7,11.12,26625,26450.0,26093.65,360.7,362.1,354.8,355.15,825,1763610480
2025-11-20 09:19:00,PE,ATM+7,11.62,24750,26450.0,26099.7,360.0,360.0,351.55,353.65,1425,1763610540
2025-11-20 09:20:00,PE,ATM+7,11.82,24750,26450.0,26099.95,353.35,361.8,353.35,354.75,2775,1763610600
2025-11-20 09:21:00,PE,ATM+7,11.96,24750,26450.0,26102.8,352.65,354.85,350.85,354.85,2025,1763610660
2025-11-20 09:22:00,PE,ATM+7,12.0,24675,26450.0,26099.35,356.25,360.95,353.65,357.65,2475,1763610720
2025-11-20 09:23:00,PE,ATM+7,12.27,24675,26450.0,26088.15,361.0,369.9,359.75,369.9,5175,1763610780
2025-11-20 09:24:00,PE,ATM+7,12.63,24675,26450.0,26096.3,374.0,374.0,366.9,366.9,2100,1763610840
2025-11-20 09:25:00,PE,ATM+7,11.91,22275,26450.0,26093.25,359.55,366.85,359.55,363.3,825,1763610900
2025-11-20 09:26:00,PE,ATM+7,11.84,22275,26450.0,26089.85,366.3,366.3,364.15,364.15,525,1763610960
2025-11-20 09:27:00,PE,ATM+7,12.18,22275,26450.0,26085.55,365.0,370.15,365.0,369.35,1800,1763611020
2025-11-20 09:28:00,PE,ATM+7,12.0,23550,26450.0,26090.1,369.25,369.3,364.4,364.4,2100,1763611080
2025-11-20 09:29:00,PE,ATM+7,12.29,23550,26450.0,26104.95,364.25,364.25,355.75,356.4,750,1763611140
2025-11-20 09:30:00,PE,ATM+7,11.53,23550,26450.0,26107.6,349.55,349.65,346.15,346.15,3675,1763611200
2025-11-20 09:31:00,PE,ATM+7,11.71,23850,26450.0,26107.15,347.35,348.75,345.55,348.3,1350,1763611260
2025-11-20 09:32:00,PE,ATM+7,11.64,23850,26450.0,26109.75,346.65,349.7,345.8,346.2,1200,1763611320
2025-11-20 09:33:00,PE,ATM+7,12.28,23850,26450.0,26098.15,345.75,361.95,345.75,361.3,1500,1763611380
2025-11-20 09:34:00,PE,ATM+7,11.79,24450,26450.0,26104.5,357.95,358.45,349.4,351.6,1350,1763611440
2025-11-20 09:35:00,PE,ATM+7,11.88,24450,26450.0,26111.05,350.25,350.25,346.4,347.1,3225,1763611500
2025-11-20 09:36:00,PE,ATM+7,11.94,24450,26450.0,26105.3,347.1,352.65,345.95,352.65,1500,1763611560
2025-11-20 09:37:00,PE,ATM+7,11.65,27075,26450.0,26103.7,353.1,358.25,351.05,351.05,3000,1763611620
2025-11-20 09:38:00,PE,ATM+7,11.81,27075,26450.0,26099.15,350.4,355.05,350.4,355.05,375,1763611680
2025-11-20 09:39:00,PE,ATM+7,12.18,27075,26450.0,26104.6,351.2,354.75,351.0,354.75,525,1763611740
2025-11-20 09:40:00,PE,ATM+7,11.63,28350,26450.0,26103.0,351.45,354.0,351.45,351.6,900,1763611800
2025-11-20 09:41:00,PE,ATM+7,12.06,28350,26450.0,26102.85,350.75,355.0,350.75,355.0,1425,1763611860
2025-11-20 09:42:00,PE,ATM+7,12.05,28350,26450.0,26096.65,355.55,360.9,355.55,359.0,2925,1763611920
2025-11-20 09:43:00,PE,ATM+7,12.54,28575,26450.0,26076.55,362.0,387.05,362.0,380.85,2850,1763611980
2025-11-20 09:44:00,PE,ATM+7,12.41,28575,26450.0,26077.95,387.05,400.0,378.25,378.25,4875,1763612040
2025-11-20 09:45:00,PE,ATM+7,12.87,28575,26450.0,26078.75,380.8,391.05,380.8,381.25,1800,1763612100
2025-11-20 09:46:00,PE,ATM+7,12.16,26850,26450.0,26087.25,371.05,371.05,367.6,367.6,825,1763612160
2025-11-20 09:47:00,PE,ATM+7,12.02,26850,26450.0,26089.65,361.9,364.1,361.9,364.1,1200,1763612220
2025-11-20 09:48:00,PE,ATM+7,11.96,26850,26450.0,26086.15,367.25,368.4,367.25,367.25,450,1763612280
2025-11-20 09:49:00,PE,ATM+7,12.44,26550,26450.0,26088.65,377.6,377.6,369.45,369.45,225,1763612340
2025-11-20 09:50:00,PE,ATM+7,12.8,26550,26450.0,26093.55,369.45,369.45,369.45,369.45,0,1763612400
2025-11-20 09:51:00,PE,ATM+7,12.07,26550,26450.0,26087.75,360.65,368.7,360.65,367.4,750,1763612460
2025-11-20 09:52:00,PE,ATM+7,12.23,26400,26450.0,26094.05,369.05,369.05,360.95,363.65,1200,1763612520
2025-11-20 09:53:00,PE,ATM+7,12.38,26400,26450.0,26087.5,365.65,370.9,365.65,370.9,300,1763612580
2025-11-20 09:54:00,PE,ATM+7,12.52,26400,26450.0,26084.4,373.8,373.8,373.8,373.8,75,1763612640
2025-11-20 09:55:00,PE,ATM+7,12.63,26025,26450.0,26088.15,378.0,378.0,373.0,373.0,375,1763612700
2025-11-20 09:56:00,PE,ATM+7,12.13,26025,26450.0,26091.25,367.8,369.4,365.9,365.9,375,1763612760
2025-11-20 09:57:00,PE,ATM+7,12.21,26025,26450.0,26083.0,368.75,374.35,368.75,372.05,525,1763612820
2025-11-20 09:58:00,PE,ATM+7,12.36,26025,26450.0,26085.4,372.05,372.05,372.05,372.05,0,1763612880
2025-11-20 09:59:00,PE,ATM+7,12.41,25875,26450.0,26077.2,378.25,378.25,378.25,378.25,75,1763612940
2025-11-20 10:00:00,PE,ATM+7,12.3,25875,26450.0,26082.55,374.0,374.0,372.4,372.4,3225,1763613000
2025-11-20 10:01:00,PE,ATM+7,11.79,25875,26450.0,26078.7,370.15,371.7,369.25,371.7,300,1763613060
2025-11-20 10:02:00,PE,ATM+7,12.31,26475,26450.0,26077.2,374.85,377.15,373.7,377.15,225,1763613120
2025-11-20 10:03:00,PE,ATM+7,12.5,26475,26450.0,26079.45,377.1,379.5,376.35,376.35,1950,1763613180
2025-11-20 10:04:00,PE,ATM+7,12.64,27225,26450.0,26085.05,374.45,374.45,374.45,374.45,375,1763613240
2025-11-20 10:05:00,PE,ATM+7,12.47,27225,26450.0,26090.55,372.5,372.5,368.0,368.3,300,1763613300
2025-11-20 10:06:00,PE,ATM+7,12.35,27225,26450.0,26098.5,365.2,365.2,360.05,360.15,5400,1763613360
2025-11-20 10:07:00,PE,ATM+7,11.91,24600,26450.0,26101.55,359.35,359.7,353.7,353.7,750,1763613420
2025-11-20 10:08:00,PE,ATM+7,12.12,24600,26450.0,26101.75,352.5,359.4,352.5,356.7,600,1763613480
2025-11-20 10:09:00,PE,ATM+7,12.04,24600,26450.0,26099.45,357.25,357.25,357.25,357.25,150,1763613540
2025-11-20 10:10:00,PE,ATM+7,11.99,24600,26450.0,26094.3,358.2,360.45,356.6,360.45,450,1763613600
2025-11-20 10:11:00,PE,ATM+7,11.76,24600,26450.0,26091.65,361.05,361.05,360.45,360.45,375,1763613660
2025-11-20 10:12:00,PE,ATM+7,11.73,24600,26450.0,26096.7,361.65,361.65,356.6,356.6,825,1763613720
2025-11-20 10:13:00,PE,ATM+7,11.31,24450,26450.0,26103.55,355.6,355.6,348.0,348.0,450,1763613780
2025-11-20 10:14:00,PE,ATM+7,11.45,24450,26450.0,26099.65,348.85,351.1,344.55,351.1,750,1763613840
2025-11-20 10:15:00,PE,ATM+7,11.44,24450,26450.0,26098.0,349.5,353.05,349.5,353.05,225,1763613900
2025-11-20 10:16:00,PE,ATM+7,11.08,24375,26450.0,26107.95,352.85,352.85,341.45,341.45,300,1763613960
2025-11-20 10:17:00,PE,ATM+7,11.76,24375,26450.0,26101.45,344.55,353.0,344.55,353.0,900,1763614020
2025-11-20 10:18:00,PE,ATM+7,11.7,24375,26450.0,26103.2,351.8,351.8,349.9,349.9,150,1763614080
2025-11-20 10:19:00,PE,ATM+7,11.37,24600,26450.0,26103.5,347.1,347.1,347.1,347.1,150,1763614140
2025-11-20 10:20:00,PE,ATM+7,11.03,24600,26450.0,26102.05,345.0,346.05,345.0,346.05,450,1763614200
2025-11-20 10:21:00,PE,ATM+7,10.99,24600,26450.0,26100.35,346.5,346.5,346.5,346.5,525,1763614260
2025-11-20 10:22:00,PE,ATM+7,11.13,25200,26450.0,26101.45,345.6,347.85,345.6,347.25,450,1763614320
2025-11-20 10:23:00,PE,ATM+7,11.05,25200,26450.0,26100.4,347.25,347.25,347.25,347.25,0,1763614380
2025-11-20 10:24:00,PE,ATM+7,11.29,25200,26450.0,26101.0,350.8,350.8,348.5,348.5,300,1763614440
2025-11-20 10:25:00,PE,ATM+7,11.67,25200,26450.0,26106.15,348.5,348.5,348.5,348.5,0,1763614500
2025-11-20 10:26:00,PE,ATM+7,12.04,25275,26450.0,26104.35,353.0,353.0,353.0,353.0,525,1763614560
2025-11-20 10:27:00,PE,ATM+7,11.33,25275,26450.0,26103.85,345.35,347.45,345.25,346.35,1200,1763614620
2025-11-20 10:28:00,PE,ATM+7,11.55,24225,26450.0,26109.55,345.75,346.65,344.75,344.75,225,1763614680
2025-11-20 10:29:00,PE,ATM+7,11.48,24225,26450.0,26113.75,342.0,342.0,339.7,340.35,825,1763614740
2025-11-20 10:30:00,PE,ATM+7,11.77,24225,26450.0,26119.45,339.25,341.8,338.65,338.65,3150,1763614800
2025-11-20 10:31:00,PE,ATM+7,11.53,26250,26450.0,26118.7,338.0,338.0,336.5,336.5,1200,1763614860
2025-11-20 10:32:00,PE,ATM+7,11.46,26250,26450.0,26116.5,338.2,339.15,336.65,338.95,1350,1763614920
2025-11-20 10:33:00,PE,ATM+7,11.46,26250,26450.0,26118.1,338.55,338.75,337.0,337.0,300,1763614980
2025-11-20 10:34:00,PE,ATM+7,11.24,26250,26450.0,26117.8,336.3,336.3,336.3,336.3,150,1763615040
2025-11-20 10:35:00,PE,ATM+7,11.3,26550,26450.0,26116.45,338.65,338.85,337.05,337.05,300,1763615100
2025-11-20 10:36:00,PE,ATM+7,11.55,26550,26450.0,26117.0,337.6,339.45,337.15,338.55,1275,1763615160
2025-11-20 10:37:00,PE,ATM+7,11.44,27675,26450.0,26119.65,336.4,337.95,335.8,335.8,750,1763615220
2025-11-20 10:38:00,PE,ATM+7,11.18,27675,26450.0,26119.2,335.1,335.1,333.4,334.7,1425,1763615280
2025-11-20 10:39:00,PE,ATM+7,11.52,27675,26450.0,26119.6,336.55,337.0,336.55,337.0,825,1763615340
2025-11-20 10:40:00,PE,ATM+7,11.31,921450,26500.0,26128.15,380.6,382.5,368.0,368.4,20700,1763615400
2025-11-20 10:41:00,PE,ATM+7,11.79,921450,26500.0,26126.3,368.65,374.2,367.75,373.1,12675,1763615460
2025-11-20 10:42:00,PE,ATM+7,11.38,28425,26450.0,26124.35,331.05,332.0,330.25,330.7,1275,1763615520
2025-11-20 10:43:00,PE,ATM+7,11.53,933075,26500.0,26128.3,374.65,377.0,366.5,368.4,13200,1763615580
2025-11-20 10:44:00,PE,ATM+7,11.42,933075,26500.0,26128.4,370.0,371.75,369.5,369.5,3825,1763615640
2025-11-20 10:45:00,PE,ATM+7,11.41,933075,26500.0,26127.25,370.1,371.75,368.85,369.3,2625,1763615700
2025-11-20 10:46:00,PE,ATM+7,11.36,936675,26500.0,26127.65,369.45,370.75,366.8,367.8,5100,1763615760
2025-11-20 10:47:00,PE,ATM+7,11.34,936675,26500.0,26132.65,367.25,367.45,360.8,363.5,7950,1763615820
2025-11-20 10:48:00,PE,ATM+7,11.02,936675,26500.0,26139.3,363.25,363.25,356.65,357.1,11475,1763615880
2025-11-20 10:49:00,PE,ATM+7,11.0,950775,26500.0,26140.4,357.7,359.4,354.4,354.5,6150,1763615940
2025-11-20 10:50:00,PE,ATM+7,10.96,950775,26500.0,26139.5,355.6,357.1,352.55,355.75,7800,1763616000
2025-11-20 10:51:00,PE,ATM+7,10.87,950775,26500.0,26139.4,355.55,356.25,353.7,354.2,12600,1763616060
2025-11-20 10:52:00,PE,ATM+7,10.9,946650,26500.0,26143.25,354.0,355.3,350.6,351.35,9150,1763616120
2025-11-20 10:53:00,PE,ATM+7,10.93,946650,26500.0,26141.1,351.35,354.4,351.0,353.6,7575,1763616180
2025-11-20 10:54:00,PE,ATM+7,11.17,946650,26500.0,26138.8,354.0,358.4,354.0,358.4,5850,1763616240
2025-11-20 10:55:00,PE,ATM+7,11.36,943650,26500.0,26136.35,359.1,365.25,358.05,361.2,13275,1763616300
2025-11-20 10:56:00,PE,ATM+7,11.29,943650,26500.0,26136.6,361.0,362.25,358.75,360.9,19275,1763616360
2025-11-20 10:57:00,PE,ATM+7,11.51,943650,26500.0,26134.5,362.0,364.15,360.65,364.15,11325,1763616420
2025-11-20 10:58:00,PE,ATM+7,11.38,926175,26500.0,26134.0,363.1,364.5,361.6,364.5,14400,1763616480
2025-11-20 10:59:00,PE,ATM+7,11.71,926175,26500.0,26130.55,364.3,370.05,364.3,370.05,7350,1763616540
2025-11-20 11:00:00,PE,ATM+7,12.01,926175,26500.0,26127.3,370.3,375.75,368.55,374.75,14175,1763616600
2025-11-20 11:01:00,PE,ATM+7,11.85,914625,26500.0,26129.85,377.15,377.15,371.0,371.0,6225,1763616660
2025-11-20 11:02:00,PE,ATM+7,11.68,914625,26500.0,26130.25,370.3,372.6,368.0,368.55,6225,1763616720
2025-11-20 11:03:00,PE,ATM+7,11.75,914625,26500.0,26133.7,368.0,370.15,367.05,367.05,3375,1763616780
2025-11-20 11:04:00,PE,ATM+7,11.72,918675,26500.0,26136.6,367.65,367.65,365.0,365.45,3975,1763616840
2025-11-20 11:05:00,PE,ATM+7,11.94,918675,26500.0,26136.9,367.3,367.3,363.8,366.0,600,1763616900
2025-11-20 11:06:00,PE,ATM+7,11.95,918675,26500.0,26136.1,366.4,367.0,364.95,366.7,3075,1763616960
2025-11-20 11:07:00,PE,ATM+7,11.89,918975,26500.0,26134.05,367.0,371.55,367.0,369.75,6525,1763617020
2025-11-20 11:08:00,PE,ATM+7,11.92,918975,26500.0,26139.35,371.15,371.15,364.0,364.0,3750,1763617080
2025-11-20 11:09:00,PE,ATM+7,11.91,918975,26500.0,26138.05,363.95,364.0,362.8,363.95,2025,1763617140
2025-11-20 11:10:00,PE,ATM+7,11.77,921225,26500.0,26140.2,363.25,364.25,361.85,362.25,4950,1763617200
2025-11-20 11:11:00,PE,ATM+7,11.64,921225,26500.0,26138.05,361.75,364.35,361.75,362.45,2550,1763617260
2025-11-20 11:12:00,PE,ATM+7,11.48,921225,26500.0,26138.7,362.7,363.35,360.6,360.6,1275,1763617320
2025-11-20 11:13:00,PE,ATM+7,11.47,922500,26500.0,26139.4,363.8,363.8,359.55,360.55,2925,1763617380
2025-11-20 11:14:00,PE,ATM+7,11.88,922500,26500.0,26133.1,360.1,369.15,360.1,368.8,8400,1763617440
2025-11-20 11:15:00,PE,ATM+7,12.13,922500,26500.0,26133.15,369.8,371.15,367.5,371.15,5850,1763617500
2025-11-20 11:16:00,PE,ATM+7,12.13,925800,26500.0,26135.5,372.0,374.0,368.55,369.4,15825,1763617560
2025-11-20 11:17:00,PE,ATM+7,12.16,925800,26500.0,26132.15,369.95,374.0,368.6,372.1,10800,1763617620
2025-11-20 11:18:00,PE,ATM+7,11.93,925800,26500.0,26128.75,370.85,376.6,370.85,372.8,5100,1763617680
2025-11-20 11:19:00,PE,ATM+7,12.29,918150,26500.0,26127.8,373.75,376.75,373.2,376.3,6000,1763617740
2025-11-20 11:20:00,PE,ATM+7,11.89,918150,26500.0,26130.35,376.3,376.3,371.5,371.5,5175,1763617800
2025-11-20 11:21:00,PE,ATM+7,12.07,918150,26500.0,26131.65,371.4,373.5,368.95,373.05,4275,1763617860
2025-11-20 11:22:00,PE,ATM+7,12.15,921075,26500.0,26132.05,376.0,377.7,372.6,372.9,1875,1763617920
2025-11-20 11:23:00,PE,ATM+7,12.18,921075,26500.0,26134.85,371.2,373.95,370.0,370.25,1200,1763617980
2025-11-20 11:24:00,PE,ATM+7,11.99,921075,26500.0,26137.35,371.0,371.0,365.2,366.7,3150,1763618040
2025-11-20 11:25:00,PE,ATM+7,12.01,922725,26500.0,26137.35,366.65,366.65,364.2,366.2,1200,1763618100
2025-11-20 11:26:00,PE,ATM+7,12.19,922725,26500.0,26138.15,365.5,367.6,365.35,367.6,1275,1763618160
2025-11-20 11:27:00,PE,ATM+7,11.85,922725,26500.0,26136.25,366.85,368.9,364.1,366.7,4425,1763618220
2025-11-20 11:28:00,PE,ATM+7,11.81,924450,26500.0,26133.8,366.15,368.4,366.15,367.9,4800,1763618280
2025-11-20 11:29:00,PE,ATM+7,11.87,924450,26500.0,26136.6,366.9,368.95,365.3,365.35,900,1763618340
2025-11-20 11:30:00,PE,ATM+7,11.87,924450,26500.0,26135.25,365.75,369.8,365.3,367.05,1950,1763618400
2025-11-20 11:31:00,PE,ATM+7,11.95,925650,26500.0,26136.0,369.1,370.8,367.45,367.45,3375,1763618460
2025-11-20 11:32:00,PE,ATM+7,12.04,925650,26500.0,26140.3,366.15,367.0,362.0,364.1,4500,1763618520
2025-11-20 11:33:00,PE,ATM+7,11.7,925650,26500.0,26143.05,363.2,363.2,357.55,358.3,5850,1763618580
2025-11-20 11:34:00,PE,ATM+7,11.62,933600,26500.0,26147.35,356.95,358.0,351.35,355.0,12375,1763618640
2025-11-20 11:35:00,PE,ATM+7,11.59,933600,26500.0,26145.35,356.3,359.3,355.65,357.1,6000,1763618700
2025-11-20 11:36:00,PE,ATM+7,11.69,933600,26500.0,26143.75,358.05,359.05,357.1,358.85,3000,1763618760
2025-11-20 11:37:00,PE,ATM+7,11.62,938700,26500.0,26143.3,358.5,360.0,356.0,357.9,6975,1763618820
2025-11-20 11:38:00,PE,ATM+7,11.28,938700,26500.0,26142.7,357.75,358.4,356.25,356.3,825,1763618880
2025-11-20 11:39:00,PE,ATM+7,11.14,938700,26500.0,26142.55,357.25,357.25,353.5,355.75,6225,1763618940
2025-11-20 11:40:00,PE,ATM+7,11.19,946050,26500.0,26141.95,355.4,357.0,355.35,356.0,7500,1763619000
2025-11-20 11:41:00,PE,ATM+7,11.11,946050,26500.0,26139.6,355.75,359.95,355.75,357.0,6225,1763619060
2025-11-20 11:42:00,PE,ATM+7,11.32,946050,26500.0,26140.1,356.85,359.1,356.85,358.35,3150,1763619120
2025-11-20 11:43:00,PE,ATM+7,11.15,958050,26500.0,26143.85,359.55,359.55,351.15,353.5,12450,1763619180
2025-11-20 11:44:00,PE,ATM+7,11.18,958050,26500.0,26145.75,352.85,353.7,351.0,352.35,3750,1763619240
2025-11-20 11:45:00,PE,ATM+7,11.01,958050,26500.0,26143.6,352.0,353.8,352.0,353.25,6150,1763619300
2025-11-20 11:46:00,PE,ATM+7,11.68,958650,26500.0,26138.45,354.5,363.35,354.5,363.35,6750,1763619360
2025-11-20 11:47:00,PE,ATM+7,11.62,958650,26500.0,26134.4,363.9,367.15,363.2,366.05,11925,1763619420
2025-11-20 11:48:00,PE,ATM+7,11.84,958650,26500.0,26137.05,366.75,367.2,363.8,365.0,9375,1763619480
2025-11-20 11:49:00,PE,ATM+7,11.75,946800,26500.0,26134.1,364.45,368.0,364.45,366.95,3525,1763619540
2025-11-20 11:50:00,PE,ATM+7,11.67,946800,26500.0,26134.45,367.0,367.85,365.0,365.0,3150,1763619600
2025-11-20 11:51:00,PE,ATM+7,11.67,946800,26500.0,26134.85,365.25,368.5,365.25,365.7,2700,1763619660
2025-11-20 11:52:00,PE,ATM+7,11.91,943200,26500.0,26129.55,365.0,374.05,363.7,372.3,9975,1763619720
2025-11-20 11:53:00,PE,ATM+7,11.54,943200,26500.0,26130.55,371.1,374.4,368.1,368.1,13575,1763619780
2025-11-20 11:54:00,PE,ATM+7,11.67,943200,26500.0,26133.5,368.9,369.65,366.3,366.3,3975,1763619840
2025-11-20 11:55:00,PE,ATM+7,11.63,945825,26500.0,26136.2,366.75,366.95,363.6,363.9,7575,1763619900
2025-11-20 11:56:00,PE,ATM+7,11.52,945825,26500.0,26137.0,365.25,365.65,361.0,362.1,6150,1763619960
2025-11-20 11:57:00,PE,ATM+7,11.27,945825,26500.0,26138.8,361.8,362.05,357.95,357.95,2100,1763620020
2025-11-20 11:58:00,PE,ATM+7,11.27,943050,26500.0,26142.7,358.6,360.5,355.75,355.75,15825,1763620080
2025-11-20 11:59:00,PE,ATM+7,11.18,943050,26500.0,26143.5,354.9,355.35,353.4,353.4,4050,1763620140
2025-11-20 12:00:00,PE,ATM+7,11.33,943050,26500.0,26150.5,352.4,353.55,348.45,349.7,17850,1763620200
2025-11-20 12:01:00,PE,ATM+7,11.3,960375,26500.0,26150.7,349.6,350.2,348.0,349.3,14175,1763620260
2025-11-20 12:02:00,PE,ATM+7,11.39,960375,26500.0,26144.7,350.2,355.65,349.8,354.5,7125,1763620320
2025-11-20 12:03:00,PE,ATM+7,11.55,960375,26500.0,26143.25,355.05,358.0,354.9,357.3,10950,1763620380
2025-11-20 12:04:00,PE,ATM+7,11.59,969000,26500.0,26145.7,356.65,356.95,355.2,355.2,825,1763620440
2025-11-20 12:05:00,PE,ATM+7,11.58,969000,26500.0,26145.35,354.0,356.0,353.1,356.0,1725,1763620500
2025-11-20 12:06:00,PE,ATM+7,11.38,969000,26500.0,26146.75,356.15,356.15,353.0,353.75,675,1763620560
2025-11-20 12:07:00,PE,ATM+7,11.4,969825,26500.0,26144.85,354.4,355.95,353.4,354.95,3225,1763620620
2025-11-20 12:08:00,PE,ATM+7,11.33,969825,26500.0,26143.0,355.05,356.65,355.0,356.65,2325,1763620680
2025-11-20 12:09:00,PE,ATM+7,11.21,969825,26500.0,26140.65,356.75,358.0,355.95,357.0,8925,1763620740
2025-11-20 12:10:00,PE,ATM+7,11.24,965475,26500.0,26141.7,357.0,357.0,355.25,356.5,5700,1763620800
2025-11-20 12:11:00,PE,ATM+7,11.24,965475,26500.0,26143.25,355.9,356.65,354.35,354.85,3975,1763620860
2025-11-20 12:12:00,PE,ATM+7,11.26,965475,26500.0,26143.05,355.85,356.35,354.35,354.35,3075,1763620920
2025-11-20 12:13:00,PE,ATM+7,11.14,965475,26500.0,26142.0,354.0,354.25,352.25,354.25,3525,1763620980
2025-11-20 12:14:00,PE,ATM+7,11.45,968700,26500.0,26146.05,354.9,355.4,354.0,354.75,1575,1763621040
2025-11-20 12:15:00,PE,ATM+7,11.3,968700,26500.0,26143.7,352.0,354.65,352.0,354.6,2550,1763621100
2025-11-20 12:16:00,PE,ATM+7,11.21,972750,26500.0,26148.2,354.0,354.0,348.4,350.1,10050,1763621160
2025-11-20 12:17:00,PE,ATM+7,11.16,972750,26500.0,26136.15,350.7,359.9,350.7,359.9,12075,1763621220
2025-11-20 12:18:00,PE,ATM+7,11.22,972750,26500.0,26143.45,357.45,359.2,354.0,354.9,6675,1763621280
2025-11-20 12:19:00,PE,ATM+7,11.33,972750,26500.0,26147.45,355.0,355.0,352.7,353.05,11550,1763621340
2025-11-20 12:20:00,PE,ATM+7,11.6,960975,26500.0,26143.85,354.7,356.0,353.7,356.0,4875,1763621400
2025-11-20 12:21:00,PE,ATM+7,11.07,960975,26500.0,26144.05,355.85,355.85,351.45,352.5,2700,1763621460
2025-11-20 12:22:00,PE,ATM+7,11.02,960975,26500.0,26144.95,352.75,353.5,351.5,351.75,4575,1763621520
2025-11-20 12:23:00,PE,ATM+7,11.1,966825,26500.0,26150.25,351.0,351.0,344.4,348.05,18225,1763621580
2025-11-20 12:24:00,PE,ATM+7,11.38,966825,26500.0,26154.15,348.05,348.05,338.0,347.35,30450,1763621640
2025-11-20 12:25:00,PE,ATM+7,11.12,976800,26500.0,26156.3,346.0,347.0,344.0,344.0,7575,1763621700
2025-11-20 12:26:00,PE,ATM+7,11.13,976800,26500.0,26155.55,344.2,345.2,342.6,344.65,7950,1763621760
2025-11-20 12:27:00,PE,ATM+7,10.91,976800,26500.0,26155.05,344.55,344.55,340.0,342.45,7275,1763621820
2025-11-20 12:28:00,PE,ATM+7,11.02,976800,26500.0,26160.25,342.2,342.2,335.7,338.3,16800,1763621880
2025-11-20 12:29:00,PE,ATM+7,10.76,978375,26500.0,26160.0,337.2,338.0,336.5,337.05,7050,1763621940
2025-11-20 12:30:00,PE,ATM+7,10.69,978375,26500.0,26162.3,335.7,337.5,334.15,336.15,9900,1763622000
2025-11-20 12:31:00,PE,ATM+7,10.97,978375,26500.0,26160.55,336.25,337.95,336.0,337.5,6900,1763622060
2025-11-20 12:32:00,PE,ATM+7,11.02,981000,26500.0,26160.1,337.0,339.8,335.9,338.9,9075,1763622120
2025-11-20 12:33:00,PE,ATM+7,10.89,981000,26500.0,26165.15,337.0,337.0,331.1,333.55,16800,1763622180
2025-11-20 12:34:00,PE,ATM+7,10.94,981000,26500.0,26164.65,331.15,336.0,331.15,335.0,7275,1763622240
2025-11-20 12:35:00,PE,ATM+7,11.01,974700,26500.0,26167.25,333.85,335.0,332.75,334.25,3825,1763622300
2025-11-20 12:36:00,PE,ATM+7,10.9,974700,26500.0,26165.9,333.0,336.35,332.55,333.5,4425,1763622360
2025-11-20 12:37:00,PE,ATM+7,11.07,974700,26500.0,26165.5,333.55,335.1,332.6,334.0,2025,1763622420
2025-11-20 12:38:00,PE,ATM+7,11.07,977475,26500.0,26167.65,334.0,334.65,333.4,333.5,1125,1763622480
2025-11-20 12:39:00,PE,ATM+7,11.14,977475,26500.0,26168.55,333.5,334.15,332.6,334.1,10275,1763622540
2025-11-20 12:40:00,PE,ATM+7,11.16,977475,26500.0,26168.25,333.85,335.0,333.0,334.0,9300,1763622600
2025-11-20 12:41:00,PE,ATM+7,11.08,981000,26500.0,26167.4,334.65,336.35,333.0,334.45,7200,1763622660
2025-11-20 12:42:00,PE,ATM+7,11.23,981000,26500.0,26169.45,335.15,335.35,330.8,334.0,9600,1763622720
2025-11-20 12:43:00,PE,ATM+7,11.15,981000,26500.0,26169.3,334.05,335.0,331.15,331.6,13200,1763622780
2025-11-20 12:44:00,PE,ATM+7,11.26,989925,26500.0,26170.35,331.5,333.75,329.1,333.0,13950,1763622840
2025-11-20 12:45:00,PE,ATM+7,11.15,989925,26500.0,26173.0,333.0,333.0,330.9,330.9,3750,1763622900
2025-11-20 12:46:00,PE,ATM+7,11.48,989925,26500.0,26172.9,331.55,333.1,327.65,333.1,21075,1763622960
2025-11-20 12:47:00,PE,ATM+7,11.49,982425,26500.0,26174.5,331.7,332.75,331.3,332.2,5325,1763623020
2025-11-20 12:48:00,PE,ATM+7,11.53,982425,26500.0,26174.85,331.0,332.4,330.0,332.1,5550,1763623080
2025-11-20 12:49:00,PE,ATM+7,11.33,982425,26500.0,26174.1,331.9,331.9,330.0,331.8,3525,1763623140
2025-11-20 12:50:00,PE,ATM+7,11.96,28650,26550.0,26175.35,376.25,376.25,376.25,376.25,0,1763623200
2025-11-20 12:51:00,PE,ATM+7,11.52,988725,26500.0,26172.65,331.1,334.55,331.1,333.9,6225,1763623260
2025-11-20 12:52:00,PE,ATM+7,11.57,988725,26500.0,26170.7,333.5,336.75,331.65,336.75,15900,1763623320
2025-11-20 12:53:00,PE,ATM+7,11.49,981300,26500.0,26170.45,336.95,338.35,332.7,334.5,6375,1763623380
2025-11-20 12:54:00,PE,ATM+7,11.73,981300,26500.0,26171.65,334.75,336.9,334.75,336.9,4350,1763623440
2025-11-20 12:55:00,PE,ATM+7,11.5,981300,26500.0,26170.65,335.0,336.3,334.5,335.9,8475,1763623500
2025-11-20 12:56:00,PE,ATM+7,11.63,978600,26500.0,26168.65,338.0,338.0,336.55,337.55,9525,1763623560
2025-11-20 12:57:00,PE,ATM+7,11.61,978600,26500.0,26171.6,337.0,339.2,337.0,337.0,3075,1763623620
2025-11-20 12:58:00,PE,ATM+7,11.84,978600,26500.0,26170.8,334.75,337.75,334.75,337.0,3825,1763623680
2025-11-20 12:59:00,PE,ATM+7,11.62,983175,26500.0,26172.15,336.1,337.0,335.0,335.0,2100,1763623740
2025-11-20 13:00:00,PE,ATM+7,11.47,983175,26500.0,26173.65,335.3,336.0,331.7,332.0,4725,1763623800
2025-11-20 13:01:00,PE,ATM+7,12.18,29400,26550.0,26178.35,375.0,375.4,375.0,375.4,825,1763623860
2025-11-20 13:02:00,PE,ATM+7,11.93,29775,26550.0,26179.8,370.0,371.9,370.0,371.9,300,1763623920
2025-11-20 13:03:00,PE,ATM+7,11.83,29775,26550.0,26182.55,369.85,369.85,368.65,369.1,825,1763623980
2025-11-20 13:04:00,PE,ATM+7,11.89,29775,26550.0,26181.2,370.45,370.9,370.45,370.9,375,1763624040
2025-11-20 13:05:00,PE,ATM+7,11.81,30675,26550.0,26180.1,370.75,371.3,370.75,371.3,150,1763624100
2025-11-20 13:06:00,PE,ATM+7,12.13,30675,26550.0,26176.65,375.45,375.45,375.45,375.45,75,1763624160
2025-11-20 13:07:00,PE,ATM+7,12.24,30675,26550.0,26176.1,377.65,378.0,377.65,378.0,150,1763624220
2025-11-20 13:08:00,PE,ATM+7,11.89,987000,26500.0,26173.25,335.0,337.75,334.25,337.3,14175,1763624280
2025-11-20 13:09:00,PE,ATM+7,11.79,987000,26500.0,26173.7,338.0,341.2,335.2,335.6,17100,1763624340
2025-11-20 13:10:00,PE,ATM+7,12.31,30825,26550.0,26178.65,375.95,375.95,375.95,375.95,900,1763624400
2025-11-20 13:11:00,PE,ATM+7,12.38,29925,26550.0,26177.9,377.65,377.65,377.65,377.65,450,1763624460
2025-11-20 13:12:00,PE,ATM+7,12.73,29925,26550.0,26178.65,370.45,380.05,369.2,380.05,1200,1763624520
2025-11-20 13:13:00,PE,ATM+7,12.03,978375,26500.0,26173.75,333.8,337.9,333.45,335.9,6750,1763624580
2025-11-20 13:14:00,PE,ATM+7,12.43,29925,26550.0,26177.8,379.75,379.75,378.35,378.35,150,1763624640
2025-11-20 13:15:00,PE,ATM+7,12.41,29775,26550.0,26176.05,375.6,378.5,375.6,378.5,225,1763624700
2025-11-20 13:16:00,PE,ATM+7,12.38,29775,26550.0,26176.65,378.5,378.5,378.5,378.5,0,1763624760
2025-11-20 13:17:00,PE,ATM+7,12.42,29850,26550.0,26180.25,375.2,375.2,373.75,375.15,750,1763624820
2025-11-20 13:18:00,PE,ATM+7,12.47,29850,26550.0,26182.2,374.05,374.05,374.05,374.05,300,1763624880
2025-11-20 13:19:00,PE,ATM+7,12.5,29850,26550.0,26182.7,374.05,374.05,374.05,374.05,0,1763624940
2025-11-20 13:20:00,PE,ATM+7,11.35,986250,26500.0,26174.85,325.1,333.7,325.1,331.0,10650,1763625000
2025-11-20 13:21:00,PE,ATM+7,12.32,30300,26550.0,26178.55,375.2,375.2,375.2,375.2,0,1763625060
2025-11-20 13:22:00,PE,ATM+7,12.46,30300,26550.0,26181.95,375.2,375.2,375.2,375.2,0,1763625120
2025-11-20 13:23:00,PE,ATM+7,12.21,30300,26550.0,26185.85,369.2,369.2,365.0,367.9,525,1763625180
2025-11-20 13:24:00,PE,ATM+7,11.84,30450,26550.0,26187.55,366.5,366.5,360.0,365.7,3450,1763625240
2025-11-20 13:25:00,PE,ATM+7,11.99,30450,26550.0,26191.6,364.95,364.95,361.9,361.9,1575,1763625300
2025-11-20 13:26:00,PE,ATM+7,11.33,33150,26550.0,26199.45,357.35,357.35,348.1,351.5,2850,1763625360
2025-11-20 13:27:00,PE,ATM+7,11.34,33150,26550.0,26197.15,351.8,352.8,351.8,352.35,1200,1763625420
2025-11-20 13:28:00,PE,ATM+7,10.88,33150,26550.0,26201.05,350.75,351.3,345.0,345.0,1650,1763625480
2025-11-20 13:29:00,PE,ATM+7,11.27,35175,26550.0,26203.25,345.0,349.3,345.0,347.4,2400,1763625540
2025-11-20 13:30:00,PE,ATM+7,11.13,35175,26550.0,26202.15,346.55,348.1,345.65,347.35,1650,1763625600
2025-11-20 13:31:00,PE,ATM+7,11.18,35175,26550.0,26201.15,348.3,348.85,348.15,348.7,300,1763625660
2025-11-20 13:32:00,PE,ATM+7,11.29,36450,26550.0,26201.9,349.15,349.5,347.55,349.5,1950,1763625720
2025-11-20 13:33:00,PE,ATM+7,10.97,36450,26550.0,26202.55,348.0,348.0,344.7,344.7,675,1763625780
2025-11-20 13:34:00,PE,ATM+7,10.89,36450,26550.0,26200.05,346.2,346.45,346.2,346.45,225,1763625840
2025-11-20 13:35:00,PE,ATM+7,10.91,36750,26550.0,26203.65,346.45,346.45,340.0,342.5,1125,1763625900
2025-11-20 13:36:00,PE,ATM+7,11.17,36750,26550.0,26205.85,342.05,343.75,342.05,343.75,825,1763625960
2025-11-20 13:37:00,PE,ATM+7,10.63,36750,26550.0,26207.8,342.9,343.15,338.0,338.0,225,1763626020
2025-11-20 13:38:00,PE,ATM+7,10.89,38850,26550.0,26207.75,336.1,342.1,335.95,339.15,5475,1763626080
2025-11-20 13:39:00,PE,ATM+7,10.27,38850,26550.0,26213.4,340.0,340.2,330.2,330.2,8025,1763626140
2025-11-20 13:40:00,PE,ATM+7,10.7,38850,26550.0,26209.6,334.65,336.9,334.45,336.75,2850,1763626200
2025-11-20 13:41:00,PE,ATM+7,10.59,38925,26550.0,26209.15,340.0,340.0,336.75,336.75,450,1763626260
2025-11-20 13:42:00,PE,ATM+7,10.02,38925,26550.0,26208.4,335.85,336.95,330.15,331.75,22800,1763626320
2025-11-20 13:43:00,PE,ATM+7,10.41,38925,26550.0,26208.1,333.7,334.65,330.0,334.2,11700,1763626380
2025-11-20 13:44:00,PE,ATM+7,9.91,57225,26550.0,26206.1,334.2,335.15,331.15,333.65,900,1763626440
2025-11-20 13:45:00,PE,ATM+7,10.42,57225,26550.0,26211.9,335.5,335.5,333.3,333.3,2775,1763626500
2025-11-20 13:46:00,PE,ATM+7,10.68,57225,26550.0,26213.65,333.3,333.5,331.7,333.5,1050,1763626560
2025-11-20 13:47:00,PE,ATM+7,10.59,63225,26550.0,26200.85,335.8,342.0,335.8,338.95,8100,1763626620
2025-11-20 13:48:00,PE,ATM+7,10.53,63225,26550.0,26207.05,338.9,339.35,336.6,336.7,1575,1763626680
2025-11-20 13:49:00,PE,ATM+7,10.07,63225,26550.0,26211.95,334.25,334.25,329.45,329.45,2250,1763626740
2025-11-20 13:50:00,PE,ATM+7,10.15,63600,26550.0,26213.55,329.75,331.1,328.5,329.0,2700,1763626800
2025-11-20 13:51:00,PE,ATM+7,10.02,63600,26550.0,26211.3,330.3,330.3,329.0,329.0,375,1763626860
2025-11-20 13:52:00,PE,ATM+7,9.6,63600,26550.0,26220.75,329.1,330.85,318.6,318.6,3825,1763626920
2025-11-20 13:53:00,PE,ATM+7,9.76,63675,26550.0,26225.0,318.6,319.7,315.0,315.05,3975,1763626980
2025-11-20 13:54:00,PE,ATM+7,9.96,63675,26550.0,26224.85,314.45,318.5,314.45,318.5,975,1763627040
2025-11-20 13:55:00,PE,ATM+7,9.84,63675,26550.0,26224.75,317.9,320.1,317.0,317.0,1275,1763627100
2025-11-20 13:56:00,PE,ATM+7,9.99,64275,26550.0,26224.2,319.95,319.95,318.7,319.0,1875,1763627160
2025-11-20 13:57:00,PE,ATM+7,10.11,64275,26550.0,26223.75,319.45,321.4,319.45,320.95,300,1763627220
2025-11-20 13:58:00,PE,ATM+7,9.86,64275,26550.0,26223.8,319.8,320.3,317.35,317.35,750,1763627280
2025-11-20 13:59:00,PE,ATM+7,10.01,64425,26550.0,26218.9,318.45,324.6,318.45,322.85,5550,1763627340
2025-11-20 14:00:00,PE,ATM+7,9.95,64425,26550.0,26220.05,322.15,322.3,322.15,322.3,3675,1763627400
2025-11-20 14:01:00,PE,ATM+7,9.89,64425,26550.0,26217.25,324.3,327.2,324.3,324.45,900,1763627460
2025-11-20 14:02:00,PE,ATM+7,9.43,64425,26550.0,26213.65,324.45,324.45,323.0,323.3,375,1763627520
2025-11-20 14:03:00,PE,ATM+7,9.79,68250,26550.0,26213.3,325.75,327.65,324.0,326.1,2250,1763627580
2025-11-20 14:04:00,PE,ATM+7,9.89,68250,26550.0,26220.35,324.7,324.7,321.45,321.45,1725,1763627640
2025-11-20 14:05:00,PE,ATM+7,10.47,68250,26550.0,26224.85,320.6,324.15,320.6,322.35,1275,1763627700
2025-11-20 14:06:00,PE,ATM+7,10.44,68250,26550.0,26223.95,323.5,323.5,323.5,323.5,825,1763627760
2025-11-20 14:07:00,PE,ATM+7,10.18,68250,26550.0,26219.9,322.4,325.0,320.75,325.0,2775,1763627820
2025-11-20 14:08:00,PE,ATM+7,10.04,67275,26550.0,26221.2,325.6,325.7,322.5,322.5,825,1763627880
2025-11-20 14:09:00,PE,ATM+7,10.09,67275,26550.0,26224.75,321.0,321.9,319.85,319.85,2250,1763627940
2025-11-20 14:10:00,PE,ATM+7,10.51,125775,26600.0,26225.5,365.55,365.55,360.55,363.0,1650,1763628000
2025-11-20 14:11:00,PE,ATM+7,10.16,68325,26550.0,26224.6,320.25,320.25,319.2,319.2,900,1763628060
2025-11-20 14:12:00,PE,ATM+7,10.24,68325,26550.0,26223.65,318.5,322.3,318.5,322.3,1500,1763628120
2025-11-20 14:13:00,PE,ATM+7,10.53,68325,26550.0,26222.6,322.2,325.05,321.6,324.2,4425,1763628180
2025-11-20 14:14:00,PE,ATM+7,10.48,68475,26550.0,26224.65,323.1,323.1,321.3,321.75,1800,1763628240
2025-11-20 14:15:00,PE,ATM+7,11.11,126000,26600.0,26228.25,365.0,365.25,365.0,365.25,150,1763628300
2025-11-20 14:16:00,PE,ATM+7,10.93,126000,26600.0,26231.5,360.0,361.95,360.0,361.75,375,1763628360
2025-11-20 14:17:00,PE,ATM+7,10.92,126675,26600.0,26236.15,359.0,360.15,356.0,358.3,4500,1763628420
2025-11-20 14:18:00,PE,ATM+7,11.27,126675,26600.0,26242.45,358.7,359.4,356.45,356.45,1500,1763628480
2025-11-20 14:19:00,PE,ATM+7,11.07,126675,26600.0,26237.95,357.7,361.3,354.75,361.3,3000,1763628540
2025-11-20 14:20:00,PE,ATM+7,10.95,128250,26600.0,26234.0,365.35,366.0,360.35,360.35,4050,1763628600
2025-11-20 14:21:00,PE,ATM+7,10.9,128250,26600.0,26235.4,361.65,361.65,358.0,358.0,5475,1763628660
2025-11-20 14:22:00,PE,ATM+7,11.26,128250,26600.0,26234.05,358.95,362.85,358.95,362.85,2925,1763628720
2025-11-20 14:23:00,PE,ATM+7,11.11,136200,26600.0,26231.8,362.35,363.0,361.35,362.4,1275,1763628780
2025-11-20 14:24:00,PE,ATM+7,11.26,136200,26600.0,26236.4,362.1,362.55,361.5,361.6,1125,1763628840
2025-11-20 14:25:00,PE,ATM+7,11.34,136200,26600.0,26229.3,362.35,366.65,362.2,366.65,525,1763628900
2025-11-20 14:26:00,PE,ATM+7,11.58,135075,26600.0,26228.55,366.15,370.2,366.15,370.2,5100,1763628960
2025-11-20 14:27:00,PE,ATM+7,11.16,65775,26550.0,26218.85,326.6,335.1,326.6,333.4,4575,1763629020
2025-11-20 14:28:00,PE,ATM+7,10.32,65775,26550.0,26208.65,333.55,337.1,332.75,333.9,9525,1763629080
2025-11-20 14:29:00,PE,ATM+7,10.1,63075,26550.0,26200.55,335.05,340.0,335.05,338.8,2550,1763629140
2025-11-20 14:30:00,PE,ATM+7,10.89,63075,26550.0,26215.7,339.05,339.05,330.25,333.0,11175,1763629200
2025-11-20 14:31:00,PE,ATM+7,10.45,63075,26550.0,26202.25,334.45,343.15,334.0,341.2,3975,1763629260
2025-11-20 14:32:00,PE,ATM+7,10.93,66750,26550.0,26200.55,341.75,346.1,341.75,345.65,4950,1763629320
2025-11-20 14:33:00,PE,ATM+7,10.76,66750,26550.0,26203.0,345.0,347.0,341.15,342.7,1950,1763629380
2025-11-20 14:34:00,PE,ATM+7,10.84,66750,26550.0,26205.8,343.65,343.65,341.55,341.55,600,1763629440
2025-11-20 14:35:00,PE,ATM+7,10.9,65175,26550.0,26210.8,340.8,341.65,338.0,338.0,1200,1763629500
2025-11-20 14:36:00,PE,ATM+7,11.36,65175,26550.0,26216.5,336.55,337.4,332.1,337.15,1575,1763629560
2025-11-20 14:37:00,PE,ATM+7,10.84,65175,26550.0,26221.45,334.35,336.45,328.95,328.95,3825,1763629620
2025-11-20 14:38:00,PE,ATM+7,10.81,65700,26550.0,26221.5,328.55,328.9,324.2,328.8,3225,1763629680
2025-11-20 14:39:00,PE,ATM+7,11.03,65700,26550.0,26218.7,332.25,333.0,330.1,333.0,750,1763629740
2025-11-20 14:40:00,PE,ATM+7,10.42,65700,26550.0,26218.35,330.5,331.1,327.75,327.75,600,1763629800
2025-11-20 14:41:00,PE,ATM+7,10.85,65775,26550.0,26222.3,327.75,328.9,327.75,328.9,300,1763629860
2025-11-20 14:42:00,PE,ATM+7,10.89,65775,26550.0,26217.45,329.85,332.7,327.65,332.7,1800,1763629920
2025-11-20 14:43:00,PE,ATM+7,10.54,65775,26550.0,26199.3,333.1,345.0,333.1,342.95,3525,1763629980
2025-11-20 14:44:00,PE,ATM+7,10.92,62925,26550.0,26195.3,346.0,352.5,345.0,351.15,3750,1763630040
2025-11-20 14:45:00,PE,ATM+7,10.9,62925,26550.0,26198.75,352.75,355.95,346.1,347.1,3225,1763630100
2025-11-20 14:46:00,PE,ATM+7,11.41,62925,26550.0,26214.9,345.3,345.3,337.4,338.55,2475,1763630160
2025-11-20 14:47:00,PE,ATM+7,10.5,62925,26550.0,26206.5,339.7,339.7,336.9,339.05,1200,1763630220
2025-11-20 14:48:00,PE,ATM+7,11.59,62775,26550.0,26201.95,350.1,351.9,349.8,351.0,2325,1763630280
2025-11-20 14:49:00,PE,ATM+7,11.17,62775,26550.0,26208.3,341.65,342.1,341.3,342.1,300,1763630340
2025-11-20 14:50:00,PE,ATM+7,10.74,62400,26550.0,26210.1,342.65,342.65,338.0,338.0,675,1763630400
2025-11-20 14:51:00,PE,ATM+7,11.07,62400,26550.0,26212.5,338.55,339.75,333.7,337.5,1725,1763630460
2025-11-20 14:52:00,PE,ATM+7,11.08,62400,26550.0,26212.3,337.1,338.7,337.1,338.25,375,1763630520
2025-11-20 14:53:00,PE,ATM+7,10.37,61950,26550.0,26201.2,338.8,342.15,337.45,342.15,675,1763630580
2025-11-20 14:54:00,PE,ATM+7,9.81,61950,26550.0,26191.85,343.15,345.15,343.15,345.15,1125,1763630640
2025-11-20 14:55:00,PE,ATM+7,10.55,61950,26550.0,26206.15,346.0,346.0,337.05,338.25,5025,1763630700
2025-11-20 14:56:00,PE,ATM+7,11.28,58575,26550.0,26207.6,338.7,342.7,338.7,342.7,825,1763630760
2025-11-20 14:57:00,PE,ATM+7,10.65,58575,26550.0,26201.3,342.15,342.75,340.75,342.6,825,1763630820
2025-11-20 14:58:00,PE,ATM+7,10.77,58575,26550.0,26207.8,340.65,343.05,339.6,339.6,750,1763630880
2025-11-20 14:59:00,PE,ATM+7,11.02,57675,26550.0,26208.35,342.25,343.0,341.15,341.15,1125,1763630940
2025-11-20 15:00:00,PE,ATM+7,10.77,57675,26550.0,26206.1,343.1,343.1,332.15,340.95,3825,1763631000
2025-11-20 15:01:00,PE,ATM+7,11.22,57675,26550.0,26185.85,344.0,360.4,343.85,360.4,6075,1763631060
2025-11-20 15:02:00,PE,ATM+7,9.79,1008225,26500.0,26174.25,316.05,319.25,311.75,316.45,51300,1763631120
2025-11-20 15:03:00,PE,ATM+7,10.47,58275,26550.0,26193.05,360.3,363.05,348.95,348.95,2775,1763631180
2025-11-20 15:04:00,PE,ATM+7,10.63,58275,26550.0,26187.2,352.0,356.0,352.0,356.0,1200,1763631240
2025-11-20 15:05:00,PE,ATM+7,10.69,56850,26550.0,26185.8,355.5,357.3,355.5,356.2,1050,1763631300
2025-11-20 15:06:00,PE,ATM+7,11.28,56850,26550.0,26190.9,356.2,356.2,354.05,355.8,600,1763631360
2025-11-20 15:07:00,PE,ATM+7,10.83,56850,26550.0,26188.15,354.45,355.35,350.75,354.25,1875,1763631420
2025-11-20 15:08:00,PE,ATM+7,9.71,56025,26550.0,26177.65,354.9,355.75,354.7,355.7,1200,1763631480
2025-11-20 15:09:00,PE,ATM+7,10.66,56025,26550.0,26188.05,356.85,356.85,351.9,354.45,1275,1763631540
2025-11-20 15:10:00,PE,ATM+7,9.3,56025,26550.0,26178.75,355.2,355.5,351.1,351.1,1125,1763631600
2025-11-20 15:11:00,PE,ATM+7,10.39,56400,26550.0,26188.9,351.1,352.0,351.1,351.3,600,1763631660
2025-11-20 15:12:00,PE,ATM+7,10.34,56400,26550.0,26193.6,349.6,349.6,346.5,346.5,1950,1763631720
2025-11-20 15:13:00,PE,ATM+7,9.9,56400,26550.0,26189.9,345.15,347.35,344.7,344.7,1575,1763631780
2025-11-20 15:14:00,PE,ATM+7,10.86,56400,26550.0,26203.2,341.8,343.1,341.8,342.85,375,1763631840
2025-11-20 15:15:00,PE,ATM+7,10.19,57900,26550.0,26199.25,344.1,345.0,340.6,340.6,1200,1763631900
2025-11-20 15:16:00,PE,ATM+7,9.03,57900,26550.0,26191.2,340.55,342.75,339.85,340.4,1950,1763631960
2025-11-20 15:17:00,PE,ATM+7,9.02,59775,26550.0,26198.4,340.75,341.4,332.0,333.1,4050,1763632020
2025-11-20 15:18:00,PE,ATM+7,10.4,59775,26550.0,26195.65,335.9,345.5,335.9,344.85,1575,1763632080
2025-11-20 15:19:00,PE,ATM+7,9.44,59775,26550.0,26191.15,345.3,345.3,341.7,341.7,750,1763632140
2025-11-20 15:20:00,PE,ATM+7,9.87,59775,26550.0,26196.6,340.95,341.0,340.2,341.0,1950,1763632200
2025-11-20 15:21:00,PE,ATM+7,9.85,59250,26550.0,26193.6,342.65,342.65,342.65,342.65,375,1763632260
2025-11-20 15:22:00,PE,ATM+7,9.6,59250,26550.0,26193.95,341.55,341.55,340.0,341.25,525,1763632320
2025-11-20 15:23:00,PE,ATM+7,9.95,59250,26550.0,26193.7,342.0,343.1,342.0,343.1,600,1763632380
2025-11-20 15:24:00,PE,ATM+7,9.51,59325,26550.0,26196.55,339.8,339.8,337.95,337.95,600,1763632440
2025-11-20 15:25:00,PE,ATM+7,9.76,59325,26550.0,26198.95,333.05,337.0,333.05,337.0,1200,1763632500
2025-11-20 15:26:00,PE,ATM+7,9.65,58950,26550.0,26200.25,336.25,336.25,335.75,335.75,225,1763632560
2025-11-20 15:27:00,PE,ATM+7,9.44,58950,26550.0,26194.3,335.3,337.6,335.3,337.1,1125,1763632620
2025-11-20 15:28:00,PE,ATM+7,9.09,58950,26550.0,26197.05,336.1,337.0,336.1,336.2,1650,1763632680
2025-11-20 15:29:00,PE,ATM+7,8.69,59025,26550.0,26197.4,336.6,336.6,334.0,335.0,7950,1763632740
2025-11-21 09:15:00,PE,ATM+7,9.34,101400,26450.0,26111.1,297.0,340.2,297.0,327.75,42375,1763696700
2025-11-21 09:16:00,PE,ATM+7,8.74,98400,26450.0,26107.4,333.4,334.15,326.05,326.9,9825,1763696760
2025-11-21 09:17:00,PE,ATM+7,9.74,98400,26450.0,26118.0,333.0,333.35,316.35,321.95,7050,1763696820
2025-11-21 09:18:00,PE,ATM+7,10.25,98400,26450.0,26123.6,325.0,328.1,320.0,321.0,7425,1763696880
2025-11-21 09:19:00,PE,ATM+7,11.03,986625,26500.0,26138.75,366.9,370.0,352.55,357.9,44850,1763696940
2025-11-21 09:20:00,PE,ATM+7,10.75,986625,26500.0,26138.1,360.0,366.0,353.7,353.7,22200,1763697000
2025-11-21 09:21:00,PE,ATM+7,11.02,986625,26500.0,26141.45,356.2,357.6,351.0,351.95,16200,1763697060
2025-11-21 09:22:00,PE,ATM+7,11.48,995775,26500.0,26151.2,353.45,354.0,347.0,348.85,97200,1763697120
2025-11-21 09:23:00,PE,ATM+7,11.93,995775,26500.0,26147.85,350.7,354.15,345.2,354.15,20175,1763697180
2025-11-21 09:24:00,PE,ATM+7,11.92,995775,26500.0,26159.05,354.4,354.95,340.2,344.95,21450,1763697240
2025-11-21 09:25:00,PE,ATM+7,11.81,1068225,26500.0,26164.55,342.35,345.75,334.4,339.6,74325,1763697300
2025-11-21 09:26:00,PE,ATM+7,12.16,1068225,26500.0,26158.6,340.35,347.0,338.45,346.9,27975,1763697360
2025-11-21 09:27:00,PE,ATM+7,11.68,1068225,26500.0,26166.75,346.75,346.75,335.0,336.0,43050,1763697420
2025-11-21 09:28:00,PE,ATM+7,12.2,1126950,26500.0,26166.05,335.05,343.05,333.85,343.05,27300,1763697480
2025-11-21 09:29:00,PE,ATM+7,12.15,1126950,26500.0,26158.2,343.15,347.0,342.05,347.0,32475,1763697540
2025-11-21 09:30:00,PE,ATM+7,12.25,1126950,26500.0,26150.35,348.0,355.9,341.65,354.5,66150,1763697600
2025-11-21 09:31:00,PE,ATM+7,12.12,1144425,26500.0,26157.15,353.4,355.1,340.6,348.3,41550,1763697660
2025-11-21 09:32:00,PE,ATM+7,11.85,1144425,26500.0,26173.7,345.5,346.2,329.0,333.05,45675,1763697720
2025-11-21 09:33:00,PE,ATM+7,12.06,1144425,26500.0,26166.65,334.35,339.3,333.85,338.7,17850,1763697780
2025-11-21 09:34:00,PE,ATM+7,11.89,1154250,26500.0,26151.35,338.1,351.1,338.1,350.5,25575,1763697840
2025-11-21 09:35:00,PE,ATM+7,11.55,1154250,26500.0,26146.25,351.0,356.0,348.6,353.0,86325,1763697900
2025-11-21 09:36:00,PE,ATM+7,12.01,1154250,26500.0,26143.25,353.15,359.1,352.15,358.0,57975,1763697960
2025-11-21 09:37:00,PE,ATM+7,11.97,1080450,26500.0,26143.9,358.0,361.4,355.0,358.65,61950,1763698020
2025-11-21 09:38:00,PE,ATM+7,12.23,1080450,26500.0,26142.5,357.25,361.4,356.2,360.35,15900,1763698080
2025-11-21 09:39:00,PE,ATM+7,11.7,1080450,26500.0,26147.5,360.0,360.35,350.25,352.0,23550,1763698140
2025-11-21 09:40:00,PE,ATM+7,12.05,1033950,26500.0,26149.95,348.95,354.7,341.65,352.9,15150,1763698200
2025-11-21 09:41:00,PE,ATM+7,11.98,1033950,26500.0,26150.05,353.4,356.65,349.6,352.9,8400,1763698260
2025-11-21 09:42:00,PE,ATM+7,12.52,1033950,26500.0,26137.5,353.5,366.8,353.5,366.8,26025,1763698320
2025-11-21 09:43:00,PE,ATM+7,12.47,1020525,26500.0,26139.95,366.65,368.7,364.3,364.3,25200,1763698380
2025-11-21 09:44:00,PE,ATM+7,12.52,1020525,26500.0,26131.3,364.85,373.75,363.95,373.5,30300,1763698440
2025-11-21 09:45:00,PE,ATM+7,12.43,185775,26450.0,26117.25,329.35,345.7,329.35,342.65,14325,1763698500
2025-11-21 09:46:00,PE,ATM+7,11.41,183150,26450.0,26123.9,340.0,340.0,328.05,328.35,11250,1763698560
2025-11-21 09:47:00,PE,ATM+7,12.11,1010250,26500.0,26126.3,376.05,378.85,371.35,373.5,16650,1763698620
2025-11-21 09:48:00,PE,ATM+7,12.0,183150,26450.0,26119.65,328.55,337.15,328.5,336.95,4500,1763698680
2025-11-21 09:49:00,PE,ATM+7,11.41,183750,26450.0,26121.6,336.8,336.8,329.75,330.75,3525,1763698740
2025-11-21 09:50:00,PE,ATM+7,11.54,183750,26450.0,26118.95,331.8,333.6,330.55,333.6,2025,1763698800
2025-11-21 09:51:00,PE,ATM+7,11.76,183750,26450.0,26122.1,333.45,333.45,328.5,331.75,2475,1763698860
2025-11-21 09:52:00,PE,ATM+7,11.64,182925,26450.0,26118.85,332.75,335.45,330.85,334.45,3600,1763698920
2025-11-21 09:53:00,PE,ATM+7,11.46,182925,26450.0,26115.3,335.35,340.5,333.9,336.0,4350,1763698980
2025-11-21 09:54:00,PE,ATM+7,11.45,182925,26450.0,26109.15,339.15,341.45,337.3,341.3,2250,1763699040
2025-11-21 09:55:00,PE,ATM+7,11.45,182925,26450.0,26109.15,341.3,341.3,341.3,341.3,0,1763699100
2025-11-21 09:56:00,PE,ATM+7,11.07,183375,26450.0,26108.9,352.2,355.95,337.45,337.45,31800,1763699160
2025-11-21 09:57:00,PE,ATM+7,11.13,183375,26450.0,26103.05,336.3,342.45,335.75,342.45,3975,1763699220
2025-11-21 09:58:00,PE,ATM+7,10.48,173325,26450.0,26114.05,341.0,341.0,328.3,328.3,4350,1763699280
2025-11-21 09:59:00,PE,ATM+7,10.87,173325,26450.0,26119.4,330.8,330.8,327.0,327.0,3975,1763699340
2025-11-21 10:00:00,PE,ATM+7,11.09,173325,26450.0,26117.05,329.05,331.65,329.05,331.65,1650,1763699400
2025-11-21 10:01:00,PE,ATM+7,11.3,175800,26450.0,26109.95,331.25,340.15,330.7,339.85,4500,1763699460
2025-11-21 10:02:00,PE,ATM+7,11.27,175800,26450.0,26102.0,340.7,344.55,340.0,344.55,6150,1763699520
2025-11-21 10:03:00,PE,ATM+7,11.55,175800,26450.0,26094.0,348.55,358.85,348.55,353.9,10800,1763699580
2025-11-21 10:04:00,PE,ATM+7,12.09,175950,26450.0,26094.3,354.4,357.3,353.4,357.3,2250,1763699640
2025-11-21 10:05:00,PE,ATM+7,11.57,175950,26450.0,26090.75,354.3,358.4,354.15,354.95,4350,1763699700
2025-11-21 10:06:00,PE,ATM+7,11.31,175950,26450.0,26095.0,356.25,356.25,351.0,351.45,3150,1763699760
2025-11-21 10:07:00,PE,ATM+7,11.6,177525,26450.0,26090.8,355.45,359.35,353.35,357.15,3675,1763699820
2025-11-21 10:08:00,PE,ATM+7,11.42,177525,26450.0,26089.45,354.0,358.4,351.45,357.15,1875,1763699880
2025-11-21 10:09:00,PE,ATM+7,11.89,177525,26450.0,26086.5,358.15,363.75,356.2,361.9,14700,1763699940
2025-11-21 10:10:00,PE,ATM+7,11.26,175875,26450.0,26085.6,361.95,365.0,357.95,359.0,7875,1763700000
2025-11-21 10:11:00,PE,ATM+7,11.37,175875,26450.0,26090.4,360.75,362.35,355.65,356.2,3975,1763700060
2025-11-21 10:12:00,PE,ATM+7,11.72,175875,26450.0,26091.1,356.2,359.55,352.4,356.6,5325,1763700120
2025-11-21 10:13:00,PE,ATM+7,11.8,171900,26450.0,26088.95,353.7,360.0,351.85,359.95,4350,1763700180
2025-11-21 10:14:00,PE,ATM+7,11.79,171900,26450.0,26087.4,360.0,361.95,357.95,360.75,2325,1763700240
2025-11-21 10:15:00,PE,ATM+7,11.33,171900,26450.0,26085.55,361.35,361.35,356.95,359.7,1950,1763700300
2025-11-21 10:16:00,PE,ATM+7,11.39,169725,26450.0,26080.75,360.7,369.0,357.6,363.7,9150,1763700360
2025-11-21 10:17:00,PE,ATM+7,11.08,721575,26400.0,26074.05,318.75,327.3,318.75,325.8,47775,1763700420
2025-11-21 10:18:00,PE,ATM+7,11.0,721575,26400.0,26067.15,327.1,332.15,326.5,329.45,46800,1763700480
2025-11-21 10:19:00,PE,ATM+7,11.63,699150,26400.0,26067.3,329.15,338.5,327.0,336.0,43800,1763700540
2025-11-21 10:20:00,PE,ATM+7,10.97,699150,26400.0,26062.4,339.0,339.9,333.45,335.3,28650,1763700600
2025-11-21 10:21:00,PE,ATM+7,10.93,699150,26400.0,26064.55,339.1,345.0,331.0,331.4,62550,1763700660
2025-11-21 10:22:00,PE,ATM+7,11.25,723750,26400.0,26061.45,330.6,338.9,329.8,336.95,104850,1763700720
2025-11-21 10:23:00,PE,ATM+7,10.81,723750,26400.0,26069.9,336.75,336.75,327.45,327.45,25275,1763700780
2025-11-21 10:24:00,PE,ATM+7,11.09,723750,26400.0,26068.45,328.3,332.6,328.3,330.1,13050,1763700840
2025-11-21 10:25:00,PE,ATM+7,10.96,723375,26400.0,26068.7,330.15,330.15,325.1,329.25,15375,1763700900
2025-11-21 10:26:00,PE,ATM+7,10.92,723375,26400.0,26064.7,330.1,332.4,329.15,332.25,10725,1763700960
2025-11-21 10:27:00,PE,ATM+7,11.36,723375,26400.0,26063.85,331.45,339.05,329.95,336.1,19950,1763701020
2025-11-21 10:28:00,PE,ATM+7,11.16,727725,26400.0,26062.9,334.65,338.4,333.6,335.85,11625,1763701080
2025-11-21 10:29:00,PE,ATM+7,11.26,727725,26400.0,26068.15,335.25,335.25,328.9,332.1,6825,1763701140
2025-11-21 10:30:00,PE,ATM+7,10.73,727725,26400.0,26062.6,333.55,338.5,331.5,331.5,10200,1763701200
2025-11-21 10:31:00,PE,ATM+7,10.97,717000,26400.0,26071.85,331.4,331.4,324.25,326.6,50775,1763701260
2025-11-21 10:32:00,PE,ATM+7,11.02,717000,26400.0,26072.35,327.0,330.0,325.0,325.75,14400,1763701320
2025-11-21 10:33:00,PE,ATM+7,11.03,717000,26400.0,26073.2,325.35,327.75,325.35,325.75,12525,1763701380
2025-11-21 10:34:00,PE,ATM+7,11.92,701625,26400.0,26069.55,324.75,338.6,324.35,338.6,26325,1763701440
2025-11-21 10:35:00,PE,ATM+7,11.16,701625,26400.0,26067.0,340.9,343.0,331.9,331.95,34500,1763701500
2025-11-21 10:36:00,PE,ATM+7,11.63,160800,26450.0,26078.05,377.4,377.4,367.0,367.0,3150,1763701560
2025-11-21 10:37:00,PE,ATM+7,11.01,704250,26400.0,26073.3,322.85,327.25,320.35,326.2,14475,1763701620
2025-11-21 10:38:00,PE,ATM+7,11.16,704250,26400.0,26072.6,328.0,330.15,324.45,327.5,21000,1763701680
2025-11-21 10:39:00,PE,ATM+7,11.75,162225,26450.0,26076.15,373.1,373.1,369.65,370.3,450,1763701740
2025-11-21 10:40:00,PE,ATM+7,10.97,696675,26400.0,26074.05,323.55,327.9,322.6,324.65,25575,1763701800
2025-11-21 10:41:00,PE,ATM+7,11.09,696675,26400.0,26074.5,324.85,329.15,323.5,325.0,7425,1763701860
2025-11-21 10:42:00,PE,ATM+7,11.16,696675,26400.0,26073.2,324.95,333.55,324.95,326.45,15525,1763701920
2025-11-21 10:43:00,PE,ATM+7,11.19,699225,26400.0,26071.3,323.95,330.6,322.65,328.55,8325,1763701980
2025-11-21 10:44:00,PE,ATM+7,11.44,699225,26400.0,26071.55,329.75,330.05,325.05,330.05,5100,1763702040
2025-11-21 10:45:00,PE,ATM+7,11.0,699225,26400.0,26070.3,330.55,330.55,326.55,328.2,15450,1763702100
2025-11-21 10:46:00,PE,ATM+7,11.05,695550,26400.0,26064.65,331.0,338.35,329.35,333.3,31950,1763702160
2025-11-21 10:47:00,PE,ATM+7,10.5,695550,26400.0,26070.7,333.0,333.0,323.0,324.0,18150,1763702220
2025-11-21 10:48:00,PE,ATM+7,10.69,695550,26400.0,26071.85,326.05,331.7,322.5,323.65,16950,1763702280
2025-11-21 10:49:00,PE,ATM+7,11.19,164325,26450.0,26075.75,365.0,366.5,365.0,366.5,1800,1763702340
2025-11-21 10:50:00,PE,ATM+7,11.4,164325,26450.0,26075.05,367.15,369.15,365.0,369.0,2625,1763702400
2025-11-21 10:51:00,PE,ATM+7,10.88,164325,26450.0,26075.95,366.0,366.0,364.1,364.1,600,1763702460
2025-11-21 10:52:00,PE,ATM+7,10.84,687750,26400.0,26071.2,322.45,326.75,321.0,326.35,6600,1763702520
2025-11-21 10:53:00,PE,ATM+7,11.05,687750,26400.0,26063.2,326.75,336.0,326.05,334.8,15525,1763702580
2025-11-21 10:54:00,PE,ATM+7,10.44,687750,26400.0,26069.2,336.4,339.1,324.3,324.3,14775,1763702640
2025-11-21 10:55:00,PE,ATM+7,11.13,688350,26400.0,26066.5,325.35,332.0,325.35,332.0,13350,1763702700
2025-11-21 10:56:00,PE,ATM+7,11.4,164400,26450.0,26079.8,378.1,378.1,362.05,364.15,3675,1763702760
2025-11-21 10:57:00,PE,ATM+7,11.49,164400,26450.0,26085.2,362.0,362.45,360.0,360.9,1800,1763702820
2025-11-21 10:58:00,PE,ATM+7,11.53,163425,26450.0,26086.4,361.25,361.8,359.0,359.0,1050,1763702880
2025-11-21 10:59:00,PE,ATM+7,11.57,163425,26450.0,26093.95,356.25,356.6,351.35,354.6,7875,1763702940
2025-11-21 11:00:00,PE,ATM+7,11.44,163425,26450.0,26092.5,352.45,355.15,352.45,354.2,1875,1763703000
2025-11-21 11:01:00,PE,ATM+7,11.43,161100,26450.0,26089.35,354.7,358.95,354.7,357.35,2250,1763703060
2025-11-21 11:02:00,PE,ATM+7,11.5,161100,26450.0,26086.45,357.7,359.7,357.5,359.2,1425,1763703120
2025-11-21 11:03:00,PE,ATM+7,11.44,161100,26450.0,26089.9,359.85,361.1,352.3,357.5,9075,1763703180
2025-11-21 11:04:00,PE,ATM+7,11.37,153600,26450.0,26085.7,359.6,361.9,356.6,360.0,1050,1763703240
2025-11-21 11:05:00,PE,ATM+7,12.1,153600,26450.0,26075.5,361.6,373.95,361.6,373.35,4050,1763703300
2025-11-21 11:06:00,PE,ATM+7,11.62,693750,26400.0,26067.15,327.45,338.35,325.65,334.1,37650,1763703360
2025-11-21 11:07:00,PE,ATM+7,11.63,147375,26450.0,26075.4,378.5,378.5,368.95,368.95,1875,1763703420
2025-11-21 11:08:00,PE,ATM+7,10.96,147375,26450.0,26082.0,370.2,370.2,360.65,360.65,9225,1763703480
2025-11-21 11:09:00,PE,ATM+7,11.25,147375,26450.0,26083.35,362.0,364.75,359.4,359.6,1500,1763703540
2025-11-21 11:10:00,PE,ATM+7,11.55,139125,26450.0,26090.85,360.65,360.65,355.6,357.35,1650,1763703600
2025-11-21 11:11:00,PE,ATM+7,11.4,139125,26450.0,26093.75,355.7,356.5,352.5,352.5,825,1763703660
2025-11-21 11:12:00,PE,ATM+7,11.12,139125,26450.0,26099.3,351.4,351.4,346.7,346.85,3525,1763703720
2025-11-21 11:13:00,PE,ATM+7,11.07,140250,26450.0,26103.0,346.95,349.45,344.0,344.0,2850,1763703780
2025-11-21 11:14:00,PE,ATM+7,11.16,140250,26450.0,26106.7,340.85,343.15,339.5,339.5,2850,1763703840
2025-11-21 11:15:00,PE,ATM+7,10.72,140250,26450.0,26105.0,340.5,343.65,340.0,340.0,1875,1763703900
2025-11-21 11:16:00,PE,ATM+7,11.19,141600,26450.0,26105.55,341.25,343.35,339.2,342.25,2100,1763703960
2025-11-21 11:17:00,PE,ATM+7,10.87,141600,26450.0,26101.4,340.7,343.45,338.45,343.45,2400,1763704020
2025-11-21 11:18:00,PE,ATM+7,10.75,141600,26450.0,26102.65,344.65,344.65,340.6,341.5,450,1763704080
2025-11-21 11:19:00,PE,ATM+7,11.35,142200,26450.0,26099.55,344.4,346.7,344.4,346.35,1350,1763704140
2025-11-21 11:20:00,PE,ATM+7,11.02,142200,26450.0,26096.85,346.75,349.0,346.05,346.75,1950,1763704200
2025-11-21 11:21:00,PE,ATM+7,10.89,142200,26450.0,26099.1,346.75,350.0,344.45,344.7,3000,1763704260
2025-11-21 11:22:00,PE,ATM+7,11.52,142725,26450.0,26096.35,343.35,351.0,343.1,351.0,1350,1763704320
2025-11-21 11:23:00,PE,ATM+7,10.86,142725,26450.0,26092.35,351.15,351.65,348.9,350.7,1200,1763704380
2025-11-21 11:24:00,PE,ATM+7,10.97,142725,26450.0,26090.2,354.85,355.65,353.25,353.4,3900,1763704440
2025-11-21 11:25:00,PE,ATM+7,11.5,140025,26450.0,26086.8,355.45,364.95,355.45,357.45,4650,1763704500
2025-11-21 11:26:00,PE,ATM+7,10.95,140025,26450.0,26093.75,350.7,353.6,348.9,350.0,1875,1763704560
2025-11-21 11:27:00,PE,ATM+7,10.74,140025,26450.0,26094.35,354.5,354.5,348.0,348.0,600,1763704620
2025-11-21 11:28:00,PE,ATM+7,10.82,139350,26450.0,26103.05,347.0,347.0,340.0,340.0,1125,1763704680
2025-11-21 11:29:00,PE,ATM+7,10.69,139350,26450.0,26103.0,340.0,340.1,336.65,339.55,525,1763704740
2025-11-21 11:30:00,PE,ATM+7,10.97,139350,26450.0,26099.65,339.55,344.6,339.55,344.6,600,1763704800
2025-11-21 11:31:00,PE,ATM+7,10.96,139650,26450.0,26096.6,346.25,347.2,342.9,347.2,2250,1763704860
2025-11-21 11:32:00,PE,ATM+7,11.12,139650,26450.0,26088.7,346.45,353.8,346.45,353.8,1875,1763704920
2025-11-21 11:33:00,PE,ATM+7,11.13,139650,26450.0,26081.95,352.9,361.95,352.1,361.95,2025,1763704980
2025-11-21 11:34:00,PE,ATM+7,10.81,138900,26450.0,26085.7,359.0,359.65,355.3,355.3,4575,1763705040
2025-11-21 11:35:00,PE,ATM+7,11.81,138900,26450.0,26087.9,357.05,360.35,357.05,360.35,1125,1763705100
2025-11-21 11:36:00,PE,ATM+7,11.53,138900,26450.0,26089.25,356.85,358.05,355.75,356.9,1650,1763705160
2025-11-21 11:37:00,PE,ATM+7,11.82,137175,26450.0,26094.55,356.55,357.65,351.8,355.0,2175,1763705220
2025-11-21 11:38:00,PE,ATM+7,11.42,137175,26450.0,26094.55,353.95,354.0,353.5,353.7,375,1763705280
2025-11-21 11:39:00,PE,ATM+7,11.38,137175,26450.0,26090.9,353.8,356.8,352.9,355.1,375,1763705340
2025-11-21 11:40:00,PE,ATM+7,11.13,137175,26450.0,26086.2,352.0,356.8,352.0,356.8,300,1763705400
2025-11-21 11:41:00,PE,ATM+7,10.63,137625,26450.0,26081.6,358.35,358.6,355.6,357.55,900,1763705460
2025-11-21 11:42:00,PE,ATM+7,9.34,692325,26400.0,26074.3,312.0,314.0,309.1,312.95,9000,1763705520
2025-11-21 11:43:00,PE,ATM+7,10.2,137625,26450.0,26080.2,355.0,355.0,352.65,354.95,450,1763705580
2025-11-21 11:44:00,PE,ATM+7,10.99,137550,26450.0,26086.35,355.9,355.9,355.55,355.55,225,1763705640
2025-11-21 11:45:00,PE,ATM+7,10.66,137550,26450.0,26088.75,354.3,354.3,349.85,351.45,8250,1763705700
2025-11-21 11:46:00,PE,ATM+7,10.73,129825,26450.0,26089.1,352.05,355.65,350.35,353.0,2475,1763705760
2025-11-21 11:47:00,PE,ATM+7,11.51,129825,26450.0,26089.85,354.95,358.6,354.75,356.85,1650,1763705820
2025-11-21 11:48:00,PE,ATM+7,10.99,129825,26450.0,26091.1,354.05,354.05,352.75,352.75,300,1763705880
2025-11-21 11:49:00,PE,ATM+7,11.44,129825,26450.0,26090.1,355.3,355.3,355.3,355.3,75,1763705940
2025-11-21 11:50:00,PE,ATM+7,11.28,129750,26450.0,26091.25,357.35,360.0,353.05,353.05,4875,1763706000
2025-11-21 11:51:00,PE,ATM+7,10.4,129750,26450.0,26095.75,348.95,349.4,344.2,344.2,1650,1763706060
2025-11-21 11:52:00,PE,ATM+7,10.44,129750,26450.0,26091.4,346.8,350.05,346.8,348.05,1125,1763706120
2025-11-21 11:53:00,PE,ATM+7,10.62,127950,26450.0,26092.6,357.25,358.0,348.55,348.55,1425,1763706180
2025-11-21 11:54:00,PE,ATM+7,10.34,127950,26450.0,26096.3,349.3,349.95,342.65,342.65,2550,1763706240
2025-11-21 11:55:00,PE,ATM+7,10.83,127950,26450.0,26095.15,343.0,347.6,342.3,347.6,825,1763706300
2025-11-21 11:56:00,PE,ATM+7,10.63,125775,26450.0,26097.2,345.95,346.95,345.0,345.0,4350,1763706360
2025-11-21 11:57:00,PE,ATM+7,10.84,125775,26450.0,26094.2,349.3,351.45,349.0,349.0,600,1763706420
2025-11-21 11:58:00,PE,ATM+7,11.27,125775,26450.0,26094.2,353.0,353.95,351.8,351.8,525,1763706480
2025-11-21 11:59:00,PE,ATM+7,10.93,124875,26450.0,26093.1,350.2,350.2,350.2,350.2,75,1763706540
2025-11-21 12:00:00,PE,ATM+7,11.28,124875,26450.0,26087.65,354.95,359.45,354.95,356.4,1575,1763706600
2025-11-21 12:01:00,PE,ATM+7,10.77,125250,26450.0,26095.25,356.9,356.9,347.45,347.45,1500,1763706660
2025-11-21 12:02:00,PE,ATM+7,10.65,125250,26450.0,26099.25,346.6,346.6,343.15,343.15,300,1763706720
2025-11-21 12:03:00,PE,ATM+7,10.91,125250,26450.0,26102.85,341.25,341.25,339.05,341.15,2325,1763706780
2025-11-21 12:04:00,PE,ATM+7,10.57,125775,26450.0,26106.55,340.75,340.9,335.0,335.0,2175,1763706840
2025-11-21 12:05:00,PE,ATM+7,10.75,125775,26450.0,26110.4,335.0,336.95,333.3,334.25,1950,1763706900
2025-11-21 12:06:00,PE,ATM+7,11.23,125775,26450.0,26109.1,334.95,338.0,334.95,338.0,1800,1763706960
2025-11-21 12:07:00,PE,ATM+7,11.39,125775,26450.0,26105.65,338.25,342.5,338.25,342.4,1200,1763707020
2025-11-21 12:08:00,PE,ATM+7,11.35,126225,26450.0,26105.8,341.1,342.0,341.1,342.0,525,1763707080
2025-11-21 12:09:00,PE,ATM+7,10.96,126225,26450.0,26107.55,340.05,340.05,336.2,338.4,1050,1763707140
2025-11-21 12:10:00,PE,ATM+7,10.77,126225,26450.0,26108.9,337.85,338.5,335.45,335.45,525,1763707200
2025-11-21 12:11:00,PE,ATM+7,11.11,126675,26450.0,26108.75,336.6,336.6,336.6,336.6,75,1763707260
2025-11-21 12:12:00,PE,ATM+7,10.41,126675,26450.0,26117.8,335.0,335.0,324.75,324.75,10500,1763707320
2025-11-21 12:13:00,PE,ATM+7,10.65,120750,26450.0,26121.75,325.75,327.3,322.55,323.55,1950,1763707380
2025-11-21 12:14:00,PE,ATM+7,10.88,120750,26450.0,26123.9,323.05,324.2,322.0,322.9,1200,1763707440
2025-11-21 12:15:00,PE,ATM+7,11.58,1084125,26500.0,26126.45,367.85,370.0,366.1,368.6,17175,1763707500
2025-11-21 12:16:00,PE,ATM+7,11.05,1084125,26500.0,26131.4,368.0,368.75,361.0,361.0,14475,1763707560
2025-11-21 12:17:00,PE,ATM+7,11.41,1263450,26500.0,26131.35,361.0,365.0,360.35,364.0,19425,1763707620
2025-11-21 12:18:00,PE,ATM+7,10.71,1263450,26500.0,26136.0,363.25,364.4,353.05,353.05,39750,1763707680
2025-11-21 12:19:00,PE,ATM+7,11.03,1263450,26500.0,26138.2,351.0,357.0,351.0,354.4,29550,1763707740
2025-11-21 12:20:00,PE,ATM+7,11.02,1287675,26500.0,26140.9,354.7,355.55,352.4,352.7,7050,1763707800
2025-11-21 12:21:00,PE,ATM+7,11.26,1287675,26500.0,26145.75,354.05,354.05,348.0,350.1,33225,1763707860
2025-11-21 12:22:00,PE,ATM+7,11.52,1287675,26500.0,26151.65,349.95,350.6,343.95,347.6,17175,1763707920
2025-11-21 12:23:00,PE,ATM+7,11.58,1292025,26500.0,26149.85,347.4,349.45,345.95,348.45,8625,1763707980
2025-11-21 12:24:00,PE,ATM+7,11.29,1292025,26500.0,26157.55,348.7,348.7,338.4,340.25,28350,1763708040
2025-11-21 12:25:00,PE,ATM+7,11.71,1292025,26500.0,26154.45,339.65,349.1,339.25,346.55,31425,1763708100
2025-11-21 12:26:00,PE,ATM+7,11.75,1293750,26500.0,26151.65,346.45,351.0,346.45,347.0,22350,1763708160
2025-11-21 12:27:00,PE,ATM+7,12.0,1293750,26500.0,26157.55,347.05,347.4,343.5,345.1,12225,1763708220
2025-11-21 12:28:00,PE,ATM+7,11.61,1293750,26500.0,26150.7,344.45,349.8,344.45,348.3,5550,1763708280
2025-11-21 12:29:00,PE,ATM+7,11.3,1295700,26500.0,26152.75,348.6,350.2,344.45,345.9,23100,1763708340
2025-11-21 12:30:00,PE,ATM+7,11.02,1295700,26500.0,26148.75,344.75,349.5,344.75,346.4,7425,1763708400
2025-11-21 12:31:00,PE,ATM+7,11.38,1295700,26500.0,26146.2,347.0,350.8,346.7,349.55,12600,1763708460
2025-11-21 12:32:00,PE,ATM+7,11.35,1298025,26500.0,26138.4,350.6,358.1,350.6,357.0,20700,1763708520
2025-11-21 12:33:00,PE,ATM+7,11.26,1298025,26500.0,26142.05,356.0,357.2,353.05,353.5,13725,1763708580
2025-11-21 12:34:00,PE,ATM+7,11.28,1298025,26500.0,26142.4,354.55,357.4,352.95,353.85,16200,1763708640
2025-11-21 12:35:00,PE,ATM+7,11.16,1298250,26500.0,26143.65,355.0,358.1,350.3,350.45,20625,1763708700
2025-11-21 12:36:00,PE,ATM+7,11.35,1298250,26500.0,26144.6,350.3,353.2,349.05,352.05,8175,1763708760
2025-11-21 12:37:00,PE,ATM+7,11.02,1298250,26500.0,26139.3,355.0,357.75,352.5,353.25,14475,1763708820
2025-11-21 12:38:00,PE,ATM+7,11.16,1304175,26500.0,26143.9,353.7,357.45,351.3,352.1,4875,1763708880
2025-11-21 12:39:00,PE,ATM+7,11.14,1304175,26500.0,26143.3,352.65,356.0,351.4,351.4,5475,1763708940
2025-11-21 12:40:00,PE,ATM+7,11.2,1304175,26500.0,26143.65,351.75,356.0,350.2,352.85,4575,1763709000
2025-11-21 12:41:00,PE,ATM+7,11.93,1305675,26500.0,26145.8,352.8,354.2,349.4,353.75,5250,1763709060
2025-11-21 12:42:00,PE,ATM+7,11.55,1305675,26500.0,26150.65,352.65,352.65,346.7,347.95,9225,1763709120
2025-11-21 12:43:00,PE,ATM+7,12.1,1305675,26500.0,26146.95,348.5,356.05,348.0,354.85,7650,1763709180
2025-11-21 12:44:00,PE,ATM+7,11.83,1311450,26500.0,26149.05,353.7,354.1,349.05,351.15,21825,1763709240
2025-11-21 12:45:00,PE,ATM+7,11.8,1311450,26500.0,26150.45,351.3,352.05,347.65,350.1,8850,1763709300
2025-11-21 12:46:00,PE,ATM+7,11.58,1311450,26500.0,26151.85,350.1,351.05,346.95,347.1,14925,1763709360
2025-11-21 12:47:00,PE,ATM+7,11.6,1325325,26500.0,26154.7,347.55,348.6,340.4,344.95,41850,1763709420
2025-11-21 12:48:00,PE,ATM+7,10.84,1325325,26500.0,26156.45,344.0,345.0,337.55,338.1,15450,1763709480
2025-11-21 12:49:00,PE,ATM+7,10.62,1325325,26500.0,26162.95,337.95,339.85,330.9,331.35,43425,1763709540
2025-11-21 12:50:00,PE,ATM+7,10.59,1334700,26500.0,26162.9,331.7,332.45,328.5,329.75,31575,1763709600
2025-11-21 12:51:00,PE,ATM+7,11.07,54000,26550.0,26176.45,370.0,370.0,360.9,365.4,2100,1763709660
2025-11-21 12:52:00,PE,ATM+7,11.73,54000,26550.0,26175.15,364.3,371.25,364.3,371.25,975,1763709720
2025-11-21 12:53:00,PE,ATM+7,10.88,1323750,26500.0,26172.4,325.0,329.85,321.95,325.4,21300,1763709780
2025-11-21 12:54:00,PE,ATM+7,10.63,1323750,26500.0,26172.2,323.5,325.6,321.6,322.55,9375,1763709840
2025-11-21 12:55:00,PE,ATM+7,10.84,1323750,26500.0,26174.85,322.45,324.15,319.05,322.0,17175,1763709900
2025-11-21 12:56:00,PE,ATM+7,10.36,1328400,26500.0,26174.45,322.0,322.05,319.25,319.25,17025,1763709960
2025-11-21 12:57:00,PE,ATM+7,10.69,1328400,26500.0,26174.55,319.7,322.25,318.45,321.45,12075,1763710020
2025-11-21 12:58:00,PE,ATM+7,10.38,1328400,26500.0,26171.25,320.95,324.0,320.3,322.45,14850,1763710080
2025-11-21 12:59:00,PE,ATM+7,10.76,1308600,26500.0,26166.0,323.35,329.65,322.8,328.0,184575,1763710140
2025-11-21 13:00:00,PE,ATM+7,10.44,1308600,26500.0,26164.6,324.15,330.0,323.35,328.25,67125,1763710200
2025-11-21 13:01:00,PE,ATM+7,10.76,1308600,26500.0,26162.05,326.75,332.2,326.75,332.0,61275,1763710260
2025-11-21 13:02:00,PE,ATM+7,10.62,1184325,26500.0,26168.3,332.1,333.2,326.1,326.45,41175,1763710320
2025-11-21 13:03:00,PE,ATM+7,11.06,1184325,26500.0,26165.05,326.95,332.0,326.0,331.85,7575,1763710380
2025-11-21 13:04:00,PE,ATM+7,11.05,1184325,26500.0,26166.9,330.95,332.25,328.9,331.4,7425,1763710440
2025-11-21 13:05:00,PE,ATM+7,11.18,1193850,26500.0,26166.3,330.4,333.1,329.1,331.95,6900,1763710500
2025-11-21 13:06:00,PE,ATM+7,11.14,1193850,26500.0,26164.6,331.95,336.45,329.5,332.5,10650,1763710560
2025-11-21 13:07:00,PE,ATM+7,11.28,1193850,26500.0,26162.7,331.6,335.55,331.45,335.55,4875,1763710620
2025-11-21 13:08:00,PE,ATM+7,11.51,1194450,26500.0,26161.05,334.25,341.65,334.25,339.7,20025,1763710680
2025-11-21 13:09:00,PE,ATM+7,11.61,1194450,26500.0,26161.15,338.2,342.0,336.45,339.6,13200,1763710740
2025-11-21 13:10:00,PE,ATM+7,11.21,1194450,26500.0,26158.7,340.35,341.3,337.45,339.25,8175,1763710800
2025-11-21 13:11:00,PE,ATM+7,11.49,1194525,26500.0,26152.7,339.6,345.95,339.4,345.95,16800,1763710860
2025-11-21 13:12:00,PE,ATM+7,11.33,1194525,26500.0,26144.35,346.65,352.95,345.1,352.05,43200,1763710920
2025-11-21 13:13:00,PE,ATM+7,11.59,1194525,26500.0,26146.25,351.5,353.35,349.1,351.85,30225,1763710980
2025-11-21 13:14:00,PE,ATM+7,12.01,1169100,26500.0,26135.55,351.6,364.9,351.0,363.1,59625,1763711040
2025-11-21 13:15:00,PE,ATM+7,12.13,1169100,26500.0,26135.4,362.85,366.15,359.5,365.35,22875,1763711100
2025-11-21 13:16:00,PE,ATM+7,12.18,1169100,26500.0,26134.95,366.0,366.8,360.9,365.3,23250,1763711160
2025-11-21 13:17:00,PE,ATM+7,12.11,121500,26450.0,26124.35,319.95,335.0,318.65,335.0,19350,1763711220
2025-11-21 13:18:00,PE,ATM+7,12.19,121500,26450.0,26118.7,336.7,338.7,330.6,337.4,5925,1763711280
2025-11-21 13:19:00,PE,ATM+7,12.13,121500,26450.0,26115.75,335.0,342.45,333.85,340.15,11625,1763711340
2025-11-21 13:20:00,PE,ATM+7,11.98,110250,26450.0,26120.15,340.6,340.6,332.95,334.55,4875,1763711400
2025-11-21 13:21:00,PE,ATM+7,12.61,110250,26450.0,26114.25,334.1,346.25,334.1,345.1,4125,1763711460
2025-11-21 13:22:00,PE,ATM+7,12.06,110250,26450.0,26118.65,342.15,342.85,335.6,336.95,5025,1763711520
2025-11-21 13:23:00,PE,ATM+7,12.17,110400,26450.0,26112.75,337.45,344.7,337.45,344.7,2850,1763711580
2025-11-21 13:24:00,PE,ATM+7,12.49,110400,26450.0,26108.4,348.2,350.0,343.55,347.95,12375,1763711640
2025-11-21 13:25:00,PE,ATM+7,12.88,110400,26450.0,26105.65,345.9,355.75,342.95,354.25,5550,1763711700
2025-11-21 13:26:00,PE,ATM+7,12.15,105900,26450.0,26111.05,348.45,350.95,343.9,343.9,3900,1763711760
2025-11-21 13:27:00,PE,ATM+7,12.26,105900,26450.0,26117.75,343.95,343.95,337.95,339.9,6375,1763711820
2025-11-21 13:28:00,PE,ATM+7,12.12,105900,26450.0,26117.8,341.05,341.05,336.85,337.95,1275,1763711880
2025-11-21 13:29:00,PE,ATM+7,12.43,105825,26450.0,26116.35,340.0,342.4,340.0,341.0,675,1763711940
2025-11-21 13:30:00,PE,ATM+7,13.0,105825,26450.0,26112.3,342.65,349.8,341.2,349.8,1500,1763712000
2025-11-21 13:31:00,PE,ATM+7,12.27,105825,26450.0,26114.7,350.25,351.75,341.4,341.4,1500,1763712060
2025-11-21 13:32:00,PE,ATM+7,12.5,103575,26450.0,26115.8,343.6,344.65,342.15,342.75,4500,1763712120
2025-11-21 13:33:00,PE,ATM+7,12.44,103575,26450.0,26113.9,343.9,343.95,342.6,343.85,1500,1763712180
2025-11-21 13:34:00,PE,ATM+7,12.4,103575,26450.0,26121.55,343.85,344.3,335.35,335.35,1425,1763712240
2025-11-21 13:35:00,PE,ATM+7,12.15,103725,26450.0,26120.4,335.7,338.2,333.6,336.75,2100,1763712300
2025-11-21 13:36:00,PE,ATM+7,11.77,103725,26450.0,26118.15,335.7,336.3,334.0,335.7,2625,1763712360
2025-11-21 13:37:00,PE,ATM+7,10.76,103725,26450.0,26117.1,332.85,337.8,329.0,329.0,5625,1763712420
2025-11-21 13:38:00,PE,ATM+7,11.0,104325,26450.0,26123.4,330.4,333.5,322.9,325.55,5850,1763712480
2025-11-21 13:39:00,PE,ATM+7,11.32,104325,26450.0,26119.15,326.25,330.0,325.95,330.0,3300,1763712540
2025-11-21 13:40:00,PE,ATM+7,11.09,104325,26450.0,26115.05,328.7,334.8,328.7,332.65,2400,1763712600
2025-11-21 13:41:00,PE,ATM+7,11.54,104400,26450.0,26115.6,335.15,337.4,332.25,335.7,2400,1763712660
2025-11-21 13:42:00,PE,ATM+7,11.69,104400,26450.0,26109.65,338.4,342.15,336.7,341.95,5175,1763712720
2025-11-21 13:43:00,PE,ATM+7,11.49,104400,26450.0,26105.8,342.0,348.05,342.0,342.8,2925,1763712780
2025-11-21 13:44:00,PE,ATM+7,10.68,105450,26450.0,26103.4,338.85,340.0,335.0,339.5,3300,1763712840
2025-11-21 13:45:00,PE,ATM+7,11.36,105450,26450.0,26103.15,342.85,349.45,342.6,344.4,6150,1763712900
2025-11-21 13:46:00,PE,ATM+7,11.36,105450,26450.0,26108.5,344.9,344.9,335.9,340.55,1800,1763712960
2025-11-21 13:47:00,PE,ATM+7,11.85,104400,26450.0,26110.1,341.95,343.05,339.5,343.05,1350,1763713020
2025-11-21 13:48:00,PE,ATM+7,11.73,104400,26450.0,26110.05,345.95,345.95,339.6,341.4,1725,1763713080
2025-11-21 13:49:00,PE,ATM+7,12.01,104400,26450.0,26113.6,339.45,340.15,339.3,340.15,825,1763713140
2025-11-21 13:50:00,PE,ATM+7,11.67,104175,26450.0,26117.5,338.15,338.25,334.0,335.7,1800,1763713200
2025-11-21 13:51:00,PE,ATM+7,12.25,104175,26450.0,26110.0,336.75,347.05,336.75,345.4,825,1763713260
2025-11-21 13:52:00,PE,ATM+7,12.08,104175,26450.0,26119.1,342.0,342.0,335.7,336.8,750,1763713320
2025-11-21 13:53:00,PE,ATM+7,11.76,103875,26450.0,26120.75,336.15,336.15,333.0,333.0,1875,1763713380
2025-11-21 13:54:00,PE,ATM+7,11.52,1226025,26500.0,26129.1,379.0,379.0,364.85,366.1,202050,1763713440
2025-11-21 13:55:00,PE,ATM+7,11.82,1226025,26500.0,26132.4,367.5,367.6,359.85,365.65,28650,1763713500
2025-11-21 13:56:00,PE,ATM+7,11.65,1366500,26500.0,26130.95,367.8,367.8,364.0,366.0,14700,1763713560
2025-11-21 13:57:00,PE,ATM+7,10.59,1366500,26500.0,26132.25,366.0,366.0,357.45,358.75,16500,1763713620
2025-11-21 13:58:00,PE,ATM+7,11.15,1366500,26500.0,26132.45,363.95,364.95,359.55,359.55,4725,1763713680
2025-11-21 13:59:00,PE,ATM+7,11.4,1359750,26500.0,26138.6,359.35,360.45,355.0,357.3,10200,1763713740
2025-11-21 14:00:00,PE,ATM+7,11.53,1359750,26500.0,26137.4,356.8,359.6,353.7,358.8,17025,1763713800
2025-11-21 14:01:00,PE,ATM+7,11.35,1359750,26500.0,26136.1,357.95,360.85,357.65,358.0,6975,1763713860
2025-11-21 14:02:00,PE,ATM+7,11.36,1370250,26500.0,26134.85,357.75,360.3,354.5,360.3,3750,1763713920
2025-11-21 14:03:00,PE,ATM+7,11.19,1370250,26500.0,26130.7,360.3,362.6,356.75,361.55,15150,1763713980
2025-11-21 14:04:00,PE,ATM+7,11.35,1370250,26500.0,26132.85,362.6,364.8,359.8,361.45,7725,1763714040
2025-11-21 14:05:00,PE,ATM+7,10.76,1368075,26500.0,26131.0,360.55,363.75,359.0,359.0,4575,1763714100
2025-11-21 14:06:00,PE,ATM+7,11.22,1368075,26500.0,26129.15,361.7,367.2,361.7,364.1,12825,1763714160
2025-11-21 14:07:00,PE,ATM+7,10.91,1368075,26500.0,26132.4,364.0,365.35,359.0,359.0,9525,1763714220
2025-11-21 14:08:00,PE,ATM+7,10.37,1378950,26500.0,26138.3,359.0,359.0,349.45,350.0,37650,1763714280
2025-11-21 14:09:00,PE,ATM+7,10.19,1378950,26500.0,26142.95,350.4,353.55,345.1,345.1,10275,1763714340
2025-11-21 14:10:00,PE,ATM+7,10.84,1378950,26500.0,26144.15,348.2,349.0,344.0,348.5,9450,1763714400
2025-11-21 14:11:00,PE,ATM+7,10.7,1380300,26500.0,26141.05,349.0,352.2,349.0,349.0,6825,1763714460
2025-11-21 14:12:00,PE,ATM+7,10.23,1380300,26500.0,26145.15,349.95,349.95,341.4,343.65,20100,1763714520
2025-11-21 14:13:00,PE,ATM+7,10.48,1380300,26500.0,26146.9,343.35,343.5,341.4,343.45,11400,1763714580
2025-11-21 14:14:00,PE,ATM+7,10.5,1375650,26500.0,26147.15,342.15,343.65,340.35,343.2,6825,1763714640
2025-11-21 14:15:00,PE,ATM+7,10.27,1375650,26500.0,26148.8,342.45,343.5,339.0,339.0,12675,1763714700
2025-11-21 14:16:00,PE,ATM+7,10.14,1375650,26500.0,26152.1,336.0,339.0,333.0,337.5,16500,1763714760
2025-11-21 14:17:00,PE,ATM+7,10.29,1370775,26500.0,26150.95,337.3,342.7,337.3,338.8,18525,1763714820
2025-11-21 14:18:00,PE,ATM+7,10.8,1370775,26500.0,26146.7,339.35,346.45,339.35,346.05,50400,1763714880
2025-11-21 14:19:00,PE,ATM+7,11.28,1370775,26500.0,26141.45,346.65,352.55,344.9,352.55,11325,1763714940
2025-11-21 14:20:00,PE,ATM+7,10.42,1369200,26500.0,26146.15,349.2,350.7,343.0,343.0,12225,1763715000
2025-11-21 14:21:00,PE,ATM+7,10.0,1369200,26500.0,26151.8,342.0,344.0,337.3,337.3,7350,1763715060
2025-11-21 14:22:00,PE,ATM+7,10.75,1369200,26500.0,26151.6,336.5,341.95,336.5,340.2,9975,1763715120
2025-11-21 14:23:00,PE,ATM+7,10.24,1371675,26500.0,26151.75,340.4,341.55,336.4,338.1,22275,1763715180
2025-11-21 14:24:00,PE,ATM+7,10.42,1371675,26500.0,26149.15,338.0,342.6,336.6,341.65,23625,1763715240
2025-11-21 14:25:00,PE,ATM+7,10.28,1371675,26500.0,26148.55,340.9,342.3,339.95,340.5,4575,1763715300
2025-11-21 14:26:00,PE,ATM+7,10.33,1407900,26500.0,26149.2,340.0,341.7,338.5,341.0,7275,1763715360
2025-11-21 14:27:00,PE,ATM+7,10.11,1407900,26500.0,26146.4,337.65,343.65,335.7,341.1,6900,1763715420
2025-11-21 14:28:00,PE,ATM+7,9.94,1407900,26500.0,26150.7,341.3,341.65,334.0,336.1,3900,1763715480
2025-11-21 14:29:00,PE,ATM+7,10.54,1406775,26500.0,26149.95,338.8,343.25,338.8,339.85,2400,1763715540
2025-11-21 14:30:00,PE,ATM+7,10.85,1406775,26500.0,26151.35,339.6,341.1,338.6,341.0,7950,1763715600
2025-11-21 14:31:00,PE,ATM+7,10.13,1406775,26500.0,26152.2,339.8,343.0,335.85,335.85,10125,1763715660
2025-11-21 14:32:00,PE,ATM+7,11.02,1404675,26500.0,26150.65,338.35,343.65,337.5,343.05,8250,1763715720
2025-11-21 14:33:00,PE,ATM+7,10.78,1404675,26500.0,26153.45,343.0,349.75,339.85,340.4,51825,1763715780
2025-11-21 14:34:00,PE,ATM+7,11.23,1404675,26500.0,26150.6,339.25,345.0,339.25,344.15,8475,1763715840
2025-11-21 14:35:00,PE,ATM+7,11.22,1369500,26500.0,26153.65,344.15,344.15,339.45,342.0,2550,1763715900
2025-11-21 14:36:00,PE,ATM+7,11.29,1369500,26500.0,26154.05,339.9,341.8,334.0,341.55,8700,1763715960
2025-11-21 14:37:00,PE,ATM+7,10.95,1369500,26500.0,26157.65,338.0,338.6,331.5,337.1,15750,1763716020
2025-11-21 14:38:00,PE,ATM+7,11.77,1368975,26500.0,26155.2,338.8,345.0,338.2,345.0,16050,1763716080
2025-11-21 14:39:00,PE,ATM+7,11.79,1368975,26500.0,26145.8,346.0,353.5,346.0,352.1,17925,1763716140
2025-11-21 14:40:00,PE,ATM+7,12.2,1368975,26500.0,26139.15,355.0,364.15,354.9,360.0,55275,1763716200
2025-11-21 14:41:00,PE,ATM+7,11.23,1362450,26500.0,26143.6,359.6,359.6,344.05,350.65,22425,1763716260
2025-11-21 14:42:00,PE,ATM+7,11.55,1362450,26500.0,26141.4,351.4,355.9,349.8,355.8,21150,1763716320
2025-11-21 14:43:00,PE,ATM+7,11.64,1362450,26500.0,26135.25,357.05,363.05,357.05,360.0,31275,1763716380
2025-11-21 14:44:00,PE,ATM+7,12.27,1360425,26500.0,26128.1,360.0,372.85,357.3,371.5,67575,1763716440
2025-11-21 14:45:00,PE,ATM+7,11.88,1360425,26500.0,26128.55,371.4,371.4,363.95,367.8,43200,1763716500
2025-11-21 14:46:00,PE,ATM+7,12.38,1360425,26500.0,26126.65,366.75,376.0,364.75,372.15,18675,1763716560
2025-11-21 14:47:00,PE,ATM+7,12.57,108300,26450.0,26118.45,325.75,341.55,325.75,341.3,10500,1763716620
2025-11-21 14:48:00,PE,ATM+7,12.85,108300,26450.0,26113.15,339.2,347.7,338.15,347.7,6000,1763716680
2025-11-21 14:49:00,PE,ATM+7,12.74,108300,26450.0,26106.6,344.8,350.0,344.3,350.0,7425,1763716740
2025-11-21 14:50:00,PE,ATM+7,12.01,106950,26450.0,26106.85,346.5,346.5,342.5,344.45,5850,1763716800
2025-11-21 14:51:00,PE,ATM+7,11.72,106950,26450.0,26106.3,346.3,347.8,339.85,342.4,7575,1763716860
2025-11-21 14:52:00,PE,ATM+7,12.18,106950,26450.0,26094.65,341.55,357.0,341.1,354.75,6675,1763716920
2025-11-21 14:53:00,PE,ATM+7,11.63,101775,26450.0,26099.3,354.4,355.0,345.6,348.05,3525,1763716980
2025-11-21 14:54:00,PE,ATM+7,11.74,101775,26450.0,26092.55,347.9,355.9,347.7,355.5,25200,1763717040
2025-11-21 14:55:00,PE,ATM+7,12.93,101775,26450.0,26079.45,355.0,375.8,355.0,375.0,9075,1763717100
2025-11-21 14:56:00,PE,ATM+7,12.33,108375,26450.0,26080.35,376.6,376.6,364.0,369.65,7425,1763717160
2025-11-21 14:57:00,PE,ATM+7,11.95,588825,26400.0,26073.5,325.3,332.85,323.8,330.95,54675,1763717220
2025-11-21 14:58:00,PE,ATM+7,11.81,588825,26400.0,26068.1,330.7,340.35,328.7,333.75,118125,1763717280
2025-11-21 14:59:00,PE,ATM+7,11.81,668550,26400.0,26070.35,332.2,334.6,327.7,334.0,115725,1763717340
2025-11-21 15:00:00,PE,ATM+7,11.57,668550,26400.0,26072.05,336.9,340.9,327.05,327.05,57825,1763717400
2025-11-21 15:01:00,PE,ATM+7,12.09,108375,26450.0,26078.65,370.35,373.95,365.65,369.4,5250,1763717460
2025-11-21 15:02:00,PE,ATM+7,12.02,106500,26450.0,26083.3,368.8,368.85,362.4,365.55,2550,1763717520
2025-11-21 15:03:00,PE,ATM+7,12.4,106500,26450.0,26080.1,364.8,370.45,364.8,370.45,3750,1763717580
2025-11-21 15:04:00,PE,ATM+7,12.47,106500,26450.0,26078.5,371.3,372.35,367.0,372.35,3600,1763717640
2025-11-21 15:05:00,PE,ATM+7,12.08,667500,26400.0,26073.05,325.2,334.75,324.85,333.05,59775,1763717700
2025-11-21 15:06:00,PE,ATM+7,12.03,107400,26450.0,26076.1,381.1,381.1,369.3,370.95,4050,1763717760
2025-11-21 15:07:00,PE,ATM+7,11.84,667500,26400.0,26068.9,326.4,334.35,326.4,334.35,15075,1763717820
2025-11-21 15:08:00,PE,ATM+7,11.53,782775,26400.0,26073.25,330.85,330.85,325.95,328.05,15075,1763717880
2025-11-21 15:09:00,PE,ATM+7,10.9,782775,26400.0,26070.2,328.0,331.0,326.0,326.0,7050,1763717940
2025-11-21 15:10:00,PE,ATM+7,11.54,782775,26400.0,26072.4,325.7,329.35,323.55,329.35,19350,1763718000
2025-11-21 15:11:00,PE,ATM+7,11.6,774675,26400.0,26068.55,328.95,334.7,326.65,332.5,18975,1763718060
2025-11-21 15:12:00,PE,ATM+7,11.19,774675,26400.0,26067.35,330.45,336.0,327.0,330.75,12000,1763718120
2025-11-21 15:13:00,PE,ATM+7,11.25,774675,26400.0,26064.65,330.4,334.0,330.4,332.9,9225,1763718180
2025-11-21 15:14:00,PE,ATM+7,11.49,768975,26400.0,26069.35,331.45,332.1,327.95,330.55,12750,1763718240
2025-11-21 15:15:00,PE,ATM+7,11.66,104250,26450.0,26077.6,375.0,375.0,364.35,366.2,2175,1763718300
2025-11-21 15:16:00,PE,ATM+7,11.26,104250,26450.0,26075.4,362.3,370.8,362.3,366.5,1350,1763718360
2025-11-21 15:17:00,PE,ATM+7,10.6,759300,26400.0,26071.65,321.25,324.9,321.25,322.95,9825,1763718420
2025-11-21 15:18:00,PE,ATM+7,10.75,759300,26400.0,26068.6,323.05,329.55,322.75,325.05,13800,1763718480
2025-11-21 15:19:00,PE,ATM+7,10.63,759300,26400.0,26064.35,324.0,330.0,323.3,328.95,40800,1763718540
2025-11-21 15:20:00,PE,ATM+7,10.53,774450,26400.0,26066.55,328.0,329.85,326.95,327.1,31425,1763718600
2025-11-21 15:21:00,PE,ATM+7,10.84,774450,26400.0,26067.35,327.15,329.1,324.9,328.0,47850,1763718660
2025-11-21 15:22:00,PE,ATM+7,11.15,774450,26400.0,26063.85,328.45,334.0,328.35,334.0,25425,1763718720
2025-11-21 15:23:00,PE,ATM+7,11.24,802725,26400.0,26056.5,334.9,343.25,334.5,341.5,27525,1763718780
2025-11-21 15:24:00,PE,ATM+7,10.94,802725,26400.0,26055.75,342.6,344.2,337.0,337.9,26850,1763718840
2025-11-21 15:25:00,PE,ATM+7,11.01,802725,26400.0,26064.7,337.05,337.9,331.95,331.95,40500,1763718900
2025-11-21 15:26:00,PE,ATM+7,11.59,797250,26400.0,26064.5,333.6,336.25,333.0,336.15,26850,1763718960
2025-11-21 15:27:00,PE,ATM+7,11.38,797250,26400.0,26063.95,334.6,337.1,333.85,336.3,19125,1763719020
2025-11-21 15:28:00,PE,ATM+7,11.36,797250,26400.0,26064.25,336.4,337.4,334.4,335.95,14250,1763719080
2025-11-21 15:29:00,PE,ATM+7,11.55,806775,26400.0,26063.95,337.65,338.0,335.5,338.0,33900,1763719140
2025-11-24 09:15:00,PE,ATM+7,0.0,101700,26450.0,26102.35,334.05,336.8,313.05,321.4,18300,1763955900
2025-11-24 09:16:00,PE,ATM+7,0.0,100725,26450.0,26097.6,319.2,333.0,318.35,327.6,21375,1763955960
2025-11-24 09:17:00,PE,ATM+7,0.0,100725,26450.0,26083.85,334.6,338.35,326.85,338.0,4875,1763956020
2025-11-24 09:18:00,PE,ATM+7,0.0,100725,26450.0,26113.7,332.0,336.45,315.6,317.55,11325,1763956080
2025-11-24 09:19:00,PE,ATM+7,0.0,103650,26450.0,26097.25,320.5,332.3,320.5,328.5,8700,1763956140
2025-11-24 09:20:00,PE,ATM+7,0.0,103650,26450.0,26107.25,330.8,333.0,318.3,323.6,2625,1763956200
2025-11-24 09:21:00,PE,ATM+7,0.0,103650,26450.0,26117.9,324.1,324.1,311.95,312.35,6375,1763956260
2025-11-24 09:22:00,PE,ATM+7,0.0,105300,26450.0,26116.2,314.9,319.55,312.9,316.05,2700,1763956320
2025-11-24 09:23:00,PE,ATM+7,0.0,105300,26450.0,26112.3,317.7,322.9,314.5,317.35,5325,1763956380
2025-11-24 09:24:00,PE,ATM+7,0.0,105300,26450.0,26098.9,316.95,330.95,312.15,326.45,4650,1763956440
2025-11-24 09:25:00,PE,ATM+7,0.0,103875,26450.0,26105.75,327.05,327.05,313.5,319.45,1425,1763956500
2025-11-24 09:26:00,PE,ATM+7,0.0,103875,26450.0,26108.75,324.0,324.0,313.35,316.7,6375,1763956560
2025-11-24 09:27:00,PE,ATM+7,0.0,103875,26450.0,26109.65,314.5,323.2,312.3,322.3,4950,1763956620
2025-11-24 09:28:00,PE,ATM+7,0.0,107625,26450.0,26112.75,324.1,324.15,317.4,317.4,1350,1763956680
2025-11-24 09:29:00,PE,ATM+7,0.0,107625,26450.0,26113.7,318.0,318.25,312.35,312.35,3675,1763956740
2025-11-24 09:30:00,PE,ATM+7,0.0,107625,26450.0,26115.05,313.15,316.6,310.3,311.3,10500,1763956800
2025-11-24 09:31:00,PE,ATM+7,0.0,113325,26450.0,26107.4,317.0,326.1,316.95,323.95,9975,1763956860
2025-11-24 09:32:00,PE,ATM+7,0.0,113325,26450.0,26100.25,323.0,332.0,323.0,325.65,6225,1763956920
2025-11-24 09:33:00,PE,ATM+7,0.0,113325,26450.0,26092.6,331.0,339.4,327.5,339.4,7575,1763956980
2025-11-24 09:34:00,PE,ATM+7,0.0,104925,26450.0,26092.95,339.4,340.9,334.2,335.0,4575,1763957040
2025-11-24 09:35:00,PE,ATM+7,0.0,104925,26450.0,26082.0,339.95,352.45,339.9,348.85,6900,1763957100
2025-11-24 09:36:00,PE,ATM+7,0.0,104925,26450.0,26080.9,349.1,352.0,348.1,350.1,3900,1763957160
2025-11-24 09:37:00,PE,ATM+7,0.0,102825,26450.0,26086.9,349.25,349.25,337.5,345.95,5175,1763957220
2025-11-24 09:38:00,PE,ATM+7,0.0,102825,26450.0,26085.0,345.0,346.8,342.05,346.05,1275,1763957280
2025-11-24 09:39:00,PE,ATM+7,0.0,102825,26450.0,26088.1,345.1,345.1,338.15,343.1,1800,1763957340
2025-11-24 09:40:00,PE,ATM+7,0.0,104550,26450.0,26092.0,346.0,346.0,338.95,338.95,1200,1763957400
2025-11-24 09:41:00,PE,ATM+7,0.0,104550,26450.0,26081.95,343.0,352.0,338.95,351.4,2925,1763957460
2025-11-24 09:42:00,PE,ATM+7,0.0,104550,26450.0,26083.3,350.7,355.6,347.35,349.8,4275,1763957520
2025-11-24 09:43:00,PE,ATM+7,0.0,103950,26450.0,26081.3,348.5,351.9,344.35,351.9,975,1763957580
2025-11-24 09:44:00,PE,ATM+7,0.0,655575,26400.0,26074.9,304.25,310.0,302.0,308.85,19800,1763957640
2025-11-24 09:45:00,PE,ATM+7,0.0,655575,26400.0,26071.95,309.95,318.05,307.85,313.25,45525,1763957700
2025-11-24 09:46:00,PE,ATM+7,0.0,646050,26400.0,26066.5,314.5,317.0,313.95,317.0,37200,1763957760
2025-11-24 09:47:00,PE,ATM+7,0.0,103350,26450.0,26082.9,365.65,366.0,348.8,349.2,1875,1763957820
2025-11-24 09:48:00,PE,ATM+7,0.0,103350,26450.0,26090.55,348.45,348.45,337.4,337.4,1500,1763957880
2025-11-24 09:49:00,PE,ATM+7,0.0,104325,26450.0,26095.7,338.15,338.15,333.05,335.35,4575,1763957940
2025-11-24 09:50:00,PE,ATM+7,0.0,104325,26450.0,26103.1,330.85,330.85,323.8,324.6,4500,1763958000
2025-11-24 09:51:00,PE,ATM+7,0.0,104325,26450.0,26105.85,323.7,324.6,321.55,323.2,6600,1763958060
2025-11-24 09:52:00,PE,ATM+7,0.0,106125,26450.0,26096.8,324.85,333.4,324.85,333.4,2325,1763958120
2025-11-24 09:53:00,PE,ATM+7,0.0,106125,26450.0,26095.85,336.9,338.25,332.35,332.35,5475,1763958180
2025-11-24 09:54:00,PE,ATM+7,0.0,106125,26450.0,26087.25,331.75,345.55,331.35,344.9,6900,1763958240
2025-11-24 09:55:00,PE,ATM+7,0.0,102000,26450.0,26088.75,345.8,347.7,340.0,341.1,4950,1763958300
2025-11-24 09:56:00,PE,ATM+7,0.0,102000,26450.0,26090.15,339.25,343.45,338.25,340.75,2475,1763958360
2025-11-24 09:57:00,PE,ATM+7,0.0,102000,26450.0,26086.75,340.5,342.3,340.5,342.3,150,1763958420
2025-11-24 09:58:00,PE,ATM+7,0.0,101700,26450.0,26086.3,342.95,347.5,342.95,347.5,375,1763958480
2025-11-24 09:59:00,PE,ATM+7,0.0,101700,26450.0,26085.4,345.0,347.45,342.3,343.95,1425,1763958540
2025-11-24 10:00:00,PE,ATM+7,0.0,101700,26450.0,26094.1,343.45,343.45,333.7,333.7,1725,1763958600
2025-11-24 10:01:00,PE,ATM+7,0.0,102150,26450.0,26098.4,333.6,334.45,330.0,330.0,2700,1763958660
2025-11-24 10:02:00,PE,ATM+7,0.0,102150,26450.0,26106.75,329.65,329.65,318.35,318.85,4050,1763958720
2025-11-24 10:03:00,PE,ATM+7,0.0,102150,26450.0,26104.4,321.3,324.95,320.95,323.4,2400,1763958780
2025-11-24 10:04:00,PE,ATM+7,0.0,102675,26450.0,26107.9,323.0,323.0,318.15,319.05,1650,1763958840
2025-11-24 10:05:00,PE,ATM+7,0.0,102675,26450.0,26112.55,320.65,320.95,320.65,320.95,600,1763958900
2025-11-24 10:06:00,PE,ATM+7,0.0,102675,26450.0,26110.85,321.1,323.9,320.45,320.45,1350,1763958960
2025-11-24 10:07:00,PE,ATM+7,0.0,103575,26450.0,26111.15,319.9,322.8,316.75,317.7,3525,1763959020
2025-11-24 10:08:00,PE,ATM+7,0.0,103575,26450.0,26115.4,316.0,316.0,309.1,313.25,5400,1763959080
2025-11-24 10:09:00,PE,ATM+7,0.0,103575,26450.0,26117.45,314.85,314.85,310.0,310.0,2775,1763959140
2025-11-24 10:10:00,PE,ATM+7,0.0,104550,26450.0,26119.95,309.0,311.9,309.0,311.9,5550,1763959200
2025-11-24 10:11:00,PE,ATM+7,0.0,104550,26450.0,26116.75,311.9,312.9,310.8,311.6,2775,1763959260
2025-11-24 10:12:00,PE,ATM+7,0.0,104550,26450.0,26123.5,312.55,312.85,304.3,304.75,3000,1763959320
2025-11-24 10:13:00,PE,ATM+7,0.0,1232250,26500.0,26125.25,354.45,357.55,352.0,353.7,9975,1763959380
2025-11-24 10:14:00,PE,ATM+7,0.0,1232250,26500.0,26128.5,354.0,357.7,353.0,353.4,8250,1763959440
2025-11-24 10:15:00,PE,ATM+7,0.0,1232250,26500.0,26127.8,353.55,354.7,352.15,353.75,18750,1763959500
2025-11-24 10:16:00,PE,ATM+7,0.0,109800,26450.0,26119.65,305.1,310.8,300.65,309.8,5100,1763959560
2025-11-24 10:17:00,PE,ATM+7,0.0,109800,26450.0,26112.6,309.8,320.9,309.25,317.95,3225,1763959620
2025-11-24 10:18:00,PE,ATM+7,0.0,109800,26450.0,26113.2,314.05,317.55,314.05,316.85,4800,1763959680
2025-11-24 10:19:00,PE,ATM+7,0.0,109875,26450.0,26113.95,314.5,314.5,312.0,312.95,2775,1763959740
2025-11-24 10:20:00,PE,ATM+7,0.0,109875,26450.0,26117.35,311.9,311.9,306.25,309.15,5475,1763959800
2025-11-24 10:21:00,PE,ATM+7,0.0,1222125,26500.0,26125.1,361.45,363.0,346.0,353.0,30075,1763959860
2025-11-24 10:22:00,PE,ATM+7,0.0,108150,26450.0,26124.05,303.75,308.5,302.15,305.55,2925,1763959920
2025-11-24 10:23:00,PE,ATM+7,0.0,1221900,26500.0,26125.85,355.95,355.95,351.1,351.1,5775,1763959980
2025-11-24 10:24:00,PE,ATM+7,0.0,1221900,26500.0,26125.15,348.7,354.7,348.7,354.7,10350,1763960040
2025-11-24 10:25:00,PE,ATM+7,0.0,108000,26450.0,26123.55,304.55,306.0,304.55,305.2,1275,1763960100
2025-11-24 10:26:00,PE,ATM+7,0.0,1223850,26500.0,26125.4,354.0,355.3,350.35,353.65,12750,1763960160
2025-11-24 10:27:00,PE,ATM+7,0.0,1223850,26500.0,26127.95,353.8,357.3,350.35,351.0,5250,1763960220
2025-11-24 10:28:00,PE,ATM+7,0.0,108600,26450.0,26123.85,305.55,306.55,304.15,304.9,1500,1763960280
2025-11-24 10:29:00,PE,ATM+7,0.0,108600,26450.0,26121.25,305.8,309.95,305.8,309.95,1650,1763960340
2025-11-24 10:30:00,PE,ATM+7,0.0,108600,26450.0,26122.8,310.55,313.55,307.55,307.55,2025,1763960400
2025-11-24 10:31:00,PE,ATM+7,0.0,108000,26450.0,26118.25,307.8,315.9,307.6,315.3,2475,1763960460
2025-11-24 10:32:00,PE,ATM+7,0.0,108000,26450.0,26123.75,312.55,314.8,303.75,307.55,3450,1763960520
2025-11-24 10:33:00,PE,ATM+7,0.0,108000,26450.0,26123.7,308.1,310.55,304.55,309.55,1650,1763960580
2025-11-24 10:34:00,PE,ATM+7,0.0,1243800,26500.0,26129.4,357.8,357.8,350.0,350.0,4425,1763960640
2025-11-24 10:35:00,PE,ATM+7,0.0,1243800,26500.0,26133.6,347.5,353.4,347.5,348.1,112275,1763960700
2025-11-24 10:36:00,PE,ATM+7,0.0,1243800,26500.0,26133.75,350.0,350.0,345.95,348.0,6975,1763960760
2025-11-24 10:37:00,PE,ATM+7,0.0,1175850,26500.0,26140.25,347.15,347.8,334.5,334.9,23400,1763960820
2025-11-24 10:38:00,PE,ATM+7,0.0,1175850,26500.0,26140.3,336.55,343.0,336.55,342.05,17100,1763960880
2025-11-24 10:39:00,PE,ATM+7,0.0,1175850,26500.0,26137.45,343.45,345.8,341.7,345.15,6975,1763960940
2025-11-24 10:40:00,PE,ATM+7,0.0,1143600,26500.0,26136.2,344.5,347.35,344.15,345.9,88350,1763961000
2025-11-24 10:41:00,PE,ATM+7,0.0,1143600,26500.0,26137.0,346.15,346.35,343.15,343.65,17700,1763961060
2025-11-24 10:42:00,PE,ATM+7,0.0,1143600,26500.0,26138.05,342.65,343.0,341.25,342.95,19500,1763961120
2025-11-24 10:43:00,PE,ATM+7,0.0,1133475,26500.0,26139.4,342.5,343.65,340.0,343.2,6525,1763961180
2025-11-24 10:44:00,PE,ATM+7,0.0,1133475,26500.0,26130.95,343.8,349.6,343.8,349.6,13275,1763961240
2025-11-24 10:45:00,PE,ATM+7,0.0,1133475,26500.0,26129.4,352.9,354.2,349.75,352.85,44400,1763961300
2025-11-24 10:46:00,PE,ATM+7,0.0,1148925,26500.0,26130.95,353.7,353.7,347.7,348.65,6900,1763961360
2025-11-24 10:47:00,PE,ATM+7,0.0,1148925,26500.0,26129.6,348.3,351.0,347.9,348.55,9000,1763961420
2025-11-24 10:48:00,PE,ATM+7,0.0,1148925,26500.0,26133.15,348.0,348.2,344.45,344.45,6750,1763961480
2025-11-24 10:49:00,PE,ATM+7,0.0,1152000,26500.0,26132.05,343.2,349.3,341.55,348.2,8850,1763961540
2025-11-24 10:50:00,PE,ATM+7,0.0,1152000,26500.0,26128.95,347.8,354.75,347.8,351.85,20775,1763961600
2025-11-24 10:51:00,PE,ATM+7,0.0,1152000,26500.0,26131.75,350.7,351.4,348.85,349.6,12225,1763961660
2025-11-24 10:52:00,PE,ATM+7,0.0,1153275,26500.0,26127.5,348.85,352.85,348.15,352.6,11775,1763961720
2025-11-24 10:53:00,PE,ATM+7,0.0,108900,26450.0,26119.25,304.3,311.55,304.2,311.4,5925,1763961780
2025-11-24 10:54:00,PE,ATM+7,0.0,108900,26450.0,26114.1,311.7,318.5,311.15,315.25,7950,1763961840
2025-11-24 10:55:00,PE,ATM+7,0.0,106950,26450.0,26109.85,317.25,320.55,315.45,318.75,6750,1763961900
2025-11-24 10:56:00,PE,ATM+7,0.0,106950,26450.0,26115.2,319.2,319.2,313.25,313.25,4950,1763961960
2025-11-24 10:57:00,PE,ATM+7,0.0,106950,26450.0,26112.0,313.95,321.0,313.95,317.55,1875,1763962020
2025-11-24 10:58:00,PE,ATM+7,0.0,105825,26450.0,26110.85,317.3,320.55,315.6,317.6,2550,1763962080
2025-11-24 10:59:00,PE,ATM+7,0.0,105825,26450.0,26108.4,316.55,320.25,316.55,319.55,825,1763962140
2025-11-24 11:00:00,PE,ATM+7,0.0,105825,26450.0,26107.35,321.55,323.8,320.35,320.35,1275,1763962200
2025-11-24 11:01:00,PE,ATM+7,0.0,105375,26450.0,26101.95,320.35,332.55,317.4,332.55,9675,1763962260
2025-11-24 11:02:00,PE,ATM+7,0.0,105375,26450.0,26097.85,332.4,338.9,330.7,335.45,10200,1763962320
2025-11-24 11:03:00,PE,ATM+7,0.0,105375,26450.0,26095.4,336.3,336.55,333.95,336.0,2850,1763962380
2025-11-24 11:04:00,PE,ATM+7,0.0,100350,26450.0,26105.25,334.7,335.05,324.3,327.55,2550,1763962440
2025-11-24 11:05:00,PE,ATM+7,0.0,100350,26450.0,26103.8,329.5,329.5,326.9,327.6,1650,1763962500
2025-11-24 11:06:00,PE,ATM+7,0.0,100350,26450.0,26100.65,329.55,333.55,329.55,331.5,1350,1763962560
2025-11-24 11:07:00,PE,ATM+7,0.0,101475,26450.0,26104.1,331.7,331.7,325.6,325.65,4200,1763962620
2025-11-24 11:08:00,PE,ATM+7,0.0,101475,26450.0,26102.6,327.95,331.55,326.55,328.4,1125,1763962680
2025-11-24 11:09:00,PE,ATM+7,0.0,101475,26450.0,26099.75,329.5,336.55,328.9,331.85,4200,1763962740
2025-11-24 11:10:00,PE,ATM+7,0.0,104025,26450.0,26098.7,330.55,334.55,329.55,334.55,2325,1763962800
2025-11-24 11:11:00,PE,ATM+7,0.0,104025,26450.0,26096.35,333.65,338.3,332.55,334.55,3000,1763962860
2025-11-24 11:12:00,PE,ATM+7,0.0,104025,26450.0,26101.35,332.9,332.95,327.5,327.5,2700,1763962920
2025-11-24 11:13:00,PE,ATM+7,0.0,104550,26450.0,26101.35,330.55,332.0,327.55,327.55,2250,1763962980
2025-11-24 11:14:00,PE,ATM+7,0.0,104550,26450.0,26098.1,328.2,336.55,328.2,336.55,975,1763963040
2025-11-24 11:15:00,PE,ATM+7,0.0,104550,26450.0,26092.75,338.55,339.35,333.55,337.55,9225,1763963100
2025-11-24 11:16:00,PE,ATM+7,0.0,99750,26450.0,26093.45,336.55,340.55,332.55,336.55,5175,1763963160
2025-11-24 11:17:00,PE,ATM+7,0.0,99750,26450.0,26092.95,335.55,340.0,332.55,336.55,1800,1763963220
2025-11-24 11:18:00,PE,ATM+7,0.0,99750,26450.0,26090.05,340.55,345.2,340.55,340.55,2025,1763963280
2025-11-24 11:19:00,PE,ATM+7,0.0,99750,26450.0,26093.5,339.55,339.9,332.75,335.8,1650,1763963340
2025-11-24 11:20:00,PE,ATM+7,0.0,99750,26450.0,26096.65,335.55,335.55,328.95,328.95,3000,1763963400
2025-11-24 11:21:00,PE,ATM+7,0.0,99750,26450.0,26095.1,329.25,339.0,327.55,336.5,3450,1763963460
2025-11-24 11:22:00,PE,ATM+7,0.0,99975,26450.0,26097.55,336.0,336.0,330.55,331.45,1050,1763963520
2025-11-24 11:23:00,PE,ATM+7,0.0,99975,26450.0,26095.55,333.55,336.9,332.5,333.15,3375,1763963580
2025-11-24 11:24:00,PE,ATM+7,0.0,99975,26450.0,26096.8,331.9,336.55,331.9,332.65,900,1763963640
2025-11-24 11:25:00,PE,ATM+7,0.0,100125,26450.0,26104.5,330.55,330.55,323.55,323.55,3000,1763963700
2025-11-24 11:26:00,PE,ATM+7,0.0,100125,26450.0,26109.6,323.1,324.0,315.55,315.55,4500,1763963760
2025-11-24 11:27:00,PE,ATM+7,0.0,100125,26450.0,26110.0,316.3,319.45,315.0,316.05,2625,1763963820
2025-11-24 11:28:00,PE,ATM+7,0.0,98175,26450.0,26115.0,315.35,315.35,308.1,309.4,7125,1763963880
2025-11-24 11:29:00,PE,ATM+7,0.0,98175,26450.0,26122.6,310.0,310.0,305.8,307.5,3150,1763963940
2025-11-24 11:30:00,PE,ATM+7,0.0,98175,26450.0,26121.95,304.55,309.15,304.55,309.15,3600,1763964000
2025-11-24 11:31:00,PE,ATM+7,0.0,100875,26450.0,26119.15,308.9,309.55,307.0,309.55,1875,1763964060
2025-11-24 11:32:00,PE,ATM+7,0.0,100875,26450.0,26122.15,308.55,308.55,302.5,302.5,2550,1763964120
2025-11-24 11:33:00,PE,ATM+7,0.0,100875,26450.0,26123.9,303.1,305.3,302.3,302.8,2100,1763964180
2025-11-24 11:34:00,PE,ATM+7,0.0,102075,26450.0,26122.2,304.45,308.35,304.25,307.4,1725,1763964240
2025-11-24 11:35:00,PE,ATM+7,0.0,102075,26450.0,26124.4,305.5,305.5,304.05,304.05,1275,1763964300
2025-11-24 11:36:00,PE,ATM+7,0.0,1034700,26500.0,26127.0,353.6,353.6,349.75,351.65,12900,1763964360
2025-11-24 11:37:00,PE,ATM+7,0.0,1038150,26500.0,26127.4,352.95,354.1,351.9,353.0,2850,1763964420
2025-11-24 11:38:00,PE,ATM+7,0.0,101925,26450.0,26124.85,305.45,305.45,305.45,305.45,75,1763964480
2025-11-24 11:39:00,PE,ATM+7,0.0,101925,26450.0,26118.25,307.8,312.4,307.55,312.4,3075,1763964540
2025-11-24 11:40:00,PE,ATM+7,0.0,101925,26450.0,26116.9,313.0,315.6,310.6,310.6,2175,1763964600
2025-11-24 11:41:00,PE,ATM+7,0.0,99450,26450.0,26118.5,309.9,310.8,308.15,310.8,1425,1763964660
2025-11-24 11:42:00,PE,ATM+7,0.0,99450,26450.0,26114.6,311.55,316.65,310.1,315.1,3225,1763964720
2025-11-24 11:43:00,PE,ATM+7,0.0,99450,26450.0,26117.45,315.6,315.6,313.05,313.05,600,1763964780
2025-11-24 11:44:00,PE,ATM+7,0.0,97950,26450.0,26117.15,313.75,313.75,313.15,313.15,300,1763964840
2025-11-24 11:45:00,PE,ATM+7,0.0,97950,26450.0,26106.7,314.45,322.7,314.45,322.7,675,1763964900
2025-11-24 11:46:00,PE,ATM+7,0.0,97950,26450.0,26106.5,322.1,330.05,321.55,323.35,3750,1763964960
2025-11-24 11:47:00,PE,ATM+7,0.0,98475,26450.0,26105.45,325.0,327.0,324.0,324.0,1725,1763965020
2025-11-24 11:48:00,PE,ATM+7,0.0,98475,26450.0,26097.75,325.75,332.6,325.15,331.4,6300,1763965080
2025-11-24 11:49:00,PE,ATM+7,0.0,98475,26450.0,26097.65,332.95,332.95,330.45,332.25,1275,1763965140
2025-11-24 11:50:00,PE,ATM+7,0.0,97350,26450.0,26089.45,333.45,341.75,333.45,337.85,6750,1763965200
2025-11-24 11:51:00,PE,ATM+7,0.0,97350,26450.0,26084.9,337.05,344.0,337.05,343.35,3525,1763965260
2025-11-24 11:52:00,PE,ATM+7,0.0,96225,26450.0,26080.2,346.8,346.8,343.8,345.0,2250,1763965320
2025-11-24 11:53:00,PE,ATM+7,0.0,520725,26400.0,26073.8,297.35,307.75,296.4,306.35,28650,1763965380
2025-11-24 11:54:00,PE,ATM+7,0.0,520725,26400.0,26069.85,307.55,308.25,304.65,306.2,12900,1763965440
2025-11-24 11:55:00,PE,ATM+7,0.0,93975,26450.0,26075.25,353.2,353.2,349.75,350.2,3525,1763965500
2025-11-24 11:56:00,PE,ATM+7,0.0,519675,26400.0,26074.15,303.7,308.15,301.85,303.35,15900,1763965560
2025-11-24 11:57:00,PE,ATM+7,0.0,519675,26400.0,26064.6,303.3,321.5,303.3,316.1,38400,1763965620
2025-11-24 11:58:00,PE,ATM+7,0.0,509475,26400.0,26069.05,314.55,314.55,309.3,310.65,13350,1763965680
2025-11-24 11:59:00,PE,ATM+7,0.0,93975,26450.0,26077.4,356.5,356.5,349.35,350.6,1350,1763965740
2025-11-24 12:00:00,PE,ATM+7,0.0,93975,26450.0,26081.85,351.25,354.35,345.75,345.75,900,1763965800
2025-11-24 12:01:00,PE,ATM+7,0.0,93975,26450.0,26085.1,345.55,349.0,344.7,348.9,4275,1763965860
2025-11-24 12:02:00,PE,ATM+7,0.0,94050,26450.0,26087.85,346.2,346.4,343.75,345.7,1500,1763965920
2025-11-24 12:03:00,PE,ATM+7,0.0,94050,26450.0,26083.2,344.25,350.4,344.25,350.4,825,1763965980
2025-11-24 12:04:00,PE,ATM+7,0.0,94200,26450.0,26083.85,351.15,351.15,348.8,349.25,600,1763966040
2025-11-24 12:05:00,PE,ATM+7,0.0,94200,26450.0,26083.95,348.0,351.7,348.0,351.1,975,1763966100
2025-11-24 12:06:00,PE,ATM+7,0.0,94200,26450.0,26082.5,353.6,353.6,352.5,352.5,150,1763966160
2025-11-24 12:07:00,PE,ATM+7,0.0,94200,26450.0,26076.1,352.65,361.15,352.65,356.85,3000,1763966220
2025-11-24 12:08:00,PE,ATM+7,0.0,97050,26450.0,26076.8,354.45,357.0,354.45,357.0,450,1763966280
2025-11-24 12:09:00,PE,ATM+7,0.0,501750,26400.0,26072.9,307.8,314.35,307.65,313.7,17250,1763966340
2025-11-24 12:10:00,PE,ATM+7,0.0,501900,26400.0,26069.5,311.65,315.5,310.45,314.45,14100,1763966400
2025-11-24 12:11:00,PE,ATM+7,0.0,501900,26400.0,26070.8,313.2,315.0,311.2,311.2,9375,1763966460
2025-11-24 12:12:00,PE,ATM+7,0.0,501900,26400.0,26066.4,312.15,317.7,311.95,317.7,10875,1763966520
2025-11-24 12:13:00,PE,ATM+7,0.0,498600,26400.0,26067.9,317.45,317.45,309.45,312.55,12000,1763966580
2025-11-24 12:14:00,PE,ATM+7,0.0,498600,26400.0,26069.1,311.95,312.0,308.55,310.65,4350,1763966640
2025-11-24 12:15:00,PE,ATM+7,0.0,498600,26400.0,26074.2,312.15,313.3,305.75,305.95,4725,1763966700
2025-11-24 12:16:00,PE,ATM+7,0.0,498600,26400.0,26068.95,306.5,315.05,305.95,315.0,4575,1763966760
2025-11-24 12:17:00,PE,ATM+7,0.0,499875,26400.0,26072.85,315.15,315.15,310.0,310.0,8325,1763966820
2025-11-24 12:18:00,PE,ATM+7,0.0,96750,26450.0,26078.8,353.75,353.75,347.85,349.2,1500,1763966880
2025-11-24 12:19:00,PE,ATM+7,0.0,96750,26450.0,26077.45,351.9,351.9,351.9,351.9,300,1763966940
2025-11-24 12:20:00,PE,ATM+7,0.0,95850,26450.0,26084.55,352.65,352.65,343.85,344.25,1725,1763967000
2025-11-24 12:21:00,PE,ATM+7,0.0,95850,26450.0,26087.25,348.5,348.5,341.9,342.35,1425,1763967060
2025-11-24 12:22:00,PE,ATM+7,0.0,95850,26450.0,26083.15,342.25,351.0,342.25,351.0,1575,1763967120
2025-11-24 12:23:00,PE,ATM+7,0.0,96300,26450.0,26078.15,350.7,355.7,350.7,354.8,675,1763967180
2025-11-24 12:24:00,PE,ATM+7,0.0,486450,26400.0,26073.65,304.7,317.0,304.7,311.8,25200,1763967240
2025-11-24 12:25:00,PE,ATM+7,0.0,486450,26400.0,26068.35,310.0,330.05,310.0,313.45,60450,1763967300
2025-11-24 12:26:00,PE,ATM+7,0.0,497400,26400.0,26066.6,311.4,314.65,309.35,314.65,6675,1763967360
2025-11-24 12:27:00,PE,ATM+7,0.0,497400,26400.0,26061.45,313.45,321.9,313.45,321.45,21600,1763967420
2025-11-24 12:28:00,PE,ATM+7,0.0,497400,26400.0,26064.35,320.0,321.25,315.0,316.35,14475,1763967480
2025-11-24 12:29:00,PE,ATM+7,0.0,498000,26400.0,26065.55,317.45,317.45,314.0,314.65,4650,1763967540
2025-11-24 12:30:00,PE,ATM+7,0.0,498000,26400.0,26063.8,318.55,319.2,314.0,318.15,3600,1763967600
2025-11-24 12:31:00,PE,ATM+7,0.0,498000,26400.0,26058.7,319.2,335.2,319.05,326.7,41250,1763967660
2025-11-24 12:32:00,PE,ATM+7,0.0,494325,26400.0,26071.65,324.2,326.15,312.0,312.0,24450,1763967720
2025-11-24 12:33:00,PE,ATM+7,0.0,494325,26400.0,26074.15,311.95,315.7,311.95,314.6,9975,1763967780
2025-11-24 12:34:00,PE,ATM+7,0.0,96600,26450.0,26077.6,359.2,359.2,353.9,353.9,2700,1763967840
2025-11-24 12:35:00,PE,ATM+7,0.0,94050,26450.0,26078.5,357.0,357.0,352.65,352.65,750,1763967900
2025-11-24 12:36:00,PE,ATM+7,0.0,94050,26450.0,26079.9,346.55,348.8,346.55,348.25,2400,1763967960
2025-11-24 12:37:00,PE,ATM+7,0.0,94050,26450.0,26080.45,351.75,351.95,347.6,349.8,1050,1763968020
2025-11-24 12:38:00,PE,ATM+7,0.0,94050,26450.0,26079.6,352.15,353.15,352.15,353.15,225,1763968080
2025-11-24 12:39:00,PE,ATM+7,0.0,93150,26450.0,26077.05,354.9,358.0,354.9,356.65,1125,1763968140
2025-11-24 12:40:00,PE,ATM+7,0.0,93150,26450.0,26076.1,353.6,353.6,350.35,350.5,300,1763968200
2025-11-24 12:41:00,PE,ATM+7,0.0,93300,26450.0,26075.25,354.8,357.05,354.7,357.05,1125,1763968260
2025-11-24 12:42:00,PE,ATM+7,0.0,93300,26450.0,26076.5,355.2,356.4,355.1,355.1,750,1763968320
2025-11-24 12:43:00,PE,ATM+7,0.0,93300,26450.0,26075.65,353.6,357.0,353.6,355.05,1725,1763968380
2025-11-24 12:44:00,PE,ATM+7,0.0,92325,26450.0,26078.0,358.15,359.0,353.85,353.85,300,1763968440
2025-11-24 12:45:00,PE,ATM+7,0.0,92325,26450.0,26080.55,353.85,353.85,345.6,345.6,975,1763968500
2025-11-24 12:46:00,PE,ATM+7,0.0,92325,26450.0,26081.4,344.4,346.7,343.2,345.05,1575,1763968560
2025-11-24 12:47:00,PE,ATM+7,0.0,91350,26450.0,26080.1,346.3,351.25,344.95,350.6,975,1763968620
2025-11-24 12:48:00,PE,ATM+7,0.0,91350,26450.0,26080.4,351.3,351.3,350.7,350.7,225,1763968680
2025-11-24 12:49:00,PE,ATM+7,0.0,91350,26450.0,26085.3,348.4,348.4,344.35,344.6,600,1763968740
2025-11-24 12:50:00,PE,ATM+7,0.0,92025,26450.0,26089.15,344.4,344.4,343.1,343.3,1050,1763968800
2025-11-24 12:51:00,PE,ATM+7,0.0,92025,26450.0,26090.75,342.0,344.7,340.5,342.3,600,1763968860
2025-11-24 12:52:00,PE,ATM+7,0.0,92025,26450.0,26089.25,343.25,346.65,343.25,346.65,225,1763968920
2025-11-24 12:53:00,PE,ATM+7,0.0,91650,26450.0,26087.6,346.0,346.0,346.0,346.0,75,1763968980
2025-11-24 12:54:00,PE,ATM+7,0.0,475575,26400.0,26074.85,298.4,314.4,298.4,309.2,26700,1763969040
2025-11-24 12:55:00,PE,ATM+7,0.0,91650,26450.0,26075.25,366.0,366.85,357.8,357.8,2475,1763969100
2025-11-24 12:56:00,PE,ATM+7,0.0,93375,26450.0,26081.0,353.7,353.7,353.7,353.7,150,1763969160
2025-11-24 12:57:00,PE,ATM+7,0.0,93375,26450.0,26080.6,354.1,354.55,348.2,348.2,825,1763969220
2025-11-24 12:58:00,PE,ATM+7,0.0,93375,26450.0,26079.45,348.2,348.2,348.2,348.2,0,1763969280
2025-11-24 12:59:00,PE,ATM+7,0.0,93525,26450.0,26084.75,353.4,353.4,346.0,346.0,1500,1763969340
2025-11-24 13:00:00,PE,ATM+7,0.0,93525,26450.0,26086.25,345.0,345.45,342.7,345.2,1800,1763969400
2025-11-24 13:01:00,PE,ATM+7,0.0,93525,26450.0,26083.15,347.15,350.4,346.3,350.4,525,1763969460
2025-11-24 13:02:00,PE,ATM+7,0.0,93450,26450.0,26075.55,351.4,355.8,351.4,355.8,750,1763969520
2025-11-24 13:03:00,PE,ATM+7,0.0,467550,26400.0,26074.1,308.9,311.15,308.4,310.05,6675,1763969580
2025-11-24 13:04:00,PE,ATM+7,0.0,467550,26400.0,26074.6,310.25,313.6,306.0,306.35,6300,1763969640
2025-11-24 13:05:00,PE,ATM+7,0.0,466950,26400.0,26069.8,308.1,309.35,307.2,308.85,3150,1763969700
2025-11-24 13:06:00,PE,ATM+7,0.0,466950,26400.0,26067.45,309.25,310.0,304.9,308.0,8700,1763969760
2025-11-24 13:07:00,PE,ATM+7,0.0,94350,26450.0,26083.1,356.55,356.55,348.45,349.1,375,1763969820
2025-11-24 13:08:00,PE,ATM+7,0.0,94050,26450.0,26086.2,347.0,348.25,344.4,348.25,3075,1763969880
2025-11-24 13:09:00,PE,ATM+7,0.0,94050,26450.0,26083.9,350.0,350.0,348.55,348.55,150,1763969940
2025-11-24 13:10:00,PE,ATM+7,0.0,94050,26450.0,26088.6,352.25,352.45,349.05,350.2,900,1763970000
2025-11-24 13:11:00,PE,ATM+7,0.0,92550,26450.0,26085.3,347.8,350.0,345.85,350.0,1050,1763970060
2025-11-24 13:12:00,PE,ATM+7,0.0,92550,26450.0,26089.2,349.4,349.4,347.15,347.15,150,1763970120
2025-11-24 13:13:00,PE,ATM+7,0.0,92550,26450.0,26083.4,350.75,354.75,350.05,354.75,450,1763970180
2025-11-24 13:14:00,PE,ATM+7,0.0,92475,26450.0,26080.6,354.8,356.7,354.45,355.0,2400,1763970240
2025-11-24 13:15:00,PE,ATM+7,0.0,92475,26450.0,26078.95,356.0,358.1,355.75,358.1,375,1763970300
2025-11-24 13:16:00,PE,ATM+7,0.0,92475,26450.0,26079.95,355.7,355.7,355.0,355.0,600,1763970360
2025-11-24 13:17:00,PE,ATM+7,0.0,93000,26450.0,26086.05,354.0,354.0,347.8,347.8,975,1763970420
2025-11-24 13:18:00,PE,ATM+7,0.0,93000,26450.0,26086.9,351.5,351.5,346.65,346.65,375,1763970480
2025-11-24 13:19:00,PE,ATM+7,0.0,93000,26450.0,26088.15,346.7,346.7,346.7,346.7,75,1763970540
2025-11-24 13:20:00,PE,ATM+7,8.36,93000,26450.0,26093.55,346.7,346.7,346.7,346.7,0,1763970600
2025-11-24 13:21:00,PE,ATM+7,0.0,92850,26450.0,26092.5,343.15,345.65,343.15,345.65,2025,1763970660
2025-11-24 13:22:00,PE,ATM+7,8.45,92850,26450.0,26093.0,342.9,348.15,342.9,348.15,375,1763970720
2025-11-24 13:23:00,PE,ATM+7,0.0,91425,26450.0,26091.7,344.7,346.3,344.7,346.3,525,1763970780
2025-11-24 13:24:00,PE,ATM+7,0.0,91425,26450.0,26091.05,344.6,344.6,341.3,342.95,225,1763970840
2025-11-24 13:25:00,PE,ATM+7,0.0,91425,26450.0,26090.95,342.95,342.95,342.95,342.95,0,1763970900
2025-11-24 13:26:00,PE,ATM+7,8.78,91875,26450.0,26087.9,353.95,353.95,352.0,352.0,1875,1763970960
2025-11-24 13:27:00,PE,ATM+7,0.0,91875,26450.0,26085.7,352.15,352.15,350.85,350.85,375,1763971020
2025-11-24 13:28:00,PE,ATM+7,15.17,91875,26450.0,26079.4,353.15,362.85,353.15,362.85,675,1763971080
2025-11-24 13:29:00,PE,ATM+7,9.92,94125,26450.0,26083.45,362.5,362.5,358.0,358.45,2325,1763971140
2025-11-24 13:30:00,PE,ATM+7,15.09,94125,26450.0,26080.4,360.65,363.0,358.45,363.0,1800,1763971200
2025-11-24 13:31:00,PE,ATM+7,15.26,94125,26450.0,26078.1,364.95,364.95,360.0,364.0,2100,1763971260
2025-11-24 13:32:00,PE,ATM+7,0.0,94125,26450.0,26077.75,360.55,360.95,359.55,359.55,1200,1763971320
2025-11-24 13:33:00,PE,ATM+7,0.0,93900,26450.0,26080.0,359.8,359.8,358.15,358.25,675,1763971380
2025-11-24 13:34:00,PE,ATM+7,0.0,93900,26450.0,26079.2,358.45,358.45,358.45,358.45,75,1763971440
2025-11-24 13:35:00,PE,ATM+7,0.0,93750,26450.0,26085.75,358.75,358.75,351.7,351.7,1275,1763971500
2025-11-24 13:36:00,PE,ATM+7,0.0,93750,26450.0,26088.45,351.7,351.7,349.1,349.1,1125,1763971560
2025-11-24 13:37:00,PE,ATM+7,15.06,93750,26450.0,26080.95,353.15,360.3,353.15,360.3,150,1763971620
2025-11-24 13:38:00,PE,ATM+7,9.66,93750,26450.0,26079.9,359.25,360.9,359.25,360.9,825,1763971680
2025-11-24 13:39:00,PE,ATM+7,0.0,457725,26400.0,26070.45,312.6,319.7,312.6,315.25,8100,1763971740
2025-11-24 13:40:00,PE,ATM+7,0.0,457725,26400.0,26067.9,313.7,316.15,313.1,316.0,12150,1763971800
2025-11-24 13:41:00,PE,ATM+7,0.0,460875,26400.0,26070.75,315.0,316.6,308.0,310.6,15675,1763971860
2025-11-24 13:42:00,PE,ATM+7,0.0,94200,26450.0,26080.05,356.45,356.6,355.75,356.35,1050,1763971920
2025-11-24 13:43:00,PE,ATM+7,11.23,94200,26450.0,26080.5,359.8,359.8,357.25,357.25,150,1763971980
2025-11-24 13:44:00,PE,ATM+7,9.51,94200,26450.0,26086.55,355.0,355.0,352.95,352.95,150,1763972040
2025-11-24 13:45:00,PE,ATM+7,0.0,93825,26450.0,26087.2,348.7,349.35,348.45,348.45,1875,1763972100
2025-11-24 13:46:00,PE,ATM+7,0.0,93825,26450.0,26085.5,351.0,351.0,347.35,350.25,2700,1763972160
2025-11-24 13:47:00,PE,ATM+7,0.0,95325,26450.0,26079.75,350.1,353.0,350.1,353.0,2175,1763972220
2025-11-24 13:48:00,PE,ATM+7,0.0,95325,26450.0,26086.1,354.0,354.0,347.0,347.15,2550,1763972280
2025-11-24 13:49:00,PE,ATM+7,0.0,95325,26450.0,26080.7,347.15,347.15,347.15,347.15,0,1763972340
2025-11-24 13:50:00,PE,ATM+7,0.0,93975,26450.0,26079.4,354.9,357.4,354.9,356.7,1350,1763972400
2025-11-24 13:51:00,PE,ATM+7,0.0,93975,26450.0,26085.05,356.5,356.5,352.1,352.1,750,1763972460
2025-11-24 13:52:00,PE,ATM+7,0.0,93975,26450.0,26080.6,355.9,357.3,355.9,357.1,600,1763972520
2025-11-24 13:53:00,PE,ATM+7,0.0,93375,26450.0,26075.8,359.95,363.15,359.0,363.15,1275,1763972580
2025-11-24 13:54:00,PE,ATM+7,10.47,93375,26450.0,26076.95,361.8,364.25,361.8,364.25,600,1763972640
2025-11-24 13:55:00,PE,ATM+7,0.0,93375,26450.0,26076.15,360.35,361.25,359.85,361.25,300,1763972700
2025-11-24 13:56:00,PE,ATM+7,0.0,93675,26450.0,26081.4,363.5,363.5,357.0,357.0,375,1763972760
2025-11-24 13:57:00,PE,ATM+7,0.0,93675,26450.0,26080.65,356.55,356.55,356.55,356.55,75,1763972820
2025-11-24 13:58:00,PE,ATM+7,10.23,93675,26450.0,26076.3,358.2,365.0,358.2,365.0,150,1763972880
2025-11-24 13:59:00,PE,ATM+7,10.08,455475,26400.0,26069.55,314.55,322.15,313.2,322.15,9750,1763972940
2025-11-24 14:00:00,PE,ATM+7,0.0,455475,26400.0,26068.5,320.1,320.3,315.0,319.3,12225,1763973000
2025-11-24 14:01:00,PE,ATM+7,0.0,455475,26400.0,26062.15,318.7,325.0,318.7,324.9,14850,1763973060
2025-11-24 14:02:00,PE,ATM+7,0.0,452325,26400.0,26056.15,325.0,329.85,321.3,328.9,18825,1763973120
2025-11-24 14:03:00,PE,ATM+7,0.0,452325,26400.0,26059.15,330.25,333.6,327.45,327.8,15075,1763973180
2025-11-24 14:04:00,PE,ATM+7,0.0,452325,26400.0,26050.75,327.15,335.6,327.15,333.85,12825,1763973240
2025-11-24 14:05:00,PE,ATM+7,0.0,448725,26400.0,26044.5,331.8,337.6,330.6,332.45,20475,1763973300
2025-11-24 14:06:00,PE,ATM+7,0.0,448725,26400.0,26047.05,333.05,335.0,330.0,330.9,23325,1763973360
2025-11-24 14:07:00,PE,ATM+7,0.0,448725,26400.0,26048.15,329.7,333.15,327.1,330.7,12375,1763973420
2025-11-24 14:08:00,PE,ATM+7,0.0,436800,26400.0,26044.35,329.25,344.85,326.2,344.85,15825,1763973480
2025-11-24 14:09:00,PE,ATM+7,0.0,436800,26400.0,26035.6,339.25,343.25,334.35,339.35,24300,1763973540
2025-11-24 14:10:00,PE,ATM+7,0.0,436800,26400.0,26038.6,339.25,342.9,337.15,339.55,12900,1763973600
2025-11-24 14:11:00,PE,ATM+7,0.0,427725,26400.0,26048.75,339.75,340.7,336.0,337.05,9225,1763973660
2025-11-24 14:12:00,PE,ATM+7,0.0,427725,26400.0,26050.5,335.0,341.05,331.95,334.5,12225,1763973720
2025-11-24 14:13:00,PE,ATM+7,0.0,427725,26400.0,26054.95,333.85,334.85,330.3,333.9,7650,1763973780
2025-11-24 14:14:00,PE,ATM+7,0.0,428175,26400.0,26057.15,333.9,334.8,331.0,333.65,9975,1763973840
2025-11-24 14:15:00,PE,ATM+7,0.0,428175,26400.0,26048.55,337.45,347.0,335.5,340.0,16050,1763973900
2025-11-24 14:16:00,PE,ATM+7,9.99,428175,26400.0,26047.75,340.95,346.35,338.6,343.65,7800,1763973960
2025-11-24 14:17:00,PE,ATM+7,10.47,422250,26400.0,26052.1,343.65,344.1,336.4,339.35,10875,1763974020
2025-11-24 14:18:00,PE,ATM+7,13.38,422250,26400.0,26057.1,340.25,340.5,337.0,337.95,4125,1763974080
2025-11-24 14:19:00,PE,ATM+7,14.67,422250,26400.0,26039.55,338.6,357.9,338.6,357.25,26100,1763974140
2025-11-24 14:20:00,PE,ATM+7,13.91,422175,26400.0,26033.35,355.8,362.25,355.2,360.0,25125,1763974200
2025-11-24 14:21:00,PE,ATM+7,10.25,422175,26400.0,26035.7,356.45,359.15,354.15,355.0,14250,1763974260
2025-11-24 14:22:00,PE,ATM+7,14.08,422175,26400.0,26032.95,356.2,364.95,356.05,361.25,9450,1763974320
2025-11-24 14:23:00,PE,ATM+7,15.22,416775,26400.0,26026.45,358.75,370.95,358.75,370.95,28500,1763974380
2025-11-24 14:24:00,PE,ATM+7,15.32,416775,26400.0,26026.55,369.4,373.35,365.0,366.5,20550,1763974440
2025-11-24 14:25:00,PE,ATM+7,8.11,416775,26400.0,26036.65,365.65,365.65,352.75,352.75,21975,1763974500
2025-11-24 14:26:00,PE,ATM+7,14.92,398925,26400.0,26034.1,355.0,360.0,354.0,360.0,4800,1763974560
2025-11-24 14:27:00,PE,ATM+7,15.38,398925,26400.0,26031.3,359.25,362.65,359.25,361.2,9600,1763974620
2025-11-24 14:28:00,PE,ATM+7,15.5,398925,26400.0,26027.95,362.4,366.8,360.15,364.2,11775,1763974680
2025-11-24 14:29:00,PE,ATM+7,15.52,399150,26400.0,26026.15,363.5,367.35,362.95,365.55,7725,1763974740
2025-11-24 14:30:00,PE,ATM+7,15.22,399150,26400.0,26032.9,368.0,368.0,357.85,360.55,8850,1763974800
2025-11-24 14:31:00,PE,ATM+7,14.55,399150,26400.0,26030.05,360.3,367.7,359.25,364.5,4950,1763974860
2025-11-24 14:32:00,PE,ATM+7,14.91,396450,26400.0,26035.45,364.5,364.5,360.8,360.8,5475,1763974920
2025-11-24 14:33:00,PE,ATM+7,14.74,396450,26400.0,26030.1,360.8,369.75,360.0,366.85,10125,1763974980
2025-11-24 14:34:00,PE,ATM+7,10.57,396450,26400.0,26026.15,366.45,370.0,363.75,365.7,1725,1763975040
2025-11-24 14:35:00,PE,ATM+7,0.0,236625,26350.0,26022.4,317.85,319.5,311.0,313.95,5550,1763975100
2025-11-24 14:36:00,PE,ATM+7,0.0,236625,26350.0,26021.4,313.35,317.35,309.0,310.4,5250,1763975160
2025-11-24 14:37:00,PE,ATM+7,0.0,390975,26400.0,26025.9,360.4,362.95,358.0,360.25,3300,1763975220
2025-11-24 14:38:00,PE,ATM+7,0.0,384825,26400.0,26025.6,357.0,359.7,351.0,359.0,15075,1763975280
2025-11-24 14:39:00,PE,ATM+7,7.73,229725,26350.0,26023.6,310.75,320.3,310.5,317.05,7275,1763975340
2025-11-24 14:40:00,PE,ATM+7,0.0,384825,26400.0,26027.9,363.25,363.9,354.45,356.0,4350,1763975400
2025-11-24 14:41:00,PE,ATM+7,10.72,386175,26400.0,26027.0,357.9,365.15,357.85,364.2,7650,1763975460
2025-11-24 14:42:00,PE,ATM+7,0.0,386175,26400.0,26030.1,360.15,360.95,356.0,357.35,2100,1763975520
2025-11-24 14:43:00,PE,ATM+7,0.0,386175,26400.0,26031.5,356.25,356.25,351.0,354.5,9300,1763975580
2025-11-24 14:44:00,PE,ATM+7,0.0,384000,26400.0,26025.7,356.05,362.0,355.55,358.95,8925,1763975640
2025-11-24 14:45:00,PE,ATM+7,0.0,384000,26400.0,26027.8,356.0,358.95,353.65,358.95,1575,1763975700
2025-11-24 14:46:00,PE,ATM+7,0.0,384000,26400.0,26032.45,358.0,358.0,351.7,353.1,3450,1763975760
2025-11-24 14:47:00,PE,ATM+7,0.0,379950,26400.0,26035.35,353.0,353.0,346.45,349.8,8400,1763975820
2025-11-24 14:48:00,PE,ATM+7,0.0,379950,26400.0,26036.4,349.85,350.55,347.0,349.2,7500,1763975880
2025-11-24 14:49:00,PE,ATM+7,0.0,379950,26400.0,26029.65,350.75,359.0,349.0,359.0,3900,1763975940
2025-11-24 14:50:00,PE,ATM+7,0.0,377175,26400.0,26038.25,359.2,359.3,348.25,349.15,12150,1763976000
2025-11-24 14:51:00,PE,ATM+7,0.0,377175,26400.0,26033.0,349.55,356.3,349.55,354.0,3750,1763976060
2025-11-24 14:52:00,PE,ATM+7,0.0,223875,26350.0,26024.75,303.8,310.1,303.8,306.35,4500,1763976120
2025-11-24 14:53:00,PE,ATM+7,0.0,378075,26400.0,26025.75,359.0,363.0,357.3,357.3,9900,1763976180
2025-11-24 14:54:00,PE,ATM+7,0.0,219750,26350.0,26019.75,309.05,315.0,307.7,307.7,7350,1763976240
2025-11-24 14:55:00,PE,ATM+7,0.0,378075,26400.0,26025.3,357.55,359.75,356.0,356.8,2550,1763976300
2025-11-24 14:56:00,PE,ATM+7,0.0,372375,26400.0,26031.8,358.1,358.25,355.9,356.55,4425,1763976360
2025-11-24 14:57:00,PE,ATM+7,0.0,372375,26400.0,26035.45,357.0,358.45,352.15,354.25,3900,1763976420
2025-11-24 14:58:00,PE,ATM+7,14.87,372375,26400.0,26041.25,355.15,356.4,351.25,351.25,7725,1763976480
2025-11-24 14:59:00,PE,ATM+7,14.18,364875,26400.0,26039.05,352.1,356.4,352.1,355.55,6675,1763976540
2025-11-24 15:00:00,PE,ATM+7,0.0,364875,26400.0,26035.85,351.0,353.0,338.0,353.0,28125,1763976600
2025-11-24 15:01:00,PE,ATM+7,0.0,217275,26350.0,26012.0,305.1,322.9,305.1,322.85,20550,1763976660
2025-11-24 15:02:00,PE,ATM+7,0.0,212550,26350.0,25998.9,320.45,332.4,316.4,317.55,24825,1763976720
2025-11-24 15:03:00,PE,ATM+7,0.0,212550,26350.0,25995.55,321.35,326.7,319.8,325.05,10950,1763976780
2025-11-24 15:04:00,PE,ATM+7,0.0,212550,26350.0,25977.2,324.05,358.65,324.05,358.65,23625,1763976840
2025-11-24 15:05:00,PE,ATM+7,0.0,1252725,26300.0,25965.1,313.15,318.95,301.3,313.9,166725,1763976900
2025-11-24 15:06:00,PE,ATM+7,0.0,1252725,26300.0,25958.4,313.95,314.2,306.1,311.25,64875,1763976960
2025-11-24 15:07:00,PE,ATM+7,0.0,1252725,26300.0,25957.95,307.65,315.0,306.8,309.15,45975,1763977020
2025-11-24 15:08:00,PE,ATM+7,0.0,1237950,26300.0,25965.65,308.5,308.5,299.1,302.25,81000,1763977080
2025-11-24 15:09:00,PE,ATM+7,0.0,1237950,26300.0,25964.55,304.0,305.7,301.55,303.2,40500,1763977140
2025-11-24 15:10:00,PE,ATM+7,0.0,1237950,26300.0,25965.95,302.4,310.0,300.65,307.8,47175,1763977200
2025-11-24 15:11:00,PE,ATM+7,0.0,1222125,26300.0,25962.35,308.95,316.1,305.85,316.1,182325,1763977260
2025-11-24 15:12:00,PE,ATM+7,0.0,1222125,26300.0,25955.9,316.45,320.85,313.3,315.5,243600,1763977320
2025-11-24 15:13:00,PE,ATM+7,0.0,1222125,26300.0,25953.35,318.0,318.75,312.0,313.0,35925,1763977380
2025-11-24 15:14:00,PE,ATM+7,0.0,1227750,26300.0,25954.4,311.4,313.35,308.65,311.1,49500,1763977440
2025-11-24 15:15:00,PE,ATM+7,0.0,1227750,26300.0,25960.5,311.25,313.4,304.7,307.0,69150,1763977500
2025-11-24 15:16:00,PE,ATM+7,0.0,1227750,26300.0,25950.95,308.2,313.8,305.0,312.95,58350,1763977560
2025-11-24 15:17:00,PE,ATM+7,0.0,1212825,26300.0,25952.8,313.5,314.1,309.7,309.7,54600,1763977620
2025-11-24 15:18:00,PE,ATM+7,0.0,1212825,26300.0,25949.85,309.3,313.0,308.1,312.55,37950,1763977680
2025-11-24 15:19:00,PE,ATM+7,0.0,1212825,26300.0,25950.95,311.6,316.1,308.7,312.0,48300,1763977740
2025-11-24 15:20:00,PE,ATM+7,0.0,1185375,26300.0,25947.95,311.4,315.45,309.95,314.55,46425,1763977800
2025-11-24 15:21:00,PE,ATM+7,0.0,1185375,26300.0,25933.7,314.1,321.0,313.15,320.2,188850,1763977860
2025-11-24 15:22:00,PE,ATM+7,0.0,1185375,26300.0,25931.75,320.9,325.45,317.45,323.0,78000,1763977920
2025-11-24 15:23:00,PE,ATM+7,0.0,1149600,26300.0,25929.65,322.3,327.0,320.1,325.15,39675,1763977980
2025-11-24 15:24:00,PE,ATM+7,0.0,1149600,26300.0,25930.9,324.8,324.85,320.5,322.25,28875,1763978040
2025-11-24 15:25:00,PE,ATM+7,0.0,1149600,26300.0,25933.65,323.0,324.0,319.15,322.05,43950,1763978100
2025-11-24 15:26:00,PE,ATM+7,0.0,1108425,26300.0,25929.25,322.05,325.25,321.2,324.0,45150,1763978160
2025-11-24 15:27:00,PE,ATM+7,0.0,565875,26250.0,25917.3,277.0,298.1,276.0,294.4,54600,1763978220
2025-11-24 15:28:00,PE,ATM+7,0.0,1108425,26300.0,25943.5,341.65,342.2,336.65,337.65,51750,1763978280
2025-11-24 15:29:00,PE,ATM+7,0.0,1041525,26300.0,25943.35,337.6,342.35,335.8,342.35,36825,1763978340
2025-11-25 09:15:00,PE,ATM+7,0.0,950325,26300.0,25935.1,292.95,363.45,292.95,357.0,65850,1764042300
2025-11-25 09:16:00,PE,ATM+7,0.0,968775,26300.0,25934.9,358.9,365.1,346.3,355.0,116475,1764042360
2025-11-25 09:17:00,PE,ATM+7,11.53,968775,26300.0,25940.75,360.2,360.2,351.95,356.3,23250,1764042420
2025-11-25 09:18:00,PE,ATM+7,0.0,968775,26300.0,25957.35,352.4,352.4,333.7,336.7,91500,1764042480
2025-11-25 09:19:00,PE,ATM+7,21.69,966600,26300.0,25965.0,335.5,336.0,323.35,335.85,53100,1764042540
2025-11-25 09:20:00,PE,ATM+7,21.6,966600,26300.0,25960.7,338.0,349.8,331.6,336.8,51225,1764042600
2025-11-25 09:21:00,PE,ATM+7,22.5,966600,26300.0,25943.7,339.25,360.0,337.4,360.0,40725,1764042660
2025-11-25 09:22:00,PE,ATM+7,22.48,949050,26300.0,25946.65,359.0,359.8,350.15,356.7,23850,1764042720
2025-11-25 09:23:00,PE,ATM+7,22.33,949050,26300.0,25955.6,356.5,357.35,339.9,345.7,22800,1764042780
2025-11-25 09:24:00,PE,ATM+7,21.9,949050,26300.0,25955.85,347.7,350.85,342.2,345.2,11475,1764042840
2025-11-25 09:25:00,PE,ATM+7,21.74,942600,26300.0,25957.3,345.1,348.25,332.1,348.25,24900,1764042900
2025-11-25 09:26:00,PE,ATM+7,20.05,942600,26300.0,25964.75,348.35,349.15,336.7,337.0,22650,1764042960
2025-11-25 09:27:00,PE,ATM+7,22.01,942600,26300.0,25953.3,338.0,350.7,334.35,350.7,20250,1764043020
2025-11-25 09:28:00,PE,ATM+7,22.38,925575,26300.0,25949.9,352.2,356.55,347.95,353.0,37575,1764043080
2025-11-25 09:29:00,PE,ATM+7,22.1,925575,26300.0,25955.2,354.0,354.0,341.95,347.2,19425,1764043140
2025-11-25 09:30:00,PE,ATM+7,24.58,925575,26300.0,25955.85,343.75,352.7,341.2,352.3,15075,1764043200
2025-11-25 09:31:00,PE,ATM+7,21.58,917100,26300.0,25961.15,351.4,351.4,340.55,342.0,7575,1764043260
2025-11-25 09:32:00,PE,ATM+7,21.29,917100,26300.0,25968.9,341.0,343.0,330.0,333.65,15075,1764043320
2025-11-25 09:33:00,PE,ATM+7,20.85,917100,26300.0,25966.05,333.6,337.4,332.1,336.2,12600,1764043380
2025-11-25 09:34:00,PE,ATM+7,24.07,167025,26350.0,25977.55,386.3,386.5,370.45,370.6,4800,1764043440
2025-11-25 09:35:00,PE,ATM+7,0.0,167025,26350.0,25975.15,372.55,375.2,370.55,370.55,1350,1764043500
2025-11-25 09:36:00,PE,ATM+7,23.08,167025,26350.0,25976.85,376.0,384.85,368.95,375.45,3975,1764043560
2025-11-25 09:37:00,PE,ATM+7,23.57,168525,26350.0,25980.45,375.5,375.5,365.8,368.2,525,1764043620
2025-11-25 09:38:00,PE,ATM+7,22.9,889575,26300.0,25962.4,323.5,343.3,323.15,343.3,17325,1764043680
2025-11-25 09:39:00,PE,ATM+7,20.79,889575,26300.0,25969.5,341.15,341.15,327.05,331.0,39975,1764043740
2025-11-25 09:40:00,PE,ATM+7,22.19,168675,26350.0,25975.8,379.45,383.1,372.1,374.45,1575,1764043800
2025-11-25 09:41:00,PE,ATM+7,21.81,893550,26300.0,25972.65,322.8,331.65,322.8,329.85,6225,1764043860
2025-11-25 09:42:00,PE,ATM+7,22.9,168675,26350.0,25975.95,379.05,380.1,374.4,377.1,1575,1764043920
2025-11-25 09:43:00,PE,ATM+7,21.04,884625,26300.0,25970.15,325.1,333.2,325.1,332.95,5400,1764043980
2025-11-25 09:44:00,PE,ATM+7,20.59,884625,26300.0,25969.1,330.9,336.0,329.0,333.15,13050,1764044040
2025-11-25 09:45:00,PE,ATM+7,20.49,884625,26300.0,25968.65,335.0,338.15,333.0,333.05,9675,1764044100
2025-11-25 09:46:00,PE,ATM+7,21.73,880200,26300.0,25972.35,334.4,337.1,323.0,333.0,14700,1764044160
2025-11-25 09:47:00,PE,ATM+7,21.37,880200,26300.0,25973.65,330.55,332.5,324.0,325.65,15825,1764044220
2025-11-25 09:48:00,PE,ATM+7,22.41,880200,26300.0,25966.45,328.0,341.0,328.0,339.45,20025,1764044280
2025-11-25 09:49:00,PE,ATM+7,23.19,878025,26300.0,25961.15,337.9,345.0,332.65,345.0,16200,1764044340
2025-11-25 09:50:00,PE,ATM+7,22.51,878025,26300.0,25955.3,345.3,353.95,344.05,348.8,33750,1764044400
2025-11-25 09:51:00,PE,ATM+7,21.83,878025,26300.0,25963.95,347.0,347.25,334.15,336.45,19200,1764044460
2025-11-25 09:52:00,PE,ATM+7,21.43,871950,26300.0,25961.75,336.4,344.45,336.4,339.75,8250,1764044520
2025-11-25 09:53:00,PE,ATM+7,0.0,171300,26350.0,25976.15,386.15,386.15,368.85,368.85,4275,1764044580
2025-11-25 09:54:00,PE,ATM+7,0.0,171300,26350.0,25983.9,372.4,372.45,356.35,361.5,5775,1764044640
2025-11-25 09:55:00,PE,ATM+7,21.33,169050,26350.0,25987.85,364.0,365.15,357.45,357.45,1725,1764044700
2025-11-25 09:56:00,PE,ATM+7,23.82,169050,26350.0,25987.75,357.55,361.55,355.1,361.55,2700,1764044760
2025-11-25 09:57:00,PE,ATM+7,24.33,169050,26350.0,25978.95,358.2,369.0,358.2,369.0,6825,1764044820
2025-11-25 09:58:00,PE,ATM+7,0.0,173850,26350.0,25987.5,367.4,367.4,355.65,356.4,6450,1764044880
2025-11-25 09:59:00,PE,ATM+7,0.0,173850,26350.0,25988.4,354.45,356.8,350.5,353.2,1350,1764044940
2025-11-25 10:00:00,PE,ATM+7,0.0,173850,26350.0,25995.9,353.75,355.25,343.0,344.25,4875,1764045000
2025-11-25 10:01:00,PE,ATM+7,0.0,173400,26350.0,25994.55,348.45,350.05,345.75,348.9,3225,1764045060
2025-11-25 10:02:00,PE,ATM+7,0.0,173400,26350.0,25998.3,347.75,348.15,343.5,344.7,8250,1764045120
2025-11-25 10:03:00,PE,ATM+7,0.0,173400,26350.0,25989.9,348.15,356.0,348.15,354.9,8475,1764045180
2025-11-25 10:04:00,PE,ATM+7,0.0,177075,26350.0,25989.9,357.3,358.35,356.0,356.0,1125,1764045240
2025-11-25 10:05:00,PE,ATM+7,23.11,177075,26350.0,26000.25,354.2,354.2,341.5,349.15,1575,1764045300
2025-11-25 10:06:00,PE,ATM+7,23.29,177075,26350.0,25998.05,347.05,352.85,347.05,352.0,1800,1764045360
2025-11-25 10:07:00,PE,ATM+7,23.26,177675,26350.0,25997.25,353.1,353.1,352.95,352.95,525,1764045420
2025-11-25 10:08:00,PE,ATM+7,21.42,177675,26350.0,25997.85,349.75,352.7,348.2,348.2,1200,1764045480
2025-11-25 10:09:00,PE,ATM+7,22.21,177675,26350.0,26005.15,345.0,345.0,341.4,342.55,1200,1764045540
2025-11-25 10:10:00,PE,ATM+7,10.82,180150,26350.0,26008.5,337.25,339.65,336.05,337.0,1425,1764045600
2025-11-25 10:11:00,PE,ATM+7,0.0,180150,26350.0,26018.9,333.05,333.55,315.05,321.05,7500,1764045660
2025-11-25 10:12:00,PE,ATM+7,10.05,180150,26350.0,26019.3,322.0,328.0,320.25,327.05,5400,1764045720
2025-11-25 10:13:00,PE,ATM+7,0.0,182025,26350.0,26018.95,324.05,324.05,323.0,323.0,675,1764045780
2025-11-25 10:14:00,PE,ATM+7,0.0,182025,26350.0,26018.6,320.0,325.9,320.0,325.05,8775,1764045840
2025-11-25 10:15:00,PE,ATM+7,0.0,182025,26350.0,26021.1,325.0,325.0,321.9,322.35,3525,1764045900
2025-11-25 10:16:00,PE,ATM+7,0.0,185325,26350.0,26018.85,320.8,325.7,320.35,325.7,750,1764045960
2025-11-25 10:17:00,PE,ATM+7,0.0,185325,26350.0,26021.95,320.65,323.55,316.7,323.55,1950,1764046020
2025-11-25 10:18:00,PE,ATM+7,0.0,185325,26350.0,26018.05,322.75,327.4,320.85,327.4,5775,1764046080
2025-11-25 10:19:00,PE,ATM+7,20.03,185025,26350.0,26014.1,326.1,331.5,326.1,331.5,2475,1764046140
2025-11-25 10:20:00,PE,ATM+7,0.0,185025,26350.0,26016.3,328.0,337.25,328.0,328.35,10050,1764046200
2025-11-25 10:21:00,PE,ATM+7,0.0,185025,26350.0,26013.35,321.05,330.4,321.05,328.1,6900,1764046260
2025-11-25 10:22:00,PE,ATM+7,0.0,182325,26350.0,26013.2,330.4,333.7,328.55,328.55,4275,1764046320
2025-11-25 10:23:00,PE,ATM+7,0.0,182325,26350.0,26008.4,329.75,333.0,329.0,333.0,3000,1764046380
2025-11-25 10:24:00,PE,ATM+7,0.0,182325,26350.0,26015.2,333.7,333.7,324.8,324.8,900,1764046440
2025-11-25 10:25:00,PE,ATM+7,0.0,182325,26350.0,26010.7,324.6,328.35,324.6,328.35,375,1764046500
2025-11-25 10:26:00,PE,ATM+7,0.0,182700,26350.0,26006.45,328.8,339.65,328.8,339.65,2475,1764046560
2025-11-25 10:27:00,PE,ATM+7,0.0,182700,26350.0,26017.95,339.1,339.1,320.8,320.8,2775,1764046620
2025-11-25 10:28:00,PE,ATM+7,0.0,181575,26350.0,26013.15,325.5,329.65,325.5,329.65,5400,1764046680
2025-11-25 10:29:00,PE,ATM+7,0.0,181575,26350.0,26010.55,330.95,330.95,327.85,330.45,2775,1764046740
2025-11-25 10:30:00,PE,ATM+7,0.0,181575,26350.0,26014.95,328.8,330.5,325.9,327.2,900,1764046800
2025-11-25 10:31:00,PE,ATM+7,0.0,183300,26350.0,26012.9,329.3,331.8,327.65,329.85,675,1764046860
2025-11-25 10:32:00,PE,ATM+7,0.0,183300,26350.0,26016.85,330.8,330.8,320.9,327.0,1200,1764046920
2025-11-25 10:33:00,PE,ATM+7,0.0,183300,26350.0,26013.75,329.4,329.85,328.75,328.75,450,1764046980
2025-11-25 10:34:00,PE,ATM+7,0.0,182250,26350.0,26001.7,329.6,341.0,329.6,340.2,1650,1764047040
2025-11-25 10:35:00,PE,ATM+7,17.66,182250,26350.0,25998.0,343.6,349.05,340.0,349.05,5550,1764047100
2025-11-25 10:36:00,PE,ATM+7,0.0,182250,26350.0,25995.15,350.95,352.05,346.75,349.0,3600,1764047160
2025-11-25 10:37:00,PE,ATM+7,0.0,184275,26350.0,25996.55,354.85,354.85,344.9,345.45,2250,1764047220
2025-11-25 10:38:00,PE,ATM+7,0.0,184275,26350.0,26011.25,342.0,342.0,329.3,329.3,3975,1764047280
2025-11-25 10:39:00,PE,ATM+7,0.0,184275,26350.0,26008.65,332.7,334.05,330.1,333.15,1800,1764047340
2025-11-25 10:40:00,PE,ATM+7,0.0,183825,26350.0,26007.75,333.7,344.5,332.35,333.95,4050,1764047400
2025-11-25 10:41:00,PE,ATM+7,0.0,183825,26350.0,26006.4,332.75,333.7,331.9,333.05,1425,1764047460
2025-11-25 10:42:00,PE,ATM+7,23.48,183825,26350.0,25999.45,339.55,350.0,339.55,348.95,600,1764047520
2025-11-25 10:43:00,PE,ATM+7,23.36,185400,26350.0,25997.75,347.55,353.5,344.25,352.3,3150,1764047580
2025-11-25 10:44:00,PE,ATM+7,24.18,185400,26350.0,25991.4,348.9,358.15,348.85,358.15,3150,1764047640
2025-11-25 10:45:00,PE,ATM+7,0.0,185400,26350.0,25986.1,360.0,360.4,357.6,358.0,4350,1764047700
2025-11-25 10:46:00,PE,ATM+7,19.43,180375,26350.0,25984.5,360.0,363.95,359.05,361.85,3150,1764047760
2025-11-25 10:47:00,PE,ATM+7,0.0,180375,26350.0,25986.6,362.2,364.0,357.95,357.95,3825,1764047820
2025-11-25 10:48:00,PE,ATM+7,0.0,180375,26350.0,25983.25,357.05,362.0,357.05,361.35,750,1764047880
2025-11-25 10:49:00,PE,ATM+7,24.7,178200,26350.0,25984.5,361.7,366.0,361.7,366.0,150,1764047940
2025-11-25 10:50:00,PE,ATM+7,22.44,178200,26350.0,25983.35,363.25,363.85,361.45,363.1,600,1764048000
2025-11-25 10:51:00,PE,ATM+7,12.33,178200,26350.0,25981.1,366.0,370.0,364.65,364.7,10500,1764048060
2025-11-25 10:52:00,PE,ATM+7,24.72,169200,26350.0,25986.0,359.05,364.3,356.2,364.3,1800,1764048120
2025-11-25 10:53:00,PE,ATM+7,24.52,169200,26350.0,25986.7,361.3,361.6,357.6,361.35,600,1764048180
2025-11-25 10:54:00,PE,ATM+7,25.69,169200,26350.0,25975.25,364.05,376.5,364.05,376.35,2550,1764048240
2025-11-25 10:55:00,PE,ATM+7,22.54,711900,26300.0,25964.0,327.0,339.45,322.7,335.95,62175,1764048300
2025-11-25 10:56:00,PE,ATM+7,22.37,711900,26300.0,25953.25,338.2,352.2,336.6,349.8,54450,1764048360
2025-11-25 10:57:00,PE,ATM+7,24.26,711900,26300.0,25942.6,350.95,365.4,346.3,361.25,72525,1764048420
2025-11-25 10:58:00,PE,ATM+7,24.62,683025,26300.0,25941.7,360.0,363.7,356.9,362.25,38175,1764048480
2025-11-25 10:59:00,PE,ATM+7,25.14,683025,26300.0,25939.1,360.75,369.0,359.65,366.7,29025,1764048540
2025-11-25 11:00:00,PE,ATM+7,25.81,683025,26300.0,25933.55,377.0,379.6,368.5,372.0,42375,1764048600
2025-11-25 11:01:00,PE,ATM+7,26.97,678225,26300.0,25934.5,372.0,373.6,368.8,372.3,26850,1764048660
2025-11-25 11:02:00,PE,ATM+7,26.3,678225,26300.0,25932.0,370.35,375.25,364.2,373.8,27750,1764048720
2025-11-25 11:03:00,PE,ATM+7,28.23,678225,26300.0,25932.65,375.35,379.6,374.6,375.35,15375,1764048780
2025-11-25 11:04:00,PE,ATM+7,25.29,657525,26300.0,25934.9,374.5,374.75,369.95,369.95,13800,1764048840
2025-11-25 11:05:00,PE,ATM+7,25.58,657525,26300.0,25934.5,370.35,377.25,367.5,370.35,18600,1764048900
2025-11-25 11:06:00,PE,ATM+7,28.54,657525,26300.0,25937.5,370.35,373.3,369.25,372.5,6825,1764048960
2025-11-25 11:07:00,PE,ATM+7,28.11,660375,26300.0,25933.1,372.0,376.85,369.7,375.7,7500,1764049020
2025-11-25 11:08:00,PE,ATM+7,27.83,660375,26300.0,25935.25,375.95,377.55,372.85,373.65,10800,1764049080
2025-11-25 11:09:00,PE,ATM+7,29.53,660375,26300.0,25937.0,372.0,374.7,370.2,374.7,8250,1764049140
2025-11-25 11:10:00,PE,ATM+7,29.11,660075,26300.0,25934.5,370.55,377.05,367.55,375.4,12375,1764049200
2025-11-25 11:11:00,PE,ATM+7,28.24,660075,26300.0,25934.25,374.4,376.0,369.5,375.15,9675,1764049260
2025-11-25 11:12:00,PE,ATM+7,29.11,660075,26300.0,25938.05,373.7,374.8,369.95,374.1,9450,1764049320
2025-11-25 11:13:00,PE,ATM+7,27.12,657450,26300.0,25937.1,372.5,374.3,369.8,369.8,8025,1764049380
2025-11-25 11:14:00,PE,ATM+7,24.81,657450,26300.0,25945.2,369.1,370.3,357.1,358.6,24300,1764049440
2025-11-25 11:15:00,PE,ATM+7,24.98,657450,26300.0,25950.25,359.1,364.4,355.0,356.25,15675,1764049500
2025-11-25 11:16:00,PE,ATM+7,25.62,655725,26300.0,25949.15,358.8,358.8,353.0,356.5,8550,1764049560
2025-11-25 11:17:00,PE,ATM+7,25.77,655725,26300.0,25947.75,359.95,364.6,358.0,358.25,4725,1764049620
2025-11-25 11:18:00,PE,ATM+7,25.83,655725,26300.0,25949.25,359.6,360.65,357.5,357.6,2175,1764049680
2025-11-25 11:19:00,PE,ATM+7,26.29,653775,26300.0,25948.8,355.0,359.4,353.85,358.35,3750,1764049740
2025-11-25 11:20:00,PE,ATM+7,27.95,653775,26300.0,25948.4,356.0,360.6,353.0,360.6,3000,1764049800
2025-11-25 11:21:00,PE,ATM+7,27.56,653775,26300.0,25943.75,360.6,367.25,356.0,364.7,2850,1764049860
2025-11-25 11:22:00,PE,ATM+7,27.76,652575,26300.0,25946.6,364.8,368.0,355.65,363.0,7800,1764049920
2025-11-25 11:23:00,PE,ATM+7,25.8,652575,26300.0,25947.1,363.95,367.25,359.9,359.9,4950,1764049980
2025-11-25 11:24:00,PE,ATM+7,26.77,652575,26300.0,25950.25,362.0,362.0,357.55,358.55,10425,1764050040
2025-11-25 11:25:00,PE,ATM+7,23.68,653775,26300.0,25959.3,355.0,355.0,340.0,340.4,20550,1764050100
2025-11-25 11:26:00,PE,ATM+7,23.72,653775,26300.0,25951.25,341.85,354.1,341.85,350.7,20850,1764050160
2025-11-25 11:27:00,PE,ATM+7,22.42,653775,26300.0,25963.05,352.85,352.85,339.35,340.0,10950,1764050220
2025-11-25 11:28:00,PE,ATM+7,21.89,653850,26300.0,25961.45,342.4,344.0,340.2,340.2,4725,1764050280
2025-11-25 11:29:00,PE,ATM+7,22.99,653850,26300.0,25962.8,341.7,342.8,338.0,338.6,4575,1764050340
2025-11-25 11:30:00,PE,ATM+7,23.82,653850,26300.0,25962.6,339.2,343.0,337.65,343.0,2250,1764050400
2025-11-25 11:31:00,PE,ATM+7,23.64,653775,26300.0,25960.0,345.0,349.15,343.75,343.75,8100,1764050460
2025-11-25 11:32:00,PE,ATM+7,23.01,653775,26300.0,25963.95,338.4,342.4,336.05,338.65,6075,1764050520
2025-11-25 11:33:00,PE,ATM+7,22.54,653775,26300.0,25963.0,338.7,341.0,333.1,338.7,5475,1764050580
2025-11-25 11:34:00,PE,ATM+7,22.65,652875,26300.0,25965.2,339.65,341.0,337.4,337.4,2550,1764050640
2025-11-25 11:35:00,PE,ATM+7,23.05,652875,26300.0,25966.0,337.65,341.55,330.95,333.35,7050,1764050700
2025-11-25 11:36:00,PE,ATM+7,24.03,652875,26300.0,25965.25,334.25,341.25,334.25,339.55,3225,1764050760
2025-11-25 11:37:00,PE,ATM+7,25.72,652050,26300.0,25962.05,338.35,344.3,333.5,344.3,14475,1764050820
2025-11-25 11:38:00,PE,ATM+7,21.72,652050,26300.0,25965.3,341.9,342.35,334.1,335.3,3075,1764050880
2025-11-25 11:39:00,PE,ATM+7,23.0,652050,26300.0,25966.9,335.0,335.45,333.45,334.25,2550,1764050940
2025-11-25 11:40:00,PE,ATM+7,22.03,649350,26300.0,25967.15,335.95,335.95,331.85,334.4,5925,1764051000
2025-11-25 11:41:00,PE,ATM+7,23.02,649350,26300.0,25967.95,334.3,337.0,333.0,333.05,6975,1764051060
2025-11-25 11:42:00,PE,ATM+7,22.81,649350,26300.0,25962.0,333.2,340.7,324.5,340.7,14625,1764051120
2025-11-25 11:43:00,PE,ATM+7,25.5,647325,26300.0,25958.05,340.1,348.45,337.05,348.45,18075,1764051180
2025-11-25 11:44:00,PE,ATM+7,24.88,647325,26300.0,25952.15,348.15,353.8,346.2,352.55,14700,1764051240
2025-11-25 11:45:00,PE,ATM+7,24.19,647325,26300.0,25952.15,350.65,353.65,348.1,352.35,18900,1764051300
2025-11-25 11:46:00,PE,ATM+7,23.28,646800,26300.0,25953.2,354.35,355.25,348.0,349.25,16950,1764051360
2025-11-25 11:47:00,PE,ATM+7,22.79,646800,26300.0,25955.75,349.7,350.2,345.45,346.3,14025,1764051420
2025-11-25 11:48:00,PE,ATM+7,21.74,646800,26300.0,25961.4,346.4,350.1,333.85,335.55,9675,1764051480
2025-11-25 11:49:00,PE,ATM+7,22.52,646800,26300.0,25962.7,335.85,341.15,335.85,339.2,3750,1764051540
2025-11-25 11:50:00,PE,ATM+7,21.46,640050,26300.0,25969.55,338.4,338.4,325.65,331.6,16350,1764051600
2025-11-25 11:51:00,PE,ATM+7,23.57,640050,26300.0,25971.3,330.3,332.45,324.5,332.45,9150,1764051660
2025-11-25 11:52:00,PE,ATM+7,22.11,633900,26300.0,25971.85,333.25,333.25,328.45,329.4,10500,1764051720
2025-11-25 11:53:00,PE,ATM+7,24.05,633900,26300.0,25972.95,330.0,331.0,327.85,331.0,13050,1764051780
2025-11-25 11:54:00,PE,ATM+7,22.51,633900,26300.0,25973.65,332.45,333.0,326.55,327.5,24300,1764051840
2025-11-25 11:55:00,PE,ATM+7,26.19,161100,26350.0,25975.8,377.5,378.6,372.55,378.6,1125,1764051900
2025-11-25 11:56:00,PE,ATM+7,24.95,161625,26350.0,25982.45,374.85,374.85,365.0,370.0,1800,1764051960
2025-11-25 11:57:00,PE,ATM+7,0.0,161625,26350.0,25991.4,366.05,368.15,354.1,354.1,3450,1764052020
2025-11-25 11:58:00,PE,ATM+7,0.0,161625,26350.0,25988.0,354.5,357.2,354.5,355.4,1575,1764052080
2025-11-25 11:59:00,PE,ATM+7,0.0,162525,26350.0,25987.45,356.35,357.3,350.05,350.6,2100,1764052140
2025-11-25 12:00:00,PE,ATM+7,0.0,162525,26350.0,25982.35,354.35,361.15,354.35,360.65,675,1764052200
2025-11-25 12:01:00,PE,ATM+7,0.0,162525,26350.0,25985.3,354.9,354.9,349.65,352.75,900,1764052260
2025-11-25 12:02:00,PE,ATM+7,0.0,162525,26350.0,25984.7,353.0,354.1,353.0,353.25,450,1764052320
2025-11-25 12:03:00,PE,ATM+7,0.0,162525,26350.0,25982.3,353.0,357.95,353.0,357.95,525,1764052380
2025-11-25 12:04:00,PE,ATM+7,0.0,162525,26350.0,25975.75,358.8,364.15,358.8,364.15,975,1764052440
2025-11-25 12:05:00,PE,ATM+7,0.0,162450,26350.0,25986.6,359.6,359.6,351.5,351.5,375,1764052500
2025-11-25 12:06:00,PE,ATM+7,0.0,162450,26350.0,25985.35,354.1,356.25,354.1,356.25,300,1764052560
2025-11-25 12:07:00,PE,ATM+7,0.0,162450,26350.0,25980.45,358.3,359.8,356.5,357.15,2700,1764052620
2025-11-25 12:08:00,PE,ATM+7,0.0,163800,26350.0,25988.15,358.05,358.05,352.95,352.95,300,1764052680
2025-11-25 12:09:00,PE,ATM+7,0.0,163800,26350.0,25988.6,353.35,355.25,353.35,355.25,450,1764052740
2025-11-25 12:10:00,PE,ATM+7,0.0,163800,26350.0,25984.15,354.95,359.7,354.25,359.7,2025,1764052800
2025-11-25 12:11:00,PE,ATM+7,0.0,164025,26350.0,25986.6,360.8,360.8,357.2,357.7,1200,1764052860
2025-11-25 12:12:00,PE,ATM+7,0.0,164025,26350.0,25977.9,360.4,366.0,360.4,362.6,1125,1764052920
2025-11-25 12:13:00,PE,ATM+7,0.0,164025,26350.0,25975.55,368.0,368.0,367.35,367.85,825,1764052980
2025-11-25 12:14:00,PE,ATM+7,25.86,162975,26350.0,25981.4,365.0,366.9,360.4,366.9,975,1764053040
2025-11-25 12:15:00,PE,ATM+7,0.0,162975,26350.0,25979.9,365.5,366.4,364.55,366.4,1275,1764053100
2025-11-25 12:16:00,PE,ATM+7,0.0,162975,26350.0,25982.75,360.1,360.75,357.8,360.75,525,1764053160
2025-11-25 12:17:00,PE,ATM+7,26.92,162675,26350.0,25977.6,360.85,372.65,360.8,372.65,975,1764053220
2025-11-25 12:18:00,PE,ATM+7,0.0,621075,26300.0,25969.9,321.4,329.0,319.65,328.6,20625,1764053280
2025-11-25 12:19:00,PE,ATM+7,22.57,621075,26300.0,25964.45,331.7,336.0,331.1,333.5,35325,1764053340
2025-11-25 12:20:00,PE,ATM+7,23.78,628800,26300.0,25954.75,332.8,342.95,332.65,342.95,15075,1764053400
2025-11-25 12:21:00,PE,ATM+7,23.18,628800,26300.0,25959.15,343.05,343.05,336.15,338.4,6375,1764053460
2025-11-25 12:22:00,PE,ATM+7,0.0,628800,26300.0,25956.6,340.0,343.0,338.0,339.35,6975,1764053520
2025-11-25 12:23:00,PE,ATM+7,0.0,624750,26300.0,25958.3,338.0,341.15,338.0,338.05,9150,1764053580
2025-11-25 12:24:00,PE,ATM+7,22.68,624750,26300.0,25957.95,340.95,345.8,337.9,343.7,19875,1764053640
2025-11-25 12:25:00,PE,ATM+7,23.39,624750,26300.0,25965.1,342.1,342.1,334.0,334.0,10275,1764053700
2025-11-25 12:26:00,PE,ATM+7,23.98,624000,26300.0,25970.75,335.4,335.4,329.1,329.85,9450,1764053760
2025-11-25 12:27:00,PE,ATM+7,23.31,624000,26300.0,25973.5,330.0,330.95,327.7,329.5,3225,1764053820
2025-11-25 12:28:00,PE,ATM+7,23.63,624000,26300.0,25961.7,327.5,341.1,327.5,341.1,5175,1764053880
2025-11-25 12:29:00,PE,ATM+7,23.93,624600,26300.0,25957.95,341.75,350.0,340.8,343.5,29550,1764053940
2025-11-25 12:30:00,PE,ATM+7,24.69,624600,26300.0,25960.65,343.25,344.0,339.5,344.0,4200,1764054000
2025-11-25 12:31:00,PE,ATM+7,25.61,624600,26300.0,25960.5,345.1,346.15,340.55,345.25,9300,1764054060
2025-11-25 12:32:00,PE,ATM+7,26.55,620700,26300.0,25965.6,346.75,346.75,341.05,341.6,4125,1764054120
2025-11-25 12:33:00,PE,ATM+7,24.43,620700,26300.0,25965.95,341.0,341.2,335.15,341.2,7950,1764054180
2025-11-25 12:34:00,PE,ATM+7,26.4,620700,26300.0,25966.9,341.9,344.2,339.15,342.0,5775,1764054240
2025-11-25 12:35:00,PE,ATM+7,28.33,615750,26300.0,25969.15,338.5,343.55,338.1,343.15,1125,1764054300
2025-11-25 12:36:00,PE,ATM+7,27.72,615750,26300.0,25969.45,341.4,341.4,339.7,340.05,300,1764054360
2025-11-25 12:37:00,PE,ATM+7,30.47,159150,26350.0,25976.95,389.2,389.2,383.2,383.2,675,1764054420
2025-11-25 12:38:00,PE,ATM+7,26.74,612825,26300.0,25973.95,332.75,338.65,332.6,334.75,3225,1764054480
2025-11-25 12:39:00,PE,ATM+7,26.91,612825,26300.0,25974.75,334.9,335.75,334.0,334.1,1950,1764054540
2025-11-25 12:40:00,PE,ATM+7,31.39,159450,26350.0,25977.75,385.7,386.0,383.75,384.1,2775,1764054600
2025-11-25 12:41:00,PE,ATM+7,30.45,160650,26350.0,25976.25,384.75,385.1,384.35,384.35,600,1764054660
2025-11-25 12:42:00,PE,ATM+7,29.12,160650,26350.0,25984.15,377.3,377.8,372.6,373.2,750,1764054720
2025-11-25 12:43:00,PE,ATM+7,24.45,160650,26350.0,25985.65,366.65,369.7,365.2,366.2,3300,1764054780
2025-11-25 12:44:00,PE,ATM+7,27.37,160650,26350.0,25987.45,372.05,372.05,367.05,368.6,300,1764054840
2025-11-25 12:45:00,PE,ATM+7,25.25,160650,26350.0,25992.75,360.55,360.55,360.55,360.55,150,1764054900
2025-11-25 12:46:00,PE,ATM+7,26.45,160650,26350.0,25990.05,365.5,365.5,365.5,365.5,1950,1764054960
2025-11-25 12:47:00,PE,ATM+7,26.27,159000,26350.0,25988.5,367.9,367.9,366.55,366.55,150,1764055020
2025-11-25 12:48:00,PE,ATM+7,26.64,159000,26350.0,25988.85,365.6,367.55,359.9,360.65,3975,1764055080
2025-11-25 12:49:00,PE,ATM+7,12.96,159000,26350.0,25986.3,360.65,360.65,360.65,360.65,0,1764055140
2025-11-25 12:50:00,PE,ATM+7,28.74,159000,26350.0,25983.7,367.6,373.95,367.6,373.95,900,1764055200
2025-11-25 12:51:00,PE,ATM+7,25.18,157875,26350.0,25989.35,370.2,370.2,362.85,362.9,600,1764055260
2025-11-25 12:52:00,PE,ATM+7,26.64,157875,26350.0,25993.25,363.15,364.1,362.65,362.7,600,1764055320
2025-11-25 12:53:00,PE,ATM+7,24.0,157875,26350.0,25994.95,360.0,360.0,353.25,356.4,2325,1764055380
2025-11-25 12:54:00,PE,ATM+7,25.2,157875,26350.0,25994.5,354.4,354.4,354.4,354.4,150,1764055440
2025-11-25 12:55:00,PE,ATM+7,0.0,157875,26350.0,25985.8,354.4,354.4,354.4,354.4,0,1764055500
2025-11-25 12:56:00,PE,ATM+7,26.36,157050,26350.0,25997.25,364.2,364.2,357.0,357.0,825,1764055560
2025-11-25 12:57:00,PE,ATM+7,28.61,157050,26350.0,25998.3,355.05,359.15,355.05,358.75,975,1764055620
2025-11-25 12:58:00,PE,ATM+7,27.13,157050,26350.0,25998.75,359.35,359.85,359.1,359.1,450,1764055680
2025-11-25 12:59:00,PE,ATM+7,25.0,156675,26350.0,25983.9,358.2,368.4,358.2,368.4,1725,1764055740
2025-11-25 13:00:00,PE,ATM+7,24.27,611400,26300.0,25973.3,320.0,326.7,316.35,326.7,30150,1764055800
2025-11-25 13:01:00,PE,ATM+7,25.97,156675,26350.0,25977.25,372.0,374.7,368.8,374.7,1725,1764055860
2025-11-25 13:02:00,PE,ATM+7,22.65,616500,26300.0,25973.3,324.8,332.55,322.85,327.95,11100,1764055920
2025-11-25 13:03:00,PE,ATM+7,27.27,156825,26350.0,25975.75,375.4,376.0,370.65,376.0,2925,1764055980
2025-11-25 13:04:00,PE,ATM+7,24.13,616500,26300.0,25974.95,327.3,327.65,323.9,323.9,5400,1764056040
2025-11-25 13:05:00,PE,ATM+7,0.0,157275,26350.0,25981.4,366.5,368.5,364.95,364.95,1275,1764056100
2025-11-25 13:06:00,PE,ATM+7,25.18,157275,26350.0,25983.5,364.95,364.95,364.95,364.95,0,1764056160
2025-11-25 13:07:00,PE,ATM+7,0.0,157275,26350.0,25993.5,365.1,366.8,350.45,351.0,1650,1764056220
2025-11-25 13:08:00,PE,ATM+7,0.0,156900,26350.0,25996.35,353.85,354.25,348.5,350.0,1050,1764056280
2025-11-25 13:09:00,PE,ATM+7,25.77,156900,26350.0,26001.55,351.9,352.05,341.2,348.0,2625,1764056340
2025-11-25 13:10:00,PE,ATM+7,24.64,156900,26350.0,26006.1,348.25,348.25,345.7,347.2,825,1764056400
2025-11-25 13:11:00,PE,ATM+7,25.97,156225,26350.0,26002.15,348.05,350.1,346.2,349.9,1950,1764056460
2025-11-25 13:12:00,PE,ATM+7,0.0,156225,26350.0,25990.5,352.2,356.6,352.2,353.5,1875,1764056520
2025-11-25 13:13:00,PE,ATM+7,0.0,156225,26350.0,25991.45,352.35,354.9,350.0,350.0,1800,1764056580
2025-11-25 13:14:00,PE,ATM+7,0.0,156225,26350.0,25990.25,348.55,348.55,348.2,348.2,150,1764056640
2025-11-25 13:15:00,PE,ATM+7,0.0,155775,26350.0,25996.9,350.85,352.65,350.85,352.65,150,1764056700
2025-11-25 13:16:00,PE,ATM+7,26.33,155775,26350.0,26000.65,350.9,350.9,350.9,350.9,75,1764056760
2025-11-25 13:17:00,PE,ATM+7,26.39,155550,26350.0,25999.0,349.35,351.35,347.6,351.35,1275,1764056820
2025-11-25 13:18:00,PE,ATM+7,26.55,155550,26350.0,25997.6,350.5,353.35,350.5,353.35,1875,1764056880
2025-11-25 13:19:00,PE,ATM+7,26.04,155550,26350.0,25990.6,358.3,364.5,356.9,364.5,1800,1764056940
2025-11-25 13:20:00,PE,ATM+7,27.17,156600,26350.0,25985.1,360.8,368.3,360.0,368.3,2100,1764057000
2025-11-25 13:21:00,PE,ATM+7,26.82,156600,26350.0,25990.1,365.0,367.0,361.75,361.75,975,1764057060
2025-11-25 13:22:00,PE,ATM+7,26.38,156600,26350.0,25998.1,355.45,355.45,352.0,352.35,900,1764057120
2025-11-25 13:23:00,PE,ATM+7,26.66,155475,26350.0,26001.05,351.35,351.35,351.35,351.35,75,1764057180
2025-11-25 13:24:00,PE,ATM+7,26.63,155475,26350.0,26000.3,351.35,351.35,351.35,351.35,0,1764057240
2025-11-25 13:25:00,PE,ATM+7,24.27,155475,26350.0,26002.5,349.1,349.1,346.75,347.7,375,1764057300
2025-11-25 13:26:00,PE,ATM+7,24.43,155475,26350.0,26002.6,350.0,350.0,346.1,346.1,525,1764057360
2025-11-25 13:27:00,PE,ATM+7,0.0,155475,26350.0,26009.1,346.45,348.4,330.65,335.4,3300,1764057420
2025-11-25 13:28:00,PE,ATM+7,25.13,155475,26350.0,26010.5,338.4,343.3,338.4,343.3,2700,1764057480
2025-11-25 13:29:00,PE,ATM+7,25.81,156750,26350.0,26009.2,343.05,343.6,340.0,343.2,1800,1764057540
2025-11-25 13:30:00,PE,ATM+7,24.01,156750,26350.0,26010.3,335.1,339.0,335.1,339.0,1200,1764057600
2025-11-25 13:31:00,PE,ATM+7,24.08,156750,26350.0,26005.5,339.75,344.0,339.45,344.0,825,1764057660
2025-11-25 13:32:00,PE,ATM+7,0.0,157650,26350.0,25996.55,346.75,350.0,345.45,345.45,4050,1764057720
2025-11-25 13:33:00,PE,ATM+7,0.0,157650,26350.0,25990.45,347.75,350.35,345.8,350.35,600,1764057780
2025-11-25 13:34:00,PE,ATM+7,0.0,157650,26350.0,26004.95,346.3,346.3,341.1,341.1,3375,1764057840
2025-11-25 13:35:00,PE,ATM+7,26.61,155325,26350.0,26001.1,341.45,348.1,341.45,348.1,525,1764057900
2025-11-25 13:36:00,PE,ATM+7,25.29,155325,26350.0,26007.05,347.3,350.5,347.3,347.3,675,1764057960
2025-11-25 13:37:00,PE,ATM+7,26.3,155325,26350.0,26007.3,345.3,346.3,343.7,343.7,3225,1764058020
2025-11-25 13:38:00,PE,ATM+7,24.89,156150,26350.0,26007.6,345.3,345.3,345.3,345.3,375,1764058080
2025-11-25 13:39:00,PE,ATM+7,26.17,156150,26350.0,26011.35,342.65,342.65,340.0,340.65,225,1764058140
2025-11-25 13:40:00,PE,ATM+7,24.61,156150,26350.0,26003.4,348.3,350.35,345.85,345.85,600,1764058200
2025-11-25 13:41:00,PE,ATM+7,25.86,155475,26350.0,25997.0,347.6,356.5,347.6,356.5,5925,1764058260
2025-11-25 13:42:00,PE,ATM+7,28.48,155475,26350.0,26001.15,358.7,362.35,355.15,355.15,1425,1764058320
2025-11-25 13:43:00,PE,ATM+7,28.58,155475,26350.0,26007.65,353.5,353.5,346.5,349.95,1425,1764058380
2025-11-25 13:44:00,PE,ATM+7,28.71,154425,26350.0,25996.45,353.05,361.35,353.05,360.75,600,1764058440
2025-11-25 13:45:00,PE,ATM+7,26.57,154425,26350.0,25993.75,357.65,368.85,357.65,358.75,1575,1764058500
2025-11-25 13:46:00,PE,ATM+7,25.13,154425,26350.0,25996.55,360.35,360.35,354.45,356.3,1050,1764058560
2025-11-25 13:47:00,PE,ATM+7,25.59,151500,26350.0,26008.0,351.55,351.55,339.8,340.0,4950,1764058620
2025-11-25 13:48:00,PE,ATM+7,26.82,151500,26350.0,26005.9,341.7,346.45,341.7,346.45,750,1764058680
2025-11-25 13:49:00,PE,ATM+7,26.31,151500,26350.0,25999.1,347.45,353.6,347.45,353.15,1950,1764058740
2025-11-25 13:50:00,PE,ATM+7,0.0,152025,26350.0,25997.4,350.2,350.25,347.4,350.25,1125,1764058800
2025-11-25 13:51:00,PE,ATM+7,25.49,152025,26350.0,26007.4,348.7,348.7,345.55,346.45,1275,1764058860
2025-11-25 13:52:00,PE,ATM+7,27.85,152025,26350.0,26005.5,348.75,352.8,347.65,351.35,1425,1764058920
2025-11-25 13:53:00,PE,ATM+7,28.16,152550,26350.0,26003.2,352.9,353.35,351.05,353.35,600,1764058980
2025-11-25 13:54:00,PE,ATM+7,29.25,152550,26350.0,26007.55,350.9,351.65,350.6,351.65,225,1764059040
2025-11-25 13:55:00,PE,ATM+7,29.51,152550,26350.0,26005.75,349.25,356.75,349.25,352.85,1200,1764059100
2025-11-25 13:56:00,PE,ATM+7,29.51,152550,26350.0,26004.65,352.85,352.85,352.85,352.85,0,1764059160
2025-11-25 13:57:00,PE,ATM+7,31.04,152475,26350.0,26003.6,357.4,358.0,356.05,358.0,2325,1764059220
2025-11-25 13:58:00,PE,ATM+7,30.99,152475,26350.0,26004.4,357.15,357.2,357.15,357.2,150,1764059280
2025-11-25 13:59:00,PE,ATM+7,27.95,152400,26350.0,26008.35,350.0,350.0,348.0,348.0,375,1764059340
2025-11-25 14:00:00,PE,ATM+7,25.88,152400,26350.0,26018.85,340.05,340.05,329.4,336.7,4575,1764059400
2025-11-25 14:01:00,PE,ATM+7,30.03,152400,26350.0,26010.6,335.15,352.2,335.15,349.2,3450,1764059460
2025-11-25 14:02:00,PE,ATM+7,27.13,153000,26350.0,26008.55,349.2,350.1,346.7,347.2,1200,1764059520
2025-11-25 14:03:00,PE,ATM+7,24.11,153000,26350.0,26019.8,344.9,345.7,331.55,332.95,2700,1764059580
2025-11-25 14:04:00,PE,ATM+7,25.85,153000,26350.0,26019.75,334.9,336.85,329.3,330.8,2925,1764059640
2025-11-25 14:05:00,PE,ATM+7,25.38,153450,26350.0,26021.25,330.45,332.0,327.85,327.85,1575,1764059700
2025-11-25 14:06:00,PE,ATM+7,29.16,279675,26400.0,26026.75,375.0,375.9,372.15,372.95,2850,1764059760
2025-11-25 14:07:00,PE,ATM+7,29.47,279675,26400.0,26025.05,374.75,376.25,374.7,376.25,750,1764059820
2025-11-25 14:08:00,PE,ATM+7,24.88,153450,26350.0,26016.45,329.7,339.05,329.7,335.85,1500,1764059880
2025-11-25 14:09:00,PE,ATM+7,25.43,153450,26350.0,26013.6,333.75,334.15,332.1,333.9,1050,1764059940
2025-11-25 14:10:00,PE,ATM+7,25.85,153450,26350.0,26022.35,333.3,333.3,325.0,328.55,2025,1764060000
2025-11-25 14:11:00,PE,ATM+7,25.97,153825,26350.0,26019.25,334.0,334.0,331.8,331.8,225,1764060060
2025-11-25 14:12:00,PE,ATM+7,25.45,153825,26350.0,26018.4,331.2,338.0,331.2,335.5,975,1764060120
2025-11-25 14:13:00,PE,ATM+7,26.36,153825,26350.0,26021.95,333.95,335.3,332.0,333.15,1425,1764060180
2025-11-25 14:14:00,PE,ATM+7,24.23,153375,26350.0,26020.25,330.0,332.0,330.0,332.0,525,1764060240
2025-11-25 14:15:00,PE,ATM+7,26.02,153375,26350.0,26021.05,335.25,338.0,326.25,329.0,3900,1764060300
2025-11-25 14:16:00,PE,ATM+7,25.2,153375,26350.0,26024.45,331.35,331.35,328.0,330.3,1800,1764060360
2025-11-25 14:17:00,PE,ATM+7,31.73,282150,26400.0,26025.6,382.85,382.85,379.0,382.8,600,1764060420
2025-11-25 14:18:00,PE,ATM+7,29.31,154200,26350.0,26011.85,328.0,348.05,324.8,348.05,4650,1764060480
2025-11-25 14:19:00,PE,ATM+7,27.79,154200,26350.0,26004.2,349.85,353.0,348.0,351.25,3525,1764060540
2025-11-25 14:20:00,PE,ATM+7,25.53,150900,26350.0,26004.6,350.9,350.9,343.3,347.9,825,1764060600
2025-11-25 14:21:00,PE,ATM+7,29.63,150900,26350.0,26009.55,349.65,357.7,347.7,348.05,5550,1764060660
2025-11-25 14:22:00,PE,ATM+7,28.48,150900,26350.0,26004.05,346.15,352.6,345.0,351.6,1350,1764060720
2025-11-25 14:23:00,PE,ATM+7,27.76,153750,26350.0,26002.25,351.05,355.0,349.3,353.0,1125,1764060780
2025-11-25 14:24:00,PE,ATM+7,28.54,153750,26350.0,25990.9,357.7,367.25,356.25,367.25,4800,1764060840
2025-11-25 14:25:00,PE,ATM+7,32.25,153750,26350.0,25990.55,371.0,371.0,365.15,370.0,3675,1764060900
2025-11-25 14:26:00,PE,ATM+7,31.2,151425,26350.0,25990.95,365.15,368.5,365.15,367.55,3000,1764060960
2025-11-25 14:27:00,PE,ATM+7,33.33,151425,26350.0,25977.05,368.6,387.25,368.6,382.3,6750,1764061020
2025-11-25 14:28:00,PE,ATM+7,34.14,151425,26350.0,25983.05,379.9,382.3,378.65,378.65,2625,1764061080
2025-11-25 14:29:00,PE,ATM+7,27.02,518850,26300.0,25973.65,324.15,341.0,323.2,337.35,27375,1764061140
2025-11-25 14:30:00,PE,ATM+7,26.01,518850,26300.0,25956.9,343.25,347.4,335.9,347.05,28200,1764061200
2025-11-25 14:31:00,PE,ATM+7,26.66,518850,26300.0,25959.0,345.45,347.05,338.05,338.8,31200,1764061260
2025-11-25 14:32:00,PE,ATM+7,30.83,500025,26300.0,25965.0,337.0,344.5,331.7,344.5,15675,1764061320
2025-11-25 14:33:00,PE,ATM+7,27.17,500025,26300.0,25962.85,343.95,346.75,340.7,342.45,15300,1764061380
2025-11-25 14:34:00,PE,ATM+7,26.72,500025,26300.0,25958.45,340.0,348.15,340.0,345.1,30000,1764061440
2025-11-25 14:35:00,PE,ATM+7,27.7,496050,26300.0,25967.6,345.0,345.0,337.95,337.95,5625,1764061500
2025-11-25 14:36:00,PE,ATM+7,26.81,496050,26300.0,25955.7,336.6,354.15,336.6,349.2,28950,1764061560
2025-11-25 14:37:00,PE,ATM+7,31.42,496050,26300.0,25955.15,350.7,356.3,347.0,356.3,11625,1764061620
2025-11-25 14:38:00,PE,ATM+7,32.39,486000,26300.0,25950.7,357.05,363.3,355.65,359.3,26325,1764061680
2025-11-25 14:39:00,PE,ATM+7,29.17,486000,26300.0,25947.35,361.05,365.0,359.95,361.0,17400,1764061740
2025-11-25 14:40:00,PE,ATM+7,29.95,486000,26300.0,25943.55,360.0,363.9,359.65,362.35,6225,1764061800
2025-11-25 14:41:00,PE,ATM+7,31.04,477975,26300.0,25949.9,360.65,362.45,354.05,360.5,9150,1764061860
2025-11-25 14:42:00,PE,ATM+7,27.01,477975,26300.0,25955.9,361.25,361.85,348.5,349.2,12675,1764061920
2025-11-25 14:43:00,PE,ATM+7,31.51,477975,26300.0,25958.2,348.7,355.25,348.7,351.7,5250,1764061980
2025-11-25 14:44:00,PE,ATM+7,33.64,470100,26300.0,25963.4,347.45,353.0,345.4,351.5,15975,1764062040
2025-11-25 14:45:00,PE,ATM+7,31.56,470100,26300.0,25953.4,351.9,358.55,347.0,357.95,9225,1764062100
2025-11-25 14:46:00,PE,ATM+7,33.04,470100,26300.0,25955.65,357.1,357.55,353.45,356.4,2400,1764062160
2025-11-25 14:47:00,PE,ATM+7,28.98,466500,26300.0,25953.15,357.1,357.1,350.0,354.0,3975,1764062220
2025-11-25 14:48:00,PE,ATM+7,32.15,466500,26300.0,25960.7,355.15,356.05,348.0,351.7,4950,1764062280
2025-11-25 14:49:00,PE,ATM+7,28.68,466500,26300.0,25959.1,352.65,352.65,347.4,348.1,3525,1764062340
2025-11-25 14:50:00,PE,ATM+7,30.74,462675,26300.0,25951.7,346.15,364.35,346.15,359.1,15900,1764062400
2025-11-25 14:51:00,PE,ATM+7,32.19,462675,26300.0,25951.3,364.4,366.7,356.45,361.75,10125,1764062460
2025-11-25 14:52:00,PE,ATM+7,35.87,462675,26300.0,25939.65,362.3,374.45,360.55,374.45,5850,1764062520
2025-11-25 14:53:00,PE,ATM+7,33.83,462525,26300.0,25927.3,375.7,385.0,374.15,382.75,20100,1764062580
2025-11-25 14:54:00,PE,ATM+7,29.93,290175,26250.0,25921.7,333.85,340.7,332.1,337.9,16425,1764062640
2025-11-25 14:55:00,PE,ATM+7,29.79,290175,26250.0,25920.95,342.55,347.3,334.0,338.35,22725,1764062700
2025-11-25 14:56:00,PE,ATM+7,36.84,446625,26300.0,25928.95,387.55,387.55,377.05,386.35,12675,1764062760
2025-11-25 14:57:00,PE,ATM+7,34.46,446625,26300.0,25929.65,385.35,386.45,380.85,382.85,5850,1764062820
2025-11-25 14:58:00,PE,ATM+7,30.17,282600,26250.0,25922.2,333.0,338.15,333.0,336.45,4650,1764062880
2025-11-25 14:59:00,PE,ATM+7,36.03,271725,26250.0,25899.8,337.85,361.35,337.55,358.5,19950,1764062940
2025-11-25 15:00:00,PE,ATM+7,30.62,271725,26250.0,25894.5,353.0,365.4,340.2,365.35,19875,1764063000
2025-11-25 15:01:00,PE,ATM+7,32.72,271725,26250.0,25881.0,369.0,380.9,364.9,379.3,21225,1764063060
2025-11-25 15:02:00,PE,ATM+7,27.15,1655625,26200.0,25872.5,331.9,334.85,325.55,327.4,74850,1764063120
2025-11-25 15:03:00,PE,ATM+7,29.7,261975,26250.0,25882.55,376.0,376.4,369.05,373.0,15150,1764063180
2025-11-25 15:04:00,PE,ATM+7,30.15,261975,26250.0,25883.4,374.85,375.4,373.0,373.0,1500,1764063240
2025-11-25 15:05:00,PE,ATM+7,33.54,257475,26250.0,25887.0,368.45,374.95,368.45,374.95,5400,1764063300
2025-11-25 15:06:00,PE,ATM+7,29.17,257475,26250.0,25894.6,373.3,373.45,359.0,359.35,5175,1764063360
2025-11-25 15:07:00,PE,ATM+7,31.34,257475,26250.0,25899.85,358.25,362.7,357.5,359.35,12450,1764063420
2025-11-25 15:08:00,PE,ATM+7,29.45,253875,26250.0,25889.8,359.75,361.3,357.05,361.3,2325,1764063480
2025-11-25 15:09:00,PE,ATM+7,0.0,253875,26250.0,25887.4,360.8,363.4,360.8,363.4,825,1764063540
2025-11-25 15:10:00,PE,ATM+7,30.78,253875,26250.0,25900.95,366.95,369.55,357.95,357.95,6000,1764063600
2025-11-25 15:11:00,PE,ATM+7,31.4,253875,26250.0,25897.3,358.85,362.6,358.85,362.6,3300,1764063660
2025-11-25 15:12:00,PE,ATM+7,32.54,251700,26250.0,25897.0,361.35,364.25,361.35,363.65,300,1764063720
2025-11-25 15:13:00,PE,ATM+7,28.16,251700,26250.0,25888.85,365.0,367.25,364.05,365.7,4725,1764063780
2025-11-25 15:14:00,PE,ATM+7,27.56,250500,26250.0,25886.0,364.75,364.95,363.5,363.85,2175,1764063840
2025-11-25 15:15:00,PE,ATM+7,0.0,250500,26250.0,25881.4,364.5,365.85,362.45,363.95,12750,1764063900
2025-11-25 15:16:00,PE,ATM+7,0.0,250500,26250.0,25883.9,364.9,365.25,363.2,363.85,1425,1764063960
2025-11-25 15:17:00,PE,ATM+7,0.0,244650,26250.0,25882.6,364.45,365.15,362.95,365.0,1800,1764064020
2025-11-25 15:18:00,PE,ATM+7,0.0,244650,26250.0,25881.3,364.85,364.85,363.3,364.7,525,1764064080
2025-11-25 15:19:00,PE,ATM+7,0.0,244650,26250.0,25879.35,365.0,368.8,364.95,365.5,2250,1764064140
2025-11-25 15:20:00,PE,ATM+7,0.0,244350,26250.0,25878.35,365.85,366.35,364.5,366.35,7425,1764064200
2025-11-25 15:21:00,PE,ATM+7,0.0,244350,26250.0,25876.05,365.55,366.1,364.1,366.0,4125,1764064260
2025-11-25 15:22:00,PE,ATM+7,0.0,1531575,26200.0,25873.3,316.0,317.0,315.5,317.0,8850,1764064320
2025-11-25 15:23:00,PE,ATM+7,0.0,1531575,26200.0,25872.85,317.0,317.0,315.1,315.55,44850,1764064380
2025-11-25 15:24:00,PE,ATM+7,0.0,1544100,26200.0,25873.5,316.25,316.6,315.05,316.6,57000,1764064440
2025-11-25 15:25:00,PE,ATM+7,0.0,1544100,26200.0,25871.3,315.25,316.7,315.25,315.55,24225,1764064500
2025-11-25 15:26:00,PE,ATM+7,0.0,1544100,26200.0,25870.5,316.0,316.9,315.05,315.65,39675,1764064560
2025-11-25 15:27:00,PE,ATM+7,0.0,1525050,26200.0,25868.7,316.0,316.6,315.25,316.5,11925,1764064620
2025-11-25 15:28:00,PE,ATM+7,0.0,1525050,26200.0,25868.8,316.3,316.3,315.0,315.0,9075,1764064680
2025-11-25 15:29:00,PE,ATM+7,0.0,1525050,26200.0,25860.3,315.3,315.85,314.6,314.8,10800,1764064740
