datetime,option_type,strike_relative,iv,oi,strike,spot,open,high,low,close,volume,timestamp
2025-07-18 09:15:00,CE,ATM-4,8.986273,157725,24900.0,25115.85,301.75,303.05,285.25,289.2,59925,1752810300
2025-07-18 09:16:00,CE,ATM-4,8.658501,157725,24900.0,25100.7,286.1,286.1,274.0,274.0,53400,1752810360
2025-07-18 09:17:00,CE,ATM-4,9.12427,157725,24900.0,25092.7,275.7,275.7,266.9,271.95,51000,1752810420
2025-07-18 09:18:00,CE,ATM-4,8.631781,210825,24900.0,25096.05,270.75,273.95,266.55,270.0,33750,1752810480
2025-07-18 09:19:00,CE,ATM-4,9.218687,210825,24900.0,25086.7,270.9,271.8,266.55,268.15,27750,1752810540
2025-07-18 09:20:00,CE,ATM-4,8.775845,210825,24900.0,25094.1,267.95,271.95,263.75,269.75,47850,1752810600
2025-07-18 09:21:00,CE,ATM-4,9.274733,256800,24900.0,25085.05,268.9,272.4,261.7,267.4,73275,1752810660
2025-07-18 09:22:00,CE,ATM-4,8.874576,256800,24900.0,25087.65,266.45,271.1,264.3,265.55,24300,1752810720
2025-07-18 09:23:00,CE,ATM-4,8.899801,256800,24900.0,25087.8,266.0,269.0,263.85,265.9,8475,1752810780
2025-07-18 09:24:00,CE,ATM-4,9.110965,276450,24900.0,25081.1,266.45,266.45,259.2,262.7,30075,1752810840
2025-07-18 09:25:00,CE,ATM-4,9.261202,276450,24900.0,25075.15,262.9,264.0,256.55,259.6,36750,1752810900
2025-07-18 09:26:00,CE,ATM-4,8.895647,52050,24850.0,25069.3,298.3,298.75,289.85,290.9,12375,1752810960
2025-07-18 09:27:00,CE,ATM-4,9.419827,53100,24850.0,25063.7,290.7,294.15,289.3,291.05,11550,1752811020
2025-07-18 09:28:00,CE,ATM-4,9.306612,53100,24850.0,25070.4,291.05,296.8,290.95,295.4,14025,1752811080
2025-07-18 09:29:00,CE,ATM-4,9.151557,53100,24850.0,25070.2,294.35,298.2,291.95,293.85,4800,1752811140
2025-07-18 09:30:00,CE,ATM-4,8.977713,59775,24850.0,25074.7,295.6,299.65,295.5,296.0,4950,1752811200
2025-07-18 09:31:00,CE,ATM-4,9.035569,354300,24900.0,25078.2,257.95,260.55,256.85,259.65,48150,1752811260
2025-07-18 09:32:00,CE,ATM-4,9.086986,354300,24900.0,25079.3,259.65,261.85,257.3,261.0,52650,1752811320
2025-07-18 09:33:00,CE,ATM-4,9.26123,383400,24900.0,25076.35,261.25,263.0,259.45,260.45,36975,1752811380
2025-07-18 09:34:00,CE,ATM-4,9.309553,383400,24900.0,25077.75,261.0,263.7,259.0,262.0,24000,1752811440
2025-07-18 09:35:00,CE,ATM-4,9.604315,62025,24850.0,25072.6,301.55,301.55,294.95,299.8,3450,1752811500
2025-07-18 09:36:00,CE,ATM-4,9.289822,387675,24900.0,25077.9,259.25,263.6,259.25,261.9,17475,1752811560
2025-07-18 09:37:00,CE,ATM-4,9.284589,387675,24900.0,25078.5,261.9,263.0,260.0,262.3,28050,1752811620
2025-07-18 09:38:00,CE,ATM-4,9.325038,387675,24900.0,25083.05,263.0,268.4,262.25,266.2,45675,1752811680
2025-07-18 09:39:00,CE,ATM-4,9.237242,404400,24900.0,25075.95,265.35,266.9,258.55,259.85,24300,1752811740
2025-07-18 09:40:00,CE,ATM-4,9.537506,62625,24850.0,25065.55,299.8,300.9,293.2,293.5,3000,1752811800
2025-07-18 09:41:00,CE,ATM-4,9.519946,62625,24850.0,25065.2,293.5,295.0,293.05,293.05,6375,1752811860
2025-07-18 09:42:00,CE,ATM-4,9.317084,66075,24850.0,25056.4,293.0,293.0,284.15,284.15,16275,1752811920
2025-07-18 09:43:00,CE,ATM-4,9.400187,66075,24850.0,25047.0,284.25,284.3,277.5,277.5,11475,1752811980
2025-07-18 09:44:00,CE,ATM-4,9.771606,66075,24850.0,25044.3,279.15,281.55,277.2,279.0,12600,1752812040
2025-07-18 09:45:00,CE,ATM-4,10.128788,69525,24850.0,25035.7,278.0,279.0,273.8,276.0,15150,1752812100
2025-07-18 09:46:00,CE,ATM-4,10.45205,69525,24850.0,25036.6,276.4,280.25,275.1,280.0,12675,1752812160
2025-07-18 09:47:00,CE,ATM-4,10.038105,69525,24850.0,25031.6,280.25,280.25,271.95,271.95,12225,1752812220
2025-07-18 09:48:00,CE,ATM-4,10.218386,77025,24850.0,25030.6,271.5,274.5,269.0,273.05,21225,1752812280
2025-07-18 09:49:00,CE,ATM-4,10.161832,77025,24850.0,25033.25,270.65,274.45,270.65,274.45,4350,1752812340
2025-07-18 09:50:00,CE,ATM-4,9.916259,77025,24850.0,25034.4,273.4,276.1,272.8,272.8,6225,1752812400
2025-07-18 09:51:00,CE,ATM-4,10.103341,79125,24850.0,25038.75,272.8,278.0,272.8,278.0,4950,1752812460
2025-07-18 09:52:00,CE,ATM-4,9.638712,79125,24850.0,25045.3,276.45,278.95,275.55,278.4,3225,1752812520
2025-07-18 09:53:00,CE,ATM-4,9.432183,79125,24850.0,25048.95,278.4,281.05,278.4,279.25,6675,1752812580
2025-07-18 09:54:00,CE,ATM-4,9.395661,80850,24850.0,25045.2,279.35,279.8,275.85,275.95,2625,1752812640
2025-07-18 09:55:00,CE,ATM-4,9.768988,80850,24850.0,25043.75,278.1,280.0,276.45,278.45,3150,1752812700
2025-07-18 09:56:00,CE,ATM-4,9.585924,80850,24850.0,25044.85,278.45,279.8,277.5,277.5,600,1752812760
2025-07-18 09:57:00,CE,ATM-4,9.678468,81450,24850.0,25041.5,277.5,279.2,275.2,275.8,1725,1752812820
2025-07-18 09:58:00,CE,ATM-4,9.667166,81450,24850.0,25040.75,275.8,277.3,274.8,275.1,5775,1752812880
2025-07-18 09:59:00,CE,ATM-4,9.661338,81450,24850.0,25039.8,274.5,278.05,273.75,274.3,9000,1752812940
2025-07-18 10:00:00,CE,ATM-4,9.766338,83325,24850.0,25033.1,274.3,275.5,269.35,270.2,4875,1752813000
2025-07-18 10:01:00,CE,ATM-4,9.598467,377925,24800.0,25024.8,311.05,311.05,301.05,301.05,50475,1752813060
2025-07-18 10:02:00,CE,ATM-4,9.944626,377925,24800.0,25021.1,300.75,303.55,298.25,301.25,34425,1752813120
2025-07-18 10:03:00,CE,ATM-4,9.870276,89175,24850.0,25026.2,262.0,266.65,262.0,266.0,8625,1752813180
2025-07-18 10:04:00,CE,ATM-4,9.857946,408000,24800.0,25024.95,306.05,307.0,303.5,303.5,10725,1752813240
2025-07-18 10:05:00,CE,ATM-4,9.966619,89175,24850.0,25025.5,263.25,266.45,261.75,266.45,2925,1752813300
2025-07-18 10:06:00,CE,ATM-4,10.295124,420750,24800.0,25013.1,305.1,305.1,297.05,298.25,28275,1752813360
2025-07-18 10:07:00,CE,ATM-4,10.282756,420750,24800.0,25019.4,297.5,305.0,297.5,303.05,42075,1752813420
2025-07-18 10:08:00,CE,ATM-4,10.171867,420750,24800.0,25019.1,304.4,304.7,301.7,301.75,12300,1752813480
2025-07-18 10:09:00,CE,ATM-4,10.152292,438600,24800.0,25017.95,302.15,303.9,300.55,300.65,19875,1752813540
2025-07-18 10:10:00,CE,ATM-4,9.990857,438600,24800.0,25011.2,300.65,301.35,293.8,293.8,19500,1752813600
2025-07-18 10:11:00,CE,ATM-4,10.430674,438600,24800.0,25012.75,296.0,299.25,294.9,299.25,36000,1752813660
2025-07-18 10:12:00,CE,ATM-4,10.314966,449400,24800.0,25007.45,299.75,300.0,294.0,294.0,30525,1752813720
2025-07-18 10:13:00,CE,ATM-4,10.32874,449400,24800.0,25011.35,293.15,298.0,292.25,297.15,23700,1752813780
2025-07-18 10:14:00,CE,ATM-4,10.078638,449400,24800.0,25013.3,297.65,300.4,296.25,296.25,60300,1752813840
2025-07-18 10:15:00,CE,ATM-4,10.469919,561525,24800.0,24996.35,295.95,295.95,287.0,287.0,159675,1752813900
2025-07-18 10:16:00,CE,ATM-4,10.64311,561525,24800.0,24980.75,286.45,286.45,275.05,277.05,133875,1752813960
2025-07-18 10:17:00,CE,ATM-4,10.719263,40125,24750.0,24968.05,316.5,316.5,305.15,305.85,12900,1752814020
2025-07-18 10:18:00,CE,ATM-4,10.888235,55350,24750.0,24959.85,304.65,305.3,295.85,301.2,19350,1752814080
2025-07-18 10:19:00,CE,ATM-4,10.523296,55350,24750.0,24956.65,301.2,302.2,291.25,295.1,16650,1752814140
2025-07-18 10:20:00,CE,ATM-4,10.636408,55350,24750.0,24944.55,295.75,295.75,284.65,287.0,12150,1752814200
2025-07-18 10:21:00,CE,ATM-4,10.400788,73875,24750.0,24955.65,286.0,294.6,284.55,293.1,11775,1752814260
2025-07-18 10:22:00,CE,ATM-4,10.490424,73875,24750.0,24955.55,293.55,295.6,291.2,293.9,4500,1752814320
2025-07-18 10:23:00,CE,ATM-4,10.065566,73875,24750.0,24965.8,293.9,298.05,291.3,297.75,13275,1752814380
2025-07-18 10:24:00,CE,ATM-4,10.122698,79200,24750.0,24965.25,298.95,298.95,294.85,297.85,3975,1752814440
2025-07-18 10:25:00,CE,ATM-4,10.415799,79200,24750.0,24962.1,297.85,301.1,296.15,298.2,6675,1752814500
2025-07-18 10:26:00,CE,ATM-4,10.268483,79200,24750.0,24960.35,299.75,300.1,295.4,295.4,5475,1752814560
2025-07-18 10:27:00,CE,ATM-4,10.463588,77550,24750.0,24959.65,297.05,297.05,293.0,296.75,2475,1752814620
2025-07-18 10:28:00,CE,ATM-4,10.808602,77550,24750.0,24951.25,295.9,296.3,290.65,293.75,4575,1752814680
2025-07-18 10:29:00,CE,ATM-4,10.761378,77550,24750.0,24952.55,293.75,295.75,293.7,294.25,3075,1752814740
2025-07-18 10:30:00,CE,ATM-4,10.638365,81975,24750.0,24933.4,291.8,291.8,276.9,278.55,15975,1752814800
2025-07-18 10:31:00,CE,ATM-4,10.622313,81975,24750.0,24947.65,278.55,290.9,278.55,289.1,18675,1752814860
2025-07-18 10:32:00,CE,ATM-4,10.454201,81975,24750.0,24944.9,288.35,290.55,284.4,285.3,9375,1752814920
2025-07-18 10:33:00,CE,ATM-4,10.16281,93000,24750.0,24947.55,285.85,286.6,283.85,284.4,5850,1752814980
2025-07-18 10:34:00,CE,ATM-4,9.986511,93000,24750.0,24943.85,283.0,284.1,278.35,279.8,13575,1752815040
2025-07-18 10:35:00,CE,ATM-4,10.143442,93000,24750.0,24949.9,279.8,286.0,279.55,286.0,2550,1752815100
2025-07-18 10:36:00,CE,ATM-4,9.909794,96375,24750.0,24961.15,285.2,294.0,283.2,292.5,17700,1752815160
2025-07-18 10:37:00,CE,ATM-4,10.20383,96375,24750.0,24958.2,292.35,293.0,290.55,293.0,2625,1752815220
2025-07-18 10:38:00,CE,ATM-4,9.815014,96375,24750.0,24957.8,293.0,293.0,288.35,288.95,5625,1752815280
2025-07-18 10:39:00,CE,ATM-4,9.925199,93075,24750.0,24952.95,288.95,289.3,286.2,286.2,2475,1752815340
2025-07-18 10:40:00,CE,ATM-4,10.05736,93075,24750.0,24946.0,286.2,288.0,281.1,282.1,9525,1752815400
2025-07-18 10:41:00,CE,ATM-4,10.388087,93075,24750.0,24941.35,282.1,282.4,277.0,281.85,4200,1752815460
2025-07-18 10:42:00,CE,ATM-4,10.162983,92925,24750.0,24940.8,281.85,285.0,279.15,279.15,7425,1752815520
2025-07-18 10:43:00,CE,ATM-4,10.355675,92925,24750.0,24947.45,279.25,286.35,278.4,286.15,10050,1752815580
2025-07-18 10:44:00,CE,ATM-4,10.221376,92925,24750.0,24942.35,286.35,286.6,280.4,280.9,3300,1752815640
2025-07-18 10:45:00,CE,ATM-4,10.303089,95925,24750.0,24941.15,280.45,280.8,278.6,280.8,4650,1752815700
2025-07-18 10:46:00,CE,ATM-4,10.402017,95925,24750.0,24940.5,280.8,283.2,277.5,281.3,8700,1752815760
2025-07-18 10:47:00,CE,ATM-4,10.424427,95925,24750.0,24946.4,281.9,286.0,281.9,286.0,4125,1752815820
2025-07-18 10:48:00,CE,ATM-4,10.316396,93150,24750.0,24950.5,286.0,290.35,286.0,288.05,16650,1752815880
2025-07-18 10:49:00,CE,ATM-4,10.267614,93150,24750.0,24943.9,289.55,290.1,281.6,282.5,3525,1752815940
2025-07-18 10:50:00,CE,ATM-4,10.586684,93150,24750.0,24945.4,284.5,287.7,284.5,286.85,3600,1752816000
2025-07-18 10:51:00,CE,ATM-4,10.368981,95925,24750.0,24943.9,286.85,287.25,283.5,283.5,3375,1752816060
2025-07-18 10:52:00,CE,ATM-4,10.461481,95925,24750.0,24950.95,284.2,290.15,284.0,289.8,1200,1752816120
2025-07-18 10:53:00,CE,ATM-4,10.339288,95925,24750.0,24950.2,289.8,291.0,287.7,288.0,4500,1752816180
2025-07-18 10:54:00,CE,ATM-4,10.47077,98475,24750.0,24947.45,288.0,289.15,285.65,287.2,750,1752816240
2025-07-18 10:55:00,CE,ATM-4,10.436224,98475,24750.0,24951.25,287.15,292.0,287.15,289.75,2025,1752816300
2025-07-18 10:56:00,CE,ATM-4,10.488025,98475,24750.0,24943.3,287.85,288.85,283.5,284.2,3675,1752816360
2025-07-18 10:57:00,CE,ATM-4,10.526413,98625,24750.0,24944.25,284.2,288.85,284.2,285.3,1875,1752816420
2025-07-18 10:58:00,CE,ATM-4,10.301174,98625,24750.0,24937.05,285.3,287.0,277.55,277.55,10425,1752816480
2025-07-18 10:59:00,CE,ATM-4,9.970443,98625,24750.0,24931.0,277.55,278.7,269.6,269.6,15975,1752816540
2025-07-18 11:00:00,CE,ATM-4,10.49913,99525,24750.0,24929.9,270.5,276.7,269.1,274.2,17400,1752816600
2025-07-18 11:01:00,CE,ATM-4,10.682914,99525,24750.0,24925.9,274.2,276.25,269.4,273.15,8925,1752816660
2025-07-18 11:02:00,CE,ATM-4,10.448704,99525,24750.0,24940.8,274.1,282.6,271.6,281.85,15675,1752816720
2025-07-18 11:03:00,CE,ATM-4,10.265568,105525,24750.0,24950.75,282.75,288.5,282.75,287.6,12525,1752816780
2025-07-18 11:04:00,CE,ATM-4,10.263289,105525,24750.0,24953.45,287.6,291.0,286.6,289.65,10050,1752816840
2025-07-18 11:05:00,CE,ATM-4,10.494401,105525,24750.0,24951.4,289.8,291.65,288.6,290.35,3825,1752816900
2025-07-18 11:06:00,CE,ATM-4,10.516381,104625,24750.0,24953.15,290.35,292.8,289.55,291.9,3000,1752816960
2025-07-18 11:07:00,CE,ATM-4,10.377956,104625,24750.0,24956.95,291.9,295.45,291.9,293.45,7275,1752817020
2025-07-18 11:08:00,CE,ATM-4,10.582386,104625,24750.0,24953.1,293.45,293.45,289.25,292.5,3525,1752817080
2025-07-18 11:09:00,CE,ATM-4,10.465901,103350,24750.0,24954.75,292.35,295.0,290.4,292.6,2850,1752817140
2025-07-18 11:10:00,CE,ATM-4,10.466311,103350,24750.0,24953.0,292.8,292.8,287.1,291.25,2625,1752817200
2025-07-18 11:11:00,CE,ATM-4,10.22396,103350,24750.0,24953.45,291.25,292.95,289.2,289.2,2700,1752817260
2025-07-18 11:12:00,CE,ATM-4,10.243803,103050,24750.0,24960.75,288.4,295.2,288.4,295.05,6525,1752817320
2025-07-18 11:13:00,CE,ATM-4,10.423348,103050,24750.0,24954.5,294.6,294.6,291.5,291.95,1125,1752817380
2025-07-18 11:14:00,CE,ATM-4,10.17109,103050,24750.0,24958.4,291.95,292.5,289.5,292.5,3075,1752817440
2025-07-18 11:15:00,CE,ATM-4,10.264596,101250,24750.0,24959.95,292.5,296.55,292.5,294.6,4650,1752817500
2025-07-18 11:16:00,CE,ATM-4,10.175441,101250,24750.0,24960.55,294.6,294.6,292.5,294.2,1200,1752817560
2025-07-18 11:17:00,CE,ATM-4,9.96171,101250,24750.0,24959.4,294.2,295.25,291.25,291.25,1500,1752817620
2025-07-18 11:18:00,CE,ATM-4,10.192733,101250,24750.0,24958.5,291.25,293.0,288.25,292.75,5100,1752817680
2025-07-18 11:19:00,CE,ATM-4,10.306228,101250,24750.0,24958.9,292.75,296.65,292.7,294.15,1125,1752817740
2025-07-18 11:20:00,CE,ATM-4,10.088541,101250,24750.0,24957.95,294.15,294.15,289.85,291.3,12675,1752817800
2025-07-18 11:21:00,CE,ATM-4,9.880713,99675,24750.0,24964.35,291.3,298.25,291.3,294.35,4125,1752817860
2025-07-18 11:22:00,CE,ATM-4,9.972141,99675,24750.0,24964.1,294.35,295.5,291.7,295.0,1125,1752817920
2025-07-18 11:23:00,CE,ATM-4,10.031235,99675,24750.0,24961.75,295.5,296.65,292.6,293.7,5250,1752817980
2025-07-18 11:24:00,CE,ATM-4,9.981817,96375,24750.0,24967.3,293.7,298.05,293.7,297.6,2625,1752818040
2025-07-18 11:25:00,CE,ATM-4,9.947654,96375,24750.0,24966.45,297.0,299.0,294.65,296.6,2850,1752818100
2025-07-18 11:26:00,CE,ATM-4,9.893219,96375,24750.0,24970.75,296.6,299.9,296.6,299.5,2025,1752818160
2025-07-18 11:27:00,CE,ATM-4,9.631338,992100,24800.0,24976.55,260.8,264.0,260.0,262.8,76725,1752818220
2025-07-18 11:28:00,CE,ATM-4,9.678449,93450,24750.0,24973.4,303.65,303.65,299.35,299.65,4275,1752818280
2025-07-18 11:29:00,CE,ATM-4,9.522015,93450,24750.0,24971.3,299.65,300.0,296.45,296.55,1800,1752818340
2025-07-18 11:30:00,CE,ATM-4,9.952315,96000,24750.0,24968.85,296.45,298.5,294.1,298.5,4275,1752818400
2025-07-18 11:31:00,CE,ATM-4,10.052549,96000,24750.0,24969.2,298.85,300.0,297.9,299.7,3450,1752818460
2025-07-18 11:32:00,CE,ATM-4,9.641173,96000,24750.0,24969.75,297.45,300.95,296.35,296.35,3300,1752818520
2025-07-18 11:33:00,CE,ATM-4,9.703346,98025,24750.0,24964.1,296.35,296.5,292.3,292.4,2700,1752818580
2025-07-18 11:34:00,CE,ATM-4,9.574957,98025,24750.0,24958.3,292.3,293.25,286.6,286.6,9300,1752818640
2025-07-18 11:35:00,CE,ATM-4,9.780539,98025,24750.0,24951.85,286.6,288.6,283.45,283.45,4425,1752818700
2025-07-18 11:36:00,CE,ATM-4,9.779456,97275,24750.0,24952.45,283.45,284.4,281.7,283.9,5550,1752818760
2025-07-18 11:37:00,CE,ATM-4,9.95676,97275,24750.0,24954.45,283.9,287.45,283.9,287.15,1800,1752818820
2025-07-18 11:38:00,CE,ATM-4,9.849324,97275,24750.0,24952.45,287.2,288.05,283.7,284.55,2325,1752818880
2025-07-18 11:39:00,CE,ATM-4,9.787223,98775,24750.0,24951.75,285.1,286.05,283.4,283.4,2025,1752818940
2025-07-18 11:40:00,CE,ATM-4,9.888537,98775,24750.0,24950.0,283.4,285.15,283.0,283.0,2625,1752819000
2025-07-18 11:41:00,CE,ATM-4,10.0189,98775,24750.0,24947.15,282.9,284.2,282.05,282.05,1200,1752819060
2025-07-18 11:42:00,CE,ATM-4,10.113475,97950,24750.0,24951.4,282.05,286.25,281.35,286.25,1725,1752819120
2025-07-18 11:43:00,CE,ATM-4,9.894271,97950,24750.0,24944.35,286.55,286.55,278.65,278.65,5175,1752819180
2025-07-18 11:44:00,CE,ATM-4,10.929329,267225,24700.0,24922.0,318.45,318.45,309.0,309.85,28350,1752819240
2025-07-18 11:45:00,CE,ATM-4,10.231824,105000,24750.0,24936.45,271.05,278.4,271.05,275.95,4575,1752819300
2025-07-18 11:46:00,CE,ATM-4,10.395672,105000,24750.0,24941.4,277.05,281.85,276.85,281.35,6300,1752819360
2025-07-18 11:47:00,CE,ATM-4,10.436121,105000,24750.0,24939.75,280.9,280.9,280.0,280.5,1950,1752819420
2025-07-18 11:48:00,CE,ATM-4,10.276638,102450,24750.0,24940.7,280.5,282.0,279.6,279.6,1650,1752819480
2025-07-18 11:49:00,CE,ATM-4,10.207891,102450,24750.0,24947.95,279.6,284.45,278.9,284.45,3975,1752819540
2025-07-18 11:50:00,CE,ATM-4,10.232829,102450,24750.0,24951.15,285.05,288.3,285.05,287.15,7800,1752819600
2025-07-18 11:51:00,CE,ATM-4,10.186238,102450,24750.0,24949.55,287.15,288.1,285.35,285.45,2325,1752819660
2025-07-18 11:52:00,CE,ATM-4,10.069585,103200,24750.0,24960.6,285.45,293.0,285.45,292.9,3225,1752819720
2025-07-18 11:53:00,CE,ATM-4,9.976372,103200,24750.0,24960.4,292.75,295.1,291.85,291.85,5625,1752819780
2025-07-18 11:54:00,CE,ATM-4,10.135612,103200,24750.0,24959.05,291.85,292.3,290.35,292.3,5025,1752819840
2025-07-18 11:55:00,CE,ATM-4,10.105504,101775,24750.0,24958.15,292.3,292.3,290.85,291.3,1575,1752819900
2025-07-18 11:56:00,CE,ATM-4,10.000007,101775,24750.0,24955.1,291.05,291.05,287.9,287.9,2250,1752819960
2025-07-18 11:57:00,CE,ATM-4,10.363124,102075,24750.0,24949.5,287.65,287.95,285.85,287.1,2100,1752820020
2025-07-18 11:58:00,CE,ATM-4,10.108368,102075,24750.0,24949.65,286.75,287.05,283.9,284.7,4275,1752820080
2025-07-18 11:59:00,CE,ATM-4,10.261303,102075,24750.0,24951.35,284.65,289.15,284.65,287.5,1350,1752820140
2025-07-18 12:00:00,CE,ATM-4,10.40287,104250,24750.0,24947.65,287.5,289.45,285.2,286.05,2100,1752820200
2025-07-18 12:01:00,CE,ATM-4,10.520107,104250,24750.0,24944.15,284.0,284.55,281.5,284.55,6000,1752820260
2025-07-18 12:02:00,CE,ATM-4,10.266008,104250,24750.0,24942.85,284.55,284.55,280.3,281.0,3975,1752820320
2025-07-18 12:03:00,CE,ATM-4,10.316647,104250,24750.0,24942.0,280.7,282.65,279.0,280.85,2175,1752820380
2025-07-18 12:04:00,CE,ATM-4,10.452887,104250,24750.0,24940.4,280.85,281.9,280.0,281.0,1350,1752820440
2025-07-18 12:05:00,CE,ATM-4,10.672629,104250,24750.0,24943.15,281.0,285.3,281.0,285.3,1800,1752820500
2025-07-18 12:06:00,CE,ATM-4,10.475451,104775,24750.0,24942.5,281.45,284.1,281.45,282.8,2625,1752820560
2025-07-18 12:07:00,CE,ATM-4,10.416587,104775,24750.0,24941.45,282.8,283.7,280.75,281.4,900,1752820620
2025-07-18 12:08:00,CE,ATM-4,10.42719,104775,24750.0,24943.1,281.4,282.75,281.4,282.75,525,1752820680
2025-07-18 12:09:00,CE,ATM-4,10.264932,106125,24750.0,24942.95,284.1,284.1,281.0,281.0,3975,1752820740
2025-07-18 12:10:00,CE,ATM-4,10.339973,106125,24750.0,24941.45,280.8,284.25,280.6,280.6,975,1752820800
2025-07-18 12:11:00,CE,ATM-4,10.478004,106125,24750.0,24940.35,280.6,281.4,280.5,281.15,3975,1752820860
2025-07-18 12:12:00,CE,ATM-4,10.452158,107775,24750.0,24937.4,281.15,281.15,277.45,278.65,1800,1752820920
2025-07-18 12:13:00,CE,ATM-4,10.566791,107775,24750.0,24932.85,278.65,278.75,274.2,276.4,4350,1752820980
2025-07-18 12:14:00,CE,ATM-4,10.522969,107775,24750.0,24933.4,276.4,278.4,276.1,276.35,1350,1752821040
2025-07-18 12:15:00,CE,ATM-4,10.649905,107700,24750.0,24933.6,276.35,278.7,275.75,277.8,3750,1752821100
2025-07-18 12:16:00,CE,ATM-4,10.706115,107700,24750.0,24930.95,277.8,281.0,276.4,276.4,2475,1752821160
2025-07-18 12:17:00,CE,ATM-4,10.708666,107700,24750.0,24927.15,275.85,277.0,272.75,273.6,7125,1752821220
2025-07-18 12:18:00,CE,ATM-4,10.72392,281550,24700.0,24919.5,313.0,313.75,305.6,305.6,17250,1752821280
2025-07-18 12:19:00,CE,ATM-4,11.14144,281550,24700.0,24921.9,306.0,311.5,305.2,311.5,6525,1752821340
2025-07-18 12:20:00,CE,ATM-4,10.741444,108750,24750.0,24926.25,271.8,273.4,270.7,273.25,5325,1752821400
2025-07-18 12:21:00,CE,ATM-4,10.782556,108750,24750.0,24929.4,273.9,278.1,273.25,276.0,5475,1752821460
2025-07-18 12:22:00,CE,ATM-4,10.697218,109650,24750.0,24937.05,276.0,281.0,275.0,280.8,6600,1752821520
2025-07-18 12:23:00,CE,ATM-4,10.711502,109650,24750.0,24933.05,281.2,281.4,277.8,277.95,6600,1752821580
2025-07-18 12:24:00,CE,ATM-4,10.768084,109650,24750.0,24933.55,277.95,279.6,277.8,278.9,1050,1752821640
2025-07-18 12:25:00,CE,ATM-4,10.87318,111300,24750.0,24934.85,278.9,281.0,278.3,280.95,4725,1752821700
2025-07-18 12:26:00,CE,ATM-4,10.777723,111300,24750.0,24939.0,280.55,284.7,279.9,283.05,20475,1752821760
2025-07-18 12:27:00,CE,ATM-4,10.804209,115350,24750.0,24941.65,283.9,285.35,283.4,285.3,4350,1752821820
2025-07-18 12:28:00,CE,ATM-4,10.598615,115350,24750.0,24940.4,285.0,285.45,281.9,282.25,3000,1752821880
2025-07-18 12:29:00,CE,ATM-4,10.809776,115350,24750.0,24939.4,282.7,283.65,281.3,283.65,1650,1752821940
2025-07-18 12:30:00,CE,ATM-4,10.569243,115350,24750.0,24943.4,283.65,285.55,283.4,284.2,3750,1752822000
2025-07-18 12:31:00,CE,ATM-4,10.55831,115350,24750.0,24940.65,284.2,285.05,282.0,282.0,4500,1752822060
2025-07-18 12:32:00,CE,ATM-4,10.645784,115350,24750.0,24942.4,282.4,284.85,281.4,284.2,4950,1752822120
2025-07-18 12:33:00,CE,ATM-4,10.588769,118125,24750.0,24940.0,284.1,284.1,281.8,281.8,2625,1752822180
2025-07-18 12:34:00,CE,ATM-4,10.461522,118125,24750.0,24937.95,281.8,281.8,278.95,278.95,5100,1752822240
2025-07-18 12:35:00,CE,ATM-4,10.560999,118125,24750.0,24935.35,279.05,279.65,277.2,278.0,4425,1752822300
2025-07-18 12:36:00,CE,ATM-4,10.527752,118950,24750.0,24933.15,278.0,278.0,274.25,276.0,11175,1752822360
2025-07-18 12:37:00,CE,ATM-4,10.601539,118950,24750.0,24930.2,276.85,276.85,274.55,274.55,1425,1752822420
2025-07-18 12:38:00,CE,ATM-4,10.537592,118950,24750.0,24930.9,274.3,274.4,274.3,274.4,225,1752822480
2025-07-18 12:39:00,CE,ATM-4,10.587753,116475,24750.0,24946.3,274.4,289.55,274.4,286.5,8400,1752822540
2025-07-18 12:40:00,CE,ATM-4,10.647063,116475,24750.0,24942.75,286.6,286.9,284.2,284.4,3375,1752822600
2025-07-18 12:41:00,CE,ATM-4,10.531532,116475,24750.0,24950.8,284.4,289.35,283.8,289.35,7725,1752822660
2025-07-18 12:42:00,CE,ATM-4,10.53315,119700,24750.0,24943.9,290.2,290.7,284.1,284.1,10200,1752822720
2025-07-18 12:43:00,CE,ATM-4,10.840261,119700,24750.0,24940.9,284.1,287.9,284.1,284.95,4575,1752822780
2025-07-18 12:44:00,CE,ATM-4,10.396601,119700,24750.0,24936.3,284.9,284.9,276.95,276.95,7875,1752822840
2025-07-18 12:45:00,CE,ATM-4,10.550589,119700,24750.0,24937.55,277.8,279.85,275.0,279.45,4200,1752822900
2025-07-18 12:46:00,CE,ATM-4,10.760081,117975,24750.0,24937.3,279.45,281.4,279.45,281.4,2325,1752822960
2025-07-18 12:47:00,CE,ATM-4,10.661159,117975,24750.0,24935.6,281.4,281.4,279.1,279.1,2175,1752823020
2025-07-18 12:48:00,CE,ATM-4,10.542763,117975,24750.0,24934.5,278.55,278.55,275.4,277.05,3825,1752823080
2025-07-18 12:49:00,CE,ATM-4,10.613754,119625,24750.0,24942.65,277.05,285.35,277.05,283.9,2250,1752823140
2025-07-18 12:50:00,CE,ATM-4,10.387714,119625,24750.0,24935.7,283.65,284.5,276.35,276.35,8250,1752823200
2025-07-18 12:51:00,CE,ATM-4,10.473348,116400,24750.0,24935.75,276.65,279.2,276.1,277.25,4125,1752823260
2025-07-18 12:52:00,CE,ATM-4,10.500193,116400,24750.0,24933.8,278.0,278.0,276.05,276.05,3225,1752823320
2025-07-18 12:53:00,CE,ATM-4,10.626627,116400,24750.0,24934.95,275.8,278.55,275.8,278.2,2550,1752823380
2025-07-18 12:54:00,CE,ATM-4,10.47645,116400,24750.0,24932.75,278.2,278.2,274.85,275.0,2700,1752823440
2025-07-18 12:55:00,CE,ATM-4,10.657259,118200,24750.0,24933.35,275.95,278.3,275.95,277.3,2550,1752823500
2025-07-18 12:56:00,CE,ATM-4,10.80026,118200,24750.0,24939.35,277.3,284.1,277.3,283.25,8550,1752823560
2025-07-18 12:57:00,CE,ATM-4,10.818021,115800,24750.0,24943.05,282.65,286.2,282.05,286.2,6600,1752823620
2025-07-18 12:58:00,CE,ATM-4,10.431256,115800,24750.0,24949.5,286.2,289.0,285.35,287.2,6000,1752823680
2025-07-18 12:59:00,CE,ATM-4,10.312828,115800,24750.0,24951.55,287.2,289.0,286.65,287.6,4425,1752823740
2025-07-18 13:00:00,CE,ATM-4,10.11473,113850,24750.0,24968.85,287.7,299.2,287.7,299.2,10800,1752823800
2025-07-18 13:01:00,CE,ATM-4,8.767918,1134300,24800.0,24990.35,260.35,266.15,257.6,264.4,195825,1752823860
2025-07-18 13:02:00,CE,ATM-4,10.532074,113850,24750.0,24951.25,301.8,301.8,288.75,289.5,15375,1752823920
2025-07-18 13:03:00,CE,ATM-4,10.88479,113850,24750.0,24951.3,290.25,293.35,290.25,293.05,6375,1752823980
2025-07-18 13:04:00,CE,ATM-4,10.828957,109275,24750.0,24953.3,291.25,296.0,291.1,294.0,2175,1752824040
2025-07-18 13:05:00,CE,ATM-4,10.612438,109275,24750.0,24949.85,294.0,294.0,289.2,289.2,4050,1752824100
2025-07-18 13:06:00,CE,ATM-4,10.792519,109275,24750.0,24942.25,289.25,289.25,283.2,285.25,8625,1752824160
2025-07-18 13:07:00,CE,ATM-4,10.630426,110250,24750.0,24943.45,285.25,289.6,284.5,284.5,1875,1752824220
2025-07-18 13:08:00,CE,ATM-4,10.668959,110250,24750.0,24947.7,286.15,290.6,286.15,288.1,1650,1752824280
2025-07-18 13:09:00,CE,ATM-4,10.63087,110250,24750.0,24945.45,288.75,288.75,286.0,286.0,750,1752824340
2025-07-18 13:10:00,CE,ATM-4,10.700954,111000,24750.0,24944.0,286.0,286.55,285.0,285.6,2625,1752824400
2025-07-18 13:11:00,CE,ATM-4,10.556285,111000,24750.0,24944.75,285.6,287.55,284.05,284.7,1575,1752824460
2025-07-18 13:12:00,CE,ATM-4,10.750362,111000,24750.0,24948.65,284.7,290.45,284.7,289.6,2025,1752824520
2025-07-18 13:13:00,CE,ATM-4,10.834997,110775,24750.0,24949.65,288.25,291.2,286.25,291.2,3900,1752824580
2025-07-18 13:14:00,CE,ATM-4,10.561611,110775,24750.0,24949.25,289.45,290.15,288.15,288.15,3525,1752824640
2025-07-18 13:15:00,CE,ATM-4,10.607129,110775,24750.0,24950.7,288.15,290.0,288.15,289.7,2250,1752824700
2025-07-18 13:16:00,CE,ATM-4,10.377244,111750,24750.0,24941.45,289.7,289.7,280.0,280.35,8325,1752824760
2025-07-18 13:17:00,CE,ATM-4,10.45128,111750,24750.0,24940.35,281.1,281.8,278.85,280.25,4650,1752824820
2025-07-18 13:18:00,CE,ATM-4,10.544281,111750,24750.0,24939.45,281.95,282.0,280.2,280.5,6750,1752824880
2025-07-18 13:19:00,CE,ATM-4,10.688776,113475,24750.0,24940.7,281.6,285.0,281.6,282.9,2175,1752824940
2025-07-18 13:20:00,CE,ATM-4,10.656446,113475,24750.0,24940.95,282.6,283.15,282.15,282.75,2025,1752825000
2025-07-18 13:21:00,CE,ATM-4,10.561577,113475,24750.0,24942.3,283.6,284.4,279.8,282.8,2850,1752825060
2025-07-18 13:22:00,CE,ATM-4,10.514918,114150,24750.0,24944.25,282.8,286.7,282.8,283.8,2325,1752825120
2025-07-18 13:23:00,CE,ATM-4,10.696901,114150,24750.0,24944.75,283.15,286.0,283.15,286.0,1050,1752825180
2025-07-18 13:24:00,CE,ATM-4,10.476029,114150,24750.0,24942.55,286.0,288.0,282.1,282.1,3150,1752825240
2025-07-18 13:25:00,CE,ATM-4,10.617558,114000,24750.0,24945.5,282.1,286.05,282.1,285.75,1950,1752825300
2025-07-18 13:26:00,CE,ATM-4,10.767272,114000,24750.0,24945.7,285.75,287.7,285.75,287.4,1575,1752825360
2025-07-18 13:27:00,CE,ATM-4,10.578241,114000,24750.0,24947.95,287.4,290.0,286.8,287.2,2400,1752825420
2025-07-18 13:28:00,CE,ATM-4,10.784093,113175,24750.0,24947.55,288.0,289.25,286.2,288.95,2100,1752825480
2025-07-18 13:29:00,CE,ATM-4,10.582708,113175,24750.0,24946.8,288.95,289.5,286.35,286.35,4200,1752825540
2025-07-18 13:30:00,CE,ATM-4,10.28077,113175,24750.0,24944.85,286.2,286.85,279.6,281.85,2775,1752825600
2025-07-18 13:31:00,CE,ATM-4,10.404309,111825,24750.0,24952.4,282.65,288.85,281.0,288.85,3525,1752825660
2025-07-18 13:32:00,CE,ATM-4,10.243951,111825,24750.0,24951.2,289.15,289.15,285.4,286.35,2025,1752825720
2025-07-18 13:33:00,CE,ATM-4,10.46001,111825,24750.0,24953.6,286.35,290.75,285.9,290.3,3300,1752825780
2025-07-18 13:34:00,CE,ATM-4,10.208516,112575,24750.0,24956.7,290.3,292.0,290.25,290.25,4725,1752825840
2025-07-18 13:35:00,CE,ATM-4,10.185653,112575,24750.0,24955.0,290.25,290.25,287.85,288.7,675,1752825900
2025-07-18 13:36:00,CE,ATM-4,10.348667,112575,24750.0,24954.85,288.7,292.4,288.7,290.15,6450,1752825960
2025-07-18 13:37:00,CE,ATM-4,10.069754,113325,24750.0,24956.0,290.15,290.15,288.35,288.35,1050,1752826020
2025-07-18 13:38:00,CE,ATM-4,10.412514,113325,24750.0,24957.5,288.35,292.8,286.4,292.8,3000,1752826080
2025-07-18 13:39:00,CE,ATM-4,10.396344,113325,24750.0,24960.55,292.8,295.0,292.15,295.0,4800,1752826140
2025-07-18 13:40:00,CE,ATM-4,10.271034,113475,24750.0,24959.15,294.3,294.95,292.05,292.7,4575,1752826200
2025-07-18 13:41:00,CE,ATM-4,10.26823,113475,24750.0,24966.55,292.65,300.15,292.6,298.45,10725,1752826260
2025-07-18 13:42:00,CE,ATM-4,10.379478,113475,24750.0,24969.75,297.9,302.0,297.15,302.0,5400,1752826320
2025-07-18 13:43:00,CE,ATM-4,10.329459,111825,24750.0,24963.6,301.7,302.25,296.0,296.7,8850,1752826380
2025-07-18 13:44:00,CE,ATM-4,10.412405,111825,24750.0,24968.55,298.95,302.1,297.9,301.35,5550,1752826440
2025-07-18 13:45:00,CE,ATM-4,10.226671,111825,24750.0,24968.3,301.35,302.7,299.1,299.4,4200,1752826500
2025-07-18 13:46:00,CE,ATM-4,10.29292,109800,24750.0,24962.8,299.4,302.0,295.45,295.7,6300,1752826560
2025-07-18 13:47:00,CE,ATM-4,10.591697,109800,24750.0,24959.5,295.7,298.5,294.05,296.0,4575,1752826620
2025-07-18 13:48:00,CE,ATM-4,10.625078,109800,24750.0,24953.3,295.05,295.05,289.2,291.55,12150,1752826680
2025-07-18 13:49:00,CE,ATM-4,10.667818,106275,24750.0,24956.35,291.55,294.6,291.55,294.3,4575,1752826740
2025-07-18 13:50:00,CE,ATM-4,10.440586,106275,24750.0,24956.0,294.75,294.75,291.4,291.8,2100,1752826800
2025-07-18 13:51:00,CE,ATM-4,10.678491,106275,24750.0,24957.15,293.4,295.5,293.4,295.0,3975,1752826860
2025-07-18 13:52:00,CE,ATM-4,10.582876,105675,24750.0,24956.3,295.6,296.5,293.4,293.4,1500,1752826920
2025-07-18 13:53:00,CE,ATM-4,10.268077,105675,24750.0,24954.9,293.4,293.4,287.7,289.25,2175,1752826980
2025-07-18 13:54:00,CE,ATM-4,10.242988,105675,24750.0,24950.7,289.25,289.25,285.0,285.75,2025,1752827040
2025-07-18 13:55:00,CE,ATM-4,10.359162,106275,24750.0,24953.2,285.75,288.9,285.75,288.8,3450,1752827100
2025-07-18 13:56:00,CE,ATM-4,10.359539,106275,24750.0,24959.15,289.1,294.2,289.1,293.4,4050,1752827160
2025-07-18 13:57:00,CE,ATM-4,9.503957,1031325,24800.0,24980.95,253.3,265.95,253.2,263.55,107400,1752827220
2025-07-18 13:58:00,CE,ATM-4,8.718919,997500,24800.0,24994.25,263.35,269.25,263.35,266.6,140850,1752827280
2025-07-18 13:59:00,CE,ATM-4,10.345703,106050,24750.0,24960.0,305.4,305.4,291.7,293.9,15525,1752827340
2025-07-18 14:00:00,CE,ATM-4,10.037888,106050,24750.0,24961.95,295.05,296.05,292.5,292.5,3975,1752827400
2025-07-18 14:01:00,CE,ATM-4,10.282637,103500,24750.0,24959.45,292.5,295.45,290.65,292.85,4125,1752827460
2025-07-18 14:02:00,CE,ATM-4,10.146051,103500,24750.0,24964.5,292.85,296.0,292.8,295.5,4350,1752827520
2025-07-18 14:03:00,CE,ATM-4,10.460347,103500,24750.0,24967.75,296.45,301.6,296.45,301.0,5550,1752827580
2025-07-18 14:04:00,CE,ATM-4,10.495858,104175,24750.0,24966.05,300.3,300.3,296.4,300.0,1725,1752827640
2025-07-18 14:05:00,CE,ATM-4,10.414984,104175,24750.0,24967.3,299.35,300.8,299.0,300.2,2700,1752827700
2025-07-18 14:06:00,CE,ATM-4,10.162903,104175,24750.0,24964.6,300.6,300.6,295.2,295.7,2175,1752827760
2025-07-18 14:07:00,CE,ATM-4,10.323251,105900,24750.0,24960.5,296.25,296.25,294.0,294.0,1425,1752827820
2025-07-18 14:08:00,CE,ATM-4,10.446691,105900,24750.0,24962.85,294.0,300.0,294.0,297.0,5625,1752827880
2025-07-18 14:09:00,CE,ATM-4,10.217169,105900,24750.0,24966.85,298.0,300.2,297.6,297.95,1800,1752827940
2025-07-18 14:10:00,CE,ATM-4,10.133861,108150,24750.0,24965.5,298.5,298.5,295.7,296.1,750,1752828000
2025-07-18 14:11:00,CE,ATM-4,10.190756,108150,24750.0,24967.25,296.55,298.75,296.55,298.0,2100,1752828060
2025-07-18 14:12:00,CE,ATM-4,10.269214,108150,24750.0,24968.3,298.25,300.05,296.2,299.55,2175,1752828120
2025-07-18 14:13:00,CE,ATM-4,10.050889,105600,24750.0,24970.3,299.55,302.1,299.1,299.1,3000,1752828180
2025-07-18 14:14:00,CE,ATM-4,10.18224,105600,24750.0,24969.35,299.1,301.2,298.0,299.55,2775,1752828240
2025-07-18 14:15:00,CE,ATM-4,10.10657,105600,24750.0,24968.35,299.45,301.15,298.0,298.05,2400,1752828300
2025-07-18 14:16:00,CE,ATM-4,10.18445,106350,24750.0,24965.35,298.05,298.05,294.2,296.4,975,1752828360
2025-07-18 14:17:00,CE,ATM-4,9.887146,106350,24750.0,24964.55,296.9,297.25,293.0,293.0,1050,1752828420
2025-07-18 14:18:00,CE,ATM-4,10.087588,106350,24750.0,24958.95,293.0,293.0,287.85,290.45,7050,1752828480
2025-07-18 14:19:00,CE,ATM-4,9.821966,106275,24750.0,24967.4,290.45,295.35,290.2,294.65,8100,1752828540
2025-07-18 14:20:00,CE,ATM-4,9.741486,106275,24750.0,24969.7,295.35,297.15,294.35,295.75,3975,1752828600
2025-07-18 14:21:00,CE,ATM-4,10.05298,106275,24750.0,24973.95,295.75,302.0,295.75,301.95,7425,1752828660
2025-07-18 14:22:00,CE,ATM-4,9.929868,108225,24750.0,24971.85,301.15,301.85,298.9,299.15,3825,1752828720
2025-07-18 14:23:00,CE,ATM-4,10.148833,108225,24750.0,24970.35,299.15,299.95,298.9,299.95,675,1752828780
2025-07-18 14:24:00,CE,ATM-4,10.061447,108225,24750.0,24973.95,299.7,302.0,299.6,302.0,3000,1752828840
2025-07-18 14:25:00,CE,ATM-4,9.785822,107925,24750.0,24973.75,302.0,304.0,299.35,299.35,9225,1752828900
2025-07-18 14:26:00,CE,ATM-4,9.867222,107925,24750.0,24970.6,299.35,302.85,295.5,297.55,4575,1752828960
2025-07-18 14:27:00,CE,ATM-4,9.860469,919875,24800.0,24976.4,258.0,263.35,255.75,263.35,41925,1752829020
2025-07-18 14:28:00,CE,ATM-4,9.992227,914850,24800.0,24985.8,262.9,271.8,262.9,271.8,89250,1752829080
2025-07-18 14:29:00,CE,ATM-4,9.908813,914850,24800.0,24986.5,271.0,272.3,268.6,271.5,80850,1752829140
2025-07-18 14:30:00,CE,ATM-4,9.863327,914850,24800.0,24989.05,270.0,276.45,270.0,273.0,108975,1752829200
2025-07-18 14:31:00,CE,ATM-4,9.779648,852900,24800.0,24984.4,274.0,274.0,268.3,268.6,70575,1752829260
2025-07-18 14:32:00,CE,ATM-4,9.751472,852900,24800.0,24998.15,268.85,279.75,268.85,278.95,98475,1752829320
2025-07-18 14:33:00,CE,ATM-4,9.882176,852900,24800.0,24995.65,280.55,280.55,276.8,278.25,59400,1752829380
2025-07-18 14:34:00,CE,ATM-4,10.01791,811650,24800.0,25004.6,277.45,286.5,277.45,286.5,83775,1752829440
2025-07-18 14:35:00,CE,ATM-4,9.975514,811650,24800.0,24999.35,285.2,286.65,279.15,282.0,65700,1752829500
2025-07-18 14:36:00,CE,ATM-4,10.170083,811650,24800.0,24987.25,282.1,282.1,274.05,274.6,66975,1752829560
2025-07-18 14:37:00,CE,ATM-4,10.329973,774225,24800.0,24984.35,273.3,275.45,271.9,274.0,32625,1752829620
2025-07-18 14:38:00,CE,ATM-4,10.201831,774225,24800.0,24979.45,274.35,275.0,269.0,269.0,37275,1752829680
2025-07-18 14:39:00,CE,ATM-4,9.780981,774225,24800.0,24978.65,268.05,269.45,263.35,264.15,61725,1752829740
2025-07-18 14:40:00,CE,ATM-4,9.918919,768375,24800.0,24980.6,264.85,269.5,264.85,267.0,30000,1752829800
2025-07-18 14:41:00,CE,ATM-4,9.766349,768375,24800.0,24978.8,267.55,268.25,264.1,264.1,18825,1752829860
2025-07-18 14:42:00,CE,ATM-4,9.949105,768375,24800.0,24977.85,263.9,269.0,262.75,265.2,38550,1752829920
2025-07-18 14:43:00,CE,ATM-4,10.025517,770175,24800.0,24978.1,264.05,267.95,263.8,266.15,18225,1752829980
2025-07-18 14:44:00,CE,ATM-4,10.248336,90975,24750.0,24964.15,307.0,307.0,295.8,295.8,9225,1752830040
2025-07-18 14:45:00,CE,ATM-4,11.042538,90975,24750.0,24955.15,297.35,299.25,292.6,296.55,10875,1752830100
2025-07-18 14:46:00,CE,ATM-4,10.34268,89475,24750.0,24970.05,297.95,303.25,297.55,301.3,8925,1752830160
2025-07-18 14:47:00,CE,ATM-4,10.504158,89475,24750.0,24963.9,300.35,300.8,295.5,298.0,3900,1752830220
2025-07-18 14:48:00,CE,ATM-4,10.363163,89475,24750.0,24966.2,298.3,300.65,296.4,298.45,6600,1752830280
2025-07-18 14:49:00,CE,ATM-4,10.280963,89250,24750.0,24964.2,298.35,298.35,296.0,296.1,1050,1752830340
2025-07-18 14:50:00,CE,ATM-4,10.80951,89250,24750.0,24963.5,296.1,300.6,296.1,300.6,1200,1752830400
2025-07-18 14:51:00,CE,ATM-4,10.713569,89250,24750.0,24962.45,300.6,300.6,295.0,298.85,1275,1752830460
2025-07-18 14:52:00,CE,ATM-4,10.73293,89550,24750.0,24965.0,298.4,301.35,296.35,301.0,1350,1752830520
2025-07-18 14:53:00,CE,ATM-4,10.764809,89550,24750.0,24969.45,300.65,304.75,300.65,304.75,3225,1752830580
2025-07-18 14:54:00,CE,ATM-4,10.625789,89550,24750.0,24969.3,304.75,305.85,303.3,303.3,4500,1752830640
2025-07-18 14:55:00,CE,ATM-4,10.39738,90000,24750.0,24967.85,304.55,306.1,300.0,300.0,4125,1752830700
2025-07-18 14:56:00,CE,ATM-4,10.915877,90000,24750.0,24967.55,299.8,304.7,299.7,304.7,1575,1752830760
2025-07-18 14:57:00,CE,ATM-4,10.67041,90000,24750.0,24971.1,304.95,305.45,302.95,305.1,2850,1752830820
2025-07-18 14:58:00,CE,ATM-4,10.828389,89025,24750.0,24969.05,307.25,308.4,304.85,305.0,3150,1752830880
2025-07-18 14:59:00,CE,ATM-4,10.960377,89025,24750.0,24973.1,305.0,309.95,305.0,309.4,5700,1752830940
2025-07-18 15:00:00,CE,ATM-4,10.526459,89025,24750.0,24968.4,309.05,314.0,301.05,301.6,4875,1752831000
2025-07-18 15:01:00,CE,ATM-4,11.019543,88800,24750.0,24970.65,303.35,308.05,303.35,308.05,1800,1752831060
2025-07-18 15:02:00,CE,ATM-4,10.658615,88800,24750.0,24974.05,307.7,311.35,307.25,307.25,1500,1752831120
2025-07-18 15:03:00,CE,ATM-4,10.716072,88800,24750.0,24964.7,307.25,308.65,300.5,300.5,2250,1752831180
2025-07-18 15:04:00,CE,ATM-4,11.065896,88650,24750.0,24966.15,302.0,305.0,301.4,305.0,4425,1752831240
2025-07-18 15:05:00,CE,ATM-4,11.03378,88650,24750.0,24966.05,304.45,305.45,304.0,304.6,1125,1752831300
2025-07-18 15:06:00,CE,ATM-4,10.878302,88650,24750.0,24967.95,304.6,307.0,304.55,304.55,750,1752831360
2025-07-18 15:07:00,CE,ATM-4,11.012697,87750,24750.0,24970.1,304.2,307.5,304.1,307.5,2250,1752831420
2025-07-18 15:08:00,CE,ATM-4,10.841392,87750,24750.0,24964.75,304.4,305.65,299.75,301.7,3000,1752831480
2025-07-18 15:09:00,CE,ATM-4,10.729043,87750,24750.0,24968.35,302.75,303.4,301.5,303.4,6000,1752831540
2025-07-18 15:10:00,CE,ATM-4,10.917468,86625,24750.0,24966.8,305.0,305.5,304.0,304.0,2700,1752831600
2025-07-18 15:11:00,CE,ATM-4,10.627695,86625,24750.0,24968.65,304.35,304.35,301.65,302.65,1350,1752831660
2025-07-18 15:12:00,CE,ATM-4,10.741756,86625,24750.0,24970.8,303.3,306.15,303.3,305.4,2475,1752831720
2025-07-18 15:13:00,CE,ATM-4,11.053663,84450,24750.0,24966.55,307.45,307.45,304.9,305.1,4875,1752831780
2025-07-18 15:14:00,CE,ATM-4,10.695692,84450,24750.0,24971.0,305.1,308.0,305.05,305.1,3450,1752831840
2025-07-18 15:15:00,CE,ATM-4,11.0973,84450,24750.0,24969.4,307.7,309.9,306.5,307.7,13650,1752831900
2025-07-18 15:16:00,CE,ATM-4,11.320993,76050,24750.0,24971.0,307.7,311.1,307.7,311.1,7725,1752831960
2025-07-18 15:17:00,CE,ATM-4,11.045867,76050,24750.0,24970.2,311.45,312.9,307.8,307.8,3975,1752832020
2025-07-18 15:18:00,CE,ATM-4,11.086861,76050,24750.0,24970.8,307.8,310.0,307.8,308.65,2850,1752832080
2025-07-18 15:19:00,CE,ATM-4,11.259634,74550,24750.0,24965.3,309.55,309.55,306.1,306.1,13200,1752832140
2025-07-18 15:20:00,CE,ATM-4,11.186306,74550,24750.0,24966.45,306.65,309.75,306.2,306.25,11400,1752832200
2025-07-18 15:21:00,CE,ATM-4,11.234228,74550,24750.0,24970.15,306.25,310.55,306.25,309.55,5325,1752832260
2025-07-18 15:22:00,CE,ATM-4,11.18938,72675,24750.0,24970.6,309.55,310.5,309.25,309.45,1425,1752832320
2025-07-18 15:23:00,CE,ATM-4,11.166715,72675,24750.0,24972.0,309.45,311.0,308.65,310.3,2475,1752832380
2025-07-18 15:24:00,CE,ATM-4,11.117661,72675,24750.0,24974.95,310.7,313.25,310.7,312.1,8550,1752832440
2025-07-18 15:25:00,CE,ATM-4,10.936692,68550,24750.0,24974.1,313.85,313.9,309.1,309.7,5175,1752832500
2025-07-18 15:26:00,CE,ATM-4,10.580993,482400,24800.0,24977.35,270.05,271.05,269.25,270.85,38775,1752832560
2025-07-18 15:27:00,CE,ATM-4,11.063329,68550,24750.0,24972.5,311.45,311.65,309.3,309.65,5775,1752832620
2025-07-18 15:28:00,CE,ATM-4,11.039363,65775,24750.0,24972.1,309.55,310.9,309.1,309.1,7725,1752832680
2025-07-18 15:29:00,CE,ATM-4,11.387161,65775,24750.0,24967.45,308.35,309.3,306.55,308.9,7350,1752832740
2025-07-21 09:15:00,CE,ATM-4,11.39499,63375,24750.0,24961.1,291.2,291.4,259.95,261.5,45075,1753069500
2025-07-21 09:16:00,CE,ATM-4,11.249824,63375,24750.0,24954.35,259.05,267.1,253.1,255.1,78225,1753069560
2025-07-21 09:17:00,CE,ATM-4,11.543341,63375,24750.0,24967.85,252.2,267.9,252.2,267.9,78975,1753069620
2025-07-21 09:18:00,CE,ATM-4,11.642175,92250,24750.0,24962.7,268.55,272.8,263.1,264.35,26625,1753069680
2025-07-21 09:19:00,CE,ATM-4,11.857812,92250,24750.0,24956.45,268.8,272.2,259.15,260.75,19650,1753069740
2025-07-21 09:20:00,CE,ATM-4,11.57752,92250,24750.0,24939.25,261.05,261.15,245.25,245.25,26025,1753069800
2025-07-21 09:21:00,CE,ATM-4,12.274199,102300,24750.0,24926.1,244.95,244.95,237.45,240.1,28575,1753069860
2025-07-21 09:22:00,CE,ATM-4,11.831137,190425,24700.0,24917.8,278.25,279.7,268.1,269.45,57675,1753069920
2025-07-21 09:23:00,CE,ATM-4,11.518072,190425,24700.0,24922.15,270.05,271.9,265.0,271.0,29700,1753069980
2025-07-21 09:24:00,CE,ATM-4,11.310393,116700,24750.0,24925.4,230.85,235.15,229.85,232.55,17250,1753070040
2025-07-21 09:25:00,CE,ATM-4,11.927834,229200,24700.0,24897.85,273.0,273.0,252.45,254.15,44250,1753070100
2025-07-21 09:26:00,CE,ATM-4,11.749644,229200,24700.0,24898.2,256.9,260.0,251.2,253.2,62700,1753070160
2025-07-21 09:27:00,CE,ATM-4,11.489149,279075,24700.0,24905.85,254.8,261.45,252.0,257.55,36975,1753070220
2025-07-21 09:28:00,CE,ATM-4,11.520391,279075,24700.0,24904.8,258.2,260.35,255.0,256.9,21675,1753070280
2025-07-21 09:29:00,CE,ATM-4,11.657536,279075,24700.0,24901.55,256.25,259.75,254.0,255.2,24300,1753070340
2025-07-21 09:30:00,CE,ATM-4,11.203929,294750,24700.0,24912.1,254.15,262.0,254.0,260.75,32925,1753070400
2025-07-21 09:31:00,CE,ATM-4,11.268377,294750,24700.0,24908.6,260.35,262.3,255.0,258.3,28350,1753070460
2025-07-21 09:32:00,CE,ATM-4,10.76101,294750,24700.0,24899.95,258.3,258.5,248.05,248.05,30525,1753070520
2025-07-21 09:33:00,CE,ATM-4,11.883252,305775,24700.0,24887.3,249.3,250.0,240.25,245.5,58500,1753070580
2025-07-21 09:34:00,CE,ATM-4,11.559197,305775,24700.0,24891.15,246.1,250.4,242.6,246.25,38925,1753070640
2025-07-21 09:35:00,CE,ATM-4,11.335427,305775,24700.0,24899.55,246.05,252.55,245.0,251.4,27975,1753070700
2025-07-21 09:36:00,CE,ATM-4,10.637079,325050,24700.0,24914.2,251.9,261.3,251.35,258.95,68550,1753070760
2025-07-21 09:37:00,CE,ATM-4,11.100663,325050,24700.0,24911.7,258.9,262.5,258.7,259.7,32925,1753070820
2025-07-21 09:38:00,CE,ATM-4,11.282759,325050,24700.0,24906.3,259.7,259.7,255.45,256.45,19125,1753070880
2025-07-21 09:39:00,CE,ATM-4,11.670392,325275,24700.0,24909.35,255.9,261.4,250.9,261.4,17625,1753070940
2025-07-21 09:40:00,CE,ATM-4,11.939577,192675,24750.0,24925.9,221.3,237.25,220.05,237.25,63225,1753071000
2025-07-21 09:41:00,CE,ATM-4,11.653204,325275,24700.0,24924.8,275.55,275.8,271.05,273.8,47700,1753071060
2025-07-21 09:42:00,CE,ATM-4,11.76887,210150,24750.0,24933.45,233.7,244.3,233.7,241.8,41925,1753071120
2025-07-21 09:43:00,CE,ATM-4,11.400615,210150,24750.0,24939.75,241.25,247.45,237.5,244.15,34050,1753071180
2025-07-21 09:44:00,CE,ATM-4,11.515667,210150,24750.0,24938.7,244.75,247.05,242.5,244.1,17025,1753071240
2025-07-21 09:45:00,CE,ATM-4,11.859708,199050,24750.0,24952.3,244.0,257.4,238.15,257.15,76425,1753071300
2025-07-21 09:46:00,CE,ATM-4,11.893057,199050,24750.0,24952.6,256.8,258.4,253.05,257.6,22575,1753071360
2025-07-21 09:47:00,CE,ATM-4,12.655026,1319100,24800.0,24976.3,218.0,243.65,218.0,242.95,488700,1753071420
2025-07-21 09:48:00,CE,ATM-4,13.375703,1098825,24800.0,24988.4,244.3,257.4,239.4,257.4,331800,1753071480
2025-07-21 09:49:00,CE,ATM-4,13.02225,1098825,24800.0,24996.4,258.15,262.85,253.95,260.85,268125,1753071540
2025-07-21 09:50:00,CE,ATM-4,12.690976,1098825,24800.0,25006.9,258.85,272.4,258.85,266.6,302850,1753071600
2025-07-21 09:51:00,CE,ATM-4,12.683174,1006050,24800.0,25002.3,267.1,268.0,259.0,262.95,124650,1753071660
2025-07-21 09:52:00,CE,ATM-4,12.589301,1006050,24800.0,25010.0,261.45,273.55,261.45,268.3,136725,1753071720
2025-07-21 09:53:00,CE,ATM-4,12.943163,1006050,24800.0,25005.0,268.35,270.4,262.45,266.85,67425,1753071780
2025-07-21 09:54:00,CE,ATM-4,13.953111,572100,24850.0,25025.2,227.0,252.2,226.4,252.2,185475,1753071840
2025-07-21 09:55:00,CE,ATM-4,13.625671,572100,24850.0,25047.9,251.5,268.3,251.5,266.55,189375,1753071900
2025-07-21 09:56:00,CE,ATM-4,13.114121,572100,24850.0,25035.25,263.4,264.1,251.5,253.2,114750,1753071960
2025-07-21 09:57:00,CE,ATM-4,13.526468,488025,24850.0,25042.75,254.2,264.95,249.95,261.9,83850,1753072020
2025-07-21 09:58:00,CE,ATM-4,12.958685,488025,24850.0,25040.25,261.65,261.65,254.0,255.8,40725,1753072080
2025-07-21 09:59:00,CE,ATM-4,12.680541,488025,24850.0,25035.25,257.1,259.25,249.2,249.95,39225,1753072140
2025-07-21 10:00:00,CE,ATM-4,13.105072,480600,24850.0,25032.55,251.25,256.7,251.05,251.05,43875,1753072200
2025-07-21 10:01:00,CE,ATM-4,13.335006,480600,24850.0,25030.85,247.35,255.55,244.05,251.5,121275,1753072260
2025-07-21 10:02:00,CE,ATM-4,13.534897,480600,24850.0,25039.5,250.0,259.45,247.85,259.45,45225,1753072320
2025-07-21 10:03:00,CE,ATM-4,13.237096,454800,24850.0,25038.55,258.05,258.4,253.4,256.5,36900,1753072380
2025-07-21 10:04:00,CE,ATM-4,13.184209,454800,24850.0,25039.95,257.0,259.4,255.0,257.15,21675,1753072440
2025-07-21 10:05:00,CE,ATM-4,13.266613,454800,24850.0,25036.3,257.55,261.45,250.0,255.0,43050,1753072500
2025-07-21 10:06:00,CE,ATM-4,13.428671,446925,24850.0,25040.5,255.65,259.35,252.0,259.35,30825,1753072560
2025-07-21 10:07:00,CE,ATM-4,13.03962,446925,24850.0,25042.2,258.0,260.0,256.95,257.75,38325,1753072620
2025-07-21 10:08:00,CE,ATM-4,12.974179,446925,24850.0,25044.55,258.5,262.1,256.55,259.05,35100,1753072680
2025-07-21 10:09:00,CE,ATM-4,13.5075,429975,24850.0,25055.8,259.05,274.7,258.95,271.5,114000,1753072740
2025-07-21 10:10:00,CE,ATM-4,13.702771,429975,24850.0,25060.7,271.0,284.3,269.65,276.65,117450,1753072800
2025-07-21 10:11:00,CE,ATM-4,14.128546,429975,24850.0,25069.3,278.05,286.3,276.5,286.3,74025,1753072860
2025-07-21 10:12:00,CE,ATM-4,13.632258,413175,24850.0,25065.35,287.55,288.8,278.7,279.7,91950,1753072920
2025-07-21 10:13:00,CE,ATM-4,13.151446,413175,24850.0,25055.55,281.6,281.6,268.45,268.7,36150,1753072980
2025-07-21 10:14:00,CE,ATM-4,12.958725,413175,24850.0,25052.55,268.5,268.5,263.2,265.0,38250,1753073040
2025-07-21 10:15:00,CE,ATM-4,13.123337,407100,24850.0,25044.5,265.0,269.55,259.3,260.0,28725,1753073100
2025-07-21 10:16:00,CE,ATM-4,13.591984,407100,24850.0,25045.85,259.25,264.45,255.2,264.45,27000,1753073160
2025-07-21 10:17:00,CE,ATM-4,12.904847,407100,24850.0,25051.35,264.5,269.55,263.6,263.65,37800,1753073220
2025-07-21 10:18:00,CE,ATM-4,12.933466,409500,24850.0,25048.05,263.05,265.5,259.85,261.3,21300,1753073280
2025-07-21 10:19:00,CE,ATM-4,13.130632,409500,24850.0,25052.8,262.35,271.8,260.7,266.35,18450,1753073340
2025-07-21 10:20:00,CE,ATM-4,13.268969,409500,24850.0,25048.45,265.4,265.4,261.0,264.0,19050,1753073400
2025-07-21 10:21:00,CE,ATM-4,13.327243,399375,24850.0,25048.7,263.35,267.9,263.35,264.6,7575,1753073460
2025-07-21 10:22:00,CE,ATM-4,13.283115,399375,24850.0,25039.25,264.6,265.1,255.6,257.1,19200,1753073520
2025-07-21 10:23:00,CE,ATM-4,13.063929,399375,24850.0,25041.6,255.75,261.9,255.25,257.25,32175,1753073580
2025-07-21 10:24:00,CE,ATM-4,12.807205,393225,24850.0,25036.65,257.25,259.75,251.3,251.6,31050,1753073640
2025-07-21 10:25:00,CE,ATM-4,13.316901,393225,24850.0,25047.1,252.35,263.25,252.35,263.25,20175,1753073700
2025-07-21 10:26:00,CE,ATM-4,13.0292,393225,24850.0,25048.6,263.0,264.6,259.55,262.3,14625,1753073760
2025-07-21 10:27:00,CE,ATM-4,13.040482,387900,24850.0,25049.75,262.3,265.65,262.3,263.25,15525,1753073820
2025-07-21 10:28:00,CE,ATM-4,13.190248,387900,24850.0,25042.45,261.1,262.1,254.9,258.75,18600,1753073880
2025-07-21 10:29:00,CE,ATM-4,13.530237,387900,24850.0,25044.45,257.45,264.3,257.25,262.75,12300,1753073940
2025-07-21 10:30:00,CE,ATM-4,13.560768,378675,24850.0,25051.1,262.0,268.0,262.0,268.0,26025,1753074000
2025-07-21 10:31:00,CE,ATM-4,13.611206,378675,24850.0,25059.6,268.85,274.85,266.45,274.85,32250,1753074060
2025-07-21 10:32:00,CE,ATM-4,13.556173,378675,24850.0,25060.0,274.0,275.7,270.4,274.75,19800,1753074120
2025-07-21 10:33:00,CE,ATM-4,13.319087,374550,24850.0,25060.45,275.7,276.6,271.75,273.4,17775,1753074180
2025-07-21 10:34:00,CE,ATM-4,13.067636,374550,24850.0,25057.85,273.4,274.0,267.1,269.6,12900,1753074240
2025-07-21 10:35:00,CE,ATM-4,13.342415,374550,24850.0,25061.5,270.4,274.35,269.5,274.35,8100,1753074300
2025-07-21 10:36:00,CE,ATM-4,13.222093,370650,24850.0,25054.4,274.0,274.0,265.5,268.0,13875,1753074360
2025-07-21 10:37:00,CE,ATM-4,12.859164,370650,24850.0,25055.6,268.0,272.5,266.0,266.35,6750,1753074420
2025-07-21 10:38:00,CE,ATM-4,12.989446,370650,24850.0,25050.55,263.4,263.8,259.0,263.35,29775,1753074480
2025-07-21 10:39:00,CE,ATM-4,12.521019,368925,24850.0,25051.6,263.35,267.25,260.85,260.85,28950,1753074540
2025-07-21 10:40:00,CE,ATM-4,12.829865,368925,24850.0,25056.75,261.7,267.35,261.7,267.0,6225,1753074600
2025-07-21 10:41:00,CE,ATM-4,13.083855,368925,24850.0,25060.85,267.05,272.0,267.05,271.95,14325,1753074660
2025-07-21 10:42:00,CE,ATM-4,12.461579,367725,24850.0,25054.8,271.9,272.75,262.9,262.9,14100,1753074720
2025-07-21 10:43:00,CE,ATM-4,12.627708,367725,24850.0,25049.55,263.65,263.65,258.55,259.95,23925,1753074780
2025-07-21 10:44:00,CE,ATM-4,12.531281,367725,24850.0,25051.4,262.1,265.8,260.7,260.7,6900,1753074840
2025-07-21 10:45:00,CE,ATM-4,12.657951,364050,24850.0,25054.2,260.95,267.0,260.95,263.75,4875,1753074900
2025-07-21 10:46:00,CE,ATM-4,12.72316,364050,24850.0,25050.8,262.7,264.1,258.3,261.55,7800,1753074960
2025-07-21 10:47:00,CE,ATM-4,12.528921,364050,24850.0,25051.6,260.05,264.6,259.5,260.8,11475,1753075020
2025-07-21 10:48:00,CE,ATM-4,12.802023,360225,24850.0,25047.2,261.35,261.4,255.9,259.3,17475,1753075080
2025-07-21 10:49:00,CE,ATM-4,12.350278,360225,24850.0,25052.0,258.85,264.2,258.85,259.85,11175,1753075140
2025-07-21 10:50:00,CE,ATM-4,12.869005,360225,24850.0,25050.25,260.55,262.1,258.65,262.1,3300,1753075200
2025-07-21 10:51:00,CE,ATM-4,12.762235,356025,24850.0,25040.65,262.7,262.7,252.85,253.95,18825,1753075260
2025-07-21 10:52:00,CE,ATM-4,12.629373,356025,24850.0,25038.65,255.4,256.9,250.35,251.45,31350,1753075320
2025-07-21 10:53:00,CE,ATM-4,12.592181,356025,24850.0,25044.55,251.35,256.4,251.35,255.7,22350,1753075380
2025-07-21 10:54:00,CE,ATM-4,12.411427,345975,24850.0,25049.75,255.1,258.45,254.35,258.45,7800,1753075440
2025-07-21 10:55:00,CE,ATM-4,12.613297,345975,24850.0,25049.95,258.1,260.0,256.7,260.0,8025,1753075500
2025-07-21 10:56:00,CE,ATM-4,12.376211,345975,24850.0,25057.3,259.8,265.05,259.6,264.1,21525,1753075560
2025-07-21 10:57:00,CE,ATM-4,12.384984,339225,24850.0,25062.05,264.0,272.5,264.0,267.9,39075,1753075620
2025-07-21 10:58:00,CE,ATM-4,12.642496,339225,24850.0,25064.3,267.3,272.6,266.45,271.4,16575,1753075680
2025-07-21 10:59:00,CE,ATM-4,13.012003,339225,24850.0,25060.2,270.95,272.05,268.7,270.7,19200,1753075740
2025-07-21 11:00:00,CE,ATM-4,12.546273,340650,24850.0,25062.75,270.85,274.55,269.4,269.5,24225,1753075800
2025-07-21 11:01:00,CE,ATM-4,12.761021,340650,24850.0,25061.55,269.5,273.6,268.9,270.0,13500,1753075860
2025-07-21 11:02:00,CE,ATM-4,12.923191,340650,24850.0,25056.1,270.0,272.85,265.4,266.85,9750,1753075920
2025-07-21 11:03:00,CE,ATM-4,13.25648,338625,24850.0,25070.45,267.45,280.35,266.6,280.35,17700,1753075980
2025-07-21 11:04:00,CE,ATM-4,12.753952,338625,24850.0,25063.95,279.0,279.0,271.45,271.8,46725,1753076040
2025-07-21 11:05:00,CE,ATM-4,12.837283,338625,24850.0,25062.8,272.95,275.1,269.0,271.45,21075,1753076100
2025-07-21 11:06:00,CE,ATM-4,12.762719,356700,24850.0,25066.0,271.5,276.8,270.95,273.45,18000,1753076160
2025-07-21 11:07:00,CE,ATM-4,12.947368,356700,24850.0,25064.55,273.05,275.8,272.4,273.55,4950,1753076220
2025-07-21 11:08:00,CE,ATM-4,13.045098,356700,24850.0,25067.6,273.55,276.6,272.0,276.6,14775,1753076280
2025-07-21 11:09:00,CE,ATM-4,12.963974,346350,24850.0,25074.95,276.5,287.15,276.1,281.85,62625,1753076340
2025-07-21 11:10:00,CE,ATM-4,12.451005,346350,24850.0,25071.0,281.65,284.1,275.25,275.3,35100,1753076400
2025-07-21 11:11:00,CE,ATM-4,12.767711,346350,24850.0,25069.2,275.25,276.9,272.4,275.95,23775,1753076460
2025-07-21 11:12:00,CE,ATM-4,12.424345,345225,24850.0,25070.0,276.0,280.0,274.3,274.3,11475,1753076520
2025-07-21 11:13:00,CE,ATM-4,12.659363,345225,24850.0,25063.2,274.3,275.05,269.0,270.45,20625,1753076580
2025-07-21 11:14:00,CE,ATM-4,12.537982,345225,24850.0,25065.7,269.7,274.1,267.65,271.6,11925,1753076640
2025-07-21 11:15:00,CE,ATM-4,12.768906,347700,24850.0,25065.4,271.6,273.8,270.5,272.9,14025,1753076700
2025-07-21 11:16:00,CE,ATM-4,12.564668,347700,24850.0,25070.85,274.2,276.8,273.1,275.85,9900,1753076760
2025-07-21 11:17:00,CE,ATM-4,12.550042,347700,24850.0,25067.85,275.85,275.85,270.75,273.35,3900,1753076820
2025-07-21 11:18:00,CE,ATM-4,12.672153,349275,24850.0,25063.3,273.35,274.35,269.8,270.55,10575,1753076880
2025-07-21 11:19:00,CE,ATM-4,12.648434,349275,24850.0,25061.3,270.55,272.95,267.3,268.8,12900,1753076940
2025-07-21 11:20:00,CE,ATM-4,12.746969,349275,24850.0,25064.15,268.8,271.7,266.4,271.7,13200,1753077000
2025-07-21 11:21:00,CE,ATM-4,12.39079,354075,24850.0,25058.85,271.7,271.7,263.85,265.1,16575,1753077060
2025-07-21 11:22:00,CE,ATM-4,12.558892,354075,24850.0,25059.2,265.6,268.0,264.35,266.5,13650,1753077120
2025-07-21 11:23:00,CE,ATM-4,12.117732,354075,24850.0,25060.8,266.95,266.95,264.0,264.8,13275,1753077180
2025-07-21 11:24:00,CE,ATM-4,12.321091,349875,24850.0,25056.2,264.3,265.0,261.6,262.5,16050,1753077240
2025-07-21 11:25:00,CE,ATM-4,12.612927,349875,24850.0,25057.7,263.2,266.75,263.2,265.65,15450,1753077300
2025-07-21 11:26:00,CE,ATM-4,12.574027,349875,24850.0,25057.8,265.65,266.65,264.2,265.45,3900,1753077360
2025-07-21 11:27:00,CE,ATM-4,12.51666,350775,24850.0,25057.55,265.45,269.8,264.05,264.85,8925,1753077420
2025-07-21 11:28:00,CE,ATM-4,12.858931,350775,24850.0,25057.7,264.85,267.3,261.3,267.3,9000,1753077480
2025-07-21 11:29:00,CE,ATM-4,12.387153,350775,24850.0,25053.55,267.3,267.3,260.0,260.8,10125,1753077540
2025-07-21 11:30:00,CE,ATM-4,12.306865,350100,24850.0,25058.95,261.2,267.7,261.2,264.5,12750,1753077600
2025-07-21 11:31:00,CE,ATM-4,12.48138,350100,24850.0,25059.95,264.0,266.5,263.4,266.45,6000,1753077660
2025-07-21 11:32:00,CE,ATM-4,12.323108,350100,24850.0,25062.25,267.2,269.7,266.35,267.2,14175,1753077720
2025-07-21 11:33:00,CE,ATM-4,12.477854,354075,24850.0,25062.1,267.2,269.25,263.85,268.1,4050,1753077780
2025-07-21 11:34:00,CE,ATM-4,12.630714,354075,24850.0,25064.55,268.1,272.5,268.1,271.05,11550,1753077840
2025-07-21 11:35:00,CE,ATM-4,12.245326,354075,24850.0,25061.5,270.3,271.65,266.0,266.05,12375,1753077900
2025-07-21 11:36:00,CE,ATM-4,12.087019,351075,24850.0,25059.25,265.55,266.15,263.2,263.2,11325,1753077960
2025-07-21 11:37:00,CE,ATM-4,12.522393,351075,24850.0,25054.8,263.2,264.0,258.35,262.6,20100,1753078020
2025-07-21 11:38:00,CE,ATM-4,12.176828,351075,24850.0,25047.75,262.6,262.6,253.0,254.7,28425,1753078080
2025-07-21 11:39:00,CE,ATM-4,12.443241,361200,24850.0,25043.4,253.6,256.25,251.45,253.15,34425,1753078140
2025-07-21 11:40:00,CE,ATM-4,12.29967,361200,24850.0,25043.1,253.0,256.05,251.0,251.9,19725,1753078200
2025-07-21 11:41:00,CE,ATM-4,12.122469,361200,24850.0,25042.45,254.3,255.6,250.1,250.15,9375,1753078260
2025-07-21 11:42:00,CE,ATM-4,13.063224,741000,24800.0,25020.7,291.15,291.15,273.45,278.5,113250,1753078320
2025-07-21 11:43:00,CE,ATM-4,13.879042,741000,24800.0,25000.8,279.55,279.55,264.6,268.8,100575,1753078380
2025-07-21 11:44:00,CE,ATM-4,12.732247,741000,24800.0,25019.1,269.35,279.15,269.35,275.0,77625,1753078440
2025-07-21 11:45:00,CE,ATM-4,12.64855,743325,24800.0,25020.25,274.35,277.85,271.9,275.35,44925,1753078500
2025-07-21 11:46:00,CE,ATM-4,12.287835,383175,24850.0,25028.8,234.0,241.35,233.35,240.75,42075,1753078560
2025-07-21 11:47:00,CE,ATM-4,12.642219,743325,24800.0,25024.9,281.7,282.05,276.15,279.0,15675,1753078620
2025-07-21 11:48:00,CE,ATM-4,12.147451,743025,24800.0,25017.0,279.3,279.3,269.45,269.45,40500,1753078680
2025-07-21 11:49:00,CE,ATM-4,12.86102,743025,24800.0,25015.0,271.6,273.0,266.7,272.55,25725,1753078740
2025-07-21 11:50:00,CE,ATM-4,12.811312,743025,24800.0,25020.05,272.4,277.45,270.3,276.2,21450,1753078800
2025-07-21 11:51:00,CE,ATM-4,12.81549,739275,24800.0,25023.3,275.75,280.7,275.7,278.8,24825,1753078860
2025-07-21 11:52:00,CE,ATM-4,12.667647,739275,24800.0,25023.65,279.35,280.35,276.8,278.1,21075,1753078920
2025-07-21 11:53:00,CE,ATM-4,12.485049,388050,24850.0,25029.15,237.2,242.35,237.0,242.35,10875,1753078980
2025-07-21 11:54:00,CE,ATM-4,12.590384,398400,24850.0,25025.3,242.15,242.15,238.0,240.2,16875,1753079040
2025-07-21 11:55:00,CE,ATM-4,12.302748,398400,24850.0,25039.45,240.6,251.75,240.6,248.9,65100,1753079100
2025-07-21 11:56:00,CE,ATM-4,12.373103,398400,24850.0,25038.5,250.95,252.0,247.1,248.65,28950,1753079160
2025-07-21 11:57:00,CE,ATM-4,12.639161,383025,24850.0,25037.55,248.65,250.0,246.15,249.8,11625,1753079220
2025-07-21 11:58:00,CE,ATM-4,12.363617,383025,24850.0,25039.4,249.8,251.5,248.0,249.25,5850,1753079280
2025-07-21 11:59:00,CE,ATM-4,12.715309,383025,24850.0,25042.75,249.2,255.0,249.0,254.3,17550,1753079340
2025-07-21 12:00:00,CE,ATM-4,12.239627,373425,24850.0,25042.3,255.6,258.0,250.45,250.6,42975,1753079400
2025-07-21 12:01:00,CE,ATM-4,12.4244,373425,24850.0,25038.7,250.85,250.85,247.3,249.1,16425,1753079460
2025-07-21 12:02:00,CE,ATM-4,12.477038,373425,24850.0,25035.1,249.1,249.9,245.0,246.7,13050,1753079520
2025-07-21 12:03:00,CE,ATM-4,12.391508,377025,24850.0,25039.75,246.9,252.3,246.85,249.65,5475,1753079580
2025-07-21 12:04:00,CE,ATM-4,12.619204,377025,24850.0,25033.6,249.65,249.65,243.25,246.55,9975,1753079640
2025-07-21 12:05:00,CE,ATM-4,12.385132,377025,24850.0,25037.7,246.75,248.55,245.8,248.0,8850,1753079700
2025-07-21 12:06:00,CE,ATM-4,12.309125,377100,24850.0,25035.75,248.0,248.0,244.5,245.95,6150,1753079760
2025-07-21 12:07:00,CE,ATM-4,12.307466,377100,24850.0,25040.0,245.95,249.55,244.0,249.2,6975,1753079820
2025-07-21 12:08:00,CE,ATM-4,12.312925,377100,24850.0,25036.4,249.05,249.05,243.75,246.45,7650,1753079880
2025-07-21 12:09:00,CE,ATM-4,12.354414,377550,24850.0,25038.7,246.55,248.5,246.45,248.5,2250,1753079940
2025-07-21 12:10:00,CE,ATM-4,12.141425,377550,24850.0,25044.75,249.0,252.6,248.75,251.7,10800,1753080000
2025-07-21 12:11:00,CE,ATM-4,12.147187,377550,24850.0,25045.1,251.7,255.8,251.7,252.0,11625,1753080060
2025-07-21 12:12:00,CE,ATM-4,12.030078,376125,24850.0,25040.7,252.05,252.05,247.0,247.75,9000,1753080120
2025-07-21 12:13:00,CE,ATM-4,12.140475,376125,24850.0,25041.15,247.75,249.85,247.5,248.85,5175,1753080180
2025-07-21 12:14:00,CE,ATM-4,12.11976,376125,24850.0,25044.75,250.1,253.35,249.8,251.5,5775,1753080240
2025-07-21 12:15:00,CE,ATM-4,12.094856,384075,24850.0,25043.0,251.35,251.8,249.95,249.95,11550,1753080300
2025-07-21 12:16:00,CE,ATM-4,12.588935,384075,24850.0,25031.8,250.35,250.35,241.75,244.8,20400,1753080360
2025-07-21 12:17:00,CE,ATM-4,12.46569,384075,24850.0,25035.6,244.25,247.6,240.8,246.8,19800,1753080420
2025-07-21 12:18:00,CE,ATM-4,12.421998,381600,24850.0,25031.05,244.75,244.8,240.8,243.0,4350,1753080480
2025-07-21 12:19:00,CE,ATM-4,12.456751,381600,24850.0,25038.65,243.25,250.65,243.25,249.05,13050,1753080540
2025-07-21 12:20:00,CE,ATM-4,12.031026,381600,24850.0,25046.45,249.0,254.5,249.0,252.15,14925,1753080600
2025-07-21 12:21:00,CE,ATM-4,12.131537,378150,24850.0,25047.7,252.8,254.4,251.25,253.8,6075,1753080660
2025-07-21 12:22:00,CE,ATM-4,11.943967,378150,24850.0,25044.75,253.8,253.8,249.45,250.2,5325,1753080720
2025-07-21 12:23:00,CE,ATM-4,12.119064,378150,24850.0,25049.05,250.2,255.45,250.15,254.75,8325,1753080780
2025-07-21 12:24:00,CE,ATM-4,12.053264,382275,24850.0,25044.6,254.4,254.4,250.25,250.8,8775,1753080840
2025-07-21 12:25:00,CE,ATM-4,11.934983,382275,24850.0,25048.75,251.3,255.0,251.3,253.25,12825,1753080900
2025-07-21 12:26:00,CE,ATM-4,12.300287,382275,24850.0,25048.55,253.25,256.0,251.1,255.55,5850,1753080960
2025-07-21 12:27:00,CE,ATM-4,12.055299,376725,24850.0,25046.8,255.15,257.0,251.55,252.5,11025,1753081020
2025-07-21 12:28:00,CE,ATM-4,11.910841,376725,24850.0,25045.45,252.5,254.95,250.05,250.45,5850,1753081080
2025-07-21 12:29:00,CE,ATM-4,11.840431,376725,24850.0,25029.0,249.55,249.55,236.85,237.15,34200,1753081140
2025-07-21 12:30:00,CE,ATM-4,14.309227,722325,24800.0,25010.4,279.8,281.6,272.7,278.5,52125,1753081200
2025-07-21 12:31:00,CE,ATM-4,12.245198,377925,24850.0,25030.25,238.35,243.9,238.35,240.95,26775,1753081260
2025-07-21 12:32:00,CE,ATM-4,12.217661,377925,24850.0,25035.8,240.95,245.0,240.95,245.0,17475,1753081320
2025-07-21 12:33:00,CE,ATM-4,12.01914,388575,24850.0,25037.35,244.8,245.5,241.05,244.8,14400,1753081380
2025-07-21 12:34:00,CE,ATM-4,11.983489,388575,24850.0,25041.6,245.95,248.55,245.7,247.85,12750,1753081440
2025-07-21 12:35:00,CE,ATM-4,11.903472,388575,24850.0,25041.1,247.9,249.6,246.05,246.9,12525,1753081500
2025-07-21 12:36:00,CE,ATM-4,11.969155,388350,24850.0,25041.95,246.95,249.5,246.75,248.0,6450,1753081560
2025-07-21 12:37:00,CE,ATM-4,11.905396,388350,24850.0,25043.35,248.0,250.0,247.85,248.65,7425,1753081620
2025-07-21 12:38:00,CE,ATM-4,11.87776,388350,24850.0,25044.05,248.65,250.0,248.3,249.0,4275,1753081680
2025-07-21 12:39:00,CE,ATM-4,11.867141,386625,24850.0,25041.8,249.0,249.0,246.0,247.15,3150,1753081740
2025-07-21 12:40:00,CE,ATM-4,11.861718,386625,24850.0,25040.65,247.25,248.55,244.65,246.2,9825,1753081800
2025-07-21 12:41:00,CE,ATM-4,11.780698,386625,24850.0,25041.75,246.2,247.25,244.0,246.5,4950,1753081860
2025-07-21 12:42:00,CE,ATM-4,11.990027,384225,24850.0,25043.4,246.15,251.0,245.5,249.2,11025,1753081920
2025-07-21 12:43:00,CE,ATM-4,11.878985,384225,24850.0,25042.4,249.2,249.7,247.0,247.65,10200,1753081980
2025-07-21 12:44:00,CE,ATM-4,12.040803,384225,24850.0,25045.8,247.65,251.45,246.5,251.4,4050,1753082040
2025-07-21 12:45:00,CE,ATM-4,12.002234,378900,24850.0,25049.45,251.0,254.0,250.0,254.0,12375,1753082100
2025-07-21 12:46:00,CE,ATM-4,12.096193,378900,24850.0,25052.85,252.65,257.3,252.6,257.3,21450,1753082160
2025-07-21 12:47:00,CE,ATM-4,12.349361,378900,24850.0,25052.3,256.2,258.55,254.9,258.55,14850,1753082220
2025-07-21 12:48:00,CE,ATM-4,12.098284,378900,24850.0,25055.2,258.55,259.9,258.05,259.15,18975,1753082280
2025-07-21 12:49:00,CE,ATM-4,11.894418,377550,24850.0,25054.7,259.15,259.45,256.05,257.4,13050,1753082340
2025-07-21 12:50:00,CE,ATM-4,11.640783,377550,24850.0,25052.65,259.5,261.9,254.05,254.1,18600,1753082400
2025-07-21 12:51:00,CE,ATM-4,12.085378,377550,24850.0,25053.4,257.05,259.8,257.05,257.6,14325,1753082460
2025-07-21 12:52:00,CE,ATM-4,12.349051,378675,24850.0,25048.75,257.15,257.15,251.2,255.7,33750,1753082520
2025-07-21 12:53:00,CE,ATM-4,12.390987,378675,24850.0,25045.9,254.5,258.3,252.4,253.75,4875,1753082580
2025-07-21 12:54:00,CE,ATM-4,12.432342,378675,24850.0,25047.35,254.15,255.95,254.15,255.15,7950,1753082640
2025-07-21 12:55:00,CE,ATM-4,11.871131,379350,24850.0,25045.65,255.15,255.5,250.0,250.0,9675,1753082700
2025-07-21 12:56:00,CE,ATM-4,12.057946,379350,24850.0,25043.55,250.0,250.8,248.6,249.6,12900,1753082760
2025-07-21 12:57:00,CE,ATM-4,12.059531,379350,24850.0,25044.0,249.5,252.55,248.95,249.95,3525,1753082820
2025-07-21 12:58:00,CE,ATM-4,12.062235,379050,24850.0,25042.65,249.95,250.1,246.05,248.9,14100,1753082880
2025-07-21 12:59:00,CE,ATM-4,12.297233,379050,24850.0,25039.75,248.7,249.15,246.8,248.25,4200,1753082940
2025-07-21 13:00:00,CE,ATM-4,12.066803,379050,24850.0,25044.05,248.25,253.35,248.25,250.0,6375,1753083000
2025-07-21 13:01:00,CE,ATM-4,12.027995,374550,24850.0,25046.95,250.0,253.5,250.0,252.0,8700,1753083060
2025-07-21 13:02:00,CE,ATM-4,11.795429,374550,24850.0,25047.35,253.4,254.0,250.75,250.75,8175,1753083120
2025-07-21 13:03:00,CE,ATM-4,12.018985,374550,24850.0,25047.25,250.75,252.15,249.0,252.15,4950,1753083180
2025-07-21 13:04:00,CE,ATM-4,11.988185,377250,24850.0,25049.05,252.15,253.5,251.1,253.35,2025,1753083240
2025-07-21 13:05:00,CE,ATM-4,12.240038,377250,24850.0,25053.4,254.0,260.7,254.0,258.45,48900,1753083300
2025-07-21 13:06:00,CE,ATM-4,12.181412,377250,24850.0,25051.25,259.95,260.95,254.7,256.35,17475,1753083360
2025-07-21 13:07:00,CE,ATM-4,12.041411,378075,24850.0,25052.95,256.35,257.3,253.15,256.75,8400,1753083420
2025-07-21 13:08:00,CE,ATM-4,11.851101,378075,24850.0,25056.1,256.75,258.05,255.2,258.0,6075,1753083480
2025-07-21 13:09:00,CE,ATM-4,11.77859,378075,24850.0,25056.7,258.0,261.25,258.0,258.0,8700,1753083540
2025-07-21 13:10:00,CE,ATM-4,11.559847,377100,24850.0,25054.6,258.0,260.0,254.9,254.9,7125,1753083600
2025-07-21 13:11:00,CE,ATM-4,11.817876,377100,24850.0,25051.15,254.6,254.7,253.4,253.8,6975,1753083660
2025-07-21 13:12:00,CE,ATM-4,12.179845,377100,24850.0,25044.8,251.85,252.45,249.65,251.2,13425,1753083720
2025-07-21 13:13:00,CE,ATM-4,12.079137,375675,24850.0,25042.75,249.4,251.2,247.0,248.9,15000,1753083780
2025-07-21 13:14:00,CE,ATM-4,12.038878,375675,24850.0,25046.75,249.2,252.35,248.3,251.75,5025,1753083840
2025-07-21 13:15:00,CE,ATM-4,12.043771,375675,24850.0,25040.85,251.75,251.75,247.15,247.15,5250,1753083900
2025-07-21 13:16:00,CE,ATM-4,12.220439,380625,24850.0,25044.0,247.15,251.6,246.9,250.8,2475,1753083960
2025-07-21 13:17:00,CE,ATM-4,11.953727,380625,24850.0,25045.3,250.8,254.0,250.0,250.0,7275,1753084020
2025-07-21 13:18:00,CE,ATM-4,12.258481,380625,24850.0,25043.7,250.0,250.8,248.2,250.8,4500,1753084080
2025-07-21 13:19:00,CE,ATM-4,12.001312,381675,24850.0,25048.8,250.8,255.95,250.0,253.05,11700,1753084140
2025-07-21 13:20:00,CE,ATM-4,11.954113,381675,24850.0,25044.2,253.05,253.05,247.5,249.1,4125,1753084200
2025-07-21 13:21:00,CE,ATM-4,12.096607,381675,24850.0,25045.35,249.5,250.95,247.75,250.95,6300,1753084260
2025-07-21 13:22:00,CE,ATM-4,11.767634,384000,24850.0,25046.95,250.95,254.45,250.0,250.0,5325,1753084320
2025-07-21 13:23:00,CE,ATM-4,11.826338,384000,24850.0,25041.65,250.0,250.5,245.2,246.2,7050,1753084380
2025-07-21 13:24:00,CE,ATM-4,11.987138,384000,24850.0,25041.3,246.2,248.5,246.2,247.0,1950,1753084440
2025-07-21 13:25:00,CE,ATM-4,11.993288,383625,24850.0,25037.8,247.0,247.5,243.35,244.3,12075,1753084500
2025-07-21 13:26:00,CE,ATM-4,12.0583,383625,24850.0,25044.55,245.2,250.0,244.65,250.0,9300,1753084560
2025-07-21 13:27:00,CE,ATM-4,11.702643,383625,24850.0,25045.55,249.25,249.25,246.65,248.4,2625,1753084620
2025-07-21 13:28:00,CE,ATM-4,11.571251,386400,24850.0,25046.15,248.4,249.15,247.7,248.0,2625,1753084680
2025-07-21 13:29:00,CE,ATM-4,11.132487,386400,24850.0,25044.4,248.0,248.0,243.6,243.75,8775,1753084740
2025-07-21 13:30:00,CE,ATM-4,11.989578,386400,24850.0,25044.95,244.0,250.0,243.7,249.8,6450,1753084800
2025-07-21 13:31:00,CE,ATM-4,11.838862,388275,24850.0,25045.8,249.0,250.7,248.85,249.45,7875,1753084860
2025-07-21 13:32:00,CE,ATM-4,11.86351,388275,24850.0,25047.95,249.45,253.5,249.45,251.3,11475,1753084920
2025-07-21 13:33:00,CE,ATM-4,11.969763,388275,24850.0,25049.1,251.3,253.55,251.0,252.9,8025,1753084980
2025-07-21 13:34:00,CE,ATM-4,11.973979,390150,24850.0,25050.85,252.9,255.15,250.25,254.3,4575,1753085040
2025-07-21 13:35:00,CE,ATM-4,11.791511,390150,24850.0,25051.05,254.3,256.0,253.0,253.25,8100,1753085100
2025-07-21 13:36:00,CE,ATM-4,12.440473,390150,24850.0,25046.9,253.0,255.5,251.7,254.3,6150,1753085160
2025-07-21 13:37:00,CE,ATM-4,12.064966,388200,24850.0,25052.35,253.55,257.35,253.15,256.05,6975,1753085220
2025-07-21 13:38:00,CE,ATM-4,11.960652,388200,24850.0,25046.85,255.9,255.9,251.0,251.0,10500,1753085280
2025-07-21 13:39:00,CE,ATM-4,12.127975,388200,24850.0,25045.95,251.0,251.5,248.4,251.4,6225,1753085340
2025-07-21 13:40:00,CE,ATM-4,12.28587,391875,24850.0,25048.5,251.4,254.45,251.4,254.45,12300,1753085400
2025-07-21 13:41:00,CE,ATM-4,11.717269,391875,24850.0,25049.05,255.0,255.3,250.85,251.1,6450,1753085460
2025-07-21 13:42:00,CE,ATM-4,11.747652,391875,24850.0,25045.6,250.15,250.7,247.4,248.55,13200,1753085520
2025-07-21 13:43:00,CE,ATM-4,11.540273,388950,24850.0,25043.3,248.25,249.35,245.05,245.35,26175,1753085580
2025-07-21 13:44:00,CE,ATM-4,12.167841,388950,24850.0,25041.85,246.85,248.4,246.0,248.4,4200,1753085640
2025-07-21 13:45:00,CE,ATM-4,11.963989,388950,24850.0,25039.35,248.4,249.0,243.65,245.05,13125,1753085700
2025-07-21 13:46:00,CE,ATM-4,11.831992,397875,24850.0,25038.4,245.1,248.7,242.4,243.4,12375,1753085760
2025-07-21 13:47:00,CE,ATM-4,12.040895,397875,24850.0,25031.35,242.8,242.8,237.3,239.35,46050,1753085820
2025-07-21 13:48:00,CE,ATM-4,12.028041,397875,24850.0,25033.75,238.95,243.05,238.05,241.1,14475,1753085880
2025-07-21 13:49:00,CE,ATM-4,12.141064,426300,24850.0,25032.75,242.1,242.1,238.45,241.1,11850,1753085940
2025-07-21 13:50:00,CE,ATM-4,12.219769,426300,24850.0,25028.2,241.45,241.45,236.1,238.15,14250,1753086000
2025-07-21 13:51:00,CE,ATM-4,12.754027,721500,24800.0,25023.5,281.0,281.0,274.9,277.0,36150,1753086060
2025-07-21 13:52:00,CE,ATM-4,12.653348,724725,24800.0,25020.2,276.0,276.45,271.6,273.7,28050,1753086120
2025-07-21 13:53:00,CE,ATM-4,12.613926,724725,24800.0,25023.4,273.3,277.25,272.6,276.0,20175,1753086180
2025-07-21 13:54:00,CE,ATM-4,12.397629,724725,24800.0,25021.7,275.9,276.55,272.7,273.25,12000,1753086240
2025-07-21 13:55:00,CE,ATM-4,12.506515,739050,24800.0,25024.4,272.7,276.85,269.9,276.1,40875,1753086300
2025-07-21 13:56:00,CE,ATM-4,12.397291,739050,24800.0,25024.15,275.9,275.9,272.0,275.2,10650,1753086360
2025-07-21 13:57:00,CE,ATM-4,12.581676,739050,24800.0,25009.55,275.2,275.2,262.55,264.7,69075,1753086420
2025-07-21 13:58:00,CE,ATM-4,13.513306,735150,24800.0,24991.7,265.8,266.2,249.5,257.3,121275,1753086480
2025-07-21 13:59:00,CE,ATM-4,12.118503,735150,24800.0,25012.35,258.9,265.95,258.9,263.9,81675,1753086540
2025-07-21 14:00:00,CE,ATM-4,11.794443,735150,24800.0,25010.75,264.1,264.1,259.5,260.55,42150,1753086600
2025-07-21 14:01:00,CE,ATM-4,12.120901,772200,24800.0,25008.3,261.4,262.8,259.55,260.65,32175,1753086660
2025-07-21 14:02:00,CE,ATM-4,12.198635,772200,24800.0,25008.25,260.7,261.6,257.55,261.1,18750,1753086720
2025-07-21 14:03:00,CE,ATM-4,12.28235,772200,24800.0,25019.95,261.0,271.9,261.0,271.0,57600,1753086780
2025-07-21 14:04:00,CE,ATM-4,11.909568,766800,24800.0,25022.5,272.0,273.05,269.45,270.75,36525,1753086840
2025-07-21 14:05:00,CE,ATM-4,12.082957,766800,24800.0,25020.9,270.75,271.05,268.3,270.5,25050,1753086900
2025-07-21 14:06:00,CE,ATM-4,11.8552,766800,24800.0,25022.75,270.5,271.55,269.35,270.6,13500,1753086960
2025-07-21 14:07:00,CE,ATM-4,11.751845,489300,24850.0,25026.25,228.8,234.85,228.5,233.15,19350,1753087020
2025-07-21 14:08:00,CE,ATM-4,12.002336,489300,24850.0,25027.05,234.0,235.7,230.25,235.5,16350,1753087080
2025-07-21 14:09:00,CE,ATM-4,11.849475,489300,24850.0,25027.35,235.35,237.4,232.8,234.65,16125,1753087140
2025-07-21 14:10:00,CE,ATM-4,11.481703,482325,24850.0,25032.35,234.0,237.5,234.0,236.0,13875,1753087200
2025-07-21 14:11:00,CE,ATM-4,11.607114,482325,24850.0,25033.65,236.5,239.6,235.7,237.85,20400,1753087260
2025-07-21 14:12:00,CE,ATM-4,11.840184,482325,24850.0,25026.25,238.3,238.3,232.95,233.7,21900,1753087320
2025-07-21 14:13:00,CE,ATM-4,12.355579,752100,24800.0,25024.55,276.55,277.8,271.85,275.05,25650,1753087380
2025-07-21 14:14:00,CE,ATM-4,12.173942,752100,24800.0,25024.9,275.05,275.7,271.65,274.2,12000,1753087440
2025-07-21 14:15:00,CE,ATM-4,12.239885,752100,24800.0,25023.8,274.2,276.6,273.0,273.7,12525,1753087500
2025-07-21 14:16:00,CE,ATM-4,11.720532,472050,24850.0,25027.2,231.0,234.8,228.95,233.55,9000,1753087560
2025-07-21 14:17:00,CE,ATM-4,11.99659,753300,24800.0,25024.8,276.2,276.5,271.95,273.0,5175,1753087620
2025-07-21 14:18:00,CE,ATM-4,11.680398,472050,24850.0,25029.85,231.6,235.3,231.6,235.3,7575,1753087680
2025-07-21 14:19:00,CE,ATM-4,11.636665,475575,24850.0,25029.35,235.55,236.6,233.25,234.6,9750,1753087740
2025-07-21 14:20:00,CE,ATM-4,11.76412,475575,24850.0,25029.4,234.55,235.5,233.65,235.5,4425,1753087800
2025-07-21 14:21:00,CE,ATM-4,11.611845,475575,24850.0,25035.75,235.5,242.5,234.95,239.4,35250,1753087860
2025-07-21 14:22:00,CE,ATM-4,11.946601,466050,24850.0,25035.75,239.05,241.65,237.15,241.65,10275,1753087920
2025-07-21 14:23:00,CE,ATM-4,11.848947,466050,24850.0,25034.95,241.3,241.65,237.9,240.35,7800,1753087980
2025-07-21 14:24:00,CE,ATM-4,11.79537,466050,24850.0,25037.8,240.35,244.45,240.35,242.2,37050,1753088040
2025-07-21 14:25:00,CE,ATM-4,12.217314,440100,24850.0,25032.55,242.65,243.7,238.8,241.0,15225,1753088100
2025-07-21 14:26:00,CE,ATM-4,11.997196,440100,24850.0,25033.05,242.0,243.25,239.35,239.85,7425,1753088160
2025-07-21 14:27:00,CE,ATM-4,12.21561,440100,24850.0,25032.6,239.85,241.15,236.85,241.0,8475,1753088220
2025-07-21 14:28:00,CE,ATM-4,12.240175,433875,24850.0,25033.5,241.65,242.55,239.25,241.85,8625,1753088280
2025-07-21 14:29:00,CE,ATM-4,12.058344,433875,24850.0,25032.75,240.9,242.0,240.0,240.0,9150,1753088340
2025-07-21 14:30:00,CE,ATM-4,12.670841,433875,24850.0,25034.3,239.35,245.45,239.35,245.45,30825,1753088400
2025-07-21 14:31:00,CE,ATM-4,12.034089,427050,24850.0,25031.9,244.3,244.5,239.0,239.15,19725,1753088460
2025-07-21 14:32:00,CE,ATM-4,12.443154,427050,24850.0,25030.15,238.0,241.7,235.0,240.65,21450,1753088520
2025-07-21 14:33:00,CE,ATM-4,12.172667,427050,24850.0,25028.6,240.2,240.45,235.35,237.55,10800,1753088580
2025-07-21 14:34:00,CE,ATM-4,12.341288,419925,24850.0,25027.85,237.55,238.5,236.8,238.15,7875,1753088640
2025-07-21 14:35:00,CE,ATM-4,12.634096,723900,24800.0,25017.8,280.6,280.6,270.05,271.1,61050,1753088700
2025-07-21 14:36:00,CE,ATM-4,14.024883,723900,24800.0,25000.75,270.6,270.65,261.0,267.25,51000,1753088760
2025-07-21 14:37:00,CE,ATM-4,12.994575,741900,24800.0,25014.5,267.0,272.7,267.0,270.8,49125,1753088820
2025-07-21 14:38:00,CE,ATM-4,13.144692,741900,24800.0,25016.05,270.0,274.6,267.85,273.0,27225,1753088880
2025-07-21 14:39:00,CE,ATM-4,13.411924,741900,24800.0,25016.35,272.85,275.0,271.15,275.0,10725,1753088940
2025-07-21 14:40:00,CE,ATM-4,12.910903,752775,24800.0,25015.5,274.5,274.7,271.0,271.0,18900,1753089000
2025-07-21 14:41:00,CE,ATM-4,13.027994,752775,24800.0,25019.6,271.2,275.0,271.2,275.0,18300,1753089060
2025-07-21 14:42:00,CE,ATM-4,12.391099,752775,24800.0,25022.75,275.05,275.05,272.0,273.45,23700,1753089120
2025-07-21 14:43:00,CE,ATM-4,12.332282,439725,24850.0,25025.4,231.2,237.4,231.1,236.1,25125,1753089180
2025-07-21 14:44:00,CE,ATM-4,12.228054,439725,24850.0,25030.7,236.0,240.25,236.0,239.4,22200,1753089240
2025-07-21 14:45:00,CE,ATM-4,12.23242,439725,24850.0,25032.5,239.5,241.95,237.0,240.8,22125,1753089300
2025-07-21 14:46:00,CE,ATM-4,12.116862,439500,24850.0,25033.1,240.8,241.35,238.45,240.45,9525,1753089360
2025-07-21 14:47:00,CE,ATM-4,11.870746,439500,24850.0,25034.0,240.15,241.0,237.9,239.45,8400,1753089420
2025-07-21 14:48:00,CE,ATM-4,12.003335,439500,24850.0,25032.85,239.45,240.15,236.8,239.45,9900,1753089480
2025-07-21 14:49:00,CE,ATM-4,12.056789,435600,24850.0,25033.75,239.45,241.7,238.15,240.5,7725,1753089540
2025-07-21 14:50:00,CE,ATM-4,11.883328,435600,24850.0,25038.3,239.5,243.3,237.85,242.85,12900,1753089600
2025-07-21 14:51:00,CE,ATM-4,12.157825,435600,24850.0,25035.15,243.25,244.0,240.05,242.25,15900,1753089660
2025-07-21 14:52:00,CE,ATM-4,12.902549,435375,24850.0,25039.7,242.9,250.9,242.5,250.9,44025,1753089720
2025-07-21 14:53:00,CE,ATM-4,12.969986,435375,24850.0,25040.8,251.1,254.25,248.45,252.2,69525,1753089780
2025-07-21 14:54:00,CE,ATM-4,12.824009,435375,24850.0,25039.8,250.5,250.6,245.15,250.4,26325,1753089840
2025-07-21 14:55:00,CE,ATM-4,12.583048,389550,24850.0,25042.5,250.95,252.55,249.5,250.8,17775,1753089900
2025-07-21 14:56:00,CE,ATM-4,13.089587,389550,24850.0,25045.7,251.3,257.25,251.1,256.75,46950,1753089960
2025-07-21 14:57:00,CE,ATM-4,13.079917,389550,24850.0,25047.3,256.8,261.3,256.0,257.9,47175,1753090020
2025-07-21 14:58:00,CE,ATM-4,13.031696,371700,24850.0,25047.75,258.0,258.35,254.1,257.9,21525,1753090080
2025-07-21 14:59:00,CE,ATM-4,13.159422,371700,24850.0,25050.45,258.5,262.6,256.35,260.85,30300,1753090140
2025-07-21 15:00:00,CE,ATM-4,12.650465,371700,24850.0,25073.2,261.85,275.4,261.85,275.4,129900,1753090200
2025-07-21 15:01:00,CE,ATM-4,11.937143,1818300,24900.0,25075.1,231.5,236.0,230.15,233.05,290100,1753090260
2025-07-21 15:02:00,CE,ATM-4,11.920155,1818300,24900.0,25077.55,233.95,235.5,230.15,234.8,168300,1753090320
2025-07-21 15:03:00,CE,ATM-4,12.127288,1818300,24900.0,25077.25,235.7,238.3,233.05,236.0,185100,1753090380
2025-07-21 15:04:00,CE,ATM-4,11.802489,1753050,24900.0,25081.8,236.5,237.5,234.15,237.25,121950,1753090440
2025-07-21 15:05:00,CE,ATM-4,11.866612,1753050,24900.0,25080.8,239.8,245.1,234.85,236.9,281775,1753090500
2025-07-21 15:06:00,CE,ATM-4,11.649698,1753050,24900.0,25082.65,235.8,240.2,235.0,236.85,94200,1753090560
2025-07-21 15:07:00,CE,ATM-4,11.355246,1686750,24900.0,25079.25,238.25,239.2,231.7,232.2,115575,1753090620
2025-07-21 15:08:00,CE,ATM-4,11.561367,1686750,24900.0,25079.6,232.5,234.1,228.05,233.85,128625,1753090680
2025-07-21 15:09:00,CE,ATM-4,11.284443,1686750,24900.0,25076.5,234.25,234.25,225.7,229.55,131325,1753090740
2025-07-21 15:10:00,CE,ATM-4,11.362282,1616325,24900.0,25078.15,230.85,232.0,228.6,231.35,111450,1753090800
2025-07-21 15:11:00,CE,ATM-4,11.149659,1616325,24900.0,25082.7,234.0,234.1,231.0,233.5,86250,1753090860
2025-07-21 15:12:00,CE,ATM-4,10.536764,1616325,24900.0,25084.2,232.5,232.75,228.55,230.75,71625,1753090920
2025-07-21 15:13:00,CE,ATM-4,10.365958,1576500,24900.0,25087.5,232.1,233.85,230.05,232.35,97350,1753090980
2025-07-21 15:14:00,CE,ATM-4,10.295893,1576500,24900.0,25088.1,232.75,233.25,230.65,232.4,74775,1753091040
2025-07-21 15:15:00,CE,ATM-4,10.78939,1576500,24900.0,25087.55,233.3,235.7,232.35,235.0,123825,1753091100
2025-07-21 15:16:00,CE,ATM-4,10.93147,1486275,24900.0,25085.25,235.25,236.2,232.5,234.05,67875,1753091160
2025-07-21 15:17:00,CE,ATM-4,10.527144,1486275,24900.0,25087.75,233.55,234.75,232.0,233.5,61875,1753091220
2025-07-21 15:18:00,CE,ATM-4,10.912103,1486275,24900.0,25092.35,234.25,239.9,234.25,239.6,102525,1753091280
2025-07-21 15:19:00,CE,ATM-4,10.671803,1413525,24900.0,25094.75,239.6,240.45,237.25,240.05,94425,1753091340
2025-07-21 15:20:00,CE,ATM-4,10.763389,1413525,24900.0,25104.9,240.15,249.3,239.6,248.9,197025,1753091400
2025-07-21 15:21:00,CE,ATM-4,10.665493,1413525,24900.0,25104.4,249.3,251.75,246.35,247.9,141750,1753091460
2025-07-21 15:22:00,CE,ATM-4,9.918868,1308150,24900.0,25106.6,247.0,247.3,243.7,245.5,85650,1753091520
2025-07-21 15:23:00,CE,ATM-4,10.015294,1308150,24900.0,25108.3,245.1,248.9,245.1,247.45,82650,1753091580
2025-07-21 15:24:00,CE,ATM-4,10.226204,1308150,24900.0,25098.95,247.25,247.7,240.15,240.8,105600,1753091640
2025-07-21 15:25:00,CE,ATM-4,10.432003,1244250,24900.0,25102.05,240.6,245.0,240.6,244.55,69675,1753091700
2025-07-21 15:26:00,CE,ATM-4,10.088748,1244250,24900.0,25101.9,245.1,245.6,242.0,242.45,46875,1753091760
2025-07-21 15:27:00,CE,ATM-4,10.333938,1244250,24900.0,25100.65,242.85,244.75,242.1,242.8,51150,1753091820
2025-07-21 15:28:00,CE,ATM-4,10.642138,1193550,24900.0,25097.3,242.8,242.85,240.0,241.85,112725,1753091880
2025-07-21 15:29:00,CE,ATM-4,11.357617,1193550,24900.0,25093.3,241.85,243.05,241.8,243.05,138300,1753091940
2025-07-22 09:15:00,CE,ATM-4,11.903143,1086600,24950.0,25150.95,223.0,239.0,210.75,239.0,195000,1753155900
2025-07-22 09:16:00,CE,ATM-4,12.568803,1086600,24950.0,25157.85,240.75,251.25,240.75,248.1,131250,1753155960
2025-07-22 09:17:00,CE,ATM-4,10.771972,1086600,24950.0,25161.6,247.55,250.25,241.6,242.5,107025,1753156020
2025-07-22 09:18:00,CE,ATM-4,11.238379,1012875,24950.0,25144.25,243.5,243.5,227.0,230.05,81600,1753156080
2025-07-22 09:19:00,CE,ATM-4,11.433914,1012875,24950.0,25131.75,228.0,228.0,218.6,220.8,63975,1753156140
2025-07-22 09:20:00,CE,ATM-4,11.486081,1066200,24900.0,25121.95,261.25,265.85,254.4,254.4,103950,1753156200
2025-07-22 09:21:00,CE,ATM-4,11.618763,1019025,24950.0,25135.25,211.1,224.6,207.8,224.6,73050,1753156260
2025-07-22 09:22:00,CE,ATM-4,11.029401,1019025,24950.0,25136.4,224.9,226.25,212.0,222.45,87450,1753156320
2025-07-22 09:23:00,CE,ATM-4,10.462376,1019025,24950.0,25133.75,223.3,223.3,214.0,217.4,44025,1753156380
2025-07-22 09:24:00,CE,ATM-4,10.761931,1023075,24950.0,25139.55,218.05,225.4,213.0,223.7,67050,1753156440
2025-07-22 09:25:00,CE,ATM-4,10.66844,1023075,24950.0,25126.3,222.8,230.75,211.35,212.25,90900,1753156500
2025-07-22 09:26:00,CE,ATM-4,9.94765,1052475,24900.0,25124.25,252.65,257.65,245.7,250.0,121425,1753156560
2025-07-22 09:27:00,CE,ATM-4,9.85235,1022325,24950.0,25127.25,209.55,212.25,207.7,208.95,32550,1753156620
2025-07-22 09:28:00,CE,ATM-4,9.893174,1022325,24950.0,25131.6,209.15,214.8,208.0,212.8,34800,1753156680
2025-07-22 09:29:00,CE,ATM-4,10.226499,1064850,24900.0,25124.0,255.05,255.75,249.75,250.8,44775,1753156740
2025-07-22 09:30:00,CE,ATM-4,10.10721,1058850,24900.0,25124.75,248.7,251.4,241.65,251.0,109125,1753156800
2025-07-22 09:31:00,CE,ATM-4,10.363429,1020750,24950.0,25130.55,207.9,217.5,206.1,214.15,51600,1753156860
2025-07-22 09:32:00,CE,ATM-4,9.306571,1020750,24950.0,25138.15,212.05,218.0,206.85,215.75,33825,1753156920
2025-07-22 09:33:00,CE,ATM-4,9.941247,1028400,24950.0,25130.45,215.4,219.4,210.7,212.0,48900,1753156980
2025-07-22 09:34:00,CE,ATM-4,10.503766,1052700,24900.0,25119.05,256.3,256.3,243.75,247.5,63525,1753157040
2025-07-22 09:35:00,CE,ATM-4,10.749337,1052700,24900.0,25112.85,248.35,248.75,241.0,243.15,42975,1753157100
2025-07-22 09:36:00,CE,ATM-4,10.659975,1054200,24900.0,25122.35,242.0,251.7,240.85,251.0,46125,1753157160
2025-07-22 09:37:00,CE,ATM-4,10.836929,1054200,24900.0,25116.9,254.3,254.3,246.45,247.0,37575,1753157220
2025-07-22 09:38:00,CE,ATM-4,11.328444,1054200,24900.0,25105.2,249.0,249.0,236.0,239.25,59475,1753157280
2025-07-22 09:39:00,CE,ATM-4,11.193839,1055475,24900.0,25108.1,239.8,242.1,234.15,241.05,48675,1753157340
2025-07-22 09:40:00,CE,ATM-4,10.932587,1055475,24900.0,25103.35,241.2,243.5,235.75,235.8,60525,1753157400
2025-07-22 09:41:00,CE,ATM-4,11.392972,1055475,24900.0,25102.25,237.5,238.9,230.15,237.05,59100,1753157460
2025-07-22 09:42:00,CE,ATM-4,12.066286,1058175,24900.0,25096.15,236.5,236.5,228.5,235.4,69525,1753157520
2025-07-22 09:43:00,CE,ATM-4,11.694676,1058175,24900.0,25094.55,236.1,236.85,228.1,232.15,44400,1753157580
2025-07-22 09:44:00,CE,ATM-4,11.424481,1058175,24900.0,25109.2,231.6,246.25,229.8,243.0,102750,1753157640
2025-07-22 09:45:00,CE,ATM-4,11.59134,1065600,24900.0,25110.65,246.0,249.45,240.7,245.0,90300,1753157700
2025-07-22 09:46:00,CE,ATM-4,10.864963,1065600,24900.0,25122.65,246.75,255.35,244.55,252.0,103050,1753157760
2025-07-22 09:47:00,CE,ATM-4,11.609351,1065600,24900.0,25122.5,252.7,265.15,251.95,255.1,131625,1753157820
2025-07-22 09:48:00,CE,ATM-4,12.063631,1071075,24900.0,25119.85,257.45,258.0,248.15,254.95,54600,1753157880
2025-07-22 09:49:00,CE,ATM-4,11.959279,1071075,24900.0,25117.9,255.95,256.65,250.25,252.8,25575,1753157940
2025-07-22 09:50:00,CE,ATM-4,11.77319,1071075,24900.0,25123.9,253.25,258.15,250.2,257.0,31725,1753158000
2025-07-22 09:51:00,CE,ATM-4,11.461424,1069275,24900.0,25118.3,258.65,259.0,248.9,250.8,33600,1753158060
2025-07-22 09:52:00,CE,ATM-4,11.527204,1069275,24900.0,25118.55,251.0,252.8,246.8,251.3,33900,1753158120
2025-07-22 09:53:00,CE,ATM-4,11.351904,1069275,24900.0,25120.25,252.9,253.45,249.9,251.95,12300,1753158180
2025-07-22 09:54:00,CE,ATM-4,11.232971,1068525,24900.0,25113.75,249.0,251.15,243.95,245.85,42000,1753158240
2025-07-22 09:55:00,CE,ATM-4,10.651359,1068525,24900.0,25105.7,246.15,246.15,236.0,236.35,56700,1753158300
2025-07-22 09:56:00,CE,ATM-4,10.912647,1068525,24900.0,25103.8,235.35,237.75,233.7,235.9,40125,1753158360
2025-07-22 09:57:00,CE,ATM-4,10.658599,1073700,24900.0,25097.65,236.6,242.0,227.3,229.5,80025,1753158420
2025-07-22 09:58:00,CE,ATM-4,11.190381,1073700,24900.0,25090.85,229.65,234.3,224.7,226.35,58350,1753158480
2025-07-22 09:59:00,CE,ATM-4,11.084324,1073700,24900.0,25097.55,225.5,233.0,225.5,231.4,45000,1753158540
2025-07-22 10:00:00,CE,ATM-4,11.076083,1087050,24900.0,25096.0,231.8,237.75,228.4,230.05,73650,1753158600
2025-07-22 10:01:00,CE,ATM-4,11.209612,1087050,24900.0,25101.75,230.25,237.4,227.85,235.5,37350,1753158660
2025-07-22 10:02:00,CE,ATM-4,11.231723,1087050,24900.0,25092.05,235.7,235.7,221.0,227.5,54825,1753158720
2025-07-22 10:03:00,CE,ATM-4,11.345564,1086075,24900.0,25095.0,228.0,230.65,224.75,230.5,34350,1753158780
2025-07-22 10:04:00,CE,ATM-4,11.119201,1086075,24900.0,25095.45,230.2,233.0,226.3,229.75,32625,1753158840
2025-07-22 10:05:00,CE,ATM-4,12.247336,1086075,24900.0,25089.0,229.0,230.25,224.0,230.25,39150,1753158900
2025-07-22 10:06:00,CE,ATM-4,11.531389,1098150,24900.0,25101.7,230.1,238.35,228.55,236.95,73275,1753158960
2025-07-22 10:07:00,CE,ATM-4,11.256747,1098150,24900.0,25099.9,235.0,237.75,230.9,234.1,34125,1753159020
2025-07-22 10:08:00,CE,ATM-4,11.016159,1098150,24900.0,25094.85,232.95,232.95,225.15,228.7,44100,1753159080
2025-07-22 10:09:00,CE,ATM-4,10.945943,1098900,24900.0,25092.7,228.0,229.75,225.1,226.55,15675,1753159140
2025-07-22 10:10:00,CE,ATM-4,11.390248,1098900,24900.0,25098.75,228.2,234.0,227.55,233.75,20400,1753159200
2025-07-22 10:11:00,CE,ATM-4,10.943496,1098900,24900.0,25106.9,232.75,239.0,232.35,238.5,85950,1753159260
2025-07-22 10:12:00,CE,ATM-4,10.769562,1099950,24900.0,25107.65,238.5,244.5,236.25,238.35,58725,1753159320
2025-07-22 10:13:00,CE,ATM-4,11.01371,1099950,24900.0,25108.55,239.9,242.75,238.25,240.2,26025,1753159380
2025-07-22 10:14:00,CE,ATM-4,11.479676,1099950,24900.0,25111.05,240.25,244.45,238.65,244.45,23550,1753159440
2025-07-22 10:15:00,CE,ATM-4,11.250236,1096950,24900.0,25115.3,244.45,247.45,240.6,247.0,62775,1753159500
2025-07-22 10:16:00,CE,ATM-4,11.251427,1096950,24900.0,25107.25,247.15,247.15,240.15,240.15,67725,1753159560
2025-07-22 10:17:00,CE,ATM-4,11.041076,1096950,24900.0,25107.05,240.1,244.0,237.0,239.0,37650,1753159620
2025-07-22 10:18:00,CE,ATM-4,11.467525,1102050,24900.0,25113.95,238.75,248.45,238.75,246.8,52800,1753159680
2025-07-22 10:19:00,CE,ATM-4,11.134414,1102050,24900.0,25118.75,247.7,251.85,246.3,249.4,94650,1753159740
2025-07-22 10:20:00,CE,ATM-4,10.655613,1102050,24900.0,25120.4,250.15,254.6,248.8,248.8,66075,1753159800
2025-07-22 10:21:00,CE,ATM-4,11.29465,1100625,24900.0,25119.3,248.65,252.75,244.95,250.55,51750,1753159860
2025-07-22 10:22:00,CE,ATM-4,10.986763,1100625,24900.0,25119.7,250.6,252.0,247.45,249.55,17550,1753159920
2025-07-22 10:23:00,CE,ATM-4,10.873532,1100625,24900.0,25119.4,249.55,251.15,247.4,248.8,19800,1753159980
2025-07-22 10:24:00,CE,ATM-4,10.479089,1102950,24900.0,25119.95,249.3,250.85,247.0,247.65,9600,1753160040
2025-07-22 10:25:00,CE,ATM-4,10.867321,1102950,24900.0,25115.7,248.45,249.1,244.4,245.55,22125,1753160100
2025-07-22 10:26:00,CE,ATM-4,10.227978,1102950,24900.0,25116.95,244.9,247.75,241.75,244.0,30450,1753160160
2025-07-22 10:27:00,CE,ATM-4,10.827594,1091400,24900.0,25111.05,243.8,243.8,238.8,241.35,43200,1753160220
2025-07-22 10:28:00,CE,ATM-4,10.569352,1091400,24900.0,25110.15,241.7,241.7,236.7,239.45,29550,1753160280
2025-07-22 10:29:00,CE,ATM-4,10.741131,1091400,24900.0,25102.0,239.45,239.45,231.5,233.2,50775,1753160340
2025-07-22 10:30:00,CE,ATM-4,10.990849,1086225,24900.0,25099.3,232.75,233.8,229.5,232.05,34050,1753160400
2025-07-22 10:31:00,CE,ATM-4,11.201083,1086225,24900.0,25105.2,233.0,238.0,230.65,238.0,35850,1753160460
2025-07-22 10:32:00,CE,ATM-4,11.071504,1086225,24900.0,25100.6,237.3,238.2,229.05,233.5,31200,1753160520
2025-07-22 10:33:00,CE,ATM-4,11.050877,1086750,24900.0,25097.7,234.75,234.8,230.95,230.95,16500,1753160580
2025-07-22 10:34:00,CE,ATM-4,10.703305,1086750,24900.0,25097.8,230.95,233.05,229.35,229.4,16425,1753160640
2025-07-22 10:35:00,CE,ATM-4,10.801186,1086750,24900.0,25100.35,230.5,232.15,228.95,232.0,25575,1753160700
2025-07-22 10:36:00,CE,ATM-4,10.855392,1101525,24900.0,25101.25,231.75,235.25,230.05,233.0,30750,1753160760
2025-07-22 10:37:00,CE,ATM-4,10.388908,1101525,24900.0,25094.7,233.25,234.55,225.3,225.3,32850,1753160820
2025-07-22 10:38:00,CE,ATM-4,10.373235,1101525,24900.0,25095.5,225.0,228.85,223.65,225.9,41850,1753160880
2025-07-22 10:39:00,CE,ATM-4,10.525052,1128750,24900.0,25095.0,225.25,227.8,219.0,226.15,141900,1753160940
2025-07-22 10:40:00,CE,ATM-4,10.760867,1128750,24900.0,25092.95,226.15,227.8,223.75,225.5,24675,1753161000
2025-07-22 10:41:00,CE,ATM-4,10.776173,1128750,24900.0,25092.7,224.4,227.7,224.4,225.35,16800,1753161060
2025-07-22 10:42:00,CE,ATM-4,11.27192,1134975,24900.0,25090.55,226.3,226.75,221.0,225.95,36750,1753161120
2025-07-22 10:43:00,CE,ATM-4,11.40274,1134975,24900.0,25090.5,225.35,226.55,222.25,226.55,28050,1753161180
2025-07-22 10:44:00,CE,ATM-4,10.971311,1134975,24900.0,25087.85,226.4,226.4,221.6,222.2,16500,1753161240
2025-07-22 10:45:00,CE,ATM-4,11.084814,1150650,24900.0,25082.4,221.6,221.65,213.4,218.25,105075,1753161300
2025-07-22 10:46:00,CE,ATM-4,10.768184,1150650,24900.0,25092.4,216.6,225.0,215.65,225.0,68250,1753161360
2025-07-22 10:47:00,CE,ATM-4,10.729739,1150650,24900.0,25098.25,224.0,229.75,224.0,229.75,94425,1753161420
2025-07-22 10:48:00,CE,ATM-4,10.544681,1149750,24900.0,25096.9,228.75,229.75,227.65,227.75,43950,1753161480
2025-07-22 10:49:00,CE,ATM-4,10.83233,1149750,24900.0,25096.3,228.0,229.2,226.6,228.55,16275,1753161540
2025-07-22 10:50:00,CE,ATM-4,10.989078,1149750,24900.0,25099.3,228.9,232.65,226.8,231.8,45975,1753161600
2025-07-22 10:51:00,CE,ATM-4,10.967794,1150200,24900.0,25097.95,231.0,232.25,229.5,230.55,27675,1753161660
2025-07-22 10:52:00,CE,ATM-4,11.10493,1150200,24900.0,25090.25,230.55,231.0,223.8,224.75,38025,1753161720
2025-07-22 10:53:00,CE,ATM-4,11.031839,1150200,24900.0,25093.15,223.8,227.0,221.35,226.8,43875,1753161780
2025-07-22 10:54:00,CE,ATM-4,10.965679,1150050,24900.0,25092.05,226.9,227.5,225.55,225.55,17925,1753161840
2025-07-22 10:55:00,CE,ATM-4,11.466165,1150050,24900.0,25088.6,226.35,228.15,222.75,225.15,16200,1753161900
2025-07-22 10:56:00,CE,ATM-4,10.973048,1150050,24900.0,25090.9,223.9,226.5,223.45,224.6,10800,1753161960
2025-07-22 10:57:00,CE,ATM-4,11.183351,1149900,24900.0,25086.9,224.6,225.2,220.6,222.3,26250,1753162020
2025-07-22 10:58:00,CE,ATM-4,10.734532,1149900,24900.0,25085.6,222.75,222.95,219.0,219.0,23850,1753162080
2025-07-22 10:59:00,CE,ATM-4,11.10174,1149900,24900.0,25085.85,218.55,221.6,218.55,221.0,24375,1753162140
2025-07-22 11:00:00,CE,ATM-4,11.374757,1152525,24900.0,25087.6,221.0,224.2,217.3,223.8,53925,1753162200
2025-07-22 11:01:00,CE,ATM-4,11.003263,1152525,24900.0,25082.6,223.6,223.6,217.15,217.8,31350,1753162260
2025-07-22 11:02:00,CE,ATM-4,11.118927,1152525,24900.0,25082.15,217.75,220.7,217.0,218.0,19500,1753162320
2025-07-22 11:03:00,CE,ATM-4,11.373015,1158975,24900.0,25078.85,216.75,219.1,215.55,216.6,23475,1753162380
2025-07-22 11:04:00,CE,ATM-4,10.946972,1158975,24900.0,25078.25,216.1,219.8,213.1,213.9,39600,1753162440
2025-07-22 11:05:00,CE,ATM-4,11.448042,219600,24850.0,25073.35,258.65,259.4,251.55,254.05,11700,1753162500
2025-07-22 11:06:00,CE,ATM-4,10.952299,215175,24850.0,25059.1,253.7,255.7,237.3,239.65,48300,1753162560
2025-07-22 11:07:00,CE,ATM-4,11.057604,215175,24850.0,25063.65,239.0,244.0,236.95,244.0,19200,1753162620
2025-07-22 11:08:00,CE,ATM-4,11.130295,215175,24850.0,25061.25,248.55,248.55,241.0,242.25,20925,1753162680
2025-07-22 11:09:00,CE,ATM-4,11.390429,213825,24850.0,25056.05,241.1,241.2,239.0,239.0,4650,1753162740
2025-07-22 11:10:00,CE,ATM-4,11.322194,213825,24850.0,25061.8,239.85,244.15,238.8,243.55,9225,1753162800
2025-07-22 11:11:00,CE,ATM-4,11.228779,213825,24850.0,25066.1,243.55,248.25,243.55,246.8,7275,1753162860
2025-07-22 11:12:00,CE,ATM-4,10.801499,216600,24850.0,25067.0,246.8,249.85,245.75,245.75,5400,1753162920
2025-07-22 11:13:00,CE,ATM-4,11.074079,216600,24850.0,25065.8,245.0,247.55,243.5,245.85,12075,1753162980
2025-07-22 11:14:00,CE,ATM-4,10.768893,216600,24850.0,25072.0,245.7,250.75,245.45,249.95,15225,1753163040
2025-07-22 11:15:00,CE,ATM-4,10.575389,223275,24850.0,25070.55,250.2,250.25,246.95,247.9,6375,1753163100
2025-07-22 11:16:00,CE,ATM-4,10.311979,223275,24850.0,25070.7,247.9,252.3,245.2,247.0,5475,1753163160
2025-07-22 11:17:00,CE,ATM-4,11.378253,223275,24850.0,25065.3,246.8,248.0,244.5,246.7,2925,1753163220
2025-07-22 11:18:00,CE,ATM-4,11.477207,223875,24850.0,25059.2,246.7,247.0,240.65,241.95,6975,1753163280
2025-07-22 11:19:00,CE,ATM-4,11.681256,223875,24850.0,25048.75,241.35,241.9,230.5,234.15,37950,1753163340
2025-07-22 11:20:00,CE,ATM-4,11.523524,223875,24850.0,25055.0,231.8,240.35,231.8,238.6,14475,1753163400
2025-07-22 11:21:00,CE,ATM-4,11.562101,222150,24850.0,25057.0,238.25,241.7,237.7,240.45,4200,1753163460
2025-07-22 11:22:00,CE,ATM-4,11.53965,222150,24850.0,25053.45,240.1,240.1,235.0,237.35,5625,1753163520
2025-07-22 11:23:00,CE,ATM-4,11.504302,222150,24850.0,25062.55,237.35,245.15,237.35,244.85,8850,1753163580
2025-07-22 11:24:00,CE,ATM-4,11.496648,222150,24850.0,25058.65,244.4,244.4,241.0,241.5,9300,1753163640
2025-07-22 11:25:00,CE,ATM-4,11.274133,224550,24850.0,25061.15,242.1,245.45,241.6,242.6,18375,1753163700
2025-07-22 11:26:00,CE,ATM-4,11.267676,224550,24850.0,25063.95,242.6,246.3,241.6,244.95,3600,1753163760
2025-07-22 11:27:00,CE,ATM-4,11.260746,234600,24850.0,25061.6,244.95,246.5,242.65,242.9,4725,1753163820
2025-07-22 11:28:00,CE,ATM-4,11.745848,234600,24850.0,25059.65,244.65,245.5,240.05,243.45,3000,1753163880
2025-07-22 11:29:00,CE,ATM-4,11.903397,234600,24850.0,25060.45,242.5,248.55,242.5,244.85,6675,1753163940
2025-07-22 11:30:00,CE,ATM-4,11.380352,234300,24850.0,25057.3,244.45,244.45,239.75,239.75,8925,1753164000
2025-07-22 11:31:00,CE,ATM-4,11.940592,234300,24850.0,25060.45,239.75,245.0,239.35,245.0,6075,1753164060
2025-07-22 11:32:00,CE,ATM-4,11.710565,234300,24850.0,25059.55,245.0,245.0,239.95,243.15,1125,1753164120
2025-07-22 11:33:00,CE,ATM-4,11.893304,231825,24850.0,25052.0,243.15,243.15,237.0,237.7,14025,1753164180
2025-07-22 11:34:00,CE,ATM-4,12.016279,231825,24850.0,25056.05,237.7,241.65,233.55,241.65,17025,1753164240
2025-07-22 11:35:00,CE,ATM-4,11.455974,231825,24850.0,25057.85,241.7,243.45,240.5,240.5,5025,1753164300
2025-07-22 11:36:00,CE,ATM-4,11.763927,231825,24850.0,25054.6,240.5,240.85,239.2,239.2,2250,1753164360
2025-07-22 11:37:00,CE,ATM-4,11.729997,232425,24850.0,25058.15,239.4,244.0,239.4,242.0,2700,1753164420
2025-07-22 11:38:00,CE,ATM-4,11.961163,232425,24850.0,25058.65,243.95,246.45,243.2,243.5,7725,1753164480
2025-07-22 11:39:00,CE,ATM-4,12.070825,236025,24850.0,25055.45,244.45,244.45,241.35,241.35,4425,1753164540
2025-07-22 11:40:00,CE,ATM-4,12.358863,236025,24850.0,25056.05,241.35,246.15,239.8,243.25,1875,1753164600
2025-07-22 11:41:00,CE,ATM-4,11.843185,236025,24850.0,25061.15,243.25,245.75,243.25,245.0,3600,1753164660
2025-07-22 11:42:00,CE,ATM-4,12.299606,235050,24850.0,25058.25,245.0,245.7,242.9,244.75,2175,1753164720
2025-07-22 11:43:00,CE,ATM-4,12.130501,235050,24850.0,25061.95,244.85,249.0,242.85,247.0,7650,1753164780
2025-07-22 11:44:00,CE,ATM-4,12.207958,235050,24850.0,25062.9,247.0,250.95,246.6,248.15,5175,1753164840
2025-07-22 11:45:00,CE,ATM-4,12.379215,230775,24850.0,25063.85,248.75,250.5,247.75,249.75,9975,1753164900
2025-07-22 11:46:00,CE,ATM-4,12.366327,230775,24850.0,25064.6,249.75,251.3,244.1,250.3,6525,1753164960
2025-07-22 11:47:00,CE,ATM-4,12.254585,230775,24850.0,25065.85,250.35,251.0,247.75,250.8,6900,1753165020
2025-07-22 11:48:00,CE,ATM-4,11.965691,229725,24850.0,25068.35,250.8,252.9,249.15,251.55,6900,1753165080
2025-07-22 11:49:00,CE,ATM-4,11.620213,229725,24850.0,25070.65,249.75,253.2,249.75,251.95,8775,1753165140
2025-07-22 11:50:00,CE,ATM-4,12.653267,229725,24850.0,25048.1,251.75,251.75,236.05,238.1,32100,1753165200
2025-07-22 11:51:00,CE,ATM-4,13.924512,222450,24850.0,25038.75,238.15,240.2,228.3,237.6,28050,1753165260
2025-07-22 11:52:00,CE,ATM-4,12.333371,222450,24850.0,25053.25,238.85,242.4,238.4,240.65,13950,1753165320
2025-07-22 11:53:00,CE,ATM-4,12.394641,222450,24850.0,25056.9,239.25,243.95,238.35,243.95,6600,1753165380
2025-07-22 11:54:00,CE,ATM-4,11.624316,222450,24850.0,25067.95,245.0,251.8,244.4,249.6,15825,1753165440
2025-07-22 11:55:00,CE,ATM-4,11.4443,1284450,24900.0,25076.35,206.4,214.25,204.55,214.25,176325,1753165500
2025-07-22 11:56:00,CE,ATM-4,10.996125,1284450,24900.0,25079.85,214.3,218.3,213.5,214.8,144075,1753165560
2025-07-22 11:57:00,CE,ATM-4,11.062514,1284450,24900.0,25079.4,214.7,217.8,213.35,214.75,72750,1753165620
2025-07-22 11:58:00,CE,ATM-4,10.983553,1256025,24900.0,25080.2,214.15,215.0,211.15,215.0,42075,1753165680
2025-07-22 11:59:00,CE,ATM-4,10.724671,1256025,24900.0,25085.35,214.5,218.95,213.3,218.0,68550,1753165740
2025-07-22 12:00:00,CE,ATM-4,10.712089,1256025,24900.0,25083.7,218.25,219.4,215.3,216.55,81525,1753165800
2025-07-22 12:01:00,CE,ATM-4,10.889192,1262550,24900.0,25083.95,216.8,218.95,215.5,217.6,35175,1753165860
2025-07-22 12:02:00,CE,ATM-4,10.972105,1262550,24900.0,25083.9,216.15,217.95,215.7,217.95,25275,1753165920
2025-07-22 12:03:00,CE,ATM-4,10.639785,1262550,24900.0,25082.9,217.65,218.7,215.0,215.5,35925,1753165980
2025-07-22 12:04:00,CE,ATM-4,10.856201,1268250,24900.0,25079.3,215.7,216.0,212.4,213.55,35250,1753166040
2025-07-22 12:05:00,CE,ATM-4,10.170531,1268250,24900.0,25083.45,213.95,215.8,212.0,213.75,42750,1753166100
2025-07-22 12:06:00,CE,ATM-4,10.787101,1268250,24900.0,25079.5,214.1,215.0,212.55,213.35,16425,1753166160
2025-07-22 12:07:00,CE,ATM-4,10.695162,1263750,24900.0,25075.1,212.5,212.95,208.6,209.25,76500,1753166220
2025-07-22 12:08:00,CE,ATM-4,10.904628,1263750,24900.0,25075.3,210.0,210.45,206.3,210.45,71550,1753166280
2025-07-22 12:09:00,CE,ATM-4,11.173345,215700,24850.0,25074.85,251.7,254.05,251.7,253.45,2100,1753166340
2025-07-22 12:10:00,CE,ATM-4,10.475379,1276800,24900.0,25077.95,209.05,210.8,208.45,210.5,20700,1753166400
2025-07-22 12:11:00,CE,ATM-4,10.581449,1276800,24900.0,25077.95,210.6,211.9,209.5,211.0,21600,1753166460
2025-07-22 12:12:00,CE,ATM-4,10.8799,211275,24850.0,25074.4,255.55,255.55,249.05,251.85,3975,1753166520
2025-07-22 12:13:00,CE,ATM-4,10.371724,1275900,24900.0,25076.55,208.55,209.5,207.7,208.8,13500,1753166580
2025-07-22 12:14:00,CE,ATM-4,10.763082,1275900,24900.0,25075.1,209.0,209.5,207.0,209.5,40425,1753166640
2025-07-22 12:15:00,CE,ATM-4,10.596733,1275900,24900.0,25076.05,209.5,211.5,206.45,209.45,20400,1753166700
2025-07-22 12:16:00,CE,ATM-4,10.90664,1295625,24900.0,25075.9,209.3,211.8,209.3,210.85,20250,1753166760
2025-07-22 12:17:00,CE,ATM-4,10.577478,1295625,24900.0,25075.65,210.6,211.35,207.5,209.0,17250,1753166820
2025-07-22 12:18:00,CE,ATM-4,10.400042,1295625,24900.0,25080.35,208.9,212.2,208.0,212.05,18900,1753166880
2025-07-22 12:19:00,CE,ATM-4,10.681776,1295325,24900.0,25084.45,212.55,216.9,211.95,216.8,49275,1753166940
2025-07-22 12:20:00,CE,ATM-4,10.644568,1295325,24900.0,25083.3,216.4,217.35,214.55,215.65,49650,1753167000
2025-07-22 12:21:00,CE,ATM-4,11.047521,1295325,24900.0,25090.3,215.25,224.25,215.25,223.4,126900,1753167060
2025-07-22 12:22:00,CE,ATM-4,10.733936,1276275,24900.0,25092.65,224.25,226.35,221.35,223.9,104250,1753167120
2025-07-22 12:23:00,CE,ATM-4,10.399413,1276275,24900.0,25098.8,224.0,230.7,223.85,227.65,90825,1753167180
2025-07-22 12:24:00,CE,ATM-4,10.516429,1276275,24900.0,25100.15,227.5,232.0,227.5,229.3,99300,1753167240
2025-07-22 12:25:00,CE,ATM-4,10.069658,1223700,24900.0,25095.05,229.25,229.4,223.0,223.0,83100,1753167300
2025-07-22 12:26:00,CE,ATM-4,10.528195,1223700,24900.0,25092.8,222.9,225.1,221.8,223.05,27000,1753167360
2025-07-22 12:27:00,CE,ATM-4,10.640148,1223700,24900.0,25097.75,222.85,228.9,222.85,227.75,42150,1753167420
2025-07-22 12:28:00,CE,ATM-4,10.467703,1210425,24900.0,25098.35,227.15,229.5,226.4,227.5,34275,1753167480
2025-07-22 12:29:00,CE,ATM-4,10.9656,1210425,24900.0,25099.6,229.0,231.3,227.6,230.75,47175,1753167540
2025-07-22 12:30:00,CE,ATM-4,10.323299,1210425,24900.0,25104.7,229.95,237.1,229.95,232.35,127275,1753167600
2025-07-22 12:31:00,CE,ATM-4,10.371092,1199475,24900.0,25106.1,233.0,235.95,233.0,233.75,60825,1753167660
2025-07-22 12:32:00,CE,ATM-4,10.09427,1199475,24900.0,25111.65,234.35,237.5,234.1,237.5,62025,1753167720
2025-07-22 12:33:00,CE,ATM-4,10.21816,1199475,24900.0,25107.75,238.55,238.55,232.75,234.55,43875,1753167780
2025-07-22 12:34:00,CE,ATM-4,9.887577,1181325,24900.0,25110.8,234.25,236.4,233.7,235.95,25800,1753167840
2025-07-22 12:35:00,CE,ATM-4,10.087038,1181325,24900.0,25107.45,235.4,235.4,231.35,233.75,45675,1753167900
2025-07-22 12:36:00,CE,ATM-4,9.612008,1181325,24900.0,25105.2,233.75,234.0,229.0,229.95,35700,1753167960
2025-07-22 12:37:00,CE,ATM-4,9.90382,1168425,24900.0,25102.7,230.0,232.0,227.8,228.85,30225,1753168020
2025-07-22 12:38:00,CE,ATM-4,9.977848,1168425,24900.0,25104.55,229.25,231.35,227.05,230.75,29550,1753168080
2025-07-22 12:39:00,CE,ATM-4,9.914397,1168425,24900.0,25106.55,230.75,232.3,228.75,232.25,21525,1753168140
2025-07-22 12:40:00,CE,ATM-4,8.952387,1173000,24900.0,25102.65,232.25,232.25,225.3,225.3,37050,1753168200
2025-07-22 12:41:00,CE,ATM-4,9.330281,1173000,24900.0,25104.1,227.0,228.25,225.0,227.9,33000,1753168260
2025-07-22 12:42:00,CE,ATM-4,9.622175,1173000,24900.0,25101.15,227.95,228.0,224.0,226.35,21900,1753168320
2025-07-22 12:43:00,CE,ATM-4,9.471644,1175100,24900.0,25108.1,225.2,233.9,224.6,231.95,49125,1753168380
2025-07-22 12:44:00,CE,ATM-4,9.762483,1175100,24900.0,25110.25,232.75,234.9,231.9,234.9,48150,1753168440
2025-07-22 12:45:00,CE,ATM-4,9.74497,1175100,24900.0,25109.15,234.15,234.9,232.5,233.85,36450,1753168500
2025-07-22 12:46:00,CE,ATM-4,9.320772,1159125,24900.0,25109.0,233.05,233.05,228.0,232.2,28050,1753168560
2025-07-22 12:47:00,CE,ATM-4,9.198836,1159125,24900.0,25111.8,232.15,237.0,232.0,234.3,56850,1753168620
2025-07-22 12:48:00,CE,ATM-4,9.370966,1159125,24900.0,25110.0,234.25,235.3,230.45,233.25,34200,1753168680
2025-07-22 12:49:00,CE,ATM-4,9.245617,1157925,24900.0,25109.65,233.15,235.0,232.5,232.5,15075,1753168740
2025-07-22 12:50:00,CE,ATM-4,8.714066,1157925,24900.0,25112.4,232.5,233.3,231.25,233.3,10125,1753168800
2025-07-22 12:51:00,CE,ATM-4,9.003039,1157925,24900.0,25111.6,235.35,235.35,232.75,233.45,16425,1753168860
2025-07-22 12:52:00,CE,ATM-4,8.929339,1153650,24900.0,25111.7,232.9,234.0,232.0,233.3,16950,1753168920
2025-07-22 12:53:00,CE,ATM-4,8.793839,1153650,24900.0,25107.5,233.3,233.3,228.5,229.05,42675,1753168980
2025-07-22 12:54:00,CE,ATM-4,8.946851,1153650,24900.0,25107.8,229.2,230.0,228.0,229.8,16575,1753169040
2025-07-22 12:55:00,CE,ATM-4,9.353715,1140075,24900.0,25107.35,230.0,232.35,228.4,230.75,6675,1753169100
2025-07-22 12:56:00,CE,ATM-4,9.193506,1140075,24900.0,25108.25,230.7,231.8,229.6,231.0,13950,1753169160
2025-07-22 12:57:00,CE,ATM-4,9.238836,1140075,24900.0,25112.2,231.9,235.7,231.9,234.7,31725,1753169220
2025-07-22 12:58:00,CE,ATM-4,9.616492,1135950,24900.0,25113.85,234.75,237.85,234.5,237.45,43725,1753169280
2025-07-22 12:59:00,CE,ATM-4,9.404664,1135950,24900.0,25115.55,237.8,239.0,236.3,238.25,37500,1753169340
2025-07-22 13:00:00,CE,ATM-4,10.06069,1135950,24900.0,25116.7,238.1,244.4,237.0,241.55,82650,1753169400
2025-07-22 13:01:00,CE,ATM-4,9.946778,1122525,24900.0,25114.7,241.55,245.0,238.7,239.35,71475,1753169460
2025-07-22 13:02:00,CE,ATM-4,9.010925,1122525,24900.0,25115.75,238.0,238.7,234.6,237.15,51150,1753169520
2025-07-22 13:03:00,CE,ATM-4,9.664087,1122525,24900.0,25112.6,237.2,237.2,235.0,236.45,27225,1753169580
2025-07-22 13:04:00,CE,ATM-4,9.54175,1105275,24900.0,25113.7,236.8,238.85,236.8,237.0,17175,1753169640
2025-07-22 13:05:00,CE,ATM-4,10.729708,1105275,24900.0,25092.75,235.85,235.85,223.05,223.45,94350,1753169700
2025-07-22 13:06:00,CE,ATM-4,12.140583,1105275,24900.0,25083.4,225.0,225.0,217.55,222.6,107325,1753169760
2025-07-22 13:07:00,CE,ATM-4,10.268516,1077450,24900.0,25098.1,223.9,227.9,223.9,226.0,49800,1753169820
2025-07-22 13:08:00,CE,ATM-4,10.439825,1077450,24900.0,25099.6,226.15,228.75,225.3,228.0,39675,1753169880
2025-07-22 13:09:00,CE,ATM-4,10.252902,1077450,24900.0,25099.3,227.75,227.8,225.0,226.95,14775,1753169940
2025-07-22 13:10:00,CE,ATM-4,10.086326,1080150,24900.0,25098.6,227.25,227.25,224.55,225.65,14400,1753170000
2025-07-22 13:11:00,CE,ATM-4,10.504381,1080150,24900.0,25090.25,225.7,225.7,219.3,220.25,49725,1753170060
2025-07-22 13:12:00,CE,ATM-4,10.411354,1080150,24900.0,25091.1,220.65,222.6,220.45,220.55,27825,1753170120
2025-07-22 13:13:00,CE,ATM-4,11.152261,1072500,24900.0,25093.0,220.35,225.5,219.1,225.5,48825,1753170180
2025-07-22 13:14:00,CE,ATM-4,10.58967,1072500,24900.0,25092.2,225.45,225.5,221.5,222.25,36825,1753170240
2025-07-22 13:15:00,CE,ATM-4,10.527442,1072500,24900.0,25091.95,222.35,224.0,221.2,221.75,48375,1753170300
2025-07-22 13:16:00,CE,ATM-4,10.775775,1104150,24900.0,25094.55,221.75,225.05,221.75,225.05,21300,1753170360
2025-07-22 13:17:00,CE,ATM-4,10.750266,1104150,24900.0,25094.05,224.1,224.5,222.0,224.5,13200,1753170420
2025-07-22 13:18:00,CE,ATM-4,10.212173,1104150,24900.0,25086.75,222.65,224.0,215.9,215.9,45525,1753170480
2025-07-22 13:19:00,CE,ATM-4,10.828593,1109475,24900.0,25087.55,215.25,219.35,215.25,219.35,40275,1753170540
2025-07-22 13:20:00,CE,ATM-4,10.690956,1109475,24900.0,25092.4,218.25,223.0,216.6,222.8,48150,1753170600
2025-07-22 13:21:00,CE,ATM-4,10.665468,1109475,24900.0,25095.9,222.35,226.5,222.35,225.65,44325,1753170660
2025-07-22 13:22:00,CE,ATM-4,10.577621,1102425,24900.0,25095.25,225.65,226.2,224.0,224.7,12750,1753170720
2025-07-22 13:23:00,CE,ATM-4,10.568501,1102425,24900.0,25092.2,224.75,225.15,222.05,222.05,18525,1753170780
2025-07-22 13:24:00,CE,ATM-4,10.633886,1102425,24900.0,25093.05,222.05,223.55,220.55,223.05,6225,1753170840
2025-07-22 13:25:00,CE,ATM-4,10.87645,1102425,24900.0,25081.8,223.25,223.25,212.7,214.7,52800,1753170900
2025-07-22 13:26:00,CE,ATM-4,10.378229,1102425,24900.0,25080.9,213.25,215.7,210.8,211.6,56100,1753170960
2025-07-22 13:27:00,CE,ATM-4,10.83274,1102425,24900.0,25081.6,212.1,214.65,212.1,214.3,29175,1753171020
2025-07-22 13:28:00,CE,ATM-4,10.69931,1096800,24900.0,25082.85,214.65,216.0,214.45,214.7,27300,1753171080
2025-07-22 13:29:00,CE,ATM-4,10.935137,1096800,24900.0,25081.1,215.15,215.3,211.0,214.35,25650,1753171140
2025-07-22 13:30:00,CE,ATM-4,11.368745,1096800,24900.0,25077.05,214.35,214.35,211.0,213.15,27450,1753171200
2025-07-22 13:31:00,CE,ATM-4,11.688343,1090875,24900.0,25076.9,213.55,215.3,212.8,214.65,21750,1753171260
2025-07-22 13:32:00,CE,ATM-4,11.117497,1090875,24900.0,25082.8,217.1,219.15,216.15,216.6,36900,1753171320
2025-07-22 13:33:00,CE,ATM-4,11.269905,1090875,24900.0,25082.4,216.8,218.7,216.65,217.0,10800,1753171380
2025-07-22 13:34:00,CE,ATM-4,10.774968,1086675,24900.0,25083.95,217.0,218.85,215.0,215.9,16125,1753171440
2025-07-22 13:35:00,CE,ATM-4,11.262046,1086675,24900.0,25082.6,216.45,218.0,215.45,217.1,10875,1753171500
2025-07-22 13:36:00,CE,ATM-4,11.15086,1086675,24900.0,25084.6,216.3,218.85,216.3,218.2,16200,1753171560
2025-07-22 13:37:00,CE,ATM-4,11.240603,1091100,24900.0,25087.05,218.25,222.4,217.0,220.65,31875,1753171620
2025-07-22 13:38:00,CE,ATM-4,11.117405,1091100,24900.0,25082.35,219.65,220.3,216.0,216.15,25650,1753171680
2025-07-22 13:39:00,CE,ATM-4,11.436344,1091100,24900.0,25079.6,216.15,217.8,214.0,215.45,22425,1753171740
2025-07-22 13:40:00,CE,ATM-4,11.488317,1089825,24900.0,25081.5,215.45,219.0,215.3,217.25,9750,1753171800
2025-07-22 13:41:00,CE,ATM-4,11.649931,1089825,24900.0,25078.55,217.25,219.8,215.65,215.65,21075,1753171860
2025-07-22 13:42:00,CE,ATM-4,11.859481,1089825,24900.0,25080.45,215.1,218.45,214.2,218.25,11625,1753171920
2025-07-22 13:43:00,CE,ATM-4,11.660178,1095150,24900.0,25077.1,218.6,219.95,214.5,214.5,23700,1753171980
2025-07-22 13:44:00,CE,ATM-4,11.759986,1095150,24900.0,25080.25,214.7,217.6,214.7,217.55,26700,1753172040
2025-07-22 13:45:00,CE,ATM-4,12.63455,182850,24850.0,25074.8,262.8,262.8,257.0,258.5,7425,1753172100
2025-07-22 13:46:00,CE,ATM-4,11.982801,1088850,24900.0,25075.75,213.4,216.0,212.55,215.05,14175,1753172160
2025-07-22 13:47:00,CE,ATM-4,12.068896,1088850,24900.0,25080.0,216.35,219.95,215.35,218.9,28875,1753172220
2025-07-22 13:48:00,CE,ATM-4,12.089692,1088850,24900.0,25078.95,218.75,218.75,216.8,218.15,10125,1753172280
2025-07-22 13:49:00,CE,ATM-4,11.549937,1091175,24900.0,25078.45,217.75,218.9,214.8,214.95,14400,1753172340
2025-07-22 13:50:00,CE,ATM-4,12.263584,1091175,24900.0,25076.4,214.8,217.0,213.35,217.0,10350,1753172400
2025-07-22 13:51:00,CE,ATM-4,11.852382,1091175,24900.0,25082.5,216.7,220.0,216.7,219.75,25650,1753172460
2025-07-22 13:52:00,CE,ATM-4,11.873578,1092375,24900.0,25083.0,218.95,220.25,217.0,220.25,17325,1753172520
2025-07-22 13:53:00,CE,ATM-4,11.040979,1092375,24900.0,25084.05,219.9,221.6,217.0,217.0,36075,1753172580
2025-07-22 13:54:00,CE,ATM-4,11.740955,1092375,24900.0,25083.55,217.5,220.0,216.8,220.0,8100,1753172640
2025-07-22 13:55:00,CE,ATM-4,10.846869,1098075,24900.0,25095.85,219.35,227.2,219.35,226.0,79725,1753172700
2025-07-22 13:56:00,CE,ATM-4,9.430287,1098075,24900.0,25102.95,226.95,231.35,224.2,226.5,90750,1753172760
2025-07-22 13:57:00,CE,ATM-4,10.266179,1098075,24900.0,25093.25,225.6,225.6,220.8,221.25,56700,1753172820
2025-07-22 13:58:00,CE,ATM-4,10.372086,1096050,24900.0,25087.35,221.25,223.0,216.35,216.65,31200,1753172880
2025-07-22 13:59:00,CE,ATM-4,10.638588,1096050,24900.0,25088.8,216.05,219.4,216.05,219.05,26775,1753172940
2025-07-22 14:00:00,CE,ATM-4,10.644322,1096050,24900.0,25093.85,219.05,223.35,219.05,223.35,24000,1753173000
2025-07-22 14:01:00,CE,ATM-4,10.553951,1094775,24900.0,25098.7,223.85,228.95,222.6,227.1,52200,1753173060
2025-07-22 14:02:00,CE,ATM-4,9.963616,1094775,24900.0,25097.8,226.55,226.55,223.9,223.9,22725,1753173120
2025-07-22 14:03:00,CE,ATM-4,10.359832,1094775,24900.0,25096.65,224.6,224.8,222.45,224.5,13500,1753173180
2025-07-22 14:04:00,CE,ATM-4,10.31333,1102500,24900.0,25098.45,225.25,226.9,225.0,225.85,46050,1753173240
2025-07-22 14:05:00,CE,ATM-4,9.83651,1102500,24900.0,25104.15,225.75,229.55,225.5,228.95,68400,1753173300
2025-07-22 14:06:00,CE,ATM-4,10.296547,1102500,24900.0,25101.9,228.95,229.8,225.5,228.75,29475,1753173360
2025-07-22 14:07:00,CE,ATM-4,10.130965,1061550,24900.0,25102.15,228.0,229.5,226.2,228.3,18225,1753173420
2025-07-22 14:08:00,CE,ATM-4,10.384742,1061550,24900.0,25102.15,228.55,229.3,227.9,229.3,11925,1753173480
2025-07-22 14:09:00,CE,ATM-4,10.479991,1061550,24900.0,25105.35,228.4,233.6,227.15,232.45,55200,1753173540
2025-07-22 14:10:00,CE,ATM-4,10.957709,1059525,24900.0,25101.6,234.0,234.3,229.35,231.2,49350,1753173600
2025-07-22 14:11:00,CE,ATM-4,10.533032,1059525,24900.0,25095.85,231.55,232.0,224.45,224.45,42075,1753173660
2025-07-22 14:12:00,CE,ATM-4,10.857131,1059525,24900.0,25092.5,224.95,224.95,221.1,223.0,34200,1753173720
2025-07-22 14:13:00,CE,ATM-4,11.480762,1048125,24900.0,25086.1,222.75,223.05,219.6,220.55,31275,1753173780
2025-07-22 14:14:00,CE,ATM-4,11.225198,1048125,24900.0,25086.45,220.5,221.5,219.2,219.6,19575,1753173840
2025-07-22 14:15:00,CE,ATM-4,10.856164,1048125,24900.0,25085.6,218.95,220.8,217.15,217.15,33675,1753173900
2025-07-22 14:16:00,CE,ATM-4,11.020196,1046775,24900.0,25084.4,216.05,217.6,213.85,216.9,45225,1753173960
2025-07-22 14:17:00,CE,ATM-4,10.73173,1046775,24900.0,25081.0,216.25,217.8,211.0,212.7,47475,1753174020
2025-07-22 14:18:00,CE,ATM-4,10.782239,1046775,24900.0,25084.5,213.55,216.55,213.55,215.85,34500,1753174080
2025-07-22 14:19:00,CE,ATM-4,10.587179,1047000,24900.0,25084.8,215.85,216.0,213.6,215.2,18600,1753174140
2025-07-22 14:20:00,CE,ATM-4,10.74697,1047000,24900.0,25080.6,215.2,215.2,211.75,212.4,17475,1753174200
2025-07-22 14:21:00,CE,ATM-4,10.900752,1047000,24900.0,25077.45,212.8,212.8,206.4,210.5,92175,1753174260
2025-07-22 14:22:00,CE,ATM-4,11.016767,184950,24850.0,25072.2,256.55,256.7,247.2,249.0,20925,1753174320
2025-07-22 14:23:00,CE,ATM-4,10.958077,184950,24850.0,25071.9,248.8,252.05,246.15,248.5,8700,1753174380
2025-07-22 14:24:00,CE,ATM-4,10.424468,184950,24850.0,25067.6,248.5,250.2,242.05,242.7,3825,1753174440
2025-07-22 14:25:00,CE,ATM-4,10.860089,189000,24850.0,25066.7,241.6,245.9,236.65,243.55,19950,1753174500
2025-07-22 14:26:00,CE,ATM-4,11.186404,189000,24850.0,25068.1,243.55,246.25,241.0,246.05,9750,1753174560
2025-07-22 14:27:00,CE,ATM-4,11.401689,189000,24850.0,25068.2,246.3,248.6,243.65,247.0,6300,1753174620
2025-07-22 14:28:00,CE,ATM-4,11.035199,188025,24850.0,25067.9,245.15,246.4,243.0,245.25,4650,1753174680
2025-07-22 14:29:00,CE,ATM-4,11.10311,188025,24850.0,25069.5,245.65,247.0,244.25,246.9,2175,1753174740
2025-07-22 14:30:00,CE,ATM-4,11.000092,188025,24850.0,25066.65,246.75,246.75,243.0,244.0,13575,1753174800
2025-07-22 14:31:00,CE,ATM-4,11.136956,188025,24850.0,25068.05,244.0,245.8,241.45,245.75,3525,1753174860
2025-07-22 14:32:00,CE,ATM-4,11.249801,188025,24850.0,25070.25,245.5,249.25,245.5,248.1,10350,1753174920
2025-07-22 14:33:00,CE,ATM-4,11.126619,188025,24850.0,25066.8,247.65,251.65,244.6,244.6,6600,1753174980
2025-07-22 14:34:00,CE,ATM-4,11.568036,187050,24850.0,25065.4,244.5,246.95,242.5,245.2,6150,1753175040
2025-07-22 14:35:00,CE,ATM-4,11.678227,187050,24850.0,25070.35,245.15,251.0,244.9,249.9,3600,1753175100
2025-07-22 14:36:00,CE,ATM-4,11.327939,187050,24850.0,25072.65,249.9,250.45,248.45,250.45,3525,1753175160
2025-07-22 14:37:00,CE,ATM-4,11.177123,188175,24850.0,25059.9,250.45,250.45,238.65,238.8,14250,1753175220
2025-07-22 14:38:00,CE,ATM-4,12.326605,188175,24850.0,25050.45,238.8,239.15,230.0,236.0,24750,1753175280
2025-07-22 14:39:00,CE,ATM-4,11.06788,188175,24850.0,25063.0,236.25,241.05,236.25,241.0,9600,1753175340
2025-07-22 14:40:00,CE,ATM-4,11.368981,192525,24850.0,25060.4,240.0,242.0,238.0,240.0,17475,1753175400
2025-07-22 14:41:00,CE,ATM-4,11.57008,192525,24850.0,25061.75,239.0,242.0,239.0,242.0,14175,1753175460
2025-07-22 14:42:00,CE,ATM-4,11.779035,192525,24850.0,25065.4,242.0,246.2,242.0,246.0,11250,1753175520
2025-07-22 14:43:00,CE,ATM-4,12.282062,190425,24850.0,25062.25,246.0,246.0,244.0,245.55,4350,1753175580
2025-07-22 14:44:00,CE,ATM-4,12.235847,190425,24850.0,25064.95,245.1,248.3,245.0,247.6,11625,1753175640
2025-07-22 14:45:00,CE,ATM-4,11.833281,190425,24850.0,25068.1,247.6,249.9,246.75,248.5,6450,1753175700
2025-07-22 14:46:00,CE,ATM-4,11.42813,190425,24850.0,25068.05,248.7,248.7,246.2,246.75,2625,1753175760
2025-07-22 14:47:00,CE,ATM-4,11.999535,190425,24850.0,25068.7,247.5,249.7,247.3,249.7,3150,1753175820
2025-07-22 14:48:00,CE,ATM-4,12.371424,190425,24850.0,25071.75,249.15,255.75,249.15,253.9,14550,1753175880
2025-07-22 14:49:00,CE,ATM-4,11.447219,1088400,24900.0,25075.3,209.95,212.4,209.45,211.05,52200,1753175940
2025-07-22 14:50:00,CE,ATM-4,11.516376,1088400,24900.0,25076.55,212.0,213.3,210.0,212.4,56100,1753176000
2025-07-22 14:51:00,CE,ATM-4,11.634808,1088400,24900.0,25077.25,211.6,215.95,211.6,213.55,68325,1753176060
2025-07-22 14:52:00,CE,ATM-4,11.932486,174900,24850.0,25073.55,258.8,258.8,250.5,253.5,9300,1753176120
2025-07-22 14:53:00,CE,ATM-4,12.410595,174900,24850.0,25074.1,253.5,256.0,251.15,256.0,1875,1753176180
2025-07-22 14:54:00,CE,ATM-4,12.234024,174900,24850.0,25074.6,255.85,255.85,255.3,255.65,1800,1753176240
2025-07-22 14:55:00,CE,ATM-4,11.677278,1083375,24900.0,25076.5,211.3,215.25,210.6,213.1,73800,1753176300
2025-07-22 14:56:00,CE,ATM-4,12.448922,172650,24850.0,25067.15,258.0,258.05,248.25,250.25,4725,1753176360
2025-07-22 14:57:00,CE,ATM-4,12.487729,172650,24850.0,25064.1,250.25,251.75,247.8,247.85,3300,1753176420
2025-07-22 14:58:00,CE,ATM-4,11.906662,174450,24850.0,25066.05,247.5,250.1,246.9,246.9,5175,1753176480
2025-07-22 14:59:00,CE,ATM-4,12.724036,174450,24850.0,25066.6,247.5,251.0,247.5,251.0,4125,1753176540
2025-07-22 15:00:00,CE,ATM-4,12.747554,174450,24850.0,25062.95,247.5,251.55,242.1,248.05,10125,1753176600
2025-07-22 15:01:00,CE,ATM-4,12.039574,174300,24850.0,25062.05,245.0,248.5,244.05,244.05,4125,1753176660
2025-07-22 15:02:00,CE,ATM-4,11.098089,174300,24850.0,25057.2,244.05,244.05,235.5,235.85,9525,1753176720
2025-07-22 15:03:00,CE,ATM-4,12.206791,174300,24850.0,25052.1,238.25,239.1,236.45,236.45,3675,1753176780
2025-07-22 15:04:00,CE,ATM-4,11.688372,178575,24850.0,25054.0,237.25,237.75,233.15,235.65,7275,1753176840
2025-07-22 15:05:00,CE,ATM-4,11.410755,178575,24850.0,25051.45,236.0,238.0,232.25,232.25,14625,1753176900
2025-07-22 15:06:00,CE,ATM-4,12.439868,178575,24850.0,25050.45,232.25,238.1,232.25,236.15,7425,1753176960
2025-07-22 15:07:00,CE,ATM-4,11.953729,177300,24850.0,25056.55,236.15,238.95,235.95,238.95,6675,1753177020
2025-07-22 15:08:00,CE,ATM-4,11.767549,177300,24850.0,25059.5,238.65,243.95,238.65,240.6,10800,1753177080
2025-07-22 15:09:00,CE,ATM-4,11.922013,177300,24850.0,25062.55,240.6,245.85,240.6,243.85,13275,1753177140
2025-07-22 15:10:00,CE,ATM-4,11.804797,179400,24850.0,25063.4,243.85,244.8,239.7,244.05,5625,1753177200
2025-07-22 15:11:00,CE,ATM-4,11.364296,179400,24850.0,25060.4,244.05,244.6,238.25,239.6,8625,1753177260
2025-07-22 15:12:00,CE,ATM-4,12.031166,179400,24850.0,25057.7,239.05,240.5,238.65,240.2,3150,1753177320
2025-07-22 15:13:00,CE,ATM-4,10.795452,175200,24850.0,25061.25,240.2,240.2,236.9,238.0,10125,1753177380
2025-07-22 15:14:00,CE,ATM-4,12.469363,175200,24850.0,25058.5,240.25,244.0,240.2,242.85,9375,1753177440
2025-07-22 15:15:00,CE,ATM-4,13.780853,175200,24850.0,25059.6,243.5,250.1,243.15,250.1,15750,1753177500
2025-07-22 15:16:00,CE,ATM-4,13.883873,171975,24850.0,25061.2,249.65,255.65,249.65,251.9,7875,1753177560
2025-07-22 15:17:00,CE,ATM-4,13.685865,171975,24850.0,25057.7,251.4,253.0,248.05,248.05,5400,1753177620
2025-07-22 15:18:00,CE,ATM-4,13.565205,171975,24850.0,25061.9,247.95,250.85,247.4,250.85,6525,1753177680
2025-07-22 15:19:00,CE,ATM-4,13.310165,174525,24850.0,25064.65,250.85,252.05,250.55,251.85,6150,1753177740
2025-07-22 15:20:00,CE,ATM-4,13.59287,174525,24850.0,25062.75,252.3,254.1,250.15,251.65,7050,1753177800
2025-07-22 15:21:00,CE,ATM-4,13.338431,174525,24850.0,25064.4,252.4,253.35,251.75,251.75,9075,1753177860
2025-07-22 15:22:00,CE,ATM-4,13.348516,174375,24850.0,25067.45,251.75,254.3,250.45,254.3,4950,1753177920
2025-07-22 15:23:00,CE,ATM-4,12.333775,174375,24850.0,25069.9,255.0,255.0,251.25,251.7,7275,1753177980
2025-07-22 15:24:00,CE,ATM-4,12.247249,174375,24850.0,25067.0,251.7,252.0,248.85,248.85,5550,1753178040
2025-07-22 15:25:00,CE,ATM-4,11.523759,175125,24850.0,25067.45,248.85,248.85,245.4,246.15,7425,1753178100
2025-07-22 15:26:00,CE,ATM-4,11.861425,175125,24850.0,25065.35,246.5,248.0,244.65,245.75,8025,1753178160
2025-07-22 15:27:00,CE,ATM-4,11.867498,175125,24850.0,25063.75,245.75,247.45,243.0,244.4,6525,1753178220
2025-07-22 15:28:00,CE,ATM-4,11.958676,176775,24850.0,25061.65,243.55,244.75,242.9,243.0,6150,1753178280
2025-07-22 15:29:00,CE,ATM-4,10.794449,176775,24850.0,25064.9,243.05,243.25,240.15,241.0,8475,1753178340
2025-07-23 09:15:00,CE,ATM-4,8.674843,920700,24950.0,25135.2,168.45,204.0,168.4,197.4,266475,1753242300
2025-07-23 09:16:00,CE,ATM-4,9.571243,920700,24950.0,25130.5,201.9,206.1,194.15,194.95,166950,1753242360
2025-07-23 09:17:00,CE,ATM-4,11.427854,933000,24900.0,25123.25,241.25,245.65,236.85,238.25,54375,1753242420
2025-07-23 09:18:00,CE,ATM-4,10.257514,972225,24950.0,25131.1,192.9,199.9,192.0,197.2,116250,1753242480
2025-07-23 09:19:00,CE,ATM-4,11.851219,972225,24950.0,25132.6,198.4,205.8,198.4,203.2,116550,1753242540
2025-07-23 09:20:00,CE,ATM-4,11.685205,972225,24950.0,25138.5,202.4,214.9,202.4,207.8,254250,1753242600
2025-07-23 09:21:00,CE,ATM-4,12.113365,924750,24950.0,25129.25,207.35,212.0,200.0,201.15,111225,1753242660
2025-07-23 09:22:00,CE,ATM-4,11.663769,924750,24950.0,25130.8,199.3,202.75,190.3,201.0,147450,1753242720
2025-07-23 09:23:00,CE,ATM-4,11.782802,924750,24950.0,25127.3,199.55,204.15,196.75,198.35,117225,1753242780
2025-07-23 09:24:00,CE,ATM-4,12.347871,922875,24900.0,25123.65,244.8,245.3,237.6,240.75,44400,1753242840
2025-07-23 09:25:00,CE,ATM-4,13.277354,922875,24900.0,25123.35,242.1,243.0,236.9,243.0,54375,1753242900
2025-07-23 09:26:00,CE,ATM-4,13.027601,922875,24900.0,25123.15,242.1,245.0,238.25,242.1,62475,1753242960
2025-07-23 09:27:00,CE,ATM-4,13.166399,940575,24900.0,25120.35,242.05,243.5,237.85,240.0,33900,1753243020
2025-07-23 09:28:00,CE,ATM-4,14.729163,940575,24900.0,25108.65,240.95,240.95,232.9,234.9,72600,1753243080
2025-07-23 09:29:00,CE,ATM-4,13.979177,940575,24900.0,25113.75,233.55,238.35,229.45,236.7,67050,1753243140
2025-07-23 09:30:00,CE,ATM-4,13.013908,930225,24900.0,25121.85,238.0,246.55,237.0,240.85,132675,1753243200
2025-07-23 09:31:00,CE,ATM-4,13.19066,930225,24900.0,25111.4,241.75,242.2,232.15,232.15,59025,1753243260
2025-07-23 09:32:00,CE,ATM-4,13.851265,930225,24900.0,25108.25,232.25,233.8,227.05,231.5,80250,1753243320
2025-07-23 09:33:00,CE,ATM-4,13.337168,955350,24900.0,25118.75,231.35,239.75,230.75,239.0,63750,1753243380
2025-07-23 09:34:00,CE,ATM-4,13.226508,955350,24900.0,25114.3,238.0,238.0,233.0,234.75,27750,1753243440
2025-07-23 09:35:00,CE,ATM-4,13.758,955350,24900.0,25116.35,235.35,238.15,231.0,238.15,27525,1753243500
2025-07-23 09:36:00,CE,ATM-4,12.859199,955650,24900.0,25116.8,238.8,241.65,233.3,235.85,55875,1753243560
2025-07-23 09:37:00,CE,ATM-4,13.83804,955650,24900.0,25105.6,237.0,237.0,227.9,229.1,48000,1753243620
2025-07-23 09:38:00,CE,ATM-4,13.423192,955650,24900.0,25111.45,230.0,232.85,228.75,232.8,39600,1753243680
2025-07-23 09:39:00,CE,ATM-4,13.148495,966750,24900.0,25111.4,233.3,233.75,230.95,231.9,14700,1753243740
2025-07-23 09:40:00,CE,ATM-4,13.539286,966750,24900.0,25111.3,232.3,235.35,232.2,233.0,39225,1753243800
2025-07-23 09:41:00,CE,ATM-4,13.981176,966750,24900.0,25101.95,233.6,233.6,225.0,226.4,51975,1753243860
2025-07-23 09:42:00,CE,ATM-4,13.895868,962550,24900.0,25096.3,225.25,227.95,220.6,221.3,89025,1753243920
2025-07-23 09:43:00,CE,ATM-4,13.299901,962550,24900.0,25101.25,222.7,227.1,222.65,223.5,67200,1753243980
2025-07-23 09:44:00,CE,ATM-4,13.65714,962550,24900.0,25096.9,223.45,225.75,220.95,220.95,54075,1753244040
2025-07-23 09:45:00,CE,ATM-4,13.116,1045125,24900.0,25100.35,221.7,224.0,216.4,222.1,198600,1753244100
2025-07-23 09:46:00,CE,ATM-4,13.485162,1045125,24900.0,25095.1,223.2,224.05,218.0,218.8,56100,1753244160
2025-07-23 09:47:00,CE,ATM-4,13.89133,1045125,24900.0,25093.4,219.0,219.25,214.6,218.75,66000,1753244220
2025-07-23 09:48:00,CE,ATM-4,12.410681,1087875,24900.0,25086.8,219.0,220.15,208.1,208.1,102525,1753244280
2025-07-23 09:49:00,CE,ATM-4,13.021266,1087875,24900.0,25098.4,209.95,220.5,209.95,220.05,140550,1753244340
2025-07-23 09:50:00,CE,ATM-4,12.187697,1087875,24900.0,25112.3,219.65,231.8,219.05,229.8,207000,1753244400
2025-07-23 09:51:00,CE,ATM-4,12.791583,1084050,24900.0,25108.2,229.0,229.25,224.65,227.85,65775,1753244460
2025-07-23 09:52:00,CE,ATM-4,12.874906,1084050,24900.0,25111.35,228.15,231.75,227.25,230.85,65325,1753244520
2025-07-23 09:53:00,CE,ATM-4,12.192016,1084050,24900.0,25100.45,229.0,229.6,219.25,219.25,87825,1753244580
2025-07-23 09:54:00,CE,ATM-4,12.584907,1092300,24900.0,25106.55,218.8,225.75,213.4,225.75,172200,1753244640
2025-07-23 09:55:00,CE,ATM-4,12.324736,1092300,24900.0,25107.35,225.55,227.4,222.0,225.7,48900,1753244700
2025-07-23 09:56:00,CE,ATM-4,12.478944,1092300,24900.0,25110.6,225.85,230.0,225.85,229.0,63600,1753244760
2025-07-23 09:57:00,CE,ATM-4,12.248456,1126875,24900.0,25114.85,228.0,232.25,226.3,232.15,100350,1753244820
2025-07-23 09:58:00,CE,ATM-4,13.029634,1126875,24900.0,25115.65,232.65,236.65,231.65,235.0,132300,1753244880
2025-07-23 09:59:00,CE,ATM-4,12.69354,1126875,24900.0,25116.9,234.85,235.6,233.0,235.15,45750,1753244940
2025-07-23 10:00:00,CE,ATM-4,13.294559,1027950,24900.0,25113.95,235.25,239.4,231.75,234.25,207300,1753245000
2025-07-23 10:01:00,CE,ATM-4,14.005731,1027950,24900.0,25103.2,232.6,233.7,225.4,227.2,82425,1753245060
2025-07-23 10:02:00,CE,ATM-4,12.759903,1027950,24900.0,25106.1,227.05,229.65,224.55,225.75,38250,1753245120
2025-07-23 10:03:00,CE,ATM-4,12.387963,1041525,24900.0,25101.1,224.65,225.25,218.0,220.25,67650,1753245180
2025-07-23 10:04:00,CE,ATM-4,12.756687,1041525,24900.0,25094.9,220.5,222.25,215.0,215.95,106800,1753245240
2025-07-23 10:05:00,CE,ATM-4,12.932878,1041525,24900.0,25091.65,216.45,217.8,212.0,213.7,86100,1753245300
2025-07-23 10:06:00,CE,ATM-4,12.923432,1109100,24900.0,25093.45,213.8,219.35,213.8,215.2,102150,1753245360
2025-07-23 10:07:00,CE,ATM-4,12.707233,1109100,24900.0,25097.15,215.15,218.65,214.2,217.7,43875,1753245420
2025-07-23 10:08:00,CE,ATM-4,12.126107,1109100,24900.0,25101.75,217.6,221.0,217.35,220.0,61425,1753245480
2025-07-23 10:09:00,CE,ATM-4,12.001352,1112850,24900.0,25095.6,219.45,219.45,214.2,214.2,40350,1753245540
2025-07-23 10:10:00,CE,ATM-4,12.471933,1112850,24900.0,25100.65,215.3,220.0,215.15,220.0,43275,1753245600
2025-07-23 10:11:00,CE,ATM-4,11.517797,1112850,24900.0,25108.9,219.5,226.95,217.95,224.75,134475,1753245660
2025-07-23 10:12:00,CE,ATM-4,11.463508,1076700,24900.0,25110.55,225.25,228.4,224.85,226.1,76575,1753245720
2025-07-23 10:13:00,CE,ATM-4,11.331507,1076700,24900.0,25110.25,227.35,227.35,225.3,225.5,30525,1753245780
2025-07-23 10:14:00,CE,ATM-4,11.32125,1076700,24900.0,25109.3,226.25,228.1,224.6,224.6,25200,1753245840
2025-07-23 10:15:00,CE,ATM-4,12.489421,1068300,24900.0,25105.9,225.5,226.15,222.55,224.6,29175,1753245900
2025-07-23 10:16:00,CE,ATM-4,12.883731,1068300,24900.0,25108.2,224.6,227.75,221.4,227.75,26025,1753245960
2025-07-23 10:17:00,CE,ATM-4,12.077959,1068300,24900.0,25102.55,227.25,227.25,220.45,220.45,30450,1753246020
2025-07-23 10:18:00,CE,ATM-4,13.014814,1071450,24900.0,25105.85,220.4,226.25,219.85,226.05,27675,1753246080
2025-07-23 10:19:00,CE,ATM-4,12.385841,1071450,24900.0,25109.45,226.15,227.9,223.65,227.4,63750,1753246140
2025-07-23 10:20:00,CE,ATM-4,13.2209,1071450,24900.0,25103.9,226.9,228.6,223.9,224.95,35400,1753246200
2025-07-23 10:21:00,CE,ATM-4,12.713582,1082475,24900.0,25103.1,226.0,227.0,222.7,222.7,28275,1753246260
2025-07-23 10:22:00,CE,ATM-4,12.485863,1082475,24900.0,25097.15,222.55,222.55,215.35,216.8,65625,1753246320
2025-07-23 10:23:00,CE,ATM-4,12.843291,1082475,24900.0,25098.1,216.6,221.6,216.6,218.7,29175,1753246380
2025-07-23 10:24:00,CE,ATM-4,13.48307,1077900,24900.0,25108.05,218.25,230.5,218.0,229.3,66375,1753246440
2025-07-23 10:25:00,CE,ATM-4,13.141105,1077900,24900.0,25109.2,228.65,231.25,226.75,229.25,83925,1753246500
2025-07-23 10:26:00,CE,ATM-4,13.020182,1077900,24900.0,25105.8,229.25,229.25,224.9,225.9,35550,1753246560
2025-07-23 10:27:00,CE,ATM-4,13.30113,1084050,24900.0,25106.85,225.9,229.25,225.9,227.65,38925,1753246620
2025-07-23 10:28:00,CE,ATM-4,13.552955,1084050,24900.0,25109.2,227.95,232.8,227.95,230.45,109875,1753246680
2025-07-23 10:29:00,CE,ATM-4,12.339233,1084050,24900.0,25108.4,230.3,230.45,226.2,226.2,31125,1753246740
2025-07-23 10:30:00,CE,ATM-4,13.065977,1083975,24900.0,25108.0,226.45,230.6,226.45,227.9,18450,1753246800
2025-07-23 10:31:00,CE,ATM-4,12.715734,1083975,24900.0,25107.3,227.35,230.0,226.0,226.25,16200,1753246860
2025-07-23 10:32:00,CE,ATM-4,13.05472,1083975,24900.0,25105.1,226.45,228.4,223.85,225.3,29025,1753246920
2025-07-23 10:33:00,CE,ATM-4,12.825487,1084800,24900.0,25105.95,225.55,227.5,223.5,225.35,26625,1753246980
2025-07-23 10:34:00,CE,ATM-4,12.909551,1084800,24900.0,25103.0,225.4,225.65,221.75,223.0,32775,1753247040
2025-07-23 10:35:00,CE,ATM-4,13.26362,1084800,24900.0,25108.1,222.95,228.5,222.95,228.5,34650,1753247100
2025-07-23 10:36:00,CE,ATM-4,13.368373,1089525,24900.0,25106.95,228.1,228.7,225.35,227.8,20925,1753247160
2025-07-23 10:37:00,CE,ATM-4,13.577198,1089525,24900.0,25099.2,226.9,227.7,219.25,221.75,49200,1753247220
2025-07-23 10:38:00,CE,ATM-4,13.134579,1089525,24900.0,25102.0,221.6,225.0,221.5,222.75,26775,1753247280
2025-07-23 10:39:00,CE,ATM-4,13.185455,1084050,24900.0,25106.55,221.0,228.55,220.75,226.85,39375,1753247340
2025-07-23 10:40:00,CE,ATM-4,13.527714,1084050,24900.0,25103.8,226.85,226.85,223.85,225.5,23025,1753247400
2025-07-23 10:41:00,CE,ATM-4,12.71542,1084050,24900.0,25106.9,225.45,227.65,225.3,225.75,18450,1753247460
2025-07-23 10:42:00,CE,ATM-4,12.814599,1091175,24900.0,25107.9,226.45,228.1,222.5,226.9,43725,1753247520
2025-07-23 10:43:00,CE,ATM-4,12.787549,1091175,24900.0,25110.1,226.5,229.5,226.5,228.75,70725,1753247580
2025-07-23 10:44:00,CE,ATM-4,13.016049,1091175,24900.0,25114.65,228.95,236.05,228.2,233.4,97875,1753247640
2025-07-23 10:45:00,CE,ATM-4,13.119354,1080375,24900.0,25115.3,234.7,239.3,232.3,234.25,136875,1753247700
2025-07-23 10:46:00,CE,ATM-4,13.621497,1080375,24900.0,25116.8,234.9,238.15,232.8,237.0,59625,1753247760
2025-07-23 10:47:00,CE,ATM-4,13.732636,1080375,24900.0,25116.5,238.0,238.25,236.0,237.05,57225,1753247820
2025-07-23 10:48:00,CE,ATM-4,13.381978,1066050,24900.0,25114.1,237.55,237.55,232.8,233.9,31425,1753247880
2025-07-23 10:49:00,CE,ATM-4,12.449453,1066050,24900.0,25116.05,234.25,234.5,230.35,233.05,25500,1753247940
2025-07-23 10:50:00,CE,ATM-4,12.376951,1066050,24900.0,25116.05,232.9,234.3,232.4,232.85,25725,1753248000
2025-07-23 10:51:00,CE,ATM-4,11.89866,1066800,24900.0,25113.95,232.85,236.9,229.75,229.75,29775,1753248060
2025-07-23 10:52:00,CE,ATM-4,12.681751,1066800,24900.0,25113.45,229.75,231.3,228.4,231.3,21075,1753248120
2025-07-23 10:53:00,CE,ATM-4,13.014066,1066800,24900.0,25118.75,232.0,237.8,232.0,236.9,40650,1753248180
2025-07-23 10:54:00,CE,ATM-4,14.112953,1050600,24900.0,25124.2,237.05,244.8,236.9,244.8,109875,1753248240
2025-07-23 10:55:00,CE,ATM-4,13.007215,1079025,24950.0,25125.9,201.2,205.15,197.9,199.85,231825,1753248300
2025-07-23 10:56:00,CE,ATM-4,11.889601,1079025,24950.0,25125.55,199.6,199.75,194.65,195.8,53775,1753248360
2025-07-23 10:57:00,CE,ATM-4,11.849259,1049850,24950.0,25125.6,196.1,196.8,194.65,195.7,29625,1753248420
2025-07-23 10:58:00,CE,ATM-4,12.386716,1020825,24900.0,25120.75,241.85,243.15,237.0,237.0,48825,1753248480
2025-07-23 10:59:00,CE,ATM-4,12.817187,1020825,24900.0,25122.45,238.75,241.2,237.35,239.6,27225,1753248540
2025-07-23 11:00:00,CE,ATM-4,13.699687,1027125,24900.0,25123.5,240.55,243.0,239.95,242.9,33000,1753248600
2025-07-23 11:01:00,CE,ATM-4,11.452265,1053075,24950.0,25134.55,197.0,207.8,197.0,202.25,170700,1753248660
2025-07-23 11:02:00,CE,ATM-4,12.422219,1053075,24950.0,25133.1,201.8,204.45,200.15,203.9,57375,1753248720
2025-07-23 11:03:00,CE,ATM-4,13.673683,1042725,24950.0,25136.75,203.9,211.15,203.9,211.15,182250,1753248780
2025-07-23 11:04:00,CE,ATM-4,12.952759,1042725,24950.0,25138.9,211.25,215.0,209.9,210.55,158100,1753248840
2025-07-23 11:05:00,CE,ATM-4,13.477446,1042725,24950.0,25134.45,210.95,213.95,207.6,208.5,78675,1753248900
2025-07-23 11:06:00,CE,ATM-4,14.03643,1011600,24950.0,25132.05,206.8,209.1,205.65,208.45,56850,1753248960
2025-07-23 11:07:00,CE,ATM-4,13.842387,1011600,24950.0,25131.95,209.65,210.4,205.75,207.65,44400,1753249020
2025-07-23 11:08:00,CE,ATM-4,14.012484,1011600,24950.0,25130.15,206.95,207.6,204.8,206.75,29550,1753249080
2025-07-23 11:09:00,CE,ATM-4,13.711401,1020150,24950.0,25132.85,206.2,209.55,205.7,207.9,37725,1753249140
2025-07-23 11:10:00,CE,ATM-4,14.138556,1020150,24950.0,25128.85,207.75,207.8,204.75,206.1,26550,1753249200
2025-07-23 11:11:00,CE,ATM-4,13.878666,1020150,24950.0,25130.2,206.1,206.6,202.85,206.25,33600,1753249260
2025-07-23 11:12:00,CE,ATM-4,14.059857,1013775,24950.0,25125.85,206.35,206.35,201.15,203.3,41400,1753249320
2025-07-23 11:13:00,CE,ATM-4,13.501283,1013775,24950.0,25129.1,203.05,205.2,202.2,203.95,18975,1753249380
2025-07-23 11:14:00,CE,ATM-4,13.658756,1013775,24950.0,25127.85,204.0,204.0,201.8,203.45,12450,1753249440
2025-07-23 11:15:00,CE,ATM-4,12.865255,1022850,24950.0,25126.65,203.55,205.0,199.65,199.65,37275,1753249500
2025-07-23 11:16:00,CE,ATM-4,13.02773,1022850,24950.0,25133.4,199.85,206.5,199.85,205.9,65625,1753249560
2025-07-23 11:17:00,CE,ATM-4,13.13406,1022850,24950.0,25133.65,205.4,207.75,205.4,206.45,44850,1753249620
2025-07-23 11:18:00,CE,ATM-4,12.939726,1030875,24950.0,25134.25,205.8,207.45,204.1,206.3,29925,1753249680
2025-07-23 11:19:00,CE,ATM-4,13.00195,1030875,24950.0,25136.9,207.0,209.45,207.0,208.75,47625,1753249740
2025-07-23 11:20:00,CE,ATM-4,15.374843,931725,24900.0,25115.55,253.25,253.25,240.4,240.85,138750,1753249800
2025-07-23 11:21:00,CE,ATM-4,17.100771,936675,24900.0,25105.75,240.7,241.95,234.05,238.9,133275,1753249860
2025-07-23 11:22:00,CE,ATM-4,14.994913,936675,24900.0,25117.0,240.0,242.1,238.55,240.8,62625,1753249920
2025-07-23 11:23:00,CE,ATM-4,14.816011,936675,24900.0,25116.0,240.8,240.8,237.15,239.35,21750,1753249980
2025-07-23 11:24:00,CE,ATM-4,14.126867,936600,24900.0,25117.85,238.7,239.5,237.9,238.8,25125,1753250040
2025-07-23 11:25:00,CE,ATM-4,12.543535,1012575,24950.0,25126.35,192.05,198.5,191.4,198.15,58500,1753250100
2025-07-23 11:26:00,CE,ATM-4,13.514276,936600,24900.0,25124.3,244.8,245.0,242.0,242.7,28950,1753250160
2025-07-23 11:27:00,CE,ATM-4,13.466253,939300,24900.0,25123.9,242.2,244.75,241.0,242.2,19950,1753250220
2025-07-23 11:28:00,CE,ATM-4,12.694796,1028025,24950.0,25126.7,195.4,199.3,195.4,198.9,29100,1753250280
2025-07-23 11:29:00,CE,ATM-4,12.428758,1028025,24950.0,25125.05,199.0,199.0,196.0,196.6,17475,1753250340
2025-07-23 11:30:00,CE,ATM-4,12.336495,1028025,24950.0,25129.45,196.9,201.5,196.9,200.05,44925,1753250400
2025-07-23 11:31:00,CE,ATM-4,13.892732,944175,24900.0,25124.85,245.0,246.75,240.8,244.15,30150,1753250460
2025-07-23 11:32:00,CE,ATM-4,14.216003,944175,24900.0,25124.45,244.15,246.95,243.0,244.7,27900,1753250520
2025-07-23 11:33:00,CE,ATM-4,12.678797,1045350,24950.0,25125.8,198.1,199.55,197.75,198.0,14475,1753250580
2025-07-23 11:34:00,CE,ATM-4,12.876271,1045350,24950.0,25126.75,198.0,199.8,196.8,199.45,14100,1753250640
2025-07-23 11:35:00,CE,ATM-4,13.1967,1045350,24950.0,25126.6,199.15,201.0,198.1,200.4,25050,1753250700
2025-07-23 11:36:00,CE,ATM-4,12.973271,1045350,24950.0,25128.0,200.0,202.6,199.65,200.8,37200,1753250760
2025-07-23 11:37:00,CE,ATM-4,14.270269,936825,24900.0,25124.65,247.55,248.1,244.95,244.95,11550,1753250820
2025-07-23 11:38:00,CE,ATM-4,12.854891,1025700,24950.0,25125.2,197.9,200.5,195.55,198.0,18825,1753250880
2025-07-23 11:39:00,CE,ATM-4,12.841822,1025700,24950.0,25125.45,198.0,198.5,196.3,198.15,5550,1753250940
2025-07-23 11:40:00,CE,ATM-4,13.760769,937200,24900.0,25123.5,245.0,245.15,242.0,242.45,20625,1753251000
2025-07-23 11:41:00,CE,ATM-4,13.654284,937200,24900.0,25120.4,242.6,242.6,238.95,239.4,40725,1753251060
2025-07-23 11:42:00,CE,ATM-4,13.635571,937200,24900.0,25120.25,240.0,241.0,239.2,239.2,11625,1753251120
2025-07-23 11:43:00,CE,ATM-4,13.88611,932700,24900.0,25121.4,238.25,240.9,236.35,240.9,46725,1753251180
2025-07-23 11:44:00,CE,ATM-4,12.916954,1025400,24950.0,25125.25,194.4,198.55,194.4,198.15,40350,1753251240
2025-07-23 11:45:00,CE,ATM-4,13.065754,1025400,24950.0,25126.45,198.15,199.65,196.5,199.65,38025,1753251300
2025-07-23 11:46:00,CE,ATM-4,12.775588,1039125,24950.0,25128.15,199.95,201.25,198.0,200.1,38250,1753251360
2025-07-23 11:47:00,CE,ATM-4,12.531498,1039125,24950.0,25126.7,200.1,200.3,197.8,198.05,15450,1753251420
2025-07-23 11:48:00,CE,ATM-4,12.507198,1039125,24950.0,25129.15,198.0,200.55,197.9,200.05,12600,1753251480
2025-07-23 11:49:00,CE,ATM-4,11.935405,1037625,24950.0,25131.5,200.05,200.8,199.0,200.3,20250,1753251540
2025-07-23 11:50:00,CE,ATM-4,12.113752,1037625,24950.0,25130.9,201.1,201.35,199.25,200.3,19800,1753251600
2025-07-23 11:51:00,CE,ATM-4,11.787305,1037625,24950.0,25129.8,200.25,201.8,198.35,198.35,22650,1753251660
2025-07-23 11:52:00,CE,ATM-4,12.179403,1052850,24950.0,25125.6,198.0,199.5,194.2,195.9,44325,1753251720
2025-07-23 11:53:00,CE,ATM-4,12.046451,1052850,24950.0,25129.4,195.85,199.65,195.85,198.75,18900,1753251780
2025-07-23 11:54:00,CE,ATM-4,12.692185,1052850,24950.0,25128.45,198.75,200.55,197.4,199.95,11100,1753251840
2025-07-23 11:55:00,CE,ATM-4,12.868864,1044675,24950.0,25130.2,199.95,202.7,199.95,202.0,32325,1753251900
2025-07-23 11:56:00,CE,ATM-4,13.152565,1044675,24950.0,25130.0,201.15,202.9,201.0,202.75,14700,1753251960
2025-07-23 11:57:00,CE,ATM-4,13.042302,1044675,24950.0,25137.25,202.75,209.6,202.75,208.55,107700,1753252020
2025-07-23 11:58:00,CE,ATM-4,13.527814,1013025,24950.0,25135.65,209.05,210.5,207.6,208.75,67350,1753252080
2025-07-23 11:59:00,CE,ATM-4,13.4116,1013025,24950.0,25135.3,207.25,208.85,206.0,208.05,38175,1753252140
2025-07-23 12:00:00,CE,ATM-4,12.971753,1013025,24950.0,25141.05,208.25,213.25,208.25,211.55,76875,1753252200
2025-07-23 12:01:00,CE,ATM-4,12.838489,1000875,24950.0,25147.0,211.6,220.7,210.7,216.3,145275,1753252260
2025-07-23 12:02:00,CE,ATM-4,13.195832,1000875,24950.0,25147.75,216.75,223.65,216.75,218.0,81825,1753252320
2025-07-23 12:03:00,CE,ATM-4,13.851908,1000875,24950.0,25148.6,219.0,226.6,218.7,220.75,111300,1753252380
2025-07-23 12:04:00,CE,ATM-4,14.043951,961275,24950.0,25152.4,220.85,224.9,220.2,224.6,63375,1753252440
2025-07-23 12:05:00,CE,ATM-4,14.047338,961275,24950.0,25152.0,227.2,230.75,222.75,224.25,106500,1753252500
2025-07-23 12:06:00,CE,ATM-4,14.068401,961275,24950.0,25153.05,225.05,227.9,224.0,225.2,47175,1753252560
2025-07-23 12:07:00,CE,ATM-4,13.30528,925050,24950.0,25152.7,226.0,226.5,221.8,222.55,36225,1753252620
2025-07-23 12:08:00,CE,ATM-4,13.747872,925050,24950.0,25154.3,223.3,227.2,222.3,225.25,30225,1753252680
2025-07-23 12:09:00,CE,ATM-4,14.479357,925050,24950.0,25158.65,225.9,237.0,225.85,231.25,100650,1753252740
2025-07-23 12:10:00,CE,ATM-4,14.783665,907350,24950.0,25159.7,232.0,236.8,231.1,233.1,69675,1753252800
2025-07-23 12:11:00,CE,ATM-4,13.819523,907350,24950.0,25158.95,232.4,234.5,229.45,229.45,46875,1753252860
2025-07-23 12:12:00,CE,ATM-4,15.990717,907350,24950.0,25140.85,230.4,230.4,221.0,221.55,73350,1753252920
2025-07-23 12:13:00,CE,ATM-4,17.653547,880050,24950.0,25137.35,221.1,225.4,217.4,225.25,97425,1753252980
2025-07-23 12:14:00,CE,ATM-4,14.947463,880050,24950.0,25151.85,225.95,227.9,224.8,226.9,66300,1753253040
2025-07-23 12:15:00,CE,ATM-4,13.327155,880050,24950.0,25160.65,226.9,232.6,226.25,229.45,75225,1753253100
2025-07-23 12:16:00,CE,ATM-4,12.900208,885825,24950.0,25163.05,229.8,233.15,229.25,230.4,48000,1753253160
2025-07-23 12:17:00,CE,ATM-4,14.45457,885825,24950.0,25167.3,231.4,238.5,231.25,238.5,43725,1753253220
2025-07-23 12:18:00,CE,ATM-4,13.628494,885825,24950.0,25167.75,237.95,240.0,233.3,236.5,88275,1753253280
2025-07-23 12:19:00,CE,ATM-4,14.1855,861900,24950.0,25168.65,236.25,238.85,235.15,238.85,36675,1753253340
2025-07-23 12:20:00,CE,ATM-4,13.130113,861900,24950.0,25171.8,237.4,241.4,235.95,238.75,50100,1753253400
2025-07-23 12:21:00,CE,ATM-4,14.236845,861900,24950.0,25172.8,239.0,242.6,235.5,242.6,44175,1753253460
2025-07-23 12:22:00,CE,ATM-4,12.810283,826650,24950.0,25170.55,241.8,241.8,236.8,236.8,47400,1753253520
2025-07-23 12:23:00,CE,ATM-4,12.242321,4265175,25000.0,25175.95,191.75,196.0,191.75,196.0,248100,1753253580
2025-07-23 12:24:00,CE,ATM-4,11.675824,4265175,25000.0,25176.45,195.5,197.4,193.1,194.7,232425,1753253640
2025-07-23 12:25:00,CE,ATM-4,13.197293,814200,24950.0,25173.7,241.35,241.45,237.6,240.55,26175,1753253700
2025-07-23 12:26:00,CE,ATM-4,12.642222,814200,24950.0,25171.45,240.0,240.05,237.15,237.15,13500,1753253760
2025-07-23 12:27:00,CE,ATM-4,13.181526,814200,24950.0,25171.6,237.0,238.6,233.0,238.6,38025,1753253820
2025-07-23 12:28:00,CE,ATM-4,12.711627,802650,24950.0,25171.85,239.0,241.25,237.65,237.65,19200,1753253880
2025-07-23 12:29:00,CE,ATM-4,13.118348,802650,24950.0,25173.65,237.9,240.25,237.7,240.25,6075,1753253940
2025-07-23 12:30:00,CE,ATM-4,12.404488,802650,24950.0,25170.8,240.3,240.3,234.7,235.95,15450,1753254000
2025-07-23 12:31:00,CE,ATM-4,13.238886,804750,24950.0,25169.15,235.95,237.25,234.15,236.5,16350,1753254060
2025-07-23 12:32:00,CE,ATM-4,13.053551,804750,24950.0,25171.65,236.5,240.65,236.3,238.25,11400,1753254120
2025-07-23 12:33:00,CE,ATM-4,12.540269,804750,24950.0,25170.55,238.25,238.75,236.0,236.0,3675,1753254180
2025-07-23 12:34:00,CE,ATM-4,13.113482,803925,24950.0,25168.05,236.0,236.0,232.25,235.15,15975,1753254240
2025-07-23 12:35:00,CE,ATM-4,13.643684,803925,24950.0,25173.25,235.0,241.85,235.0,241.15,46200,1753254300
2025-07-23 12:36:00,CE,ATM-4,13.868742,803925,24950.0,25172.25,241.8,241.9,237.65,240.85,17250,1753254360
2025-07-23 12:37:00,CE,ATM-4,12.233243,3998250,25000.0,25181.1,194.15,203.8,194.15,200.2,667950,1753254420
2025-07-23 12:38:00,CE,ATM-4,13.190564,3998250,25000.0,25183.65,201.6,207.5,200.55,205.35,373050,1753254480
2025-07-23 12:39:00,CE,ATM-4,14.052602,3998250,25000.0,25185.8,206.7,212.45,206.7,210.0,536625,1753254540
2025-07-23 12:40:00,CE,ATM-4,13.044158,3694350,25000.0,25182.95,209.35,209.75,204.2,204.25,297000,1753254600
2025-07-23 12:41:00,CE,ATM-4,13.679359,3694350,25000.0,25184.6,204.0,208.75,204.0,207.7,144825,1753254660
2025-07-23 12:42:00,CE,ATM-4,13.906299,3694350,25000.0,25179.9,207.15,207.7,202.75,204.5,151350,1753254720
2025-07-23 12:43:00,CE,ATM-4,13.492096,3624975,25000.0,25178.15,204.25,204.75,200.65,201.6,159300,1753254780
2025-07-23 12:44:00,CE,ATM-4,15.125561,736350,24950.0,25172.45,249.1,249.1,244.5,244.5,24825,1753254840
2025-07-23 12:45:00,CE,ATM-4,15.306724,736350,24950.0,25174.15,244.0,248.0,243.55,246.5,22275,1753254900
2025-07-23 12:46:00,CE,ATM-4,14.890318,736500,24950.0,25168.4,245.6,245.6,239.45,240.25,37800,1753254960
2025-07-23 12:47:00,CE,ATM-4,15.359902,736500,24950.0,25168.25,239.85,241.6,239.0,241.55,16500,1753255020
2025-07-23 12:48:00,CE,ATM-4,15.130668,736500,24950.0,25169.1,241.55,242.75,239.3,241.55,9975,1753255080
2025-07-23 12:49:00,CE,ATM-4,15.376564,732900,24950.0,25172.25,241.55,245.0,240.95,245.0,11700,1753255140
2025-07-23 12:50:00,CE,ATM-4,15.368688,732900,24950.0,25173.75,245.4,247.5,243.85,246.25,17475,1753255200
2025-07-23 12:51:00,CE,ATM-4,14.689128,732900,24950.0,25167.7,245.75,245.75,238.5,238.95,15450,1753255260
2025-07-23 12:52:00,CE,ATM-4,15.374342,732300,24950.0,25167.55,238.4,240.9,236.2,240.9,22050,1753255320
2025-07-23 12:53:00,CE,ATM-4,15.508063,732300,24950.0,25168.95,241.15,242.5,239.55,242.5,6075,1753255380
2025-07-23 12:54:00,CE,ATM-4,15.038738,732300,24950.0,25165.55,242.5,242.5,238.1,238.1,7875,1753255440
2025-07-23 12:55:00,CE,ATM-4,15.656595,733875,24950.0,25166.45,238.05,240.8,237.6,240.8,10350,1753255500
2025-07-23 12:56:00,CE,ATM-4,15.27113,733875,24950.0,25170.05,240.15,243.0,240.15,242.65,7275,1753255560
2025-07-23 12:57:00,CE,ATM-4,14.706997,733875,24950.0,25168.05,243.3,244.55,238.4,239.2,10875,1753255620
2025-07-23 12:58:00,CE,ATM-4,14.552741,737700,24950.0,25166.35,239.9,242.3,237.25,237.25,4800,1753255680
2025-07-23 12:59:00,CE,ATM-4,14.855621,737700,24950.0,25168.85,238.05,240.45,238.05,240.3,6300,1753255740
2025-07-23 13:00:00,CE,ATM-4,15.140585,737700,24950.0,25171.35,240.3,243.75,239.85,243.3,11475,1753255800
2025-07-23 13:01:00,CE,ATM-4,13.82825,3636975,25000.0,25176.7,197.2,201.9,197.2,201.2,291525,1753255860
2025-07-23 13:02:00,CE,ATM-4,13.561803,3636975,25000.0,25181.25,201.5,204.45,201.15,204.1,248250,1753255920
2025-07-23 13:03:00,CE,ATM-4,13.346716,3636975,25000.0,25177.85,205.0,205.0,199.45,200.5,189225,1753255980
2025-07-23 13:04:00,CE,ATM-4,13.722686,3582675,25000.0,25177.5,200.85,202.15,200.85,201.45,70950,1753256040
2025-07-23 13:05:00,CE,ATM-4,13.852718,3582675,25000.0,25176.45,201.95,201.95,199.25,201.0,83100,1753256100
2025-07-23 13:06:00,CE,ATM-4,13.55248,3582675,25000.0,25175.25,200.3,200.8,197.4,198.95,90150,1753256160
2025-07-23 13:07:00,CE,ATM-4,14.46675,714825,24950.0,25171.0,245.5,245.5,238.4,240.9,61800,1753256220
2025-07-23 13:08:00,CE,ATM-4,15.04137,714825,24950.0,25170.65,240.9,242.8,240.9,242.25,7875,1753256280
2025-07-23 13:09:00,CE,ATM-4,14.943255,714825,24950.0,25169.45,242.25,242.35,238.9,240.9,6975,1753256340
2025-07-23 13:10:00,CE,ATM-4,15.426719,732600,24950.0,25165.25,240.9,241.5,238.0,238.75,9975,1753256400
2025-07-23 13:11:00,CE,ATM-4,15.31124,732600,24950.0,25161.6,238.75,238.75,234.35,235.25,21225,1753256460
2025-07-23 13:12:00,CE,ATM-4,15.416077,732600,24950.0,25160.7,235.55,236.9,233.0,234.8,14850,1753256520
2025-07-23 13:13:00,CE,ATM-4,15.811195,735075,24950.0,25162.75,234.8,237.8,231.8,237.8,23100,1753256580
2025-07-23 13:14:00,CE,ATM-4,15.404665,735075,24950.0,25159.2,237.8,237.8,233.0,233.45,7050,1753256640
2025-07-23 13:15:00,CE,ATM-4,15.944183,735075,24950.0,25158.3,233.45,234.45,230.9,234.45,17475,1753256700
2025-07-23 13:16:00,CE,ATM-4,14.956144,734925,24950.0,25166.2,234.25,239.85,233.6,238.0,25125,1753256760
2025-07-23 13:17:00,CE,ATM-4,15.225084,734925,24950.0,25165.5,237.8,240.6,236.45,238.2,14550,1753256820
2025-07-23 13:18:00,CE,ATM-4,14.68863,734925,24950.0,25163.7,238.2,238.2,234.0,235.0,11850,1753256880
2025-07-23 13:19:00,CE,ATM-4,14.83815,736275,24950.0,25163.2,235.0,235.5,232.35,235.0,5775,1753256940
2025-07-23 13:20:00,CE,ATM-4,15.251895,736275,24950.0,25167.1,235.1,240.65,234.95,239.6,11400,1753257000
2025-07-23 13:21:00,CE,ATM-4,15.018525,736275,24950.0,25166.9,240.6,242.55,238.7,238.7,29850,1753257060
2025-07-23 13:22:00,CE,ATM-4,15.613074,737325,24950.0,25149.9,238.8,238.8,224.65,226.15,60000,1753257120
2025-07-23 13:23:00,CE,ATM-4,18.330417,737325,24950.0,25144.35,226.15,233.4,223.4,231.65,40200,1753257180
2025-07-23 13:24:00,CE,ATM-4,15.820482,737325,24950.0,25156.1,230.15,237.3,230.15,232.0,37050,1753257240
2025-07-23 13:25:00,CE,ATM-4,15.811823,730575,24950.0,25159.25,232.3,234.9,231.75,234.6,9600,1753257300
2025-07-23 13:26:00,CE,ATM-4,15.215508,730575,24950.0,25161.65,234.6,236.35,234.05,234.7,10725,1753257360
2025-07-23 13:27:00,CE,ATM-4,16.131493,730575,24950.0,25159.7,234.7,236.65,234.7,236.0,3075,1753257420
2025-07-23 13:28:00,CE,ATM-4,15.755717,729600,24950.0,25164.5,236.0,238.85,235.05,238.8,8550,1753257480
2025-07-23 13:29:00,CE,ATM-4,14.754505,729600,24950.0,25167.05,238.8,240.0,235.8,237.9,30600,1753257540
2025-07-23 13:30:00,CE,ATM-4,14.072753,729600,24950.0,25173.85,237.9,242.25,237.85,241.95,20400,1753257600
2025-07-23 13:31:00,CE,ATM-4,13.869857,732450,24950.0,25171.2,242.6,243.55,239.05,239.05,67425,1753257660
2025-07-23 13:32:00,CE,ATM-4,13.870048,732450,24950.0,25173.3,239.8,241.3,239.3,240.9,6675,1753257720
2025-07-23 13:33:00,CE,ATM-4,13.96596,732450,24950.0,25173.6,240.65,242.6,240.5,241.4,11550,1753257780
2025-07-23 13:34:00,CE,ATM-4,12.841837,3586875,25000.0,25176.05,195.5,197.0,194.3,196.8,111225,1753257840
2025-07-23 13:35:00,CE,ATM-4,12.669793,3586875,25000.0,25179.2,197.25,199.8,196.6,198.95,247500,1753257900
2025-07-23 13:36:00,CE,ATM-4,12.653299,3586875,25000.0,25177.3,199.25,199.25,193.75,197.25,142125,1753257960
2025-07-23 13:37:00,CE,ATM-4,12.638039,3556200,25000.0,25179.35,197.6,199.0,196.1,198.95,109500,1753258020
2025-07-23 13:38:00,CE,ATM-4,13.182848,3556200,25000.0,25178.15,199.25,200.8,198.2,199.6,144450,1753258080
2025-07-23 13:39:00,CE,ATM-4,14.726748,728100,24950.0,25172.05,246.45,248.95,242.0,242.0,24750,1753258140
2025-07-23 13:40:00,CE,ATM-4,14.97176,720750,24950.0,25171.9,243.5,244.45,239.65,242.55,17925,1753258200
2025-07-23 13:41:00,CE,ATM-4,13.235981,3498525,25000.0,25177.6,196.15,199.7,194.7,199.25,124500,1753258260
2025-07-23 13:42:00,CE,ATM-4,14.336547,720750,24950.0,25173.05,245.35,245.75,241.75,241.75,4350,1753258320
2025-07-23 13:43:00,CE,ATM-4,15.015843,723000,24950.0,25172.85,241.75,245.0,241.75,243.45,7425,1753258380
2025-07-23 13:44:00,CE,ATM-4,15.38428,723000,24950.0,25169.95,243.45,243.6,241.05,242.0,6300,1753258440
2025-07-23 13:45:00,CE,ATM-4,14.74142,723000,24950.0,25173.95,242.15,245.15,241.65,243.6,3450,1753258500
2025-07-23 13:46:00,CE,ATM-4,14.758992,723900,24950.0,25173.8,243.6,244.75,241.25,243.5,5925,1753258560
2025-07-23 13:47:00,CE,ATM-4,13.372916,3530400,25000.0,25176.2,197.25,199.8,197.25,198.4,66750,1753258620
2025-07-23 13:48:00,CE,ATM-4,15.307121,723900,24950.0,25172.5,246.0,246.0,242.95,243.9,4650,1753258680
2025-07-23 13:49:00,CE,ATM-4,14.503218,723600,24950.0,25170.45,242.0,242.85,237.55,239.8,20700,1753258740
2025-07-23 13:50:00,CE,ATM-4,13.314966,3533775,25000.0,25176.25,194.0,198.2,193.75,198.2,112725,1753258800
2025-07-23 13:51:00,CE,ATM-4,15.138791,723600,24950.0,25174.85,244.85,245.85,243.65,245.4,8325,1753258860
2025-07-23 13:52:00,CE,ATM-4,14.040765,3494550,25000.0,25180.35,198.15,207.35,198.05,204.0,371325,1753258920
2025-07-23 13:53:00,CE,ATM-4,13.942254,3494550,25000.0,25181.95,204.1,208.95,204.1,205.0,272025,1753258980
2025-07-23 13:54:00,CE,ATM-4,14.682561,3494550,25000.0,25183.85,205.65,209.05,204.35,209.05,183600,1753259040
2025-07-23 13:55:00,CE,ATM-4,14.340576,3524700,25000.0,25180.05,206.75,207.05,203.2,204.7,155475,1753259100
2025-07-23 13:56:00,CE,ATM-4,13.923449,3524700,25000.0,25186.7,205.2,210.6,204.6,208.9,265200,1753259160
2025-07-23 13:57:00,CE,ATM-4,14.049417,3524700,25000.0,25185.95,208.9,210.9,207.0,208.65,161775,1753259220
2025-07-23 13:58:00,CE,ATM-4,14.497671,3571725,25000.0,25187.2,209.1,211.15,205.35,211.15,141900,1753259280
2025-07-23 13:59:00,CE,ATM-4,13.836023,3571725,25000.0,25191.6,213.0,219.9,212.15,212.75,495825,1753259340
2025-07-23 14:00:00,CE,ATM-4,13.791434,3571725,25000.0,25185.75,212.45,214.4,205.7,207.6,433500,1753259400
2025-07-23 14:01:00,CE,ATM-4,13.710302,3397500,25000.0,25190.05,207.9,211.4,207.6,211.0,141900,1753259460
2025-07-23 14:02:00,CE,ATM-4,14.188265,3397500,25000.0,25190.55,211.7,213.5,210.85,212.9,170025,1753259520
2025-07-23 14:03:00,CE,ATM-4,13.650889,3397500,25000.0,25186.8,212.2,212.2,208.0,208.0,107850,1753259580
2025-07-23 14:04:00,CE,ATM-4,14.208054,3402000,25000.0,25186.15,208.95,210.95,208.7,209.2,71400,1753259640
2025-07-23 14:05:00,CE,ATM-4,14.075853,3402000,25000.0,25186.5,209.25,209.4,206.35,209.05,99675,1753259700
2025-07-23 14:06:00,CE,ATM-4,14.266078,3402000,25000.0,25185.2,209.7,211.35,208.3,208.55,79200,1753259760
2025-07-23 14:07:00,CE,ATM-4,13.890117,3377850,25000.0,25189.0,209.0,211.1,208.35,210.55,52650,1753259820
2025-07-23 14:08:00,CE,ATM-4,14.153338,3377850,25000.0,25187.1,211.45,211.45,206.9,209.75,79200,1753259880
2025-07-23 14:09:00,CE,ATM-4,12.887528,3377850,25000.0,25186.1,209.8,210.1,204.85,205.0,83625,1753259940
2025-07-23 14:10:00,CE,ATM-4,13.477551,3372075,25000.0,25187.1,205.5,208.35,205.05,207.6,88275,1753260000
2025-07-23 14:11:00,CE,ATM-4,13.88182,3372075,25000.0,25187.65,206.9,209.7,206.9,209.3,57825,1753260060
2025-07-23 14:12:00,CE,ATM-4,14.164997,3372075,25000.0,25186.85,209.15,210.7,208.1,209.5,67950,1753260120
2025-07-23 14:13:00,CE,ATM-4,15.44458,3363150,25000.0,25194.3,209.15,219.95,208.85,219.95,288375,1753260180
2025-07-23 14:14:00,CE,ATM-4,13.855173,3363150,25000.0,25208.05,219.1,226.95,219.0,226.8,511125,1753260240
2025-07-23 14:15:00,CE,ATM-4,6.691485,3363150,25000.0,25216.05,226.4,229.0,220.25,223.45,442575,1753260300
2025-07-23 14:16:00,CE,ATM-4,11.812815,3263700,25000.0,25202.75,224.05,224.05,216.85,216.9,217350,1753260360
2025-07-23 14:17:00,CE,ATM-4,12.47609,3263700,25000.0,25203.7,216.2,220.25,216.2,219.3,103125,1753260420
2025-07-23 14:18:00,CE,ATM-4,12.647837,3263700,25000.0,25205.2,218.9,222.25,218.8,221.05,113625,1753260480
2025-07-23 14:19:00,CE,ATM-4,11.035604,3252000,25000.0,25205.6,222.0,222.0,217.85,217.85,93750,1753260540
2025-07-23 14:20:00,CE,ATM-4,12.03648,3252000,25000.0,25207.6,218.55,222.8,218.55,221.75,107475,1753260600
2025-07-23 14:21:00,CE,ATM-4,11.789775,3252000,25000.0,25208.15,222.05,223.0,220.2,221.7,69075,1753260660
2025-07-23 14:22:00,CE,ATM-4,11.69976,3244650,25000.0,25200.25,221.45,222.6,214.3,214.3,173175,1753260720
2025-07-23 14:23:00,CE,ATM-4,11.943611,3244650,25000.0,25203.85,214.8,219.9,214.8,218.1,83400,1753260780
2025-07-23 14:24:00,CE,ATM-4,12.327557,3244650,25000.0,25202.15,217.25,218.55,216.7,217.45,59025,1753260840
2025-07-23 14:25:00,CE,ATM-4,12.329229,3206475,25000.0,25198.7,218.05,219.0,211.9,214.35,138375,1753260900
2025-07-23 14:26:00,CE,ATM-4,12.359539,3206475,25000.0,25198.8,215.0,215.95,214.25,214.5,55575,1753260960
2025-07-23 14:27:00,CE,ATM-4,12.424503,3206475,25000.0,25197.85,214.3,214.7,213.0,213.8,56250,1753261020
2025-07-23 14:28:00,CE,ATM-4,11.748799,3195750,25000.0,25197.95,213.8,213.8,210.95,212.25,106500,1753261080
2025-07-23 14:29:00,CE,ATM-4,12.23034,3195750,25000.0,25195.4,212.55,214.3,209.2,211.1,110325,1753261140
2025-07-23 14:30:00,CE,ATM-4,12.518819,3195750,25000.0,25198.25,210.0,215.8,209.8,214.35,159300,1753261200
2025-07-23 14:31:00,CE,ATM-4,12.49803,3217050,25000.0,25200.4,214.55,218.2,213.4,216.2,141675,1753261260
2025-07-23 14:32:00,CE,ATM-4,12.611692,3217050,25000.0,25202.9,216.0,218.9,216.0,218.7,117600,1753261320
2025-07-23 14:33:00,CE,ATM-4,12.83267,3217050,25000.0,25203.7,218.0,222.0,218.0,219.95,186450,1753261380
2025-07-23 14:34:00,CE,ATM-4,11.874326,3168300,25000.0,25205.5,220.15,220.65,218.5,219.3,87450,1753261440
2025-07-23 14:35:00,CE,ATM-4,12.935962,3168300,25000.0,25208.6,219.45,226.15,219.45,224.55,223425,1753261500
2025-07-23 14:36:00,CE,ATM-4,11.45391,3168300,25000.0,25207.8,224.8,226.0,215.3,220.5,235725,1753261560
2025-07-23 14:37:00,CE,ATM-4,11.569074,3147000,25000.0,25209.9,220.15,223.4,219.2,222.65,134625,1753261620
2025-07-23 14:38:00,CE,ATM-4,11.264638,3147000,25000.0,25209.85,222.25,225.9,221.55,222.0,114150,1753261680
2025-07-23 14:39:00,CE,ATM-4,12.012029,3147000,25000.0,25210.95,222.65,224.65,221.65,224.5,63525,1753261740
2025-07-23 14:40:00,CE,ATM-4,12.120203,3149100,25000.0,25203.05,223.9,223.9,217.0,217.55,137100,1753261800
2025-07-23 14:41:00,CE,ATM-4,12.10194,3149100,25000.0,25206.7,217.85,221.9,217.85,220.8,90600,1753261860
2025-07-23 14:42:00,CE,ATM-4,12.467575,3149100,25000.0,25204.9,220.7,221.0,217.8,220.0,56775,1753261920
2025-07-23 14:43:00,CE,ATM-4,11.880655,3140925,25000.0,25208.3,220.15,223.8,220.15,221.75,127275,1753261980
2025-07-23 14:44:00,CE,ATM-4,11.243114,3140925,25000.0,25210.4,222.3,223.65,220.95,222.4,46050,1753262040
2025-07-23 14:45:00,CE,ATM-4,10.905307,3140925,25000.0,25210.1,221.6,223.45,220.05,221.5,56100,1753262100
2025-07-23 14:46:00,CE,ATM-4,11.128952,3152250,25000.0,25211.35,220.7,224.95,219.3,223.05,97800,1753262160
2025-07-23 14:47:00,CE,ATM-4,11.562643,3152250,25000.0,25208.85,222.65,223.55,219.5,221.55,56025,1753262220
2025-07-23 14:48:00,CE,ATM-4,10.793216,3152250,25000.0,25211.25,221.55,223.5,219.4,222.35,99225,1753262280
2025-07-23 14:49:00,CE,ATM-4,10.78995,3147075,25000.0,25211.0,222.9,222.95,219.75,222.1,115500,1753262340
2025-07-23 14:50:00,CE,ATM-4,11.044462,3147075,25000.0,25207.85,221.45,223.0,219.6,219.6,77475,1753262400
2025-07-23 14:51:00,CE,ATM-4,11.422072,3147075,25000.0,25206.0,219.05,220.8,217.4,218.6,86325,1753262460
2025-07-23 14:52:00,CE,ATM-4,12.250185,3136425,25000.0,25204.95,218.05,219.4,215.25,219.4,124575,1753262520
2025-07-23 14:53:00,CE,ATM-4,11.712103,3136425,25000.0,25204.45,218.35,219.1,216.6,217.75,38025,1753262580
2025-07-23 14:54:00,CE,ATM-4,11.940755,3136425,25000.0,25207.0,218.2,220.75,216.65,220.55,64425,1753262640
2025-07-23 14:55:00,CE,ATM-4,12.138809,3118500,25000.0,25206.1,220.35,221.3,217.85,220.15,54450,1753262700
2025-07-23 14:56:00,CE,ATM-4,12.786365,3118500,25000.0,25208.4,220.35,224.75,220.1,223.7,116550,1753262760
2025-07-23 14:57:00,CE,ATM-4,12.065315,3118500,25000.0,25213.65,223.4,232.3,223.4,226.85,284775,1753262820
2025-07-23 14:58:00,CE,ATM-4,12.833307,3032700,25000.0,25214.25,227.5,230.25,226.0,229.05,144375,1753262880
2025-07-23 14:59:00,CE,ATM-4,13.596676,3032700,25000.0,25212.55,229.65,230.0,225.05,229.35,139275,1753262940
2025-07-23 15:00:00,CE,ATM-4,0.0,3032700,25000.0,25224.95,228.85,235.0,226.6,231.5,342375,1753263000
2025-07-23 15:01:00,CE,ATM-4,6.344261,1882725,25050.0,25225.85,185.55,188.95,183.0,183.3,254100,1753263060
2025-07-23 15:02:00,CE,ATM-4,8.18961,1882725,25050.0,25226.5,183.8,186.75,182.45,185.55,115650,1753263120
2025-07-23 15:03:00,CE,ATM-4,6.102644,1882725,25050.0,25228.25,186.25,188.0,184.45,185.55,141900,1753263180
2025-07-23 15:04:00,CE,ATM-4,0.0,2927925,25000.0,25224.9,233.15,233.75,230.0,230.55,77100,1753263240
2025-07-23 15:05:00,CE,ATM-4,6.189486,1830525,25050.0,25230.3,183.4,189.3,182.9,187.6,167325,1753263300
2025-07-23 15:06:00,CE,ATM-4,0.0,1830525,25050.0,25229.1,187.75,187.75,184.65,185.75,92775,1753263360
2025-07-23 15:07:00,CE,ATM-4,0.0,1771575,25050.0,25229.5,185.45,186.6,184.4,185.9,55500,1753263420
2025-07-23 15:08:00,CE,ATM-4,0.0,1771575,25050.0,25230.15,185.05,187.0,184.95,186.1,54450,1753263480
2025-07-23 15:09:00,CE,ATM-4,0.0,1771575,25050.0,25231.05,186.55,186.55,184.05,185.5,70650,1753263540
2025-07-23 15:10:00,CE,ATM-4,8.041033,1739550,25050.0,25226.55,185.75,186.45,182.0,185.35,102900,1753263600
2025-07-23 15:11:00,CE,ATM-4,7.685207,1739550,25050.0,25230.8,185.3,189.5,184.7,189.05,159525,1753263660
2025-07-23 15:12:00,CE,ATM-4,8.657996,1739550,25050.0,25231.45,189.25,192.0,188.1,190.8,143400,1753263720
2025-07-23 15:13:00,CE,ATM-4,8.607534,1607325,25050.0,25230.9,189.6,190.55,188.35,190.2,81225,1753263780
2025-07-23 15:14:00,CE,ATM-4,7.55341,1607325,25050.0,25229.35,189.2,189.4,187.25,187.5,72000,1753263840
2025-07-23 15:15:00,CE,ATM-4,7.200293,1607325,25050.0,25227.1,187.65,187.65,183.8,185.0,166500,1753263900
2025-07-23 15:16:00,CE,ATM-4,8.555921,1544100,25050.0,25227.0,186.0,188.15,185.45,186.4,58800,1753263960
2025-07-23 15:17:00,CE,ATM-4,7.267101,1544100,25050.0,25228.65,186.6,187.95,185.65,186.55,56175,1753264020
2025-07-23 15:18:00,CE,ATM-4,11.285171,2656125,25000.0,25219.05,233.9,233.9,230.15,230.15,97725,1753264080
2025-07-23 15:19:00,CE,ATM-4,12.284838,2609400,25000.0,25218.65,230.2,233.0,230.2,231.6,67350,1753264140
2025-07-23 15:20:00,CE,ATM-4,11.253985,2609400,25000.0,25222.7,231.15,234.2,229.1,233.5,134625,1753264200
2025-07-23 15:21:00,CE,ATM-4,11.141554,2609400,25000.0,25220.4,233.35,233.6,231.15,231.15,42375,1753264260
2025-07-23 15:22:00,CE,ATM-4,9.612805,2516475,25000.0,25223.85,231.15,232.95,230.15,232.45,67350,1753264320
2025-07-23 15:23:00,CE,ATM-4,9.634338,2516475,25000.0,25224.25,232.45,233.35,232.0,232.85,47625,1753264380
2025-07-23 15:24:00,CE,ATM-4,10.942115,2516475,25000.0,25221.45,232.9,232.9,231.0,231.8,47025,1753264440
2025-07-23 15:25:00,CE,ATM-4,12.104355,2476275,25000.0,25220.2,230.6,232.9,230.6,232.6,99150,1753264500
2025-07-23 15:26:00,CE,ATM-4,13.085772,2476275,25000.0,25218.1,232.25,232.9,231.5,232.7,129825,1753264560
2025-07-23 15:27:00,CE,ATM-4,13.146497,2476275,25000.0,25218.85,232.6,233.8,232.6,233.5,64050,1753264620
2025-07-23 15:28:00,CE,ATM-4,15.097094,2417250,25000.0,25212.45,233.55,233.55,232.15,232.8,63300,1753264680
2025-07-23 15:29:00,CE,ATM-4,16.5784,2417250,25000.0,25209.2,232.7,234.9,232.7,234.5,112350,1753264740
2025-07-24 09:15:00,CE,ATM-4,22.548186,2313300,25000.0,25219.5,240.05,243.7,222.0,226.1,191100,1753328700
2025-07-24 09:16:00,CE,ATM-4,0.0,2313300,25000.0,25221.2,223.05,229.9,221.15,221.95,167925,1753328760
2025-07-24 09:17:00,CE,ATM-4,20.690052,2313300,25000.0,25211.7,221.95,224.7,213.55,217.15,174150,1753328820
2025-07-24 09:18:00,CE,ATM-4,23.173926,2355750,25000.0,25204.9,215.95,215.95,209.0,213.2,227025,1753328880
2025-07-24 09:19:00,CE,ATM-4,22.81183,2355750,25000.0,25203.45,210.45,214.8,208.3,211.45,124575,1753328940
2025-07-24 09:20:00,CE,ATM-4,0.0,2355750,25000.0,25212.45,210.2,215.0,204.75,212.0,319725,1753329000
2025-07-24 09:21:00,CE,ATM-4,0.0,2504625,25000.0,25206.8,211.35,212.0,206.25,206.65,130275,1753329060
2025-07-24 09:22:00,CE,ATM-4,0.0,2504625,25000.0,25208.35,206.15,210.2,204.2,209.65,97350,1753329120
2025-07-24 09:23:00,CE,ATM-4,20.999537,2504625,25000.0,25204.65,209.1,210.8,206.05,210.65,78375,1753329180
2025-07-24 09:24:00,CE,ATM-4,24.44595,2516250,25000.0,25200.0,211.6,212.75,205.5,210.0,132450,1753329240
2025-07-24 09:25:00,CE,ATM-4,16.995209,2516250,25000.0,25204.7,208.1,211.15,206.3,207.9,140625,1753329300
2025-07-24 09:26:00,CE,ATM-4,18.216175,2516250,25000.0,25199.15,208.1,209.25,200.3,203.25,190275,1753329360
2025-07-24 09:27:00,CE,ATM-4,25.313332,2617275,25000.0,25189.0,202.6,203.0,197.5,201.25,165825,1753329420
2025-07-24 09:28:00,CE,ATM-4,24.579989,2617275,25000.0,25191.7,200.45,204.25,195.0,202.6,216450,1753329480
2025-07-24 09:29:00,CE,ATM-4,23.306046,2617275,25000.0,25188.65,201.15,202.4,198.2,198.25,101550,1753329540
2025-07-24 09:30:00,CE,ATM-4,24.153875,2676150,25000.0,25188.3,198.9,202.45,196.75,198.95,126150,1753329600
2025-07-24 09:31:00,CE,ATM-4,24.514777,2676150,25000.0,25188.45,197.35,202.0,196.3,199.5,97050,1753329660
2025-07-24 09:32:00,CE,ATM-4,21.369702,2676150,25000.0,25189.25,200.35,202.95,196.5,196.5,105900,1753329720
2025-07-24 09:33:00,CE,ATM-4,24.9516,2685375,25000.0,25186.2,196.7,200.15,196.45,198.0,87825,1753329780
2025-07-24 09:34:00,CE,ATM-4,24.430593,2685375,25000.0,25185.45,197.4,198.65,192.0,196.6,210300,1753329840
2025-07-24 09:35:00,CE,ATM-4,23.452396,2685375,25000.0,25187.85,194.85,199.95,194.65,197.45,122700,1753329900
2025-07-24 09:36:00,CE,ATM-4,23.503984,2730150,25000.0,25191.35,197.85,201.8,196.2,200.6,121800,1753329960
2025-07-24 09:37:00,CE,ATM-4,20.110748,2730150,25000.0,25193.95,201.0,204.3,197.0,199.5,166875,1753330020
2025-07-24 09:38:00,CE,ATM-4,19.905382,2730150,25000.0,25190.2,199.8,199.8,193.95,195.8,124950,1753330080
2025-07-24 09:39:00,CE,ATM-4,24.694995,2812275,25000.0,25187.95,195.5,198.9,194.55,198.9,86175,1753330140
2025-07-24 09:40:00,CE,ATM-4,24.398074,2812275,25000.0,25184.3,197.6,198.0,194.65,195.25,89100,1753330200
2025-07-24 09:41:00,CE,ATM-4,24.921843,2812275,25000.0,25187.05,195.15,198.3,189.35,198.3,224400,1753330260
2025-07-24 09:42:00,CE,ATM-4,25.112933,2832225,25000.0,25183.8,197.0,200.65,195.0,195.65,166950,1753330320
2025-07-24 09:43:00,CE,ATM-4,24.961818,2832225,25000.0,25185.4,196.1,198.85,195.55,196.8,61575,1753330380
2025-07-24 09:44:00,CE,ATM-4,25.805795,2832225,25000.0,25187.15,197.65,199.95,197.0,199.4,61875,1753330440
2025-07-24 09:45:00,CE,ATM-4,26.583195,2832300,25000.0,25190.25,199.8,205.0,198.05,203.1,159300,1753330500
2025-07-24 09:46:00,CE,ATM-4,24.992326,2832300,25000.0,25193.9,203.4,206.25,200.65,204.2,185100,1753330560
2025-07-24 09:47:00,CE,ATM-4,25.732627,2832300,25000.0,25192.8,204.8,207.2,204.1,204.1,135450,1753330620
2025-07-24 09:48:00,CE,ATM-4,26.289209,2804475,25000.0,25182.15,203.7,204.0,192.6,195.5,225375,1753330680
2025-07-24 09:49:00,CE,ATM-4,24.193861,2804475,25000.0,25175.95,195.0,195.0,187.2,187.2,264825,1753330740
2025-07-24 09:50:00,CE,ATM-4,26.083791,549825,24950.0,25173.55,233.95,236.3,230.2,231.9,27975,1753330800
2025-07-24 09:51:00,CE,ATM-4,27.93938,557025,24950.0,25171.65,233.15,234.75,229.1,232.15,19575,1753330860
2025-07-24 09:52:00,CE,ATM-4,27.207683,557025,24950.0,25171.9,230.0,232.3,228.6,231.5,18600,1753330920
2025-07-24 09:53:00,CE,ATM-4,27.719511,557025,24950.0,25173.6,231.9,235.05,231.8,233.55,18450,1753330980
2025-07-24 09:54:00,CE,ATM-4,28.816116,552300,24950.0,25168.25,233.85,233.85,229.05,230.0,10800,1753331040
2025-07-24 09:55:00,CE,ATM-4,27.987153,552300,24950.0,25167.35,228.65,229.55,223.65,228.15,22350,1753331100
2025-07-24 09:56:00,CE,ATM-4,29.604964,552300,24950.0,25167.95,228.15,230.6,227.5,230.6,6825,1753331160
2025-07-24 09:57:00,CE,ATM-4,28.197517,559650,24950.0,25166.8,231.0,234.2,227.8,227.8,17250,1753331220
2025-07-24 09:58:00,CE,ATM-4,28.379861,559650,24950.0,25171.55,227.8,232.7,226.9,232.2,7425,1753331280
2025-07-24 09:59:00,CE,ATM-4,22.401724,2872950,25000.0,25175.75,183.6,184.95,181.7,184.35,124950,1753331340
2025-07-24 10:00:00,CE,ATM-4,24.998726,561000,24950.0,25170.35,231.95,231.95,227.15,227.5,14700,1753331400
2025-07-24 10:01:00,CE,ATM-4,24.485078,561000,24950.0,25173.8,227.9,232.1,227.9,230.2,9975,1753331460
2025-07-24 10:02:00,CE,ATM-4,26.789859,561000,24950.0,25167.4,230.4,230.95,226.0,226.5,5550,1753331520
2025-07-24 10:03:00,CE,ATM-4,27.017162,563850,24950.0,25164.3,226.45,226.45,222.0,223.9,21675,1753331580
2025-07-24 10:04:00,CE,ATM-4,26.850591,563850,24950.0,25166.55,224.0,226.0,222.65,225.7,10425,1753331640
2025-07-24 10:05:00,CE,ATM-4,26.580038,563850,24950.0,25168.9,225.9,227.55,224.5,227.5,6900,1753331700
2025-07-24 10:06:00,CE,ATM-4,23.481926,565050,24950.0,25168.65,228.5,228.9,224.4,224.4,10725,1753331760
2025-07-24 10:07:00,CE,ATM-4,28.154572,565050,24950.0,25162.7,224.4,225.85,220.8,223.55,11850,1753331820
2025-07-24 10:08:00,CE,ATM-4,28.337789,565050,24950.0,25160.55,221.7,223.5,219.6,221.8,23850,1753331880
2025-07-24 10:09:00,CE,ATM-4,28.566938,574200,24950.0,25159.4,221.7,224.8,220.65,221.0,8775,1753331940
2025-07-24 10:10:00,CE,ATM-4,28.434753,574200,24950.0,25161.9,221.0,223.0,220.3,223.0,11850,1753332000
2025-07-24 10:11:00,CE,ATM-4,27.055379,574200,24950.0,25159.25,223.0,223.0,217.0,219.0,15750,1753332060
2025-07-24 10:12:00,CE,ATM-4,28.904889,581325,24950.0,25158.0,219.0,221.05,219.0,220.0,8100,1753332120
2025-07-24 10:13:00,CE,ATM-4,29.343968,581325,24950.0,25156.65,219.8,220.4,218.7,219.3,12150,1753332180
2025-07-24 10:14:00,CE,ATM-4,28.924015,581325,24950.0,25158.45,219.45,221.6,219.45,220.3,7500,1753332240
2025-07-24 10:15:00,CE,ATM-4,30.56883,581100,24950.0,25158.95,220.4,224.5,220.2,222.75,18525,1753332300
2025-07-24 10:16:00,CE,ATM-4,29.744639,581100,24950.0,25155.6,222.15,224.85,218.7,218.7,9375,1753332360
2025-07-24 10:17:00,CE,ATM-4,31.08489,581100,24950.0,25162.3,217.9,228.55,217.15,226.2,21075,1753332420
2025-07-24 10:18:00,CE,ATM-4,27.671642,581475,24950.0,25165.3,226.1,229.55,224.2,224.75,28050,1753332480
2025-07-24 10:19:00,CE,ATM-4,28.590345,581475,24950.0,25166.75,224.75,228.5,224.75,227.0,5925,1753332540
2025-07-24 10:20:00,CE,ATM-4,28.073245,581475,24950.0,25169.6,226.4,229.0,226.3,228.95,13725,1753332600
2025-07-24 10:21:00,CE,ATM-4,28.451366,572850,24950.0,25164.7,229.3,229.85,224.9,224.9,16875,1753332660
2025-07-24 10:22:00,CE,ATM-4,29.971233,572850,24950.0,25164.2,224.9,227.5,224.9,226.15,2925,1753332720
2025-07-24 10:23:00,CE,ATM-4,27.648563,572850,24950.0,25168.1,226.15,229.7,225.3,227.0,7125,1753332780
2025-07-24 10:24:00,CE,ATM-4,26.969833,572100,24950.0,25167.8,228.3,229.45,226.0,226.0,3150,1753332840
2025-07-24 10:25:00,CE,ATM-4,31.232248,572100,24950.0,25163.0,226.1,226.9,224.6,226.45,2400,1753332900
2025-07-24 10:26:00,CE,ATM-4,29.862899,572100,24950.0,25170.7,226.45,231.55,225.75,231.55,28050,1753332960
2025-07-24 10:27:00,CE,ATM-4,29.93516,552300,24950.0,25172.3,233.1,235.4,231.75,233.0,25050,1753333020
2025-07-24 10:28:00,CE,ATM-4,28.643391,552300,24950.0,25174.0,232.75,234.2,232.1,233.1,8700,1753333080
2025-07-24 10:29:00,CE,ATM-4,28.987869,552300,24950.0,25171.95,233.35,234.3,231.45,231.55,19950,1753333140
2025-07-24 10:30:00,CE,ATM-4,29.957259,548175,24950.0,25168.55,231.0,232.3,229.5,229.5,11100,1753333200
2025-07-24 10:31:00,CE,ATM-4,25.027813,2906250,25000.0,25177.2,180.8,188.0,180.25,187.15,179925,1753333260
2025-07-24 10:32:00,CE,ATM-4,25.442375,2906250,25000.0,25178.35,186.7,188.6,185.45,188.6,133425,1753333320
2025-07-24 10:33:00,CE,ATM-4,25.386714,2842725,25000.0,25179.9,189.7,192.7,189.3,189.85,329475,1753333380
2025-07-24 10:34:00,CE,ATM-4,26.264718,2842725,25000.0,25180.2,190.0,191.7,189.4,191.1,145350,1753333440
2025-07-24 10:35:00,CE,ATM-4,23.956635,2842725,25000.0,25179.05,190.1,191.5,187.4,187.4,156600,1753333500
2025-07-24 10:36:00,CE,ATM-4,25.693928,2780025,25000.0,25179.85,187.85,190.0,185.4,190.0,116700,1753333560
2025-07-24 10:37:00,CE,ATM-4,25.759059,2780025,25000.0,25178.75,190.8,191.3,187.4,189.05,62325,1753333620
2025-07-24 10:38:00,CE,ATM-4,26.728293,549375,24950.0,25171.2,238.2,238.2,228.25,228.25,15900,1753333680
2025-07-24 10:39:00,CE,ATM-4,33.02796,549600,24950.0,25170.8,228.95,234.5,227.85,234.5,12525,1753333740
2025-07-24 10:40:00,CE,ATM-4,30.904661,549600,24950.0,25171.2,234.0,234.0,232.0,232.3,3300,1753333800
2025-07-24 10:41:00,CE,ATM-4,32.416674,549600,24950.0,25162.95,232.3,232.65,225.55,226.75,12225,1753333860
2025-07-24 10:42:00,CE,ATM-4,32.143546,549600,24950.0,25164.85,226.75,228.8,225.65,228.0,4125,1753333920
2025-07-24 10:43:00,CE,ATM-4,31.534084,550725,24950.0,25165.7,226.65,228.2,226.05,227.95,4050,1753333980
2025-07-24 10:44:00,CE,ATM-4,30.139376,550725,24950.0,25169.05,227.8,230.9,227.7,229.3,5550,1753334040
2025-07-24 10:45:00,CE,ATM-4,32.55316,550275,24950.0,25173.7,229.7,237.2,229.7,236.05,17325,1753334100
2025-07-24 10:46:00,CE,ATM-4,32.489569,550275,24950.0,25167.9,235.0,235.05,228.8,230.8,10875,1753334160
2025-07-24 10:47:00,CE,ATM-4,30.306618,550275,24950.0,25172.4,230.8,232.8,229.1,232.3,6375,1753334220
2025-07-24 10:48:00,CE,ATM-4,32.184396,553500,24950.0,25170.0,232.3,234.8,232.1,232.15,7500,1753334280
2025-07-24 10:49:00,CE,ATM-4,31.817155,553500,24950.0,25169.25,232.15,232.45,230.15,231.0,1650,1753334340
2025-07-24 10:50:00,CE,ATM-4,32.573916,553500,24950.0,25168.4,231.0,231.05,229.65,231.05,2475,1753334400
2025-07-24 10:51:00,CE,ATM-4,30.775898,554025,24950.0,25172.35,231.05,233.6,231.05,232.5,3150,1753334460
2025-07-24 10:52:00,CE,ATM-4,32.281298,554025,24950.0,25170.7,233.5,233.5,232.3,232.6,1800,1753334520
2025-07-24 10:53:00,CE,ATM-4,33.473282,554025,24950.0,25171.95,231.85,235.0,231.85,235.0,4425,1753334580
2025-07-24 10:54:00,CE,ATM-4,31.625465,555375,24950.0,25173.35,233.6,234.8,232.5,234.1,3525,1753334640
2025-07-24 10:55:00,CE,ATM-4,33.663852,555375,24950.0,25165.4,234.1,234.6,229.3,229.35,10425,1753334700
2025-07-24 10:56:00,CE,ATM-4,34.22071,555375,24950.0,25165.05,229.35,230.75,228.25,229.65,3825,1753334760
2025-07-24 10:57:00,CE,ATM-4,32.411195,555375,24950.0,25167.65,228.15,230.0,228.0,229.7,6150,1753334820
2025-07-24 10:58:00,CE,ATM-4,34.120315,557250,24950.0,25164.4,229.7,229.7,227.05,228.8,3450,1753334880
2025-07-24 10:59:00,CE,ATM-4,32.767474,557250,24950.0,25166.9,228.8,229.95,228.45,229.3,2550,1753334940
2025-07-24 11:00:00,CE,ATM-4,34.133283,555675,24950.0,25165.95,229.3,230.0,227.9,230.0,9450,1753335000
2025-07-24 11:01:00,CE,ATM-4,33.177027,555675,24950.0,25165.05,229.7,232.0,227.0,228.0,3225,1753335060
2025-07-24 11:02:00,CE,ATM-4,33.508345,555675,24950.0,25164.35,228.0,230.5,227.3,227.7,4275,1753335120
2025-07-24 11:03:00,CE,ATM-4,32.805155,556950,24950.0,25161.15,227.2,227.7,223.2,224.0,6450,1753335180
2025-07-24 11:04:00,CE,ATM-4,34.102899,556950,24950.0,25158.35,223.7,224.25,220.5,223.05,11850,1753335240
2025-07-24 11:05:00,CE,ATM-4,33.053851,556950,24950.0,25162.65,222.45,225.45,221.0,225.45,5175,1753335300
2025-07-24 11:06:00,CE,ATM-4,33.587346,560400,24950.0,25163.4,225.45,227.5,225.2,226.65,4950,1753335360
2025-07-24 11:07:00,CE,ATM-4,33.453792,560400,24950.0,25158.45,225.9,225.9,221.45,222.1,5025,1753335420
2025-07-24 11:08:00,CE,ATM-4,33.691466,560400,24950.0,25161.55,223.05,225.0,222.5,225.0,4275,1753335480
2025-07-24 11:09:00,CE,ATM-4,34.015415,564825,24950.0,25157.8,223.9,223.9,222.0,222.05,2250,1753335540
2025-07-24 11:10:00,CE,ATM-4,34.378514,564825,24950.0,25156.05,222.05,222.5,215.7,220.9,25125,1753335600
2025-07-24 11:11:00,CE,ATM-4,33.34889,564825,24950.0,25158.5,220.45,221.7,219.0,221.7,9075,1753335660
2025-07-24 11:12:00,CE,ATM-4,33.553209,570525,24950.0,25153.65,221.7,222.65,217.65,217.65,7050,1753335720
2025-07-24 11:13:00,CE,ATM-4,32.341998,570525,24950.0,25150.45,218.2,218.2,212.6,213.35,21525,1753335780
2025-07-24 11:14:00,CE,ATM-4,31.453247,570525,24950.0,25148.45,212.35,213.85,209.1,210.5,23025,1753335840
2025-07-24 11:15:00,CE,ATM-4,34.372479,576450,24950.0,25144.95,209.15,211.85,206.3,210.95,31050,1753335900
2025-07-24 11:16:00,CE,ATM-4,33.994454,576450,24950.0,25147.55,209.7,212.85,209.25,212.6,24225,1753335960
2025-07-24 11:17:00,CE,ATM-4,32.875488,576450,24950.0,25142.8,212.6,212.6,205.65,207.05,29400,1753336020
2025-07-24 11:18:00,CE,ATM-4,33.192729,576450,24950.0,25142.85,207.0,208.3,204.45,207.4,16200,1753336080
2025-07-24 11:19:00,CE,ATM-4,33.565657,576975,24950.0,25142.35,207.35,207.95,206.0,207.35,10800,1753336140
2025-07-24 11:20:00,CE,ATM-4,32.291583,576975,24950.0,25132.85,206.65,209.2,197.55,197.55,34200,1753336200
2025-07-24 11:21:00,CE,ATM-4,32.29222,585900,24950.0,25129.6,197.9,197.9,192.3,194.7,69375,1753336260
2025-07-24 11:22:00,CE,ATM-4,37.363179,567225,24900.0,25123.25,244.05,245.4,236.4,238.2,92775,1753336320
2025-07-24 11:23:00,CE,ATM-4,33.615363,567225,24900.0,25107.05,237.25,238.95,217.25,219.7,127725,1753336380
2025-07-24 11:24:00,CE,ATM-4,30.332082,629625,24900.0,25114.1,217.65,228.0,217.65,222.55,95850,1753336440
2025-07-24 11:25:00,CE,ATM-4,32.838737,629625,24900.0,25106.1,221.35,221.5,216.6,217.85,56475,1753336500
2025-07-24 11:26:00,CE,ATM-4,31.123532,629625,24900.0,25106.9,218.05,219.65,214.25,216.7,64950,1753336560
2025-07-24 11:27:00,CE,ATM-4,31.024117,684900,24900.0,25106.75,215.45,217.95,210.6,216.4,56850,1753336620
2025-07-24 11:28:00,CE,ATM-4,32.035646,684900,24900.0,25114.6,216.6,229.35,216.6,224.35,105075,1753336680
2025-07-24 11:29:00,CE,ATM-4,33.902292,684900,24900.0,25112.65,224.8,226.5,222.9,224.45,28650,1753336740
2025-07-24 11:30:00,CE,ATM-4,34.874046,660900,24900.0,25110.85,223.7,225.9,222.0,223.85,22800,1753336800
2025-07-24 11:31:00,CE,ATM-4,34.080832,660900,24900.0,25115.9,224.45,228.7,222.65,227.35,26100,1753336860
2025-07-24 11:32:00,CE,ATM-4,36.022798,660900,24900.0,25108.45,226.8,226.8,218.75,222.9,59325,1753336920
2025-07-24 11:33:00,CE,ATM-4,32.773306,685650,24900.0,25107.55,222.05,222.05,218.45,218.45,24750,1753336980
2025-07-24 11:34:00,CE,ATM-4,28.664968,685650,24900.0,25098.7,217.5,218.4,206.5,206.5,86775,1753337040
2025-07-24 11:35:00,CE,ATM-4,29.845474,685650,24900.0,25100.4,208.15,214.3,205.6,209.05,76800,1753337100
2025-07-24 11:36:00,CE,ATM-4,30.58015,685650,24900.0,25096.05,208.9,209.9,203.25,205.8,75825,1753337160
2025-07-24 11:37:00,CE,ATM-4,33.822343,760950,24900.0,25093.0,206.0,206.55,201.3,206.55,82275,1753337220
2025-07-24 11:38:00,CE,ATM-4,33.827159,760950,24900.0,25095.35,206.65,209.45,206.3,208.5,39825,1753337280
2025-07-24 11:39:00,CE,ATM-4,31.676716,760950,24900.0,25102.2,208.6,212.85,207.8,212.15,64950,1753337340
2025-07-24 11:40:00,CE,ATM-4,32.379165,782550,24900.0,25102.9,211.4,214.2,209.6,213.4,72075,1753337400
2025-07-24 11:41:00,CE,ATM-4,30.402947,782550,24900.0,25101.2,214.2,214.2,209.9,209.9,30000,1753337460
2025-07-24 11:42:00,CE,ATM-4,32.037385,782550,24900.0,25100.75,210.3,211.95,208.8,211.0,16575,1753337520
2025-07-24 11:43:00,CE,ATM-4,35.364957,792225,24900.0,25096.55,210.95,213.45,210.85,210.85,24675,1753337580
2025-07-24 11:44:00,CE,ATM-4,34.914061,792225,24900.0,25099.05,210.65,213.85,210.0,212.4,20100,1753337640
2025-07-24 11:45:00,CE,ATM-4,36.280939,792225,24900.0,25098.15,212.4,213.75,211.85,213.1,23025,1753337700
2025-07-24 11:46:00,CE,ATM-4,36.237064,805800,24900.0,25101.35,213.3,215.7,210.05,215.7,47925,1753337760
2025-07-24 11:47:00,CE,ATM-4,33.990666,805800,24900.0,25103.3,217.45,220.65,211.35,214.85,109950,1753337820
2025-07-24 11:48:00,CE,ATM-4,29.12842,805800,24900.0,25111.55,215.1,217.85,215.0,217.85,30150,1753337880
2025-07-24 11:49:00,CE,ATM-4,28.552959,777975,24900.0,25107.9,217.7,218.2,213.0,214.0,54375,1753337940
2025-07-24 11:50:00,CE,ATM-4,32.115359,777975,24900.0,25102.9,212.25,213.6,210.25,212.4,24600,1753338000
2025-07-24 11:51:00,CE,ATM-4,32.630614,777975,24900.0,25100.35,211.75,212.65,210.35,210.55,19875,1753338060
2025-07-24 11:52:00,CE,ATM-4,29.709469,794250,24900.0,25100.6,210.8,213.15,207.45,208.05,50100,1753338120
2025-07-24 11:53:00,CE,ATM-4,33.107897,794250,24900.0,25096.2,207.4,210.55,204.35,207.2,48225,1753338180
2025-07-24 11:54:00,CE,ATM-4,32.037034,794250,24900.0,25092.75,206.6,207.2,203.0,203.0,56175,1753338240
2025-07-24 11:55:00,CE,ATM-4,27.985322,818775,24900.0,25093.5,198.6,206.6,198.0,200.0,114450,1753338300
2025-07-24 11:56:00,CE,ATM-4,27.165096,818775,24900.0,25085.25,194.75,197.2,190.4,191.75,187125,1753338360
2025-07-24 11:57:00,CE,ATM-4,20.475565,818775,24900.0,25077.4,193.05,194.5,180.15,180.15,160350,1753338420
2025-07-24 11:58:00,CE,ATM-4,27.950721,147300,24850.0,25073.35,225.4,228.95,219.85,227.6,42225,1753338480
2025-07-24 11:59:00,CE,ATM-4,27.83142,147300,24850.0,25072.3,229.5,229.5,226.0,226.5,11925,1753338540
2025-07-24 12:00:00,CE,ATM-4,32.542662,147300,24850.0,25068.55,226.45,226.75,223.6,226.15,9900,1753338600
2025-07-24 12:01:00,CE,ATM-4,25.887912,165675,24850.0,25060.5,226.15,231.2,214.2,214.2,31200,1753338660
2025-07-24 12:02:00,CE,ATM-4,28.094788,165675,24850.0,25060.05,215.85,220.65,214.0,215.0,28350,1753338720
2025-07-24 12:03:00,CE,ATM-4,25.117575,165675,24850.0,25052.15,215.0,215.0,205.8,205.8,44925,1753338780
2025-07-24 12:04:00,CE,ATM-4,25.122872,194925,24850.0,25037.55,201.35,201.35,188.0,192.0,99000,1753338840
2025-07-24 12:05:00,CE,ATM-4,25.62404,319425,24800.0,25021.05,238.95,241.7,223.0,224.0,129825,1753338900
2025-07-24 12:06:00,CE,ATM-4,23.356281,194925,24850.0,25027.1,174.3,183.0,173.3,181.05,91275,1753338960
2025-07-24 12:07:00,CE,ATM-4,16.939015,258900,24850.0,25041.35,180.85,197.2,180.05,192.6,133050,1753339020
2025-07-24 12:08:00,CE,ATM-4,16.421647,258900,24850.0,25038.7,192.1,196.95,188.1,189.9,39000,1753339080
2025-07-24 12:09:00,CE,ATM-4,0.0,258900,24850.0,25038.4,190.4,196.55,186.6,188.25,36375,1753339140
2025-07-24 12:10:00,CE,ATM-4,0.0,230850,24850.0,25030.9,188.3,188.6,180.55,180.55,21150,1753339200
2025-07-24 12:11:00,CE,ATM-4,0.0,230850,24850.0,25028.45,183.1,184.35,177.75,178.5,95250,1753339260
2025-07-24 12:12:00,CE,ATM-4,0.0,230850,24850.0,25037.05,177.45,190.55,177.45,186.65,65625,1753339320
2025-07-24 12:13:00,CE,ATM-4,0.0,255150,24850.0,25047.5,187.85,198.65,187.85,195.8,41850,1753339380
2025-07-24 12:14:00,CE,ATM-4,0.0,255150,24850.0,25049.45,195.6,199.55,194.0,197.2,89925,1753339440
2025-07-24 12:15:00,CE,ATM-4,19.276361,255150,24850.0,25051.1,197.7,202.5,196.15,202.5,30150,1753339500
2025-07-24 12:16:00,CE,ATM-4,0.0,225525,24850.0,25056.1,202.95,208.65,201.7,205.65,62925,1753339560
2025-07-24 12:17:00,CE,ATM-4,0.0,225525,24850.0,25061.65,205.25,210.35,202.3,209.25,32250,1753339620
2025-07-24 12:18:00,CE,ATM-4,0.0,225525,24850.0,25060.2,210.55,212.9,205.2,210.2,17925,1753339680
2025-07-24 12:19:00,CE,ATM-4,21.802521,214650,24850.0,25068.3,209.8,220.0,208.95,219.85,41700,1753339740
2025-07-24 12:20:00,CE,ATM-4,20.333024,214650,24850.0,25062.8,221.85,222.0,211.1,214.15,42600,1753339800
2025-07-24 12:21:00,CE,ATM-4,0.0,214650,24850.0,25055.85,214.15,214.9,201.6,205.25,24300,1753339860
2025-07-24 12:22:00,CE,ATM-4,0.0,207825,24850.0,25070.25,204.6,221.2,204.6,220.55,47025,1753339920
2025-07-24 12:23:00,CE,ATM-4,0.0,207825,24850.0,25065.5,220.5,222.6,214.9,215.1,35100,1753339980
2025-07-24 12:24:00,CE,ATM-4,23.891241,207825,24850.0,25062.9,215.9,219.6,214.35,215.0,14625,1753340040
2025-07-24 12:25:00,CE,ATM-4,0.0,210075,24850.0,25071.5,214.6,225.25,213.15,220.65,54000,1753340100
2025-07-24 12:26:00,CE,ATM-4,0.0,210075,24850.0,25064.9,220.75,221.4,212.0,214.9,27900,1753340160
2025-07-24 12:27:00,CE,ATM-4,0.0,210075,24850.0,25073.45,214.9,222.2,213.9,222.2,10200,1753340220
2025-07-24 12:28:00,CE,ATM-4,22.56592,216975,24850.0,25071.45,221.65,222.95,217.1,222.95,36900,1753340280
2025-07-24 12:29:00,CE,ATM-4,0.0,1296600,24900.0,25078.05,174.1,181.95,169.2,177.25,286200,1753340340
2025-07-24 12:30:00,CE,ATM-4,25.385983,1296600,24900.0,25078.2,177.75,184.05,177.65,182.3,244125,1753340400
2025-07-24 12:31:00,CE,ATM-4,25.168153,1240350,24900.0,25081.25,180.9,185.0,175.2,185.0,133125,1753340460
2025-07-24 12:32:00,CE,ATM-4,0.0,1240350,24900.0,25090.3,186.0,191.0,182.55,189.7,193725,1753340520
2025-07-24 12:33:00,CE,ATM-4,21.55503,1240350,24900.0,25086.35,192.2,192.2,188.25,188.3,139200,1753340580
2025-07-24 12:34:00,CE,ATM-4,23.611562,1157025,24900.0,25081.8,190.05,190.05,182.2,184.65,103800,1753340640
2025-07-24 12:35:00,CE,ATM-4,25.5999,1157025,24900.0,25079.75,185.05,188.4,182.2,183.65,72225,1753340700
2025-07-24 12:36:00,CE,ATM-4,34.702404,188625,24850.0,25070.45,233.2,235.1,227.0,227.0,18525,1753340760
2025-07-24 12:37:00,CE,ATM-4,32.73193,183750,24850.0,25070.2,225.3,228.15,222.75,225.45,27975,1753340820
2025-07-24 12:38:00,CE,ATM-4,33.743158,1073700,24900.0,25076.1,175.5,186.2,175.5,186.2,92625,1753340880
2025-07-24 12:39:00,CE,ATM-4,32.698794,1073700,24900.0,25075.85,185.0,189.65,183.35,184.95,116775,1753340940
2025-07-24 12:40:00,CE,ATM-4,38.172746,182250,24850.0,25074.65,233.45,236.05,232.5,233.0,5400,1753341000
2025-07-24 12:41:00,CE,ATM-4,39.685218,182250,24850.0,25074.95,233.0,235.55,232.95,234.35,5475,1753341060
2025-07-24 12:42:00,CE,ATM-4,39.962531,182250,24850.0,25070.85,233.0,233.0,228.0,230.8,13125,1753341120
2025-07-24 12:43:00,CE,ATM-4,37.375521,1079850,24900.0,25075.3,180.15,188.5,180.15,188.5,100125,1753341180
2025-07-24 12:44:00,CE,ATM-4,37.173707,1079850,24900.0,25078.0,187.9,192.25,187.9,190.5,190875,1753341240
2025-07-24 12:45:00,CE,ATM-4,34.373269,1079850,24900.0,25085.15,190.85,194.1,189.0,194.1,120450,1753341300
2025-07-24 12:46:00,CE,ATM-4,32.577566,1153725,24900.0,25081.4,194.15,196.0,189.0,189.2,117450,1753341360
2025-07-24 12:47:00,CE,ATM-4,36.556104,173100,24850.0,25071.9,237.7,238.1,228.75,228.75,25425,1753341420
2025-07-24 12:48:00,CE,ATM-4,33.777871,1153725,24900.0,25078.2,179.0,187.7,176.0,187.15,127275,1753341480
2025-07-24 12:49:00,CE,ATM-4,33.280718,1101300,24900.0,25077.25,186.4,187.35,184.5,185.8,40500,1753341540
2025-07-24 12:50:00,CE,ATM-4,32.72383,1101300,24900.0,25079.75,185.6,187.85,181.2,187.5,55500,1753341600
2025-07-24 12:51:00,CE,ATM-4,29.602919,1101300,24900.0,25080.9,189.05,192.15,186.25,186.25,143775,1753341660
2025-07-24 12:52:00,CE,ATM-4,32.546973,1126350,24900.0,25077.25,186.45,186.7,183.35,184.95,40950,1753341720
2025-07-24 12:53:00,CE,ATM-4,35.54482,1126350,24900.0,25075.2,184.0,186.55,184.0,185.55,57450,1753341780
2025-07-24 12:54:00,CE,ATM-4,41.724747,174450,24850.0,25070.4,234.8,234.8,228.2,230.55,11100,1753341840
2025-07-24 12:55:00,CE,ATM-4,39.580321,175725,24850.0,25070.4,230.55,230.85,227.9,228.8,8100,1753341900
2025-07-24 12:56:00,CE,ATM-4,38.951644,175725,24850.0,25064.6,228.8,231.15,223.0,223.0,12750,1753341960
2025-07-24 12:57:00,CE,ATM-4,36.591182,175725,24850.0,25064.2,222.25,226.4,220.0,220.9,15825,1753342020
2025-07-24 12:58:00,CE,ATM-4,30.898556,178575,24850.0,25060.3,218.0,220.15,214.0,214.0,10200,1753342080
2025-07-24 12:59:00,CE,ATM-4,40.230097,178575,24850.0,25040.8,212.55,212.55,202.6,202.6,47625,1753342140
2025-07-24 13:00:00,CE,ATM-4,50.246882,178575,24850.0,25042.75,200.2,214.2,196.65,214.2,52350,1753342200
2025-07-24 13:01:00,CE,ATM-4,37.506057,179775,24850.0,25050.35,211.7,213.85,206.1,208.6,22950,1753342260
2025-07-24 13:02:00,CE,ATM-4,34.823485,179775,24850.0,25054.0,209.55,214.0,209.55,210.0,26700,1753342320
2025-07-24 13:03:00,CE,ATM-4,33.075669,179775,24850.0,25053.25,210.1,210.1,206.0,208.2,5550,1753342380
2025-07-24 13:04:00,CE,ATM-4,33.249989,186300,24850.0,25052.25,208.2,209.0,203.85,207.3,9450,1753342440
2025-07-24 13:05:00,CE,ATM-4,38.449996,186300,24850.0,25055.35,206.0,213.4,204.5,213.4,32625,1753342500
2025-07-24 13:06:00,CE,ATM-4,37.888767,186300,24850.0,25058.7,216.2,218.45,214.0,215.95,27000,1753342560
2025-07-24 13:07:00,CE,ATM-4,30.649292,188400,24850.0,25054.1,214.8,215.05,204.6,207.55,27525,1753342620
2025-07-24 13:08:00,CE,ATM-4,34.807923,188400,24850.0,25057.1,207.55,212.6,207.0,212.4,8025,1753342680
2025-07-24 13:09:00,CE,ATM-4,32.000049,188400,24850.0,25056.9,210.15,210.7,206.55,210.7,7800,1753342740
2025-07-24 13:10:00,CE,ATM-4,31.728208,191550,24850.0,25056.35,210.7,212.0,208.55,210.0,5475,1753342800
2025-07-24 13:11:00,CE,ATM-4,37.245839,191550,24850.0,25053.8,211.45,214.5,210.35,210.6,6750,1753342860
2025-07-24 13:12:00,CE,ATM-4,39.59188,191550,24850.0,25054.8,209.75,214.0,209.75,213.0,5100,1753342920
2025-07-24 13:13:00,CE,ATM-4,39.445057,190950,24850.0,25059.45,214.0,217.0,213.0,217.0,14475,1753342980
2025-07-24 13:14:00,CE,ATM-4,41.567405,190950,24850.0,25066.2,218.0,227.9,218.0,224.45,30975,1753343040
2025-07-24 13:15:00,CE,ATM-4,38.425155,190950,24850.0,25065.45,224.45,225.45,221.5,221.65,26775,1753343100
2025-07-24 13:16:00,CE,ATM-4,38.775412,189975,24850.0,25059.1,221.0,221.0,212.0,215.95,17775,1753343160
2025-07-24 13:17:00,CE,ATM-4,38.201549,189975,24850.0,25058.5,215.8,216.2,213.0,214.95,3150,1753343220
2025-07-24 13:18:00,CE,ATM-4,37.90245,189975,24850.0,25058.85,218.35,218.35,214.45,215.0,3975,1753343280
2025-07-24 13:19:00,CE,ATM-4,38.345317,191100,24850.0,25059.75,215.0,220.5,213.25,216.0,8775,1753343340
2025-07-24 13:20:00,CE,ATM-4,39.766011,191100,24850.0,25056.7,216.0,216.0,210.8,214.0,7650,1753343400
2025-07-24 13:21:00,CE,ATM-4,40.652394,191100,24850.0,25057.5,210.6,215.2,208.65,215.2,13950,1753343460
2025-07-24 13:22:00,CE,ATM-4,36.536631,192600,24850.0,25054.65,214.9,214.9,210.0,210.0,6300,1753343520
2025-07-24 13:23:00,CE,ATM-4,40.071472,192600,24850.0,25054.35,209.1,211.75,209.1,211.75,3225,1753343580
2025-07-24 13:24:00,CE,ATM-4,35.830307,192600,24850.0,25055.6,211.75,212.95,210.05,210.35,5250,1753343640
2025-07-24 13:25:00,CE,ATM-4,40.936882,191850,24850.0,25053.8,210.35,212.5,209.7,211.6,6000,1753343700
2025-07-24 13:26:00,CE,ATM-4,38.533694,191850,24850.0,25057.45,210.65,216.75,208.5,213.35,7200,1753343760
2025-07-24 13:27:00,CE,ATM-4,43.98118,191850,24850.0,25060.0,216.0,219.0,214.4,219.0,8475,1753343820
2025-07-24 13:28:00,CE,ATM-4,37.185234,189525,24850.0,25060.3,218.7,218.7,211.75,215.1,11400,1753343880
2025-07-24 13:29:00,CE,ATM-4,38.219357,189525,24850.0,25058.85,214.8,215.45,213.05,214.2,3675,1753343940
2025-07-24 13:30:00,CE,ATM-4,25.996701,189525,24850.0,25064.85,214.2,216.5,213.6,215.9,9375,1753344000
2025-07-24 13:31:00,CE,ATM-4,20.652257,192750,24850.0,25057.35,215.55,215.55,205.25,208.0,21450,1753344060
2025-07-24 13:32:00,CE,ATM-4,0.0,192750,24850.0,25059.1,206.0,209.9,203.3,207.95,20700,1753344120
2025-07-24 13:33:00,CE,ATM-4,0.0,192750,24850.0,25061.45,207.95,211.5,207.95,210.1,2925,1753344180
2025-07-24 13:34:00,CE,ATM-4,0.0,194250,24850.0,25061.45,210.0,210.0,206.1,209.15,11400,1753344240
2025-07-24 13:35:00,CE,ATM-4,0.0,194250,24850.0,25061.35,209.15,210.95,209.15,209.2,5175,1753344300
2025-07-24 13:36:00,CE,ATM-4,0.0,194250,24850.0,25056.05,209.2,209.2,202.75,205.45,17400,1753344360
2025-07-24 13:37:00,CE,ATM-4,0.0,194475,24850.0,25058.95,205.45,207.0,202.0,206.0,14250,1753344420
2025-07-24 13:38:00,CE,ATM-4,0.0,194475,24850.0,25052.95,206.5,206.85,200.4,201.75,17925,1753344480
2025-07-24 13:39:00,CE,ATM-4,0.0,194475,24850.0,25056.0,200.4,203.3,199.9,202.75,14100,1753344540
2025-07-24 13:40:00,CE,ATM-4,0.0,201825,24850.0,25058.95,202.75,206.5,202.75,206.0,5475,1753344600
2025-07-24 13:41:00,CE,ATM-4,0.0,201825,24850.0,25066.9,206.0,216.0,205.0,216.0,27900,1753344660
2025-07-24 13:42:00,CE,ATM-4,42.08987,201825,24850.0,25072.8,216.45,227.9,216.2,227.9,41925,1753344720
2025-07-24 13:43:00,CE,ATM-4,0.0,1275900,24900.0,25079.55,180.45,182.15,173.7,177.9,206325,1753344780
2025-07-24 13:44:00,CE,ATM-4,0.0,1275900,24900.0,25077.05,179.5,182.35,174.6,177.2,143025,1753344840
2025-07-24 13:45:00,CE,ATM-4,20.299712,1275900,24900.0,25077.35,178.0,180.35,174.7,178.0,104550,1753344900
2025-07-24 13:46:00,CE,ATM-4,31.576108,1276425,24900.0,25088.75,178.7,191.4,174.9,191.25,220650,1753344960
2025-07-24 13:47:00,CE,ATM-4,0.0,1276425,24900.0,25082.0,191.75,191.75,180.0,181.5,243750,1753345020
2025-07-24 13:48:00,CE,ATM-4,19.932671,1276425,24900.0,25088.95,182.0,190.55,182.0,189.5,144525,1753345080
2025-07-24 13:49:00,CE,ATM-4,34.006715,1051200,24900.0,25099.5,188.35,204.4,188.35,202.15,416025,1753345140
2025-07-24 13:50:00,CE,ATM-4,45.658864,1051200,24900.0,25099.1,202.3,207.25,196.15,207.25,182100,1753345200
2025-07-24 13:51:00,CE,ATM-4,38.922742,1051200,24900.0,25093.15,207.2,207.4,195.15,198.0,186150,1753345260
2025-07-24 13:52:00,CE,ATM-4,43.7645,999375,24900.0,25092.85,198.7,200.9,193.2,200.2,103425,1753345320
2025-07-24 13:53:00,CE,ATM-4,46.367468,999375,24900.0,25094.25,200.0,206.5,197.2,202.9,82425,1753345380
2025-07-24 13:54:00,CE,ATM-4,48.868165,999375,24900.0,25092.7,203.3,204.9,200.0,203.0,56925,1753345440
2025-07-24 13:55:00,CE,ATM-4,49.027082,989625,24900.0,25092.95,201.75,203.8,200.8,203.15,58575,1753345500
2025-07-24 13:56:00,CE,ATM-4,45.278494,989625,24900.0,25087.8,203.25,204.15,196.0,196.0,64575,1753345560
2025-07-24 13:57:00,CE,ATM-4,39.921197,989625,24900.0,25083.0,195.35,195.35,187.7,188.5,148200,1753345620
2025-07-24 13:58:00,CE,ATM-4,52.00685,182250,24850.0,25058.4,237.0,237.0,214.4,218.15,64575,1753345680
2025-07-24 13:59:00,CE,ATM-4,44.905208,182250,24850.0,25068.6,220.4,227.1,220.4,223.5,47700,1753345740
2025-07-24 14:00:00,CE,ATM-4,35.820303,182250,24850.0,25064.35,223.5,223.5,215.05,216.3,12150,1753345800
2025-07-24 14:01:00,CE,ATM-4,0.0,185025,24850.0,25073.85,216.2,224.35,216.1,223.0,15900,1753345860
2025-07-24 14:02:00,CE,ATM-4,0.0,185025,24850.0,25073.25,222.7,225.8,216.55,222.35,20700,1753345920
2025-07-24 14:03:00,CE,ATM-4,32.215057,1006275,24900.0,25079.3,172.65,181.45,171.0,181.45,68025,1753345980
2025-07-24 14:04:00,CE,ATM-4,40.840323,945075,24900.0,25099.1,181.95,203.1,181.95,203.1,353550,1753346040
2025-07-24 14:05:00,CE,ATM-4,43.711514,945075,24900.0,25094.1,203.65,205.9,197.5,199.6,163800,1753346100
2025-07-24 14:06:00,CE,ATM-4,52.6088,945075,24900.0,25089.35,200.6,201.75,194.8,200.25,90375,1753346160
2025-07-24 14:07:00,CE,ATM-4,44.710547,930825,24900.0,25086.8,200.1,201.0,193.15,193.15,70575,1753346220
2025-07-24 14:08:00,CE,ATM-4,51.175725,930825,24900.0,25098.15,193.15,206.75,193.15,206.75,110175,1753346280
2025-07-24 14:09:00,CE,ATM-4,52.036994,930825,24900.0,25094.2,207.55,207.55,199.45,203.55,108750,1753346340
2025-07-24 14:10:00,CE,ATM-4,52.363852,905175,24900.0,25093.3,202.2,204.55,200.65,202.75,62325,1753346400
2025-07-24 14:11:00,CE,ATM-4,49.193994,905175,24900.0,25090.95,202.75,205.0,193.5,198.65,69300,1753346460
2025-07-24 14:12:00,CE,ATM-4,53.669248,905175,24900.0,25091.8,199.2,203.0,196.4,201.8,47250,1753346520
2025-07-24 14:13:00,CE,ATM-4,56.507328,895350,24900.0,25092.95,202.15,207.45,200.9,204.35,78675,1753346580
2025-07-24 14:14:00,CE,ATM-4,54.791103,895350,24900.0,25091.35,203.75,205.65,201.65,201.65,56325,1753346640
2025-07-24 14:15:00,CE,ATM-4,56.243464,895350,24900.0,25091.85,200.9,205.0,199.0,202.75,68475,1753346700
2025-07-24 14:16:00,CE,ATM-4,52.772569,889200,24900.0,25093.6,203.05,204.55,198.6,202.05,54525,1753346760
2025-07-24 14:17:00,CE,ATM-4,57.452642,889200,24900.0,25092.75,202.2,203.8,200.0,203.8,35100,1753346820
2025-07-24 14:18:00,CE,ATM-4,54.146152,889200,24900.0,25093.55,204.7,204.7,194.6,202.35,82575,1753346880
2025-07-24 14:19:00,CE,ATM-4,43.502443,875325,24900.0,25094.55,200.3,201.9,196.85,198.25,29625,1753346940
2025-07-24 14:20:00,CE,ATM-4,50.25202,875325,24900.0,25097.8,200.5,211.15,200.5,203.85,190650,1753347000
2025-07-24 14:21:00,CE,ATM-4,54.129345,875325,24900.0,25081.6,203.5,204.8,190.2,191.1,145950,1753347060
2025-07-24 14:22:00,CE,ATM-4,60.327505,828900,24900.0,25081.1,191.65,195.25,185.7,194.2,135150,1753347120
2025-07-24 14:23:00,CE,ATM-4,52.375713,828900,24900.0,25087.75,195.2,197.65,193.3,195.2,78450,1753347180
2025-07-24 14:24:00,CE,ATM-4,58.28846,828900,24900.0,25079.7,193.35,194.25,189.0,191.15,70800,1753347240
2025-07-24 14:25:00,CE,ATM-4,57.135092,834825,24900.0,25082.45,192.4,195.1,189.3,192.6,48225,1753347300
2025-07-24 14:26:00,CE,ATM-4,58.601409,834825,24900.0,25077.75,192.65,192.65,185.45,189.1,81150,1753347360
2025-07-24 14:27:00,CE,ATM-4,67.344792,166425,24850.0,25074.75,238.15,239.4,230.0,234.9,14400,1753347420
2025-07-24 14:28:00,CE,ATM-4,64.98747,164850,24850.0,25074.35,234.9,234.9,231.35,233.1,8325,1753347480
2025-07-24 14:29:00,CE,ATM-4,52.701198,829125,24900.0,25077.2,182.2,188.5,181.4,184.65,59175,1753347540
2025-07-24 14:30:00,CE,ATM-4,58.984792,829125,24900.0,25080.15,185.5,192.4,183.0,190.3,77550,1753347600
2025-07-24 14:31:00,CE,ATM-4,59.577477,827025,24900.0,25082.55,191.55,193.5,188.6,192.45,63000,1753347660
2025-07-24 14:32:00,CE,ATM-4,57.284376,827025,24900.0,25081.6,193.2,194.15,188.15,190.15,47625,1753347720
2025-07-24 14:33:00,CE,ATM-4,62.585795,827025,24900.0,25086.95,190.45,197.35,189.45,197.35,49950,1753347780
2025-07-24 14:34:00,CE,ATM-4,58.427531,819900,24900.0,25086.65,197.75,198.05,193.9,194.7,52800,1753347840
2025-07-24 14:35:00,CE,ATM-4,59.564581,819900,24900.0,25087.9,193.0,198.0,192.55,196.1,43650,1753347900
2025-07-24 14:36:00,CE,ATM-4,61.354635,819900,24900.0,25089.15,196.55,201.55,196.1,197.8,105225,1753347960
2025-07-24 14:37:00,CE,ATM-4,67.980545,817125,24900.0,25090.5,198.15,205.0,198.15,202.05,60525,1753348020
2025-07-24 14:38:00,CE,ATM-4,68.555281,817125,24900.0,25087.9,202.2,202.2,199.0,199.75,46725,1753348080
2025-07-24 14:39:00,CE,ATM-4,70.37445,817125,24900.0,25084.1,199.8,199.8,193.8,197.1,69300,1753348140
2025-07-24 14:40:00,CE,ATM-4,67.380153,777375,24900.0,25085.4,197.0,197.6,194.15,196.25,54375,1753348200
2025-07-24 14:41:00,CE,ATM-4,60.257075,777375,24900.0,25079.05,196.0,198.65,184.45,186.9,84825,1753348260
2025-07-24 14:42:00,CE,ATM-4,48.603224,777375,24900.0,25075.05,186.6,186.6,178.6,178.6,135975,1753348320
2025-07-24 14:43:00,CE,ATM-4,0.0,165900,24850.0,25073.95,228.35,228.4,220.6,223.9,27000,1753348380
2025-07-24 14:44:00,CE,ATM-4,0.0,165900,24850.0,25074.45,223.9,225.6,219.5,224.65,33150,1753348440
2025-07-24 14:45:00,CE,ATM-4,35.056169,715575,24900.0,25075.3,177.15,178.5,173.5,175.95,96825,1753348500
2025-07-24 14:46:00,CE,ATM-4,40.074333,166650,24850.0,25070.3,225.7,226.9,215.3,220.75,33450,1753348560
2025-07-24 14:47:00,CE,ATM-4,0.0,166650,24850.0,25072.75,220.0,224.0,219.0,222.5,13050,1753348620
2025-07-24 14:48:00,CE,ATM-4,73.665714,166650,24850.0,25051.1,222.5,222.5,206.85,210.05,28875,1753348680
2025-07-24 14:49:00,CE,ATM-4,67.101506,173925,24850.0,25063.55,210.8,221.0,209.7,218.65,15900,1753348740
2025-07-24 14:50:00,CE,ATM-4,58.494024,173925,24850.0,25061.3,219.15,220.5,212.6,214.05,8100,1753348800
2025-07-24 14:51:00,CE,ATM-4,55.72075,173925,24850.0,25061.25,213.85,215.2,212.6,213.3,7725,1753348860
2025-07-24 14:52:00,CE,ATM-4,56.376624,168525,24850.0,25057.05,214.2,217.8,208.95,209.25,13875,1753348920
2025-07-24 14:53:00,CE,ATM-4,60.014437,168525,24850.0,25055.5,209.25,210.0,206.55,208.35,27375,1753348980
2025-07-24 14:54:00,CE,ATM-4,53.04067,168525,24850.0,25055.6,208.15,210.0,203.6,207.05,27825,1753349040
2025-07-24 14:55:00,CE,ATM-4,0.0,162975,24850.0,25056.85,205.8,213.05,204.15,206.6,48000,1753349100
2025-07-24 14:56:00,CE,ATM-4,53.000292,162975,24850.0,25051.45,205.35,208.1,200.0,202.8,36825,1753349160
2025-07-24 14:57:00,CE,ATM-4,0.0,162975,24850.0,25054.6,202.8,205.6,202.65,204.0,28050,1753349220
2025-07-24 14:58:00,CE,ATM-4,0.0,156825,24850.0,25055.4,204.0,207.9,203.95,204.45,8850,1753349280
2025-07-24 14:59:00,CE,ATM-4,0.0,156825,24850.0,25049.05,205.3,207.9,198.65,198.65,14250,1753349340
2025-07-24 15:00:00,CE,ATM-4,87.749825,156825,24850.0,25059.15,199.55,217.4,196.15,217.4,91500,1753349400
2025-07-24 15:01:00,CE,ATM-4,61.447468,165750,24850.0,25062.8,219.45,223.6,213.9,214.3,45075,1753349460
2025-07-24 15:02:00,CE,ATM-4,74.598882,165750,24850.0,25061.85,215.5,217.35,210.65,215.45,10200,1753349520
2025-07-24 15:03:00,CE,ATM-4,53.446216,165750,24850.0,25067.75,214.55,223.6,214.55,218.25,16575,1753349580
2025-07-24 15:04:00,CE,ATM-4,52.879871,163350,24850.0,25069.8,219.45,221.0,218.0,220.2,15075,1753349640
2025-07-24 15:05:00,CE,ATM-4,0.0,163350,24850.0,25065.35,220.2,220.2,213.9,215.25,10425,1753349700
2025-07-24 15:06:00,CE,ATM-4,0.0,163350,24850.0,25063.85,214.2,217.8,213.9,213.9,9975,1753349760
2025-07-24 15:07:00,CE,ATM-4,53.099617,160650,24850.0,25066.65,215.4,217.8,215.4,216.95,6000,1753349820
2025-07-24 15:08:00,CE,ATM-4,0.0,160650,24850.0,25066.6,216.55,217.2,214.4,216.7,5175,1753349880
2025-07-24 15:09:00,CE,ATM-4,61.269937,160650,24850.0,25068.1,216.7,218.6,216.25,218.6,4500,1753349940
2025-07-24 15:10:00,CE,ATM-4,77.874335,156675,24850.0,25067.3,219.0,219.75,217.7,219.05,6675,1753350000
2025-07-24 15:11:00,CE,ATM-4,61.774102,156675,24850.0,25065.95,219.05,219.05,215.35,216.35,9225,1753350060
2025-07-24 15:12:00,CE,ATM-4,73.050514,156675,24850.0,25067.5,217.0,219.0,217.0,218.4,2250,1753350120
2025-07-24 15:13:00,CE,ATM-4,0.0,149775,24850.0,25067.15,218.4,218.9,216.35,216.35,5250,1753350180
2025-07-24 15:14:00,CE,ATM-4,0.0,149775,24850.0,25069.0,217.9,218.0,216.45,218.0,1875,1753350240
2025-07-24 15:15:00,CE,ATM-4,67.578342,149775,24850.0,25068.2,218.1,219.2,217.8,218.5,18150,1753350300
2025-07-24 15:16:00,CE,ATM-4,94.784786,134550,24850.0,25063.35,218.5,218.9,215.4,215.4,14025,1753350360
2025-07-24 15:17:00,CE,ATM-4,104.631047,134550,24850.0,25062.05,215.1,215.8,213.8,214.9,11700,1753350420
2025-07-24 15:18:00,CE,ATM-4,116.592415,134550,24850.0,25059.7,215.2,215.2,212.5,213.75,10575,1753350480
2025-07-24 15:19:00,CE,ATM-4,122.837366,124800,24850.0,25058.25,213.8,213.8,212.55,212.55,10725,1753350540
2025-07-24 15:20:00,CE,ATM-4,128.982057,124800,24850.0,25058.5,212.65,213.75,212.5,212.8,14850,1753350600
2025-07-24 15:21:00,CE,ATM-4,131.416545,124800,24850.0,25060.1,212.8,214.3,212.8,213.7,3375,1753350660
2025-07-24 15:22:00,CE,ATM-4,0.0,119775,24850.0,25058.4,213.6,214.0,213.1,213.1,5100,1753350720
2025-07-24 15:23:00,CE,ATM-4,0.0,119775,24850.0,25059.95,213.1,213.1,212.65,213.05,3450,1753350780
2025-07-24 15:24:00,CE,ATM-4,0.0,119775,24850.0,25057.35,213.1,213.1,211.7,211.7,4500,1753350840
2025-07-24 15:25:00,CE,ATM-4,0.0,116850,24850.0,25055.0,212.4,212.95,211.75,211.75,10800,1753350900
2025-07-24 15:26:00,CE,ATM-4,0.0,116850,24850.0,25055.8,211.75,212.45,211.35,211.35,13650,1753350960
2025-07-24 15:27:00,CE,ATM-4,0.0,116850,24850.0,25050.7,212.4,212.4,211.65,211.95,19725,1753351020
2025-07-24 15:28:00,CE,ATM-4,0.0,96225,24850.0,25055.25,211.35,212.5,211.35,211.6,6825,1753351080
2025-07-24 15:29:00,CE,ATM-4,0.0,96225,24850.0,25051.9,212.45,212.55,211.55,212.4,6000,1753351140
2025-07-18 09:15:00,PE,ATM-4,10.532408,3435225,24900.0,25115.85,44.4,52.8,44.15,45.2,911400,1752810300
2025-07-18 09:16:00,PE,ATM-4,10.62101,3435225,24900.0,25100.7,46.6,50.15,46.35,49.6,810825,1752810360
2025-07-18 09:17:00,PE,ATM-4,10.631527,3435225,24900.0,25092.7,48.75,53.85,48.75,51.65,842025,1752810420
2025-07-18 09:18:00,PE,ATM-4,10.56618,3724200,24900.0,25096.05,50.8,52.5,49.3,50.15,557325,1752810480
2025-07-18 09:19:00,PE,ATM-4,10.48924,3724200,24900.0,25086.7,50.0,52.3,49.55,51.65,448875,1752810540
2025-07-18 09:20:00,PE,ATM-4,10.535603,3724200,24900.0,25094.1,51.5,51.9,49.2,50.3,525000,1752810600
2025-07-18 09:21:00,PE,ATM-4,10.402729,4052400,24900.0,25085.05,49.95,52.5,49.2,51.15,524100,1752810660
2025-07-18 09:22:00,PE,ATM-4,10.484565,4052400,24900.0,25087.65,51.0,51.8,50.0,51.35,436800,1752810720
2025-07-18 09:23:00,PE,ATM-4,10.48381,4052400,24900.0,25087.8,51.4,52.2,50.45,51.3,260925,1752810780
2025-07-18 09:24:00,PE,ATM-4,10.390543,4252350,24900.0,25081.1,50.75,53.3,50.75,52.0,541050,1752810840
2025-07-18 09:25:00,PE,ATM-4,10.412566,4252350,24900.0,25075.15,51.7,54.85,51.4,53.75,686025,1752810900
2025-07-18 09:26:00,PE,ATM-4,10.476607,1244400,24850.0,25069.3,43.1,43.9,42.85,43.65,187200,1752810960
2025-07-18 09:27:00,PE,ATM-4,10.385825,1289400,24850.0,25063.7,43.6,44.75,43.15,44.0,243150,1752811020
2025-07-18 09:28:00,PE,ATM-4,10.440497,1289400,24850.0,25070.4,44.1,44.3,42.6,43.05,169200,1752811080
2025-07-18 09:29:00,PE,ATM-4,10.40022,1289400,24850.0,25070.2,43.0,43.35,41.8,42.7,169125,1752811140
2025-07-18 09:30:00,PE,ATM-4,10.371328,1409025,24850.0,25074.7,42.25,42.25,41.1,41.45,164175,1752811200
2025-07-18 09:31:00,PE,ATM-4,10.271447,4781250,24900.0,25078.2,51.7,52.95,51.05,51.45,254250,1752811260
2025-07-18 09:32:00,PE,ATM-4,10.245904,4781250,24900.0,25079.3,51.25,52.15,50.55,50.9,300300,1752811320
2025-07-18 09:33:00,PE,ATM-4,10.151482,4930425,24900.0,25076.35,50.75,51.2,49.65,50.65,384225,1752811380
2025-07-18 09:34:00,PE,ATM-4,10.14738,4930425,24900.0,25077.75,50.45,51.4,49.5,50.25,339225,1752811440
2025-07-18 09:35:00,PE,ATM-4,10.26903,1519650,24850.0,25072.6,40.3,41.8,39.95,40.9,136575,1752811500
2025-07-18 09:36:00,PE,ATM-4,10.161453,5196000,24900.0,25077.9,51.05,51.05,49.95,50.35,325800,1752811560
2025-07-18 09:37:00,PE,ATM-4,10.205028,5196000,24900.0,25078.5,50.45,51.15,50.1,50.65,189675,1752811620
2025-07-18 09:38:00,PE,ATM-4,10.141133,5196000,24900.0,25083.05,49.9,50.5,47.85,48.85,433950,1752811680
2025-07-18 09:39:00,PE,ATM-4,10.115889,5279475,24900.0,25075.95,48.9,51.0,48.8,50.35,256875,1752811740
2025-07-18 09:40:00,PE,ATM-4,10.20199,1693875,24850.0,25065.55,39.75,41.85,39.75,41.75,175800,1752811800
2025-07-18 09:41:00,PE,ATM-4,10.241204,1693875,24850.0,25065.2,41.75,42.2,41.4,42.2,139425,1752811860
2025-07-18 09:42:00,PE,ATM-4,10.170009,1772475,24850.0,25056.4,41.7,43.55,41.65,43.45,196500,1752811920
2025-07-18 09:43:00,PE,ATM-4,10.160479,1772475,24850.0,25047.0,43.75,45.5,43.45,45.5,320250,1752811980
2025-07-18 09:44:00,PE,ATM-4,10.053197,1772475,24850.0,25044.3,44.95,45.8,44.15,45.05,287400,1752812040
2025-07-18 09:45:00,PE,ATM-4,10.157506,1698150,24850.0,25035.7,45.3,48.95,45.05,48.15,547575,1752812100
2025-07-18 09:46:00,PE,ATM-4,10.066711,1698150,24850.0,25036.6,48.35,48.85,46.75,47.0,265500,1752812160
2025-07-18 09:47:00,PE,ATM-4,10.240003,1698150,24850.0,25031.6,46.95,50.0,46.9,50.0,189075,1752812220
2025-07-18 09:48:00,PE,ATM-4,10.230903,1650075,24850.0,25030.6,49.6,51.45,49.35,50.15,379725,1752812280
2025-07-18 09:49:00,PE,ATM-4,10.207925,1650075,24850.0,25033.25,50.3,50.3,49.15,49.25,132000,1752812340
2025-07-18 09:50:00,PE,ATM-4,10.318124,1650075,24850.0,25034.4,49.3,50.3,48.45,50.1,153750,1752812400
2025-07-18 09:51:00,PE,ATM-4,10.163899,1676925,24850.0,25038.75,50.2,50.2,46.9,47.45,208275,1752812460
2025-07-18 09:52:00,PE,ATM-4,10.22946,1676925,24850.0,25045.3,47.8,48.4,46.55,46.55,107325,1752812520
2025-07-18 09:53:00,PE,ATM-4,10.285291,1676925,24850.0,25048.95,46.65,47.0,45.5,46.25,131700,1752812580
2025-07-18 09:54:00,PE,ATM-4,10.376349,1718325,24850.0,25045.2,46.25,48.1,46.25,48.05,133950,1752812640
2025-07-18 09:55:00,PE,ATM-4,10.288471,1718325,24850.0,25043.75,47.55,47.95,47.0,47.5,154725,1752812700
2025-07-18 09:56:00,PE,ATM-4,10.349328,1718325,24850.0,25044.85,47.4,48.05,46.9,47.85,87600,1752812760
2025-07-18 09:57:00,PE,ATM-4,10.295403,1788825,24850.0,25041.5,47.8,48.55,47.25,48.1,83625,1752812820
2025-07-18 09:58:00,PE,ATM-4,10.258508,1788825,24850.0,25040.75,47.9,48.35,47.7,47.9,83325,1752812880
2025-07-18 09:59:00,PE,ATM-4,10.19723,1788825,24850.0,25039.8,48.05,48.1,46.6,47.5,112125,1752812940
2025-07-18 10:00:00,PE,ATM-4,10.185091,1799325,24850.0,25033.1,47.2,49.35,47.2,49.0,141300,1752813000
2025-07-18 10:01:00,PE,ATM-4,10.53291,3449550,24800.0,25024.8,39.7,42.65,39.6,42.65,447825,1752813060
2025-07-18 10:02:00,PE,ATM-4,10.455073,3449550,24800.0,25021.1,42.45,44.0,42.4,42.7,578625,1752813120
2025-07-18 10:03:00,PE,ATM-4,10.23702,1808775,24850.0,25026.2,52.8,53.2,51.0,51.25,174675,1752813180
2025-07-18 10:04:00,PE,ATM-4,10.49587,3421125,24800.0,25024.95,41.45,42.25,41.15,42.25,184575,1752813240
2025-07-18 10:05:00,PE,ATM-4,10.30196,1808775,24850.0,25025.5,52.65,53.9,52.0,52.1,209850,1752813300
2025-07-18 10:06:00,PE,ATM-4,10.577763,3463125,24800.0,25013.1,42.45,46.25,42.45,45.65,683100,1752813360
2025-07-18 10:07:00,PE,ATM-4,10.563918,3463125,24800.0,25019.4,45.65,45.7,43.6,44.1,330150,1752813420
2025-07-18 10:08:00,PE,ATM-4,10.619312,3463125,24800.0,25019.1,43.9,44.75,43.4,44.7,186225,1752813480
2025-07-18 10:09:00,PE,ATM-4,10.588375,3479475,24800.0,25017.95,44.6,44.8,43.8,44.65,135675,1752813540
2025-07-18 10:10:00,PE,ATM-4,10.596651,3479475,24800.0,25011.2,44.7,46.85,44.4,46.25,349800,1752813600
2025-07-18 10:11:00,PE,ATM-4,10.577174,3479475,24800.0,25012.75,45.95,46.9,45.35,45.7,537750,1752813660
2025-07-18 10:12:00,PE,ATM-4,10.686367,3434775,24800.0,25007.45,45.5,48.85,45.35,48.0,477525,1752813720
2025-07-18 10:13:00,PE,ATM-4,10.662186,3434775,24800.0,25011.35,48.15,48.95,46.65,46.85,442650,1752813780
2025-07-18 10:14:00,PE,ATM-4,10.783526,3434775,24800.0,25013.3,46.7,47.6,45.9,47.6,226350,1752813840
2025-07-18 10:15:00,PE,ATM-4,11.094883,3303825,24800.0,24996.35,47.35,54.85,47.35,54.85,931425,1752813900
2025-07-18 10:16:00,PE,ATM-4,11.334497,3303825,24800.0,24980.75,55.6,63.7,55.6,61.45,1484475,1752813960
2025-07-18 10:17:00,PE,ATM-4,11.730476,1273350,24750.0,24968.05,51.65,57.0,50.35,55.8,568050,1752814020
2025-07-18 10:18:00,PE,ATM-4,11.848026,1396950,24750.0,24959.85,55.8,62.85,55.8,59.05,750000,1752814080
2025-07-18 10:19:00,PE,ATM-4,11.626787,1396950,24750.0,24956.65,59.4,60.75,57.35,57.55,543225,1752814140
2025-07-18 10:20:00,PE,ATM-4,11.630824,1396950,24750.0,24944.55,57.55,61.7,57.55,60.7,505050,1752814200
2025-07-18 10:21:00,PE,ATM-4,11.536217,1437300,24750.0,24955.65,61.05,61.85,55.55,56.85,564000,1752814260
2025-07-18 10:22:00,PE,ATM-4,11.389369,1437300,24750.0,24955.55,56.6,56.7,54.5,55.35,263250,1752814320
2025-07-18 10:23:00,PE,ATM-4,11.321132,1437300,24750.0,24965.8,56.25,56.35,52.0,52.15,269850,1752814380
2025-07-18 10:24:00,PE,ATM-4,11.313592,1436100,24750.0,24965.25,51.9,54.15,51.9,52.2,194475,1752814440
2025-07-18 10:25:00,PE,ATM-4,11.333076,1436100,24750.0,24962.1,52.3,54.25,51.55,53.15,165225,1752814500
2025-07-18 10:26:00,PE,ATM-4,11.355646,1436100,24750.0,24960.35,52.5,53.8,51.9,53.8,151500,1752814560
2025-07-18 10:27:00,PE,ATM-4,11.30026,1484625,24750.0,24959.65,53.5,55.1,53.05,53.4,225825,1752814620
2025-07-18 10:28:00,PE,ATM-4,11.322421,1484625,24750.0,24951.25,53.65,56.4,53.65,55.7,207900,1752814680
2025-07-18 10:29:00,PE,ATM-4,11.460429,1484625,24750.0,24952.55,55.0,56.8,54.4,56.8,163050,1752814740
2025-07-18 10:30:00,PE,ATM-4,11.335439,1493625,24750.0,24933.4,56.95,61.4,56.8,60.45,370350,1752814800
2025-07-18 10:31:00,PE,ATM-4,11.299066,1493625,24750.0,24947.65,60.05,60.05,55.05,56.35,333225,1752814860
2025-07-18 10:32:00,PE,ATM-4,11.232528,1493625,24750.0,24944.9,56.15,57.65,55.35,56.35,180975,1752814920
2025-07-18 10:33:00,PE,ATM-4,11.288063,1578525,24750.0,24947.55,56.35,57.45,55.35,56.25,139800,1752814980
2025-07-18 10:34:00,PE,ATM-4,11.183977,1578525,24750.0,24943.85,56.55,57.1,55.75,56.1,122250,1752815040
2025-07-18 10:35:00,PE,ATM-4,11.153159,1578525,24750.0,24949.9,56.3,56.3,54.25,54.25,137925,1752815100
2025-07-18 10:36:00,PE,ATM-4,11.197907,1482525,24750.0,24961.15,54.55,54.95,51.3,51.95,193725,1752815160
2025-07-18 10:37:00,PE,ATM-4,11.157869,1482525,24750.0,24958.2,52.0,53.0,51.3,52.25,131925,1752815220
2025-07-18 10:38:00,PE,ATM-4,11.207815,1482525,24750.0,24957.8,52.05,53.1,50.8,52.85,118725,1752815280
2025-07-18 10:39:00,PE,ATM-4,11.204443,1480500,24750.0,24952.95,52.7,54.0,52.65,54.0,111450,1752815340
2025-07-18 10:40:00,PE,ATM-4,11.354395,1480500,24750.0,24946.0,54.0,57.6,54.0,57.3,213000,1752815400
2025-07-18 10:41:00,PE,ATM-4,11.335884,1480500,24750.0,24941.35,57.3,59.5,57.2,58.3,237975,1752815460
2025-07-18 10:42:00,PE,ATM-4,11.308612,1477425,24750.0,24940.8,58.25,58.25,55.5,58.15,151500,1752815520
2025-07-18 10:43:00,PE,ATM-4,11.141497,1477425,24750.0,24947.45,57.75,57.95,54.5,54.7,107325,1752815580
2025-07-18 10:44:00,PE,ATM-4,11.243144,1477425,24750.0,24942.35,54.75,57.35,54.35,57.05,116700,1752815640
2025-07-18 10:45:00,PE,ATM-4,11.209431,1512675,24750.0,24941.15,56.9,58.1,56.8,57.0,143550,1752815700
2025-07-18 10:46:00,PE,ATM-4,11.179682,1512675,24750.0,24940.5,56.15,58.3,55.6,56.85,123900,1752815760
2025-07-18 10:47:00,PE,ATM-4,11.147001,1512675,24750.0,24946.4,56.95,56.95,55.0,55.0,81225,1752815820
2025-07-18 10:48:00,PE,ATM-4,11.169418,1514175,24750.0,24950.5,55.0,55.15,53.05,54.2,98400,1752815880
2025-07-18 10:49:00,PE,ATM-4,11.183258,1514175,24750.0,24943.9,53.85,56.6,53.55,56.0,77700,1752815940
2025-07-18 10:50:00,PE,ATM-4,11.138667,1514175,24750.0,24945.4,55.85,55.85,54.95,55.15,53775,1752816000
2025-07-18 10:51:00,PE,ATM-4,11.227387,1518600,24750.0,24943.9,55.3,56.45,54.4,56.45,71250,1752816060
2025-07-18 10:52:00,PE,ATM-4,11.114252,1518600,24750.0,24950.95,56.15,56.4,53.5,53.5,101400,1752816120
2025-07-18 10:53:00,PE,ATM-4,11.242251,1518600,24750.0,24950.2,53.95,55.1,53.7,55.0,75900,1752816180
2025-07-18 10:54:00,PE,ATM-4,11.161583,1511475,24750.0,24947.45,55.0,55.75,54.3,54.85,43950,1752816240
2025-07-18 10:55:00,PE,ATM-4,11.191104,1511475,24750.0,24951.25,54.4,55.0,53.3,54.2,99150,1752816300
2025-07-18 10:56:00,PE,ATM-4,11.15778,1511475,24750.0,24943.3,54.25,56.3,54.25,55.85,104250,1752816360
2025-07-18 10:57:00,PE,ATM-4,11.138268,1523175,24750.0,24944.25,55.5,56.0,54.25,55.4,76200,1752816420
2025-07-18 10:58:00,PE,ATM-4,11.257283,1523175,24750.0,24937.05,55.4,58.65,55.15,58.5,181350,1752816480
2025-07-18 10:59:00,PE,ATM-4,11.42089,1523175,24750.0,24931.0,58.1,61.85,57.5,61.85,265350,1752816540
2025-07-18 11:00:00,PE,ATM-4,11.263212,1513650,24750.0,24929.9,61.7,63.6,59.8,60.45,415350,1752816600
2025-07-18 11:01:00,PE,ATM-4,11.228256,1513650,24750.0,24925.9,60.45,62.1,59.55,61.15,199050,1752816660
2025-07-18 11:02:00,PE,ATM-4,11.123573,1513650,24750.0,24940.8,60.8,61.45,55.8,56.1,269475,1752816720
2025-07-18 11:03:00,PE,ATM-4,11.217106,1487175,24750.0,24950.75,55.8,56.1,54.05,54.55,214275,1752816780
2025-07-18 11:04:00,PE,ATM-4,11.200066,1487175,24750.0,24953.45,54.5,54.5,52.45,53.7,121575,1752816840
2025-07-18 11:05:00,PE,ATM-4,11.233855,1487175,24750.0,24951.4,53.6,54.95,53.6,54.55,106650,1752816900
2025-07-18 11:06:00,PE,ATM-4,11.179232,1510200,24750.0,24953.15,54.45,55.1,53.15,53.55,89025,1752816960
2025-07-18 11:07:00,PE,ATM-4,11.182743,1510200,24750.0,24956.95,53.8,53.8,51.75,52.65,153750,1752817020
2025-07-18 11:08:00,PE,ATM-4,11.144861,1510200,24750.0,24953.1,52.8,54.45,52.55,53.2,77100,1752817080
2025-07-18 11:09:00,PE,ATM-4,11.136007,1509600,24750.0,24954.75,53.3,53.45,52.5,52.7,60975,1752817140
2025-07-18 11:10:00,PE,ATM-4,11.158139,1509600,24750.0,24953.0,53.05,54.3,52.95,53.35,100800,1752817200
2025-07-18 11:11:00,PE,ATM-4,11.1939,1509600,24750.0,24953.45,53.45,54.0,52.65,53.6,66675,1752817260
2025-07-18 11:12:00,PE,ATM-4,11.127625,1539525,24750.0,24960.75,53.8,53.8,51.15,51.15,173700,1752817320
2025-07-18 11:13:00,PE,ATM-4,11.132057,1539525,24750.0,24954.5,51.65,52.85,51.65,52.7,53325,1752817380
2025-07-18 11:14:00,PE,ATM-4,11.156922,1539525,24750.0,24958.4,52.45,53.5,51.9,52.0,71475,1752817440
2025-07-18 11:15:00,PE,ATM-4,11.095283,1545900,24750.0,24959.95,52.4,52.4,50.15,51.0,82575,1752817500
2025-07-18 11:16:00,PE,ATM-4,11.124927,1545900,24750.0,24960.55,51.05,51.9,50.9,51.15,50850,1752817560
2025-07-18 11:17:00,PE,ATM-4,11.14768,1545900,24750.0,24959.4,50.85,51.7,50.5,51.65,78900,1752817620
2025-07-18 11:18:00,PE,ATM-4,11.106974,1549800,24750.0,24958.5,51.85,52.2,51.1,51.45,69150,1752817680
2025-07-18 11:19:00,PE,ATM-4,11.087272,1549800,24750.0,24958.9,51.25,52.35,50.15,51.15,76125,1752817740
2025-07-18 11:20:00,PE,ATM-4,11.12457,1549800,24750.0,24957.95,51.3,52.6,51.2,51.75,82350,1752817800
2025-07-18 11:21:00,PE,ATM-4,11.052521,1546200,24750.0,24964.35,51.6,51.6,49.3,49.5,172950,1752817860
2025-07-18 11:22:00,PE,ATM-4,11.047148,1546200,24750.0,24964.1,49.25,50.7,48.85,49.5,68025,1752817920
2025-07-18 11:23:00,PE,ATM-4,11.052335,1546200,24750.0,24961.75,49.25,50.2,48.7,50.1,60675,1752817980
2025-07-18 11:24:00,PE,ATM-4,10.997148,1532700,24750.0,24967.3,49.65,50.0,48.0,48.25,82125,1752818040
2025-07-18 11:25:00,PE,ATM-4,11.068685,1532700,24750.0,24966.45,48.15,49.4,48.0,49.15,66300,1752818100
2025-07-18 11:26:00,PE,ATM-4,11.083741,1532700,24750.0,24970.75,49.15,49.25,47.55,48.3,60675,1752818160
2025-07-18 11:27:00,PE,ATM-4,10.915264,5451450,24800.0,24976.55,59.05,59.4,57.35,57.7,347925,1752818220
2025-07-18 11:28:00,PE,ATM-4,11.090387,1542225,24750.0,24973.4,46.2,47.9,46.2,47.75,86400,1752818280
2025-07-18 11:29:00,PE,ATM-4,11.098096,1542225,24750.0,24971.3,47.5,48.5,47.4,48.3,86475,1752818340
2025-07-18 11:30:00,PE,ATM-4,11.021168,1552050,24750.0,24968.85,48.4,49.85,48.1,48.1,100125,1752818400
2025-07-18 11:31:00,PE,ATM-4,11.070429,1552050,24750.0,24969.2,48.1,49.0,47.6,48.5,53100,1752818460
2025-07-18 11:32:00,PE,ATM-4,11.195058,1552050,24750.0,24969.75,48.8,49.6,47.75,49.6,55650,1752818520
2025-07-18 11:33:00,PE,ATM-4,11.167954,1557825,24750.0,24964.1,49.4,50.85,49.3,50.65,73575,1752818580
2025-07-18 11:34:00,PE,ATM-4,11.268353,1557825,24750.0,24958.3,50.8,53.05,50.2,53.05,169875,1752818640
2025-07-18 11:35:00,PE,ATM-4,11.226176,1557825,24750.0,24951.85,52.8,54.25,51.85,54.2,174675,1752818700
2025-07-18 11:36:00,PE,ATM-4,11.182654,1601550,24750.0,24952.45,54.4,54.8,53.4,53.6,176850,1752818760
2025-07-18 11:37:00,PE,ATM-4,11.054571,1601550,24750.0,24954.45,53.45,53.45,51.65,51.8,126225,1752818820
2025-07-18 11:38:00,PE,ATM-4,11.154354,1601550,24750.0,24952.45,52.0,53.4,51.55,53.3,68325,1752818880
2025-07-18 11:39:00,PE,ATM-4,11.191703,1608600,24750.0,24951.75,53.0,53.9,52.5,53.85,95550,1752818940
2025-07-18 11:40:00,PE,ATM-4,11.213134,1608600,24750.0,24950.0,53.8,54.5,53.2,54.5,94650,1752819000
2025-07-18 11:41:00,PE,ATM-4,11.168658,1608600,24750.0,24947.15,54.15,54.75,53.2,54.75,64350,1752819060
2025-07-18 11:42:00,PE,ATM-4,11.02822,1627575,24750.0,24951.4,54.45,54.75,52.25,52.25,146100,1752819120
2025-07-18 11:43:00,PE,ATM-4,11.183453,1627575,24750.0,24944.35,52.05,55.7,52.05,55.6,152025,1752819180
2025-07-18 11:44:00,PE,ATM-4,10.963283,3516900,24700.0,24922.0,45.3,47.15,45.25,46.55,434250,1752819240
2025-07-18 11:45:00,PE,ATM-4,10.92826,1596300,24750.0,24936.45,57.0,57.0,54.0,54.95,172125,1752819300
2025-07-18 11:46:00,PE,ATM-4,10.905296,1596300,24750.0,24941.4,54.95,54.95,52.75,53.45,117900,1752819360
2025-07-18 11:47:00,PE,ATM-4,10.899417,1596300,24750.0,24939.75,53.45,54.05,53.2,53.8,56550,1752819420
2025-07-18 11:48:00,PE,ATM-4,10.942435,1607325,24750.0,24940.7,53.8,54.05,53.1,54.0,41325,1752819480
2025-07-18 11:49:00,PE,ATM-4,10.835801,1607325,24750.0,24947.95,53.75,54.25,51.1,51.1,144150,1752819540
2025-07-18 11:50:00,PE,ATM-4,10.878502,1607325,24750.0,24951.15,51.05,51.1,49.95,50.75,154125,1752819600
2025-07-18 11:51:00,PE,ATM-4,10.840691,1604700,24750.0,24949.55,50.75,51.1,49.75,50.75,63750,1752819660
2025-07-18 11:52:00,PE,ATM-4,10.82896,1604700,24750.0,24960.6,50.65,50.65,48.0,48.0,128325,1752819720
2025-07-18 11:53:00,PE,ATM-4,10.88523,1604700,24750.0,24960.4,48.05,48.6,47.55,48.6,69375,1752819780
2025-07-18 11:54:00,PE,ATM-4,10.884042,1611150,24750.0,24959.05,48.6,49.25,48.6,48.9,69975,1752819840
2025-07-18 11:55:00,PE,ATM-4,10.84321,1611150,24750.0,24958.15,48.95,49.4,48.65,48.7,63000,1752819900
2025-07-18 11:56:00,PE,ATM-4,10.901367,1611150,24750.0,24955.1,49.1,50.0,48.75,50.0,59250,1752819960
2025-07-18 11:57:00,PE,ATM-4,10.847412,1619550,24750.0,24949.5,50.1,51.0,49.75,50.8,78225,1752820020
2025-07-18 11:58:00,PE,ATM-4,10.890957,1619550,24750.0,24949.65,50.85,51.25,50.35,51.2,88350,1752820080
2025-07-18 11:59:00,PE,ATM-4,10.843244,1619550,24750.0,24951.35,51.0,51.05,49.7,50.3,61725,1752820140
2025-07-18 12:00:00,PE,ATM-4,10.848814,1648575,24750.0,24947.65,50.5,51.25,49.6,51.25,66975,1752820200
2025-07-18 12:01:00,PE,ATM-4,10.804179,1648575,24750.0,24944.15,51.6,52.35,51.5,51.65,128700,1752820260
2025-07-18 12:02:00,PE,ATM-4,10.812324,1648575,24750.0,24942.85,51.65,52.45,51.65,52.05,74775,1752820320
2025-07-18 12:03:00,PE,ATM-4,10.792218,1661775,24750.0,24942.0,52.2,52.7,51.5,52.05,62175,1752820380
2025-07-18 12:04:00,PE,ATM-4,10.773368,1661775,24750.0,24940.4,52.3,52.4,51.5,52.25,62775,1752820440
2025-07-18 12:05:00,PE,ATM-4,10.786871,1661775,24750.0,24943.15,51.8,51.8,50.2,51.7,87450,1752820500
2025-07-18 12:06:00,PE,ATM-4,10.732501,1687050,24750.0,24942.5,51.55,52.0,50.75,51.3,53175,1752820560
2025-07-18 12:07:00,PE,ATM-4,10.775977,1687050,24750.0,24941.45,51.35,52.0,50.65,52.0,50850,1752820620
2025-07-18 12:08:00,PE,ATM-4,10.703854,1687050,24750.0,24943.1,51.9,51.9,50.6,50.85,48675,1752820680
2025-07-18 12:09:00,PE,ATM-4,10.779117,1703850,24750.0,24942.95,50.9,51.85,50.9,51.65,29775,1752820740
2025-07-18 12:10:00,PE,ATM-4,10.753055,1703850,24750.0,24941.45,51.65,51.75,50.25,51.75,60825,1752820800
2025-07-18 12:11:00,PE,ATM-4,10.760993,1703850,24750.0,24940.35,51.75,52.1,51.45,52.1,48975,1752820860
2025-07-18 12:12:00,PE,ATM-4,10.767338,1704150,24750.0,24937.4,51.95,53.1,51.95,52.9,102000,1752820920
2025-07-18 12:13:00,PE,ATM-4,10.757558,1704150,24750.0,24932.85,53.1,54.3,52.8,53.95,104325,1752820980
2025-07-18 12:14:00,PE,ATM-4,10.742725,1704150,24750.0,24933.4,53.85,54.0,52.75,53.65,104775,1752821040
2025-07-18 12:15:00,PE,ATM-4,10.70959,1692075,24750.0,24933.6,53.4,54.15,53.0,53.25,80925,1752821100
2025-07-18 12:16:00,PE,ATM-4,10.697814,1692075,24750.0,24930.95,52.65,53.8,51.75,53.8,108600,1752821160
2025-07-18 12:17:00,PE,ATM-4,10.6809,1692075,24750.0,24927.15,53.85,55.15,53.45,54.6,164850,1752821220
2025-07-18 12:18:00,PE,ATM-4,10.886391,3544800,24700.0,24919.5,43.95,46.2,43.95,46.2,319950,1752821280
2025-07-18 12:19:00,PE,ATM-4,10.79754,3544800,24700.0,24921.9,45.8,45.8,44.55,44.8,190500,1752821340
2025-07-18 12:20:00,PE,ATM-4,10.597973,1696275,24750.0,24926.25,55.15,56.0,53.65,53.95,106725,1752821400
2025-07-18 12:21:00,PE,ATM-4,10.62842,1690050,24750.0,24929.4,54.3,54.3,52.4,53.45,106200,1752821460
2025-07-18 12:22:00,PE,ATM-4,10.539828,1690050,24750.0,24937.05,53.2,53.5,50.6,50.6,119025,1752821520
2025-07-18 12:23:00,PE,ATM-4,10.598545,1690050,24750.0,24933.05,50.5,52.2,50.4,52.2,66525,1752821580
2025-07-18 12:24:00,PE,ATM-4,10.572488,1699350,24750.0,24933.55,52.25,52.35,51.55,51.8,39000,1752821640
2025-07-18 12:25:00,PE,ATM-4,10.526878,1699350,24750.0,24934.85,51.85,52.3,50.9,51.0,64200,1752821700
2025-07-18 12:26:00,PE,ATM-4,10.436607,1699350,24750.0,24939.0,51.1,51.1,48.6,49.05,201150,1752821760
2025-07-18 12:27:00,PE,ATM-4,10.436425,1698750,24750.0,24941.65,49.0,49.6,48.4,48.4,60300,1752821820
2025-07-18 12:28:00,PE,ATM-4,10.530445,1698750,24750.0,24940.4,48.9,49.7,48.45,49.65,49575,1752821880
2025-07-18 12:29:00,PE,ATM-4,10.462467,1698750,24750.0,24939.4,49.4,50.1,49.15,49.2,41175,1752821940
2025-07-18 12:30:00,PE,ATM-4,10.554166,1706700,24750.0,24943.4,49.25,49.45,48.8,49.15,34350,1752822000
2025-07-18 12:31:00,PE,ATM-4,10.562545,1706700,24750.0,24940.65,48.95,50.0,48.9,49.9,58950,1752822060
2025-07-18 12:32:00,PE,ATM-4,10.580545,1706700,24750.0,24942.4,49.9,50.45,49.1,49.65,86475,1752822120
2025-07-18 12:33:00,PE,ATM-4,10.59207,1726650,24750.0,24940.0,49.7,50.5,49.6,50.35,48525,1752822180
2025-07-18 12:34:00,PE,ATM-4,10.626129,1726650,24750.0,24937.95,50.35,51.5,50.35,51.2,72675,1752822240
2025-07-18 12:35:00,PE,ATM-4,10.641208,1726650,24750.0,24935.35,51.25,52.0,50.9,52.0,74025,1752822300
2025-07-18 12:36:00,PE,ATM-4,10.636334,1757850,24750.0,24933.15,51.8,53.3,51.8,52.5,178725,1752822360
2025-07-18 12:37:00,PE,ATM-4,10.593326,1757850,24750.0,24930.2,52.15,53.35,52.0,52.8,108375,1752822420
2025-07-18 12:38:00,PE,ATM-4,10.528892,1757850,24750.0,24930.9,53.0,53.05,51.75,51.95,66525,1752822480
2025-07-18 12:39:00,PE,ATM-4,10.50852,1744725,24750.0,24946.3,51.95,51.95,46.75,47.95,254175,1752822540
2025-07-18 12:40:00,PE,ATM-4,10.573082,1744725,24750.0,24942.75,48.2,49.45,48.2,49.45,88425,1752822600
2025-07-18 12:41:00,PE,ATM-4,10.571385,1744725,24750.0,24950.8,49.35,49.5,47.5,47.5,85725,1752822660
2025-07-18 12:42:00,PE,ATM-4,10.591799,1730625,24750.0,24943.9,47.45,49.4,47.25,49.35,81300,1752822720
2025-07-18 12:43:00,PE,ATM-4,10.485518,1730625,24750.0,24940.9,49.4,49.4,48.25,49.0,36525,1752822780
2025-07-18 12:44:00,PE,ATM-4,10.57132,1730625,24750.0,24936.3,49.0,51.0,49.0,51.0,103125,1752822840
2025-07-18 12:45:00,PE,ATM-4,10.528739,1758750,24750.0,24937.55,51.0,52.05,50.15,50.25,150000,1752822900
2025-07-18 12:46:00,PE,ATM-4,10.557467,1758750,24750.0,24937.3,50.15,50.9,49.9,50.6,52050,1752822960
2025-07-18 12:47:00,PE,ATM-4,10.54108,1758750,24750.0,24935.6,50.6,51.0,50.2,50.85,25350,1752823020
2025-07-18 12:48:00,PE,ATM-4,10.568397,1768950,24750.0,24934.5,50.95,52.0,50.95,51.4,100950,1752823080
2025-07-18 12:49:00,PE,ATM-4,10.54039,1768950,24750.0,24942.65,51.2,51.35,48.4,49.1,137775,1752823140
2025-07-18 12:50:00,PE,ATM-4,10.588895,1768950,24750.0,24935.7,49.2,51.5,49.0,51.3,53250,1752823200
2025-07-18 12:51:00,PE,ATM-4,10.595476,1775775,24750.0,24935.75,51.6,51.7,50.8,51.35,73425,1752823260
2025-07-18 12:52:00,PE,ATM-4,10.592139,1775775,24750.0,24933.8,51.05,51.85,51.05,51.8,52425,1752823320
2025-07-18 12:53:00,PE,ATM-4,10.591545,1775775,24750.0,24934.95,51.75,51.75,50.7,51.5,52500,1752823380
2025-07-18 12:54:00,PE,ATM-4,10.562545,1760625,24750.0,24932.75,51.2,52.2,51.2,51.75,67650,1752823440
2025-07-18 12:55:00,PE,ATM-4,10.568,1760625,24750.0,24933.35,51.8,51.85,51.2,51.65,61725,1752823500
2025-07-18 12:56:00,PE,ATM-4,10.48407,1760625,24750.0,24939.35,51.55,51.55,49.05,49.3,101850,1752823560
2025-07-18 12:57:00,PE,ATM-4,10.489327,1766925,24750.0,24943.05,49.25,49.9,48.3,48.45,114525,1752823620
2025-07-18 12:58:00,PE,ATM-4,10.619035,1766925,24750.0,24949.5,48.7,48.95,47.7,48.2,93075,1752823680
2025-07-18 12:59:00,PE,ATM-4,10.688398,1766925,24750.0,24951.55,48.25,48.95,48.15,48.4,65475,1752823740
2025-07-18 13:00:00,PE,ATM-4,10.655048,1766925,24750.0,24968.85,48.35,48.35,44.1,44.1,369825,1752823800
2025-07-18 13:01:00,PE,ATM-4,10.887683,5763075,24800.0,24990.35,54.55,55.35,51.85,53.35,1507425,1752823860
2025-07-18 13:02:00,PE,ATM-4,10.48124,1734600,24750.0,24951.25,43.45,46.5,43.4,46.4,275775,1752823920
2025-07-18 13:03:00,PE,ATM-4,10.462644,1744950,24750.0,24951.3,46.05,46.65,45.8,46.2,146850,1752823980
2025-07-18 13:04:00,PE,ATM-4,10.408501,1744950,24750.0,24953.3,46.5,46.5,44.45,45.2,139725,1752824040
2025-07-18 13:05:00,PE,ATM-4,10.489992,1744950,24750.0,24949.85,45.75,47.0,45.2,46.8,111225,1752824100
2025-07-18 13:06:00,PE,ATM-4,10.459546,1779600,24750.0,24942.25,47.0,48.6,47.0,48.3,206775,1752824160
2025-07-18 13:07:00,PE,ATM-4,10.518672,1779600,24750.0,24943.45,48.1,48.75,47.0,48.6,95475,1752824220
2025-07-18 13:08:00,PE,ATM-4,10.475661,1779600,24750.0,24947.7,47.85,48.0,46.45,47.15,96150,1752824280
2025-07-18 13:09:00,PE,ATM-4,10.457681,1779600,24750.0,24945.45,47.35,48.3,47.35,47.5,49875,1752824340
2025-07-18 13:10:00,PE,ATM-4,10.488481,1775325,24750.0,24944.0,47.65,48.6,47.6,48.15,53025,1752824400
2025-07-18 13:11:00,PE,ATM-4,10.486948,1775325,24750.0,24944.75,48.0,48.6,47.3,47.95,56325,1752824460
2025-07-18 13:12:00,PE,ATM-4,10.464914,1775325,24750.0,24948.65,47.8,48.05,46.1,46.8,91275,1752824520
2025-07-18 13:13:00,PE,ATM-4,10.463869,1789050,24750.0,24949.65,46.75,47.5,46.15,46.55,44025,1752824580
2025-07-18 13:14:00,PE,ATM-4,10.44982,1789050,24750.0,24949.25,46.55,47.3,46.3,46.5,29925,1752824640
2025-07-18 13:15:00,PE,ATM-4,10.439048,1789050,24750.0,24950.7,46.15,47.0,46.0,46.05,39825,1752824700
2025-07-18 13:16:00,PE,ATM-4,10.494825,1789575,24750.0,24941.45,46.55,49.05,46.55,48.8,147300,1752824760
2025-07-18 13:17:00,PE,ATM-4,10.473771,1789575,24750.0,24940.35,48.4,49.8,48.4,48.85,107550,1752824820
2025-07-18 13:18:00,PE,ATM-4,10.467405,1789575,24750.0,24939.45,48.85,49.15,48.45,49.0,64200,1752824880
2025-07-18 13:19:00,PE,ATM-4,10.423583,1779375,24750.0,24940.7,48.8,48.8,47.25,48.25,56700,1752824940
2025-07-18 13:20:00,PE,ATM-4,10.425098,1779375,24750.0,24940.95,48.3,48.65,48.1,48.2,52125,1752825000
2025-07-18 13:21:00,PE,ATM-4,10.507763,1779375,24750.0,24942.3,48.35,49.8,47.8,48.7,90450,1752825060
2025-07-18 13:22:00,PE,ATM-4,10.490285,1790325,24750.0,24944.25,48.65,48.75,46.8,48.05,56625,1752825120
2025-07-18 13:23:00,PE,ATM-4,10.427658,1790325,24750.0,24944.75,48.25,48.4,47.3,47.3,30375,1752825180
2025-07-18 13:24:00,PE,ATM-4,10.485376,1790325,24750.0,24942.55,47.2,48.4,46.5,48.4,47625,1752825240
2025-07-18 13:25:00,PE,ATM-4,10.406334,1790400,24750.0,24945.5,48.3,48.5,46.9,46.9,51600,1752825300
2025-07-18 13:26:00,PE,ATM-4,10.396484,1790400,24750.0,24945.7,47.3,47.5,46.55,46.75,45225,1752825360
2025-07-18 13:27:00,PE,ATM-4,10.440393,1790400,24750.0,24947.95,46.8,47.0,45.85,46.65,87750,1752825420
2025-07-18 13:28:00,PE,ATM-4,10.436415,1792950,24750.0,24947.55,46.65,47.1,46.3,46.7,33000,1752825480
2025-07-18 13:29:00,PE,ATM-4,10.504577,1792950,24750.0,24946.8,46.7,47.75,46.7,47.55,50700,1752825540
2025-07-18 13:30:00,PE,ATM-4,10.543499,1792950,24750.0,24944.85,47.25,49.0,46.85,48.4,87675,1752825600
2025-07-18 13:31:00,PE,ATM-4,10.492027,1770450,24750.0,24952.4,48.15,48.9,46.0,46.1,95850,1752825660
2025-07-18 13:32:00,PE,ATM-4,10.524991,1770450,24750.0,24951.2,46.1,47.35,46.1,46.7,64500,1752825720
2025-07-18 13:33:00,PE,ATM-4,10.475476,1770450,24750.0,24953.6,46.55,47.15,45.4,45.65,98550,1752825780
2025-07-18 13:34:00,PE,ATM-4,10.559131,1764300,24750.0,24956.7,45.7,45.75,44.55,45.75,110850,1752825840
2025-07-18 13:35:00,PE,ATM-4,10.524732,1764300,24750.0,24955.0,45.95,46.35,45.35,45.8,47175,1752825900
2025-07-18 13:36:00,PE,ATM-4,10.531893,1764300,24750.0,24954.85,45.8,46.1,45.25,45.9,28275,1752825960
2025-07-18 13:37:00,PE,ATM-4,10.590086,1758675,24750.0,24956.0,46.1,46.3,45.8,46.2,41175,1752826020
2025-07-18 13:38:00,PE,ATM-4,10.51838,1758675,24750.0,24957.5,46.15,46.5,44.65,45.15,84975,1752826080
2025-07-18 13:39:00,PE,ATM-4,10.455913,1758675,24750.0,24960.55,45.4,45.4,43.85,43.85,93225,1752826140
2025-07-18 13:40:00,PE,ATM-4,10.501355,1740525,24750.0,24959.15,43.9,44.6,43.65,44.6,67425,1752826200
2025-07-18 13:41:00,PE,ATM-4,10.50722,1740525,24750.0,24966.55,44.25,44.45,42.25,43.0,170700,1752826260
2025-07-18 13:42:00,PE,ATM-4,10.465366,1740525,24750.0,24969.75,43.05,43.3,41.9,41.9,81525,1752826320
2025-07-18 13:43:00,PE,ATM-4,10.445293,1718025,24750.0,24963.6,42.1,43.7,42.1,43.05,72750,1752826380
2025-07-18 13:44:00,PE,ATM-4,10.465266,1718025,24750.0,24968.55,43.15,43.4,42.15,42.15,47775,1752826440
2025-07-18 13:45:00,PE,ATM-4,10.554781,1718025,24750.0,24968.3,42.05,43.1,42.0,43.05,52500,1752826500
2025-07-18 13:46:00,PE,ATM-4,10.563548,1755450,24750.0,24962.8,42.8,44.35,42.4,44.35,103500,1752826560
2025-07-18 13:47:00,PE,ATM-4,10.528434,1755450,24750.0,24959.5,44.35,44.75,43.6,44.75,72075,1752826620
2025-07-18 13:48:00,PE,ATM-4,10.445047,1755450,24750.0,24953.3,44.8,45.85,44.8,45.35,327975,1752826680
2025-07-18 13:49:00,PE,ATM-4,10.409328,1893225,24750.0,24956.35,45.3,45.35,44.0,44.3,90075,1752826740
2025-07-18 13:50:00,PE,ATM-4,10.478778,1893225,24750.0,24956.0,44.2,45.5,44.15,45.05,50175,1752826800
2025-07-18 13:51:00,PE,ATM-4,10.418685,1893225,24750.0,24957.15,44.65,44.65,44.05,44.2,43950,1752826860
2025-07-18 13:52:00,PE,ATM-4,10.497063,1940700,24750.0,24956.3,44.3,45.3,43.85,45.15,59175,1752826920
2025-07-18 13:53:00,PE,ATM-4,10.515847,1940700,24750.0,24954.9,45.2,46.15,45.0,45.65,70950,1752826980
2025-07-18 13:54:00,PE,ATM-4,10.508664,1940700,24750.0,24950.7,45.6,46.75,45.6,46.55,99525,1752827040
2025-07-18 13:55:00,PE,ATM-4,10.492049,1915125,24750.0,24953.2,46.55,46.75,45.7,45.8,71400,1752827100
2025-07-18 13:56:00,PE,ATM-4,10.483347,1915125,24750.0,24959.15,45.65,45.75,44.0,44.35,75750,1752827160
2025-07-18 13:57:00,PE,ATM-4,10.524893,4662525,24800.0,24980.95,55.45,55.45,51.45,51.7,596925,1752827220
2025-07-18 13:58:00,PE,ATM-4,10.766563,4680975,24800.0,24994.25,52.05,52.05,50.3,50.85,505725,1752827280
2025-07-18 13:59:00,PE,ATM-4,10.390466,1900800,24750.0,24960.0,41.2,43.95,41.2,43.25,268500,1752827340
2025-07-18 14:00:00,PE,ATM-4,10.498726,1900800,24750.0,24961.95,43.2,44.0,42.55,43.85,111450,1752827400
2025-07-18 14:01:00,PE,ATM-4,10.404654,1879875,24750.0,24959.45,43.75,44.45,43.1,43.5,81975,1752827460
2025-07-18 14:02:00,PE,ATM-4,10.428194,1879875,24750.0,24964.5,43.5,43.55,42.5,42.6,43575,1752827520
2025-07-18 14:03:00,PE,ATM-4,10.440326,1879875,24750.0,24967.75,42.5,42.55,41.45,42.0,66375,1752827580
2025-07-18 14:04:00,PE,ATM-4,10.417554,1873650,24750.0,24966.05,42.25,43.2,42.15,42.15,40725,1752827640
2025-07-18 14:05:00,PE,ATM-4,10.473182,1873650,24750.0,24967.3,42.45,42.9,42.1,42.4,27525,1752827700
2025-07-18 14:06:00,PE,ATM-4,10.500595,1873650,24750.0,24964.6,42.5,43.55,42.35,43.25,43800,1752827760
2025-07-18 14:07:00,PE,ATM-4,10.421589,1870425,24750.0,24960.5,43.15,43.9,43.1,43.4,46275,1752827820
2025-07-18 14:08:00,PE,ATM-4,10.471454,1870425,24750.0,24962.85,43.1,43.35,42.25,43.35,48825,1752827880
2025-07-18 14:09:00,PE,ATM-4,10.49637,1870425,24750.0,24966.85,43.05,43.05,42.25,42.7,36450,1752827940
2025-07-18 14:10:00,PE,ATM-4,10.49195,1895700,24750.0,24965.5,42.7,43.35,42.5,42.95,21525,1752828000
2025-07-18 14:11:00,PE,ATM-4,10.474972,1895700,24750.0,24967.25,42.9,43.15,42.3,42.4,30075,1752828060
2025-07-18 14:12:00,PE,ATM-4,10.483799,1895700,24750.0,24968.3,42.35,43.05,42.0,42.25,66225,1752828120
2025-07-18 14:13:00,PE,ATM-4,10.498473,1920075,24750.0,24970.3,42.05,42.5,41.3,41.95,84225,1752828180
2025-07-18 14:14:00,PE,ATM-4,10.466564,1920075,24750.0,24969.35,41.75,42.3,41.5,41.85,37275,1752828240
2025-07-18 14:15:00,PE,ATM-4,10.507548,1920075,24750.0,24968.35,42.1,42.45,41.6,42.45,42975,1752828300
2025-07-18 14:16:00,PE,ATM-4,10.496675,1923450,24750.0,24965.35,42.45,43.25,42.45,43.0,77700,1752828360
2025-07-18 14:17:00,PE,ATM-4,10.57798,1923450,24750.0,24964.55,42.75,43.95,42.55,43.95,52875,1752828420
2025-07-18 14:18:00,PE,ATM-4,10.566901,1923450,24750.0,24958.95,44.2,45.6,44.1,45.1,138525,1752828480
2025-07-18 14:19:00,PE,ATM-4,10.545552,1937700,24750.0,24967.4,44.95,45.0,42.8,43.0,102750,1752828540
2025-07-18 14:20:00,PE,ATM-4,10.55166,1937700,24750.0,24969.7,43.05,43.65,42.55,42.55,37500,1752828600
2025-07-18 14:21:00,PE,ATM-4,10.511364,1937700,24750.0,24973.95,42.25,42.35,41.0,41.25,129000,1752828660
2025-07-18 14:22:00,PE,ATM-4,10.554395,1940925,24750.0,24971.85,41.65,42.25,41.4,42.1,65700,1752828720
2025-07-18 14:23:00,PE,ATM-4,10.515158,1940925,24750.0,24970.35,41.8,42.25,41.65,42.05,28275,1752828780
2025-07-18 14:24:00,PE,ATM-4,10.528884,1940925,24750.0,24973.95,42.0,42.05,41.35,41.4,34575,1752828840
2025-07-18 14:25:00,PE,ATM-4,10.599444,1937250,24750.0,24973.75,41.45,42.1,40.8,42.1,80325,1752828900
2025-07-18 14:26:00,PE,ATM-4,10.60706,1937250,24750.0,24970.6,41.95,43.1,41.55,42.85,62175,1752828960
2025-07-18 14:27:00,PE,ATM-4,10.398177,4566675,24800.0,24976.4,53.15,53.85,51.25,51.4,172650,1752829020
2025-07-18 14:28:00,PE,ATM-4,10.349287,4476975,24800.0,24985.8,51.4,51.4,48.55,48.55,469350,1752829080
2025-07-18 14:29:00,PE,ATM-4,10.386528,4476975,24800.0,24986.5,48.85,49.5,48.15,48.75,322650,1752829140
2025-07-18 14:30:00,PE,ATM-4,10.478484,4476975,24800.0,24989.05,49.1,49.1,47.4,49.05,420150,1752829200
2025-07-18 14:31:00,PE,ATM-4,10.49412,4534725,24800.0,24984.4,48.75,50.35,48.75,50.35,338175,1752829260
2025-07-18 14:32:00,PE,ATM-4,10.492987,4534725,24800.0,24998.15,49.95,49.95,46.45,47.0,502575,1752829320
2025-07-18 14:33:00,PE,ATM-4,10.514241,4534725,24800.0,24995.65,46.6,48.0,46.6,47.8,276600,1752829380
2025-07-18 14:34:00,PE,ATM-4,10.448267,4601550,24800.0,25004.6,47.6,47.75,45.05,45.05,563775,1752829440
2025-07-18 14:35:00,PE,ATM-4,10.49776,4601550,24800.0,24999.35,45.25,47.0,45.1,46.75,420300,1752829500
2025-07-18 14:36:00,PE,ATM-4,10.383278,4601550,24800.0,24987.25,46.7,48.5,46.7,48.5,388125,1752829560
2025-07-18 14:37:00,PE,ATM-4,10.328322,4691400,24800.0,24984.35,48.65,49.0,48.35,48.65,308475,1752829620
2025-07-18 14:38:00,PE,ATM-4,10.317596,4691400,24800.0,24979.45,48.6,49.75,48.45,49.75,354000,1752829680
2025-07-18 14:39:00,PE,ATM-4,10.444876,4691400,24800.0,24978.65,49.85,51.3,49.35,51.25,644475,1752829740
2025-07-18 14:40:00,PE,ATM-4,10.425039,4760700,24800.0,24980.6,51.05,51.05,49.8,50.55,368625,1752829800
2025-07-18 14:41:00,PE,ATM-4,10.425195,4760700,24800.0,24978.8,50.3,51.15,49.95,51.0,343350,1752829860
2025-07-18 14:42:00,PE,ATM-4,10.402276,4760700,24800.0,24977.85,50.9,51.4,49.6,51.0,309300,1752829920
2025-07-18 14:43:00,PE,ATM-4,10.335776,4868250,24800.0,24978.1,50.75,51.15,49.9,50.25,224475,1752829980
2025-07-18 14:44:00,PE,ATM-4,10.529816,1969275,24750.0,24964.15,40.15,43.45,40.15,43.45,210000,1752830040
2025-07-18 14:45:00,PE,ATM-4,10.320349,1969275,24750.0,24955.15,42.7,44.45,42.25,43.45,290925,1752830100
2025-07-18 14:46:00,PE,ATM-4,10.514334,1998675,24750.0,24970.05,42.85,43.2,41.35,42.0,245775,1752830160
2025-07-18 14:47:00,PE,ATM-4,10.467826,1998675,24750.0,24963.9,42.0,44.0,42.0,42.9,148725,1752830220
2025-07-18 14:48:00,PE,ATM-4,10.526889,1998675,24750.0,24966.2,42.9,43.6,42.55,42.95,118425,1752830280
2025-07-18 14:49:00,PE,ATM-4,10.507256,2006625,24750.0,24964.2,42.75,43.9,42.75,43.2,92025,1752830340
2025-07-18 14:50:00,PE,ATM-4,10.481004,2006625,24750.0,24963.5,43.1,43.7,42.15,43.1,94650,1752830400
2025-07-18 14:51:00,PE,ATM-4,10.441373,2006625,24750.0,24962.45,43.05,44.15,42.95,42.95,84750,1752830460
2025-07-18 14:52:00,PE,ATM-4,10.411485,2007825,24750.0,24965.0,43.05,43.35,41.6,42.1,91500,1752830520
2025-07-18 14:53:00,PE,ATM-4,10.327915,2007825,24750.0,24969.45,41.9,42.1,40.35,40.35,109050,1752830580
2025-07-18 14:54:00,PE,ATM-4,10.399892,2007825,24750.0,24969.3,40.35,41.35,40.35,41.05,105900,1752830640
2025-07-18 14:55:00,PE,ATM-4,10.499914,2008425,24750.0,24967.85,41.0,42.5,40.55,42.3,61950,1752830700
2025-07-18 14:56:00,PE,ATM-4,10.398003,2008425,24750.0,24967.55,42.3,43.0,41.4,41.4,132075,1752830760
2025-07-18 14:57:00,PE,ATM-4,10.437247,2008425,24750.0,24971.1,41.35,42.05,41.0,41.0,40800,1752830820
2025-07-18 14:58:00,PE,ATM-4,10.401457,2014050,24750.0,24969.05,40.25,41.2,39.9,41.1,134475,1752830880
2025-07-18 14:59:00,PE,ATM-4,10.424888,2014050,24750.0,24973.1,40.9,40.9,39.9,40.45,94650,1752830940
2025-07-18 15:00:00,PE,ATM-4,10.467358,2014050,24750.0,24968.4,40.45,42.2,39.1,41.85,179925,1752831000
2025-07-18 15:01:00,PE,ATM-4,10.380692,1942425,24750.0,24970.65,41.75,41.75,40.55,40.55,109500,1752831060
2025-07-18 15:02:00,PE,ATM-4,10.448019,1942425,24750.0,24974.05,40.75,40.85,39.75,40.45,84900,1752831120
2025-07-18 15:03:00,PE,ATM-4,10.409936,1942425,24750.0,24964.7,40.5,42.2,40.3,42.1,126900,1752831180
2025-07-18 15:04:00,PE,ATM-4,10.375013,1963350,24750.0,24966.15,42.05,42.4,41.3,41.45,95700,1752831240
2025-07-18 15:05:00,PE,ATM-4,10.415645,1963350,24750.0,24966.05,41.55,41.95,41.5,41.85,65175,1752831300
2025-07-18 15:06:00,PE,ATM-4,10.406776,1963350,24750.0,24967.95,41.85,41.9,40.95,41.35,67725,1752831360
2025-07-18 15:07:00,PE,ATM-4,10.445985,1955625,24750.0,24970.1,41.3,41.7,40.1,41.25,120600,1752831420
2025-07-18 15:08:00,PE,ATM-4,10.418828,1955625,24750.0,24964.75,41.15,42.6,41.1,42.15,126225,1752831480
2025-07-18 15:09:00,PE,ATM-4,10.48658,1955625,24750.0,24968.35,42.0,42.5,41.85,42.0,149625,1752831540
2025-07-18 15:10:00,PE,ATM-4,10.504231,1874850,24750.0,24966.8,42.1,42.7,41.8,42.5,182550,1752831600
2025-07-18 15:11:00,PE,ATM-4,10.542207,1874850,24750.0,24968.65,42.4,42.85,42.3,42.45,67275,1752831660
2025-07-18 15:12:00,PE,ATM-4,10.459168,1874850,24750.0,24970.8,42.2,42.25,40.9,41.2,128550,1752831720
2025-07-18 15:13:00,PE,ATM-4,10.425809,1832250,24750.0,24966.55,40.75,42.15,40.75,41.8,121275,1752831780
2025-07-18 15:14:00,PE,ATM-4,10.52348,1832250,24750.0,24971.0,41.9,41.95,41.0,41.75,105750,1752831840
2025-07-18 15:15:00,PE,ATM-4,10.465864,1832250,24750.0,24969.4,41.55,41.9,41.25,41.55,179475,1752831900
2025-07-18 15:16:00,PE,ATM-4,10.422884,1799025,24750.0,24971.0,41.35,41.75,40.65,40.8,116325,1752831960
2025-07-18 15:17:00,PE,ATM-4,10.431828,1799025,24750.0,24970.2,40.7,41.2,40.45,41.05,82125,1752832020
2025-07-18 15:18:00,PE,ATM-4,10.424651,1799025,24750.0,24970.8,41.0,41.3,40.45,40.85,114450,1752832080
2025-07-18 15:19:00,PE,ATM-4,10.368058,1798125,24750.0,24965.3,40.75,41.5,40.7,41.5,85350,1752832140
2025-07-18 15:20:00,PE,ATM-4,10.426945,1798125,24750.0,24966.45,41.4,41.95,41.15,41.8,163575,1752832200
2025-07-18 15:21:00,PE,ATM-4,10.49675,1798125,24750.0,24970.15,42.1,42.1,41.3,41.65,163350,1752832260
2025-07-18 15:22:00,PE,ATM-4,10.507598,1717725,24750.0,24970.6,41.8,41.85,41.4,41.65,202875,1752832320
2025-07-18 15:23:00,PE,ATM-4,10.534937,1717725,24750.0,24972.0,41.8,41.95,41.6,41.6,77325,1752832380
2025-07-18 15:24:00,PE,ATM-4,10.603128,1717725,24750.0,24974.95,41.7,41.9,41.1,41.6,147600,1752832440
2025-07-18 15:25:00,PE,ATM-4,10.546618,1654350,24750.0,24974.1,41.8,41.8,41.1,41.25,193425,1752832500
2025-07-18 15:26:00,PE,ATM-4,10.391637,3768450,24800.0,24977.35,51.45,51.45,50.6,50.8,303450,1752832560
2025-07-18 15:27:00,PE,ATM-4,10.50023,1654350,24750.0,24972.5,41.1,41.2,40.95,41.15,124500,1752832620
2025-07-18 15:28:00,PE,ATM-4,10.614402,1549725,24750.0,24972.1,41.2,42.4,41.15,42.3,286950,1752832680
2025-07-18 15:29:00,PE,ATM-4,10.676303,1549725,24750.0,24967.45,42.35,44.75,42.15,43.9,275550,1752832740
2025-07-21 09:15:00,PE,ATM-4,12.772651,1532925,24750.0,24961.1,36.0,45.7,35.5,37.5,728250,1753069500
2025-07-21 09:16:00,PE,ATM-4,12.302299,1532925,24750.0,24954.35,36.8,36.8,32.5,35.7,864750,1753069560
2025-07-21 09:17:00,PE,ATM-4,12.267121,1532925,24750.0,24967.85,35.65,35.65,32.65,32.65,491250,1753069620
2025-07-21 09:18:00,PE,ATM-4,12.111748,1779450,24750.0,24962.7,32.25,33.0,30.55,32.65,515175,1753069680
2025-07-21 09:19:00,PE,ATM-4,12.15163,1779450,24750.0,24956.45,31.7,34.2,31.0,34.2,488850,1753069740
2025-07-21 09:20:00,PE,ATM-4,12.214586,1779450,24750.0,24939.25,34.35,38.4,33.4,38.4,572850,1753069800
2025-07-21 09:21:00,PE,ATM-4,12.147912,1856250,24750.0,24926.1,38.15,42.05,38.15,41.0,804075,1753069860
2025-07-21 09:22:00,PE,ATM-4,12.542903,3481425,24700.0,24917.8,31.4,34.6,31.25,34.3,756675,1753069920
2025-07-21 09:23:00,PE,ATM-4,12.564434,3481425,24700.0,24922.15,33.95,35.35,33.45,33.55,754350,1753069980
2025-07-21 09:24:00,PE,ATM-4,12.392321,1995525,24750.0,24925.4,43.5,44.4,42.5,42.95,347100,1753070040
2025-07-21 09:25:00,PE,ATM-4,12.681596,3607200,24700.0,24897.85,32.6,40.0,32.6,39.55,1107825,1753070100
2025-07-21 09:26:00,PE,ATM-4,12.481536,3607200,24700.0,24898.2,38.3,39.45,36.45,38.05,775950,1753070160
2025-07-21 09:27:00,PE,ATM-4,12.516311,3818925,24700.0,24905.85,37.4,38.0,35.45,36.6,577275,1753070220
2025-07-21 09:28:00,PE,ATM-4,12.448279,3818925,24700.0,24904.8,36.3,36.95,35.45,36.35,458100,1753070280
2025-07-21 09:29:00,PE,ATM-4,12.274886,3818925,24700.0,24901.55,36.55,37.0,35.15,35.85,407700,1753070340
2025-07-21 09:30:00,PE,ATM-4,12.235316,4022925,24700.0,24912.1,36.35,36.35,33.05,33.35,538950,1753070400
2025-07-21 09:31:00,PE,ATM-4,12.277345,4022925,24700.0,24908.6,33.15,35.45,33.05,34.35,371775,1753070460
2025-07-21 09:32:00,PE,ATM-4,12.429878,4022925,24700.0,24899.95,34.95,37.25,34.3,37.25,401850,1753070520
2025-07-21 09:33:00,PE,ATM-4,12.329944,4085700,24700.0,24887.3,36.95,42.0,36.95,39.4,1287300,1753070580
2025-07-21 09:34:00,PE,ATM-4,12.406513,4085700,24700.0,24891.15,38.75,40.2,37.4,39.05,602775,1753070640
2025-07-21 09:35:00,PE,ATM-4,12.327296,4085700,24700.0,24899.55,38.8,39.25,36.4,36.6,395400,1753070700
2025-07-21 09:36:00,PE,ATM-4,12.567624,4067850,24700.0,24914.2,36.45,36.5,33.85,35.1,647475,1753070760
2025-07-21 09:37:00,PE,ATM-4,12.461777,4067850,24700.0,24911.7,35.0,35.4,34.4,34.9,267225,1753070820
2025-07-21 09:38:00,PE,ATM-4,12.448933,4067850,24700.0,24906.3,34.65,36.4,34.65,35.95,300600,1753070880
2025-07-21 09:39:00,PE,ATM-4,12.405966,4261200,24700.0,24909.35,35.9,37.5,35.0,35.0,339450,1753070940
2025-07-21 09:40:00,PE,ATM-4,12.094728,2394750,24750.0,24925.9,45.05,45.6,40.5,40.5,621300,1753071000
2025-07-21 09:41:00,PE,ATM-4,12.383818,4261200,24700.0,24924.8,31.6,32.8,31.6,31.7,444150,1753071060
2025-07-21 09:42:00,PE,ATM-4,12.108778,2434350,24750.0,24933.45,40.9,40.9,37.65,38.8,571800,1753071120
2025-07-21 09:43:00,PE,ATM-4,12.094835,2434350,24750.0,24939.75,39.05,39.8,36.65,37.25,291150,1753071180
2025-07-21 09:44:00,PE,ATM-4,12.055328,2434350,24750.0,24938.7,37.25,37.6,36.45,37.2,194925,1753071240
2025-07-21 09:45:00,PE,ATM-4,12.082146,2521725,24750.0,24952.3,37.15,38.85,34.4,34.4,463500,1753071300
2025-07-21 09:46:00,PE,ATM-4,12.033832,2521725,24750.0,24952.6,34.55,34.95,33.55,34.0,335100,1753071360
2025-07-21 09:47:00,PE,ATM-4,12.024566,5457975,24800.0,24976.3,44.45,44.45,39.25,40.0,1206300,1753071420
2025-07-21 09:48:00,PE,ATM-4,11.999227,5502525,24800.0,24988.4,39.75,40.4,37.0,37.0,856800,1753071480
2025-07-21 09:49:00,PE,ATM-4,12.161663,5502525,24800.0,24996.4,37.1,37.95,36.25,36.35,1057350,1753071540
2025-07-21 09:50:00,PE,ATM-4,12.222417,5502525,24800.0,25006.9,36.8,36.8,33.85,34.5,1044825,1753071600
2025-07-21 09:51:00,PE,ATM-4,12.13196,5769375,24800.0,25002.3,34.35,35.25,32.85,34.85,894825,1753071660
2025-07-21 09:52:00,PE,ATM-4,12.231831,5769375,24800.0,25010.0,34.7,34.85,32.6,33.9,677625,1753071720
2025-07-21 09:53:00,PE,ATM-4,12.049116,5769375,24800.0,25005.0,34.05,34.85,33.6,33.7,351000,1753071780
2025-07-21 09:54:00,PE,ATM-4,11.980666,3287625,24850.0,25025.2,43.85,44.05,39.5,40.05,620175,1753071840
2025-07-21 09:55:00,PE,ATM-4,12.128192,3287625,24850.0,25047.9,39.85,39.85,35.55,35.9,1013775,1753071900
2025-07-21 09:56:00,PE,ATM-4,12.13718,3287625,24850.0,25035.25,37.3,38.95,37.2,38.8,566550,1753071960
2025-07-21 09:57:00,PE,ATM-4,12.039758,3101475,24850.0,25042.75,38.55,38.55,35.85,36.4,424350,1753072020
2025-07-21 09:58:00,PE,ATM-4,12.089317,3101475,24850.0,25040.25,36.5,37.8,36.5,37.3,273675,1753072080
2025-07-21 09:59:00,PE,ATM-4,12.042915,3101475,24850.0,25035.25,37.3,38.35,36.95,38.1,214650,1753072140
2025-07-21 10:00:00,PE,ATM-4,11.978032,3154050,24850.0,25032.55,38.05,38.55,37.3,38.25,194400,1753072200
2025-07-21 10:01:00,PE,ATM-4,11.945119,3154050,24850.0,25030.85,38.8,40.0,37.4,38.4,453750,1753072260
2025-07-21 10:02:00,PE,ATM-4,12.02046,3154050,24850.0,25039.5,39.15,39.5,36.95,36.95,251550,1753072320
2025-07-21 10:03:00,PE,ATM-4,12.040801,3185325,24850.0,25038.55,37.35,38.15,37.1,37.3,168900,1753072380
2025-07-21 10:04:00,PE,ATM-4,12.086634,3185325,24850.0,25039.95,37.35,37.75,36.95,37.3,148500,1753072440
2025-07-21 10:05:00,PE,ATM-4,12.020376,3185325,24850.0,25036.3,37.2,38.85,36.8,37.65,239400,1753072500
2025-07-21 10:06:00,PE,ATM-4,12.134767,3201450,24850.0,25040.5,37.9,38.9,37.5,37.5,166050,1753072560
2025-07-21 10:07:00,PE,ATM-4,12.296136,3201450,24850.0,25042.2,37.8,38.25,37.45,38.25,87675,1753072620
2025-07-21 10:08:00,PE,ATM-4,12.266151,3201450,24850.0,25044.55,38.05,38.2,37.45,37.5,96225,1753072680
2025-07-21 10:09:00,PE,ATM-4,12.311858,3189750,24850.0,25055.8,37.65,37.65,34.8,35.35,411300,1753072740
2025-07-21 10:10:00,PE,ATM-4,12.494709,3189750,24850.0,25060.7,35.45,36.3,34.2,35.55,342525,1753072800
2025-07-21 10:11:00,PE,ATM-4,12.418456,3189750,24850.0,25069.3,35.35,35.35,33.2,33.25,276675,1753072860
2025-07-21 10:12:00,PE,ATM-4,12.433758,3106800,24850.0,25065.35,33.1,34.5,32.65,34.15,279525,1753072920
2025-07-21 10:13:00,PE,ATM-4,12.381669,3106800,24850.0,25055.55,34.2,35.9,34.15,35.85,191775,1753072980
2025-07-21 10:14:00,PE,ATM-4,12.33243,3106800,24850.0,25052.55,35.85,36.95,35.8,36.15,238575,1753073040
2025-07-21 10:15:00,PE,ATM-4,12.265642,3175350,24850.0,25044.5,36.15,37.55,35.7,37.45,166200,1753073100
2025-07-21 10:16:00,PE,ATM-4,12.138178,3175350,24850.0,25045.85,37.45,37.85,36.25,36.25,238425,1753073160
2025-07-21 10:17:00,PE,ATM-4,12.356025,3175350,24850.0,25051.35,36.25,36.6,35.3,36.55,179400,1753073220
2025-07-21 10:18:00,PE,ATM-4,12.260287,3188100,24850.0,25048.05,36.75,37.1,36.0,36.6,127575,1753073280
2025-07-21 10:19:00,PE,ATM-4,12.309938,3188100,24850.0,25052.8,36.5,36.9,35.4,35.9,98700,1753073340
2025-07-21 10:20:00,PE,ATM-4,12.174434,3188100,24850.0,25048.45,36.1,36.75,35.8,35.9,131100,1753073400
2025-07-21 10:21:00,PE,ATM-4,12.176244,3220350,24850.0,25048.7,35.75,35.85,34.95,35.85,98100,1753073460
2025-07-21 10:22:00,PE,ATM-4,12.106201,3220350,24850.0,25039.25,36.0,37.65,35.45,37.45,126375,1753073520
2025-07-21 10:23:00,PE,ATM-4,12.203771,3220350,24850.0,25041.6,38.1,38.15,36.8,37.6,243825,1753073580
2025-07-21 10:24:00,PE,ATM-4,12.15175,3246075,24850.0,25036.65,37.75,38.75,37.25,38.35,158775,1753073640
2025-07-21 10:25:00,PE,ATM-4,12.224081,3246075,24850.0,25047.1,38.25,38.25,36.45,36.5,202275,1753073700
2025-07-21 10:26:00,PE,ATM-4,12.265482,3246075,24850.0,25048.6,36.6,37.15,36.25,36.45,114375,1753073760
2025-07-21 10:27:00,PE,ATM-4,12.281334,3232800,24850.0,25049.75,36.5,36.85,36.0,36.3,82575,1753073820
2025-07-21 10:28:00,PE,ATM-4,12.215484,3232800,24850.0,25042.45,36.9,38.25,36.8,37.45,132975,1753073880
2025-07-21 10:29:00,PE,ATM-4,12.173424,3232800,24850.0,25044.45,37.65,37.75,36.15,36.7,76350,1753073940
2025-07-21 10:30:00,PE,ATM-4,12.196888,3234750,24850.0,25051.1,36.5,36.5,35.4,35.4,137775,1753074000
2025-07-21 10:31:00,PE,ATM-4,12.30136,3234750,24850.0,25059.6,35.65,35.75,34.15,34.3,210375,1753074060
2025-07-21 10:32:00,PE,ATM-4,12.248092,3234750,24850.0,25060.0,34.4,34.8,33.7,33.85,115275,1753074120
2025-07-21 10:33:00,PE,ATM-4,12.31519,3208650,24850.0,25060.45,33.8,34.55,33.45,34.2,118125,1753074180
2025-07-21 10:34:00,PE,ATM-4,12.258086,3208650,24850.0,25057.85,34.0,35.0,33.75,34.35,78975,1753074240
2025-07-21 10:35:00,PE,ATM-4,12.305364,3208650,24850.0,25061.5,34.65,34.65,33.85,33.9,76425,1753074300
2025-07-21 10:36:00,PE,ATM-4,12.212094,3295875,24850.0,25054.4,33.85,35.35,33.85,34.75,187275,1753074360
2025-07-21 10:37:00,PE,ATM-4,12.294744,3295875,24850.0,25055.6,34.7,35.05,34.05,35.05,92325,1753074420
2025-07-21 10:38:00,PE,ATM-4,12.174429,3295875,24850.0,25050.55,35.55,36.25,35.3,35.3,126450,1753074480
2025-07-21 10:39:00,PE,ATM-4,12.230408,3286800,24850.0,25051.6,35.45,35.5,34.3,35.45,208725,1753074540
2025-07-21 10:40:00,PE,ATM-4,12.21623,3286800,24850.0,25056.75,35.45,35.45,34.2,34.25,65475,1753074600
2025-07-21 10:41:00,PE,ATM-4,12.240191,3286800,24850.0,25060.85,34.2,34.25,33.4,33.55,122100,1753074660
2025-07-21 10:42:00,PE,ATM-4,12.268343,3294000,24850.0,25054.8,33.55,35.0,33.5,35.0,69000,1753074720
2025-07-21 10:43:00,PE,ATM-4,12.236007,3294000,24850.0,25049.55,35.05,36.4,35.05,35.9,116250,1753074780
2025-07-21 10:44:00,PE,ATM-4,12.259133,3294000,24850.0,25051.4,35.5,35.65,34.55,35.65,80925,1753074840
2025-07-21 10:45:00,PE,ATM-4,12.282452,3300900,24850.0,25054.2,35.55,35.6,34.35,35.2,65025,1753074900
2025-07-21 10:46:00,PE,ATM-4,12.271686,3300900,24850.0,25050.8,35.25,36.15,34.85,35.85,98100,1753074960
2025-07-21 10:47:00,PE,ATM-4,12.276243,3300900,24850.0,25051.6,36.0,36.05,35.1,35.7,74025,1753075020
2025-07-21 10:48:00,PE,ATM-4,12.211012,3311850,24850.0,25047.2,35.65,36.85,35.45,36.2,98700,1753075080
2025-07-21 10:49:00,PE,ATM-4,12.320298,3311850,24850.0,25052.0,36.25,36.25,34.85,35.9,103950,1753075140
2025-07-21 10:50:00,PE,ATM-4,12.193631,3311850,24850.0,25050.25,35.8,36.35,35.4,35.4,66150,1753075200
2025-07-21 10:51:00,PE,ATM-4,12.142106,3338775,24850.0,25040.65,35.35,37.45,35.35,37.15,150900,1753075260
2025-07-21 10:52:00,PE,ATM-4,12.213702,3338775,24850.0,25038.65,36.8,38.25,36.8,38.1,166500,1753075320
2025-07-21 10:53:00,PE,ATM-4,12.183148,3338775,24850.0,25044.55,37.9,37.9,36.4,36.55,134775,1753075380
2025-07-21 10:54:00,PE,ATM-4,12.197154,3394050,24850.0,25049.75,36.7,36.75,35.2,35.5,145125,1753075440
2025-07-21 10:55:00,PE,ATM-4,12.1317,3394050,24850.0,25049.95,35.8,36.35,35.0,35.0,99450,1753075500
2025-07-21 10:56:00,PE,ATM-4,12.296614,3394050,24850.0,25057.3,35.15,35.2,34.2,34.55,141675,1753075560
2025-07-21 10:57:00,PE,ATM-4,12.318624,3389325,24850.0,25062.05,34.5,34.65,32.15,33.7,294675,1753075620
2025-07-21 10:58:00,PE,ATM-4,12.336617,3389325,24850.0,25064.3,34.0,34.0,32.85,33.35,95400,1753075680
2025-07-21 10:59:00,PE,ATM-4,12.226449,3389325,24850.0,25060.2,33.25,33.55,33.1,33.45,51600,1753075740
2025-07-21 11:00:00,PE,ATM-4,12.238618,3371175,24850.0,25062.75,33.3,33.3,32.0,33.0,177000,1753075800
2025-07-21 11:01:00,PE,ATM-4,12.165217,3371175,24850.0,25061.55,33.05,33.25,32.55,32.75,79275,1753075860
2025-07-21 11:02:00,PE,ATM-4,12.125446,3371175,24850.0,25056.1,32.95,33.75,32.65,33.6,90150,1753075920
2025-07-21 11:03:00,PE,ATM-4,12.08601,3385200,24850.0,25070.45,33.55,33.55,30.45,30.45,271575,1753075980
2025-07-21 11:04:00,PE,ATM-4,12.174252,3385200,24850.0,25063.95,30.85,32.3,30.85,32.3,176850,1753076040
2025-07-21 11:05:00,PE,ATM-4,12.102251,3385200,24850.0,25062.8,32.15,32.5,31.5,32.05,87300,1753076100
2025-07-21 11:06:00,PE,ATM-4,12.178297,3359025,24850.0,25066.0,32.3,32.3,31.15,31.9,73275,1753076160
2025-07-21 11:07:00,PE,ATM-4,12.150489,3359025,24850.0,25064.55,32.05,32.2,31.7,32.0,49875,1753076220
2025-07-21 11:08:00,PE,ATM-4,12.129602,3359025,24850.0,25067.6,32.1,32.15,31.25,31.25,45900,1753076280
2025-07-21 11:09:00,PE,ATM-4,12.251836,3355725,24850.0,25074.95,31.3,31.45,29.45,30.6,337725,1753076340
2025-07-21 11:10:00,PE,ATM-4,12.157478,3355725,24850.0,25071.0,30.4,30.75,29.8,30.75,247275,1753076400
2025-07-21 11:11:00,PE,ATM-4,12.057721,3355725,24850.0,25069.2,30.9,31.2,30.35,30.45,91425,1753076460
2025-07-21 11:12:00,PE,ATM-4,12.106353,3407775,24850.0,25070.0,30.45,30.75,30.0,30.6,65550,1753076520
2025-07-21 11:13:00,PE,ATM-4,11.978675,3407775,24850.0,25063.2,30.55,31.45,30.5,31.1,121950,1753076580
2025-07-21 11:14:00,PE,ATM-4,11.901168,3407775,24850.0,25065.7,31.2,31.25,30.1,30.1,115650,1753076640
2025-07-21 11:15:00,PE,ATM-4,11.947558,3411075,24850.0,25065.4,30.3,30.8,29.75,30.45,184500,1753076700
2025-07-21 11:16:00,PE,ATM-4,12.035216,3411075,24850.0,25070.85,30.3,30.5,29.8,29.95,88950,1753076760
2025-07-21 11:17:00,PE,ATM-4,12.023988,3411075,24850.0,25067.85,30.1,30.85,29.85,30.45,224100,1753076820
2025-07-21 11:18:00,PE,ATM-4,11.97217,3465750,24850.0,25063.3,30.4,31.15,30.25,31.0,204900,1753076880
2025-07-21 11:19:00,PE,ATM-4,11.897054,3465750,24850.0,25061.3,31.2,31.35,30.55,30.9,106350,1753076940
2025-07-21 11:20:00,PE,ATM-4,11.892259,3465750,24850.0,25064.15,30.9,31.3,30.15,30.3,72075,1753077000
2025-07-21 11:21:00,PE,ATM-4,11.97705,3477450,24850.0,25058.85,30.3,31.9,30.3,31.9,96450,1753077060
2025-07-21 11:22:00,PE,ATM-4,11.905249,3477450,24850.0,25059.2,31.7,31.95,31.1,31.35,87375,1753077120
2025-07-21 11:23:00,PE,ATM-4,11.894105,3477450,24850.0,25060.8,31.3,31.7,30.95,30.95,84450,1753077180
2025-07-21 11:24:00,PE,ATM-4,11.898998,3515625,24850.0,25056.2,30.85,31.9,30.7,31.9,135825,1753077240
2025-07-21 11:25:00,PE,ATM-4,11.893188,3515625,24850.0,25057.7,31.65,31.75,31.25,31.55,72525,1753077300
2025-07-21 11:26:00,PE,ATM-4,11.920218,3515625,24850.0,25057.8,31.55,32.1,31.45,31.7,109650,1753077360
2025-07-21 11:27:00,PE,ATM-4,11.906095,3519825,24850.0,25057.55,31.6,31.8,30.7,31.65,68325,1753077420
2025-07-21 11:28:00,PE,ATM-4,11.812776,3519825,24850.0,25057.7,31.75,31.95,31.0,31.0,73950,1753077480
2025-07-21 11:29:00,PE,ATM-4,11.868224,3519825,24850.0,25053.55,31.15,32.45,31.05,32.2,86025,1753077540
2025-07-21 11:30:00,PE,ATM-4,11.906849,3540975,24850.0,25058.95,32.25,32.25,31.05,31.35,99750,1753077600
2025-07-21 11:31:00,PE,ATM-4,11.908053,3540975,24850.0,25059.95,31.55,31.8,31.0,31.15,29850,1753077660
2025-07-21 11:32:00,PE,ATM-4,11.964158,3540975,24850.0,25062.25,31.0,31.1,30.35,31.05,73200,1753077720
2025-07-21 11:33:00,PE,ATM-4,11.86827,3531975,24850.0,25062.1,31.15,31.5,30.45,30.45,62625,1753077780
2025-07-21 11:34:00,PE,ATM-4,11.850604,3531975,24850.0,25064.55,30.5,30.5,29.6,29.85,152400,1753077840
2025-07-21 11:35:00,PE,ATM-4,11.88319,3531975,24850.0,25061.5,30.05,30.7,29.65,30.65,69750,1753077900
2025-07-21 11:36:00,PE,ATM-4,11.945916,3530925,24850.0,25059.25,30.8,31.5,30.65,31.5,70200,1753077960
2025-07-21 11:37:00,PE,ATM-4,11.931243,3530925,24850.0,25054.8,31.55,32.7,31.3,32.3,161100,1753078020
2025-07-21 11:38:00,PE,ATM-4,12.010082,3530925,24850.0,25047.75,32.5,34.45,32.25,34.3,146175,1753078080
2025-07-21 11:39:00,PE,ATM-4,11.939674,3582150,24850.0,25043.4,34.4,35.2,33.9,34.75,227925,1753078140
2025-07-21 11:40:00,PE,ATM-4,11.960478,3582150,24850.0,25043.1,34.5,35.25,33.85,34.95,168900,1753078200
2025-07-21 11:41:00,PE,ATM-4,11.904549,3582150,24850.0,25042.45,34.2,34.7,33.6,34.7,111975,1753078260
2025-07-21 11:42:00,PE,ATM-4,12.154833,7162050,24800.0,25020.7,26.95,30.4,26.95,30.4,1139025,1753078320
2025-07-21 11:43:00,PE,ATM-4,11.843956,7162050,24800.0,25000.8,30.05,33.5,30.05,32.35,1432800,1753078380
2025-07-21 11:44:00,PE,ATM-4,12.077408,7162050,24800.0,25019.1,32.05,32.05,29.3,30.2,814350,1753078440
2025-07-21 11:45:00,PE,ATM-4,12.050522,7199175,24800.0,25020.25,30.2,30.75,29.3,29.8,672825,1753078500
2025-07-21 11:46:00,PE,ATM-4,11.595642,3435000,24850.0,25028.8,38.35,38.65,35.0,35.55,411600,1753078560
2025-07-21 11:47:00,PE,ATM-4,11.993742,7199175,24800.0,25024.9,27.4,28.85,27.4,28.55,297675,1753078620
2025-07-21 11:48:00,PE,ATM-4,12.096446,7198350,24800.0,25017.0,28.3,30.85,28.15,30.7,468675,1753078680
2025-07-21 11:49:00,PE,ATM-4,12.083191,7198350,24800.0,25015.0,31.0,32.25,30.45,31.0,628200,1753078740
2025-07-21 11:50:00,PE,ATM-4,12.034623,7198350,24800.0,25020.05,30.95,31.2,29.45,29.7,350850,1753078800
2025-07-21 11:51:00,PE,ATM-4,11.990647,7201425,24800.0,25023.3,29.85,29.85,28.25,28.8,407325,1753078860
2025-07-21 11:52:00,PE,ATM-4,12.034256,7201425,24800.0,25023.65,28.75,29.15,28.35,29.0,182850,1753078920
2025-07-21 11:53:00,PE,ATM-4,11.657651,3436800,24850.0,25029.15,37.55,37.55,35.7,35.85,183675,1753078980
2025-07-21 11:54:00,PE,ATM-4,11.6471,3504225,24850.0,25025.3,35.9,37.1,35.9,36.65,119475,1753079040
2025-07-21 11:55:00,PE,ATM-4,11.708449,3504225,24850.0,25039.45,36.65,36.65,32.8,33.9,435225,1753079100
2025-07-21 11:56:00,PE,ATM-4,11.71595,3504225,24850.0,25038.5,33.55,34.5,33.15,34.15,149625,1753079160
2025-07-21 11:57:00,PE,ATM-4,11.650341,3464100,24850.0,25037.55,33.85,34.85,33.7,33.9,115575,1753079220
2025-07-21 11:58:00,PE,ATM-4,11.673624,3464100,24850.0,25039.4,33.95,34.15,33.1,33.65,86325,1753079280
2025-07-21 11:59:00,PE,ATM-4,11.625482,3464100,24850.0,25042.75,33.7,33.7,32.45,32.6,144000,1753079340
2025-07-21 12:00:00,PE,ATM-4,11.730906,3483000,24850.0,25042.3,32.45,33.55,31.85,33.4,180075,1753079400
2025-07-21 12:01:00,PE,ATM-4,11.698773,3483000,24850.0,25038.7,33.55,34.0,33.35,33.95,123900,1753079460
2025-07-21 12:02:00,PE,ATM-4,11.64343,3483000,24850.0,25035.1,33.85,34.8,33.55,34.35,98175,1753079520
2025-07-21 12:03:00,PE,ATM-4,11.690414,3505725,24850.0,25039.75,34.3,34.5,33.05,33.65,161025,1753079580
2025-07-21 12:04:00,PE,ATM-4,11.604928,3505725,24850.0,25033.6,33.55,35.05,33.55,34.4,92100,1753079640
2025-07-21 12:05:00,PE,ATM-4,11.642234,3505725,24850.0,25037.7,34.5,34.5,33.75,33.75,76800,1753079700
2025-07-21 12:06:00,PE,ATM-4,11.661479,3510975,24850.0,25035.75,34.0,34.7,33.7,34.3,71625,1753079760
2025-07-21 12:07:00,PE,ATM-4,11.680843,3510975,24850.0,25040.0,34.25,34.8,33.05,33.5,124500,1753079820
2025-07-21 12:08:00,PE,ATM-4,11.640779,3510975,24850.0,25036.4,33.45,34.65,33.3,34.0,74625,1753079880
2025-07-21 12:09:00,PE,ATM-4,11.597731,3530025,24850.0,25038.7,33.7,33.85,33.2,33.2,57225,1753079940
2025-07-21 12:10:00,PE,ATM-4,11.708301,3530025,24850.0,25044.75,33.3,33.3,32.6,32.65,112275,1753080000
2025-07-21 12:11:00,PE,ATM-4,11.750247,3530025,24850.0,25045.1,32.5,33.0,32.0,32.85,103350,1753080060
2025-07-21 12:12:00,PE,ATM-4,11.730836,3505350,24850.0,25040.7,32.95,33.75,32.8,33.65,84450,1753080120
2025-07-21 12:13:00,PE,ATM-4,11.642869,3505350,24850.0,25041.15,33.75,33.75,32.85,32.95,57075,1753080180
2025-07-21 12:14:00,PE,ATM-4,11.712882,3505350,24850.0,25044.75,33.05,33.25,32.3,32.65,53175,1753080240
2025-07-21 12:15:00,PE,ATM-4,11.688702,3525375,24850.0,25043.0,32.75,33.05,32.45,32.85,42600,1753080300
2025-07-21 12:16:00,PE,ATM-4,11.632998,3525375,24850.0,25031.8,32.85,35.3,32.85,34.9,210300,1753080360
2025-07-21 12:17:00,PE,ATM-4,11.661909,3525375,24850.0,25035.6,35.15,35.9,33.65,34.25,208800,1753080420
2025-07-21 12:18:00,PE,ATM-4,11.596647,3544800,24850.0,25031.05,34.15,35.5,34.15,34.8,119625,1753080480
2025-07-21 12:19:00,PE,ATM-4,11.540997,3544800,24850.0,25038.65,34.75,34.85,32.5,32.75,152325,1753080540
2025-07-21 12:20:00,PE,ATM-4,11.653192,3544800,24850.0,25046.45,32.8,32.8,31.05,31.85,270675,1753080600
2025-07-21 12:21:00,PE,ATM-4,11.678315,3543975,24850.0,25047.7,32.15,32.4,31.45,31.75,156975,1753080660
2025-07-21 12:22:00,PE,ATM-4,11.7146,3543975,24850.0,25044.75,32.05,32.8,31.95,32.6,79200,1753080720
2025-07-21 12:23:00,PE,ATM-4,11.707608,3543975,24850.0,25049.05,32.5,32.6,31.55,31.65,78600,1753080780
2025-07-21 12:24:00,PE,ATM-4,11.712177,3570750,24850.0,25044.6,31.9,32.7,31.9,32.6,52725,1753080840
2025-07-21 12:25:00,PE,ATM-4,11.753423,3570750,24850.0,25048.75,32.6,32.6,31.85,32.0,53325,1753080900
2025-07-21 12:26:00,PE,ATM-4,11.665189,3570750,24850.0,25048.55,32.0,32.55,31.3,31.45,49275,1753080960
2025-07-21 12:27:00,PE,ATM-4,11.649527,3552975,24850.0,25046.8,31.35,32.05,31.05,31.7,125850,1753081020
2025-07-21 12:28:00,PE,ATM-4,11.691116,3552975,24850.0,25045.45,31.8,32.3,31.35,32.25,57075,1753081080
2025-07-21 12:29:00,PE,ATM-4,11.722296,3552975,24850.0,25029.0,32.45,36.25,32.45,36.05,296925,1753081140
2025-07-21 12:30:00,PE,ATM-4,11.391851,7098525,24800.0,25010.4,27.45,28.65,27.05,27.2,834450,1753081200
2025-07-21 12:31:00,PE,ATM-4,11.3896,3570525,24850.0,25030.25,35.1,35.1,33.1,33.45,314550,1753081260
2025-07-21 12:32:00,PE,ATM-4,11.428264,3570525,24850.0,25035.8,33.55,33.55,32.25,32.5,150225,1753081320
2025-07-21 12:33:00,PE,ATM-4,11.426586,3542850,24850.0,25037.35,32.4,33.35,32.05,32.15,141900,1753081380
2025-07-21 12:34:00,PE,ATM-4,11.471986,3542850,24850.0,25041.6,32.05,32.05,31.25,31.55,137850,1753081440
2025-07-21 12:35:00,PE,ATM-4,11.562203,3542850,24850.0,25041.1,31.6,32.5,31.45,32.25,78525,1753081500
2025-07-21 12:36:00,PE,ATM-4,11.552746,3560925,24850.0,25041.95,32.25,32.35,31.7,32.0,62700,1753081560
2025-07-21 12:37:00,PE,ATM-4,11.560384,3560925,24850.0,25043.35,32.05,32.05,31.35,31.75,57225,1753081620
2025-07-21 12:38:00,PE,ATM-4,11.530744,3560925,24850.0,25044.05,31.8,31.8,31.3,31.4,51075,1753081680
2025-07-21 12:39:00,PE,ATM-4,11.528947,3586050,24850.0,25041.8,31.35,32.0,31.35,31.85,50700,1753081740
2025-07-21 12:40:00,PE,ATM-4,11.516318,3586050,24850.0,25040.65,31.85,32.5,31.5,32.0,55950,1753081800
2025-07-21 12:41:00,PE,ATM-4,11.537137,3586050,24850.0,25041.75,32.25,32.85,31.65,31.9,87975,1753081860
2025-07-21 12:42:00,PE,ATM-4,11.537527,3616500,24850.0,25043.4,32.05,32.2,31.0,31.55,96225,1753081920
2025-07-21 12:43:00,PE,ATM-4,11.537345,3616500,24850.0,25042.4,31.6,31.85,31.3,31.75,61875,1753081980
2025-07-21 12:44:00,PE,ATM-4,11.516504,3616500,24850.0,25045.8,31.8,31.8,30.65,30.9,96825,1753082040
2025-07-21 12:45:00,PE,ATM-4,11.562458,3589875,24850.0,25049.45,30.9,31.1,30.45,30.45,107100,1753082100
2025-07-21 12:46:00,PE,ATM-4,11.576227,3589875,24850.0,25052.85,30.45,30.8,29.7,29.85,184725,1753082160
2025-07-21 12:47:00,PE,ATM-4,11.521681,3589875,24850.0,25052.3,29.9,30.3,29.6,29.6,90675,1753082220
2025-07-21 12:48:00,PE,ATM-4,11.619751,3589875,24850.0,25055.2,29.7,29.75,29.3,29.65,197625,1753082280
2025-07-21 12:49:00,PE,ATM-4,11.644384,3599925,24850.0,25054.7,29.65,30.1,29.6,29.9,135975,1753082340
2025-07-21 12:50:00,PE,ATM-4,11.605587,3599925,24850.0,25052.65,29.7,30.35,29.05,30.05,86775,1753082400
2025-07-21 12:51:00,PE,ATM-4,11.622138,3599925,24850.0,25053.4,29.8,30.05,29.65,30.0,54300,1753082460
2025-07-21 12:52:00,PE,ATM-4,11.609937,3634425,24850.0,25048.75,30.0,31.4,30.0,30.85,197250,1753082520
2025-07-21 12:53:00,PE,ATM-4,11.537457,3634425,24850.0,25045.9,30.9,31.3,30.0,30.95,86775,1753082580
2025-07-21 12:54:00,PE,ATM-4,11.553351,3640500,24850.0,25047.35,30.85,30.95,30.5,30.75,74775,1753082640
2025-07-21 12:55:00,PE,ATM-4,11.577495,3640500,24850.0,25045.65,30.7,31.25,30.4,31.25,123150,1753082700
2025-07-21 12:56:00,PE,ATM-4,11.474956,3640500,24850.0,25043.55,31.2,31.3,31.0,31.0,93525,1753082760
2025-07-21 12:57:00,PE,ATM-4,11.467403,3640500,24850.0,25044.0,31.05,31.05,30.3,30.85,89325,1753082820
2025-07-21 12:58:00,PE,ATM-4,11.403499,3677475,24850.0,25042.65,30.55,31.35,30.55,30.7,114675,1753082880
2025-07-21 12:59:00,PE,ATM-4,11.343978,3677475,24850.0,25039.75,30.7,31.15,30.65,30.9,57900,1753082940
2025-07-21 13:00:00,PE,ATM-4,11.388552,3677475,24850.0,25044.05,30.75,30.9,29.75,30.3,131100,1753083000
2025-07-21 13:01:00,PE,ATM-4,11.403169,3703650,24850.0,25046.95,30.0,30.1,29.6,29.8,89775,1753083060
2025-07-21 13:02:00,PE,ATM-4,11.554851,3703650,24850.0,25047.35,29.55,30.7,29.45,30.7,115725,1753083120
2025-07-21 13:03:00,PE,ATM-4,11.545232,3703650,24850.0,25047.25,30.65,31.2,30.6,30.65,38925,1753083180
2025-07-21 13:04:00,PE,ATM-4,11.479363,3684600,24850.0,25049.05,30.8,30.9,29.8,29.85,62325,1753083240
2025-07-21 13:05:00,PE,ATM-4,11.583909,3684600,24850.0,25053.4,29.85,30.05,29.0,29.65,241500,1753083300
2025-07-21 13:06:00,PE,ATM-4,11.479884,3684600,24850.0,25051.25,29.55,30.2,29.4,29.4,137775,1753083360
2025-07-21 13:07:00,PE,ATM-4,11.48657,3696750,24850.0,25052.95,29.4,29.85,28.8,29.1,132150,1753083420
2025-07-21 13:08:00,PE,ATM-4,11.552967,3696750,24850.0,25056.1,29.1,29.4,28.7,28.9,109575,1753083480
2025-07-21 13:09:00,PE,ATM-4,11.603934,3696750,24850.0,25056.7,28.8,29.1,28.4,29.1,66000,1753083540
2025-07-21 13:10:00,PE,ATM-4,11.611051,3680625,24850.0,25054.6,29.1,29.55,28.85,29.55,39900,1753083600
2025-07-21 13:11:00,PE,ATM-4,11.536867,3680625,24850.0,25051.15,29.55,30.0,29.55,29.75,67350,1753083660
2025-07-21 13:12:00,PE,ATM-4,11.440792,3680625,24850.0,25044.8,30.0,30.4,30.0,30.4,75375,1753083720
2025-07-21 13:13:00,PE,ATM-4,11.453962,3672600,24850.0,25042.75,30.4,31.1,30.1,30.9,92925,1753083780
2025-07-21 13:14:00,PE,ATM-4,11.496247,3672600,24850.0,25046.75,30.8,30.85,30.05,30.35,54750,1753083840
2025-07-21 13:15:00,PE,ATM-4,11.46461,3672600,24850.0,25040.85,30.3,31.35,30.3,31.35,48300,1753083900
2025-07-21 13:16:00,PE,ATM-4,11.435606,3671250,24850.0,25044.0,31.3,31.3,30.5,30.5,87675,1753083960
2025-07-21 13:17:00,PE,ATM-4,11.5156,3671250,24850.0,25045.3,30.5,30.85,29.75,30.75,97725,1753084020
2025-07-21 13:18:00,PE,ATM-4,11.466621,3671250,24850.0,25043.7,30.85,31.1,30.65,30.75,51525,1753084080
2025-07-21 13:19:00,PE,ATM-4,11.550436,3698625,24850.0,25048.8,30.75,30.8,29.45,30.25,109200,1753084140
2025-07-21 13:20:00,PE,ATM-4,11.515045,3698625,24850.0,25044.2,30.2,31.2,30.2,30.95,66225,1753084200
2025-07-21 13:21:00,PE,ATM-4,11.483514,3698625,24850.0,25045.35,30.85,31.15,30.5,30.5,41475,1753084260
2025-07-21 13:22:00,PE,ATM-4,11.572956,3722025,24850.0,25046.95,30.55,30.75,29.9,30.75,53325,1753084320
2025-07-21 13:23:00,PE,ATM-4,11.506511,3722025,24850.0,25041.65,30.7,31.7,30.55,31.4,82425,1753084380
2025-07-21 13:24:00,PE,ATM-4,11.481486,3722025,24850.0,25041.3,31.25,31.4,31.0,31.3,62625,1753084440
2025-07-21 13:25:00,PE,ATM-4,11.43218,3723975,24850.0,25037.8,31.35,32.1,31.2,31.7,108000,1753084500
2025-07-21 13:26:00,PE,ATM-4,11.418223,3723975,24850.0,25044.55,31.7,31.75,30.15,30.2,145350,1753084560
2025-07-21 13:27:00,PE,ATM-4,11.48896,3723975,24850.0,25045.55,30.6,31.2,30.4,30.45,61650,1753084620
2025-07-21 13:28:00,PE,ATM-4,11.524198,3729825,24850.0,25046.15,30.6,30.95,30.3,30.55,46350,1753084680
2025-07-21 13:29:00,PE,ATM-4,11.577299,3729825,24850.0,25044.4,30.85,31.4,30.55,31.25,73050,1753084740
2025-07-21 13:30:00,PE,ATM-4,11.37373,3729825,24850.0,25044.95,30.95,31.1,29.7,29.8,105075,1753084800
2025-07-21 13:31:00,PE,ATM-4,11.48601,3793500,24850.0,25045.8,30.45,30.55,30.1,30.35,92625,1753084860
2025-07-21 13:32:00,PE,ATM-4,11.531195,3793500,24850.0,25047.95,30.25,30.3,29.6,30.2,84525,1753084920
2025-07-21 13:33:00,PE,ATM-4,11.529534,3793500,24850.0,25049.1,30.1,30.15,29.5,29.95,69000,1753084980
2025-07-21 13:34:00,PE,ATM-4,11.468312,3757125,24850.0,25050.85,29.9,30.35,29.1,29.2,122550,1753085040
2025-07-21 13:35:00,PE,ATM-4,11.514664,3757125,24850.0,25051.05,29.2,29.55,28.95,29.45,73350,1753085100
2025-07-21 13:36:00,PE,ATM-4,11.449033,3757125,24850.0,25046.9,29.5,29.9,29.25,29.85,51900,1753085160
2025-07-21 13:37:00,PE,ATM-4,11.549378,3797100,24850.0,25052.35,29.8,29.8,29.1,29.4,43050,1753085220
2025-07-21 13:38:00,PE,ATM-4,11.457486,3797100,24850.0,25046.85,29.25,30.0,29.25,29.9,48750,1753085280
2025-07-21 13:39:00,PE,ATM-4,11.399668,3797100,24850.0,25045.95,29.95,30.5,29.7,29.7,112350,1753085340
2025-07-21 13:40:00,PE,ATM-4,11.449123,3785100,24850.0,25048.5,29.75,29.9,29.5,29.5,36975,1753085400
2025-07-21 13:41:00,PE,ATM-4,11.57587,3785100,24850.0,25049.05,29.45,30.2,29.45,30.2,62550,1753085460
2025-07-21 13:42:00,PE,ATM-4,11.569022,3785100,24850.0,25045.6,30.1,30.9,30.1,30.85,59250,1753085520
2025-07-21 13:43:00,PE,ATM-4,11.49787,3768525,24850.0,25043.3,30.85,30.9,29.95,30.85,138450,1753085580
2025-07-21 13:44:00,PE,ATM-4,11.422859,3768525,24850.0,25041.85,30.6,31.05,30.55,30.65,73500,1753085640
2025-07-21 13:45:00,PE,ATM-4,11.466469,3768525,24850.0,25039.35,30.65,31.6,30.5,31.45,103275,1753085700
2025-07-21 13:46:00,PE,ATM-4,11.482686,3736650,24850.0,25038.4,31.3,31.9,30.6,31.75,111900,1753085760
2025-07-21 13:47:00,PE,ATM-4,11.459235,3736650,24850.0,25031.35,31.9,33.7,31.9,33.1,252525,1753085820
2025-07-21 13:48:00,PE,ATM-4,11.470983,3736650,24850.0,25033.75,33.2,33.5,32.1,32.65,154050,1753085880
2025-07-21 13:49:00,PE,ATM-4,11.491875,3728625,24850.0,25032.75,32.35,33.55,32.35,33.0,110400,1753085940
2025-07-21 13:50:00,PE,ATM-4,11.485459,3728625,24850.0,25028.2,33.1,34.25,33.1,33.95,193425,1753086000
2025-07-21 13:51:00,PE,ATM-4,11.838482,7504725,24800.0,25023.5,26.5,27.6,26.5,26.95,411975,1753086060
2025-07-21 13:52:00,PE,ATM-4,11.748778,7474875,24800.0,25020.2,27.15,27.8,26.85,27.0,362100,1753086120
2025-07-21 13:53:00,PE,ATM-4,11.746723,7474875,24800.0,25023.4,27.0,27.1,25.9,26.4,289875,1753086180
2025-07-21 13:54:00,PE,ATM-4,11.796265,7474875,24800.0,25021.7,26.5,27.05,26.1,27.0,254100,1753086240
2025-07-21 13:55:00,PE,ATM-4,11.778982,7432500,24800.0,25024.4,27.1,27.45,26.05,26.4,432375,1753086300
2025-07-21 13:56:00,PE,ATM-4,11.78934,7432500,24800.0,25024.15,26.4,27.3,26.4,26.5,229875,1753086360
2025-07-21 13:57:00,PE,ATM-4,11.777704,7432500,24800.0,25009.55,26.5,29.8,26.5,29.15,820725,1753086420
2025-07-21 13:58:00,PE,ATM-4,11.608164,7366950,24800.0,24991.7,29.05,33.1,28.85,31.65,1368450,1753086480
2025-07-21 13:59:00,PE,ATM-4,11.77039,7366950,24800.0,25012.35,31.05,31.05,28.2,28.55,882825,1753086540
2025-07-21 14:00:00,PE,ATM-4,11.929149,7366950,24800.0,25010.75,28.45,30.05,28.45,29.85,594750,1753086600
2025-07-21 14:01:00,PE,ATM-4,11.830868,7139700,24800.0,25008.3,29.65,30.05,29.4,29.7,550125,1753086660
2025-07-21 14:02:00,PE,ATM-4,11.783136,7139700,24800.0,25008.25,29.6,30.7,29.2,29.4,599475,1753086720
2025-07-21 14:03:00,PE,ATM-4,11.688329,7139700,24800.0,25019.95,29.35,29.35,26.4,26.6,807375,1753086780
2025-07-21 14:04:00,PE,ATM-4,11.741166,7006800,24800.0,25022.5,26.3,26.8,25.9,26.45,370050,1753086840
2025-07-21 14:05:00,PE,ATM-4,11.768823,7006800,24800.0,25020.9,26.4,27.15,26.25,26.9,238200,1753086900
2025-07-21 14:06:00,PE,ATM-4,11.767652,7006800,24800.0,25022.75,26.95,27.0,26.2,26.55,171750,1753086960
2025-07-21 14:07:00,PE,ATM-4,11.287334,3611100,24850.0,25026.25,34.65,34.75,32.5,32.9,298650,1753087020
2025-07-21 14:08:00,PE,ATM-4,11.181305,3611100,24850.0,25027.05,32.5,33.5,31.8,32.0,154125,1753087080
2025-07-21 14:09:00,PE,ATM-4,11.184677,3611100,24850.0,25027.35,31.9,32.7,31.5,31.95,78675,1753087140
2025-07-21 14:10:00,PE,ATM-4,11.316814,3580575,24850.0,25032.35,32.3,32.4,31.4,31.75,93975,1753087200
2025-07-21 14:11:00,PE,ATM-4,11.24674,3580575,24850.0,25033.65,31.75,32.05,30.6,31.0,169875,1753087260
2025-07-21 14:12:00,PE,ATM-4,11.182162,3580575,24850.0,25026.25,31.05,32.4,31.05,32.15,109425,1753087320
2025-07-21 14:13:00,PE,ATM-4,11.620218,6882375,24800.0,25024.55,24.65,25.7,24.55,25.3,251550,1753087380
2025-07-21 14:14:00,PE,ATM-4,11.62333,6882375,24800.0,25024.9,25.45,25.6,25.2,25.25,139725,1753087440
2025-07-21 14:15:00,PE,ATM-4,11.634042,6882375,24800.0,25023.8,25.25,25.5,24.85,25.5,137625,1753087500
2025-07-21 14:16:00,PE,ATM-4,11.261837,3615675,24850.0,25027.2,33.25,33.8,32.3,32.45,114900,1753087560
2025-07-21 14:17:00,PE,ATM-4,11.649277,6954450,24800.0,25024.8,24.9,25.6,24.9,25.4,91875,1753087620
2025-07-21 14:18:00,PE,ATM-4,11.238055,3615675,24850.0,25029.85,33.05,33.05,31.6,31.7,148875,1753087680
2025-07-21 14:19:00,PE,ATM-4,11.215615,3597300,24850.0,25029.35,31.5,32.1,31.4,31.65,87975,1753087740
2025-07-21 14:20:00,PE,ATM-4,11.173443,3597300,24850.0,25029.4,31.6,31.9,31.15,31.35,52725,1753087800
2025-07-21 14:21:00,PE,ATM-4,11.22622,3597300,24850.0,25035.75,31.35,31.35,29.55,30.35,273225,1753087860
2025-07-21 14:22:00,PE,ATM-4,11.189198,3574725,24850.0,25035.75,30.35,30.9,30.1,30.1,92325,1753087920
2025-07-21 14:23:00,PE,ATM-4,11.195449,3574725,24850.0,25034.95,30.05,30.95,30.05,30.3,81225,1753087980
2025-07-21 14:24:00,PE,ATM-4,11.21803,3574725,24850.0,25037.8,30.55,30.55,29.65,29.85,103350,1753088040
2025-07-21 14:25:00,PE,ATM-4,11.182019,3622275,24850.0,25032.55,29.85,30.9,29.8,30.7,98550,1753088100
2025-07-21 14:26:00,PE,ATM-4,11.199101,3622275,24850.0,25033.05,30.6,30.85,30.25,30.7,62550,1753088160
2025-07-21 14:27:00,PE,ATM-4,11.117584,3622275,24850.0,25032.6,30.6,31.2,30.2,30.25,76275,1753088220
2025-07-21 14:28:00,PE,ATM-4,11.154957,3660375,24850.0,25033.5,30.3,30.8,30.1,30.3,59325,1753088280
2025-07-21 14:29:00,PE,ATM-4,11.162573,3660375,24850.0,25032.75,30.3,30.5,29.9,30.5,67950,1753088340
2025-07-21 14:30:00,PE,ATM-4,11.02194,3660375,24850.0,25034.3,30.5,30.55,29.25,29.25,112125,1753088400
2025-07-21 14:31:00,PE,ATM-4,11.190677,3644475,24850.0,25031.9,29.4,30.85,29.4,30.85,129450,1753088460
2025-07-21 14:32:00,PE,ATM-4,11.052597,3644475,24850.0,25030.15,31.3,31.4,30.0,30.3,162000,1753088520
2025-07-21 14:33:00,PE,ATM-4,11.132257,3644475,24850.0,25028.6,30.35,31.4,30.2,31.15,77850,1753088580
2025-07-21 14:34:00,PE,ATM-4,11.086718,3624600,24850.0,25027.85,31.05,31.4,30.8,31.0,113700,1753088640
2025-07-21 14:35:00,PE,ATM-4,11.520128,6923250,24800.0,25017.8,23.95,25.85,23.95,25.75,497325,1753088700
2025-07-21 14:36:00,PE,ATM-4,11.086904,6923250,24800.0,25000.75,25.9,27.45,25.5,26.25,672825,1753088760
2025-07-21 14:37:00,PE,ATM-4,11.297786,6924075,24800.0,25014.5,26.0,26.0,24.85,25.0,377775,1753088820
2025-07-21 14:38:00,PE,ATM-4,11.260917,6924075,24800.0,25016.05,25.3,25.85,24.2,24.5,327300,1753088880
2025-07-21 14:39:00,PE,ATM-4,11.220059,6924075,24800.0,25016.35,24.35,24.9,24.1,24.2,166050,1753088940
2025-07-21 14:40:00,PE,ATM-4,11.34801,6953025,24800.0,25015.5,24.3,25.1,24.25,25.1,156000,1753089000
2025-07-21 14:41:00,PE,ATM-4,11.284683,6953025,24800.0,25019.6,25.1,25.1,23.9,24.0,174300,1753089060
2025-07-21 14:42:00,PE,ATM-4,11.507504,6953025,24800.0,25022.75,24.1,25.0,24.05,24.75,460050,1753089120
2025-07-21 14:43:00,PE,ATM-4,11.02526,3721350,24850.0,25025.4,32.3,32.35,30.5,31.05,188475,1753089180
2025-07-21 14:44:00,PE,ATM-4,11.09112,3721350,24850.0,25030.7,31.2,31.2,30.0,30.35,184200,1753089240
2025-07-21 14:45:00,PE,ATM-4,11.202942,3721350,24850.0,25032.5,30.5,31.15,30.25,30.7,125025,1753089300
2025-07-21 14:46:00,PE,ATM-4,11.215675,3686550,24850.0,25033.1,30.65,31.1,30.5,30.65,49350,1753089360
2025-07-21 14:47:00,PE,ATM-4,11.291146,3686550,24850.0,25034.0,30.75,31.1,30.4,30.95,105975,1753089420
2025-07-21 14:48:00,PE,ATM-4,11.247874,3686550,24850.0,25032.85,30.8,31.1,30.55,30.9,49875,1753089480
2025-07-21 14:49:00,PE,ATM-4,11.277837,3699450,24850.0,25033.75,31.0,31.05,30.4,30.9,56550,1753089540
2025-07-21 14:50:00,PE,ATM-4,11.317165,3699450,24850.0,25038.3,30.75,31.15,29.95,30.2,97125,1753089600
2025-07-21 14:51:00,PE,ATM-4,11.233447,3699450,24850.0,25035.15,29.9,30.8,29.85,30.3,132000,1753089660
2025-07-21 14:52:00,PE,ATM-4,11.2248,3679950,24850.0,25039.7,30.25,30.35,29.3,29.3,157725,1753089720
2025-07-21 14:53:00,PE,ATM-4,11.229495,3679950,24850.0,25040.8,29.1,29.4,28.6,29.1,231225,1753089780
2025-07-21 14:54:00,PE,ATM-4,11.230228,3679950,24850.0,25039.8,29.3,30.0,29.3,29.3,101175,1753089840
2025-07-21 14:55:00,PE,ATM-4,11.293031,3677625,24850.0,25042.5,29.4,29.8,29.0,29.15,127200,1753089900
2025-07-21 14:56:00,PE,ATM-4,11.260894,3677625,24850.0,25045.7,29.2,29.3,28.0,28.3,226650,1753089960
2025-07-21 14:57:00,PE,ATM-4,11.232513,3677625,24850.0,25047.3,28.3,28.7,27.55,27.8,220425,1753090020
2025-07-21 14:58:00,PE,ATM-4,11.279433,3732600,24850.0,25047.75,27.75,28.25,27.7,28.0,123675,1753090080
2025-07-21 14:59:00,PE,ATM-4,11.20401,3732600,24850.0,25050.45,27.9,28.1,26.55,27.0,304725,1753090140
2025-07-21 15:00:00,PE,ATM-4,11.443283,3732600,24850.0,25073.2,27.05,27.05,24.2,24.3,540450,1753090200
2025-07-21 15:01:00,PE,ATM-4,11.119367,8881500,24900.0,25075.1,31.95,32.35,31.3,31.75,879150,1753090260
2025-07-21 15:02:00,PE,ATM-4,11.125008,8881500,24900.0,25077.55,31.8,32.35,31.0,31.25,631425,1753090320
2025-07-21 15:03:00,PE,ATM-4,11.18382,8881500,24900.0,25077.25,31.3,32.3,30.6,31.7,599250,1753090380
2025-07-21 15:04:00,PE,ATM-4,11.271666,8864400,24900.0,25081.8,31.8,32.2,31.15,31.3,463350,1753090440
2025-07-21 15:05:00,PE,ATM-4,11.330804,8864400,24900.0,25080.8,31.15,32.2,30.3,31.9,579150,1753090500
2025-07-21 15:06:00,PE,ATM-4,11.421681,8864400,24900.0,25082.65,31.9,32.35,31.7,32.1,324075,1753090560
2025-07-21 15:07:00,PE,ATM-4,11.402324,8845650,24900.0,25079.25,32.0,32.8,31.9,32.7,311100,1753090620
2025-07-21 15:08:00,PE,ATM-4,11.459437,8845650,24900.0,25079.6,32.7,33.55,32.7,33.0,714825,1753090680
2025-07-21 15:09:00,PE,ATM-4,11.381692,8845650,24900.0,25076.5,32.95,34.2,32.95,33.15,572325,1753090740
2025-07-21 15:10:00,PE,ATM-4,11.407108,8817975,24900.0,25078.15,33.35,33.85,32.95,32.95,370125,1753090800
2025-07-21 15:11:00,PE,ATM-4,11.54135,8817975,24900.0,25082.7,32.7,33.35,32.5,32.85,343725,1753090860
2025-07-21 15:12:00,PE,ATM-4,11.538746,8817975,24900.0,25084.2,33.0,33.35,32.5,32.5,334575,1753090920
2025-07-21 15:13:00,PE,ATM-4,11.661497,8774700,24900.0,25087.5,32.5,32.95,32.0,32.6,395175,1753090980
2025-07-21 15:14:00,PE,ATM-4,11.659434,8774700,24900.0,25088.1,32.45,32.9,32.25,32.45,306300,1753091040
2025-07-21 15:15:00,PE,ATM-4,11.574982,8774700,24900.0,25087.55,32.65,32.65,31.6,32.0,496050,1753091100
2025-07-21 15:16:00,PE,ATM-4,11.494604,8738175,24900.0,25085.25,31.95,32.2,31.0,31.95,437550,1753091160
2025-07-21 15:17:00,PE,ATM-4,11.469957,8738175,24900.0,25087.75,32.0,32.15,31.25,31.25,288075,1753091220
2025-07-21 15:18:00,PE,ATM-4,11.215218,8738175,24900.0,25092.35,31.3,31.6,28.6,28.65,750975,1753091280
2025-07-21 15:19:00,PE,ATM-4,11.370016,8510325,24900.0,25094.75,29.0,29.65,28.7,29.15,473100,1753091340
2025-07-21 15:20:00,PE,ATM-4,11.416426,8510325,24900.0,25104.9,29.35,29.45,27.0,27.45,965850,1753091400
2025-07-21 15:21:00,PE,ATM-4,11.49067,8510325,24900.0,25104.4,27.5,28.35,27.35,28.0,964350,1753091460
2025-07-21 15:22:00,PE,ATM-4,11.511437,8300925,24900.0,25106.6,28.1,28.35,27.7,27.7,508650,1753091520
2025-07-21 15:23:00,PE,ATM-4,11.483837,8300925,24900.0,25108.3,27.65,27.85,26.7,27.2,565500,1753091580
2025-07-21 15:24:00,PE,ATM-4,11.428563,8300925,24900.0,25098.95,27.3,28.65,27.15,28.65,695700,1753091640
2025-07-21 15:25:00,PE,ATM-4,11.390644,8185500,24900.0,25102.05,28.8,28.8,27.6,27.8,611925,1753091700
2025-07-21 15:26:00,PE,ATM-4,11.339011,8185500,24900.0,25101.9,27.8,28.05,27.5,27.5,388725,1753091760
2025-07-21 15:27:00,PE,ATM-4,11.261357,8185500,24900.0,25100.65,27.55,27.7,26.8,27.25,440700,1753091820
2025-07-21 15:28:00,PE,ATM-4,11.278688,7946400,24900.0,25097.3,27.45,28.0,27.45,28.0,481725,1753091880
2025-07-21 15:29:00,PE,ATM-4,10.721697,7946400,24900.0,25093.3,28.0,28.1,25.3,25.3,760800,1753091940
2025-07-22 09:15:00,PE,ATM-4,11.863486,3998250,24950.0,25150.95,29.2,29.2,21.5,22.4,988650,1753155900
2025-07-22 09:16:00,PE,ATM-4,12.032499,3998250,24950.0,25157.85,22.05,22.75,20.85,22.05,731700,1753155960
2025-07-22 09:17:00,PE,ATM-4,12.191649,3998250,24950.0,25161.6,21.85,22.6,21.65,22.2,380175,1753156020
2025-07-22 09:18:00,PE,ATM-4,12.112905,4030650,24950.0,25144.25,21.65,25.2,21.65,24.9,782925,1753156080
2025-07-22 09:19:00,PE,ATM-4,12.249398,4030650,24950.0,25131.75,25.05,28.1,25.05,28.1,608250,1753156140
2025-07-22 09:20:00,PE,ATM-4,12.940638,7318650,24900.0,25121.95,21.75,24.55,21.1,24.05,1292025,1753156200
2025-07-22 09:21:00,PE,ATM-4,12.119413,4061850,24950.0,25135.25,31.3,32.3,26.6,26.65,674700,1753156260
2025-07-22 09:22:00,PE,ATM-4,12.216992,4061850,24950.0,25136.4,26.35,29.5,26.05,26.95,530850,1753156320
2025-07-22 09:23:00,PE,ATM-4,12.176962,4061850,24950.0,25133.75,26.9,29.0,26.9,27.25,281925,1753156380
2025-07-22 09:24:00,PE,ATM-4,11.910075,4110225,24950.0,25139.55,27.15,28.6,24.55,24.65,471975,1753156440
2025-07-22 09:25:00,PE,ATM-4,11.926818,4110225,24950.0,25126.3,24.55,27.35,23.15,27.35,630225,1753156500
2025-07-22 09:26:00,PE,ATM-4,12.517088,7505025,24900.0,25124.25,20.5,21.55,19.8,21.5,752025,1753156560
2025-07-22 09:27:00,PE,ATM-4,11.938133,4176975,24950.0,25127.25,27.15,28.0,26.4,27.2,334200,1753156620
2025-07-22 09:28:00,PE,ATM-4,11.771895,4176975,24950.0,25131.6,26.9,27.2,24.95,25.4,327975,1753156680
2025-07-22 09:29:00,PE,ATM-4,12.431667,7655325,24900.0,25124.0,19.5,21.1,19.5,21.1,664050,1753156740
2025-07-22 09:30:00,PE,ATM-4,12.292082,7517775,24900.0,25124.75,21.25,22.7,20.3,20.3,887100,1753156800
2025-07-22 09:31:00,PE,ATM-4,11.902929,4226400,24950.0,25130.55,27.1,27.85,25.0,26.3,385350,1753156860
2025-07-22 09:32:00,PE,ATM-4,11.976039,4226400,24950.0,25138.15,26.65,27.9,24.95,25.2,284025,1753156920
2025-07-22 09:33:00,PE,ATM-4,11.656214,4328775,24950.0,25130.45,25.35,25.7,24.3,24.95,278775,1753156980
2025-07-22 09:34:00,PE,ATM-4,12.222818,7551375,24900.0,25119.05,19.0,21.7,19.0,20.85,550650,1753157040
2025-07-22 09:35:00,PE,ATM-4,12.117503,7551375,24900.0,25112.85,20.85,22.05,20.75,21.35,402300,1753157100
2025-07-22 09:36:00,PE,ATM-4,12.064878,7627875,24900.0,25122.35,21.7,21.8,19.55,19.55,456000,1753157160
2025-07-22 09:37:00,PE,ATM-4,12.062902,7627875,24900.0,25116.9,19.3,20.7,19.3,20.4,309825,1753157220
2025-07-22 09:38:00,PE,ATM-4,12.071207,7627875,24900.0,25105.2,20.15,22.8,20.0,22.4,548100,1753157280
2025-07-22 09:39:00,PE,ATM-4,12.113073,7572675,24900.0,25108.1,21.9,23.45,21.55,22.1,546450,1753157340
2025-07-22 09:40:00,PE,ATM-4,12.167533,7572675,24900.0,25103.35,22.3,23.2,21.45,23.2,581025,1753157400
2025-07-22 09:41:00,PE,ATM-4,12.013809,7572675,24900.0,25102.25,22.6,23.7,21.95,22.6,589350,1753157460
2025-07-22 09:42:00,PE,ATM-4,11.919986,7585875,24900.0,25096.15,23.0,24.45,22.85,23.2,733575,1753157520
2025-07-22 09:43:00,PE,ATM-4,11.980693,7585875,24900.0,25094.55,23.1,25.2,23.1,23.8,822225,1753157580
2025-07-22 09:44:00,PE,ATM-4,11.988606,7585875,24900.0,25109.2,23.75,24.3,20.75,21.25,743325,1753157640
2025-07-22 09:45:00,PE,ATM-4,12.049748,7526700,24900.0,25110.65,20.65,22.1,20.0,21.3,647025,1753157700
2025-07-22 09:46:00,PE,ATM-4,12.176455,7526700,24900.0,25122.65,21.2,21.35,19.5,19.95,525225,1753157760
2025-07-22 09:47:00,PE,ATM-4,12.035544,7526700,24900.0,25122.5,20.0,20.0,17.95,19.3,655275,1753157820
2025-07-22 09:48:00,PE,ATM-4,11.928214,7635825,24900.0,25119.85,19.05,19.9,18.85,19.2,285300,1753157880
2025-07-22 09:49:00,PE,ATM-4,11.854622,7635825,24900.0,25117.9,19.15,19.5,18.75,19.15,362550,1753157940
2025-07-22 09:50:00,PE,ATM-4,11.893231,7635825,24900.0,25123.9,19.15,19.3,18.4,18.4,195450,1753158000
2025-07-22 09:51:00,PE,ATM-4,11.881874,7715400,24900.0,25118.3,18.35,19.55,18.35,19.2,319050,1753158060
2025-07-22 09:52:00,PE,ATM-4,11.785219,7715400,24900.0,25118.55,19.25,19.8,18.6,18.7,236025,1753158120
2025-07-22 09:53:00,PE,ATM-4,11.907295,7715400,24900.0,25120.25,18.5,19.2,18.5,19.0,203775,1753158180
2025-07-22 09:54:00,PE,ATM-4,11.798641,7716975,24900.0,25113.75,19.05,19.95,19.05,19.5,235275,1753158240
2025-07-22 09:55:00,PE,ATM-4,11.867641,7716975,24900.0,25105.7,19.6,21.15,19.5,21.15,368625,1753158300
2025-07-22 09:56:00,PE,ATM-4,11.844539,7716975,24900.0,25103.8,21.2,21.8,20.9,21.35,371250,1753158360
2025-07-22 09:57:00,PE,ATM-4,11.959003,7710450,24900.0,25097.65,21.25,23.0,20.25,23.0,574425,1753158420
2025-07-22 09:58:00,PE,ATM-4,11.789409,7710450,24900.0,25090.85,22.85,23.45,22.0,23.35,693900,1753158480
2025-07-22 09:59:00,PE,ATM-4,11.822239,7710450,24900.0,25097.55,23.3,23.3,21.75,22.3,345975,1753158540
2025-07-22 10:00:00,PE,ATM-4,11.85779,7719300,24900.0,25096.0,21.9,23.1,20.8,22.75,413400,1753158600
2025-07-22 10:01:00,PE,ATM-4,11.842459,7719300,24900.0,25101.75,22.6,23.25,21.05,21.65,280725,1753158660
2025-07-22 10:02:00,PE,ATM-4,11.876756,7719300,24900.0,25092.05,21.8,24.75,21.75,23.55,633300,1753158720
2025-07-22 10:03:00,PE,ATM-4,11.866663,7735800,24900.0,25095.0,23.4,24.15,22.65,22.95,424875,1753158780
2025-07-22 10:04:00,PE,ATM-4,11.922864,7735800,24900.0,25095.45,22.95,23.95,22.3,23.15,279450,1753158840
2025-07-22 10:05:00,PE,ATM-4,11.687821,7735800,24900.0,25089.0,23.25,24.9,23.1,23.1,449100,1753158900
2025-07-22 10:06:00,PE,ATM-4,11.89891,7820775,24900.0,25101.7,23.25,23.45,21.25,21.9,465000,1753158960
2025-07-22 10:07:00,PE,ATM-4,11.798626,7820775,24900.0,25099.9,22.0,22.6,21.35,21.7,306825,1753159020
2025-07-22 10:08:00,PE,ATM-4,11.850413,7820775,24900.0,25094.85,21.95,23.55,21.95,22.85,262275,1753159080
2025-07-22 10:09:00,PE,ATM-4,11.901927,7820025,24900.0,25092.7,23.05,23.75,22.75,23.5,247275,1753159140
2025-07-22 10:10:00,PE,ATM-4,11.813412,7820025,24900.0,25098.75,23.25,23.25,21.95,21.95,249150,1753159200
2025-07-22 10:11:00,PE,ATM-4,11.935732,7820025,24900.0,25106.9,22.2,22.35,21.05,21.15,410175,1753159260
2025-07-22 10:12:00,PE,ATM-4,11.932624,7704225,24900.0,25107.65,21.1,21.5,19.9,21.0,496500,1753159320
2025-07-22 10:13:00,PE,ATM-4,11.852564,7704225,24900.0,25108.55,20.7,20.95,20.25,20.45,195000,1753159380
2025-07-22 10:14:00,PE,ATM-4,11.825163,7704225,24900.0,25111.05,20.5,20.65,19.7,19.9,213300,1753159440
2025-07-22 10:15:00,PE,ATM-4,11.938535,7726875,24900.0,25115.3,19.85,20.6,19.6,19.75,257400,1753159500
2025-07-22 10:16:00,PE,ATM-4,11.864615,7726875,24900.0,25107.25,19.8,20.8,19.8,20.7,201075,1753159560
2025-07-22 10:17:00,PE,ATM-4,11.818565,7726875,24900.0,25107.05,20.7,21.15,20.1,20.5,304050,1753159620
2025-07-22 10:18:00,PE,ATM-4,11.70809,7811700,24900.0,25113.95,20.45,20.45,18.65,18.85,405075,1753159680
2025-07-22 10:19:00,PE,ATM-4,11.848062,7811700,24900.0,25118.75,18.75,19.15,18.4,18.75,401850,1753159740
2025-07-22 10:20:00,PE,ATM-4,11.893712,7811700,24900.0,25120.4,18.7,18.9,18.15,18.7,209475,1753159800
2025-07-22 10:21:00,PE,ATM-4,11.696212,7959150,24900.0,25119.3,18.6,18.9,17.55,17.95,378900,1753159860
2025-07-22 10:22:00,PE,ATM-4,11.754719,7959150,24900.0,25119.7,18.05,18.3,17.75,18.15,140250,1753159920
2025-07-22 10:23:00,PE,ATM-4,11.768265,7959150,24900.0,25119.4,18.0,18.65,18.0,18.25,127350,1753159980
2025-07-22 10:24:00,PE,ATM-4,11.842387,8031675,24900.0,25119.95,18.25,18.65,18.1,18.5,89250,1753160040
2025-07-22 10:25:00,PE,ATM-4,11.692362,8031675,24900.0,25115.7,18.5,18.7,18.1,18.45,148725,1753160100
2025-07-22 10:26:00,PE,ATM-4,11.767867,8031675,24900.0,25116.95,18.65,18.95,18.1,18.6,178500,1753160160
2025-07-22 10:27:00,PE,ATM-4,11.668627,8085750,24900.0,25111.05,18.7,19.4,18.6,19.05,248625,1753160220
2025-07-22 10:28:00,PE,ATM-4,11.640096,8085750,24900.0,25110.15,18.9,19.55,18.8,19.05,230250,1753160280
2025-07-22 10:29:00,PE,ATM-4,11.59468,8085750,24900.0,25102.0,19.1,20.3,19.05,20.15,300375,1753160340
2025-07-22 10:30:00,PE,ATM-4,11.534564,8111550,24900.0,25099.3,20.05,20.7,20.0,20.3,247500,1753160400
2025-07-22 10:31:00,PE,ATM-4,11.488981,8111550,24900.0,25105.2,20.15,20.45,19.1,19.1,295350,1753160460
2025-07-22 10:32:00,PE,ATM-4,11.418072,8111550,24900.0,25100.6,19.15,20.45,19.05,19.5,293325,1753160520
2025-07-22 10:33:00,PE,ATM-4,11.433664,8216400,24900.0,25097.7,19.35,20.15,19.3,20.05,233100,1753160580
2025-07-22 10:34:00,PE,ATM-4,11.530252,8216400,24900.0,25097.8,20.15,20.55,19.75,20.5,211275,1753160640
2025-07-22 10:35:00,PE,ATM-4,11.466069,8216400,24900.0,25100.35,20.4,20.65,19.7,19.75,277950,1753160700
2025-07-22 10:36:00,PE,ATM-4,11.498411,8246700,24900.0,25101.25,20.0,20.2,19.15,19.75,231225,1753160760
2025-07-22 10:37:00,PE,ATM-4,11.498723,8246700,24900.0,25094.7,19.8,20.85,19.3,20.85,207375,1753160820
2025-07-22 10:38:00,PE,ATM-4,11.427202,8246700,24900.0,25095.5,21.1,21.25,19.95,20.35,270225,1753160880
2025-07-22 10:39:00,PE,ATM-4,11.532481,8146800,24900.0,25095.0,20.35,21.4,20.35,20.95,376650,1753160940
2025-07-22 10:40:00,PE,ATM-4,11.482946,8146800,24900.0,25092.95,20.75,21.15,20.4,21.05,288525,1753161000
2025-07-22 10:41:00,PE,ATM-4,11.505799,8146800,24900.0,25092.7,21.15,21.25,20.5,21.2,220725,1753161060
2025-07-22 10:42:00,PE,ATM-4,11.442381,8058750,24900.0,25090.55,20.95,22.05,20.9,21.25,406425,1753161120
2025-07-22 10:43:00,PE,ATM-4,11.45219,8058750,24900.0,25090.5,21.25,22.25,21.25,21.3,352425,1753161180
2025-07-22 10:44:00,PE,ATM-4,11.605736,8058750,24900.0,25087.85,21.3,22.55,21.3,22.55,207975,1753161240
2025-07-22 10:45:00,PE,ATM-4,11.690317,7928025,24900.0,25082.4,22.6,24.35,22.5,24.0,751200,1753161300
2025-07-22 10:46:00,PE,ATM-4,11.592936,7928025,24900.0,25092.4,24.0,24.35,21.65,21.65,538950,1753161360
2025-07-22 10:47:00,PE,ATM-4,11.567292,7928025,24900.0,25098.25,21.9,21.9,20.5,20.5,328425,1753161420
2025-07-22 10:48:00,PE,ATM-4,11.593154,7900275,24900.0,25096.9,20.7,21.0,20.5,20.85,186150,1753161480
2025-07-22 10:49:00,PE,ATM-4,11.584104,7900275,24900.0,25096.3,20.9,21.2,20.75,20.9,144975,1753161540
2025-07-22 10:50:00,PE,ATM-4,11.55749,7900275,24900.0,25099.3,20.85,21.25,19.9,20.25,271725,1753161600
2025-07-22 10:51:00,PE,ATM-4,11.553433,7961100,24900.0,25097.95,20.2,20.8,20.0,20.45,121125,1753161660
2025-07-22 10:52:00,PE,ATM-4,11.537381,7961100,24900.0,25090.25,20.35,21.8,20.35,21.7,157950,1753161720
2025-07-22 10:53:00,PE,ATM-4,11.471279,7961100,24900.0,25093.15,21.8,22.15,20.8,20.85,321225,1753161780
2025-07-22 10:54:00,PE,ATM-4,11.484646,8028525,24900.0,25092.05,20.85,21.1,20.7,21.1,105300,1753161840
2025-07-22 10:55:00,PE,ATM-4,11.444885,8028525,24900.0,25088.6,20.85,21.6,20.6,21.5,298500,1753161900
2025-07-22 10:56:00,PE,ATM-4,11.4677,8028525,24900.0,25090.9,21.45,21.65,20.8,21.2,155700,1753161960
2025-07-22 10:57:00,PE,ATM-4,11.408053,7985625,24900.0,25086.9,21.1,21.95,21.1,21.6,162225,1753162020
2025-07-22 10:58:00,PE,ATM-4,11.481162,7985625,24900.0,25085.6,21.5,22.2,21.25,22.2,223200,1753162080
2025-07-22 10:59:00,PE,ATM-4,11.413538,7985625,24900.0,25085.85,22.1,22.3,21.6,21.8,217050,1753162140
2025-07-22 11:00:00,PE,ATM-4,11.388304,8045475,24900.0,25087.6,21.6,22.55,21.2,21.35,366000,1753162200
2025-07-22 11:01:00,PE,ATM-4,11.466497,8045475,24900.0,25082.6,21.45,22.7,21.45,22.65,211425,1753162260
2025-07-22 11:02:00,PE,ATM-4,11.413486,8045475,24900.0,25082.15,22.45,22.65,21.9,22.45,182550,1753162320
2025-07-22 11:03:00,PE,ATM-4,11.412022,8024250,24900.0,25078.85,22.25,23.25,22.25,23.05,301050,1753162380
2025-07-22 11:04:00,PE,ATM-4,11.524863,8024250,24900.0,25078.25,22.95,23.75,22.25,23.75,269925,1753162440
2025-07-22 11:05:00,PE,ATM-4,11.938762,3245325,24850.0,25073.35,17.5,18.55,17.35,18.0,234300,1753162500
2025-07-22 11:06:00,PE,ATM-4,12.323349,3121800,24850.0,25059.1,18.15,22.95,17.9,22.1,943800,1753162560
2025-07-22 11:07:00,PE,ATM-4,12.226057,3121800,24850.0,25063.65,22.4,22.6,20.75,20.85,526875,1753162620
2025-07-22 11:08:00,PE,ATM-4,12.279294,3121800,24850.0,25061.25,19.8,21.75,19.75,21.5,419775,1753162680
2025-07-22 11:09:00,PE,ATM-4,12.252612,3208200,24850.0,25056.05,21.55,22.25,21.3,22.25,242475,1753162740
2025-07-22 11:10:00,PE,ATM-4,12.157486,3208200,24850.0,25061.8,22.25,22.25,20.4,20.8,239175,1753162800
2025-07-22 11:11:00,PE,ATM-4,11.968291,3208200,24850.0,25066.1,20.45,20.5,19.05,19.2,448200,1753162860
2025-07-22 11:12:00,PE,ATM-4,11.978907,3193200,24850.0,25067.0,19.0,19.4,18.25,19.1,299100,1753162920
2025-07-22 11:13:00,PE,ATM-4,12.004467,3193200,24850.0,25065.8,19.3,19.6,18.95,19.4,120225,1753162980
2025-07-22 11:14:00,PE,ATM-4,11.975855,3193200,24850.0,25072.0,19.45,19.6,18.15,18.3,203325,1753163040
2025-07-22 11:15:00,PE,ATM-4,12.016794,3197100,24850.0,25070.55,18.45,18.85,18.2,18.7,116250,1753163100
2025-07-22 11:16:00,PE,ATM-4,12.121313,3197100,24850.0,25070.7,18.5,19.35,18.15,19.15,136800,1753163160
2025-07-22 11:17:00,PE,ATM-4,12.026555,3197100,24850.0,25065.3,18.95,20.0,18.95,19.55,206925,1753163220
2025-07-22 11:18:00,PE,ATM-4,12.040679,3256050,24850.0,25059.2,19.25,20.8,19.25,20.6,142425,1753163280
2025-07-22 11:19:00,PE,ATM-4,12.162864,3256050,24850.0,25048.75,20.85,23.75,20.5,23.0,813450,1753163340
2025-07-22 11:20:00,PE,ATM-4,12.02253,3256050,24850.0,25055.0,23.4,23.4,20.8,21.2,580950,1753163400
2025-07-22 11:21:00,PE,ATM-4,11.970112,3195450,24850.0,25057.0,21.5,21.55,20.35,20.6,124275,1753163460
2025-07-22 11:22:00,PE,ATM-4,12.063633,3195450,24850.0,25053.45,20.55,22.15,20.55,21.65,179325,1753163520
2025-07-22 11:23:00,PE,ATM-4,12.028321,3195450,24850.0,25062.55,21.6,21.6,19.8,19.95,218925,1753163580
2025-07-22 11:24:00,PE,ATM-4,12.042657,3158700,24850.0,25058.65,20.05,20.85,20.05,20.65,53625,1753163640
2025-07-22 11:25:00,PE,ATM-4,12.036526,3158700,24850.0,25061.15,20.5,20.65,20.05,20.2,116850,1753163700
2025-07-22 11:26:00,PE,ATM-4,12.028423,3158700,24850.0,25063.95,20.25,20.65,19.7,19.7,82200,1753163760
2025-07-22 11:27:00,PE,ATM-4,11.950066,3139950,24850.0,25061.6,19.8,19.85,19.25,19.7,140925,1753163820
2025-07-22 11:28:00,PE,ATM-4,11.927359,3139950,24850.0,25059.65,19.4,20.35,19.2,19.9,68100,1753163880
2025-07-22 11:29:00,PE,ATM-4,11.871929,3139950,24850.0,25060.45,19.9,20.0,18.9,19.5,128550,1753163940
2025-07-22 11:30:00,PE,ATM-4,12.006605,3142725,24850.0,25057.3,19.6,20.75,19.55,20.65,75375,1753164000
2025-07-22 11:31:00,PE,ATM-4,11.832888,3142725,24850.0,25060.45,20.7,20.9,19.3,19.3,136275,1753164060
2025-07-22 11:32:00,PE,ATM-4,11.962463,3142725,24850.0,25059.55,19.55,20.35,19.4,20.05,72975,1753164120
2025-07-22 11:33:00,PE,ATM-4,11.951013,3167625,24850.0,25052.0,20.2,21.25,20.2,21.25,161250,1753164180
2025-07-22 11:34:00,PE,ATM-4,11.887344,3167625,24850.0,25056.05,21.1,21.85,20.25,20.25,238575,1753164240
2025-07-22 11:35:00,PE,ATM-4,11.992857,3167625,24850.0,25057.85,20.15,20.7,19.7,20.45,126450,1753164300
2025-07-22 11:36:00,PE,ATM-4,11.964896,3213900,24850.0,25054.6,20.5,20.9,20.3,20.85,54600,1753164360
2025-07-22 11:37:00,PE,ATM-4,11.891622,3213900,24850.0,25058.15,20.7,20.75,19.65,19.9,76275,1753164420
2025-07-22 11:38:00,PE,ATM-4,11.868381,3213900,24850.0,25058.65,19.85,20.05,19.3,19.7,83925,1753164480
2025-07-22 11:39:00,PE,ATM-4,11.833621,3215700,24850.0,25055.45,19.75,20.2,19.75,20.05,39300,1753164540
2025-07-22 11:40:00,PE,ATM-4,11.772098,3215700,24850.0,25056.05,20.1,20.4,19.1,19.65,71850,1753164600
2025-07-22 11:41:00,PE,ATM-4,11.884812,3215700,24850.0,25061.15,19.75,20.05,19.1,19.35,51075,1753164660
2025-07-22 11:42:00,PE,ATM-4,11.787507,3215475,24850.0,25058.25,19.15,19.75,19.15,19.35,45300,1753164720
2025-07-22 11:43:00,PE,ATM-4,11.743437,3215475,24850.0,25061.95,19.35,19.8,18.55,18.55,184950,1753164780
2025-07-22 11:44:00,PE,ATM-4,11.711983,3215475,24850.0,25062.9,18.65,18.7,18.05,18.25,176850,1753164840
2025-07-22 11:45:00,PE,ATM-4,11.712879,3175275,24850.0,25063.85,18.1,18.4,17.9,18.1,84825,1753164900
2025-07-22 11:46:00,PE,ATM-4,11.629484,3175275,24850.0,25064.6,18.25,18.9,17.6,17.6,164325,1753164960
2025-07-22 11:47:00,PE,ATM-4,11.572533,3175275,24850.0,25065.85,17.55,18.1,17.15,17.15,209850,1753165020
2025-07-22 11:48:00,PE,ATM-4,11.691104,3150300,24850.0,25068.35,17.3,17.45,16.75,17.3,198450,1753165080
2025-07-22 11:49:00,PE,ATM-4,11.644634,3150300,24850.0,25070.65,17.35,17.4,16.75,16.75,100350,1753165140
2025-07-22 11:50:00,PE,ATM-4,11.556552,3150300,24850.0,25048.1,16.8,20.05,16.8,19.85,273300,1753165200
2025-07-22 11:51:00,PE,ATM-4,11.170676,3100875,24850.0,25038.75,19.75,20.8,19.15,19.55,534225,1753165260
2025-07-22 11:52:00,PE,ATM-4,11.495177,3100875,24850.0,25053.25,19.5,19.5,18.3,18.7,140700,1753165320
2025-07-22 11:53:00,PE,ATM-4,11.37171,3100875,24850.0,25056.9,18.65,18.75,17.55,17.55,233325,1753165380
2025-07-22 11:54:00,PE,ATM-4,11.552535,3144750,24850.0,25067.95,17.35,17.35,16.5,16.7,205650,1753165440
2025-07-22 11:55:00,PE,ATM-4,11.088137,7293075,24900.0,25076.35,23.25,23.55,21.4,21.4,552150,1753165500
2025-07-22 11:56:00,PE,ATM-4,11.32306,7293075,24900.0,25079.85,21.55,21.95,21.05,21.95,464925,1753165560
2025-07-22 11:57:00,PE,ATM-4,11.249828,7293075,24900.0,25079.4,21.85,21.95,21.1,21.65,216375,1753165620
2025-07-22 11:58:00,PE,ATM-4,11.309592,7293075,24900.0,25080.2,21.8,22.4,21.6,21.8,262050,1753165680
2025-07-22 11:59:00,PE,ATM-4,11.386566,7293075,24900.0,25085.35,21.7,22.1,21.25,21.25,168150,1753165740
2025-07-22 12:00:00,PE,ATM-4,11.369198,7293075,24900.0,25083.7,21.05,21.6,20.8,21.45,269025,1753165800
2025-07-22 12:01:00,PE,ATM-4,11.340091,7273950,24900.0,25083.95,21.4,21.65,21.15,21.25,157425,1753165860
2025-07-22 12:02:00,PE,ATM-4,11.30016,7273950,24900.0,25083.9,21.4,21.55,21.05,21.05,160500,1753165920
2025-07-22 12:03:00,PE,ATM-4,11.335743,7273950,24900.0,25082.9,20.95,21.5,20.9,21.4,179100,1753165980
2025-07-22 12:04:00,PE,ATM-4,11.287197,7198500,24900.0,25079.3,21.55,21.95,21.25,21.8,244875,1753166040
2025-07-22 12:05:00,PE,ATM-4,11.4082,7198500,24900.0,25083.45,21.8,22.3,21.45,21.65,228525,1753166100
2025-07-22 12:06:00,PE,ATM-4,11.39537,7198500,24900.0,25079.5,21.8,22.3,21.7,22.3,84675,1753166160
2025-07-22 12:07:00,PE,ATM-4,11.362909,7096050,24900.0,25075.1,22.3,23.15,22.05,22.95,256425,1753166220
2025-07-22 12:08:00,PE,ATM-4,11.304584,7096050,24900.0,25075.3,22.95,23.6,22.6,22.6,295575,1753166280
2025-07-22 12:09:00,PE,ATM-4,11.72565,3197475,24850.0,25074.85,16.35,16.55,16.05,16.35,71625,1753166340
2025-07-22 12:10:00,PE,ATM-4,11.336294,7239900,24900.0,25077.95,22.55,22.75,22.2,22.25,134025,1753166400
2025-07-22 12:11:00,PE,ATM-4,11.357397,7239900,24900.0,25077.95,22.15,22.5,21.9,22.35,135825,1753166460
2025-07-22 12:12:00,PE,ATM-4,11.681197,3203775,24850.0,25074.4,16.15,16.7,16.1,16.2,88050,1753166520
2025-07-22 12:13:00,PE,ATM-4,11.348702,7252575,24900.0,25076.55,22.65,22.7,22.4,22.55,67350,1753166580
2025-07-22 12:14:00,PE,ATM-4,11.268661,7252575,24900.0,25075.1,22.45,22.7,22.3,22.4,69075,1753166640
2025-07-22 12:15:00,PE,ATM-4,11.324197,7252575,24900.0,25076.05,22.5,23.05,21.9,22.5,154725,1753166700
2025-07-22 12:16:00,PE,ATM-4,11.223401,7255200,24900.0,25075.9,22.5,22.5,21.9,22.0,82800,1753166760
2025-07-22 12:17:00,PE,ATM-4,11.312982,7255200,24900.0,25075.65,22.2,22.8,21.9,22.5,77775,1753166820
2025-07-22 12:18:00,PE,ATM-4,11.348295,7255200,24900.0,25080.35,22.4,22.65,21.7,21.8,105600,1753166880
2025-07-22 12:19:00,PE,ATM-4,11.358093,7241175,24900.0,25084.45,21.85,22.05,21.05,21.1,200250,1753166940
2025-07-22 12:20:00,PE,ATM-4,11.408262,7241175,24900.0,25083.3,21.15,21.55,21.05,21.55,129975,1753167000
2025-07-22 12:21:00,PE,ATM-4,11.211507,7241175,24900.0,25090.3,21.35,21.45,19.35,19.35,373950,1753167060
2025-07-22 12:22:00,PE,ATM-4,11.27428,7239600,24900.0,25092.65,19.4,19.8,18.85,19.25,296700,1753167120
2025-07-22 12:23:00,PE,ATM-4,11.319687,7239600,24900.0,25098.8,19.25,19.35,17.9,18.45,357000,1753167180
2025-07-22 12:24:00,PE,ATM-4,11.410489,7239600,24900.0,25100.15,18.35,18.9,18.3,18.65,172800,1753167240
2025-07-22 12:25:00,PE,ATM-4,11.36278,7215450,24900.0,25095.05,18.7,19.35,18.6,19.25,265575,1753167300
2025-07-22 12:26:00,PE,ATM-4,11.29663,7215450,24900.0,25092.8,19.25,19.45,19.05,19.3,177525,1753167360
2025-07-22 12:27:00,PE,ATM-4,11.364796,7215450,24900.0,25097.75,19.4,19.4,18.7,18.8,168975,1753167420
2025-07-22 12:28:00,PE,ATM-4,11.355297,7309050,24900.0,25098.35,18.85,18.9,18.6,18.65,204150,1753167480
2025-07-22 12:29:00,PE,ATM-4,11.314367,7309050,24900.0,25099.6,18.6,18.7,18.15,18.25,499350,1753167540
2025-07-22 12:30:00,PE,ATM-4,11.425381,7309050,24900.0,25104.7,18.3,18.3,17.35,17.95,381900,1753167600
2025-07-22 12:31:00,PE,ATM-4,11.408985,7312725,24900.0,25106.1,17.85,17.85,17.45,17.65,143325,1753167660
2025-07-22 12:32:00,PE,ATM-4,11.475829,7312725,24900.0,25111.65,17.7,17.7,17.05,17.1,256050,1753167720
2025-07-22 12:33:00,PE,ATM-4,11.446253,7312725,24900.0,25107.75,16.95,17.6,16.95,17.55,235950,1753167780
2025-07-22 12:34:00,PE,ATM-4,11.48426,7362075,24900.0,25110.8,17.55,17.6,17.2,17.25,241500,1753167840
2025-07-22 12:35:00,PE,ATM-4,11.428472,7362075,24900.0,25107.45,17.3,17.85,17.15,17.5,139125,1753167900
2025-07-22 12:36:00,PE,ATM-4,11.47447,7362075,24900.0,25105.2,17.5,18.1,17.45,18.05,214725,1753167960
2025-07-22 12:37:00,PE,ATM-4,11.358214,7394625,24900.0,25102.7,17.95,18.2,17.6,17.9,146850,1753168020
2025-07-22 12:38:00,PE,ATM-4,11.368268,7394625,24900.0,25104.55,17.9,18.15,17.6,17.65,110400,1753168080
2025-07-22 12:39:00,PE,ATM-4,11.448911,7394625,24900.0,25106.55,17.8,17.95,17.55,17.7,109800,1753168140
2025-07-22 12:40:00,PE,ATM-4,11.45921,7403250,24900.0,25102.65,17.8,18.45,17.65,18.35,145425,1753168200
2025-07-22 12:41:00,PE,ATM-4,11.423702,7403250,24900.0,25104.1,18.25,18.45,17.95,17.95,126825,1753168260
2025-07-22 12:42:00,PE,ATM-4,11.378761,7403250,24900.0,25101.15,17.9,18.45,17.85,18.2,136125,1753168320
2025-07-22 12:43:00,PE,ATM-4,11.408654,7424250,24900.0,25108.1,18.25,18.35,16.95,17.25,420300,1753168380
2025-07-22 12:44:00,PE,ATM-4,11.415686,7424250,24900.0,25110.25,17.15,17.35,16.95,16.95,289050,1753168440
2025-07-22 12:45:00,PE,ATM-4,11.425205,7424250,24900.0,25109.15,17.05,17.25,16.95,17.15,142650,1753168500
2025-07-22 12:46:00,PE,ATM-4,11.444193,7265250,24900.0,25109.0,17.25,17.85,17.25,17.25,182025,1753168560
2025-07-22 12:47:00,PE,ATM-4,11.517937,7265250,24900.0,25111.8,17.35,17.4,16.8,17.15,212625,1753168620
2025-07-22 12:48:00,PE,ATM-4,11.459022,7265250,24900.0,25110.0,17.1,17.55,17.05,17.15,73800,1753168680
2025-07-22 12:49:00,PE,ATM-4,11.471306,7286475,24900.0,25109.65,17.1,17.25,16.95,17.25,62250,1753168740
2025-07-22 12:50:00,PE,ATM-4,11.498264,7286475,24900.0,25112.4,17.3,17.35,16.95,16.95,120750,1753168800
2025-07-22 12:51:00,PE,ATM-4,11.529357,7286475,24900.0,25111.6,16.95,17.25,16.9,17.2,96825,1753168860
2025-07-22 12:52:00,PE,ATM-4,11.489474,7315050,24900.0,25111.7,17.15,17.25,16.95,17.0,83175,1753168920
2025-07-22 12:53:00,PE,ATM-4,11.461055,7315050,24900.0,25107.5,17.05,17.55,17.05,17.5,125925,1753168980
2025-07-22 12:54:00,PE,ATM-4,11.484048,7315050,24900.0,25107.8,17.5,17.7,17.3,17.55,134550,1753169040
2025-07-22 12:55:00,PE,ATM-4,11.426105,7405200,24900.0,25107.35,17.5,17.6,17.15,17.35,55575,1753169100
2025-07-22 12:56:00,PE,ATM-4,11.458332,7405200,24900.0,25108.25,17.35,17.55,17.2,17.35,55575,1753169160
2025-07-22 12:57:00,PE,ATM-4,11.492361,7405200,24900.0,25112.2,17.15,17.15,16.7,16.9,191550,1753169220
2025-07-22 12:58:00,PE,ATM-4,11.412527,7465125,24900.0,25113.85,16.8,16.8,16.3,16.3,253275,1753169280
2025-07-22 12:59:00,PE,ATM-4,11.436303,7465125,24900.0,25115.55,16.25,16.55,16.05,16.15,210375,1753169340
2025-07-22 13:00:00,PE,ATM-4,11.510981,7465125,24900.0,25116.7,16.1,16.3,15.55,16.3,463125,1753169400
2025-07-22 13:01:00,PE,ATM-4,11.365145,7527300,24900.0,25114.7,16.1,16.15,15.7,15.95,170100,1753169460
2025-07-22 13:02:00,PE,ATM-4,11.471266,7527300,24900.0,25115.75,16.1,16.6,16.05,16.25,229800,1753169520
2025-07-22 13:03:00,PE,ATM-4,11.379386,7527300,24900.0,25112.6,16.2,16.35,16.1,16.3,108150,1753169580
2025-07-22 13:04:00,PE,ATM-4,11.394837,7503675,24900.0,25113.7,16.2,16.3,16.05,16.2,64500,1753169640
2025-07-22 13:05:00,PE,ATM-4,11.041808,7503675,24900.0,25092.75,16.6,18.0,16.6,17.8,452700,1753169700
2025-07-22 13:06:00,PE,ATM-4,10.697572,7503675,24900.0,25083.4,17.6,18.8,17.6,17.7,911400,1753169760
2025-07-22 13:07:00,PE,ATM-4,11.131292,7543650,24900.0,25098.1,17.4,17.4,16.7,17.35,431025,1753169820
2025-07-22 13:08:00,PE,ATM-4,11.107003,7543650,24900.0,25099.6,17.35,17.4,16.95,17.0,192450,1753169880
2025-07-22 13:09:00,PE,ATM-4,11.186734,7543650,24900.0,25099.3,17.05,17.5,17.05,17.4,87675,1753169940
2025-07-22 13:10:00,PE,ATM-4,11.284577,7561275,24900.0,25098.6,17.4,17.95,17.35,17.95,305175,1753170000
2025-07-22 13:11:00,PE,ATM-4,11.178212,7561275,24900.0,25090.25,17.95,18.85,17.85,18.8,269025,1753170060
2025-07-22 13:12:00,PE,ATM-4,11.135427,7561275,24900.0,25091.1,18.75,18.75,18.1,18.45,171750,1753170120
2025-07-22 13:13:00,PE,ATM-4,11.063762,7581150,24900.0,25093.0,18.55,18.85,17.8,17.8,186600,1753170180
2025-07-22 13:14:00,PE,ATM-4,11.123726,7581150,24900.0,25092.2,17.85,18.3,17.75,18.2,157500,1753170240
2025-07-22 13:15:00,PE,ATM-4,11.105997,7581150,24900.0,25091.95,18.1,18.35,17.8,18.15,129075,1753170300
2025-07-22 13:16:00,PE,ATM-4,11.13322,7652325,24900.0,25094.55,18.15,18.3,17.8,17.85,93975,1753170360
2025-07-22 13:17:00,PE,ATM-4,11.095946,7652325,24900.0,25094.05,17.8,18.1,17.75,17.75,104325,1753170420
2025-07-22 13:18:00,PE,ATM-4,11.098569,7652325,24900.0,25086.75,18.05,19.0,17.85,18.95,251850,1753170480
2025-07-22 13:19:00,PE,ATM-4,11.054729,7625775,24900.0,25087.55,19.15,19.15,18.5,18.6,203625,1753170540
2025-07-22 13:20:00,PE,ATM-4,11.054665,7625775,24900.0,25092.4,18.75,18.95,17.7,17.8,204450,1753170600
2025-07-22 13:21:00,PE,ATM-4,11.11209,7625775,24900.0,25095.9,17.85,17.85,17.4,17.5,160200,1753170660
2025-07-22 13:22:00,PE,ATM-4,11.113187,7600875,24900.0,25095.25,17.5,17.7,17.25,17.6,151800,1753170720
2025-07-22 13:23:00,PE,ATM-4,11.117389,7600875,24900.0,25092.2,17.6,18.1,17.45,18.1,79500,1753170780
2025-07-22 13:24:00,PE,ATM-4,11.094708,7600875,24900.0,25093.05,18.05,18.2,17.75,17.85,70125,1753170840
2025-07-22 13:25:00,PE,ATM-4,11.007921,7555200,24900.0,25081.8,17.75,19.7,17.7,19.3,212400,1753170900
2025-07-22 13:26:00,PE,ATM-4,11.11117,7555200,24900.0,25080.9,19.7,20.1,19.2,19.95,356100,1753170960
2025-07-22 13:27:00,PE,ATM-4,11.055754,7555200,24900.0,25081.6,19.9,20.0,19.5,19.55,223275,1753171020
2025-07-22 13:28:00,PE,ATM-4,11.070968,7560600,24900.0,25082.85,19.4,19.55,19.1,19.4,128700,1753171080
2025-07-22 13:29:00,PE,ATM-4,11.020638,7560600,24900.0,25081.1,19.25,20.15,19.25,19.45,280725,1753171140
2025-07-22 13:30:00,PE,ATM-4,11.040499,7560600,24900.0,25077.05,19.6,20.25,19.45,20.25,342975,1753171200
2025-07-22 13:31:00,PE,ATM-4,10.843048,7541175,24900.0,25076.9,20.05,20.25,19.3,19.3,230025,1753171260
2025-07-22 13:32:00,PE,ATM-4,10.982319,7541175,24900.0,25082.8,19.0,19.1,18.5,18.95,366525,1753171320
2025-07-22 13:33:00,PE,ATM-4,10.875547,7541175,24900.0,25082.4,18.9,18.95,18.2,18.5,199650,1753171380
2025-07-22 13:34:00,PE,ATM-4,10.994985,7576875,24900.0,25083.95,18.55,19.1,18.3,18.8,145200,1753171440
2025-07-22 13:35:00,PE,ATM-4,10.896419,7576875,24900.0,25082.6,18.9,18.95,18.45,18.55,88500,1753171500
2025-07-22 13:36:00,PE,ATM-4,10.884008,7576875,24900.0,25084.6,18.7,18.7,18.05,18.15,120600,1753171560
2025-07-22 13:37:00,PE,ATM-4,10.928905,7554525,24900.0,25087.05,18.2,18.45,17.5,17.95,188850,1753171620
2025-07-22 13:38:00,PE,ATM-4,10.892532,7554525,24900.0,25082.35,17.95,18.55,17.95,18.55,96525,1753171680
2025-07-22 13:39:00,PE,ATM-4,10.85941,7554525,24900.0,25079.6,18.55,19.2,18.3,18.85,140925,1753171740
2025-07-22 13:40:00,PE,ATM-4,10.834209,7592100,24900.0,25081.5,18.85,18.85,18.1,18.4,124500,1753171800
2025-07-22 13:41:00,PE,ATM-4,10.79409,7592100,24900.0,25078.55,18.4,18.7,17.9,18.7,97500,1753171860
2025-07-22 13:42:00,PE,ATM-4,10.800341,7592100,24900.0,25080.45,18.7,18.95,18.35,18.4,135600,1753171920
2025-07-22 13:43:00,PE,ATM-4,10.869914,7599675,24900.0,25077.1,18.25,19.3,18.15,19.3,96075,1753171980
2025-07-22 13:44:00,PE,ATM-4,10.92203,7599675,24900.0,25080.25,19.1,19.15,18.6,19.0,242850,1753172040
2025-07-22 13:45:00,PE,ATM-4,11.511253,3046500,24850.0,25074.8,13.95,14.75,13.95,14.75,126000,1753172100
2025-07-22 13:46:00,PE,ATM-4,10.93898,7559775,24900.0,25075.75,20.15,20.3,19.5,19.85,290250,1753172160
2025-07-22 13:47:00,PE,ATM-4,10.938886,7559775,24900.0,25080.0,19.95,19.95,18.9,19.1,192525,1753172220
2025-07-22 13:48:00,PE,ATM-4,10.892672,7559775,24900.0,25078.95,19.2,19.35,18.95,19.05,96225,1753172280
2025-07-22 13:49:00,PE,ATM-4,11.051561,7584075,24900.0,25078.45,19.1,19.9,18.9,19.9,96600,1753172340
2025-07-22 13:50:00,PE,ATM-4,10.887193,7584075,24900.0,25076.4,19.95,20.0,19.45,19.45,169275,1753172400
2025-07-22 13:51:00,PE,ATM-4,10.971946,7584075,24900.0,25082.5,19.45,19.55,18.75,18.8,162300,1753172460
2025-07-22 13:52:00,PE,ATM-4,10.980874,7550550,24900.0,25083.0,18.9,19.35,18.65,18.75,73725,1753172520
2025-07-22 13:53:00,PE,ATM-4,11.155926,7550550,24900.0,25084.05,18.7,19.55,18.55,19.4,129675,1753172580
2025-07-22 13:54:00,PE,ATM-4,11.056246,7550550,24900.0,25083.55,19.45,19.55,18.9,19.0,99300,1753172640
2025-07-22 13:55:00,PE,ATM-4,11.233763,7507200,24900.0,25095.85,19.0,19.0,17.55,17.8,356100,1753172700
2025-07-22 13:56:00,PE,ATM-4,11.426152,7507200,24900.0,25102.95,17.65,18.0,17.05,17.55,428325,1753172760
2025-07-22 13:57:00,PE,ATM-4,11.190139,7507200,24900.0,25093.25,17.6,18.35,17.6,18.0,212100,1753172820
2025-07-22 13:58:00,PE,ATM-4,11.22964,7426500,24900.0,25087.35,18.05,19.15,17.85,19.15,159975,1753172880
2025-07-22 13:59:00,PE,ATM-4,11.229989,7426500,24900.0,25088.8,19.15,19.2,18.6,18.9,160575,1753172940
2025-07-22 14:00:00,PE,ATM-4,11.194512,7426500,24900.0,25093.85,18.8,18.85,17.9,17.9,181275,1753173000
2025-07-22 14:01:00,PE,ATM-4,11.299123,7430025,24900.0,25098.7,17.95,18.05,17.3,17.6,215250,1753173060
2025-07-22 14:02:00,PE,ATM-4,11.313639,7430025,24900.0,25097.8,17.6,18.0,17.55,17.8,121500,1753173120
2025-07-22 14:03:00,PE,ATM-4,11.231503,7430025,24900.0,25096.65,17.7,18.1,17.6,17.6,166875,1753173180
2025-07-22 14:04:00,PE,ATM-4,11.306696,7398900,24900.0,25098.45,17.65,17.75,17.55,17.65,63150,1753173240
2025-07-22 14:05:00,PE,ATM-4,11.427533,7398900,24900.0,25104.15,17.65,17.8,17.15,17.3,117525,1753173300
2025-07-22 14:06:00,PE,ATM-4,11.307102,7398900,24900.0,25101.9,17.25,17.65,17.1,17.1,139725,1753173360
2025-07-22 14:07:00,PE,ATM-4,11.317443,7383675,24900.0,25102.15,17.3,17.5,17.1,17.1,66525,1753173420
2025-07-22 14:08:00,PE,ATM-4,11.352778,7383675,24900.0,25102.15,17.2,17.35,17.1,17.25,69600,1753173480
2025-07-22 14:09:00,PE,ATM-4,11.306143,7383675,24900.0,25105.35,17.25,17.35,16.45,16.55,230700,1753173540
2025-07-22 14:10:00,PE,ATM-4,11.2363,7393500,24900.0,25101.6,16.45,16.9,16.4,16.8,147450,1753173600
2025-07-22 14:11:00,PE,ATM-4,11.217523,7393500,24900.0,25095.85,16.8,17.6,16.65,17.6,160500,1753173660
2025-07-22 14:12:00,PE,ATM-4,11.069662,7393500,24900.0,25092.5,17.6,18.05,17.25,17.45,253275,1753173720
2025-07-22 14:13:00,PE,ATM-4,10.869344,7420425,24900.0,25086.1,17.45,17.9,17.35,17.55,121350,1753173780
2025-07-22 14:14:00,PE,ATM-4,10.894136,7420425,24900.0,25086.45,17.8,17.8,17.5,17.6,98175,1753173840
2025-07-22 14:15:00,PE,ATM-4,11.005737,7420425,24900.0,25085.6,17.65,18.25,17.4,18.25,123825,1753173900
2025-07-22 14:16:00,PE,ATM-4,10.975612,7446600,24900.0,25084.4,18.45,18.7,18.15,18.3,191475,1753173960
2025-07-22 14:17:00,PE,ATM-4,10.920021,7446600,24900.0,25081.0,18.3,18.95,18.1,18.6,240300,1753174020
2025-07-22 14:18:00,PE,ATM-4,10.971865,7446600,24900.0,25084.5,18.5,18.5,18.1,18.25,190875,1753174080
2025-07-22 14:19:00,PE,ATM-4,10.984184,7555275,24900.0,25084.8,18.25,18.6,18.05,18.25,149700,1753174140
2025-07-22 14:20:00,PE,ATM-4,10.868535,7555275,24900.0,25080.6,18.05,18.7,18.05,18.4,156075,1753174200
2025-07-22 14:21:00,PE,ATM-4,10.841689,7555275,24900.0,25077.45,18.45,19.6,18.45,18.8,408525,1753174260
2025-07-22 14:22:00,PE,ATM-4,11.442208,2999025,24850.0,25072.2,13.6,15.0,13.6,14.55,222150,1753174320
2025-07-22 14:23:00,PE,ATM-4,11.507803,2999025,24850.0,25071.9,14.55,15.05,14.25,14.85,183300,1753174380
2025-07-22 14:24:00,PE,ATM-4,11.618797,2999025,24850.0,25067.6,14.85,15.9,14.5,15.9,180825,1753174440
2025-07-22 14:25:00,PE,ATM-4,11.637522,2903700,24850.0,25066.7,15.8,16.95,15.8,16.1,408525,1753174500
2025-07-22 14:26:00,PE,ATM-4,11.603605,2903700,24850.0,25068.1,16.15,16.4,15.65,15.75,147975,1753174560
2025-07-22 14:27:00,PE,ATM-4,11.608777,2903700,24850.0,25068.2,15.8,16.05,15.1,15.75,463350,1753174620
2025-07-22 14:28:00,PE,ATM-4,11.624284,2805825,24850.0,25067.9,15.95,16.15,15.5,15.85,267450,1753174680
2025-07-22 14:29:00,PE,ATM-4,11.66803,2805825,24850.0,25069.5,15.85,16.25,15.75,15.8,53250,1753174740
2025-07-22 14:30:00,PE,ATM-4,11.668468,2805825,24850.0,25066.65,15.75,16.45,15.6,16.2,264000,1753174800
2025-07-22 14:31:00,PE,ATM-4,11.670383,2777475,24850.0,25068.05,16.3,16.6,16.0,16.0,112575,1753174860
2025-07-22 14:32:00,PE,ATM-4,11.517936,2777475,24850.0,25070.25,16.0,16.0,14.8,15.05,242925,1753174920
2025-07-22 14:33:00,PE,ATM-4,11.464887,2777475,24850.0,25066.8,14.9,15.3,14.35,15.3,138525,1753174980
2025-07-22 14:34:00,PE,ATM-4,11.383651,2845875,24850.0,25065.4,15.25,15.6,14.8,15.15,87975,1753175040
2025-07-22 14:35:00,PE,ATM-4,11.391849,2845875,24850.0,25070.35,15.15,15.3,14.35,14.5,96525,1753175100
2025-07-22 14:36:00,PE,ATM-4,11.432513,2845875,24850.0,25072.65,14.5,14.7,14.3,14.35,40800,1753175160
2025-07-22 14:37:00,PE,ATM-4,11.544671,2851200,24850.0,25059.9,14.55,16.6,14.55,16.6,169350,1753175220
2025-07-22 14:38:00,PE,ATM-4,11.289721,2851200,24850.0,25050.45,16.55,18.15,16.2,16.9,510600,1753175280
2025-07-22 14:39:00,PE,ATM-4,11.466851,2851200,24850.0,25063.0,16.8,16.8,15.8,15.8,227400,1753175340
2025-07-22 14:40:00,PE,ATM-4,11.45092,2816550,24850.0,25060.4,16.0,16.45,15.75,16.1,94350,1753175400
2025-07-22 14:41:00,PE,ATM-4,11.357032,2816550,24850.0,25061.75,16.35,16.35,15.5,15.5,72075,1753175460
2025-07-22 14:42:00,PE,ATM-4,11.373758,2816550,24850.0,25065.4,15.5,15.5,15.0,15.05,113475,1753175520
2025-07-22 14:43:00,PE,ATM-4,11.353657,2858700,24850.0,25062.25,15.25,15.5,15.2,15.4,61950,1753175580
2025-07-22 14:44:00,PE,ATM-4,11.325914,2858700,24850.0,25064.95,15.35,15.35,14.9,14.9,49500,1753175640
2025-07-22 14:45:00,PE,ATM-4,11.396386,2858700,24850.0,25068.1,14.85,15.1,14.5,14.75,231375,1753175700
2025-07-22 14:46:00,PE,ATM-4,11.457518,2860275,24850.0,25068.05,14.7,15.0,14.65,15.0,63600,1753175760
2025-07-22 14:47:00,PE,ATM-4,11.383133,2860275,24850.0,25068.7,15.0,15.0,14.6,14.6,37050,1753175820
2025-07-22 14:48:00,PE,ATM-4,11.349288,2860275,24850.0,25071.75,14.65,14.65,13.95,14.05,147525,1753175880
2025-07-22 14:49:00,PE,ATM-4,10.863267,7196775,24900.0,25075.3,19.3,19.45,18.85,19.05,246525,1753175940
2025-07-22 14:50:00,PE,ATM-4,11.045245,7196775,24900.0,25076.55,19.05,19.8,18.85,19.7,367875,1753176000
2025-07-22 14:51:00,PE,ATM-4,10.968577,7196775,24900.0,25077.25,19.8,19.8,18.8,19.2,232425,1753176060
2025-07-22 14:52:00,PE,ATM-4,11.51601,2833725,24850.0,25073.55,14.05,14.7,13.9,14.45,78900,1753176120
2025-07-22 14:53:00,PE,ATM-4,11.460907,2833725,24850.0,25074.1,14.45,14.75,14.0,14.15,59400,1753176180
2025-07-22 14:54:00,PE,ATM-4,11.491786,2833725,24850.0,25074.6,14.0,14.3,13.85,14.2,85200,1753176240
2025-07-22 14:55:00,PE,ATM-4,10.769717,7145925,24900.0,25076.5,19.3,19.5,18.35,18.35,509625,1753176300
2025-07-22 14:56:00,PE,ATM-4,11.273532,2871150,24850.0,25067.15,13.55,14.65,13.5,14.3,105525,1753176360
2025-07-22 14:57:00,PE,ATM-4,11.235187,2871150,24850.0,25064.1,14.35,14.55,14.0,14.55,77325,1753176420
2025-07-22 14:58:00,PE,ATM-4,11.265185,2882025,24850.0,25066.05,14.5,14.5,14.05,14.4,90825,1753176480
2025-07-22 14:59:00,PE,ATM-4,11.23576,2882025,24850.0,25066.6,14.5,14.55,14.15,14.2,61125,1753176540
2025-07-22 15:00:00,PE,ATM-4,11.250797,2882025,24850.0,25062.95,14.75,15.4,13.95,14.75,347625,1753176600
2025-07-22 15:01:00,PE,ATM-4,11.075379,2858775,24850.0,25062.05,14.25,14.55,13.95,14.15,161250,1753176660
2025-07-22 15:02:00,PE,ATM-4,11.216272,2858775,24850.0,25057.2,14.3,15.55,14.3,15.4,170850,1753176720
2025-07-22 15:03:00,PE,ATM-4,10.961507,2858775,24850.0,25052.1,15.3,15.3,14.85,15.05,136650,1753176780
2025-07-22 15:04:00,PE,ATM-4,10.895939,2928000,24850.0,25054.0,14.85,15.25,14.5,14.5,156000,1753176840
2025-07-22 15:05:00,PE,ATM-4,10.847492,2928000,24850.0,25051.45,14.55,14.85,13.8,14.65,264825,1753176900
2025-07-22 15:06:00,PE,ATM-4,10.779347,2928000,24850.0,25050.45,14.45,14.6,14.1,14.5,91275,1753176960
2025-07-22 15:07:00,PE,ATM-4,10.864979,2914950,24850.0,25056.55,14.55,14.9,14.0,14.0,190275,1753177020
2025-07-22 15:08:00,PE,ATM-4,10.903372,2914950,24850.0,25059.5,13.8,13.8,13.35,13.75,162300,1753177080
2025-07-22 15:09:00,PE,ATM-4,10.968953,2914950,24850.0,25062.55,13.7,13.75,13.2,13.6,166575,1753177140
2025-07-22 15:10:00,PE,ATM-4,11.061546,2885025,24850.0,25063.4,13.85,14.25,13.65,13.85,189450,1753177200
2025-07-22 15:11:00,PE,ATM-4,11.062318,2885025,24850.0,25060.4,13.9,14.45,13.8,14.25,123675,1753177260
2025-07-22 15:12:00,PE,ATM-4,10.961239,2885025,24850.0,25057.7,14.35,14.55,14.0,14.2,112875,1753177320
2025-07-22 15:13:00,PE,ATM-4,11.032491,2861550,24850.0,25061.25,14.2,14.55,14.0,14.0,135525,1753177380
2025-07-22 15:14:00,PE,ATM-4,10.817974,2861550,24850.0,25058.5,13.8,13.85,13.3,13.5,175125,1753177440
2025-07-22 15:15:00,PE,ATM-4,10.653163,2861550,24850.0,25059.6,13.35,13.45,12.7,12.7,245325,1753177500
2025-07-22 15:16:00,PE,ATM-4,10.720311,2858100,24850.0,25061.2,12.8,12.85,12.4,12.75,194100,1753177560
2025-07-22 15:17:00,PE,ATM-4,10.758867,2858100,24850.0,25057.7,12.75,13.4,12.75,13.35,93300,1753177620
2025-07-22 15:18:00,PE,ATM-4,10.912578,2858100,24850.0,25061.9,13.5,13.7,13.25,13.4,152250,1753177680
2025-07-22 15:19:00,PE,ATM-4,11.005373,2883600,24850.0,25064.65,13.45,13.55,13.3,13.4,161550,1753177740
2025-07-22 15:20:00,PE,ATM-4,11.044909,2883600,24850.0,25062.75,13.45,13.85,13.4,13.8,331050,1753177800
2025-07-22 15:21:00,PE,ATM-4,11.126657,2883600,24850.0,25064.4,13.9,13.95,13.75,13.9,108600,1753177860
2025-07-22 15:22:00,PE,ATM-4,11.128666,2925300,24850.0,25067.45,13.8,13.95,13.45,13.5,174675,1753177920
2025-07-22 15:23:00,PE,ATM-4,11.172951,2925300,24850.0,25069.9,13.4,13.5,13.1,13.35,147075,1753177980
2025-07-22 15:24:00,PE,ATM-4,11.180699,2925300,24850.0,25067.0,13.35,13.95,13.35,13.75,149250,1753178040
2025-07-22 15:25:00,PE,ATM-4,11.005706,2922075,24850.0,25067.45,13.8,13.95,12.95,13.0,239100,1753178100
2025-07-22 15:26:00,PE,ATM-4,10.964086,2922075,24850.0,25065.35,13.1,13.3,12.9,13.1,193800,1753178160
2025-07-22 15:27:00,PE,ATM-4,10.925831,2922075,24850.0,25063.75,13.1,13.15,12.95,13.15,143025,1753178220
2025-07-22 15:28:00,PE,ATM-4,10.845355,2979075,24850.0,25061.65,13.1,13.1,12.75,13.1,287325,1753178280
2025-07-22 15:29:00,PE,ATM-4,10.799009,2979075,24850.0,25064.9,13.2,13.2,12.5,12.5,228450,1753178340
2025-07-23 09:15:00,PE,ATM-4,12.300458,3935100,24950.0,25135.2,22.65,22.65,12.3,13.15,1651950,1753242300
2025-07-23 09:16:00,PE,ATM-4,12.324855,3935100,24950.0,25130.5,12.8,14.3,12.25,13.9,1194300,1753242360
2025-07-23 09:17:00,PE,ATM-4,12.963352,6544800,24900.0,25123.25,9.5,10.35,9.35,10.3,1235250,1753242420
2025-07-23 09:18:00,PE,ATM-4,12.327796,4519500,24950.0,25131.1,14.7,14.7,13.45,13.8,947850,1753242480
2025-07-23 09:19:00,PE,ATM-4,12.395889,4519500,24950.0,25132.6,13.4,14.05,13.15,13.8,660900,1753242540
2025-07-23 09:20:00,PE,ATM-4,12.623571,4519500,24950.0,25138.5,13.95,14.0,12.95,13.7,778650,1753242600
2025-07-23 09:21:00,PE,ATM-4,12.547618,4916700,24950.0,25129.25,13.55,15.05,13.25,14.8,767475,1753242660
2025-07-23 09:22:00,PE,ATM-4,12.618959,4916700,24950.0,25130.8,15.0,16.7,14.7,14.8,954300,1753242720
2025-07-23 09:23:00,PE,ATM-4,12.63873,4916700,24950.0,25127.3,15.05,15.55,14.3,15.4,551550,1753242780
2025-07-23 09:24:00,PE,ATM-4,13.215954,7207500,24900.0,25123.65,10.65,11.2,10.55,10.9,505050,1753242840
2025-07-23 09:25:00,PE,ATM-4,12.813093,7207500,24900.0,25123.35,10.85,11.1,9.8,9.8,903675,1753242900
2025-07-23 09:26:00,PE,ATM-4,12.808552,7207500,24900.0,25123.15,9.9,10.2,9.6,9.8,756675,1753242960
2025-07-23 09:27:00,PE,ATM-4,12.791848,7476000,24900.0,25120.35,9.65,10.4,9.6,10.05,553950,1753243020
2025-07-23 09:28:00,PE,ATM-4,12.519648,7476000,24900.0,25108.65,9.9,10.9,9.9,10.6,826500,1753243080
2025-07-23 09:29:00,PE,ATM-4,12.62393,7476000,24900.0,25113.75,10.85,11.1,10.1,10.3,776550,1753243140
2025-07-23 09:30:00,PE,ATM-4,12.696998,7761900,24900.0,25121.85,10.1,10.1,9.35,9.6,875700,1753243200
2025-07-23 09:31:00,PE,ATM-4,12.675617,7761900,24900.0,25111.4,9.5,10.75,9.5,10.7,485550,1753243260
2025-07-23 09:32:00,PE,ATM-4,12.60258,7761900,24900.0,25108.25,10.65,11.25,10.5,10.85,850950,1753243320
2025-07-23 09:33:00,PE,ATM-4,12.657629,7832025,24900.0,25118.75,10.95,10.95,9.75,9.8,609750,1753243380
2025-07-23 09:34:00,PE,ATM-4,12.627176,7832025,24900.0,25114.3,9.9,10.5,9.85,10.2,313950,1753243440
2025-07-23 09:35:00,PE,ATM-4,12.641085,7832025,24900.0,25116.35,10.1,10.65,9.9,10.0,469800,1753243500
2025-07-23 09:36:00,PE,ATM-4,12.662401,7980000,24900.0,25116.8,9.85,10.35,9.6,10.0,555000,1753243560
2025-07-23 09:37:00,PE,ATM-4,12.510907,7980000,24900.0,25105.6,10.1,10.95,10.1,10.85,704100,1753243620
2025-07-23 09:38:00,PE,ATM-4,12.578735,7980000,24900.0,25111.45,10.65,10.9,10.3,10.35,431550,1753243680
2025-07-23 09:39:00,PE,ATM-4,12.580032,8026350,24900.0,25111.4,10.3,10.55,10.3,10.35,234900,1753243740
2025-07-23 09:40:00,PE,ATM-4,12.508646,8026350,24900.0,25111.3,10.2,10.3,10.05,10.15,402300,1753243800
2025-07-23 09:41:00,PE,ATM-4,12.357452,8026350,24900.0,25101.95,10.1,11.1,10.1,10.8,585150,1753243860
2025-07-23 09:42:00,PE,ATM-4,12.474758,7986225,24900.0,25096.3,11.0,11.85,10.9,11.85,929025,1753243920
2025-07-23 09:43:00,PE,ATM-4,12.553347,7986225,24900.0,25101.25,11.6,11.7,11.1,11.45,1084725,1753243980
2025-07-23 09:44:00,PE,ATM-4,12.473973,7986225,24900.0,25096.9,11.35,11.75,11.0,11.75,664875,1753244040
2025-07-23 09:45:00,PE,ATM-4,12.472766,8136300,24900.0,25100.35,11.6,12.45,11.3,11.3,1067100,1753244100
2025-07-23 09:46:00,PE,ATM-4,12.502088,8136300,24900.0,25095.1,11.45,12.25,11.2,12.05,502575,1753244160
2025-07-23 09:47:00,PE,ATM-4,12.401574,8136300,24900.0,25093.4,12.0,12.5,11.9,11.95,707025,1753244220
2025-07-23 09:48:00,PE,ATM-4,12.65234,8224350,24900.0,25086.8,11.85,13.65,11.7,13.65,1061700,1753244280
2025-07-23 09:49:00,PE,ATM-4,12.683286,8224350,24900.0,25098.4,14.05,14.25,12.1,12.15,2009775,1753244340
2025-07-23 09:50:00,PE,ATM-4,12.810842,8224350,24900.0,25112.3,12.2,12.3,10.55,10.8,1066125,1753244400
2025-07-23 09:51:00,PE,ATM-4,12.66392,8406975,24900.0,25108.2,10.9,11.25,10.75,10.85,890700,1753244460
2025-07-23 09:52:00,PE,ATM-4,12.726679,8406975,24900.0,25111.35,10.8,10.95,10.5,10.65,450375,1753244520
2025-07-23 09:53:00,PE,ATM-4,12.701631,8406975,24900.0,25100.45,10.8,11.9,10.8,11.9,529425,1753244580
2025-07-23 09:54:00,PE,ATM-4,12.640591,8371350,24900.0,25106.55,12.0,12.75,10.9,10.95,1145250,1753244640
2025-07-23 09:55:00,PE,ATM-4,12.693972,8371350,24900.0,25107.35,10.95,11.3,10.65,11.0,484875,1753244700
2025-07-23 09:56:00,PE,ATM-4,12.709633,8371350,24900.0,25110.6,10.95,11.0,10.6,10.65,464850,1753244760
2025-07-23 09:57:00,PE,ATM-4,12.726579,8477700,24900.0,25114.85,10.8,10.85,10.15,10.2,742950,1753244820
2025-07-23 09:58:00,PE,ATM-4,12.76229,8477700,24900.0,25115.65,10.15,10.4,9.8,10.2,1144275,1753244880
2025-07-23 09:59:00,PE,ATM-4,12.762056,8477700,24900.0,25116.9,10.25,10.4,10.05,10.05,513975,1753244940
2025-07-23 10:00:00,PE,ATM-4,12.753876,8461125,24900.0,25113.95,10.15,10.5,9.85,10.35,586350,1753245000
2025-07-23 10:01:00,PE,ATM-4,12.423186,8461125,24900.0,25103.2,10.4,10.8,10.3,10.65,495000,1753245060
2025-07-23 10:02:00,PE,ATM-4,12.545666,8461125,24900.0,25106.1,10.75,10.8,10.35,10.65,470025,1753245120
2025-07-23 10:03:00,PE,ATM-4,12.647214,8424675,24900.0,25101.1,10.7,11.7,10.7,11.55,725400,1753245180
2025-07-23 10:04:00,PE,ATM-4,12.45611,8424675,24900.0,25094.9,11.5,11.9,11.25,11.75,669525,1753245240
2025-07-23 10:05:00,PE,ATM-4,12.370678,8424675,24900.0,25091.65,11.7,12.15,11.55,11.9,645000,1753245300
2025-07-23 10:06:00,PE,ATM-4,12.498737,8370150,24900.0,25093.45,11.85,12.05,11.25,12.05,566700,1753245360
2025-07-23 10:07:00,PE,ATM-4,12.528114,8370150,24900.0,25097.15,12.15,12.15,11.4,11.65,406200,1753245420
2025-07-23 10:08:00,PE,ATM-4,12.523309,8370150,24900.0,25101.75,11.65,11.65,10.9,11.05,544350,1753245480
2025-07-23 10:09:00,PE,ATM-4,12.485948,8429925,24900.0,25095.6,11.05,11.75,11.05,11.7,472425,1753245540
2025-07-23 10:10:00,PE,ATM-4,12.467357,8429925,24900.0,25100.65,11.6,11.8,11.0,11.0,389775,1753245600
2025-07-23 10:11:00,PE,ATM-4,12.62092,8429925,24900.0,25108.9,11.05,11.35,10.3,10.45,667875,1753245660
2025-07-23 10:12:00,PE,ATM-4,12.638685,8475000,24900.0,25110.55,10.4,10.45,10.15,10.3,339450,1753245720
2025-07-23 10:13:00,PE,ATM-4,12.612075,8475000,24900.0,25110.25,10.2,10.45,10.15,10.25,309375,1753245780
2025-07-23 10:14:00,PE,ATM-4,12.682662,8475000,24900.0,25109.3,10.25,10.55,10.05,10.55,348825,1753245840
2025-07-23 10:15:00,PE,ATM-4,12.546415,8498550,24900.0,25105.9,10.4,10.8,10.35,10.55,365550,1753245900
2025-07-23 10:16:00,PE,ATM-4,12.520804,8498550,24900.0,25108.2,10.45,10.85,10.15,10.2,420075,1753245960
2025-07-23 10:17:00,PE,ATM-4,12.501412,8498550,24900.0,25102.55,10.2,10.8,10.2,10.8,286350,1753246020
2025-07-23 10:18:00,PE,ATM-4,12.378172,8574525,24900.0,25105.85,10.75,10.85,10.05,10.05,325500,1753246080
2025-07-23 10:19:00,PE,ATM-4,12.546268,8574525,24900.0,25109.45,10.15,10.4,10.0,10.1,361275,1753246140
2025-07-23 10:20:00,PE,ATM-4,12.446003,8574525,24900.0,25103.9,10.15,10.45,10.0,10.45,368400,1753246200
2025-07-23 10:21:00,PE,ATM-4,12.451215,8659350,24900.0,25103.1,10.35,10.55,10.15,10.55,245100,1753246260
2025-07-23 10:22:00,PE,ATM-4,12.412076,8659350,24900.0,25097.15,10.55,11.4,10.5,11.15,627000,1753246320
2025-07-23 10:23:00,PE,ATM-4,12.387624,8659350,24900.0,25098.1,11.2,11.2,10.65,10.95,408300,1753246380
2025-07-23 10:24:00,PE,ATM-4,12.398105,8670900,24900.0,25108.05,11.05,11.1,9.7,9.8,678000,1753246440
2025-07-23 10:25:00,PE,ATM-4,12.466346,8670900,24900.0,25109.2,9.9,10.05,9.7,9.85,382425,1753246500
2025-07-23 10:26:00,PE,ATM-4,12.402914,8670900,24900.0,25105.8,9.85,10.2,9.85,10.05,339450,1753246560
2025-07-23 10:27:00,PE,ATM-4,12.323088,8769675,24900.0,25106.85,10.0,10.0,9.7,9.7,332025,1753246620
2025-07-23 10:28:00,PE,ATM-4,12.385361,8769675,24900.0,25109.2,9.65,9.65,9.35,9.6,467850,1753246680
2025-07-23 10:29:00,PE,ATM-4,12.46538,8769675,24900.0,25108.4,9.65,9.9,9.55,9.9,273225,1753246740
2025-07-23 10:30:00,PE,ATM-4,12.3981,8803950,24900.0,25108.0,9.9,9.9,9.55,9.75,216900,1753246800
2025-07-23 10:31:00,PE,ATM-4,12.391099,8803950,24900.0,25107.3,9.75,9.85,9.55,9.8,197250,1753246860
2025-07-23 10:32:00,PE,ATM-4,12.322693,8803950,24900.0,25105.1,9.8,10.0,9.55,9.85,283275,1753246920
2025-07-23 10:33:00,PE,ATM-4,12.270112,8875200,24900.0,25105.95,9.85,9.9,9.6,9.6,302025,1753246980
2025-07-23 10:34:00,PE,ATM-4,12.261325,8875200,24900.0,25103.0,9.55,9.9,9.55,9.9,243225,1753247040
2025-07-23 10:35:00,PE,ATM-4,12.197688,8875200,24900.0,25108.1,9.85,9.85,9.15,9.15,343950,1753247100
2025-07-23 10:36:00,PE,ATM-4,12.135918,8929650,24900.0,25106.95,9.25,9.35,9.1,9.1,288675,1753247160
2025-07-23 10:37:00,PE,ATM-4,12.079425,8929650,24900.0,25099.2,9.15,9.95,9.15,9.8,408075,1753247220
2025-07-23 10:38:00,PE,ATM-4,12.125578,8929650,24900.0,25102.0,9.7,9.8,9.35,9.6,313425,1753247280
2025-07-23 10:39:00,PE,ATM-4,12.20418,9029775,24900.0,25106.55,9.7,9.75,9.2,9.3,320325,1753247340
2025-07-23 10:40:00,PE,ATM-4,12.114306,9029775,24900.0,25103.8,9.3,9.5,9.3,9.35,210750,1753247400
2025-07-23 10:41:00,PE,ATM-4,12.262072,9029775,24900.0,25106.9,9.35,9.4,9.2,9.4,245175,1753247460
2025-07-23 10:42:00,PE,ATM-4,12.231639,8977575,24900.0,25107.9,9.3,9.55,9.1,9.2,348150,1753247520
2025-07-23 10:43:00,PE,ATM-4,12.248486,8977575,24900.0,25110.1,9.25,9.25,8.9,9.0,518250,1753247580
2025-07-23 10:44:00,PE,ATM-4,12.338476,8977575,24900.0,25114.65,9.05,9.05,8.65,8.75,632700,1753247640
2025-07-23 10:45:00,PE,ATM-4,12.367812,8877000,24900.0,25115.3,8.65,8.85,8.45,8.75,670200,1753247700
2025-07-23 10:46:00,PE,ATM-4,12.411589,8877000,24900.0,25116.8,8.75,8.95,8.7,8.7,455475,1753247760
2025-07-23 10:47:00,PE,ATM-4,12.422509,8877000,24900.0,25116.5,8.65,8.75,8.6,8.75,208800,1753247820
2025-07-23 10:48:00,PE,ATM-4,12.387904,8935425,24900.0,25114.1,8.7,8.9,8.7,8.9,153825,1753247880
2025-07-23 10:49:00,PE,ATM-4,12.469469,8935425,24900.0,25116.05,8.8,9.0,8.75,8.9,373500,1753247940
2025-07-23 10:50:00,PE,ATM-4,12.472901,8935425,24900.0,25116.05,8.95,9.0,8.8,8.9,155025,1753248000
2025-07-23 10:51:00,PE,ATM-4,12.468648,8894925,24900.0,25113.95,8.85,9.1,8.7,9.1,228825,1753248060
2025-07-23 10:52:00,PE,ATM-4,12.394635,8894925,24900.0,25113.45,9.15,9.25,8.95,8.95,201000,1753248120
2025-07-23 10:53:00,PE,ATM-4,12.532904,8894925,24900.0,25118.75,8.95,8.95,8.7,8.75,299100,1753248180
2025-07-23 10:54:00,PE,ATM-4,12.633916,8876775,24900.0,25124.2,8.7,8.75,8.35,8.45,595575,1753248240
2025-07-23 10:55:00,PE,ATM-4,11.91264,6327600,24950.0,25125.9,11.9,12.25,11.25,12.15,1011750,1753248300
2025-07-23 10:56:00,PE,ATM-4,11.947589,6327600,24950.0,25125.55,12.1,12.6,12.1,12.3,602400,1753248360
2025-07-23 10:57:00,PE,ATM-4,11.921736,6277725,24950.0,25125.6,12.25,12.3,12.1,12.2,217050,1753248420
2025-07-23 10:58:00,PE,ATM-4,12.531154,8819550,24900.0,25120.75,8.35,8.5,8.2,8.5,207900,1753248480
2025-07-23 10:59:00,PE,ATM-4,12.582099,8819550,24900.0,25122.45,8.5,8.6,8.4,8.45,254025,1753248540
2025-07-23 11:00:00,PE,ATM-4,12.566706,8854725,24900.0,25123.5,8.45,8.55,8.3,8.3,112725,1753248600
2025-07-23 11:01:00,PE,ATM-4,12.148381,6361275,24950.0,25134.55,12.15,12.15,11.4,11.65,463425,1753248660
2025-07-23 11:02:00,PE,ATM-4,12.023995,6361275,24950.0,25133.1,11.65,11.75,11.35,11.45,238275,1753248720
2025-07-23 11:03:00,PE,ATM-4,12.068429,6406125,24950.0,25136.75,11.45,11.45,10.95,11.1,728100,1753248780
2025-07-23 11:04:00,PE,ATM-4,12.113196,6406125,24950.0,25138.9,11.1,11.2,10.75,10.95,553200,1753248840
2025-07-23 11:05:00,PE,ATM-4,11.960077,6406125,24950.0,25134.45,10.9,11.2,10.8,11.05,307050,1753248900
2025-07-23 11:06:00,PE,ATM-4,11.877041,6448350,24950.0,25132.05,11.1,11.3,11.05,11.1,227025,1753248960
2025-07-23 11:07:00,PE,ATM-4,11.842932,6448350,24950.0,25131.95,11.05,11.35,11.0,11.0,144600,1753249020
2025-07-23 11:08:00,PE,ATM-4,11.818334,6448350,24950.0,25130.15,11.0,11.25,11.0,11.15,168150,1753249080
2025-07-23 11:09:00,PE,ATM-4,11.904693,6503475,24950.0,25132.85,11.2,11.25,10.95,11.05,170700,1753249140
2025-07-23 11:10:00,PE,ATM-4,11.768794,6503475,24950.0,25128.85,11.1,11.2,11.0,11.15,135825,1753249200
2025-07-23 11:11:00,PE,ATM-4,11.813836,6503475,24950.0,25130.2,11.15,11.3,11.05,11.1,195375,1753249260
2025-07-23 11:12:00,PE,ATM-4,11.678108,6480000,24950.0,25125.85,11.15,11.35,11.05,11.25,244725,1753249320
2025-07-23 11:13:00,PE,ATM-4,11.805776,6480000,24950.0,25129.1,11.25,11.35,11.1,11.2,129675,1753249380
2025-07-23 11:14:00,PE,ATM-4,11.820169,6480000,24950.0,25127.85,11.25,11.4,11.25,11.4,116025,1753249440
2025-07-23 11:15:00,PE,ATM-4,11.803656,6403125,24950.0,25126.65,11.35,11.5,11.2,11.5,197925,1753249500
2025-07-23 11:16:00,PE,ATM-4,12.00125,6403125,24950.0,25133.4,11.5,11.55,11.1,11.2,137025,1753249560
2025-07-23 11:17:00,PE,ATM-4,12.015361,6403125,24950.0,25133.65,11.2,11.25,11.05,11.2,152175,1753249620
2025-07-23 11:18:00,PE,ATM-4,12.011322,6396075,24950.0,25134.25,11.2,11.3,11.1,11.1,135225,1753249680
2025-07-23 11:19:00,PE,ATM-4,12.078177,6396075,24950.0,25136.9,11.05,11.15,10.9,10.95,140025,1753249740
2025-07-23 11:20:00,PE,ATM-4,12.320187,8950500,24900.0,25115.55,7.6,8.3,7.6,8.3,481275,1753249800
2025-07-23 11:21:00,PE,ATM-4,11.870994,8822325,24900.0,25105.75,8.3,8.55,8.05,8.15,967875,1753249860
2025-07-23 11:22:00,PE,ATM-4,12.222352,8822325,24900.0,25117.0,8.1,8.1,7.85,7.9,475350,1753249920
2025-07-23 11:23:00,PE,ATM-4,12.288065,8822325,24900.0,25116.0,7.9,8.15,7.9,8.15,252300,1753249980
2025-07-23 11:24:00,PE,ATM-4,12.324497,8891100,24900.0,25117.85,8.15,8.15,7.95,8.05,175950,1753250040
2025-07-23 11:25:00,PE,ATM-4,11.709413,6471300,24950.0,25126.35,12.0,12.05,11.1,11.15,346500,1753250100
2025-07-23 11:26:00,PE,ATM-4,12.440964,8891100,24900.0,25124.3,7.6,7.7,7.55,7.7,199275,1753250160
2025-07-23 11:27:00,PE,ATM-4,12.470858,8896125,24900.0,25123.9,7.8,7.85,7.65,7.8,99825,1753250220
2025-07-23 11:28:00,PE,ATM-4,11.718024,6448650,24950.0,25126.7,11.45,11.5,11.0,11.1,158550,1753250280
2025-07-23 11:29:00,PE,ATM-4,11.747343,6448650,24950.0,25125.05,11.05,11.4,11.05,11.4,81075,1753250340
2025-07-23 11:30:00,PE,ATM-4,11.777589,6434700,24950.0,25129.45,11.35,11.35,10.85,10.9,196125,1753250400
2025-07-23 11:31:00,PE,ATM-4,12.458962,8896500,24900.0,25124.85,7.55,7.8,7.5,7.65,146700,1753250460
2025-07-23 11:32:00,PE,ATM-4,12.446756,8896500,24900.0,25124.45,7.65,7.7,7.45,7.65,185250,1753250520
2025-07-23 11:33:00,PE,ATM-4,11.662328,6444225,24950.0,25125.8,11.05,11.15,10.9,11.0,112800,1753250580
2025-07-23 11:34:00,PE,ATM-4,11.657194,6444225,24950.0,25126.75,11.0,11.1,10.85,10.85,112575,1753250640
2025-07-23 11:35:00,PE,ATM-4,11.637329,6444225,24950.0,25126.6,10.85,11.0,10.7,10.8,144600,1753250700
2025-07-23 11:36:00,PE,ATM-4,11.684543,6444225,24950.0,25128.0,10.75,10.9,10.6,10.75,177375,1753250760
2025-07-23 11:37:00,PE,ATM-4,12.450968,8942400,24900.0,25124.65,7.35,7.6,7.3,7.6,141375,1753250820
2025-07-23 11:38:00,PE,ATM-4,11.685494,6458250,24950.0,25125.2,11.2,11.3,10.8,11.1,193050,1753250880
2025-07-23 11:39:00,PE,ATM-4,11.699695,6458250,24950.0,25125.45,11.15,11.25,11.0,11.1,68475,1753250940
2025-07-23 11:40:00,PE,ATM-4,12.458768,8928600,24900.0,25123.5,7.5,7.7,7.5,7.7,85650,1753251000
2025-07-23 11:41:00,PE,ATM-4,12.402608,8928600,24900.0,25120.4,7.65,7.9,7.65,7.85,204975,1753251060
2025-07-23 11:42:00,PE,ATM-4,12.441811,8928600,24900.0,25120.25,7.9,7.95,7.85,7.95,84000,1753251120
2025-07-23 11:43:00,PE,ATM-4,12.428433,8941275,24900.0,25121.4,8.0,8.1,7.8,7.8,293100,1753251180
2025-07-23 11:44:00,PE,ATM-4,11.707445,6417375,24950.0,25125.25,11.45,11.45,11.05,11.1,143475,1753251240
2025-07-23 11:45:00,PE,ATM-4,11.663617,6417375,24950.0,25126.45,11.15,11.2,10.8,10.8,161175,1753251300
2025-07-23 11:46:00,PE,ATM-4,11.774238,6394125,24950.0,25128.15,10.8,10.95,10.65,10.9,96150,1753251360
2025-07-23 11:47:00,PE,ATM-4,11.747673,6394125,24950.0,25126.7,10.85,11.0,10.75,11.0,112500,1753251420
2025-07-23 11:48:00,PE,ATM-4,11.757215,6394125,24950.0,25129.15,10.95,11.05,10.7,10.7,124050,1753251480
2025-07-23 11:49:00,PE,ATM-4,11.845346,6443025,24950.0,25131.5,10.7,10.9,10.65,10.65,89175,1753251540
2025-07-23 11:50:00,PE,ATM-4,11.873499,6443025,24950.0,25130.9,10.65,10.85,10.6,10.8,75000,1753251600
2025-07-23 11:51:00,PE,ATM-4,11.912924,6443025,24950.0,25129.8,10.8,11.05,10.7,11.05,65775,1753251660
2025-07-23 11:52:00,PE,ATM-4,11.815152,6441600,24950.0,25125.6,11.1,11.4,10.95,11.3,160725,1753251720
2025-07-23 11:53:00,PE,ATM-4,11.885546,6441600,24950.0,25129.4,11.35,11.35,10.95,11.0,104550,1753251780
2025-07-23 11:54:00,PE,ATM-4,11.830775,6441600,24950.0,25128.45,10.95,11.15,10.85,10.95,75300,1753251840
2025-07-23 11:55:00,PE,ATM-4,11.826174,6457050,24950.0,25130.2,10.9,11.0,10.6,10.7,102525,1753251900
2025-07-23 11:56:00,PE,ATM-4,11.837771,6457050,24950.0,25130.0,10.7,10.8,10.6,10.75,44775,1753251960
2025-07-23 11:57:00,PE,ATM-4,12.068956,6457050,24950.0,25137.25,10.75,10.75,10.4,10.5,449475,1753252020
2025-07-23 11:58:00,PE,ATM-4,12.055194,6498075,24950.0,25135.65,10.5,10.7,10.5,10.65,289350,1753252080
2025-07-23 11:59:00,PE,ATM-4,12.043521,6498075,24950.0,25135.3,10.65,10.8,10.6,10.65,327000,1753252140
2025-07-23 12:00:00,PE,ATM-4,12.172394,6498075,24950.0,25141.05,10.65,10.65,10.05,10.3,633750,1753252200
2025-07-23 12:01:00,PE,ATM-4,12.340032,6408225,24950.0,25147.0,10.25,10.3,9.75,10.05,788775,1753252260
2025-07-23 12:02:00,PE,ATM-4,12.393336,6408225,24950.0,25147.75,10.05,10.1,9.85,10.1,320250,1753252320
2025-07-23 12:03:00,PE,ATM-4,12.432903,6408225,24950.0,25148.6,10.1,10.15,9.95,10.1,382200,1753252380
2025-07-23 12:04:00,PE,ATM-4,12.542522,6337650,24950.0,25152.4,10.15,10.15,9.85,9.95,383250,1753252440
2025-07-23 12:05:00,PE,ATM-4,12.492667,6337650,24950.0,25152.0,9.85,9.95,9.55,9.85,489225,1753252500
2025-07-23 12:06:00,PE,ATM-4,12.448004,6337650,24950.0,25153.05,9.85,10.0,9.5,9.6,524925,1753252560
2025-07-23 12:07:00,PE,ATM-4,12.418333,6329475,24950.0,25152.7,9.55,9.7,9.45,9.55,260700,1753252620
2025-07-23 12:08:00,PE,ATM-4,12.376002,6329475,24950.0,25154.3,9.55,9.55,9.1,9.25,358500,1753252680
2025-07-23 12:09:00,PE,ATM-4,12.464128,6329475,24950.0,25158.65,9.3,9.3,8.9,9.0,410475,1753252740
2025-07-23 12:10:00,PE,ATM-4,12.491652,6376425,24950.0,25159.7,8.95,9.0,8.75,8.95,550125,1753252800
2025-07-23 12:11:00,PE,ATM-4,12.464343,6376425,24950.0,25158.95,8.95,9.15,8.9,8.95,708000,1753252860
2025-07-23 12:12:00,PE,ATM-4,11.936987,6376425,24950.0,25140.85,8.9,9.6,8.9,9.55,444975,1753252920
2025-07-23 12:13:00,PE,ATM-4,11.590598,6613200,24950.0,25137.35,9.55,9.65,9.0,9.0,556500,1753252980
2025-07-23 12:14:00,PE,ATM-4,12.257448,6613200,24950.0,25151.85,8.95,9.15,8.75,9.15,448575,1753253040
2025-07-23 12:15:00,PE,ATM-4,12.568399,6613200,24950.0,25160.65,9.15,9.25,8.9,9.0,229500,1753253100
2025-07-23 12:16:00,PE,ATM-4,12.690551,6546525,24950.0,25163.05,8.95,9.1,8.9,9.05,217125,1753253160
2025-07-23 12:17:00,PE,ATM-4,12.690421,6546525,24950.0,25167.3,9.05,9.05,8.6,8.6,191475,1753253220
2025-07-23 12:18:00,PE,ATM-4,12.772601,6546525,24950.0,25167.75,8.45,8.8,8.45,8.75,490275,1753253280
2025-07-23 12:19:00,PE,ATM-4,12.772998,6500700,24950.0,25168.65,8.8,8.8,8.6,8.65,250350,1753253340
2025-07-23 12:20:00,PE,ATM-4,12.905117,6500700,24950.0,25171.8,8.65,8.7,8.5,8.65,258000,1753253400
2025-07-23 12:21:00,PE,ATM-4,12.764881,6500700,24950.0,25172.8,8.6,8.75,8.2,8.2,593025,1753253460
2025-07-23 12:22:00,PE,ATM-4,12.760036,6665550,24950.0,25170.55,8.2,8.4,8.2,8.4,274125,1753253520
2025-07-23 12:23:00,PE,ATM-4,12.07698,17575350,25000.0,25175.95,12.2,12.2,11.8,11.8,1139025,1753253580
2025-07-23 12:24:00,PE,ATM-4,12.119058,17575350,25000.0,25176.45,11.8,12.0,11.7,11.85,636750,1753253640
2025-07-23 12:25:00,PE,ATM-4,12.857695,6919425,24950.0,25173.7,8.25,8.4,8.15,8.3,262425,1753253700
2025-07-23 12:26:00,PE,ATM-4,12.749691,6919425,24950.0,25171.45,8.25,8.35,8.25,8.25,156675,1753253760
2025-07-23 12:27:00,PE,ATM-4,12.67623,6919425,24950.0,25171.6,8.35,8.35,8.05,8.05,676650,1753253820
2025-07-23 12:28:00,PE,ATM-4,12.648014,7102350,24950.0,25171.85,8.0,8.05,7.9,7.95,328275,1753253880
2025-07-23 12:29:00,PE,ATM-4,12.724156,7102350,24950.0,25173.65,7.95,8.0,7.9,7.95,103875,1753253940
2025-07-23 12:30:00,PE,ATM-4,12.71757,7102350,24950.0,25170.8,8.0,8.25,8.0,8.2,339975,1753254000
2025-07-23 12:31:00,PE,ATM-4,12.675047,7051500,24950.0,25169.15,8.15,8.4,8.15,8.25,164625,1753254060
2025-07-23 12:32:00,PE,ATM-4,12.738665,7051500,24950.0,25171.65,8.25,8.3,8.15,8.15,151350,1753254120
2025-07-23 12:33:00,PE,ATM-4,12.780651,7051500,24950.0,25170.55,8.15,8.35,8.15,8.35,80625,1753254180
2025-07-23 12:34:00,PE,ATM-4,12.682578,7063125,24950.0,25168.05,8.3,8.4,8.3,8.35,153000,1753254240
2025-07-23 12:35:00,PE,ATM-4,12.793727,7063125,24950.0,25173.25,8.3,8.3,8.1,8.1,278775,1753254300
2025-07-23 12:36:00,PE,ATM-4,12.777972,7063125,24950.0,25172.25,8.1,8.3,8.1,8.15,338325,1753254360
2025-07-23 12:37:00,PE,ATM-4,12.240259,18285150,25000.0,25181.1,11.95,11.95,11.25,11.45,775950,1753254420
2025-07-23 12:38:00,PE,ATM-4,12.373595,18285150,25000.0,25183.65,11.45,11.6,11.35,11.5,703500,1753254480
2025-07-23 12:39:00,PE,ATM-4,12.489189,18285150,25000.0,25185.8,11.4,11.7,11.15,11.55,1166250,1753254540
2025-07-23 12:40:00,PE,ATM-4,12.316281,18250875,25000.0,25182.95,11.55,11.55,11.2,11.4,860175,1753254600
2025-07-23 12:41:00,PE,ATM-4,12.342208,18250875,25000.0,25184.6,11.35,11.4,11.25,11.25,634650,1753254660
2025-07-23 12:42:00,PE,ATM-4,12.171463,18250875,25000.0,25179.9,11.2,11.5,11.2,11.35,470625,1753254720
2025-07-23 12:43:00,PE,ATM-4,12.080547,18410625,25000.0,25178.15,11.4,11.45,11.25,11.3,450900,1753254780
2025-07-23 12:44:00,PE,ATM-4,12.625293,6942075,24950.0,25172.45,7.8,7.8,7.5,7.7,458250,1753254840
2025-07-23 12:45:00,PE,ATM-4,12.718953,6942075,24950.0,25174.15,7.7,7.75,7.6,7.75,165300,1753254900
2025-07-23 12:46:00,PE,ATM-4,12.512045,7016550,24950.0,25168.4,7.75,7.85,7.7,7.8,198525,1753254960
2025-07-23 12:47:00,PE,ATM-4,12.53087,7016550,24950.0,25168.25,7.8,7.9,7.8,7.85,217875,1753255020
2025-07-23 12:48:00,PE,ATM-4,12.569031,7016550,24950.0,25169.1,7.85,7.9,7.8,7.85,155625,1753255080
2025-07-23 12:49:00,PE,ATM-4,12.678889,6957525,24950.0,25172.25,7.9,7.9,7.75,7.8,89925,1753255140
2025-07-23 12:50:00,PE,ATM-4,12.72172,6957525,24950.0,25173.75,7.75,7.85,7.7,7.75,178425,1753255200
2025-07-23 12:51:00,PE,ATM-4,12.480988,6957525,24950.0,25167.7,7.75,7.95,7.7,7.75,550425,1753255260
2025-07-23 12:52:00,PE,ATM-4,12.328075,7038825,24950.0,25167.55,7.8,7.8,7.35,7.4,364875,1753255320
2025-07-23 12:53:00,PE,ATM-4,12.431516,7038825,24950.0,25168.95,7.4,7.55,7.4,7.5,143325,1753255380
2025-07-23 12:54:00,PE,ATM-4,12.340964,7038825,24950.0,25165.55,7.5,7.65,7.5,7.6,128100,1753255440
2025-07-23 12:55:00,PE,ATM-4,12.359596,6983175,24950.0,25166.45,7.55,7.65,7.55,7.55,61575,1753255500
2025-07-23 12:56:00,PE,ATM-4,12.508665,6983175,24950.0,25170.05,7.55,7.6,7.5,7.55,88050,1753255560
2025-07-23 12:57:00,PE,ATM-4,12.496135,6983175,24950.0,25168.05,7.55,7.7,7.55,7.7,187950,1753255620
2025-07-23 12:58:00,PE,ATM-4,12.473437,6934800,24950.0,25166.35,7.7,7.8,7.6,7.8,158400,1753255680
2025-07-23 12:59:00,PE,ATM-4,12.578803,6934800,24950.0,25168.85,7.8,7.85,7.7,7.8,94275,1753255740
2025-07-23 13:00:00,PE,ATM-4,12.662578,6934800,24950.0,25171.35,7.75,7.85,7.65,7.75,156675,1753255800
2025-07-23 13:01:00,PE,ATM-4,12.012803,18531750,25000.0,25176.7,11.3,11.35,11.1,11.1,441150,1753255860
2025-07-23 13:02:00,PE,ATM-4,12.012532,18531750,25000.0,25181.25,11.1,11.1,10.45,10.5,966825,1753255920
2025-07-23 13:03:00,PE,ATM-4,11.88338,18531750,25000.0,25177.85,10.5,10.65,10.4,10.55,1463325,1753255980
2025-07-23 13:04:00,PE,ATM-4,11.905854,17578425,25000.0,25177.5,10.55,10.7,10.55,10.65,370650,1753256040
2025-07-23 13:05:00,PE,ATM-4,11.897051,17578425,25000.0,25176.45,10.65,10.8,10.6,10.75,287775,1753256100
2025-07-23 13:06:00,PE,ATM-4,11.847193,17578425,25000.0,25175.25,10.75,10.8,10.65,10.75,173775,1753256160
2025-07-23 13:07:00,PE,ATM-4,12.544644,6809850,24950.0,25171.0,7.35,7.55,7.3,7.45,190875,1753256220
2025-07-23 13:08:00,PE,ATM-4,12.512341,6809850,24950.0,25170.65,7.5,7.5,7.4,7.4,171150,1753256280
2025-07-23 13:09:00,PE,ATM-4,12.554852,6809850,24950.0,25169.45,7.45,7.65,7.45,7.6,132075,1753256340
2025-07-23 13:10:00,PE,ATM-4,12.47342,6767775,24950.0,25165.25,7.6,7.8,7.6,7.8,128175,1753256400
2025-07-23 13:11:00,PE,ATM-4,12.348789,6767775,24950.0,25161.6,7.8,7.95,7.75,7.85,264825,1753256460
2025-07-23 13:12:00,PE,ATM-4,12.252263,6767775,24950.0,25160.7,7.8,7.85,7.65,7.7,196575,1753256520
2025-07-23 13:13:00,PE,ATM-4,12.27576,6766125,24950.0,25162.75,7.65,7.8,7.5,7.55,223350,1753256580
2025-07-23 13:14:00,PE,ATM-4,12.240268,6766125,24950.0,25159.2,7.55,7.8,7.55,7.8,117900,1753256640
2025-07-23 13:15:00,PE,ATM-4,12.143715,6766125,24950.0,25158.3,7.8,7.8,7.65,7.65,193725,1753256700
2025-07-23 13:16:00,PE,ATM-4,12.362285,6771300,24950.0,25166.2,7.65,7.65,7.35,7.4,217950,1753256760
2025-07-23 13:17:00,PE,ATM-4,12.359376,6771300,24950.0,25165.5,7.45,7.5,7.3,7.45,111450,1753256820
2025-07-23 13:18:00,PE,ATM-4,12.311498,6771300,24950.0,25163.7,7.4,7.6,7.4,7.5,73575,1753256880
2025-07-23 13:19:00,PE,ATM-4,12.294825,6764475,24950.0,25163.2,7.55,7.65,7.5,7.5,72825,1753256940
2025-07-23 13:20:00,PE,ATM-4,12.413795,6764475,24950.0,25167.1,7.5,7.5,7.35,7.4,129075,1753257000
2025-07-23 13:21:00,PE,ATM-4,12.431298,6764475,24950.0,25166.9,7.3,7.45,7.25,7.45,201525,1753257060
2025-07-23 13:22:00,PE,ATM-4,11.946738,6807225,24950.0,25149.9,7.45,8.0,7.45,7.95,428025,1753257120
2025-07-23 13:23:00,PE,ATM-4,11.616484,6807225,24950.0,25144.35,7.95,8.15,7.6,7.7,845775,1753257180
2025-07-23 13:24:00,PE,ATM-4,12.086167,6807225,24950.0,25156.1,7.7,7.75,7.45,7.65,604875,1753257240
2025-07-23 13:25:00,PE,ATM-4,12.133992,6732825,24950.0,25159.25,7.7,7.7,7.45,7.45,213975,1753257300
2025-07-23 13:26:00,PE,ATM-4,12.214246,6732825,24950.0,25161.65,7.4,7.5,7.35,7.4,154725,1753257360
2025-07-23 13:27:00,PE,ATM-4,12.073047,6732825,24950.0,25159.7,7.4,7.4,7.2,7.25,180825,1753257420
2025-07-23 13:28:00,PE,ATM-4,12.22798,6651075,24950.0,25164.5,7.3,7.3,7.05,7.15,211725,1753257480
2025-07-23 13:29:00,PE,ATM-4,12.267815,6651075,24950.0,25167.05,7.1,7.15,6.9,7.0,347250,1753257540
2025-07-23 13:30:00,PE,ATM-4,12.499551,6651075,24950.0,25173.85,7.0,7.1,6.9,6.9,181575,1753257600
2025-07-23 13:31:00,PE,ATM-4,12.442637,6645075,24950.0,25171.2,6.9,7.05,6.85,7.0,233775,1753257660
2025-07-23 13:32:00,PE,ATM-4,12.508073,6645075,24950.0,25173.3,7.0,7.05,6.95,6.95,179250,1753257720
2025-07-23 13:33:00,PE,ATM-4,12.523949,6645075,24950.0,25173.6,6.95,7.0,6.9,6.95,147525,1753257780
2025-07-23 13:34:00,PE,ATM-4,11.791768,17467275,25000.0,25176.05,10.2,10.35,10.15,10.2,218775,1753257840
2025-07-23 13:35:00,PE,ATM-4,11.882035,17467275,25000.0,25179.2,10.25,10.3,9.9,10.05,729225,1753257900
2025-07-23 13:36:00,PE,ATM-4,11.783693,17467275,25000.0,25177.3,9.95,10.25,9.95,10.0,442275,1753257960
2025-07-23 13:37:00,PE,ATM-4,11.8959,17321325,25000.0,25179.35,10.1,10.2,9.95,10.05,233325,1753258020
2025-07-23 13:38:00,PE,ATM-4,11.828532,17321325,25000.0,25178.15,10.05,10.1,9.95,10.0,339300,1753258080
2025-07-23 13:39:00,PE,ATM-4,12.484568,6706425,24950.0,25172.05,6.85,6.95,6.85,6.95,228525,1753258140
2025-07-23 13:40:00,PE,ATM-4,12.50522,6699375,24950.0,25171.9,6.95,7.0,6.95,7.0,158850,1753258200
2025-07-23 13:41:00,PE,ATM-4,11.832746,17436375,25000.0,25177.6,10.3,10.35,10.0,10.05,191475,1753258260
2025-07-23 13:42:00,PE,ATM-4,12.513388,6699375,24950.0,25173.05,6.85,6.95,6.85,6.9,110475,1753258320
2025-07-23 13:43:00,PE,ATM-4,12.509184,6678750,24950.0,25172.85,6.95,6.95,6.85,6.9,82350,1753258380
2025-07-23 13:44:00,PE,ATM-4,12.441753,6678750,24950.0,25169.95,6.9,7.0,6.85,7.0,75375,1753258440
2025-07-23 13:45:00,PE,ATM-4,12.538056,6678750,24950.0,25173.95,7.0,7.0,6.85,6.85,49800,1753258500
2025-07-23 13:46:00,PE,ATM-4,12.512656,6655800,24950.0,25173.8,6.8,6.9,6.8,6.8,50550,1753258560
2025-07-23 13:47:00,PE,ATM-4,11.756506,17383575,25000.0,25176.2,10.05,10.1,9.9,9.95,221100,1753258620
2025-07-23 13:48:00,PE,ATM-4,12.491252,6655800,24950.0,25172.5,6.75,6.9,6.75,6.85,156600,1753258680
2025-07-23 13:49:00,PE,ATM-4,12.435408,6647625,24950.0,25170.45,6.9,7.0,6.85,6.9,162300,1753258740
2025-07-23 13:50:00,PE,ATM-4,11.787373,17384925,25000.0,25176.25,10.2,10.2,9.95,10.0,232650,1753258800
2025-07-23 13:51:00,PE,ATM-4,12.597573,6647625,24950.0,25174.85,6.85,6.95,6.85,6.85,71925,1753258860
2025-07-23 13:52:00,PE,ATM-4,11.886674,17400675,25000.0,25180.35,10.05,10.05,9.4,9.75,838200,1753258920
2025-07-23 13:53:00,PE,ATM-4,11.942786,17400675,25000.0,25181.95,9.7,9.8,9.5,9.7,702525,1753258980
2025-07-23 13:54:00,PE,ATM-4,11.993472,17400675,25000.0,25183.85,9.65,9.75,9.55,9.6,381300,1753259040
2025-07-23 13:55:00,PE,ATM-4,11.920642,17450850,25000.0,25180.05,9.65,9.85,9.65,9.85,356775,1753259100
2025-07-23 13:56:00,PE,ATM-4,12.107572,17450850,25000.0,25186.7,9.75,9.75,9.5,9.55,513300,1753259160
2025-07-23 13:57:00,PE,ATM-4,12.133931,17450850,25000.0,25185.95,9.65,9.75,9.55,9.7,199725,1753259220
2025-07-23 13:58:00,PE,ATM-4,12.155599,17373525,25000.0,25187.2,9.7,9.8,9.55,9.6,203850,1753259280
2025-07-23 13:59:00,PE,ATM-4,12.257909,17373525,25000.0,25191.6,9.45,9.55,9.05,9.35,1240500,1753259340
2025-07-23 14:00:00,PE,ATM-4,12.006149,17373525,25000.0,25185.75,9.4,9.5,9.3,9.35,789750,1753259400
2025-07-23 14:01:00,PE,ATM-4,12.064409,17198925,25000.0,25190.05,9.4,9.4,8.9,9.0,710175,1753259460
2025-07-23 14:02:00,PE,ATM-4,12.051243,17198925,25000.0,25190.55,9.0,9.05,8.9,8.9,534675,1753259520
2025-07-23 14:03:00,PE,ATM-4,12.025628,17198925,25000.0,25186.8,8.85,9.25,8.85,9.25,298425,1753259580
2025-07-23 14:04:00,PE,ATM-4,11.982031,16989600,25000.0,25186.15,9.2,9.25,9.1,9.2,258600,1753259640
2025-07-23 14:05:00,PE,ATM-4,12.001054,16989600,25000.0,25186.5,9.25,9.4,9.2,9.2,301200,1753259700
2025-07-23 14:06:00,PE,ATM-4,11.98557,16989600,25000.0,25185.2,9.2,9.3,9.1,9.3,197700,1753259760
2025-07-23 14:07:00,PE,ATM-4,12.022011,16860000,25000.0,25189.0,9.25,9.3,8.9,8.95,335925,1753259820
2025-07-23 14:08:00,PE,ATM-4,12.000467,16860000,25000.0,25187.1,9.05,9.2,9.0,9.1,233925,1753259880
2025-07-23 14:09:00,PE,ATM-4,12.036258,16860000,25000.0,25186.1,9.1,9.3,9.0,9.3,380100,1753259940
2025-07-23 14:10:00,PE,ATM-4,12.045995,16897200,25000.0,25187.1,9.3,9.3,9.1,9.2,273375,1753260000
2025-07-23 14:11:00,PE,ATM-4,12.054792,16897200,25000.0,25187.65,9.15,9.25,9.05,9.15,163875,1753260060
2025-07-23 14:12:00,PE,ATM-4,12.06152,16897200,25000.0,25186.85,9.1,9.25,9.1,9.25,150675,1753260120
2025-07-23 14:13:00,PE,ATM-4,12.176557,16940025,25000.0,25194.3,9.2,9.2,8.65,8.7,765750,1753260180
2025-07-23 14:14:00,PE,ATM-4,12.647285,16940025,25000.0,25208.05,8.65,8.7,8.3,8.4,1272000,1753260240
2025-07-23 14:15:00,PE,ATM-4,13.072928,16940025,25000.0,25216.05,8.45,8.75,8.4,8.6,1437450,1753260300
2025-07-23 14:16:00,PE,ATM-4,12.591613,16609800,25000.0,25202.75,8.6,8.9,8.6,8.8,662625,1753260360
2025-07-23 14:17:00,PE,ATM-4,12.555712,16609800,25000.0,25203.7,8.8,8.8,8.6,8.6,379650,1753260420
2025-07-23 14:18:00,PE,ATM-4,12.500856,16609800,25000.0,25205.2,8.65,8.65,8.3,8.3,623325,1753260480
2025-07-23 14:19:00,PE,ATM-4,12.501082,16405200,25000.0,25205.6,8.3,8.4,8.2,8.25,697875,1753260540
2025-07-23 14:20:00,PE,ATM-4,12.589837,16405200,25000.0,25207.6,8.3,8.3,8.1,8.25,364200,1753260600
2025-07-23 14:21:00,PE,ATM-4,12.658695,16405200,25000.0,25208.15,8.25,8.35,8.15,8.35,319425,1753260660
2025-07-23 14:22:00,PE,ATM-4,12.305653,16176975,25000.0,25200.25,8.35,8.4,8.2,8.3,841950,1753260720
2025-07-23 14:23:00,PE,ATM-4,12.380156,16176975,25000.0,25203.85,8.3,8.3,8.05,8.1,469875,1753260780
2025-07-23 14:24:00,PE,ATM-4,12.270202,16176975,25000.0,25202.15,8.1,8.2,7.9,8.0,521625,1753260840
2025-07-23 14:25:00,PE,ATM-4,12.127505,16098900,25000.0,25198.7,8.0,8.05,7.85,8.0,1006200,1753260900
2025-07-23 14:26:00,PE,ATM-4,12.093955,16098900,25000.0,25198.8,8.0,8.05,7.9,7.9,360450,1753260960
2025-07-23 14:27:00,PE,ATM-4,12.036531,16098900,25000.0,25197.85,7.9,7.95,7.8,7.85,352350,1753261020
2025-07-23 14:28:00,PE,ATM-4,12.06546,15829575,25000.0,25197.95,7.85,7.95,7.85,7.9,617250,1753261080
2025-07-23 14:29:00,PE,ATM-4,12.043196,15829575,25000.0,25195.4,7.9,8.2,7.85,8.1,552900,1753261140
2025-07-23 14:30:00,PE,ATM-4,12.168905,15829575,25000.0,25198.25,8.25,8.25,7.9,8.1,894825,1753261200
2025-07-23 14:31:00,PE,ATM-4,12.13903,15545250,25000.0,25200.4,8.15,8.15,7.7,7.8,942225,1753261260
2025-07-23 14:32:00,PE,ATM-4,12.163445,15545250,25000.0,25202.9,7.85,7.85,7.55,7.6,541125,1753261320
2025-07-23 14:33:00,PE,ATM-4,12.201018,15545250,25000.0,25203.7,7.6,7.6,7.45,7.6,692700,1753261380
2025-07-23 14:34:00,PE,ATM-4,12.259072,15305325,25000.0,25205.5,7.6,7.6,7.4,7.55,519900,1753261440
2025-07-23 14:35:00,PE,ATM-4,12.414931,15305325,25000.0,25208.6,7.5,7.6,7.5,7.6,579375,1753261500
2025-07-23 14:36:00,PE,ATM-4,12.319854,15305325,25000.0,25207.8,7.6,7.7,7.35,7.45,1056000,1753261560
2025-07-23 14:37:00,PE,ATM-4,12.411716,15207825,25000.0,25209.9,7.45,7.5,7.35,7.45,332700,1753261620
2025-07-23 14:38:00,PE,ATM-4,12.435558,15207825,25000.0,25209.85,7.4,7.55,7.4,7.5,381750,1753261680
2025-07-23 14:39:00,PE,ATM-4,12.463579,15207825,25000.0,25210.95,7.45,7.55,7.35,7.45,351375,1753261740
2025-07-23 14:40:00,PE,ATM-4,12.179213,14683275,25000.0,25203.05,7.5,7.55,7.45,7.55,821100,1753261800
2025-07-23 14:41:00,PE,ATM-4,12.249417,14683275,25000.0,25206.7,7.55,7.55,7.3,7.35,269775,1753261860
2025-07-23 14:42:00,PE,ATM-4,12.155827,14683275,25000.0,25204.9,7.35,7.45,7.3,7.3,378900,1753261920
2025-07-23 14:43:00,PE,ATM-4,12.368397,14425800,25000.0,25208.3,7.3,7.45,7.25,7.45,426825,1753261980
2025-07-23 14:44:00,PE,ATM-4,12.438357,14425800,25000.0,25210.4,7.45,7.45,7.35,7.4,181125,1753262040
2025-07-23 14:45:00,PE,ATM-4,12.429773,14425800,25000.0,25210.1,7.45,7.45,7.4,7.4,132975,1753262100
2025-07-23 14:46:00,PE,ATM-4,12.486129,14158875,25000.0,25211.35,7.45,7.45,7.35,7.4,397125,1753262160
2025-07-23 14:47:00,PE,ATM-4,12.407372,14158875,25000.0,25208.85,7.4,7.45,7.35,7.45,469125,1753262220
2025-07-23 14:48:00,PE,ATM-4,12.534249,14158875,25000.0,25211.25,7.45,7.55,7.4,7.5,259125,1753262280
2025-07-23 14:49:00,PE,ATM-4,12.549816,13962675,25000.0,25211.0,7.5,7.65,7.5,7.55,455475,1753262340
2025-07-23 14:50:00,PE,ATM-4,12.464755,13962675,25000.0,25207.85,7.6,7.65,7.5,7.65,314025,1753262400
2025-07-23 14:51:00,PE,ATM-4,12.433684,13962675,25000.0,25206.0,7.7,7.75,7.6,7.75,312600,1753262460
2025-07-23 14:52:00,PE,ATM-4,12.393086,13877550,25000.0,25204.95,7.8,7.9,7.75,7.75,405075,1753262520
2025-07-23 14:53:00,PE,ATM-4,12.440013,13877550,25000.0,25204.45,7.85,7.9,7.7,7.9,284625,1753262580
2025-07-23 14:54:00,PE,ATM-4,12.531267,13877550,25000.0,25207.0,7.95,7.95,7.75,7.85,224550,1753262640
2025-07-23 14:55:00,PE,ATM-4,12.496996,13862925,25000.0,25206.1,7.85,7.9,7.75,7.85,356025,1753262700
2025-07-23 14:56:00,PE,ATM-4,12.577325,13862925,25000.0,25208.4,7.85,7.9,7.7,7.8,296025,1753262760
2025-07-23 14:57:00,PE,ATM-4,12.582112,13862925,25000.0,25213.65,7.8,7.8,7.15,7.3,988050,1753262820
2025-07-23 14:58:00,PE,ATM-4,12.520482,13757775,25000.0,25214.25,7.35,7.35,7.0,7.1,668475,1753262880
2025-07-23 14:59:00,PE,ATM-4,12.49903,13757775,25000.0,25212.55,7.05,7.3,7.05,7.2,577125,1753262940
2025-07-23 15:00:00,PE,ATM-4,12.973027,13757775,25000.0,25224.95,7.2,7.2,6.75,7.1,1243125,1753263000
2025-07-23 15:01:00,PE,ATM-4,11.809493,7897275,25050.0,25225.85,9.55,9.7,9.3,9.45,632025,1753263060
2025-07-23 15:02:00,PE,ATM-4,11.898351,7897275,25050.0,25226.5,9.4,9.65,9.35,9.6,795900,1753263120
2025-07-23 15:03:00,PE,ATM-4,11.981312,7897275,25050.0,25228.25,9.55,9.65,9.45,9.6,418200,1753263180
2025-07-23 15:04:00,PE,ATM-4,12.917316,13620825,25000.0,25224.9,7.05,7.05,6.9,6.95,448275,1753263240
2025-07-23 15:05:00,PE,ATM-4,11.816035,7801800,25050.0,25230.3,9.7,9.75,8.85,8.9,455550,1753263300
2025-07-23 15:06:00,PE,ATM-4,11.842912,7801800,25050.0,25229.1,8.95,9.25,8.95,9.1,415875,1753263360
2025-07-23 15:07:00,PE,ATM-4,11.768735,7618950,25050.0,25229.5,9.15,9.25,8.75,8.85,397725,1753263420
2025-07-23 15:08:00,PE,ATM-4,11.782161,7618950,25050.0,25230.15,8.95,9.0,8.6,8.8,569475,1753263480
2025-07-23 15:09:00,PE,ATM-4,11.826034,7618950,25050.0,25231.05,8.8,8.9,8.7,8.8,460650,1753263540
2025-07-23 15:10:00,PE,ATM-4,11.743782,7123200,25050.0,25226.55,8.9,9.3,8.9,9.1,651000,1753263600
2025-07-23 15:11:00,PE,ATM-4,11.880638,7123200,25050.0,25230.8,9.1,9.3,8.75,8.95,426975,1753263660
2025-07-23 15:12:00,PE,ATM-4,11.855361,7123200,25050.0,25231.45,8.9,9.0,8.7,8.8,520575,1753263720
2025-07-23 15:13:00,PE,ATM-4,11.912108,6794775,25050.0,25230.9,9.05,9.05,8.9,9.0,460650,1753263780
2025-07-23 15:14:00,PE,ATM-4,11.923037,6794775,25050.0,25229.35,9.05,9.3,9.05,9.2,373950,1753263840
2025-07-23 15:15:00,PE,ATM-4,11.901011,6794775,25050.0,25227.1,9.25,9.65,9.25,9.4,807525,1753263900
2025-07-23 15:16:00,PE,ATM-4,11.862722,6539100,25050.0,25227.0,9.5,9.5,9.15,9.3,292050,1753263960
2025-07-23 15:17:00,PE,ATM-4,11.960028,6539100,25050.0,25228.65,9.3,9.5,9.3,9.35,379800,1753264020
2025-07-23 15:18:00,PE,ATM-4,12.638932,12768000,25000.0,25219.05,6.6,6.75,6.6,6.75,545025,1753264080
2025-07-23 15:19:00,PE,ATM-4,12.578785,12878925,25000.0,25218.65,6.7,6.75,6.55,6.65,517125,1753264140
2025-07-23 15:20:00,PE,ATM-4,12.774523,12878925,25000.0,25222.7,6.8,6.85,6.7,6.7,1098675,1753264200
2025-07-23 15:21:00,PE,ATM-4,12.778676,12878925,25000.0,25220.4,6.8,6.95,6.8,6.9,724800,1753264260
2025-07-23 15:22:00,PE,ATM-4,12.854591,12666900,25000.0,25223.85,6.85,6.95,6.75,6.75,796125,1753264320
2025-07-23 15:23:00,PE,ATM-4,12.899422,12666900,25000.0,25224.25,6.85,6.95,6.8,6.8,552375,1753264380
2025-07-23 15:24:00,PE,ATM-4,13.091137,12666900,25000.0,25221.45,6.8,7.45,6.8,7.45,1409400,1753264440
2025-07-23 15:25:00,PE,ATM-4,13.088256,12122325,25000.0,25220.2,7.55,7.95,7.5,7.55,1540200,1753264500
2025-07-23 15:26:00,PE,ATM-4,13.248359,12122325,25000.0,25218.1,7.6,8.1,7.55,8.1,1486875,1753264560
2025-07-23 15:27:00,PE,ATM-4,13.152141,12122325,25000.0,25218.85,8.1,8.1,7.75,7.8,772875,1753264620
2025-07-23 15:28:00,PE,ATM-4,12.749785,11852775,25000.0,25212.45,7.9,8.0,7.3,7.5,786375,1753264680
2025-07-23 15:29:00,PE,ATM-4,12.503224,11852775,25000.0,25209.2,7.55,7.6,7.05,7.25,1040325,1753264740
2025-07-24 09:15:00,PE,ATM-4,21.556321,11905500,25000.0,25219.5,5.0,5.0,3.3,3.95,4599975,1753328700
2025-07-24 09:16:00,PE,ATM-4,21.404923,11905500,25000.0,25221.2,3.95,3.95,3.35,3.7,3318375,1753328760
2025-07-24 09:17:00,PE,ATM-4,21.13942,11905500,25000.0,25211.7,3.75,4.2,3.6,4.05,2141700,1753328820
2025-07-24 09:18:00,PE,ATM-4,20.760823,12942000,25000.0,25204.9,4.2,4.45,4.1,4.15,2508900,1753328880
2025-07-24 09:19:00,PE,ATM-4,20.561862,12942000,25000.0,25203.45,4.3,4.3,3.85,4.05,1735800,1753328940
2025-07-24 09:20:00,PE,ATM-4,20.85917,12942000,25000.0,25212.45,3.95,4.25,3.7,3.7,2152725,1753329000
2025-07-24 09:21:00,PE,ATM-4,20.875273,13808400,25000.0,25206.8,3.8,4.05,3.7,4.05,1639125,1753329060
2025-07-24 09:22:00,PE,ATM-4,20.725419,13808400,25000.0,25208.35,3.95,4.05,3.7,3.8,1366575,1753329120
2025-07-24 09:23:00,PE,ATM-4,20.288084,13808400,25000.0,25204.65,3.75,3.85,3.6,3.65,1143525,1753329180
2025-07-24 09:24:00,PE,ATM-4,20.080261,14301225,25000.0,25200.0,3.6,3.9,3.6,3.75,1613850,1753329240
2025-07-24 09:25:00,PE,ATM-4,20.160364,14301225,25000.0,25204.7,3.8,3.85,3.4,3.5,1665675,1753329300
2025-07-24 09:26:00,PE,ATM-4,19.887674,14301225,25000.0,25199.15,3.45,3.7,3.4,3.6,1955175,1753329360
2025-07-24 09:27:00,PE,ATM-4,19.308761,14540550,25000.0,25189.0,3.55,3.75,3.55,3.75,1696200,1753329420
2025-07-24 09:28:00,PE,ATM-4,18.871673,14540550,25000.0,25191.7,3.75,3.9,3.2,3.2,2614500,1753329480
2025-07-24 09:29:00,PE,ATM-4,19.156877,14540550,25000.0,25188.65,3.4,3.6,3.35,3.6,1198500,1753329540
2025-07-24 09:30:00,PE,ATM-4,19.03557,14848125,25000.0,25188.3,3.6,3.65,3.4,3.5,1230975,1753329600
2025-07-24 09:31:00,PE,ATM-4,19.073329,14848125,25000.0,25188.45,3.6,3.6,3.4,3.5,909300,1753329660
2025-07-24 09:32:00,PE,ATM-4,19.161708,14848125,25000.0,25189.25,3.45,3.5,3.3,3.5,927300,1753329720
2025-07-24 09:33:00,PE,ATM-4,19.010995,14849400,25000.0,25186.2,3.6,3.6,3.45,3.55,1127850,1753329780
2025-07-24 09:34:00,PE,ATM-4,19.388679,14849400,25000.0,25185.45,3.55,4.0,3.5,3.9,1961925,1753329840
2025-07-24 09:35:00,PE,ATM-4,19.312991,14849400,25000.0,25187.85,3.95,4.0,3.5,3.65,1256925,1753329900
2025-07-24 09:36:00,PE,ATM-4,19.370167,14911575,25000.0,25191.35,3.6,3.7,3.4,3.45,921900,1753329960
2025-07-24 09:37:00,PE,ATM-4,19.661851,14911575,25000.0,25193.95,3.4,3.6,3.3,3.5,695700,1753330020
2025-07-24 09:38:00,PE,ATM-4,19.457779,14911575,25000.0,25190.2,3.5,3.75,3.45,3.55,1032000,1753330080
2025-07-24 09:39:00,PE,ATM-4,19.185691,14884050,25000.0,25187.95,3.6,3.65,3.4,3.45,653850,1753330140
2025-07-24 09:40:00,PE,ATM-4,19.16732,14884050,25000.0,25184.3,3.45,3.7,3.45,3.65,541275,1753330200
2025-07-24 09:41:00,PE,ATM-4,19.23065,14884050,25000.0,25187.05,3.6,3.85,3.5,3.5,851025,1753330260
2025-07-24 09:42:00,PE,ATM-4,19.061775,15072000,25000.0,25183.8,3.55,3.65,3.35,3.55,893400,1753330320
2025-07-24 09:43:00,PE,ATM-4,19.276331,15072000,25000.0,25185.4,3.55,3.6,3.45,3.6,540300,1753330380
2025-07-24 09:44:00,PE,ATM-4,19.381983,15072000,25000.0,25187.15,3.55,3.6,3.5,3.55,533100,1753330440
2025-07-24 09:45:00,PE,ATM-4,19.27654,15225300,25000.0,25190.25,3.5,3.55,3.2,3.25,646200,1753330500
2025-07-24 09:46:00,PE,ATM-4,19.457697,15225300,25000.0,25193.9,3.2,3.35,3.05,3.15,1054800,1753330560
2025-07-24 09:47:00,PE,ATM-4,19.466098,15225300,25000.0,25192.8,3.15,3.25,3.1,3.2,815700,1753330620
2025-07-24 09:48:00,PE,ATM-4,18.97169,14911950,25000.0,25182.15,3.2,3.5,3.2,3.45,706050,1753330680
2025-07-24 09:49:00,PE,ATM-4,18.858504,14911950,25000.0,25175.95,3.45,3.75,3.45,3.75,1233450,1753330740
2025-07-24 09:50:00,PE,ATM-4,21.150373,7058925,24950.0,25173.55,2.55,2.75,2.55,2.65,1381275,1753330800
2025-07-24 09:51:00,PE,ATM-4,21.117355,6857100,24950.0,25171.65,2.65,2.75,2.6,2.7,597375,1753330860
2025-07-24 09:52:00,PE,ATM-4,21.088216,6857100,24950.0,25171.9,2.75,2.75,2.6,2.65,597750,1753330920
2025-07-24 09:53:00,PE,ATM-4,21.004047,6857100,24950.0,25173.6,2.55,2.65,2.5,2.5,500700,1753330980
2025-07-24 09:54:00,PE,ATM-4,20.795567,7013100,24950.0,25168.25,2.5,2.6,2.45,2.6,622575,1753331040
2025-07-24 09:55:00,PE,ATM-4,20.59749,7013100,24950.0,25167.35,2.55,2.65,2.5,2.5,795375,1753331100
2025-07-24 09:56:00,PE,ATM-4,20.591078,7013100,24950.0,25167.95,2.45,2.55,2.45,2.45,420900,1753331160
2025-07-24 09:57:00,PE,ATM-4,20.617088,7095675,24950.0,25166.8,2.45,2.55,2.4,2.5,333375,1753331220
2025-07-24 09:58:00,PE,ATM-4,20.838784,7095675,24950.0,25171.55,2.55,2.55,2.4,2.4,442200,1753331280
2025-07-24 09:59:00,PE,ATM-4,18.942229,14713725,25000.0,25175.75,3.8,3.85,3.6,3.6,868800,1753331340
2025-07-24 10:00:00,PE,ATM-4,20.894951,7065975,24950.0,25170.35,2.45,2.5,2.4,2.45,366975,1753331400
2025-07-24 10:01:00,PE,ATM-4,21.101485,7065975,24950.0,25173.8,2.45,2.45,2.3,2.4,347625,1753331460
2025-07-24 10:02:00,PE,ATM-4,20.734756,7065975,24950.0,25167.4,2.35,2.45,2.3,2.45,311850,1753331520
2025-07-24 10:03:00,PE,ATM-4,20.447794,7009725,24950.0,25164.3,2.4,2.5,2.35,2.4,436950,1753331580
2025-07-24 10:04:00,PE,ATM-4,20.392421,7009725,24950.0,25166.55,2.35,2.4,2.25,2.25,335325,1753331640
2025-07-24 10:05:00,PE,ATM-4,20.600025,7009725,24950.0,25168.9,2.3,2.35,2.2,2.25,306525,1753331700
2025-07-24 10:06:00,PE,ATM-4,20.700043,7067475,24950.0,25168.65,2.25,2.3,2.15,2.3,378600,1753331760
2025-07-24 10:07:00,PE,ATM-4,20.194974,7067475,24950.0,25162.7,2.25,2.3,2.2,2.25,390900,1753331820
2025-07-24 10:08:00,PE,ATM-4,20.062945,7067475,24950.0,25160.55,2.25,2.3,2.2,2.25,331350,1753331880
2025-07-24 10:09:00,PE,ATM-4,20.006387,7030950,24950.0,25159.4,2.3,2.3,2.1,2.25,482175,1753331940
2025-07-24 10:10:00,PE,ATM-4,19.870418,7030950,24950.0,25161.9,2.25,2.25,2.05,2.05,376050,1753332000
2025-07-24 10:11:00,PE,ATM-4,19.881598,7030950,24950.0,25159.25,2.15,2.2,2.05,2.15,480900,1753332060
2025-07-24 10:12:00,PE,ATM-4,19.728308,7026075,24950.0,25158.0,2.1,2.2,2.1,2.1,305250,1753332120
2025-07-24 10:13:00,PE,ATM-4,19.833377,7026075,24950.0,25156.65,2.1,2.2,2.1,2.2,319425,1753332180
2025-07-24 10:14:00,PE,ATM-4,20.00209,7026075,24950.0,25158.45,2.2,2.25,2.15,2.2,410250,1753332240
2025-07-24 10:15:00,PE,ATM-4,19.893238,6969975,24950.0,25158.95,2.15,2.2,2.05,2.1,403350,1753332300
2025-07-24 10:16:00,PE,ATM-4,19.578563,6969975,24950.0,25155.6,2.1,2.1,1.95,2.05,659400,1753332360
2025-07-24 10:17:00,PE,ATM-4,19.930933,6969975,24950.0,25162.3,2.05,2.1,1.9,1.95,674250,1753332420
2025-07-24 10:18:00,PE,ATM-4,20.188854,7094400,24950.0,25165.3,2.0,2.0,1.9,1.95,383625,1753332480
2025-07-24 10:19:00,PE,ATM-4,20.52145,7094400,24950.0,25166.75,1.95,2.1,1.95,2.05,449925,1753332540
2025-07-24 10:20:00,PE,ATM-4,20.770714,7094400,24950.0,25169.6,2.05,2.1,2.05,2.05,130800,1753332600
2025-07-24 10:21:00,PE,ATM-4,20.616186,7164900,24950.0,25164.7,2.05,2.15,2.05,2.15,172050,1753332660
2025-07-24 10:22:00,PE,ATM-4,20.330636,7164900,24950.0,25164.2,2.15,2.15,2.0,2.0,195525,1753332720
2025-07-24 10:23:00,PE,ATM-4,20.756371,7164900,24950.0,25168.1,2.05,2.1,2.0,2.05,290700,1753332780
2025-07-24 10:24:00,PE,ATM-4,20.766945,7244700,24950.0,25167.8,2.05,2.05,2.0,2.05,226500,1753332840
2025-07-24 10:25:00,PE,ATM-4,20.432219,7244700,24950.0,25163.0,2.0,2.1,2.0,2.05,401175,1753332900
2025-07-24 10:26:00,PE,ATM-4,21.152355,7244700,24950.0,25170.7,2.05,2.15,2.0,2.1,368625,1753332960
2025-07-24 10:27:00,PE,ATM-4,21.116356,7339800,24950.0,25172.3,2.05,2.05,1.95,2.0,379800,1753333020
2025-07-24 10:28:00,PE,ATM-4,21.181465,7339800,24950.0,25174.0,2.0,2.0,1.9,1.95,230400,1753333080
2025-07-24 10:29:00,PE,ATM-4,21.158823,7339800,24950.0,25171.95,2.0,2.0,1.9,2.0,332850,1753333140
2025-07-24 10:30:00,PE,ATM-4,20.632502,7069500,24950.0,25168.55,2.0,2.0,1.85,1.85,662550,1753333200
2025-07-24 10:31:00,PE,ATM-4,18.589485,13839750,25000.0,25177.2,2.8,2.8,2.55,2.55,653250,1753333260
2025-07-24 10:32:00,PE,ATM-4,18.637822,13839750,25000.0,25178.35,2.6,2.6,2.45,2.5,1071750,1753333320
2025-07-24 10:33:00,PE,ATM-4,18.717574,13772625,25000.0,25179.9,2.45,2.45,2.35,2.45,584700,1753333380
2025-07-24 10:34:00,PE,ATM-4,18.773298,13772625,25000.0,25180.2,2.45,2.45,2.4,2.45,598500,1753333440
2025-07-24 10:35:00,PE,ATM-4,18.710492,13772625,25000.0,25179.05,2.4,2.5,2.4,2.45,197325,1753333500
2025-07-24 10:36:00,PE,ATM-4,18.88609,13743150,25000.0,25179.85,2.45,2.55,2.45,2.5,391425,1753333560
2025-07-24 10:37:00,PE,ATM-4,18.827197,13743150,25000.0,25178.75,2.5,2.55,2.45,2.5,305100,1753333620
2025-07-24 10:38:00,PE,ATM-4,21.218266,7165275,24950.0,25171.2,1.75,1.9,1.75,1.9,219600,1753333680
2025-07-24 10:39:00,PE,ATM-4,21.014502,7181475,24950.0,25170.8,1.85,1.9,1.8,1.8,283125,1753333740
2025-07-24 10:40:00,PE,ATM-4,21.081173,7181475,24950.0,25171.2,1.85,1.85,1.8,1.8,64275,1753333800
2025-07-24 10:41:00,PE,ATM-4,20.683704,7181475,24950.0,25162.95,1.85,1.9,1.8,1.9,211050,1753333860
2025-07-24 10:42:00,PE,ATM-4,20.765414,7141350,24950.0,25164.85,1.9,1.9,1.8,1.85,200175,1753333920
2025-07-24 10:43:00,PE,ATM-4,20.65675,7141350,24950.0,25165.7,1.85,1.85,1.75,1.75,365925,1753333980
2025-07-24 10:44:00,PE,ATM-4,20.952196,7141350,24950.0,25169.05,1.75,1.8,1.7,1.75,156750,1753334040
2025-07-24 10:45:00,PE,ATM-4,21.125424,7201725,24950.0,25173.7,1.7,1.75,1.65,1.65,187875,1753334100
2025-07-24 10:46:00,PE,ATM-4,20.715296,7201725,24950.0,25167.9,1.65,1.7,1.65,1.65,221850,1753334160
2025-07-24 10:47:00,PE,ATM-4,21.098992,7201725,24950.0,25172.4,1.7,1.7,1.6,1.65,296625,1753334220
2025-07-24 10:48:00,PE,ATM-4,21.062616,7208625,24950.0,25170.0,1.65,1.7,1.65,1.7,174300,1753334280
2025-07-24 10:49:00,PE,ATM-4,21.041323,7208625,24950.0,25169.25,1.75,1.8,1.7,1.7,282150,1753334340
2025-07-24 10:50:00,PE,ATM-4,21.012191,7208625,24950.0,25168.4,1.75,1.75,1.7,1.7,379800,1753334400
2025-07-24 10:51:00,PE,ATM-4,21.357782,7135950,24950.0,25172.35,1.7,1.75,1.7,1.7,39675,1753334460
2025-07-24 10:52:00,PE,ATM-4,21.266845,7135950,24950.0,25170.7,1.7,1.75,1.7,1.7,218175,1753334520
2025-07-24 10:53:00,PE,ATM-4,21.514482,7135950,24950.0,25171.95,1.7,1.75,1.7,1.75,98400,1753334580
2025-07-24 10:54:00,PE,ATM-4,21.550779,7100325,24950.0,25173.35,1.75,1.75,1.7,1.7,230700,1753334640
2025-07-24 10:55:00,PE,ATM-4,21.394493,7100325,24950.0,25165.4,1.7,1.9,1.7,1.9,185325,1753334700
2025-07-24 10:56:00,PE,ATM-4,21.193134,7100325,24950.0,25165.05,1.85,1.85,1.75,1.8,308700,1753334760
2025-07-24 10:57:00,PE,ATM-4,21.329275,7137150,24950.0,25167.65,1.75,1.85,1.75,1.75,221625,1753334820
2025-07-24 10:58:00,PE,ATM-4,21.218183,7137150,24950.0,25164.4,1.8,1.8,1.75,1.8,171900,1753334880
2025-07-24 10:59:00,PE,ATM-4,21.347328,7137150,24950.0,25166.9,1.75,1.8,1.75,1.75,374625,1753334940
2025-07-24 11:00:00,PE,ATM-4,21.085771,7090575,24950.0,25165.95,1.75,1.8,1.6,1.65,449850,1753335000
2025-07-24 11:01:00,PE,ATM-4,21.05305,7090575,24950.0,25165.05,1.65,1.7,1.6,1.65,273150,1753335060
2025-07-24 11:02:00,PE,ATM-4,21.036169,7090575,24950.0,25164.35,1.65,1.7,1.6,1.65,216150,1753335120
2025-07-24 11:03:00,PE,ATM-4,21.042674,7082400,24950.0,25161.15,1.7,1.75,1.65,1.75,100425,1753335180
2025-07-24 11:04:00,PE,ATM-4,20.403849,7082400,24950.0,25158.35,1.75,1.75,1.55,1.55,521625,1753335240
2025-07-24 11:05:00,PE,ATM-4,20.902057,7082400,24950.0,25162.65,1.6,1.65,1.55,1.6,330000,1753335300
2025-07-24 11:06:00,PE,ATM-4,21.001224,7230975,24950.0,25163.4,1.6,1.65,1.55,1.6,179175,1753335360
2025-07-24 11:07:00,PE,ATM-4,20.757985,7230975,24950.0,25158.45,1.6,1.7,1.6,1.65,327825,1753335420
2025-07-24 11:08:00,PE,ATM-4,20.931839,7230975,24950.0,25161.55,1.65,1.7,1.6,1.6,163800,1753335480
2025-07-24 11:09:00,PE,ATM-4,20.896676,7246200,24950.0,25157.8,1.6,1.7,1.6,1.7,119025,1753335540
2025-07-24 11:10:00,PE,ATM-4,20.793682,7246200,24950.0,25156.05,1.65,1.75,1.65,1.7,485700,1753335600
2025-07-24 11:11:00,PE,ATM-4,20.804723,7246200,24950.0,25158.5,1.65,1.75,1.6,1.6,246525,1753335660
2025-07-24 11:12:00,PE,ATM-4,20.676531,7244025,24950.0,25153.65,1.6,1.7,1.6,1.7,420675,1753335720
2025-07-24 11:13:00,PE,ATM-4,20.562316,7244025,24950.0,25150.45,1.65,1.8,1.65,1.75,621975,1753335780
2025-07-24 11:14:00,PE,ATM-4,20.436159,7244025,24950.0,25148.45,1.75,1.8,1.65,1.75,785925,1753335840
2025-07-24 11:15:00,PE,ATM-4,20.699944,7041525,24950.0,25144.95,1.75,2.0,1.75,2.0,1153050,1753335900
2025-07-24 11:16:00,PE,ATM-4,20.757657,7041525,24950.0,25147.55,1.9,1.95,1.85,1.9,592125,1753335960
2025-07-24 11:17:00,PE,ATM-4,20.597472,7041525,24950.0,25142.8,1.9,2.05,1.8,2.0,629775,1753336020
2025-07-24 11:18:00,PE,ATM-4,20.642164,7277925,24950.0,25142.85,2.0,2.1,1.9,2.0,812325,1753336080
2025-07-24 11:19:00,PE,ATM-4,20.639992,7277925,24950.0,25142.35,2.05,2.05,1.95,2.0,554325,1753336140
2025-07-24 11:20:00,PE,ATM-4,20.330248,7277925,24950.0,25132.85,2.05,2.25,1.95,2.25,976425,1753336200
2025-07-24 11:21:00,PE,ATM-4,20.17341,7238025,24950.0,25129.6,2.2,2.5,2.2,2.3,2076600,1753336260
2025-07-24 11:22:00,PE,ATM-4,22.996172,8486775,24900.0,25123.25,1.6,1.85,1.6,1.8,1160850,1753336320
2025-07-24 11:23:00,PE,ATM-4,23.800406,8486775,24900.0,25107.05,1.95,3.75,1.9,2.9,5102100,1753336380
2025-07-24 11:24:00,PE,ATM-4,24.038831,8340600,24900.0,25114.1,3.0,3.0,2.4,2.65,2985000,1753336440
2025-07-24 11:25:00,PE,ATM-4,23.374018,8340600,24900.0,25106.1,2.6,2.75,2.45,2.65,2063100,1753336500
2025-07-24 11:26:00,PE,ATM-4,23.311491,8340600,24900.0,25106.9,2.75,2.9,2.45,2.55,1966125,1753336560
2025-07-24 11:27:00,PE,ATM-4,23.159702,8451375,24900.0,25106.75,2.65,2.9,2.45,2.45,1684575,1753336620
2025-07-24 11:28:00,PE,ATM-4,23.408444,8451375,24900.0,25114.6,2.45,2.45,2.0,2.2,2056800,1753336680
2025-07-24 11:29:00,PE,ATM-4,23.38718,8451375,24900.0,25112.65,2.25,2.3,2.15,2.25,1193925,1753336740
2025-07-24 11:30:00,PE,ATM-4,22.970392,9012675,24900.0,25110.85,2.2,2.25,2.05,2.1,1664550,1753336800
2025-07-24 11:31:00,PE,ATM-4,23.24407,9012675,24900.0,25115.9,2.1,2.15,1.9,2.0,1125225,1753336860
2025-07-24 11:32:00,PE,ATM-4,23.060706,9012675,24900.0,25108.45,2.1,2.4,2.1,2.2,1084425,1753336920
2025-07-24 11:33:00,PE,ATM-4,23.229237,8909325,24900.0,25107.55,2.2,2.35,2.2,2.3,852900,1753336980
2025-07-24 11:34:00,PE,ATM-4,23.312503,8909325,24900.0,25098.7,2.35,2.75,2.3,2.75,1202100,1753337040
2025-07-24 11:35:00,PE,ATM-4,23.158361,8909325,24900.0,25100.4,2.7,2.75,2.4,2.55,1729275,1753337100
2025-07-24 11:36:00,PE,ATM-4,22.809139,8909325,24900.0,25096.05,2.55,2.75,2.5,2.55,1199025,1753337160
2025-07-24 11:37:00,PE,ATM-4,22.931349,8783400,24900.0,25093.0,2.65,2.95,2.65,2.75,1810350,1753337220
2025-07-24 11:38:00,PE,ATM-4,23.286425,8783400,24900.0,25095.35,2.75,2.9,2.6,2.8,1159125,1753337280
2025-07-24 11:39:00,PE,ATM-4,23.61436,8783400,24900.0,25102.2,2.85,2.85,2.6,2.6,504825,1753337340
2025-07-24 11:40:00,PE,ATM-4,23.155866,9213825,24900.0,25102.9,2.65,2.7,2.3,2.3,1126350,1753337400
2025-07-24 11:41:00,PE,ATM-4,23.342386,9213825,24900.0,25101.2,2.35,2.45,2.25,2.45,678600,1753337460
2025-07-24 11:42:00,PE,ATM-4,23.255656,9213825,24900.0,25100.75,2.4,2.45,2.3,2.4,717525,1753337520
2025-07-24 11:43:00,PE,ATM-4,22.627294,9039825,24900.0,25096.55,2.4,2.4,2.15,2.25,1572375,1753337580
2025-07-24 11:44:00,PE,ATM-4,22.905832,9039825,24900.0,25099.05,2.25,2.45,2.2,2.25,940575,1753337640
2025-07-24 11:45:00,PE,ATM-4,22.973085,9039825,24900.0,25098.15,2.2,2.4,2.2,2.3,641850,1753337700
2025-07-24 11:46:00,PE,ATM-4,23.01336,9038100,24900.0,25101.35,2.3,2.4,2.15,2.15,757500,1753337760
2025-07-24 11:47:00,PE,ATM-4,23.242575,9038100,24900.0,25103.3,2.1,2.25,1.95,2.15,1045125,1753337820
2025-07-24 11:48:00,PE,ATM-4,23.718993,9038100,24900.0,25111.55,2.1,2.15,2.0,2.0,598350,1753337880
2025-07-24 11:49:00,PE,ATM-4,23.660685,8942175,24900.0,25107.9,2.0,2.15,1.9,2.1,723825,1753337940
2025-07-24 11:50:00,PE,ATM-4,23.362427,8942175,24900.0,25102.9,2.1,2.2,2.1,2.15,687525,1753338000
2025-07-24 11:51:00,PE,ATM-4,23.386703,8942175,24900.0,25100.35,2.15,2.3,2.15,2.25,550800,1753338060
2025-07-24 11:52:00,PE,ATM-4,23.665221,8911350,24900.0,25100.6,2.3,2.35,2.15,2.35,794400,1753338120
2025-07-24 11:53:00,PE,ATM-4,23.20623,8911350,24900.0,25096.2,2.35,2.45,2.15,2.3,842775,1753338180
2025-07-24 11:54:00,PE,ATM-4,23.416933,8911350,24900.0,25092.75,2.35,2.55,2.35,2.55,742275,1753338240
2025-07-24 11:55:00,PE,ATM-4,23.912074,8835525,24900.0,25093.5,2.65,2.75,2.4,2.75,1243125,1753338300
2025-07-24 11:56:00,PE,ATM-4,23.847165,8835525,24900.0,25085.25,3.1,3.25,2.9,3.15,3655500,1753338360
2025-07-24 11:57:00,PE,ATM-4,24.828544,8835525,24900.0,25077.4,3.0,4.3,3.0,4.3,3669900,1753338420
2025-07-24 11:58:00,PE,ATM-4,25.86105,4296975,24850.0,25073.35,2.6,3.0,2.2,2.2,2749425,1753338480
2025-07-24 11:59:00,PE,ATM-4,25.935082,4296975,24850.0,25072.3,2.15,2.4,2.15,2.25,1235625,1753338540
2025-07-24 12:00:00,PE,ATM-4,25.753641,4296975,24850.0,25068.55,2.35,2.45,2.25,2.3,938850,1753338600
2025-07-24 12:01:00,PE,ATM-4,25.7672,3971325,24850.0,25060.5,2.35,2.65,2.2,2.65,1319100,1753338660
2025-07-24 12:02:00,PE,ATM-4,25.784965,3971325,24850.0,25060.05,2.65,2.65,2.45,2.65,1350975,1753338720
2025-07-24 12:03:00,PE,ATM-4,25.638609,3971325,24850.0,25052.15,2.55,2.95,2.55,2.95,1309875,1753338780
2025-07-24 12:04:00,PE,ATM-4,27.353737,4247100,24850.0,25037.55,3.3,5.0,3.25,5.0,4352850,1753338840
2025-07-24 12:05:00,PE,ATM-4,29.948328,8182350,24800.0,25021.05,2.9,4.35,2.65,4.25,4337475,1753338900
2025-07-24 12:06:00,PE,ATM-4,27.836656,4247100,24850.0,25027.1,7.3,7.65,6.1,6.2,4488150,1753338960
2025-07-24 12:07:00,PE,ATM-4,27.268679,5180400,24850.0,25041.35,6.35,6.4,4.1,4.5,3829125,1753339020
2025-07-24 12:08:00,PE,ATM-4,27.332998,5180400,24850.0,25038.7,4.55,4.9,4.25,4.7,2136000,1753339080
2025-07-24 12:09:00,PE,ATM-4,27.367657,5180400,24850.0,25038.4,4.6,4.85,3.95,4.7,1793100,1753339140
2025-07-24 12:10:00,PE,ATM-4,27.087665,5841300,24850.0,25030.9,4.6,5.1,4.3,5.05,1682775,1753339200
2025-07-24 12:11:00,PE,ATM-4,26.947662,5841300,24850.0,25028.45,4.95,5.3,4.85,5.1,2093625,1753339260
2025-07-24 12:12:00,PE,ATM-4,27.21084,5841300,24850.0,25037.05,5.2,5.2,4.05,4.55,2004000,1753339320
2025-07-24 12:13:00,PE,ATM-4,27.584166,6199575,24850.0,25047.5,4.4,4.4,3.9,4.0,1732125,1753339380
2025-07-24 12:14:00,PE,ATM-4,27.541287,6199575,24850.0,25049.45,4.0,4.15,3.75,3.8,1196400,1753339440
2025-07-24 12:15:00,PE,ATM-4,26.395537,6199575,24850.0,25051.1,3.75,3.75,2.95,3.0,2144175,1753339500
2025-07-24 12:16:00,PE,ATM-4,26.88177,6274350,24850.0,25056.1,2.95,2.95,2.65,2.95,1713075,1753339560
2025-07-24 12:17:00,PE,ATM-4,27.023923,6274350,24850.0,25061.65,2.85,3.15,2.65,2.7,1111200,1753339620
2025-07-24 12:18:00,PE,ATM-4,27.147567,6274350,24850.0,25060.2,2.65,2.85,2.55,2.8,1185900,1753339680
2025-07-24 12:19:00,PE,ATM-4,27.08321,6066675,24850.0,25068.3,2.9,2.9,2.35,2.35,1355550,1753339740
2025-07-24 12:20:00,PE,ATM-4,26.933221,6066675,24850.0,25062.8,2.25,2.6,2.25,2.5,1139625,1753339800
2025-07-24 12:21:00,PE,ATM-4,26.714199,6066675,24850.0,25055.85,2.45,2.8,2.4,2.7,1471350,1753339860
2025-07-24 12:22:00,PE,ATM-4,27.261903,6066375,24850.0,25070.25,2.8,2.8,2.25,2.25,1245450,1753339920
2025-07-24 12:23:00,PE,ATM-4,27.200661,6066375,24850.0,25065.5,2.25,2.45,2.1,2.4,1082025,1753339980
2025-07-24 12:24:00,PE,ATM-4,27.120808,6066375,24850.0,25062.9,2.45,2.45,2.2,2.45,695325,1753340040
2025-07-24 12:25:00,PE,ATM-4,27.367341,5992950,24850.0,25071.5,2.45,2.45,2.05,2.15,992925,1753340100
2025-07-24 12:26:00,PE,ATM-4,27.017933,5992950,24850.0,25064.9,2.15,2.35,2.1,2.25,610350,1753340160
2025-07-24 12:27:00,PE,ATM-4,27.208782,5992950,24850.0,25073.45,2.2,2.3,1.9,1.95,929775,1753340220
2025-07-24 12:28:00,PE,ATM-4,26.956052,5817225,24850.0,25071.45,1.95,2.1,1.85,1.9,961125,1753340280
2025-07-24 12:29:00,PE,ATM-4,24.017873,13268100,24900.0,25078.05,2.95,3.2,2.55,2.55,3131400,1753340340
2025-07-24 12:30:00,PE,ATM-4,23.799497,13268100,24900.0,25078.2,2.6,2.7,2.4,2.4,4193025,1753340400
2025-07-24 12:31:00,PE,ATM-4,24.186588,11683500,24900.0,25081.25,2.35,2.8,2.35,2.4,1966200,1753340460
2025-07-24 12:32:00,PE,ATM-4,24.545122,11683500,24900.0,25090.3,2.4,2.45,2.1,2.1,2427900,1753340520
2025-07-24 12:33:00,PE,ATM-4,24.318431,11683500,24900.0,25086.35,2.1,2.15,1.95,2.15,2493900,1753340580
2025-07-24 12:34:00,PE,ATM-4,24.448661,11176950,24900.0,25081.8,2.05,2.5,2.05,2.4,1762800,1753340640
2025-07-24 12:35:00,PE,ATM-4,24.804468,11176950,24900.0,25079.75,2.35,2.65,2.3,2.65,1650150,1753340700
2025-07-24 12:36:00,PE,ATM-4,27.33007,5554350,24850.0,25070.45,1.7,1.9,1.7,1.85,1014300,1753340760
2025-07-24 12:37:00,PE,ATM-4,27.65021,5648025,24850.0,25070.2,1.95,2.0,1.75,1.95,1158750,1753340820
2025-07-24 12:38:00,PE,ATM-4,24.52142,11814450,24900.0,25076.1,3.05,3.1,2.6,2.6,1414125,1753340880
2025-07-24 12:39:00,PE,ATM-4,24.565164,11814450,24900.0,25075.85,2.55,2.65,2.45,2.6,1310700,1753340940
2025-07-24 12:40:00,PE,ATM-4,27.648489,5819700,24850.0,25074.65,1.65,1.75,1.65,1.7,317325,1753341000
2025-07-24 12:41:00,PE,ATM-4,27.759825,5819700,24850.0,25074.95,1.7,1.75,1.65,1.7,229725,1753341060
2025-07-24 12:42:00,PE,ATM-4,27.988428,5819700,24850.0,25070.85,1.8,1.9,1.75,1.9,744900,1753341120
2025-07-24 12:43:00,PE,ATM-4,24.993272,11827350,24900.0,25075.3,3.05,3.05,2.65,2.7,878325,1753341180
2025-07-24 12:44:00,PE,ATM-4,25.467859,11827350,24900.0,25078.0,2.75,2.85,2.6,2.75,1187625,1753341240
2025-07-24 12:45:00,PE,ATM-4,25.71899,11827350,24900.0,25085.15,2.7,2.75,2.4,2.45,1461975,1753341300
2025-07-24 12:46:00,PE,ATM-4,25.902464,11919375,24900.0,25081.4,2.45,2.75,2.45,2.7,964875,1753341360
2025-07-24 12:47:00,PE,ATM-4,28.658184,5963175,24850.0,25071.9,1.8,1.95,1.75,1.95,656100,1753341420
2025-07-24 12:48:00,PE,ATM-4,25.998341,11919375,24900.0,25078.2,3.1,3.25,2.8,2.85,1533150,1753341480
2025-07-24 12:49:00,PE,ATM-4,26.259785,12082575,24900.0,25077.25,2.85,3.0,2.85,3.0,689325,1753341540
2025-07-24 12:50:00,PE,ATM-4,26.236913,12082575,24900.0,25079.75,3.0,3.3,2.8,2.8,1284600,1753341600
2025-07-24 12:51:00,PE,ATM-4,26.941073,12082575,24900.0,25080.9,2.8,3.05,2.8,3.05,860625,1753341660
2025-07-24 12:52:00,PE,ATM-4,26.409661,12075975,24900.0,25077.25,3.05,3.15,2.9,2.95,623925,1753341720
2025-07-24 12:53:00,PE,ATM-4,26.351273,12075975,24900.0,25075.2,3.0,3.05,2.9,3.0,595725,1753341780
2025-07-24 12:54:00,PE,ATM-4,28.991007,5997600,24850.0,25070.4,1.9,2.1,1.9,1.9,1068675,1753341840
2025-07-24 12:55:00,PE,ATM-4,28.941757,5995500,24850.0,25070.4,1.9,1.95,1.8,1.85,1233825,1753341900
2025-07-24 12:56:00,PE,ATM-4,29.227547,5995500,24850.0,25064.6,1.85,2.15,1.8,2.15,1672425,1753341960
2025-07-24 12:57:00,PE,ATM-4,29.014834,5995500,24850.0,25064.2,2.1,2.15,1.95,2.05,1075875,1753342020
2025-07-24 12:58:00,PE,ATM-4,29.073036,6127650,24850.0,25060.3,2.1,2.2,2.0,2.2,951075,1753342080
2025-07-24 12:59:00,PE,ATM-4,28.133668,6127650,24850.0,25040.8,2.3,2.7,2.25,2.7,3064575,1753342140
2025-07-24 13:00:00,PE,ATM-4,27.05119,6127650,24850.0,25042.75,2.6,2.95,2.1,2.1,3702300,1753342200
2025-07-24 13:01:00,PE,ATM-4,27.599104,6424650,24850.0,25050.35,2.05,2.15,1.9,1.95,2028825,1753342260
2025-07-24 13:02:00,PE,ATM-4,27.820338,6424650,24850.0,25054.0,1.9,1.9,1.7,1.85,1463475,1753342320
2025-07-24 13:03:00,PE,ATM-4,27.689975,6424650,24850.0,25053.25,1.8,1.95,1.75,1.8,824325,1753342380
2025-07-24 13:04:00,PE,ATM-4,27.954625,6469125,24850.0,25052.25,1.85,2.0,1.8,1.9,714975,1753342440
2025-07-24 13:05:00,PE,ATM-4,27.667442,6469125,24850.0,25055.35,1.9,1.9,1.65,1.65,677325,1753342500
2025-07-24 13:06:00,PE,ATM-4,28.130156,6469125,24850.0,25058.7,1.6,1.7,1.5,1.65,1053600,1753342560
2025-07-24 13:07:00,PE,ATM-4,28.167255,6564675,24850.0,25054.1,1.65,1.9,1.65,1.8,736425,1753342620
2025-07-24 13:08:00,PE,ATM-4,28.30288,6564675,24850.0,25057.1,1.8,1.8,1.65,1.7,585300,1753342680
2025-07-24 13:09:00,PE,ATM-4,28.531075,6564675,24850.0,25056.9,1.75,1.95,1.7,1.75,1464600,1753342740
2025-07-24 13:10:00,PE,ATM-4,28.570605,6586575,24850.0,25056.35,1.8,1.95,1.75,1.75,459750,1753342800
2025-07-24 13:11:00,PE,ATM-4,28.679287,6586575,24850.0,25053.8,1.75,1.85,1.65,1.85,614400,1753342860
2025-07-24 13:12:00,PE,ATM-4,28.600694,6586575,24850.0,25054.8,1.9,1.9,1.75,1.75,573600,1753342920
2025-07-24 13:13:00,PE,ATM-4,28.760772,6629850,24850.0,25059.45,1.75,1.8,1.6,1.6,900075,1753342980
2025-07-24 13:14:00,PE,ATM-4,29.113276,6629850,24850.0,25066.2,1.55,1.55,1.4,1.45,1259100,1753343040
2025-07-24 13:15:00,PE,ATM-4,29.137295,6629850,24850.0,25065.45,1.4,1.45,1.4,1.45,482625,1753343100
2025-07-24 13:16:00,PE,ATM-4,28.708313,6436725,24850.0,25059.1,1.45,1.65,1.45,1.5,817200,1753343160
2025-07-24 13:17:00,PE,ATM-4,28.576958,6436725,24850.0,25058.5,1.5,1.6,1.45,1.45,746100,1753343220
2025-07-24 13:18:00,PE,ATM-4,28.548478,6436725,24850.0,25058.85,1.5,1.5,1.4,1.4,443925,1753343280
2025-07-24 13:19:00,PE,ATM-4,28.934362,6457200,24850.0,25059.75,1.4,1.5,1.35,1.45,329550,1753343340
2025-07-24 13:20:00,PE,ATM-4,28.698926,6457200,24850.0,25056.7,1.45,1.5,1.4,1.45,835950,1753343400
2025-07-24 13:21:00,PE,ATM-4,28.358733,6457200,24850.0,25057.5,1.5,1.55,1.3,1.3,821400,1753343460
2025-07-24 13:22:00,PE,ATM-4,28.510479,6518025,24850.0,25054.65,1.3,1.4,1.3,1.4,550125,1753343520
2025-07-24 13:23:00,PE,ATM-4,28.4073,6518025,24850.0,25054.35,1.4,1.4,1.3,1.35,321750,1753343580
2025-07-24 13:24:00,PE,ATM-4,28.662295,6518025,24850.0,25055.6,1.3,1.4,1.3,1.35,202500,1753343640
2025-07-24 13:25:00,PE,ATM-4,28.569333,6510450,24850.0,25053.8,1.35,1.4,1.25,1.35,814875,1753343700
2025-07-24 13:26:00,PE,ATM-4,28.526323,6510450,24850.0,25057.45,1.3,1.35,1.15,1.2,1486800,1753343760
2025-07-24 13:27:00,PE,ATM-4,28.931859,6510450,24850.0,25060.0,1.2,1.25,1.15,1.2,607350,1753343820
2025-07-24 13:28:00,PE,ATM-4,28.878118,6460725,24850.0,25060.3,1.2,1.25,1.15,1.15,532725,1753343880
2025-07-24 13:29:00,PE,ATM-4,29.237544,6460725,24850.0,25058.85,1.2,1.25,1.15,1.25,461475,1753343940
2025-07-24 13:30:00,PE,ATM-4,29.637236,6460725,24850.0,25064.85,1.25,1.25,1.1,1.15,528225,1753344000
2025-07-24 13:31:00,PE,ATM-4,29.105097,6471525,24850.0,25057.35,1.15,1.25,1.1,1.2,1209675,1753344060
2025-07-24 13:32:00,PE,ATM-4,29.431116,6471525,24850.0,25059.1,1.25,1.3,1.2,1.2,521175,1753344120
2025-07-24 13:33:00,PE,ATM-4,30.035692,6471525,24850.0,25061.45,1.25,1.3,1.2,1.25,185550,1753344180
2025-07-24 13:34:00,PE,ATM-4,29.957902,6553650,24850.0,25061.45,1.3,1.35,1.2,1.2,295875,1753344240
2025-07-24 13:35:00,PE,ATM-4,29.644638,6553650,24850.0,25061.35,1.25,1.25,1.1,1.1,906075,1753344300
2025-07-24 13:36:00,PE,ATM-4,29.579734,6553650,24850.0,25056.05,1.15,1.25,1.1,1.2,757800,1753344360
2025-07-24 13:37:00,PE,ATM-4,29.84157,6620325,24850.0,25058.95,1.25,1.3,1.15,1.15,995325,1753344420
2025-07-24 13:38:00,PE,ATM-4,29.260423,6620325,24850.0,25052.95,1.2,1.2,1.1,1.15,665925,1753344480
2025-07-24 13:39:00,PE,ATM-4,29.756031,6620325,24850.0,25056.0,1.2,1.2,1.1,1.15,514500,1753344540
2025-07-24 13:40:00,PE,ATM-4,30.670338,6670650,24850.0,25058.95,1.05,1.3,1.05,1.25,2148000,1753344600
2025-07-24 13:41:00,PE,ATM-4,30.873943,6670650,24850.0,25066.9,1.2,1.2,1.05,1.05,687150,1753344660
2025-07-24 13:42:00,PE,ATM-4,31.215881,6670650,24850.0,25072.8,1.05,1.1,0.9,0.95,1514025,1753344720
2025-07-24 13:43:00,PE,ATM-4,27.773749,12742725,24900.0,25079.55,1.25,1.35,1.2,1.35,2927775,1753344780
2025-07-24 13:44:00,PE,ATM-4,27.586642,12742725,24900.0,25077.05,1.35,1.45,1.3,1.35,1646100,1753344840
2025-07-24 13:45:00,PE,ATM-4,27.937389,12742725,24900.0,25077.35,1.4,1.4,1.35,1.4,855225,1753344900
2025-07-24 13:46:00,PE,ATM-4,29.149108,12526725,24900.0,25088.75,1.35,1.45,1.3,1.3,826350,1753344960
2025-07-24 13:47:00,PE,ATM-4,28.429512,12526725,24900.0,25082.0,1.3,1.4,1.25,1.3,2352375,1753345020
2025-07-24 13:48:00,PE,ATM-4,29.257364,12526725,24900.0,25088.95,1.3,1.35,1.25,1.25,1058250,1753345080
2025-07-24 13:49:00,PE,ATM-4,30.312068,12106275,24900.0,25099.5,1.25,1.25,1.1,1.15,2372925,1753345140
2025-07-24 13:50:00,PE,ATM-4,29.955226,12106275,24900.0,25099.1,1.2,1.2,1.0,1.05,3142125,1753345200
2025-07-24 13:51:00,PE,ATM-4,29.122601,12106275,24900.0,25093.15,1.05,1.1,0.9,1.0,2994150,1753345260
2025-07-24 13:52:00,PE,ATM-4,29.232466,11610975,24900.0,25092.85,1.05,1.05,0.95,1.0,1362600,1753345320
2025-07-24 13:53:00,PE,ATM-4,29.55912,11610975,24900.0,25094.25,1.0,1.0,0.95,1.0,938325,1753345380
2025-07-24 13:54:00,PE,ATM-4,29.268998,11610975,24900.0,25092.7,0.95,1.0,0.95,0.95,787500,1753345440
2025-07-24 13:55:00,PE,ATM-4,30.174654,11278575,24900.0,25092.95,0.95,1.1,0.95,1.1,1100400,1753345500
2025-07-24 13:56:00,PE,ATM-4,29.433065,11278575,24900.0,25087.8,1.05,1.1,1.0,1.05,739200,1753345560
2025-07-24 13:57:00,PE,ATM-4,29.191685,11278575,24900.0,25083.0,1.1,1.15,1.05,1.1,1242600,1753345620
2025-07-24 13:58:00,PE,ATM-4,32.240323,6166875,24850.0,25058.4,0.8,1.0,0.8,1.0,1053075,1753345680
2025-07-24 13:59:00,PE,ATM-4,32.883705,6166875,24850.0,25068.6,0.9,0.9,0.7,0.85,1181325,1753345740
2025-07-24 14:00:00,PE,ATM-4,32.815896,6166875,24850.0,25064.35,0.8,0.9,0.8,0.9,384675,1753345800
2025-07-24 14:01:00,PE,ATM-4,33.282204,6218475,24850.0,25073.85,0.9,0.9,0.75,0.75,330975,1753345860
2025-07-24 14:02:00,PE,ATM-4,33.053799,6218475,24850.0,25073.25,0.75,0.8,0.7,0.7,999825,1753345920
2025-07-24 14:03:00,PE,ATM-4,28.697754,11140050,24900.0,25079.3,0.9,0.95,0.85,0.9,1051050,1753345980
2025-07-24 14:04:00,PE,ATM-4,30.917736,11141400,24900.0,25099.1,0.8,0.85,0.75,0.8,2217675,1753346040
2025-07-24 14:05:00,PE,ATM-4,30.138922,11141400,24900.0,25094.1,0.7,0.8,0.7,0.75,2373225,1753346100
2025-07-24 14:06:00,PE,ATM-4,29.993136,11141400,24900.0,25089.35,0.8,0.8,0.7,0.8,1129650,1753346160
2025-07-24 14:07:00,PE,ATM-4,29.532447,10619175,24900.0,25086.8,0.8,0.8,0.75,0.75,428325,1753346220
2025-07-24 14:08:00,PE,ATM-4,31.220713,10619175,24900.0,25098.15,0.75,0.8,0.75,0.75,676275,1753346280
2025-07-24 14:09:00,PE,ATM-4,30.884935,10619175,24900.0,25094.2,0.8,0.8,0.7,0.75,739050,1753346340
2025-07-24 14:10:00,PE,ATM-4,30.630378,10465575,24900.0,25093.3,0.75,0.75,0.7,0.7,1025175,1753346400
2025-07-24 14:11:00,PE,ATM-4,30.83185,10465575,24900.0,25090.95,0.75,0.8,0.7,0.75,625050,1753346460
2025-07-24 14:12:00,PE,ATM-4,31.458391,10465575,24900.0,25091.8,0.75,0.8,0.75,0.8,622125,1753346520
2025-07-24 14:13:00,PE,ATM-4,31.820363,9706200,24900.0,25092.95,0.8,0.8,0.75,0.8,311625,1753346580
2025-07-24 14:14:00,PE,ATM-4,31.156228,9706200,24900.0,25091.35,0.75,0.8,0.7,0.7,439800,1753346640
2025-07-24 14:15:00,PE,ATM-4,31.431604,9706200,24900.0,25091.85,0.7,0.75,0.65,0.7,988950,1753346700
2025-07-24 14:16:00,PE,ATM-4,31.158927,9957000,24900.0,25093.6,0.65,0.7,0.6,0.6,683175,1753346760
2025-07-24 14:17:00,PE,ATM-4,30.859607,9957000,24900.0,25092.75,0.65,0.65,0.55,0.55,782550,1753346820
2025-07-24 14:18:00,PE,ATM-4,31.182097,9957000,24900.0,25093.55,0.6,0.6,0.55,0.55,579825,1753346880
2025-07-24 14:19:00,PE,ATM-4,31.538124,9873000,24900.0,25094.55,0.55,0.6,0.55,0.55,334500,1753346940
2025-07-24 14:20:00,PE,ATM-4,32.212593,9873000,24900.0,25097.8,0.55,0.6,0.55,0.55,577575,1753347000
2025-07-24 14:21:00,PE,ATM-4,30.563386,9873000,24900.0,25081.6,0.55,0.6,0.55,0.6,351075,1753347060
2025-07-24 14:22:00,PE,ATM-4,31.08708,9929400,24900.0,25081.1,0.55,0.65,0.55,0.65,1697700,1753347120
2025-07-24 14:23:00,PE,ATM-4,31.901354,9929400,24900.0,25087.75,0.6,0.65,0.55,0.6,615000,1753347180
2025-07-24 14:24:00,PE,ATM-4,30.971515,9929400,24900.0,25079.7,0.6,0.65,0.55,0.6,466275,1753347240
2025-07-24 14:25:00,PE,ATM-4,31.994019,9939000,24900.0,25082.45,0.6,0.65,0.6,0.65,169050,1753347300
2025-07-24 14:26:00,PE,ATM-4,31.540625,9939000,24900.0,25077.75,0.65,0.65,0.6,0.65,191100,1753347360
2025-07-24 14:27:00,PE,ATM-4,37.431724,4995150,24850.0,25074.75,0.5,0.5,0.45,0.5,164400,1753347420
2025-07-24 14:28:00,PE,ATM-4,38.177044,4959600,24850.0,25074.35,0.5,0.55,0.45,0.55,383325,1753347480
2025-07-24 14:29:00,PE,ATM-4,32.220454,9515250,24900.0,25077.2,0.65,0.7,0.6,0.65,527700,1753347540
2025-07-24 14:30:00,PE,ATM-4,32.547582,9515250,24900.0,25080.15,0.6,0.65,0.55,0.6,596775,1753347600
2025-07-24 14:31:00,PE,ATM-4,32.767273,9587925,24900.0,25082.55,0.6,0.6,0.55,0.55,267525,1753347660
2025-07-24 14:32:00,PE,ATM-4,32.901798,9587925,24900.0,25081.6,0.6,0.6,0.5,0.55,621300,1753347720
2025-07-24 14:33:00,PE,ATM-4,33.552188,9587925,24900.0,25086.95,0.55,0.55,0.45,0.5,765075,1753347780
2025-07-24 14:34:00,PE,ATM-4,33.303425,9664875,24900.0,25086.65,0.5,0.5,0.45,0.45,667875,1753347840
2025-07-24 14:35:00,PE,ATM-4,34.303159,9664875,24900.0,25087.9,0.45,0.5,0.45,0.5,196125,1753347900
2025-07-24 14:36:00,PE,ATM-4,34.301197,9664875,24900.0,25089.15,0.45,0.45,0.4,0.45,619350,1753347960
2025-07-24 14:37:00,PE,ATM-4,34.273037,9538275,24900.0,25090.5,0.4,0.45,0.4,0.4,310575,1753348020
2025-07-24 14:38:00,PE,ATM-4,35.276504,9538275,24900.0,25087.9,0.4,0.5,0.4,0.5,614325,1753348080
2025-07-24 14:39:00,PE,ATM-4,35.005122,9538275,24900.0,25084.1,0.5,0.55,0.45,0.5,416325,1753348140
2025-07-24 14:40:00,PE,ATM-4,35.038486,9499275,24900.0,25085.4,0.5,0.5,0.45,0.45,167400,1753348200
2025-07-24 14:41:00,PE,ATM-4,34.874907,9499275,24900.0,25079.05,0.45,0.55,0.45,0.5,528450,1753348260
2025-07-24 14:42:00,PE,ATM-4,34.564579,9499275,24900.0,25075.05,0.5,0.6,0.5,0.5,620325,1753348320
2025-07-24 14:43:00,PE,ATM-4,41.911307,4919100,24850.0,25073.95,0.45,0.45,0.4,0.4,335325,1753348380
2025-07-24 14:44:00,PE,ATM-4,41.712733,4919100,24850.0,25074.45,0.4,0.45,0.35,0.35,374400,1753348440
2025-07-24 14:45:00,PE,ATM-4,35.203769,9411075,24900.0,25075.3,0.5,0.5,0.45,0.45,559050,1753348500
2025-07-24 14:46:00,PE,ATM-4,43.383883,4752600,24850.0,25070.3,0.4,0.45,0.35,0.45,331500,1753348560
2025-07-24 14:47:00,PE,ATM-4,44.946036,4752600,24850.0,25072.75,0.45,0.5,0.4,0.5,635250,1753348620
2025-07-24 14:48:00,PE,ATM-4,41.667913,4752600,24850.0,25051.1,0.45,0.5,0.45,0.5,389700,1753348680
2025-07-24 14:49:00,PE,ATM-4,43.066012,4715400,24850.0,25063.55,0.45,0.5,0.4,0.4,436650,1753348740
2025-07-24 14:50:00,PE,ATM-4,43.204093,4715400,24850.0,25061.3,0.4,0.45,0.35,0.4,258075,1753348800
2025-07-24 14:51:00,PE,ATM-4,44.446228,4715400,24850.0,25061.25,0.35,0.45,0.35,0.45,222225,1753348860
2025-07-24 14:52:00,PE,ATM-4,43.555807,4707450,24850.0,25057.05,0.45,0.45,0.4,0.4,165975,1753348920
2025-07-24 14:53:00,PE,ATM-4,44.562025,4707450,24850.0,25055.5,0.4,0.45,0.4,0.45,271425,1753348980
2025-07-24 14:54:00,PE,ATM-4,44.477612,4707450,24850.0,25055.6,0.45,0.45,0.4,0.4,301575,1753349040
2025-07-24 14:55:00,PE,ATM-4,44.549062,4682100,24850.0,25056.85,0.4,0.45,0.35,0.35,228225,1753349100
2025-07-24 14:56:00,PE,ATM-4,44.177031,4682100,24850.0,25051.45,0.4,0.4,0.3,0.35,917550,1753349160
2025-07-24 14:57:00,PE,ATM-4,46.257999,4682100,24850.0,25054.6,0.35,0.4,0.35,0.4,314175,1753349220
2025-07-24 14:58:00,PE,ATM-4,46.30532,4490025,24850.0,25055.4,0.35,0.4,0.35,0.35,125925,1753349280
2025-07-24 14:59:00,PE,ATM-4,44.878982,4490025,24850.0,25049.05,0.4,0.4,0.3,0.3,372150,1753349340
2025-07-24 15:00:00,PE,ATM-4,47.622454,4490025,24850.0,25059.15,0.3,0.4,0.3,0.3,1316100,1753349400
2025-07-24 15:01:00,PE,ATM-4,46.798932,4957425,24850.0,25062.8,0.35,0.35,0.2,0.2,1038750,1753349460
2025-07-24 15:02:00,PE,ATM-4,47.439689,4957425,24850.0,25061.85,0.2,0.25,0.2,0.2,479325,1753349520
2025-07-24 15:03:00,PE,ATM-4,49.488368,4957425,24850.0,25067.75,0.2,0.25,0.2,0.2,374775,1753349580
2025-07-24 15:04:00,PE,ATM-4,50.846929,4888875,24850.0,25069.8,0.2,0.25,0.2,0.2,307725,1753349640
2025-07-24 15:05:00,PE,ATM-4,50.929792,4888875,24850.0,25065.35,0.25,0.25,0.15,0.2,506625,1753349700
2025-07-24 15:06:00,PE,ATM-4,49.986348,4888875,24850.0,25063.85,0.15,0.2,0.15,0.15,174450,1753349760
2025-07-24 15:07:00,PE,ATM-4,51.650714,4791525,24850.0,25066.65,0.15,0.2,0.15,0.15,224325,1753349820
2025-07-24 15:08:00,PE,ATM-4,50.540124,4791525,24850.0,25066.6,0.15,0.2,0.1,0.1,257100,1753349880
2025-07-24 15:09:00,PE,ATM-4,52.047465,4791525,24850.0,25068.1,0.15,0.15,0.1,0.1,197250,1753349940
2025-07-24 15:10:00,PE,ATM-4,53.157556,4678875,24850.0,25067.3,0.15,0.15,0.1,0.1,291300,1753350000
2025-07-24 15:11:00,PE,ATM-4,54.235309,4678875,24850.0,25065.95,0.1,0.15,0.1,0.1,443175,1753350060
2025-07-24 15:12:00,PE,ATM-4,52.362196,4678875,24850.0,25067.5,0.1,0.15,0.05,0.05,376725,1753350120
2025-07-24 15:13:00,PE,ATM-4,57.618453,4510500,24850.0,25067.15,0.1,0.1,0.05,0.1,141300,1753350180
2025-07-24 15:14:00,PE,ATM-4,59.841236,4510500,24850.0,25069.0,0.1,0.1,0.05,0.1,148875,1753350240
2025-07-24 15:15:00,PE,ATM-4,57.522893,4510500,24850.0,25068.2,0.05,0.1,0.05,0.05,232950,1753350300
2025-07-24 15:16:00,PE,ATM-4,62.497894,4377675,24850.0,25063.35,0.1,0.1,0.05,0.1,126600,1753350360
2025-07-24 15:17:00,PE,ATM-4,64.503704,4377675,24850.0,25062.05,0.1,0.1,0.05,0.1,198675,1753350420
2025-07-24 15:18:00,PE,ATM-4,62.046006,4377675,24850.0,25059.7,0.1,0.1,0.05,0.05,170325,1753350480
2025-07-24 15:19:00,PE,ATM-4,68.999837,4285725,24850.0,25058.25,0.1,0.1,0.05,0.1,78375,1753350540
2025-07-24 15:20:00,PE,ATM-4,72.443426,4285725,24850.0,25058.5,0.05,0.1,0.05,0.1,1246125,1753350600
2025-07-24 15:21:00,PE,ATM-4,71.7633,4285725,24850.0,25060.1,0.05,0.1,0.05,0.05,179175,1753350660
2025-07-24 15:22:00,PE,ATM-4,75.559585,3418125,24850.0,25058.4,0.1,0.1,0.05,0.05,201150,1753350720
2025-07-24 15:23:00,PE,ATM-4,81.316236,3418125,24850.0,25059.95,0.05,0.1,0.05,0.05,102975,1753350780
2025-07-24 15:24:00,PE,ATM-4,86.848823,3418125,24850.0,25057.35,0.05,0.05,0.05,0.05,77250,1753350840
2025-07-24 15:25:00,PE,ATM-4,0.0,3211425,24850.0,25055.0,0.05,0.1,0.05,0.05,219975,1753350900
2025-07-24 15:26:00,PE,ATM-4,0.0,3211425,24850.0,25055.8,0.05,0.05,0.05,0.05,25275,1753350960
2025-07-24 15:27:00,PE,ATM-4,0.0,3211425,24850.0,25050.7,0.05,0.05,0.05,0.05,28050,1753351020
2025-07-24 15:28:00,PE,ATM-4,0.0,3121650,24850.0,25055.25,0.05,0.05,0.05,0.05,61125,1753351080
2025-07-24 15:29:00,PE,ATM-4,0.0,3121650,24850.0,25051.9,0.05,0.05,0.05,0.05,29850,1753351140
