datetime,option_type,strike_relative,iv,oi,strike,spot,open,high,low,close,volume,timestamp
2025-04-11 09:15:00,CE,ATM+10,20.017649,2081850,23200.0,22715.95,95.65,105.55,75.85,80.4,1044225,1744343100
2025-04-11 09:16:00,CE,ATM+10,19.532574,406350,23250.0,22746.3,68.8,81.4,66.55,72.0,316200,1744343160
2025-04-11 09:17:00,CE,ATM+10,19.907042,406350,23250.0,22758.45,70.95,78.35,70.95,78.05,164025,1744343220
2025-04-11 09:18:00,CE,ATM+10,19.833425,1752900,23300.0,22777.8,67.5,73.9,67.5,71.0,403725,1744343280
2025-04-11 09:19:00,CE,ATM+10,19.500011,477750,23250.0,22765.2,80.5,80.5,72.0,75.9,176625,1744343340
2025-04-11 09:20:00,CE,ATM+10,19.406708,477750,23250.0,22766.3,76.8,79.7,74.1,75.3,162825,1744343400
2025-04-11 09:21:00,CE,ATM+10,19.551427,1820325,23300.0,22775.5,64.05,68.05,63.2,68.05,198825,1744343460
2025-04-11 09:22:00,CE,ATM+10,19.364295,1820325,23300.0,22775.3,66.65,68.65,66.3,66.4,234375,1744343520
2025-04-11 09:23:00,CE,ATM+10,19.306369,1820325,23300.0,22781.1,65.35,67.75,64.9,67.1,299175,1744343580
2025-04-11 09:24:00,CE,ATM+10,19.115275,1878225,23300.0,22812.1,66.8,72.65,65.3,72.1,344625,1744343640
2025-04-11 09:25:00,CE,ATM+10,18.99608,1878225,23300.0,22797.9,72.1,72.65,67.45,67.95,432300,1744343700
2025-04-11 09:26:00,CE,ATM+10,19.110614,614550,23250.0,22769.7,77.65,77.75,73.35,73.35,156600,1744343760
2025-04-11 09:27:00,CE,ATM+10,18.923496,643950,23250.0,22771.4,72.7,76.6,71.25,72.05,105900,1744343820
2025-04-11 09:28:00,CE,ATM+10,18.91975,643950,23250.0,22762.35,73.1,75.6,70.0,70.0,99300,1744343880
2025-04-11 09:29:00,CE,ATM+10,19.02796,643950,23250.0,22762.15,70.25,73.3,69.5,70.9,100800,1744343940
2025-04-11 09:30:00,CE,ATM+10,18.782035,1948500,23300.0,22777.95,61.05,65.0,61.05,61.95,223425,1744344000
2025-04-11 09:31:00,CE,ATM+10,19.043053,673275,23250.0,22766.6,72.0,74.25,71.4,72.0,76500,1744344060
2025-04-11 09:32:00,CE,ATM+10,18.872827,1948500,23300.0,22777.5,61.15,62.85,61.15,62.6,142575,1744344120
2025-04-11 09:33:00,CE,ATM+10,18.839207,2027775,23300.0,22778.45,62.3,63.35,61.5,62.5,101775,1744344180
2025-04-11 09:34:00,CE,ATM+10,18.917843,2027775,23300.0,22794.2,62.95,66.75,62.35,66.4,258225,1744344240
2025-04-11 09:35:00,CE,ATM+10,18.918999,2027775,23300.0,22794.2,66.0,67.8,65.45,66.4,200775,1744344300
2025-04-11 09:36:00,CE,ATM+10,19.81202,527775,23350.0,22831.45,57.75,77.4,57.75,71.8,767175,1744344360
2025-04-11 09:37:00,CE,ATM+10,19.779176,527775,23350.0,22839.5,72.65,76.6,69.7,73.25,217875,1744344420
2025-04-11 09:38:00,CE,ATM+10,19.567844,527775,23350.0,22842.35,72.45,73.4,69.8,72.0,117450,1744344480
2025-04-11 09:39:00,CE,ATM+10,19.518239,549375,23350.0,22844.4,72.6,73.95,71.35,72.0,103275,1744344540
2025-04-11 09:40:00,CE,ATM+10,19.566554,549375,23350.0,22841.35,72.4,73.05,69.85,71.75,106275,1744344600
2025-04-11 09:41:00,CE,ATM+10,19.501102,549375,23350.0,22838.5,71.75,76.5,70.1,70.55,198675,1744344660
2025-04-11 09:42:00,CE,ATM+10,19.568605,548175,23350.0,22844.8,71.25,73.6,71.25,72.5,73125,1744344720
2025-04-11 09:43:00,CE,ATM+10,19.651708,548175,23350.0,22845.6,72.9,74.7,71.45,73.4,85275,1744344780
2025-04-11 09:44:00,CE,ATM+10,19.596363,548175,23350.0,22849.0,74.0,80.0,73.65,73.65,249300,1744344840
2025-04-11 09:45:00,CE,ATM+10,19.642742,535725,23350.0,22843.1,74.1,76.95,72.45,72.75,123600,1744344900
2025-04-11 09:46:00,CE,ATM+10,19.854054,535725,23350.0,22841.7,72.5,74.8,71.5,74.3,117825,1744344960
2025-04-11 09:47:00,CE,ATM+10,19.733401,535725,23350.0,22841.6,74.1,74.4,71.55,73.2,96675,1744345020
2025-04-11 09:48:00,CE,ATM+10,19.74827,552450,23350.0,22854.3,73.25,77.1,72.55,76.15,104925,1744345080
2025-04-11 09:49:00,CE,ATM+10,19.778388,552450,23350.0,22870.1,75.45,83.95,74.6,80.05,217500,1744345140
2025-04-11 09:50:00,CE,ATM+10,19.667496,552450,23350.0,22856.5,80.75,80.95,75.75,75.9,174000,1744345200
2025-04-11 09:51:00,CE,ATM+10,19.811089,535500,23350.0,22855.7,76.0,79.9,75.45,77.0,78225,1744345260
2025-04-11 09:52:00,CE,ATM+10,19.803776,535500,23350.0,22852.95,77.0,78.25,76.3,76.3,50850,1744345320
2025-04-11 09:53:00,CE,ATM+10,19.773127,535500,23350.0,22857.3,76.2,77.65,74.0,77.0,119250,1744345380
2025-04-11 09:54:00,CE,ATM+10,19.774549,556425,23350.0,22859.7,77.2,77.9,74.3,77.55,60300,1744345440
2025-04-11 09:55:00,CE,ATM+10,19.570023,556425,23350.0,22858.4,77.3,77.7,74.9,75.4,78150,1744345500
2025-04-11 09:56:00,CE,ATM+10,19.685797,556425,23350.0,22863.3,76.0,78.95,74.5,77.55,83325,1744345560
2025-04-11 09:57:00,CE,ATM+10,19.578149,559800,23350.0,22853.05,76.95,78.1,74.05,74.25,71100,1744345620
2025-04-11 09:58:00,CE,ATM+10,19.434559,559800,23350.0,22830.75,73.45,74.7,65.6,68.15,226575,1744345680
2025-04-11 09:59:00,CE,ATM+10,19.44855,559800,23350.0,22827.6,68.5,71.0,67.25,67.6,98775,1744345740
2025-04-11 10:00:00,CE,ATM+10,19.657924,578025,23350.0,22835.85,68.2,72.75,68.2,71.15,100875,1744345800
2025-04-11 10:01:00,CE,ATM+10,19.59613,578025,23350.0,22855.65,71.55,75.5,71.55,74.95,102225,1744345860
2025-04-11 10:02:00,CE,ATM+10,19.629989,578025,23350.0,22856.35,74.9,76.15,74.4,75.4,60600,1744345920
2025-04-11 10:03:00,CE,ATM+10,19.517947,607425,23350.0,22844.65,74.55,74.65,69.15,71.8,114000,1744345980
2025-04-11 10:04:00,CE,ATM+10,19.618117,607425,23350.0,22835.1,71.75,71.75,69.25,70.6,42600,1744346040
2025-04-11 10:05:00,CE,ATM+10,19.592072,607425,23350.0,22844.05,70.6,73.4,69.85,72.3,51300,1744346100
2025-04-11 10:06:00,CE,ATM+10,19.381844,625950,23350.0,22827.8,72.2,72.2,66.75,67.0,73125,1744346160
2025-04-11 10:07:00,CE,ATM+10,19.222807,2141175,23300.0,22820.95,77.8,77.8,73.9,74.6,250125,1744346220
2025-04-11 10:08:00,CE,ATM+10,19.346695,625950,23350.0,22830.3,63.9,67.2,63.9,67.2,79650,1744346280
2025-04-11 10:09:00,CE,ATM+10,19.167914,2162025,23300.0,22817.25,77.55,77.55,72.9,73.25,180750,1744346340
2025-04-11 10:10:00,CE,ATM+10,18.994473,2162025,23300.0,22809.8,72.3,73.75,69.2,70.05,331650,1744346400
2025-04-11 10:11:00,CE,ATM+10,18.94546,2162025,23300.0,22822.4,69.0,74.4,69.0,72.4,223125,1744346460
2025-04-11 10:12:00,CE,ATM+10,19.06904,675600,23350.0,22835.65,63.0,67.35,62.65,65.9,108600,1744346520
2025-04-11 10:13:00,CE,ATM+10,19.167325,675600,23350.0,22837.65,65.3,67.75,62.6,67.15,84750,1744346580
2025-04-11 10:14:00,CE,ATM+10,19.043257,675600,23350.0,22832.7,66.5,66.5,64.05,65.05,51150,1744346640
2025-04-11 10:15:00,CE,ATM+10,19.015516,699225,23350.0,22841.1,64.9,67.6,64.9,66.55,56400,1744346700
2025-04-11 10:16:00,CE,ATM+10,19.039107,699225,23350.0,22836.35,67.1,67.1,64.4,65.75,46425,1744346760
2025-04-11 10:17:00,CE,ATM+10,18.90419,699225,23350.0,22836.15,65.4,65.7,63.0,64.55,58800,1744346820
2025-04-11 10:18:00,CE,ATM+10,18.666196,2240025,23300.0,22824.45,75.15,75.65,70.1,70.3,206700,1744346880
2025-04-11 10:19:00,CE,ATM+10,18.772502,2240025,23300.0,22820.25,69.2,70.95,68.15,70.3,166500,1744346940
2025-04-11 10:20:00,CE,ATM+10,18.617533,2240025,23300.0,22820.15,71.0,71.0,68.15,68.9,145500,1744347000
2025-04-11 10:21:00,CE,ATM+10,18.627246,2260125,23300.0,22819.35,69.55,69.55,66.0,68.8,200100,1744347060
2025-04-11 10:22:00,CE,ATM+10,18.682555,2260125,23300.0,22815.8,68.4,69.9,67.45,68.5,116550,1744347120
2025-04-11 10:23:00,CE,ATM+10,18.664477,2260125,23300.0,22801.15,67.5,68.1,64.6,65.2,187425,1744347180
2025-04-11 10:24:00,CE,ATM+10,18.680063,2294400,23300.0,22794.8,64.8,65.0,61.7,64.0,278775,1744347240
2025-04-11 10:25:00,CE,ATM+10,18.939642,2294400,23300.0,22795.25,64.05,67.55,63.6,66.3,166650,1744347300
2025-04-11 10:26:00,CE,ATM+10,19.056564,2294400,23300.0,22800.9,66.4,68.5,65.85,68.5,97200,1744347360
2025-04-11 10:27:00,CE,ATM+10,19.112891,2287875,23300.0,22797.5,68.35,68.6,65.6,68.25,95400,1744347420
2025-04-11 10:28:00,CE,ATM+10,19.01092,2287875,23300.0,22798.4,68.15,68.6,66.4,67.55,46950,1744347480
2025-04-11 10:29:00,CE,ATM+10,18.935834,2287875,23300.0,22799.85,67.6,68.45,67.0,67.2,51450,1744347540
2025-04-11 10:30:00,CE,ATM+10,19.019147,2276775,23300.0,22820.8,67.15,73.15,67.0,72.5,316500,1744347600
2025-04-11 10:31:00,CE,ATM+10,18.762245,714300,23350.0,22832.15,63.0,63.0,59.55,62.4,110550,1744347660
2025-04-11 10:32:00,CE,ATM+10,18.744065,714300,23350.0,22833.2,62.05,63.1,61.4,62.45,70275,1744347720
2025-04-11 10:33:00,CE,ATM+10,18.693932,748350,23350.0,22833.1,62.3,63.2,61.9,62.0,39525,1744347780
2025-04-11 10:34:00,CE,ATM+10,18.53548,2283675,23300.0,22814.2,72.1,72.1,66.75,66.75,165675,1744347840
2025-04-11 10:35:00,CE,ATM+10,18.65045,2283675,23300.0,22798.7,66.3,66.45,62.85,64.45,225750,1744347900
2025-04-11 10:36:00,CE,ATM+10,18.997439,894225,23250.0,22760.35,75.9,76.45,67.65,69.55,183525,1744347960
2025-04-11 10:37:00,CE,ATM+10,18.739882,894225,23250.0,22748.8,69.2,69.3,62.65,64.85,218025,1744348020
2025-04-11 10:38:00,CE,ATM+10,18.885315,894225,23250.0,22753.6,64.55,67.7,64.45,67.1,105525,1744348080
2025-04-11 10:39:00,CE,ATM+10,19.005881,923325,23250.0,22743.55,66.65,66.65,65.1,66.0,68850,1744348140
2025-04-11 10:40:00,CE,ATM+10,18.837773,923325,23250.0,22757.95,65.25,67.6,63.9,67.6,112650,1744348200
2025-04-11 10:41:00,CE,ATM+10,18.827822,923325,23250.0,22757.0,67.65,67.7,65.3,67.3,67050,1744348260
2025-04-11 10:42:00,CE,ATM+10,18.76288,970275,23250.0,22767.05,67.3,70.0,66.35,68.9,72975,1744348320
2025-04-11 10:43:00,CE,ATM+10,18.900481,970275,23250.0,22771.8,68.6,71.35,67.8,71.15,95400,1744348380
2025-04-11 10:44:00,CE,ATM+10,18.635102,2419200,23300.0,22784.35,61.3,62.2,59.8,61.3,162600,1744348440
2025-04-11 10:45:00,CE,ATM+10,18.466565,2430675,23300.0,22776.5,60.95,61.3,58.2,58.35,100575,1744348500
2025-04-11 10:46:00,CE,ATM+10,18.467304,980775,23250.0,22764.55,67.65,69.2,65.35,65.75,81975,1744348560
2025-04-11 10:47:00,CE,ATM+10,18.464417,980775,23250.0,22762.6,65.4,66.6,64.35,65.3,58650,1744348620
2025-04-11 10:48:00,CE,ATM+10,18.516991,2463225,23300.0,22785.7,55.55,60.55,55.55,60.55,206550,1744348680
2025-04-11 10:49:00,CE,ATM+10,18.548169,2463225,23300.0,22784.2,61.4,62.55,59.1,60.5,276225,1744348740
2025-04-11 10:50:00,CE,ATM+10,18.492373,2463225,23300.0,22790.8,60.1,61.4,58.95,61.35,98400,1744348800
2025-04-11 10:51:00,CE,ATM+10,18.472234,2566575,23300.0,22788.95,62.15,62.15,60.5,60.8,142425,1744348860
2025-04-11 10:52:00,CE,ATM+10,18.501109,2566575,23300.0,22786.8,61.55,61.75,59.7,60.6,91275,1744348920
2025-04-11 10:53:00,CE,ATM+10,18.443359,2566575,23300.0,22779.65,60.5,60.5,58.2,58.7,83925,1744348980
2025-04-11 10:54:00,CE,ATM+10,18.604137,2577375,23300.0,22780.85,58.4,60.25,58.05,60.25,86925,1744349040
2025-04-11 10:55:00,CE,ATM+10,18.48166,2577375,23300.0,22787.75,60.95,62.5,60.0,60.6,185250,1744349100
2025-04-11 10:56:00,CE,ATM+10,18.382928,2577375,23300.0,22803.9,59.95,64.7,59.35,63.05,249075,1744349160
2025-04-11 10:57:00,CE,ATM+10,18.387386,2588175,23300.0,22808.8,63.5,64.95,62.35,64.1,148500,1744349220
2025-04-11 10:58:00,CE,ATM+10,18.524944,2588175,23300.0,22803.95,63.7,65.2,61.55,64.25,153375,1744349280
2025-04-11 10:59:00,CE,ATM+10,18.361775,2588175,23300.0,22806.35,64.05,64.7,63.15,63.35,78300,1744349340
2025-04-11 11:00:00,CE,ATM+10,18.388322,2605425,23300.0,22819.25,63.0,66.4,63.0,66.3,220275,1744349400
2025-04-11 11:01:00,CE,ATM+10,18.229955,2605425,23300.0,22819.4,66.75,67.45,64.95,64.95,242475,1744349460
2025-04-11 11:02:00,CE,ATM+10,18.278909,2605425,23300.0,22813.45,65.1,66.05,63.65,64.1,163275,1744349520
2025-04-11 11:03:00,CE,ATM+10,18.219526,2672775,23300.0,22813.3,63.6,64.4,61.65,63.55,180075,1744349580
2025-04-11 11:04:00,CE,ATM+10,18.184446,2672775,23300.0,22816.2,64.0,65.25,63.35,63.85,93750,1744349640
2025-04-11 11:05:00,CE,ATM+10,18.206733,2672775,23300.0,22816.05,63.45,64.35,62.55,64.0,86250,1744349700
2025-04-11 11:06:00,CE,ATM+10,18.065927,2673075,23300.0,22820.4,64.4,64.4,62.7,63.7,70275,1744349760
2025-04-11 11:07:00,CE,ATM+10,18.209931,915075,23350.0,22825.45,54.9,56.2,54.3,56.2,33750,1744349820
2025-04-11 11:08:00,CE,ATM+10,18.057282,2673075,23300.0,22821.55,64.85,65.4,62.85,63.85,128025,1744349880
2025-04-11 11:09:00,CE,ATM+10,18.033474,2680125,23300.0,22818.3,64.75,64.75,62.4,62.95,80775,1744349940
2025-04-11 11:10:00,CE,ATM+10,17.873365,2680125,23300.0,22814.8,63.8,63.8,60.85,60.85,123225,1744350000
2025-04-11 11:11:00,CE,ATM+10,18.024593,2680125,23300.0,22813.0,61.15,62.95,60.05,61.75,142875,1744350060
2025-04-11 11:12:00,CE,ATM+10,18.01732,869025,23350.0,22844.35,53.2,58.25,51.85,58.25,139800,1744350120
2025-04-11 11:13:00,CE,ATM+10,18.149244,869025,23350.0,22835.3,58.7,59.5,57.1,57.55,125700,1744350180
2025-04-11 11:14:00,CE,ATM+10,17.788857,869025,23350.0,22834.7,57.15,58.5,53.9,54.5,81000,1744350240
2025-04-11 11:15:00,CE,ATM+10,17.925282,858450,23350.0,22842.75,54.15,58.05,54.15,57.15,90975,1744350300
2025-04-11 11:16:00,CE,ATM+10,17.772847,858450,23350.0,22836.0,57.1,57.4,54.45,54.6,47400,1744350360
2025-04-11 11:17:00,CE,ATM+10,17.889538,858450,23350.0,22826.3,54.65,54.7,53.55,53.7,65175,1744350420
2025-04-11 11:18:00,CE,ATM+10,17.755809,2650050,23300.0,22823.35,62.9,63.2,61.0,61.55,112350,1744350480
2025-04-11 11:19:00,CE,ATM+10,17.838857,2650050,23300.0,22823.35,61.15,62.9,60.3,62.25,126075,1744350540
2025-04-11 11:20:00,CE,ATM+10,17.898021,876225,23350.0,22827.15,53.85,55.15,53.55,53.9,47475,1744350600
2025-04-11 11:21:00,CE,ATM+10,17.951666,867075,23350.0,22836.25,54.1,56.45,54.1,56.05,30000,1744350660
2025-04-11 11:22:00,CE,ATM+10,17.87744,867075,23350.0,22838.65,55.95,57.4,54.9,55.9,85125,1744350720
2025-04-11 11:23:00,CE,ATM+10,18.054231,867075,23350.0,22849.35,56.3,60.0,55.3,59.45,145800,1744350780
2025-04-11 11:24:00,CE,ATM+10,17.944779,857025,23350.0,22851.45,59.75,59.75,57.05,58.95,107250,1744350840
2025-04-11 11:25:00,CE,ATM+10,17.778799,857025,23350.0,22855.15,59.6,60.5,57.4,58.3,163725,1744350900
2025-04-11 11:26:00,CE,ATM+10,17.690853,857025,23350.0,22855.85,58.2,58.7,57.1,57.7,57075,1744350960
2025-04-11 11:27:00,CE,ATM+10,17.534802,859125,23350.0,22843.45,57.9,57.9,53.95,54.0,77700,1744351020
2025-04-11 11:28:00,CE,ATM+10,17.665864,859125,23350.0,22853.2,54.55,57.2,54.35,56.95,57525,1744351080
2025-04-11 11:29:00,CE,ATM+10,17.567571,859125,23350.0,22857.1,57.2,57.9,56.6,56.9,42825,1744351140
2025-04-11 11:30:00,CE,ATM+10,17.540231,857400,23350.0,22862.8,56.9,58.45,56.25,57.8,66750,1744351200
2025-04-11 11:31:00,CE,ATM+10,17.584179,857400,23350.0,22867.7,58.4,59.3,57.9,59.15,75525,1744351260
2025-04-11 11:32:00,CE,ATM+10,17.441313,857400,23350.0,22866.5,58.85,59.0,57.0,57.7,43800,1744351320
2025-04-11 11:33:00,CE,ATM+10,17.365506,857400,23350.0,22868.2,57.75,58.1,56.05,57.4,81825,1744351380
2025-04-11 11:34:00,CE,ATM+10,17.269335,864225,23350.0,22869.5,57.45,58.15,56.7,56.85,41100,1744351440
2025-04-11 11:35:00,CE,ATM+10,17.676716,2123550,23400.0,22887.15,49.15,54.2,48.25,54.2,199650,1744351500
2025-04-11 11:36:00,CE,ATM+10,17.331588,2085675,23400.0,22891.55,54.5,54.5,51.3,52.25,236850,1744351560
2025-04-11 11:37:00,CE,ATM+10,17.505228,2085675,23400.0,22892.95,52.55,53.9,51.15,53.9,127800,1744351620
2025-04-11 11:38:00,CE,ATM+10,17.34128,2085675,23400.0,22886.65,53.0,53.1,51.4,51.4,146100,1744351680
2025-04-11 11:39:00,CE,ATM+10,17.44917,2085675,23400.0,22888.0,51.25,52.5,51.25,52.5,66975,1744351740
2025-04-11 11:40:00,CE,ATM+10,17.427478,2150400,23400.0,22892.7,53.5,54.1,52.6,53.2,152775,1744351800
2025-04-11 11:41:00,CE,ATM+10,17.362732,2150400,23400.0,22879.85,52.7,53.0,49.85,50.3,142275,1744351860
2025-04-11 11:42:00,CE,ATM+10,17.413373,2150400,23400.0,22876.6,50.1,51.0,49.35,50.1,86775,1744351920
2025-04-11 11:43:00,CE,ATM+10,17.208497,2163900,23400.0,22886.6,50.4,51.3,49.65,50.3,106275,1744351980
2025-04-11 11:44:00,CE,ATM+10,17.048052,833625,23350.0,22874.9,58.5,58.5,55.9,56.0,56400,1744352040
2025-04-11 11:45:00,CE,ATM+10,17.0835,833625,23350.0,22869.95,55.9,56.75,54.6,55.3,70425,1744352100
2025-04-11 11:46:00,CE,ATM+10,17.13187,830250,23350.0,22871.0,56.3,56.35,55.4,55.9,51900,1744352160
2025-04-11 11:47:00,CE,ATM+10,17.347205,2194350,23400.0,22882.45,48.2,50.7,48.15,50.6,79200,1744352220
2025-04-11 11:48:00,CE,ATM+10,17.298475,2194350,23400.0,22883.5,50.55,51.35,49.8,50.4,130500,1744352280
2025-04-11 11:49:00,CE,ATM+10,17.38165,2152050,23400.0,22878.3,50.75,50.9,49.5,50.1,37650,1744352340
2025-04-11 11:50:00,CE,ATM+10,17.291923,2152050,23400.0,22878.9,49.85,50.6,49.05,49.5,75450,1744352400
2025-04-11 11:51:00,CE,ATM+10,17.323535,2152050,23400.0,22875.9,49.75,50.1,48.45,49.2,51375,1744352460
2025-04-11 11:52:00,CE,ATM+10,17.311027,2142975,23400.0,22879.0,49.8,50.7,49.6,49.65,49425,1744352520
2025-04-11 11:53:00,CE,ATM+10,17.127032,840375,23350.0,22869.5,57.55,57.65,55.1,55.5,44175,1744352580
2025-04-11 11:54:00,CE,ATM+10,17.234578,840375,23350.0,22862.0,55.35,55.35,53.5,54.9,99525,1744352640
2025-04-11 11:55:00,CE,ATM+10,17.280776,831975,23350.0,22872.45,54.8,57.35,54.8,57.35,55800,1744352700
2025-04-11 11:56:00,CE,ATM+10,17.285626,831975,23350.0,22871.55,57.2,57.5,56.15,57.2,30450,1744352760
2025-04-11 11:57:00,CE,ATM+10,17.144891,831975,23350.0,22873.7,57.15,57.15,55.5,56.45,24825,1744352820
2025-04-11 11:58:00,CE,ATM+10,17.085826,824700,23350.0,22873.45,56.35,56.8,55.5,55.9,24900,1744352880
2025-04-11 11:59:00,CE,ATM+10,17.203455,2140425,23400.0,22875.3,47.85,48.45,47.5,48.1,29400,1744352940
2025-04-11 12:00:00,CE,ATM+10,17.206488,2140425,23400.0,22878.6,47.85,49.15,47.85,48.7,48450,1744353000
2025-04-11 12:01:00,CE,ATM+10,17.115979,2154525,23400.0,22884.25,48.3,49.35,48.3,49.0,36075,1744353060
2025-04-11 12:02:00,CE,ATM+10,16.992066,827925,23350.0,22872.5,57.0,57.3,53.6,54.9,86100,1744353120
2025-04-11 12:03:00,CE,ATM+10,17.000511,2154525,23400.0,22875.5,47.3,47.7,46.4,46.55,56325,1744353180
2025-04-11 12:04:00,CE,ATM+10,17.014073,2174475,23400.0,22879.25,46.4,47.45,46.4,47.3,36975,1744353240
2025-04-11 12:05:00,CE,ATM+10,17.030886,2174475,23400.0,22881.4,47.15,47.8,47.0,47.8,25725,1744353300
2025-04-11 12:06:00,CE,ATM+10,17.049395,2174475,23400.0,22877.8,47.7,47.85,46.8,47.3,52575,1744353360
2025-04-11 12:07:00,CE,ATM+10,17.095397,834450,23350.0,22872.7,55.6,57.05,55.35,55.75,52725,1744353420
2025-04-11 12:08:00,CE,ATM+10,17.043162,2173425,23400.0,22878.45,47.8,48.2,47.15,47.35,78375,1744353480
2025-04-11 12:09:00,CE,ATM+10,17.016659,834450,23350.0,22873.3,55.0,56.15,54.85,55.2,42450,1744353540
2025-04-11 12:10:00,CE,ATM+10,17.098368,2211150,23400.0,22885.15,47.75,49.55,47.5,48.95,86400,1744353600
2025-04-11 12:11:00,CE,ATM+10,17.120877,2211150,23400.0,22884.5,49.2,49.4,48.95,49.0,80400,1744353660
2025-04-11 12:12:00,CE,ATM+10,17.128792,2211150,23400.0,22897.85,49.4,52.25,48.85,51.5,117600,1744353720
2025-04-11 12:13:00,CE,ATM+10,17.091215,2132550,23400.0,22900.3,51.9,51.9,50.2,51.65,153075,1744353780
2025-04-11 12:14:00,CE,ATM+10,16.952217,2132550,23400.0,22907.85,52.0,52.4,51.15,51.95,99750,1744353840
2025-04-11 12:15:00,CE,ATM+10,16.94904,2132550,23400.0,22903.25,52.0,52.2,50.65,51.05,127950,1744353900
2025-04-11 12:16:00,CE,ATM+10,16.957651,2152875,23400.0,22908.5,51.45,52.95,51.2,52.1,127200,1744353960
2025-04-11 12:17:00,CE,ATM+10,17.032284,2152875,23400.0,22923.15,52.0,56.1,52.0,55.55,211425,1744354020
2025-04-11 12:18:00,CE,ATM+10,16.973875,2152875,23400.0,22913.65,56.35,57.05,53.2,53.2,289725,1744354080
2025-04-11 12:19:00,CE,ATM+10,16.923938,2126025,23400.0,22906.1,53.4,53.9,51.35,51.35,109800,1744354140
2025-04-11 12:20:00,CE,ATM+10,17.056014,2126025,23400.0,22900.25,51.2,51.7,50.5,51.3,109875,1744354200
2025-04-11 12:21:00,CE,ATM+10,16.894678,2126025,23400.0,22897.2,51.0,51.85,49.25,49.45,130725,1744354260
2025-04-11 12:22:00,CE,ATM+10,17.00031,2140125,23400.0,22892.15,49.25,49.6,48.15,49.35,110550,1744354320
2025-04-11 12:23:00,CE,ATM+10,16.961562,2140125,23400.0,22896.6,49.45,50.45,49.05,49.85,79950,1744354380
2025-04-11 12:24:00,CE,ATM+10,17.041524,2140125,23400.0,22901.05,50.25,51.3,49.7,51.3,49275,1744354440
2025-04-11 12:25:00,CE,ATM+10,16.989357,2167275,23400.0,22904.65,51.4,52.1,51.35,51.55,72300,1744354500
2025-04-11 12:26:00,CE,ATM+10,16.991531,2167275,23400.0,22907.25,52.1,52.15,51.4,52.05,66825,1744354560
2025-04-11 12:27:00,CE,ATM+10,16.973736,2167275,23400.0,22908.05,52.0,53.0,51.6,52.05,83400,1744354620
2025-04-11 12:28:00,CE,ATM+10,16.86974,2193300,23400.0,22906.15,52.3,52.55,50.85,50.85,55125,1744354680
2025-04-11 12:29:00,CE,ATM+10,16.966933,2193300,23400.0,22906.05,51.0,51.8,50.05,51.6,78675,1744354740
2025-04-11 12:30:00,CE,ATM+10,16.896231,2193300,23400.0,22899.45,51.3,51.3,49.05,49.8,77025,1744354800
2025-04-11 12:31:00,CE,ATM+10,16.882733,2187975,23400.0,22901.7,49.5,51.5,49.5,50.1,76800,1744354860
2025-04-11 12:32:00,CE,ATM+10,16.982557,2187975,23400.0,22901.25,50.55,51.3,50.15,50.8,40950,1744354920
2025-04-11 12:33:00,CE,ATM+10,17.057339,2187975,23400.0,22900.25,50.55,51.4,50.1,51.2,75750,1744354980
2025-04-11 12:34:00,CE,ATM+10,17.114628,2185950,23400.0,22890.8,51.15,51.5,49.9,49.9,53475,1744355040
2025-04-11 12:35:00,CE,ATM+10,17.228284,2185950,23400.0,22884.3,50.15,50.45,48.7,49.6,166875,1744355100
2025-04-11 12:36:00,CE,ATM+10,17.161543,2185950,23400.0,22888.6,49.8,50.75,49.55,49.85,155250,1744355160
2025-04-11 12:37:00,CE,ATM+10,17.146527,2198475,23400.0,22883.2,50.25,50.25,48.0,48.75,63975,1744355220
2025-04-11 12:38:00,CE,ATM+10,17.26747,2198475,23400.0,22876.6,49.0,49.1,47.8,48.5,85050,1744355280
2025-04-11 12:39:00,CE,ATM+10,17.138239,793350,23350.0,22874.1,56.05,57.0,55.85,56.1,30675,1744355340
2025-04-11 12:40:00,CE,ATM+10,17.208158,2201400,23400.0,22885.4,48.35,50.0,48.25,49.6,85575,1744355400
2025-04-11 12:41:00,CE,ATM+10,17.191306,2201400,23400.0,22887.0,49.55,50.45,49.55,49.75,50850,1744355460
2025-04-11 12:42:00,CE,ATM+10,17.282408,2201400,23400.0,22883.95,50.2,50.2,49.5,49.9,37575,1744355520
2025-04-11 12:43:00,CE,ATM+10,17.223625,2193375,23400.0,22892.8,50.25,51.15,50.05,51.05,93450,1744355580
2025-04-11 12:44:00,CE,ATM+10,17.258372,2193375,23400.0,22893.25,51.1,51.4,50.7,51.4,45375,1744355640
2025-04-11 12:45:00,CE,ATM+10,17.172464,2193375,23400.0,22899.9,51.3,52.35,51.15,51.95,76875,1744355700
2025-04-11 12:46:00,CE,ATM+10,17.198652,2208975,23400.0,22901.75,51.85,52.85,51.85,52.5,80775,1744355760
2025-04-11 12:47:00,CE,ATM+10,17.081293,2208975,23400.0,22905.45,52.3,52.7,51.7,52.25,53100,1744355820
2025-04-11 12:48:00,CE,ATM+10,17.188203,2208975,23400.0,22905.7,52.15,53.75,51.9,53.15,98025,1744355880
2025-04-11 12:49:00,CE,ATM+10,17.198679,2196525,23400.0,22902.15,53.3,53.55,52.1,52.55,64800,1744355940
2025-04-11 12:50:00,CE,ATM+10,17.388227,2196525,23400.0,22891.75,52.55,53.3,51.4,52.1,87450,1744356000
2025-04-11 12:51:00,CE,ATM+10,17.561065,2196525,23400.0,22901.3,52.2,55.3,52.05,55.3,139800,1744356060
2025-04-11 12:52:00,CE,ATM+10,17.407781,2147700,23400.0,22899.75,55.35,55.55,53.65,53.75,104475,1744356120
2025-04-11 12:53:00,CE,ATM+10,17.434052,2147700,23400.0,22897.9,53.9,54.5,53.4,53.6,76950,1744356180
2025-04-11 12:54:00,CE,ATM+10,17.478251,2147700,23400.0,22901.3,53.55,55.2,53.55,54.6,61950,1744356240
2025-04-11 12:55:00,CE,ATM+10,17.472449,2151150,23400.0,22903.4,54.55,55.2,54.55,54.95,48375,1744356300
2025-04-11 12:56:00,CE,ATM+10,17.446775,2151150,23400.0,22903.75,54.8,55.2,54.55,54.8,60300,1744356360
2025-04-11 12:57:00,CE,ATM+10,17.373358,2151150,23400.0,22896.7,54.9,55.0,52.2,52.85,109350,1744356420
2025-04-11 12:58:00,CE,ATM+10,17.431148,2155050,23400.0,22892.7,53.2,53.4,52.15,52.55,79350,1744356480
2025-04-11 12:59:00,CE,ATM+10,17.497135,2155050,23400.0,22886.45,52.65,52.75,51.3,51.9,101475,1744356540
2025-04-11 13:00:00,CE,ATM+10,17.547127,2155050,23400.0,22892.65,51.75,54.3,51.35,53.45,87975,1744356600
2025-04-11 13:01:00,CE,ATM+10,17.497881,2154225,23400.0,22892.4,53.55,54.2,52.9,53.0,60900,1744356660
2025-04-11 13:02:00,CE,ATM+10,17.414842,2154225,23400.0,22902.0,53.0,54.3,53.0,54.15,33825,1744356720
2025-04-11 13:03:00,CE,ATM+10,17.561541,2154225,23400.0,22899.25,54.2,55.5,54.2,54.8,122175,1744356780
2025-04-11 13:04:00,CE,ATM+10,17.648086,2156850,23400.0,22901.85,54.5,56.0,54.5,56.0,84075,1744356840
2025-04-11 13:05:00,CE,ATM+10,17.748542,2156850,23400.0,22903.05,55.95,57.3,55.55,57.05,151575,1744356900
2025-04-11 13:06:00,CE,ATM+10,17.772536,2156850,23400.0,22902.35,57.1,57.1,56.1,57.1,60000,1744356960
2025-04-11 13:07:00,CE,ATM+10,18.289823,2130150,23400.0,22908.0,57.05,62.55,56.9,62.55,306600,1744357020
2025-04-11 13:08:00,CE,ATM+10,18.056384,2130150,23400.0,22909.6,62.6,63.8,60.75,60.9,185400,1744357080
2025-04-11 13:09:00,CE,ATM+10,18.038819,2130150,23400.0,22906.2,60.7,61.1,59.2,60.05,117975,1744357140
2025-04-11 13:10:00,CE,ATM+10,17.997382,2094975,23400.0,22903.25,59.7,60.4,58.65,59.1,99975,1744357200
2025-04-11 13:11:00,CE,ATM+10,18.194114,2094975,23400.0,22910.65,58.8,63.0,58.8,62.25,144525,1744357260
2025-04-11 13:12:00,CE,ATM+10,18.086825,2094975,23400.0,22913.15,62.05,63.0,61.3,61.85,82050,1744357320
2025-04-11 13:13:00,CE,ATM+10,18.1699,2081625,23400.0,22911.25,62.15,64.95,62.0,62.15,184950,1744357380
2025-04-11 13:14:00,CE,ATM+10,18.252887,2081625,23400.0,22904.5,62.05,62.6,60.35,61.45,89400,1744357440
2025-04-11 13:15:00,CE,ATM+10,18.122268,2081625,23400.0,22902.05,61.55,61.95,59.4,59.85,92475,1744357500
2025-04-11 13:16:00,CE,ATM+10,18.184056,2083425,23400.0,22896.05,59.85,60.15,58.5,59.15,81300,1744357560
2025-04-11 13:17:00,CE,ATM+10,18.14578,2083425,23400.0,22893.15,59.2,59.95,57.3,58.25,117975,1744357620
2025-04-11 13:18:00,CE,ATM+10,18.108826,2083425,23400.0,22888.1,58.45,58.75,55.9,56.95,187200,1744357680
2025-04-11 13:19:00,CE,ATM+10,18.130795,2119050,23400.0,22882.3,56.95,57.35,54.8,56.0,126750,1744357740
2025-04-11 13:20:00,CE,ATM+10,18.173342,2119050,23400.0,22884.2,56.05,56.7,54.9,56.7,77325,1744357800
2025-04-11 13:21:00,CE,ATM+10,18.238885,2119050,23400.0,22884.6,56.7,57.3,56.15,57.3,71925,1744357860
2025-04-11 13:22:00,CE,ATM+10,18.294139,2124975,23400.0,22884.65,57.3,58.2,56.95,57.75,78375,1744357920
2025-04-11 13:23:00,CE,ATM+10,18.252996,2124975,23400.0,22881.0,58.1,58.3,56.6,56.7,42150,1744357980
2025-04-11 13:24:00,CE,ATM+10,18.347326,2124975,23400.0,22885.85,56.75,58.4,56.55,58.4,74025,1744358040
2025-04-11 13:25:00,CE,ATM+10,18.096084,2131200,23400.0,22892.55,58.3,59.0,57.65,57.65,126600,1744358100
2025-04-11 13:26:00,CE,ATM+10,18.146401,2131200,23400.0,22882.5,57.6,57.65,56.1,56.1,76125,1744358160
2025-04-11 13:27:00,CE,ATM+10,17.995908,708000,23350.0,22874.7,64.55,64.55,62.55,63.0,69000,1744358220
2025-04-11 13:28:00,CE,ATM+10,17.90877,699750,23350.0,22874.0,63.05,63.5,61.65,62.1,66225,1744358280
2025-04-11 13:29:00,CE,ATM+10,18.074862,699750,23350.0,22874.2,61.95,64.0,61.95,63.55,75075,1744358340
2025-04-11 13:30:00,CE,ATM+10,18.414586,699750,23350.0,22851.8,63.5,64.0,60.05,61.75,176775,1744358400
2025-04-11 13:31:00,CE,ATM+10,18.338808,737550,23350.0,22849.55,61.75,62.25,59.0,60.65,103575,1744358460
2025-04-11 13:32:00,CE,ATM+10,18.267087,737550,23350.0,22856.95,60.3,61.8,60.3,61.55,57525,1744358520
2025-04-11 13:33:00,CE,ATM+10,18.514419,737550,23350.0,22848.1,61.55,62.15,60.75,61.8,58425,1744358580
2025-04-11 13:34:00,CE,ATM+10,18.455246,730200,23350.0,22849.1,62.0,62.6,61.25,61.5,37350,1744358640
2025-04-11 13:35:00,CE,ATM+10,18.500892,730200,23350.0,22855.55,61.2,63.45,61.2,63.2,105525,1744358700
2025-04-11 13:36:00,CE,ATM+10,18.407141,730200,23350.0,22864.65,63.4,65.1,63.2,64.3,123675,1744358760
2025-04-11 13:37:00,CE,ATM+10,18.469229,727200,23350.0,22861.95,64.4,65.45,64.25,64.25,36525,1744358820
2025-04-11 13:38:00,CE,ATM+10,18.31835,727200,23350.0,22871.85,64.05,65.3,63.45,65.05,61425,1744358880
2025-04-11 13:39:00,CE,ATM+10,18.375436,2071650,23400.0,22878.45,56.15,57.3,55.6,57.05,126450,1744358940
2025-04-11 13:40:00,CE,ATM+10,18.303989,731700,23350.0,22869.0,66.1,66.2,63.5,64.3,60975,1744359000
2025-04-11 13:41:00,CE,ATM+10,18.269681,731700,23350.0,22870.9,64.75,65.8,64.4,64.4,33450,1744359060
2025-04-11 13:42:00,CE,ATM+10,18.33446,731700,23350.0,22868.1,64.35,64.7,63.45,64.35,28200,1744359120
2025-04-11 13:43:00,CE,ATM+10,18.410185,2139975,23400.0,22875.1,55.45,56.8,55.45,56.65,41925,1744359180
2025-04-11 13:44:00,CE,ATM+10,18.330351,2139975,23400.0,22875.1,56.5,56.8,56.0,56.0,30675,1744359240
2025-04-11 13:45:00,CE,ATM+10,18.269968,734175,23350.0,22863.0,65.1,65.4,62.7,62.7,36825,1744359300
2025-04-11 13:46:00,CE,ATM+10,18.318026,745575,23350.0,22859.65,63.0,63.0,62.05,62.4,45000,1744359360
2025-04-11 13:47:00,CE,ATM+10,18.465877,745575,23350.0,22858.5,62.8,63.4,62.25,63.4,34275,1744359420
2025-04-11 13:48:00,CE,ATM+10,18.420187,745575,23350.0,22855.1,63.75,63.75,62.3,62.3,41175,1744359480
2025-04-11 13:49:00,CE,ATM+10,18.524155,736500,23350.0,22851.15,61.8,63.0,61.8,62.35,25125,1744359540
2025-04-11 13:50:00,CE,ATM+10,18.643638,736500,23350.0,22840.9,62.4,62.4,60.35,61.25,75150,1744359600
2025-04-11 13:51:00,CE,ATM+10,18.608092,736500,23350.0,22848.55,61.5,62.5,61.4,62.5,68550,1744359660
2025-04-11 13:52:00,CE,ATM+10,18.622455,759375,23350.0,22843.35,62.55,63.1,61.55,61.55,61575,1744359720
2025-04-11 13:53:00,CE,ATM+10,18.772339,759375,23350.0,22832.75,61.6,62.1,60.55,60.65,65475,1744359780
2025-04-11 13:54:00,CE,ATM+10,18.791831,759375,23350.0,22825.15,60.45,60.85,58.25,59.3,102525,1744359840
2025-04-11 13:55:00,CE,ATM+10,18.726064,774300,23350.0,22833.25,59.05,61.0,58.85,60.35,59250,1744359900
2025-04-11 13:56:00,CE,ATM+10,18.734699,774300,23350.0,22834.95,60.4,61.1,59.9,60.75,42000,1744359960
2025-04-11 13:57:00,CE,ATM+10,18.752875,774300,23350.0,22835.25,60.9,61.2,60.45,60.95,34050,1744360020
2025-04-11 13:58:00,CE,ATM+10,18.829225,788775,23350.0,22831.65,61.05,61.1,60.1,60.85,14100,1744360080
2025-04-11 13:59:00,CE,ATM+10,18.809815,788775,23350.0,22834.75,60.85,61.8,60.45,61.3,36600,1744360140
2025-04-11 14:00:00,CE,ATM+10,18.788198,2384475,23300.0,22817.15,70.25,70.5,67.5,67.5,104025,1744360200
2025-04-11 14:01:00,CE,ATM+10,18.978777,2375475,23300.0,22811.45,67.75,68.3,66.55,67.9,166275,1744360260
2025-04-11 14:02:00,CE,ATM+10,18.960695,2375475,23300.0,22803.8,67.9,68.05,66.0,66.1,174225,1744360320
2025-04-11 14:03:00,CE,ATM+10,19.328453,2375475,23300.0,22790.7,66.15,66.6,64.1,66.45,263325,1744360380
2025-04-11 14:04:00,CE,ATM+10,19.181174,2406075,23300.0,22788.05,66.75,67.4,64.65,64.65,142275,1744360440
2025-04-11 14:05:00,CE,ATM+10,19.158765,2406075,23300.0,22790.7,64.7,65.8,64.7,65.0,73200,1744360500
2025-04-11 14:06:00,CE,ATM+10,19.360608,2406075,23300.0,22781.1,65.35,65.35,62.85,64.7,159825,1744360560
2025-04-11 14:07:00,CE,ATM+10,19.192427,2427525,23300.0,22794.95,64.45,66.25,64.45,66.15,345825,1744360620
2025-04-11 14:08:00,CE,ATM+10,18.949019,2427525,23300.0,22810.65,66.0,68.1,65.55,67.4,242400,1744360680
2025-04-11 14:09:00,CE,ATM+10,19.084774,2427525,23300.0,22804.1,67.25,68.0,66.45,67.15,100650,1744360740
2025-04-11 14:10:00,CE,ATM+10,19.393508,2322600,23300.0,22786.5,67.15,67.15,65.6,66.05,127350,1744360800
2025-04-11 14:11:00,CE,ATM+10,19.254828,2322600,23300.0,22787.1,65.65,66.05,64.4,65.0,121575,1744360860
2025-04-11 14:12:00,CE,ATM+10,19.418306,2322600,23300.0,22784.15,64.45,66.15,64.45,65.75,63600,1744360920
2025-04-11 14:13:00,CE,ATM+10,19.51492,1034550,23250.0,22774.6,75.6,75.8,73.8,75.0,48000,1744360980
2025-04-11 14:14:00,CE,ATM+10,19.469425,2302350,23300.0,22785.55,65.35,66.45,65.2,66.45,96750,1744361040
2025-04-11 14:15:00,CE,ATM+10,19.525641,2302350,23300.0,22790.95,66.45,68.05,66.1,68.05,110625,1744361100
2025-04-11 14:16:00,CE,ATM+10,19.578929,2276550,23300.0,22788.15,68.3,68.9,67.4,67.9,108450,1744361160
2025-04-11 14:17:00,CE,ATM+10,19.721931,2276550,23300.0,22779.1,67.9,68.0,66.15,67.2,118050,1744361220
2025-04-11 14:18:00,CE,ATM+10,19.594329,2276550,23300.0,22790.7,67.2,68.9,67.2,68.55,77550,1744361280
2025-04-11 14:19:00,CE,ATM+10,19.822303,2239425,23300.0,22780.65,68.6,68.8,66.95,68.35,76275,1744361340
2025-04-11 14:20:00,CE,ATM+10,19.810092,2239425,23300.0,22777.85,68.5,68.55,67.35,67.65,44100,1744361400
2025-04-11 14:21:00,CE,ATM+10,19.867246,1010100,23250.0,22770.7,77.85,77.9,76.6,77.15,43425,1744361460
2025-04-11 14:22:00,CE,ATM+10,19.817452,2239800,23300.0,22775.25,67.25,68.2,66.55,67.15,71925,1744361520
2025-04-11 14:23:00,CE,ATM+10,19.78473,1004925,23250.0,22774.2,77.0,77.75,76.75,77.2,20850,1744361580
2025-04-11 14:24:00,CE,ATM+10,19.781821,2239800,23300.0,22783.95,67.7,69.2,67.2,68.65,81525,1744361640
2025-04-11 14:25:00,CE,ATM+10,19.832924,2238075,23300.0,22776.7,68.5,68.85,67.25,67.55,77550,1744361700
2025-04-11 14:26:00,CE,ATM+10,19.595367,2238075,23300.0,22794.8,67.75,69.55,67.2,69.35,103350,1744361760
2025-04-11 14:27:00,CE,ATM+10,19.549424,2238075,23300.0,22795.75,69.2,69.85,68.55,69.15,117975,1744361820
2025-04-11 14:28:00,CE,ATM+10,19.641243,2236050,23300.0,22777.85,69.4,69.7,66.15,66.15,83175,1744361880
2025-04-11 14:29:00,CE,ATM+10,19.663898,1004175,23250.0,22769.8,76.0,76.0,73.7,75.05,119175,1744361940
2025-04-11 14:30:00,CE,ATM+10,19.594633,2236050,23300.0,22786.55,65.15,67.85,65.15,67.55,80175,1744362000
2025-04-11 14:31:00,CE,ATM+10,19.545872,2229675,23300.0,22793.75,67.45,69.5,67.45,68.65,126000,1744362060
2025-04-11 14:32:00,CE,ATM+10,19.563925,2229675,23300.0,22794.95,69.25,69.3,68.7,69.05,69600,1744362120
2025-04-11 14:33:00,CE,ATM+10,19.656508,2229675,23300.0,22785.4,68.65,69.0,66.75,67.8,92475,1744362180
2025-04-11 14:34:00,CE,ATM+10,19.650531,2271900,23300.0,22787.35,68.1,68.5,67.7,68.15,70200,1744362240
2025-04-11 14:35:00,CE,ATM+10,19.804578,2271900,23300.0,22781.45,67.95,68.4,67.2,68.2,136350,1744362300
2025-04-11 14:36:00,CE,ATM+10,19.835299,2271900,23300.0,22783.35,68.3,68.85,67.65,68.85,52200,1744362360
2025-04-11 14:37:00,CE,ATM+10,19.804817,2262225,23300.0,22788.15,68.65,69.6,68.1,69.6,41775,1744362420
2025-04-11 14:38:00,CE,ATM+10,19.836373,2262225,23300.0,22786.0,69.5,69.6,68.5,69.4,50325,1744362480
2025-04-11 14:39:00,CE,ATM+10,19.854081,2262225,23300.0,22780.85,69.35,69.55,67.8,68.45,54075,1744362540
2025-04-11 14:40:00,CE,ATM+10,19.910364,2247750,23300.0,22781.25,68.4,69.35,67.35,69.0,73950,1744362600
2025-04-11 14:41:00,CE,ATM+10,19.794778,2247750,23300.0,22788.75,69.0,69.6,68.1,69.6,42750,1744362660
2025-04-11 14:42:00,CE,ATM+10,19.81722,2247750,23300.0,22792.1,70.0,71.65,69.4,70.5,140250,1744362720
2025-04-11 14:43:00,CE,ATM+10,19.908472,2244600,23300.0,22788.75,70.5,71.2,70.05,70.55,120150,1744362780
2025-04-11 14:44:00,CE,ATM+10,19.610786,2244600,23300.0,22804.75,70.9,72.3,70.2,71.45,99525,1744362840
2025-04-11 14:45:00,CE,ATM+10,19.638285,2244600,23300.0,22814.3,72.05,73.8,71.4,73.8,159375,1744362900
2025-04-11 14:46:00,CE,ATM+10,19.622273,2235375,23300.0,22816.75,74.0,74.2,72.9,74.2,135900,1744362960
2025-04-11 14:47:00,CE,ATM+10,19.509526,2235375,23300.0,22815.2,74.5,74.5,72.6,72.85,126150,1744363020
2025-04-11 14:48:00,CE,ATM+10,19.528595,2235375,23300.0,22817.4,72.7,73.75,72.65,73.5,81675,1744363080
2025-04-11 14:49:00,CE,ATM+10,19.476338,743175,23350.0,22825.75,64.1,65.3,64.05,64.5,93225,1744363140
2025-04-11 14:50:00,CE,ATM+10,19.26875,2241675,23300.0,22821.65,74.25,74.95,72.15,72.15,176625,1744363200
2025-04-11 14:51:00,CE,ATM+10,19.222546,2241675,23300.0,22817.9,71.6,72.55,70.65,70.9,179700,1744363260
2025-04-11 14:52:00,CE,ATM+10,19.361371,2235225,23300.0,22822.35,70.8,73.25,70.45,73.1,99525,1744363320
2025-04-11 14:53:00,CE,ATM+10,19.355216,2235225,23300.0,22819.3,73.25,73.65,72.2,72.35,115500,1744363380
2025-04-11 14:54:00,CE,ATM+10,19.43302,2235225,23300.0,22823.85,72.6,74.15,72.4,74.05,67050,1744363440
2025-04-11 14:55:00,CE,ATM+10,19.518224,2176425,23300.0,22820.8,73.9,74.15,73.3,74.1,81150,1744363500
2025-04-11 14:56:00,CE,ATM+10,19.582479,2176425,23300.0,22813.0,74.15,74.85,72.75,72.9,95175,1744363560
2025-04-11 14:57:00,CE,ATM+10,19.540147,2176425,23300.0,22824.0,72.85,75.2,72.6,75.0,93225,1744363620
2025-04-11 14:58:00,CE,ATM+10,19.530216,707325,23350.0,22830.35,65.3,67.3,65.3,65.8,100200,1744363680
2025-04-11 14:59:00,CE,ATM+10,19.655951,707325,23350.0,22827.0,65.15,66.95,65.15,66.15,65250,1744363740
2025-04-11 15:00:00,CE,ATM+10,19.742289,707325,23350.0,22832.45,66.75,70.05,66.75,68.0,166500,1744363800
2025-04-11 15:01:00,CE,ATM+10,20.007662,681525,23350.0,22837.15,68.05,71.6,68.05,71.25,104700,1744363860
2025-04-11 15:02:00,CE,ATM+10,19.954324,681525,23350.0,22834.2,72.0,72.0,68.75,70.15,100950,1744363920
2025-04-11 15:03:00,CE,ATM+10,19.667326,681525,23350.0,22831.8,70.4,70.7,66.55,67.2,90150,1744363980
2025-04-11 15:04:00,CE,ATM+10,19.927989,683550,23350.0,22832.3,67.35,69.5,67.35,69.5,41400,1744364040
2025-04-11 15:05:00,CE,ATM+10,19.756351,683550,23350.0,22838.75,69.65,69.65,66.2,69.4,53400,1744364100
2025-04-11 15:06:00,CE,ATM+10,19.745431,683550,23350.0,22833.1,69.25,70.0,68.1,68.1,67500,1744364160
2025-04-11 15:07:00,CE,ATM+10,19.629532,2111850,23300.0,22823.2,78.35,79.5,75.5,75.5,161325,1744364220
2025-04-11 15:08:00,CE,ATM+10,19.812793,2111850,23300.0,22822.9,75.7,77.5,75.45,77.05,101400,1744364280
2025-04-11 15:09:00,CE,ATM+10,19.865797,684525,23350.0,22829.6,67.0,68.65,66.8,68.35,33150,1744364340
2025-04-11 15:10:00,CE,ATM+10,19.843123,656925,23350.0,22831.75,68.4,70.15,68.4,68.6,81675,1744364400
2025-04-11 15:11:00,CE,ATM+10,20.063581,656925,23350.0,22828.4,68.95,69.75,68.6,69.75,32250,1744364460
2025-04-11 15:12:00,CE,ATM+10,20.003839,656925,23350.0,22831.55,69.7,70.2,69.3,69.9,35325,1744364520
2025-04-11 15:13:00,CE,ATM+10,19.991925,640350,23350.0,22830.9,70.25,70.55,69.5,69.65,42075,1744364580
2025-04-11 15:14:00,CE,ATM+10,20.14207,640350,23350.0,22830.35,69.95,71.25,69.85,70.8,41175,1744364640
2025-04-11 15:15:00,CE,ATM+10,20.017948,1984425,23300.0,22823.95,81.15,82.45,77.55,79.05,188700,1744364700
2025-04-11 15:16:00,CE,ATM+10,20.094534,1937400,23300.0,22821.7,79.5,80.65,78.8,79.2,84000,1744364760
2025-04-11 15:17:00,CE,ATM+10,20.106011,1937400,23300.0,22820.45,79.15,80.2,79.0,79.0,74325,1744364820
2025-04-11 15:18:00,CE,ATM+10,20.168661,1937400,23300.0,22811.15,79.05,79.65,76.9,77.4,100875,1744364880
2025-04-11 15:19:00,CE,ATM+10,20.135686,1926150,23300.0,22817.9,77.55,78.95,77.5,78.65,79050,1744364940
2025-04-11 15:20:00,CE,ATM+10,20.273951,1926150,23300.0,22814.35,78.4,79.85,78.4,79.05,192150,1744365000
2025-04-11 15:21:00,CE,ATM+10,20.228491,1926150,23300.0,22818.3,79.1,79.9,78.8,79.55,62175,1744365060
2025-04-11 15:22:00,CE,ATM+10,20.192017,1977675,23300.0,22824.65,79.9,80.75,79.2,80.7,209550,1744365120
2025-04-11 15:23:00,CE,ATM+10,20.161721,544800,23350.0,22828.85,70.05,70.75,70.05,70.55,55275,1744365180
2025-04-11 15:24:00,CE,ATM+10,20.098745,544800,23350.0,22831.65,70.7,71.15,69.45,70.6,46050,1744365240
2025-04-11 15:25:00,CE,ATM+10,20.246762,523800,23350.0,22833.95,71.0,72.55,70.65,72.35,70650,1744365300
2025-04-11 15:26:00,CE,ATM+10,20.1281,523800,23350.0,22831.75,72.65,72.65,70.85,70.85,56925,1744365360
2025-04-11 15:27:00,CE,ATM+10,19.993952,523800,23350.0,22840.85,71.1,72.0,70.4,71.65,53025,1744365420
2025-04-11 15:28:00,CE,ATM+10,19.616666,514200,23350.0,22852.4,72.2,72.45,70.4,70.9,110325,1744365480
2025-04-11 15:29:00,CE,ATM+10,19.81142,514200,23350.0,22844.5,71.35,71.55,69.75,70.85,107550,1744365540
2025-04-15 09:15:00,CE,ATM+10,24.758541,1063275,23750.0,23257.05,65.0,65.0,30.6,35.0,602100,1744688700
2025-04-15 09:16:00,CE,ATM+10,23.308875,1063275,23750.0,23260.75,36.9,36.9,29.05,29.5,820425,1744688760
2025-04-15 09:17:00,CE,ATM+10,22.953582,1063275,23750.0,23274.1,31.2,31.45,29.65,29.9,356550,1744688820
2025-04-15 09:18:00,CE,ATM+10,22.639704,3581700,23800.0,23275.35,24.7,24.75,22.5,22.7,564600,1744688880
2025-04-15 09:19:00,CE,ATM+10,21.920695,3581700,23800.0,23279.4,22.2,22.55,20.65,20.65,616650,1744688940
2025-04-15 09:20:00,CE,ATM+10,22.051538,3581700,23800.0,23292.9,20.85,23.8,20.35,22.6,565950,1744689000
2025-04-15 09:21:00,CE,ATM+10,22.342885,3773925,23800.0,23290.05,22.5,24.5,22.5,23.3,522750,1744689060
2025-04-15 09:22:00,CE,ATM+10,22.196319,3773925,23800.0,23298.45,23.1,24.1,22.6,23.75,356625,1744689120
2025-04-15 09:23:00,CE,ATM+10,22.050233,3773925,23800.0,23293.7,24.0,24.0,22.65,22.65,276825,1744689180
2025-04-15 09:24:00,CE,ATM+10,21.894262,3901725,23800.0,23299.9,22.0,23.2,21.8,22.8,319425,1744689240
2025-04-15 09:25:00,CE,ATM+10,21.699601,3901725,23800.0,23283.3,22.3,22.9,20.25,20.25,460950,1744689300
2025-04-15 09:26:00,CE,ATM+10,21.491864,3901725,23800.0,23297.25,20.2,21.35,19.6,21.05,388950,1744689360
2025-04-15 09:27:00,CE,ATM+10,21.309378,4006500,23800.0,23300.35,21.0,21.55,20.7,20.75,233025,1744689420
2025-04-15 09:28:00,CE,ATM+10,21.155167,4006500,23800.0,23310.15,20.4,21.85,20.4,21.3,242325,1744689480
2025-04-15 09:29:00,CE,ATM+10,21.286267,4006500,23800.0,23297.65,21.0,21.5,20.35,20.35,249225,1744689540
2025-04-15 09:30:00,CE,ATM+10,20.680831,4216800,23800.0,23289.05,20.1,20.4,17.45,17.45,502575,1744689600
2025-04-15 09:31:00,CE,ATM+10,21.023694,4216800,23800.0,23288.15,17.35,18.45,16.8,18.45,387825,1744689660
2025-04-15 09:32:00,CE,ATM+10,20.510083,4216800,23800.0,23288.1,18.5,18.6,16.8,16.8,348300,1744689720
2025-04-15 09:33:00,CE,ATM+10,20.293044,4259775,23800.0,23279.15,16.75,16.95,15.3,15.3,303675,1744689780
2025-04-15 09:34:00,CE,ATM+10,19.975868,1149300,23750.0,23267.4,18.9,19.85,17.45,17.85,133200,1744689840
2025-04-15 09:35:00,CE,ATM+10,20.667078,4259775,23800.0,23279.1,14.85,16.4,14.7,16.4,320100,1744689900
2025-04-15 09:36:00,CE,ATM+10,20.937553,4264275,23800.0,23295.8,16.3,18.9,16.3,18.9,285225,1744689960
2025-04-15 09:37:00,CE,ATM+10,20.857325,4264275,23800.0,23298.45,19.2,19.6,18.45,18.9,334200,1744690020
2025-04-15 09:38:00,CE,ATM+10,20.825201,4264275,23800.0,23301.95,19.0,20.25,19.0,19.15,226350,1744690080
2025-04-15 09:39:00,CE,ATM+10,20.722146,4342350,23800.0,23300.55,19.3,19.5,18.35,18.65,214800,1744690140
2025-04-15 09:40:00,CE,ATM+10,20.236553,4342350,23800.0,23299.85,18.75,19.5,16.95,17.0,221475,1744690200
2025-04-15 09:41:00,CE,ATM+10,20.39877,4342350,23800.0,23315.7,17.5,19.4,16.8,19.15,281625,1744690260
2025-04-15 09:42:00,CE,ATM+10,20.291348,4468050,23800.0,23308.75,18.85,18.95,18.0,18.05,236100,1744690320
2025-04-15 09:43:00,CE,ATM+10,20.383983,4468050,23800.0,23310.25,18.3,18.7,17.8,18.5,116625,1744690380
2025-04-15 09:44:00,CE,ATM+10,20.167573,4468050,23800.0,23310.95,18.6,18.6,17.55,17.85,131925,1744690440
2025-04-15 09:45:00,CE,ATM+10,19.883718,4568025,23800.0,23303.0,17.9,17.9,16.15,16.15,196575,1744690500
2025-04-15 09:46:00,CE,ATM+10,19.615788,4568025,23800.0,23298.95,16.2,16.2,14.95,14.95,310800,1744690560
2025-04-15 09:47:00,CE,ATM+10,19.761901,4568025,23800.0,23312.3,15.05,16.95,15.05,16.65,235725,1744690620
2025-04-15 09:48:00,CE,ATM+10,19.663882,4643925,23800.0,23310.95,16.7,16.75,16.05,16.2,205275,1744690680
2025-04-15 09:49:00,CE,ATM+10,19.639206,4643925,23800.0,23316.45,16.2,16.8,15.25,16.65,142350,1744690740
2025-04-15 09:50:00,CE,ATM+10,19.469582,4643925,23800.0,23316.4,16.8,16.8,15.8,16.1,131775,1744690800
2025-04-15 09:51:00,CE,ATM+10,19.488677,4698450,23800.0,23318.45,16.35,16.35,16.0,16.35,119025,1744690860
2025-04-15 09:52:00,CE,ATM+10,20.048174,1090575,23850.0,23327.05,13.55,14.35,13.55,14.35,129300,1744690920
2025-04-15 09:53:00,CE,ATM+10,19.868009,1090575,23850.0,23325.5,14.45,14.45,13.65,13.7,72075,1744690980
2025-04-15 09:54:00,CE,ATM+10,19.676048,1096875,23850.0,23329.65,13.75,13.9,13.3,13.5,70950,1744691040
2025-04-15 09:55:00,CE,ATM+10,18.766702,4692225,23800.0,23321.15,16.3,16.3,14.0,14.35,322425,1744691100
2025-04-15 09:56:00,CE,ATM+10,18.880593,4692225,23800.0,23323.5,14.45,14.9,13.65,14.9,558825,1744691160
2025-04-15 09:57:00,CE,ATM+10,18.775853,4754625,23800.0,23321.6,14.8,15.1,14.4,14.4,438375,1744691220
2025-04-15 09:58:00,CE,ATM+10,18.764633,4754625,23800.0,23316.5,14.5,14.5,13.7,13.9,521625,1744691280
2025-04-15 09:59:00,CE,ATM+10,18.73021,4754625,23800.0,23306.1,13.9,13.9,12.7,12.9,495675,1744691340
2025-04-15 10:00:00,CE,ATM+10,18.899137,4804500,23800.0,23316.75,13.1,14.5,13.1,14.3,188025,1744691400
2025-04-15 10:01:00,CE,ATM+10,18.93118,4804500,23800.0,23311.3,14.35,14.5,13.8,13.9,125250,1744691460
2025-04-15 10:02:00,CE,ATM+10,18.999838,4804500,23800.0,23311.4,13.8,14.25,13.65,14.1,99825,1744691520
2025-04-15 10:03:00,CE,ATM+10,19.03681,4814850,23800.0,23309.15,14.3,14.45,13.85,14.0,324300,1744691580
2025-04-15 10:04:00,CE,ATM+10,19.078485,4814850,23800.0,23302.1,14.0,14.05,13.5,13.5,91875,1744691640
2025-04-15 10:05:00,CE,ATM+10,18.816192,4814850,23800.0,23313.8,13.5,14.1,13.5,13.75,148575,1744691700
2025-04-15 10:06:00,CE,ATM+10,18.628087,4846875,23800.0,23319.55,13.95,14.05,13.5,13.7,313200,1744691760
2025-04-15 10:07:00,CE,ATM+10,18.748212,4846875,23800.0,23317.95,13.85,14.25,13.75,13.9,168225,1744691820
2025-04-15 10:08:00,CE,ATM+10,18.570748,4846875,23800.0,23309.35,13.95,14.0,12.65,12.65,194625,1744691880
2025-04-15 10:09:00,CE,ATM+10,18.648291,4920450,23800.0,23306.85,12.55,12.85,12.1,12.65,210450,1744691940
2025-04-15 10:10:00,CE,ATM+10,18.586791,4920450,23800.0,23307.8,12.5,12.9,12.4,12.55,145350,1744692000
2025-04-15 10:11:00,CE,ATM+10,18.457444,4920450,23800.0,23307.95,12.45,12.55,11.9,12.2,219300,1744692060
2025-04-15 10:12:00,CE,ATM+10,18.459817,4922325,23800.0,23306.1,12.1,12.4,12.0,12.05,101400,1744692120
2025-04-15 10:13:00,CE,ATM+10,18.402191,4922325,23800.0,23311.25,12.2,12.55,12.2,12.3,85125,1744692180
2025-04-15 10:14:00,CE,ATM+10,18.158203,4922325,23800.0,23312.1,12.35,12.55,11.7,11.7,187350,1744692240
2025-04-15 10:15:00,CE,ATM+10,18.200135,4928850,23800.0,23314.55,11.9,12.2,11.9,12.0,111225,1744692300
2025-04-15 10:16:00,CE,ATM+10,18.188429,4928850,23800.0,23316.9,12.1,12.3,11.85,12.15,143700,1744692360
2025-04-15 10:17:00,CE,ATM+10,17.93919,4928850,23800.0,23310.8,12.15,12.15,11.0,11.0,176325,1744692420
2025-04-15 10:18:00,CE,ATM+10,17.856244,4899000,23800.0,23305.65,11.1,11.2,10.3,10.4,207225,1744692480
2025-04-15 10:19:00,CE,ATM+10,18.047861,4899000,23800.0,23301.2,10.35,10.55,10.1,10.55,399825,1744692540
2025-04-15 10:20:00,CE,ATM+10,18.117438,4899000,23800.0,23305.0,10.65,11.15,10.65,11.0,226200,1744692600
2025-04-15 10:21:00,CE,ATM+10,18.071713,4933725,23800.0,23308.65,11.0,11.3,10.7,11.15,166350,1744692660
2025-04-15 10:22:00,CE,ATM+10,18.048538,4933725,23800.0,23310.85,11.2,11.35,11.15,11.25,73650,1744692720
2025-04-15 10:23:00,CE,ATM+10,18.155761,4933725,23800.0,23308.6,11.25,11.35,11.2,11.35,67500,1744692780
2025-04-15 10:24:00,CE,ATM+10,18.132296,4922250,23800.0,23308.85,11.3,11.45,11.25,11.3,94875,1744692840
2025-04-15 10:25:00,CE,ATM+10,18.220031,4922250,23800.0,23311.75,11.25,11.9,11.25,11.75,133500,1744692900
2025-04-15 10:26:00,CE,ATM+10,18.270742,4922250,23800.0,23313.9,11.75,12.3,11.7,12.05,115800,1744692960
2025-04-15 10:27:00,CE,ATM+10,18.356157,4946550,23800.0,23313.6,12.05,12.55,11.9,12.25,165750,1744693020
2025-04-15 10:28:00,CE,ATM+10,18.368108,4946550,23800.0,23313.3,12.15,12.6,12.0,12.25,126300,1744693080
2025-04-15 10:29:00,CE,ATM+10,18.468598,4946550,23800.0,23314.9,12.15,12.85,12.15,12.65,127200,1744693140
2025-04-15 10:30:00,CE,ATM+10,18.444607,4948425,23800.0,23311.55,12.6,12.75,11.9,12.3,129000,1744693200
2025-04-15 10:31:00,CE,ATM+10,18.438746,4948425,23800.0,23308.75,12.3,12.3,11.9,12.05,76350,1744693260
2025-04-15 10:32:00,CE,ATM+10,18.366676,4948425,23800.0,23309.4,12.05,12.2,11.7,11.9,46125,1744693320
2025-04-15 10:33:00,CE,ATM+10,18.303612,4982400,23800.0,23311.0,11.85,12.05,11.65,11.85,69975,1744693380
2025-04-15 10:34:00,CE,ATM+10,18.169386,4982400,23800.0,23307.95,12.0,12.0,11.25,11.25,76200,1744693440
2025-04-15 10:35:00,CE,ATM+10,18.262032,4982400,23800.0,23308.15,11.35,11.55,11.2,11.5,115425,1744693500
2025-04-15 10:36:00,CE,ATM+10,18.274027,4968825,23800.0,23305.9,11.45,11.6,11.35,11.35,71100,1744693560
2025-04-15 10:37:00,CE,ATM+10,18.347692,4968825,23800.0,23304.15,11.4,11.6,11.3,11.4,64875,1744693620
2025-04-15 10:38:00,CE,ATM+10,18.186071,4968825,23800.0,23303.15,11.35,11.5,10.85,10.9,109200,1744693680
2025-04-15 10:39:00,CE,ATM+10,18.224036,4965075,23800.0,23306.6,10.9,11.35,10.9,11.25,51000,1744693740
2025-04-15 10:40:00,CE,ATM+10,18.27573,4965075,23800.0,23307.55,11.2,11.5,11.1,11.45,41325,1744693800
2025-04-15 10:41:00,CE,ATM+10,18.312647,4965075,23800.0,23306.4,11.45,11.55,11.2,11.45,38625,1744693860
2025-04-15 10:42:00,CE,ATM+10,18.1757,4892625,23800.0,23308.55,11.5,11.5,11.25,11.25,39150,1744693920
2025-04-15 10:43:00,CE,ATM+10,18.321921,4892625,23800.0,23311.4,11.3,11.85,11.3,11.85,108450,1744693980
2025-04-15 10:44:00,CE,ATM+10,18.34084,4892625,23800.0,23309.6,11.8,11.8,11.6,11.75,58500,1744694040
2025-04-15 10:45:00,CE,ATM+10,18.342386,4908825,23800.0,23309.65,11.7,11.9,11.7,11.75,50325,1744694100
2025-04-15 10:46:00,CE,ATM+10,18.192119,4908825,23800.0,23308.4,11.8,11.8,11.2,11.25,73350,1744694160
2025-04-15 10:47:00,CE,ATM+10,18.332288,4908825,23800.0,23305.7,11.3,11.6,11.3,11.4,69375,1744694220
2025-04-15 10:48:00,CE,ATM+10,18.413834,4927200,23800.0,23310.7,11.4,12.0,11.4,12.0,56400,1744694280
2025-04-15 10:49:00,CE,ATM+10,18.478096,4927200,23800.0,23311.75,12.0,12.35,11.95,12.25,109650,1744694340
2025-04-15 10:50:00,CE,ATM+10,18.532116,4927200,23800.0,23306.3,12.25,12.25,11.85,11.95,73650,1744694400
2025-04-15 10:51:00,CE,ATM+10,18.473394,4923975,23800.0,23313.95,11.95,12.45,11.9,12.4,191700,1744694460
2025-04-15 10:52:00,CE,ATM+10,18.478717,4923975,23800.0,23310.8,12.4,12.4,12.0,12.15,68250,1744694520
2025-04-15 10:53:00,CE,ATM+10,18.487419,4923975,23800.0,23306.85,12.1,12.2,11.85,11.85,71625,1744694580
2025-04-15 10:54:00,CE,ATM+10,18.375584,4959825,23800.0,23304.3,11.85,11.9,11.35,11.35,61800,1744694640
2025-04-15 10:55:00,CE,ATM+10,18.470005,4959825,23800.0,23304.45,11.35,11.65,11.35,11.6,93675,1744694700
2025-04-15 10:56:00,CE,ATM+10,18.405954,4959825,23800.0,23309.9,11.55,11.85,11.5,11.85,40350,1744694760
2025-04-15 10:57:00,CE,ATM+10,18.35374,4926150,23800.0,23305.35,11.85,11.9,11.35,11.35,65475,1744694820
2025-04-15 10:58:00,CE,ATM+10,18.399634,4926150,23800.0,23304.55,11.4,11.55,11.3,11.4,37725,1744694880
2025-04-15 10:59:00,CE,ATM+10,18.178094,4926150,23800.0,23309.55,11.35,11.5,11.2,11.2,58575,1744694940
2025-04-15 11:00:00,CE,ATM+10,18.094051,4933950,23800.0,23313.8,11.3,11.4,11.2,11.3,39825,1744695000
2025-04-15 11:01:00,CE,ATM+10,18.032083,4933950,23800.0,23314.05,11.3,11.4,10.9,11.15,69225,1744695060
2025-04-15 11:02:00,CE,ATM+10,18.090445,4933950,23800.0,23310.2,11.2,11.2,11.0,11.0,67725,1744695120
2025-04-15 11:03:00,CE,ATM+10,18.067644,4971150,23800.0,23309.75,10.95,10.95,10.65,10.9,84000,1744695180
2025-04-15 11:04:00,CE,ATM+10,17.989185,4971150,23800.0,23314.5,10.8,11.2,10.75,11.05,86700,1744695240
2025-04-15 11:05:00,CE,ATM+10,18.047934,4971150,23800.0,23311.95,11.05,11.15,10.9,11.0,75075,1744695300
2025-04-15 11:06:00,CE,ATM+10,18.023347,4971900,23800.0,23314.2,11.0,11.25,11.0,11.1,28425,1744695360
2025-04-15 11:07:00,CE,ATM+10,17.997661,4971900,23800.0,23313.2,11.05,11.1,10.9,10.95,43050,1744695420
2025-04-15 11:08:00,CE,ATM+10,18.202449,4971900,23800.0,23310.95,11.1,11.55,11.05,11.3,310575,1744695480
2025-04-15 11:09:00,CE,ATM+10,18.307503,4998225,23800.0,23308.8,11.35,11.45,11.3,11.4,110925,1744695540
2025-04-15 11:10:00,CE,ATM+10,18.272454,4998225,23800.0,23305.5,11.4,11.5,10.95,11.05,64950,1744695600
2025-04-15 11:11:00,CE,ATM+10,18.278389,4998225,23800.0,23302.05,11.0,11.0,10.75,10.8,117225,1744695660
2025-04-15 11:12:00,CE,ATM+10,18.38173,4984800,23800.0,23294.5,10.9,10.9,10.4,10.5,106200,1744695720
2025-04-15 11:13:00,CE,ATM+10,18.430484,4984800,23800.0,23295.7,10.4,10.7,10.4,10.7,74100,1744695780
2025-04-15 11:14:00,CE,ATM+10,18.42952,4984800,23800.0,23295.15,10.6,11.0,10.6,10.65,133425,1744695840
2025-04-15 11:15:00,CE,ATM+10,18.427024,4978650,23800.0,23294.65,10.65,10.75,10.55,10.6,73200,1744695900
2025-04-15 11:16:00,CE,ATM+10,18.333213,4978650,23800.0,23300.7,10.6,10.8,10.55,10.8,82725,1744695960
2025-04-15 11:17:00,CE,ATM+10,18.426066,4978650,23800.0,23294.2,10.8,10.8,10.5,10.55,81750,1744696020
2025-04-15 11:18:00,CE,ATM+10,18.28333,4991250,23800.0,23301.25,10.6,10.8,10.6,10.7,80475,1744696080
2025-04-15 11:19:00,CE,ATM+10,18.228589,4991250,23800.0,23303.9,10.7,10.85,10.65,10.75,127425,1744696140
2025-04-15 11:20:00,CE,ATM+10,18.224016,4991250,23800.0,23302.8,10.75,10.9,10.6,10.65,60225,1744696200
2025-04-15 11:21:00,CE,ATM+10,18.374988,4986900,23800.0,23301.15,10.7,10.9,10.55,10.9,96975,1744696260
2025-04-15 11:22:00,CE,ATM+10,18.334718,4986900,23800.0,23301.95,10.8,10.9,10.75,10.85,48900,1744696320
2025-04-15 11:23:00,CE,ATM+10,18.392791,4986900,23800.0,23299.4,10.85,10.95,10.8,10.8,33300,1744696380
2025-04-15 11:24:00,CE,ATM+10,18.321047,4853550,23800.0,23305.3,10.8,11.1,10.7,11.05,309150,1744696440
2025-04-15 11:25:00,CE,ATM+10,18.477934,4853550,23800.0,23311.1,11.05,11.9,11.0,11.9,159375,1744696500
2025-04-15 11:26:00,CE,ATM+10,18.359064,4853550,23800.0,23314.55,11.85,12.0,11.55,11.85,90450,1744696560
2025-04-15 11:27:00,CE,ATM+10,18.348959,4841475,23800.0,23313.1,11.85,12.05,11.5,11.7,117675,1744696620
2025-04-15 11:28:00,CE,ATM+10,18.378672,4841475,23800.0,23314.1,11.7,11.9,11.6,11.85,19725,1744696680
2025-04-15 11:29:00,CE,ATM+10,18.379788,4841475,23800.0,23311.0,11.9,11.95,11.5,11.6,90825,1744696740
2025-04-15 11:30:00,CE,ATM+10,18.281225,4873950,23800.0,23309.9,11.5,11.6,11.15,11.25,40875,1744696800
2025-04-15 11:31:00,CE,ATM+10,18.316274,4873950,23800.0,23306.85,11.25,11.3,11.05,11.1,35175,1744696860
2025-04-15 11:32:00,CE,ATM+10,18.423711,4873950,23800.0,23305.3,11.15,11.45,11.0,11.25,58275,1744696920
2025-04-15 11:33:00,CE,ATM+10,18.402883,4914675,23800.0,23305.45,11.25,11.35,11.15,11.2,48300,1744696980
2025-04-15 11:34:00,CE,ATM+10,18.245674,4914675,23800.0,23305.55,11.2,11.2,10.75,10.8,99300,1744697040
2025-04-15 11:35:00,CE,ATM+10,18.320073,4914675,23800.0,23302.45,10.8,11.0,10.7,10.75,68100,1744697100
2025-04-15 11:36:00,CE,ATM+10,18.375099,4911150,23800.0,23306.7,10.85,11.2,10.8,11.2,46125,1744697160
2025-04-15 11:37:00,CE,ATM+10,18.262375,4911150,23800.0,23309.95,11.2,11.35,11.05,11.15,74925,1744697220
2025-04-15 11:38:00,CE,ATM+10,18.335305,4911150,23800.0,23308.25,11.15,11.2,11.05,11.2,38250,1744697280
2025-04-15 11:39:00,CE,ATM+10,18.326047,4932225,23800.0,23307.35,11.15,11.3,11.1,11.1,22725,1744697340
2025-04-15 11:40:00,CE,ATM+10,18.334273,4932225,23800.0,23305.85,11.0,11.1,10.95,11.0,53250,1744697400
2025-04-15 11:41:00,CE,ATM+10,18.371351,4932225,23800.0,23304.7,11.0,11.15,10.85,11.0,43425,1744697460
2025-04-15 11:42:00,CE,ATM+10,18.36246,4954050,23800.0,23307.75,11.0,11.2,11.0,11.2,57900,1744697520
2025-04-15 11:43:00,CE,ATM+10,18.373121,4954050,23800.0,23308.15,11.2,11.35,11.1,11.25,44100,1744697580
2025-04-15 11:44:00,CE,ATM+10,18.394387,4954050,23800.0,23304.9,11.35,11.35,11.0,11.05,43950,1744697640
2025-04-15 11:45:00,CE,ATM+10,18.384157,4954725,23800.0,23305.35,11.05,11.2,10.95,11.05,25650,1744697700
2025-04-15 11:46:00,CE,ATM+10,18.286389,4954725,23800.0,23302.7,11.05,11.05,10.6,10.6,57450,1744697760
2025-04-15 11:47:00,CE,ATM+10,18.397058,4954725,23800.0,23298.35,10.6,10.65,10.45,10.55,69525,1744697820
2025-04-15 11:48:00,CE,ATM+10,18.515671,4950450,23800.0,23297.85,10.55,10.8,10.55,10.8,57600,1744697880
2025-04-15 11:49:00,CE,ATM+10,18.437388,4950450,23800.0,23299.25,10.8,10.9,10.7,10.7,72450,1744697940
2025-04-15 11:50:00,CE,ATM+10,18.431661,4950450,23800.0,23299.55,10.7,10.7,10.6,10.7,31200,1744698000
2025-04-15 11:51:00,CE,ATM+10,18.417154,4966200,23800.0,23296.7,10.65,10.65,10.3,10.45,60225,1744698060
2025-04-15 11:52:00,CE,ATM+10,18.444852,4966200,23800.0,23297.25,10.5,10.6,10.35,10.55,36750,1744698120
2025-04-15 11:53:00,CE,ATM+10,18.315091,4966200,23800.0,23304.5,10.65,10.9,10.55,10.75,37800,1744698180
2025-04-15 11:54:00,CE,ATM+10,18.258351,4955700,23800.0,23305.85,10.75,10.85,10.7,10.7,30300,1744698240
2025-04-15 11:55:00,CE,ATM+10,18.264089,4955700,23800.0,23308.45,10.75,10.9,10.7,10.9,39900,1744698300
2025-04-15 11:56:00,CE,ATM+10,18.223167,4955700,23800.0,23310.6,10.85,11.0,10.85,10.95,22125,1744698360
2025-04-15 11:57:00,CE,ATM+10,18.135918,4982250,23800.0,23311.65,10.85,10.9,10.8,10.8,29175,1744698420
2025-04-15 11:58:00,CE,ATM+10,18.072681,4982250,23800.0,23312.55,10.8,10.85,10.65,10.7,24750,1744698480
2025-04-15 11:59:00,CE,ATM+10,18.107979,4982250,23800.0,23312.8,10.65,10.8,10.65,10.8,32100,1744698540
2025-04-15 12:00:00,CE,ATM+10,18.140472,4976475,23800.0,23313.8,10.75,10.95,10.75,10.95,26250,1744698600
2025-04-15 12:01:00,CE,ATM+10,18.053088,4976475,23800.0,23317.5,10.9,11.05,10.85,11.0,49200,1744698660
2025-04-15 12:02:00,CE,ATM+10,18.066761,4976475,23800.0,23314.5,11.0,11.05,10.7,10.8,57150,1744698720
2025-04-15 12:03:00,CE,ATM+10,18.040153,4993650,23800.0,23315.5,10.8,10.85,10.7,10.8,41625,1744698780
2025-04-15 12:04:00,CE,ATM+10,18.00381,4993650,23800.0,23318.15,10.8,10.95,10.75,10.9,39225,1744698840
2025-04-15 12:05:00,CE,ATM+10,17.990216,4993650,23800.0,23318.05,10.95,10.95,10.75,10.85,36975,1744698900
2025-04-15 12:06:00,CE,ATM+10,18.000984,5002275,23800.0,23318.45,10.9,11.0,10.85,10.9,23100,1744698960
2025-04-15 12:07:00,CE,ATM+10,18.211873,5002275,23800.0,23314.75,10.95,11.15,10.85,11.15,110700,1744699020
2025-04-15 12:08:00,CE,ATM+10,18.106013,5002275,23800.0,23318.4,11.05,11.35,10.95,11.15,83175,1744699080
2025-04-15 12:09:00,CE,ATM+10,18.820573,1317075,23850.0,23325.5,9.2,9.9,9.2,9.9,83325,1744699140
2025-04-15 12:10:00,CE,ATM+10,18.756207,1317075,23850.0,23325.6,9.85,9.85,9.5,9.75,64800,1744699200
2025-04-15 12:11:00,CE,ATM+10,18.85297,1317075,23850.0,23329.0,10.05,10.25,9.75,10.2,139650,1744699260
2025-04-15 12:12:00,CE,ATM+10,18.751385,1343400,23850.0,23331.15,10.3,10.3,9.9,10.1,52350,1744699320
2025-04-15 12:13:00,CE,ATM+10,18.787155,1343400,23850.0,23329.3,10.1,10.25,10.0,10.05,50400,1744699380
2025-04-15 12:14:00,CE,ATM+10,18.716999,1343400,23850.0,23332.55,10.05,10.2,9.95,10.1,25725,1744699440
2025-04-15 12:15:00,CE,ATM+10,18.69475,1321650,23850.0,23330.5,10.2,10.25,9.9,9.9,51450,1744699500
2025-04-15 12:16:00,CE,ATM+10,18.677168,1321650,23850.0,23331.95,10.0,10.0,9.6,9.95,69600,1744699560
2025-04-15 12:17:00,CE,ATM+10,18.607918,1321650,23850.0,23330.0,9.8,9.85,9.6,9.65,43425,1744699620
2025-04-15 12:18:00,CE,ATM+10,18.539912,1319100,23850.0,23333.95,9.65,9.85,9.65,9.75,28800,1744699680
2025-04-15 12:19:00,CE,ATM+10,18.466227,1319100,23850.0,23336.6,9.75,10.3,9.7,9.75,97725,1744699740
2025-04-15 12:20:00,CE,ATM+10,18.362962,1319100,23850.0,23336.55,9.8,9.95,9.5,9.5,97275,1744699800
2025-04-15 12:21:00,CE,ATM+10,18.44308,1331025,23850.0,23338.35,9.55,9.9,9.5,9.8,38775,1744699860
2025-04-15 12:22:00,CE,ATM+10,18.391458,1331025,23850.0,23339.5,9.85,9.9,9.65,9.75,45225,1744699920
2025-04-15 12:23:00,CE,ATM+10,18.311208,1331025,23850.0,23336.4,9.75,9.8,9.35,9.35,28200,1744699980
2025-04-15 12:24:00,CE,ATM+10,18.35352,1332900,23850.0,23335.8,9.35,9.5,9.25,9.4,89475,1744700040
2025-04-15 12:25:00,CE,ATM+10,18.375403,1332900,23850.0,23335.15,9.4,9.5,9.3,9.4,15750,1744700100
2025-04-15 12:26:00,CE,ATM+10,18.246774,1332900,23850.0,23335.9,9.4,9.45,9.05,9.15,42075,1744700160
2025-04-15 12:27:00,CE,ATM+10,18.362255,1333275,23850.0,23334.3,9.15,9.3,9.0,9.3,76650,1744700220
2025-04-15 12:28:00,CE,ATM+10,18.384953,1333275,23850.0,23338.15,9.3,9.7,9.3,9.6,79875,1744700280
2025-04-15 12:29:00,CE,ATM+10,18.454388,1333275,23850.0,23337.35,9.6,9.75,9.6,9.7,52200,1744700340
2025-04-15 12:30:00,CE,ATM+10,18.331946,1320225,23850.0,23337.95,9.7,9.8,9.45,9.45,75375,1744700400
2025-04-15 12:31:00,CE,ATM+10,18.324457,1320225,23850.0,23341.3,9.45,9.65,9.45,9.65,35250,1744700460
2025-04-15 12:32:00,CE,ATM+10,18.294463,1320225,23850.0,23341.7,9.65,9.7,9.55,9.6,21000,1744700520
2025-04-15 12:33:00,CE,ATM+10,18.308531,1321425,23850.0,23342.8,9.7,9.75,9.6,9.7,15300,1744700580
2025-04-15 12:34:00,CE,ATM+10,18.436354,1321425,23850.0,23345.75,9.65,10.2,9.65,10.2,114450,1744700640
2025-04-15 12:35:00,CE,ATM+10,18.26783,1321425,23850.0,23346.6,10.3,10.3,9.85,9.85,121800,1744700700
2025-04-15 12:36:00,CE,ATM+10,18.302282,1331700,23850.0,23344.8,9.85,9.95,9.7,9.8,44925,1744700760
2025-04-15 12:37:00,CE,ATM+10,18.345603,1331700,23850.0,23344.15,9.75,9.9,9.75,9.85,17625,1744700820
2025-04-15 12:38:00,CE,ATM+10,18.253873,1331700,23850.0,23343.0,9.85,9.95,9.55,9.55,26475,1744700880
2025-04-15 12:39:00,CE,ATM+10,18.280694,1338075,23850.0,23344.4,9.55,9.75,9.5,9.7,10650,1744700940
2025-04-15 12:40:00,CE,ATM+10,18.340157,1338075,23850.0,23343.2,9.7,9.8,9.6,9.75,17100,1744701000
2025-04-15 12:41:00,CE,ATM+10,18.319386,1338075,23850.0,23344.75,9.75,9.8,9.7,9.8,13350,1744701060
2025-04-15 12:42:00,CE,ATM+10,18.227419,1353150,23850.0,23342.85,9.8,9.85,9.45,9.45,28800,1744701120
2025-04-15 12:43:00,CE,ATM+10,18.154055,1353150,23850.0,23340.95,9.45,9.45,9.1,9.15,65550,1744701180
2025-04-15 12:44:00,CE,ATM+10,18.196593,1353150,23850.0,23340.35,9.15,9.35,9.05,9.2,21075,1744701240
2025-04-15 12:45:00,CE,ATM+10,18.153458,1359225,23850.0,23341.95,9.2,9.25,9.05,9.2,39750,1744701300
2025-04-15 12:46:00,CE,ATM+10,18.217913,1359225,23850.0,23341.35,9.2,9.35,9.15,9.3,33900,1744701360
2025-04-15 12:47:00,CE,ATM+10,18.177579,1359225,23850.0,23342.85,9.25,9.35,9.25,9.3,10575,1744701420
2025-04-15 12:48:00,CE,ATM+10,18.236004,1357500,23850.0,23342.45,9.35,9.4,9.25,9.4,14700,1744701480
2025-04-15 12:49:00,CE,ATM+10,18.292794,1357500,23850.0,23342.1,9.4,9.5,9.25,9.5,21375,1744701540
2025-04-15 12:50:00,CE,ATM+10,18.191373,1357500,23850.0,23344.95,9.45,9.5,9.25,9.45,21300,1744701600
2025-04-15 12:51:00,CE,ATM+10,18.197431,1349025,23850.0,23343.35,9.45,9.45,9.15,9.35,12675,1744701660
2025-04-15 12:52:00,CE,ATM+10,18.180112,1349025,23850.0,23340.25,9.35,9.35,9.0,9.1,21825,1744701720
2025-04-15 12:53:00,CE,ATM+10,18.160965,1349025,23850.0,23340.25,9.05,9.1,9.0,9.05,24900,1744701780
2025-04-15 12:54:00,CE,ATM+10,18.051997,1378800,23850.0,23335.45,9.05,9.05,8.5,8.5,53550,1744701840
2025-04-15 12:55:00,CE,ATM+10,18.163773,1378800,23850.0,23337.25,8.6,8.9,8.55,8.85,33450,1744701900
2025-04-15 12:56:00,CE,ATM+10,18.112228,1378800,23850.0,23339.15,8.85,9.0,8.8,8.85,39000,1744701960
2025-04-15 12:57:00,CE,ATM+10,18.246868,1357800,23850.0,23336.15,8.9,9.0,8.85,8.95,82950,1744702020
2025-04-15 12:58:00,CE,ATM+10,18.217711,1357800,23850.0,23338.05,8.95,9.05,8.95,9.0,19575,1744702080
2025-04-15 12:59:00,CE,ATM+10,18.295102,1357800,23850.0,23337.8,9.05,9.25,9.05,9.15,34725,1744702140
2025-04-15 13:00:00,CE,ATM+10,18.198807,1368975,23850.0,23342.0,9.15,9.25,9.05,9.2,10200,1744702200
2025-04-15 13:01:00,CE,ATM+10,18.140036,1368975,23850.0,23346.4,9.2,9.45,9.15,9.35,50400,1744702260
2025-04-15 13:02:00,CE,ATM+10,18.199601,1368975,23850.0,23346.7,9.35,9.55,9.3,9.5,28875,1744702320
2025-04-15 13:03:00,CE,ATM+10,18.156288,1368975,23850.0,23347.55,9.45,9.55,9.35,9.45,17700,1744702380
2025-04-15 13:04:00,CE,ATM+10,18.153725,1352175,23850.0,23345.5,9.5,9.5,9.3,9.3,19650,1744702440
2025-04-15 13:05:00,CE,ATM+10,18.164183,1352175,23850.0,23346.0,9.3,9.45,9.3,9.35,26625,1744702500
2025-04-15 13:06:00,CE,ATM+10,18.159601,1344375,23850.0,23348.5,9.35,9.6,9.3,9.5,41175,1744702560
2025-04-15 13:07:00,CE,ATM+10,18.138387,1344375,23850.0,23346.35,9.45,9.5,9.3,9.3,20550,1744702620
2025-04-15 13:08:00,CE,ATM+10,18.183617,1344375,23850.0,23347.15,9.3,9.45,9.25,9.45,32175,1744702680
2025-04-15 13:09:00,CE,ATM+10,18.173593,1344375,23850.0,23344.6,9.4,9.55,9.15,9.25,42675,1744702740
2025-04-15 13:10:00,CE,ATM+10,18.245257,1362075,23850.0,23343.0,9.25,9.35,9.05,9.3,26625,1744702800
2025-04-15 13:11:00,CE,ATM+10,18.175336,1362075,23850.0,23341.7,9.2,9.2,9.05,9.05,16875,1744702860
2025-04-15 13:12:00,CE,ATM+10,18.222658,1377675,23850.0,23339.4,9.1,9.2,8.95,9.0,54975,1744702920
2025-04-15 13:13:00,CE,ATM+10,18.200446,1377675,23850.0,23341.05,9.05,9.1,8.95,9.05,12525,1744702980
2025-04-15 13:14:00,CE,ATM+10,18.233,1377675,23850.0,23337.7,9.05,9.05,8.85,8.9,26325,1744703040
2025-04-15 13:15:00,CE,ATM+10,18.237075,1377675,23850.0,23338.45,8.85,9.0,8.75,8.95,46425,1744703100
2025-04-15 13:16:00,CE,ATM+10,18.289374,1377300,23850.0,23336.75,8.9,9.05,8.9,8.95,17850,1744703160
2025-04-15 13:17:00,CE,ATM+10,18.223677,1377300,23850.0,23338.35,8.95,9.0,8.85,8.9,15000,1744703220
2025-04-15 13:18:00,CE,ATM+10,18.193378,1384575,23850.0,23335.55,8.9,8.95,8.65,8.65,33450,1744703280
2025-04-15 13:19:00,CE,ATM+10,18.247519,1384575,23850.0,23331.35,8.55,8.6,8.45,8.5,46575,1744703340
2025-04-15 13:20:00,CE,ATM+10,18.271412,1384575,23850.0,23332.25,8.55,8.7,8.5,8.6,35175,1744703400
2025-04-15 13:21:00,CE,ATM+10,18.216371,1404825,23850.0,23327.7,8.55,8.65,8.15,8.2,66900,1744703460
2025-04-15 13:22:00,CE,ATM+10,18.096431,1404825,23850.0,23334.5,8.15,8.4,8.15,8.35,31500,1744703520
2025-04-15 13:23:00,CE,ATM+10,18.105184,1404825,23850.0,23336.75,8.4,8.65,8.4,8.5,33600,1744703580
2025-04-15 13:24:00,CE,ATM+10,18.168539,1404825,23850.0,23332.2,8.5,8.55,8.3,8.35,23775,1744703640
2025-04-15 13:25:00,CE,ATM+10,18.117862,1396050,23850.0,23334.9,8.35,8.4,8.25,8.4,20100,1744703700
2025-04-15 13:26:00,CE,ATM+10,18.158757,1396050,23850.0,23334.4,8.4,8.5,8.3,8.45,40350,1744703760
2025-04-15 13:27:00,CE,ATM+10,18.210679,1396050,23850.0,23332.7,8.45,8.5,8.45,8.45,13650,1744703820
2025-04-15 13:28:00,CE,ATM+10,18.052262,1386900,23850.0,23332.55,8.4,8.5,8.1,8.1,36600,1744703880
2025-04-15 13:29:00,CE,ATM+10,17.984371,1386900,23850.0,23334.2,7.95,8.25,7.95,8.05,53475,1744703940
2025-04-15 13:30:00,CE,ATM+10,18.032523,1386900,23850.0,23326.6,8.05,8.15,7.7,7.7,93600,1744704000
2025-04-15 13:31:00,CE,ATM+10,18.034051,1412100,23850.0,23328.4,7.7,7.85,7.65,7.8,57975,1744704060
2025-04-15 13:32:00,CE,ATM+10,17.980612,1412100,23850.0,23335.5,7.85,8.2,7.85,8.1,35925,1744704120
2025-04-15 13:33:00,CE,ATM+10,18.008441,1412100,23850.0,23332.1,8.2,8.2,7.95,7.95,16950,1744704180
2025-04-15 13:34:00,CE,ATM+10,17.943048,1383075,23850.0,23332.8,7.95,8.0,7.8,7.85,24300,1744704240
2025-04-15 13:35:00,CE,ATM+10,17.968891,1383075,23850.0,23335.4,7.85,8.05,7.85,8.05,36300,1744704300
2025-04-15 13:36:00,CE,ATM+10,18.071959,1383075,23850.0,23331.05,8.05,8.15,7.95,8.0,13200,1744704360
2025-04-15 13:37:00,CE,ATM+10,18.039515,1380750,23850.0,23326.25,8.0,8.0,7.65,7.65,44025,1744704420
2025-04-15 13:38:00,CE,ATM+10,18.029686,1380750,23850.0,23331.05,7.65,7.9,7.65,7.9,14100,1744704480
2025-04-15 13:39:00,CE,ATM+10,18.166731,1380750,23850.0,23327.2,7.9,8.0,7.8,7.95,9900,1744704540
2025-04-15 13:40:00,CE,ATM+10,18.162914,1381875,23850.0,23329.15,7.85,8.05,7.85,8.05,22125,1744704600
2025-04-15 13:41:00,CE,ATM+10,18.163098,1381875,23850.0,23327.55,8.05,8.05,7.9,7.95,15450,1744704660
2025-04-15 13:42:00,CE,ATM+10,18.1077,1381875,23850.0,23328.75,7.95,8.0,7.9,7.9,26025,1744704720
2025-04-15 13:43:00,CE,ATM+10,18.092361,1390575,23850.0,23329.4,7.9,7.95,7.9,7.9,19725,1744704780
2025-04-15 13:44:00,CE,ATM+10,18.144119,1390575,23850.0,23328.55,7.9,8.0,7.9,7.95,10275,1744704840
2025-04-15 13:45:00,CE,ATM+10,18.198728,1390575,23850.0,23328.45,7.95,8.25,7.95,8.05,12975,1744704900
2025-04-15 13:46:00,CE,ATM+10,17.550844,5161950,23800.0,23324.0,9.7,9.8,9.45,9.45,91050,1744704960
2025-04-15 13:47:00,CE,ATM+10,17.605244,5161950,23800.0,23323.7,9.45,9.55,9.45,9.55,33450,1744705020
2025-04-15 13:48:00,CE,ATM+10,17.611884,5161950,23800.0,23325.0,9.45,9.65,9.45,9.65,33450,1744705080
2025-04-15 13:49:00,CE,ATM+10,17.530412,5163975,23800.0,23325.0,9.6,9.65,9.45,9.45,27600,1744705140
2025-04-15 13:50:00,CE,ATM+10,18.261736,1398750,23850.0,23326.8,7.9,8.1,7.9,8.05,10350,1744705200
2025-04-15 13:51:00,CE,ATM+10,18.299188,1398750,23850.0,23325.6,8.1,8.2,8.0,8.05,30150,1744705260
2025-04-15 13:52:00,CE,ATM+10,18.254692,1396275,23850.0,23329.8,8.1,8.2,8.05,8.2,9450,1744705320
2025-04-15 13:53:00,CE,ATM+10,18.351038,1396275,23850.0,23329.05,8.3,8.35,8.15,8.35,17250,1744705380
2025-04-15 13:54:00,CE,ATM+10,18.386839,1396275,23850.0,23326.25,8.3,8.35,8.25,8.25,7200,1744705440
2025-04-15 13:55:00,CE,ATM+10,18.386157,1392075,23850.0,23329.7,8.15,8.45,8.15,8.45,14550,1744705500
2025-04-15 13:56:00,CE,ATM+10,18.480586,1392075,23850.0,23331.4,8.45,8.75,8.4,8.75,46650,1744705560
2025-04-15 13:57:00,CE,ATM+10,18.480471,1392075,23850.0,23329.1,8.75,8.8,8.55,8.6,46050,1744705620
2025-04-15 13:58:00,CE,ATM+10,18.420152,1379325,23850.0,23331.3,8.65,8.65,8.55,8.6,26025,1744705680
2025-04-15 13:59:00,CE,ATM+10,18.489038,1379325,23850.0,23325.75,8.6,8.6,8.25,8.4,33375,1744705740
2025-04-15 14:00:00,CE,ATM+10,18.452688,1379325,23850.0,23327.95,8.4,8.55,8.4,8.45,25725,1744705800
2025-04-15 14:01:00,CE,ATM+10,18.38469,1381800,23850.0,23329.6,8.5,8.5,8.4,8.4,17850,1744705860
2025-04-15 14:02:00,CE,ATM+10,18.371715,1381800,23850.0,23331.8,8.4,8.5,8.3,8.5,14700,1744705920
2025-04-15 14:03:00,CE,ATM+10,18.521185,1381800,23850.0,23327.55,8.6,8.6,8.5,8.55,45150,1744705980
2025-04-15 14:04:00,CE,ATM+10,17.668276,5247675,23800.0,23323.35,10.1,10.2,9.55,9.55,86550,1744706040
2025-04-15 14:05:00,CE,ATM+10,17.687759,5247675,23800.0,23322.8,9.5,9.65,9.35,9.55,106350,1744706100
2025-04-15 14:06:00,CE,ATM+10,17.45035,5247675,23800.0,23323.65,9.55,9.6,9.05,9.05,126375,1744706160
2025-04-15 14:07:00,CE,ATM+10,17.881583,1498425,23850.0,23325.25,7.4,7.5,6.95,7.1,337125,1744706220
2025-04-15 14:08:00,CE,ATM+10,17.142504,5235000,23800.0,23324.5,8.7,8.8,8.3,8.4,252150,1744706280
2025-04-15 14:09:00,CE,ATM+10,17.212358,5235000,23800.0,23320.65,8.4,8.7,8.25,8.3,131400,1744706340
2025-04-15 14:10:00,CE,ATM+10,17.182739,5243175,23800.0,23318.6,8.25,8.3,8.1,8.1,144900,1744706400
2025-04-15 14:11:00,CE,ATM+10,17.190942,5243175,23800.0,23316.0,8.05,8.1,7.85,7.95,195075,1744706460
2025-04-15 14:12:00,CE,ATM+10,17.136412,5243175,23800.0,23321.2,8.0,8.3,7.95,8.15,139875,1744706520
2025-04-15 14:13:00,CE,ATM+10,17.231803,5270850,23800.0,23320.4,8.2,8.35,8.15,8.3,83925,1744706580
2025-04-15 14:14:00,CE,ATM+10,17.828703,1696500,23850.0,23326.05,6.8,7.0,6.75,7.0,69600,1744706640
2025-04-15 14:15:00,CE,ATM+10,17.879,1696500,23850.0,23329.9,7.0,7.3,7.0,7.3,65700,1744706700
2025-04-15 14:16:00,CE,ATM+10,17.901997,1695450,23850.0,23331.0,7.3,7.4,7.3,7.4,44550,1744706760
2025-04-15 14:17:00,CE,ATM+10,17.884916,1695450,23850.0,23326.25,7.45,7.45,7.05,7.1,68400,1744706820
2025-04-15 14:18:00,CE,ATM+10,17.115587,5273325,23800.0,23324.9,8.5,8.55,8.25,8.3,54525,1744706880
2025-04-15 14:19:00,CE,ATM+10,17.755827,1706025,23850.0,23329.2,6.8,7.1,6.8,7.0,33000,1744706940
2025-04-15 14:20:00,CE,ATM+10,17.738692,1706025,23850.0,23327.1,7.0,7.05,6.85,6.85,34200,1744707000
2025-04-15 14:21:00,CE,ATM+10,17.719871,1706025,23850.0,23330.7,6.85,7.05,6.8,7.0,29400,1744707060
2025-04-15 14:22:00,CE,ATM+10,17.778023,1705950,23850.0,23330.6,7.05,7.1,6.9,7.1,27225,1744707120
2025-04-15 14:23:00,CE,ATM+10,17.774633,1705950,23850.0,23331.75,7.1,7.25,7.1,7.15,24975,1744707180
2025-04-15 14:24:00,CE,ATM+10,17.758901,1705950,23850.0,23331.5,7.15,7.15,7.0,7.1,19950,1744707240
2025-04-15 14:25:00,CE,ATM+10,17.831188,1702650,23850.0,23333.6,7.1,7.4,7.0,7.35,73575,1744707300
2025-04-15 14:26:00,CE,ATM+10,17.717216,1702650,23850.0,23331.35,7.3,7.35,7.0,7.0,36825,1744707360
2025-04-15 14:27:00,CE,ATM+10,17.71836,1702650,23850.0,23326.7,7.0,7.0,6.7,6.75,52125,1744707420
2025-04-15 14:28:00,CE,ATM+10,17.004465,5262150,23800.0,23324.2,8.25,8.25,7.9,7.95,141750,1744707480
2025-04-15 14:29:00,CE,ATM+10,16.942222,5262150,23800.0,23323.2,8.0,8.15,7.75,7.75,107775,1744707540
2025-04-15 14:30:00,CE,ATM+10,17.061291,5262150,23800.0,23316.7,7.65,7.7,7.4,7.6,313575,1744707600
2025-04-15 14:31:00,CE,ATM+10,17.020169,5330850,23800.0,23315.7,7.65,7.75,7.3,7.45,223800,1744707660
2025-04-15 14:32:00,CE,ATM+10,16.953992,5330850,23800.0,23318.95,7.45,7.55,7.3,7.5,90375,1744707720
2025-04-15 14:33:00,CE,ATM+10,16.920849,5330850,23800.0,23316.8,7.45,7.45,7.2,7.3,102375,1744707780
2025-04-15 14:34:00,CE,ATM+10,16.826294,5323425,23800.0,23315.85,7.25,7.25,7.05,7.05,63300,1744707840
2025-04-15 14:35:00,CE,ATM+10,17.027894,5323425,23800.0,23316.7,7.05,7.5,7.05,7.5,276300,1744707900
2025-04-15 14:36:00,CE,ATM+10,17.036166,5323425,23800.0,23318.2,7.45,7.65,7.4,7.6,91275,1744707960
2025-04-15 14:37:00,CE,ATM+10,17.033419,5373975,23800.0,23318.4,7.6,7.65,7.55,7.6,111225,1744708020
2025-04-15 14:38:00,CE,ATM+10,16.917533,5373975,23800.0,23319.15,7.55,7.65,7.35,7.4,201450,1744708080
2025-04-15 14:39:00,CE,ATM+10,16.93892,5373975,23800.0,23316.8,7.45,7.5,7.3,7.3,55125,1744708140
2025-04-15 14:40:00,CE,ATM+10,16.947505,5424225,23800.0,23309.55,7.2,7.25,6.9,6.9,186600,1744708200
2025-04-15 14:41:00,CE,ATM+10,16.949122,5424225,23800.0,23310.5,6.9,7.1,6.85,6.95,116025,1744708260
2025-04-15 14:42:00,CE,ATM+10,16.924578,5424225,23800.0,23313.25,6.95,7.05,6.95,7.05,70650,1744708320
2025-04-15 14:43:00,CE,ATM+10,16.929376,5429700,23800.0,23309.6,7.0,7.05,6.8,6.85,189825,1744708380
2025-04-15 14:44:00,CE,ATM+10,16.854471,5429700,23800.0,23309.6,6.9,6.9,6.65,6.7,118950,1744708440
2025-04-15 14:45:00,CE,ATM+10,16.785766,5429700,23800.0,23316.65,6.7,6.95,6.65,6.95,90450,1744708500
2025-04-15 14:46:00,CE,ATM+10,16.786109,5418975,23800.0,23315.85,6.9,7.1,6.9,6.9,198225,1744708560
2025-04-15 14:47:00,CE,ATM+10,16.844684,5418975,23800.0,23317.45,6.9,7.15,6.9,7.1,221700,1744708620
2025-04-15 14:48:00,CE,ATM+10,16.853019,5418975,23800.0,23315.5,7.15,7.25,6.95,7.0,111300,1744708680
2025-04-15 14:49:00,CE,ATM+10,16.662197,5380125,23800.0,23323.15,7.0,7.05,6.9,7.05,71325,1744708740
2025-04-15 14:50:00,CE,ATM+10,16.68161,5380125,23800.0,23321.7,7.0,7.15,6.95,7.0,138300,1744708800
2025-04-15 14:51:00,CE,ATM+10,17.284874,1669575,23850.0,23325.8,5.9,5.9,5.75,5.8,55350,1744708860
2025-04-15 14:52:00,CE,ATM+10,16.676052,5318025,23800.0,23323.85,7.05,7.1,6.95,7.1,73350,1744708920
2025-04-15 14:53:00,CE,ATM+10,16.798145,5318025,23800.0,23322.3,7.05,7.25,7.0,7.25,152475,1744708980
2025-04-15 14:54:00,CE,ATM+10,16.820497,5318025,23800.0,23319.9,7.15,7.25,7.15,7.15,68625,1744709040
2025-04-15 14:55:00,CE,ATM+10,16.750994,5326950,23800.0,23319.8,7.1,7.15,6.95,7.0,127200,1744709100
2025-04-15 14:56:00,CE,ATM+10,16.689079,5326950,23800.0,23317.6,6.95,7.0,6.75,6.75,88875,1744709160
2025-04-15 14:57:00,CE,ATM+10,16.810533,5326950,23800.0,23314.35,6.8,6.85,6.75,6.8,75300,1744709220
2025-04-15 14:58:00,CE,ATM+10,16.742651,5346900,23800.0,23314.1,6.75,6.8,6.6,6.65,105975,1744709280
2025-04-15 14:59:00,CE,ATM+10,16.779031,5346900,23800.0,23312.0,6.65,6.8,6.55,6.6,103875,1744709340
2025-04-15 15:00:00,CE,ATM+10,16.685541,5346900,23800.0,23312.6,6.55,6.55,6.25,6.45,298350,1744709400
2025-04-15 15:01:00,CE,ATM+10,16.592657,5443200,23800.0,23317.85,6.45,6.6,6.4,6.55,174225,1744709460
2025-04-15 15:02:00,CE,ATM+10,16.643033,5443200,23800.0,23315.25,6.65,6.7,6.45,6.5,139650,1744709520
2025-04-15 15:03:00,CE,ATM+10,16.519052,5443200,23800.0,23320.65,6.55,6.55,6.4,6.55,85350,1744709580
2025-04-15 15:04:00,CE,ATM+10,16.546293,5462850,23800.0,23317.0,6.6,6.7,6.4,6.4,149025,1744709640
2025-04-15 15:05:00,CE,ATM+10,16.451033,5462850,23800.0,23323.25,6.45,6.6,6.4,6.55,158625,1744709700
2025-04-15 15:06:00,CE,ATM+10,16.608983,5462850,23800.0,23317.8,6.65,6.65,6.45,6.55,157950,1744709760
2025-04-15 15:07:00,CE,ATM+10,16.512951,5501700,23800.0,23322.2,6.55,6.7,6.5,6.6,155100,1744709820
2025-04-15 15:08:00,CE,ATM+10,16.679331,5501700,23800.0,23321.0,6.7,6.85,6.65,6.85,186900,1744709880
2025-04-15 15:09:00,CE,ATM+10,16.813396,5501700,23800.0,23320.85,6.85,7.1,6.85,7.1,94800,1744709940
2025-04-15 15:10:00,CE,ATM+10,16.909737,5516925,23800.0,23319.35,7.1,7.25,6.95,7.2,204150,1744710000
2025-04-15 15:11:00,CE,ATM+10,17.032243,5516925,23800.0,23318.65,7.2,7.5,7.2,7.4,189225,1744710060
2025-04-15 15:12:00,CE,ATM+10,17.178017,5516925,23800.0,23319.6,7.45,7.8,7.45,7.75,174375,1744710120
2025-04-15 15:13:00,CE,ATM+10,17.24234,5514975,23800.0,23317.5,7.8,7.8,7.6,7.75,229125,1744710180
2025-04-15 15:14:00,CE,ATM+10,17.35025,5514975,23800.0,23321.2,7.8,8.2,7.65,8.2,313425,1744710240
2025-04-15 15:15:00,CE,ATM+10,17.199322,5514975,23800.0,23322.45,8.35,8.35,7.95,7.95,431100,1744710300
2025-04-15 15:16:00,CE,ATM+10,17.877793,2005650,23850.0,23330.35,6.5,7.0,6.35,6.95,278625,1744710360
2025-04-15 15:17:00,CE,ATM+10,18.234884,2005650,23850.0,23327.1,7.05,7.45,6.9,7.45,150825,1744710420
2025-04-15 15:18:00,CE,ATM+10,18.385,2005650,23850.0,23331.6,7.45,8.0,7.3,8.0,85650,1744710480
2025-04-15 15:19:00,CE,ATM+10,18.290798,1995600,23850.0,23328.05,7.9,7.95,7.55,7.6,117000,1744710540
2025-04-15 15:20:00,CE,ATM+10,18.318938,1995600,23850.0,23334.95,7.75,8.1,7.7,8.05,176550,1744710600
2025-04-15 15:21:00,CE,ATM+10,18.000091,1995600,23850.0,23337.5,8.05,8.05,7.55,7.55,198825,1744710660
2025-04-15 15:22:00,CE,ATM+10,18.043533,2005725,23850.0,23337.85,7.65,7.7,7.3,7.65,181275,1744710720
2025-04-15 15:23:00,CE,ATM+10,17.820539,2005725,23850.0,23338.65,7.7,7.7,7.2,7.25,282300,1744710780
2025-04-15 15:24:00,CE,ATM+10,17.71459,2005725,23850.0,23343.35,7.25,7.4,7.0,7.3,132675,1744710840
2025-04-15 15:25:00,CE,ATM+10,17.792544,1982850,23850.0,23351.1,7.5,7.9,7.45,7.9,195525,1744710900
2025-04-15 15:26:00,CE,ATM+10,17.827,1982850,23850.0,23354.15,7.9,8.15,7.85,8.15,165000,1744710960
2025-04-15 15:27:00,CE,ATM+10,17.934543,1982850,23850.0,23351.4,8.15,8.3,7.9,8.2,167100,1744711020
2025-04-15 15:28:00,CE,ATM+10,17.854905,2014650,23850.0,23352.6,8.35,8.35,8.1,8.1,200400,1744711080
2025-04-15 15:29:00,CE,ATM+10,18.106432,2014650,23850.0,23344.1,7.95,8.1,7.85,8.1,229950,1744711140
2025-04-16 09:15:00,CE,ATM+10,19.570178,5768100,23800.0,23292.35,7.45,7.45,3.2,3.45,1583250,1744775100
2025-04-16 09:16:00,CE,ATM+10,19.327906,5768100,23800.0,23293.75,3.45,3.65,3.15,3.25,1469325,1744775160
2025-04-16 09:17:00,CE,ATM+10,19.346624,5768100,23800.0,23291.75,3.25,3.55,3.2,3.2,910050,1744775220
2025-04-16 09:18:00,CE,ATM+10,19.371122,5874525,23800.0,23282.85,3.2,3.3,2.9,2.95,1001775,1744775280
2025-04-16 09:19:00,CE,ATM+10,19.144362,5874525,23800.0,23284.85,2.9,2.95,2.75,2.8,869700,1744775340
2025-04-16 09:20:00,CE,ATM+10,19.207831,5874525,23800.0,23291.65,2.85,3.1,2.85,3.05,1011450,1744775400
2025-04-16 09:21:00,CE,ATM+10,18.969341,5956200,23800.0,23299.2,3.0,3.1,2.9,3.05,1737375,1744775460
2025-04-16 09:22:00,CE,ATM+10,18.937529,5956200,23800.0,23300.35,3.0,3.1,2.95,3.05,874575,1744775520
2025-04-16 09:23:00,CE,ATM+10,18.904692,5956200,23800.0,23307.9,3.0,3.25,2.95,3.25,993150,1744775580
2025-04-16 09:24:00,CE,ATM+10,18.783659,6073350,23800.0,23307.05,3.15,3.25,3.05,3.1,472125,1744775640
2025-04-16 09:25:00,CE,ATM+10,18.735387,6073350,23800.0,23308.7,3.1,3.15,3.05,3.1,612750,1744775700
2025-04-16 09:26:00,CE,ATM+10,18.695435,6073350,23800.0,23306.85,3.05,3.05,2.95,3.0,510375,1744775760
2025-04-16 09:27:00,CE,ATM+10,18.50923,6178425,23800.0,23317.55,2.95,3.2,2.95,3.15,844350,1744775820
2025-04-16 09:28:00,CE,ATM+10,19.504262,1960800,23850.0,23335.85,2.7,3.4,2.65,3.15,1099725,1744775880
2025-04-16 09:29:00,CE,ATM+10,19.61606,1960800,23850.0,23334.2,3.1,3.25,2.95,3.2,874050,1744775940
2025-04-16 09:30:00,CE,ATM+10,19.538977,1954725,23850.0,23331.8,3.15,3.2,3.05,3.05,471525,1744776000
2025-04-16 09:31:00,CE,ATM+10,19.579204,1954725,23850.0,23332.4,3.05,3.2,3.05,3.1,253500,1744776060
2025-04-16 09:32:00,CE,ATM+10,19.688925,1954725,23850.0,23337.25,3.15,3.35,3.05,3.35,262800,1744776120
2025-04-16 09:33:00,CE,ATM+10,19.59647,2044950,23850.0,23337.1,3.35,3.4,3.15,3.25,308850,1744776180
2025-04-16 09:34:00,CE,ATM+10,19.567722,2044950,23850.0,23336.55,3.3,3.35,3.1,3.2,163575,1744776240
2025-04-16 09:35:00,CE,ATM+10,19.662673,2044950,23850.0,23333.8,3.2,3.25,3.1,3.2,155100,1744776300
2025-04-16 09:36:00,CE,ATM+10,19.679735,2145675,23850.0,23336.65,3.2,3.3,3.05,3.3,280650,1744776360
2025-04-16 09:37:00,CE,ATM+10,19.899914,2145675,23850.0,23340.75,3.3,3.65,3.25,3.65,325200,1744776420
2025-04-16 09:38:00,CE,ATM+10,20.091482,2145675,23850.0,23354.2,3.65,4.35,3.6,4.35,1003200,1744776480
2025-04-16 09:39:00,CE,ATM+10,20.003895,2245575,23850.0,23346.45,4.25,4.25,3.85,3.95,675300,1744776540
2025-04-16 09:40:00,CE,ATM+10,20.172518,2245575,23850.0,23340.2,3.85,3.95,3.75,3.9,403125,1744776600
2025-04-16 09:41:00,CE,ATM+10,20.148245,2245575,23850.0,23339.7,3.85,4.0,3.85,3.85,284175,1744776660
2025-04-16 09:42:00,CE,ATM+10,19.838869,2333625,23850.0,23357.2,3.85,4.2,3.8,4.15,399750,1744776720
2025-04-16 09:43:00,CE,ATM+10,20.074566,2333625,23850.0,23356.8,4.2,4.7,4.1,4.4,628500,1744776780
2025-04-16 09:44:00,CE,ATM+10,20.176036,2333625,23850.0,23357.7,4.35,4.55,4.35,4.55,296325,1744776840
2025-04-16 09:45:00,CE,ATM+10,20.13931,2308800,23850.0,23361.35,4.55,4.75,4.4,4.65,338775,1744776900
2025-04-16 09:46:00,CE,ATM+10,20.008281,2308800,23850.0,23359.25,4.5,4.55,4.3,4.4,401550,1744776960
2025-04-16 09:47:00,CE,ATM+10,19.965597,2308800,23850.0,23354.3,4.4,4.5,4.1,4.15,351075,1744777020
2025-04-16 09:48:00,CE,ATM+10,20.08291,2361750,23850.0,23348.35,4.15,4.35,3.95,4.05,299100,1744777080
2025-04-16 09:49:00,CE,ATM+10,20.100536,2361750,23850.0,23346.65,4.15,4.15,3.9,4.0,218625,1744777140
2025-04-16 09:50:00,CE,ATM+10,19.99425,2361750,23850.0,23347.25,3.9,3.95,3.65,3.9,299325,1744777200
2025-04-16 09:51:00,CE,ATM+10,19.906646,2430900,23850.0,23352.75,3.95,4.1,3.85,4.0,169200,1744777260
2025-04-16 09:52:00,CE,ATM+10,19.910707,2430900,23850.0,23352.8,4.0,4.0,3.8,4.0,145875,1744777320
2025-04-16 09:53:00,CE,ATM+10,19.818617,2430900,23850.0,23355.7,4.0,4.15,3.95,4.0,99375,1744777380
2025-04-16 09:54:00,CE,ATM+10,19.766208,2465550,23850.0,23358.75,4.0,4.2,3.95,4.05,226650,1744777440
2025-04-16 09:55:00,CE,ATM+10,19.904349,2465550,23850.0,23353.5,3.95,4.05,3.9,4.0,374325,1744777500
2025-04-16 09:56:00,CE,ATM+10,19.874713,2465550,23850.0,23353.2,3.95,4.05,3.85,3.95,123075,1744777560
2025-04-16 09:57:00,CE,ATM+10,19.572952,2497200,23850.0,23367.55,3.95,4.3,3.95,4.15,224625,1744777620
2025-04-16 09:58:00,CE,ATM+10,19.600391,2497200,23850.0,23363.0,4.2,4.25,3.95,4.0,230025,1744777680
2025-04-16 09:59:00,CE,ATM+10,19.454233,2497200,23850.0,23357.9,3.8,3.85,3.65,3.65,447450,1744777740
2025-04-16 10:00:00,CE,ATM+10,19.425249,2452050,23850.0,23360.35,3.65,3.75,3.65,3.7,127275,1744777800
2025-04-16 10:01:00,CE,ATM+10,19.371859,2452050,23850.0,23360.7,3.7,3.75,3.45,3.65,250950,1744777860
2025-04-16 10:02:00,CE,ATM+10,19.346605,2452050,23850.0,23365.8,3.7,3.9,3.65,3.8,220425,1744777920
2025-04-16 10:03:00,CE,ATM+10,19.431908,2457975,23850.0,23364.8,3.85,3.95,3.8,3.85,87225,1744777980
2025-04-16 10:04:00,CE,ATM+10,19.407121,2457975,23850.0,23367.05,3.85,3.95,3.8,3.9,108225,1744778040
2025-04-16 10:05:00,CE,ATM+10,19.469647,2457975,23850.0,23362.65,3.9,4.05,3.8,3.8,82200,1744778100
2025-04-16 10:06:00,CE,ATM+10,19.659804,2498700,23850.0,23358.55,3.8,3.9,3.8,3.85,89025,1744778160
2025-04-16 10:07:00,CE,ATM+10,19.501742,2498700,23850.0,23359.25,3.8,3.8,3.7,3.7,92325,1744778220
2025-04-16 10:08:00,CE,ATM+10,19.757282,2498700,23850.0,23356.0,3.75,3.9,3.75,3.85,154650,1744778280
2025-04-16 10:09:00,CE,ATM+10,19.696257,2524800,23850.0,23356.6,3.85,3.9,3.8,3.8,60150,1744778340
2025-04-16 10:10:00,CE,ATM+10,19.722613,2524800,23850.0,23351.75,3.85,3.9,3.65,3.65,151500,1744778400
2025-04-16 10:11:00,CE,ATM+10,19.758293,2524800,23850.0,23355.1,3.7,3.85,3.65,3.8,87000,1744778460
2025-04-16 10:12:00,CE,ATM+10,19.702667,2593125,23850.0,23358.3,3.8,3.85,3.75,3.85,80400,1744778520
2025-04-16 10:13:00,CE,ATM+10,19.643372,2593125,23850.0,23358.85,3.85,3.9,3.8,3.8,31500,1744778580
2025-04-16 10:14:00,CE,ATM+10,19.704991,2593125,23850.0,23355.8,3.85,3.85,3.7,3.75,49650,1744778640
2025-04-16 10:15:00,CE,ATM+10,19.936278,2593875,23850.0,23343.3,3.7,3.8,3.55,3.55,83175,1744778700
2025-04-16 10:16:00,CE,ATM+10,19.746811,2593875,23850.0,23344.65,3.55,3.6,3.4,3.4,151125,1744778760
2025-04-16 10:17:00,CE,ATM+10,19.211988,7233750,23800.0,23323.5,4.15,4.15,3.8,3.8,638325,1744778820
2025-04-16 10:18:00,CE,ATM+10,19.266233,7242225,23800.0,23324.75,3.8,3.9,3.75,3.9,403050,1744778880
2025-04-16 10:19:00,CE,ATM+10,19.484025,7242225,23800.0,23313.05,3.85,3.85,3.7,3.7,427800,1744778940
2025-04-16 10:20:00,CE,ATM+10,19.460772,7242225,23800.0,23312.5,3.7,3.8,3.65,3.65,366975,1744779000
2025-04-16 10:21:00,CE,ATM+10,19.68203,7387725,23800.0,23300.25,3.65,3.7,3.45,3.45,336900,1744779060
2025-04-16 10:22:00,CE,ATM+10,19.804018,7387725,23800.0,23299.75,3.5,3.65,3.4,3.55,363225,1744779120
2025-04-16 10:23:00,CE,ATM+10,20.016836,7387725,23800.0,23295.05,3.55,3.65,3.5,3.6,387150,1744779180
2025-04-16 10:24:00,CE,ATM+10,20.255127,7482300,23800.0,23291.05,3.6,3.8,3.6,3.7,211425,1744779240
2025-04-16 10:25:00,CE,ATM+10,20.206647,7482300,23800.0,23294.1,3.75,3.75,3.65,3.75,215025,1744779300
2025-04-16 10:26:00,CE,ATM+10,19.918526,7482300,23800.0,23302.8,3.7,3.85,3.7,3.75,237450,1744779360
2025-04-16 10:27:00,CE,ATM+10,19.837896,7596075,23800.0,23306.75,3.8,3.9,3.8,3.8,206025,1744779420
2025-04-16 10:28:00,CE,ATM+10,19.804705,7596075,23800.0,23307.9,3.75,3.85,3.75,3.8,172200,1744779480
2025-04-16 10:29:00,CE,ATM+10,19.983625,7596075,23800.0,23302.8,3.8,3.85,3.8,3.8,240225,1744779540
2025-04-16 10:30:00,CE,ATM+10,19.975248,7576125,23800.0,23300.4,3.8,3.85,3.7,3.7,329625,1744779600
2025-04-16 10:31:00,CE,ATM+10,20.168284,7576125,23800.0,23291.95,3.7,3.75,3.6,3.6,215700,1744779660
2025-04-16 10:32:00,CE,ATM+10,19.702283,7576125,23800.0,23311.6,3.7,3.8,3.65,3.8,207750,1744779720
2025-04-16 10:33:00,CE,ATM+10,19.978525,7533225,23800.0,23306.4,3.8,3.9,3.8,3.9,174225,1744779780
2025-04-16 10:34:00,CE,ATM+10,20.481928,7533225,23800.0,23286.1,3.9,4.0,3.7,3.7,643050,1744779840
2025-04-16 10:35:00,CE,ATM+10,20.109918,7533225,23800.0,23295.85,3.7,3.75,3.55,3.65,278250,1744779900
2025-04-16 10:36:00,CE,ATM+10,20.068389,7640925,23800.0,23295.8,3.65,3.7,3.55,3.6,174825,1744779960
2025-04-16 10:37:00,CE,ATM+10,20.245031,7640925,23800.0,23292.2,3.6,3.7,3.55,3.65,218625,1744780020
2025-04-16 10:38:00,CE,ATM+10,20.325265,7640925,23800.0,23290.0,3.65,3.7,3.6,3.65,188025,1744780080
2025-04-16 10:39:00,CE,ATM+10,20.207927,7664400,23800.0,23295.1,3.7,3.7,3.6,3.7,191775,1744780140
2025-04-16 10:40:00,CE,ATM+10,19.997673,7664400,23800.0,23298.6,3.7,3.7,3.6,3.6,198225,1744780200
2025-04-16 10:41:00,CE,ATM+10,19.986692,7664400,23800.0,23300.55,3.65,3.7,3.6,3.65,171600,1744780260
2025-04-16 10:42:00,CE,ATM+10,20.024239,7718325,23800.0,23301.05,3.65,3.7,3.6,3.7,75600,1744780320
2025-04-16 10:43:00,CE,ATM+10,20.075978,7718325,23800.0,23299.7,3.65,3.7,3.6,3.7,69225,1744780380
2025-04-16 10:44:00,CE,ATM+10,20.016358,7718325,23800.0,23300.2,3.65,3.65,3.55,3.65,224175,1744780440
2025-04-16 10:45:00,CE,ATM+10,19.756129,7706400,23800.0,23308.05,3.6,3.65,3.55,3.65,152850,1744780500
2025-04-16 10:46:00,CE,ATM+10,19.617666,7706400,23800.0,23312.3,3.6,3.7,3.6,3.65,120675,1744780560
2025-04-16 10:47:00,CE,ATM+10,19.717609,7706400,23800.0,23308.1,3.7,3.7,3.6,3.6,151275,1744780620
2025-04-16 10:48:00,CE,ATM+10,19.601699,7649325,23800.0,23310.25,3.6,3.6,3.5,3.55,224850,1744780680
2025-04-16 10:49:00,CE,ATM+10,19.751406,7649325,23800.0,23307.45,3.55,3.65,3.55,3.6,175950,1744780740
2025-04-16 10:50:00,CE,ATM+10,19.764081,7649325,23800.0,23307.25,3.6,3.65,3.55,3.6,196800,1744780800
2025-04-16 10:51:00,CE,ATM+10,19.856481,7546575,23800.0,23310.35,3.65,3.85,3.6,3.8,301275,1744780860
2025-04-16 10:52:00,CE,ATM+10,19.947501,7546575,23800.0,23310.6,3.85,3.9,3.75,3.9,130800,1744780920
2025-04-16 10:53:00,CE,ATM+10,20.148182,7546575,23800.0,23297.9,3.8,3.85,3.65,3.65,104025,1744780980
2025-04-16 10:54:00,CE,ATM+10,20.162286,7503450,23800.0,23299.1,3.7,3.75,3.65,3.7,101775,1744781040
2025-04-16 10:55:00,CE,ATM+10,20.004888,7503450,23800.0,23303.9,3.65,3.75,3.6,3.7,133800,1744781100
2025-04-16 10:56:00,CE,ATM+10,20.187961,7503450,23800.0,23298.7,3.7,3.7,3.6,3.7,123075,1744781160
2025-04-16 10:57:00,CE,ATM+10,20.223754,7493250,23800.0,23299.25,3.65,3.75,3.65,3.75,85425,1744781220
2025-04-16 10:58:00,CE,ATM+10,20.434062,7493250,23800.0,23288.9,3.7,3.75,3.6,3.6,171450,1744781280
2025-04-16 10:59:00,CE,ATM+10,20.582093,7493250,23800.0,23287.65,3.6,3.75,3.6,3.7,208425,1744781340
2025-04-16 11:00:00,CE,ATM+10,19.857637,3399450,23750.0,23274.9,4.4,4.4,4.25,4.25,99600,1744781400
2025-04-16 11:01:00,CE,ATM+10,20.652278,7523325,23800.0,23281.5,3.5,3.55,3.45,3.55,179025,1744781460
2025-04-16 11:02:00,CE,ATM+10,20.619032,7523325,23800.0,23281.15,3.55,3.65,3.5,3.5,158475,1744781520
2025-04-16 11:03:00,CE,ATM+10,20.60549,7483500,23800.0,23280.2,3.55,3.6,3.45,3.45,164025,1744781580
2025-04-16 11:04:00,CE,ATM+10,20.518308,7483500,23800.0,23284.5,3.5,3.5,3.4,3.5,276075,1744781640
2025-04-16 11:05:00,CE,ATM+10,20.744891,7483500,23800.0,23281.0,3.45,3.6,3.45,3.6,138750,1744781700
2025-04-16 11:06:00,CE,ATM+10,20.478255,7473000,23800.0,23286.05,3.55,3.6,3.5,3.5,155175,1744781760
2025-04-16 11:07:00,CE,ATM+10,20.471391,7473000,23800.0,23292.35,3.5,3.7,3.5,3.7,233925,1744781820
2025-04-16 11:08:00,CE,ATM+10,20.198554,7473000,23800.0,23306.1,3.65,3.9,3.6,3.9,340350,1744781880
2025-04-16 11:09:00,CE,ATM+10,20.381357,7339125,23800.0,23307.65,4.05,4.45,3.8,4.15,618450,1744781940
2025-04-16 11:10:00,CE,ATM+10,20.277911,7339125,23800.0,23309.5,4.15,4.3,4.0,4.1,433125,1744782000
2025-04-16 11:11:00,CE,ATM+10,20.274095,7339125,23800.0,23313.65,4.15,4.3,4.1,4.25,318150,1744782060
2025-04-16 11:12:00,CE,ATM+10,20.315624,7322850,23800.0,23313.9,4.3,4.4,4.2,4.3,230400,1744782120
2025-04-16 11:13:00,CE,ATM+10,20.537735,7322850,23800.0,23312.7,4.3,4.65,4.3,4.5,273600,1744782180
2025-04-16 11:14:00,CE,ATM+10,20.36971,7322850,23800.0,23318.85,4.45,4.55,4.4,4.55,245850,1744782240
2025-04-16 11:15:00,CE,ATM+10,20.172783,7381275,23800.0,23323.4,4.45,4.55,4.2,4.5,463875,1744782300
2025-04-16 11:16:00,CE,ATM+10,20.933547,2584275,23850.0,23326.15,3.6,3.65,3.45,3.6,154125,1744782360
2025-04-16 11:17:00,CE,ATM+10,20.917845,2584275,23850.0,23326.8,3.6,3.6,3.45,3.6,198675,1744782420
2025-04-16 11:18:00,CE,ATM+10,20.852951,2568900,23850.0,23328.9,3.5,3.6,3.45,3.6,64275,1744782480
2025-04-16 11:19:00,CE,ATM+10,20.700782,2568900,23850.0,23335.05,3.6,3.65,3.55,3.65,214950,1744782540
2025-04-16 11:20:00,CE,ATM+10,20.705976,2568900,23850.0,23333.6,3.6,3.65,3.55,3.6,109275,1744782600
2025-04-16 11:21:00,CE,ATM+10,20.79025,2557200,23850.0,23329.8,3.6,3.7,3.55,3.55,89550,1744782660
2025-04-16 11:22:00,CE,ATM+10,20.747381,2557200,23850.0,23331.25,3.55,3.55,3.45,3.55,105750,1744782720
2025-04-16 11:23:00,CE,ATM+10,20.830508,2557200,23850.0,23333.45,3.55,3.7,3.55,3.7,75075,1744782780
2025-04-16 11:24:00,CE,ATM+10,20.824888,2564550,23850.0,23333.8,3.65,3.7,3.6,3.7,39300,1744782840
2025-04-16 11:25:00,CE,ATM+10,20.82417,2564550,23850.0,23331.05,3.7,3.75,3.6,3.6,72150,1744782900
2025-04-16 11:26:00,CE,ATM+10,20.832203,2564550,23850.0,23331.0,3.6,3.65,3.55,3.6,27525,1744782960
2025-04-16 11:27:00,CE,ATM+10,20.704179,2548125,23850.0,23333.45,3.6,3.65,3.5,3.55,49275,1744783020
2025-04-16 11:28:00,CE,ATM+10,20.708678,2548125,23850.0,23335.0,3.6,3.65,3.5,3.6,26100,1744783080
2025-04-16 11:29:00,CE,ATM+10,19.993012,7368675,23800.0,23323.55,4.35,4.4,4.1,4.2,196275,1744783140
2025-04-16 11:30:00,CE,ATM+10,20.942359,2541600,23850.0,23327.0,3.45,3.55,3.4,3.55,34950,1744783200
2025-04-16 11:31:00,CE,ATM+10,20.892667,2541600,23850.0,23328.65,3.55,3.55,3.5,3.55,54750,1744783260
2025-04-16 11:32:00,CE,ATM+10,20.909242,2541600,23850.0,23328.35,3.55,3.65,3.55,3.55,35625,1744783320
2025-04-16 11:33:00,CE,ATM+10,20.110267,7393125,23800.0,23324.65,4.4,4.45,4.3,4.35,75975,1744783380
2025-04-16 11:34:00,CE,ATM+10,20.98664,2544000,23850.0,23326.45,3.6,3.6,3.5,3.55,34200,1744783440
2025-04-16 11:35:00,CE,ATM+10,20.035155,7393125,23800.0,23324.65,4.4,4.4,4.2,4.25,74925,1744783500
2025-04-16 11:36:00,CE,ATM+10,20.841241,2554200,23850.0,23332.6,3.5,3.6,3.5,3.6,19050,1744783560
2025-04-16 11:37:00,CE,ATM+10,20.816891,2554200,23850.0,23333.5,3.6,3.7,3.6,3.6,62775,1744783620
2025-04-16 11:38:00,CE,ATM+10,20.024689,7360575,23800.0,23322.95,4.45,4.45,4.15,4.15,138900,1744783680
2025-04-16 11:39:00,CE,ATM+10,20.083596,7358325,23800.0,23321.45,4.2,4.25,4.15,4.15,86025,1744783740
2025-04-16 11:40:00,CE,ATM+10,19.926964,7358325,23800.0,23320.9,4.2,4.2,3.95,3.95,175500,1744783800
2025-04-16 11:41:00,CE,ATM+10,19.986131,7358325,23800.0,23318.05,3.95,4.05,3.85,3.9,117375,1744783860
2025-04-16 11:42:00,CE,ATM+10,20.740698,2547525,23850.0,23325.8,3.2,3.3,3.2,3.25,68175,1744783920
2025-04-16 11:43:00,CE,ATM+10,20.622408,2547525,23850.0,23331.1,3.25,3.35,3.25,3.3,33000,1744783980
2025-04-16 11:44:00,CE,ATM+10,20.638782,2547525,23850.0,23333.95,3.35,3.45,3.3,3.4,34950,1744784040
2025-04-16 11:45:00,CE,ATM+10,20.651708,2529600,23850.0,23335.3,3.4,3.45,3.35,3.45,39225,1744784100
2025-04-16 11:46:00,CE,ATM+10,20.617918,2529600,23850.0,23338.0,3.45,3.55,3.45,3.5,21450,1744784160
2025-04-16 11:47:00,CE,ATM+10,20.689154,2529600,23850.0,23336.1,3.55,3.55,3.45,3.5,27750,1744784220
2025-04-16 11:48:00,CE,ATM+10,20.633589,2538225,23850.0,23334.85,3.5,3.55,3.4,3.4,31050,1744784280
2025-04-16 11:49:00,CE,ATM+10,20.597674,2538225,23850.0,23339.15,3.4,3.55,3.4,3.5,38625,1744784340
2025-04-16 11:50:00,CE,ATM+10,20.812951,2538225,23850.0,23334.55,3.55,3.55,3.45,3.55,45000,1744784400
2025-04-16 11:51:00,CE,ATM+10,20.788166,2529900,23850.0,23333.95,3.5,3.55,3.45,3.5,58125,1744784460
2025-04-16 11:52:00,CE,ATM+10,20.753564,2529900,23850.0,23335.15,3.45,3.5,3.4,3.5,14550,1744784520
2025-04-16 11:53:00,CE,ATM+10,20.793168,2529900,23850.0,23331.1,3.5,3.5,3.4,3.4,35700,1744784580
2025-04-16 11:54:00,CE,ATM+10,20.757021,2530275,23850.0,23332.35,3.4,3.5,3.4,3.4,20250,1744784640
2025-04-16 11:55:00,CE,ATM+10,20.635885,2530275,23850.0,23339.15,3.4,3.55,3.4,3.5,21450,1744784700
2025-04-16 11:56:00,CE,ATM+10,20.636485,2530275,23850.0,23337.8,3.5,3.55,3.45,3.45,18825,1744784760
2025-04-16 11:57:00,CE,ATM+10,20.62982,2538975,23850.0,23339.7,3.45,3.5,3.45,3.5,28875,1744784820
2025-04-16 11:58:00,CE,ATM+10,20.685188,2538975,23850.0,23336.75,3.55,3.55,3.4,3.45,22200,1744784880
2025-04-16 11:59:00,CE,ATM+10,20.730243,2538975,23850.0,23327.7,3.45,3.45,3.2,3.2,57750,1744784940
2025-04-16 12:00:00,CE,ATM+10,20.710433,2543775,23850.0,23330.1,3.25,3.35,3.2,3.25,30225,1744785000
2025-04-16 12:01:00,CE,ATM+10,20.568715,2543775,23850.0,23332.85,3.25,3.25,3.15,3.2,60150,1744785060
2025-04-16 12:02:00,CE,ATM+10,20.454976,2543775,23850.0,23338.0,3.2,3.25,3.2,3.25,38475,1744785120
2025-04-16 12:03:00,CE,ATM+10,20.46283,2547375,23850.0,23342.65,3.25,3.4,3.25,3.4,46500,1744785180
2025-04-16 12:04:00,CE,ATM+10,20.390798,2547375,23850.0,23343.4,3.4,3.45,3.3,3.35,122925,1744785240
2025-04-16 12:05:00,CE,ATM+10,20.357589,2547375,23850.0,23343.0,3.35,3.35,3.25,3.3,42000,1744785300
2025-04-16 12:06:00,CE,ATM+10,20.382667,2590050,23850.0,23337.65,3.3,3.35,3.15,3.15,101850,1744785360
2025-04-16 12:07:00,CE,ATM+10,20.309702,2590050,23850.0,23335.0,3.1,3.1,3.0,3.0,157650,1744785420
2025-04-16 12:08:00,CE,ATM+10,20.263045,2590050,23850.0,23341.55,3.0,3.15,3.0,3.15,89925,1744785480
2025-04-16 12:09:00,CE,ATM+10,20.223523,2574375,23850.0,23342.9,3.15,3.15,3.1,3.15,25125,1744785540
2025-04-16 12:10:00,CE,ATM+10,20.133831,2574375,23850.0,23342.45,3.1,3.15,3.0,3.05,35250,1744785600
2025-04-16 12:11:00,CE,ATM+10,20.076874,2574375,23850.0,23342.65,3.05,3.1,3.0,3.0,115950,1744785660
2025-04-16 12:12:00,CE,ATM+10,20.046249,2554125,23850.0,23347.05,3.0,3.15,3.0,3.1,90450,1744785720
2025-04-16 12:13:00,CE,ATM+10,19.986321,2554125,23850.0,23345.7,3.1,3.15,3.0,3.0,45000,1744785780
2025-04-16 12:14:00,CE,ATM+10,19.912248,2554125,23850.0,23341.2,3.05,3.05,2.8,2.8,150450,1744785840
2025-04-16 12:15:00,CE,ATM+10,19.980935,2523900,23850.0,23341.1,2.85,2.85,2.8,2.85,125775,1744785900
2025-04-16 12:16:00,CE,ATM+10,20.010717,2523900,23850.0,23340.4,2.85,2.9,2.8,2.85,67350,1744785960
2025-04-16 12:17:00,CE,ATM+10,19.912199,2523900,23850.0,23346.95,2.85,2.95,2.85,2.95,77850,1744786020
2025-04-16 12:18:00,CE,ATM+10,19.995646,2519250,23850.0,23346.35,2.95,3.05,2.95,3.0,29250,1744786080
2025-04-16 12:19:00,CE,ATM+10,20.14471,2519250,23850.0,23345.45,3.0,3.1,2.95,3.1,174000,1744786140
2025-04-16 12:20:00,CE,ATM+10,20.225882,2519250,23850.0,23343.25,3.1,3.2,3.05,3.1,81750,1744786200
2025-04-16 12:21:00,CE,ATM+10,20.133545,2537475,23850.0,23346.15,3.1,3.15,3.05,3.1,51300,1744786260
2025-04-16 12:22:00,CE,ATM+10,20.158606,2537475,23850.0,23345.6,3.15,3.15,3.0,3.1,98550,1744786320
2025-04-16 12:23:00,CE,ATM+10,20.06274,2537475,23850.0,23348.6,3.05,3.15,3.05,3.1,47850,1744786380
2025-04-16 12:24:00,CE,ATM+10,20.040252,2495475,23850.0,23352.65,3.1,3.25,3.1,3.2,91125,1744786440
2025-04-16 12:25:00,CE,ATM+10,20.02149,2495475,23850.0,23354.95,3.2,3.25,3.1,3.25,138825,1744786500
2025-04-16 12:26:00,CE,ATM+10,19.94422,2495475,23850.0,23351.0,3.25,3.25,3.0,3.05,201825,1744786560
2025-04-16 12:27:00,CE,ATM+10,19.831426,2498025,23850.0,23352.85,3.05,3.15,3.0,3.0,139500,1744786620
2025-04-16 12:28:00,CE,ATM+10,19.835372,2498025,23850.0,23351.25,3.0,3.05,2.95,2.95,51300,1744786680
2025-04-16 12:29:00,CE,ATM+10,19.815902,2498025,23850.0,23348.6,2.95,3.0,2.85,2.85,90375,1744786740
2025-04-16 12:30:00,CE,ATM+10,19.836291,2498025,23850.0,23349.9,2.85,2.9,2.85,2.9,64950,1744786800
2025-04-16 12:31:00,CE,ATM+10,19.861205,2453625,23850.0,23349.35,2.9,3.0,2.9,2.9,172950,1744786860
2025-04-16 12:32:00,CE,ATM+10,19.968245,2453625,23850.0,23344.65,2.9,2.9,2.8,2.85,65925,1744786920
2025-04-16 12:33:00,CE,ATM+10,19.914468,2464500,23850.0,23348.15,2.8,2.95,2.8,2.9,97575,1744786980
2025-04-16 12:34:00,CE,ATM+10,19.825452,2464500,23850.0,23352.65,2.9,2.95,2.85,2.95,48150,1744787040
2025-04-16 12:35:00,CE,ATM+10,19.71091,2464500,23850.0,23356.2,2.95,2.95,2.9,2.95,16050,1744787100
2025-04-16 12:36:00,CE,ATM+10,19.680439,2486100,23850.0,23355.6,2.95,2.95,2.9,2.9,11550,1744787160
2025-04-16 12:37:00,CE,ATM+10,19.645047,2486100,23850.0,23358.5,2.9,3.0,2.9,2.95,48825,1744787220
2025-04-16 12:38:00,CE,ATM+10,19.843825,2486100,23850.0,23352.85,3.0,3.0,2.95,2.95,53325,1744787280
2025-04-16 12:39:00,CE,ATM+10,19.762121,2481900,23850.0,23353.75,2.95,2.95,2.9,2.9,42525,1744787340
2025-04-16 12:40:00,CE,ATM+10,19.709847,2481900,23850.0,23357.15,2.95,2.95,2.9,2.95,7875,1744787400
2025-04-16 12:41:00,CE,ATM+10,19.648769,2481900,23850.0,23357.45,2.95,2.95,2.9,2.9,11475,1744787460
2025-04-16 12:42:00,CE,ATM+10,19.684117,2469900,23850.0,23361.55,2.9,3.05,2.9,3.05,169725,1744787520
2025-04-16 12:43:00,CE,ATM+10,19.672343,2469900,23850.0,23360.45,3.0,3.05,3.0,3.0,27225,1744787580
2025-04-16 12:44:00,CE,ATM+10,19.729859,2469900,23850.0,23357.3,3.0,3.05,2.95,2.95,31050,1744787640
2025-04-16 12:45:00,CE,ATM+10,19.714745,2468925,23850.0,23356.25,2.95,3.0,2.9,2.9,84525,1744787700
2025-04-16 12:46:00,CE,ATM+10,19.765171,2468925,23850.0,23353.25,2.9,2.9,2.85,2.85,49500,1744787760
2025-04-16 12:47:00,CE,ATM+10,19.772101,2468925,23850.0,23351.5,2.85,2.85,2.8,2.8,41625,1744787820
2025-04-16 12:48:00,CE,ATM+10,19.861527,2478450,23850.0,23352.5,2.85,2.9,2.8,2.9,107025,1744787880
2025-04-16 12:49:00,CE,ATM+10,19.881089,2478450,23850.0,23350.4,2.85,2.9,2.8,2.85,139425,1744787940
2025-04-16 12:50:00,CE,ATM+10,19.869155,2478450,23850.0,23349.2,2.8,2.85,2.75,2.8,33750,1744788000
2025-04-16 12:51:00,CE,ATM+10,19.786902,2416650,23850.0,23350.05,2.8,2.8,2.75,2.75,82425,1744788060
2025-04-16 12:52:00,CE,ATM+10,19.728838,2416650,23850.0,23351.95,2.75,2.8,2.7,2.75,102600,1744788120
2025-04-16 12:53:00,CE,ATM+10,19.689375,2416650,23850.0,23353.3,2.75,2.8,2.75,2.75,81225,1744788180
2025-04-16 12:54:00,CE,ATM+10,19.809331,2468100,23850.0,23349.95,2.75,2.8,2.75,2.75,141075,1744788240
2025-04-16 12:55:00,CE,ATM+10,19.7648,2468100,23850.0,23351.45,2.75,2.8,2.75,2.75,75525,1744788300
2025-04-16 12:56:00,CE,ATM+10,19.845805,2468100,23850.0,23349.25,2.75,2.8,2.75,2.75,45150,1744788360
2025-04-16 12:57:00,CE,ATM+10,19.81994,2468100,23850.0,23350.2,2.8,2.8,2.75,2.75,25875,1744788420
2025-04-16 12:58:00,CE,ATM+10,19.880947,2441175,23850.0,23346.8,2.8,2.8,2.65,2.7,98700,1744788480
2025-04-16 12:59:00,CE,ATM+10,19.939011,2441175,23850.0,23343.45,2.7,2.7,2.65,2.65,56250,1744788540
2025-04-16 13:00:00,CE,ATM+10,19.893068,2441175,23850.0,23345.0,2.7,2.7,2.6,2.65,48150,1744788600
2025-04-16 13:01:00,CE,ATM+10,19.820233,2478000,23850.0,23345.5,2.7,2.7,2.6,2.6,96225,1744788660
2025-04-16 13:02:00,CE,ATM+10,19.872155,2478000,23850.0,23344.15,2.65,2.65,2.6,2.6,112275,1744788720
2025-04-16 13:03:00,CE,ATM+10,19.990076,2523075,23850.0,23342.7,2.6,2.65,2.6,2.65,53700,1744788780
2025-04-16 13:04:00,CE,ATM+10,19.886596,2523075,23850.0,23345.95,2.6,2.65,2.6,2.65,12900,1744788840
2025-04-16 13:05:00,CE,ATM+10,20.030041,2523075,23850.0,23341.9,2.6,2.65,2.6,2.65,20475,1744788900
2025-04-16 13:06:00,CE,ATM+10,20.009221,2476575,23850.0,23340.85,2.65,2.65,2.6,2.6,76125,1744788960
2025-04-16 13:07:00,CE,ATM+10,20.189441,2476575,23850.0,23335.7,2.6,2.6,2.55,2.6,54825,1744789020
2025-04-16 13:08:00,CE,ATM+10,20.096432,2476575,23850.0,23338.65,2.55,2.6,2.55,2.6,17325,1744789080
2025-04-16 13:09:00,CE,ATM+10,20.086291,2442675,23850.0,23337.25,2.6,2.6,2.5,2.55,73950,1744789140
2025-04-16 13:10:00,CE,ATM+10,19.986044,2442675,23850.0,23336.55,2.5,2.55,2.45,2.45,86025,1744789200
2025-04-16 13:11:00,CE,ATM+10,19.912034,2442675,23850.0,23338.95,2.45,2.5,2.45,2.45,38025,1744789260
2025-04-16 13:12:00,CE,ATM+10,19.891646,2442675,23850.0,23339.75,2.45,2.5,2.45,2.45,35025,1744789320
2025-04-16 13:13:00,CE,ATM+10,19.552432,2441850,23850.0,23351.95,2.45,2.55,2.45,2.5,115950,1744789380
2025-04-16 13:14:00,CE,ATM+10,19.565404,2441850,23850.0,23357.3,2.55,2.7,2.55,2.65,169725,1744789440
2025-04-16 13:15:00,CE,ATM+10,19.704433,2441850,23850.0,23353.4,2.7,2.7,2.65,2.65,96375,1744789500
2025-04-16 13:16:00,CE,ATM+10,19.853307,2452050,23850.0,23345.5,2.65,2.65,2.55,2.55,57150,1744789560
2025-04-16 13:17:00,CE,ATM+10,20.056808,2452050,23850.0,23337.75,2.6,2.6,2.5,2.5,139275,1744789620
2025-04-16 13:18:00,CE,ATM+10,20.198051,2452050,23850.0,23333.75,2.5,2.55,2.5,2.5,33825,1744789680
2025-04-16 13:19:00,CE,ATM+10,20.382854,2474700,23850.0,23330.4,2.5,2.55,2.5,2.55,47700,1744789740
2025-04-16 13:20:00,CE,ATM+10,19.373997,7259400,23800.0,23322.15,2.95,3.0,2.85,2.85,225975,1744789800
2025-04-16 13:21:00,CE,ATM+10,19.186882,7259400,23800.0,23322.65,2.9,2.9,2.7,2.7,496875,1744789860
2025-04-16 13:22:00,CE,ATM+10,19.268497,7160025,23800.0,23318.7,2.75,2.75,2.65,2.65,233625,1744789920
2025-04-16 13:23:00,CE,ATM+10,19.307351,7160025,23800.0,23317.75,2.65,2.7,2.65,2.65,205725,1744789980
2025-04-16 13:24:00,CE,ATM+10,19.546577,7160025,23800.0,23310.95,2.7,2.7,2.6,2.65,300600,1744790040
2025-04-16 13:25:00,CE,ATM+10,19.766639,7082850,23800.0,23306.5,2.65,2.75,2.65,2.7,394650,1744790100
2025-04-16 13:26:00,CE,ATM+10,19.902492,7082850,23800.0,23306.25,2.75,2.85,2.75,2.8,178650,1744790160
2025-04-16 13:27:00,CE,ATM+10,19.961523,7082850,23800.0,23306.45,2.85,2.85,2.8,2.85,165225,1744790220
2025-04-16 13:28:00,CE,ATM+10,20.237525,7201275,23800.0,23296.9,2.85,2.85,2.75,2.8,295350,1744790280
2025-04-16 13:29:00,CE,ATM+10,20.230391,7201275,23800.0,23297.3,2.8,2.8,2.75,2.8,190725,1744790340
2025-04-16 13:30:00,CE,ATM+10,20.159542,7201275,23800.0,23299.55,2.8,2.8,2.75,2.8,126675,1744790400
2025-04-16 13:31:00,CE,ATM+10,20.272939,7223250,23800.0,23296.45,2.8,2.85,2.75,2.8,136500,1744790460
2025-04-16 13:32:00,CE,ATM+10,20.450284,7223250,23800.0,23293.25,2.85,2.85,2.8,2.85,126000,1744790520
2025-04-16 13:33:00,CE,ATM+10,20.457003,7223250,23800.0,23293.25,2.85,2.9,2.85,2.85,97875,1744790580
2025-04-16 13:34:00,CE,ATM+10,20.67923,7256400,23800.0,23288.75,2.85,2.9,2.85,2.9,122850,1744790640
2025-04-16 13:35:00,CE,ATM+10,20.495762,7256400,23800.0,23294.25,2.9,2.9,2.85,2.9,56250,1744790700
2025-04-16 13:36:00,CE,ATM+10,20.373324,7256400,23800.0,23301.35,2.9,3.0,2.9,3.0,156150,1744790760
2025-04-16 13:37:00,CE,ATM+10,20.203682,7332225,23800.0,23304.75,3.0,3.0,2.9,2.95,161925,1744790820
2025-04-16 13:38:00,CE,ATM+10,20.272792,7332225,23800.0,23299.55,2.95,2.95,2.85,2.85,153375,1744790880
2025-04-16 13:39:00,CE,ATM+10,20.312979,7332225,23800.0,23300.3,2.9,2.95,2.85,2.9,110325,1744790940
2025-04-16 13:40:00,CE,ATM+10,20.328104,7297575,23800.0,23301.75,2.85,3.0,2.85,2.95,167850,1744791000
2025-04-16 13:41:00,CE,ATM+10,20.232474,7297575,23800.0,23306.35,3.0,3.0,2.95,3.0,77850,1744791060
2025-04-16 13:42:00,CE,ATM+10,20.178033,7297575,23800.0,23308.1,3.0,3.0,2.95,3.0,119025,1744791120
2025-04-16 13:43:00,CE,ATM+10,20.296014,7321275,23800.0,23303.25,3.0,3.0,2.9,2.95,52125,1744791180
2025-04-16 13:44:00,CE,ATM+10,20.184196,7321275,23800.0,23306.65,2.95,3.0,2.9,2.95,81375,1744791240
2025-04-16 13:45:00,CE,ATM+10,20.204835,7321275,23800.0,23306.25,2.9,2.95,2.9,2.95,96000,1744791300
2025-04-16 13:46:00,CE,ATM+10,20.228978,7326750,23800.0,23305.75,2.9,2.95,2.9,2.95,115050,1744791360
2025-04-16 13:47:00,CE,ATM+10,20.222662,7326750,23800.0,23301.0,2.9,2.9,2.8,2.8,239475,1744791420
2025-04-16 13:48:00,CE,ATM+10,20.416407,7326750,23800.0,23295.6,2.85,2.85,2.8,2.8,60675,1744791480
2025-04-16 13:49:00,CE,ATM+10,20.24822,7295700,23800.0,23300.65,2.8,2.85,2.8,2.8,143625,1744791540
2025-04-16 13:50:00,CE,ATM+10,20.387086,7295700,23800.0,23300.3,2.8,2.9,2.8,2.9,90675,1744791600
2025-04-16 13:51:00,CE,ATM+10,20.28355,7295700,23800.0,23305.15,2.9,2.95,2.85,2.95,128025,1744791660
2025-04-16 13:52:00,CE,ATM+10,20.167944,7311150,23800.0,23310.3,2.95,3.0,2.95,3.0,100575,1744791720
2025-04-16 13:53:00,CE,ATM+10,19.897746,7311150,23800.0,23314.9,3.0,3.0,2.9,2.9,83550,1744791780
2025-04-16 13:54:00,CE,ATM+10,19.906125,7311150,23800.0,23314.85,2.9,2.95,2.9,2.9,61875,1744791840
2025-04-16 13:55:00,CE,ATM+10,20.673716,2474550,23850.0,23327.05,2.4,2.5,2.4,2.5,145350,1744791900
2025-04-16 13:56:00,CE,ATM+10,20.477389,2474550,23850.0,23334.95,2.5,2.6,2.5,2.55,442350,1744791960
2025-04-16 13:57:00,CE,ATM+10,20.766674,2474550,23850.0,23371.15,2.6,3.95,2.55,3.95,954075,1744792020
2025-04-16 13:58:00,CE,ATM+10,21.715161,4000350,23900.0,23382.4,2.95,3.9,2.65,3.55,2516250,1744792080
2025-04-16 13:59:00,CE,ATM+10,21.619428,4000350,23900.0,23380.7,3.55,3.95,3.3,3.4,1156125,1744792140
2025-04-16 14:00:00,CE,ATM+10,22.039977,4000350,23900.0,23412.8,3.35,5.05,3.3,5.05,1387425,1744792200
2025-04-16 14:01:00,CE,ATM+10,22.420263,3666000,23900.0,23414.85,5.25,5.8,4.8,5.6,1287225,1744792260
2025-04-16 14:02:00,CE,ATM+10,21.928993,3666000,23900.0,23409.25,5.35,5.9,4.75,4.75,1062825,1744792320
2025-04-16 14:03:00,CE,ATM+10,21.77374,3666000,23900.0,23398.7,4.7,4.7,4.1,4.15,888750,1744792380
2025-04-16 14:04:00,CE,ATM+10,21.633348,3487050,23900.0,23402.75,4.1,4.5,3.85,4.15,643725,1744792440
2025-04-16 14:05:00,CE,ATM+10,21.600559,3487050,23900.0,23401.2,4.25,4.4,3.8,4.05,448125,1744792500
2025-04-16 14:06:00,CE,ATM+10,21.181468,3487050,23900.0,23396.0,4.05,4.05,3.45,3.45,381600,1744792560
2025-04-16 14:07:00,CE,ATM+10,21.423647,3457800,23900.0,23395.35,3.45,3.8,3.45,3.65,402150,1744792620
2025-04-16 14:08:00,CE,ATM+10,21.469367,3457800,23900.0,23405.4,3.65,4.15,3.65,4.05,593025,1744792680
2025-04-16 14:09:00,CE,ATM+10,21.336147,3457800,23900.0,23401.05,4.0,4.1,3.65,3.75,532800,1744792740
2025-04-16 14:10:00,CE,ATM+10,21.365278,3399900,23900.0,23408.65,3.8,4.1,3.65,4.05,370725,1744792800
2025-04-16 14:11:00,CE,ATM+10,21.488522,3399900,23900.0,23419.3,4.05,4.65,4.0,4.6,799950,1744792860
2025-04-16 14:12:00,CE,ATM+10,22.228109,1525650,23950.0,23427.0,3.6,3.9,3.5,3.8,443700,1744792920
2025-04-16 14:13:00,CE,ATM+10,22.170126,1540575,23950.0,23425.9,3.75,3.95,3.7,3.7,291300,1744792980
2025-04-16 14:14:00,CE,ATM+10,22.519609,1540575,23950.0,23430.5,3.75,4.25,3.65,4.2,425700,1744793040
2025-04-16 14:15:00,CE,ATM+10,21.745328,3515625,23900.0,23422.45,5.35,5.35,4.6,5.0,551475,1744793100
2025-04-16 14:16:00,CE,ATM+10,21.688539,3651300,23900.0,23418.45,4.9,5.0,4.5,4.75,607575,1744793160
2025-04-16 14:17:00,CE,ATM+10,21.217371,3651300,23900.0,23417.95,4.8,4.8,4.2,4.2,466950,1744793220
2025-04-16 14:18:00,CE,ATM+10,21.478057,3651300,23900.0,23419.75,4.3,4.65,4.3,4.55,344250,1744793280
2025-04-16 14:19:00,CE,ATM+10,21.514335,3677100,23900.0,23421.35,4.5,4.95,4.5,4.65,310275,1744793340
2025-04-16 14:20:00,CE,ATM+10,21.507299,3677100,23900.0,23420.55,4.6,4.9,4.6,4.6,405300,1744793400
2025-04-16 14:21:00,CE,ATM+10,21.460443,3677100,23900.0,23424.35,4.65,4.8,4.45,4.7,411525,1744793460
2025-04-16 14:22:00,CE,ATM+10,21.381011,3709650,23900.0,23419.5,4.65,4.7,4.3,4.4,314925,1744793520
2025-04-16 14:23:00,CE,ATM+10,21.726123,3709650,23900.0,23417.65,4.5,5.05,4.5,4.7,402825,1744793580
2025-04-16 14:24:00,CE,ATM+10,21.87778,3709650,23900.0,23410.2,4.65,4.7,4.5,4.55,383775,1744793640
2025-04-16 14:25:00,CE,ATM+10,21.862091,3693000,23900.0,23409.6,4.6,4.7,4.45,4.5,371175,1744793700
2025-04-16 14:26:00,CE,ATM+10,22.049679,3693000,23900.0,23416.55,4.6,5.0,4.55,5.0,257400,1744793760
2025-04-16 14:27:00,CE,ATM+10,22.036387,3693000,23900.0,23417.1,4.95,5.15,4.9,5.0,325800,1744793820
2025-04-16 14:28:00,CE,ATM+10,22.067926,3780600,23900.0,23410.7,5.05,5.05,4.75,4.75,223800,1744793880
2025-04-16 14:29:00,CE,ATM+10,22.037921,3780600,23900.0,23411.7,4.75,4.8,4.6,4.75,194700,1744793940
2025-04-16 14:30:00,CE,ATM+10,22.080575,3780600,23900.0,23413.1,4.75,5.05,4.75,4.85,251475,1744794000
2025-04-16 14:31:00,CE,ATM+10,22.250365,3778275,23900.0,23409.95,4.85,5.05,4.75,4.9,341550,1744794060
2025-04-16 14:32:00,CE,ATM+10,22.146848,3778275,23900.0,23409.4,4.85,4.95,4.75,4.75,204675,1744794120
2025-04-16 14:33:00,CE,ATM+10,22.24665,3778275,23900.0,23411.6,4.8,5.0,4.8,4.95,211500,1744794180
2025-04-16 14:34:00,CE,ATM+10,22.187628,3776775,23900.0,23403.9,4.95,5.0,4.55,4.55,260625,1744794240
2025-04-16 14:35:00,CE,ATM+10,22.41455,3776775,23900.0,23399.25,4.55,4.8,4.55,4.6,214800,1744794300
2025-04-16 14:36:00,CE,ATM+10,22.506511,3776775,23900.0,23403.0,4.65,4.85,4.6,4.85,123000,1744794360
2025-04-16 14:37:00,CE,ATM+10,22.448564,3817575,23900.0,23412.7,4.95,5.2,4.85,5.2,389100,1744794420
2025-04-16 14:38:00,CE,ATM+10,22.335782,3817575,23900.0,23409.1,5.25,5.25,4.75,4.9,345525,1744794480
2025-04-16 14:39:00,CE,ATM+10,22.519224,3817575,23900.0,23411.25,4.95,5.25,4.8,5.2,407025,1744794540
2025-04-16 14:40:00,CE,ATM+10,22.486913,3801300,23900.0,23412.3,5.3,5.3,5.05,5.2,210600,1744794600
2025-04-16 14:41:00,CE,ATM+10,22.487787,3801300,23900.0,23415.75,5.2,5.35,5.1,5.35,211050,1744794660
2025-04-16 14:42:00,CE,ATM+10,22.739842,3801300,23900.0,23414.7,5.3,5.95,5.25,5.6,602325,1744794720
2025-04-16 14:43:00,CE,ATM+10,22.845812,3878550,23900.0,23413.2,5.7,5.75,5.4,5.65,282375,1744794780
2025-04-16 14:44:00,CE,ATM+10,23.073929,3878550,23900.0,23414.65,5.65,6.15,5.65,6.0,378675,1744794840
2025-04-16 14:45:00,CE,ATM+10,22.990618,3878550,23900.0,23410.9,5.9,5.9,5.6,5.7,234000,1744794900
2025-04-16 14:46:00,CE,ATM+10,23.03858,3886275,23900.0,23410.9,5.65,6.1,5.6,5.75,317475,1744794960
2025-04-16 14:47:00,CE,ATM+10,23.255533,3886275,23900.0,23418.4,5.75,6.5,5.75,6.4,330675,1744795020
2025-04-16 14:48:00,CE,ATM+10,23.422697,3886275,23900.0,23419.05,6.4,6.8,6.3,6.65,400875,1744795080
2025-04-16 14:49:00,CE,ATM+10,23.305089,3807750,23900.0,23417.55,6.6,6.7,6.4,6.4,421425,1744795140
2025-04-16 14:50:00,CE,ATM+10,24.210001,1659750,23950.0,23425.7,5.1,5.55,5.05,5.55,251250,1744795200
2025-04-16 14:51:00,CE,ATM+10,23.070759,3807750,23900.0,23422.95,6.8,7.0,6.25,6.35,571575,1744795260
2025-04-16 14:52:00,CE,ATM+10,23.767876,1718925,23950.0,23427.5,5.15,5.25,5.0,5.1,227100,1744795320
2025-04-16 14:53:00,CE,ATM+10,23.242501,1718925,23950.0,23430.8,5.05,5.05,4.6,4.65,417000,1744795380
2025-04-16 14:54:00,CE,ATM+10,22.937364,1718925,23950.0,23431.55,4.75,4.8,4.25,4.35,358725,1744795440
2025-04-16 14:55:00,CE,ATM+10,22.932295,1553400,23950.0,23425.2,4.2,4.2,3.95,4.1,282450,1744795500
2025-04-16 14:56:00,CE,ATM+10,22.916336,1553400,23950.0,23425.85,4.15,4.2,4.05,4.1,204600,1744795560
2025-04-16 14:57:00,CE,ATM+10,22.977903,1553400,23950.0,23431.1,4.15,4.35,4.15,4.35,104700,1744795620
2025-04-16 14:58:00,CE,ATM+10,22.90151,1525125,23950.0,23428.05,4.35,4.35,4.0,4.15,109575,1744795680
2025-04-16 14:59:00,CE,ATM+10,22.877553,1525125,23950.0,23431.6,4.1,4.3,4.1,4.25,75450,1744795740
2025-04-16 15:00:00,CE,ATM+10,22.344742,1525125,23950.0,23429.5,4.25,4.35,3.65,3.65,267000,1744795800
2025-04-16 15:01:00,CE,ATM+10,22.581442,1512600,23950.0,23429.05,3.75,3.85,3.6,3.85,227475,1744795860
2025-04-16 15:02:00,CE,ATM+10,22.456416,1512600,23950.0,23431.25,3.8,3.85,3.7,3.8,129750,1744795920
2025-04-16 15:03:00,CE,ATM+10,22.569897,1512600,23950.0,23436.75,3.75,4.2,3.75,4.1,149100,1744795980
2025-04-16 15:04:00,CE,ATM+10,22.548193,1523625,23950.0,23437.55,4.1,4.15,3.95,4.1,82725,1744796040
2025-04-16 15:05:00,CE,ATM+10,22.529869,1523625,23950.0,23436.9,4.1,4.15,4.0,4.05,68850,1744796100
2025-04-16 15:06:00,CE,ATM+10,22.465606,1523625,23950.0,23436.1,4.05,4.05,3.85,3.95,81150,1744796160
2025-04-16 15:07:00,CE,ATM+10,22.486328,1508175,23950.0,23435.75,3.9,4.0,3.85,3.95,53175,1744796220
2025-04-16 15:08:00,CE,ATM+10,22.521279,1508175,23950.0,23436.4,3.95,4.05,3.95,4.0,67125,1744796280
2025-04-16 15:09:00,CE,ATM+10,22.529929,1508175,23950.0,23437.75,3.95,4.1,3.95,4.05,70800,1744796340
2025-04-16 15:10:00,CE,ATM+10,22.392758,1518000,23950.0,23434.7,4.05,4.05,3.8,3.8,124050,1744796400
2025-04-16 15:11:00,CE,ATM+10,22.368571,1518000,23950.0,23428.2,3.8,3.85,3.55,3.55,167100,1744796460
2025-04-16 15:12:00,CE,ATM+10,22.311034,1518000,23950.0,23430.0,3.5,3.7,3.5,3.55,105675,1744796520
2025-04-16 15:13:00,CE,ATM+10,22.307066,1518900,23950.0,23428.8,3.5,3.55,3.4,3.5,109575,1744796580
2025-04-16 15:14:00,CE,ATM+10,21.34273,3599025,23900.0,23424.55,4.4,4.4,4.1,4.15,577950,1744796640
2025-04-16 15:15:00,CE,ATM+10,21.927313,1518900,23950.0,23426.95,3.35,3.35,3.05,3.1,329250,1744796700
2025-04-16 15:16:00,CE,ATM+10,22.100326,1444950,23950.0,23428.9,3.05,3.3,3.05,3.3,281250,1744796760
2025-04-16 15:17:00,CE,ATM+10,22.139242,1444950,23950.0,23432.75,3.25,3.45,3.2,3.45,92625,1744796820
2025-04-16 15:18:00,CE,ATM+10,22.053612,1444950,23950.0,23436.85,3.45,3.55,3.4,3.5,129525,1744796880
2025-04-16 15:19:00,CE,ATM+10,22.153545,1437750,23950.0,23438.8,3.5,3.65,3.5,3.65,215625,1744796940
2025-04-16 15:20:00,CE,ATM+10,22.170556,1437750,23950.0,23441.45,3.7,3.9,3.65,3.75,158400,1744797000
2025-04-16 15:21:00,CE,ATM+10,22.197921,1437750,23950.0,23445.15,3.75,3.9,3.7,3.9,152925,1744797060
2025-04-16 15:22:00,CE,ATM+10,22.050761,1455525,23950.0,23447.95,3.95,3.95,3.75,3.85,140025,1744797120
2025-04-16 15:23:00,CE,ATM+10,22.125092,1455525,23950.0,23446.15,3.9,3.9,3.75,3.85,69000,1744797180
2025-04-16 15:24:00,CE,ATM+10,22.377066,1455525,23950.0,23450.35,4.0,4.3,3.9,4.25,103875,1744797240
2025-04-16 15:25:00,CE,ATM+10,22.316543,1436925,23950.0,23446.9,4.35,4.35,4.0,4.05,119850,1744797300
2025-04-16 15:26:00,CE,ATM+10,22.658204,1436925,23950.0,23448.4,4.2,4.45,4.2,4.45,118575,1744797360
2025-04-16 15:27:00,CE,ATM+10,22.359939,1436925,23950.0,23447.5,4.45,4.55,4.1,4.1,164475,1744797420
2025-04-16 15:28:00,CE,ATM+10,22.500482,1471575,23950.0,23446.6,4.25,4.3,4.15,4.2,114900,1744797480
2025-04-16 15:29:00,CE,ATM+10,22.803374,1471575,23950.0,23433.3,4.2,4.2,3.9,4.0,182550,1744797540
2025-04-17 09:15:00,CE,ATM+10,38.515246,4414500,23900.0,23377.45,2.45,2.45,1.2,1.4,2937450,1744861500
2025-04-17 09:16:00,CE,ATM+10,38.064424,4414500,23900.0,23379.0,1.35,1.4,1.3,1.3,3343200,1744861560
2025-04-17 09:17:00,CE,ATM+10,37.498355,4414500,23900.0,23378.55,1.25,1.3,1.1,1.15,1856550,1744861620
2025-04-17 09:18:00,CE,ATM+10,35.612012,2783850,23850.0,23366.9,1.25,1.35,1.25,1.25,1473300,1744861680
2025-04-17 09:19:00,CE,ATM+10,36.222536,2783850,23850.0,23358.15,1.3,1.35,1.25,1.25,992325,1744861740
2025-04-17 09:20:00,CE,ATM+10,36.768174,2783850,23850.0,23353.6,1.25,1.35,1.25,1.3,1077825,1744861800
2025-04-17 09:21:00,CE,ATM+10,38.739244,2983575,23850.0,23327.0,1.3,1.4,1.3,1.35,1287075,1744861860
2025-04-17 09:22:00,CE,ATM+10,36.900184,7963425,23800.0,23321.35,1.6,1.7,1.55,1.6,2259375,1744861920
2025-04-17 09:23:00,CE,ATM+10,37.742426,7963425,23800.0,23314.6,1.55,1.75,1.55,1.7,2927400,1744861980
2025-04-17 09:24:00,CE,ATM+10,37.393777,8866425,23800.0,23318.05,1.65,1.7,1.55,1.65,1737525,1744862040
2025-04-17 09:25:00,CE,ATM+10,38.763718,3713700,23850.0,23329.9,1.35,1.4,1.35,1.35,708600,1744862100
2025-04-17 09:26:00,CE,ATM+10,37.892508,8866425,23800.0,23309.55,1.65,1.7,1.6,1.6,1391625,1744862160
2025-04-17 09:27:00,CE,ATM+10,37.286609,9603375,23800.0,23321.95,1.55,1.65,1.55,1.65,1125375,1744862220
2025-04-17 09:28:00,CE,ATM+10,38.969275,9603375,23800.0,23302.8,1.65,1.85,1.6,1.75,1227750,1744862280
2025-04-17 09:29:00,CE,ATM+10,38.752512,9603375,23800.0,23309.25,1.8,1.8,1.7,1.8,1165500,1744862340
2025-04-17 09:30:00,CE,ATM+10,38.643207,10321575,23800.0,23311.65,1.75,1.85,1.75,1.8,1227375,1744862400
2025-04-17 09:31:00,CE,ATM+10,39.80021,4305900,23850.0,23325.2,1.5,1.5,1.45,1.45,556650,1744862460
2025-04-17 09:32:00,CE,ATM+10,37.669774,10321575,23800.0,23322.65,1.8,1.85,1.65,1.7,1813275,1744862520
2025-04-17 09:33:00,CE,ATM+10,37.773849,10637850,23800.0,23321.9,1.7,1.7,1.65,1.7,949725,1744862580
2025-04-17 09:34:00,CE,ATM+10,37.622024,10637850,23800.0,23319.85,1.65,1.7,1.6,1.6,969150,1744862640
2025-04-17 09:35:00,CE,ATM+10,37.516278,10637850,23800.0,23324.75,1.6,1.7,1.6,1.65,635025,1744862700
2025-04-17 09:36:00,CE,ATM+10,38.720305,4210725,23850.0,23333.25,1.35,1.35,1.25,1.25,449325,1744862760
2025-04-17 09:37:00,CE,ATM+10,37.993439,4210725,23850.0,23341.85,1.3,1.3,1.15,1.2,670125,1744862820
2025-04-17 09:38:00,CE,ATM+10,38.637045,4210725,23850.0,23336.2,1.2,1.3,1.2,1.25,788250,1744862880
2025-04-17 09:39:00,CE,ATM+10,37.918563,3935550,23850.0,23344.65,1.3,1.3,1.2,1.2,362250,1744862940
2025-04-17 09:40:00,CE,ATM+10,36.838592,3935550,23850.0,23361.9,1.2,1.25,1.1,1.2,1252875,1744863000
2025-04-17 09:41:00,CE,ATM+10,37.182911,3935550,23850.0,23363.85,1.25,1.4,1.2,1.3,1124625,1744863060
2025-04-17 09:42:00,CE,ATM+10,37.791006,5685150,23900.0,23387.2,0.95,1.05,0.95,1.05,848250,1744863120
2025-04-17 09:43:00,CE,ATM+10,37.311046,5685150,23900.0,23402.6,1.0,1.15,1.0,1.15,1599525,1744863180
2025-04-17 09:44:00,CE,ATM+10,36.722708,5685150,23900.0,23397.65,1.15,1.15,0.95,0.95,692400,1744863240
2025-04-17 09:45:00,CE,ATM+10,36.520653,5687025,23900.0,23416.25,1.0,1.2,0.95,1.15,1441800,1744863300
2025-04-17 09:46:00,CE,ATM+10,36.501347,5687025,23900.0,23417.35,1.2,1.2,1.05,1.15,1809525,1744863360
2025-04-17 09:47:00,CE,ATM+10,37.969036,2741325,23950.0,23425.35,0.9,0.95,0.85,0.9,450375,1744863420
2025-04-17 09:48:00,CE,ATM+10,36.025439,5716650,23900.0,23419.25,1.15,1.15,1.05,1.05,866175,1744863480
2025-04-17 09:49:00,CE,ATM+10,36.10943,5716650,23900.0,23422.3,1.05,1.1,1.0,1.1,389850,1744863540
2025-04-17 09:50:00,CE,ATM+10,37.835272,2882325,23950.0,23434.25,0.9,0.95,0.85,0.95,387150,1744863600
2025-04-17 09:51:00,CE,ATM+10,35.941436,5860650,23900.0,23422.95,1.15,1.15,1.05,1.05,582675,1744863660
2025-04-17 09:52:00,CE,ATM+10,35.376553,5860650,23900.0,23424.95,1.05,1.05,0.95,0.95,541650,1744863720
2025-04-17 09:53:00,CE,ATM+10,35.24119,5860650,23900.0,23423.9,1.0,1.0,0.85,0.9,717525,1744863780
2025-04-17 09:54:00,CE,ATM+10,35.48287,5960775,23900.0,23421.0,0.95,0.95,0.85,0.9,373650,1744863840
2025-04-17 09:55:00,CE,ATM+10,35.461453,5960775,23900.0,23413.65,0.9,0.9,0.8,0.8,471300,1744863900
2025-04-17 09:56:00,CE,ATM+10,35.599766,5960775,23900.0,23416.7,0.8,0.9,0.8,0.85,509850,1744863960
2025-04-17 09:57:00,CE,ATM+10,36.568141,6033000,23900.0,23406.85,0.85,0.9,0.8,0.9,715575,1744864020
2025-04-17 09:58:00,CE,ATM+10,36.000307,6033000,23900.0,23407.8,0.85,0.9,0.8,0.8,507225,1744864080
2025-04-17 09:59:00,CE,ATM+10,35.711849,6033000,23900.0,23413.1,0.85,0.85,0.75,0.8,321750,1744864140
2025-04-17 10:00:00,CE,ATM+10,36.754532,6087225,23900.0,23406.55,0.75,0.9,0.75,0.9,557550,1744864200
2025-04-17 10:01:00,CE,ATM+10,36.62213,6087225,23900.0,23405.2,0.85,0.9,0.85,0.85,452025,1744864260
2025-04-17 10:02:00,CE,ATM+10,37.444634,6087225,23900.0,23401.85,0.9,1.0,0.85,0.95,726150,1744864320
2025-04-17 10:03:00,CE,ATM+10,37.227307,6214125,23900.0,23406.0,0.95,1.0,0.9,0.95,573900,1744864380
2025-04-17 10:04:00,CE,ATM+10,37.722318,6214125,23900.0,23399.4,0.9,1.0,0.9,0.95,922575,1744864440
2025-04-17 10:05:00,CE,ATM+10,37.455217,6214125,23900.0,23404.3,0.95,1.0,0.9,0.95,539250,1744864500
2025-04-17 10:06:00,CE,ATM+10,38.58644,6436500,23900.0,23388.15,1.0,1.0,0.95,0.95,469575,1744864560
2025-04-17 10:07:00,CE,ATM+10,38.448806,6436500,23900.0,23382.6,0.9,0.95,0.8,0.85,417000,1744864620
2025-04-17 10:08:00,CE,ATM+10,39.240564,6436500,23900.0,23375.9,0.9,0.9,0.85,0.9,334725,1744864680
2025-04-17 10:09:00,CE,ATM+10,38.273793,5522175,23850.0,23358.05,1.05,1.1,1.0,1.1,718575,1744864740
2025-04-17 10:10:00,CE,ATM+10,38.265879,5522175,23850.0,23351.7,1.05,1.1,0.95,1.0,1735500,1744864800
2025-04-17 10:11:00,CE,ATM+10,38.737819,5522175,23850.0,23345.6,1.05,1.05,0.95,1.0,551400,1744864860
2025-04-17 10:12:00,CE,ATM+10,39.029085,6236700,23850.0,23346.0,1.05,1.05,1.0,1.05,504600,1744864920
2025-04-17 10:13:00,CE,ATM+10,38.471377,6236700,23850.0,23355.1,1.05,1.05,1.0,1.05,254250,1744864980
2025-04-17 10:14:00,CE,ATM+10,38.64849,6236700,23850.0,23353.4,1.05,1.05,1.0,1.05,376500,1744865040
2025-04-17 10:15:00,CE,ATM+10,38.949163,6118350,23850.0,23349.9,1.05,1.05,1.0,1.05,297225,1744865100
2025-04-17 10:16:00,CE,ATM+10,38.413675,6118350,23850.0,23354.9,1.0,1.05,1.0,1.0,264450,1744865160
2025-04-17 10:17:00,CE,ATM+10,37.900886,6118350,23850.0,23367.0,1.05,1.05,1.0,1.05,734250,1744865220
2025-04-17 10:18:00,CE,ATM+10,37.535012,5989125,23850.0,23369.55,1.0,1.1,1.0,1.0,600975,1744865280
2025-04-17 10:19:00,CE,ATM+10,38.267399,5989125,23850.0,23359.75,1.0,1.05,1.0,1.0,309525,1744865340
2025-04-17 10:20:00,CE,ATM+10,38.959945,5989125,23850.0,23350.55,1.0,1.05,1.0,1.0,770850,1744865400
2025-04-17 10:21:00,CE,ATM+10,39.265258,6018000,23850.0,23350.8,1.0,1.05,0.95,1.05,392100,1744865460
2025-04-17 10:22:00,CE,ATM+10,38.298828,6018000,23850.0,23365.7,1.05,1.05,1.0,1.05,321600,1744865520
2025-04-17 10:23:00,CE,ATM+10,37.920802,6018000,23850.0,23372.05,1.05,1.1,1.0,1.05,899025,1744865580
2025-04-17 10:24:00,CE,ATM+10,39.218931,6543900,23900.0,23382.3,0.75,0.8,0.75,0.8,158025,1744865640
2025-04-17 10:25:00,CE,ATM+10,38.279767,6543900,23900.0,23392.5,0.75,0.8,0.7,0.75,637950,1744865700
2025-04-17 10:26:00,CE,ATM+10,37.726933,6543900,23900.0,23401.7,0.75,0.8,0.7,0.75,1485900,1744865760
2025-04-17 10:27:00,CE,ATM+10,38.259013,6355950,23900.0,23394.7,0.75,0.8,0.7,0.75,475725,1744865820
2025-04-17 10:28:00,CE,ATM+10,38.299096,6355950,23900.0,23395.05,0.8,0.8,0.7,0.75,274950,1744865880
2025-04-17 10:29:00,CE,ATM+10,38.588265,6355950,23900.0,23391.7,0.8,0.8,0.7,0.75,438675,1744865940
2025-04-17 10:30:00,CE,ATM+10,38.767418,6265725,23900.0,23394.75,0.8,0.8,0.75,0.8,112650,1744866000
2025-04-17 10:31:00,CE,ATM+10,38.240969,6265725,23900.0,23403.45,0.8,0.85,0.75,0.8,472575,1744866060
2025-04-17 10:32:00,CE,ATM+10,38.233824,6265725,23900.0,23404.5,0.75,0.8,0.75,0.8,162525,1744866120
2025-04-17 10:33:00,CE,ATM+10,38.276092,6238875,23900.0,23409.25,0.8,0.95,0.75,0.85,595650,1744866180
2025-04-17 10:34:00,CE,ATM+10,38.10686,6238875,23900.0,23408.25,0.85,0.85,0.8,0.8,457125,1744866240
2025-04-17 10:35:00,CE,ATM+10,38.740292,6238875,23900.0,23399.95,0.85,0.85,0.75,0.8,258900,1744866300
2025-04-17 10:36:00,CE,ATM+10,38.424121,6205200,23900.0,23400.85,0.8,0.8,0.75,0.75,177900,1744866360
2025-04-17 10:37:00,CE,ATM+10,38.316121,6205200,23900.0,23408.05,0.8,0.85,0.75,0.8,251625,1744866420
2025-04-17 10:38:00,CE,ATM+10,38.234672,6205200,23900.0,23405.55,0.85,0.85,0.75,0.75,174825,1744866480
2025-04-17 10:39:00,CE,ATM+10,38.562114,6174150,23900.0,23406.4,0.75,0.85,0.75,0.8,259425,1744866540
2025-04-17 10:40:00,CE,ATM+10,38.341863,6174150,23900.0,23410.55,0.8,0.85,0.75,0.8,216975,1744866600
2025-04-17 10:41:00,CE,ATM+10,38.429179,6174150,23900.0,23422.75,0.8,1.0,0.8,0.95,913575,1744866660
2025-04-17 10:42:00,CE,ATM+10,38.559852,6174675,23900.0,23421.85,0.95,1.0,0.85,0.95,779550,1744866720
2025-04-17 10:43:00,CE,ATM+10,38.517375,6174675,23900.0,23423.4,0.95,1.05,0.9,0.95,303975,1744866780
2025-04-17 10:44:00,CE,ATM+10,38.687964,6174675,23900.0,23421.95,0.9,0.95,0.9,0.95,208125,1744866840
2025-04-17 10:45:00,CE,ATM+10,40.431877,2906475,23950.0,23429.3,0.75,0.8,0.7,0.75,423825,1744866900
2025-04-17 10:46:00,CE,ATM+10,39.833881,2906475,23950.0,23433.95,0.7,0.75,0.7,0.7,541050,1744866960
2025-04-17 10:47:00,CE,ATM+10,39.90793,2906475,23950.0,23433.9,0.75,0.75,0.65,0.7,290175,1744867020
2025-04-17 10:48:00,CE,ATM+10,40.124645,2962650,23950.0,23436.85,0.75,0.75,0.7,0.75,180975,1744867080
2025-04-17 10:49:00,CE,ATM+10,40.617435,2962650,23950.0,23440.15,0.8,0.85,0.75,0.85,237900,1744867140
2025-04-17 10:50:00,CE,ATM+10,40.087915,2962650,23950.0,23444.2,0.85,0.85,0.75,0.8,456375,1744867200
2025-04-17 10:51:00,CE,ATM+10,40.452118,3001800,23950.0,23435.25,0.85,0.85,0.75,0.75,174975,1744867260
2025-04-17 10:52:00,CE,ATM+10,40.804008,3001800,23950.0,23431.25,0.8,0.8,0.7,0.75,255525,1744867320
2025-04-17 10:53:00,CE,ATM+10,40.870082,3001800,23950.0,23426.25,0.75,0.75,0.7,0.7,127425,1744867380
2025-04-17 10:54:00,CE,ATM+10,38.586645,6375300,23900.0,23420.7,0.9,0.9,0.8,0.8,346650,1744867440
2025-04-17 10:55:00,CE,ATM+10,38.781511,6375300,23900.0,23418.95,0.85,0.85,0.75,0.8,511575,1744867500
2025-04-17 10:56:00,CE,ATM+10,38.337709,6375300,23900.0,23421.65,0.8,0.8,0.75,0.75,215250,1744867560
2025-04-17 10:57:00,CE,ATM+10,38.784738,6390675,23900.0,23420.9,0.8,0.85,0.75,0.8,364500,1744867620
2025-04-17 10:58:00,CE,ATM+10,38.859715,6390675,23900.0,23411.45,0.8,0.85,0.7,0.7,405900,1744867680
2025-04-17 10:59:00,CE,ATM+10,39.616984,6390675,23900.0,23406.65,0.75,0.75,0.7,0.75,176400,1744867740
2025-04-17 11:00:00,CE,ATM+10,39.455724,6421875,23900.0,23409.95,0.7,0.75,0.7,0.75,518775,1744867800
2025-04-17 11:01:00,CE,ATM+10,41.383526,6421875,23900.0,23383.9,0.75,0.8,0.7,0.75,570225,1744867860
2025-04-17 11:02:00,CE,ATM+10,41.854796,6421875,23900.0,23383.2,0.8,0.85,0.75,0.8,793875,1744867920
2025-04-17 11:03:00,CE,ATM+10,42.503594,6562800,23900.0,23375.25,0.8,0.85,0.75,0.8,540975,1744867980
2025-04-17 11:04:00,CE,ATM+10,42.081307,6562800,23900.0,23377.4,0.8,0.8,0.75,0.75,256875,1744868040
2025-04-17 11:05:00,CE,ATM+10,42.131618,6562800,23900.0,23382.65,0.8,0.8,0.7,0.8,479550,1744868100
2025-04-17 11:06:00,CE,ATM+10,41.843483,6474825,23900.0,23387.75,0.8,0.85,0.75,0.8,389550,1744868160
2025-04-17 11:07:00,CE,ATM+10,41.466979,6474825,23900.0,23398.55,0.8,0.95,0.8,0.85,705450,1744868220
2025-04-17 11:08:00,CE,ATM+10,40.979737,6474825,23900.0,23406.3,0.85,0.9,0.8,0.85,313800,1744868280
2025-04-17 11:09:00,CE,ATM+10,40.383998,6365175,23900.0,23423.6,0.85,0.95,0.8,0.95,683925,1744868340
2025-04-17 11:10:00,CE,ATM+10,42.004454,2883600,23950.0,23428.85,0.65,0.75,0.6,0.7,465900,1744868400
2025-04-17 11:11:00,CE,ATM+10,41.002714,6365175,23900.0,23424.85,1.05,1.1,0.95,1.05,642675,1744868460
2025-04-17 11:12:00,CE,ATM+10,43.386317,2842350,23950.0,23426.65,0.8,0.85,0.8,0.85,752700,1744868520
2025-04-17 11:13:00,CE,ATM+10,43.15767,2842350,23950.0,23426.3,0.8,0.8,0.75,0.8,561450,1744868580
2025-04-17 11:14:00,CE,ATM+10,43.492712,2842350,23950.0,23440.1,0.8,1.0,0.8,1.0,1534275,1744868640
2025-04-17 11:15:00,CE,ATM+10,43.952246,2663025,23950.0,23456.05,1.0,1.4,0.95,1.3,2201400,1744868700
2025-04-17 11:16:00,CE,ATM+10,45.980822,2663025,23950.0,23472.35,1.35,2.3,1.25,2.1,3101550,1744868760
2025-04-17 11:17:00,CE,ATM+10,47.146812,13260300,24000.0,23478.15,1.3,1.55,1.1,1.5,3116400,1744868820
2025-04-17 11:18:00,CE,ATM+10,45.456948,3030225,23950.0,23474.45,2.1,2.1,1.85,1.95,1314675,1744868880
2025-04-17 11:19:00,CE,ATM+10,46.29755,13092900,24000.0,23482.35,1.45,1.5,1.25,1.35,1651350,1744868940
2025-04-17 11:20:00,CE,ATM+10,43.951038,3030225,23950.0,23473.25,1.8,2.0,1.5,1.5,1382550,1744869000
2025-04-17 11:21:00,CE,ATM+10,45.793609,13286250,24000.0,23477.9,1.15,1.2,0.95,1.15,1709025,1744869060
2025-04-17 11:22:00,CE,ATM+10,43.465947,3266025,23950.0,23473.1,1.55,1.6,1.25,1.35,1307475,1744869120
2025-04-17 11:23:00,CE,ATM+10,46.056833,13286250,24000.0,23480.4,1.0,1.2,0.95,1.2,907725,1744869180
2025-04-17 11:24:00,CE,ATM+10,45.89532,13563075,24000.0,23480.2,1.2,1.25,1.1,1.15,1237950,1744869240
2025-04-17 11:25:00,CE,ATM+10,46.454403,13563075,24000.0,23481.1,1.05,1.3,1.05,1.25,1124325,1744869300
2025-04-17 11:26:00,CE,ATM+10,45.368745,13563075,24000.0,23492.85,1.3,1.4,1.1,1.2,1525275,1744869360
2025-04-17 11:27:00,CE,ATM+10,44.949579,13608825,24000.0,23505.85,1.2,1.3,1.1,1.3,2115075,1744869420
2025-04-17 11:28:00,CE,ATM+10,45.296593,13608825,24000.0,23508.7,1.35,1.45,1.2,1.4,1571100,1744869480
2025-04-17 11:29:00,CE,ATM+10,46.63713,13608825,24000.0,23512.1,1.4,1.85,1.35,1.75,2950125,1744869540
2025-04-17 11:30:00,CE,ATM+10,46.402304,13787700,24000.0,23520.9,1.7,1.95,1.55,1.85,2877225,1744869600
2025-04-17 11:31:00,CE,ATM+10,47.044499,3175200,24050.0,23539.25,1.2,1.45,1.1,1.4,1862625,1744869660
2025-04-17 11:32:00,CE,ATM+10,47.857565,3175200,24050.0,23533.35,1.5,1.8,1.45,1.45,2088000,1744869720
2025-04-17 11:33:00,CE,ATM+10,48.286443,3127125,24050.0,23543.15,1.5,1.85,1.45,1.7,1239600,1744869780
2025-04-17 11:34:00,CE,ATM+10,47.660622,3127125,24050.0,23538.3,1.65,1.65,1.45,1.45,1383075,1744869840
2025-04-17 11:35:00,CE,ATM+10,47.790469,3127125,24050.0,23540.85,1.55,1.6,1.45,1.5,835725,1744869900
2025-04-17 11:36:00,CE,ATM+10,46.632691,3092100,24050.0,23571.7,1.55,1.8,1.55,1.8,794625,1744869960
2025-04-17 11:37:00,CE,ATM+10,47.267957,3092100,24050.0,23557.85,1.75,1.8,1.6,1.65,650850,1744870020
2025-04-17 11:38:00,CE,ATM+10,46.92134,3092100,24050.0,23560.65,1.65,1.65,1.45,1.6,609675,1744870080
2025-04-17 11:39:00,CE,ATM+10,46.794452,3051825,24050.0,23558.0,1.65,1.65,1.45,1.5,887400,1744870140
2025-04-17 11:40:00,CE,ATM+10,46.495899,3051825,24050.0,23560.05,1.5,1.5,1.25,1.45,604725,1744870200
2025-04-17 11:41:00,CE,ATM+10,46.179952,3051825,24050.0,23570.6,1.5,1.55,1.35,1.55,966525,1744870260
2025-04-17 11:42:00,CE,ATM+10,47.481967,2963025,24050.0,23568.9,1.55,2.15,1.55,1.8,1712100,1744870320
2025-04-17 11:43:00,CE,ATM+10,49.098025,5641425,24100.0,23604.65,1.15,2.4,1.15,1.9,2239350,1744870380
2025-04-17 11:44:00,CE,ATM+10,50.101033,5641425,24100.0,23596.5,1.9,2.45,1.85,1.95,2236350,1744870440
2025-04-17 11:45:00,CE,ATM+10,51.202912,5883750,24100.0,23587.25,2.05,2.2,1.8,2.0,2007075,1744870500
2025-04-17 11:46:00,CE,ATM+10,51.249889,5883750,24100.0,23592.55,2.05,2.15,2.0,2.1,1270350,1744870560
2025-04-17 11:47:00,CE,ATM+10,52.326224,5883750,24100.0,23598.05,2.1,2.65,2.1,2.5,1282800,1744870620
2025-04-17 11:48:00,CE,ATM+10,51.904411,5997000,24100.0,23598.25,2.5,2.55,2.3,2.35,1084950,1744870680
2025-04-17 11:49:00,CE,ATM+10,51.459471,5997000,24100.0,23600.55,2.4,2.4,2.2,2.25,997425,1744870740
2025-04-17 11:50:00,CE,ATM+10,50.362801,5997000,24100.0,23605.85,2.2,2.3,1.9,2.05,1085025,1744870800
2025-04-17 11:51:00,CE,ATM+10,48.933755,6218850,24100.0,23619.1,2.05,2.4,1.9,1.95,1855275,1744870860
2025-04-17 11:52:00,CE,ATM+10,49.150826,6218850,24100.0,23613.3,1.95,2.05,1.75,1.85,1470750,1744870920
2025-04-17 11:53:00,CE,ATM+10,48.668641,6218850,24100.0,23610.35,1.75,1.9,1.6,1.65,1075200,1744870980
2025-04-17 11:54:00,CE,ATM+10,48.712438,6357600,24100.0,23600.25,1.65,1.7,1.35,1.45,1645350,1744871040
2025-04-17 11:55:00,CE,ATM+10,47.398971,3200325,24050.0,23573.7,1.85,1.9,1.3,1.55,1761375,1744871100
2025-04-17 11:56:00,CE,ATM+10,47.347177,6357600,24100.0,23600.35,1.2,1.2,1.05,1.15,1292250,1744871160
2025-04-17 11:57:00,CE,ATM+10,47.163834,6380475,24100.0,23600.4,1.1,1.15,1.05,1.1,902100,1744871220
2025-04-17 11:58:00,CE,ATM+10,47.637256,6380475,24100.0,23599.55,1.1,1.15,1.05,1.15,615225,1744871280
2025-04-17 11:59:00,CE,ATM+10,48.714655,6380475,24100.0,23601.05,1.15,1.35,1.1,1.35,1051275,1744871340
2025-04-17 12:00:00,CE,ATM+10,48.80088,6408450,24100.0,23604.4,1.3,1.4,1.2,1.4,873150,1744871400
2025-04-17 12:01:00,CE,ATM+10,49.308019,6408450,24100.0,23580.05,1.35,1.45,1.1,1.1,1119075,1744871460
2025-04-17 12:02:00,CE,ATM+10,48.363769,6408450,24100.0,23599.75,1.1,1.3,1.05,1.2,983700,1744871520
2025-04-17 12:03:00,CE,ATM+10,48.172171,6470775,24100.0,23603.4,1.2,1.25,1.15,1.2,771600,1744871580
2025-04-17 12:04:00,CE,ATM+10,48.049852,6470775,24100.0,23602.85,1.2,1.2,1.05,1.15,506100,1744871640
2025-04-17 12:05:00,CE,ATM+10,48.230731,6470775,24100.0,23602.1,1.15,1.2,1.1,1.15,562425,1744871700
2025-04-17 12:06:00,CE,ATM+10,49.099458,6535425,24100.0,23603.15,1.15,1.35,1.15,1.3,604500,1744871760
2025-04-17 12:07:00,CE,ATM+10,48.496263,6535425,24100.0,23611.55,1.25,1.45,1.25,1.3,826500,1744871820
2025-04-17 12:08:00,CE,ATM+10,48.036611,6535425,24100.0,23618.25,1.35,1.35,1.2,1.3,935325,1744871880
2025-04-17 12:09:00,CE,ATM+10,47.311041,6535425,24100.0,23618.45,1.3,1.35,1.15,1.15,622800,1744871940
2025-04-17 12:10:00,CE,ATM+10,49.545409,3023175,24150.0,23627.35,0.95,0.95,0.85,0.95,473850,1744872000
2025-04-17 12:11:00,CE,ATM+10,49.045547,3023175,24150.0,23642.65,0.95,1.1,0.9,1.05,693600,1744872060
2025-04-17 12:12:00,CE,ATM+10,49.008233,3156825,24150.0,23628.15,1.05,1.05,0.85,0.85,629100,1744872120
2025-04-17 12:13:00,CE,ATM+10,48.650493,3156825,24150.0,23633.95,0.85,0.9,0.85,0.85,421350,1744872180
2025-04-17 12:14:00,CE,ATM+10,48.352257,3156825,24150.0,23634.45,0.9,0.9,0.8,0.8,263550,1744872240
2025-04-17 12:15:00,CE,ATM+10,47.082308,3284400,24150.0,23641.5,0.85,0.85,0.7,0.7,610725,1744872300
2025-04-17 12:16:00,CE,ATM+10,47.183295,3284400,24150.0,23641.75,0.75,0.75,0.6,0.7,1034850,1744872360
2025-04-17 12:17:00,CE,ATM+10,46.533585,3284400,24150.0,23645.85,0.7,0.75,0.65,0.65,553875,1744872420
2025-04-17 12:18:00,CE,ATM+10,45.25697,3703425,24150.0,23651.45,0.65,0.65,0.55,0.55,674925,1744872480
2025-04-17 12:19:00,CE,ATM+10,46.914585,3703425,24150.0,23649.45,0.6,0.7,0.55,0.7,455775,1744872540
2025-04-17 12:20:00,CE,ATM+10,47.005763,3703425,24150.0,23632.85,0.75,0.75,0.55,0.55,334950,1744872600
2025-04-17 12:21:00,CE,ATM+10,46.595307,3850575,24150.0,23645.45,0.6,0.65,0.55,0.6,407400,1744872660
2025-04-17 12:22:00,CE,ATM+10,46.187906,3850575,24150.0,23651.9,0.65,0.65,0.6,0.6,306225,1744872720
2025-04-17 12:23:00,CE,ATM+10,46.593391,3850575,24150.0,23654.05,0.65,0.7,0.6,0.65,436275,1744872780
2025-04-17 12:24:00,CE,ATM+10,47.453815,4173825,24150.0,23645.25,0.65,0.7,0.6,0.65,459150,1744872840
2025-04-17 12:25:00,CE,ATM+10,46.877737,4173825,24150.0,23648.1,0.6,0.65,0.6,0.6,114300,1744872900
2025-04-17 12:26:00,CE,ATM+10,46.209313,4173825,24150.0,23657.65,0.6,0.65,0.6,0.6,127425,1744872960
2025-04-17 12:27:00,CE,ATM+10,44.56712,4208250,24150.0,23673.05,0.6,0.65,0.55,0.55,299100,1744873020
2025-04-17 12:28:00,CE,ATM+10,47.201543,6985800,24200.0,23678.0,0.45,0.5,0.4,0.45,433350,1744873080
2025-04-17 12:29:00,CE,ATM+10,47.8159,6985800,24200.0,23679.25,0.4,0.5,0.4,0.5,1160250,1744873140
2025-04-17 12:30:00,CE,ATM+10,48.516567,7026150,24200.0,23679.0,0.5,0.55,0.45,0.55,556425,1744873200
2025-04-17 12:31:00,CE,ATM+10,48.156238,7026150,24200.0,23684.95,0.55,0.6,0.5,0.55,803100,1744873260
2025-04-17 12:32:00,CE,ATM+10,46.73758,7026150,24200.0,23709.4,0.55,0.6,0.5,0.6,322350,1744873320
2025-04-17 12:33:00,CE,ATM+10,46.848577,6990675,24200.0,23709.65,0.6,0.6,0.55,0.6,423225,1744873380
2025-04-17 12:34:00,CE,ATM+10,46.026183,6990675,24200.0,23708.8,0.55,0.55,0.45,0.5,739425,1744873440
2025-04-17 12:35:00,CE,ATM+10,46.631513,6990675,24200.0,23703.15,0.6,0.6,0.45,0.5,387075,1744873500
2025-04-17 12:36:00,CE,ATM+10,47.408252,6926475,24200.0,23695.5,0.5,0.55,0.45,0.5,453000,1744873560
2025-04-17 12:37:00,CE,ATM+10,47.726532,6926475,24200.0,23686.3,0.5,0.5,0.4,0.45,237075,1744873620
2025-04-17 12:38:00,CE,ATM+10,49.800839,6926475,24200.0,23677.05,0.45,0.55,0.45,0.55,608850,1744873680
2025-04-17 12:39:00,CE,ATM+10,48.707721,7008375,24200.0,23685.05,0.55,0.55,0.45,0.5,397725,1744873740
2025-04-17 12:40:00,CE,ATM+10,48.473647,7008375,24200.0,23689.5,0.45,0.5,0.45,0.5,193575,1744873800
2025-04-17 12:41:00,CE,ATM+10,47.641931,7008375,24200.0,23700.95,0.5,0.5,0.45,0.5,554025,1744873860
2025-04-17 12:42:00,CE,ATM+10,47.346905,7125375,24200.0,23699.15,0.45,0.5,0.45,0.45,218250,1744873920
2025-04-17 12:43:00,CE,ATM+10,46.256753,7125375,24200.0,23713.65,0.5,0.5,0.4,0.45,341400,1744873980
2025-04-17 12:44:00,CE,ATM+10,47.090253,7125375,24200.0,23712.35,0.5,0.5,0.45,0.5,186525,1744874040
2025-04-17 12:45:00,CE,ATM+10,46.956165,7108725,24200.0,23708.75,0.5,0.5,0.45,0.45,91800,1744874100
2025-04-17 12:46:00,CE,ATM+10,45.89687,7108725,24200.0,23715.4,0.5,0.5,0.4,0.4,112650,1744874160
2025-04-17 12:47:00,CE,ATM+10,45.675574,7108725,24200.0,23719.65,0.45,0.45,0.4,0.4,124275,1744874220
2025-04-17 12:48:00,CE,ATM+10,48.275713,2221725,24250.0,23731.05,0.4,0.45,0.35,0.35,165150,1744874280
2025-04-17 12:49:00,CE,ATM+10,48.034664,2174775,24250.0,23735.7,0.35,0.4,0.3,0.35,554475,1744874340
2025-04-17 12:50:00,CE,ATM+10,48.227117,2174775,24250.0,23735.2,0.4,0.4,0.35,0.35,142125,1744874400
2025-04-17 12:51:00,CE,ATM+10,48.395849,2174775,24250.0,23735.0,0.4,0.4,0.3,0.35,96225,1744874460
2025-04-17 12:52:00,CE,ATM+10,47.945895,2134275,24250.0,23742.1,0.35,0.4,0.3,0.35,138975,1744874520
2025-04-17 12:53:00,CE,ATM+10,47.881243,2134275,24250.0,23744.65,0.4,0.4,0.35,0.35,39075,1744874580
2025-04-17 12:54:00,CE,ATM+10,48.137532,2134275,24250.0,23743.45,0.35,0.4,0.35,0.35,104325,1744874640
2025-04-17 12:55:00,CE,ATM+10,49.17793,2147325,24250.0,23741.7,0.35,0.4,0.35,0.4,179925,1744874700
2025-04-17 12:56:00,CE,ATM+10,49.281037,2147325,24250.0,23742.35,0.4,0.4,0.35,0.4,47850,1744874760
2025-04-17 12:57:00,CE,ATM+10,50.075456,2147325,24250.0,23726.45,0.4,0.4,0.3,0.35,94200,1744874820
2025-04-17 12:58:00,CE,ATM+10,49.522073,2231925,24250.0,23734.75,0.35,0.35,0.3,0.35,56700,1744874880
2025-04-17 12:59:00,CE,ATM+10,49.373403,2231925,24250.0,23738.35,0.35,0.35,0.3,0.35,54375,1744874940
2025-04-17 13:00:00,CE,ATM+10,48.198189,2231925,24250.0,23744.25,0.35,0.35,0.3,0.3,18450,1744875000
2025-04-17 13:01:00,CE,ATM+10,48.93406,2194800,24250.0,23737.6,0.35,0.35,0.3,0.3,26850,1744875060
2025-04-17 13:02:00,CE,ATM+10,50.508602,2194800,24250.0,23731.1,0.3,0.35,0.3,0.35,29700,1744875120
2025-04-17 13:03:00,CE,ATM+10,50.508884,2194800,24250.0,23733.05,0.3,0.35,0.3,0.35,41925,1744875180
2025-04-17 13:04:00,CE,ATM+10,49.656623,2200425,24250.0,23744.65,0.35,0.35,0.3,0.35,21975,1744875240
2025-04-17 13:05:00,CE,ATM+10,49.619334,2200425,24250.0,23747.0,0.35,0.35,0.3,0.35,88800,1744875300
2025-04-17 13:06:00,CE,ATM+10,48.516351,2200425,24250.0,23761.3,0.35,0.35,0.3,0.35,231375,1744875360
2025-04-17 13:07:00,CE,ATM+10,48.381426,2191425,24250.0,23764.7,0.35,0.4,0.3,0.35,255375,1744875420
2025-04-17 13:08:00,CE,ATM+10,48.201002,2191425,24250.0,23768.6,0.4,0.4,0.3,0.35,130425,1744875480
2025-04-17 13:09:00,CE,ATM+10,48.417188,2191425,24250.0,23768.1,0.35,0.4,0.3,0.35,336750,1744875540
2025-04-17 13:10:00,CE,ATM+10,49.599891,2125950,24250.0,23765.2,0.3,0.4,0.3,0.4,100800,1744875600
2025-04-17 13:11:00,CE,ATM+10,48.524011,2125950,24250.0,23770.75,0.4,0.45,0.35,0.35,236775,1744875660
2025-04-17 13:12:00,CE,ATM+10,52.559684,5579550,24300.0,23777.15,0.35,0.4,0.3,0.35,561675,1744875720
2025-04-17 13:13:00,CE,ATM+10,52.069362,5640600,24300.0,23784.65,0.3,0.35,0.3,0.35,292500,1744875780
2025-04-17 13:14:00,CE,ATM+10,51.895406,5640600,24300.0,23788.65,0.35,0.4,0.35,0.35,132375,1744875840
2025-04-17 13:15:00,CE,ATM+10,52.607481,5640600,24300.0,23791.55,0.35,0.45,0.35,0.4,266400,1744875900
2025-04-17 13:16:00,CE,ATM+10,53.501445,5583450,24300.0,23791.8,0.4,0.45,0.35,0.45,308625,1744875960
2025-04-17 13:17:00,CE,ATM+10,52.566478,5583450,24300.0,23787.7,0.45,0.45,0.35,0.35,237075,1744876020
2025-04-17 13:18:00,CE,ATM+10,52.751735,5583450,24300.0,23787.85,0.35,0.4,0.35,0.35,154050,1744876080
2025-04-17 13:19:00,CE,ATM+10,52.003924,5566725,24300.0,23788.5,0.35,0.4,0.3,0.3,274725,1744876140
2025-04-17 13:20:00,CE,ATM+10,52.627922,5566725,24300.0,23783.9,0.35,0.35,0.3,0.3,501150,1744876200
2025-04-17 13:21:00,CE,ATM+10,53.972431,5566725,24300.0,23781.35,0.3,0.35,0.3,0.35,135600,1744876260
2025-04-17 13:22:00,CE,ATM+10,50.589761,2047800,24250.0,23770.55,0.4,0.4,0.3,0.35,267075,1744876320
2025-04-17 13:23:00,CE,ATM+10,52.766951,5697900,24300.0,23789.05,0.3,0.35,0.25,0.3,407325,1744876380
2025-04-17 13:24:00,CE,ATM+10,54.232959,5697900,24300.0,23785.35,0.3,0.35,0.3,0.35,396525,1744876440
2025-04-17 13:25:00,CE,ATM+10,54.021003,5744700,24300.0,23789.85,0.35,0.4,0.3,0.35,630450,1744876500
2025-04-17 13:26:00,CE,ATM+10,54.702917,5744700,24300.0,23785.0,0.4,0.4,0.3,0.35,324900,1744876560
2025-04-17 13:27:00,CE,ATM+10,54.798825,5744700,24300.0,23776.6,0.35,0.35,0.3,0.3,101175,1744876620
2025-04-17 13:28:00,CE,ATM+10,56.692331,6052350,24300.0,23777.75,0.3,0.4,0.3,0.4,357075,1744876680
2025-04-17 13:29:00,CE,ATM+10,56.316986,6052350,24300.0,23775.3,0.4,0.4,0.3,0.35,238200,1744876740
2025-04-17 13:30:00,CE,ATM+10,56.750577,6052350,24300.0,23781.95,0.35,0.4,0.35,0.4,391875,1744876800
2025-04-17 13:31:00,CE,ATM+10,57.895758,6138150,24300.0,23787.75,0.4,0.5,0.35,0.5,239925,1744876860
2025-04-17 13:32:00,CE,ATM+10,57.738376,6138150,24300.0,23784.65,0.5,0.5,0.4,0.45,183075,1744876920
2025-04-17 13:33:00,CE,ATM+10,58.414872,6138150,24300.0,23787.5,0.45,0.5,0.4,0.5,269025,1744876980
2025-04-17 13:34:00,CE,ATM+10,59.059325,6214500,24300.0,23776.5,0.5,0.5,0.4,0.45,501525,1744877040
2025-04-17 13:35:00,CE,ATM+10,58.726397,6214500,24300.0,23789.4,0.45,0.5,0.4,0.5,321150,1744877100
2025-04-17 13:36:00,CE,ATM+10,58.576183,6214500,24300.0,23793.35,0.5,0.55,0.45,0.5,374400,1744877160
2025-04-17 13:37:00,CE,ATM+10,59.867593,6355725,24300.0,23795.95,0.55,0.6,0.45,0.6,350250,1744877220
2025-04-17 13:38:00,CE,ATM+10,58.008525,6355725,24300.0,23803.8,0.6,0.6,0.5,0.5,231375,1744877280
2025-04-17 13:39:00,CE,ATM+10,57.20807,6355725,24300.0,23807.1,0.55,0.55,0.45,0.45,185025,1744877340
2025-04-17 13:40:00,CE,ATM+10,57.040251,6530025,24300.0,23803.7,0.5,0.5,0.4,0.4,552975,1744877400
2025-04-17 13:41:00,CE,ATM+10,56.358774,6530025,24300.0,23812.8,0.4,0.45,0.4,0.4,150900,1744877460
2025-04-17 13:42:00,CE,ATM+10,56.071162,6530025,24300.0,23809.85,0.45,0.45,0.35,0.35,562725,1744877520
2025-04-17 13:43:00,CE,ATM+10,55.960962,6731025,24300.0,23813.45,0.35,0.4,0.35,0.35,279975,1744877580
2025-04-17 13:44:00,CE,ATM+10,55.913115,6731025,24300.0,23816.45,0.4,0.4,0.35,0.35,344550,1744877640
2025-04-17 13:45:00,CE,ATM+10,57.03857,6731025,24300.0,23816.45,0.4,0.45,0.35,0.4,470175,1744877700
2025-04-17 13:46:00,CE,ATM+10,61.178214,1516350,24350.0,23828.75,0.45,0.5,0.4,0.4,141150,1744877760
2025-04-17 13:47:00,CE,ATM+10,61.707975,1516350,24350.0,23826.55,0.4,0.45,0.35,0.4,95475,1744877820
2025-04-17 13:48:00,CE,ATM+10,63.911747,1516350,24350.0,23830.6,0.45,0.55,0.35,0.55,156675,1744877880
2025-04-17 13:49:00,CE,ATM+10,61.670136,1513200,24350.0,23840.35,0.5,0.5,0.4,0.45,219150,1744877940
2025-04-17 13:50:00,CE,ATM+10,62.522342,1513200,24350.0,23835.35,0.4,0.45,0.35,0.45,478650,1744878000
2025-04-17 13:51:00,CE,ATM+10,64.28953,1513200,24350.0,23835.85,0.45,0.6,0.4,0.55,301950,1744878060
2025-04-17 13:52:00,CE,ATM+10,64.706361,1585050,24350.0,23846.75,0.6,0.65,0.5,0.65,561075,1744878120
2025-04-17 13:53:00,CE,ATM+10,66.52549,1585050,24350.0,23844.15,0.65,0.75,0.55,0.75,636450,1744878180
2025-04-17 13:54:00,CE,ATM+10,67.25705,1585050,24350.0,23840.85,0.7,0.9,0.65,0.75,861825,1744878240
2025-04-17 13:55:00,CE,ATM+10,64.361554,2030100,24350.0,23847.0,0.75,0.75,0.55,0.55,636450,1744878300
2025-04-17 13:56:00,CE,ATM+10,67.904741,2030100,24350.0,23846.15,0.6,1.0,0.6,0.8,1252950,1744878360
2025-04-17 13:57:00,CE,ATM+10,68.875508,2030100,24350.0,23845.6,0.8,0.95,0.75,0.85,842400,1744878420
2025-04-17 13:58:00,CE,ATM+10,68.938328,2808000,24350.0,23838.9,0.8,0.95,0.75,0.75,789975,1744878480
2025-04-17 13:59:00,CE,ATM+10,69.149506,2808000,24350.0,23845.05,0.8,0.85,0.7,0.8,914175,1744878540
2025-04-17 14:00:00,CE,ATM+10,64.330391,2808000,24350.0,23868.15,0.8,0.8,0.5,0.6,1416225,1744878600
2025-04-17 14:01:00,CE,ATM+10,63.805554,3039000,24350.0,23863.6,0.65,0.65,0.45,0.5,948000,1744878660
2025-04-17 14:02:00,CE,ATM+10,67.49088,3039000,24350.0,23863.45,0.5,0.85,0.5,0.75,662025,1744878720
2025-04-17 14:03:00,CE,ATM+10,67.351013,3039000,24350.0,23852.2,0.7,0.75,0.6,0.6,507075,1744878780
2025-04-17 14:04:00,CE,ATM+10,68.586822,2992725,24350.0,23850.8,0.6,0.7,0.6,0.65,574500,1744878840
2025-04-17 14:05:00,CE,ATM+10,70.275928,2992725,24350.0,23855.25,0.65,0.85,0.65,0.8,657600,1744878900
2025-04-17 14:06:00,CE,ATM+10,72.229531,2992725,24350.0,23855.9,0.8,1.0,0.75,0.95,719625,1744878960
2025-04-17 14:07:00,CE,ATM+10,71.441776,3194325,24350.0,23852.7,0.9,1.0,0.75,0.8,651900,1744879020
2025-04-17 14:08:00,CE,ATM+10,72.957037,3194325,24350.0,23857.05,0.75,0.95,0.75,0.95,675375,1744879080
2025-04-17 14:09:00,CE,ATM+10,73.307721,3194325,24350.0,23853.75,0.95,1.0,0.9,0.9,628800,1744879140
2025-04-17 14:10:00,CE,ATM+10,73.470976,3637275,24350.0,23851.75,0.95,1.1,0.85,0.85,695400,1744879200
2025-04-17 14:11:00,CE,ATM+10,72.204597,3637275,24350.0,23869.15,0.85,0.9,0.75,0.9,752175,1744879260
2025-04-17 14:12:00,CE,ATM+10,70.217562,3637275,24350.0,23864.9,0.85,0.85,0.65,0.65,685350,1744879320
2025-04-17 14:13:00,CE,ATM+10,71.141121,3985050,24350.0,23866.4,0.65,0.75,0.65,0.7,480675,1744879380
2025-04-17 14:14:00,CE,ATM+10,78.120415,3985050,24350.0,23831.15,0.7,0.9,0.7,0.85,735750,1744879440
2025-04-17 14:15:00,CE,ATM+10,71.469595,5810925,24300.0,23799.4,0.8,0.8,0.45,0.5,1232100,1744879500
2025-04-17 14:16:00,CE,ATM+10,69.164276,6215175,24300.0,23814.35,0.45,0.5,0.45,0.45,1039875,1744879560
2025-04-17 14:17:00,CE,ATM+10,75.72939,4236000,24350.0,23835.45,0.45,0.65,0.45,0.6,1172550,1744879620
2025-04-17 14:18:00,CE,ATM+10,77.433413,4236000,24350.0,23832.25,0.55,0.65,0.5,0.65,1430025,1744879680
2025-04-17 14:19:00,CE,ATM+10,77.777974,5162850,24350.0,23828.0,0.65,0.65,0.6,0.6,1394475,1744879740
2025-04-17 14:20:00,CE,ATM+10,75.40078,6550575,24300.0,23816.65,0.55,0.75,0.55,0.75,599175,1744879800
2025-04-17 14:21:00,CE,ATM+10,73.703613,6550575,24300.0,23823.05,0.75,0.75,0.6,0.65,474225,1744879860
2025-04-17 14:22:00,CE,ATM+10,71.899369,6614850,24300.0,23823.0,0.55,0.6,0.5,0.5,260700,1744879920
2025-04-17 14:23:00,CE,ATM+10,73.307715,6614850,24300.0,23822.75,0.55,0.6,0.5,0.55,515925,1744879980
2025-04-17 14:24:00,CE,ATM+10,74.329123,6614850,24300.0,23819.35,0.55,0.55,0.45,0.55,510750,1744880040
2025-04-17 14:25:00,CE,ATM+10,80.938814,6680700,24350.0,23830.55,0.6,0.7,0.55,0.6,882300,1744880100
2025-04-17 14:26:00,CE,ATM+10,79.808016,6680700,24350.0,23843.15,0.65,0.65,0.5,0.6,900750,1744880160
2025-04-17 14:27:00,CE,ATM+10,81.905417,6680700,24350.0,23838.45,0.55,0.7,0.55,0.65,649125,1744880220
2025-04-17 14:28:00,CE,ATM+10,82.571135,7125675,24350.0,23838.4,0.65,0.7,0.6,0.65,579825,1744880280
2025-04-17 14:29:00,CE,ATM+10,83.873398,7125675,24350.0,23834.05,0.7,0.7,0.55,0.65,726825,1744880340
2025-04-17 14:30:00,CE,ATM+10,84.592904,7125675,24350.0,23839.25,0.65,0.7,0.6,0.7,963075,1744880400
2025-04-17 14:31:00,CE,ATM+10,82.803397,7562925,24350.0,23845.35,0.7,0.7,0.55,0.6,580650,1744880460
2025-04-17 14:32:00,CE,ATM+10,82.632223,7562925,24350.0,23851.35,0.6,0.65,0.55,0.6,433950,1744880520
2025-04-17 14:33:00,CE,ATM+10,80.509677,7562925,24350.0,23858.4,0.6,0.65,0.5,0.5,417900,1744880580
2025-04-17 14:34:00,CE,ATM+10,81.218633,7764525,24350.0,23858.45,0.55,0.55,0.4,0.5,661650,1744880640
2025-04-17 14:35:00,CE,ATM+10,82.838517,7764525,24350.0,23858.85,0.5,0.55,0.45,0.55,563850,1744880700
2025-04-17 14:36:00,CE,ATM+10,81.680311,7764525,24350.0,23858.5,0.55,0.55,0.45,0.45,780825,1744880760
2025-04-17 14:37:00,CE,ATM+10,85.091182,7340475,24350.0,23854.25,0.55,0.6,0.5,0.55,642975,1744880820
2025-04-17 14:38:00,CE,ATM+10,84.929191,7340475,24350.0,23854.25,0.55,0.6,0.5,0.5,674100,1744880880
2025-04-17 14:39:00,CE,ATM+10,83.171279,7340475,24350.0,23864.25,0.5,0.5,0.4,0.45,926325,1744880940
2025-04-17 14:40:00,CE,ATM+10,82.408403,6962475,24350.0,23867.2,0.5,0.5,0.35,0.4,631875,1744881000
2025-04-17 14:41:00,CE,ATM+10,85.406921,6962475,24350.0,23860.7,0.45,0.5,0.4,0.45,430875,1744881060
2025-04-17 14:42:00,CE,ATM+10,89.023636,6962475,24350.0,23856.7,0.45,0.6,0.45,0.55,450225,1744881120
2025-04-17 14:43:00,CE,ATM+10,88.749482,6938175,24350.0,23857.9,0.6,0.6,0.5,0.5,219075,1744881180
2025-04-17 14:44:00,CE,ATM+10,0.0,6938175,24350.0,23859.7,0.55,0.55,0.5,0.5,587775,1744881240
2025-04-17 14:45:00,CE,ATM+10,90.636108,6938175,24350.0,23858.3,0.5,0.55,0.45,0.5,245850,1744881300
2025-04-17 14:46:00,CE,ATM+10,86.788029,6978225,24350.0,23845.5,0.5,0.55,0.25,0.25,2014650,1744881360
2025-04-17 14:47:00,CE,ATM+10,86.933189,6978225,24350.0,23850.95,0.3,0.35,0.25,0.25,1197000,1744881420
2025-04-17 14:48:00,CE,ATM+10,92.128678,6978225,24350.0,23853.95,0.3,0.4,0.25,0.4,914550,1744881480
2025-04-17 14:49:00,CE,ATM+10,87.38988,6029250,24350.0,23861.1,0.4,0.4,0.25,0.25,781425,1744881540
2025-04-17 14:50:00,CE,ATM+10,90.155979,6029250,24350.0,23861.55,0.2,0.3,0.2,0.3,1313250,1744881600
2025-04-17 14:51:00,CE,ATM+10,89.844467,6029250,24350.0,23859.65,0.3,0.35,0.25,0.25,493725,1744881660
2025-04-17 14:52:00,CE,ATM+10,0.0,5179275,24350.0,23856.2,0.3,0.35,0.25,0.25,696975,1744881720
2025-04-17 14:53:00,CE,ATM+10,0.0,5179275,24350.0,23858.2,0.25,0.3,0.25,0.3,378075,1744881780
2025-04-17 14:54:00,CE,ATM+10,0.0,5179275,24350.0,23854.55,0.3,0.35,0.2,0.3,796125,1744881840
2025-04-17 14:55:00,CE,ATM+10,0.0,5397825,24350.0,23850.05,0.35,0.35,0.25,0.3,1206450,1744881900
2025-04-17 14:56:00,CE,ATM+10,0.0,5397825,24350.0,23862.25,0.25,0.35,0.25,0.25,956550,1744881960
2025-04-17 14:57:00,CE,ATM+10,0.0,5397825,24350.0,23867.4,0.25,0.3,0.2,0.2,773175,1744882020
2025-04-17 14:58:00,CE,ATM+10,0.0,5632500,24350.0,23862.2,0.25,0.25,0.2,0.25,878925,1744882080
2025-04-17 14:59:00,CE,ATM+10,0.0,5632500,24350.0,23858.6,0.25,0.3,0.15,0.2,1672725,1744882140
2025-04-17 15:00:00,CE,ATM+10,0.0,5632500,24350.0,23856.1,0.15,0.2,0.1,0.1,1952850,1744882200
2025-04-17 15:01:00,CE,ATM+10,0.0,4849500,24350.0,23857.15,0.15,0.25,0.1,0.2,1672050,1744882260
2025-04-17 15:02:00,CE,ATM+10,0.0,4849500,24350.0,23852.05,0.25,0.3,0.15,0.25,1710150,1744882320
2025-04-17 15:03:00,CE,ATM+10,0.0,4849500,24350.0,23856.45,0.2,0.25,0.15,0.2,1074150,1744882380
2025-04-17 15:04:00,CE,ATM+10,0.0,5908200,24350.0,23855.8,0.2,0.25,0.15,0.2,707925,1744882440
2025-04-17 15:05:00,CE,ATM+10,0.0,5908200,24350.0,23858.25,0.2,0.2,0.15,0.15,627825,1744882500
2025-04-17 15:06:00,CE,ATM+10,0.0,5908200,24350.0,23858.3,0.1,0.15,0.05,0.1,1483575,1744882560
2025-04-17 15:07:00,CE,ATM+10,0.0,5440650,24350.0,23852.25,0.15,0.15,0.05,0.05,765975,1744882620
2025-04-17 15:08:00,CE,ATM+10,0.0,5440650,24350.0,23851.15,0.1,0.1,0.05,0.05,700875,1744882680
2025-04-17 15:09:00,CE,ATM+10,0.0,5440650,24350.0,23853.15,0.05,0.1,0.05,0.05,427275,1744882740
2025-04-17 15:10:00,CE,ATM+10,0.0,5083200,24350.0,23854.25,0.05,0.1,0.05,0.05,571725,1744882800
2025-04-17 15:11:00,CE,ATM+10,0.0,5083200,24350.0,23853.55,0.05,0.05,0.05,0.05,544575,1744882860
2025-04-17 15:12:00,CE,ATM+10,0.0,5083200,24350.0,23846.2,0.1,0.1,0.05,0.1,519825,1744882920
2025-04-17 15:13:00,CE,ATM+10,0.0,4286325,24350.0,23847.5,0.1,0.1,0.05,0.05,676950,1744882980
2025-04-17 15:14:00,CE,ATM+10,0.0,4286325,24350.0,23847.0,0.1,0.1,0.05,0.1,551550,1744883040
2025-04-17 15:15:00,CE,ATM+10,0.0,4286325,24350.0,23848.3,0.1,0.1,0.05,0.1,686025,1744883100
2025-04-17 15:16:00,CE,ATM+10,0.0,4107675,24350.0,23851.7,0.1,0.1,0.05,0.05,694650,1744883160
2025-04-17 15:17:00,CE,ATM+10,0.0,4107675,24350.0,23848.9,0.05,0.1,0.05,0.05,617925,1744883220
2025-04-17 15:18:00,CE,ATM+10,0.0,4107675,24350.0,23843.9,0.05,0.1,0.05,0.1,692025,1744883280
2025-04-17 15:19:00,CE,ATM+10,0.0,3942225,24350.0,23850.15,0.1,0.1,0.05,0.05,536325,1744883340
2025-04-17 15:20:00,CE,ATM+10,0.0,3942225,24350.0,23850.3,0.05,0.1,0.05,0.05,391200,1744883400
2025-04-17 15:21:00,CE,ATM+10,0.0,3942225,24350.0,23847.25,0.05,0.1,0.05,0.1,437700,1744883460
2025-04-17 15:22:00,CE,ATM+10,0.0,3746475,24350.0,23848.4,0.05,0.1,0.05,0.05,242775,1744883520
2025-04-17 15:23:00,CE,ATM+10,0.0,3746475,24350.0,23848.3,0.05,0.1,0.05,0.05,144600,1744883580
2025-04-17 15:24:00,CE,ATM+10,0.0,3746475,24350.0,23851.65,0.05,0.05,0.05,0.05,52500,1744883640
2025-04-17 15:25:00,CE,ATM+10,0.0,3562950,24350.0,23857.15,0.05,0.05,0.05,0.05,60675,1744883700
2025-04-17 15:26:00,CE,ATM+10,0.0,3562950,24350.0,23859.1,0.05,0.05,0.05,0.05,103425,1744883760
2025-04-17 15:27:00,CE,ATM+10,0.0,3562950,24350.0,23848.35,0.05,0.05,0.05,0.05,29850,1744883820
2025-04-17 15:28:00,CE,ATM+10,0.0,3377775,24350.0,23842.0,0.05,0.05,0.05,0.05,12900,1744883880
2025-04-17 15:29:00,CE,ATM+10,0.0,3377775,24350.0,23837.75,0.05,0.05,0.05,0.05,3600,1744883940
2025-04-11 09:15:00,PE,ATM+10,16.172958,145425,23200.0,22715.95,500.0,500.0,442.85,491.8,12075,1744343100
2025-04-11 09:16:00,PE,ATM+10,17.225417,40650,23250.0,22746.3,530.8,535.05,516.4,516.4,2625,1744343160
2025-04-11 09:17:00,PE,ATM+10,17.578879,40650,23250.0,22758.45,516.4,524.55,509.5,509.5,300,1744343220
2025-04-11 09:18:00,PE,ATM+10,18.893156,152775,23300.0,22777.8,551.6,551.6,540.7,545.25,3675,1744343280
2025-04-11 09:19:00,PE,ATM+10,18.043006,44850,23250.0,22765.2,508.05,518.7,508.05,508.05,525,1744343340
2025-04-11 09:20:00,PE,ATM+10,19.062691,44850,23250.0,22766.3,508.05,521.55,508.05,516.1,975,1744343400
2025-04-11 09:21:00,PE,ATM+10,19.801553,151350,23300.0,22775.5,559.4,566.0,553.7,554.8,900,1744343460
2025-04-11 09:22:00,PE,ATM+10,18.625661,151350,23300.0,22775.3,554.8,554.8,545.0,545.0,1425,1744343520
2025-04-11 09:23:00,PE,ATM+10,18.09962,151350,23300.0,22781.1,545.0,553.0,536.0,536.0,3150,1744343580
2025-04-11 09:24:00,PE,ATM+10,18.894042,151275,23300.0,22812.1,536.0,537.85,516.0,518.15,5325,1744343640
2025-04-11 09:25:00,PE,ATM+10,18.512197,151275,23300.0,22797.9,515.0,526.4,510.9,526.0,2550,1744343700
2025-04-11 09:26:00,PE,ATM+10,18.432471,45975,23250.0,22769.7,484.65,509.6,484.65,507.85,1275,1744343760
2025-04-11 09:27:00,PE,ATM+10,16.725452,45450,23250.0,22771.4,507.85,507.85,492.0,492.0,450,1744343820
2025-04-11 09:28:00,PE,ATM+10,18.477666,45450,23250.0,22762.35,492.0,514.0,492.0,514.0,750,1744343880
2025-04-11 09:29:00,PE,ATM+10,17.941713,45450,23250.0,22762.15,514.0,514.0,506.55,509.55,600,1744343940
2025-04-11 09:30:00,PE,ATM+10,17.53734,150000,23300.0,22777.95,552.65,552.65,534.0,534.0,2850,1744344000
2025-04-11 09:31:00,PE,ATM+10,18.062447,45525,23250.0,22766.6,497.55,507.05,497.55,507.05,975,1744344060
2025-04-11 09:32:00,PE,ATM+10,18.669615,149175,23300.0,22777.5,553.0,554.3,541.05,543.55,3900,1744344120
2025-04-11 09:33:00,PE,ATM+10,18.33287,147750,23300.0,22778.45,543.55,548.0,539.2,540.0,1875,1744344180
2025-04-11 09:34:00,PE,ATM+10,18.049096,147750,23300.0,22794.2,538.0,540.85,525.0,525.0,2625,1744344240
2025-04-11 09:35:00,PE,ATM+10,18.407543,147750,23300.0,22794.2,521.0,528.0,521.0,528.0,825,1744344300
2025-04-11 09:36:00,PE,ATM+10,20.139005,13275,23350.0,22831.45,583.0,583.0,540.0,553.3,675,1744344360
2025-04-11 09:37:00,PE,ATM+10,18.389174,12675,23350.0,22839.5,553.3,553.3,531.85,531.85,75,1744344420
2025-04-11 09:38:00,PE,ATM+10,18.821393,12675,23350.0,22842.35,531.85,533.25,531.85,533.25,75,1744344480
2025-04-11 09:39:00,PE,ATM+10,18.296426,13125,23350.0,22844.4,533.25,533.25,527.1,527.15,675,1744344540
2025-04-11 09:40:00,PE,ATM+10,18.275144,13125,23350.0,22841.35,527.15,536.0,527.15,529.4,750,1744344600
2025-04-11 09:41:00,PE,ATM+10,17.231528,13125,23350.0,22838.5,529.4,529.4,515.15,523.15,450,1744344660
2025-04-11 09:42:00,PE,ATM+10,18.306363,13125,23350.0,22844.8,523.15,526.9,523.15,526.9,450,1744344720
2025-04-11 09:43:00,PE,ATM+10,18.18093,13725,23350.0,22845.6,526.9,526.9,523.0,525.2,225,1744344780
2025-04-11 09:44:00,PE,ATM+10,18.564307,13725,23350.0,22849.0,525.2,525.75,521.65,525.75,300,1744344840
2025-04-11 09:45:00,PE,ATM+10,18.743388,14250,23350.0,22843.1,525.75,531.95,521.0,531.95,600,1744344900
2025-04-11 09:46:00,PE,ATM+10,18.228532,14250,23350.0,22841.7,531.95,534.95,528.1,528.7,1200,1744344960
2025-04-11 09:47:00,PE,ATM+10,18.015565,14250,23350.0,22841.6,528.7,528.7,527.0,527.0,375,1744345020
2025-04-11 09:48:00,PE,ATM+10,18.669192,14250,23350.0,22854.3,527.0,527.0,522.45,522.45,375,1744345080
2025-04-11 09:49:00,PE,ATM+10,18.092292,14550,23350.0,22870.1,522.45,522.45,500.4,505.0,4050,1744345140
2025-04-11 09:50:00,PE,ATM+10,18.610732,14550,23350.0,22856.5,505.0,520.2,505.0,520.2,150,1744345200
2025-04-11 09:51:00,PE,ATM+10,19.042843,14550,23350.0,22855.7,520.2,524.6,518.6,524.6,750,1744345260
2025-04-11 09:52:00,PE,ATM+10,18.589194,17325,23350.0,22852.95,524.6,524.6,521.0,522.8,225,1744345320
2025-04-11 09:53:00,PE,ATM+10,18.589194,17325,23350.0,22852.95,522.8,522.8,522.8,522.8,0,1744345380
2025-04-11 09:54:00,PE,ATM+10,18.589194,17325,23350.0,22852.95,522.8,522.8,522.8,522.8,0,1744345440
2025-04-11 09:55:00,PE,ATM+10,18.208264,17550,23350.0,22858.4,513.5,515.2,513.5,515.2,750,1744345500
2025-04-11 09:56:00,PE,ATM+10,18.208264,17550,23350.0,22858.4,515.2,515.2,515.2,515.2,0,1744345560
2025-04-11 09:57:00,PE,ATM+10,18.208264,17550,23350.0,22858.4,515.2,515.2,515.2,515.2,0,1744345620
2025-04-11 09:58:00,PE,ATM+10,18.158033,16950,23350.0,22830.75,515.2,543.9,515.2,536.85,750,1744345680
2025-04-11 09:59:00,PE,ATM+10,18.110429,16950,23350.0,22827.6,536.85,539.0,536.85,539.0,300,1744345740
2025-04-11 10:00:00,PE,ATM+10,18.110429,16950,23350.0,22827.6,539.0,539.0,539.0,539.0,0,1744345800
2025-04-11 10:01:00,PE,ATM+10,18.976718,16725,23350.0,22855.65,539.0,539.0,524.0,524.0,150,1744345860
2025-04-11 10:02:00,PE,ATM+10,17.743445,16725,23350.0,22856.35,524.0,524.0,512.85,512.85,150,1744345920
2025-04-11 10:03:00,PE,ATM+10,18.06614,16650,23350.0,22844.65,512.85,524.9,512.85,524.9,75,1744345980
2025-04-11 10:04:00,PE,ATM+10,18.222329,16650,23350.0,22835.1,524.9,535.3,524.9,533.85,375,1744346040
2025-04-11 10:05:00,PE,ATM+10,18.222329,16650,23350.0,22835.1,533.85,533.85,533.85,533.85,0,1744346100
2025-04-11 10:06:00,PE,ATM+10,18.620835,16650,23350.0,22827.8,533.85,543.0,533.85,543.0,150,1744346160
2025-04-11 10:07:00,PE,ATM+10,18.741073,154875,23300.0,22820.95,501.85,513.35,501.85,509.65,5550,1744346220
2025-04-11 10:08:00,PE,ATM+10,18.741073,154875,23300.0,22820.95,509.65,509.65,509.65,509.65,0,1744346280
2025-04-11 10:09:00,PE,ATM+10,19.060316,153900,23300.0,22817.25,508.4,515.45,508.4,515.35,2325,1744346340
2025-04-11 10:10:00,PE,ATM+10,19.36607,153900,23300.0,22809.8,515.35,524.5,513.15,523.85,26325,1744346400
2025-04-11 10:11:00,PE,ATM+10,18.887378,153900,23300.0,22822.4,523.85,525.15,505.4,509.8,3975,1744346460
2025-04-11 10:12:00,PE,ATM+10,18.394716,17025,23350.0,22835.65,556.2,556.2,534.8,534.8,150,1744346520
2025-04-11 10:13:00,PE,ATM+10,20.617074,17025,23350.0,22837.65,534.8,552.5,534.8,552.5,75,1744346580
2025-04-11 10:14:00,PE,ATM+10,20.617074,17025,23350.0,22837.65,552.5,552.5,552.5,552.5,0,1744346640
2025-04-11 10:15:00,PE,ATM+10,19.773879,17325,23350.0,22841.1,554.2,554.2,542.3,542.3,1200,1744346700
2025-04-11 10:16:00,PE,ATM+10,19.773879,17325,23350.0,22841.1,542.3,542.3,542.3,542.3,0,1744346760
2025-04-11 10:17:00,PE,ATM+10,19.773879,17325,23350.0,22841.1,542.3,542.3,542.3,542.3,0,1744346820
2025-04-11 10:18:00,PE,ATM+10,19.429188,171450,23300.0,22824.45,509.65,513.3,509.65,513.05,10500,1744346880
2025-04-11 10:19:00,PE,ATM+10,19.735103,181350,23300.0,22820.25,520.6,522.95,515.95,519.05,1275,1744346940
2025-04-11 10:20:00,PE,ATM+10,20.223737,181350,23300.0,22820.15,519.05,525.0,519.05,523.6,600,1744347000
2025-04-11 10:21:00,PE,ATM+10,19.9021,181275,23300.0,22819.35,523.6,523.6,520.3,521.25,525,1744347060
2025-04-11 10:22:00,PE,ATM+10,19.530363,181275,23300.0,22815.8,521.25,523.1,517.05,520.6,2025,1744347120
2025-04-11 10:23:00,PE,ATM+10,19.1421,181275,23300.0,22801.15,520.6,529.0,520.6,528.55,1725,1744347180
2025-04-11 10:24:00,PE,ATM+10,18.694674,181650,23300.0,22794.8,526.15,537.95,526.15,529.7,3750,1744347240
2025-04-11 10:25:00,PE,ATM+10,19.381497,181650,23300.0,22795.25,529.7,535.25,523.4,535.25,2475,1744347300
2025-04-11 10:26:00,PE,ATM+10,18.757394,181650,23300.0,22800.9,535.25,535.25,525.4,525.4,375,1744347360
2025-04-11 10:27:00,PE,ATM+10,19.555585,181650,23300.0,22797.5,525.4,535.0,525.4,535.0,300,1744347420
2025-04-11 10:28:00,PE,ATM+10,19.18481,180375,23300.0,22798.4,525.9,531.05,525.9,531.05,675,1744347480
2025-04-11 10:29:00,PE,ATM+10,19.275825,180375,23300.0,22799.85,531.05,531.05,530.7,530.7,75,1744347540
2025-04-11 10:30:00,PE,ATM+10,19.469976,180150,23300.0,22820.8,530.7,532.0,510.35,516.15,1350,1744347600
2025-04-11 10:31:00,PE,ATM+10,19.645805,17175,23350.0,22832.15,570.0,570.0,548.1,548.1,225,1744347660
2025-04-11 10:32:00,PE,ATM+10,20.402074,17175,23350.0,22833.2,548.1,553.9,548.1,553.9,75,1744347720
2025-04-11 10:33:00,PE,ATM+10,20.402074,17175,23350.0,22833.2,553.9,553.9,553.9,553.9,0,1744347780
2025-04-11 10:34:00,PE,ATM+10,19.712749,180075,23300.0,22814.2,509.7,523.4,509.7,523.4,675,1744347840
2025-04-11 10:35:00,PE,ATM+10,19.80324,180075,23300.0,22798.7,524.25,537.35,524.0,536.2,3525,1744347900
2025-04-11 10:36:00,PE,ATM+10,19.931238,60975,23250.0,22760.35,493.4,530.75,493.4,528.0,2925,1744347960
2025-04-11 10:37:00,PE,ATM+10,19.673206,60975,23250.0,22748.8,528.0,546.75,528.0,534.65,7050,1744348020
2025-04-11 10:38:00,PE,ATM+10,19.841408,60975,23250.0,22753.6,534.65,541.9,532.4,532.4,10500,1744348080
2025-04-11 10:39:00,PE,ATM+10,20.078854,48525,23250.0,22743.55,540.0,542.3,540.0,542.3,225,1744348140
2025-04-11 10:40:00,PE,ATM+10,19.603505,48525,23250.0,22757.95,542.3,542.3,526.9,526.9,5550,1744348200
2025-04-11 10:41:00,PE,ATM+10,19.779975,48525,23250.0,22757.0,526.9,531.5,526.9,529.2,300,1744348260
2025-04-11 10:42:00,PE,ATM+10,19.736845,48525,23250.0,22767.05,529.2,529.2,521.05,521.05,75,1744348320
2025-04-11 10:43:00,PE,ATM+10,19.086895,46875,23250.0,22771.8,521.05,521.95,507.5,511.55,3375,1744348380
2025-04-11 10:44:00,PE,ATM+10,19.13889,168300,23300.0,22784.35,547.6,547.6,540.0,541.65,31275,1744348440
2025-04-11 10:45:00,PE,ATM+10,19.271554,188625,23300.0,22776.5,541.65,549.0,541.65,549.0,1125,1744348500
2025-04-11 10:46:00,PE,ATM+10,18.268737,47325,23250.0,22764.55,501.95,510.05,501.95,510.05,150,1744348560
2025-04-11 10:47:00,PE,ATM+10,18.969837,47325,23250.0,22762.6,510.05,517.65,510.05,517.65,225,1744348620
2025-04-11 10:48:00,PE,ATM+10,18.130773,189825,23300.0,22785.7,554.8,554.8,532.0,532.15,1500,1744348680
2025-04-11 10:49:00,PE,ATM+10,18.914958,189825,23300.0,22784.2,532.15,539.85,524.0,539.85,675,1744348740
2025-04-11 10:50:00,PE,ATM+10,18.713801,189825,23300.0,22790.8,539.85,539.85,532.9,532.9,225,1744348800
2025-04-11 10:51:00,PE,ATM+10,18.346411,189825,23300.0,22788.95,532.9,535.55,531.3,531.3,150,1744348860
2025-04-11 10:52:00,PE,ATM+10,19.048967,190125,23300.0,22786.8,531.3,538.9,531.3,538.9,750,1744348920
2025-04-11 10:53:00,PE,ATM+10,18.860331,190125,23300.0,22779.65,538.9,543.0,538.9,543.0,1200,1744348980
2025-04-11 10:54:00,PE,ATM+10,18.753922,190950,23300.0,22780.85,545.0,545.0,537.85,541.15,750,1744349040
2025-04-11 10:55:00,PE,ATM+10,18.773172,190950,23300.0,22787.75,537.85,539.0,528.9,535.8,1050,1744349100
2025-04-11 10:56:00,PE,ATM+10,18.404416,190950,23300.0,22803.9,535.8,538.25,513.75,519.85,9075,1744349160
2025-04-11 10:57:00,PE,ATM+10,18.126436,196050,23300.0,22808.8,519.0,521.0,511.75,513.6,5850,1744349220
2025-04-11 10:58:00,PE,ATM+10,18.268742,196050,23300.0,22803.95,513.6,526.15,511.0,518.65,7950,1744349280
2025-04-11 10:59:00,PE,ATM+10,18.134035,196050,23300.0,22806.35,518.65,518.65,515.0,515.6,375,1744349340
2025-04-11 11:00:00,PE,ATM+10,18.095039,199200,23300.0,22819.25,515.6,515.6,502.95,505.05,3450,1744349400
2025-04-11 11:01:00,PE,ATM+10,17.610829,199200,23300.0,22819.4,505.05,505.05,498.05,500.8,2025,1744349460
2025-04-11 11:02:00,PE,ATM+10,17.968916,199200,23300.0,22813.45,500.8,508.55,498.85,508.55,2850,1744349520
2025-04-11 11:03:00,PE,ATM+10,17.652703,198150,23300.0,22813.3,508.55,510.6,505.25,506.0,2025,1744349580
2025-04-11 11:04:00,PE,ATM+10,17.493562,198150,23300.0,22816.2,506.0,506.0,500.45,502.35,3225,1744349640
2025-04-11 11:05:00,PE,ATM+10,18.030636,198150,23300.0,22816.05,502.35,510.0,500.1,507.0,5400,1744349700
2025-04-11 11:06:00,PE,ATM+10,18.197975,198150,23300.0,22820.4,507.0,507.0,505.0,505.0,75,1744349760
2025-04-11 11:07:00,PE,ATM+10,18.197975,198150,23300.0,22820.4,505.0,505.0,505.0,505.0,0,1744349820
2025-04-11 11:08:00,PE,ATM+10,18.025839,194325,23300.0,22821.55,495.75,502.6,495.75,502.6,450,1744349880
2025-04-11 11:09:00,PE,ATM+10,18.245872,194325,23300.0,22818.3,502.6,507.05,502.6,507.05,375,1744349940
2025-04-11 11:10:00,PE,ATM+10,17.674068,194100,23300.0,22814.8,503.0,507.0,503.0,504.95,450,1744350000
2025-04-11 11:11:00,PE,ATM+10,17.75994,194100,23300.0,22813.0,504.95,515.45,504.95,507.1,1050,1744350060
2025-04-11 11:12:00,PE,ATM+10,18.353441,16575,23350.0,22844.35,552.0,552.0,527.2,527.2,1575,1744350120
2025-04-11 11:13:00,PE,ATM+10,16.846226,17700,23350.0,22835.3,527.2,527.2,522.4,522.4,300,1744350180
2025-04-11 11:14:00,PE,ATM+10,16.989945,17700,23350.0,22834.7,522.4,524.0,522.4,524.0,75,1744350240
2025-04-11 11:15:00,PE,ATM+10,16.792108,17700,23350.0,22842.75,524.0,524.0,515.85,515.85,675,1744350300
2025-04-11 11:16:00,PE,ATM+10,18.145542,17700,23350.0,22836.0,515.85,532.15,515.85,532.15,225,1744350360
2025-04-11 11:17:00,PE,ATM+10,17.602017,17700,23350.0,22826.3,532.15,535.65,532.15,535.65,75,1744350420
2025-04-11 11:18:00,PE,ATM+10,18.224789,197625,23300.0,22823.35,498.4,503.0,496.0,502.85,525,1744350480
2025-04-11 11:19:00,PE,ATM+10,18.357646,197625,23300.0,22823.35,502.85,504.85,501.9,504.0,2175,1744350540
2025-04-11 11:20:00,PE,ATM+10,18.844716,17550,23350.0,22827.15,535.65,545.0,535.65,545.0,150,1744350600
2025-04-11 11:21:00,PE,ATM+10,18.844716,17550,23350.0,22827.15,545.0,545.0,545.0,545.0,0,1744350660
2025-04-11 11:22:00,PE,ATM+10,17.543061,17325,23350.0,22838.65,545.0,545.0,525.1,525.1,300,1744350720
2025-04-11 11:23:00,PE,ATM+10,18.107877,17325,23350.0,22849.35,525.1,525.1,521.1,521.1,975,1744350780
2025-04-11 11:24:00,PE,ATM+10,17.476889,17325,23350.0,22851.45,521.1,525.0,514.2,514.2,1500,1744350840
2025-04-11 11:25:00,PE,ATM+10,18.242058,19200,23350.0,22855.15,514.2,517.6,509.2,517.6,3225,1744350900
2025-04-11 11:26:00,PE,ATM+10,18.589028,19200,23350.0,22855.85,517.6,520.0,516.0,520.0,975,1744350960
2025-04-11 11:27:00,PE,ATM+10,18.934694,19200,23350.0,22843.45,520.0,532.75,519.05,532.75,375,1744351020
2025-04-11 11:28:00,PE,ATM+10,18.934694,19200,23350.0,22843.45,532.75,532.75,532.75,532.75,0,1744351080
2025-04-11 11:29:00,PE,ATM+10,17.708785,18975,23350.0,22857.1,532.75,532.75,511.55,511.55,1800,1744351140
2025-04-11 11:30:00,PE,ATM+10,18.530545,18975,23350.0,22862.8,511.55,519.75,506.9,514.0,2325,1744351200
2025-04-11 11:31:00,PE,ATM+10,17.945399,19125,23350.0,22867.7,514.0,514.0,505.1,505.1,225,1744351260
2025-04-11 11:32:00,PE,ATM+10,18.789876,19125,23350.0,22866.5,505.1,513.35,505.0,513.35,150,1744351320
2025-04-11 11:33:00,PE,ATM+10,18.450689,19125,23350.0,22868.2,513.35,513.6,505.0,509.05,2700,1744351380
2025-04-11 11:34:00,PE,ATM+10,18.101388,18900,23350.0,22869.5,509.05,509.05,505.0,505.0,150,1744351440
2025-04-11 11:35:00,PE,ATM+10,17.976148,110100,23400.0,22887.15,543.25,548.75,530.0,530.0,2550,1744351500
2025-04-11 11:36:00,PE,ATM+10,17.378364,110100,23400.0,22891.55,522.75,526.85,520.0,521.6,2100,1744351560
2025-04-11 11:37:00,PE,ATM+10,17.692672,112350,23400.0,22892.95,521.6,528.95,521.6,523.0,150,1744351620
2025-04-11 11:38:00,PE,ATM+10,17.089271,112350,23400.0,22886.65,520.0,524.5,520.0,523.3,3450,1744351680
2025-04-11 11:39:00,PE,ATM+10,18.377094,112350,23400.0,22888.0,523.3,532.6,523.3,532.6,375,1744351740
2025-04-11 11:40:00,PE,ATM+10,18.120393,112200,23400.0,22892.7,532.6,532.6,526.1,526.7,675,1744351800
2025-04-11 11:41:00,PE,ATM+10,17.985682,112200,23400.0,22879.85,526.7,535.95,526.7,535.95,750,1744351860
2025-04-11 11:42:00,PE,ATM+10,18.037881,112200,23400.0,22876.6,535.95,545.4,535.95,539.0,1125,1744351920
2025-04-11 11:43:00,PE,ATM+10,18.473282,111225,23400.0,22886.6,540.1,540.1,532.35,534.5,525,1744351980
2025-04-11 11:44:00,PE,ATM+10,17.624558,18825,23350.0,22874.9,494.8,496.6,494.8,496.6,75,1744352040
2025-04-11 11:45:00,PE,ATM+10,17.624558,18825,23350.0,22874.9,496.6,496.6,496.6,496.6,0,1744352100
2025-04-11 11:46:00,PE,ATM+10,17.624558,18825,23350.0,22874.9,496.6,496.6,496.6,496.6,0,1744352160
2025-04-11 11:47:00,PE,ATM+10,18.339126,111450,23400.0,22882.45,545.2,545.2,536.7,536.7,300,1744352220
2025-04-11 11:48:00,PE,ATM+10,18.399695,111450,23400.0,22883.5,536.7,536.7,529.35,536.35,1725,1744352280
2025-04-11 11:49:00,PE,ATM+10,17.976957,111600,23400.0,22878.3,536.35,537.1,536.35,537.1,75,1744352340
2025-04-11 11:50:00,PE,ATM+10,17.775914,111600,23400.0,22878.9,538.9,538.9,535.0,535.0,1875,1744352400
2025-04-11 11:51:00,PE,ATM+10,17.965798,111600,23400.0,22875.9,535.0,538.95,535.0,538.95,75,1744352460
2025-04-11 11:52:00,PE,ATM+10,17.375495,111750,23400.0,22879.0,538.95,538.95,531.75,531.75,75,1744352520
2025-04-11 11:53:00,PE,ATM+10,18.078069,19050,23350.0,22869.5,492.45,508.0,492.45,504.7,375,1744352580
2025-04-11 11:54:00,PE,ATM+10,18.122066,19050,23350.0,22862.0,504.7,511.0,504.7,511.0,75,1744352640
2025-04-11 11:55:00,PE,ATM+10,17.983403,19200,23350.0,22872.45,506.9,506.9,501.55,501.55,600,1744352700
2025-04-11 11:56:00,PE,ATM+10,17.994506,19200,23350.0,22871.55,501.55,502.35,501.55,502.35,75,1744352760
2025-04-11 11:57:00,PE,ATM+10,17.661416,19200,23350.0,22873.7,502.35,502.35,497.8,497.8,75,1744352820
2025-04-11 11:58:00,PE,ATM+10,17.814754,19125,23350.0,22873.45,497.8,501.8,496.95,499.3,750,1744352880
2025-04-11 11:59:00,PE,ATM+10,17.814754,19125,23350.0,22873.45,499.3,499.3,499.3,499.3,0,1744352940
2025-04-11 12:00:00,PE,ATM+10,17.725478,110250,23400.0,22878.6,541.4,541.4,532.55,534.8,750,1744353000
2025-04-11 12:01:00,PE,ATM+10,18.365314,110625,23400.0,22884.25,534.8,535.4,534.8,535.4,225,1744353060
2025-04-11 12:02:00,PE,ATM+10,17.875538,19425,23350.0,22872.5,492.95,509.5,492.95,500.55,3075,1744353120
2025-04-11 12:03:00,PE,ATM+10,18.063172,110625,23400.0,22875.5,547.2,547.2,540.0,540.0,750,1744353180
2025-04-11 12:04:00,PE,ATM+10,18.063172,110625,23400.0,22875.5,540.0,540.0,540.0,540.0,0,1744353240
2025-04-11 12:05:00,PE,ATM+10,18.063172,110625,23400.0,22875.5,540.0,540.0,540.0,540.0,0,1744353300
2025-04-11 12:06:00,PE,ATM+10,18.903706,110025,23400.0,22877.8,540.0,545.0,540.0,545.0,300,1744353360
2025-04-11 12:07:00,PE,ATM+10,18.980559,17475,23350.0,22872.7,504.65,510.0,499.15,510.0,4050,1744353420
2025-04-11 12:08:00,PE,ATM+10,18.901323,108450,23400.0,22878.45,548.5,548.5,540.05,544.45,3975,1744353480
2025-04-11 12:09:00,PE,ATM+10,18.746431,17475,23350.0,22873.3,501.8,507.45,501.8,507.45,2625,1744353540
2025-04-11 12:10:00,PE,ATM+10,18.264033,103800,23400.0,22885.15,548.5,548.5,533.8,533.8,1275,1744353600
2025-04-11 12:11:00,PE,ATM+10,18.264033,103800,23400.0,22885.15,533.8,533.8,533.8,533.8,0,1744353660
2025-04-11 12:12:00,PE,ATM+10,17.583574,103800,23400.0,22897.85,533.8,533.8,518.0,518.0,1800,1744353720
2025-04-11 12:13:00,PE,ATM+10,18.185226,105000,23400.0,22900.3,518.1,522.0,518.0,521.0,1725,1744353780
2025-04-11 12:14:00,PE,ATM+10,17.15077,105000,23400.0,22907.85,521.0,521.0,506.4,506.4,525,1744353840
2025-04-11 12:15:00,PE,ATM+10,17.505859,105000,23400.0,22903.25,506.4,513.0,506.4,513.0,750,1744353900
2025-04-11 12:16:00,PE,ATM+10,17.448141,105150,23400.0,22908.5,513.0,513.0,508.3,508.3,75,1744353960
2025-04-11 12:17:00,PE,ATM+10,17.732465,105150,23400.0,22923.15,508.3,515.1,498.2,499.0,4875,1744354020
2025-04-11 12:18:00,PE,ATM+10,17.78154,105150,23400.0,22913.65,499.0,507.55,492.95,506.95,1725,1744354080
2025-04-11 12:19:00,PE,ATM+10,17.525385,108225,23400.0,22906.1,506.95,510.9,506.3,510.85,2100,1744354140
2025-04-11 12:20:00,PE,ATM+10,17.696091,108225,23400.0,22900.25,516.25,521.35,514.5,516.95,900,1744354200
2025-04-11 12:21:00,PE,ATM+10,17.891229,108225,23400.0,22897.2,516.95,521.0,514.4,521.0,525,1744354260
2025-04-11 12:22:00,PE,ATM+10,18.24908,108300,23400.0,22892.15,521.0,532.5,521.0,528.0,1200,1744354320
2025-04-11 12:23:00,PE,ATM+10,18.790593,108300,23400.0,22896.6,528.0,529.0,527.2,529.0,600,1744354380
2025-04-11 12:24:00,PE,ATM+10,19.198811,108300,23400.0,22901.05,529.0,529.0,526.05,529.0,150,1744354440
2025-04-11 12:25:00,PE,ATM+10,18.11095,108075,23400.0,22904.65,529.0,529.0,516.85,516.85,150,1744354500
2025-04-11 12:26:00,PE,ATM+10,18.461172,108075,23400.0,22907.25,516.85,517.75,516.85,517.75,75,1744354560
2025-04-11 12:27:00,PE,ATM+10,18.535586,108075,23400.0,22908.05,517.75,517.75,517.75,517.75,150,1744354620
2025-04-11 12:28:00,PE,ATM+10,18.489419,108150,23400.0,22906.15,517.75,520.0,516.0,518.85,225,1744354680
2025-04-11 12:29:00,PE,ATM+10,19.100861,108150,23400.0,22906.05,518.85,524.2,518.85,524.2,225,1744354740
2025-04-11 12:30:00,PE,ATM+10,18.854057,108150,23400.0,22899.45,524.2,535.0,524.2,527.25,675,1744354800
2025-04-11 12:31:00,PE,ATM+10,19.290847,107775,23400.0,22901.7,527.25,529.25,524.3,529.25,450,1744354860
2025-04-11 12:32:00,PE,ATM+10,18.904269,107775,23400.0,22901.25,529.25,529.25,523.35,526.25,225,1744354920
2025-04-11 12:33:00,PE,ATM+10,19.299625,107775,23400.0,22900.25,526.25,530.45,526.25,530.45,225,1744354980
2025-04-11 12:34:00,PE,ATM+10,19.546617,108075,23400.0,22890.8,530.45,540.0,526.75,540.0,1800,1744355040
2025-04-11 12:35:00,PE,ATM+10,19.063423,108075,23400.0,22884.3,540.0,546.0,540.0,541.0,675,1744355100
2025-04-11 12:36:00,PE,ATM+10,18.994695,108075,23400.0,22888.6,541.0,541.0,531.5,537.0,3150,1744355160
2025-04-11 12:37:00,PE,ATM+10,19.754432,105900,23400.0,22883.2,537.0,548.0,537.0,547.75,375,1744355220
2025-04-11 12:38:00,PE,ATM+10,19.353928,105900,23400.0,22876.6,547.75,551.5,544.65,549.55,4650,1744355280
2025-04-11 12:39:00,PE,ATM+10,19.71987,17175,23350.0,22874.1,510.0,518.75,510.0,515.35,1875,1744355340
2025-04-11 12:40:00,PE,ATM+10,19.405101,102750,23400.0,22885.4,556.15,558.95,543.0,543.0,3075,1744355400
2025-04-11 12:41:00,PE,ATM+10,18.817284,102750,23400.0,22887.0,543.0,543.0,536.75,536.75,150,1744355460
2025-04-11 12:42:00,PE,ATM+10,20.234262,102750,23400.0,22883.95,536.75,551.3,536.75,551.3,3000,1744355520
2025-04-11 12:43:00,PE,ATM+10,18.772512,101925,23400.0,22892.8,551.3,551.3,531.75,531.75,1200,1744355580
2025-04-11 12:44:00,PE,ATM+10,19.173619,101925,23400.0,22893.25,531.75,537.45,531.65,534.8,225,1744355640
2025-04-11 12:45:00,PE,ATM+10,19.1262,101925,23400.0,22899.9,532.55,532.55,525.9,529.15,750,1744355700
2025-04-11 12:46:00,PE,ATM+10,18.638122,102750,23400.0,22901.75,529.15,529.15,523.5,523.5,75,1744355760
2025-04-11 12:47:00,PE,ATM+10,18.775597,102750,23400.0,22905.45,525.0,525.0,521.75,521.75,225,1744355820
2025-04-11 12:48:00,PE,ATM+10,18.54832,102750,23400.0,22905.7,521.75,525.0,519.6,519.6,150,1744355880
2025-04-11 12:49:00,PE,ATM+10,18.910756,103050,23400.0,22902.15,519.6,525.5,519.6,525.5,900,1744355940
2025-04-11 12:50:00,PE,ATM+10,18.408342,103050,23400.0,22891.75,526.0,529.5,526.0,529.5,525,1744356000
2025-04-11 12:51:00,PE,ATM+10,19.153378,103050,23400.0,22901.3,529.5,529.5,528.25,528.25,75,1744356060
2025-04-11 12:52:00,PE,ATM+10,18.626219,103200,23400.0,22899.75,528.25,528.25,524.95,524.95,225,1744356120
2025-04-11 12:53:00,PE,ATM+10,18.458696,103200,23400.0,22897.9,524.95,525.0,524.95,525.0,75,1744356180
2025-04-11 12:54:00,PE,ATM+10,19.016449,103200,23400.0,22901.3,525.0,528.35,525.0,527.05,225,1744356240
2025-04-11 12:55:00,PE,ATM+10,18.97092,103275,23400.0,22903.4,527.05,527.05,525.0,525.0,450,1744356300
2025-04-11 12:56:00,PE,ATM+10,18.671678,103275,23400.0,22903.75,525.0,525.0,522.15,522.15,75,1744356360
2025-04-11 12:57:00,PE,ATM+10,18.232885,103275,23400.0,22896.7,522.15,524.05,522.15,524.05,150,1744356420
2025-04-11 12:58:00,PE,ATM+10,19.429463,102600,23400.0,22892.7,524.05,538.0,524.05,537.35,375,1744356480
2025-04-11 12:59:00,PE,ATM+10,19.550041,102600,23400.0,22886.45,537.35,543.3,537.35,543.3,375,1744356540
2025-04-11 13:00:00,PE,ATM+10,19.732126,102600,23400.0,22892.65,545.15,545.15,540.0,540.0,225,1744356600
2025-04-11 13:01:00,PE,ATM+10,19.71036,102750,23400.0,22892.4,540.0,540.0,540.0,540.0,300,1744356660
2025-04-11 13:02:00,PE,ATM+10,19.846152,102750,23400.0,22902.0,540.0,540.0,533.7,533.7,375,1744356720
2025-04-11 13:03:00,PE,ATM+10,19.751781,102750,23400.0,22899.25,533.7,535.0,533.7,535.0,150,1744356780
2025-04-11 13:04:00,PE,ATM+10,19.096523,102825,23400.0,22901.85,535.0,535.0,527.25,527.25,75,1744356840
2025-04-11 13:05:00,PE,ATM+10,19.096328,102825,23400.0,22903.05,527.25,527.25,526.3,526.3,75,1744356900
2025-04-11 13:06:00,PE,ATM+10,18.998509,102825,23400.0,22902.35,526.3,526.3,526.0,526.0,75,1744356960
2025-04-11 13:07:00,PE,ATM+10,18.93997,102825,23400.0,22908.0,526.0,526.0,521.05,521.05,450,1744357020
2025-04-11 13:08:00,PE,ATM+10,18.692539,102825,23400.0,22909.6,521.05,521.05,517.65,517.65,375,1744357080
2025-04-11 13:09:00,PE,ATM+10,19.193356,102825,23400.0,22906.2,517.65,524.65,517.65,524.65,75,1744357140
2025-04-11 13:10:00,PE,ATM+10,19.313667,103200,23400.0,22903.25,524.65,529.0,524.65,528.0,300,1744357200
2025-04-11 13:11:00,PE,ATM+10,19.526758,103200,23400.0,22910.65,528.0,528.0,524.1,524.1,1050,1744357260
2025-04-11 13:12:00,PE,ATM+10,19.509281,103200,23400.0,22913.15,524.1,524.1,518.4,522.0,225,1744357320
2025-04-11 13:13:00,PE,ATM+10,19.343285,104250,23400.0,22911.25,522.0,522.0,522.0,522.0,450,1744357380
2025-04-11 13:14:00,PE,ATM+10,19.836917,104250,23400.0,22904.5,522.0,531.6,522.0,531.6,300,1744357440
2025-04-11 13:15:00,PE,ATM+10,19.51905,104250,23400.0,22902.05,531.6,531.6,525.05,530.7,600,1744357500
2025-04-11 13:16:00,PE,ATM+10,19.295031,103800,23400.0,22896.05,530.7,533.6,530.7,533.45,600,1744357560
2025-04-11 13:17:00,PE,ATM+10,19.558966,103800,23400.0,22893.15,533.45,538.0,530.75,538.0,375,1744357620
2025-04-11 13:18:00,PE,ATM+10,19.111615,103800,23400.0,22888.1,538.0,545.0,538.0,538.15,975,1744357680
2025-04-11 13:19:00,PE,ATM+10,19.917162,102750,23400.0,22882.3,538.15,549.6,538.15,549.6,2400,1744357740
2025-04-11 13:20:00,PE,ATM+10,19.684636,102750,23400.0,22884.2,549.6,552.35,546.1,546.1,2025,1744357800
2025-04-11 13:21:00,PE,ATM+10,20.023234,102750,23400.0,22884.6,546.1,548.7,542.65,548.7,225,1744357860
2025-04-11 13:22:00,PE,ATM+10,20.177983,102975,23400.0,22884.65,548.7,550.0,547.0,550.0,825,1744357920
2025-04-11 13:23:00,PE,ATM+10,19.436936,102975,23400.0,22881.0,550.0,550.2,546.5,546.5,675,1744357980
2025-04-11 13:24:00,PE,ATM+10,19.152997,102975,23400.0,22885.85,546.5,549.4,540.25,540.25,600,1744358040
2025-04-11 13:25:00,PE,ATM+10,19.861768,102825,23400.0,22892.55,538.75,541.05,532.95,541.05,1575,1744358100
2025-04-11 13:26:00,PE,ATM+10,19.818459,102825,23400.0,22882.5,541.05,548.55,541.05,548.55,75,1744358160
2025-04-11 13:27:00,PE,ATM+10,19.439994,18525,23350.0,22874.7,499.45,512.05,499.45,512.05,150,1744358220
2025-04-11 13:28:00,PE,ATM+10,19.447483,18600,23350.0,22874.0,512.05,515.0,512.05,512.65,450,1744358280
2025-04-11 13:29:00,PE,ATM+10,19.699067,18600,23350.0,22874.2,512.65,517.65,512.65,514.75,2250,1744358340
2025-04-11 13:30:00,PE,ATM+10,20.235169,18600,23350.0,22851.8,514.75,540.65,514.75,536.8,1050,1744358400
2025-04-11 13:31:00,PE,ATM+10,20.489862,17175,23350.0,22849.55,536.8,540.8,532.55,540.8,525,1744358460
2025-04-11 13:32:00,PE,ATM+10,19.947739,17175,23350.0,22856.95,540.8,540.8,529.2,530.25,600,1744358520
2025-04-11 13:33:00,PE,ATM+10,21.123414,17175,23350.0,22848.1,530.25,547.6,530.25,547.6,1350,1744358580
2025-04-11 13:34:00,PE,ATM+10,19.796349,17325,23350.0,22849.1,547.6,547.6,535.0,535.0,2100,1744358640
2025-04-11 13:35:00,PE,ATM+10,19.782068,17325,23350.0,22855.55,535.0,541.1,529.85,529.85,1125,1744358700
2025-04-11 13:36:00,PE,ATM+10,19.466865,17325,23350.0,22864.65,529.85,529.85,516.55,520.0,150,1744358760
2025-04-11 13:37:00,PE,ATM+10,19.466865,17325,23350.0,22864.65,520.0,520.0,520.0,520.0,0,1744358820
2025-04-11 13:38:00,PE,ATM+10,19.223141,17175,23350.0,22871.85,520.0,528.3,512.25,512.25,225,1744358880
2025-04-11 13:39:00,PE,ATM+10,19.146738,101700,23400.0,22878.45,555.65,555.65,546.0,546.0,675,1744358940
2025-04-11 13:40:00,PE,ATM+10,19.746401,17175,23350.0,22869.0,502.45,519.1,502.45,519.1,150,1744359000
2025-04-11 13:41:00,PE,ATM+10,19.746401,17175,23350.0,22869.0,519.1,519.1,519.1,519.1,0,1744359060
2025-04-11 13:42:00,PE,ATM+10,19.608661,17175,23350.0,22868.1,519.1,519.1,518.55,518.55,75,1744359120
2025-04-11 13:43:00,PE,ATM+10,19.308971,101700,23400.0,22875.1,560.8,560.8,546.45,550.0,450,1744359180
2025-04-11 13:44:00,PE,ATM+10,19.315647,101700,23400.0,22875.1,550.0,550.05,550.0,550.05,75,1744359240
2025-04-11 13:45:00,PE,ATM+10,18.117986,17175,23350.0,22863.0,518.55,518.55,508.45,509.6,750,1744359300
2025-04-11 13:46:00,PE,ATM+10,18.117986,17175,23350.0,22863.0,509.6,509.6,509.6,509.6,0,1744359360
2025-04-11 13:47:00,PE,ATM+10,19.086384,17775,23350.0,22858.5,509.6,526.2,509.6,521.4,150,1744359420
2025-04-11 13:48:00,PE,ATM+10,18.875107,17775,23350.0,22855.1,521.4,528.95,521.4,522.25,2625,1744359480
2025-04-11 13:49:00,PE,ATM+10,19.46834,17700,23350.0,22851.15,522.25,530.45,522.25,530.45,75,1744359540
2025-04-11 13:50:00,PE,ATM+10,19.533444,17700,23350.0,22840.9,530.45,545.45,530.45,539.05,1425,1744359600
2025-04-11 13:51:00,PE,ATM+10,19.533444,17700,23350.0,22840.9,539.05,539.05,539.05,539.05,0,1744359660
2025-04-11 13:52:00,PE,ATM+10,20.348607,18225,23350.0,22843.35,536.95,544.2,530.5,544.2,7575,1744359720
2025-04-11 13:53:00,PE,ATM+10,20.348607,18225,23350.0,22843.35,544.2,544.2,544.2,544.2,0,1744359780
2025-04-11 13:54:00,PE,ATM+10,19.873951,18225,23350.0,22825.15,544.2,554.8,544.2,554.35,375,1744359840
2025-04-11 13:55:00,PE,ATM+10,19.526729,21600,23350.0,22833.25,554.35,556.25,544.9,545.0,5475,1744359900
2025-04-11 13:56:00,PE,ATM+10,19.855257,21600,23350.0,22834.95,545.0,546.45,545.0,546.45,450,1744359960
2025-04-11 13:57:00,PE,ATM+10,19.855257,21600,23350.0,22834.95,546.45,546.45,546.45,546.45,0,1744360020
2025-04-11 13:58:00,PE,ATM+10,20.009025,18525,23350.0,22831.65,546.45,550.35,546.45,550.35,150,1744360080
2025-04-11 13:59:00,PE,ATM+10,20.164432,18525,23350.0,22834.75,550.35,550.35,549.25,549.25,750,1744360140
2025-04-11 14:00:00,PE,ATM+10,20.626916,231675,23300.0,22817.15,510.0,528.0,510.0,528.0,8100,1744360200
2025-04-11 14:01:00,PE,ATM+10,20.59449,227550,23300.0,22811.45,528.0,534.9,528.0,532.05,1575,1744360260
2025-04-11 14:02:00,PE,ATM+10,20.827349,227550,23300.0,22803.8,532.05,540.0,530.9,540.0,31200,1744360320
2025-04-11 14:03:00,PE,ATM+10,21.689761,227550,23300.0,22790.7,540.0,563.25,540.0,557.8,2925,1744360380
2025-04-11 14:04:00,PE,ATM+10,21.721094,216450,23300.0,22788.05,557.8,560.1,542.9,560.1,5700,1744360440
2025-04-11 14:05:00,PE,ATM+10,21.71357,216450,23300.0,22790.7,560.1,560.1,552.6,558.0,3975,1744360500
2025-04-11 14:06:00,PE,ATM+10,21.942705,216450,23300.0,22781.1,558.0,574.45,558.0,567.4,5325,1744360560
2025-04-11 14:07:00,PE,ATM+10,21.631674,217875,23300.0,22794.95,571.2,571.2,547.8,554.0,5625,1744360620
2025-04-11 14:08:00,PE,ATM+10,20.968396,217875,23300.0,22810.65,554.0,554.0,536.0,536.0,1425,1744360680
2025-04-11 14:09:00,PE,ATM+10,21.300158,217875,23300.0,22804.1,536.0,549.25,536.0,544.0,1350,1744360740
2025-04-11 14:10:00,PE,ATM+10,22.202084,218025,23300.0,22786.5,544.0,568.1,544.0,565.6,8700,1744360800
2025-04-11 14:11:00,PE,ATM+10,21.579853,218025,23300.0,22787.1,568.1,571.65,555.5,559.5,7650,1744360860
2025-04-11 14:12:00,PE,ATM+10,22.095125,218025,23300.0,22784.15,559.5,568.5,559.5,566.4,1725,1744360920
2025-04-11 14:13:00,PE,ATM+10,22.295426,82875,23250.0,22774.6,526.55,544.25,523.75,537.45,3975,1744360980
2025-04-11 14:14:00,PE,ATM+10,21.717248,212400,23300.0,22785.55,576.75,576.75,561.9,561.9,4200,1744361040
2025-04-11 14:15:00,PE,ATM+10,21.96342,212400,23300.0,22790.95,561.9,567.85,560.0,560.0,2775,1744361100
2025-04-11 14:16:00,PE,ATM+10,21.395209,212400,23300.0,22788.15,554.0,558.4,554.0,557.0,750,1744361160
2025-04-11 14:17:00,PE,ATM+10,22.622454,212175,23300.0,22779.1,557.0,575.0,557.0,575.0,2850,1744361220
2025-04-11 14:18:00,PE,ATM+10,22.474798,212175,23300.0,22790.7,575.0,575.0,554.7,564.85,450,1744361280
2025-04-11 14:19:00,PE,ATM+10,21.849009,209175,23300.0,22780.65,564.85,579.35,562.0,566.8,4725,1744361340
2025-04-11 14:20:00,PE,ATM+10,21.743624,209175,23300.0,22777.85,566.8,573.9,564.9,568.0,450,1744361400
2025-04-11 14:21:00,PE,ATM+10,22.276916,81450,23250.0,22770.7,533.9,542.85,533.9,540.1,3525,1744361460
2025-04-11 14:22:00,PE,ATM+10,21.40615,206850,23300.0,22775.25,578.85,583.3,567.0,567.0,3825,1744361520
2025-04-11 14:23:00,PE,ATM+10,22.468361,78600,23250.0,22774.2,531.45,539.3,531.45,539.3,75,1744361580
2025-04-11 14:24:00,PE,ATM+10,21.376096,206850,23300.0,22783.95,578.85,578.85,560.0,560.0,1125,1744361640
2025-04-11 14:25:00,PE,ATM+10,21.376096,206850,23300.0,22783.95,560.0,560.0,560.0,560.0,0,1744361700
2025-04-11 14:26:00,PE,ATM+10,21.970453,207525,23300.0,22794.8,560.0,577.75,554.25,557.05,2550,1744361760
2025-04-11 14:27:00,PE,ATM+10,22.164391,207525,23300.0,22795.75,557.05,562.15,557.05,558.1,600,1744361820
2025-04-11 14:28:00,PE,ATM+10,20.841964,208050,23300.0,22777.85,558.1,570.0,558.1,560.0,2550,1744361880
2025-04-11 14:29:00,PE,ATM+10,23.264867,78300,23250.0,22769.8,535.05,554.75,535.05,550.1,2550,1744361940
2025-04-11 14:30:00,PE,ATM+10,22.174856,208050,23300.0,22786.55,580.05,580.05,565.15,565.15,1050,1744362000
2025-04-11 14:31:00,PE,ATM+10,21.617684,205800,23300.0,22793.75,565.15,565.15,554.6,554.6,150,1744362060
2025-04-11 14:32:00,PE,ATM+10,22.12475,205800,23300.0,22794.95,554.6,560.3,554.6,558.3,450,1744362120
2025-04-11 14:33:00,PE,ATM+10,22.025894,205800,23300.0,22785.4,555.9,564.65,555.9,564.65,150,1744362180
2025-04-11 14:34:00,PE,ATM+10,22.332898,206325,23300.0,22787.35,564.65,565.95,561.4,565.95,750,1744362240
2025-04-11 14:35:00,PE,ATM+10,22.125545,206325,23300.0,22781.45,560.9,570.05,560.9,568.55,1500,1744362300
2025-04-11 14:36:00,PE,ATM+10,22.125545,206325,23300.0,22781.45,568.55,568.55,568.55,568.55,0,1744362360
2025-04-11 14:37:00,PE,ATM+10,21.857926,206250,23300.0,22788.15,568.55,568.55,561.0,561.0,150,1744362420
2025-04-11 14:38:00,PE,ATM+10,21.97593,206250,23300.0,22786.0,561.0,563.7,559.8,563.7,1350,1744362480
2025-04-11 14:39:00,PE,ATM+10,22.117107,206250,23300.0,22780.85,563.7,568.9,558.2,568.9,1200,1744362540
2025-04-11 14:40:00,PE,ATM+10,21.605514,204075,23300.0,22781.25,568.9,576.8,564.0,564.0,4500,1744362600
2025-04-11 14:41:00,PE,ATM+10,21.994804,204075,23300.0,22788.75,564.0,573.65,561.75,561.75,1125,1744362660
2025-04-11 14:42:00,PE,ATM+10,20.944318,204075,23300.0,22792.1,561.75,561.75,549.75,549.75,1200,1744362720
2025-04-11 14:43:00,PE,ATM+10,21.597791,204075,23300.0,22788.75,549.75,558.15,549.75,558.15,600,1744362780
2025-04-11 14:44:00,PE,ATM+10,21.47206,205350,23300.0,22804.75,558.15,558.15,544.0,544.8,1200,1744362840
2025-04-11 14:45:00,PE,ATM+10,21.351398,205350,23300.0,22814.3,545.35,545.35,534.5,536.45,1800,1744362900
2025-04-11 14:46:00,PE,ATM+10,21.896496,205350,23300.0,22816.75,536.45,540.55,536.45,539.65,1500,1744362960
2025-04-11 14:47:00,PE,ATM+10,21.637878,205125,23300.0,22815.2,539.65,539.65,531.95,538.4,1725,1744363020
2025-04-11 14:48:00,PE,ATM+10,21.472073,205125,23300.0,22817.4,538.4,538.4,533.95,535.2,1275,1744363080
2025-04-11 14:49:00,PE,ATM+10,21.120718,20700,23350.0,22825.75,577.4,577.4,564.25,564.25,75,1744363140
2025-04-11 14:50:00,PE,ATM+10,20.965009,205500,23300.0,22821.65,522.9,529.5,519.3,527.3,3225,1744363200
2025-04-11 14:51:00,PE,ATM+10,20.901234,205500,23300.0,22817.9,529.65,529.65,527.2,529.55,1650,1744363260
2025-04-11 14:52:00,PE,ATM+10,20.510583,205500,23300.0,22822.35,529.55,529.55,522.0,522.6,150,1744363320
2025-04-11 14:53:00,PE,ATM+10,20.510583,205500,23300.0,22822.35,522.6,522.6,522.6,522.6,0,1744363380
2025-04-11 14:54:00,PE,ATM+10,20.46179,208050,23300.0,22823.85,530.15,531.75,519.05,521.0,3900,1744363440
2025-04-11 14:55:00,PE,ATM+10,20.238628,208050,23300.0,22820.8,521.0,521.3,521.0,521.3,1050,1744363500
2025-04-11 14:56:00,PE,ATM+10,20.60389,208350,23300.0,22813.0,521.3,530.55,521.3,530.55,1800,1744363560
2025-04-11 14:57:00,PE,ATM+10,20.006766,208350,23300.0,22824.0,530.55,530.55,516.75,516.75,1800,1744363620
2025-04-11 14:58:00,PE,ATM+10,20.296296,20700,23350.0,22830.35,564.25,564.25,553.45,553.45,75,1744363680
2025-04-11 14:59:00,PE,ATM+10,20.35198,20700,23350.0,22827.0,555.25,556.55,555.25,556.55,150,1744363740
2025-04-11 15:00:00,PE,ATM+10,20.970161,20700,23350.0,22832.45,556.55,557.65,543.95,557.65,2700,1744363800
2025-04-11 15:01:00,PE,ATM+10,20.782553,19950,23350.0,22837.15,557.65,557.65,549.05,552.35,375,1744363860
2025-04-11 15:02:00,PE,ATM+10,20.782553,19950,23350.0,22837.15,552.35,552.35,552.35,552.35,0,1744363920
2025-04-11 15:03:00,PE,ATM+10,19.592623,19950,23350.0,22831.8,552.35,552.35,546.3,546.3,675,1744363980
2025-04-11 15:04:00,PE,ATM+10,20.925946,19950,23350.0,22832.3,546.3,557.5,546.3,557.35,1125,1744364040
2025-04-11 15:05:00,PE,ATM+10,20.642333,20925,23350.0,22838.75,557.35,557.35,549.85,549.85,1200,1744364100
2025-04-11 15:06:00,PE,ATM+10,19.8173,20925,23350.0,22833.1,549.85,549.85,547.15,547.15,75,1744364160
2025-04-11 15:07:00,PE,ATM+10,20.285161,214575,23300.0,22823.2,510.75,519.8,507.25,519.8,2175,1744364220
2025-04-11 15:08:00,PE,ATM+10,20.354641,214575,23300.0,22822.9,522.0,524.3,518.0,520.65,2475,1744364280
2025-04-11 15:09:00,PE,ATM+10,20.354641,214575,23300.0,22822.9,520.65,520.65,520.65,520.65,0,1744364340
2025-04-11 15:10:00,PE,ATM+10,20.979091,20250,23350.0,22831.75,558.8,558.8,549.4,558.2,1800,1744364400
2025-04-11 15:11:00,PE,ATM+10,20.979091,20250,23350.0,22831.75,558.2,558.2,558.2,558.2,0,1744364460
2025-04-11 15:12:00,PE,ATM+10,20.979091,20250,23350.0,22831.75,558.2,558.2,558.2,558.2,0,1744364520
2025-04-11 15:13:00,PE,ATM+10,20.917537,21300,23350.0,22830.9,558.2,558.3,556.65,558.3,750,1744364580
2025-04-11 15:14:00,PE,ATM+10,20.250116,21300,23350.0,22830.35,558.3,558.3,552.95,552.95,675,1744364640
2025-04-11 15:15:00,PE,ATM+10,20.821425,212400,23300.0,22823.95,517.05,524.05,515.55,524.05,1425,1744364700
2025-04-11 15:16:00,PE,ATM+10,20.849044,213600,23300.0,22821.7,520.0,526.0,519.15,526.0,1650,1744364760
2025-04-11 15:17:00,PE,ATM+10,20.36507,213600,23300.0,22820.45,526.0,526.0,521.0,522.55,1200,1744364820
2025-04-11 15:18:00,PE,ATM+10,20.580837,213600,23300.0,22811.15,522.55,532.6,522.0,531.6,3000,1744364880
2025-04-11 15:19:00,PE,ATM+10,20.858717,213000,23300.0,22817.9,531.6,531.6,528.75,528.95,975,1744364940
2025-04-11 15:20:00,PE,ATM+10,21.008125,213000,23300.0,22814.35,531.0,533.0,531.0,533.0,300,1744365000
2025-04-11 15:21:00,PE,ATM+10,21.096325,213000,23300.0,22818.3,533.0,533.0,530.8,530.8,525,1744365060
2025-04-11 15:22:00,PE,ATM+10,20.852352,213300,23300.0,22824.65,530.8,530.8,523.75,523.75,1200,1744365120
2025-04-11 15:23:00,PE,ATM+10,21.234917,21300,23350.0,22828.85,568.35,568.35,562.6,562.6,150,1744365180
2025-04-11 15:24:00,PE,ATM+10,21.044416,21300,23350.0,22831.65,562.6,562.6,558.75,558.75,225,1744365240
2025-04-11 15:25:00,PE,ATM+10,21.551398,21300,23350.0,22833.95,558.75,561.45,558.75,561.45,300,1744365300
2025-04-11 15:26:00,PE,ATM+10,21.551398,21300,23350.0,22833.95,561.45,561.45,561.45,561.45,0,1744365360
2025-04-11 15:27:00,PE,ATM+10,21.245298,21300,23350.0,22840.85,561.45,561.45,547.1,553.4,450,1744365420
2025-04-11 15:28:00,PE,ATM+10,20.576613,21225,23350.0,22852.4,553.4,553.4,538.55,538.55,300,1744365480
2025-04-11 15:29:00,PE,ATM+10,18.908293,21225,23350.0,22844.5,538.55,543.8,530.35,530.35,825,1744365540
2025-04-15 09:15:00,PE,ATM+10,21.924872,9075,23750.0,23257.05,536.25,536.8,491.75,501.95,6150,1744688700
2025-04-15 09:16:00,PE,ATM+10,21.886683,9075,23750.0,23260.75,501.95,503.1,483.0,498.55,1800,1744688760
2025-04-15 09:17:00,PE,ATM+10,23.267806,9075,23750.0,23274.1,498.55,498.55,488.65,492.4,375,1744688820
2025-04-15 09:18:00,PE,ATM+10,21.601295,34275,23800.0,23275.35,536.9,538.4,529.1,529.1,1200,1744688880
2025-04-15 09:19:00,PE,ATM+10,22.686203,34275,23800.0,23279.4,528.05,530.8,523.8,529.2,17700,1744688940
2025-04-15 09:20:00,PE,ATM+10,22.860809,34275,23800.0,23292.9,526.0,526.0,510.0,517.95,9075,1744689000
2025-04-15 09:21:00,PE,ATM+10,22.400358,52200,23800.0,23290.05,517.95,519.8,513.55,518.75,2700,1744689060
2025-04-15 09:22:00,PE,ATM+10,23.862683,52200,23800.0,23298.45,521.55,526.1,517.0,517.0,2850,1744689120
2025-04-15 09:23:00,PE,ATM+10,22.961229,52200,23800.0,23293.7,517.0,521.45,515.0,517.6,675,1744689180
2025-04-15 09:24:00,PE,ATM+10,23.225385,53700,23800.0,23299.9,520.0,520.0,512.0,513.2,1875,1744689240
2025-04-15 09:25:00,PE,ATM+10,23.837297,53700,23800.0,23283.3,516.6,530.0,510.5,530.0,1950,1744689300
2025-04-15 09:26:00,PE,ATM+10,23.099785,53700,23800.0,23297.25,530.0,530.7,512.0,515.0,1725,1744689360
2025-04-15 09:27:00,PE,ATM+10,23.333017,55500,23800.0,23300.35,515.0,515.0,505.55,513.2,2775,1744689420
2025-04-15 09:28:00,PE,ATM+10,23.893685,55500,23800.0,23310.15,514.15,514.15,505.6,507.0,2025,1744689480
2025-04-15 09:29:00,PE,ATM+10,23.326837,55500,23800.0,23297.65,510.1,518.0,508.0,515.5,975,1744689540
2025-04-15 09:30:00,PE,ATM+10,23.305187,57900,23800.0,23289.05,515.5,525.0,512.45,522.9,2100,1744689600
2025-04-15 09:31:00,PE,ATM+10,21.731546,57900,23800.0,23288.15,526.15,530.0,518.0,518.0,2175,1744689660
2025-04-15 09:32:00,PE,ATM+10,22.251874,57900,23800.0,23288.1,518.0,519.85,512.25,519.85,2175,1744689720
2025-04-15 09:33:00,PE,ATM+10,22.881299,58350,23800.0,23279.15,519.85,534.2,519.85,530.0,1275,1744689780
2025-04-15 09:34:00,PE,ATM+10,20.648836,20400,23750.0,23267.4,468.0,488.1,468.0,488.1,75,1744689840
2025-04-15 09:35:00,PE,ATM+10,20.972292,58350,23800.0,23279.1,534.1,535.25,523.6,523.6,1350,1744689900
2025-04-15 09:36:00,PE,ATM+10,20.904084,58425,23800.0,23295.8,519.0,523.0,505.0,508.35,3075,1744689960
2025-04-15 09:37:00,PE,ATM+10,20.500615,58425,23800.0,23298.45,505.4,508.4,502.0,504.65,7275,1744690020
2025-04-15 09:38:00,PE,ATM+10,21.73172,58425,23800.0,23301.95,504.65,507.0,501.1,505.7,4275,1744690080
2025-04-15 09:39:00,PE,ATM+10,22.573757,63450,23800.0,23300.55,505.7,513.2,505.0,510.0,5700,1744690140
2025-04-15 09:40:00,PE,ATM+10,22.37047,63450,23800.0,23299.85,510.0,511.0,502.5,509.85,2625,1744690200
2025-04-15 09:41:00,PE,ATM+10,21.579131,63450,23800.0,23315.7,509.85,511.0,493.0,493.0,3600,1744690260
2025-04-15 09:42:00,PE,ATM+10,22.985565,68025,23800.0,23308.75,493.0,506.4,493.0,504.4,3600,1744690320
2025-04-15 09:43:00,PE,ATM+10,22.78359,68025,23800.0,23310.25,505.7,505.7,501.0,502.3,2550,1744690380
2025-04-15 09:44:00,PE,ATM+10,22.620428,68025,23800.0,23310.95,502.3,505.0,499.15,501.05,1350,1744690440
2025-04-15 09:45:00,PE,ATM+10,23.404724,68700,23800.0,23303.0,501.05,511.0,501.0,511.0,2025,1744690500
2025-04-15 09:46:00,PE,ATM+10,23.080525,68700,23800.0,23298.95,511.0,515.95,510.0,513.25,1950,1744690560
2025-04-15 09:47:00,PE,ATM+10,22.556519,68700,23800.0,23312.3,513.25,513.5,499.6,499.6,900,1744690620
2025-04-15 09:48:00,PE,ATM+10,22.798276,69000,23800.0,23310.95,499.6,501.7,497.6,501.7,900,1744690680
2025-04-15 09:49:00,PE,ATM+10,22.304944,69000,23800.0,23316.45,501.7,503.0,495.0,495.0,525,1744690740
2025-04-15 09:50:00,PE,ATM+10,22.721144,69000,23800.0,23316.4,495.0,496.65,492.0,496.65,1125,1744690800
2025-04-15 09:51:00,PE,ATM+10,23.80089,70125,23800.0,23318.45,496.65,500.0,496.65,499.25,975,1744690860
2025-04-15 09:52:00,PE,ATM+10,25.044012,7125,23850.0,23327.05,546.05,546.05,538.55,540.05,8700,1744690920
2025-04-15 09:53:00,PE,ATM+10,25.044012,7125,23850.0,23327.05,540.05,540.05,540.05,540.05,0,1744690980
2025-04-15 09:54:00,PE,ATM+10,25.044012,7125,23850.0,23327.05,540.05,540.05,540.05,540.05,0,1744691040
2025-04-15 09:55:00,PE,ATM+10,23.63366,69900,23800.0,23321.15,488.5,498.5,488.5,496.2,975,1744691100
2025-04-15 09:56:00,PE,ATM+10,22.558164,69900,23800.0,23323.5,496.2,499.25,489.8,489.8,2025,1744691160
2025-04-15 09:57:00,PE,ATM+10,21.488509,69825,23800.0,23321.6,491.0,491.0,485.0,487.35,1125,1744691220
2025-04-15 09:58:00,PE,ATM+10,22.207303,69825,23800.0,23316.5,487.35,494.5,487.35,494.5,600,1744691280
2025-04-15 09:59:00,PE,ATM+10,21.12884,69825,23800.0,23306.1,494.05,499.75,494.05,499.75,525,1744691340
2025-04-15 10:00:00,PE,ATM+10,22.137887,69600,23800.0,23316.75,499.75,499.75,492.35,494.0,225,1744691400
2025-04-15 10:01:00,PE,ATM+10,21.534266,69600,23800.0,23311.3,494.0,498.0,492.9,496.55,525,1744691460
2025-04-15 10:02:00,PE,ATM+10,22.215157,69600,23800.0,23311.4,496.55,499.45,496.3,498.95,675,1744691520
2025-04-15 10:03:00,PE,ATM+10,22.305899,69750,23800.0,23309.15,498.95,502.85,497.0,501.25,2475,1744691580
2025-04-15 10:04:00,PE,ATM+10,20.4067,69750,23800.0,23302.1,501.25,501.25,497.8,500.9,225,1744691640
2025-04-15 10:05:00,PE,ATM+10,20.52663,69750,23800.0,23313.8,500.9,500.9,489.05,490.8,1575,1744691700
2025-04-15 10:06:00,PE,ATM+10,20.92455,70500,23800.0,23319.55,485.0,491.95,484.9,487.05,2850,1744691760
2025-04-15 10:07:00,PE,ATM+10,20.412945,70500,23800.0,23317.95,487.05,489.7,484.2,486.7,1350,1744691820
2025-04-15 10:08:00,PE,ATM+10,21.585788,70500,23800.0,23309.35,486.7,499.0,486.7,498.4,600,1744691880
2025-04-15 10:09:00,PE,ATM+10,21.371741,70425,23800.0,23306.85,498.4,507.1,497.15,499.85,1650,1744691940
2025-04-15 10:10:00,PE,ATM+10,20.772836,70425,23800.0,23307.8,499.85,499.85,496.95,496.95,150,1744692000
2025-04-15 10:11:00,PE,ATM+10,21.411917,70425,23800.0,23307.95,496.95,499.9,496.95,499.0,375,1744692060
2025-04-15 10:12:00,PE,ATM+10,20.920627,70650,23800.0,23306.1,499.0,499.0,495.0,498.95,225,1744692120
2025-04-15 10:13:00,PE,ATM+10,20.290922,70650,23800.0,23311.25,498.95,498.95,492.25,492.25,450,1744692180
2025-04-15 10:14:00,PE,ATM+10,21.759195,70650,23800.0,23312.1,492.25,496.55,492.25,496.55,75,1744692240
2025-04-15 10:15:00,PE,ATM+10,21.926165,70650,23800.0,23314.55,496.55,496.55,493.0,495.0,300,1744692300
2025-04-15 10:16:00,PE,ATM+10,22.263894,70650,23800.0,23316.9,495.0,495.0,491.5,494.2,1200,1744692360
2025-04-15 10:17:00,PE,ATM+10,22.484455,70650,23800.0,23310.8,494.2,502.0,494.2,500.35,525,1744692420
2025-04-15 10:18:00,PE,ATM+10,20.676603,70650,23800.0,23305.65,500.35,500.35,498.5,498.5,450,1744692480
2025-04-15 10:19:00,PE,ATM+10,22.650242,70875,23800.0,23301.2,498.5,512.9,498.5,509.35,3600,1744692540
2025-04-15 10:20:00,PE,ATM+10,22.646467,70875,23800.0,23305.0,509.35,509.35,506.0,506.0,150,1744692600
2025-04-15 10:21:00,PE,ATM+10,23.383489,71700,23800.0,23308.65,506.0,512.45,501.75,505.65,6600,1744692660
2025-04-15 10:22:00,PE,ATM+10,22.926998,71700,23800.0,23310.85,505.65,505.65,499.65,501.95,6075,1744692720
2025-04-15 10:23:00,PE,ATM+10,22.37279,71700,23800.0,23308.6,501.95,501.95,501.8,501.8,75,1744692780
2025-04-15 10:24:00,PE,ATM+10,22.37279,71700,23800.0,23308.6,501.8,501.8,501.8,501.8,0,1744692840
2025-04-15 10:25:00,PE,ATM+10,22.366001,70875,23800.0,23311.75,501.8,501.8,496.05,499.0,1725,1744692900
2025-04-15 10:26:00,PE,ATM+10,21.932954,70875,23800.0,23313.9,499.0,500.6,495.5,495.5,300,1744692960
2025-04-15 10:27:00,PE,ATM+10,22.533779,70875,23800.0,23313.6,495.5,498.15,495.5,498.0,225,1744693020
2025-04-15 10:28:00,PE,ATM+10,22.308047,70875,23800.0,23313.3,498.0,498.0,496.8,497.4,225,1744693080
2025-04-15 10:29:00,PE,ATM+10,22.468608,70875,23800.0,23314.9,497.4,497.4,496.6,496.6,225,1744693140
2025-04-15 10:30:00,PE,ATM+10,22.468608,70875,23800.0,23314.9,496.6,496.6,496.6,496.6,0,1744693200
2025-04-15 10:31:00,PE,ATM+10,21.881379,70875,23800.0,23308.75,496.6,503.45,496.6,499.8,450,1744693260
2025-04-15 10:32:00,PE,ATM+10,23.002099,70875,23800.0,23309.4,499.8,503.4,499.8,503.4,150,1744693320
2025-04-15 10:33:00,PE,ATM+10,21.389709,70800,23800.0,23311.0,503.4,503.4,496.05,496.05,300,1744693380
2025-04-15 10:34:00,PE,ATM+10,22.715448,70800,23800.0,23307.95,496.05,503.55,496.05,503.55,375,1744693440
2025-04-15 10:35:00,PE,ATM+10,22.336117,70800,23800.0,23308.15,503.55,503.55,501.95,501.95,75,1744693500
2025-04-15 10:36:00,PE,ATM+10,22.481374,70875,23800.0,23305.9,501.95,504.45,501.95,504.45,750,1744693560
2025-04-15 10:37:00,PE,ATM+10,22.528744,70875,23800.0,23304.15,504.45,508.55,504.0,506.15,1500,1744693620
2025-04-15 10:38:00,PE,ATM+10,22.345978,70875,23800.0,23303.15,504.0,506.35,504.0,506.35,450,1744693680
2025-04-15 10:39:00,PE,ATM+10,22.53286,70725,23800.0,23306.6,506.35,506.35,504.0,504.0,150,1744693740
2025-04-15 10:40:00,PE,ATM+10,22.313975,70725,23800.0,23307.55,504.0,504.0,502.35,502.35,225,1744693800
2025-04-15 10:41:00,PE,ATM+10,22.313975,70725,23800.0,23307.55,502.35,502.35,502.35,502.35,0,1744693860
2025-04-15 10:42:00,PE,ATM+10,22.052407,70725,23800.0,23308.55,502.35,502.35,500.5,500.5,150,1744693920
2025-04-15 10:43:00,PE,ATM+10,22.052407,70725,23800.0,23308.55,500.5,500.5,500.5,500.5,0,1744693980
2025-04-15 10:44:00,PE,ATM+10,22.592017,70575,23800.0,23309.6,500.5,501.55,498.75,501.55,225,1744694040
2025-04-15 10:45:00,PE,ATM+10,22.566151,70575,23800.0,23309.65,501.55,501.55,501.4,501.4,75,1744694100
2025-04-15 10:46:00,PE,ATM+10,22.566151,70575,23800.0,23309.65,501.4,501.4,501.4,501.4,0,1744694160
2025-04-15 10:47:00,PE,ATM+10,22.566151,70575,23800.0,23309.65,501.4,501.4,501.4,501.4,0,1744694220
2025-04-15 10:48:00,PE,ATM+10,22.036698,70650,23800.0,23310.7,501.4,501.4,498.5,498.5,75,1744694280
2025-04-15 10:49:00,PE,ATM+10,21.500702,70650,23800.0,23311.75,498.5,498.5,493.65,495.65,1875,1744694340
2025-04-15 10:50:00,PE,ATM+10,19.814492,70650,23800.0,23306.3,494.0,495.0,494.0,495.0,375,1744694400
2025-04-15 10:51:00,PE,ATM+10,19.12677,70500,23800.0,23313.95,495.0,495.35,486.0,486.0,600,1744694460
2025-04-15 10:52:00,PE,ATM+10,20.626735,70500,23800.0,23310.8,486.0,493.5,486.0,493.5,2250,1744694520
2025-04-15 10:53:00,PE,ATM+10,19.950537,70500,23800.0,23306.85,493.5,494.9,492.0,494.9,375,1744694580
2025-04-15 10:54:00,PE,ATM+10,20.838383,72150,23800.0,23304.3,494.95,500.0,494.95,500.0,675,1744694640
2025-04-15 10:55:00,PE,ATM+10,20.431032,72150,23800.0,23304.45,500.0,501.5,497.75,498.55,600,1744694700
2025-04-15 10:56:00,PE,ATM+10,20.541101,72150,23800.0,23309.9,498.55,498.55,494.0,494.0,375,1744694760
2025-04-15 10:57:00,PE,ATM+10,19.190226,72075,23800.0,23305.35,494.0,495.0,494.0,494.0,375,1744694820
2025-04-15 10:58:00,PE,ATM+10,19.190226,72075,23800.0,23305.35,494.0,494.0,494.0,494.0,0,1744694880
2025-04-15 10:59:00,PE,ATM+10,21.52396,72075,23800.0,23309.55,494.0,498.0,494.0,497.6,225,1744694940
2025-04-15 11:00:00,PE,ATM+10,22.085636,72075,23800.0,23313.8,497.6,497.6,495.85,495.85,75,1744695000
2025-04-15 11:01:00,PE,ATM+10,22.147879,71925,23800.0,23314.05,495.85,496.85,495.85,495.85,225,1744695060
2025-04-15 11:02:00,PE,ATM+10,22.147879,71925,23800.0,23314.05,495.85,495.85,495.85,495.85,0,1744695120
2025-04-15 11:03:00,PE,ATM+10,22.147879,71925,23800.0,23314.05,495.85,495.85,495.85,495.85,0,1744695180
2025-04-15 11:04:00,PE,ATM+10,21.156699,71775,23800.0,23314.5,495.85,495.85,491.9,491.9,1725,1744695240
2025-04-15 11:05:00,PE,ATM+10,20.843184,71775,23800.0,23311.95,491.9,494.35,491.9,493.1,150,1744695300
2025-04-15 11:06:00,PE,ATM+10,21.852491,71775,23800.0,23314.2,493.1,494.6,493.1,494.6,150,1744695360
2025-04-15 11:07:00,PE,ATM+10,21.147358,72825,23800.0,23313.2,494.6,494.6,493.0,493.0,75,1744695420
2025-04-15 11:08:00,PE,ATM+10,19.914989,72825,23800.0,23310.95,493.0,493.0,491.0,491.0,1800,1744695480
2025-04-15 11:09:00,PE,ATM+10,21.22137,72900,23800.0,23308.8,491.0,498.8,491.0,497.15,150,1744695540
2025-04-15 11:10:00,PE,ATM+10,20.105538,72900,23800.0,23305.5,497.15,497.15,496.5,496.5,75,1744695600
2025-04-15 11:11:00,PE,ATM+10,20.247971,72900,23800.0,23302.05,500.05,500.05,500.05,500.05,150,1744695660
2025-04-15 11:12:00,PE,ATM+10,19.597021,72900,23800.0,23294.5,500.05,505.0,500.05,505.0,150,1744695720
2025-04-15 11:13:00,PE,ATM+10,19.981014,72900,23800.0,23295.7,505.0,505.0,505.0,505.0,375,1744695780
2025-04-15 11:14:00,PE,ATM+10,19.291416,72900,23800.0,23295.15,505.0,505.9,502.45,503.55,375,1744695840
2025-04-15 11:15:00,PE,ATM+10,18.760496,72900,23800.0,23294.65,503.55,503.55,502.6,502.6,375,1744695900
2025-04-15 11:16:00,PE,ATM+10,19.127339,73050,23800.0,23300.7,502.6,502.6,497.25,498.0,225,1744695960
2025-04-15 11:17:00,PE,ATM+10,17.496563,73050,23800.0,23294.2,498.0,500.0,498.0,500.0,75,1744696020
2025-04-15 11:18:00,PE,ATM+10,19.664237,72975,23800.0,23301.25,500.0,500.0,499.0,499.0,225,1744696080
2025-04-15 11:19:00,PE,ATM+10,19.375442,72975,23800.0,23303.9,499.0,499.0,493.45,495.75,5925,1744696140
2025-04-15 11:20:00,PE,ATM+10,19.533304,72975,23800.0,23302.8,495.75,497.2,495.0,497.2,1350,1744696200
2025-04-15 11:21:00,PE,ATM+10,19.533304,72975,23800.0,23302.8,497.2,497.2,497.2,497.2,0,1744696260
2025-04-15 11:22:00,PE,ATM+10,19.533304,72975,23800.0,23302.8,497.2,497.2,497.2,497.2,0,1744696320
2025-04-15 11:23:00,PE,ATM+10,18.592007,72525,23800.0,23299.4,497.2,497.75,497.2,497.75,300,1744696380
2025-04-15 11:24:00,PE,ATM+10,19.635943,72825,23800.0,23305.3,497.75,500.55,495.2,495.2,825,1744696440
2025-04-15 11:25:00,PE,ATM+10,21.062818,72825,23800.0,23311.1,495.2,497.15,494.45,494.45,150,1744696500
2025-04-15 11:26:00,PE,ATM+10,22.246916,72825,23800.0,23314.55,494.45,495.55,494.45,495.55,150,1744696560
2025-04-15 11:27:00,PE,ATM+10,21.355226,72825,23800.0,23313.1,495.55,495.55,493.65,493.65,150,1744696620
2025-04-15 11:28:00,PE,ATM+10,22.843913,72900,23800.0,23314.1,493.65,498.15,493.65,498.15,75,1744696680
2025-04-15 11:29:00,PE,ATM+10,21.559046,72900,23800.0,23311.0,498.15,498.15,496.2,496.2,300,1744696740
2025-04-15 11:30:00,PE,ATM+10,22.631125,73125,23800.0,23309.9,496.2,501.0,496.2,501.0,150,1744696800
2025-04-15 11:31:00,PE,ATM+10,21.887321,73125,23800.0,23306.85,501.0,502.1,501.0,501.0,225,1744696860
2025-04-15 11:32:00,PE,ATM+10,21.533963,73125,23800.0,23305.3,501.0,503.0,500.0,501.15,375,1744696920
2025-04-15 11:33:00,PE,ATM+10,21.533963,73125,23800.0,23305.3,501.15,501.15,501.15,501.15,0,1744696980
2025-04-15 11:34:00,PE,ATM+10,21.533963,73125,23800.0,23305.3,501.15,501.15,501.15,501.15,0,1744697040
2025-04-15 11:35:00,PE,ATM+10,21.075569,73050,23800.0,23302.45,501.15,502.95,501.15,502.15,225,1744697100
2025-04-15 11:36:00,PE,ATM+10,20.925695,73275,23800.0,23306.7,502.15,502.15,497.5,497.85,300,1744697160
2025-04-15 11:37:00,PE,ATM+10,20.925695,73275,23800.0,23306.7,497.85,497.85,497.85,497.85,0,1744697220
2025-04-15 11:38:00,PE,ATM+10,19.972979,73275,23800.0,23308.25,497.85,497.85,493.05,493.45,225,1744697280
2025-04-15 11:39:00,PE,ATM+10,19.972979,73275,23800.0,23308.25,493.45,493.45,493.45,493.45,0,1744697340
2025-04-15 11:40:00,PE,ATM+10,20.265381,73125,23800.0,23305.85,494.85,496.5,494.85,496.5,375,1744697400
2025-04-15 11:41:00,PE,ATM+10,20.265381,73125,23800.0,23305.85,496.5,496.5,496.5,496.5,0,1744697460
2025-04-15 11:42:00,PE,ATM+10,19.53978,73125,23800.0,23307.75,496.5,496.5,492.6,492.6,225,1744697520
2025-04-15 11:43:00,PE,ATM+10,19.1961,72900,23800.0,23308.15,492.6,493.5,491.25,491.25,375,1744697580
2025-04-15 11:44:00,PE,ATM+10,19.261136,72900,23800.0,23304.9,491.25,494.4,491.25,494.4,150,1744697640
2025-04-15 11:45:00,PE,ATM+10,19.320532,72900,23800.0,23305.35,494.4,494.4,494.15,494.15,450,1744697700
2025-04-15 11:46:00,PE,ATM+10,19.113144,72975,23800.0,23302.7,494.15,496.0,494.15,496.0,75,1744697760
2025-04-15 11:47:00,PE,ATM+10,19.820916,72975,23800.0,23298.35,496.0,501.95,496.0,501.95,10350,1744697820
2025-04-15 11:48:00,PE,ATM+10,20.011522,81450,23800.0,23297.85,501.95,503.15,501.05,502.95,450,1744697880
2025-04-15 11:49:00,PE,ATM+10,20.072633,81450,23800.0,23299.25,502.95,502.95,501.0,501.85,1125,1744697940
2025-04-15 11:50:00,PE,ATM+10,20.16689,81450,23800.0,23299.55,501.85,501.85,501.85,501.85,75,1744698000
2025-04-15 11:51:00,PE,ATM+10,21.325793,80775,23800.0,23296.7,501.85,509.0,501.85,508.0,2250,1744698060
2025-04-15 11:52:00,PE,ATM+10,20.526533,80775,23800.0,23297.25,508.0,508.85,505.0,505.0,1500,1744698120
2025-04-15 11:53:00,PE,ATM+10,20.526533,80775,23800.0,23297.25,505.0,505.0,505.0,505.0,0,1744698180
2025-04-15 11:54:00,PE,ATM+10,21.160147,79650,23800.0,23305.85,505.0,505.0,497.85,499.25,375,1744698240
2025-04-15 11:55:00,PE,ATM+10,21.87687,79650,23800.0,23308.45,499.25,501.8,499.25,499.35,600,1744698300
2025-04-15 11:56:00,PE,ATM+10,21.87687,79650,23800.0,23308.45,499.35,499.35,499.35,499.35,0,1744698360
2025-04-15 11:57:00,PE,ATM+10,21.87687,79650,23800.0,23308.45,499.35,499.35,499.35,499.35,0,1744698420
2025-04-15 11:58:00,PE,ATM+10,22.074492,79500,23800.0,23312.55,499.35,499.35,496.0,496.4,1425,1744698480
2025-04-15 11:59:00,PE,ATM+10,22.074492,79500,23800.0,23312.55,496.4,496.4,496.4,496.4,0,1744698540
2025-04-15 12:00:00,PE,ATM+10,22.643565,79500,23800.0,23313.8,496.4,497.35,496.4,497.35,75,1744698600
2025-04-15 12:01:00,PE,ATM+10,22.614251,79425,23800.0,23317.5,497.35,497.35,493.6,494.0,450,1744698660
2025-04-15 12:02:00,PE,ATM+10,22.614251,79425,23800.0,23317.5,494.0,494.0,494.0,494.0,0,1744698720
2025-04-15 12:03:00,PE,ATM+10,22.614251,79425,23800.0,23317.5,494.0,494.0,494.0,494.0,0,1744698780
2025-04-15 12:04:00,PE,ATM+10,22.45166,79200,23800.0,23318.15,496.1,496.1,492.8,492.8,450,1744698840
2025-04-15 12:05:00,PE,ATM+10,22.45166,79200,23800.0,23318.15,492.8,492.8,492.8,492.8,0,1744698900
2025-04-15 12:06:00,PE,ATM+10,22.661713,79200,23800.0,23318.45,492.8,493.3,491.4,493.3,375,1744698960
2025-04-15 12:07:00,PE,ATM+10,22.008728,79125,23800.0,23314.75,493.3,494.15,493.3,494.15,1575,1744699020
2025-04-15 12:08:00,PE,ATM+10,22.615099,79125,23800.0,23318.4,494.15,494.15,488.05,493.15,300,1744699080
2025-04-15 12:09:00,PE,ATM+10,22.615099,79125,23800.0,23318.4,493.15,493.15,493.15,493.15,0,1744699140
2025-04-15 12:10:00,PE,ATM+10,22.615099,79125,23800.0,23318.4,493.15,493.15,493.15,493.15,0,1744699200
2025-04-15 12:11:00,PE,ATM+10,21.368183,6450,23850.0,23329.0,537.25,537.25,524.05,524.05,75,1744699260
2025-04-15 12:12:00,PE,ATM+10,21.368183,6450,23850.0,23329.0,524.05,524.05,524.05,524.05,0,1744699320
2025-04-15 12:13:00,PE,ATM+10,21.368183,6450,23850.0,23329.0,524.05,524.05,524.05,524.05,0,1744699380
2025-04-15 12:14:00,PE,ATM+10,22.365102,6525,23850.0,23332.55,524.05,524.05,524.0,524.0,375,1744699440
2025-04-15 12:15:00,PE,ATM+10,22.365102,6525,23850.0,23332.55,524.0,524.0,524.0,524.0,0,1744699500
2025-04-15 12:16:00,PE,ATM+10,22.365102,6525,23850.0,23332.55,524.0,524.0,524.0,524.0,0,1744699560
2025-04-15 12:17:00,PE,ATM+10,22.365102,6525,23850.0,23332.55,524.0,524.0,524.0,524.0,0,1744699620
2025-04-15 12:18:00,PE,ATM+10,22.365102,6525,23850.0,23332.55,524.0,524.0,524.0,524.0,0,1744699680
2025-04-15 12:19:00,PE,ATM+10,20.996446,6900,23850.0,23336.6,524.0,524.0,516.0,516.0,75,1744699740
2025-04-15 12:20:00,PE,ATM+10,20.996446,6900,23850.0,23336.6,516.0,516.0,516.0,516.0,0,1744699800
2025-04-15 12:21:00,PE,ATM+10,23.381531,6900,23850.0,23338.35,516.0,522.3,516.0,522.3,150,1744699860
2025-04-15 12:22:00,PE,ATM+10,22.835081,7050,23850.0,23339.5,522.3,522.3,519.35,519.35,150,1744699920
2025-04-15 12:23:00,PE,ATM+10,22.835081,7050,23850.0,23339.5,519.35,519.35,519.35,519.35,0,1744699980
2025-04-15 12:24:00,PE,ATM+10,22.835081,7050,23850.0,23339.5,519.35,519.35,519.35,519.35,0,1744700040
2025-04-15 12:25:00,PE,ATM+10,22.835081,7050,23850.0,23339.5,519.35,519.35,519.35,519.35,0,1744700100
2025-04-15 12:26:00,PE,ATM+10,22.835081,7050,23850.0,23339.5,519.35,519.35,519.35,519.35,0,1744700160
2025-04-15 12:27:00,PE,ATM+10,22.835081,7050,23850.0,23339.5,519.35,519.35,519.35,519.35,0,1744700220
2025-04-15 12:28:00,PE,ATM+10,22.835081,7050,23850.0,23339.5,519.35,519.35,519.35,519.35,0,1744700280
2025-04-15 12:29:00,PE,ATM+10,22.835081,7050,23850.0,23339.5,519.35,519.35,519.35,519.35,0,1744700340
2025-04-15 12:30:00,PE,ATM+10,22.835081,7050,23850.0,23339.5,519.35,519.35,519.35,519.35,0,1744700400
2025-04-15 12:31:00,PE,ATM+10,23.308965,6975,23850.0,23341.3,519.35,519.35,519.35,519.35,75,1744700460
2025-04-15 12:32:00,PE,ATM+10,23.308965,6975,23850.0,23341.3,519.35,519.35,519.35,519.35,0,1744700520
2025-04-15 12:33:00,PE,ATM+10,23.308965,6975,23850.0,23341.3,519.35,519.35,519.35,519.35,0,1744700580
2025-04-15 12:34:00,PE,ATM+10,23.308965,6975,23850.0,23341.3,519.35,519.35,519.35,519.35,0,1744700640
2025-04-15 12:35:00,PE,ATM+10,22.559695,6975,23850.0,23346.6,519.35,519.35,510.4,512.0,600,1744700700
2025-04-15 12:36:00,PE,ATM+10,21.987383,6975,23850.0,23344.8,512.0,512.0,511.65,511.65,75,1744700760
2025-04-15 12:37:00,PE,ATM+10,21.987383,6975,23850.0,23344.8,511.65,511.65,511.65,511.65,0,1744700820
2025-04-15 12:38:00,PE,ATM+10,21.987383,6975,23850.0,23344.8,511.65,511.65,511.65,511.65,0,1744700880
2025-04-15 12:39:00,PE,ATM+10,21.987383,6975,23850.0,23344.8,511.65,511.65,511.65,511.65,0,1744700940
2025-04-15 12:40:00,PE,ATM+10,21.987383,6975,23850.0,23344.8,511.65,511.65,511.65,511.65,0,1744701000
2025-04-15 12:41:00,PE,ATM+10,21.987383,6975,23850.0,23344.8,511.65,511.65,511.65,511.65,0,1744701060
2025-04-15 12:42:00,PE,ATM+10,21.987383,6975,23850.0,23344.8,511.65,511.65,511.65,511.65,0,1744701120
2025-04-15 12:43:00,PE,ATM+10,21.987383,6975,23850.0,23344.8,511.65,511.65,511.65,511.65,0,1744701180
2025-04-15 12:44:00,PE,ATM+10,21.987383,6975,23850.0,23344.8,511.65,511.65,511.65,511.65,0,1744701240
2025-04-15 12:45:00,PE,ATM+10,23.685169,6600,23850.0,23341.95,511.65,521.55,511.65,520.0,225,1744701300
2025-04-15 12:46:00,PE,ATM+10,23.685169,6600,23850.0,23341.95,520.0,520.0,520.0,520.0,0,1744701360
2025-04-15 12:47:00,PE,ATM+10,23.864541,6750,23850.0,23342.85,520.0,520.0,519.85,519.85,150,1744701420
2025-04-15 12:48:00,PE,ATM+10,23.864541,6750,23850.0,23342.85,519.85,519.85,519.85,519.85,0,1744701480
2025-04-15 12:49:00,PE,ATM+10,23.864541,6750,23850.0,23342.85,519.85,519.85,519.85,519.85,0,1744701540
2025-04-15 12:50:00,PE,ATM+10,23.864541,6750,23850.0,23342.85,519.85,519.85,519.85,519.85,0,1744701600
2025-04-15 12:51:00,PE,ATM+10,23.864541,6750,23850.0,23342.85,519.85,519.85,519.85,519.85,0,1744701660
2025-04-15 12:52:00,PE,ATM+10,23.66625,6600,23850.0,23340.25,519.85,521.35,519.85,521.35,225,1744701720
2025-04-15 12:53:00,PE,ATM+10,23.66625,6600,23850.0,23340.25,521.35,521.35,521.35,521.35,0,1744701780
2025-04-15 12:54:00,PE,ATM+10,23.66625,6600,23850.0,23340.25,521.35,521.35,521.35,521.35,0,1744701840
2025-04-15 12:55:00,PE,ATM+10,23.66625,6600,23850.0,23340.25,521.35,521.35,521.35,521.35,0,1744701900
2025-04-15 12:56:00,PE,ATM+10,23.66625,6600,23850.0,23340.25,521.35,521.35,521.35,521.35,0,1744701960
2025-04-15 12:57:00,PE,ATM+10,23.66625,6600,23850.0,23340.25,521.35,521.35,521.35,521.35,0,1744702020
2025-04-15 12:58:00,PE,ATM+10,24.196694,6675,23850.0,23338.05,521.35,525.15,521.35,525.15,225,1744702080
2025-04-15 12:59:00,PE,ATM+10,24.196694,6675,23850.0,23338.05,525.15,525.15,525.15,525.15,0,1744702140
2025-04-15 13:00:00,PE,ATM+10,24.196694,6675,23850.0,23338.05,525.15,525.15,525.15,525.15,0,1744702200
2025-04-15 13:01:00,PE,ATM+10,23.577782,6900,23850.0,23346.4,525.15,525.15,515.55,515.55,225,1744702260
2025-04-15 13:02:00,PE,ATM+10,22.884493,6900,23850.0,23346.7,515.55,515.55,512.8,512.8,75,1744702320
2025-04-15 13:03:00,PE,ATM+10,22.884493,6900,23850.0,23346.7,512.8,512.8,512.8,512.8,0,1744702380
2025-04-15 13:04:00,PE,ATM+10,22.884493,6900,23850.0,23346.7,512.8,512.8,512.8,512.8,0,1744702440
2025-04-15 13:05:00,PE,ATM+10,22.884493,6900,23850.0,23346.7,512.8,512.8,512.8,512.8,0,1744702500
2025-04-15 13:06:00,PE,ATM+10,25.70704,6750,23850.0,23348.5,512.8,521.9,512.8,521.9,1050,1744702560
2025-04-15 13:07:00,PE,ATM+10,25.70704,6750,23850.0,23348.5,521.9,521.9,521.9,521.9,0,1744702620
2025-04-15 13:08:00,PE,ATM+10,25.70704,6750,23850.0,23348.5,521.9,521.9,521.9,521.9,0,1744702680
2025-04-15 13:09:00,PE,ATM+10,25.70704,6750,23850.0,23348.5,521.9,521.9,521.9,521.9,0,1744702740
2025-04-15 13:10:00,PE,ATM+10,25.70704,6750,23850.0,23348.5,521.9,521.9,521.9,521.9,0,1744702800
2025-04-15 13:11:00,PE,ATM+10,25.70704,6750,23850.0,23348.5,521.9,521.9,521.9,521.9,0,1744702860
2025-04-15 13:12:00,PE,ATM+10,25.70704,6750,23850.0,23348.5,521.9,521.9,521.9,521.9,0,1744702920
2025-04-15 13:13:00,PE,ATM+10,23.76718,7125,23850.0,23341.05,521.9,521.9,520.8,520.8,1050,1744702980
2025-04-15 13:14:00,PE,ATM+10,23.76718,7125,23850.0,23341.05,520.8,520.8,520.8,520.8,0,1744703040
2025-04-15 13:15:00,PE,ATM+10,23.76718,7125,23850.0,23341.05,520.8,520.8,520.8,520.8,0,1744703100
2025-04-15 13:16:00,PE,ATM+10,23.76718,7125,23850.0,23341.05,520.8,520.8,520.8,520.8,0,1744703160
2025-04-15 13:17:00,PE,ATM+10,24.14651,6300,23850.0,23338.35,520.8,524.5,520.8,524.5,75,1744703220
2025-04-15 13:18:00,PE,ATM+10,24.14651,6300,23850.0,23338.35,524.5,524.5,524.5,524.5,0,1744703280
2025-04-15 13:19:00,PE,ATM+10,24.14651,6300,23850.0,23338.35,524.5,524.5,524.5,524.5,0,1744703340
2025-04-15 13:20:00,PE,ATM+10,24.14651,6300,23850.0,23338.35,524.5,524.5,524.5,524.5,0,1744703400
2025-04-15 13:21:00,PE,ATM+10,24.14651,6300,23850.0,23338.35,524.5,524.5,524.5,524.5,0,1744703460
2025-04-15 13:22:00,PE,ATM+10,24.14651,6300,23850.0,23338.35,524.5,524.5,524.5,524.5,0,1744703520
2025-04-15 13:23:00,PE,ATM+10,24.14651,6300,23850.0,23338.35,524.5,524.5,524.5,524.5,0,1744703580
2025-04-15 13:24:00,PE,ATM+10,24.14651,6300,23850.0,23338.35,524.5,524.5,524.5,524.5,0,1744703640
2025-04-15 13:25:00,PE,ATM+10,24.14651,6300,23850.0,23338.35,524.5,524.5,524.5,524.5,0,1744703700
2025-04-15 13:26:00,PE,ATM+10,24.14651,6300,23850.0,23338.35,524.5,524.5,524.5,524.5,0,1744703760
2025-04-15 13:27:00,PE,ATM+10,24.14651,6300,23850.0,23338.35,524.5,524.5,524.5,524.5,0,1744703820
2025-04-15 13:28:00,PE,ATM+10,24.14651,6300,23850.0,23338.35,524.5,524.5,524.5,524.5,0,1744703880
2025-04-15 13:29:00,PE,ATM+10,24.14651,6300,23850.0,23338.35,524.5,524.5,524.5,524.5,0,1744703940
2025-04-15 13:30:00,PE,ATM+10,24.14651,6300,23850.0,23338.35,524.5,524.5,524.5,524.5,0,1744704000
2025-04-15 13:31:00,PE,ATM+10,24.14651,6300,23850.0,23338.35,524.5,524.5,524.5,524.5,0,1744704060
2025-04-15 13:32:00,PE,ATM+10,24.14651,6300,23850.0,23338.35,524.5,524.5,524.5,524.5,0,1744704120
2025-04-15 13:33:00,PE,ATM+10,24.14651,6300,23850.0,23338.35,524.5,524.5,524.5,524.5,0,1744704180
2025-04-15 13:34:00,PE,ATM+10,24.14651,6300,23850.0,23338.35,524.5,524.5,524.5,524.5,0,1744704240
2025-04-15 13:35:00,PE,ATM+10,24.14651,6300,23850.0,23338.35,524.5,524.5,524.5,524.5,0,1744704300
2025-04-15 13:36:00,PE,ATM+10,24.14651,6300,23850.0,23338.35,524.5,524.5,524.5,524.5,0,1744704360
2025-04-15 13:37:00,PE,ATM+10,24.469072,6300,23850.0,23326.25,524.5,536.05,524.5,536.05,150,1744704420
2025-04-15 13:38:00,PE,ATM+10,24.469072,6300,23850.0,23326.25,536.05,536.05,536.05,536.05,0,1744704480
2025-04-15 13:39:00,PE,ATM+10,24.469072,6300,23850.0,23326.25,536.05,536.05,536.05,536.05,0,1744704540
2025-04-15 13:40:00,PE,ATM+10,24.469072,6300,23850.0,23326.25,536.05,536.05,536.05,536.05,0,1744704600
2025-04-15 13:41:00,PE,ATM+10,24.796543,6300,23850.0,23327.55,536.05,536.05,536.05,536.05,75,1744704660
2025-04-15 13:42:00,PE,ATM+10,24.796543,6300,23850.0,23327.55,536.05,536.05,536.05,536.05,0,1744704720
2025-04-15 13:43:00,PE,ATM+10,24.902322,6375,23850.0,23329.4,536.05,536.05,534.8,534.8,75,1744704780
2025-04-15 13:44:00,PE,ATM+10,24.368904,6375,23850.0,23328.55,534.8,534.8,533.6,533.6,300,1744704840
2025-04-15 13:45:00,PE,ATM+10,24.368904,6375,23850.0,23328.55,533.6,533.6,533.6,533.6,0,1744704900
2025-04-15 13:46:00,PE,ATM+10,21.970998,83475,23800.0,23324.0,484.0,485.0,484.0,485.0,75,1744704960
2025-04-15 13:47:00,PE,ATM+10,21.969482,83475,23800.0,23323.7,485.0,485.25,485.0,485.25,675,1744705020
2025-04-15 13:48:00,PE,ATM+10,21.969482,83475,23800.0,23323.7,485.25,485.25,485.25,485.25,0,1744705080
2025-04-15 13:49:00,PE,ATM+10,22.297252,83400,23800.0,23325.0,485.25,485.25,485.25,485.25,75,1744705140
2025-04-15 13:50:00,PE,ATM+10,24.134571,6900,23850.0,23326.8,534.25,534.25,534.25,534.25,75,1744705200
2025-04-15 13:51:00,PE,ATM+10,24.134571,6900,23850.0,23326.8,534.25,534.25,534.25,534.25,0,1744705260
2025-04-15 13:52:00,PE,ATM+10,24.43371,6975,23850.0,23329.8,534.25,534.25,532.65,532.65,225,1744705320
2025-04-15 13:53:00,PE,ATM+10,24.251526,6975,23850.0,23329.05,532.65,532.65,532.65,532.65,75,1744705380
2025-04-15 13:54:00,PE,ATM+10,24.251526,6975,23850.0,23329.05,532.65,532.65,532.65,532.65,0,1744705440
2025-04-15 13:55:00,PE,ATM+10,25.30672,6975,23850.0,23329.7,535.9,535.9,535.9,535.9,150,1744705500
2025-04-15 13:56:00,PE,ATM+10,25.30672,6975,23850.0,23329.7,535.9,535.9,535.9,535.9,0,1744705560
2025-04-15 13:57:00,PE,ATM+10,25.30672,6975,23850.0,23329.7,535.9,535.9,535.9,535.9,0,1744705620
2025-04-15 13:58:00,PE,ATM+10,25.366581,6900,23850.0,23331.3,535.9,535.9,534.7,534.7,225,1744705680
2025-04-15 13:59:00,PE,ATM+10,25.366581,6900,23850.0,23331.3,534.7,534.7,534.7,534.7,0,1744705740
2025-04-15 14:00:00,PE,ATM+10,25.366581,6900,23850.0,23331.3,534.7,534.7,534.7,534.7,0,1744705800
2025-04-15 14:01:00,PE,ATM+10,25.366581,6900,23850.0,23331.3,534.7,534.7,534.7,534.7,0,1744705860
2025-04-15 14:02:00,PE,ATM+10,25.366581,6900,23850.0,23331.3,534.7,534.7,534.7,534.7,0,1744705920
2025-04-15 14:03:00,PE,ATM+10,25.366581,6900,23850.0,23331.3,534.7,534.7,534.7,534.7,0,1744705980
2025-04-15 14:04:00,PE,ATM+10,23.924208,82350,23800.0,23323.35,489.05,492.6,489.05,492.6,675,1744706040
2025-04-15 14:05:00,PE,ATM+10,23.237527,82350,23800.0,23322.8,492.6,492.65,490.45,490.45,225,1744706100
2025-04-15 14:06:00,PE,ATM+10,23.829053,82350,23800.0,23323.65,490.45,491.95,490.0,491.95,825,1744706160
2025-04-15 14:07:00,PE,ATM+10,23.829053,82350,23800.0,23323.65,491.95,491.95,491.95,491.95,0,1744706220
2025-04-15 14:08:00,PE,ATM+10,23.829053,82350,23800.0,23323.65,491.95,491.95,491.95,491.95,0,1744706280
2025-04-15 14:09:00,PE,ATM+10,23.696849,82200,23800.0,23320.65,486.25,494.0,486.25,494.0,975,1744706340
2025-04-15 14:10:00,PE,ATM+10,24.472161,82275,23800.0,23318.6,494.0,498.75,494.0,498.75,225,1744706400
2025-04-15 14:11:00,PE,ATM+10,24.221543,82275,23800.0,23316.0,498.75,500.0,497.6,500.0,2550,1744706460
2025-04-15 14:12:00,PE,ATM+10,24.333653,82275,23800.0,23321.2,500.0,500.0,494.35,495.95,1725,1744706520
2025-04-15 14:13:00,PE,ATM+10,23.651616,82125,23800.0,23320.4,495.95,495.95,494.0,494.0,150,1744706580
2025-04-15 14:14:00,PE,ATM+10,26.132178,7650,23850.0,23326.05,547.4,547.4,541.95,541.95,75,1744706640
2025-04-15 14:15:00,PE,ATM+10,26.132178,7650,23850.0,23326.05,541.95,541.95,541.95,541.95,0,1744706700
2025-04-15 14:16:00,PE,ATM+10,26.132178,7650,23850.0,23326.05,541.95,541.95,541.95,541.95,0,1744706760
2025-04-15 14:17:00,PE,ATM+10,26.132178,7650,23850.0,23326.05,541.95,541.95,541.95,541.95,0,1744706820
2025-04-15 14:18:00,PE,ATM+10,24.433866,82425,23800.0,23324.9,492.85,493.75,492.85,493.1,1200,1744706880
2025-04-15 14:19:00,PE,ATM+10,24.433866,82425,23800.0,23324.9,493.1,493.1,493.1,493.1,0,1744706940
2025-04-15 14:20:00,PE,ATM+10,24.433866,82425,23800.0,23324.9,493.1,493.1,493.1,493.1,0,1744707000
2025-04-15 14:21:00,PE,ATM+10,24.433866,82425,23800.0,23324.9,493.1,493.1,493.1,493.1,0,1744707060
2025-04-15 14:22:00,PE,ATM+10,24.433866,82425,23800.0,23324.9,493.1,493.1,493.1,493.1,0,1744707120
2025-04-15 14:23:00,PE,ATM+10,24.433866,82425,23800.0,23324.9,493.1,493.1,493.1,493.1,0,1744707180
2025-04-15 14:24:00,PE,ATM+10,24.433866,82425,23800.0,23324.9,493.1,493.1,493.1,493.1,0,1744707240
2025-04-15 14:25:00,PE,ATM+10,24.433866,82425,23800.0,23324.9,493.1,493.1,493.1,493.1,0,1744707300
2025-04-15 14:26:00,PE,ATM+10,26.17798,7575,23850.0,23331.35,541.95,541.95,537.4,537.4,75,1744707360
2025-04-15 14:27:00,PE,ATM+10,26.17798,7575,23850.0,23331.35,537.4,537.4,537.4,537.4,0,1744707420
2025-04-15 14:28:00,PE,ATM+10,23.560993,82800,23800.0,23324.2,489.95,490.2,489.95,490.2,450,1744707480
2025-04-15 14:29:00,PE,ATM+10,24.581066,82800,23800.0,23323.2,490.2,495.0,490.2,495.0,75,1744707540
2025-04-15 14:30:00,PE,ATM+10,25.047801,82800,23800.0,23316.7,495.0,504.55,495.0,502.4,975,1744707600
2025-04-15 14:31:00,PE,ATM+10,25.187887,82800,23800.0,23315.7,502.4,503.8,501.9,503.8,1800,1744707660
2025-04-15 14:32:00,PE,ATM+10,25.097124,82800,23800.0,23318.95,503.8,503.8,500.65,500.65,975,1744707720
2025-04-15 14:33:00,PE,ATM+10,25.439961,82800,23800.0,23316.8,500.65,506.45,500.65,503.85,1800,1744707780
2025-04-15 14:34:00,PE,ATM+10,25.229855,82500,23800.0,23315.85,503.85,504.45,503.8,503.8,300,1744707840
2025-04-15 14:35:00,PE,ATM+10,25.21451,82500,23800.0,23316.7,506.2,506.2,503.0,503.0,525,1744707900
2025-04-15 14:36:00,PE,ATM+10,26.223155,82500,23800.0,23318.2,503.0,509.45,503.0,505.85,975,1744707960
2025-04-15 14:37:00,PE,ATM+10,26.063666,82350,23800.0,23318.4,505.85,505.85,505.0,505.0,900,1744708020
2025-04-15 14:38:00,PE,ATM+10,26.146863,82350,23800.0,23319.15,505.0,506.9,504.7,504.7,525,1744708080
2025-04-15 14:39:00,PE,ATM+10,26.32219,82350,23800.0,23316.8,504.7,507.4,504.7,507.4,1575,1744708140
2025-04-15 14:40:00,PE,ATM+10,27.049757,81825,23800.0,23309.55,508.0,518.0,508.0,516.55,2025,1744708200
2025-04-15 14:41:00,PE,ATM+10,27.473468,81825,23800.0,23310.5,516.55,517.55,515.55,517.55,2025,1744708260
2025-04-15 14:42:00,PE,ATM+10,27.011144,81825,23800.0,23313.25,517.55,517.55,513.25,513.25,1125,1744708320
2025-04-15 14:43:00,PE,ATM+10,27.176775,81825,23800.0,23309.6,513.25,517.0,513.25,517.0,675,1744708380
2025-04-15 14:44:00,PE,ATM+10,27.64668,81825,23800.0,23309.6,517.65,519.0,517.65,519.0,225,1744708440
2025-04-15 14:45:00,PE,ATM+10,27.161065,81825,23800.0,23316.65,519.0,519.0,511.0,511.0,1050,1744708500
2025-04-15 14:46:00,PE,ATM+10,27.368844,81975,23800.0,23315.85,511.0,512.55,511.0,512.55,1050,1744708560
2025-04-15 14:47:00,PE,ATM+10,27.368844,81975,23800.0,23315.85,512.55,512.55,512.55,512.55,0,1744708620
2025-04-15 14:48:00,PE,ATM+10,27.355242,81975,23800.0,23315.5,512.55,513.0,512.55,512.75,525,1744708680
2025-04-15 14:49:00,PE,ATM+10,27.054135,82050,23800.0,23323.15,512.75,512.75,505.0,505.05,1050,1744708740
2025-04-15 14:50:00,PE,ATM+10,26.355277,82050,23800.0,23321.7,505.05,505.05,503.25,503.25,150,1744708800
2025-04-15 14:51:00,PE,ATM+10,28.999837,7275,23850.0,23325.8,560.15,560.15,552.05,553.2,525,1744708860
2025-04-15 14:52:00,PE,ATM+10,26.257501,81750,23800.0,23323.85,501.0,501.0,500.9,501.0,375,1744708920
2025-04-15 14:53:00,PE,ATM+10,26.189103,81750,23800.0,23322.3,501.0,502.25,501.0,502.0,150,1744708980
2025-04-15 14:54:00,PE,ATM+10,26.650403,81750,23800.0,23319.9,502.0,505.95,501.2,505.95,825,1744709040
2025-04-15 14:55:00,PE,ATM+10,26.880528,81900,23800.0,23319.8,508.1,508.1,507.0,507.0,300,1744709100
2025-04-15 14:56:00,PE,ATM+10,27.154602,81900,23800.0,23317.6,507.0,510.0,506.7,510.0,150,1744709160
2025-04-15 14:57:00,PE,ATM+10,27.801927,81900,23800.0,23314.35,510.0,515.5,510.0,515.5,825,1744709220
2025-04-15 14:58:00,PE,ATM+10,27.769688,81900,23800.0,23314.1,515.5,517.0,515.5,515.55,525,1744709280
2025-04-15 14:59:00,PE,ATM+10,27.298291,81900,23800.0,23312.0,515.55,515.55,515.25,515.25,450,1744709340
2025-04-15 15:00:00,PE,ATM+10,28.052603,81900,23800.0,23312.6,515.25,522.0,515.25,518.0,1950,1744709400
2025-04-15 15:01:00,PE,ATM+10,28.090504,81675,23800.0,23317.85,518.0,518.0,513.8,513.8,975,1744709460
2025-04-15 15:02:00,PE,ATM+10,28.99825,81675,23800.0,23315.25,513.8,522.05,513.8,520.0,825,1744709520
2025-04-15 15:03:00,PE,ATM+10,29.430118,81675,23800.0,23320.65,520.0,520.0,514.7,517.55,450,1744709580
2025-04-15 15:04:00,PE,ATM+10,30.180261,81075,23800.0,23317.0,517.55,524.0,517.55,524.0,450,1744709640
2025-04-15 15:05:00,PE,ATM+10,30.332069,81075,23800.0,23323.25,524.0,524.0,517.75,519.65,375,1744709700
2025-04-15 15:06:00,PE,ATM+10,29.643275,81075,23800.0,23317.8,519.65,520.8,518.4,520.8,1125,1744709760
2025-04-15 15:07:00,PE,ATM+10,29.760032,80100,23800.0,23322.2,520.05,521.35,517.75,517.75,525,1744709820
2025-04-15 15:08:00,PE,ATM+10,30.142072,80100,23800.0,23321.0,517.75,520.5,516.5,520.5,1650,1744709880
2025-04-15 15:09:00,PE,ATM+10,30.332021,80100,23800.0,23320.85,521.0,522.0,520.85,521.5,1425,1744709940
2025-04-15 15:10:00,PE,ATM+10,30.921244,76650,23800.0,23319.35,521.4,525.55,521.4,525.5,3225,1744710000
2025-04-15 15:11:00,PE,ATM+10,31.120815,76650,23800.0,23318.65,525.5,527.0,523.3,527.0,3150,1744710060
2025-04-15 15:12:00,PE,ATM+10,30.711392,76650,23800.0,23319.6,527.0,527.0,524.25,524.25,1275,1744710120
2025-04-15 15:13:00,PE,ATM+10,31.125337,70125,23800.0,23317.5,526.55,529.5,524.3,527.9,4125,1744710180
2025-04-15 15:14:00,PE,ATM+10,31.019411,70125,23800.0,23321.2,527.9,530.0,524.4,524.4,1200,1744710240
2025-04-15 15:15:00,PE,ATM+10,29.355269,70125,23800.0,23322.45,525.95,525.95,515.4,515.5,3750,1744710300
2025-04-15 15:16:00,PE,ATM+10,30.952781,6975,23850.0,23330.35,565.15,565.15,557.5,557.5,75,1744710360
2025-04-15 15:17:00,PE,ATM+10,30.218615,6975,23850.0,23327.1,557.5,557.5,556.9,556.9,150,1744710420
2025-04-15 15:18:00,PE,ATM+10,31.056318,6975,23850.0,23331.6,556.9,556.9,556.9,556.9,150,1744710480
2025-04-15 15:19:00,PE,ATM+10,31.056318,6975,23850.0,23331.6,556.9,556.9,556.9,556.9,0,1744710540
2025-04-15 15:20:00,PE,ATM+10,31.056318,6975,23850.0,23331.6,556.9,556.9,556.9,556.9,0,1744710600
2025-04-15 15:21:00,PE,ATM+10,31.077509,6825,23850.0,23337.5,556.9,556.9,552.1,552.1,525,1744710660
2025-04-15 15:22:00,PE,ATM+10,29.284682,6900,23850.0,23337.85,552.1,552.1,543.8,543.8,150,1744710720
2025-04-15 15:23:00,PE,ATM+10,29.107782,6900,23850.0,23338.65,543.8,543.8,542.35,542.35,75,1744710780
2025-04-15 15:24:00,PE,ATM+10,29.107782,6900,23850.0,23338.65,542.35,542.35,542.35,542.35,0,1744710840
2025-04-15 15:25:00,PE,ATM+10,30.017348,6975,23850.0,23351.1,542.35,542.35,536.05,536.05,225,1744710900
2025-04-15 15:26:00,PE,ATM+10,30.467526,6975,23850.0,23354.15,536.05,536.05,535.6,535.6,225,1744710960
2025-04-15 15:27:00,PE,ATM+10,30.222789,6975,23850.0,23351.4,535.6,536.7,535.6,536.7,900,1744711020
2025-04-15 15:28:00,PE,ATM+10,28.669551,6900,23850.0,23352.6,536.7,536.7,528.75,528.75,600,1744711080
2025-04-15 15:29:00,PE,ATM+10,27.453192,6900,23850.0,23344.1,528.75,530.7,528.75,530.7,150,1744711140
2025-04-16 09:15:00,PE,ATM+10,36.417596,60825,23800.0,23292.35,544.15,547.15,521.55,542.1,9300,1744775100
2025-04-16 09:16:00,PE,ATM+10,37.337638,60825,23800.0,23293.75,542.0,545.0,532.2,544.05,3975,1744775160
2025-04-16 09:17:00,PE,ATM+10,35.956886,60825,23800.0,23291.75,544.05,544.05,532.0,541.0,1650,1744775220
2025-04-16 09:18:00,PE,ATM+10,34.781169,61275,23800.0,23282.85,541.0,544.85,537.05,544.7,2400,1744775280
2025-04-16 09:19:00,PE,ATM+10,34.15158,61275,23800.0,23284.85,544.7,544.7,535.0,541.0,1725,1744775340
2025-04-16 09:20:00,PE,ATM+10,33.34109,61275,23800.0,23291.65,544.4,544.4,530.8,532.65,3225,1744775400
2025-04-16 09:21:00,PE,ATM+10,34.845801,59700,23800.0,23299.2,532.65,535.95,529.75,530.95,1875,1744775460
2025-04-16 09:22:00,PE,ATM+10,33.294476,59700,23800.0,23300.35,530.95,532.0,525.0,525.0,2475,1744775520
2025-04-16 09:23:00,PE,ATM+10,34.17217,59700,23800.0,23307.9,525.0,530.0,517.0,521.35,1425,1744775580
2025-04-16 09:24:00,PE,ATM+10,33.537157,59925,23800.0,23307.05,519.4,522.0,516.85,520.0,1275,1744775640
2025-04-16 09:25:00,PE,ATM+10,34.502045,59925,23800.0,23308.7,520.0,525.2,519.05,521.7,525,1744775700
2025-04-16 09:26:00,PE,ATM+10,32.87886,59925,23800.0,23306.85,521.7,525.65,518.05,518.05,600,1744775760
2025-04-16 09:27:00,PE,ATM+10,33.221579,59400,23800.0,23317.55,518.05,519.55,509.45,510.0,2175,1744775820
2025-04-16 09:28:00,PE,ATM+10,33.221579,59400,23800.0,23317.55,510.0,510.0,510.0,510.0,0,1744775880
2025-04-16 09:29:00,PE,ATM+10,33.221579,59400,23800.0,23317.55,510.0,510.0,510.0,510.0,0,1744775940
2025-04-16 09:30:00,PE,ATM+10,33.221579,59400,23800.0,23317.55,510.0,510.0,510.0,510.0,0,1744776000
2025-04-16 09:31:00,PE,ATM+10,36.04559,6450,23850.0,23332.4,560.25,560.25,549.0,549.0,75,1744776060
2025-04-16 09:32:00,PE,ATM+10,36.04559,6450,23850.0,23332.4,549.0,549.0,549.0,549.0,0,1744776120
2025-04-16 09:33:00,PE,ATM+10,36.04559,6450,23850.0,23332.4,549.0,549.0,549.0,549.0,0,1744776180
2025-04-16 09:34:00,PE,ATM+10,35.005035,6450,23850.0,23336.55,549.0,549.0,542.05,542.05,75,1744776240
2025-04-16 09:35:00,PE,ATM+10,35.005035,6450,23850.0,23336.55,542.05,542.05,542.05,542.05,0,1744776300
2025-04-16 09:36:00,PE,ATM+10,36.085445,6375,23850.0,23336.65,542.05,545.4,542.05,545.4,150,1744776360
2025-04-16 09:37:00,PE,ATM+10,36.085445,6375,23850.0,23336.65,545.4,545.4,545.4,545.4,0,1744776420
2025-04-16 09:38:00,PE,ATM+10,34.773692,6375,23850.0,23354.2,545.4,545.4,526.25,526.25,75,1744776480
2025-04-16 09:39:00,PE,ATM+10,34.773692,6375,23850.0,23354.2,526.25,526.25,526.25,526.25,0,1744776540
2025-04-16 09:40:00,PE,ATM+10,34.773692,6375,23850.0,23354.2,526.25,526.25,526.25,526.25,0,1744776600
2025-04-16 09:41:00,PE,ATM+10,34.773692,6375,23850.0,23354.2,526.25,526.25,526.25,526.25,0,1744776660
2025-04-16 09:42:00,PE,ATM+10,35.208816,6525,23850.0,23357.2,526.25,526.25,525.05,525.05,225,1744776720
2025-04-16 09:43:00,PE,ATM+10,29.011518,6675,23850.0,23356.8,525.05,525.05,506.8,506.8,900,1744776780
2025-04-16 09:44:00,PE,ATM+10,29.011518,6675,23850.0,23356.8,506.8,506.8,506.8,506.8,0,1744776840
2025-04-16 09:45:00,PE,ATM+10,32.069596,6675,23850.0,23361.35,506.8,511.45,506.8,511.45,75,1744776900
2025-04-16 09:46:00,PE,ATM+10,30.764458,7200,23850.0,23359.25,511.45,511.45,509.4,509.4,75,1744776960
2025-04-16 09:47:00,PE,ATM+10,28.622824,7200,23850.0,23354.3,509.4,509.4,507.95,507.95,75,1744777020
2025-04-16 09:48:00,PE,ATM+10,31.198441,7200,23850.0,23348.35,507.95,520.1,507.95,520.1,300,1744777080
2025-04-16 09:49:00,PE,ATM+10,31.198441,7200,23850.0,23348.35,520.1,520.1,520.1,520.1,0,1744777140
2025-04-16 09:50:00,PE,ATM+10,31.198441,7200,23850.0,23348.35,520.1,520.1,520.1,520.1,0,1744777200
2025-04-16 09:51:00,PE,ATM+10,31.198441,7200,23850.0,23348.35,520.1,520.1,520.1,520.1,0,1744777260
2025-04-16 09:52:00,PE,ATM+10,31.198441,7200,23850.0,23348.35,520.1,520.1,520.1,520.1,0,1744777320
2025-04-16 09:53:00,PE,ATM+10,32.673742,7125,23850.0,23355.7,520.1,520.1,515.65,517.95,450,1744777380
2025-04-16 09:54:00,PE,ATM+10,32.673742,7125,23850.0,23355.7,517.95,517.95,517.95,517.95,0,1744777440
2025-04-16 09:55:00,PE,ATM+10,32.673742,7125,23850.0,23355.7,517.95,517.95,517.95,517.95,0,1744777500
2025-04-16 09:56:00,PE,ATM+10,32.673742,7125,23850.0,23355.7,517.95,517.95,517.95,517.95,0,1744777560
2025-04-16 09:57:00,PE,ATM+10,32.673742,7125,23850.0,23355.7,517.95,517.95,517.95,517.95,0,1744777620
2025-04-16 09:58:00,PE,ATM+10,31.760587,7575,23850.0,23363.0,517.95,517.95,508.8,508.8,225,1744777680
2025-04-16 09:59:00,PE,ATM+10,31.760587,7575,23850.0,23363.0,508.8,508.8,508.8,508.8,0,1744777740
2025-04-16 10:00:00,PE,ATM+10,31.760587,7575,23850.0,23363.0,508.8,508.8,508.8,508.8,0,1744777800
2025-04-16 10:01:00,PE,ATM+10,35.460403,7800,23850.0,23360.7,508.8,522.4,508.8,522.4,150,1744777860
2025-04-16 10:02:00,PE,ATM+10,33.017336,7800,23850.0,23365.8,522.4,522.4,510.15,510.15,1125,1744777920
2025-04-16 10:03:00,PE,ATM+10,33.017336,7800,23850.0,23365.8,510.15,510.15,510.15,510.15,0,1744777980
2025-04-16 10:04:00,PE,ATM+10,33.017336,7800,23850.0,23365.8,510.15,510.15,510.15,510.15,0,1744778040
2025-04-16 10:05:00,PE,ATM+10,33.017336,7800,23850.0,23365.8,510.15,510.15,510.15,510.15,0,1744778100
2025-04-16 10:06:00,PE,ATM+10,33.017336,7800,23850.0,23365.8,510.15,510.15,510.15,510.15,0,1744778160
2025-04-16 10:07:00,PE,ATM+10,35.192439,7725,23850.0,23359.25,510.15,522.55,510.15,522.55,75,1744778220
2025-04-16 10:08:00,PE,ATM+10,35.192439,7725,23850.0,23359.25,522.55,522.55,522.55,522.55,0,1744778280
2025-04-16 10:09:00,PE,ATM+10,35.657028,7725,23850.0,23356.6,522.55,527.6,522.55,526.25,150,1744778340
2025-04-16 10:10:00,PE,ATM+10,35.657028,7725,23850.0,23356.6,526.25,526.25,526.25,526.25,0,1744778400
2025-04-16 10:11:00,PE,ATM+10,35.322832,7725,23850.0,23355.1,526.25,526.35,526.25,526.35,75,1744778460
2025-04-16 10:12:00,PE,ATM+10,35.322832,7725,23850.0,23355.1,526.35,526.35,526.35,526.35,0,1744778520
2025-04-16 10:13:00,PE,ATM+10,35.322832,7725,23850.0,23355.1,526.35,526.35,526.35,526.35,0,1744778580
2025-04-16 10:14:00,PE,ATM+10,34.698128,7650,23850.0,23355.8,526.35,526.35,523.65,523.65,75,1744778640
2025-04-16 10:15:00,PE,ATM+10,34.121706,7575,23850.0,23343.3,523.65,532.45,523.65,532.45,150,1744778700
2025-04-16 10:16:00,PE,ATM+10,36.273228,7575,23850.0,23344.65,532.45,538.1,532.45,538.1,75,1744778760
2025-04-16 10:17:00,PE,ATM+10,34.638603,67725,23800.0,23323.5,491.7,508.35,488.2,508.25,7125,1744778820
2025-04-16 10:18:00,PE,ATM+10,35.347624,66825,23800.0,23324.75,508.25,510.0,502.25,509.55,4050,1744778880
2025-04-16 10:19:00,PE,ATM+10,36.219158,66825,23800.0,23313.05,509.55,523.3,509.55,522.2,5100,1744778940
2025-04-16 10:20:00,PE,ATM+10,36.270534,66825,23800.0,23312.5,518.45,525.0,517.0,522.8,1950,1744779000
2025-04-16 10:21:00,PE,ATM+10,35.888399,64200,23800.0,23300.25,520.6,531.75,519.05,531.75,5400,1744779060
2025-04-16 10:22:00,PE,ATM+10,34.876738,64200,23800.0,23299.75,531.75,533.0,524.3,528.9,2025,1744779120
2025-04-16 10:23:00,PE,ATM+10,34.549491,64200,23800.0,23295.05,531.1,537.0,529.65,531.85,3000,1744779180
2025-04-16 10:24:00,PE,ATM+10,34.470841,64425,23800.0,23291.05,531.15,535.0,528.45,535.0,1725,1744779240
2025-04-16 10:25:00,PE,ATM+10,34.854281,64425,23800.0,23294.1,536.75,537.2,531.35,533.55,3525,1744779300
2025-04-16 10:26:00,PE,ATM+10,33.963336,64425,23800.0,23302.8,533.55,533.55,523.35,523.35,2625,1744779360
2025-04-16 10:27:00,PE,ATM+10,34.472716,64425,23800.0,23306.75,523.35,523.35,517.05,521.55,1200,1744779420
2025-04-16 10:28:00,PE,ATM+10,34.13967,64050,23800.0,23307.9,521.55,521.55,519.5,519.5,150,1744779480
2025-04-16 10:29:00,PE,ATM+10,32.606612,64050,23800.0,23302.8,519.5,522.8,518.0,519.2,675,1744779540
2025-04-16 10:30:00,PE,ATM+10,33.898848,64050,23800.0,23300.4,519.9,525.1,519.9,525.1,1800,1744779600
2025-04-16 10:31:00,PE,ATM+10,34.389808,62850,23800.0,23291.95,525.1,533.8,525.1,533.8,600,1744779660
2025-04-16 10:32:00,PE,ATM+10,35.447388,62850,23800.0,23311.6,531.0,531.0,520.45,520.45,3375,1744779720
2025-04-16 10:33:00,PE,ATM+10,35.819057,63375,23800.0,23306.4,520.45,526.0,520.45,526.0,300,1744779780
2025-04-16 10:34:00,PE,ATM+10,36.636413,63375,23800.0,23286.1,526.0,555.1,526.0,545.7,3825,1744779840
2025-04-16 10:35:00,PE,ATM+10,37.0881,63375,23800.0,23295.85,545.7,548.95,537.4,538.95,3450,1744779900
2025-04-16 10:36:00,PE,ATM+10,37.996939,63000,23800.0,23295.8,538.95,543.65,538.95,542.0,750,1744779960
2025-04-16 10:37:00,PE,ATM+10,37.424252,63000,23800.0,23292.2,542.0,543.55,541.15,543.05,600,1744780020
2025-04-16 10:38:00,PE,ATM+10,40.01029,63000,23800.0,23290.0,543.05,553.65,543.05,553.65,1650,1744780080
2025-04-16 10:39:00,PE,ATM+10,39.430525,62850,23800.0,23295.1,551.25,551.25,544.95,547.4,750,1744780140
2025-04-16 10:40:00,PE,ATM+10,38.59863,62850,23800.0,23298.6,547.4,547.4,538.45,541.6,975,1744780200
2025-04-16 10:41:00,PE,ATM+10,39.669684,62850,23800.0,23300.55,541.6,543.7,541.6,543.7,75,1744780260
2025-04-16 10:42:00,PE,ATM+10,38.754685,62850,23800.0,23301.05,543.7,543.7,538.0,540.05,375,1744780320
2025-04-16 10:43:00,PE,ATM+10,38.10552,62475,23800.0,23299.7,540.05,540.05,537.95,538.9,2550,1744780380
2025-04-16 10:44:00,PE,ATM+10,37.676829,62475,23800.0,23300.2,538.9,538.9,532.8,537.0,450,1744780440
2025-04-16 10:45:00,PE,ATM+10,36.995324,61950,23800.0,23308.05,537.0,537.0,528.15,528.15,450,1744780500
2025-04-16 10:46:00,PE,ATM+10,37.989867,61950,23800.0,23312.3,528.15,531.45,528.0,528.0,300,1744780560
2025-04-16 10:47:00,PE,ATM+10,37.2642,61950,23800.0,23308.1,528.0,530.85,528.0,528.95,1275,1744780620
2025-04-16 10:48:00,PE,ATM+10,37.017556,61950,23800.0,23310.25,528.95,530.75,526.3,526.3,1350,1744780680
2025-04-16 10:49:00,PE,ATM+10,37.977153,61950,23800.0,23307.45,526.3,531.85,526.3,531.85,825,1744780740
2025-04-16 10:50:00,PE,ATM+10,38.055527,61950,23800.0,23307.25,531.85,533.75,529.35,532.25,600,1744780800
2025-04-16 10:51:00,PE,ATM+10,38.398734,62100,23800.0,23310.35,532.25,532.25,523.05,530.85,1125,1744780860
2025-04-16 10:52:00,PE,ATM+10,36.889822,62100,23800.0,23310.6,530.85,530.85,525.45,525.45,525,1744780920
2025-04-16 10:53:00,PE,ATM+10,38.089236,62100,23800.0,23297.9,525.45,540.0,525.45,540.0,1350,1744780980
2025-04-16 10:54:00,PE,ATM+10,38.053442,62100,23800.0,23299.1,540.0,540.0,538.85,538.85,600,1744781040
2025-04-16 10:55:00,PE,ATM+10,38.668874,61800,23800.0,23303.9,538.85,544.0,536.95,536.95,1125,1744781100
2025-04-16 10:56:00,PE,ATM+10,37.676217,61800,23800.0,23298.7,536.95,537.85,528.0,537.85,1050,1744781160
2025-04-16 10:57:00,PE,ATM+10,39.33235,60675,23800.0,23299.25,544.2,544.2,538.65,543.0,600,1744781220
2025-04-16 10:58:00,PE,ATM+10,38.727663,60675,23800.0,23288.9,543.0,552.05,537.35,549.45,2250,1744781280
2025-04-16 10:59:00,PE,ATM+10,39.186957,60675,23800.0,23287.65,549.45,552.0,546.6,552.0,1275,1744781340
2025-04-16 11:00:00,PE,ATM+10,36.050226,103950,23750.0,23274.9,506.35,510.25,506.35,510.25,75,1744781400
2025-04-16 11:01:00,PE,ATM+10,40.474238,60450,23800.0,23281.5,556.8,561.4,554.8,561.4,3750,1744781460
2025-04-16 11:02:00,PE,ATM+10,39.681251,60450,23800.0,23281.15,561.4,562.4,556.95,558.95,1050,1744781520
2025-04-16 11:03:00,PE,ATM+10,40.736779,56700,23800.0,23280.2,558.95,567.0,558.95,563.3,2775,1744781580
2025-04-16 11:04:00,PE,ATM+10,39.650157,56700,23800.0,23284.5,563.3,563.3,553.75,556.0,675,1744781640
2025-04-16 11:05:00,PE,ATM+10,37.668044,56700,23800.0,23281.0,552.45,555.55,552.35,552.35,2400,1744781700
2025-04-16 11:06:00,PE,ATM+10,38.259254,56250,23800.0,23286.05,552.35,552.35,550.0,550.0,225,1744781760
2025-04-16 11:07:00,PE,ATM+10,36.103973,56250,23800.0,23292.35,550.0,550.0,535.5,537.75,1500,1744781820
2025-04-16 11:08:00,PE,ATM+10,34.216682,56250,23800.0,23306.1,537.75,537.75,520.2,520.2,1200,1744781880
2025-04-16 11:09:00,PE,ATM+10,34.183563,55800,23800.0,23307.65,522.0,525.0,508.85,518.75,4725,1744781940
2025-04-16 11:10:00,PE,ATM+10,33.474821,55800,23800.0,23309.5,518.75,519.8,510.2,515.0,1875,1744782000
2025-04-16 11:11:00,PE,ATM+10,33.31827,55800,23800.0,23313.65,515.0,516.0,509.0,510.95,3375,1744782060
2025-04-16 11:12:00,PE,ATM+10,32.726173,57375,23800.0,23313.9,511.65,512.45,505.05,508.95,2850,1744782120
2025-04-16 11:13:00,PE,ATM+10,32.171608,57375,23800.0,23312.7,509.2,509.65,505.0,508.35,2100,1744782180
2025-04-16 11:14:00,PE,ATM+10,31.116384,57375,23800.0,23318.85,508.35,511.3,500.0,500.0,2100,1744782240
2025-04-16 11:15:00,PE,ATM+10,30.115556,57975,23800.0,23323.4,501.05,505.9,493.25,493.25,2325,1744782300
2025-04-16 11:16:00,PE,ATM+10,35.53693,7575,23850.0,23326.15,548.0,549.8,548.0,549.8,225,1744782360
2025-04-16 11:17:00,PE,ATM+10,33.956391,7575,23850.0,23326.8,549.8,549.8,544.65,544.65,225,1744782420
2025-04-16 11:18:00,PE,ATM+10,33.956391,7575,23850.0,23326.8,544.65,544.65,544.65,544.65,0,1744782480
2025-04-16 11:19:00,PE,ATM+10,35.423362,7500,23850.0,23335.05,544.65,544.65,541.75,541.75,75,1744782540
2025-04-16 11:20:00,PE,ATM+10,35.234822,7500,23850.0,23333.6,541.75,542.4,541.75,542.4,75,1744782600
2025-04-16 11:21:00,PE,ATM+10,34.727078,7500,23850.0,23329.8,542.4,544.15,542.4,544.15,375,1744782660
2025-04-16 11:22:00,PE,ATM+10,34.727078,7500,23850.0,23329.8,544.15,544.15,544.15,544.15,0,1744782720
2025-04-16 11:23:00,PE,ATM+10,34.727078,7500,23850.0,23329.8,544.15,544.15,544.15,544.15,0,1744782780
2025-04-16 11:24:00,PE,ATM+10,35.87731,7425,23850.0,23333.8,544.15,544.15,544.05,544.05,225,1744782840
2025-04-16 11:25:00,PE,ATM+10,35.87731,7425,23850.0,23333.8,544.05,544.05,544.05,544.05,0,1744782900
2025-04-16 11:26:00,PE,ATM+10,35.87731,7425,23850.0,23333.8,544.05,544.05,544.05,544.05,0,1744782960
2025-04-16 11:27:00,PE,ATM+10,35.87731,7425,23850.0,23333.8,544.05,544.05,544.05,544.05,0,1744783020
2025-04-16 11:28:00,PE,ATM+10,35.87731,7425,23850.0,23333.8,544.05,544.05,544.05,544.05,0,1744783080
2025-04-16 11:29:00,PE,ATM+10,35.036872,57975,23800.0,23323.55,494.1,507.7,494.1,507.4,2475,1744783140
2025-04-16 11:30:00,PE,ATM+10,35.036872,57975,23800.0,23323.55,507.4,507.4,507.4,507.4,0,1744783200
2025-04-16 11:31:00,PE,ATM+10,36.456281,7500,23850.0,23328.65,544.05,550.0,544.05,550.0,225,1744783260
2025-04-16 11:32:00,PE,ATM+10,36.456281,7500,23850.0,23328.65,550.0,550.0,550.0,550.0,0,1744783320
2025-04-16 11:33:00,PE,ATM+10,34.611235,56550,23800.0,23324.65,501.05,505.0,501.05,505.0,900,1744783380
2025-04-16 11:34:00,PE,ATM+10,37.694589,7500,23850.0,23326.45,552.45,555.6,552.45,555.6,225,1744783440
2025-04-16 11:35:00,PE,ATM+10,35.006252,56550,23800.0,23324.65,503.55,509.95,501.85,506.2,1125,1744783500
2025-04-16 11:36:00,PE,ATM+10,35.006252,56550,23800.0,23324.65,506.2,506.2,506.2,506.2,0,1744783560
2025-04-16 11:37:00,PE,ATM+10,38.595831,7500,23850.0,23333.5,552.45,552.45,552.45,552.45,75,1744783620
2025-04-16 11:38:00,PE,ATM+10,37.276798,56250,23800.0,23322.95,501.0,515.0,501.0,515.0,1950,1744783680
2025-04-16 11:39:00,PE,ATM+10,35.701202,56250,23800.0,23321.45,515.0,515.0,511.0,511.0,375,1744783740
2025-04-16 11:40:00,PE,ATM+10,35.583392,54750,23800.0,23320.9,511.0,517.95,511.0,511.05,2025,1744783800
2025-04-16 11:41:00,PE,ATM+10,36.991186,54750,23800.0,23318.05,511.05,518.0,511.05,518.0,225,1744783860
2025-04-16 11:42:00,PE,ATM+10,39.359514,7425,23850.0,23325.8,563.95,568.3,561.2,561.2,150,1744783920
2025-04-16 11:43:00,PE,ATM+10,37.682396,7500,23850.0,23331.1,561.2,561.2,551.35,551.35,150,1744783980
2025-04-16 11:44:00,PE,ATM+10,37.977083,7500,23850.0,23333.95,551.35,551.35,549.85,549.85,75,1744784040
2025-04-16 11:45:00,PE,ATM+10,37.977083,7500,23850.0,23333.95,549.85,549.85,549.85,549.85,0,1744784100
2025-04-16 11:46:00,PE,ATM+10,37.083434,7425,23850.0,23338.0,549.85,549.85,543.55,543.55,300,1744784160
2025-04-16 11:47:00,PE,ATM+10,37.083434,7425,23850.0,23338.0,543.55,543.55,543.55,543.55,0,1744784220
2025-04-16 11:48:00,PE,ATM+10,37.147111,7425,23850.0,23334.85,543.55,546.35,543.55,546.35,225,1744784280
2025-04-16 11:49:00,PE,ATM+10,37.147111,7425,23850.0,23334.85,546.35,546.35,546.35,546.35,0,1744784340
2025-04-16 11:50:00,PE,ATM+10,37.147111,7425,23850.0,23334.85,546.35,546.35,546.35,546.35,0,1744784400
2025-04-16 11:51:00,PE,ATM+10,37.147111,7425,23850.0,23334.85,546.35,546.35,546.35,546.35,0,1744784460
2025-04-16 11:52:00,PE,ATM+10,37.147111,7425,23850.0,23334.85,546.35,546.35,546.35,546.35,0,1744784520
2025-04-16 11:53:00,PE,ATM+10,37.147111,7425,23850.0,23334.85,546.35,546.35,546.35,546.35,0,1744784580
2025-04-16 11:54:00,PE,ATM+10,39.856213,7275,23850.0,23332.35,546.35,556.95,546.35,556.95,75,1744784640
2025-04-16 11:55:00,PE,ATM+10,39.856213,7275,23850.0,23332.35,556.95,556.95,556.95,556.95,0,1744784700
2025-04-16 11:56:00,PE,ATM+10,39.856213,7275,23850.0,23332.35,556.95,556.95,556.95,556.95,0,1744784760
2025-04-16 11:57:00,PE,ATM+10,39.856213,7275,23850.0,23332.35,556.95,556.95,556.95,556.95,0,1744784820
2025-04-16 11:58:00,PE,ATM+10,38.324795,7275,23850.0,23336.75,549.1,549.1,548.15,548.15,150,1744784880
2025-04-16 11:59:00,PE,ATM+10,38.324795,7275,23850.0,23336.75,548.15,548.15,548.15,548.15,0,1744784940
2025-04-16 12:00:00,PE,ATM+10,38.324795,7275,23850.0,23336.75,548.15,548.15,548.15,548.15,0,1744785000
2025-04-16 12:01:00,PE,ATM+10,38.324795,7275,23850.0,23336.75,548.15,548.15,548.15,548.15,0,1744785060
2025-04-16 12:02:00,PE,ATM+10,38.324795,7275,23850.0,23336.75,548.15,548.15,548.15,548.15,0,1744785120
2025-04-16 12:03:00,PE,ATM+10,38.324795,7275,23850.0,23336.75,548.15,548.15,548.15,548.15,0,1744785180
2025-04-16 12:04:00,PE,ATM+10,38.576199,7275,23850.0,23343.4,548.15,548.15,543.2,543.2,75,1744785240
2025-04-16 12:05:00,PE,ATM+10,38.576199,7275,23850.0,23343.4,543.2,543.2,543.2,543.2,0,1744785300
2025-04-16 12:06:00,PE,ATM+10,38.576199,7275,23850.0,23343.4,543.2,543.2,543.2,543.2,0,1744785360
2025-04-16 12:07:00,PE,ATM+10,38.576199,7275,23850.0,23343.4,543.2,543.2,543.2,543.2,0,1744785420
2025-04-16 12:08:00,PE,ATM+10,38.576199,7275,23850.0,23343.4,543.2,543.2,543.2,543.2,0,1744785480
2025-04-16 12:09:00,PE,ATM+10,38.576199,7275,23850.0,23343.4,543.2,543.2,543.2,543.2,0,1744785540
2025-04-16 12:10:00,PE,ATM+10,38.576199,7275,23850.0,23343.4,543.2,543.2,543.2,543.2,0,1744785600
2025-04-16 12:11:00,PE,ATM+10,38.576199,7275,23850.0,23343.4,543.2,543.2,543.2,543.2,0,1744785660
2025-04-16 12:12:00,PE,ATM+10,40.40926,7275,23850.0,23347.05,543.2,546.0,543.2,546.0,300,1744785720
2025-04-16 12:13:00,PE,ATM+10,40.40926,7275,23850.0,23347.05,546.0,546.0,546.0,546.0,0,1744785780
2025-04-16 12:14:00,PE,ATM+10,40.40926,7275,23850.0,23347.05,546.0,546.0,546.0,546.0,0,1744785840
2025-04-16 12:15:00,PE,ATM+10,40.40926,7275,23850.0,23347.05,546.0,546.0,546.0,546.0,0,1744785900
2025-04-16 12:16:00,PE,ATM+10,40.40926,7275,23850.0,23347.05,546.0,546.0,546.0,546.0,0,1744785960
2025-04-16 12:17:00,PE,ATM+10,40.40926,7275,23850.0,23347.05,546.0,546.0,546.0,546.0,0,1744786020
2025-04-16 12:18:00,PE,ATM+10,40.40926,7275,23850.0,23347.05,546.0,546.0,546.0,546.0,0,1744786080
2025-04-16 12:19:00,PE,ATM+10,40.40926,7275,23850.0,23347.05,546.0,546.0,546.0,546.0,0,1744786140
2025-04-16 12:20:00,PE,ATM+10,40.40926,7275,23850.0,23347.05,546.0,546.0,546.0,546.0,0,1744786200
2025-04-16 12:21:00,PE,ATM+10,40.40926,7275,23850.0,23347.05,546.0,546.0,546.0,546.0,0,1744786260
2025-04-16 12:22:00,PE,ATM+10,40.40926,7275,23850.0,23347.05,546.0,546.0,546.0,546.0,0,1744786320
2025-04-16 12:23:00,PE,ATM+10,40.40926,7275,23850.0,23347.05,546.0,546.0,546.0,546.0,0,1744786380
2025-04-16 12:24:00,PE,ATM+10,40.40926,7275,23850.0,23347.05,546.0,546.0,546.0,546.0,0,1744786440
2025-04-16 12:25:00,PE,ATM+10,40.40926,7275,23850.0,23347.05,546.0,546.0,546.0,546.0,0,1744786500
2025-04-16 12:26:00,PE,ATM+10,39.632727,7575,23850.0,23351.0,546.0,546.0,539.6,539.6,225,1744786560
2025-04-16 12:27:00,PE,ATM+10,39.632727,7575,23850.0,23351.0,539.6,539.6,539.6,539.6,0,1744786620
2025-04-16 12:28:00,PE,ATM+10,38.289829,7725,23850.0,23351.25,539.6,539.6,533.45,534.9,300,1744786680
2025-04-16 12:29:00,PE,ATM+10,38.289829,7725,23850.0,23351.25,534.9,534.9,534.9,534.9,0,1744786740
2025-04-16 12:30:00,PE,ATM+10,38.289829,7725,23850.0,23351.25,534.9,534.9,534.9,534.9,0,1744786800
2025-04-16 12:31:00,PE,ATM+10,38.289829,7725,23850.0,23351.25,534.9,534.9,534.9,534.9,0,1744786860
2025-04-16 12:32:00,PE,ATM+10,39.941364,7500,23850.0,23344.65,534.9,545.65,534.9,545.65,75,1744786920
2025-04-16 12:33:00,PE,ATM+10,39.941364,7500,23850.0,23344.65,545.65,545.65,545.65,545.65,0,1744786980
2025-04-16 12:34:00,PE,ATM+10,39.941364,7500,23850.0,23344.65,545.65,545.65,545.65,545.65,0,1744787040
2025-04-16 12:35:00,PE,ATM+10,38.431984,7500,23850.0,23356.2,545.65,545.65,531.0,531.0,75,1744787100
2025-04-16 12:36:00,PE,ATM+10,38.431984,7500,23850.0,23356.2,531.0,531.0,531.0,531.0,0,1744787160
2025-04-16 12:37:00,PE,ATM+10,38.431984,7500,23850.0,23356.2,531.0,531.0,531.0,531.0,0,1744787220
2025-04-16 12:38:00,PE,ATM+10,38.431984,7500,23850.0,23356.2,531.0,531.0,531.0,531.0,0,1744787280
2025-04-16 12:39:00,PE,ATM+10,39.317377,7425,23850.0,23353.75,531.0,535.8,531.0,535.8,75,1744787340
2025-04-16 12:40:00,PE,ATM+10,38.908709,7500,23850.0,23357.15,535.8,535.8,531.6,531.6,225,1744787400
2025-04-16 12:41:00,PE,ATM+10,38.782609,7500,23850.0,23357.45,531.6,531.6,530.9,530.9,300,1744787460
2025-04-16 12:42:00,PE,ATM+10,38.782609,7500,23850.0,23357.45,530.9,530.9,530.9,530.9,0,1744787520
2025-04-16 12:43:00,PE,ATM+10,38.782609,7500,23850.0,23357.45,530.9,530.9,530.9,530.9,0,1744787580
2025-04-16 12:44:00,PE,ATM+10,38.009098,7725,23850.0,23357.3,530.9,530.9,524.95,528.4,225,1744787640
2025-04-16 12:45:00,PE,ATM+10,38.009098,7725,23850.0,23357.3,528.4,528.4,528.4,528.4,0,1744787700
2025-04-16 12:46:00,PE,ATM+10,38.009098,7725,23850.0,23357.3,528.4,528.4,528.4,528.4,0,1744787760
2025-04-16 12:47:00,PE,ATM+10,38.009098,7725,23850.0,23357.3,528.4,528.4,528.4,528.4,0,1744787820
2025-04-16 12:48:00,PE,ATM+10,38.841746,7800,23850.0,23352.5,528.4,534.95,528.4,534.95,225,1744787880
2025-04-16 12:49:00,PE,ATM+10,37.50221,7950,23850.0,23350.4,534.95,534.95,532.4,532.4,525,1744787940
2025-04-16 12:50:00,PE,ATM+10,38.224882,7950,23850.0,23349.2,532.4,535.65,532.4,535.65,225,1744788000
2025-04-16 12:51:00,PE,ATM+10,38.224882,7950,23850.0,23349.2,535.65,535.65,535.65,535.65,0,1744788060
2025-04-16 12:52:00,PE,ATM+10,38.224882,7950,23850.0,23349.2,535.65,535.65,535.65,535.65,0,1744788120
2025-04-16 12:53:00,PE,ATM+10,38.224882,7950,23850.0,23349.2,535.65,535.65,535.65,535.65,0,1744788180
2025-04-16 12:54:00,PE,ATM+10,38.224882,7950,23850.0,23349.2,535.65,535.65,535.65,535.65,0,1744788240
2025-04-16 12:55:00,PE,ATM+10,38.224882,7950,23850.0,23349.2,535.65,535.65,535.65,535.65,0,1744788300
2025-04-16 12:56:00,PE,ATM+10,38.224882,7950,23850.0,23349.2,535.65,535.65,535.65,535.65,0,1744788360
2025-04-16 12:57:00,PE,ATM+10,38.224882,7950,23850.0,23349.2,535.65,535.65,535.65,535.65,0,1744788420
2025-04-16 12:58:00,PE,ATM+10,38.224882,7950,23850.0,23349.2,535.65,535.65,535.65,535.65,0,1744788480
2025-04-16 12:59:00,PE,ATM+10,38.224882,7950,23850.0,23349.2,535.65,535.65,535.65,535.65,0,1744788540
2025-04-16 13:00:00,PE,ATM+10,38.224882,7950,23850.0,23349.2,535.65,535.65,535.65,535.65,0,1744788600
2025-04-16 13:01:00,PE,ATM+10,38.224882,7950,23850.0,23349.2,535.65,535.65,535.65,535.65,0,1744788660
2025-04-16 13:02:00,PE,ATM+10,38.224882,7950,23850.0,23349.2,535.65,535.65,535.65,535.65,0,1744788720
2025-04-16 13:03:00,PE,ATM+10,38.224882,7950,23850.0,23349.2,535.65,535.65,535.65,535.65,0,1744788780
2025-04-16 13:04:00,PE,ATM+10,38.224882,7950,23850.0,23349.2,535.65,535.65,535.65,535.65,0,1744788840
2025-04-16 13:05:00,PE,ATM+10,38.224882,7950,23850.0,23349.2,535.65,535.65,535.65,535.65,0,1744788900
2025-04-16 13:06:00,PE,ATM+10,38.224882,7950,23850.0,23349.2,535.65,535.65,535.65,535.65,0,1744788960
2025-04-16 13:07:00,PE,ATM+10,38.224882,7950,23850.0,23349.2,535.65,535.65,535.65,535.65,0,1744789020
2025-04-16 13:08:00,PE,ATM+10,39.519039,7350,23850.0,23338.65,535.65,547.95,535.65,547.95,75,1744789080
2025-04-16 13:09:00,PE,ATM+10,39.519039,7350,23850.0,23338.65,547.95,547.95,547.95,547.95,0,1744789140
2025-04-16 13:10:00,PE,ATM+10,39.519039,7350,23850.0,23338.65,547.95,547.95,547.95,547.95,0,1744789200
2025-04-16 13:11:00,PE,ATM+10,39.519039,7350,23850.0,23338.65,547.95,547.95,547.95,547.95,0,1744789260
2025-04-16 13:12:00,PE,ATM+10,39.519039,7350,23850.0,23338.65,547.95,547.95,547.95,547.95,0,1744789320
2025-04-16 13:13:00,PE,ATM+10,39.519039,7350,23850.0,23338.65,547.95,547.95,547.95,547.95,0,1744789380
2025-04-16 13:14:00,PE,ATM+10,40.785795,7275,23850.0,23357.3,547.95,547.95,536.45,536.45,225,1744789440
2025-04-16 13:15:00,PE,ATM+10,40.785795,7275,23850.0,23357.3,536.45,536.45,536.45,536.45,0,1744789500
2025-04-16 13:16:00,PE,ATM+10,39.456799,7500,23850.0,23345.5,536.45,541.75,536.45,541.75,225,1744789560
2025-04-16 13:17:00,PE,ATM+10,39.715298,7500,23850.0,23337.75,541.75,549.0,541.75,549.0,225,1744789620
2025-04-16 13:18:00,PE,ATM+10,39.715298,7500,23850.0,23337.75,549.0,549.0,549.0,549.0,0,1744789680
2025-04-16 13:19:00,PE,ATM+10,41.571911,7275,23850.0,23330.4,549.0,561.0,549.0,561.0,150,1744789740
2025-04-16 13:20:00,PE,ATM+10,38.775045,51750,23800.0,23322.15,511.55,519.95,508.55,517.05,1500,1744789800
2025-04-16 13:21:00,PE,ATM+10,37.869587,51750,23800.0,23322.65,517.05,519.95,512.65,513.65,1275,1744789860
2025-04-16 13:22:00,PE,ATM+10,38.041918,51675,23800.0,23318.7,513.65,517.45,513.0,517.45,450,1744789920
2025-04-16 13:23:00,PE,ATM+10,37.251722,51675,23800.0,23317.75,517.45,517.45,514.55,515.7,975,1744789980
2025-04-16 13:24:00,PE,ATM+10,37.663748,49725,23800.0,23310.95,515.2,525.0,515.2,522.65,3300,1744790040
2025-04-16 13:25:00,PE,ATM+10,37.728498,49725,23800.0,23306.5,522.65,526.55,522.0,526.55,1200,1744790100
2025-04-16 13:26:00,PE,ATM+10,37.166449,49725,23800.0,23306.25,526.55,528.0,523.85,525.0,1050,1744790160
2025-04-16 13:27:00,PE,ATM+10,36.537711,49725,23800.0,23306.45,525.0,525.0,522.9,522.9,1125,1744790220
2025-04-16 13:28:00,PE,ATM+10,36.89841,48750,23800.0,23296.9,522.9,535.0,522.9,532.05,3225,1744790280
2025-04-16 13:29:00,PE,ATM+10,38.16637,48750,23800.0,23297.3,532.05,536.1,532.05,535.5,825,1744790340
2025-04-16 13:30:00,PE,ATM+10,37.68478,48750,23800.0,23299.55,532.2,532.2,530.1,532.1,450,1744790400
2025-04-16 13:31:00,PE,ATM+10,36.251445,47325,23800.0,23296.45,532.1,533.2,530.45,530.45,1575,1744790460
2025-04-16 13:32:00,PE,ATM+10,36.886972,47325,23800.0,23293.25,530.45,543.95,530.45,535.0,1875,1744790520
2025-04-16 13:33:00,PE,ATM+10,36.083615,47325,23800.0,23293.25,535.0,535.0,532.65,532.65,75,1744790580
2025-04-16 13:34:00,PE,ATM+10,35.695413,46575,23800.0,23288.75,534.0,535.4,534.0,535.4,225,1744790640
2025-04-16 13:35:00,PE,ATM+10,36.593297,46575,23800.0,23294.25,535.4,535.85,530.55,533.2,2400,1744790700
2025-04-16 13:36:00,PE,ATM+10,36.638299,46575,23800.0,23301.35,533.2,533.2,527.25,527.25,450,1744790760
2025-04-16 13:37:00,PE,ATM+10,37.917501,47925,23800.0,23304.75,527.25,530.8,527.25,528.2,225,1744790820
2025-04-16 13:38:00,PE,ATM+10,38.71641,47925,23800.0,23299.55,528.2,535.0,528.2,535.0,525,1744790880
2025-04-16 13:39:00,PE,ATM+10,38.752798,47925,23800.0,23300.3,535.2,535.2,534.45,534.45,675,1744790940
2025-04-16 13:40:00,PE,ATM+10,38.736376,47775,23800.0,23301.75,534.45,534.45,533.15,533.15,225,1744791000
2025-04-16 13:41:00,PE,ATM+10,38.967486,47775,23800.0,23306.35,533.15,533.15,530.0,530.0,375,1744791060
2025-04-16 13:42:00,PE,ATM+10,38.791674,47775,23800.0,23308.1,530.0,530.0,527.95,527.95,225,1744791120
2025-04-16 13:43:00,PE,ATM+10,39.751627,47700,23800.0,23303.25,527.95,535.0,527.95,535.0,750,1744791180
2025-04-16 13:44:00,PE,ATM+10,39.908559,47700,23800.0,23306.65,535.0,535.0,532.65,532.65,75,1744791240
2025-04-16 13:45:00,PE,ATM+10,38.986716,47700,23800.0,23306.25,532.65,532.65,530.0,530.0,75,1744791300
2025-04-16 13:46:00,PE,ATM+10,38.929346,47775,23800.0,23305.75,530.0,531.15,530.0,530.2,1050,1744791360
2025-04-16 13:47:00,PE,ATM+10,38.042489,47775,23800.0,23301.0,530.2,537.6,530.2,531.4,450,1744791420
2025-04-16 13:48:00,PE,ATM+10,38.694486,47775,23800.0,23295.6,531.4,541.5,531.4,537.9,2250,1744791480
2025-04-16 13:49:00,PE,ATM+10,37.502806,48450,23800.0,23300.65,537.9,538.7,530.0,530.0,1950,1744791540
2025-04-16 13:50:00,PE,ATM+10,36.719873,48450,23800.0,23300.3,530.0,530.6,522.65,527.95,1725,1744791600
2025-04-16 13:51:00,PE,ATM+10,39.1612,48450,23800.0,23305.15,527.95,531.25,527.95,531.25,75,1744791660
2025-04-16 13:52:00,PE,ATM+10,36.603511,48900,23800.0,23310.3,531.25,531.25,517.8,519.05,900,1744791720
2025-04-16 13:53:00,PE,ATM+10,36.794303,48900,23800.0,23314.9,519.05,519.05,515.2,515.7,225,1744791780
2025-04-16 13:54:00,PE,ATM+10,36.491396,48900,23800.0,23314.85,515.7,516.0,513.0,514.8,1875,1744791840
2025-04-16 13:55:00,PE,ATM+10,38.119322,6750,23850.0,23327.05,589.0,589.0,551.9,551.9,75,1744791900
2025-04-16 13:56:00,PE,ATM+10,38.119322,6750,23850.0,23327.05,551.9,551.9,551.9,551.9,0,1744791960
2025-04-16 13:57:00,PE,ATM+10,38.119322,6750,23850.0,23327.05,551.9,551.9,551.9,551.9,0,1744792020
2025-04-16 13:58:00,PE,ATM+10,34.408506,9825,23900.0,23382.4,543.5,543.5,537.2,537.2,150,1744792080
2025-04-16 13:59:00,PE,ATM+10,33.773475,9825,23900.0,23380.7,537.2,537.2,527.95,537.05,225,1744792140
2025-04-16 14:00:00,PE,ATM+10,34.13991,9825,23900.0,23412.8,537.05,537.05,510.0,510.0,825,1744792200
2025-04-16 14:01:00,PE,ATM+10,33.33668,9600,23900.0,23414.85,510.0,510.0,506.0,506.0,1425,1744792260
2025-04-16 14:02:00,PE,ATM+10,35.261169,9600,23900.0,23409.25,509.05,516.15,509.05,516.15,450,1744792320
2025-04-16 14:03:00,PE,ATM+10,34.106739,9600,23900.0,23398.7,518.15,522.05,518.15,522.05,375,1744792380
2025-04-16 14:04:00,PE,ATM+10,34.657712,11325,23900.0,23402.75,522.05,522.05,520.0,520.0,75,1744792440
2025-04-16 14:05:00,PE,ATM+10,35.500617,11325,23900.0,23401.2,520.0,523.65,520.0,523.65,75,1744792500
2025-04-16 14:06:00,PE,ATM+10,37.524686,11325,23900.0,23396.0,523.65,533.9,523.65,533.9,1650,1744792560
2025-04-16 14:07:00,PE,ATM+10,35.217364,10500,23900.0,23395.35,533.9,533.9,527.65,527.85,150,1744792620
2025-04-16 14:08:00,PE,ATM+10,35.515804,10500,23900.0,23405.4,527.85,530.1,520.0,520.0,225,1744792680
2025-04-16 14:09:00,PE,ATM+10,35.973672,10500,23900.0,23401.05,520.0,525.0,520.0,525.0,1500,1744792740
2025-04-16 14:10:00,PE,ATM+10,37.632967,11775,23900.0,23408.65,525.0,528.4,523.4,523.4,450,1744792800
2025-04-16 14:11:00,PE,ATM+10,37.137768,11775,23900.0,23419.3,523.4,523.4,512.9,512.9,300,1744792860
2025-04-16 14:12:00,PE,ATM+10,37.137768,11775,23900.0,23419.3,512.9,512.9,512.9,512.9,0,1744792920
2025-04-16 14:13:00,PE,ATM+10,37.137768,11775,23900.0,23419.3,512.9,512.9,512.9,512.9,0,1744792980
2025-04-16 14:14:00,PE,ATM+10,37.137768,11775,23900.0,23419.3,512.9,512.9,512.9,512.9,0,1744793040
2025-04-16 14:15:00,PE,ATM+10,35.570715,11775,23900.0,23422.45,495.55,508.5,495.55,505.4,675,1744793100
2025-04-16 14:16:00,PE,ATM+10,34.922632,11550,23900.0,23418.45,505.4,510.5,505.2,506.9,675,1744793160
2025-04-16 14:17:00,PE,ATM+10,33.978175,11550,23900.0,23417.95,506.9,506.9,504.65,504.65,1500,1744793220
2025-04-16 14:18:00,PE,ATM+10,34.042838,11550,23900.0,23419.75,504.65,504.65,503.25,503.25,75,1744793280
2025-04-16 14:19:00,PE,ATM+10,34.042838,11550,23900.0,23419.75,503.25,503.25,503.25,503.25,0,1744793340
2025-04-16 14:20:00,PE,ATM+10,34.927037,11625,23900.0,23420.55,503.25,505.0,501.7,505.0,1650,1744793400
2025-04-16 14:21:00,PE,ATM+10,36.008238,11625,23900.0,23424.35,505.0,505.0,504.9,504.9,75,1744793460
2025-04-16 14:22:00,PE,ATM+10,34.382007,12975,23900.0,23419.5,504.9,507.9,504.3,504.3,600,1744793520
2025-04-16 14:23:00,PE,ATM+10,35.918032,12975,23900.0,23417.65,504.3,511.0,504.3,510.25,450,1744793580
2025-04-16 14:24:00,PE,ATM+10,36.413674,12975,23900.0,23410.2,510.25,524.8,510.25,518.0,1875,1744793640
2025-04-16 14:25:00,PE,ATM+10,36.248741,12900,23900.0,23409.6,518.0,518.0,518.0,518.0,225,1744793700
2025-04-16 14:26:00,PE,ATM+10,37.200706,12900,23900.0,23416.55,518.0,522.0,514.9,514.9,1425,1744793760
2025-04-16 14:27:00,PE,ATM+10,38.371309,12900,23900.0,23417.1,515.0,518.0,515.0,518.0,2025,1744793820
2025-04-16 14:28:00,PE,ATM+10,38.371309,12900,23900.0,23417.1,518.0,518.0,518.0,518.0,0,1744793880
2025-04-16 14:29:00,PE,ATM+10,39.193617,14100,23900.0,23411.7,518.0,525.0,518.0,525.0,1275,1744793940
2025-04-16 14:30:00,PE,ATM+10,39.241652,14100,23900.0,23413.1,525.0,525.0,518.7,523.95,675,1744794000
2025-04-16 14:31:00,PE,ATM+10,40.334367,14325,23900.0,23409.95,523.95,530.0,523.95,530.0,600,1744794060
2025-04-16 14:32:00,PE,ATM+10,39.559102,14325,23900.0,23409.4,530.0,530.45,527.95,527.95,825,1744794120
2025-04-16 14:33:00,PE,ATM+10,38.798017,14325,23900.0,23411.6,527.95,527.95,523.7,523.7,75,1744794180
2025-04-16 14:34:00,PE,ATM+10,39.413169,14625,23900.0,23403.9,523.7,532.0,523.7,532.0,75,1744794240
2025-04-16 14:35:00,PE,ATM+10,40.426286,14625,23900.0,23399.25,532.0,539.0,532.0,539.0,375,1744794300
2025-04-16 14:36:00,PE,ATM+10,39.452724,14625,23900.0,23403.0,539.0,539.0,532.3,532.8,300,1744794360
2025-04-16 14:37:00,PE,ATM+10,39.441845,14400,23900.0,23412.7,532.8,532.8,524.65,524.65,825,1744794420
2025-04-16 14:38:00,PE,ATM+10,40.513602,14400,23900.0,23409.1,524.65,531.0,524.65,531.0,375,1744794480
2025-04-16 14:39:00,PE,ATM+10,39.892038,14400,23900.0,23411.25,531.0,531.0,527.2,527.2,75,1744794540
2025-04-16 14:40:00,PE,ATM+10,40.067469,14400,23900.0,23412.3,527.2,529.8,526.85,526.85,825,1744794600
2025-04-16 14:41:00,PE,ATM+10,39.5154,14400,23900.0,23415.75,526.85,526.85,522.2,522.2,525,1744794660
2025-04-16 14:42:00,PE,ATM+10,40.180439,14400,23900.0,23414.7,522.2,525.15,522.2,525.15,525,1744794720
2025-04-16 14:43:00,PE,ATM+10,42.110832,14400,23900.0,23413.2,525.15,532.65,525.15,532.65,450,1744794780
2025-04-16 14:44:00,PE,ATM+10,42.699412,14400,23900.0,23414.65,532.65,533.5,530.15,533.4,225,1744794840
2025-04-16 14:45:00,PE,ATM+10,41.567793,14400,23900.0,23410.9,533.4,533.4,532.1,532.65,150,1744794900
2025-04-16 14:46:00,PE,ATM+10,41.567793,14400,23900.0,23410.9,532.65,532.65,532.65,532.65,0,1744794960
2025-04-16 14:47:00,PE,ATM+10,40.381583,14475,23900.0,23418.4,532.65,532.65,519.9,522.55,450,1744795020
2025-04-16 14:48:00,PE,ATM+10,40.381583,14475,23900.0,23418.4,522.55,522.55,522.55,522.55,0,1744795080
2025-04-16 14:49:00,PE,ATM+10,40.381583,14475,23900.0,23418.4,522.55,522.55,522.55,522.55,0,1744795140
2025-04-16 14:50:00,PE,ATM+10,40.381583,14475,23900.0,23418.4,522.55,522.55,522.55,522.55,0,1744795200
2025-04-16 14:51:00,PE,ATM+10,42.590061,14400,23900.0,23422.95,522.55,526.0,522.55,526.0,75,1744795260
2025-04-16 14:52:00,PE,ATM+10,42.590061,14400,23900.0,23422.95,526.0,526.0,526.0,526.0,0,1744795320
2025-04-16 14:53:00,PE,ATM+10,42.590061,14400,23900.0,23422.95,526.0,526.0,526.0,526.0,0,1744795380
2025-04-16 14:54:00,PE,ATM+10,42.590061,14400,23900.0,23422.95,526.0,526.0,526.0,526.0,0,1744795440
2025-04-16 14:55:00,PE,ATM+10,42.590061,14400,23900.0,23422.95,526.0,526.0,526.0,526.0,0,1744795500
2025-04-16 14:56:00,PE,ATM+10,42.590061,14400,23900.0,23422.95,526.0,526.0,526.0,526.0,0,1744795560
2025-04-16 14:57:00,PE,ATM+10,42.590061,14400,23900.0,23422.95,526.0,526.0,526.0,526.0,0,1744795620
2025-04-16 14:58:00,PE,ATM+10,42.590061,14400,23900.0,23422.95,526.0,526.0,526.0,526.0,0,1744795680
2025-04-16 14:59:00,PE,ATM+10,42.590061,14400,23900.0,23422.95,526.0,526.0,526.0,526.0,0,1744795740
2025-04-16 15:00:00,PE,ATM+10,42.590061,14400,23900.0,23422.95,526.0,526.0,526.0,526.0,0,1744795800
2025-04-16 15:01:00,PE,ATM+10,42.590061,14400,23900.0,23422.95,526.0,526.0,526.0,526.0,0,1744795860
2025-04-16 15:02:00,PE,ATM+10,42.590061,14400,23900.0,23422.95,526.0,526.0,526.0,526.0,0,1744795920
2025-04-16 15:03:00,PE,ATM+10,42.590061,14400,23900.0,23422.95,526.0,526.0,526.0,526.0,0,1744795980
2025-04-16 15:04:00,PE,ATM+10,47.429501,2100,23950.0,23437.55,555.0,570.75,555.0,570.75,75,1744796040
2025-04-16 15:05:00,PE,ATM+10,46.34759,2100,23950.0,23436.9,570.75,570.75,567.5,567.5,75,1744796100
2025-04-16 15:06:00,PE,ATM+10,46.34759,2100,23950.0,23436.9,567.5,567.5,567.5,567.5,0,1744796160
2025-04-16 15:07:00,PE,ATM+10,46.34759,2100,23950.0,23436.9,567.5,567.5,567.5,567.5,0,1744796220
2025-04-16 15:08:00,PE,ATM+10,46.34759,2100,23950.0,23436.9,567.5,567.5,567.5,567.5,0,1744796280
2025-04-16 15:09:00,PE,ATM+10,48.850865,2100,23950.0,23437.75,567.5,575.3,567.5,575.3,75,1744796340
2025-04-16 15:10:00,PE,ATM+10,48.347323,2175,23950.0,23434.7,575.3,575.9,575.3,575.9,75,1744796400
2025-04-16 15:11:00,PE,ATM+10,48.347323,2175,23950.0,23434.7,575.9,575.9,575.9,575.9,0,1744796460
2025-04-16 15:12:00,PE,ATM+10,48.347323,2175,23950.0,23434.7,575.9,575.9,575.9,575.9,0,1744796520
2025-04-16 15:13:00,PE,ATM+10,48.347323,2175,23950.0,23434.7,575.9,575.9,575.9,575.9,0,1744796580
2025-04-16 15:14:00,PE,ATM+10,46.151371,19500,23900.0,23424.55,534.0,536.0,534.0,536.0,450,1744796640
2025-04-16 15:15:00,PE,ATM+10,46.151371,19500,23900.0,23424.55,536.0,536.0,536.0,536.0,0,1744796700
2025-04-16 15:16:00,PE,ATM+10,46.151371,19500,23900.0,23424.55,536.0,536.0,536.0,536.0,0,1744796760
2025-04-16 15:17:00,PE,ATM+10,46.151371,19500,23900.0,23424.55,536.0,536.0,536.0,536.0,0,1744796820
2025-04-16 15:18:00,PE,ATM+10,46.151371,19500,23900.0,23424.55,536.0,536.0,536.0,536.0,0,1744796880
2025-04-16 15:19:00,PE,ATM+10,46.151371,19500,23900.0,23424.55,536.0,536.0,536.0,536.0,0,1744796940
2025-04-16 15:20:00,PE,ATM+10,46.151371,19500,23900.0,23424.55,536.0,536.0,536.0,536.0,0,1744797000
2025-04-16 15:21:00,PE,ATM+10,46.331086,2250,23950.0,23445.15,575.9,575.9,560.0,560.0,75,1744797060
2025-04-16 15:22:00,PE,ATM+10,46.37412,2250,23950.0,23447.95,560.0,560.0,557.85,557.85,75,1744797120
2025-04-16 15:23:00,PE,ATM+10,46.37412,2250,23950.0,23447.95,557.85,557.85,557.85,557.85,0,1744797180
2025-04-16 15:24:00,PE,ATM+10,46.37412,2250,23950.0,23447.95,557.85,557.85,557.85,557.85,0,1744797240
2025-04-16 15:25:00,PE,ATM+10,46.37412,2250,23950.0,23447.95,557.85,557.85,557.85,557.85,0,1744797300
2025-04-16 15:26:00,PE,ATM+10,46.37412,2250,23950.0,23447.95,557.85,557.85,557.85,557.85,0,1744797360
2025-04-16 15:27:00,PE,ATM+10,44.621088,2250,23950.0,23447.5,557.85,557.85,552.05,552.05,150,1744797420
2025-04-16 15:28:00,PE,ATM+10,44.621088,2250,23950.0,23447.5,552.05,552.05,552.05,552.05,0,1744797480
2025-04-16 15:29:00,PE,ATM+10,44.621088,2250,23950.0,23447.5,552.05,552.05,552.05,552.05,0,1744797540
2025-04-17 09:15:00,PE,ATM+10,68.791608,18900,23900.0,23377.45,560.45,560.45,540.85,545.25,750,1744861500
2025-04-17 09:16:00,PE,ATM+10,66.477572,18900,23900.0,23379.0,545.25,545.25,540.5,541.0,1950,1744861560
2025-04-17 09:17:00,PE,ATM+10,66.217506,18900,23900.0,23378.55,541.0,541.0,540.05,541.0,225,1744861620
2025-04-17 09:18:00,PE,ATM+10,50.957939,20325,23850.0,23366.9,495.3,495.3,489.1,490.7,225,1744861680
2025-04-17 09:19:00,PE,ATM+10,64.907829,20325,23850.0,23358.15,490.7,512.8,490.7,512.8,675,1744861740
2025-04-17 09:20:00,PE,ATM+10,64.842996,20325,23850.0,23353.6,512.8,516.65,512.8,516.65,225,1744861800
2025-04-17 09:21:00,PE,ATM+10,62.415207,20400,23850.0,23327.0,516.65,537.75,513.85,537.75,1575,1744861860
2025-04-17 09:22:00,PE,ATM+10,62.774747,70350,23800.0,23321.35,497.05,501.45,491.8,498.1,8400,1744861920
2025-04-17 09:23:00,PE,ATM+10,63.030826,70350,23800.0,23314.6,498.1,510.05,496.15,504.3,10125,1744861980
2025-04-17 09:24:00,PE,ATM+10,64.55332,63150,23800.0,23318.05,505.2,506.85,495.9,502.95,4125,1744862040
2025-04-17 09:25:00,PE,ATM+10,67.271382,19575,23850.0,23329.9,546.3,547.95,540.05,540.05,900,1744862100
2025-04-17 09:26:00,PE,ATM+10,63.543245,63150,23800.0,23309.55,490.0,511.95,488.05,509.1,8400,1744862160
2025-04-17 09:27:00,PE,ATM+10,61.878194,57000,23800.0,23321.95,506.8,506.8,496.05,496.05,375,1744862220
2025-04-17 09:28:00,PE,ATM+10,64.792768,57000,23800.0,23302.8,496.05,516.35,489.05,516.35,2175,1744862280
2025-04-17 09:29:00,PE,ATM+10,62.39547,57000,23800.0,23309.25,518.2,518.55,505.55,507.8,5175,1744862340
2025-04-17 09:30:00,PE,ATM+10,61.425055,56475,23800.0,23311.65,507.8,515.35,504.5,504.5,1425,1744862400
2025-04-17 09:31:00,PE,ATM+10,68.259446,14175,23850.0,23325.2,561.55,561.55,544.75,544.75,450,1744862460
2025-04-17 09:32:00,PE,ATM+10,63.656008,56475,23800.0,23322.65,493.35,497.0,484.7,497.0,1050,1744862520
2025-04-17 09:33:00,PE,ATM+10,61.393493,54675,23800.0,23321.9,493.5,513.0,493.5,495.0,1800,1744862580
2025-04-17 09:34:00,PE,ATM+10,64.399232,54675,23800.0,23319.85,495.0,505.0,495.0,500.15,5925,1744862640
2025-04-17 09:35:00,PE,ATM+10,63.279503,54675,23800.0,23324.75,500.0,500.0,492.35,494.4,750,1744862700
2025-04-17 09:36:00,PE,ATM+10,71.098245,13800,23850.0,23333.25,542.8,542.8,540.4,540.4,75,1744862760
2025-04-17 09:37:00,PE,ATM+10,75.202189,13800,23850.0,23341.85,540.4,540.4,535.8,538.0,225,1744862820
2025-04-17 09:38:00,PE,ATM+10,59.354592,13800,23850.0,23336.2,538.0,538.0,525.1,525.1,150,1744862880
2025-04-17 09:39:00,PE,ATM+10,59.354592,13800,23850.0,23336.2,525.1,525.1,525.1,525.1,0,1744862940
2025-04-17 09:40:00,PE,ATM+10,59.354592,13800,23850.0,23336.2,525.1,525.1,525.1,525.1,0,1744863000
2025-04-17 09:41:00,PE,ATM+10,64.377502,13725,23850.0,23363.85,525.1,525.1,503.45,504.9,450,1744863060
2025-04-17 09:42:00,PE,ATM+10,65.477202,15375,23900.0,23387.2,549.05,549.05,530.0,530.0,375,1744863120
2025-04-17 09:43:00,PE,ATM+10,63.492206,15375,23900.0,23402.6,530.0,530.0,509.35,513.95,3525,1744863180
2025-04-17 09:44:00,PE,ATM+10,59.019267,15375,23900.0,23397.65,513.95,520.9,512.25,513.95,975,1744863240
2025-04-17 09:45:00,PE,ATM+10,57.361525,15300,23900.0,23416.25,513.95,513.95,495.3,495.3,1650,1744863300
2025-04-17 09:46:00,PE,ATM+10,58.141659,15300,23900.0,23417.35,495.3,500.5,489.1,494.95,3675,1744863360
2025-04-17 09:47:00,PE,ATM+10,56.582161,4050,23950.0,23425.35,540.0,540.0,532.5,532.5,150,1744863420
2025-04-17 09:48:00,PE,ATM+10,59.21772,15900,23900.0,23419.25,481.3,494.1,480.75,494.1,1125,1744863480
2025-04-17 09:49:00,PE,ATM+10,58.605517,15900,23900.0,23422.3,494.0,498.9,490.65,490.65,1800,1744863540
2025-04-17 09:50:00,PE,ATM+10,58.605517,15900,23900.0,23422.3,490.65,490.65,490.65,490.65,0,1744863600
2025-04-17 09:51:00,PE,ATM+10,61.679615,22050,23900.0,23422.95,482.0,494.05,482.0,493.0,600,1744863660
2025-04-17 09:52:00,PE,ATM+10,61.000091,22050,23900.0,23424.95,493.0,503.95,489.75,490.4,2025,1744863720
2025-04-17 09:53:00,PE,ATM+10,70.98993,22050,23900.0,23423.9,490.4,502.85,490.1,502.85,3975,1744863780
2025-04-17 09:54:00,PE,ATM+10,64.631619,17025,23900.0,23421.0,492.0,497.65,488.9,497.65,2025,1744863840
2025-04-17 09:55:00,PE,ATM+10,67.0951,17025,23900.0,23413.65,498.8,508.35,498.8,506.85,4800,1744863900
2025-04-17 09:56:00,PE,ATM+10,62.62775,17025,23900.0,23416.7,496.2,502.0,496.2,499.15,2100,1744863960
2025-04-17 09:57:00,PE,ATM+10,66.494408,13275,23900.0,23406.85,501.95,512.0,501.95,512.0,600,1744864020
2025-04-17 09:58:00,PE,ATM+10,61.034403,13275,23900.0,23407.8,512.0,512.0,505.45,505.45,150,1744864080
2025-04-17 09:59:00,PE,ATM+10,63.490442,13275,23900.0,23413.1,505.45,513.65,503.0,503.0,600,1744864140
2025-04-17 10:00:00,PE,ATM+10,66.723015,13350,23900.0,23406.55,503.0,512.2,503.0,512.2,450,1744864200
2025-04-17 10:01:00,PE,ATM+10,66.259434,13350,23900.0,23405.2,512.2,517.5,509.95,512.8,1125,1744864260
2025-04-17 10:02:00,PE,ATM+10,63.665037,13350,23900.0,23401.85,512.8,518.6,512.8,513.05,375,1744864320
2025-04-17 10:03:00,PE,ATM+10,67.301891,13350,23900.0,23406.0,513.05,513.85,513.0,513.0,225,1744864380
2025-04-17 10:04:00,PE,ATM+10,68.475116,12825,23900.0,23399.4,513.0,526.95,513.0,520.05,825,1744864440
2025-04-17 10:05:00,PE,ATM+10,68.129929,12825,23900.0,23404.3,520.05,520.05,515.2,515.2,525,1744864500
2025-04-17 10:06:00,PE,ATM+10,68.918151,12225,23900.0,23388.15,515.2,530.35,515.2,530.35,150,1744864560
2025-04-17 10:07:00,PE,ATM+10,71.439007,12225,23900.0,23382.6,530.35,537.9,530.25,537.9,825,1744864620
2025-04-17 10:08:00,PE,ATM+10,63.897276,12225,23900.0,23375.9,537.9,537.9,536.4,536.4,75,1744864680
2025-04-17 10:09:00,PE,ATM+10,67.793135,14625,23850.0,23358.05,483.8,510.9,483.8,510.9,150,1744864740
2025-04-17 10:10:00,PE,ATM+10,70.14373,14625,23850.0,23351.7,510.9,526.8,510.9,519.0,900,1744864800
2025-04-17 10:11:00,PE,ATM+10,72.483637,14625,23850.0,23345.6,519.0,526.9,519.0,526.9,375,1744864860
2025-04-17 10:12:00,PE,ATM+10,67.493871,14475,23850.0,23346.0,526.9,526.9,517.95,521.05,225,1744864920
2025-04-17 10:13:00,PE,ATM+10,67.493871,14475,23850.0,23346.0,521.05,521.05,521.05,521.05,0,1744864980
2025-04-17 10:14:00,PE,ATM+10,67.493871,14475,23850.0,23346.0,521.05,521.05,521.05,521.05,0,1744865040
2025-04-17 10:15:00,PE,ATM+10,65.701628,14475,23850.0,23349.9,521.05,521.05,515.45,515.45,75,1744865100
2025-04-17 10:16:00,PE,ATM+10,65.701628,14475,23850.0,23349.9,515.45,515.45,515.45,515.45,0,1744865160
2025-04-17 10:17:00,PE,ATM+10,71.9403,14400,23850.0,23367.0,515.45,515.45,490.15,506.7,750,1744865220
2025-04-17 10:18:00,PE,ATM+10,74.489492,14400,23850.0,23369.55,506.7,507.4,498.55,507.4,225,1744865280
2025-04-17 10:19:00,PE,ATM+10,57.37294,14175,23850.0,23359.75,507.4,507.4,498.85,498.85,300,1744865340
2025-04-17 10:20:00,PE,ATM+10,72.123116,14175,23850.0,23350.55,498.85,521.0,498.85,521.0,375,1744865400
2025-04-17 10:21:00,PE,ATM+10,62.158634,13950,23850.0,23350.8,521.0,521.0,510.85,510.85,75,1744865460
2025-04-17 10:22:00,PE,ATM+10,62.158634,13950,23850.0,23350.8,510.85,510.85,510.85,510.85,0,1744865520
2025-04-17 10:23:00,PE,ATM+10,66.966431,13950,23850.0,23372.05,510.85,510.85,496.0,496.0,75,1744865580
2025-04-17 10:24:00,PE,ATM+10,75.390688,12150,23900.0,23382.3,554.55,554.55,540.4,540.4,150,1744865640
2025-04-17 10:25:00,PE,ATM+10,66.63749,12150,23900.0,23392.5,540.4,540.4,520.0,522.2,675,1744865700
2025-04-17 10:26:00,PE,ATM+10,67.032313,12150,23900.0,23401.7,522.2,522.2,514.15,514.15,150,1744865760
2025-04-17 10:27:00,PE,ATM+10,59.688476,11925,23900.0,23394.7,514.15,514.15,514.15,514.15,150,1744865820
2025-04-17 10:28:00,PE,ATM+10,59.688476,11925,23900.0,23394.7,514.15,514.15,514.15,514.15,0,1744865880
2025-04-17 10:29:00,PE,ATM+10,52.823729,11925,23900.0,23391.7,514.15,514.15,512.45,512.45,75,1744865940
2025-04-17 10:30:00,PE,ATM+10,61.46585,11850,23900.0,23394.75,512.45,515.25,512.0,515.25,300,1744866000
2025-04-17 10:31:00,PE,ATM+10,61.670138,11850,23900.0,23403.45,515.25,515.25,506.0,507.3,225,1744866060
2025-04-17 10:32:00,PE,ATM+10,59.242263,11850,23900.0,23404.5,507.3,507.3,500.0,504.35,225,1744866120
2025-04-17 10:33:00,PE,ATM+10,63.146711,11775,23900.0,23409.25,504.35,504.35,496.5,503.05,150,1744866180
2025-04-17 10:34:00,PE,ATM+10,60.884636,11775,23900.0,23408.25,503.05,503.05,502.0,502.0,300,1744866240
2025-04-17 10:35:00,PE,ATM+10,60.884636,11775,23900.0,23408.25,502.0,502.0,502.0,502.0,0,1744866300
2025-04-17 10:36:00,PE,ATM+10,63.632598,11400,23900.0,23400.85,502.0,513.4,502.0,510.9,525,1744866360
2025-04-17 10:37:00,PE,ATM+10,61.135981,11400,23900.0,23408.05,510.9,510.9,502.15,502.15,225,1744866420
2025-04-17 10:38:00,PE,ATM+10,67.473687,11400,23900.0,23405.55,502.15,509.85,502.15,509.85,450,1744866480
2025-04-17 10:39:00,PE,ATM+10,68.702296,11550,23900.0,23406.4,509.85,510.15,503.15,510.15,225,1744866540
2025-04-17 10:40:00,PE,ATM+10,66.649791,11550,23900.0,23410.55,510.15,510.15,504.35,504.35,75,1744866600
2025-04-17 10:41:00,PE,ATM+10,62.859676,11550,23900.0,23422.75,504.35,504.35,489.75,489.75,450,1744866660
2025-04-17 10:42:00,PE,ATM+10,66.920148,11550,23900.0,23421.85,489.75,497.0,489.75,494.2,375,1744866720
2025-04-17 10:43:00,PE,ATM+10,64.245974,11550,23900.0,23423.4,489.45,490.2,488.95,490.2,375,1744866780
2025-04-17 10:44:00,PE,ATM+10,69.410426,11550,23900.0,23421.95,490.2,496.35,490.2,496.35,150,1744866840
2025-04-17 10:45:00,PE,ATM+10,69.410426,11550,23900.0,23421.95,496.35,496.35,496.35,496.35,0,1744866900
2025-04-17 10:46:00,PE,ATM+10,67.680683,3900,23950.0,23433.95,559.7,559.7,517.0,529.0,150,1744866960
2025-04-17 10:47:00,PE,ATM+10,69.307446,3900,23950.0,23433.9,529.0,530.35,529.0,530.35,375,1744867020
2025-04-17 10:48:00,PE,ATM+10,69.307446,3900,23950.0,23433.9,530.35,530.35,530.35,530.35,0,1744867080
2025-04-17 10:49:00,PE,ATM+10,63.919468,3825,23950.0,23440.15,530.35,530.35,520.0,520.0,75,1744867140
2025-04-17 10:50:00,PE,ATM+10,68.551346,3825,23950.0,23444.2,520.0,520.0,520.0,520.0,75,1744867200
2025-04-17 10:51:00,PE,ATM+10,70.156212,3825,23950.0,23435.25,520.0,529.45,520.0,529.45,75,1744867260
2025-04-17 10:52:00,PE,ATM+10,65.251184,3900,23950.0,23431.25,529.45,529.45,529.0,529.0,75,1744867320
2025-04-17 10:53:00,PE,ATM+10,67.86067,3900,23950.0,23426.25,529.0,535.55,529.0,535.55,300,1744867380
2025-04-17 10:54:00,PE,ATM+10,69.425087,11250,23900.0,23420.7,483.25,496.3,483.25,496.3,1200,1744867440
2025-04-17 10:55:00,PE,ATM+10,67.875072,11250,23900.0,23418.95,496.3,500.0,496.3,496.3,225,1744867500
2025-04-17 10:56:00,PE,ATM+10,75.095819,11250,23900.0,23421.65,496.3,501.0,496.3,501.0,525,1744867560
2025-04-17 10:57:00,PE,ATM+10,75.638297,11100,23900.0,23420.9,501.0,502.1,501.0,502.1,300,1744867620
2025-04-17 10:58:00,PE,ATM+10,67.855782,11100,23900.0,23411.45,502.1,503.0,502.1,502.75,150,1744867680
2025-04-17 10:59:00,PE,ATM+10,71.715798,11100,23900.0,23406.65,506.05,510.5,506.05,510.5,150,1744867740
2025-04-17 11:00:00,PE,ATM+10,75.911751,11100,23900.0,23409.95,514.8,514.8,511.6,511.6,525,1744867800
2025-04-17 11:01:00,PE,ATM+10,76.178407,11250,23900.0,23383.9,511.6,540.5,511.6,534.9,975,1744867860
2025-04-17 11:02:00,PE,ATM+10,75.336542,11250,23900.0,23383.2,534.9,537.5,534.1,534.6,450,1744867920
2025-04-17 11:03:00,PE,ATM+10,81.788429,11250,23900.0,23375.25,534.6,547.9,534.6,547.9,600,1744867980
2025-04-17 11:04:00,PE,ATM+10,81.98475,11250,23900.0,23377.4,547.9,547.9,543.0,546.05,750,1744868040
2025-04-17 11:05:00,PE,ATM+10,81.730468,11250,23900.0,23382.65,541.0,541.0,541.0,541.0,525,1744868100
2025-04-17 11:06:00,PE,ATM+10,78.80552,11250,23900.0,23387.75,541.0,541.0,533.35,533.35,75,1744868160
2025-04-17 11:07:00,PE,ATM+10,80.210339,10725,23900.0,23398.55,533.35,533.35,525.1,525.1,150,1744868220
2025-04-17 11:08:00,PE,ATM+10,78.224044,10725,23900.0,23406.3,525.1,525.1,511.95,516.05,375,1744868280
2025-04-17 11:09:00,PE,ATM+10,70.954077,10725,23900.0,23423.6,516.05,516.05,493.15,493.35,825,1744868340
2025-04-17 11:10:00,PE,ATM+10,70.954077,10725,23900.0,23423.6,493.35,493.35,493.35,493.35,0,1744868400
2025-04-17 11:11:00,PE,ATM+10,66.389528,10275,23900.0,23424.85,478.7,492.0,478.7,487.95,600,1744868460
2025-04-17 11:12:00,PE,ATM+10,66.389528,10275,23900.0,23424.85,487.95,487.95,487.95,487.95,0,1744868520
2025-04-17 11:13:00,PE,ATM+10,66.389528,10275,23900.0,23424.85,487.95,487.95,487.95,487.95,0,1744868580
2025-04-17 11:14:00,PE,ATM+10,66.389528,10275,23900.0,23424.85,487.95,487.95,487.95,487.95,0,1744868640
2025-04-17 11:15:00,PE,ATM+10,80.622851,3600,23950.0,23456.05,546.25,546.25,517.85,517.85,75,1744868700
2025-04-17 11:16:00,PE,ATM+10,53.840663,3675,23950.0,23472.35,517.85,517.85,478.5,481.65,2100,1744868760
2025-04-17 11:17:00,PE,ATM+10,66.10343,110175,24000.0,23478.15,530.5,544.1,530.5,530.5,1875,1744868820
2025-04-17 11:18:00,PE,ATM+10,67.234348,3675,23950.0,23474.45,487.45,488.4,487.45,488.4,75,1744868880
2025-04-17 11:19:00,PE,ATM+10,60.40834,110625,24000.0,23482.35,530.0,530.0,520.1,523.0,3225,1744868940
2025-04-17 11:20:00,PE,ATM+10,67.743841,4575,23950.0,23473.25,471.55,491.2,471.55,489.7,450,1744869000
2025-04-17 11:21:00,PE,ATM+10,63.141598,110625,24000.0,23477.9,537.1,537.1,528.4,528.6,1425,1744869060
2025-04-17 11:22:00,PE,ATM+10,65.683082,4725,23950.0,23473.1,489.7,489.7,488.0,488.0,150,1744869120
2025-04-17 11:23:00,PE,ATM+10,67.089589,111600,24000.0,23480.4,537.1,537.1,527.7,528.55,5025,1744869180
2025-04-17 11:24:00,PE,ATM+10,68.926524,111600,24000.0,23480.2,528.55,530.8,528.55,529.9,525,1744869240
2025-04-17 11:25:00,PE,ATM+10,65.568121,112800,24000.0,23481.1,535.9,535.9,525.0,526.75,600,1744869300
2025-04-17 11:26:00,PE,ATM+10,56.032295,112800,24000.0,23492.85,526.75,530.75,510.5,510.5,3150,1744869360
2025-04-17 11:27:00,PE,ATM+10,60.068403,111825,24000.0,23505.85,514.95,519.5,500.0,500.05,5550,1744869420
2025-04-17 11:28:00,PE,ATM+10,56.007168,111825,24000.0,23508.7,496.8,508.75,492.25,495.2,3675,1744869480
2025-04-17 11:29:00,PE,ATM+10,51.978726,111825,24000.0,23512.1,493.3,496.6,488.0,490.2,3300,1744869540
2025-04-17 11:30:00,PE,ATM+10,57.475916,114150,24000.0,23520.9,490.2,492.8,484.2,484.2,3300,1744869600
2025-04-17 11:31:00,PE,ATM+10,57.475916,114150,24000.0,23520.9,484.2,484.2,484.2,484.2,0,1744869660
2025-04-17 11:32:00,PE,ATM+10,57.475916,114150,24000.0,23520.9,484.2,484.2,484.2,484.2,0,1744869720
2025-04-17 11:33:00,PE,ATM+10,57.475916,114150,24000.0,23520.9,484.2,484.2,484.2,484.2,0,1744869780
2025-04-17 11:34:00,PE,ATM+10,57.475916,114150,24000.0,23520.9,484.2,484.2,484.2,484.2,0,1744869840
2025-04-17 11:35:00,PE,ATM+10,57.475916,114150,24000.0,23520.9,484.2,484.2,484.2,484.2,0,1744869900
2025-04-17 11:36:00,PE,ATM+10,80.137344,1125,24050.0,23571.7,540.0,540.0,500.5,500.5,75,1744869960
2025-04-17 11:37:00,PE,ATM+10,48.355087,1125,24050.0,23557.85,500.5,500.5,491.7,493.0,600,1744870020
2025-04-17 11:38:00,PE,ATM+10,60.417852,1125,24050.0,23560.65,493.0,495.05,493.0,495.05,75,1744870080
2025-04-17 11:39:00,PE,ATM+10,52.381869,1125,24050.0,23558.0,495.05,495.05,494.0,494.0,150,1744870140
2025-04-17 11:40:00,PE,ATM+10,52.381869,1125,24050.0,23558.0,494.0,494.0,494.0,494.0,0,1744870200
2025-04-17 11:41:00,PE,ATM+10,79.2019,1650,24050.0,23570.6,494.0,499.75,494.0,499.75,750,1744870260
2025-04-17 11:42:00,PE,ATM+10,79.2019,1650,24050.0,23570.6,499.75,499.75,499.75,499.75,0,1744870320
2025-04-17 11:43:00,PE,ATM+10,49.454046,9300,24100.0,23604.65,534.7,534.7,496.3,496.3,600,1744870380
2025-04-17 11:44:00,PE,ATM+10,0.0,9300,24100.0,23596.5,496.3,500.0,490.0,500.0,5325,1744870440
2025-04-17 11:45:00,PE,ATM+10,52.271085,9300,24100.0,23587.25,500.0,520.0,500.0,514.0,1500,1744870500
2025-04-17 11:46:00,PE,ATM+10,52.271085,9300,24100.0,23587.25,514.0,514.0,514.0,514.0,0,1744870560
2025-04-17 11:47:00,PE,ATM+10,67.64651,7050,24100.0,23598.05,514.0,514.0,510.5,510.5,900,1744870620
2025-04-17 11:48:00,PE,ATM+10,59.507011,7050,24100.0,23598.25,510.5,510.5,505.85,505.85,225,1744870680
2025-04-17 11:49:00,PE,ATM+10,66.117118,7500,24100.0,23600.55,505.85,507.05,505.85,507.05,675,1744870740
2025-04-17 11:50:00,PE,ATM+10,76.38821,7500,24100.0,23605.85,507.05,509.3,507.05,509.3,150,1744870800
2025-04-17 11:51:00,PE,ATM+10,72.885784,7500,24100.0,23619.1,509.3,509.3,466.35,494.35,1275,1744870860
2025-04-17 11:52:00,PE,ATM+10,56.17446,6975,24100.0,23613.3,494.35,494.35,482.55,489.8,375,1744870920
2025-04-17 11:53:00,PE,ATM+10,61.568466,6975,24100.0,23610.35,489.8,495.0,484.15,495.0,375,1744870980
2025-04-17 11:54:00,PE,ATM+10,0.0,6975,24100.0,23600.25,495.0,502.8,495.0,495.9,4200,1744871040
2025-04-17 11:55:00,PE,ATM+10,75.05263,2925,24050.0,23573.7,455.35,491.25,455.35,491.25,150,1744871100
2025-04-17 11:56:00,PE,ATM+10,51.077082,10350,24100.0,23600.35,525.0,525.0,500.6,500.6,3300,1744871160
2025-04-17 11:57:00,PE,ATM+10,75.305531,10350,24100.0,23600.4,500.6,512.5,500.6,512.5,1800,1744871220
2025-04-17 11:58:00,PE,ATM+10,47.763176,13275,24100.0,23599.55,512.5,512.5,500.65,500.65,75,1744871280
2025-04-17 11:59:00,PE,ATM+10,58.076561,13275,24100.0,23601.05,503.95,503.95,502.0,502.0,1575,1744871340
2025-04-17 12:00:00,PE,ATM+10,58.076561,13275,24100.0,23601.05,502.0,502.0,502.0,502.0,0,1744871400
2025-04-17 12:01:00,PE,ATM+10,53.387171,14100,24100.0,23580.05,502.0,520.9,502.0,520.9,75,1744871460
2025-04-17 12:02:00,PE,ATM+10,62.202958,14100,24100.0,23599.75,520.9,520.9,504.8,504.8,150,1744871520
2025-04-17 12:03:00,PE,ATM+10,41.279207,14100,24100.0,23603.4,504.8,504.8,496.0,496.0,75,1744871580
2025-04-17 12:04:00,PE,ATM+10,53.448088,13875,24100.0,23602.85,496.0,504.8,496.0,498.55,5100,1744871640
2025-04-17 12:05:00,PE,ATM+10,0.0,13875,24100.0,23602.1,498.55,498.55,495.0,495.0,75,1744871700
2025-04-17 12:06:00,PE,ATM+10,0.0,13875,24100.0,23603.15,495.0,499.0,493.1,493.1,225,1744871760
2025-04-17 12:07:00,PE,ATM+10,0.0,13875,24100.0,23603.15,493.1,493.1,493.1,493.1,0,1744871820
2025-04-17 12:08:00,PE,ATM+10,57.147928,13650,24100.0,23618.25,493.1,493.1,478.9,484.65,3300,1744871880
2025-04-17 12:09:00,PE,ATM+10,0.0,13650,24100.0,23618.45,484.65,484.65,479.2,479.2,75,1744871940
2025-04-17 12:10:00,PE,ATM+10,0.0,13650,24100.0,23618.45,479.2,479.2,479.2,479.2,0,1744872000
2025-04-17 12:11:00,PE,ATM+10,0.0,1875,24150.0,23642.65,532.5,532.5,500.3,501.6,1200,1744872060
2025-04-17 12:12:00,PE,ATM+10,0.0,1875,24150.0,23642.65,501.6,501.6,501.6,501.6,0,1744872120
2025-04-17 12:13:00,PE,ATM+10,0.0,1875,24150.0,23642.65,501.6,501.6,501.6,501.6,0,1744872180
2025-04-17 12:14:00,PE,ATM+10,0.0,1875,24150.0,23642.65,501.6,501.6,501.6,501.6,0,1744872240
2025-04-17 12:15:00,PE,ATM+10,81.857795,2175,24150.0,23641.5,501.6,523.1,501.6,523.1,75,1744872300
2025-04-17 12:16:00,PE,ATM+10,81.857795,2175,24150.0,23641.5,523.1,523.1,523.1,523.1,0,1744872360
2025-04-17 12:17:00,PE,ATM+10,81.857795,2175,24150.0,23641.5,523.1,523.1,523.1,523.1,0,1744872420
2025-04-17 12:18:00,PE,ATM+10,81.857795,2175,24150.0,23641.5,523.1,523.1,523.1,523.1,0,1744872480
2025-04-17 12:19:00,PE,ATM+10,81.857795,2175,24150.0,23641.5,523.1,523.1,523.1,523.1,0,1744872540
2025-04-17 12:20:00,PE,ATM+10,0.0,2250,24150.0,23632.85,523.1,523.1,507.9,507.9,600,1744872600
2025-04-17 12:21:00,PE,ATM+10,0.0,2250,24150.0,23632.85,507.9,507.9,507.9,507.9,0,1744872660
2025-04-17 12:22:00,PE,ATM+10,0.0,2250,24150.0,23651.9,507.9,507.9,489.5,489.5,300,1744872720
2025-04-17 12:23:00,PE,ATM+10,0.0,2250,24150.0,23654.05,489.5,489.5,484.95,485.0,300,1744872780
2025-04-17 12:24:00,PE,ATM+10,0.0,2250,24150.0,23645.25,485.0,490.3,485.0,490.3,300,1744872840
2025-04-17 12:25:00,PE,ATM+10,0.0,2250,24150.0,23645.25,490.3,490.3,490.3,490.3,0,1744872900
2025-04-17 12:26:00,PE,ATM+10,0.0,2550,24150.0,23657.65,490.3,490.3,484.95,484.95,75,1744872960
2025-04-17 12:27:00,PE,ATM+10,0.0,2550,24150.0,23657.65,484.95,484.95,484.95,484.95,0,1744873020
2025-04-17 12:28:00,PE,ATM+10,0.0,13350,24200.0,23678.0,520.15,520.15,509.9,511.95,1200,1744873080
2025-04-17 12:29:00,PE,ATM+10,0.0,13350,24200.0,23678.0,511.95,511.95,511.95,511.95,0,1744873140
2025-04-17 12:30:00,PE,ATM+10,0.0,13350,24200.0,23679.0,511.95,512.6,510.65,512.6,450,1744873200
2025-04-17 12:31:00,PE,ATM+10,0.0,12825,24200.0,23684.95,512.6,512.6,502.45,507.05,975,1744873260
2025-04-17 12:32:00,PE,ATM+10,0.0,12825,24200.0,23709.4,507.05,507.05,475.85,475.85,2325,1744873320
2025-04-17 12:33:00,PE,ATM+10,0.0,12825,24200.0,23709.65,475.85,475.85,466.5,474.15,975,1744873380
2025-04-17 12:34:00,PE,ATM+10,0.0,13575,24200.0,23708.8,474.15,486.55,474.15,482.7,675,1744873440
2025-04-17 12:35:00,PE,ATM+10,0.0,13575,24200.0,23703.15,482.7,488.15,482.7,484.5,450,1744873500
2025-04-17 12:36:00,PE,ATM+10,0.0,13575,24200.0,23695.5,486.2,490.15,486.2,490.15,525,1744873560
2025-04-17 12:37:00,PE,ATM+10,0.0,13950,24200.0,23686.3,490.15,504.8,490.15,502.2,450,1744873620
2025-04-17 12:38:00,PE,ATM+10,0.0,13950,24200.0,23677.05,502.2,518.95,502.2,514.75,3300,1744873680
2025-04-17 12:39:00,PE,ATM+10,45.757197,13950,24200.0,23685.05,514.75,524.2,514.45,514.45,450,1744873740
2025-04-17 12:40:00,PE,ATM+10,0.0,14625,24200.0,23689.5,514.45,514.45,503.0,503.0,75,1744873800
2025-04-17 12:41:00,PE,ATM+10,0.0,14625,24200.0,23700.95,503.0,503.0,487.0,487.0,900,1744873860
2025-04-17 12:42:00,PE,ATM+10,0.0,14625,24200.0,23699.15,487.0,493.35,487.0,493.35,600,1744873920
2025-04-17 12:43:00,PE,ATM+10,0.0,14175,24200.0,23713.65,493.35,493.35,480.0,480.0,675,1744873980
2025-04-17 12:44:00,PE,ATM+10,0.0,14175,24200.0,23712.35,480.0,481.1,480.0,480.0,900,1744874040
2025-04-17 12:45:00,PE,ATM+10,0.0,14175,24200.0,23708.75,480.0,486.95,480.0,484.35,600,1744874100
2025-04-17 12:46:00,PE,ATM+10,58.430333,14775,24200.0,23715.4,486.2,486.2,486.2,486.2,150,1744874160
2025-04-17 12:47:00,PE,ATM+10,55.996445,14775,24200.0,23719.65,486.2,486.2,472.75,481.45,1275,1744874220
2025-04-17 12:48:00,PE,ATM+10,55.996445,14775,24200.0,23719.65,481.45,481.45,481.45,481.45,0,1744874280
2025-04-17 12:49:00,PE,ATM+10,55.996445,14775,24200.0,23719.65,481.45,481.45,481.45,481.45,0,1744874340
2025-04-17 12:50:00,PE,ATM+10,55.996445,14775,24200.0,23719.65,481.45,481.45,481.45,481.45,0,1744874400
2025-04-17 12:51:00,PE,ATM+10,0.0,1950,24250.0,23735.0,530.95,530.95,507.35,507.35,150,1744874460
2025-04-17 12:52:00,PE,ATM+10,0.0,1950,24250.0,23742.1,507.35,507.35,500.0,500.0,225,1744874520
2025-04-17 12:53:00,PE,ATM+10,0.0,1950,24250.0,23742.1,500.0,500.0,500.0,500.0,0,1744874580
2025-04-17 12:54:00,PE,ATM+10,0.0,1950,24250.0,23742.1,500.0,500.0,500.0,500.0,0,1744874640
2025-04-17 12:55:00,PE,ATM+10,0.0,1950,24250.0,23742.1,500.0,500.0,500.0,500.0,0,1744874700
2025-04-17 12:56:00,PE,ATM+10,0.0,2025,24250.0,23742.35,500.0,505.15,500.0,505.15,150,1744874760
2025-04-17 12:57:00,PE,ATM+10,0.0,2025,24250.0,23742.35,505.15,505.15,505.15,505.15,0,1744874820
2025-04-17 12:58:00,PE,ATM+10,0.0,2025,24250.0,23742.35,505.15,505.15,505.15,505.15,0,1744874880
2025-04-17 12:59:00,PE,ATM+10,0.0,2025,24250.0,23742.35,505.15,505.15,505.15,505.15,0,1744874940
2025-04-17 13:00:00,PE,ATM+10,0.0,2025,24250.0,23742.35,505.15,505.15,505.15,505.15,0,1744875000
2025-04-17 13:01:00,PE,ATM+10,0.0,2025,24250.0,23742.35,505.15,505.15,505.15,505.15,0,1744875060
2025-04-17 13:02:00,PE,ATM+10,0.0,1875,24250.0,23731.1,505.15,516.4,505.15,516.4,75,1744875120
2025-04-17 13:03:00,PE,ATM+10,0.0,1875,24250.0,23731.1,516.4,516.4,516.4,516.4,0,1744875180
2025-04-17 13:04:00,PE,ATM+10,0.0,1950,24250.0,23744.65,516.4,516.4,498.15,498.15,75,1744875240
2025-04-17 13:05:00,PE,ATM+10,0.0,1950,24250.0,23744.65,498.15,498.15,498.15,498.15,0,1744875300
2025-04-17 13:06:00,PE,ATM+10,0.0,1950,24250.0,23744.65,498.15,498.15,498.15,498.15,0,1744875360
2025-04-17 13:07:00,PE,ATM+10,0.0,1950,24250.0,23744.65,498.15,498.15,498.15,498.15,0,1744875420
2025-04-17 13:08:00,PE,ATM+10,0.0,1950,24250.0,23744.65,498.15,498.15,498.15,498.15,0,1744875480
2025-04-17 13:09:00,PE,ATM+10,0.0,1875,24250.0,23768.1,498.15,498.15,474.8,474.8,300,1744875540
2025-04-17 13:10:00,PE,ATM+10,0.0,1875,24250.0,23768.1,474.8,474.8,474.8,474.8,0,1744875600
2025-04-17 13:11:00,PE,ATM+10,0.0,1875,24250.0,23768.1,474.8,474.8,474.8,474.8,0,1744875660
2025-04-17 13:12:00,PE,ATM+10,0.0,7425,24300.0,23777.15,528.6,528.6,507.5,513.85,525,1744875720
2025-04-17 13:13:00,PE,ATM+10,0.0,7500,24300.0,23784.65,513.85,513.85,508.4,508.4,225,1744875780
2025-04-17 13:14:00,PE,ATM+10,0.0,7500,24300.0,23784.65,508.4,508.4,508.4,508.4,0,1744875840
2025-04-17 13:15:00,PE,ATM+10,0.0,7500,24300.0,23791.55,508.4,508.4,501.55,501.55,150,1744875900
2025-04-17 13:16:00,PE,ATM+10,69.046054,7350,24300.0,23791.8,501.55,510.4,501.55,510.4,225,1744875960
2025-04-17 13:17:00,PE,ATM+10,69.046054,7350,24300.0,23791.8,510.4,510.4,510.4,510.4,0,1744876020
2025-04-17 13:18:00,PE,ATM+10,63.226736,7350,24300.0,23787.85,510.4,513.0,510.4,513.0,450,1744876080
2025-04-17 13:19:00,PE,ATM+10,63.226736,7350,24300.0,23787.85,513.0,513.0,513.0,513.0,0,1744876140
2025-04-17 13:20:00,PE,ATM+10,0.0,7425,24300.0,23783.9,513.0,513.0,510.0,510.0,375,1744876200
2025-04-17 13:21:00,PE,ATM+10,0.0,7425,24300.0,23781.35,510.0,517.0,510.0,517.0,75,1744876260
2025-04-17 13:22:00,PE,ATM+10,0.0,7425,24300.0,23781.35,517.0,517.0,517.0,517.0,0,1744876320
2025-04-17 13:23:00,PE,ATM+10,0.0,7350,24300.0,23789.05,529.35,529.35,507.55,507.55,375,1744876380
2025-04-17 13:24:00,PE,ATM+10,0.0,7350,24300.0,23785.35,508.45,508.45,508.45,508.45,75,1744876440
2025-04-17 13:25:00,PE,ATM+10,0.0,7275,24300.0,23789.85,508.45,508.45,508.0,508.0,600,1744876500
2025-04-17 13:26:00,PE,ATM+10,0.0,7275,24300.0,23789.85,508.0,508.0,508.0,508.0,0,1744876560
2025-04-17 13:27:00,PE,ATM+10,0.0,7275,24300.0,23776.6,508.0,521.0,508.0,521.0,675,1744876620
2025-04-17 13:28:00,PE,ATM+10,71.965416,7200,24300.0,23777.75,521.0,524.05,521.0,524.05,150,1744876680
2025-04-17 13:29:00,PE,ATM+10,71.965416,7200,24300.0,23777.75,524.05,524.05,524.05,524.05,0,1744876740
2025-04-17 13:30:00,PE,ATM+10,89.011359,7200,24300.0,23781.95,524.05,525.0,524.05,525.0,375,1744876800
2025-04-17 13:31:00,PE,ATM+10,0.0,7200,24300.0,23787.75,525.0,525.0,510.0,510.0,375,1744876860
2025-04-17 13:32:00,PE,ATM+10,0.0,7200,24300.0,23784.65,510.0,512.0,510.0,512.0,75,1744876920
2025-04-17 13:33:00,PE,ATM+10,0.0,7200,24300.0,23784.65,512.0,512.0,512.0,512.0,0,1744876980
2025-04-17 13:34:00,PE,ATM+10,0.0,7200,24300.0,23784.65,512.0,512.0,512.0,512.0,0,1744877040
2025-04-17 13:35:00,PE,ATM+10,0.0,7200,24300.0,23784.65,512.0,512.0,512.0,512.0,0,1744877100
2025-04-17 13:36:00,PE,ATM+10,0.0,7575,24300.0,23793.35,512.0,512.0,501.0,501.0,525,1744877160
2025-04-17 13:37:00,PE,ATM+10,54.691826,7800,24300.0,23795.95,501.0,503.8,501.0,503.8,150,1744877220
2025-04-17 13:38:00,PE,ATM+10,0.0,7800,24300.0,23803.8,503.8,503.8,494.8,494.8,900,1744877280
2025-04-17 13:39:00,PE,ATM+10,82.144304,7800,24300.0,23807.1,494.8,499.3,494.8,497.45,150,1744877340
2025-04-17 13:40:00,PE,ATM+10,77.375608,7950,24300.0,23803.7,497.45,499.25,497.45,499.25,75,1744877400
2025-04-17 13:41:00,PE,ATM+10,99.098547,7950,24300.0,23812.8,499.25,499.25,498.75,498.8,150,1744877460
2025-04-17 13:42:00,PE,ATM+10,99.098547,7950,24300.0,23812.8,498.8,498.8,498.8,498.8,0,1744877520
2025-04-17 13:43:00,PE,ATM+10,99.098547,7950,24300.0,23812.8,498.8,498.8,498.8,498.8,0,1744877580
2025-04-17 13:44:00,PE,ATM+10,99.098547,7950,24300.0,23812.8,498.8,498.8,498.8,498.8,0,1744877640
2025-04-17 13:45:00,PE,ATM+10,99.098547,7950,24300.0,23812.8,498.8,498.8,498.8,498.8,0,1744877700
2025-04-17 13:46:00,PE,ATM+10,99.098547,7950,24300.0,23812.8,498.8,498.8,498.8,498.8,0,1744877760
2025-04-17 13:47:00,PE,ATM+10,99.098547,7950,24300.0,23812.8,498.8,498.8,498.8,498.8,0,1744877820
2025-04-17 13:48:00,PE,ATM+10,99.098547,7950,24300.0,23812.8,498.8,498.8,498.8,498.8,0,1744877880
2025-04-17 13:49:00,PE,ATM+10,99.098547,7950,24300.0,23812.8,498.8,498.8,498.8,498.8,0,1744877940
2025-04-17 13:50:00,PE,ATM+10,111.116665,1725,24350.0,23835.35,538.55,538.55,527.95,527.95,375,1744878000
2025-04-17 13:51:00,PE,ATM+10,107.759066,1725,24350.0,23835.85,527.95,527.95,525.6,525.6,150,1744878060
2025-04-17 13:52:00,PE,ATM+10,107.759066,1725,24350.0,23835.85,525.6,525.6,525.6,525.6,0,1744878120
2025-04-17 13:53:00,PE,ATM+10,107.759066,1725,24350.0,23835.85,525.6,525.6,525.6,525.6,0,1744878180
2025-04-17 13:54:00,PE,ATM+10,107.759066,1725,24350.0,23835.85,525.6,525.6,525.6,525.6,0,1744878240
2025-04-17 13:55:00,PE,ATM+10,107.759066,1725,24350.0,23835.85,525.6,525.6,525.6,525.6,0,1744878300
2025-04-17 13:56:00,PE,ATM+10,107.759066,1725,24350.0,23835.85,525.6,525.6,525.6,525.6,0,1744878360
2025-04-17 13:57:00,PE,ATM+10,107.759066,1725,24350.0,23835.85,525.6,525.6,525.6,525.6,0,1744878420
2025-04-17 13:58:00,PE,ATM+10,107.759066,1725,24350.0,23835.85,525.6,525.6,525.6,525.6,0,1744878480
2025-04-17 13:59:00,PE,ATM+10,107.759066,1725,24350.0,23835.85,525.6,525.6,525.6,525.6,0,1744878540
2025-04-17 14:00:00,PE,ATM+10,107.759066,1725,24350.0,23835.85,525.6,525.6,525.6,525.6,0,1744878600
2025-04-17 14:01:00,PE,ATM+10,107.759066,1725,24350.0,23835.85,525.6,525.6,525.6,525.6,0,1744878660
2025-04-17 14:02:00,PE,ATM+10,107.759066,1725,24350.0,23835.85,525.6,525.6,525.6,525.6,0,1744878720
2025-04-17 14:03:00,PE,ATM+10,95.880037,1650,24350.0,23852.2,525.6,525.6,503.2,503.2,75,1744878780
2025-04-17 14:04:00,PE,ATM+10,95.880037,1650,24350.0,23852.2,503.2,503.2,503.2,503.2,0,1744878840
2025-04-17 14:05:00,PE,ATM+10,95.880037,1650,24350.0,23852.2,503.2,503.2,503.2,503.2,0,1744878900
2025-04-17 14:06:00,PE,ATM+10,95.880037,1650,24350.0,23852.2,503.2,503.2,503.2,503.2,0,1744878960
2025-04-17 14:07:00,PE,ATM+10,95.880037,1650,24350.0,23852.2,503.2,503.2,503.2,503.2,0,1744879020
2025-04-17 14:08:00,PE,ATM+10,88.587828,1650,24350.0,23857.05,503.2,503.2,495.95,495.95,75,1744879080
2025-04-17 14:09:00,PE,ATM+10,91.833441,1650,24350.0,23853.75,495.95,499.75,495.95,499.75,300,1744879140
2025-04-17 14:10:00,PE,ATM+10,73.1344,1650,24350.0,23851.75,499.75,499.75,498.7,498.7,75,1744879200
2025-04-17 14:11:00,PE,ATM+10,59.437388,1875,24350.0,23869.15,498.7,498.7,480.65,480.65,300,1744879260
2025-04-17 14:12:00,PE,ATM+10,59.437388,1875,24350.0,23869.15,480.65,480.65,480.65,480.65,0,1744879320
2025-04-17 14:13:00,PE,ATM+10,59.437388,1875,24350.0,23869.15,480.65,480.65,480.65,480.65,0,1744879380
2025-04-17 14:14:00,PE,ATM+10,108.201754,1725,24350.0,23831.15,480.65,524.9,480.65,524.9,300,1744879440
2025-04-17 14:15:00,PE,ATM+10,0.0,8700,24300.0,23799.4,471.1,501.2,471.1,496.05,675,1744879500
2025-04-17 14:16:00,PE,ATM+10,99.150623,8625,24300.0,23814.35,496.05,496.05,485.65,490.3,225,1744879560
2025-04-17 14:17:00,PE,ATM+10,99.150623,8625,24300.0,23814.35,490.3,490.3,490.3,490.3,0,1744879620
2025-04-17 14:18:00,PE,ATM+10,99.150623,8625,24300.0,23814.35,490.3,490.3,490.3,490.3,0,1744879680
2025-04-17 14:19:00,PE,ATM+10,99.150623,8625,24300.0,23814.35,490.3,490.3,490.3,490.3,0,1744879740
2025-04-17 14:20:00,PE,ATM+10,99.150623,8625,24300.0,23814.35,490.3,490.3,490.3,490.3,0,1744879800
2025-04-17 14:21:00,PE,ATM+10,99.150623,8625,24300.0,23814.35,490.3,490.3,490.3,490.3,0,1744879860
2025-04-17 14:22:00,PE,ATM+10,99.150623,8625,24300.0,23814.35,490.3,490.3,490.3,490.3,0,1744879920
2025-04-17 14:23:00,PE,ATM+10,0.0,8700,24300.0,23822.75,471.1,471.1,469.45,469.45,75,1744879980
2025-04-17 14:24:00,PE,ATM+10,0.0,8700,24300.0,23822.75,469.45,469.45,469.45,469.45,0,1744880040
2025-04-17 14:25:00,PE,ATM+10,0.0,8700,24300.0,23822.75,469.45,469.45,469.45,469.45,0,1744880100
2025-04-17 14:26:00,PE,ATM+10,0.0,8700,24300.0,23822.75,469.45,469.45,469.45,469.45,0,1744880160
2025-04-17 14:27:00,PE,ATM+10,0.0,8700,24300.0,23822.75,469.45,469.45,469.45,469.45,0,1744880220
2025-04-17 14:28:00,PE,ATM+10,0.0,8700,24300.0,23822.75,469.45,469.45,469.45,469.45,0,1744880280
2025-04-17 14:29:00,PE,ATM+10,0.0,8700,24300.0,23822.75,469.45,469.45,469.45,469.45,0,1744880340
2025-04-17 14:30:00,PE,ATM+10,0.0,8700,24300.0,23822.75,469.45,469.45,469.45,469.45,0,1744880400
2025-04-17 14:31:00,PE,ATM+10,0.0,8700,24300.0,23822.75,469.45,469.45,469.45,469.45,0,1744880460
2025-04-17 14:32:00,PE,ATM+10,0.0,8700,24300.0,23822.75,469.45,469.45,469.45,469.45,0,1744880520
2025-04-17 14:33:00,PE,ATM+10,120.611228,2100,24350.0,23858.4,522.1,522.1,498.0,498.0,225,1744880580
2025-04-17 14:34:00,PE,ATM+10,92.577782,2100,24350.0,23858.45,498.0,498.0,492.65,492.65,75,1744880640
2025-04-17 14:35:00,PE,ATM+10,92.577782,2100,24350.0,23858.45,492.65,492.65,492.65,492.65,0,1744880700
2025-04-17 14:36:00,PE,ATM+10,92.577782,2100,24350.0,23858.45,492.65,492.65,492.65,492.65,0,1744880760
2025-04-17 14:37:00,PE,ATM+10,92.577782,2100,24350.0,23858.45,492.65,492.65,492.65,492.65,0,1744880820
2025-04-17 14:38:00,PE,ATM+10,92.577782,2100,24350.0,23858.45,492.65,492.65,492.65,492.65,0,1744880880
2025-04-17 14:39:00,PE,ATM+10,92.577782,2100,24350.0,23858.45,492.65,492.65,492.65,492.65,0,1744880940
2025-04-17 14:40:00,PE,ATM+10,92.577782,2100,24350.0,23858.45,492.65,492.65,492.65,492.65,0,1744881000
2025-04-17 14:41:00,PE,ATM+10,0.0,2025,24350.0,23860.7,492.65,494.25,492.65,494.25,75,1744881060
2025-04-17 14:42:00,PE,ATM+10,0.0,2025,24350.0,23860.7,494.25,494.25,494.25,494.25,0,1744881120
2025-04-17 14:43:00,PE,ATM+10,0.0,2025,24350.0,23860.7,494.25,494.25,494.25,494.25,0,1744881180
2025-04-17 14:44:00,PE,ATM+10,0.0,2025,24350.0,23860.7,494.25,494.25,494.25,494.25,0,1744881240
2025-04-17 14:45:00,PE,ATM+10,0.0,2025,24350.0,23860.7,494.25,494.25,494.25,494.25,0,1744881300
2025-04-17 14:46:00,PE,ATM+10,0.0,2025,24350.0,23845.5,494.25,523.6,494.25,523.6,225,1744881360
2025-04-17 14:47:00,PE,ATM+10,0.0,2025,24350.0,23850.95,517.35,517.35,517.35,517.35,75,1744881420
2025-04-17 14:48:00,PE,ATM+10,0.0,2025,24350.0,23850.95,517.35,517.35,517.35,517.35,0,1744881480
2025-04-17 14:49:00,PE,ATM+10,0.0,2025,24350.0,23861.1,517.35,517.35,498.15,498.15,75,1744881540
2025-04-17 14:50:00,PE,ATM+10,0.0,2025,24350.0,23861.1,498.15,498.15,498.15,498.15,0,1744881600
2025-04-17 14:51:00,PE,ATM+10,0.0,2025,24350.0,23861.1,498.15,498.15,498.15,498.15,0,1744881660
2025-04-17 14:52:00,PE,ATM+10,0.0,2025,24350.0,23856.2,498.15,500.75,498.15,500.75,75,1744881720
2025-04-17 14:53:00,PE,ATM+10,0.0,2025,24350.0,23856.2,500.75,500.75,500.75,500.75,0,1744881780
2025-04-17 14:54:00,PE,ATM+10,0.0,2025,24350.0,23856.2,500.75,500.75,500.75,500.75,0,1744881840
2025-04-17 14:55:00,PE,ATM+10,0.0,2025,24350.0,23856.2,500.75,500.75,500.75,500.75,0,1744881900
2025-04-17 14:56:00,PE,ATM+10,0.0,2025,24350.0,23856.2,500.75,500.75,500.75,500.75,0,1744881960
2025-04-17 14:57:00,PE,ATM+10,0.0,1950,24350.0,23867.4,500.75,500.75,496.4,496.4,75,1744882020
2025-04-17 14:58:00,PE,ATM+10,0.0,1950,24350.0,23867.4,496.4,496.4,496.4,496.4,0,1744882080
2025-04-17 14:59:00,PE,ATM+10,0.0,1950,24350.0,23867.4,496.4,496.4,496.4,496.4,0,1744882140
2025-04-17 15:00:00,PE,ATM+10,0.0,1950,24350.0,23867.4,496.4,496.4,496.4,496.4,0,1744882200
2025-04-17 15:01:00,PE,ATM+10,0.0,1875,24350.0,23857.15,496.4,506.8,496.4,506.8,75,1744882260
2025-04-17 15:02:00,PE,ATM+10,0.0,1875,24350.0,23857.15,506.8,506.8,506.8,506.8,0,1744882320
2025-04-17 15:03:00,PE,ATM+10,0.0,1875,24350.0,23857.15,506.8,506.8,506.8,506.8,0,1744882380
2025-04-17 15:04:00,PE,ATM+10,0.0,1875,24350.0,23857.15,506.8,506.8,506.8,506.8,0,1744882440
2025-04-17 15:05:00,PE,ATM+10,0.0,1875,24350.0,23857.15,506.8,506.8,506.8,506.8,0,1744882500
2025-04-17 15:06:00,PE,ATM+10,0.0,1875,24350.0,23857.15,506.8,506.8,506.8,506.8,0,1744882560
2025-04-17 15:07:00,PE,ATM+10,0.0,1875,24350.0,23857.15,506.8,506.8,506.8,506.8,0,1744882620
2025-04-17 15:08:00,PE,ATM+10,0.0,1875,24350.0,23857.15,506.8,506.8,506.8,506.8,0,1744882680
2025-04-17 15:09:00,PE,ATM+10,0.0,1950,24350.0,23853.15,506.8,506.8,496.85,496.85,75,1744882740
2025-04-17 15:10:00,PE,ATM+10,0.0,1950,24350.0,23853.15,496.85,496.85,496.85,496.85,0,1744882800
2025-04-17 15:11:00,PE,ATM+10,0.0,1950,24350.0,23853.15,496.85,496.85,496.85,496.85,0,1744882860
2025-04-17 15:12:00,PE,ATM+10,0.0,1950,24350.0,23853.15,496.85,496.85,496.85,496.85,0,1744882920
2025-04-17 15:13:00,PE,ATM+10,0.0,1950,24350.0,23847.5,496.85,500.15,496.85,500.15,75,1744882980
2025-04-17 15:14:00,PE,ATM+10,0.0,1950,24350.0,23847.5,500.15,500.15,500.15,500.15,0,1744883040
2025-04-17 15:15:00,PE,ATM+10,0.0,1950,24350.0,23847.5,500.15,500.15,500.15,500.15,0,1744883100
2025-04-17 15:16:00,PE,ATM+10,0.0,1950,24350.0,23847.5,500.15,500.15,500.15,500.15,0,1744883160
2025-04-17 15:17:00,PE,ATM+10,0.0,1875,24350.0,23848.9,500.15,500.15,498.85,498.85,75,1744883220
2025-04-17 15:18:00,PE,ATM+10,0.0,1875,24350.0,23848.9,498.85,498.85,498.85,498.85,0,1744883280
2025-04-17 15:19:00,PE,ATM+10,0.0,1875,24350.0,23848.9,498.85,498.85,498.85,498.85,0,1744883340
2025-04-17 15:20:00,PE,ATM+10,0.0,1875,24350.0,23848.9,498.85,498.85,498.85,498.85,0,1744883400
2025-04-17 15:21:00,PE,ATM+10,0.0,1875,24350.0,23848.9,498.85,498.85,498.85,498.85,0,1744883460
2025-04-17 15:22:00,PE,ATM+10,0.0,1875,24350.0,23848.9,498.85,498.85,498.85,498.85,0,1744883520
2025-04-17 15:23:00,PE,ATM+10,0.0,1875,24350.0,23848.9,498.85,498.85,498.85,498.85,0,1744883580
2025-04-17 15:24:00,PE,ATM+10,0.0,1875,24350.0,23848.9,498.85,498.85,498.85,498.85,0,1744883640
2025-04-17 15:25:00,PE,ATM+10,0.0,1875,24350.0,23848.9,498.85,498.85,498.85,498.85,0,1744883700
2025-04-17 15:26:00,PE,ATM+10,0.0,1875,24350.0,23848.9,498.85,498.85,498.85,498.85,0,1744883760
2025-04-17 15:27:00,PE,ATM+10,0.0,1875,24350.0,23848.9,498.85,498.85,498.85,498.85,0,1744883820
2025-04-17 15:28:00,PE,ATM+10,0.0,1875,24350.0,23848.9,498.85,498.85,498.85,498.85,0,1744883880
2025-04-17 15:29:00,PE,ATM+10,0.0,1875,24350.0,23848.9,498.85,498.85,498.85,498.85,0,1744883940
