datetime,option_type,strike_relative,iv,oi,strike,spot,open,high,low,close,volume,timestamp
2025-08-01 09:15:00,CE,ATM+2,9.61,3229200,24800.0,24723.55,137.65,137.65,101.45,111.6,1824750,1754019900
2025-08-01 09:16:00,CE,ATM+2,9.71,3229200,24800.0,24712.8,109.7,116.65,108.85,108.85,1122000,1754019960
2025-08-01 09:17:00,CE,ATM+2,9.61,3229200,24800.0,24718.15,108.7,113.6,107.4,109.5,945300,1754020020
2025-08-01 09:18:00,CE,ATM+2,9.77,4161525,24800.0,24722.5,109.65,113.8,107.2,113.5,866925,1754020080
2025-08-01 09:19:00,CE,ATM+2,9.98,1712325,24850.0,24726.0,92.8,98.0,91.95,97.2,502350,1754020140
2025-08-01 09:20:00,CE,ATM+2,10.3,1712325,24850.0,24731.2,95.6,103.35,93.7,102.9,583800,1754020200
2025-08-01 09:21:00,CE,ATM+2,10.2,1891875,24850.0,24726.95,100.85,104.65,99.85,100.25,627675,1754020260
2025-08-01 09:22:00,CE,ATM+2,10.25,1891875,24850.0,24725.25,98.4,102.4,96.85,100.15,408825,1754020320
2025-08-01 09:23:00,CE,ATM+2,9.93,4709625,24800.0,24719.0,120.8,123.05,114.45,115.6,784425,1754020380
2025-08-01 09:24:00,CE,ATM+2,9.87,5160525,24800.0,24712.7,115.25,117.35,111.0,111.0,647025,1754020440
2025-08-01 09:25:00,CE,ATM+2,9.99,5160525,24800.0,24698.05,112.25,112.25,105.8,105.9,948375,1754020500
2025-08-01 09:26:00,CE,ATM+2,9.99,5160525,24800.0,24695.05,105.65,105.8,102.5,105.05,1045125,1754020560
2025-08-01 09:27:00,CE,ATM+2,10.19,5778150,24800.0,24685.3,104.75,105.5,103.1,103.7,570900,1754020620
2025-08-01 09:28:00,CE,ATM+2,10.05,5778150,24800.0,24682.7,104.3,104.4,98.8,100.6,858825,1754020680
2025-08-01 09:29:00,CE,ATM+2,10.38,5778150,24800.0,24686.9,101.5,106.2,100.4,105.7,597675,1754020740
2025-08-01 09:30:00,CE,ATM+2,10.44,6282450,24800.0,24680.2,104.05,104.65,100.95,104.3,616950,1754020800
2025-08-01 09:31:00,CE,ATM+2,10.26,6282450,24800.0,24692.55,104.0,107.45,101.55,107.45,649050,1754020860
2025-08-01 09:32:00,CE,ATM+2,10.27,6282450,24800.0,24698.8,107.25,110.2,106.6,109.95,898350,1754020920
2025-08-01 09:33:00,CE,ATM+2,10.38,2455575,24850.0,24734.7,90.7,108.55,90.15,105.6,1215825,1754020980
2025-08-01 09:34:00,CE,ATM+2,10.38,6586050,24800.0,24713.95,127.55,129.25,117.95,117.95,1725825,1754021040
2025-08-01 09:35:00,CE,ATM+2,10.45,6586050,24800.0,24716.25,118.5,125.05,117.25,120.0,1086975,1754021100
2025-08-01 09:36:00,CE,ATM+2,10.48,6812175,24800.0,24721.9,120.25,125.8,119.85,122.6,886575,1754021160
2025-08-01 09:37:00,CE,ATM+2,10.41,6812175,24800.0,24709.5,122.05,122.05,110.65,116.4,1238100,1754021220
2025-08-01 09:38:00,CE,ATM+2,10.48,6812175,24800.0,24712.3,116.3,119.55,114.2,118.25,444300,1754021280
2025-08-01 09:39:00,CE,ATM+2,10.34,6959925,24800.0,24697.8,117.9,118.15,111.0,111.15,586350,1754021340
2025-08-01 09:40:00,CE,ATM+2,10.36,6959925,24800.0,24714.25,111.35,117.75,109.7,117.75,639450,1754021400
2025-08-01 09:41:00,CE,ATM+2,10.24,6959925,24800.0,24717.75,118.55,120.05,116.9,118.3,755625,1754021460
2025-08-01 09:42:00,CE,ATM+2,10.27,7303425,24800.0,24717.25,118.85,120.55,114.0,118.15,716325,1754021520
2025-08-01 09:43:00,CE,ATM+2,10.3,7303425,24800.0,24722.3,118.15,121.4,118.15,120.8,683625,1754021580
2025-08-01 09:44:00,CE,ATM+2,10.32,7303425,24800.0,24709.0,120.5,120.5,113.2,115.0,540375,1754021640
2025-08-01 09:45:00,CE,ATM+2,10.29,7401225,24800.0,24713.35,115.75,116.25,111.0,115.8,539100,1754021700
2025-08-01 09:46:00,CE,ATM+2,10.2,7401225,24800.0,24704.55,115.7,115.85,111.0,112.75,573525,1754021760
2025-08-01 09:47:00,CE,ATM+2,10.22,7401225,24800.0,24706.0,112.8,113.55,108.0,112.25,713550,1754021820
2025-08-01 09:48:00,CE,ATM+2,10.26,7526325,24800.0,24718.5,111.7,118.9,111.2,118.0,712725,1754021880
2025-08-01 09:49:00,CE,ATM+2,10.19,7526325,24800.0,24711.55,117.55,120.25,114.55,114.55,639675,1754021940
2025-08-01 09:50:00,CE,ATM+2,10.35,7526325,24800.0,24713.1,114.35,117.75,114.05,117.15,288600,1754022000
2025-08-01 09:51:00,CE,ATM+2,10.27,7575600,24800.0,24713.25,117.6,121.65,115.65,116.05,656100,1754022060
2025-08-01 09:52:00,CE,ATM+2,10.22,7575600,24800.0,24713.6,115.8,117.2,115.05,116.0,201000,1754022120
2025-08-01 09:53:00,CE,ATM+2,10.29,7575600,24800.0,24705.35,116.2,117.65,111.3,112.7,520050,1754022180
2025-08-01 09:54:00,CE,ATM+2,10.36,7571325,24800.0,24697.25,112.0,112.6,108.8,110.7,641025,1754022240
2025-08-01 09:55:00,CE,ATM+2,10.37,7571325,24800.0,24697.75,110.6,112.0,109.2,110.5,340650,1754022300
2025-08-01 09:56:00,CE,ATM+2,10.26,7571325,24800.0,24693.1,110.95,112.95,107.3,107.3,408000,1754022360
2025-08-01 09:57:00,CE,ATM+2,10.37,7507350,24800.0,24692.1,108.1,109.7,106.6,107.7,427950,1754022420
2025-08-01 09:58:00,CE,ATM+2,10.31,7507350,24800.0,24689.4,107.15,108.2,105.3,105.85,551625,1754022480
2025-08-01 09:59:00,CE,ATM+2,10.22,7507350,24800.0,24696.9,105.85,110.6,105.1,108.15,482100,1754022540
2025-08-01 10:00:00,CE,ATM+2,10.29,7690425,24800.0,24691.6,108.05,108.05,104.05,107.2,473700,1754022600
2025-08-01 10:01:00,CE,ATM+2,10.13,7690425,24800.0,24705.45,106.95,110.9,106.8,110.9,412275,1754022660
2025-08-01 10:02:00,CE,ATM+2,10.14,7690425,24800.0,24708.6,110.4,112.5,109.55,112.0,757350,1754022720
2025-08-01 10:03:00,CE,ATM+2,10.25,3122925,24850.0,24725.7,92.7,100.7,91.05,99.45,639600,1754022780
2025-08-01 10:04:00,CE,ATM+2,10.15,3122925,24850.0,24727.0,98.8,100.85,98.0,99.2,455850,1754022840
2025-08-01 10:05:00,CE,ATM+2,10.16,7866375,24800.0,24720.75,119.3,120.95,114.35,118.0,793575,1754022900
2025-08-01 10:06:00,CE,ATM+2,10.11,7963275,24800.0,24719.0,118.1,118.55,114.55,117.15,484125,1754022960
2025-08-01 10:07:00,CE,ATM+2,10.02,7963275,24800.0,24714.25,117.15,119.8,113.3,113.3,548625,1754023020
2025-08-01 10:08:00,CE,ATM+2,10.18,7963275,24800.0,24715.65,113.65,117.4,113.45,115.8,359175,1754023080
2025-08-01 10:09:00,CE,ATM+2,10.25,3202650,24850.0,24727.05,96.0,102.15,95.85,100.55,300975,1754023140
2025-08-01 10:10:00,CE,ATM+2,10.28,3202650,24850.0,24737.8,100.3,105.5,98.75,105.5,572100,1754023200
2025-08-01 10:11:00,CE,ATM+2,10.19,3202650,24850.0,24738.0,104.9,106.25,103.3,104.35,530175,1754023260
2025-08-01 10:12:00,CE,ATM+2,10.17,3113325,24850.0,24746.0,104.25,107.65,103.7,106.95,534300,1754023320
2025-08-01 10:13:00,CE,ATM+2,10.11,3113325,24850.0,24746.95,106.6,107.65,103.5,107.05,470850,1754023380
2025-08-01 10:14:00,CE,ATM+2,10.18,3113325,24850.0,24745.65,107.7,108.0,104.75,107.7,351450,1754023440
2025-08-01 10:15:00,CE,ATM+2,10.11,3100800,24850.0,24748.85,107.6,109.85,104.4,108.2,472575,1754023500
2025-08-01 10:16:00,CE,ATM+2,10.04,3100800,24850.0,24745.65,108.85,110.25,104.95,104.95,495750,1754023560
2025-08-01 10:17:00,CE,ATM+2,10.15,3100800,24850.0,24737.95,105.45,107.0,102.1,103.25,321975,1754023620
2025-08-01 10:18:00,CE,ATM+2,10.14,3026925,24850.0,24741.6,102.55,105.8,100.55,105.35,366600,1754023680
2025-08-01 10:19:00,CE,ATM+2,10.1,3026925,24850.0,24751.35,105.6,109.3,105.6,109.2,411225,1754023740
2025-08-01 10:20:00,CE,ATM+2,10.33,3026925,24850.0,24766.1,108.65,118.9,107.3,118.1,997425,1754023800
2025-08-01 10:21:00,CE,ATM+2,10.13,3071475,24850.0,24774.55,118.3,123.45,116.9,119.6,1434750,1754023860
2025-08-01 10:22:00,CE,ATM+2,10.02,3071475,24850.0,24768.75,120.75,121.8,114.9,114.95,677775,1754023920
2025-08-01 10:23:00,CE,ATM+2,10.16,3071475,24850.0,24756.8,114.3,114.3,108.75,112.05,674325,1754023980
2025-08-01 10:24:00,CE,ATM+2,10.13,3090675,24850.0,24756.1,113.0,114.95,110.75,111.1,354150,1754024040
2025-08-01 10:25:00,CE,ATM+2,10.22,3090675,24850.0,24766.1,110.3,118.1,110.3,117.15,529650,1754024100
2025-08-01 10:26:00,CE,ATM+2,10.19,3090675,24850.0,24763.6,116.4,116.4,113.0,115.3,303375,1754024160
2025-08-01 10:27:00,CE,ATM+2,10.17,3166275,24850.0,24766.4,114.8,117.35,114.55,116.35,228900,1754024220
2025-08-01 10:28:00,CE,ATM+2,10.2,3166275,24850.0,24757.35,116.9,116.9,110.85,112.6,314925,1754024280
2025-08-01 10:29:00,CE,ATM+2,10.19,3166275,24850.0,24764.45,112.2,116.0,112.0,115.75,216225,1754024340
2025-08-01 10:30:00,CE,ATM+2,10.16,3236550,24850.0,24758.25,116.0,118.6,111.8,112.05,417075,1754024400
2025-08-01 10:31:00,CE,ATM+2,10.17,3236550,24850.0,24773.0,111.8,120.6,111.8,119.45,341250,1754024460
2025-08-01 10:32:00,CE,ATM+2,10.42,5717550,24900.0,24779.25,99.45,105.1,99.0,103.6,1185525,1754024520
2025-08-01 10:33:00,CE,ATM+2,10.37,5546250,24900.0,24780.2,104.1,104.25,100.25,103.65,597000,1754024580
2025-08-01 10:34:00,CE,ATM+2,10.32,5546250,24900.0,24778.1,103.6,104.4,101.2,102.0,479550,1754024640
2025-08-01 10:35:00,CE,ATM+2,10.19,5546250,24900.0,24776.8,101.5,101.75,97.9,100.2,584925,1754024700
2025-08-01 10:36:00,CE,ATM+2,10.3,5595375,24900.0,24779.05,100.55,103.15,100.1,101.9,426225,1754024760
2025-08-01 10:37:00,CE,ATM+2,10.18,5595375,24900.0,24781.65,101.5,103.1,99.2,101.2,424725,1754024820
2025-08-01 10:38:00,CE,ATM+2,10.0,5595375,24900.0,24775.8,100.5,102.45,96.55,96.6,458325,1754024880
2025-08-01 10:39:00,CE,ATM+2,10.0,3200025,24850.0,24771.3,117.05,118.65,114.65,116.1,366975,1754024940
2025-08-01 10:40:00,CE,ATM+2,10.02,3200025,24850.0,24774.2,116.2,119.95,116.2,118.0,232650,1754025000
2025-08-01 10:41:00,CE,ATM+2,9.99,3200025,24850.0,24768.35,116.75,117.25,113.15,114.1,339225,1754025060
2025-08-01 10:42:00,CE,ATM+2,9.89,3177225,24850.0,24758.25,114.3,115.5,108.8,109.0,501600,1754025120
2025-08-01 10:43:00,CE,ATM+2,10.1,3177225,24850.0,24761.8,109.65,113.2,109.55,113.2,209550,1754025180
2025-08-01 10:44:00,CE,ATM+2,10.19,3177225,24850.0,24769.45,114.4,118.15,114.4,118.15,335925,1754025240
2025-08-01 10:45:00,CE,ATM+2,10.11,3257175,24850.0,24768.85,117.55,119.4,115.95,116.55,300600,1754025300
2025-08-01 10:46:00,CE,ATM+2,10.18,3257175,24850.0,24757.8,115.15,115.2,109.45,112.5,348750,1754025360
2025-08-01 10:47:00,CE,ATM+2,10.15,3257175,24850.0,24769.75,112.75,117.9,111.45,117.55,241425,1754025420
2025-08-01 10:48:00,CE,ATM+2,10.04,3263625,24850.0,24758.35,117.2,118.0,109.65,111.0,295275,1754025480
2025-08-01 10:49:00,CE,ATM+2,10.01,3263625,24850.0,24757.65,110.75,112.5,110.1,110.3,168150,1754025540
2025-08-01 10:50:00,CE,ATM+2,9.99,3263625,24850.0,24742.25,111.5,112.05,101.9,103.65,651000,1754025600
2025-08-01 10:51:00,CE,ATM+2,10.05,3104550,24850.0,24747.05,103.55,106.65,98.2,105.95,561750,1754025660
2025-08-01 10:52:00,CE,ATM+2,10.07,3104550,24850.0,24749.2,105.2,108.15,105.2,106.65,273825,1754025720
2025-08-01 10:53:00,CE,ATM+2,10.04,3104550,24850.0,24750.2,106.5,109.7,106.4,106.95,240450,1754025780
2025-08-01 10:54:00,CE,ATM+2,9.86,3226725,24850.0,24739.85,106.3,106.4,100.75,100.75,295425,1754025840
2025-08-01 10:55:00,CE,ATM+2,10.1,3226725,24850.0,24740.6,101.65,104.2,100.4,103.75,197400,1754025900
2025-08-01 10:56:00,CE,ATM+2,10.11,3226725,24850.0,24740.8,103.85,104.4,102.7,104.25,144375,1754025960
2025-08-01 10:57:00,CE,ATM+2,9.96,3216900,24850.0,24744.95,103.8,105.4,102.15,103.75,176100,1754026020
2025-08-01 10:58:00,CE,ATM+2,10.04,3216900,24850.0,24741.4,103.75,104.5,100.4,103.25,225300,1754026080
2025-08-01 10:59:00,CE,ATM+2,10.08,3216900,24850.0,24743.4,103.25,105.25,100.95,105.25,148800,1754026140
2025-08-01 11:00:00,CE,ATM+2,9.99,3285825,24850.0,24751.8,105.7,108.3,105.2,107.3,300150,1754026200
2025-08-01 11:01:00,CE,ATM+2,9.96,3285825,24850.0,24759.85,107.3,111.2,106.3,110.95,354150,1754026260
2025-08-01 11:02:00,CE,ATM+2,10.05,3285825,24850.0,24767.0,111.45,116.75,111.45,114.75,652350,1754026320
2025-08-01 11:03:00,CE,ATM+2,10.1,3464925,24850.0,24767.2,114.45,116.75,113.05,115.1,342525,1754026380
2025-08-01 11:04:00,CE,ATM+2,10.01,3464925,24850.0,24767.25,114.6,116.9,114.05,114.05,269550,1754026440
2025-08-01 11:05:00,CE,ATM+2,10.01,3464925,24850.0,24761.2,115.0,116.15,111.35,111.5,285525,1754026500
2025-08-01 11:06:00,CE,ATM+2,10.07,3411450,24850.0,24756.85,111.25,111.35,106.5,109.9,354450,1754026560
2025-08-01 11:07:00,CE,ATM+2,9.99,3411450,24850.0,24748.2,110.15,110.15,104.15,104.75,254325,1754026620
2025-08-01 11:08:00,CE,ATM+2,9.91,8586300,24800.0,24722.65,124.5,126.3,114.65,114.85,1431000,1754026680
2025-08-01 11:09:00,CE,ATM+2,10.02,8363400,24800.0,24721.35,114.75,118.8,113.5,116.3,1020600,1754026740
2025-08-01 11:10:00,CE,ATM+2,10.09,8363400,24800.0,24719.75,116.3,118.0,112.5,115.8,767850,1754026800
2025-08-01 11:11:00,CE,ATM+2,10.08,8363400,24800.0,24723.0,115.75,120.05,115.6,117.6,662025,1754026860
2025-08-01 11:12:00,CE,ATM+2,10.05,8455500,24800.0,24723.2,118.2,118.3,115.25,116.5,453675,1754026920
2025-08-01 11:13:00,CE,ATM+2,10.13,8455500,24800.0,24710.4,116.0,116.05,110.6,113.05,813975,1754026980
2025-08-01 11:14:00,CE,ATM+2,9.93,8455500,24800.0,24710.25,113.25,113.3,109.35,109.9,617250,1754027040
2025-08-01 11:15:00,CE,ATM+2,10.01,8585400,24800.0,24706.35,110.25,111.9,108.5,109.0,492150,1754027100
2025-08-01 11:16:00,CE,ATM+2,10.01,8585400,24800.0,24717.95,109.55,114.0,109.45,113.95,532800,1754027160
2025-08-01 11:17:00,CE,ATM+2,9.96,8585400,24800.0,24713.1,113.7,113.7,109.4,111.6,440250,1754027220
2025-08-01 11:18:00,CE,ATM+2,10.51,4784400,24750.0,24672.15,134.6,134.6,121.5,121.5,1258575,1754027280
2025-08-01 11:19:00,CE,ATM+2,10.23,8681475,24800.0,24689.25,99.9,105.0,99.9,104.45,1002150,1754027340
2025-08-01 11:20:00,CE,ATM+2,10.22,8681475,24800.0,24691.8,104.3,105.4,103.55,105.4,433500,1754027400
2025-08-01 11:21:00,CE,ATM+2,10.19,9011850,24800.0,24695.75,105.25,106.6,104.4,106.3,474375,1754027460
2025-08-01 11:22:00,CE,ATM+2,10.17,9011850,24800.0,24701.9,106.35,111.0,106.35,108.4,783000,1754027520
2025-08-01 11:23:00,CE,ATM+2,10.19,9011850,24800.0,24700.7,107.65,108.75,107.05,108.6,303825,1754027580
2025-08-01 11:24:00,CE,ATM+2,10.11,9162000,24800.0,24701.1,108.55,110.85,106.6,107.8,453750,1754027640
2025-08-01 11:25:00,CE,ATM+2,10.17,9162000,24800.0,24704.5,107.7,110.95,107.7,109.0,380625,1754027700
2025-08-01 11:26:00,CE,ATM+2,10.2,9162000,24800.0,24698.25,109.0,109.75,106.5,108.25,282525,1754027760
2025-08-01 11:27:00,CE,ATM+2,10.17,9274650,24800.0,24696.25,108.65,108.65,105.1,106.65,344775,1754027820
2025-08-01 11:28:00,CE,ATM+2,10.08,9274650,24800.0,24690.45,107.0,107.25,102.15,102.85,519900,1754027880
2025-08-01 11:29:00,CE,ATM+2,10.19,9274650,24800.0,24692.7,103.05,106.75,102.5,105.75,355650,1754027940
2025-08-01 11:30:00,CE,ATM+2,10.3,9393000,24800.0,24681.6,105.55,105.55,100.8,102.1,447975,1754028000
2025-08-01 11:31:00,CE,ATM+2,10.2,9393000,24800.0,24689.0,102.0,104.45,101.3,104.0,288675,1754028060
2025-08-01 11:32:00,CE,ATM+2,10.25,9393000,24800.0,24679.3,104.1,104.1,100.0,100.0,489450,1754028120
2025-08-01 11:33:00,CE,ATM+2,10.19,9538275,24800.0,24680.95,100.8,102.65,100.0,100.45,331125,1754028180
2025-08-01 11:34:00,CE,ATM+2,10.23,9538275,24800.0,24682.15,101.0,102.3,100.4,101.25,262800,1754028240
2025-08-01 11:35:00,CE,ATM+2,10.3,9538275,24800.0,24678.9,102.0,102.3,96.55,100.95,832125,1754028300
2025-08-01 11:36:00,CE,ATM+2,10.29,9699525,24800.0,24677.05,100.8,102.75,98.8,99.25,370425,1754028360
2025-08-01 11:37:00,CE,ATM+2,10.26,9699525,24800.0,24683.1,99.55,102.25,98.8,102.0,301275,1754028420
2025-08-01 11:38:00,CE,ATM+2,10.19,9699525,24800.0,24678.15,102.0,102.8,98.55,98.8,556950,1754028480
2025-08-01 11:39:00,CE,ATM+2,10.17,5293200,24750.0,24669.45,119.55,120.4,112.7,116.55,663225,1754028540
2025-08-01 11:40:00,CE,ATM+2,10.18,5293200,24750.0,24672.95,117.55,120.15,115.55,117.8,464700,1754028600
2025-08-01 11:41:00,CE,ATM+2,10.18,5293200,24750.0,24667.7,119.1,119.1,114.9,115.65,382500,1754028660
2025-08-01 11:42:00,CE,ATM+2,10.26,5279025,24750.0,24666.7,115.8,117.5,113.4,115.9,413475,1754028720
2025-08-01 11:43:00,CE,ATM+2,10.19,5279025,24750.0,24664.05,116.0,118.15,114.4,114.4,291450,1754028780
2025-08-01 11:44:00,CE,ATM+2,10.17,5279025,24750.0,24646.85,113.9,114.5,105.4,106.5,1000425,1754028840
2025-08-01 11:45:00,CE,ATM+2,10.16,5328075,24750.0,24654.35,107.75,113.25,106.9,109.35,709500,1754028900
2025-08-01 11:46:00,CE,ATM+2,10.18,5328075,24750.0,24658.75,108.9,111.85,108.9,111.8,277125,1754028960
2025-08-01 11:47:00,CE,ATM+2,10.2,5328075,24750.0,24658.2,111.7,113.35,111.5,111.95,270075,1754029020
2025-08-01 11:48:00,CE,ATM+2,10.22,5389500,24750.0,24659.9,112.5,113.8,111.9,112.8,163125,1754029080
2025-08-01 11:49:00,CE,ATM+2,10.23,5389500,24750.0,24666.95,112.9,117.8,112.5,116.1,405825,1754029140
2025-08-01 11:50:00,CE,ATM+2,10.26,5389500,24750.0,24662.6,116.1,116.1,113.95,114.75,258150,1754029200
2025-08-01 11:51:00,CE,ATM+2,10.29,5426325,24750.0,24669.0,114.3,117.95,113.45,117.35,282750,1754029260
2025-08-01 11:52:00,CE,ATM+2,10.27,5426325,24750.0,24672.4,117.3,119.85,116.5,119.1,435750,1754029320
2025-08-01 11:53:00,CE,ATM+2,10.28,5426325,24750.0,24674.9,119.05,121.0,117.3,120.6,285375,1754029380
2025-08-01 11:54:00,CE,ATM+2,10.41,5457375,24750.0,24665.55,120.55,120.8,116.6,117.6,241425,1754029440
2025-08-01 11:55:00,CE,ATM+2,10.34,5457375,24750.0,24662.65,117.25,117.85,115.25,115.5,194775,1754029500
2025-08-01 11:56:00,CE,ATM+2,10.35,5457375,24750.0,24657.85,115.7,118.25,113.5,113.5,241650,1754029560
2025-08-01 11:57:00,CE,ATM+2,10.43,5375250,24750.0,24656.65,114.0,114.9,112.7,113.9,177525,1754029620
2025-08-01 11:58:00,CE,ATM+2,10.35,5375250,24750.0,24667.2,113.75,119.0,113.75,117.2,240900,1754029680
2025-08-01 11:59:00,CE,ATM+2,10.37,5375250,24750.0,24659.4,117.6,119.05,113.9,114.25,192975,1754029740
2025-08-01 12:00:00,CE,ATM+2,10.36,5434500,24750.0,24657.05,115.05,115.9,112.8,113.15,161175,1754029800
2025-08-01 12:01:00,CE,ATM+2,10.26,5434500,24750.0,24654.45,113.5,113.5,110.55,110.6,282900,1754029860
2025-08-01 12:02:00,CE,ATM+2,10.39,5434500,24750.0,24648.6,110.7,111.25,108.5,109.65,435900,1754029920
2025-08-01 12:03:00,CE,ATM+2,10.35,5318025,24750.0,24650.6,109.95,110.9,108.85,110.25,162900,1754029980
2025-08-01 12:04:00,CE,ATM+2,10.3,5318025,24750.0,24650.7,110.5,113.15,108.75,109.9,338025,1754030040
2025-08-01 12:05:00,CE,ATM+2,10.22,5318025,24750.0,24652.5,110.55,111.05,108.65,109.55,152925,1754030100
2025-08-01 12:06:00,CE,ATM+2,10.16,5340750,24750.0,24660.05,110.0,112.85,109.45,112.2,164625,1754030160
2025-08-01 12:07:00,CE,ATM+2,10.34,5340750,24750.0,24663.6,112.9,116.0,112.9,114.95,352350,1754030220
2025-08-01 12:08:00,CE,ATM+2,10.26,5340750,24750.0,24663.45,114.95,115.35,114.3,115.25,133875,1754030280
2025-08-01 12:09:00,CE,ATM+2,10.23,5424300,24750.0,24670.6,114.8,117.85,114.75,117.55,207675,1754030340
2025-08-01 12:10:00,CE,ATM+2,10.31,5424300,24750.0,24666.55,116.15,116.5,113.9,116.5,188775,1754030400
2025-08-01 12:11:00,CE,ATM+2,10.31,5424300,24750.0,24665.15,116.55,117.0,114.45,115.95,118275,1754030460
2025-08-01 12:12:00,CE,ATM+2,10.39,5423700,24750.0,24659.2,115.7,115.7,111.5,114.55,245925,1754030520
2025-08-01 12:13:00,CE,ATM+2,10.3,5423700,24750.0,24660.45,114.45,115.6,113.7,114.0,108375,1754030580
2025-08-01 12:14:00,CE,ATM+2,10.27,5423700,24750.0,24654.05,114.2,115.3,110.1,110.2,213975,1754030640
2025-08-01 12:15:00,CE,ATM+2,10.31,5390850,24750.0,24658.55,110.35,113.4,108.6,113.15,245400,1754030700
2025-08-01 12:16:00,CE,ATM+2,10.4,5390850,24750.0,24653.15,112.9,113.4,111.4,111.8,145725,1754030760
2025-08-01 12:17:00,CE,ATM+2,10.41,5390850,24750.0,24654.55,112.05,113.25,111.5,112.75,117975,1754030820
2025-08-01 12:18:00,CE,ATM+2,10.57,5433300,24750.0,24652.9,111.7,114.15,109.8,113.7,182550,1754030880
2025-08-01 12:19:00,CE,ATM+2,10.53,5433300,24750.0,24653.6,113.65,114.05,110.2,114.05,190125,1754030940
2025-08-01 12:20:00,CE,ATM+2,10.41,5433300,24750.0,24658.95,114.3,114.55,111.3,113.8,217125,1754031000
2025-08-01 12:21:00,CE,ATM+2,10.3,5408850,24750.0,24662.85,114.0,116.0,113.05,115.0,207000,1754031060
2025-08-01 12:22:00,CE,ATM+2,10.34,5408850,24750.0,24669.65,115.2,118.45,115.2,118.35,347100,1754031120
2025-08-01 12:23:00,CE,ATM+2,10.36,5408850,24750.0,24671.95,117.75,120.1,115.0,120.1,279000,1754031180
2025-08-01 12:24:00,CE,ATM+2,10.28,5429850,24750.0,24674.35,119.75,120.9,119.2,119.75,364875,1754031240
2025-08-01 12:25:00,CE,ATM+2,10.32,5429850,24750.0,24672.7,119.25,119.9,116.1,119.7,314775,1754031300
2025-08-01 12:26:00,CE,ATM+2,10.26,5429850,24750.0,24668.45,119.3,119.3,115.7,116.15,145650,1754031360
2025-08-01 12:27:00,CE,ATM+2,10.24,5439225,24750.0,24665.25,115.8,115.8,113.25,115.15,219600,1754031420
2025-08-01 12:28:00,CE,ATM+2,10.16,5439225,24750.0,24662.5,115.05,116.1,112.4,112.45,159450,1754031480
2025-08-01 12:29:00,CE,ATM+2,10.11,5439225,24750.0,24664.75,113.0,114.4,112.05,113.1,136950,1754031540
2025-08-01 12:30:00,CE,ATM+2,10.15,5504625,24750.0,24670.25,112.85,116.4,112.15,115.95,174150,1754031600
2025-08-01 12:31:00,CE,ATM+2,10.08,10658925,24800.0,24692.2,96.9,104.95,96.5,103.0,1482825,1754031660
2025-08-01 12:32:00,CE,ATM+2,10.14,10658925,24800.0,24685.65,102.6,103.25,99.3,100.95,628650,1754031720
2025-08-01 12:33:00,CE,ATM+2,9.94,5556150,24750.0,24673.65,121.55,121.55,112.85,114.95,543525,1754031780
2025-08-01 12:34:00,CE,ATM+2,10.01,5556150,24750.0,24660.4,114.9,115.25,108.4,109.35,515775,1754031840
2025-08-01 12:35:00,CE,ATM+2,10.28,5556150,24750.0,24645.35,109.0,109.1,102.9,107.05,872100,1754031900
2025-08-01 12:36:00,CE,ATM+2,10.29,5417025,24750.0,24648.85,107.8,109.5,107.05,108.25,356475,1754031960
2025-08-01 12:37:00,CE,ATM+2,10.11,5417025,24750.0,24657.25,108.45,111.75,108.45,110.2,285825,1754032020
2025-08-01 12:38:00,CE,ATM+2,10.14,5417025,24750.0,24654.3,110.65,110.65,108.55,108.9,204000,1754032080
2025-08-01 12:39:00,CE,ATM+2,10.23,5531100,24750.0,24646.25,109.0,109.7,105.55,106.15,234825,1754032140
2025-08-01 12:40:00,CE,ATM+2,10.36,5531100,24750.0,24638.4,105.85,106.7,104.0,104.85,374250,1754032200
2025-08-01 12:41:00,CE,ATM+2,10.45,5531100,24750.0,24647.45,104.65,109.6,103.4,109.25,362400,1754032260
2025-08-01 12:42:00,CE,ATM+2,10.53,5487375,24750.0,24642.4,107.1,109.25,106.55,108.75,257700,1754032320
2025-08-01 12:43:00,CE,ATM+2,10.88,10399425,24700.0,24613.25,129.4,129.4,121.1,122.85,1049550,1754032380
2025-08-01 12:44:00,CE,ATM+2,10.43,5487375,24750.0,24635.45,103.2,106.6,103.2,104.4,335325,1754032440
2025-08-01 12:45:00,CE,ATM+2,10.52,5468625,24750.0,24634.3,105.0,105.75,103.95,105.35,214125,1754032500
2025-08-01 12:46:00,CE,ATM+2,10.45,5468625,24750.0,24635.95,105.1,105.5,103.0,105.1,136425,1754032560
2025-08-01 12:47:00,CE,ATM+2,10.26,5468625,24750.0,24648.3,107.0,107.65,105.9,107.35,329475,1754032620
2025-08-01 12:48:00,CE,ATM+2,10.32,5558175,24750.0,24645.1,107.2,107.2,105.35,106.8,183150,1754032680
2025-08-01 12:49:00,CE,ATM+2,10.19,5558175,24750.0,24642.0,106.35,107.0,103.5,103.5,156525,1754032740
2025-08-01 12:50:00,CE,ATM+2,10.19,5558175,24750.0,24640.45,103.25,106.15,102.0,102.95,310500,1754032800
2025-08-01 12:51:00,CE,ATM+2,10.17,5504550,24750.0,24643.75,102.8,105.2,98.05,105.2,569625,1754032860
2025-08-01 12:52:00,CE,ATM+2,10.25,5504550,24750.0,24644.2,105.0,106.0,103.95,105.4,210300,1754032920
2025-08-01 12:53:00,CE,ATM+2,10.29,5504550,24750.0,24645.55,105.6,106.5,104.25,106.3,162075,1754032980
2025-08-01 12:54:00,CE,ATM+2,10.18,5479800,24750.0,24649.9,106.3,108.2,105.5,107.4,186000,1754033040
2025-08-01 12:55:00,CE,ATM+2,10.2,5479800,24750.0,24652.7,107.25,109.3,106.55,109.0,195900,1754033100
2025-08-01 12:56:00,CE,ATM+2,10.25,5479800,24750.0,24648.85,108.8,110.3,105.85,107.3,239475,1754033160
2025-08-01 12:57:00,CE,ATM+2,10.22,5501325,24750.0,24652.3,107.0,109.25,106.45,108.45,132675,1754033220
2025-08-01 12:58:00,CE,ATM+2,10.29,5501325,24750.0,24647.15,108.75,108.75,105.35,107.45,137175,1754033280
2025-08-01 12:59:00,CE,ATM+2,10.14,5501325,24750.0,24644.8,107.35,107.65,104.7,104.8,128175,1754033340
2025-08-01 13:00:00,CE,ATM+2,10.31,5501325,24750.0,24643.0,104.7,107.05,104.3,105.55,137400,1754033400
2025-08-01 13:01:00,CE,ATM+2,10.31,5451900,24750.0,24644.15,106.15,106.8,104.45,106.15,142800,1754033460
2025-08-01 13:02:00,CE,ATM+2,10.31,5451900,24750.0,24641.4,106.4,106.8,104.45,105.0,95100,1754033520
2025-08-01 13:03:00,CE,ATM+2,10.32,5451900,24750.0,24640.8,104.45,105.4,102.3,105.05,103650,1754033580
2025-08-01 13:04:00,CE,ATM+2,10.32,5474700,24750.0,24639.4,104.85,104.85,102.2,104.55,148650,1754033640
2025-08-01 13:05:00,CE,ATM+2,10.22,5474700,24750.0,24652.45,104.7,109.35,104.7,108.55,265875,1754033700
2025-08-01 13:06:00,CE,ATM+2,10.18,5474700,24750.0,24659.4,108.45,112.0,107.7,111.65,300225,1754033760
2025-08-01 13:07:00,CE,ATM+2,10.11,5501775,24750.0,24661.75,111.85,113.85,110.65,111.7,409275,1754033820
2025-08-01 13:08:00,CE,ATM+2,10.15,5501775,24750.0,24661.25,111.05,112.75,110.85,111.55,173625,1754033880
2025-08-01 13:09:00,CE,ATM+2,10.01,5501775,24750.0,24652.7,110.95,110.95,105.7,106.5,285975,1754033940
2025-08-01 13:10:00,CE,ATM+2,10.2,5455725,24750.0,24646.25,106.45,107.6,104.5,106.2,234225,1754034000
2025-08-01 13:11:00,CE,ATM+2,10.24,5455725,24750.0,24647.2,106.55,107.9,105.7,106.4,163500,1754034060
2025-08-01 13:12:00,CE,ATM+2,10.25,5455725,24750.0,24657.75,106.65,111.55,106.1,111.15,186600,1754034120
2025-08-01 13:13:00,CE,ATM+2,10.16,5566200,24750.0,24661.95,110.7,112.5,109.6,112.1,181050,1754034180
2025-08-01 13:14:00,CE,ATM+2,10.15,5566200,24750.0,24655.4,112.05,112.25,108.65,108.9,171825,1754034240
2025-08-01 13:15:00,CE,ATM+2,10.15,5566200,24750.0,24655.15,109.25,110.55,108.65,109.0,123450,1754034300
2025-08-01 13:16:00,CE,ATM+2,10.26,5595375,24750.0,24655.85,108.8,111.0,107.55,111.0,160725,1754034360
2025-08-01 13:17:00,CE,ATM+2,10.3,5595375,24750.0,24659.5,110.95,112.8,109.9,112.75,194850,1754034420
2025-08-01 13:18:00,CE,ATM+2,10.15,5595375,24750.0,24649.95,111.0,111.2,106.5,106.8,213600,1754034480
2025-08-01 13:19:00,CE,ATM+2,10.18,5572500,24750.0,24651.35,107.2,109.0,107.15,107.35,131550,1754034540
2025-08-01 13:20:00,CE,ATM+2,10.25,5572500,24750.0,24649.9,106.75,109.4,106.75,107.75,103725,1754034600
2025-08-01 13:21:00,CE,ATM+2,10.28,5572500,24750.0,24654.15,107.65,110.15,105.6,110.15,164850,1754034660
2025-08-01 13:22:00,CE,ATM+2,10.2,5543775,24750.0,24658.95,109.85,111.75,109.05,111.2,143700,1754034720
2025-08-01 13:23:00,CE,ATM+2,10.17,5543775,24750.0,24664.1,111.65,113.4,110.5,112.8,198975,1754034780
2025-08-01 13:24:00,CE,ATM+2,10.19,5543775,24750.0,24661.6,112.9,113.3,110.9,112.3,163200,1754034840
2025-08-01 13:25:00,CE,ATM+2,10.04,10804050,24800.0,24676.0,92.3,96.35,90.3,95.65,584925,1754034900
2025-08-01 13:26:00,CE,ATM+2,9.93,10804050,24800.0,24682.75,96.0,98.0,95.75,97.0,793275,1754034960
2025-08-01 13:27:00,CE,ATM+2,9.93,10804050,24800.0,24681.55,97.15,98.25,95.45,96.3,627300,1754035020
2025-08-01 13:28:00,CE,ATM+2,9.87,10677225,24800.0,24683.25,96.75,97.95,95.9,96.05,295275,1754035080
2025-08-01 13:29:00,CE,ATM+2,10.0,10677225,24800.0,24683.75,96.5,97.9,94.5,97.9,417600,1754035140
2025-08-01 13:30:00,CE,ATM+2,9.91,10677225,24800.0,24677.6,97.3,97.5,93.5,94.3,444975,1754035200
2025-08-01 13:31:00,CE,ATM+2,9.85,10699800,24800.0,24689.2,95.0,100.55,95.0,98.7,894450,1754035260
2025-08-01 13:32:00,CE,ATM+2,9.91,10699800,24800.0,24689.55,99.3,100.3,98.15,99.75,627375,1754035320
2025-08-01 13:33:00,CE,ATM+2,9.85,10699800,24800.0,24681.55,99.2,99.2,93.9,95.5,627900,1754035380
2025-08-01 13:34:00,CE,ATM+2,9.74,5447025,24750.0,24671.5,116.1,116.1,110.1,111.35,397425,1754035440
2025-08-01 13:35:00,CE,ATM+2,9.77,5447025,24750.0,24666.85,111.45,111.75,108.6,109.3,325575,1754035500
2025-08-01 13:36:00,CE,ATM+2,9.85,5447025,24750.0,24663.45,109.5,112.15,108.6,108.85,184350,1754035560
2025-08-01 13:37:00,CE,ATM+2,9.92,5307975,24750.0,24659.4,108.5,108.65,105.15,108.05,322875,1754035620
2025-08-01 13:38:00,CE,ATM+2,10.5,10581750,24700.0,24618.2,130.1,130.25,116.45,118.2,1938975,1754035680
2025-08-01 13:39:00,CE,ATM+2,10.0,5307975,24750.0,24636.25,99.0,101.55,98.4,99.6,456150,1754035740
2025-08-01 13:40:00,CE,ATM+2,9.83,5304150,24750.0,24643.3,100.5,101.35,99.4,99.4,270600,1754035800
2025-08-01 13:41:00,CE,ATM+2,9.95,5304150,24750.0,24646.35,100.4,102.7,99.25,102.7,217200,1754035860
2025-08-01 13:42:00,CE,ATM+2,9.85,5304150,24750.0,24654.95,103.1,105.75,102.4,104.7,358650,1754035920
2025-08-01 13:43:00,CE,ATM+2,9.9,5394150,24750.0,24656.65,104.8,107.2,104.7,106.35,242625,1754035980
2025-08-01 13:44:00,CE,ATM+2,9.81,5394150,24750.0,24668.6,106.5,112.15,106.5,110.4,437025,1754036040
2025-08-01 13:45:00,CE,ATM+2,9.85,5394150,24750.0,24668.1,110.85,111.55,109.75,110.5,235350,1754036100
2025-08-01 13:46:00,CE,ATM+2,9.85,5410950,24750.0,24668.45,110.0,111.95,108.85,111.25,225525,1754036160
2025-08-01 13:47:00,CE,ATM+2,9.79,5410950,24750.0,24664.7,110.5,110.8,107.05,108.55,189975,1754036220
2025-08-01 13:48:00,CE,ATM+2,9.74,5410950,24750.0,24667.95,108.45,112.45,108.1,109.15,276300,1754036280
2025-08-01 13:49:00,CE,ATM+2,9.77,5368050,24750.0,24665.5,109.3,109.75,107.65,108.05,121350,1754036340
2025-08-01 13:50:00,CE,ATM+2,9.81,5368050,24750.0,24659.9,108.3,108.35,105.5,106.0,187500,1754036400
2025-08-01 13:51:00,CE,ATM+2,9.87,5368050,24750.0,24658.45,106.65,107.75,104.9,106.8,235125,1754036460
2025-08-01 13:52:00,CE,ATM+2,9.86,5295450,24750.0,24664.25,107.1,109.65,105.25,108.8,135075,1754036520
2025-08-01 13:53:00,CE,ATM+2,9.89,5295450,24750.0,24659.65,108.7,108.95,106.25,106.5,105675,1754036580
2025-08-01 13:54:00,CE,ATM+2,9.89,5295450,24750.0,24658.65,106.3,107.85,105.6,107.85,91800,1754036640
2025-08-01 13:55:00,CE,ATM+2,9.79,5315100,24750.0,24656.9,108.0,110.25,104.4,104.55,200850,1754036700
2025-08-01 13:56:00,CE,ATM+2,9.92,5315100,24750.0,24653.05,104.8,105.8,103.4,104.5,192000,1754036760
2025-08-01 13:57:00,CE,ATM+2,9.82,5315100,24750.0,24653.15,103.95,105.0,103.0,103.1,133350,1754036820
2025-08-01 13:58:00,CE,ATM+2,9.82,5352900,24750.0,24653.25,103.4,103.95,101.7,103.3,205350,1754036880
2025-08-01 13:59:00,CE,ATM+2,9.99,5352900,24750.0,24643.85,103.1,103.3,97.3,101.8,446550,1754036940
2025-08-01 14:00:00,CE,ATM+2,9.79,5352900,24750.0,24650.75,102.2,104.1,102.0,102.0,234825,1754037000
2025-08-01 14:01:00,CE,ATM+2,9.83,5375700,24750.0,24649.4,102.3,102.9,101.3,101.6,92700,1754037060
2025-08-01 14:02:00,CE,ATM+2,9.96,5375700,24750.0,24640.65,102.25,102.25,99.55,100.3,132150,1754037120
2025-08-01 14:03:00,CE,ATM+2,9.92,5375700,24750.0,24640.45,100.5,100.5,98.8,99.5,130575,1754037180
2025-08-01 14:04:00,CE,ATM+2,9.95,5418150,24750.0,24644.6,99.35,101.65,98.6,101.65,146250,1754037240
2025-08-01 14:05:00,CE,ATM+2,9.96,5418150,24750.0,24646.25,101.75,102.95,101.75,102.1,144900,1754037300
2025-08-01 14:06:00,CE,ATM+2,9.87,5418150,24750.0,24649.5,102.3,104.2,101.15,102.6,165525,1754037360
2025-08-01 14:07:00,CE,ATM+2,9.95,5434575,24750.0,24643.0,102.0,103.35,99.2,100.7,168675,1754037420
2025-08-01 14:08:00,CE,ATM+2,9.95,5434575,24750.0,24642.8,100.85,102.0,99.7,100.6,89475,1754037480
2025-08-01 14:09:00,CE,ATM+2,9.92,5434575,24750.0,24644.75,100.85,102.0,100.5,101.4,48450,1754037540
2025-08-01 14:10:00,CE,ATM+2,9.95,5459850,24750.0,24646.9,101.2,103.0,100.1,102.6,101475,1754037600
2025-08-01 14:11:00,CE,ATM+2,9.82,5459850,24750.0,24661.0,102.45,106.85,102.45,106.45,429675,1754037660
2025-08-01 14:12:00,CE,ATM+2,9.79,5459850,24750.0,24658.5,106.5,107.9,104.3,105.0,321900,1754037720
2025-08-01 14:13:00,CE,ATM+2,9.87,5458275,24750.0,24647.1,105.2,105.4,101.1,101.25,210600,1754037780
2025-08-01 14:14:00,CE,ATM+2,9.84,5458275,24750.0,24651.75,101.25,105.9,101.25,102.7,157575,1754037840
2025-08-01 14:15:00,CE,ATM+2,9.99,5458275,24750.0,24650.45,102.75,104.7,102.2,104.3,105600,1754037900
2025-08-01 14:16:00,CE,ATM+2,10.02,5415375,24750.0,24653.25,104.4,106.65,103.65,105.95,172650,1754037960
2025-08-01 14:17:00,CE,ATM+2,10.05,5415375,24750.0,24655.3,105.95,107.75,104.3,106.95,151950,1754038020
2025-08-01 14:18:00,CE,ATM+2,10.13,5415375,24750.0,24653.85,106.65,108.4,105.6,107.2,130725,1754038080
2025-08-01 14:19:00,CE,ATM+2,10.2,5385150,24750.0,24642.15,106.95,107.05,102.15,103.05,224250,1754038140
2025-08-01 14:20:00,CE,ATM+2,10.05,5385150,24750.0,24644.4,102.8,104.15,101.9,102.2,150225,1754038200
2025-08-01 14:21:00,CE,ATM+2,10.07,5385150,24750.0,24638.45,102.4,103.3,99.8,100.35,244125,1754038260
2025-08-01 14:22:00,CE,ATM+2,10.11,5345400,24750.0,24637.15,100.75,100.95,98.0,100.0,242850,1754038320
2025-08-01 14:23:00,CE,ATM+2,10.11,5345400,24750.0,24634.65,99.6,99.65,98.35,98.5,132975,1754038380
2025-08-01 14:24:00,CE,ATM+2,10.13,5345400,24750.0,24631.05,98.9,99.3,96.35,97.8,181275,1754038440
2025-08-01 14:25:00,CE,ATM+2,10.14,5399475,24750.0,24631.85,97.7,98.9,96.85,98.4,125325,1754038500
2025-08-01 14:26:00,CE,ATM+2,10.09,5399475,24750.0,24629.4,98.55,98.85,95.0,96.55,264375,1754038560
2025-08-01 14:27:00,CE,ATM+2,9.99,5399475,24750.0,24625.15,96.75,96.75,93.25,93.9,293775,1754038620
2025-08-01 14:28:00,CE,ATM+2,10.09,10732500,24700.0,24622.9,113.8,115.7,111.2,115.2,687750,1754038680
2025-08-01 14:29:00,CE,ATM+2,10.19,5416725,24750.0,24628.45,95.25,97.7,94.05,97.05,375150,1754038740
2025-08-01 14:30:00,CE,ATM+2,10.27,5416725,24750.0,24627.7,96.9,98.05,95.95,97.8,251400,1754038800
2025-08-01 14:31:00,CE,ATM+2,10.16,5407725,24750.0,24639.75,97.7,101.6,97.05,101.1,408600,1754038860
2025-08-01 14:32:00,CE,ATM+2,10.19,5407725,24750.0,24637.15,101.05,101.05,99.0,100.9,217275,1754038920
2025-08-01 14:33:00,CE,ATM+2,9.92,5407725,24750.0,24650.2,101.0,103.35,100.05,102.9,296925,1754038980
2025-08-01 14:34:00,CE,ATM+2,10.02,5502150,24750.0,24642.7,102.95,102.95,100.55,100.95,193200,1754039040
2025-08-01 14:35:00,CE,ATM+2,9.98,5502150,24750.0,24648.3,101.4,104.95,101.2,102.45,312300,1754039100
2025-08-01 14:36:00,CE,ATM+2,10.09,5502150,24750.0,24649.1,102.65,104.1,101.0,104.1,177825,1754039160
2025-08-01 14:37:00,CE,ATM+2,9.83,5447925,24750.0,24643.85,103.7,103.7,98.9,99.35,304950,1754039220
2025-08-01 14:38:00,CE,ATM+2,10.61,10755600,24700.0,24606.75,121.1,121.55,112.7,114.3,1300425,1754039280
2025-08-01 14:39:00,CE,ATM+2,10.19,5447925,24750.0,24628.7,95.3,99.45,95.3,97.65,291825,1754039340
2025-08-01 14:40:00,CE,ATM+2,10.26,10518000,24700.0,24623.65,119.15,119.15,116.7,117.8,312525,1754039400
2025-08-01 14:41:00,CE,ATM+2,10.24,10518000,24700.0,24621.85,117.65,117.65,115.5,115.95,264525,1754039460
2025-08-01 14:42:00,CE,ATM+2,10.22,10518000,24700.0,24619.65,116.0,117.5,114.25,114.6,388575,1754039520
2025-08-01 14:43:00,CE,ATM+2,10.28,10550925,24700.0,24616.55,115.05,116.0,112.55,114.6,320775,1754039580
2025-08-01 14:44:00,CE,ATM+2,10.16,10550925,24700.0,24619.6,114.2,116.3,113.5,114.4,281250,1754039640
2025-08-01 14:45:00,CE,ATM+2,10.17,10550925,24700.0,24618.1,114.8,115.75,113.5,114.2,302925,1754039700
2025-08-01 14:46:00,CE,ATM+2,10.13,10706625,24700.0,24621.75,114.15,116.8,112.8,114.6,461325,1754039760
2025-08-01 14:47:00,CE,ATM+2,10.05,5436975,24750.0,24631.25,94.35,97.5,94.35,97.0,234150,1754039820
2025-08-01 14:48:00,CE,ATM+2,10.05,5436975,24750.0,24636.4,96.9,99.0,96.2,98.65,207075,1754039880
2025-08-01 14:49:00,CE,ATM+2,9.87,5476800,24750.0,24638.9,99.1,99.4,96.95,97.5,237600,1754039940
2025-08-01 14:50:00,CE,ATM+2,9.95,5476800,24750.0,24638.9,97.95,99.2,97.1,98.7,153675,1754040000
2025-08-01 14:51:00,CE,ATM+2,9.93,5476800,24750.0,24634.85,98.75,98.75,95.65,96.1,174375,1754040060
2025-08-01 14:52:00,CE,ATM+2,9.92,5406450,24750.0,24630.55,96.1,96.45,94.35,94.7,159750,1754040120
2025-08-01 14:53:00,CE,ATM+2,9.87,5406450,24750.0,24629.25,94.85,95.4,93.3,93.8,194100,1754040180
2025-08-01 14:54:00,CE,ATM+2,9.92,5406450,24750.0,24625.1,93.7,94.0,91.35,92.25,239100,1754040240
2025-08-01 14:55:00,CE,ATM+2,9.77,10590675,24700.0,24618.3,113.25,113.8,108.2,109.0,759750,1754040300
2025-08-01 14:56:00,CE,ATM+2,9.99,10590675,24700.0,24617.35,109.4,112.4,109.4,110.75,352875,1754040360
2025-08-01 14:57:00,CE,ATM+2,10.02,10590675,24700.0,24612.9,110.7,111.35,108.8,109.05,393825,1754040420
2025-08-01 14:58:00,CE,ATM+2,9.98,10634850,24700.0,24614.1,109.1,114.1,108.5,109.0,740625,1754040480
2025-08-01 14:59:00,CE,ATM+2,10.19,10634850,24700.0,24613.8,109.7,111.4,108.65,110.8,422175,1754040540
2025-08-01 15:00:00,CE,ATM+2,10.33,10634850,24700.0,24606.5,109.55,110.65,106.8,110.65,810300,1754040600
2025-08-01 15:01:00,CE,ATM+2,10.3,10583250,24700.0,24614.25,111.0,114.3,111.0,113.9,825150,1754040660
2025-08-01 15:02:00,CE,ATM+2,10.18,10583250,24700.0,24611.2,114.1,114.1,109.65,110.2,393450,1754040720
2025-08-01 15:03:00,CE,ATM+2,10.07,10583250,24700.0,24604.05,110.25,111.55,103.3,105.6,773850,1754040780
2025-08-01 15:04:00,CE,ATM+2,9.99,10449150,24700.0,24595.85,105.35,105.4,100.1,101.6,871725,1754040840
2025-08-01 15:05:00,CE,ATM+2,10.1,10449150,24700.0,24590.05,102.4,104.15,98.85,99.95,833625,1754040900
2025-08-01 15:06:00,CE,ATM+2,10.24,10449150,24700.0,24581.85,100.1,100.2,95.5,98.2,915000,1754040960
2025-08-01 15:07:00,CE,ATM+2,10.18,10382550,24700.0,24583.1,98.65,99.0,96.75,98.05,593625,1754041020
2025-08-01 15:08:00,CE,ATM+2,10.25,3879975,24650.0,24565.4,119.4,119.4,111.05,113.25,606300,1754041080
2025-08-01 15:09:00,CE,ATM+2,10.44,3879975,24650.0,24553.85,113.3,114.4,108.55,111.55,655425,1754041140
2025-08-01 15:10:00,CE,ATM+2,10.61,3749700,24650.0,24544.55,113.35,114.0,107.6,108.25,654075,1754041200
2025-08-01 15:11:00,CE,ATM+2,10.52,3749700,24650.0,24540.75,108.75,110.9,104.35,104.9,431550,1754041260
2025-08-01 15:12:00,CE,ATM+2,10.73,3749700,24650.0,24540.9,104.75,108.3,104.0,108.3,323850,1754041320
2025-08-01 15:13:00,CE,ATM+2,10.63,3729675,24650.0,24545.2,107.85,110.3,107.25,109.0,349650,1754041380
2025-08-01 15:14:00,CE,ATM+2,10.7,3729675,24650.0,24545.65,110.1,110.3,107.45,110.2,219225,1754041440
2025-08-01 15:15:00,CE,ATM+2,10.75,3729675,24650.0,24545.15,111.2,112.0,109.75,110.5,451575,1754041500
2025-08-01 15:16:00,CE,ATM+2,10.79,3605250,24650.0,24541.7,110.75,111.3,108.2,109.4,231075,1754041560
2025-08-01 15:17:00,CE,ATM+2,10.76,3605250,24650.0,24545.7,109.3,111.6,109.2,110.1,203700,1754041620
2025-08-01 15:18:00,CE,ATM+2,10.68,3605250,24650.0,24547.0,110.6,110.8,108.95,110.5,174300,1754041680
2025-08-01 15:19:00,CE,ATM+2,10.47,3504300,24650.0,24551.9,110.65,114.5,109.5,109.5,480225,1754041740
2025-08-01 15:20:00,CE,ATM+2,10.63,3504300,24650.0,24553.15,109.0,114.5,109.0,111.4,408525,1754041800
2025-08-01 15:21:00,CE,ATM+2,10.6,3504300,24650.0,24557.9,111.55,114.75,111.55,113.9,265275,1754041860
2025-08-01 15:22:00,CE,ATM+2,10.46,3296850,24650.0,24558.65,114.2,114.2,111.3,112.7,185025,1754041920
2025-08-01 15:23:00,CE,ATM+2,10.46,3296850,24650.0,24561.0,113.5,114.45,112.7,113.8,212550,1754041980
2025-08-01 15:24:00,CE,ATM+2,10.48,3296850,24650.0,24560.5,114.05,114.05,111.45,113.9,221850,1754042040
2025-08-01 15:25:00,CE,ATM+2,10.02,3079200,24650.0,24562.3,114.2,114.45,108.6,108.6,473925,1754042100
2025-08-01 15:26:00,CE,ATM+2,10.25,3079200,24650.0,24548.1,109.35,110.45,103.35,104.65,358800,1754042160
2025-08-01 15:27:00,CE,ATM+2,10.19,3079200,24650.0,24554.45,104.7,108.85,104.7,108.4,268500,1754042220
2025-08-01 15:28:00,CE,ATM+2,10.3,2861925,24650.0,24563.45,108.25,112.4,108.25,111.75,259425,1754042280
2025-08-01 15:29:00,CE,ATM+2,9.56,2861925,24650.0,24572.15,111.65,112.25,106.45,106.45,420000,1754042340
2025-08-04 09:15:00,CE,ATM+2,13.55,7494675,24700.0,24613.85,95.2,108.85,89.6,103.0,2210175,1754279100
2025-08-04 09:16:00,CE,ATM+2,13.47,3923175,24750.0,24625.4,83.35,87.95,77.5,87.95,829500,1754279160
2025-08-04 09:17:00,CE,ATM+2,13.63,7494675,24700.0,24619.75,108.8,111.0,105.6,106.4,1506600,1754279220
2025-08-04 09:18:00,CE,ATM+2,13.05,4268025,24750.0,24633.4,86.2,88.45,84.8,88.15,538425,1754279280
2025-08-04 09:19:00,CE,ATM+2,13.29,4268025,24750.0,24639.75,89.7,92.95,88.65,92.95,805575,1754279340
2025-08-04 09:20:00,CE,ATM+2,13.48,8132175,24700.0,24624.35,115.35,116.2,107.95,108.3,1710900,1754279400
2025-08-04 09:21:00,CE,ATM+2,13.63,4454175,24750.0,24626.75,87.55,92.9,87.55,90.7,462150,1754279460
2025-08-04 09:22:00,CE,ATM+2,13.34,4454175,24750.0,24638.15,91.2,92.2,88.6,92.2,330150,1754279520
2025-08-04 09:23:00,CE,ATM+2,13.29,4454175,24750.0,24650.85,92.45,97.15,92.15,95.8,1085175,1754279580
2025-08-04 09:24:00,CE,ATM+2,13.12,4592925,24750.0,24646.25,94.65,96.2,93.05,93.1,587475,1754279640
2025-08-04 09:25:00,CE,ATM+2,13.27,4592925,24750.0,24642.85,93.1,97.6,90.6,92.35,653925,1754279700
2025-08-04 09:26:00,CE,ATM+2,13.25,4592925,24750.0,24651.95,91.95,98.75,91.75,96.45,743025,1754279760
2025-08-04 09:27:00,CE,ATM+2,13.19,4777650,24750.0,24653.4,96.25,96.6,95.1,96.3,389250,1754279820
2025-08-04 09:28:00,CE,ATM+2,13.21,4777650,24750.0,24664.05,96.5,102.65,93.7,100.75,873675,1754279880
2025-08-04 09:29:00,CE,ATM+2,13.35,4777650,24750.0,24660.5,100.05,102.95,98.3,100.4,720525,1754279940
2025-08-04 09:30:00,CE,ATM+2,13.22,4699800,24750.0,24664.7,100.2,103.25,99.2,102.2,752325,1754280000
2025-08-04 09:31:00,CE,ATM+2,13.3,4699800,24750.0,24659.45,102.3,102.45,99.3,99.7,451500,1754280060
2025-08-04 09:32:00,CE,ATM+2,13.32,4699800,24750.0,24649.25,99.3,99.8,93.4,95.75,753825,1754280120
2025-08-04 09:33:00,CE,ATM+2,13.32,4849425,24750.0,24645.6,96.4,97.6,92.05,94.15,433950,1754280180
2025-08-04 09:34:00,CE,ATM+2,13.17,4849425,24750.0,24656.55,94.0,98.85,93.8,97.4,452700,1754280240
2025-08-04 09:35:00,CE,ATM+2,13.29,4849425,24750.0,24650.6,96.7,98.75,94.6,96.2,406125,1754280300
2025-08-04 09:36:00,CE,ATM+2,13.38,4973400,24750.0,24651.9,96.35,98.2,95.9,97.05,260775,1754280360
2025-08-04 09:37:00,CE,ATM+2,13.2,4973400,24750.0,24651.3,96.9,97.35,94.3,96.05,278325,1754280420
2025-08-04 09:38:00,CE,ATM+2,13.32,4973400,24750.0,24651.35,96.95,99.35,96.7,97.5,382650,1754280480
2025-08-04 09:39:00,CE,ATM+2,13.43,5052150,24750.0,24649.65,97.55,97.8,95.45,97.35,228675,1754280540
2025-08-04 09:40:00,CE,ATM+2,13.38,5052150,24750.0,24649.3,97.4,98.2,94.6,96.85,268200,1754280600
2025-08-04 09:41:00,CE,ATM+2,13.46,5052150,24750.0,24644.5,96.75,97.65,94.6,95.15,246225,1754280660
2025-08-04 09:42:00,CE,ATM+2,13.58,5099325,24750.0,24638.85,95.05,95.55,91.85,93.45,500025,1754280720
2025-08-04 09:43:00,CE,ATM+2,13.63,9612375,24700.0,24618.45,114.5,115.9,106.45,106.45,1398825,1754280780
2025-08-04 09:44:00,CE,ATM+2,13.43,9612375,24700.0,24598.0,107.0,107.6,95.85,95.85,1853625,1754280840
2025-08-04 09:45:00,CE,ATM+2,13.69,9524250,24700.0,24585.75,95.1,96.55,91.1,93.85,1684275,1754280900
2025-08-04 09:46:00,CE,ATM+2,13.91,9524250,24700.0,24578.95,93.7,94.85,91.2,91.45,935625,1754280960
2025-08-04 09:47:00,CE,ATM+2,14.09,5189850,24650.0,24572.85,111.6,113.05,108.85,112.4,742425,1754281020
2025-08-04 09:48:00,CE,ATM+2,14.28,5463975,24650.0,24561.2,112.1,112.1,104.75,110.3,987525,1754281080
2025-08-04 09:49:00,CE,ATM+2,13.77,9815550,24700.0,24604.4,90.6,103.5,90.3,102.75,2073300,1754281140
2025-08-04 09:50:00,CE,ATM+2,13.43,9815550,24700.0,24623.75,104.5,120.45,104.35,106.75,4254525,1754281200
2025-08-04 09:51:00,CE,ATM+2,13.48,5142375,24750.0,24625.85,89.2,91.4,86.8,86.8,700125,1754281260
2025-08-04 09:52:00,CE,ATM+2,13.72,9822975,24700.0,24613.45,107.0,108.6,103.9,104.35,972825,1754281320
2025-08-04 09:53:00,CE,ATM+2,13.97,9822975,24700.0,24608.5,103.3,106.45,99.1,104.6,1168200,1754281380
2025-08-04 09:54:00,CE,ATM+2,14.17,9764475,24700.0,24607.0,104.5,106.6,103.1,106.15,426600,1754281440
2025-08-04 09:55:00,CE,ATM+2,13.81,9764475,24700.0,24609.85,105.0,108.2,104.0,104.0,669975,1754281500
2025-08-04 09:56:00,CE,ATM+2,13.96,9764475,24700.0,24605.0,105.15,106.15,101.75,103.4,475950,1754281560
2025-08-04 09:57:00,CE,ATM+2,13.88,9847650,24700.0,24606.0,103.6,108.1,103.25,103.35,583950,1754281620
2025-08-04 09:58:00,CE,ATM+2,13.95,9847650,24700.0,24608.4,103.8,106.05,101.85,104.95,378750,1754281680
2025-08-04 09:59:00,CE,ATM+2,13.95,9847650,24700.0,24608.1,106.4,107.85,103.8,104.65,434175,1754281740
2025-08-04 10:00:00,CE,ATM+2,13.91,9952425,24700.0,24608.75,104.75,108.15,102.6,104.25,564975,1754281800
2025-08-04 10:01:00,CE,ATM+2,14.0,9952425,24700.0,24600.25,103.65,104.15,100.5,102.0,524625,1754281860
2025-08-04 10:02:00,CE,ATM+2,14.0,9952425,24700.0,24606.55,102.05,105.0,101.6,104.2,271575,1754281920
2025-08-04 10:03:00,CE,ATM+2,13.94,9960375,24700.0,24615.6,103.0,108.0,101.95,107.6,326400,1754281980
2025-08-04 10:04:00,CE,ATM+2,13.71,5196675,24750.0,24626.9,87.25,90.6,87.15,89.85,505725,1754282040
2025-08-04 10:05:00,CE,ATM+2,13.66,5196675,24750.0,24636.25,89.75,93.75,89.1,91.95,561150,1754282100
2025-08-04 10:06:00,CE,ATM+2,13.7,10136100,24700.0,24623.6,112.5,113.0,105.65,109.25,927450,1754282160
2025-08-04 10:07:00,CE,ATM+2,13.5,10136100,24700.0,24624.55,109.1,109.2,106.7,107.7,323250,1754282220
2025-08-04 10:08:00,CE,ATM+2,13.5,5166300,24750.0,24627.9,87.9,91.5,87.85,88.45,282675,1754282280
2025-08-04 10:09:00,CE,ATM+2,13.44,5213475,24750.0,24625.45,88.2,89.6,87.05,87.25,186525,1754282340
2025-08-04 10:10:00,CE,ATM+2,13.6,10324500,24700.0,24620.1,107.0,108.2,104.35,106.2,548325,1754282400
2025-08-04 10:11:00,CE,ATM+2,13.46,5213475,24750.0,24626.35,86.05,89.5,84.8,87.3,246750,1754282460
2025-08-04 10:12:00,CE,ATM+2,13.5,5187600,24750.0,24625.6,87.2,88.15,84.55,87.35,238875,1754282520
2025-08-04 10:13:00,CE,ATM+2,13.45,5187600,24750.0,24627.8,86.9,88.45,86.35,87.35,182700,1754282580
2025-08-04 10:14:00,CE,ATM+2,13.45,10295550,24700.0,24624.3,107.05,108.8,106.4,106.45,241050,1754282640
2025-08-04 10:15:00,CE,ATM+2,13.44,5255100,24750.0,24628.4,87.05,89.15,86.3,87.8,231225,1754282700
2025-08-04 10:16:00,CE,ATM+2,13.47,5255100,24750.0,24630.55,88.0,90.8,87.2,89.1,269325,1754282760
2025-08-04 10:17:00,CE,ATM+2,13.4,5255100,24750.0,24638.5,89.2,92.7,89.2,91.6,410100,1754282820
2025-08-04 10:18:00,CE,ATM+2,13.38,5257650,24750.0,24643.8,91.95,94.85,91.25,93.5,505575,1754282880
2025-08-04 10:19:00,CE,ATM+2,13.43,5257650,24750.0,24632.75,93.4,93.85,88.4,89.85,343650,1754282940
2025-08-04 10:20:00,CE,ATM+2,13.52,5257650,24750.0,24631.6,89.65,90.95,87.9,89.85,295050,1754283000
2025-08-04 10:21:00,CE,ATM+2,13.38,5214075,24750.0,24636.7,90.0,91.6,88.95,90.65,158625,1754283060
2025-08-04 10:22:00,CE,ATM+2,13.58,5214075,24750.0,24640.15,90.5,93.85,90.5,93.85,267000,1754283120
2025-08-04 10:23:00,CE,ATM+2,13.36,5214075,24750.0,24646.55,93.7,94.8,92.8,94.1,327900,1754283180
2025-08-04 10:24:00,CE,ATM+2,13.53,5203950,24750.0,24646.15,94.05,98.3,94.0,95.05,725925,1754283240
2025-08-04 10:25:00,CE,ATM+2,13.58,5203950,24750.0,24638.65,94.6,95.15,91.95,93.4,335325,1754283300
2025-08-04 10:26:00,CE,ATM+2,13.4,5203950,24750.0,24630.55,93.1,93.1,87.55,87.55,359850,1754283360
2025-08-04 10:27:00,CE,ATM+2,13.6,10118925,24700.0,24610.3,108.15,108.15,99.4,101.75,1563750,1754283420
2025-08-04 10:28:00,CE,ATM+2,13.47,10118925,24700.0,24621.3,100.35,106.65,100.35,105.6,801225,1754283480
2025-08-04 10:29:00,CE,ATM+2,13.37,10118925,24700.0,24618.5,104.95,105.45,102.8,103.2,386700,1754283540
2025-08-04 10:30:00,CE,ATM+2,13.34,5177325,24750.0,24629.8,83.65,87.9,83.35,87.25,269175,1754283600
2025-08-04 10:31:00,CE,ATM+2,13.32,5177325,24750.0,24634.25,86.9,89.4,86.1,88.7,314775,1754283660
2025-08-04 10:32:00,CE,ATM+2,13.3,5177325,24750.0,24636.95,88.75,89.75,87.55,89.65,200400,1754283720
2025-08-04 10:33:00,CE,ATM+2,13.41,5240100,24750.0,24637.5,89.5,91.55,89.5,91.05,227925,1754283780
2025-08-04 10:34:00,CE,ATM+2,13.48,5240100,24750.0,24636.45,91.0,91.2,89.45,90.55,143550,1754283840
2025-08-04 10:35:00,CE,ATM+2,13.32,5240100,24750.0,24636.35,89.9,90.7,88.35,89.8,181650,1754283900
2025-08-04 10:36:00,CE,ATM+2,13.35,5223300,24750.0,24641.05,90.1,92.65,89.6,91.35,276750,1754283960
2025-08-04 10:37:00,CE,ATM+2,13.32,5223300,24750.0,24636.6,91.25,91.45,88.2,89.4,198375,1754284020
2025-08-04 10:38:00,CE,ATM+2,13.38,5223300,24750.0,24640.65,89.4,91.25,89.4,91.25,97275,1754284080
2025-08-04 10:39:00,CE,ATM+2,13.22,5201100,24750.0,24650.7,90.45,94.8,90.2,94.6,446625,1754284140
2025-08-04 10:40:00,CE,ATM+2,13.34,5201100,24750.0,24645.65,94.55,94.55,92.35,93.4,283800,1754284200
2025-08-04 10:41:00,CE,ATM+2,13.36,5201100,24750.0,24650.4,92.9,95.9,91.6,95.8,247125,1754284260
2025-08-04 10:42:00,CE,ATM+2,13.37,5116800,24750.0,24654.95,95.95,98.0,94.85,97.55,463875,1754284320
2025-08-04 10:43:00,CE,ATM+2,13.37,5116800,24750.0,24647.15,96.9,97.25,93.4,94.2,327600,1754284380
2025-08-04 10:44:00,CE,ATM+2,13.41,5116800,24750.0,24641.65,93.8,95.05,92.2,92.55,236250,1754284440
2025-08-04 10:45:00,CE,ATM+2,13.48,5146950,24750.0,24639.25,92.3,92.9,90.9,92.25,224475,1754284500
2025-08-04 10:46:00,CE,ATM+2,13.48,5146950,24750.0,24637.95,92.05,92.85,89.6,91.8,208725,1754284560
2025-08-04 10:47:00,CE,ATM+2,13.41,5146950,24750.0,24631.05,91.3,92.15,88.2,88.2,235800,1754284620
2025-08-04 10:48:00,CE,ATM+2,13.61,9895125,24700.0,24619.95,108.3,108.3,103.0,105.85,988500,1754284680
2025-08-04 10:49:00,CE,ATM+2,13.52,9895125,24700.0,24612.75,105.85,105.85,101.6,101.6,557925,1754284740
2025-08-04 10:50:00,CE,ATM+2,13.54,9895125,24700.0,24613.15,101.45,104.2,101.4,101.8,526650,1754284800
2025-08-04 10:51:00,CE,ATM+2,13.68,10014750,24700.0,24608.85,101.8,102.05,98.7,102.05,707250,1754284860
2025-08-04 10:52:00,CE,ATM+2,13.56,10014750,24700.0,24621.05,101.95,105.95,101.4,105.95,624150,1754284920
2025-08-04 10:53:00,CE,ATM+2,13.42,10014750,24700.0,24623.4,105.95,109.25,104.3,105.15,946425,1754284980
2025-08-04 10:54:00,CE,ATM+2,13.48,5245500,24750.0,24625.85,84.4,86.6,84.35,86.6,137475,1754285040
2025-08-04 10:55:00,CE,ATM+2,13.32,10216950,24700.0,24624.4,106.4,106.65,104.35,105.35,269925,1754285100
2025-08-04 10:56:00,CE,ATM+2,13.38,5245500,24750.0,24630.2,85.6,87.65,84.45,87.6,181650,1754285160
2025-08-04 10:57:00,CE,ATM+2,13.44,10279275,24700.0,24620.75,107.85,108.6,102.7,104.85,549600,1754285220
2025-08-04 10:58:00,CE,ATM+2,13.36,10279275,24700.0,24624.3,104.6,106.4,104.2,105.15,179025,1754285280
2025-08-04 10:59:00,CE,ATM+2,13.33,5270475,24750.0,24625.25,85.2,86.35,85.05,85.35,74325,1754285340
2025-08-04 11:00:00,CE,ATM+2,13.29,5264475,24750.0,24632.05,85.4,87.45,84.0,87.35,137400,1754285400
2025-08-04 11:01:00,CE,ATM+2,13.21,5264475,24750.0,24644.1,87.25,91.75,87.1,91.4,416550,1754285460
2025-08-04 11:02:00,CE,ATM+2,13.32,5264475,24750.0,24645.7,90.8,92.8,90.2,92.55,371175,1754285520
2025-08-04 11:03:00,CE,ATM+2,13.27,5257800,24750.0,24648.9,91.5,94.55,91.5,94.0,372000,1754285580
2025-08-04 11:04:00,CE,ATM+2,13.35,5257800,24750.0,24661.4,94.25,101.1,93.8,99.5,704775,1754285640
2025-08-04 11:05:00,CE,ATM+2,13.23,5257800,24750.0,24662.45,98.05,100.5,97.4,99.5,633825,1754285700
2025-08-04 11:06:00,CE,ATM+2,13.48,5002200,24750.0,24666.2,99.05,106.15,99.05,103.15,1034325,1754285760
2025-08-04 11:07:00,CE,ATM+2,13.4,5002200,24750.0,24649.25,102.6,104.2,94.0,95.55,785700,1754285820
2025-08-04 11:08:00,CE,ATM+2,13.38,5002200,24750.0,24646.05,95.95,97.9,92.85,93.5,312075,1754285880
2025-08-04 11:09:00,CE,ATM+2,13.46,4853250,24750.0,24648.45,93.7,95.75,92.6,95.35,260550,1754285940
2025-08-04 11:10:00,CE,ATM+2,13.38,4853250,24750.0,24653.5,95.1,97.45,95.1,96.35,272250,1754286000
2025-08-04 11:11:00,CE,ATM+2,13.34,4853250,24750.0,24656.25,95.75,97.7,94.5,97.1,229800,1754286060
2025-08-04 11:12:00,CE,ATM+2,13.27,4920150,24750.0,24654.95,97.4,97.7,95.6,96.25,178800,1754286120
2025-08-04 11:13:00,CE,ATM+2,13.19,4920150,24750.0,24664.4,95.9,99.75,95.9,99.5,332175,1754286180
2025-08-04 11:14:00,CE,ATM+2,13.37,4920150,24750.0,24664.35,99.8,101.25,98.2,101.1,291300,1754286240
2025-08-04 11:15:00,CE,ATM+2,13.22,5023350,24750.0,24673.0,100.45,103.95,99.15,103.5,519525,1754286300
2025-08-04 11:16:00,CE,ATM+2,13.15,5023350,24750.0,24666.3,103.4,104.75,99.3,99.7,643050,1754286360
2025-08-04 11:17:00,CE,ATM+2,13.23,5023350,24750.0,24666.65,99.8,101.25,98.2,100.55,363150,1754286420
2025-08-04 11:18:00,CE,ATM+2,13.19,4952625,24750.0,24672.15,101.0,104.15,100.35,102.55,339375,1754286480
2025-08-04 11:19:00,CE,ATM+2,13.26,4952625,24750.0,24667.95,102.3,102.3,98.85,101.55,252075,1754286540
2025-08-04 11:20:00,CE,ATM+2,13.15,4952625,24750.0,24671.4,101.4,103.25,100.6,102.15,222975,1754286600
2025-08-04 11:21:00,CE,ATM+2,13.23,5021700,24750.0,24669.0,101.9,103.7,100.65,101.55,334875,1754286660
2025-08-04 11:22:00,CE,ATM+2,13.41,10648050,24800.0,24681.25,81.7,88.5,80.75,88.3,731550,1754286720
2025-08-04 11:23:00,CE,ATM+2,12.96,5021700,24750.0,24673.85,109.0,109.4,101.0,101.4,641250,1754286780
2025-08-04 11:24:00,CE,ATM+2,13.07,10509675,24800.0,24676.25,82.2,84.3,81.25,82.85,424275,1754286840
2025-08-04 11:25:00,CE,ATM+2,13.03,4903875,24750.0,24674.5,103.45,104.05,101.95,102.0,215550,1754286900
2025-08-04 11:26:00,CE,ATM+2,13.15,4903875,24750.0,24673.65,102.05,105.2,101.7,103.15,400650,1754286960
2025-08-04 11:27:00,CE,ATM+2,13.03,4842075,24750.0,24669.45,103.15,103.35,97.9,99.9,574425,1754287020
2025-08-04 11:28:00,CE,ATM+2,12.98,4842075,24750.0,24668.95,99.65,102.15,99.4,99.4,250725,1754287080
2025-08-04 11:29:00,CE,ATM+2,13.16,4842075,24750.0,24666.45,99.4,100.0,97.3,99.85,213150,1754287140
2025-08-04 11:30:00,CE,ATM+2,13.33,10319625,24800.0,24680.8,80.4,86.55,80.4,86.5,789225,1754287200
2025-08-04 11:31:00,CE,ATM+2,13.08,10319625,24800.0,24678.25,85.25,86.45,83.15,83.8,645000,1754287260
2025-08-04 11:32:00,CE,ATM+2,13.17,10319625,24800.0,24681.4,83.9,86.65,82.85,86.1,466200,1754287320
2025-08-04 11:33:00,CE,ATM+2,13.08,4838700,24750.0,24673.7,106.0,106.0,100.85,101.9,389625,1754287380
2025-08-04 11:34:00,CE,ATM+2,13.23,4838700,24750.0,24671.35,102.25,103.15,100.0,102.6,244200,1754287440
2025-08-04 11:35:00,CE,ATM+2,12.98,4838700,24750.0,24664.75,102.3,103.0,97.3,97.35,355500,1754287500
2025-08-04 11:36:00,CE,ATM+2,13.1,4826400,24750.0,24661.25,96.9,98.25,93.45,97.35,584775,1754287560
2025-08-04 11:37:00,CE,ATM+2,13.1,4826400,24750.0,24661.3,96.55,98.5,95.95,96.15,238575,1754287620
2025-08-04 11:38:00,CE,ATM+2,13.51,4826400,24750.0,24636.95,94.85,94.85,87.0,90.75,962775,1754287680
2025-08-04 11:39:00,CE,ATM+2,13.05,4902150,24750.0,24652.95,91.65,94.9,91.45,93.2,486225,1754287740
2025-08-04 11:40:00,CE,ATM+2,12.94,4902150,24750.0,24652.45,93.55,94.5,91.75,91.75,271725,1754287800
2025-08-04 11:41:00,CE,ATM+2,12.91,4902150,24750.0,24656.65,92.05,94.5,92.0,93.1,228825,1754287860
2025-08-04 11:42:00,CE,ATM+2,12.98,5059950,24750.0,24664.7,92.7,97.6,92.6,96.85,346725,1754287920
2025-08-04 11:43:00,CE,ATM+2,12.83,5059950,24750.0,24667.2,96.65,97.85,96.1,97.0,314475,1754287980
2025-08-04 11:44:00,CE,ATM+2,12.85,5059950,24750.0,24669.35,97.2,97.9,96.35,97.7,249075,1754288040
2025-08-04 11:45:00,CE,ATM+2,12.83,5099250,24750.0,24670.55,97.6,99.35,97.1,98.4,362025,1754288100
2025-08-04 11:46:00,CE,ATM+2,13.0,5099250,24750.0,24672.85,98.8,100.7,98.65,100.35,325575,1754288160
2025-08-04 11:47:00,CE,ATM+2,12.94,5099250,24750.0,24674.3,99.7,101.15,98.0,100.65,356775,1754288220
2025-08-04 11:48:00,CE,ATM+2,13.02,5102025,24750.0,24670.55,100.7,100.95,98.0,100.0,227775,1754288280
2025-08-04 11:49:00,CE,ATM+2,12.82,5102025,24750.0,24672.6,100.15,101.75,98.4,98.85,204000,1754288340
2025-08-04 11:50:00,CE,ATM+2,12.83,10407450,24800.0,24676.05,79.3,81.05,78.9,80.65,321675,1754288400
2025-08-04 11:51:00,CE,ATM+2,12.8,5142750,24750.0,24672.85,100.45,101.05,97.15,98.3,296550,1754288460
2025-08-04 11:52:00,CE,ATM+2,12.69,5142750,24750.0,24672.5,96.6,98.5,96.6,97.8,226275,1754288520
2025-08-04 11:53:00,CE,ATM+2,12.74,10453200,24800.0,24676.65,78.2,80.5,77.9,79.85,225600,1754288580
2025-08-04 11:54:00,CE,ATM+2,12.77,10449225,24800.0,24675.75,79.8,80.35,79.35,79.6,181425,1754288640
2025-08-04 11:55:00,CE,ATM+2,12.83,5133150,24750.0,24671.85,99.85,99.85,96.5,98.9,211050,1754288700
2025-08-04 11:56:00,CE,ATM+2,12.85,10449225,24800.0,24677.75,79.35,81.35,78.3,81.3,256125,1754288760
2025-08-04 11:57:00,CE,ATM+2,12.78,10474725,24800.0,24677.25,81.3,82.4,79.85,80.25,516750,1754288820
2025-08-04 11:58:00,CE,ATM+2,12.76,10474725,24800.0,24683.05,80.2,83.3,79.0,82.6,470250,1754288880
2025-08-04 11:59:00,CE,ATM+2,12.78,10474725,24800.0,24679.45,82.0,82.65,80.25,81.05,333600,1754288940
2025-08-04 12:00:00,CE,ATM+2,12.62,10490400,24800.0,24675.55,80.2,82.1,78.25,78.25,359475,1754289000
2025-08-04 12:01:00,CE,ATM+2,12.67,5184600,24750.0,24670.9,98.0,98.55,96.45,96.6,269325,1754289060
2025-08-04 12:02:00,CE,ATM+2,12.83,5184600,24750.0,24663.05,96.7,96.7,92.35,94.55,609825,1754289120
2025-08-04 12:03:00,CE,ATM+2,12.8,5147475,24750.0,24661.8,94.2,94.55,91.5,94.15,261600,1754289180
2025-08-04 12:04:00,CE,ATM+2,12.63,5147475,24750.0,24670.7,94.25,97.55,94.25,96.05,300375,1754289240
2025-08-04 12:05:00,CE,ATM+2,12.64,10419300,24800.0,24676.15,76.7,79.4,76.7,78.3,378600,1754289300
2025-08-04 12:06:00,CE,ATM+2,12.55,5332125,24750.0,24668.7,97.3,98.55,94.45,94.85,290175,1754289360
2025-08-04 12:07:00,CE,ATM+2,12.67,5332125,24750.0,24668.2,94.7,96.5,93.45,95.6,199350,1754289420
2025-08-04 12:08:00,CE,ATM+2,12.65,5332125,24750.0,24669.2,95.45,97.35,94.8,95.2,135750,1754289480
2025-08-04 12:09:00,CE,ATM+2,12.75,5265075,24750.0,24668.95,94.3,96.8,94.0,96.8,188550,1754289540
2025-08-04 12:10:00,CE,ATM+2,12.7,10545600,24800.0,24677.15,77.3,80.0,76.8,79.55,380550,1754289600
2025-08-04 12:11:00,CE,ATM+2,12.67,10545600,24800.0,24675.85,79.25,80.15,78.35,78.45,307725,1754289660
2025-08-04 12:12:00,CE,ATM+2,12.77,5277075,24750.0,24672.05,97.6,99.7,96.6,97.95,160125,1754289720
2025-08-04 12:13:00,CE,ATM+2,12.76,5277075,24750.0,24673.4,97.4,99.5,97.1,98.45,126300,1754289780
2025-08-04 12:14:00,CE,ATM+2,12.82,10469625,24800.0,24676.8,78.75,80.2,78.65,80.2,174825,1754289840
2025-08-04 12:15:00,CE,ATM+2,12.72,10455225,24800.0,24676.05,79.9,80.55,78.7,79.2,244350,1754289900
2025-08-04 12:16:00,CE,ATM+2,12.74,5208375,24750.0,24671.45,99.0,99.0,95.7,97.3,241350,1754289960
2025-08-04 12:17:00,CE,ATM+2,12.76,10455225,24800.0,24677.45,77.85,80.3,76.5,80.05,243450,1754290020
2025-08-04 12:18:00,CE,ATM+2,12.75,10467075,24800.0,24675.05,80.1,80.1,78.55,79.15,146250,1754290080
2025-08-04 12:19:00,CE,ATM+2,12.67,10467075,24800.0,24678.15,79.15,80.1,78.95,79.35,147000,1754290140
2025-08-04 12:20:00,CE,ATM+2,12.77,10467075,24800.0,24675.25,79.3,79.3,76.85,79.1,228600,1754290200
2025-08-04 12:21:00,CE,ATM+2,12.63,5224725,24750.0,24670.2,98.5,98.5,95.6,96.5,205275,1754290260
2025-08-04 12:22:00,CE,ATM+2,12.74,5224725,24750.0,24668.25,96.15,96.4,94.45,95.95,241125,1754290320
2025-08-04 12:23:00,CE,ATM+2,12.68,10521300,24800.0,24676.2,76.65,79.05,75.85,79.05,210825,1754290380
2025-08-04 12:24:00,CE,ATM+2,12.54,5186025,24750.0,24670.0,99.0,100.15,94.0,94.7,473625,1754290440
2025-08-04 12:25:00,CE,ATM+2,12.53,10549725,24800.0,24678.65,75.7,79.1,75.6,78.25,344625,1754290500
2025-08-04 12:26:00,CE,ATM+2,12.63,10549725,24800.0,24681.45,77.9,80.4,77.9,80.1,348900,1754290560
2025-08-04 12:27:00,CE,ATM+2,12.59,10528650,24800.0,24687.3,79.75,83.35,79.75,82.05,713325,1754290620
2025-08-04 12:28:00,CE,ATM+2,12.58,10528650,24800.0,24690.25,81.9,83.35,81.1,83.2,425175,1754290680
2025-08-04 12:29:00,CE,ATM+2,12.47,10528650,24800.0,24694.6,82.85,84.65,82.55,84.1,748350,1754290740
2025-08-04 12:30:00,CE,ATM+2,12.46,10488900,24800.0,24695.5,82.9,84.7,82.2,83.75,691200,1754290800
2025-08-04 12:31:00,CE,ATM+2,12.43,10488900,24800.0,24695.65,83.8,84.8,82.55,84.1,352200,1754290860
2025-08-04 12:32:00,CE,ATM+2,12.35,10488900,24800.0,24693.1,83.9,84.5,81.55,82.25,356925,1754290920
2025-08-04 12:33:00,CE,ATM+2,12.5,10411350,24800.0,24697.45,82.15,85.5,82.15,85.05,517050,1754290980
2025-08-04 12:34:00,CE,ATM+2,12.37,10411350,24800.0,24694.1,83.7,84.55,80.5,82.75,449625,1754291040
2025-08-04 12:35:00,CE,ATM+2,12.55,10411350,24800.0,24699.35,82.7,86.35,82.5,86.35,453150,1754291100
2025-08-04 12:36:00,CE,ATM+2,12.5,10236750,24800.0,24705.2,85.95,90.75,85.0,88.4,1446675,1754291160
2025-08-04 12:37:00,CE,ATM+2,12.49,10236750,24800.0,24707.2,87.6,89.0,85.0,89.0,829350,1754291220
2025-08-04 12:38:00,CE,ATM+2,12.3,10236750,24800.0,24710.5,88.35,90.0,86.55,88.15,790500,1754291280
2025-08-04 12:39:00,CE,ATM+2,12.16,10271325,24800.0,24717.3,88.1,92.0,88.1,90.05,931500,1754291340
2025-08-04 12:40:00,CE,ATM+2,12.22,10271325,24800.0,24714.55,90.05,92.55,88.45,89.2,1032375,1754291400
2025-08-04 12:41:00,CE,ATM+2,12.46,10271325,24800.0,24704.5,88.9,89.1,86.0,87.85,839625,1754291460
2025-08-04 12:42:00,CE,ATM+2,12.38,10284900,24800.0,24697.95,87.55,87.6,84.0,84.05,662100,1754291520
2025-08-04 12:43:00,CE,ATM+2,12.44,10284900,24800.0,24696.7,83.7,84.45,82.25,84.25,680175,1754291580
2025-08-04 12:44:00,CE,ATM+2,12.34,10284900,24800.0,24692.4,83.5,84.0,80.1,81.45,675750,1754291640
2025-08-04 12:45:00,CE,ATM+2,12.47,10286625,24800.0,24699.4,81.3,85.4,81.15,85.4,632025,1754291700
2025-08-04 12:46:00,CE,ATM+2,12.46,10286625,24800.0,24687.6,84.75,84.8,79.9,80.6,678000,1754291760
2025-08-04 12:47:00,CE,ATM+2,12.3,10286625,24800.0,24693.5,80.6,82.95,79.0,81.8,540150,1754291820
2025-08-04 12:48:00,CE,ATM+2,12.28,10347075,24800.0,24688.95,82.1,83.45,79.4,79.85,371400,1754291880
2025-08-04 12:49:00,CE,ATM+2,12.33,10347075,24800.0,24694.05,80.3,83.15,80.25,82.35,218100,1754291940
2025-08-04 12:50:00,CE,ATM+2,12.37,10347075,24800.0,24693.65,82.6,84.4,81.5,82.15,344100,1754292000
2025-08-04 12:51:00,CE,ATM+2,12.36,10338825,24800.0,24702.0,82.7,85.8,82.2,85.35,406425,1754292060
2025-08-04 12:52:00,CE,ATM+2,12.34,10338825,24800.0,24699.9,85.3,85.3,83.4,84.45,300675,1754292120
2025-08-04 12:53:00,CE,ATM+2,12.32,10338825,24800.0,24698.4,84.25,84.25,82.35,83.85,213225,1754292180
2025-08-04 12:54:00,CE,ATM+2,12.35,10338825,24800.0,24692.2,83.75,83.75,80.8,81.55,289350,1754292240
2025-08-04 12:55:00,CE,ATM+2,12.38,10391400,24800.0,24694.95,81.7,83.0,81.45,82.65,206175,1754292300
2025-08-04 12:56:00,CE,ATM+2,12.28,10391400,24800.0,24702.0,82.65,84.9,82.25,84.9,259125,1754292360
2025-08-04 12:57:00,CE,ATM+2,12.26,10391400,24800.0,24702.9,84.6,85.25,83.85,84.9,308475,1754292420
2025-08-04 12:58:00,CE,ATM+2,12.23,10382250,24800.0,24705.7,85.2,86.7,84.4,85.35,509025,1754292480
2025-08-04 12:59:00,CE,ATM+2,12.16,10382250,24800.0,24705.7,85.45,85.55,83.0,85.0,322500,1754292540
2025-08-04 13:00:00,CE,ATM+2,12.17,10382250,24800.0,24710.85,85.0,87.6,84.0,87.4,491100,1754292600
2025-08-04 13:01:00,CE,ATM+2,12.16,10392375,24800.0,24715.5,87.1,91.05,87.1,89.0,1042650,1754292660
2025-08-04 13:02:00,CE,ATM+2,12.26,10392375,24800.0,24721.25,88.95,93.7,88.75,92.15,968325,1754292720
2025-08-04 13:03:00,CE,ATM+2,12.25,10392375,24800.0,24716.5,92.25,92.45,89.45,90.15,585150,1754292780
2025-08-04 13:04:00,CE,ATM+2,12.28,10184250,24800.0,24716.2,90.7,92.5,90.05,90.6,505500,1754292840
2025-08-04 13:05:00,CE,ATM+2,12.18,10184250,24800.0,24713.8,90.8,92.0,88.25,88.3,560025,1754292900
2025-08-04 13:06:00,CE,ATM+2,12.22,10184250,24800.0,24710.5,87.85,87.85,85.0,87.15,679425,1754292960
2025-08-04 13:07:00,CE,ATM+2,12.27,10076250,24800.0,24708.1,87.15,87.2,85.3,86.7,284775,1754293020
2025-08-04 13:08:00,CE,ATM+2,12.24,10076250,24800.0,24707.75,87.2,88.5,86.1,86.3,482250,1754293080
2025-08-04 13:09:00,CE,ATM+2,12.29,10076250,24800.0,24709.15,86.0,88.15,86.0,87.15,234225,1754293140
2025-08-04 13:10:00,CE,ATM+2,12.35,10172175,24800.0,24702.3,86.8,87.45,83.65,85.05,517725,1754293200
2025-08-04 13:11:00,CE,ATM+2,12.29,10172175,24800.0,24703.55,85.0,85.8,84.6,85.4,221775,1754293260
2025-08-04 13:12:00,CE,ATM+2,12.33,10172175,24800.0,24708.3,85.5,87.55,85.05,87.45,232200,1754293320
2025-08-04 13:13:00,CE,ATM+2,12.43,10248750,24800.0,24703.6,87.4,89.0,85.8,86.2,443475,1754293380
2025-08-04 13:14:00,CE,ATM+2,12.47,10248750,24800.0,24698.75,86.25,86.25,82.1,84.6,598050,1754293440
2025-08-04 13:15:00,CE,ATM+2,12.54,10248750,24800.0,24698.9,84.6,85.55,83.7,85.5,239775,1754293500
2025-08-04 13:16:00,CE,ATM+2,12.5,10311525,24800.0,24703.75,85.45,87.7,85.25,87.0,286800,1754293560
2025-08-04 13:17:00,CE,ATM+2,12.38,10311525,24800.0,24697.4,86.95,87.0,82.4,83.05,405225,1754293620
2025-08-04 13:18:00,CE,ATM+2,12.47,10311525,24800.0,24695.35,83.2,83.7,81.65,83.55,366075,1754293680
2025-08-04 13:19:00,CE,ATM+2,12.43,10372350,24800.0,24693.6,83.65,83.8,81.5,82.25,243675,1754293740
2025-08-04 13:20:00,CE,ATM+2,12.34,10372350,24800.0,24690.8,82.4,84.0,80.3,80.35,703350,1754293800
2025-08-04 13:21:00,CE,ATM+2,12.4,10372350,24800.0,24687.95,80.4,81.0,79.15,79.8,476625,1754293860
2025-08-04 13:22:00,CE,ATM+2,12.47,10209000,24800.0,24689.75,79.7,81.25,79.45,80.8,272100,1754293920
2025-08-04 13:23:00,CE,ATM+2,12.37,10209000,24800.0,24689.6,80.75,80.85,79.2,80.05,345000,1754293980
2025-08-04 13:24:00,CE,ATM+2,12.46,10209000,24800.0,24688.25,80.3,82.5,79.25,80.4,378975,1754294040
2025-08-04 13:25:00,CE,ATM+2,12.5,10212225,24800.0,24684.15,80.6,80.75,78.15,79.05,464250,1754294100
2025-08-04 13:26:00,CE,ATM+2,12.37,10212225,24800.0,24685.55,78.95,80.8,78.55,78.65,226200,1754294160
2025-08-04 13:27:00,CE,ATM+2,12.55,5310000,24750.0,24671.65,99.0,99.0,93.8,94.2,810525,1754294220
2025-08-04 13:28:00,CE,ATM+2,13.04,5110050,24750.0,24649.15,94.65,94.65,88.05,90.55,1057275,1754294280
2025-08-04 13:29:00,CE,ATM+2,12.41,5110050,24750.0,24668.8,90.4,93.4,90.4,93.0,526125,1754294340
2025-08-04 13:30:00,CE,ATM+2,12.47,10086150,24800.0,24679.8,73.8,78.2,73.0,76.9,847200,1754294400
2025-08-04 13:31:00,CE,ATM+2,12.5,10071900,24800.0,24678.5,77.1,78.0,76.0,76.75,476400,1754294460
2025-08-04 13:32:00,CE,ATM+2,12.49,10071900,24800.0,24681.9,77.1,78.7,75.9,78.05,380400,1754294520
2025-08-04 13:33:00,CE,ATM+2,12.5,10071900,24800.0,24688.5,77.85,81.7,77.85,80.7,675525,1754294580
2025-08-04 13:34:00,CE,ATM+2,12.57,10116525,24800.0,24687.15,80.9,81.1,79.5,80.85,333450,1754294640
2025-08-04 13:35:00,CE,ATM+2,12.42,10116525,24800.0,24688.15,81.0,81.0,78.15,79.7,364200,1754294700
2025-08-04 13:36:00,CE,ATM+2,12.54,10116525,24800.0,24679.8,79.65,79.85,75.9,77.7,315000,1754294760
2025-08-04 13:37:00,CE,ATM+2,12.47,10088100,24800.0,24683.95,77.2,79.65,77.1,78.7,219675,1754294820
2025-08-04 13:38:00,CE,ATM+2,12.46,10088100,24800.0,24684.95,78.65,80.55,78.45,78.9,180450,1754294880
2025-08-04 13:39:00,CE,ATM+2,12.42,10088100,24800.0,24689.35,79.0,80.6,78.7,80.05,191775,1754294940
2025-08-04 13:40:00,CE,ATM+2,12.37,10129875,24800.0,24689.3,79.95,80.35,78.85,79.85,198150,1754295000
2025-08-04 13:41:00,CE,ATM+2,12.33,10129875,24800.0,24690.95,80.0,80.7,78.05,80.2,247575,1754295060
2025-08-04 13:42:00,CE,ATM+2,12.29,10129875,24800.0,24697.4,80.4,82.95,80.0,82.3,585375,1754295120
2025-08-04 13:43:00,CE,ATM+2,12.34,10189950,24800.0,24694.9,81.7,82.5,81.25,81.95,310650,1754295180
2025-08-04 13:44:00,CE,ATM+2,12.44,10189950,24800.0,24701.7,82.3,85.6,82.2,84.9,510375,1754295240
2025-08-04 13:45:00,CE,ATM+2,12.37,10189950,24800.0,24708.0,84.6,88.0,83.7,87.0,841275,1754295300
2025-08-04 13:46:00,CE,ATM+2,12.61,4282800,24850.0,24726.5,68.6,78.7,68.55,78.1,960075,1754295360
2025-08-04 13:47:00,CE,ATM+2,12.55,4282800,24850.0,24730.25,78.7,80.6,76.25,78.25,1068675,1754295420
2025-08-04 13:48:00,CE,ATM+2,12.41,4282800,24850.0,24725.25,78.35,79.75,74.6,75.0,680775,1754295480
2025-08-04 13:49:00,CE,ATM+2,12.29,9566025,24800.0,24719.5,94.8,94.8,90.6,90.8,772050,1754295540
2025-08-04 13:50:00,CE,ATM+2,12.4,9566025,24800.0,24720.2,91.75,92.7,91.25,92.25,566550,1754295600
2025-08-04 13:51:00,CE,ATM+2,12.3,9566025,24800.0,24717.6,92.3,93.95,89.6,90.35,739200,1754295660
2025-08-04 13:52:00,CE,ATM+2,12.46,9633075,24800.0,24715.8,90.6,91.7,90.35,91.2,405075,1754295720
2025-08-04 13:53:00,CE,ATM+2,12.34,9633075,24800.0,24714.0,90.9,91.2,88.7,89.4,514050,1754295780
2025-08-04 13:54:00,CE,ATM+2,12.41,9633075,24800.0,24719.2,89.9,92.25,89.35,91.95,352725,1754295840
2025-08-04 13:55:00,CE,ATM+2,12.26,9677850,24800.0,24718.7,92.3,92.5,89.7,90.2,491850,1754295900
2025-08-04 13:56:00,CE,ATM+2,12.4,9677850,24800.0,24717.1,90.75,91.0,88.35,90.95,452175,1754295960
2025-08-04 13:57:00,CE,ATM+2,12.28,9677850,24800.0,24718.3,91.2,92.6,90.15,90.4,349425,1754296020
2025-08-04 13:58:00,CE,ATM+2,12.38,9712725,24800.0,24720.55,90.85,92.55,90.6,91.9,252825,1754296080
2025-08-04 13:59:00,CE,ATM+2,12.23,9712725,24800.0,24718.65,92.0,93.35,89.9,89.9,368700,1754296140
2025-08-04 14:00:00,CE,ATM+2,12.41,9712725,24800.0,24720.95,90.25,94.35,90.1,92.3,588375,1754296200
2025-08-04 14:01:00,CE,ATM+2,12.33,9848175,24800.0,24722.95,92.3,93.45,91.15,93.05,417750,1754296260
2025-08-04 14:02:00,CE,ATM+2,12.36,9848175,24800.0,24700.6,93.2,93.4,82.8,83.45,1243425,1754296320
2025-08-04 14:03:00,CE,ATM+2,12.76,9848175,24800.0,24686.05,82.55,83.15,78.7,81.95,1422225,1754296380
2025-08-04 14:04:00,CE,ATM+2,12.24,9718500,24800.0,24699.0,82.3,85.85,81.75,81.75,919350,1754296440
2025-08-04 14:05:00,CE,ATM+2,12.3,9718500,24800.0,24705.05,82.15,84.9,82.15,84.9,404100,1754296500
2025-08-04 14:06:00,CE,ATM+2,12.24,9718500,24800.0,24709.35,84.65,85.9,84.15,85.9,423225,1754296560
2025-08-04 14:07:00,CE,ATM+2,12.2,9961350,24800.0,24710.35,85.75,86.45,84.05,86.25,379725,1754296620
2025-08-04 14:08:00,CE,ATM+2,12.09,9961350,24800.0,24714.35,85.75,87.35,85.6,87.1,462150,1754296680
2025-08-04 14:09:00,CE,ATM+2,12.28,9961350,24800.0,24722.4,87.2,92.4,86.6,92.0,859425,1754296740
2025-08-04 14:10:00,CE,ATM+2,12.1,10092375,24800.0,24718.0,91.05,91.65,86.75,88.1,896850,1754296800
2025-08-04 14:11:00,CE,ATM+2,12.33,10092375,24800.0,24717.15,88.1,90.6,87.85,90.1,436050,1754296860
2025-08-04 14:12:00,CE,ATM+2,12.29,10092375,24800.0,24719.95,90.3,91.25,89.8,90.9,499050,1754296920
2025-08-04 14:13:00,CE,ATM+2,12.3,10205850,24800.0,24720.1,90.3,91.2,88.4,91.15,317550,1754296980
2025-08-04 14:14:00,CE,ATM+2,12.26,10205850,24800.0,24719.45,90.7,91.05,89.65,90.95,280275,1754297040
2025-08-04 14:15:00,CE,ATM+2,12.23,10205850,24800.0,24721.4,90.7,91.35,89.5,91.0,373125,1754297100
2025-08-04 14:16:00,CE,ATM+2,12.08,10188825,24800.0,24716.1,91.05,91.05,87.55,87.65,418650,1754297160
2025-08-04 14:17:00,CE,ATM+2,12.05,10188825,24800.0,24721.65,87.9,91.35,87.9,89.45,375450,1754297220
2025-08-04 14:18:00,CE,ATM+2,12.13,10188825,24800.0,24718.35,89.2,89.25,86.5,88.75,425475,1754297280
2025-08-04 14:19:00,CE,ATM+2,12.2,10167075,24800.0,24720.0,88.85,90.1,88.3,89.8,236475,1754297340
2025-08-04 14:20:00,CE,ATM+2,12.11,10167075,24800.0,24719.2,89.45,89.45,87.4,88.7,181125,1754297400
2025-08-04 14:21:00,CE,ATM+2,12.19,4031475,24850.0,24726.05,70.2,72.8,68.4,72.6,182625,1754297460
2025-08-04 14:22:00,CE,ATM+2,12.12,10201650,24800.0,24717.45,92.1,92.1,88.05,88.55,548025,1754297520
2025-08-04 14:23:00,CE,ATM+2,12.13,10201650,24800.0,24718.45,89.0,90.0,88.7,88.7,211575,1754297580
2025-08-04 14:24:00,CE,ATM+2,12.18,10201650,24800.0,24717.45,89.0,89.8,87.85,88.35,219825,1754297640
2025-08-04 14:25:00,CE,ATM+2,12.15,10254975,24800.0,24718.2,88.6,88.8,85.8,88.6,565275,1754297700
2025-08-04 14:26:00,CE,ATM+2,12.04,10254975,24800.0,24717.15,88.5,89.4,86.1,87.2,302100,1754297760
2025-08-04 14:27:00,CE,ATM+2,12.06,10254975,24800.0,24718.4,87.6,87.95,86.65,87.75,200475,1754297820
2025-08-04 14:28:00,CE,ATM+2,12.09,10245225,24800.0,24721.55,87.45,89.6,87.2,89.6,341100,1754297880
2025-08-04 14:29:00,CE,ATM+2,12.12,10245225,24800.0,24721.8,89.65,90.7,89.05,90.0,452775,1754297940
2025-08-04 14:30:00,CE,ATM+2,12.01,10245225,24800.0,24719.2,89.7,91.45,87.0,87.95,476100,1754298000
2025-08-04 14:31:00,CE,ATM+2,12.12,4187025,24850.0,24728.45,69.05,73.15,68.95,72.45,323250,1754298060
2025-08-04 14:32:00,CE,ATM+2,12.13,4187025,24850.0,24725.65,72.45,73.6,71.0,71.7,333150,1754298120
2025-08-04 14:33:00,CE,ATM+2,12.16,4187025,24850.0,24728.8,71.8,74.7,71.8,73.05,368175,1754298180
2025-08-04 14:34:00,CE,ATM+2,12.17,4170975,24850.0,24730.05,73.0,74.55,72.0,73.7,340125,1754298240
2025-08-04 14:35:00,CE,ATM+2,12.06,10368375,24800.0,24718.5,93.2,93.2,87.4,87.4,861825,1754298300
2025-08-04 14:36:00,CE,ATM+2,11.92,10368375,24800.0,24718.0,86.6,87.3,81.8,86.05,1455600,1754298360
2025-08-04 14:37:00,CE,ATM+2,12.03,10138425,24800.0,24714.25,85.85,86.3,83.4,85.55,529950,1754298420
2025-08-04 14:38:00,CE,ATM+2,11.91,10138425,24800.0,24714.6,85.7,86.3,84.0,84.15,347700,1754298480
2025-08-04 14:39:00,CE,ATM+2,11.86,10138425,24800.0,24718.9,84.65,86.15,84.25,85.8,260325,1754298540
2025-08-04 14:40:00,CE,ATM+2,12.13,10194675,24800.0,24714.9,85.9,89.75,84.5,86.8,700050,1754298600
2025-08-04 14:41:00,CE,ATM+2,12.2,10194675,24800.0,24711.7,86.95,87.3,84.45,85.75,331050,1754298660
2025-08-04 14:42:00,CE,ATM+2,12.04,10194675,24800.0,24712.25,85.9,86.5,84.3,84.9,208575,1754298720
2025-08-04 14:43:00,CE,ATM+2,12.08,10156875,24800.0,24713.05,85.4,86.3,84.6,85.5,196650,1754298780
2025-08-04 14:44:00,CE,ATM+2,12.32,10156875,24800.0,24699.3,85.45,85.45,81.5,81.5,608325,1754298840
2025-08-04 14:45:00,CE,ATM+2,12.5,10156875,24800.0,24691.35,82.35,83.5,79.8,81.8,907200,1754298900
2025-08-04 14:46:00,CE,ATM+2,12.13,10181850,24800.0,24710.3,83.85,85.95,83.1,84.75,684225,1754298960
2025-08-04 14:47:00,CE,ATM+2,12.1,10181850,24800.0,24713.1,85.6,86.8,85.2,85.75,490200,1754299020
2025-08-04 14:48:00,CE,ATM+2,12.11,10181850,24800.0,24716.6,86.05,87.6,85.5,87.15,487425,1754299080
2025-08-04 14:49:00,CE,ATM+2,12.1,10281150,24800.0,24716.15,87.35,88.75,86.75,87.35,476250,1754299140
2025-08-04 14:50:00,CE,ATM+2,12.02,10281150,24800.0,24719.8,87.4,88.05,86.1,87.75,270975,1754299200
2025-08-04 14:51:00,CE,ATM+2,12.11,4344375,24850.0,24727.45,69.15,72.3,69.0,72.2,337425,1754299260
2025-08-04 14:52:00,CE,ATM+2,12.01,10250475,24800.0,24723.95,91.0,91.45,88.35,89.3,593775,1754299320
2025-08-04 14:53:00,CE,ATM+2,12.07,4318500,24850.0,24726.35,69.8,71.2,69.55,71.2,153375,1754299380
2025-08-04 14:54:00,CE,ATM+2,11.85,4318500,24850.0,24727.4,70.75,71.15,68.9,70.05,179850,1754299440
2025-08-04 14:55:00,CE,ATM+2,12.0,4301250,24850.0,24725.85,69.95,70.45,67.5,70.3,248625,1754299500
2025-08-04 14:56:00,CE,ATM+2,11.92,4301250,24850.0,24726.75,70.05,70.05,68.6,69.7,124125,1754299560
2025-08-04 14:57:00,CE,ATM+2,11.86,4301250,24850.0,24726.75,69.65,70.75,69.55,69.8,117300,1754299620
2025-08-04 14:58:00,CE,ATM+2,11.89,10088475,24800.0,24723.6,88.9,88.9,87.2,88.05,269775,1754299680
2025-08-04 14:59:00,CE,ATM+2,11.88,4264650,24850.0,24725.75,68.95,70.15,68.65,69.75,108750,1754299740
2025-08-04 15:00:00,CE,ATM+2,11.89,10088475,24800.0,24716.05,88.75,89.75,81.35,85.2,1252350,1754299800
2025-08-04 15:01:00,CE,ATM+2,11.63,9925050,24800.0,24719.05,85.7,88.0,83.65,84.0,518850,1754299860
2025-08-04 15:02:00,CE,ATM+2,11.55,9925050,24800.0,24718.45,84.25,85.6,82.65,82.8,444825,1754299920
2025-08-04 15:03:00,CE,ATM+2,11.62,9925050,24800.0,24714.0,82.4,82.4,80.0,81.9,744150,1754299980
2025-08-04 15:04:00,CE,ATM+2,11.55,9799425,24800.0,24719.4,82.4,84.0,82.1,83.35,326625,1754300040
2025-08-04 15:05:00,CE,ATM+2,11.55,9799425,24800.0,24716.75,83.5,83.9,82.0,82.45,291675,1754300100
2025-08-04 15:06:00,CE,ATM+2,11.53,9799425,24800.0,24718.05,82.65,83.85,82.35,82.4,232050,1754300160
2025-08-04 15:07:00,CE,ATM+2,11.51,9757575,24800.0,24720.8,82.3,83.65,82.05,83.35,231675,1754300220
2025-08-04 15:08:00,CE,ATM+2,11.58,9757575,24800.0,24722.8,83.55,85.25,83.55,85.05,555375,1754300280
2025-08-04 15:09:00,CE,ATM+2,11.78,4166100,24850.0,24725.25,66.85,69.0,66.65,68.2,257325,1754300340
2025-08-04 15:10:00,CE,ATM+2,11.64,9524100,24800.0,24724.95,87.0,87.7,86.0,86.4,543975,1754300400
2025-08-04 15:11:00,CE,ATM+2,11.74,9524100,24800.0,24720.5,86.05,86.6,83.7,85.5,484200,1754300460
2025-08-04 15:12:00,CE,ATM+2,11.46,9524100,24800.0,24718.95,85.3,85.75,82.25,82.25,369675,1754300520
2025-08-04 15:13:00,CE,ATM+2,11.53,9389625,24800.0,24714.65,82.3,83.55,80.9,81.15,401325,1754300580
2025-08-04 15:14:00,CE,ATM+2,11.41,9389625,24800.0,24719.25,81.45,83.3,81.15,81.85,378075,1754300640
2025-08-04 15:15:00,CE,ATM+2,11.71,9389625,24800.0,24723.5,82.15,86.35,82.15,86.35,660000,1754300700
2025-08-04 15:16:00,CE,ATM+2,11.62,9314175,24800.0,24723.3,85.8,85.95,84.6,85.8,399900,1754300760
2025-08-04 15:17:00,CE,ATM+2,11.73,9314175,24800.0,24721.5,85.95,86.55,85.05,85.65,432900,1754300820
2025-08-04 15:18:00,CE,ATM+2,11.74,9314175,24800.0,24721.3,85.5,86.0,83.55,85.6,342825,1754300880
2025-08-04 15:19:00,CE,ATM+2,11.72,9167175,24800.0,24723.15,85.65,86.5,85.4,86.25,285825,1754300940
2025-08-04 15:20:00,CE,ATM+2,11.75,3773625,24850.0,24725.25,67.1,68.7,67.1,67.95,423600,1754301000
2025-08-04 15:21:00,CE,ATM+2,11.7,3773625,24850.0,24726.15,68.25,68.45,67.5,67.9,229200,1754301060
2025-08-04 15:22:00,CE,ATM+2,11.59,3567150,24850.0,24726.3,67.8,68.0,65.7,67.0,381825,1754301120
2025-08-04 15:23:00,CE,ATM+2,11.47,3567150,24850.0,24731.6,66.95,67.85,66.95,67.8,255750,1754301180
2025-08-04 15:24:00,CE,ATM+2,11.57,3567150,24850.0,24730.25,67.7,68.1,67.0,68.0,420225,1754301240
2025-08-04 15:25:00,CE,ATM+2,11.49,8667825,24800.0,24724.4,86.45,86.5,83.25,84.55,716175,1754301300
2025-08-04 15:26:00,CE,ATM+2,11.61,3438225,24850.0,24726.95,66.2,67.25,65.75,66.95,320400,1754301360
2025-08-04 15:27:00,CE,ATM+2,11.42,3438225,24850.0,24730.75,67.0,67.05,66.05,66.5,233550,1754301420
2025-08-04 15:28:00,CE,ATM+2,11.32,3374925,24850.0,24729.9,66.6,66.65,65.05,65.75,335025,1754301480
2025-08-04 15:29:00,CE,ATM+2,11.15,3374925,24850.0,24726.9,65.9,66.05,63.0,63.0,507375,1754301540
2025-08-05 09:15:00,CE,ATM+2,11.99,8124225,24800.0,24714.6,79.6,79.9,58.8,69.05,1727400,1754365500
2025-08-05 09:16:00,CE,ATM+2,12.06,8124225,24800.0,24696.2,68.55,68.55,62.3,63.15,1278450,1754365560
2025-08-05 09:17:00,CE,ATM+2,11.96,8124225,24800.0,24706.3,62.7,68.3,62.2,66.5,979800,1754365620
2025-08-05 09:18:00,CE,ATM+2,11.94,9116850,24800.0,24700.95,64.35,66.3,62.7,64.15,875625,1754365680
2025-08-05 09:19:00,CE,ATM+2,11.93,9116850,24800.0,24690.6,63.4,64.45,60.4,60.4,971400,1754365740
2025-08-05 09:20:00,CE,ATM+2,11.85,9116850,24800.0,24693.55,59.3,63.2,58.0,60.85,1095750,1754365800
2025-08-05 09:21:00,CE,ATM+2,11.86,9719925,24800.0,24686.75,59.35,59.6,56.6,58.4,876075,1754365860
2025-08-05 09:22:00,CE,ATM+2,11.91,9719925,24800.0,24688.35,57.1,60.15,55.8,59.7,846750,1754365920
2025-08-05 09:23:00,CE,ATM+2,11.96,9719925,24800.0,24696.9,59.6,63.45,59.3,62.9,753675,1754365980
2025-08-05 09:24:00,CE,ATM+2,12.05,10049625,24800.0,24680.05,62.3,62.3,57.05,57.5,716625,1754366040
2025-08-05 09:25:00,CE,ATM+2,12.05,10049625,24800.0,24677.9,57.15,58.85,54.5,56.85,997125,1754366100
2025-08-05 09:26:00,CE,ATM+2,11.99,10049625,24800.0,24675.95,57.1,58.55,54.0,55.45,663825,1754366160
2025-08-05 09:27:00,CE,ATM+2,12.16,10494375,24800.0,24675.35,55.9,56.85,54.3,56.6,566400,1754366220
2025-08-05 09:28:00,CE,ATM+2,12.12,10494375,24800.0,24675.05,56.85,57.55,53.35,56.35,605025,1754366280
2025-08-05 09:29:00,CE,ATM+2,12.17,5952150,24750.0,24673.0,73.9,75.1,73.25,74.3,312375,1754366340
2025-08-05 09:30:00,CE,ATM+2,12.09,10777275,24800.0,24675.6,55.95,58.6,55.25,56.25,736125,1754366400
2025-08-05 09:31:00,CE,ATM+2,12.19,6134175,24750.0,24667.45,73.75,75.1,70.1,72.15,636750,1754366460
2025-08-05 09:32:00,CE,ATM+2,12.19,6134175,24750.0,24664.9,72.25,73.3,70.7,71.25,314550,1754366520
2025-08-05 09:33:00,CE,ATM+2,12.09,6353250,24750.0,24666.85,71.55,72.2,68.6,71.2,529650,1754366580
2025-08-05 09:34:00,CE,ATM+2,12.13,11031375,24800.0,24675.25,53.7,56.35,53.7,56.25,567075,1754366640
2025-08-05 09:35:00,CE,ATM+2,12.06,6353250,24750.0,24674.15,73.7,75.25,72.6,74.55,410400,1754366700
2025-08-05 09:36:00,CE,ATM+2,12.08,6512100,24750.0,24656.65,74.15,74.15,66.2,66.65,848475,1754366760
2025-08-05 09:37:00,CE,ATM+2,12.22,6512100,24750.0,24647.65,66.5,66.5,63.1,64.65,1083975,1754366820
2025-08-05 09:38:00,CE,ATM+2,12.35,6512100,24750.0,24638.85,64.6,64.6,61.7,62.6,608850,1754366880
2025-08-05 09:39:00,CE,ATM+2,12.74,6690750,24750.0,24633.45,62.8,63.65,62.3,63.1,419250,1754366940
2025-08-05 09:40:00,CE,ATM+2,12.87,6690750,24750.0,24631.1,62.9,64.3,62.25,64.05,614475,1754367000
2025-08-05 09:41:00,CE,ATM+2,12.74,6690750,24750.0,24632.75,64.0,66.1,62.2,63.3,560700,1754367060
2025-08-05 09:42:00,CE,ATM+2,12.64,6758100,24750.0,24638.6,63.15,65.65,62.9,64.8,350550,1754367120
2025-08-05 09:43:00,CE,ATM+2,12.57,6758100,24750.0,24639.1,65.35,66.9,63.05,64.3,520875,1754367180
2025-08-05 09:44:00,CE,ATM+2,12.46,6758100,24750.0,24631.9,64.6,64.6,60.3,60.9,414900,1754367240
2025-08-05 09:45:00,CE,ATM+2,12.79,14909250,24700.0,24622.7,79.1,80.4,77.1,78.85,1171350,1754367300
2025-08-05 09:46:00,CE,ATM+2,12.8,6803775,24750.0,24626.55,60.1,62.3,59.55,61.9,306450,1754367360
2025-08-05 09:47:00,CE,ATM+2,12.63,14909250,24700.0,24619.7,80.4,80.55,75.5,75.9,2015625,1754367420
2025-08-05 09:48:00,CE,ATM+2,12.6,16463400,24700.0,24616.0,74.65,76.5,72.45,74.6,2967600,1754367480
2025-08-05 09:49:00,CE,ATM+2,12.6,16463400,24700.0,24615.4,74.55,75.0,73.15,74.3,773025,1754367540
2025-08-05 09:50:00,CE,ATM+2,12.8,16463400,24700.0,24614.25,74.0,75.1,71.45,75.1,1075425,1754367600
2025-08-05 09:51:00,CE,ATM+2,12.65,17144025,24700.0,24620.7,74.9,77.0,74.5,76.85,875850,1754367660
2025-08-05 09:52:00,CE,ATM+2,12.79,17144025,24700.0,24615.1,76.5,76.5,73.25,75.9,609975,1754367720
2025-08-05 09:53:00,CE,ATM+2,12.74,17144025,24700.0,24617.75,75.6,76.65,73.9,76.3,442425,1754367780
2025-08-05 09:54:00,CE,ATM+2,12.7,17338875,24700.0,24614.55,76.05,78.45,73.0,74.7,957150,1754367840
2025-08-05 09:55:00,CE,ATM+2,12.78,17338875,24700.0,24613.25,74.7,76.45,74.3,75.15,406050,1754367900
2025-08-05 09:56:00,CE,ATM+2,12.8,17338875,24700.0,24620.9,75.3,78.3,75.15,77.9,557250,1754367960
2025-08-05 09:57:00,CE,ATM+2,12.59,17468550,24700.0,24622.3,77.5,77.75,76.2,76.8,549900,1754368020
2025-08-05 09:58:00,CE,ATM+2,12.76,17468550,24700.0,24604.25,76.65,76.65,70.3,70.75,1225725,1754368080
2025-08-05 09:59:00,CE,ATM+2,12.58,17468550,24700.0,24605.1,70.2,72.65,69.0,69.95,1561275,1754368140
2025-08-05 10:00:00,CE,ATM+2,12.77,17797725,24700.0,24597.4,70.1,71.0,68.35,68.45,839550,1754368200
2025-08-05 10:01:00,CE,ATM+2,12.8,17797725,24700.0,24599.35,69.05,70.85,68.05,69.1,822375,1754368260
2025-08-05 10:02:00,CE,ATM+2,12.73,17797725,24700.0,24611.5,69.6,73.8,68.8,73.8,766575,1754368320
2025-08-05 10:03:00,CE,ATM+2,12.78,17829750,24700.0,24615.1,73.2,75.4,73.2,75.4,984750,1754368380
2025-08-05 10:04:00,CE,ATM+2,12.73,17829750,24700.0,24614.5,75.4,75.45,73.35,74.5,490425,1754368440
2025-08-05 10:05:00,CE,ATM+2,12.86,17829750,24700.0,24612.7,74.1,75.15,73.25,75.05,451125,1754368500
2025-08-05 10:06:00,CE,ATM+2,12.75,17822325,24700.0,24618.5,74.4,77.5,73.8,76.5,636600,1754368560
2025-08-05 10:07:00,CE,ATM+2,12.73,17822325,24700.0,24619.75,76.9,77.7,74.7,77.0,756975,1754368620
2025-08-05 10:08:00,CE,ATM+2,12.67,17822325,24700.0,24621.9,77.0,77.9,76.3,76.9,464775,1754368680
2025-08-05 10:09:00,CE,ATM+2,12.57,7309575,24750.0,24633.65,59.4,62.7,59.0,62.0,496800,1754368740
2025-08-05 10:10:00,CE,ATM+2,12.44,17853150,24700.0,24622.65,80.0,80.1,75.65,75.95,941850,1754368800
2025-08-05 10:11:00,CE,ATM+2,12.65,17853150,24700.0,24621.9,75.6,77.1,74.1,77.1,706125,1754368860
2025-08-05 10:12:00,CE,ATM+2,12.55,17831850,24700.0,24624.5,77.1,78.5,76.65,77.35,481050,1754368920
2025-08-05 10:13:00,CE,ATM+2,12.65,17831850,24700.0,24611.8,77.6,77.8,72.0,72.95,742725,1754368980
2025-08-05 10:14:00,CE,ATM+2,12.55,17831850,24700.0,24618.75,73.1,75.8,72.0,74.75,501000,1754369040
2025-08-05 10:15:00,CE,ATM+2,12.71,17880225,24700.0,24617.3,74.55,76.1,72.85,75.55,380400,1754369100
2025-08-05 10:16:00,CE,ATM+2,12.65,17880225,24700.0,24619.0,75.5,77.3,74.4,75.75,515250,1754369160
2025-08-05 10:17:00,CE,ATM+2,12.45,17880225,24700.0,24623.85,75.85,76.7,74.5,75.95,362250,1754369220
2025-08-05 10:18:00,CE,ATM+2,12.58,7325925,24750.0,24627.95,58.65,60.25,58.65,59.95,202350,1754369280
2025-08-05 10:19:00,CE,ATM+2,12.58,7325925,24750.0,24634.8,59.8,63.3,59.8,62.05,495450,1754369340
2025-08-05 10:20:00,CE,ATM+2,12.54,7325925,24750.0,24631.0,61.2,61.4,59.5,60.75,335625,1754369400
2025-08-05 10:21:00,CE,ATM+2,12.5,7294425,24750.0,24631.3,60.65,61.5,59.6,60.6,196725,1754369460
2025-08-05 10:22:00,CE,ATM+2,12.5,7294425,24750.0,24637.55,60.45,63.2,59.75,62.5,405600,1754369520
2025-08-05 10:23:00,CE,ATM+2,12.43,7294425,24750.0,24639.1,62.8,63.1,61.45,62.45,301650,1754369580
2025-08-05 10:24:00,CE,ATM+2,12.25,7261050,24750.0,24642.6,62.1,63.75,62.05,62.8,345675,1754369640
2025-08-05 10:25:00,CE,ATM+2,12.35,7261050,24750.0,24634.45,62.6,63.2,58.2,60.35,483000,1754369700
2025-08-05 10:26:00,CE,ATM+2,12.28,7261050,24750.0,24636.75,60.5,60.95,59.15,60.55,176700,1754369760
2025-08-05 10:27:00,CE,ATM+2,12.29,7300050,24750.0,24626.25,60.7,60.9,56.85,57.05,295425,1754369820
2025-08-05 10:28:00,CE,ATM+2,12.29,7300050,24750.0,24628.6,56.9,59.0,55.6,57.6,368100,1754369880
2025-08-05 10:29:00,CE,ATM+2,12.3,7300050,24750.0,24625.8,57.65,58.45,56.6,56.9,152550,1754369940
2025-08-05 10:30:00,CE,ATM+2,12.2,18014700,24700.0,24615.95,74.3,74.8,70.7,70.7,789300,1754370000
2025-08-05 10:31:00,CE,ATM+2,12.5,18014700,24700.0,24607.6,71.2,71.3,68.9,70.15,1825125,1754370060
2025-08-05 10:32:00,CE,ATM+2,12.3,18014700,24700.0,24606.9,70.0,70.15,67.25,68.15,1474500,1754370120
2025-08-05 10:33:00,CE,ATM+2,12.33,17656950,24700.0,24609.05,68.35,69.5,67.9,68.75,632100,1754370180
2025-08-05 10:34:00,CE,ATM+2,12.28,17656950,24700.0,24613.4,68.85,70.45,68.2,70.35,543675,1754370240
2025-08-05 10:35:00,CE,ATM+2,12.13,17656950,24700.0,24618.7,70.2,71.8,69.05,71.45,682500,1754370300
2025-08-05 10:36:00,CE,ATM+2,12.09,17934300,24700.0,24616.65,71.8,71.8,69.75,69.95,626775,1754370360
2025-08-05 10:37:00,CE,ATM+2,12.33,17934300,24700.0,24613.35,70.45,70.8,68.8,70.55,334200,1754370420
2025-08-05 10:38:00,CE,ATM+2,12.17,17934300,24700.0,24624.5,70.8,74.9,70.65,73.75,1116750,1754370480
2025-08-05 10:39:00,CE,ATM+2,12.16,7289625,24750.0,24630.45,55.9,57.9,55.85,57.15,289200,1754370540
2025-08-05 10:40:00,CE,ATM+2,12.19,17755950,24700.0,24620.75,74.9,75.9,71.35,73.0,668550,1754370600
2025-08-05 10:41:00,CE,ATM+2,12.21,17755950,24700.0,24622.5,73.55,73.55,71.7,72.35,289200,1754370660
2025-08-05 10:42:00,CE,ATM+2,12.38,17787225,24700.0,24604.2,71.75,71.75,65.1,68.45,1606650,1754370720
2025-08-05 10:43:00,CE,ATM+2,12.28,17787225,24700.0,24609.75,69.65,69.65,67.7,68.9,444825,1754370780
2025-08-05 10:44:00,CE,ATM+2,12.08,17787225,24700.0,24615.85,69.05,69.85,68.7,69.55,384975,1754370840
2025-08-05 10:45:00,CE,ATM+2,12.12,17916825,24700.0,24612.8,69.45,69.45,67.7,68.8,451650,1754370900
2025-08-05 10:46:00,CE,ATM+2,12.08,17916825,24700.0,24613.95,69.1,70.0,68.6,68.9,279525,1754370960
2025-08-05 10:47:00,CE,ATM+2,12.19,17916825,24700.0,24608.15,69.1,69.1,66.2,67.65,490050,1754371020
2025-08-05 10:48:00,CE,ATM+2,12.12,18006225,24700.0,24611.25,67.65,68.7,66.9,68.1,230550,1754371080
2025-08-05 10:49:00,CE,ATM+2,12.19,18006225,24700.0,24611.0,68.05,69.0,67.35,68.6,259425,1754371140
2025-08-05 10:50:00,CE,ATM+2,12.17,18006225,24700.0,24619.1,68.6,71.9,68.6,71.15,462600,1754371200
2025-08-05 10:51:00,CE,ATM+2,12.13,17978475,24700.0,24620.6,70.9,71.8,70.45,71.8,329400,1754371260
2025-08-05 10:52:00,CE,ATM+2,12.06,17978475,24700.0,24624.75,71.7,73.6,71.25,72.75,600750,1754371320
2025-08-05 10:53:00,CE,ATM+2,12.13,17978475,24700.0,24623.8,72.9,74.0,72.0,73.0,466800,1754371380
2025-08-05 10:54:00,CE,ATM+2,12.2,7272975,24750.0,24626.9,55.7,56.9,55.2,56.25,200100,1754371440
2025-08-05 10:55:00,CE,ATM+2,12.19,17773500,24700.0,24623.35,74.45,74.45,72.25,73.2,471975,1754371500
2025-08-05 10:56:00,CE,ATM+2,12.16,17773500,24700.0,24619.95,72.9,73.35,70.55,71.6,274050,1754371560
2025-08-05 10:57:00,CE,ATM+2,12.04,17615325,24700.0,24620.9,72.1,72.55,70.5,71.0,181575,1754371620
2025-08-05 10:58:00,CE,ATM+2,12.12,17615325,24700.0,24617.55,70.8,72.4,69.9,70.3,271125,1754371680
2025-08-05 10:59:00,CE,ATM+2,12.09,17615325,24700.0,24620.2,70.4,71.45,70.2,71.0,189900,1754371740
2025-08-05 11:00:00,CE,ATM+2,12.1,17676300,24700.0,24619.15,71.7,72.0,69.35,70.7,328800,1754371800
2025-08-05 11:01:00,CE,ATM+2,12.02,17676300,24700.0,24620.75,70.45,72.35,70.2,70.35,232500,1754371860
2025-08-05 11:02:00,CE,ATM+2,12.12,17676300,24700.0,24624.3,70.05,73.2,68.85,73.1,379650,1754371920
2025-08-05 11:03:00,CE,ATM+2,11.89,17670600,24700.0,24625.0,72.95,73.35,71.5,71.5,344250,1754371980
2025-08-05 11:04:00,CE,ATM+2,12.05,17670600,24700.0,24624.05,71.3,72.5,71.0,72.1,194325,1754372040
2025-08-05 11:05:00,CE,ATM+2,12.02,17670600,24700.0,24624.15,71.75,72.2,70.75,71.75,235425,1754372100
2025-08-05 11:06:00,CE,ATM+2,11.89,17761200,24700.0,24620.25,71.35,71.35,68.5,69.2,387000,1754372160
2025-08-05 11:07:00,CE,ATM+2,11.86,17761200,24700.0,24618.1,69.25,69.95,67.45,68.05,408900,1754372220
2025-08-05 11:08:00,CE,ATM+2,11.89,17761200,24700.0,24613.15,68.05,68.35,66.15,66.15,463500,1754372280
2025-08-05 11:09:00,CE,ATM+2,11.93,17828550,24700.0,24607.45,66.1,67.1,63.6,64.65,1043025,1754372340
2025-08-05 11:10:00,CE,ATM+2,11.93,17828550,24700.0,24611.2,64.85,66.65,64.05,66.65,544650,1754372400
2025-08-05 11:11:00,CE,ATM+2,11.96,17828550,24700.0,24616.05,66.8,68.55,66.75,68.15,564525,1754372460
2025-08-05 11:12:00,CE,ATM+2,11.78,17895150,24700.0,24623.3,68.2,69.6,67.8,69.2,537075,1754372520
2025-08-05 11:13:00,CE,ATM+2,11.99,7370400,24750.0,24629.45,52.3,55.2,51.85,55.2,272700,1754372580
2025-08-05 11:14:00,CE,ATM+2,12.03,7370400,24750.0,24635.0,55.0,57.0,54.9,56.95,368400,1754372640
2025-08-05 11:15:00,CE,ATM+2,11.96,7184550,24750.0,24628.55,56.8,56.85,54.4,54.4,267375,1754372700
2025-08-05 11:16:00,CE,ATM+2,12.0,7184550,24750.0,24635.35,54.35,57.85,54.0,57.0,323400,1754372760
2025-08-05 11:17:00,CE,ATM+2,12.02,7184550,24750.0,24632.8,56.7,56.7,54.85,56.45,150900,1754372820
2025-08-05 11:18:00,CE,ATM+2,12.0,7158300,24750.0,24636.3,56.2,57.6,56.15,57.2,180375,1754372880
2025-08-05 11:19:00,CE,ATM+2,11.92,7158300,24750.0,24640.55,57.05,58.35,56.45,58.35,283350,1754372940
2025-08-05 11:20:00,CE,ATM+2,11.88,7158300,24750.0,24636.7,58.35,58.35,55.75,56.6,268425,1754373000
2025-08-05 11:21:00,CE,ATM+2,11.93,7179675,24750.0,24636.8,56.65,58.8,55.45,56.9,263325,1754373060
2025-08-05 11:22:00,CE,ATM+2,11.89,7179675,24750.0,24634.55,56.6,57.05,55.4,56.1,127425,1754373120
2025-08-05 11:23:00,CE,ATM+2,11.8,7179675,24750.0,24641.9,56.1,58.7,56.1,58.05,159900,1754373180
2025-08-05 11:24:00,CE,ATM+2,11.87,7239150,24750.0,24645.15,58.1,59.35,57.3,59.1,240300,1754373240
2025-08-05 11:25:00,CE,ATM+2,11.89,7239150,24750.0,24644.05,59.45,60.35,58.35,59.25,360825,1754373300
2025-08-05 11:26:00,CE,ATM+2,11.88,7239150,24750.0,24639.9,59.05,59.3,56.7,57.7,223950,1754373360
2025-08-05 11:27:00,CE,ATM+2,11.82,7177725,24750.0,24642.65,57.6,58.8,56.75,58.25,107175,1754373420
2025-08-05 11:28:00,CE,ATM+2,11.83,7177725,24750.0,24643.75,58.3,59.0,57.65,58.75,101175,1754373480
2025-08-05 11:29:00,CE,ATM+2,11.96,7177725,24750.0,24637.1,58.7,58.7,56.4,57.25,127050,1754373540
2025-08-05 11:30:00,CE,ATM+2,11.87,7184550,24750.0,24629.1,56.6,56.7,53.05,53.75,408375,1754373600
2025-08-05 11:31:00,CE,ATM+2,11.81,17542725,24700.0,24621.2,71.05,71.05,67.5,69.1,907725,1754373660
2025-08-05 11:32:00,CE,ATM+2,11.62,17542725,24700.0,24624.2,68.45,70.55,68.45,68.75,446775,1754373720
2025-08-05 11:33:00,CE,ATM+2,11.71,17514375,24700.0,24621.0,69.0,69.1,67.85,67.95,330375,1754373780
2025-08-05 11:34:00,CE,ATM+2,11.76,17514375,24700.0,24619.35,67.8,68.4,67.0,67.7,352725,1754373840
2025-08-05 11:35:00,CE,ATM+2,11.74,17514375,24700.0,24624.65,67.6,69.95,67.6,69.7,323925,1754373900
2025-08-05 11:36:00,CE,ATM+2,11.77,7130400,24750.0,24627.1,52.35,52.9,51.6,52.2,223725,1754373960
2025-08-05 11:37:00,CE,ATM+2,11.83,7130400,24750.0,24632.25,52.15,54.35,51.65,54.35,143700,1754374020
2025-08-05 11:38:00,CE,ATM+2,11.88,7130400,24750.0,24631.45,54.25,55.75,54.0,54.3,219750,1754374080
2025-08-05 11:39:00,CE,ATM+2,11.97,7273425,24750.0,24629.15,54.15,54.9,53.3,54.35,131250,1754374140
2025-08-05 11:40:00,CE,ATM+2,11.92,7273425,24750.0,24629.45,54.1,55.0,53.2,54.65,221700,1754374200
2025-08-05 11:41:00,CE,ATM+2,11.84,7273425,24750.0,24634.35,54.2,55.9,54.1,55.35,121800,1754374260
2025-08-05 11:42:00,CE,ATM+2,11.89,7205775,24750.0,24633.0,55.1,55.5,54.2,55.4,124125,1754374320
2025-08-05 11:43:00,CE,ATM+2,11.81,7205775,24750.0,24628.95,55.35,55.35,52.0,53.8,177675,1754374380
2025-08-05 11:44:00,CE,ATM+2,11.88,7205775,24750.0,24632.9,53.95,55.1,53.2,55.05,126150,1754374440
2025-08-05 11:45:00,CE,ATM+2,11.88,7207050,24750.0,24629.75,54.85,54.85,53.85,54.05,98400,1754374500
2025-08-05 11:46:00,CE,ATM+2,11.91,7207050,24750.0,24631.55,54.2,54.95,52.25,54.95,81900,1754374560
2025-08-05 11:47:00,CE,ATM+2,11.81,7207050,24750.0,24634.05,55.0,55.0,53.8,54.7,88275,1754374620
2025-08-05 11:48:00,CE,ATM+2,11.78,7201275,24750.0,24633.45,54.55,55.05,54.05,55.0,64875,1754374680
2025-08-05 11:49:00,CE,ATM+2,11.7,7201275,24750.0,24632.35,55.05,55.05,53.4,53.55,94875,1754374740
2025-08-05 11:50:00,CE,ATM+2,11.82,7201275,24750.0,24634.25,53.75,54.8,53.5,54.75,64350,1754374800
2025-08-05 11:51:00,CE,ATM+2,11.78,7214250,24750.0,24630.55,54.7,54.7,52.65,54.0,119925,1754374860
2025-08-05 11:52:00,CE,ATM+2,11.79,7214250,24750.0,24633.5,54.0,55.0,53.75,54.5,99000,1754374920
2025-08-05 11:53:00,CE,ATM+2,11.86,7214250,24750.0,24625.95,54.2,54.2,51.4,52.45,162900,1754374980
2025-08-05 11:54:00,CE,ATM+2,11.7,7210425,24750.0,24628.5,52.15,52.75,51.8,52.15,134250,1754375040
2025-08-05 11:55:00,CE,ATM+2,11.59,17625075,24700.0,24622.85,69.15,69.4,66.5,66.85,759000,1754375100
2025-08-05 11:56:00,CE,ATM+2,11.49,17625075,24700.0,24624.1,66.85,67.8,66.5,66.9,338400,1754375160
2025-08-05 11:57:00,CE,ATM+2,11.55,17531100,24700.0,24619.6,67.0,67.0,64.45,65.6,712575,1754375220
2025-08-05 11:58:00,CE,ATM+2,11.58,17531100,24700.0,24620.6,65.7,67.0,65.55,66.7,336600,1754375280
2025-08-05 11:59:00,CE,ATM+2,11.49,17531100,24700.0,24624.7,66.75,67.65,66.7,67.6,246975,1754375340
2025-08-05 12:00:00,CE,ATM+2,11.64,17591700,24700.0,24619.8,67.5,67.7,66.1,66.65,206325,1754375400
2025-08-05 12:01:00,CE,ATM+2,11.45,17591700,24700.0,24621.25,66.85,67.5,65.9,66.0,303075,1754375460
2025-08-05 12:02:00,CE,ATM+2,11.57,7247625,24750.0,24625.75,49.65,50.9,49.1,50.9,118725,1754375520
2025-08-05 12:03:00,CE,ATM+2,11.54,17629950,24700.0,24621.65,67.9,67.95,65.35,66.45,376125,1754375580
2025-08-05 12:04:00,CE,ATM+2,11.48,17629950,24700.0,24624.9,66.4,67.15,66.0,67.15,180375,1754375640
2025-08-05 12:05:00,CE,ATM+2,11.51,17629950,24700.0,24624.1,66.9,67.4,65.7,67.1,185325,1754375700
2025-08-05 12:06:00,CE,ATM+2,11.55,7242225,24750.0,24628.7,50.0,51.25,49.9,50.9,153075,1754375760
2025-08-05 12:07:00,CE,ATM+2,11.61,7242225,24750.0,24627.95,50.9,51.55,50.75,51.35,120000,1754375820
2025-08-05 12:08:00,CE,ATM+2,11.51,7242225,24750.0,24630.3,51.4,52.0,50.75,51.65,108975,1754375880
2025-08-05 12:09:00,CE,ATM+2,11.59,7227000,24750.0,24629.7,51.7,51.8,51.05,51.55,50400,1754375940
2025-08-05 12:10:00,CE,ATM+2,11.63,7227000,24750.0,24641.45,51.75,56.05,51.3,56.05,356625,1754376000
2025-08-05 12:11:00,CE,ATM+2,11.48,7227000,24750.0,24655.65,55.7,60.55,55.2,59.75,914550,1754376060
2025-08-05 12:12:00,CE,ATM+2,11.51,6823350,24750.0,24659.9,59.85,65.0,59.85,61.6,1220175,1754376120
2025-08-05 12:13:00,CE,ATM+2,11.48,6823350,24750.0,24659.75,62.0,62.9,60.55,61.6,399075,1754376180
2025-08-05 12:14:00,CE,ATM+2,11.45,6823350,24750.0,24658.1,61.8,61.95,60.55,60.75,250875,1754376240
2025-08-05 12:15:00,CE,ATM+2,11.65,6782925,24750.0,24658.1,59.1,62.45,58.0,61.5,590850,1754376300
2025-08-05 12:16:00,CE,ATM+2,11.5,6782925,24750.0,24652.2,61.25,61.85,58.3,58.85,330000,1754376360
2025-08-05 12:17:00,CE,ATM+2,11.5,6782925,24750.0,24653.75,59.6,60.7,58.9,59.55,225600,1754376420
2025-08-05 12:18:00,CE,ATM+2,11.62,6791325,24750.0,24653.65,59.4,60.6,58.75,60.05,204525,1754376480
2025-08-05 12:19:00,CE,ATM+2,11.54,6791325,24750.0,24659.45,59.8,63.9,59.7,61.85,528900,1754376540
2025-08-05 12:20:00,CE,ATM+2,11.63,6791325,24750.0,24657.35,62.0,62.0,59.85,61.65,258750,1754376600
2025-08-05 12:21:00,CE,ATM+2,11.58,6861300,24750.0,24662.0,61.55,63.7,60.0,62.95,328725,1754376660
2025-08-05 12:22:00,CE,ATM+2,11.5,6861300,24750.0,24665.05,62.65,64.0,61.65,63.35,356925,1754376720
2025-08-05 12:23:00,CE,ATM+2,11.6,6861300,24750.0,24661.65,62.85,64.05,61.5,62.3,328425,1754376780
2025-08-05 12:24:00,CE,ATM+2,11.63,6845250,24750.0,24662.0,62.5,63.5,62.2,62.95,156675,1754376840
2025-08-05 12:25:00,CE,ATM+2,11.59,6845250,24750.0,24656.1,62.75,62.9,59.0,59.85,295725,1754376900
2025-08-05 12:26:00,CE,ATM+2,11.43,6845250,24750.0,24656.65,59.7,60.0,56.95,58.85,397050,1754376960
2025-08-05 12:27:00,CE,ATM+2,11.39,6863325,24750.0,24660.95,58.75,61.85,58.45,60.45,208125,1754377020
2025-08-05 12:28:00,CE,ATM+2,11.35,6863325,24750.0,24655.9,60.7,60.7,57.55,58.2,215700,1754377080
2025-08-05 12:29:00,CE,ATM+2,11.23,6863325,24750.0,24657.1,58.3,58.6,57.35,57.85,134325,1754377140
2025-08-05 12:30:00,CE,ATM+2,11.27,6906075,24750.0,24654.45,57.85,58.25,56.3,56.9,259425,1754377200
2025-08-05 12:31:00,CE,ATM+2,11.19,6906075,24750.0,24643.85,56.6,56.9,51.65,52.6,613650,1754377260
2025-08-05 12:32:00,CE,ATM+2,11.22,6906075,24750.0,24639.9,52.3,52.65,50.65,51.65,445725,1754377320
2025-08-05 12:33:00,CE,ATM+2,11.49,6888900,24750.0,24634.9,51.6,52.6,49.05,52.0,619050,1754377380
2025-08-05 12:34:00,CE,ATM+2,11.1,6888900,24750.0,24641.6,52.4,53.75,50.6,51.2,442125,1754377440
2025-08-05 12:35:00,CE,ATM+2,11.12,6888900,24750.0,24645.0,51.35,52.7,50.75,52.45,192975,1754377500
2025-08-05 12:36:00,CE,ATM+2,11.13,7025850,24750.0,24644.05,52.55,53.0,51.7,52.2,185100,1754377560
2025-08-05 12:37:00,CE,ATM+2,11.19,7025850,24750.0,24640.4,52.05,52.45,50.1,51.5,183975,1754377620
2025-08-05 12:38:00,CE,ATM+2,11.05,7025850,24750.0,24645.9,51.6,52.9,51.6,52.4,155850,1754377680
2025-08-05 12:39:00,CE,ATM+2,11.1,7101675,24750.0,24647.3,52.5,53.2,51.8,53.0,229275,1754377740
2025-08-05 12:40:00,CE,ATM+2,11.1,7101675,24750.0,24646.25,53.05,53.4,52.25,53.15,231975,1754377800
2025-08-05 12:41:00,CE,ATM+2,11.09,7101675,24750.0,24646.7,52.95,53.65,52.55,52.95,125925,1754377860
2025-08-05 12:42:00,CE,ATM+2,11.13,7000200,24750.0,24651.75,53.2,54.85,53.05,54.75,213675,1754377920
2025-08-05 12:43:00,CE,ATM+2,11.12,7000200,24750.0,24651.45,54.65,55.0,53.25,54.5,204225,1754377980
2025-08-05 12:44:00,CE,ATM+2,11.18,7000200,24750.0,24649.95,54.6,55.3,53.85,54.5,133800,1754378040
2025-08-05 12:45:00,CE,ATM+2,11.21,6964875,24750.0,24645.8,54.7,55.35,52.7,53.25,162300,1754378100
2025-08-05 12:46:00,CE,ATM+2,11.14,6964875,24750.0,24649.2,53.25,55.05,53.05,54.15,114750,1754378160
2025-08-05 12:47:00,CE,ATM+2,11.16,6964875,24750.0,24648.3,54.5,54.5,52.9,53.9,109275,1754378220
2025-08-05 12:48:00,CE,ATM+2,11.13,6976725,24750.0,24647.6,53.95,54.6,53.0,53.55,82800,1754378280
2025-08-05 12:49:00,CE,ATM+2,11.23,6976725,24750.0,24641.05,53.7,53.7,51.45,51.45,180450,1754378340
2025-08-05 12:50:00,CE,ATM+2,11.3,6976725,24750.0,24636.2,51.35,51.75,50.5,50.6,210450,1754378400
2025-08-05 12:51:00,CE,ATM+2,11.19,7013025,24750.0,24635.05,50.55,51.85,49.3,49.45,286650,1754378460
2025-08-05 12:52:00,CE,ATM+2,11.2,7013025,24750.0,24632.5,49.4,49.95,48.35,48.65,284100,1754378520
2025-08-05 12:53:00,CE,ATM+2,11.29,7013025,24750.0,24633.6,48.7,49.65,48.2,49.6,154425,1754378580
2025-08-05 12:54:00,CE,ATM+2,11.26,7098075,24750.0,24634.45,49.65,50.0,49.2,49.5,152325,1754378640
2025-08-05 12:55:00,CE,ATM+2,11.21,7098075,24750.0,24637.0,49.3,50.8,48.9,50.5,134175,1754378700
2025-08-05 12:56:00,CE,ATM+2,11.17,7098075,24750.0,24635.8,50.3,50.45,49.2,49.7,130350,1754378760
2025-08-05 12:57:00,CE,ATM+2,11.09,7082400,24750.0,24639.2,49.8,50.55,49.25,49.65,83325,1754378820
2025-08-05 12:58:00,CE,ATM+2,11.07,7082400,24750.0,24638.8,49.6,50.1,49.3,50.05,87450,1754378880
2025-08-05 12:59:00,CE,ATM+2,11.14,7082400,24750.0,24639.1,50.15,50.4,49.35,50.1,87600,1754378940
2025-08-05 13:00:00,CE,ATM+2,10.97,7086675,24750.0,24641.1,50.35,50.95,49.25,49.9,193050,1754379000
2025-08-05 13:01:00,CE,ATM+2,11.05,7086675,24750.0,24630.25,49.5,49.85,46.3,46.7,396000,1754379060
2025-08-05 13:02:00,CE,ATM+2,10.94,7086675,24750.0,24633.75,46.65,48.7,46.5,47.25,290325,1754379120
2025-08-05 13:03:00,CE,ATM+2,11.0,7086675,24750.0,24629.45,47.15,47.6,46.0,46.15,214575,1754379180
2025-08-05 13:04:00,CE,ATM+2,10.99,7054500,24750.0,24626.95,46.0,46.0,44.05,45.5,501375,1754379240
2025-08-05 13:05:00,CE,ATM+2,11.12,7054500,24750.0,24625.1,45.75,45.75,45.1,45.25,166125,1754379300
2025-08-05 13:06:00,CE,ATM+2,11.04,7054500,24750.0,24626.0,45.2,46.45,44.95,44.95,183450,1754379360
2025-08-05 13:07:00,CE,ATM+2,11.1,7105275,24750.0,24628.05,45.25,46.8,45.05,46.4,190350,1754379420
2025-08-05 13:08:00,CE,ATM+2,11.05,7105275,24750.0,24628.25,46.5,46.5,45.8,46.1,159000,1754379480
2025-08-05 13:09:00,CE,ATM+2,11.06,7105275,24750.0,24626.4,45.8,46.0,44.85,45.4,277350,1754379540
2025-08-05 13:10:00,CE,ATM+2,11.06,7158900,24750.0,24630.8,45.5,47.0,45.45,46.8,177900,1754379600
2025-08-05 13:11:00,CE,ATM+2,11.06,16643850,24700.0,24622.65,64.0,64.65,58.05,60.2,1066725,1754379660
2025-08-05 13:12:00,CE,ATM+2,10.91,7158900,24750.0,24625.55,43.0,43.95,42.0,43.75,706500,1754379720
2025-08-05 13:13:00,CE,ATM+2,10.69,16518825,24700.0,24623.75,60.2,60.8,58.9,59.15,496050,1754379780
2025-08-05 13:14:00,CE,ATM+2,10.92,7305825,24750.0,24628.8,42.9,44.7,42.9,44.7,206475,1754379840
2025-08-05 13:15:00,CE,ATM+2,10.91,7305825,24750.0,24626.3,45.0,45.05,43.85,44.6,180900,1754379900
2025-08-05 13:16:00,CE,ATM+2,10.75,16478025,24700.0,24624.5,61.1,61.25,60.0,60.0,210225,1754379960
2025-08-05 13:17:00,CE,ATM+2,11.03,16478025,24700.0,24621.1,60.4,60.9,59.8,60.9,252000,1754380020
2025-08-05 13:18:00,CE,ATM+2,10.96,7526025,24750.0,24626.45,44.45,45.7,44.0,44.85,143100,1754380080
2025-08-05 13:19:00,CE,ATM+2,10.97,16368525,24700.0,24624.55,61.4,61.95,61.2,61.45,201975,1754380140
2025-08-05 13:20:00,CE,ATM+2,10.99,16368525,24700.0,24617.55,61.5,62.25,59.0,59.0,409350,1754380200
2025-08-05 13:21:00,CE,ATM+2,11.06,16368525,24700.0,24614.2,59.15,59.5,57.3,58.4,682275,1754380260
2025-08-05 13:22:00,CE,ATM+2,10.89,16517625,24700.0,24614.15,58.2,58.2,56.55,57.15,613800,1754380320
2025-08-05 13:23:00,CE,ATM+2,11.35,16517625,24700.0,24598.3,57.0,57.0,53.65,54.25,2881950,1754380380
2025-08-05 13:24:00,CE,ATM+2,11.16,16517625,24700.0,24603.5,53.5,55.45,53.15,55.35,1078725,1754380440
2025-08-05 13:25:00,CE,ATM+2,11.12,16058475,24700.0,24601.15,55.2,55.2,53.85,53.85,610800,1754380500
2025-08-05 13:26:00,CE,ATM+2,11.17,16058475,24700.0,24604.35,54.1,55.4,53.65,55.1,623475,1754380560
2025-08-05 13:27:00,CE,ATM+2,11.06,16058475,24700.0,24606.6,55.2,55.85,54.65,55.4,515025,1754380620
2025-08-05 13:28:00,CE,ATM+2,11.02,16232325,24700.0,24606.0,55.35,55.4,54.05,54.6,477225,1754380680
2025-08-05 13:29:00,CE,ATM+2,11.05,16232325,24700.0,24605.0,54.55,55.2,54.45,55.0,264000,1754380740
2025-08-05 13:30:00,CE,ATM+2,11.08,16232325,24700.0,24599.85,54.8,55.0,52.3,53.1,531225,1754380800
2025-08-05 13:31:00,CE,ATM+2,11.01,16314000,24700.0,24601.75,52.75,53.7,51.45,53.35,832950,1754380860
2025-08-05 13:32:00,CE,ATM+2,11.06,16314000,24700.0,24602.15,54.3,54.4,53.2,53.5,408300,1754380920
2025-08-05 13:33:00,CE,ATM+2,10.99,16314000,24700.0,24606.5,53.6,55.0,53.6,54.9,411975,1754380980
2025-08-05 13:34:00,CE,ATM+2,10.89,16170675,24700.0,24612.55,54.95,57.0,54.65,55.85,765900,1754381040
2025-08-05 13:35:00,CE,ATM+2,10.9,16170675,24700.0,24613.4,55.95,56.6,55.55,55.95,402225,1754381100
2025-08-05 13:36:00,CE,ATM+2,10.85,16170675,24700.0,24618.65,56.35,57.95,55.9,57.8,500775,1754381160
2025-08-05 13:37:00,CE,ATM+2,10.77,16221300,24700.0,24617.35,57.85,57.9,56.25,57.0,340950,1754381220
2025-08-05 13:38:00,CE,ATM+2,10.9,16221300,24700.0,24610.9,57.0,57.45,55.15,55.2,363375,1754381280
2025-08-05 13:39:00,CE,ATM+2,10.89,16221300,24700.0,24611.85,55.25,56.75,55.05,55.85,280725,1754381340
2025-08-05 13:40:00,CE,ATM+2,10.8,16232475,24700.0,24611.1,55.8,56.6,55.6,55.8,211425,1754381400
2025-08-05 13:41:00,CE,ATM+2,10.85,16232475,24700.0,24611.6,56.35,56.5,55.35,55.45,156075,1754381460
2025-08-05 13:42:00,CE,ATM+2,10.81,16232475,24700.0,24617.6,55.6,57.9,55.45,57.4,324750,1754381520
2025-08-05 13:43:00,CE,ATM+2,10.91,16097250,24700.0,24608.6,57.3,57.5,54.9,54.9,373350,1754381580
2025-08-05 13:44:00,CE,ATM+2,10.96,16097250,24700.0,24609.75,55.0,56.15,54.8,55.6,305475,1754381640
2025-08-05 13:45:00,CE,ATM+2,10.97,16097250,24700.0,24610.35,55.55,56.45,55.2,56.2,215325,1754381700
2025-08-05 13:46:00,CE,ATM+2,10.92,16124850,24700.0,24617.0,56.2,58.0,55.65,57.8,297225,1754381760
2025-08-05 13:47:00,CE,ATM+2,10.96,16124850,24700.0,24617.2,57.85,58.35,56.8,58.35,350175,1754381820
2025-08-05 13:48:00,CE,ATM+2,10.86,16124850,24700.0,24618.25,58.45,58.7,57.35,58.1,356475,1754381880
2025-08-05 13:49:00,CE,ATM+2,10.82,16037100,24700.0,24619.6,58.2,58.55,57.5,58.3,241200,1754381940
2025-08-05 13:50:00,CE,ATM+2,10.75,16037100,24700.0,24620.55,57.9,58.5,57.4,57.9,375150,1754382000
2025-08-05 13:51:00,CE,ATM+2,10.82,16037100,24700.0,24618.3,57.6,58.9,57.1,57.85,256425,1754382060
2025-08-05 13:52:00,CE,ATM+2,10.73,16101525,24700.0,24623.75,57.7,59.15,57.7,59.15,394350,1754382120
2025-08-05 13:53:00,CE,ATM+2,10.79,7712175,24750.0,24626.75,42.7,43.85,42.55,43.05,258900,1754382180
2025-08-05 13:54:00,CE,ATM+2,10.75,7712175,24750.0,24625.15,43.15,43.15,41.8,42.35,133275,1754382240
2025-08-05 13:55:00,CE,ATM+2,10.76,7745475,24750.0,24625.85,42.6,43.45,41.95,42.65,138075,1754382300
2025-08-05 13:56:00,CE,ATM+2,10.63,16150425,24700.0,24623.1,58.75,58.85,57.2,57.6,255225,1754382360
2025-08-05 13:57:00,CE,ATM+2,10.69,16150425,24700.0,24624.35,57.55,59.5,57.1,59.1,453150,1754382420
2025-08-05 13:58:00,CE,ATM+2,10.66,7716675,24750.0,24628.05,42.9,43.5,42.35,42.75,134325,1754382480
2025-08-05 13:59:00,CE,ATM+2,10.47,15927225,24700.0,24624.9,59.0,59.4,57.2,57.2,340425,1754382540
2025-08-05 14:00:00,CE,ATM+2,10.62,15927225,24700.0,24617.55,57.55,60.0,55.45,55.45,732075,1754382600
2025-08-05 14:01:00,CE,ATM+2,10.66,15980550,24700.0,24617.95,55.55,56.45,54.85,56.1,473775,1754382660
2025-08-05 14:02:00,CE,ATM+2,10.69,15980550,24700.0,24614.25,55.95,56.2,54.5,54.8,315000,1754382720
2025-08-05 14:03:00,CE,ATM+2,10.63,15980550,24700.0,24613.0,55.0,55.0,53.6,53.65,403500,1754382780
2025-08-05 14:04:00,CE,ATM+2,10.54,15830475,24700.0,24616.95,53.45,55.25,53.45,54.8,327375,1754382840
2025-08-05 14:05:00,CE,ATM+2,10.75,15830475,24700.0,24613.45,54.75,55.1,54.1,54.4,150150,1754382900
2025-08-05 14:06:00,CE,ATM+2,10.86,15830475,24700.0,24606.3,54.5,54.5,52.8,52.8,368325,1754382960
2025-08-05 14:07:00,CE,ATM+2,10.93,15803325,24700.0,24601.65,52.65,53.65,51.9,51.9,542100,1754383020
2025-08-05 14:08:00,CE,ATM+2,10.88,15803325,24700.0,24597.2,52.0,52.2,48.3,49.7,1246275,1754383080
2025-08-05 14:09:00,CE,ATM+2,10.89,15803325,24700.0,24601.7,49.7,51.5,49.7,51.45,636300,1754383140
2025-08-05 14:10:00,CE,ATM+2,10.83,15694500,24700.0,24602.6,51.2,51.9,50.8,51.15,331875,1754383200
2025-08-05 14:11:00,CE,ATM+2,10.75,15694500,24700.0,24606.85,51.1,52.5,50.3,52.3,424800,1754383260
2025-08-05 14:12:00,CE,ATM+2,10.74,15694500,24700.0,24607.9,52.2,53.2,51.85,52.5,441075,1754383320
2025-08-05 14:13:00,CE,ATM+2,10.57,15827925,24700.0,24614.05,52.3,53.6,51.95,53.35,345075,1754383380
2025-08-05 14:14:00,CE,ATM+2,10.67,15827925,24700.0,24612.25,53.35,53.85,52.8,53.2,251550,1754383440
2025-08-05 14:15:00,CE,ATM+2,10.73,15827925,24700.0,24607.15,53.05,53.3,51.85,52.65,322800,1754383500
2025-08-05 14:16:00,CE,ATM+2,10.73,15741375,24700.0,24613.6,52.65,54.4,52.5,54.35,306450,1754383560
2025-08-05 14:17:00,CE,ATM+2,10.61,15741375,24700.0,24618.5,54.0,55.85,53.3,55.75,381300,1754383620
2025-08-05 14:18:00,CE,ATM+2,10.7,15741375,24700.0,24614.9,55.5,55.9,54.8,55.3,423300,1754383680
2025-08-05 14:19:00,CE,ATM+2,10.6,15645600,24700.0,24619.45,55.2,56.6,55.2,55.9,386025,1754383740
2025-08-05 14:20:00,CE,ATM+2,10.63,15645600,24700.0,24618.2,55.85,55.85,54.55,55.1,366000,1754383800
2025-08-05 14:21:00,CE,ATM+2,10.67,15645600,24700.0,24612.65,55.1,55.3,53.8,54.05,247950,1754383860
2025-08-05 14:22:00,CE,ATM+2,10.7,15604125,24700.0,24610.05,54.1,54.85,53.1,53.1,201150,1754383920
2025-08-05 14:23:00,CE,ATM+2,10.69,15604125,24700.0,24608.1,53.15,53.5,52.5,52.75,260625,1754383980
2025-08-05 14:24:00,CE,ATM+2,10.82,15604125,24700.0,24607.7,52.8,52.9,51.95,52.9,281625,1754384040
2025-08-05 14:25:00,CE,ATM+2,10.92,15655800,24700.0,24606.5,52.9,53.7,52.85,53.65,205950,1754384100
2025-08-05 14:26:00,CE,ATM+2,10.84,15655800,24700.0,24610.2,53.65,54.35,53.25,53.75,217575,1754384160
2025-08-05 14:27:00,CE,ATM+2,10.72,15655800,24700.0,24612.35,53.8,54.5,53.65,54.45,171225,1754384220
2025-08-05 14:28:00,CE,ATM+2,10.62,15527550,24700.0,24619.85,55.2,56.9,54.65,56.4,598275,1754384280
2025-08-05 14:29:00,CE,ATM+2,10.66,15527550,24700.0,24622.35,56.25,57.55,56.25,56.9,402225,1754384340
2025-08-05 14:30:00,CE,ATM+2,10.74,15527550,24700.0,24621.55,57.15,58.2,56.2,58.2,433350,1754384400
2025-08-05 14:31:00,CE,ATM+2,10.83,7563675,24750.0,24631.0,42.0,44.5,41.95,44.05,410250,1754384460
2025-08-05 14:32:00,CE,ATM+2,10.5,15404775,24700.0,24625.0,60.6,60.6,56.8,57.55,785400,1754384520
2025-08-05 14:33:00,CE,ATM+2,11.28,15404775,24700.0,24600.65,58.4,58.4,52.35,54.45,1362675,1754384580
2025-08-05 14:34:00,CE,ATM+2,10.75,15163875,24700.0,24614.7,55.15,56.25,55.1,55.1,463050,1754384640
2025-08-05 14:35:00,CE,ATM+2,10.63,15163875,24700.0,24616.9,55.05,56.0,54.55,54.95,364950,1754384700
2025-08-05 14:36:00,CE,ATM+2,10.63,15163875,24700.0,24620.4,54.85,56.45,54.6,56.25,295200,1754384760
2025-08-05 14:37:00,CE,ATM+2,10.78,15301650,24700.0,24621.85,56.55,57.45,56.5,57.1,412275,1754384820
2025-08-05 14:38:00,CE,ATM+2,10.8,7540050,24750.0,24627.25,41.15,42.75,41.05,42.75,225450,1754384880
2025-08-05 14:39:00,CE,ATM+2,10.75,7540050,24750.0,24629.2,42.6,43.6,42.3,42.85,228375,1754384940
2025-08-05 14:40:00,CE,ATM+2,10.65,15249450,24700.0,24624.95,59.5,60.0,57.65,57.95,615000,1754385000
2025-08-05 14:41:00,CE,ATM+2,10.72,15249450,24700.0,24622.3,58.25,58.55,56.25,56.75,409125,1754385060
2025-08-05 14:42:00,CE,ATM+2,10.69,15249450,24700.0,24624.7,56.8,58.9,56.5,58.2,207600,1754385120
2025-08-05 14:43:00,CE,ATM+2,10.79,15156000,24700.0,24623.95,58.45,59.4,58.25,58.4,238875,1754385180
2025-08-05 14:44:00,CE,ATM+2,10.76,15156000,24700.0,24624.25,58.2,58.55,57.8,58.35,186375,1754385240
2025-08-05 14:45:00,CE,ATM+2,10.76,7451550,24750.0,24626.9,42.35,43.1,41.65,41.8,205200,1754385300
2025-08-05 14:46:00,CE,ATM+2,10.66,7454325,24750.0,24627.7,41.75,42.2,41.3,41.65,96750,1754385360
2025-08-05 14:47:00,CE,ATM+2,10.56,15174675,24700.0,24617.65,58.7,58.7,54.0,54.3,828000,1754385420
2025-08-05 14:48:00,CE,ATM+2,11.34,15174675,24700.0,24596.4,54.6,54.6,51.6,53.5,1082400,1754385480
2025-08-05 14:49:00,CE,ATM+2,10.88,14986050,24700.0,24607.95,54.2,55.35,53.4,53.75,540000,1754385540
2025-08-05 14:50:00,CE,ATM+2,11.0,14986050,24700.0,24608.65,54.0,54.65,53.4,54.4,234675,1754385600
2025-08-05 14:51:00,CE,ATM+2,11.14,14986050,24700.0,24605.8,54.25,54.5,52.95,53.95,336600,1754385660
2025-08-05 14:52:00,CE,ATM+2,11.0,15015150,24700.0,24606.65,54.0,54.75,53.65,53.65,268875,1754385720
2025-08-05 14:53:00,CE,ATM+2,11.02,15015150,24700.0,24609.85,53.95,55.2,53.3,55.15,270375,1754385780
2025-08-05 14:54:00,CE,ATM+2,11.06,15015150,24700.0,24606.5,55.1,55.3,53.1,53.85,367800,1754385840
2025-08-05 14:55:00,CE,ATM+2,11.04,15025650,24700.0,24606.7,54.05,54.6,52.6,53.75,443850,1754385900
2025-08-05 14:56:00,CE,ATM+2,11.06,15025650,24700.0,24609.85,53.75,55.25,53.75,55.0,252375,1754385960
2025-08-05 14:57:00,CE,ATM+2,11.05,15025650,24700.0,24613.5,54.85,57.05,54.65,56.7,404775,1754386020
2025-08-05 14:58:00,CE,ATM+2,11.1,14875950,24700.0,24611.75,56.5,56.75,54.75,55.7,325050,1754386080
2025-08-05 14:59:00,CE,ATM+2,11.08,14875950,24700.0,24611.5,55.55,56.45,55.1,56.35,214350,1754386140
2025-08-05 15:00:00,CE,ATM+2,11.11,14875950,24700.0,24612.15,56.6,58.2,53.9,56.3,855000,1754386200
2025-08-05 15:01:00,CE,ATM+2,11.08,14683350,24700.0,24616.8,56.25,57.9,54.75,57.9,411675,1754386260
2025-08-05 15:02:00,CE,ATM+2,11.2,14683350,24700.0,24618.05,57.7,59.8,57.7,59.8,693675,1754386320
2025-08-05 15:03:00,CE,ATM+2,10.95,14683350,24700.0,24621.35,59.55,59.65,58.2,58.6,453975,1754386380
2025-08-05 15:04:00,CE,ATM+2,10.84,7269300,24750.0,24627.2,42.3,43.0,41.65,42.95,216675,1754386440
2025-08-05 15:05:00,CE,ATM+2,10.84,7269300,24750.0,24631.1,43.3,44.3,42.8,43.8,570675,1754386500
2025-08-05 15:06:00,CE,ATM+2,10.54,7269300,24750.0,24643.7,43.9,46.45,43.6,45.95,691350,1754386560
2025-08-05 15:07:00,CE,ATM+2,10.53,7008150,24750.0,24640.4,46.35,46.4,44.8,45.0,388725,1754386620
2025-08-05 15:08:00,CE,ATM+2,10.74,7008150,24750.0,24643.15,45.4,47.2,45.4,47.2,350400,1754386680
2025-08-05 15:09:00,CE,ATM+2,10.73,7008150,24750.0,24658.25,47.45,52.65,47.35,52.65,1256850,1754386740
2025-08-05 15:10:00,CE,ATM+2,11.01,6541125,24750.0,24656.65,53.0,54.85,50.65,53.9,1061550,1754386800
2025-08-05 15:11:00,CE,ATM+2,10.79,6541125,24750.0,24658.2,53.75,55.15,52.4,52.4,1165950,1754386860
2025-08-05 15:12:00,CE,ATM+2,10.72,6541125,24750.0,24657.3,51.8,52.9,51.75,52.8,572700,1754386920
2025-08-05 15:13:00,CE,ATM+2,10.73,6213825,24750.0,24664.4,53.8,54.9,53.35,54.55,416550,1754386980
2025-08-05 15:14:00,CE,ATM+2,10.7,6213825,24750.0,24667.5,55.3,57.0,53.55,55.55,1412550,1754387040
2025-08-05 15:15:00,CE,ATM+2,10.85,6213825,24750.0,24653.8,55.95,56.5,50.4,51.95,783525,1754387100
2025-08-05 15:16:00,CE,ATM+2,10.95,5853000,24750.0,24653.35,52.25,52.5,50.4,52.0,399825,1754387160
2025-08-05 15:17:00,CE,ATM+2,10.69,5853000,24750.0,24662.5,52.75,54.4,52.6,54.0,584025,1754387220
2025-08-05 15:18:00,CE,ATM+2,10.69,5853000,24750.0,24663.0,54.65,54.7,53.85,54.0,280650,1754387280
2025-08-05 15:19:00,CE,ATM+2,10.78,5744700,24750.0,24661.65,54.1,54.55,53.05,54.25,331425,1754387340
2025-08-05 15:20:00,CE,ATM+2,10.76,5744700,24750.0,24667.1,54.25,55.95,54.2,55.1,502500,1754387400
2025-08-05 15:21:00,CE,ATM+2,10.75,5744700,24750.0,24655.8,55.35,55.35,51.7,52.05,463125,1754387460
2025-08-05 15:22:00,CE,ATM+2,10.5,5579775,24750.0,24663.85,51.9,53.15,51.4,52.8,349050,1754387520
2025-08-05 15:23:00,CE,ATM+2,10.45,5579775,24750.0,24664.5,52.9,53.0,51.7,52.45,242550,1754387580
2025-08-05 15:24:00,CE,ATM+2,10.61,5579775,24750.0,24657.8,52.4,52.4,49.55,49.9,549000,1754387640
2025-08-05 15:25:00,CE,ATM+2,10.72,5573175,24750.0,24656.8,49.9,51.8,49.2,51.7,636000,1754387700
2025-08-05 15:26:00,CE,ATM+2,10.75,5573175,24750.0,24656.5,51.7,51.8,50.95,51.45,301200,1754387760
2025-08-05 15:27:00,CE,ATM+2,10.57,5573175,24750.0,24659.55,51.5,52.15,51.05,52.0,336150,1754387820
2025-08-05 15:28:00,CE,ATM+2,10.95,5513400,24750.0,24652.15,52.4,53.0,51.05,51.8,359550,1754387880
2025-08-05 15:29:00,CE,ATM+2,10.99,5513400,24750.0,24649.5,51.85,51.95,50.45,51.0,632925,1754387940
2025-08-06 09:15:00,CE,ATM+2,12.78,5476500,24750.0,24643.7,49.2,49.55,40.7,44.55,1693950,1754451900
2025-08-06 09:16:00,CE,ATM+2,12.96,5476500,24750.0,24645.9,43.8,46.8,42.55,46.25,1221000,1754451960
2025-08-06 09:17:00,CE,ATM+2,12.92,5476500,24750.0,24647.75,46.25,47.75,44.75,47.25,805275,1754452020
2025-08-06 09:18:00,CE,ATM+2,13.33,6097125,24750.0,24654.85,48.3,54.5,47.8,51.35,1947975,1754452080
2025-08-06 09:19:00,CE,ATM+2,13.2,6097125,24750.0,24652.35,51.2,52.85,49.8,49.8,994875,1754452140
2025-08-06 09:20:00,CE,ATM+2,13.28,6097125,24750.0,24651.35,49.5,52.2,47.35,50.35,1088850,1754452200
2025-08-06 09:21:00,CE,ATM+2,13.37,6649425,24750.0,24658.0,50.7,53.7,49.65,53.0,1002075,1754452260
2025-08-06 09:22:00,CE,ATM+2,13.3,6649425,24750.0,24659.75,52.25,55.25,52.1,53.95,1142925,1754452320
2025-08-06 09:23:00,CE,ATM+2,13.48,6649425,24750.0,24670.85,54.45,59.7,52.9,57.75,1861800,1754452380
2025-08-06 09:24:00,CE,ATM+2,13.52,6686850,24750.0,24662.55,57.1,58.05,55.35,55.35,1068375,1754452440
2025-08-06 09:25:00,CE,ATM+2,13.53,6686850,24750.0,24657.15,55.25,55.8,51.45,53.4,1183425,1754452500
2025-08-06 09:26:00,CE,ATM+2,13.3,6686850,24750.0,24658.65,53.45,54.0,49.9,52.5,1108425,1754452560
2025-08-06 09:27:00,CE,ATM+2,13.63,7218975,24750.0,24649.6,52.95,54.35,50.05,51.3,742425,1754452620
2025-08-06 09:28:00,CE,ATM+2,13.88,7218975,24750.0,24655.25,50.85,54.85,50.8,54.65,751275,1754452680
2025-08-06 09:29:00,CE,ATM+2,13.7,7218975,24750.0,24651.3,53.7,54.6,50.85,52.1,644850,1754452740
2025-08-06 09:30:00,CE,ATM+2,13.73,7392675,24750.0,24650.7,52.25,53.8,51.2,51.5,582675,1754452800
2025-08-06 09:31:00,CE,ATM+2,13.56,7392675,24750.0,24647.55,50.5,53.35,50.35,50.6,695850,1754452860
2025-08-06 09:32:00,CE,ATM+2,13.85,7392675,24750.0,24641.4,50.65,50.65,48.4,49.5,785325,1754452920
2025-08-06 09:33:00,CE,ATM+2,13.87,7574475,24750.0,24641.7,49.25,50.45,48.5,49.95,487500,1754452980
2025-08-06 09:34:00,CE,ATM+2,13.8,7574475,24750.0,24644.35,49.9,52.35,49.7,50.25,468150,1754453040
2025-08-06 09:35:00,CE,ATM+2,13.96,7574475,24750.0,24636.25,50.35,50.35,45.7,48.45,1216725,1754453100
2025-08-06 09:36:00,CE,ATM+2,13.91,7693350,24750.0,24631.85,48.8,48.95,46.6,47.1,492525,1754453160
2025-08-06 09:37:00,CE,ATM+2,13.95,16859025,24700.0,24623.7,65.35,65.45,59.7,62.0,2311950,1754453220
2025-08-06 09:38:00,CE,ATM+2,13.78,16859025,24700.0,24622.8,61.6,62.2,60.6,61.35,1113825,1754453280
2025-08-06 09:39:00,CE,ATM+2,14.01,17470800,24700.0,24622.15,61.75,63.35,60.4,61.85,995850,1754453340
2025-08-06 09:40:00,CE,ATM+2,14.24,17470800,24700.0,24620.45,61.65,63.0,60.0,62.6,841350,1754453400
2025-08-06 09:41:00,CE,ATM+2,14.19,17470800,24700.0,24624.9,63.05,63.9,61.05,63.75,895725,1754453460
2025-08-06 09:42:00,CE,ATM+2,14.27,17660625,24700.0,24624.1,63.9,63.9,61.8,63.4,627600,1754453520
2025-08-06 09:43:00,CE,ATM+2,14.26,17660625,24700.0,24622.45,63.3,64.05,62.55,63.2,543525,1754453580
2025-08-06 09:44:00,CE,ATM+2,14.35,17660625,24700.0,24621.05,63.25,63.5,61.85,63.1,508800,1754453640
2025-08-06 09:45:00,CE,ATM+2,14.36,17606400,24700.0,24622.0,62.5,64.45,61.4,63.65,1066125,1754453700
2025-08-06 09:46:00,CE,ATM+2,14.57,17606400,24700.0,24613.95,63.5,63.8,61.15,61.8,871650,1754453760
2025-08-06 09:47:00,CE,ATM+2,14.76,17606400,24700.0,24612.6,62.15,63.0,59.8,61.95,2235825,1754453820
2025-08-06 09:48:00,CE,ATM+2,14.85,17457000,24700.0,24613.45,61.75,62.9,60.6,62.7,1327350,1754453880
2025-08-06 09:49:00,CE,ATM+2,14.82,17457000,24700.0,24609.65,62.35,62.45,60.2,61.8,767550,1754453940
2025-08-06 09:50:00,CE,ATM+2,14.93,17457000,24700.0,24609.8,61.8,62.5,60.8,61.8,647325,1754454000
2025-08-06 09:51:00,CE,ATM+2,14.58,17523150,24700.0,24620.05,61.9,64.4,61.75,64.05,1105575,1754454060
2025-08-06 09:52:00,CE,ATM+2,14.14,8057175,24750.0,24642.55,46.5,52.6,45.9,51.3,1302375,1754454120
2025-08-06 09:53:00,CE,ATM+2,14.08,8057175,24750.0,24637.35,51.4,52.05,48.7,49.4,1050900,1754454180
2025-08-06 09:54:00,CE,ATM+2,14.37,8083575,24750.0,24626.95,49.05,49.25,45.45,48.0,780675,1754454240
2025-08-06 09:55:00,CE,ATM+2,14.63,17238675,24700.0,24620.1,65.65,65.65,63.5,64.55,711600,1754454300
2025-08-06 09:56:00,CE,ATM+2,14.7,17238675,24700.0,24619.7,64.4,65.0,62.3,64.35,910125,1754454360
2025-08-06 09:57:00,CE,ATM+2,14.54,17447550,24700.0,24624.95,64.05,66.45,64.05,65.3,763650,1754454420
2025-08-06 09:58:00,CE,ATM+2,14.54,17447550,24700.0,24618.45,65.55,66.35,62.75,63.15,726375,1754454480
2025-08-06 09:59:00,CE,ATM+2,14.52,17447550,24700.0,24620.1,63.2,64.65,63.0,63.8,430425,1754454540
2025-08-06 10:00:00,CE,ATM+2,14.47,8245950,24750.0,24627.2,46.4,48.15,46.05,48.15,342750,1754454600
2025-08-06 10:01:00,CE,ATM+2,14.34,8245950,24750.0,24631.1,48.4,52.3,48.2,48.9,1250625,1754454660
2025-08-06 10:02:00,CE,ATM+2,14.37,17678700,24700.0,24622.8,67.4,67.4,62.35,63.3,1375275,1754454720
2025-08-06 10:03:00,CE,ATM+2,13.84,17880450,24700.0,24596.2,63.2,64.35,48.5,50.5,6102900,1754454780
2025-08-06 10:04:00,CE,ATM+2,13.84,17880450,24700.0,24596.2,50.5,50.5,50.5,50.5,0,1754454840
2025-08-06 10:05:00,CE,ATM+2,13.75,17880450,24700.0,24598.75,49.7,50.75,46.5,50.75,2524725,1754454900
2025-08-06 10:06:00,CE,ATM+2,13.52,18384975,24700.0,24595.75,51.7,55.7,48.05,48.95,3405225,1754454960
2025-08-06 10:07:00,CE,ATM+2,13.81,18384975,24700.0,24596.85,48.6,51.2,47.75,50.6,1309950,1754455020
2025-08-06 10:08:00,CE,ATM+2,13.52,18384975,24700.0,24600.15,50.75,52.05,49.6,49.85,1538325,1754455080
2025-08-06 10:09:00,CE,ATM+2,13.41,18782175,24700.0,24603.1,50.15,51.6,49.8,49.95,1256325,1754455140
2025-08-06 10:10:00,CE,ATM+2,13.69,18782175,24700.0,24594.4,50.7,50.95,47.25,49.0,1514325,1754455200
2025-08-06 10:11:00,CE,ATM+2,13.53,18782175,24700.0,24592.2,49.55,50.55,46.75,47.25,1255575,1754455260
2025-08-06 10:12:00,CE,ATM+2,13.75,19087500,24700.0,24588.65,46.9,49.05,44.95,46.8,1738875,1754455320
2025-08-06 10:13:00,CE,ATM+2,13.65,19087500,24700.0,24593.6,46.8,48.3,46.25,48.3,802275,1754455380
2025-08-06 10:14:00,CE,ATM+2,13.23,19087500,24700.0,24605.4,47.85,51.35,47.1,50.0,1785975,1754455440
2025-08-06 10:15:00,CE,ATM+2,13.08,19522125,24700.0,24599.65,50.35,50.45,45.7,46.65,1531800,1754455500
2025-08-06 10:16:00,CE,ATM+2,12.61,19522125,24700.0,24615.85,47.45,51.05,47.3,49.65,2098725,1754455560
2025-08-06 10:17:00,CE,ATM+2,12.43,19522125,24700.0,24620.3,48.7,51.05,48.3,50.45,1618650,1754455620
2025-08-06 10:18:00,CE,ATM+2,12.43,19931400,24700.0,24624.0,50.65,51.8,49.65,51.2,1847325,1754455680
2025-08-06 10:19:00,CE,ATM+2,12.49,9658275,24750.0,24631.0,36.0,37.75,34.75,37.75,955350,1754455740
2025-08-06 10:20:00,CE,ATM+2,12.43,9658275,24750.0,24633.6,37.05,38.5,36.85,38.35,1148550,1754455800
2025-08-06 10:21:00,CE,ATM+2,12.37,9538950,24750.0,24646.7,38.45,43.0,37.8,41.6,2080200,1754455860
2025-08-06 10:22:00,CE,ATM+2,12.3,9538950,24750.0,24641.5,40.85,41.9,38.55,39.3,1175025,1754455920
2025-08-06 10:23:00,CE,ATM+2,12.34,9538950,24750.0,24632.5,39.1,39.7,35.65,37.2,1061775,1754455980
2025-08-06 10:24:00,CE,ATM+2,12.09,9555375,24750.0,24633.2,36.75,37.05,35.0,35.75,669675,1754456040
2025-08-06 10:25:00,CE,ATM+2,12.32,19633800,24700.0,24623.1,52.15,52.3,49.3,50.4,1661775,1754456100
2025-08-06 10:26:00,CE,ATM+2,12.34,19633800,24700.0,24606.65,50.2,50.2,44.55,44.8,2641875,1754456160
2025-08-06 10:27:00,CE,ATM+2,12.25,19740675,24700.0,24608.35,44.3,46.7,44.2,45.4,1515675,1754456220
2025-08-06 10:28:00,CE,ATM+2,12.67,19740675,24700.0,24606.75,46.2,48.0,46.0,46.9,947925,1754456280
2025-08-06 10:29:00,CE,ATM+2,12.7,19740675,24700.0,24602.5,46.75,47.0,45.0,45.9,855900,1754456340
2025-08-06 10:30:00,CE,ATM+2,12.78,20193075,24700.0,24599.95,45.0,46.35,44.1,44.75,1121100,1754456400
2025-08-06 10:31:00,CE,ATM+2,12.77,20193075,24700.0,24606.1,44.1,47.3,44.1,47.3,995925,1754456460
2025-08-06 10:32:00,CE,ATM+2,12.65,20193075,24700.0,24605.25,46.95,48.1,44.8,46.05,1267875,1754456520
2025-08-06 10:33:00,CE,ATM+2,12.55,20497050,24700.0,24603.0,46.0,46.2,44.3,44.35,742125,1754456580
2025-08-06 10:34:00,CE,ATM+2,12.71,20497050,24700.0,24591.25,44.7,44.95,41.0,41.7,2285325,1754456640
2025-08-06 10:35:00,CE,ATM+2,12.32,13678125,24650.0,24570.4,59.75,59.75,48.9,49.3,4010925,1754456700
2025-08-06 10:36:00,CE,ATM+2,13.17,13296675,24650.0,24556.1,49.05,50.0,46.1,49.1,3274875,1754456760
2025-08-06 10:37:00,CE,ATM+2,12.34,13296675,24650.0,24573.65,49.25,51.2,49.0,50.25,1903200,1754456820
2025-08-06 10:38:00,CE,ATM+2,12.47,13296675,24650.0,24569.7,50.1,50.8,49.6,49.7,967950,1754456880
2025-08-06 10:39:00,CE,ATM+2,12.41,13503975,24650.0,24569.1,49.65,50.4,48.7,48.8,797700,1754456940
2025-08-06 10:40:00,CE,ATM+2,12.26,13503975,24650.0,24570.25,48.95,50.05,48.5,48.8,705900,1754457000
2025-08-06 10:41:00,CE,ATM+2,12.26,13503975,24650.0,24569.75,48.95,50.0,48.3,48.65,705075,1754457060
2025-08-06 10:42:00,CE,ATM+2,12.18,13575075,24650.0,24574.8,48.75,50.6,48.6,49.75,667875,1754457120
2025-08-06 10:43:00,CE,ATM+2,12.5,13575075,24650.0,24567.5,49.65,50.0,47.6,49.15,677850,1754457180
2025-08-06 10:44:00,CE,ATM+2,12.47,13575075,24650.0,24564.6,49.5,49.5,47.8,48.05,495225,1754457240
2025-08-06 10:45:00,CE,ATM+2,12.47,13599450,24650.0,24555.25,48.0,48.05,43.5,44.95,1669650,1754457300
2025-08-06 10:46:00,CE,ATM+2,12.47,13599450,24650.0,24555.25,44.95,44.95,44.95,44.95,0,1754457360
2025-08-06 10:47:00,CE,ATM+2,12.44,13599450,24650.0,24564.5,46.4,47.65,46.35,47.35,392925,1754457420
2025-08-06 10:48:00,CE,ATM+2,12.2,13699575,24650.0,24570.2,47.3,49.15,47.25,48.4,911925,1754457480
2025-08-06 10:49:00,CE,ATM+2,12.38,13699575,24650.0,24564.35,48.4,48.8,46.4,47.7,565575,1754457540
2025-08-06 10:50:00,CE,ATM+2,12.46,13699575,24650.0,24561.6,47.75,48.1,46.95,47.0,383250,1754457600
2025-08-06 10:51:00,CE,ATM+2,12.42,13917675,24650.0,24561.15,47.1,47.55,45.3,46.3,628875,1754457660
2025-08-06 10:52:00,CE,ATM+2,12.43,13917675,24650.0,24566.6,46.5,48.6,46.3,48.4,493275,1754457720
2025-08-06 10:53:00,CE,ATM+2,12.36,13917675,24650.0,24566.6,48.6,49.45,47.15,47.8,645000,1754457780
2025-08-06 10:54:00,CE,ATM+2,12.41,13983225,24650.0,24563.65,47.85,47.85,45.55,46.9,531900,1754457840
2025-08-06 10:55:00,CE,ATM+2,12.53,13983225,24650.0,24557.0,47.2,47.2,45.4,45.4,493650,1754457900
2025-08-06 10:56:00,CE,ATM+2,12.82,13983225,24650.0,24554.4,45.35,46.3,44.0,46.3,877950,1754457960
2025-08-06 10:57:00,CE,ATM+2,12.88,13947300,24650.0,24553.5,46.2,47.35,45.6,46.15,417675,1754458020
2025-08-06 10:58:00,CE,ATM+2,12.75,13947300,24650.0,24555.65,46.05,47.1,43.85,46.25,723525,1754458080
2025-08-06 10:59:00,CE,ATM+2,12.68,13947300,24650.0,24556.45,46.5,47.15,45.3,46.25,399525,1754458140
2025-08-06 11:00:00,CE,ATM+2,12.57,13918500,24650.0,24563.0,46.3,47.8,45.3,47.1,534675,1754458200
2025-08-06 11:01:00,CE,ATM+2,12.64,13918500,24650.0,24554.0,47.25,47.25,44.6,45.05,626025,1754458260
2025-08-06 11:02:00,CE,ATM+2,12.72,13918500,24650.0,24559.95,45.15,47.75,44.9,47.3,455250,1754458320
2025-08-06 11:03:00,CE,ATM+2,12.46,13957200,24650.0,24556.85,47.2,47.2,44.6,44.85,474375,1754458380
2025-08-06 11:04:00,CE,ATM+2,12.63,13957200,24650.0,24561.0,46.1,47.35,45.1,46.85,524475,1754458440
2025-08-06 11:05:00,CE,ATM+2,12.69,13957200,24650.0,24559.05,46.6,47.35,46.15,46.8,368325,1754458500
2025-08-06 11:06:00,CE,ATM+2,12.65,13963425,24650.0,24554.05,46.7,46.9,44.6,45.1,465450,1754458560
2025-08-06 11:07:00,CE,ATM+2,12.55,13963425,24650.0,24554.45,45.0,45.7,44.35,44.5,374100,1754458620
2025-08-06 11:08:00,CE,ATM+2,12.74,13963425,24650.0,24555.6,44.65,45.85,44.35,45.15,317925,1754458680
2025-08-06 11:09:00,CE,ATM+2,12.61,13979625,24650.0,24550.0,44.5,45.05,42.2,43.2,705225,1754458740
2025-08-06 11:10:00,CE,ATM+2,12.8,13979625,24650.0,24550.85,43.4,44.75,42.55,44.7,668100,1754458800
2025-08-06 11:11:00,CE,ATM+2,12.78,13979625,24650.0,24552.65,44.15,45.3,44.05,44.65,358275,1754458860
2025-08-06 11:12:00,CE,ATM+2,12.57,13902750,24650.0,24557.1,44.75,46.1,43.45,45.6,507000,1754458920
2025-08-06 11:13:00,CE,ATM+2,12.63,13902750,24650.0,24555.65,45.5,45.9,44.0,45.4,341400,1754458980
2025-08-06 11:14:00,CE,ATM+2,12.47,13902750,24650.0,24561.1,45.35,47.15,45.3,46.3,519150,1754459040
2025-08-06 11:15:00,CE,ATM+2,12.8,13896150,24650.0,24560.6,46.3,47.5,45.6,47.5,559575,1754459100
2025-08-06 11:16:00,CE,ATM+2,12.8,13896150,24650.0,24555.05,46.3,46.7,45.7,45.9,343875,1754459160
2025-08-06 11:17:00,CE,ATM+2,12.64,13896150,24650.0,24556.0,45.9,47.35,44.7,45.35,511875,1754459220
2025-08-06 11:18:00,CE,ATM+2,12.68,13903950,24650.0,24555.55,45.4,46.4,45.05,45.45,320400,1754459280
2025-08-06 11:19:00,CE,ATM+2,12.88,13903950,24650.0,24551.25,44.85,45.6,44.75,45.2,231900,1754459340
2025-08-06 11:20:00,CE,ATM+2,12.8,13903950,24650.0,24553.4,45.25,46.3,44.6,45.15,309300,1754459400
2025-08-06 11:21:00,CE,ATM+2,12.62,13861050,24650.0,24560.4,45.15,47.4,45.05,46.7,463200,1754459460
2025-08-06 11:22:00,CE,ATM+2,12.6,13861050,24650.0,24558.1,46.85,46.85,44.65,45.35,326250,1754459520
2025-08-06 11:23:00,CE,ATM+2,12.86,13861050,24650.0,24556.75,45.25,47.05,45.25,46.45,280800,1754459580
2025-08-06 11:24:00,CE,ATM+2,12.83,13857825,24650.0,24555.5,46.05,46.45,45.15,45.9,179850,1754459640
2025-08-06 11:25:00,CE,ATM+2,12.68,13857825,24650.0,24555.85,46.1,47.2,45.1,45.25,384075,1754459700
2025-08-06 11:26:00,CE,ATM+2,12.75,13857825,24650.0,24555.35,45.5,45.9,45.0,45.6,274425,1754459760
2025-08-06 11:27:00,CE,ATM+2,12.53,13809000,24650.0,24565.8,45.7,49.4,45.55,48.1,1080675,1754459820
2025-08-06 11:28:00,CE,ATM+2,12.5,13809000,24650.0,24567.25,48.35,49.25,47.65,48.2,842400,1754459880
2025-08-06 11:29:00,CE,ATM+2,12.4,13809000,24650.0,24569.4,48.75,49.2,48.05,48.9,563550,1754459940
2025-08-06 11:30:00,CE,ATM+2,12.47,13989375,24650.0,24566.0,48.6,49.7,46.85,47.9,1004775,1754460000
2025-08-06 11:31:00,CE,ATM+2,12.58,13989375,24650.0,24559.95,48.55,48.55,45.65,45.65,524700,1754460060
2025-08-06 11:32:00,CE,ATM+2,12.61,13989375,24650.0,24558.1,46.0,46.15,44.55,45.2,685650,1754460120
2025-08-06 11:33:00,CE,ATM+2,12.67,13877850,24650.0,24556.95,45.7,46.45,45.55,45.65,220950,1754460180
2025-08-06 11:34:00,CE,ATM+2,12.61,13877850,24650.0,24557.25,45.7,46.05,45.3,45.75,205350,1754460240
2025-08-06 11:35:00,CE,ATM+2,12.79,13877850,24650.0,24553.65,45.7,46.15,45.0,45.05,280725,1754460300
2025-08-06 11:36:00,CE,ATM+2,12.76,13892850,24650.0,24556.6,44.75,46.15,44.75,45.85,256875,1754460360
2025-08-06 11:37:00,CE,ATM+2,12.62,13892850,24650.0,24561.1,45.85,47.65,45.15,46.65,319650,1754460420
2025-08-06 11:38:00,CE,ATM+2,12.62,13892850,24650.0,24571.55,46.75,52.85,46.5,50.3,1549650,1754460480
2025-08-06 11:39:00,CE,ATM+2,12.72,13759875,24650.0,24561.4,50.35,50.6,46.15,47.3,928950,1754460540
2025-08-06 11:40:00,CE,ATM+2,12.7,13759875,24650.0,24566.2,47.65,48.75,47.65,48.6,439950,1754460600
2025-08-06 11:41:00,CE,ATM+2,12.65,13759875,24650.0,24562.75,48.35,48.85,46.65,47.05,384525,1754460660
2025-08-06 11:42:00,CE,ATM+2,12.78,13841475,24650.0,24558.6,47.25,47.25,45.45,46.45,529050,1754460720
2025-08-06 11:43:00,CE,ATM+2,12.72,13841475,24650.0,24557.1,46.1,47.25,45.55,45.7,349875,1754460780
2025-08-06 11:44:00,CE,ATM+2,12.55,13841475,24650.0,24566.4,45.75,48.5,45.65,47.7,375225,1754460840
2025-08-06 11:45:00,CE,ATM+2,12.74,13922250,24650.0,24563.45,48.0,48.2,47.2,47.55,367650,1754460900
2025-08-06 11:46:00,CE,ATM+2,12.7,13922250,24650.0,24566.5,47.3,48.6,46.75,48.6,346050,1754460960
2025-08-06 11:47:00,CE,ATM+2,12.53,13922250,24650.0,24571.85,48.8,50.7,48.45,49.85,644925,1754461020
2025-08-06 11:48:00,CE,ATM+2,12.57,22631850,24700.0,24577.95,34.8,36.25,34.65,35.5,1257075,1754461080
2025-08-06 11:49:00,CE,ATM+2,12.55,22631850,24700.0,24580.2,35.5,36.5,35.0,36.5,994650,1754461140
2025-08-06 11:50:00,CE,ATM+2,12.4,22631850,24700.0,24582.9,36.2,36.65,35.6,36.15,1016550,1754461200
2025-08-06 11:51:00,CE,ATM+2,12.24,22563600,24700.0,24585.4,36.2,38.45,35.4,36.2,2041275,1754461260
2025-08-06 11:52:00,CE,ATM+2,12.24,22563600,24700.0,24582.45,35.85,35.85,34.8,35.05,802800,1754461320
2025-08-06 11:53:00,CE,ATM+2,12.29,22563600,24700.0,24580.6,34.9,36.0,34.15,35.8,686550,1754461380
2025-08-06 11:54:00,CE,ATM+2,12.26,22472550,24700.0,24588.0,36.25,37.25,35.7,36.7,730575,1754461440
2025-08-06 11:55:00,CE,ATM+2,12.15,22472550,24700.0,24588.95,36.5,37.15,36.0,36.55,676425,1754461500
2025-08-06 11:56:00,CE,ATM+2,12.27,22472550,24700.0,24589.4,36.4,37.9,35.5,37.0,733650,1754461560
2025-08-06 11:57:00,CE,ATM+2,12.18,22372200,24700.0,24585.0,36.7,36.95,34.75,35.0,763800,1754461620
2025-08-06 11:58:00,CE,ATM+2,12.8,13927800,24650.0,24562.9,50.7,50.7,46.55,48.55,2022900,1754461680
2025-08-06 11:59:00,CE,ATM+2,12.38,22372200,24700.0,24580.35,34.45,36.2,34.45,35.3,1041000,1754461740
2025-08-06 12:00:00,CE,ATM+2,12.4,22146150,24700.0,24579.1,35.05,35.4,34.4,34.55,452925,1754461800
2025-08-06 12:01:00,CE,ATM+2,12.32,22146150,24700.0,24584.2,34.6,35.8,34.3,35.75,473625,1754461860
2025-08-06 12:02:00,CE,ATM+2,12.26,22146150,24700.0,24596.0,35.85,39.9,35.85,39.1,1838925,1754461920
2025-08-06 12:03:00,CE,ATM+2,12.2,21939600,24700.0,24598.95,39.6,40.1,39.05,39.85,1659375,1754461980
2025-08-06 12:04:00,CE,ATM+2,12.37,21939600,24700.0,24594.35,39.8,41.05,39.05,39.35,1566300,1754462040
2025-08-06 12:05:00,CE,ATM+2,12.31,21939600,24700.0,24592.35,39.45,40.35,37.75,37.95,1283025,1754462100
2025-08-06 12:06:00,CE,ATM+2,12.57,21604050,24700.0,24594.2,37.85,40.0,37.8,40.0,1459050,1754462160
2025-08-06 12:07:00,CE,ATM+2,12.29,21604050,24700.0,24599.25,40.0,41.35,39.3,40.15,1435350,1754462220
2025-08-06 12:08:00,CE,ATM+2,12.23,21604050,24700.0,24589.1,40.15,40.25,36.35,36.65,1404825,1754462280
2025-08-06 12:09:00,CE,ATM+2,12.35,21842775,24700.0,24593.2,36.75,39.15,36.75,38.65,863325,1754462340
2025-08-06 12:10:00,CE,ATM+2,12.38,21842775,24700.0,24590.1,38.45,38.5,37.15,37.75,658575,1754462400
2025-08-06 12:11:00,CE,ATM+2,12.5,21842775,24700.0,24588.7,37.9,38.7,36.0,37.75,856125,1754462460
2025-08-06 12:12:00,CE,ATM+2,12.32,21861975,24700.0,24587.6,37.75,38.0,35.85,36.8,583350,1754462520
2025-08-06 12:13:00,CE,ATM+2,12.19,21861975,24700.0,24589.5,37.3,37.6,36.4,36.6,432900,1754462580
2025-08-06 12:14:00,CE,ATM+2,12.15,21861975,24700.0,24587.95,36.5,36.65,35.4,35.9,515475,1754462640
2025-08-06 12:15:00,CE,ATM+2,12.24,21947025,24700.0,24587.6,35.95,36.5,35.4,36.0,474300,1754462700
2025-08-06 12:16:00,CE,ATM+2,11.98,21947025,24700.0,24594.35,36.05,37.45,35.55,36.8,624900,1754462760
2025-08-06 12:17:00,CE,ATM+2,12.18,21947025,24700.0,24597.25,36.45,39.4,36.4,38.9,935250,1754462820
2025-08-06 12:18:00,CE,ATM+2,12.22,21947025,24700.0,24602.75,39.4,41.0,38.2,40.65,1290525,1754462880
2025-08-06 12:19:00,CE,ATM+2,12.15,22070925,24700.0,24607.25,40.4,41.9,40.1,41.75,1877400,1754462940
2025-08-06 12:20:00,CE,ATM+2,12.16,22070925,24700.0,24611.25,42.05,43.3,40.9,43.25,2263800,1754463000
2025-08-06 12:21:00,CE,ATM+2,12.06,22070925,24700.0,24624.75,43.65,52.8,43.65,47.55,5816250,1754463060
2025-08-06 12:22:00,CE,ATM+2,12.19,20748300,24700.0,24617.0,47.25,47.5,44.15,45.55,2214825,1754463120
2025-08-06 12:23:00,CE,ATM+2,12.13,20748300,24700.0,24615.05,45.3,46.45,43.85,44.3,1566000,1754463180
2025-08-06 12:24:00,CE,ATM+2,12.13,20748300,24700.0,24612.7,44.1,44.3,41.7,43.45,1785525,1754463240
2025-08-06 12:25:00,CE,ATM+2,11.98,20878950,24700.0,24612.45,44.05,44.25,42.55,42.7,1098900,1754463300
2025-08-06 12:26:00,CE,ATM+2,12.19,20878950,24700.0,24612.55,43.25,43.9,41.4,43.75,1229175,1754463360
2025-08-06 12:27:00,CE,ATM+2,12.13,20878950,24700.0,24610.4,43.9,45.4,42.35,42.6,1280475,1754463420
2025-08-06 12:28:00,CE,ATM+2,12.11,21276075,24700.0,24610.2,42.7,43.7,41.6,42.25,725475,1754463480
2025-08-06 12:29:00,CE,ATM+2,12.05,21276075,24700.0,24616.5,42.75,44.95,42.45,44.05,801525,1754463540
2025-08-06 12:30:00,CE,ATM+2,12.19,21276075,24700.0,24615.9,44.15,45.2,43.4,44.75,1040325,1754463600
2025-08-06 12:31:00,CE,ATM+2,12.1,21257325,24700.0,24616.35,43.0,45.2,42.7,44.4,868575,1754463660
2025-08-06 12:32:00,CE,ATM+2,12.05,21257325,24700.0,24617.3,44.2,45.2,44.0,44.65,806325,1754463720
2025-08-06 12:33:00,CE,ATM+2,12.22,21257325,24700.0,24621.25,45.5,47.0,44.75,47.0,1227900,1754463780
2025-08-06 12:34:00,CE,ATM+2,12.11,21168525,24700.0,24620.2,46.7,47.15,44.65,45.9,1168050,1754463840
2025-08-06 12:35:00,CE,ATM+2,12.06,21168525,24700.0,24619.5,46.8,46.9,45.05,45.2,941175,1754463900
2025-08-06 12:36:00,CE,ATM+2,12.0,21168525,24700.0,24613.3,44.75,44.85,42.6,42.65,1311750,1754463960
2025-08-06 12:37:00,CE,ATM+2,12.02,21301500,24700.0,24608.7,41.85,42.7,40.9,41.25,1437300,1754464020
2025-08-06 12:38:00,CE,ATM+2,12.05,21301500,24700.0,24600.95,40.95,41.3,38.0,38.85,2041425,1754464080
2025-08-06 12:39:00,CE,ATM+2,12.07,21301500,24700.0,24597.7,39.15,39.7,36.3,37.75,1571775,1754464140
2025-08-06 12:40:00,CE,ATM+2,12.11,20950200,24700.0,24599.05,38.0,39.35,37.5,38.7,1099500,1754464200
2025-08-06 12:41:00,CE,ATM+2,12.09,20950200,24700.0,24598.55,38.35,39.15,37.05,38.2,1006575,1754464260
2025-08-06 12:42:00,CE,ATM+2,12.06,20950200,24700.0,24599.5,38.05,38.45,37.6,38.4,468975,1754464320
2025-08-06 12:43:00,CE,ATM+2,12.03,21375000,24700.0,24599.25,38.4,38.85,37.75,38.25,460650,1754464380
2025-08-06 12:44:00,CE,ATM+2,11.95,21375000,24700.0,24600.1,38.05,38.75,38.05,38.05,592725,1754464440
2025-08-06 12:45:00,CE,ATM+2,12.1,21375000,24700.0,24605.55,38.3,40.7,38.15,40.4,1237950,1754464500
2025-08-06 12:46:00,CE,ATM+2,11.97,21323925,24700.0,24606.75,40.45,40.7,39.55,40.2,819300,1754464560
2025-08-06 12:47:00,CE,ATM+2,11.91,21323925,24700.0,24609.3,40.3,41.8,40.15,40.6,1054875,1754464620
2025-08-06 12:48:00,CE,ATM+2,11.97,21323925,24700.0,24608.5,40.6,40.95,40.0,40.65,441825,1754464680
2025-08-06 12:49:00,CE,ATM+2,11.76,21655500,24700.0,24603.95,40.35,40.35,37.95,37.95,911775,1754464740
2025-08-06 12:50:00,CE,ATM+2,11.92,21655500,24700.0,24598.0,37.7,38.95,36.35,37.25,1185675,1754464800
2025-08-06 12:51:00,CE,ATM+2,11.7,21655500,24700.0,24590.9,37.45,37.45,33.7,33.7,2033325,1754464860
2025-08-06 12:52:00,CE,ATM+2,11.83,21412500,24700.0,24587.3,33.45,33.8,31.9,33.4,2184900,1754464920
2025-08-06 12:53:00,CE,ATM+2,11.75,21412500,24700.0,24584.95,33.0,33.4,31.8,32.05,1188825,1754464980
2025-08-06 12:54:00,CE,ATM+2,11.69,21412500,24700.0,24589.6,32.0,33.4,31.65,33.25,843000,1754465040
2025-08-06 12:55:00,CE,ATM+2,11.63,21406725,24700.0,24596.3,33.15,35.05,33.15,34.85,985275,1754465100
2025-08-06 12:56:00,CE,ATM+2,11.57,21406725,24700.0,24597.0,35.05,35.05,33.9,34.5,747900,1754465160
2025-08-06 12:57:00,CE,ATM+2,11.59,21406725,24700.0,24601.2,34.7,36.95,34.7,35.75,1397325,1754465220
2025-08-06 12:58:00,CE,ATM+2,11.57,21504825,24700.0,24603.3,35.95,36.6,35.9,36.35,568275,1754465280
2025-08-06 12:59:00,CE,ATM+2,11.62,21504825,24700.0,24608.0,36.3,39.05,36.15,38.8,945075,1754465340
2025-08-06 13:00:00,CE,ATM+2,11.71,21504825,24700.0,24606.75,38.65,40.5,38.0,38.6,1483950,1754465400
2025-08-06 13:01:00,CE,ATM+2,11.72,21542550,24700.0,24608.35,38.5,39.0,37.6,38.85,736050,1754465460
2025-08-06 13:02:00,CE,ATM+2,11.72,21542550,24700.0,24610.7,38.6,40.15,38.6,40.05,949650,1754465520
2025-08-06 13:03:00,CE,ATM+2,11.82,21542550,24700.0,24615.5,39.95,42.35,39.85,41.9,1597500,1754465580
2025-08-06 13:04:00,CE,ATM+2,11.85,21646275,24700.0,24612.6,41.8,42.15,40.0,40.65,1100400,1754465640
2025-08-06 13:05:00,CE,ATM+2,11.98,21646275,24700.0,24607.65,40.2,40.4,38.7,40.2,1063275,1754465700
2025-08-06 13:06:00,CE,ATM+2,11.96,21646275,24700.0,24606.25,40.2,40.35,38.1,39.55,664125,1754465760
2025-08-06 13:07:00,CE,ATM+2,11.76,21302550,24700.0,24607.8,39.3,40.15,38.6,39.0,464475,1754465820
2025-08-06 13:08:00,CE,ATM+2,11.62,21302550,24700.0,24605.8,38.85,39.85,37.6,37.6,650025,1754465880
2025-08-06 13:09:00,CE,ATM+2,11.7,21302550,24700.0,24608.05,37.65,39.3,37.5,38.85,659775,1754465940
2025-08-06 13:10:00,CE,ATM+2,11.65,21438075,24700.0,24611.95,39.0,39.75,38.35,39.65,603225,1754466000
2025-08-06 13:11:00,CE,ATM+2,11.69,21438075,24700.0,24612.25,39.75,41.25,39.6,39.7,1170600,1754466060
2025-08-06 13:12:00,CE,ATM+2,11.76,21438075,24700.0,24614.45,39.8,40.95,38.45,40.6,692550,1754466120
2025-08-06 13:13:00,CE,ATM+2,11.5,21626475,24700.0,24616.95,40.55,41.2,39.8,40.55,807300,1754466180
2025-08-06 13:14:00,CE,ATM+2,11.57,21626475,24700.0,24618.1,40.6,41.5,40.6,41.1,724275,1754466240
2025-08-06 13:15:00,CE,ATM+2,11.45,21626475,24700.0,24614.0,41.15,41.15,38.55,39.05,984000,1754466300
2025-08-06 13:16:00,CE,ATM+2,11.66,21769650,24700.0,24615.95,39.3,41.6,39.3,40.7,771150,1754466360
2025-08-06 13:17:00,CE,ATM+2,11.65,21769650,24700.0,24618.0,40.5,41.45,39.4,41.3,609450,1754466420
2025-08-06 13:18:00,CE,ATM+2,11.45,21769650,24700.0,24617.5,41.4,41.4,39.45,40.15,636000,1754466480
2025-08-06 13:19:00,CE,ATM+2,11.4,21770625,24700.0,24616.9,40.05,41.2,39.9,39.95,465525,1754466540
2025-08-06 13:20:00,CE,ATM+2,11.65,21770625,24700.0,24614.65,39.9,40.7,38.1,40.4,801150,1754466600
2025-08-06 13:21:00,CE,ATM+2,11.5,21770625,24700.0,24617.6,40.2,41.2,39.2,40.45,579150,1754466660
2025-08-06 13:22:00,CE,ATM+2,11.6,21728700,24700.0,24615.7,40.35,41.05,40.15,40.55,440925,1754466720
2025-08-06 13:23:00,CE,ATM+2,11.42,21728700,24700.0,24611.95,40.75,40.75,38.0,38.1,771000,1754466780
2025-08-06 13:24:00,CE,ATM+2,11.57,21728700,24700.0,24609.85,38.6,39.15,37.3,38.2,931725,1754466840
2025-08-06 13:25:00,CE,ATM+2,11.61,21563100,24700.0,24613.2,38.55,40.35,37.75,39.8,747975,1754466900
2025-08-06 13:26:00,CE,ATM+2,11.66,21563100,24700.0,24614.75,39.2,40.35,38.5,40.35,534750,1754466960
2025-08-06 13:27:00,CE,ATM+2,11.51,21563100,24700.0,24613.05,40.2,40.2,38.9,38.9,435450,1754467020
2025-08-06 13:28:00,CE,ATM+2,11.55,21709200,24700.0,24614.2,39.15,40.15,37.8,39.5,781050,1754467080
2025-08-06 13:29:00,CE,ATM+2,11.43,21709200,24700.0,24620.25,39.45,42.65,39.35,41.2,1562250,1754467140
2025-08-06 13:30:00,CE,ATM+2,11.71,10359900,24750.0,24625.3,27.4,29.35,27.4,29.1,905400,1754467200
2025-08-06 13:31:00,CE,ATM+2,11.36,21580200,24700.0,24618.8,43.3,44.5,39.75,39.75,1879200,1754467260
2025-08-06 13:32:00,CE,ATM+2,11.65,21580200,24700.0,24618.55,40.2,41.8,38.9,41.8,1273950,1754467320
2025-08-06 13:33:00,CE,ATM+2,11.54,21580200,24700.0,24613.65,41.65,42.75,39.35,39.35,1011075,1754467380
2025-08-06 13:34:00,CE,ATM+2,11.59,21505950,24700.0,24617.15,39.7,41.8,39.7,40.8,548250,1754467440
2025-08-06 13:35:00,CE,ATM+2,11.6,21505950,24700.0,24619.4,40.6,41.55,40.4,41.2,560775,1754467500
2025-08-06 13:36:00,CE,ATM+2,11.52,21505950,24700.0,24621.35,41.05,41.3,39.75,41.3,737400,1754467560
2025-08-06 13:37:00,CE,ATM+2,11.5,21457275,24700.0,24620.95,41.2,41.8,40.8,41.4,484050,1754467620
2025-08-06 13:38:00,CE,ATM+2,11.76,10408725,24750.0,24625.5,27.75,29.05,27.45,29.0,423525,1754467680
2025-08-06 13:39:00,CE,ATM+2,11.77,10408725,24750.0,24626.6,28.8,29.4,28.4,28.9,575475,1754467740
2025-08-06 13:40:00,CE,ATM+2,11.71,10509750,24750.0,24625.5,28.75,28.9,27.5,28.85,453900,1754467800
2025-08-06 13:41:00,CE,ATM+2,11.44,21577200,24700.0,24619.1,43.45,43.45,39.4,40.2,1270350,1754467860
2025-08-06 13:42:00,CE,ATM+2,12.25,21577200,24700.0,24587.05,40.0,40.05,33.15,35.05,4260825,1754467920
2025-08-06 13:43:00,CE,ATM+2,11.74,21024825,24700.0,24603.25,35.8,37.4,35.8,36.75,1509375,1754467980
2025-08-06 13:44:00,CE,ATM+2,11.46,21024825,24700.0,24615.95,36.6,40.4,36.6,39.25,1545750,1754468040
2025-08-06 13:45:00,CE,ATM+2,11.76,21024825,24700.0,24606.8,39.0,39.05,35.4,37.5,1354500,1754468100
2025-08-06 13:46:00,CE,ATM+2,11.55,21362700,24700.0,24610.55,37.25,38.6,36.75,38.2,579750,1754468160
2025-08-06 13:47:00,CE,ATM+2,11.48,21362700,24700.0,24607.5,37.9,38.05,36.7,36.75,574050,1754468220
2025-08-06 13:48:00,CE,ATM+2,11.5,21362700,24700.0,24606.3,36.5,36.95,35.95,36.55,663900,1754468280
2025-08-06 13:49:00,CE,ATM+2,11.43,21492075,24700.0,24606.0,36.75,36.85,35.7,35.7,571575,1754468340
2025-08-06 13:50:00,CE,ATM+2,11.49,21492075,24700.0,24602.2,35.6,36.2,34.5,34.55,1067475,1754468400
2025-08-06 13:51:00,CE,ATM+2,11.55,21492075,24700.0,24598.2,33.9,34.45,33.45,34.3,1105200,1754468460
2025-08-06 13:52:00,CE,ATM+2,11.66,21329025,24700.0,24603.55,34.6,35.75,34.6,35.7,657225,1754468520
2025-08-06 13:53:00,CE,ATM+2,11.52,21329025,24700.0,24603.05,35.55,36.15,35.15,35.25,525225,1754468580
2025-08-06 13:54:00,CE,ATM+2,11.65,21329025,24700.0,24599.65,35.25,35.3,34.4,34.8,503325,1754468640
2025-08-06 13:55:00,CE,ATM+2,11.54,21455925,24700.0,24599.45,34.3,35.0,34.05,34.35,559800,1754468700
2025-08-06 13:56:00,CE,ATM+2,11.55,21455925,24700.0,24601.6,34.25,35.15,33.95,35.0,512100,1754468760
2025-08-06 13:57:00,CE,ATM+2,11.62,21455925,24700.0,24602.25,35.0,35.65,34.7,35.35,463800,1754468820
2025-08-06 13:58:00,CE,ATM+2,11.39,21590925,24700.0,24606.2,35.35,36.45,35.35,35.4,698025,1754468880
2025-08-06 13:59:00,CE,ATM+2,11.31,21590925,24700.0,24598.1,35.3,35.45,32.7,32.95,1113075,1754468940
2025-08-06 14:00:00,CE,ATM+2,11.31,21590925,24700.0,24598.1,32.95,32.95,32.95,32.95,0,1754469000
2025-08-06 14:01:00,CE,ATM+2,11.49,21681000,24700.0,24593.15,31.5,32.6,31.15,32.25,1086300,1754469060
2025-08-06 14:02:00,CE,ATM+2,11.48,21681000,24700.0,24590.2,32.0,32.55,30.75,30.95,1051950,1754469120
2025-08-06 14:03:00,CE,ATM+2,11.5,21681000,24700.0,24589.8,31.05,31.5,30.15,31.15,1441875,1754469180
2025-08-06 14:04:00,CE,ATM+2,11.49,21632250,24700.0,24589.05,31.05,31.35,30.2,30.85,806100,1754469240
2025-08-06 14:05:00,CE,ATM+2,11.33,21632250,24700.0,24587.6,30.8,30.95,29.35,29.8,1368750,1754469300
2025-08-06 14:06:00,CE,ATM+2,11.42,21632250,24700.0,24590.95,29.75,31.35,29.45,31.0,1046550,1754469360
2025-08-06 14:07:00,CE,ATM+2,11.32,21623550,24700.0,24595.35,31.2,32.55,31.2,31.85,1167900,1754469420
2025-08-06 14:08:00,CE,ATM+2,11.36,21623550,24700.0,24598.8,32.0,33.4,32.0,33.0,873150,1754469480
2025-08-06 14:09:00,CE,ATM+2,11.34,21623550,24700.0,24595.45,33.1,33.3,31.8,31.95,860625,1754469540
2025-08-06 14:10:00,CE,ATM+2,11.55,21722175,24700.0,24589.85,32.1,32.1,30.4,31.5,816000,1754469600
2025-08-06 14:11:00,CE,ATM+2,11.27,21722175,24700.0,24596.8,31.5,32.9,31.5,31.85,603075,1754469660
2025-08-06 14:12:00,CE,ATM+2,11.35,21722175,24700.0,24593.0,31.8,32.5,29.75,31.05,874875,1754469720
2025-08-06 14:13:00,CE,ATM+2,11.23,21812325,24700.0,24585.6,31.0,31.25,28.15,28.15,981675,1754469780
2025-08-06 14:14:00,CE,ATM+2,11.4,21812325,24700.0,24583.8,27.85,29.15,27.15,28.95,1802625,1754469840
2025-08-06 14:15:00,CE,ATM+2,11.33,21812325,24700.0,24579.95,29.25,29.25,27.35,27.45,1104900,1754469900
2025-08-06 14:16:00,CE,ATM+2,11.3,21406575,24700.0,24586.25,27.4,29.35,27.4,29.0,785850,1754469960
2025-08-06 14:17:00,CE,ATM+2,11.43,21406575,24700.0,24585.9,29.0,30.0,29.0,29.4,778500,1754470020
2025-08-06 14:18:00,CE,ATM+2,11.32,21406575,24700.0,24587.15,29.3,29.3,27.75,29.1,585675,1754470080
2025-08-06 14:19:00,CE,ATM+2,11.23,21418425,24700.0,24588.8,29.2,29.5,28.9,29.4,497475,1754470140
2025-08-06 14:20:00,CE,ATM+2,11.04,21418425,24700.0,24594.4,29.5,30.6,29.35,30.2,838950,1754470200
2025-08-06 14:21:00,CE,ATM+2,11.1,21418425,24700.0,24592.95,30.15,30.4,29.55,29.75,599250,1754470260
2025-08-06 14:22:00,CE,ATM+2,11.12,21529350,24700.0,24594.05,29.75,30.35,29.45,30.2,401175,1754470320
2025-08-06 14:23:00,CE,ATM+2,11.06,21529350,24700.0,24595.2,30.2,30.2,29.6,30.15,434700,1754470380
2025-08-06 14:24:00,CE,ATM+2,11.11,21529350,24700.0,24591.65,30.1,30.3,29.15,29.3,547575,1754470440
2025-08-06 14:25:00,CE,ATM+2,11.1,21579450,24700.0,24590.9,29.55,30.1,28.5,29.0,588825,1754470500
2025-08-06 14:26:00,CE,ATM+2,11.09,21579450,24700.0,24596.55,29.0,31.65,29.0,30.7,961050,1754470560
2025-08-06 14:27:00,CE,ATM+2,11.19,21579450,24700.0,24590.55,30.45,30.75,28.5,29.45,956175,1754470620
2025-08-06 14:28:00,CE,ATM+2,11.31,21647025,24700.0,24581.75,29.4,29.4,27.3,27.35,1114650,1754470680
2025-08-06 14:29:00,CE,ATM+2,11.01,13912050,24650.0,24574.35,41.35,41.55,38.45,39.0,2093850,1754470740
2025-08-06 14:30:00,CE,ATM+2,11.4,13912050,24650.0,24568.95,38.9,39.85,38.0,38.75,1284600,1754470800
2025-08-06 14:31:00,CE,ATM+2,11.46,13726500,24650.0,24569.1,38.65,39.95,38.2,39.2,1134600,1754470860
2025-08-06 14:32:00,CE,ATM+2,11.38,13726500,24650.0,24569.75,39.1,39.3,37.0,39.2,1023150,1754470920
2025-08-06 14:33:00,CE,ATM+2,11.33,13726500,24650.0,24568.15,38.7,38.8,37.6,38.2,672900,1754470980
2025-08-06 14:34:00,CE,ATM+2,11.32,13708950,24650.0,24567.85,38.5,38.95,38.15,38.15,410475,1754471040
2025-08-06 14:35:00,CE,ATM+2,11.3,13708950,24650.0,24562.2,38.15,38.15,36.0,36.25,1333725,1754471100
2025-08-06 14:36:00,CE,ATM+2,12.13,13708950,24650.0,24542.85,36.3,36.4,33.45,34.85,2697675,1754471160
2025-08-06 14:37:00,CE,ATM+2,11.78,13531275,24650.0,24554.0,35.35,36.6,35.35,36.45,1097325,1754471220
2025-08-06 14:38:00,CE,ATM+2,11.78,13531275,24650.0,24555.5,36.2,36.55,35.5,36.5,722625,1754471280
2025-08-06 14:39:00,CE,ATM+2,11.55,13531275,24650.0,24560.35,36.45,37.5,36.15,36.75,846075,1754471340
2025-08-06 14:40:00,CE,ATM+2,11.94,13516350,24650.0,24554.45,36.55,36.9,36.05,36.6,558600,1754471400
2025-08-06 14:41:00,CE,ATM+2,11.82,13516350,24650.0,24553.7,36.5,37.0,36.3,36.4,448800,1754471460
2025-08-06 14:42:00,CE,ATM+2,11.66,13516350,24650.0,24557.9,36.45,36.75,35.4,36.55,626325,1754471520
2025-08-06 14:43:00,CE,ATM+2,11.6,13438050,24650.0,24559.85,36.45,37.15,35.85,36.95,502425,1754471580
2025-08-06 14:44:00,CE,ATM+2,11.46,13438050,24650.0,24560.4,37.0,37.5,35.5,36.3,828300,1754471640
2025-08-06 14:45:00,CE,ATM+2,11.41,13438050,24650.0,24560.45,36.35,36.6,35.15,36.1,566775,1754471700
2025-08-06 14:46:00,CE,ATM+2,11.54,13486500,24650.0,24564.05,36.45,37.75,36.4,37.7,657300,1754471760
2025-08-06 14:47:00,CE,ATM+2,11.34,13486500,24650.0,24563.75,37.6,37.8,36.8,36.8,580350,1754471820
2025-08-06 14:48:00,CE,ATM+2,11.35,13486500,24650.0,24566.8,37.15,38.35,36.95,37.8,574125,1754471880
2025-08-06 14:49:00,CE,ATM+2,11.43,13289250,24650.0,24565.9,37.8,38.2,36.45,37.65,571950,1754471940
2025-08-06 14:50:00,CE,ATM+2,11.46,13289250,24650.0,24566.0,37.5,38.5,37.25,37.95,656850,1754472000
2025-08-06 14:51:00,CE,ATM+2,11.54,13289250,24650.0,24567.45,38.05,39.0,37.9,38.85,691575,1754472060
2025-08-06 14:52:00,CE,ATM+2,11.51,13091400,24650.0,24566.1,38.9,39.25,37.95,38.35,675525,1754472120
2025-08-06 14:53:00,CE,ATM+2,11.75,13091400,24650.0,24570.45,38.1,41.45,38.0,41.45,687150,1754472180
2025-08-06 14:54:00,CE,ATM+2,11.64,20446425,24700.0,24579.05,28.45,28.45,27.55,28.25,1607550,1754472240
2025-08-06 14:55:00,CE,ATM+2,11.81,20190825,24700.0,24580.15,27.9,29.2,27.7,29.2,1383300,1754472300
2025-08-06 14:56:00,CE,ATM+2,11.73,20190825,24700.0,24585.3,29.2,30.9,28.85,30.35,1609950,1754472360
2025-08-06 14:57:00,CE,ATM+2,11.82,20190825,24700.0,24581.2,30.4,30.4,28.9,29.55,1180425,1754472420
2025-08-06 14:58:00,CE,ATM+2,11.58,12455100,24650.0,24574.65,43.5,43.5,39.8,41.45,1331400,1754472480
2025-08-06 14:59:00,CE,ATM+2,11.61,12455100,24650.0,24567.05,42.0,42.75,39.55,40.35,752475,1754472540
2025-08-06 15:00:00,CE,ATM+2,11.75,12455100,24650.0,24573.45,41.75,42.2,38.05,42.1,1515075,1754472600
2025-08-06 15:01:00,CE,ATM+2,11.51,12350100,24650.0,24572.85,41.75,41.75,39.6,40.8,741225,1754472660
2025-08-06 15:02:00,CE,ATM+2,11.47,12350100,24650.0,24568.7,40.45,40.75,38.25,39.15,817200,1754472720
2025-08-06 15:03:00,CE,ATM+2,11.37,12350100,24650.0,24565.1,39.4,39.75,36.9,37.5,888000,1754472780
2025-08-06 15:04:00,CE,ATM+2,11.45,12171675,24650.0,24568.45,37.5,39.1,37.5,39.05,560250,1754472840
2025-08-06 15:05:00,CE,ATM+2,11.54,12171675,24650.0,24573.95,39.15,41.8,39.05,41.65,1095675,1754472900
2025-08-06 15:06:00,CE,ATM+2,11.69,19577400,24700.0,24576.95,28.1,28.3,27.6,27.85,744600,1754472960
2025-08-06 15:07:00,CE,ATM+2,11.37,12086475,24650.0,24574.95,41.05,41.15,39.4,40.7,745950,1754473020
2025-08-06 15:08:00,CE,ATM+2,11.79,19324800,24700.0,24578.35,27.65,28.75,27.55,28.65,657450,1754473080
2025-08-06 15:09:00,CE,ATM+2,11.69,19324800,24700.0,24580.85,28.8,28.8,28.2,28.65,793125,1754473140
2025-08-06 15:10:00,CE,ATM+2,11.86,18776550,24700.0,24577.05,28.35,29.3,28.3,28.55,1142475,1754473200
2025-08-06 15:11:00,CE,ATM+2,11.82,18776550,24700.0,24575.85,28.45,28.95,27.85,28.2,840525,1754473260
2025-08-06 15:12:00,CE,ATM+2,11.84,18776550,24700.0,24579.05,28.3,29.15,28.15,28.95,705750,1754473320
2025-08-06 15:13:00,CE,ATM+2,11.66,18336525,24700.0,24580.0,29.25,29.45,28.75,28.75,780075,1754473380
2025-08-06 15:14:00,CE,ATM+2,11.84,18336525,24700.0,24576.35,29.3,29.35,28.05,28.3,849375,1754473440
2025-08-06 15:15:00,CE,ATM+2,11.71,11208450,24650.0,24570.75,42.45,42.5,41.15,41.15,1126125,1754473500
2025-08-06 15:16:00,CE,ATM+2,11.54,10817250,24650.0,24573.2,41.15,41.7,40.1,41.05,839400,1754473560
2025-08-06 15:17:00,CE,ATM+2,11.54,10817250,24650.0,24572.85,41.05,41.7,40.8,41.0,627150,1754473620
2025-08-06 15:18:00,CE,ATM+2,11.66,10817250,24650.0,24571.2,41.05,41.5,40.9,41.15,585750,1754473680
2025-08-06 15:19:00,CE,ATM+2,11.65,10435725,24650.0,24573.95,41.4,42.1,41.2,42.1,563175,1754473740
2025-08-06 15:20:00,CE,ATM+2,12.01,17445975,24700.0,24577.3,28.9,29.45,28.85,29.35,1234800,1754473800
2025-08-06 15:21:00,CE,ATM+2,11.86,17445975,24700.0,24582.25,29.5,30.0,29.2,29.65,713850,1754473860
2025-08-06 15:22:00,CE,ATM+2,11.76,16615050,24700.0,24584.25,29.95,30.15,29.5,29.9,1135125,1754473920
2025-08-06 15:23:00,CE,ATM+2,11.91,16615050,24700.0,24580.5,30.1,30.7,29.4,29.7,1188825,1754473980
2025-08-06 15:24:00,CE,ATM+2,11.89,16615050,24700.0,24581.5,29.95,30.35,29.6,29.7,769950,1754474040
2025-08-06 15:25:00,CE,ATM+2,11.78,9412500,24650.0,24573.35,43.4,43.75,41.75,42.05,1404825,1754474100
2025-08-06 15:26:00,CE,ATM+2,12.13,16016850,24700.0,24575.3,29.05,29.75,28.95,29.6,724200,1754474160
2025-08-06 15:27:00,CE,ATM+2,11.91,9412500,24650.0,24574.05,42.95,43.6,42.65,43.3,786975,1754474220
2025-08-06 15:28:00,CE,ATM+2,12.35,8761800,24650.0,24574.05,43.55,44.35,43.05,44.2,1305075,1754474280
2025-08-06 15:29:00,CE,ATM+2,12.43,8761800,24650.0,24569.6,44.25,44.6,43.35,44.0,1847250,1754474340
2025-08-07 09:15:00,CE,ATM+2,14.97,11949450,24600.0,24501.7,29.5,37.5,23.25,23.75,5992125,1754538300
2025-08-07 09:16:00,CE,ATM+2,14.18,11949450,24600.0,24493.8,22.6,22.6,19.25,19.7,5639850,1754538360
2025-08-07 09:17:00,CE,ATM+2,13.88,11949450,24600.0,24517.4,19.25,25.25,18.85,25.25,5595300,1754538420
2025-08-07 09:18:00,CE,ATM+2,13.6,14138250,24600.0,24513.2,26.05,28.6,21.9,23.15,5970375,1754538480
2025-08-07 09:19:00,CE,ATM+2,13.51,14138250,24600.0,24519.45,22.35,25.95,22.0,24.25,3583425,1754538540
2025-08-07 09:20:00,CE,ATM+2,13.61,14138250,24600.0,24516.3,23.45,24.25,22.0,23.95,3623625,1754538600
2025-08-07 09:21:00,CE,ATM+2,13.17,15886725,24600.0,24517.05,23.75,28.9,22.45,22.45,5552925,1754538660
2025-08-07 09:22:00,CE,ATM+2,13.47,15886725,24600.0,24510.1,22.55,23.75,20.25,22.35,4405950,1754538720
2025-08-07 09:23:00,CE,ATM+2,13.81,15886725,24600.0,24508.5,22.3,23.85,20.35,21.5,3019425,1754538780
2025-08-07 09:24:00,CE,ATM+2,13.26,18019725,24600.0,24504.45,20.95,20.95,18.4,19.7,4183425,1754538840
2025-08-07 09:25:00,CE,ATM+2,12.83,18019725,24600.0,24510.0,20.15,21.15,19.0,19.5,3524775,1754538900
2025-08-07 09:26:00,CE,ATM+2,12.86,18019725,24600.0,24510.0,19.05,19.5,16.2,19.5,4803825,1754538960
2025-08-07 09:27:00,CE,ATM+2,12.53,19434525,24600.0,24517.5,19.2,21.45,19.2,20.1,4101525,1754539020
2025-08-07 09:28:00,CE,ATM+2,12.76,19434525,24600.0,24522.6,19.9,22.5,19.35,22.5,2933175,1754539080
2025-08-07 09:29:00,CE,ATM+2,14.06,11285475,24650.0,24525.85,13.85,17.1,13.85,15.45,3199425,1754539140
2025-08-07 09:30:00,CE,ATM+2,13.98,11299275,24650.0,24526.2,15.35,16.25,13.75,15.45,2177250,1754539200
2025-08-07 09:31:00,CE,ATM+2,13.98,11299275,24650.0,24531.65,15.8,16.3,14.2,16.3,1557225,1754539260
2025-08-07 09:32:00,CE,ATM+2,13.85,11299275,24650.0,24530.65,16.1,18.25,14.35,15.65,3499725,1754539320
2025-08-07 09:33:00,CE,ATM+2,13.38,11802150,24650.0,24527.75,15.45,15.85,13.4,13.9,1655025,1754539380
2025-08-07 09:34:00,CE,ATM+2,12.7,19805400,24600.0,24518.95,22.4,22.65,19.0,20.9,5224200,1754539440
2025-08-07 09:35:00,CE,ATM+2,12.05,19805400,24600.0,24514.05,20.15,21.2,18.1,18.3,3544575,1754539500
2025-08-07 09:36:00,CE,ATM+2,12.18,21144675,24600.0,24506.0,18.4,19.65,16.0,16.2,4205550,1754539560
2025-08-07 09:37:00,CE,ATM+2,12.44,21144675,24600.0,24504.75,16.2,16.95,15.25,16.45,3814500,1754539620
2025-08-07 09:38:00,CE,ATM+2,12.17,21144675,24600.0,24518.25,16.3,20.25,16.3,18.85,3792225,1754539680
2025-08-07 09:39:00,CE,ATM+2,11.96,22186950,24600.0,24517.4,19.2,19.35,17.85,18.1,2956800,1754539740
2025-08-07 09:40:00,CE,ATM+2,12.18,22186950,24600.0,24514.35,18.25,19.65,17.55,17.75,2437650,1754539800
2025-08-07 09:41:00,CE,ATM+2,12.06,22186950,24600.0,24507.1,17.75,19.0,16.15,16.25,2807175,1754539860
2025-08-07 09:42:00,CE,ATM+2,12.58,23164875,24600.0,24500.0,16.25,16.3,15.7,16.05,2563800,1754539920
2025-08-07 09:43:00,CE,ATM+2,12.25,23164875,24600.0,24502.3,15.95,16.15,14.85,15.45,2713650,1754539980
2025-08-07 09:44:00,CE,ATM+2,12.32,23164875,24600.0,24504.55,15.5,16.45,15.15,15.8,2105625,1754540040
2025-08-07 09:45:00,CE,ATM+2,12.65,24075450,24600.0,24502.55,15.65,16.7,14.7,16.7,1788450,1754540100
2025-08-07 09:46:00,CE,ATM+2,11.94,24075450,24600.0,24519.0,16.45,18.2,15.05,17.9,2796600,1754540160
2025-08-07 09:47:00,CE,ATM+2,11.97,24075450,24600.0,24510.25,18.0,18.0,15.35,16.15,2442375,1754540220
2025-08-07 09:48:00,CE,ATM+2,12.24,24660975,24600.0,24510.0,16.0,17.6,15.8,16.6,1542150,1754540280
2025-08-07 09:49:00,CE,ATM+2,12.36,24660975,24600.0,24502.25,16.25,16.25,14.65,15.5,2185575,1754540340
2025-08-07 09:50:00,CE,ATM+2,12.45,24660975,24600.0,24501.5,15.3,16.15,14.85,15.75,1419300,1754540400
2025-08-07 09:51:00,CE,ATM+2,12.5,24921825,24600.0,24504.4,15.65,16.95,15.25,16.25,1088250,1754540460
2025-08-07 09:52:00,CE,ATM+2,12.43,24921825,24600.0,24507.55,16.0,16.65,15.5,16.35,1501500,1754540520
2025-08-07 09:53:00,CE,ATM+2,12.46,24921825,24600.0,24505.75,16.3,16.9,15.8,16.3,1073550,1754540580
2025-08-07 09:54:00,CE,ATM+2,12.65,25497150,24600.0,24506.15,16.3,17.0,15.45,17.0,1318275,1754540640
2025-08-07 09:55:00,CE,ATM+2,12.32,25497150,24600.0,24504.55,16.55,16.55,15.6,15.6,1213725,1754540700
2025-08-07 09:56:00,CE,ATM+2,12.53,25497150,24600.0,24495.05,15.5,15.9,13.75,14.05,3316275,1754540760
2025-08-07 09:57:00,CE,ATM+2,12.55,25373850,24600.0,24493.6,14.0,14.75,13.4,14.1,2274825,1754540820
2025-08-07 09:58:00,CE,ATM+2,12.98,25373850,24600.0,24482.2,14.1,14.1,11.95,12.6,5482275,1754540880
2025-08-07 09:59:00,CE,ATM+2,13.04,25373850,24600.0,24481.35,12.4,13.2,12.4,12.95,2467125,1754540940
2025-08-07 10:00:00,CE,ATM+2,13.04,25373850,24600.0,24481.35,12.95,12.95,12.95,12.95,0,1754541000
2025-08-07 10:01:00,CE,ATM+2,12.7,25542675,24600.0,24481.5,12.35,12.35,11.05,11.95,3848550,1754541060
2025-08-07 10:02:00,CE,ATM+2,12.45,25542675,24600.0,24485.2,11.9,11.95,11.3,11.7,2796450,1754541120
2025-08-07 10:03:00,CE,ATM+2,12.08,26005050,24600.0,24484.35,11.7,11.7,10.75,10.9,4173975,1754541180
2025-08-07 10:04:00,CE,ATM+2,12.3,26005050,24600.0,24476.1,10.9,11.0,9.95,10.05,2931225,1754541240
2025-08-07 10:05:00,CE,ATM+2,11.05,22422675,24550.0,24474.6,16.3,16.8,15.6,16.2,2460600,1754541300
2025-08-07 10:06:00,CE,ATM+2,12.03,26058975,24600.0,24481.4,9.95,10.3,9.3,10.05,2694225,1754541360
2025-08-07 10:07:00,CE,ATM+2,12.38,26058975,24600.0,24475.8,9.95,10.4,9.8,10.15,1684650,1754541420
2025-08-07 10:08:00,CE,ATM+2,12.24,26058975,24600.0,24475.35,9.75,10.05,9.7,9.9,1255275,1754541480
2025-08-07 10:09:00,CE,ATM+2,10.97,23844900,24550.0,24471.4,16.3,16.3,14.5,15.3,2893950,1754541540
2025-08-07 10:10:00,CE,ATM+2,11.22,23844900,24550.0,24473.25,15.4,16.35,15.3,16.2,1902000,1754541600
2025-08-07 10:11:00,CE,ATM+2,12.44,26443050,24600.0,24475.3,9.9,10.25,9.8,10.15,1358475,1754541660
2025-08-07 10:12:00,CE,ATM+2,12.4,26350650,24600.0,24476.0,10.15,10.3,9.85,9.95,1700025,1754541720
2025-08-07 10:13:00,CE,ATM+2,12.41,26350650,24600.0,24475.3,9.8,10.05,9.55,10.05,970950,1754541780
2025-08-07 10:14:00,CE,ATM+2,12.29,26350650,24600.0,24476.05,9.95,10.4,9.95,10.0,1157625,1754541840
2025-08-07 10:15:00,CE,ATM+2,11.88,26879400,24600.0,24480.95,9.95,10.25,9.7,9.75,1809075,1754541900
2025-08-07 10:16:00,CE,ATM+2,10.77,23967225,24550.0,24474.35,16.6,17.15,14.45,15.25,3121650,1754541960
2025-08-07 10:17:00,CE,ATM+2,11.89,26879400,24600.0,24478.3,8.9,9.45,8.65,9.35,2041050,1754542020
2025-08-07 10:18:00,CE,ATM+2,11.79,27392250,24600.0,24484.45,9.4,10.0,9.3,9.85,1541475,1754542080
2025-08-07 10:19:00,CE,ATM+2,11.62,27392250,24600.0,24483.05,9.8,10.15,9.25,9.25,1705800,1754542140
2025-08-07 10:20:00,CE,ATM+2,11.75,27392250,24600.0,24480.45,9.35,9.85,9.1,9.2,1305600,1754542200
2025-08-07 10:21:00,CE,ATM+2,11.87,27712200,24600.0,24478.4,9.2,9.3,8.7,8.8,1459650,1754542260
2025-08-07 10:22:00,CE,ATM+2,11.92,27712200,24600.0,24478.7,8.75,9.25,8.75,9.15,946875,1754542320
2025-08-07 10:23:00,CE,ATM+2,11.95,27712200,24600.0,24477.25,9.15,9.3,8.9,9.1,879825,1754542380
2025-08-07 10:24:00,CE,ATM+2,11.92,27977925,24600.0,24479.25,9.05,9.4,8.95,9.3,825825,1754542440
2025-08-07 10:25:00,CE,ATM+2,11.89,27977925,24600.0,24483.6,9.3,10.1,9.3,9.9,1446675,1754542500
2025-08-07 10:26:00,CE,ATM+2,12.12,27977925,24600.0,24477.85,9.9,10.3,9.25,9.5,1199025,1754542560
2025-08-07 10:27:00,CE,ATM+2,10.84,24967875,24550.0,24468.6,15.55,15.55,13.35,13.6,3872025,1754542620
2025-08-07 10:28:00,CE,ATM+2,11.26,24967875,24550.0,24456.6,13.65,13.65,12.2,12.45,7502175,1754542680
2025-08-07 10:29:00,CE,ATM+2,11.68,24967875,24550.0,24450.7,12.25,12.8,11.8,12.2,4323675,1754542740
2025-08-07 10:30:00,CE,ATM+2,12.38,23125725,24550.0,24434.3,12.2,12.25,10.6,10.8,8303700,1754542800
2025-08-07 10:31:00,CE,ATM+2,12.5,23125725,24550.0,24429.25,10.6,11.1,10.2,10.5,5195400,1754542860
2025-08-07 10:32:00,CE,ATM+2,12.18,23125725,24550.0,24433.8,10.5,10.5,9.7,10.4,3514425,1754542920
2025-08-07 10:33:00,CE,ATM+2,11.75,22628775,24550.0,24436.6,10.35,10.4,9.8,9.9,2677575,1754542980
2025-08-07 10:34:00,CE,ATM+2,11.5,22628775,24550.0,24439.3,9.75,10.25,9.55,9.75,2614800,1754543040
2025-08-07 10:35:00,CE,ATM+2,11.76,22628775,24550.0,24435.35,9.55,9.7,9.25,9.65,2043075,1754543100
2025-08-07 10:36:00,CE,ATM+2,11.43,22880250,24550.0,24438.95,9.5,9.65,9.3,9.45,1575150,1754543160
2025-08-07 10:37:00,CE,ATM+2,11.49,22880250,24550.0,24440.85,9.55,10.25,9.55,10.1,1402350,1754543220
2025-08-07 10:38:00,CE,ATM+2,11.53,22880250,24550.0,24440.15,10.0,10.2,9.7,9.85,1319100,1754543280
2025-08-07 10:39:00,CE,ATM+2,11.83,23044575,24550.0,24436.1,9.75,9.9,9.5,9.9,1286550,1754543340
2025-08-07 10:40:00,CE,ATM+2,12.03,23044575,24550.0,24433.4,9.95,10.1,9.75,9.95,1150350,1754543400
2025-08-07 10:41:00,CE,ATM+2,12.04,23044575,24550.0,24435.1,9.95,10.25,9.75,10.15,1362525,1754543460
2025-08-07 10:42:00,CE,ATM+2,12.04,22706550,24550.0,24432.25,10.15,10.2,9.5,9.55,1364475,1754543520
2025-08-07 10:43:00,CE,ATM+2,12.08,22706550,24550.0,24429.55,9.5,9.85,9.15,9.4,1738500,1754543580
2025-08-07 10:44:00,CE,ATM+2,11.92,22706550,24550.0,24435.75,9.3,10.05,9.25,9.9,1072050,1754543640
2025-08-07 10:45:00,CE,ATM+2,11.34,40008975,24500.0,24422.05,16.95,17.1,15.2,15.5,5015025,1754543700
2025-08-07 10:46:00,CE,ATM+2,11.03,40008975,24500.0,24423.3,15.55,15.55,14.4,15.25,5657100,1754543760
2025-08-07 10:47:00,CE,ATM+2,11.36,40008975,24500.0,24419.65,15.3,15.5,14.2,15.15,3599325,1754543820
2025-08-07 10:48:00,CE,ATM+2,11.1,39236250,24500.0,24422.45,15.1,15.6,14.95,15.2,2132400,1754543880
2025-08-07 10:49:00,CE,ATM+2,11.61,39236250,24500.0,24418.25,15.25,15.45,14.75,15.35,3605175,1754543940
2025-08-07 10:50:00,CE,ATM+2,11.36,39236250,24500.0,24423.6,15.3,16.05,15.2,15.9,2500050,1754544000
2025-08-07 10:51:00,CE,ATM+2,11.6,38737350,24500.0,24420.5,16.0,16.0,15.55,16.0,1802850,1754544060
2025-08-07 10:52:00,CE,ATM+2,11.47,38737350,24500.0,24420.4,16.0,16.15,15.4,15.4,1837200,1754544120
2025-08-07 10:53:00,CE,ATM+2,11.67,38737350,24500.0,24418.0,15.2,15.6,14.95,15.5,1603950,1754544180
2025-08-07 10:54:00,CE,ATM+2,11.62,38907750,24500.0,24416.7,15.35,15.65,15.05,15.5,1501950,1754544240
2025-08-07 10:55:00,CE,ATM+2,12.64,21710400,24550.0,24425.3,9.4,9.85,9.35,9.75,1234050,1754544300
2025-08-07 10:56:00,CE,ATM+2,12.57,21710400,24550.0,24426.55,9.75,10.0,9.6,9.65,1105575,1754544360
2025-08-07 10:57:00,CE,ATM+2,12.44,21781275,24550.0,24427.65,9.65,9.95,9.45,9.65,927375,1754544420
2025-08-07 10:58:00,CE,ATM+2,12.49,21781275,24550.0,24428.55,9.75,9.85,9.55,9.75,860850,1754544480
2025-08-07 10:59:00,CE,ATM+2,12.07,21781275,24550.0,24426.05,9.75,9.85,9.55,9.7,991125,1754544540
2025-08-07 11:00:00,CE,ATM+2,12.5,22219350,24550.0,24426.85,10.0,10.0,9.45,9.55,1107975,1754544600
2025-08-07 11:01:00,CE,ATM+2,11.55,39453300,24500.0,24418.95,15.35,15.9,14.95,15.05,3175650,1754544660
2025-08-07 11:02:00,CE,ATM+2,11.54,39453300,24500.0,24413.5,14.8,14.85,13.5,13.75,4719975,1754544720
2025-08-07 11:03:00,CE,ATM+2,11.76,39447975,24500.0,24409.85,13.6,13.7,13.05,13.3,2899650,1754544780
2025-08-07 11:04:00,CE,ATM+2,11.88,39447975,24500.0,24408.55,12.9,13.6,12.35,13.45,4812975,1754544840
2025-08-07 11:05:00,CE,ATM+2,12.08,39447975,24500.0,24406.15,13.4,13.7,13.2,13.6,2096250,1754544900
2025-08-07 11:06:00,CE,ATM+2,13.07,38999925,24500.0,24388.55,13.6,13.9,12.95,13.35,5631750,1754544960
2025-08-07 11:07:00,CE,ATM+2,12.24,38999925,24500.0,24405.7,13.4,14.35,13.35,14.25,3380925,1754545020
2025-08-07 11:08:00,CE,ATM+2,12.35,38999925,24500.0,24404.85,14.15,14.65,14.0,14.4,1759275,1754545080
2025-08-07 11:09:00,CE,ATM+2,12.3,38567325,24500.0,24411.95,14.45,15.25,14.2,15.25,1540050,1754545140
2025-08-07 11:10:00,CE,ATM+2,12.12,38567325,24500.0,24411.45,15.25,15.6,14.8,14.8,2846550,1754545200
2025-08-07 11:11:00,CE,ATM+2,12.25,38567325,24500.0,24414.15,14.75,15.85,14.75,15.8,2157300,1754545260
2025-08-07 11:12:00,CE,ATM+2,12.4,38700300,24500.0,24411.5,15.9,15.9,15.25,15.5,1211775,1754545320
2025-08-07 11:13:00,CE,ATM+2,12.47,38700300,24500.0,24410.0,15.5,15.55,15.05,15.5,1165425,1754545380
2025-08-07 11:14:00,CE,ATM+2,12.5,38700300,24500.0,24411.6,15.4,16.2,15.25,16.05,1853550,1754545440
2025-08-07 11:15:00,CE,ATM+2,12.47,37955925,24500.0,24413.25,16.1,16.85,15.6,16.2,2853375,1754545500
2025-08-07 11:16:00,CE,ATM+2,12.13,37955925,24500.0,24420.6,16.1,17.3,16.1,17.25,3165225,1754545560
2025-08-07 11:17:00,CE,ATM+2,13.17,20381775,24550.0,24425.25,10.45,10.7,10.05,10.45,1803525,1754545620
2025-08-07 11:18:00,CE,ATM+2,11.62,38400675,24500.0,24423.65,17.4,17.4,15.6,15.8,4301250,1754545680
2025-08-07 11:19:00,CE,ATM+2,11.58,38400675,24500.0,24421.55,15.7,16.25,14.8,15.1,3131850,1754545740
2025-08-07 11:20:00,CE,ATM+2,11.5,38400675,24500.0,24422.35,15.05,15.9,14.55,15.5,2305275,1754545800
2025-08-07 11:21:00,CE,ATM+2,11.5,39007875,24500.0,24420.65,15.55,15.7,14.5,14.5,1815375,1754545860
2025-08-07 11:22:00,CE,ATM+2,12.65,21203850,24550.0,24425.7,8.2,9.55,8.15,9.35,1471725,1754545920
2025-08-07 11:23:00,CE,ATM+2,12.65,21203850,24550.0,24426.15,9.3,9.6,8.9,9.2,1057875,1754545980
2025-08-07 11:24:00,CE,ATM+2,12.47,21262725,24550.0,24426.85,9.2,9.55,9.0,9.05,1084800,1754546040
2025-08-07 11:25:00,CE,ATM+2,12.49,21262725,24550.0,24428.15,9.0,9.5,8.85,9.2,818325,1754546100
2025-08-07 11:26:00,CE,ATM+2,12.27,21262725,24550.0,24433.3,9.2,9.5,8.95,9.5,873000,1754546160
2025-08-07 11:27:00,CE,ATM+2,12.24,21343950,24550.0,24429.9,9.55,9.55,8.5,8.85,1197450,1754546220
2025-08-07 11:28:00,CE,ATM+2,12.42,21343950,24550.0,24425.1,8.85,9.0,8.55,8.55,762375,1754546280
2025-08-07 11:29:00,CE,ATM+2,11.1,39568500,24500.0,24424.15,14.85,15.4,14.45,14.45,1746450,1754546340
2025-08-07 11:30:00,CE,ATM+2,11.39,39483675,24500.0,24422.05,14.4,15.05,13.95,14.95,2467875,1754546400
2025-08-07 11:31:00,CE,ATM+2,12.31,21087375,24550.0,24427.6,8.55,9.0,8.45,8.65,956700,1754546460
2025-08-07 11:32:00,CE,ATM+2,11.49,39483675,24500.0,24418.4,15.05,15.05,13.5,14.1,2962500,1754546520
2025-08-07 11:33:00,CE,ATM+2,11.85,39424125,24500.0,24414.4,14.05,14.95,13.9,14.2,1562625,1754546580
2025-08-07 11:34:00,CE,ATM+2,11.55,39424125,24500.0,24419.85,14.05,15.0,14.05,14.85,1471875,1754546640
2025-08-07 11:35:00,CE,ATM+2,12.53,20928450,24550.0,24427.8,8.6,9.15,8.45,9.1,762150,1754546700
2025-08-07 11:36:00,CE,ATM+2,11.24,39773250,24500.0,24423.3,15.45,15.65,14.55,14.6,1411875,1754546760
2025-08-07 11:37:00,CE,ATM+2,12.52,20916075,24550.0,24426.5,8.5,9.1,8.4,8.9,708525,1754546820
2025-08-07 11:38:00,CE,ATM+2,12.68,20916075,24550.0,24426.85,8.9,9.2,8.7,9.2,618150,1754546880
2025-08-07 11:39:00,CE,ATM+2,12.08,20787675,24550.0,24441.6,9.25,10.75,9.15,10.3,3424350,1754546940
2025-08-07 11:40:00,CE,ATM+2,11.79,20787675,24550.0,24441.35,10.1,11.05,9.6,9.65,3583575,1754547000
2025-08-07 11:41:00,CE,ATM+2,11.81,20787675,24550.0,24435.8,9.65,9.7,8.55,8.55,2243475,1754547060
2025-08-07 11:42:00,CE,ATM+2,11.95,21402450,24550.0,24429.85,8.45,8.95,8.0,8.05,1961550,1754547120
2025-08-07 11:43:00,CE,ATM+2,10.97,38853525,24500.0,24424.6,14.6,14.9,13.1,14.05,5545650,1754547180
2025-08-07 11:44:00,CE,ATM+2,10.93,38853525,24500.0,24423.7,14.0,14.45,13.5,13.65,3618750,1754547240
2025-08-07 11:45:00,CE,ATM+2,11.86,21523050,24550.0,24426.05,7.75,7.85,7.55,7.6,1414125,1754547300
2025-08-07 11:46:00,CE,ATM+2,10.68,39822675,24500.0,24421.9,13.4,13.75,11.85,12.25,5012625,1754547360
2025-08-07 11:47:00,CE,ATM+2,11.76,21523050,24550.0,24425.8,7.05,7.3,6.8,7.05,1874850,1754547420
2025-08-07 11:48:00,CE,ATM+2,10.38,40239225,24500.0,24423.6,12.45,13.0,11.85,11.85,1949475,1754547480
2025-08-07 11:49:00,CE,ATM+2,10.28,40239225,24500.0,24422.2,11.7,11.9,11.2,11.3,2368575,1754547540
2025-08-07 11:50:00,CE,ATM+2,10.54,40239225,24500.0,24422.05,11.3,12.05,11.2,11.9,2402100,1754547600
2025-08-07 11:51:00,CE,ATM+2,10.53,40171200,24500.0,24420.1,12.0,12.15,11.3,11.35,1510050,1754547660
2025-08-07 11:52:00,CE,ATM+2,10.63,40171200,24500.0,24420.25,11.1,11.6,10.75,11.6,2965950,1754547720
2025-08-07 11:53:00,CE,ATM+2,10.63,40171200,24500.0,24423.6,11.7,12.65,11.7,12.55,1795575,1754547780
2025-08-07 11:54:00,CE,ATM+2,11.93,20925600,24550.0,24426.65,7.1,7.35,7.0,7.35,795000,1754547840
2025-08-07 11:55:00,CE,ATM+2,11.77,20925600,24550.0,24428.6,7.4,7.6,7.15,7.2,1214250,1754547900
2025-08-07 11:56:00,CE,ATM+2,11.83,20925600,24550.0,24428.6,7.15,7.5,7.15,7.45,656025,1754547960
2025-08-07 11:57:00,CE,ATM+2,11.74,20963700,24550.0,24428.95,7.45,7.45,7.1,7.15,747900,1754548020
2025-08-07 11:58:00,CE,ATM+2,11.6,20963700,24550.0,24429.2,7.15,7.25,6.85,7.05,839850,1754548080
2025-08-07 11:59:00,CE,ATM+2,11.57,20963700,24550.0,24426.45,7.1,7.1,6.4,6.6,1363650,1754548140
2025-08-07 12:00:00,CE,ATM+2,11.37,21269550,24550.0,24427.15,6.55,6.65,6.05,6.2,1617900,1754548200
2025-08-07 12:01:00,CE,ATM+2,10.04,40476525,24500.0,24424.0,11.15,11.3,9.8,10.85,4584225,1754548260
2025-08-07 12:02:00,CE,ATM+2,11.34,21269550,24550.0,24432.55,6.15,6.9,6.05,6.85,1407450,1754548320
2025-08-07 12:03:00,CE,ATM+2,11.28,21400575,24550.0,24432.6,6.85,7.15,6.5,6.55,1442175,1754548380
2025-08-07 12:04:00,CE,ATM+2,11.06,21400575,24550.0,24434.3,6.55,6.7,6.3,6.65,1255125,1754548440
2025-08-07 12:05:00,CE,ATM+2,11.08,21400575,24550.0,24436.75,6.65,7.1,6.65,6.85,1128975,1754548500
2025-08-07 12:06:00,CE,ATM+2,10.99,21598275,24550.0,24433.2,6.8,7.15,6.35,6.35,1287150,1754548560
2025-08-07 12:07:00,CE,ATM+2,11.16,21598275,24550.0,24428.8,6.3,6.4,5.9,5.9,1309350,1754548620
2025-08-07 12:08:00,CE,ATM+2,11.13,21598275,24550.0,24429.35,5.8,5.95,5.5,5.95,2035950,1754548680
2025-08-07 12:09:00,CE,ATM+2,11.05,21342675,24550.0,24429.25,5.9,5.9,5.6,5.65,818625,1754548740
2025-08-07 12:10:00,CE,ATM+2,10.84,21342675,24550.0,24433.4,5.7,6.15,5.7,6.0,953700,1754548800
2025-08-07 12:11:00,CE,ATM+2,10.9,21342675,24550.0,24435.75,6.0,6.4,5.95,6.3,1293075,1754548860
2025-08-07 12:12:00,CE,ATM+2,10.82,21341175,24550.0,24445.95,6.3,7.95,6.2,7.7,3076350,1754548920
2025-08-07 12:13:00,CE,ATM+2,10.62,21341175,24550.0,24444.55,7.7,7.75,6.65,6.85,2842050,1754548980
2025-08-07 12:14:00,CE,ATM+2,10.92,21341175,24550.0,24442.3,6.85,7.35,6.65,6.95,1277250,1754549040
2025-08-07 12:15:00,CE,ATM+2,10.6,21480825,24550.0,24447.25,7.0,7.6,6.8,7.2,2025150,1754549100
2025-08-07 12:16:00,CE,ATM+2,10.52,21480825,24550.0,24449.3,7.05,7.55,6.85,7.3,1789050,1754549160
2025-08-07 12:17:00,CE,ATM+2,10.61,21480825,24550.0,24447.25,7.35,8.0,7.05,7.2,2318325,1754549220
2025-08-07 12:18:00,CE,ATM+2,10.44,21748875,24550.0,24440.7,6.75,6.85,5.9,5.95,2467800,1754549280
2025-08-07 12:19:00,CE,ATM+2,10.48,21748875,24550.0,24441.35,5.85,6.35,5.75,6.05,1487850,1754549340
2025-08-07 12:20:00,CE,ATM+2,10.38,21748875,24550.0,24442.2,6.05,6.35,5.95,6.05,1001175,1754549400
2025-08-07 12:21:00,CE,ATM+2,10.28,21909000,24550.0,24442.35,6.05,6.4,5.85,5.9,1295550,1754549460
2025-08-07 12:22:00,CE,ATM+2,10.41,21909000,24550.0,24432.75,6.05,6.05,4.8,4.95,2541000,1754549520
2025-08-07 12:23:00,CE,ATM+2,10.39,21909000,24550.0,24435.85,4.9,5.3,4.9,5.15,2220675,1754549580
2025-08-07 12:24:00,CE,ATM+2,10.25,21090750,24550.0,24435.35,5.1,5.2,4.85,4.95,1303500,1754549640
2025-08-07 12:25:00,CE,ATM+2,10.28,21090750,24550.0,24435.0,4.95,5.0,4.75,4.95,1460175,1754549700
2025-08-07 12:26:00,CE,ATM+2,10.3,21090750,24550.0,24433.55,5.05,5.05,4.8,4.8,954525,1754549760
2025-08-07 12:27:00,CE,ATM+2,10.13,20940600,24550.0,24433.55,4.8,4.8,4.4,4.4,1530900,1754549820
2025-08-07 12:28:00,CE,ATM+2,10.02,20940600,24550.0,24434.0,4.45,4.55,4.35,4.45,1217250,1754549880
2025-08-07 12:29:00,CE,ATM+2,9.98,20940600,24550.0,24436.8,4.75,4.95,4.7,4.75,1475475,1754549940
2025-08-07 12:30:00,CE,ATM+2,10.11,20744850,24550.0,24440.45,4.75,5.25,4.75,5.2,1593150,1754550000
2025-08-07 12:31:00,CE,ATM+2,9.96,20744850,24550.0,24439.8,5.15,5.25,4.75,4.8,1557675,1754550060
2025-08-07 12:32:00,CE,ATM+2,10.01,20744850,24550.0,24434.95,4.75,4.95,4.35,4.4,1354650,1754550120
2025-08-07 12:33:00,CE,ATM+2,10.11,20638950,24550.0,24428.45,4.35,4.4,3.85,3.9,2804475,1754550180
2025-08-07 12:34:00,CE,ATM+2,10.01,20638950,24550.0,24431.95,3.9,4.1,3.8,4.05,1662300,1754550240
2025-08-07 12:35:00,CE,ATM+2,9.91,20638950,24550.0,24435.1,4.05,4.3,4.0,4.3,941550,1754550300
2025-08-07 12:36:00,CE,ATM+2,9.77,20077200,24550.0,24446.4,4.25,5.25,4.25,5.2,2232825,1754550360
2025-08-07 12:37:00,CE,ATM+2,9.82,20077200,24550.0,24442.3,5.1,5.15,4.65,4.85,1763550,1754550420
2025-08-07 12:38:00,CE,ATM+2,9.74,20077200,24550.0,24444.4,4.8,5.2,4.8,5.0,1283550,1754550480
2025-08-07 12:39:00,CE,ATM+2,9.79,20143650,24550.0,24445.25,5.05,5.35,5.0,5.1,1504575,1754550540
2025-08-07 12:40:00,CE,ATM+2,9.79,20143650,24550.0,24442.5,5.2,5.3,4.8,5.0,1644825,1754550600
2025-08-07 12:41:00,CE,ATM+2,9.74,20143650,24550.0,24443.7,5.05,5.1,4.6,4.85,1526475,1754550660
2025-08-07 12:42:00,CE,ATM+2,9.73,20273475,24550.0,24440.8,4.85,4.85,4.15,4.4,1554900,1754550720
2025-08-07 12:43:00,CE,ATM+2,9.15,42656325,24500.0,24420.25,8.4,8.85,7.35,7.8,8550600,1754550780
2025-08-07 12:44:00,CE,ATM+2,9.95,20273475,24550.0,24434.9,3.9,4.25,3.9,4.2,1551825,1754550840
2025-08-07 12:45:00,CE,ATM+2,10.18,20241450,24550.0,24429.85,4.25,4.5,4.0,4.0,1852275,1754550900
2025-08-07 12:46:00,CE,ATM+2,10.04,20241450,24550.0,24431.35,3.95,4.15,3.9,3.95,676125,1754550960
2025-08-07 12:47:00,CE,ATM+2,9.95,20241450,24550.0,24431.95,3.95,4.1,3.85,3.9,823350,1754551020
2025-08-07 12:48:00,CE,ATM+2,10.0,20241450,24550.0,24430.85,3.95,4.0,3.8,3.8,436725,1754551080
2025-08-07 12:49:00,CE,ATM+2,10.26,20277450,24550.0,24425.2,3.8,3.8,3.6,3.65,1443075,1754551140
2025-08-07 12:50:00,CE,ATM+2,9.96,20277450,24550.0,24433.2,3.65,4.0,3.65,3.9,1077300,1754551200
2025-08-07 12:51:00,CE,ATM+2,10.05,20277450,24550.0,24429.5,3.9,3.9,3.65,3.7,866550,1754551260
2025-08-07 12:52:00,CE,ATM+2,9.95,20170350,24550.0,24427.85,3.7,3.7,3.4,3.45,1376775,1754551320
2025-08-07 12:53:00,CE,ATM+2,10.1,20170350,24550.0,24427.95,3.5,3.6,3.45,3.6,790725,1754551380
2025-08-07 12:54:00,CE,ATM+2,9.98,20170350,24550.0,24431.85,3.5,3.8,3.5,3.8,768600,1754551440
2025-08-07 12:55:00,CE,ATM+2,9.91,20011950,24550.0,24431.2,3.75,3.75,3.45,3.6,811200,1754551500
2025-08-07 12:56:00,CE,ATM+2,9.96,20011950,24550.0,24427.7,3.55,3.6,3.3,3.45,1055250,1754551560
2025-08-07 12:57:00,CE,ATM+2,9.85,20011950,24550.0,24433.45,3.4,3.75,3.35,3.75,962475,1754551620
2025-08-07 12:58:00,CE,ATM+2,9.96,19899975,24550.0,24436.8,3.75,4.2,3.65,4.2,1530000,1754551680
2025-08-07 12:59:00,CE,ATM+2,9.92,19899975,24550.0,24435.5,4.2,4.3,3.9,4.0,1562400,1754551740
2025-08-07 13:00:00,CE,ATM+2,10.02,19899975,24550.0,24434.65,3.95,4.15,3.7,4.05,766275,1754551800
2025-08-07 13:01:00,CE,ATM+2,10.02,20054025,24550.0,24430.3,4.05,4.1,3.5,3.65,1239075,1754551860
2025-08-07 13:02:00,CE,ATM+2,10.07,20054025,24550.0,24436.3,3.65,4.15,3.6,4.15,782025,1754551920
2025-08-07 13:03:00,CE,ATM+2,9.96,20054025,24550.0,24435.05,4.25,4.25,3.85,4.0,685575,1754551980
2025-08-07 13:04:00,CE,ATM+2,10.07,20089875,24550.0,24434.85,4.0,4.1,3.8,4.1,562500,1754552040
2025-08-07 13:05:00,CE,ATM+2,10.25,20089875,24550.0,24427.5,4.0,4.0,3.65,3.65,881025,1754552100
2025-08-07 13:06:00,CE,ATM+2,8.79,42891300,24500.0,24420.95,7.0,7.1,5.85,6.35,5577075,1754552160
2025-08-07 13:07:00,CE,ATM+2,9.18,42102525,24500.0,24413.85,6.3,6.45,5.75,6.0,5308950,1754552220
2025-08-07 13:08:00,CE,ATM+2,9.31,42102525,24500.0,24411.75,6.0,6.05,5.55,5.9,4223250,1754552280
2025-08-07 13:09:00,CE,ATM+2,9.35,42102525,24500.0,24411.85,5.8,6.05,5.7,5.95,3146400,1754552340
2025-08-07 13:10:00,CE,ATM+2,9.6,40571025,24500.0,24410.5,5.95,6.15,5.9,6.05,3056925,1754552400
2025-08-07 13:11:00,CE,ATM+2,9.9,40571025,24500.0,24403.3,5.8,6.0,5.4,5.45,4945350,1754552460
2025-08-07 13:12:00,CE,ATM+2,9.51,40571025,24500.0,24405.7,5.35,5.5,5.2,5.3,4473675,1754552520
2025-08-07 13:13:00,CE,ATM+2,9.59,39390300,24500.0,24402.7,5.3,5.3,4.75,4.95,4285575,1754552580
2025-08-07 13:14:00,CE,ATM+2,9.36,39390300,24500.0,24403.15,4.9,5.0,4.7,4.9,2601600,1754552640
2025-08-07 13:15:00,CE,ATM+2,9.31,39390300,24500.0,24403.0,4.85,5.0,4.75,4.75,2228850,1754552700
2025-08-07 13:16:00,CE,ATM+2,9.58,39279300,24500.0,24397.4,4.8,4.85,4.3,4.4,4789950,1754552760
2025-08-07 13:17:00,CE,ATM+2,9.77,39279300,24500.0,24389.8,4.4,4.5,3.95,4.0,6508125,1754552820
2025-08-07 13:18:00,CE,ATM+2,9.94,39279300,24500.0,24387.9,4.0,4.05,3.8,3.9,3195300,1754552880
2025-08-07 13:19:00,CE,ATM+2,9.01,37520400,24500.0,24404.45,3.9,4.3,3.85,4.2,4731225,1754552940
2025-08-07 13:20:00,CE,ATM+2,9.6,37520400,24500.0,24391.25,4.1,4.2,3.85,3.85,3477375,1754553000
2025-08-07 13:21:00,CE,ATM+2,10.19,37520400,24500.0,24384.7,3.9,4.2,3.9,4.15,2785650,1754553060
2025-08-07 13:22:00,CE,ATM+2,10.63,36836100,24500.0,24379.6,4.15,4.2,3.9,4.0,3379050,1754553120
2025-08-07 13:23:00,CE,ATM+2,9.42,34777350,24450.0,24370.8,7.45,7.45,6.85,7.25,8112825,1754553180
2025-08-07 13:24:00,CE,ATM+2,9.95,34777350,24450.0,24362.35,7.25,7.35,6.5,6.75,8249325,1754553240
2025-08-07 13:25:00,CE,ATM+2,9.35,31281900,24450.0,24365.45,6.65,6.9,6.15,6.2,6359550,1754553300
2025-08-07 13:26:00,CE,ATM+2,9.47,31281900,24450.0,24367.15,6.25,6.9,6.2,6.6,3871725,1754553360
2025-08-07 13:27:00,CE,ATM+2,9.56,31281900,24450.0,24364.85,6.6,6.65,6.25,6.55,2561250,1754553420
2025-08-07 13:28:00,CE,ATM+2,9.86,31051050,24450.0,24359.85,6.6,6.6,6.2,6.2,2538675,1754553480
2025-08-07 13:29:00,CE,ATM+2,9.51,31051050,24450.0,24358.0,6.15,6.15,5.4,5.5,5347425,1754553540
2025-08-07 13:30:00,CE,ATM+2,9.43,31051050,24450.0,24358.25,5.45,5.65,5.0,5.35,4986675,1754553600
2025-08-07 13:31:00,CE,ATM+2,9.4,29752950,24450.0,24365.3,5.4,6.4,5.25,6.25,5060250,1754553660
2025-08-07 13:32:00,CE,ATM+2,9.61,29752950,24450.0,24359.4,6.35,6.6,5.75,5.75,3243150,1754553720
2025-08-07 13:33:00,CE,ATM+2,9.96,29752950,24450.0,24351.75,5.75,5.75,5.1,5.25,5027250,1754553780
2025-08-07 13:34:00,CE,ATM+2,9.59,29122575,24450.0,24356.85,5.2,5.45,4.55,5.3,5323125,1754553840
2025-08-07 13:35:00,CE,ATM+2,9.81,29122575,24450.0,24353.15,5.25,5.3,4.9,5.2,2775000,1754553900
2025-08-07 13:36:00,CE,ATM+2,10.04,29122575,24450.0,24351.55,5.2,5.45,5.1,5.4,1749075,1754553960
2025-08-07 13:37:00,CE,ATM+2,10.22,28965225,24450.0,24347.9,5.3,5.45,5.25,5.25,1831275,1754554020
2025-08-07 13:38:00,CE,ATM+2,10.13,28965225,24450.0,24347.3,5.2,5.35,4.85,4.95,2490225,1754554080
2025-08-07 13:39:00,CE,ATM+2,9.56,28965225,24450.0,24358.35,5.0,5.5,4.65,5.35,3371175,1754554140
2025-08-07 13:40:00,CE,ATM+2,9.53,28702500,24450.0,24356.9,5.4,5.5,5.15,5.25,2756250,1754554200
2025-08-07 13:41:00,CE,ATM+2,9.44,28702500,24450.0,24360.4,5.15,5.7,5.15,5.6,2730300,1754554260
2025-08-07 13:42:00,CE,ATM+2,9.41,28702500,24450.0,24362.3,5.55,5.7,5.4,5.5,1983600,1754554320
2025-08-07 13:43:00,CE,ATM+2,9.37,29405850,24450.0,24360.8,5.5,5.65,5.0,5.45,2170425,1754554380
2025-08-07 13:44:00,CE,ATM+2,10.48,33107475,24500.0,24385.4,2.85,4.3,2.85,4.2,8104725,1754554440
2025-08-07 13:45:00,CE,ATM+2,10.46,33107475,24500.0,24390.05,4.3,5.3,4.15,4.5,10148925,1754554500
2025-08-07 13:46:00,CE,ATM+2,10.8,32205600,24500.0,24377.65,4.4,4.55,3.65,3.7,5543100,1754554560
2025-08-07 13:47:00,CE,ATM+2,10.97,32205600,24500.0,24376.3,3.6,4.15,3.55,4.0,3059175,1754554620
2025-08-07 13:48:00,CE,ATM+2,9.77,28181400,24450.0,24373.65,8.25,8.35,7.0,8.15,4500900,1754554680
2025-08-07 13:49:00,CE,ATM+2,10.71,31297050,24500.0,24377.05,3.9,4.1,3.75,3.75,2522925,1754554740
2025-08-07 13:50:00,CE,ATM+2,10.62,31297050,24500.0,24378.4,3.7,3.95,3.25,3.6,3277125,1754554800
2025-08-07 13:51:00,CE,ATM+2,9.04,27719400,24450.0,24372.9,7.5,7.55,5.8,6.4,5485725,1754554860
2025-08-07 13:52:00,CE,ATM+2,10.22,31297050,24500.0,24382.85,3.0,3.95,2.95,3.5,3865350,1754554920
2025-08-07 13:53:00,CE,ATM+2,10.33,31297050,24500.0,24380.15,3.45,3.7,2.95,3.2,3025200,1754554980
2025-08-07 13:54:00,CE,ATM+2,10.11,31297050,24500.0,24383.45,3.15,3.45,3.0,3.35,1605675,1754555040
2025-08-07 13:55:00,CE,ATM+2,10.23,31523175,24500.0,24383.0,3.3,3.65,3.1,3.4,2516250,1754555100
2025-08-07 13:56:00,CE,ATM+2,9.86,31523175,24500.0,24382.7,3.35,3.35,2.6,2.95,4049325,1754555160
2025-08-07 13:57:00,CE,ATM+2,9.82,31523175,24500.0,24389.45,2.9,3.75,2.8,3.55,3076350,1754555220
2025-08-07 13:58:00,CE,ATM+2,9.67,32122425,24500.0,24386.75,3.5,3.75,2.85,3.1,3955350,1754555280
2025-08-07 13:59:00,CE,ATM+2,9.27,32122425,24500.0,24388.25,3.15,3.2,2.85,2.9,2185800,1754555340
2025-08-07 14:00:00,CE,ATM+2,9.41,32122425,24500.0,24392.4,2.9,3.55,2.9,3.2,3551100,1754555400
2025-08-07 14:01:00,CE,ATM+2,9.33,32526000,24500.0,24394.6,3.25,3.7,2.95,3.25,3321750,1754555460
2025-08-07 14:02:00,CE,ATM+2,9.69,32526000,24500.0,24401.0,3.3,4.6,3.0,4.4,7243875,1754555520
2025-08-07 14:03:00,CE,ATM+2,9.37,32526000,24500.0,24399.6,4.45,4.45,3.2,3.75,6446550,1754555580
2025-08-07 14:04:00,CE,ATM+2,9.19,32058750,24500.0,24404.9,3.75,4.05,3.45,4.0,4503300,1754555640
2025-08-07 14:05:00,CE,ATM+2,9.5,32058750,24500.0,24416.8,4.0,7.15,4.0,6.3,20650950,1754555700
2025-08-07 14:06:00,CE,ATM+2,9.01,32058750,24500.0,24413.0,6.2,6.85,4.35,4.5,12379725,1754555760
2025-08-07 14:07:00,CE,ATM+2,8.98,31160475,24500.0,24415.8,4.0,5.4,3.65,5.05,10082625,1754555820
2025-08-07 14:08:00,CE,ATM+2,9.03,31160475,24500.0,24416.65,5.2,5.9,4.75,5.35,7374525,1754555880
2025-08-07 14:09:00,CE,ATM+2,8.95,31160475,24500.0,24413.7,5.35,5.35,4.3,4.65,6287850,1754555940
2025-08-07 14:10:00,CE,ATM+2,8.3,32672025,24500.0,24417.4,4.8,5.05,3.85,4.05,6852750,1754556000
2025-08-07 14:11:00,CE,ATM+2,8.59,32672025,24500.0,24422.55,4.1,5.15,3.35,5.05,8279025,1754556060
2025-08-07 14:12:00,CE,ATM+2,9.44,16283325,24550.0,24433.15,2.3,2.95,2.25,2.45,8347125,1754556120
2025-08-07 14:13:00,CE,ATM+2,8.02,34337625,24500.0,24418.9,5.3,5.6,3.55,3.7,10452675,1754556180
2025-08-07 14:14:00,CE,ATM+2,9.46,16348875,24550.0,24427.6,1.75,2.15,1.75,2.0,3258075,1754556240
2025-08-07 14:15:00,CE,ATM+2,8.97,16348875,24550.0,24433.1,2.1,2.25,1.9,1.95,2922825,1754556300
2025-08-07 14:16:00,CE,ATM+2,8.89,16355475,24550.0,24441.2,2.0,2.75,1.95,2.35,6740100,1754556360
2025-08-07 14:17:00,CE,ATM+2,8.75,16355475,24550.0,24449.4,2.4,3.45,2.3,2.9,9483900,1754556420
2025-08-07 14:18:00,CE,ATM+2,9.26,16355475,24550.0,24464.6,3.05,5.8,3.0,5.35,17484675,1754556480
2025-08-07 14:19:00,CE,ATM+2,9.01,15951450,24550.0,24467.3,5.4,5.95,4.35,5.05,11358975,1754556540
2025-08-07 14:20:00,CE,ATM+2,10.96,17964825,24600.0,24478.75,2.45,5.5,2.45,3.85,16977000,1754556600
2025-08-07 14:21:00,CE,ATM+2,10.72,17964825,24600.0,24481.1,4.0,4.25,2.95,4.1,11132025,1754556660
2025-08-07 14:22:00,CE,ATM+2,10.58,18034950,24600.0,24490.65,3.85,7.6,3.45,4.4,20581800,1754556720
2025-08-07 14:23:00,CE,ATM+2,10.55,18034950,24600.0,24485.0,4.5,4.95,3.15,3.7,9447975,1754556780
2025-08-07 14:24:00,CE,ATM+2,9.3,15311850,24550.0,24453.95,7.8,7.8,3.4,3.85,20942100,1754556840
2025-08-07 14:25:00,CE,ATM+2,9.34,17295675,24550.0,24455.0,3.7,4.7,3.35,4.05,12903075,1754556900
2025-08-07 14:26:00,CE,ATM+2,9.11,17295675,24550.0,24454.75,4.15,4.35,2.95,3.5,8578050,1754556960
2025-08-07 14:27:00,CE,ATM+2,8.39,17295675,24550.0,24451.0,3.5,3.5,2.3,2.35,9059325,1754557020
2025-08-07 14:28:00,CE,ATM+2,8.52,17362575,24550.0,24447.55,2.15,2.3,1.75,2.2,10627350,1754557080
2025-08-07 14:29:00,CE,ATM+2,8.38,17362575,24550.0,24469.65,2.2,4.2,2.2,4.1,10598625,1754557140
2025-08-07 14:30:00,CE,ATM+2,8.36,17362575,24550.0,24471.6,4.05,6.8,4.05,4.35,19368000,1754557200
2025-08-07 14:31:00,CE,ATM+2,9.95,19463850,24600.0,24476.15,1.9,2.45,1.4,2.3,7559925,1754557260
2025-08-07 14:32:00,CE,ATM+2,8.34,18213000,24550.0,24469.55,5.15,5.95,4.05,4.1,8686125,1754557320
2025-08-07 14:33:00,CE,ATM+2,9.82,19463850,24600.0,24476.3,1.75,2.2,1.55,2.15,5773200,1754557380
2025-08-07 14:34:00,CE,ATM+2,9.53,19958400,24600.0,24478.5,2.05,2.3,1.9,2.15,5719125,1754557440
2025-08-07 14:35:00,CE,ATM+2,8.2,18974475,24550.0,24470.15,5.2,6.1,3.75,3.85,11616375,1754557500
2025-08-07 14:36:00,CE,ATM+2,9.82,19958400,24600.0,24487.4,1.5,3.45,1.5,3.0,13284225,1754557560
2025-08-07 14:37:00,CE,ATM+2,9.65,20287875,24600.0,24491.5,2.85,3.3,2.55,3.0,8658075,1754557620
2025-08-07 14:38:00,CE,ATM+2,9.58,20287875,24600.0,24499.9,3.15,5.55,2.55,3.75,13165800,1754557680
2025-08-07 14:39:00,CE,ATM+2,9.74,20287875,24600.0,24494.1,4.0,4.65,2.65,3.35,10030050,1754557740
2025-08-07 14:40:00,CE,ATM+2,9.37,20728425,24600.0,24482.9,3.1,3.55,2.05,2.2,8969025,1754557800
2025-08-07 14:41:00,CE,ATM+2,9.52,20728425,24600.0,24491.6,2.2,3.15,1.8,2.9,9767325,1754557860
2025-08-07 14:42:00,CE,ATM+2,9.42,20728425,24600.0,24495.85,2.85,3.6,2.6,3.1,6848775,1754557920
2025-08-07 14:43:00,CE,ATM+2,9.09,21217575,24600.0,24509.75,2.95,4.25,2.95,4.25,9785625,1754557980
2025-08-07 14:44:00,CE,ATM+2,9.08,21217575,24600.0,24515.05,4.9,6.1,3.1,4.6,18729225,1754558040
2025-08-07 14:45:00,CE,ATM+2,8.43,21217575,24600.0,24508.9,4.7,5.2,2.75,3.05,13338675,1754558100
2025-08-07 14:46:00,CE,ATM+2,8.52,22733100,24600.0,24509.55,3.2,3.5,2.4,3.05,9895125,1754558160
2025-08-07 14:47:00,CE,ATM+2,8.93,22733100,24600.0,24511.4,2.9,4.15,2.9,3.85,8653425,1754558220
2025-08-07 14:48:00,CE,ATM+2,8.59,22733100,24600.0,24509.05,3.9,3.9,2.5,3.15,7956600,1754558280
2025-08-07 14:49:00,CE,ATM+2,8.51,23173275,24600.0,24518.95,3.15,4.3,2.8,4.2,8898900,1754558340
2025-08-07 14:50:00,CE,ATM+2,8.77,11487225,24650.0,24535.1,1.55,2.05,1.35,1.75,14877300,1754558400
2025-08-07 14:51:00,CE,ATM+2,8.0,11487225,24650.0,24533.15,1.65,2.0,1.35,1.45,9107550,1754558460
2025-08-07 14:52:00,CE,ATM+2,7.77,11863575,24650.0,24539.2,1.4,1.75,1.4,1.45,7359825,1754558520
2025-08-07 14:53:00,CE,ATM+2,7.35,11863575,24650.0,24532.0,1.45,1.75,1.05,1.05,8823375,1754558580
2025-08-07 14:54:00,CE,ATM+2,7.47,11863575,24650.0,24534.2,1.05,1.35,1.0,1.2,7397325,1754558640
2025-08-07 14:55:00,CE,ATM+2,6.98,27113700,24600.0,24518.65,3.8,4.1,1.6,1.95,27328125,1754558700
2025-08-07 14:56:00,CE,ATM+2,6.95,12226650,24650.0,24533.25,0.75,0.9,0.7,0.85,6731625,1754558760
2025-08-07 14:57:00,CE,ATM+2,6.88,12226650,24650.0,24530.1,0.8,0.85,0.6,0.65,4132575,1754558820
2025-08-07 14:58:00,CE,ATM+2,6.7,12116175,24650.0,24526.15,0.65,0.65,0.45,0.45,3759450,1754558880
2025-08-07 14:59:00,CE,ATM+2,6.43,12116175,24650.0,24537.1,0.45,0.7,0.45,0.7,4018800,1754558940
2025-08-07 15:00:00,CE,ATM+2,5.48,12116175,24650.0,24546.9,0.75,0.75,0.35,0.4,8000400,1754559000
2025-08-07 15:01:00,CE,ATM+2,5.46,12477000,24650.0,24553.05,0.45,0.7,0.4,0.55,9261000,1754559060
2025-08-07 15:02:00,CE,ATM+2,5.31,12477000,24650.0,24558.75,0.45,0.6,0.45,0.6,5104350,1754559120
2025-08-07 15:03:00,CE,ATM+2,5.23,12477000,24650.0,24560.4,0.55,0.6,0.45,0.6,3742725,1754559180
2025-08-07 15:04:00,CE,ATM+2,4.61,13144350,24650.0,24568.2,0.6,0.6,0.45,0.45,3173625,1754559240
2025-08-07 15:05:00,CE,ATM+2,5.94,15003300,24700.0,24587.3,0.35,0.45,0.25,0.4,3381525,1754559300
2025-08-07 15:06:00,CE,ATM+2,5.55,15003300,24700.0,24593.65,0.35,0.4,0.3,0.35,2495850,1754559360
2025-08-07 15:07:00,CE,ATM+2,5.68,14405025,24700.0,24591.95,0.3,0.35,0.3,0.35,1710150,1754559420
2025-08-07 15:08:00,CE,ATM+2,6.02,14405025,24700.0,24577.2,0.3,0.35,0.25,0.25,2077650,1754559480
2025-08-07 15:09:00,CE,ATM+2,5.84,14405025,24700.0,24584.4,0.3,0.3,0.2,0.25,1377975,1754559540
2025-08-07 15:10:00,CE,ATM+2,5.68,14448000,24700.0,24583.95,0.25,0.25,0.2,0.2,1076775,1754559600
2025-08-07 15:11:00,CE,ATM+2,5.25,14448000,24700.0,24593.4,0.25,0.25,0.15,0.2,1979175,1754559660
2025-08-07 15:12:00,CE,ATM+2,5.16,14448000,24700.0,24595.55,0.15,0.25,0.15,0.2,1172175,1754559720
2025-08-07 15:13:00,CE,ATM+2,4.93,13681425,24700.0,24600.8,0.25,0.25,0.2,0.2,532575,1754559780
2025-08-07 15:14:00,CE,ATM+2,5.05,13681425,24700.0,24592.0,0.25,0.25,0.15,0.15,1277100,1754559840
2025-08-07 15:15:00,CE,ATM+2,4.65,13681425,24700.0,24604.95,0.15,0.2,0.15,0.15,1050525,1754559900
2025-08-07 15:16:00,CE,ATM+2,5.0,13716225,24700.0,24601.45,0.15,0.2,0.15,0.2,831525,1754559960
2025-08-07 15:17:00,CE,ATM+2,4.62,13716225,24700.0,24607.2,0.2,0.2,0.15,0.2,673650,1754560020
2025-08-07 15:18:00,CE,ATM+2,4.58,13716225,24700.0,24607.5,0.2,0.2,0.15,0.15,556950,1754560080
2025-08-07 15:19:00,CE,ATM+2,4.79,13277400,24700.0,24604.7,0.15,0.2,0.15,0.2,1025100,1754560140
2025-08-07 15:20:00,CE,ATM+2,4.67,13277400,24700.0,24602.75,0.2,0.2,0.15,0.15,2343000,1754560200
2025-08-07 15:21:00,CE,ATM+2,7.07,13277400,24700.0,24612.15,0.15,0.2,0.1,0.1,976275,1754560260
2025-08-07 15:22:00,CE,ATM+2,5.14,13263600,24700.0,24622.1,0.15,0.15,0.1,0.1,749550,1754560320
2025-08-07 15:23:00,CE,ATM+2,5.87,13263600,24700.0,24624.7,0.15,0.15,0.1,0.15,1136775,1754560380
2025-08-07 15:24:00,CE,ATM+2,5.44,6052800,24750.0,24629.25,0.1,0.1,0.05,0.1,374400,1754560440
2025-08-07 15:25:00,CE,ATM+2,5.41,5908500,24750.0,24630.9,0.05,0.1,0.05,0.05,247125,1754560500
2025-08-07 15:26:00,CE,ATM+2,5.29,5908500,24750.0,24628.95,0.05,0.1,0.05,0.1,234825,1754560560
2025-08-07 15:27:00,CE,ATM+2,5.64,5908500,24750.0,24626.7,0.05,0.1,0.05,0.05,662925,1754560620
2025-08-07 15:28:00,CE,ATM+2,5.8,5211075,24750.0,24625.2,0.05,0.1,0.05,0.05,982125,1754560680
2025-08-07 15:29:00,CE,ATM+2,5.99,5211075,24750.0,24626.65,0.05,0.05,0.05,0.05,115350,1754560740
2025-08-01 09:15:00,PE,ATM+2,13.16,3326025,24800.0,24723.55,200.0,212.9,162.55,192.35,1368525,1754019900
2025-08-01 09:16:00,PE,ATM+2,13.48,3326025,24800.0,24712.8,193.95,201.25,192.6,201.25,969600,1754019960
2025-08-01 09:17:00,PE,ATM+2,13.44,3326025,24800.0,24718.15,201.25,204.0,194.2,198.45,808650,1754020020
2025-08-01 09:18:00,PE,ATM+2,13.17,3700575,24800.0,24722.5,198.1,202.0,192.1,192.55,490350,1754020080
2025-08-01 09:19:00,PE,ATM+2,13.34,979350,24850.0,24726.0,223.05,226.1,217.75,219.35,82050,1754020140
2025-08-01 09:20:00,PE,ATM+2,13.04,979350,24850.0,24731.2,221.4,225.0,213.0,213.25,113775,1754020200
2025-08-01 09:21:00,PE,ATM+2,13.05,948600,24850.0,24726.95,215.5,217.9,211.0,215.6,103875,1754020260
2025-08-01 09:22:00,PE,ATM+2,13.01,948600,24850.0,24725.25,217.65,221.65,214.25,215.75,78675,1754020320
2025-08-01 09:23:00,PE,ATM+2,13.05,3945150,24800.0,24719.0,186.35,192.0,184.2,191.05,349575,1754020380
2025-08-01 09:24:00,PE,ATM+2,13.05,4117800,24800.0,24712.7,191.0,196.15,189.5,195.45,478350,1754020440
2025-08-01 09:25:00,PE,ATM+2,13.3,4117800,24800.0,24698.05,194.35,207.1,194.35,206.85,906000,1754020500
2025-08-01 09:26:00,PE,ATM+2,13.36,4117800,24800.0,24695.05,206.95,214.0,206.5,208.7,1077225,1754020560
2025-08-01 09:27:00,PE,ATM+2,13.19,4139775,24800.0,24685.3,209.05,211.55,208.3,211.4,406875,1754020620
2025-08-01 09:28:00,PE,ATM+2,13.3,4139775,24800.0,24682.7,210.4,218.0,209.5,214.6,704925,1754020680
2025-08-01 09:29:00,PE,ATM+2,13.01,4139775,24800.0,24686.9,213.65,214.5,209.1,209.85,384225,1754020740
2025-08-01 09:30:00,PE,ATM+2,13.07,4005825,24800.0,24680.2,210.35,219.25,210.35,213.5,576075,1754020800
2025-08-01 09:31:00,PE,ATM+2,12.87,4005825,24800.0,24692.55,213.8,218.55,203.6,203.6,554025,1754020860
2025-08-01 09:32:00,PE,ATM+2,13.1,4005825,24800.0,24698.8,203.9,208.8,202.2,203.5,331875,1754020920
2025-08-01 09:33:00,PE,ATM+2,12.63,897900,24850.0,24734.7,234.2,236.15,200.55,205.55,165300,1754020980
2025-08-01 09:34:00,PE,ATM+2,12.65,3993450,24800.0,24713.95,176.5,189.75,175.8,189.7,628725,1754021040
2025-08-01 09:35:00,PE,ATM+2,12.64,3993450,24800.0,24716.25,189.6,191.55,183.35,188.15,377100,1754021100
2025-08-01 09:36:00,PE,ATM+2,12.63,4178325,24800.0,24721.9,187.6,187.75,182.05,185.5,249075,1754021160
2025-08-01 09:37:00,PE,ATM+2,12.77,4178325,24800.0,24709.5,186.5,199.5,186.5,193.55,565050,1754021220
2025-08-01 09:38:00,PE,ATM+2,12.83,4178325,24800.0,24712.3,193.4,196.7,191.55,193.1,204000,1754021280
2025-08-01 09:39:00,PE,ATM+2,12.88,4277100,24800.0,24697.8,193.2,200.3,192.85,200.25,369900,1754021340
2025-08-01 09:40:00,PE,ATM+2,12.73,4277100,24800.0,24714.25,199.2,201.95,190.45,190.45,359550,1754021400
2025-08-01 09:41:00,PE,ATM+2,12.91,4277100,24800.0,24717.75,189.6,192.0,186.85,190.25,332475,1754021460
2025-08-01 09:42:00,PE,ATM+2,12.62,4306275,24800.0,24717.25,188.8,194.05,186.7,187.15,247200,1754021520
2025-08-01 09:43:00,PE,ATM+2,12.74,4306275,24800.0,24722.3,188.2,188.2,183.6,186.1,219675,1754021580
2025-08-01 09:44:00,PE,ATM+2,12.68,4306275,24800.0,24709.0,186.2,194.25,186.0,192.4,227325,1754021640
2025-08-01 09:45:00,PE,ATM+2,12.69,4391700,24800.0,24713.35,192.2,197.75,190.95,191.05,319725,1754021700
2025-08-01 09:46:00,PE,ATM+2,12.85,4391700,24800.0,24704.55,191.8,197.45,191.6,195.6,168150,1754021760
2025-08-01 09:47:00,PE,ATM+2,12.75,4391700,24800.0,24706.0,195.6,201.6,193.95,194.95,312075,1754021820
2025-08-01 09:48:00,PE,ATM+2,12.83,4403175,24800.0,24718.5,196.25,196.5,186.0,189.9,243075,1754021880
2025-08-01 09:49:00,PE,ATM+2,12.83,4403175,24800.0,24711.55,189.2,192.9,185.6,192.9,156450,1754021940
2025-08-01 09:50:00,PE,ATM+2,12.74,4403175,24800.0,24713.1,192.75,193.75,190.15,191.0,112725,1754022000
2025-08-01 09:51:00,PE,ATM+2,12.76,4440525,24800.0,24713.25,190.75,192.2,185.25,191.3,179625,1754022060
2025-08-01 09:52:00,PE,ATM+2,12.8,4440525,24800.0,24713.6,191.7,192.85,190.4,191.2,105675,1754022120
2025-08-01 09:53:00,PE,ATM+2,12.79,4440525,24800.0,24705.35,191.25,197.2,190.0,196.0,248100,1754022180
2025-08-01 09:54:00,PE,ATM+2,12.73,4446825,24800.0,24697.25,195.95,202.0,195.95,198.9,342525,1754022240
2025-08-01 09:55:00,PE,ATM+2,12.94,4446825,24800.0,24697.75,199.05,204.25,196.55,202.0,269400,1754022300
2025-08-01 09:56:00,PE,ATM+2,13.03,4446825,24800.0,24693.1,200.7,205.3,197.2,205.3,252075,1754022360
2025-08-01 09:57:00,PE,ATM+2,12.95,4268175,24800.0,24692.1,204.25,206.65,202.15,205.65,330975,1754022420
2025-08-01 09:58:00,PE,ATM+2,12.87,4268175,24800.0,24689.4,206.4,207.9,202.35,205.95,321750,1754022480
2025-08-01 09:59:00,PE,ATM+2,12.83,4268175,24800.0,24696.9,206.1,207.35,198.45,201.15,284475,1754022540
2025-08-01 10:00:00,PE,ATM+2,12.83,4255350,24800.0,24691.6,201.45,208.5,201.45,203.55,319050,1754022600
2025-08-01 10:01:00,PE,ATM+2,12.74,4255350,24800.0,24705.45,202.7,203.6,194.8,194.8,287325,1754022660
2025-08-01 10:02:00,PE,ATM+2,12.82,4255350,24800.0,24708.6,194.75,198.0,192.2,194.8,314625,1754022720
2025-08-01 10:03:00,PE,ATM+2,12.75,914025,24850.0,24725.7,225.05,227.25,209.4,212.65,88050,1754022780
2025-08-01 10:04:00,PE,ATM+2,12.93,914025,24850.0,24727.0,214.25,216.7,212.0,213.6,64575,1754022840
2025-08-01 10:05:00,PE,ATM+2,12.78,4138875,24800.0,24720.75,184.25,190.4,183.15,187.35,264600,1754022900
2025-08-01 10:06:00,PE,ATM+2,12.71,4200225,24800.0,24719.0,187.7,190.25,186.3,186.85,173175,1754022960
2025-08-01 10:07:00,PE,ATM+2,12.8,4200225,24800.0,24714.25,185.9,191.2,183.55,191.2,186300,1754023020
2025-08-01 10:08:00,PE,ATM+2,12.67,4200225,24800.0,24715.65,190.75,190.75,186.35,188.65,104025,1754023080
2025-08-01 10:09:00,PE,ATM+2,12.87,909975,24850.0,24727.05,218.25,218.25,211.05,212.6,20925,1754023140
2025-08-01 10:10:00,PE,ATM+2,12.71,909975,24850.0,24737.8,214.55,215.95,204.2,204.2,58650,1754023200
2025-08-01 10:11:00,PE,ATM+2,12.83,909975,24850.0,24738.0,203.4,207.6,203.05,205.7,44925,1754023260
2025-08-01 10:12:00,PE,ATM+2,12.72,915825,24850.0,24746.0,206.5,206.6,199.95,200.7,60225,1754023320
2025-08-01 10:13:00,PE,ATM+2,12.8,915825,24850.0,24746.95,201.95,206.0,198.4,200.65,48900,1754023380
2025-08-01 10:14:00,PE,ATM+2,12.77,915825,24850.0,24745.65,199.6,203.45,199.15,200.55,37650,1754023440
2025-08-01 10:15:00,PE,ATM+2,12.8,928800,24850.0,24748.85,200.9,203.0,195.95,199.2,49650,1754023500
2025-08-01 10:16:00,PE,ATM+2,12.92,928800,24850.0,24745.65,198.85,203.7,197.15,203.6,51750,1754023560
2025-08-01 10:17:00,PE,ATM+2,12.75,928800,24850.0,24737.95,202.9,206.45,200.75,205.45,48750,1754023620
2025-08-01 10:18:00,PE,ATM+2,12.72,959250,24850.0,24741.6,205.9,208.3,201.6,202.15,76875,1754023680
2025-08-01 10:19:00,PE,ATM+2,12.8,959250,24850.0,24751.35,202.0,202.0,195.9,197.65,63675,1754023740
2025-08-01 10:20:00,PE,ATM+2,12.77,959250,24850.0,24766.1,198.6,201.15,187.25,190.15,164550,1754023800
2025-08-01 10:21:00,PE,ATM+2,12.69,974625,24850.0,24774.55,189.0,191.15,183.6,184.25,124050,1754023860
2025-08-01 10:22:00,PE,ATM+2,12.9,974625,24850.0,24768.75,183.15,190.85,182.2,190.85,94275,1754023920
2025-08-01 10:23:00,PE,ATM+2,12.82,974625,24850.0,24756.8,191.7,198.5,191.7,195.2,89550,1754023980
2025-08-01 10:24:00,PE,ATM+2,12.97,990000,24850.0,24756.1,194.75,198.0,193.0,197.9,45150,1754024040
2025-08-01 10:25:00,PE,ATM+2,12.83,990000,24850.0,24766.1,198.55,198.55,189.75,190.35,49575,1754024100
2025-08-01 10:26:00,PE,ATM+2,12.9,990000,24850.0,24763.6,190.4,196.05,190.4,193.0,37200,1754024160
2025-08-01 10:27:00,PE,ATM+2,12.9,1000350,24850.0,24766.4,194.4,194.6,190.55,191.2,34275,1754024220
2025-08-01 10:28:00,PE,ATM+2,12.79,1000350,24850.0,24757.35,190.85,198.0,190.85,194.9,63900,1754024280
2025-08-01 10:29:00,PE,ATM+2,12.97,1000350,24850.0,24764.45,195.4,196.75,192.0,193.05,48300,1754024340
2025-08-01 10:30:00,PE,ATM+2,12.96,1006575,24850.0,24758.25,192.95,197.4,189.6,197.25,45900,1754024400
2025-08-01 10:31:00,PE,ATM+2,12.95,1006575,24850.0,24773.0,197.45,197.45,187.8,188.35,40725,1754024460
2025-08-01 10:32:00,PE,ATM+2,13.16,2336775,24900.0,24779.25,219.4,220.45,213.7,215.55,107400,1754024520
2025-08-01 10:33:00,PE,ATM+2,13.07,2372100,24900.0,24780.2,214.25,218.5,213.05,213.05,69150,1754024580
2025-08-01 10:34:00,PE,ATM+2,13.02,2372100,24900.0,24778.1,213.65,216.2,211.0,213.95,68475,1754024640
2025-08-01 10:35:00,PE,ATM+2,13.08,2372100,24900.0,24776.8,214.45,217.9,213.7,215.2,71025,1754024700
2025-08-01 10:36:00,PE,ATM+2,12.87,2382375,24900.0,24779.05,215.1,215.7,211.35,211.7,53925,1754024760
2025-08-01 10:37:00,PE,ATM+2,12.85,2382375,24900.0,24781.65,212.5,213.65,206.5,209.55,73200,1754024820
2025-08-01 10:38:00,PE,ATM+2,13.0,2382375,24900.0,24775.8,210.6,216.2,208.35,215.5,43275,1754024880
2025-08-01 10:39:00,PE,ATM+2,12.67,1069275,24850.0,24771.3,184.85,187.0,183.0,185.65,72525,1754024940
2025-08-01 10:40:00,PE,ATM+2,12.67,1069275,24850.0,24774.2,185.15,185.6,182.25,184.1,54900,1754025000
2025-08-01 10:41:00,PE,ATM+2,12.65,1069275,24850.0,24768.35,185.0,188.85,184.75,187.65,89175,1754025060
2025-08-01 10:42:00,PE,ATM+2,12.78,1101975,24850.0,24758.25,187.6,194.15,186.1,193.8,126525,1754025120
2025-08-01 10:43:00,PE,ATM+2,12.69,1101975,24850.0,24761.8,193.5,193.5,189.9,190.95,67800,1754025180
2025-08-01 10:44:00,PE,ATM+2,12.55,1101975,24850.0,24769.45,190.0,190.0,184.3,184.6,63150,1754025240
2025-08-01 10:45:00,PE,ATM+2,12.67,1099500,24850.0,24768.85,184.6,188.0,183.2,187.05,45375,1754025300
2025-08-01 10:46:00,PE,ATM+2,12.63,1099500,24850.0,24757.8,188.8,195.1,188.5,192.1,144000,1754025360
2025-08-01 10:47:00,PE,ATM+2,12.53,1099500,24850.0,24769.75,192.0,194.15,184.4,184.7,78450,1754025420
2025-08-01 10:48:00,PE,ATM+2,12.79,1095225,24850.0,24758.35,185.25,194.95,184.7,193.7,91725,1754025480
2025-08-01 10:49:00,PE,ATM+2,12.74,1095225,24850.0,24757.65,193.8,194.25,191.95,193.55,95475,1754025540
2025-08-01 10:50:00,PE,ATM+2,12.75,1095225,24850.0,24742.25,192.65,203.35,192.0,201.65,253350,1754025600
2025-08-01 10:51:00,PE,ATM+2,12.61,1144275,24850.0,24747.05,202.7,207.3,196.75,197.55,245700,1754025660
2025-08-01 10:52:00,PE,ATM+2,12.64,1144275,24850.0,24749.2,197.9,197.9,193.35,197.5,79425,1754025720
2025-08-01 10:53:00,PE,ATM+2,12.58,1144275,24850.0,24750.2,197.25,197.25,190.9,195.95,75000,1754025780
2025-08-01 10:54:00,PE,ATM+2,12.76,1138050,24850.0,24739.85,197.35,203.45,197.0,203.45,84525,1754025840
2025-08-01 10:55:00,PE,ATM+2,12.61,1138050,24850.0,24740.6,202.4,205.55,199.6,201.45,134475,1754025900
2025-08-01 10:56:00,PE,ATM+2,12.52,1138050,24850.0,24740.8,200.95,203.0,199.2,199.8,63825,1754025960
2025-08-01 10:57:00,PE,ATM+2,12.55,1180275,24850.0,24744.95,200.0,201.65,196.45,198.5,49425,1754026020
2025-08-01 10:58:00,PE,ATM+2,12.53,1180275,24850.0,24741.4,197.65,204.4,197.65,199.95,66825,1754026080
2025-08-01 10:59:00,PE,ATM+2,12.47,1180275,24850.0,24743.4,200.0,203.3,197.3,197.8,28950,1754026140
2025-08-01 11:00:00,PE,ATM+2,12.54,1169700,24850.0,24751.8,196.4,198.0,191.9,193.95,103500,1754026200
2025-08-01 11:01:00,PE,ATM+2,12.5,1169700,24850.0,24759.85,196.25,196.25,188.6,188.8,112200,1754026260
2025-08-01 11:02:00,PE,ATM+2,12.64,1169700,24850.0,24767.0,188.1,189.1,181.3,187.4,183675,1754026320
2025-08-01 11:03:00,PE,ATM+2,12.46,1129350,24850.0,24767.2,186.85,187.0,183.5,185.15,61350,1754026380
2025-08-01 11:04:00,PE,ATM+2,12.43,1129350,24850.0,24767.25,185.5,185.55,181.2,185.0,57750,1754026440
2025-08-01 11:05:00,PE,ATM+2,12.45,1129350,24850.0,24761.2,183.75,188.5,183.0,188.0,105300,1754026500
2025-08-01 11:06:00,PE,ATM+2,12.38,1150575,24850.0,24756.85,188.35,194.25,188.35,189.85,94950,1754026560
2025-08-01 11:07:00,PE,ATM+2,12.45,1150575,24850.0,24748.2,189.95,196.45,189.8,195.95,61050,1754026620
2025-08-01 11:08:00,PE,ATM+2,12.59,5624700,24800.0,24722.65,168.35,183.75,166.75,183.75,1254600,1754026680
2025-08-01 11:09:00,PE,ATM+2,12.53,5652150,24800.0,24721.35,183.6,185.8,180.8,182.8,1357575,1754026740
2025-08-01 11:10:00,PE,ATM+2,12.62,5652150,24800.0,24719.75,182.9,189.9,180.95,185.65,1009350,1754026800
2025-08-01 11:11:00,PE,ATM+2,12.61,5652150,24800.0,24723.0,186.0,186.25,178.9,183.3,632250,1754026860
2025-08-01 11:12:00,PE,ATM+2,12.54,5596125,24800.0,24723.2,183.1,186.7,181.4,183.1,383625,1754026920
2025-08-01 11:13:00,PE,ATM+2,12.61,5596125,24800.0,24710.4,184.0,192.7,183.75,189.8,718350,1754026980
2025-08-01 11:14:00,PE,ATM+2,12.8,5596125,24800.0,24710.25,189.45,194.9,189.45,192.45,600450,1754027040
2025-08-01 11:15:00,PE,ATM+2,12.67,5477325,24800.0,24706.35,191.45,194.05,189.35,192.45,400125,1754027100
2025-08-01 11:16:00,PE,ATM+2,12.42,5477325,24800.0,24717.95,192.95,192.95,183.8,183.8,413025,1754027160
2025-08-01 11:17:00,PE,ATM+2,12.64,5477325,24800.0,24713.1,184.1,191.4,184.1,189.35,362850,1754027220
2025-08-01 11:18:00,PE,ATM+2,11.95,4246425,24750.0,24672.15,160.65,175.8,160.65,175.8,1555500,1754027280
2025-08-01 11:19:00,PE,ATM+2,12.46,5162850,24800.0,24689.25,201.9,202.85,198.0,199.6,557775,1754027340
2025-08-01 11:20:00,PE,ATM+2,12.35,5162850,24800.0,24691.8,199.05,201.4,196.7,196.7,283500,1754027400
2025-08-01 11:21:00,PE,ATM+2,12.38,4826475,24800.0,24695.75,197.25,199.55,194.35,195.5,289125,1754027460
2025-08-01 11:22:00,PE,ATM+2,12.46,4826475,24800.0,24701.9,195.6,195.6,188.3,193.5,383550,1754027520
2025-08-01 11:23:00,PE,ATM+2,12.54,4826475,24800.0,24700.7,194.35,195.55,192.7,194.7,188700,1754027580
2025-08-01 11:24:00,PE,ATM+2,12.52,4714425,24800.0,24701.1,194.4,196.0,188.6,194.0,255525,1754027640
2025-08-01 11:25:00,PE,ATM+2,12.41,4714425,24800.0,24704.5,191.8,194.35,188.4,192.05,171000,1754027700
2025-08-01 11:26:00,PE,ATM+2,12.43,4714425,24800.0,24698.25,192.25,197.1,191.55,193.9,207300,1754027760
2025-08-01 11:27:00,PE,ATM+2,12.46,4771725,24800.0,24696.25,193.1,198.9,193.05,195.6,208275,1754027820
2025-08-01 11:28:00,PE,ATM+2,12.62,4771725,24800.0,24690.45,195.5,201.2,195.5,201.15,329625,1754027880
2025-08-01 11:29:00,PE,ATM+2,12.27,4771725,24800.0,24692.7,200.0,200.7,194.0,195.25,227625,1754027940
2025-08-01 11:30:00,PE,ATM+2,12.31,4789800,24800.0,24681.6,196.15,204.35,195.8,201.9,275100,1754028000
2025-08-01 11:31:00,PE,ATM+2,12.42,4789800,24800.0,24689.0,201.3,203.7,198.5,199.1,244950,1754028060
2025-08-01 11:32:00,PE,ATM+2,12.69,4789800,24800.0,24679.3,199.25,208.7,199.25,208.7,384300,1754028120
2025-08-01 11:33:00,PE,ATM+2,12.68,4742850,24800.0,24680.95,207.6,207.9,202.45,206.95,261000,1754028180
2025-08-01 11:34:00,PE,ATM+2,12.67,4742850,24800.0,24682.15,205.85,207.3,202.65,206.2,176850,1754028240
2025-08-01 11:35:00,PE,ATM+2,12.59,4742850,24800.0,24678.9,204.9,211.0,203.95,207.0,393525,1754028300
2025-08-01 11:36:00,PE,ATM+2,12.61,4679100,24800.0,24677.05,206.35,209.9,202.05,209.35,310350,1754028360
2025-08-01 11:37:00,PE,ATM+2,12.55,4679100,24800.0,24683.1,208.4,209.55,203.2,204.3,205500,1754028420
2025-08-01 11:38:00,PE,ATM+2,12.7,4679100,24800.0,24678.15,203.4,210.45,201.4,209.45,262425,1754028480
2025-08-01 11:39:00,PE,ATM+2,12.61,3542250,24750.0,24669.45,179.25,186.35,177.0,184.8,623700,1754028540
2025-08-01 11:40:00,PE,ATM+2,12.77,3542250,24750.0,24672.95,183.0,186.9,180.9,185.4,455625,1754028600
2025-08-01 11:41:00,PE,ATM+2,13.04,3542250,24750.0,24667.7,183.25,194.1,182.95,191.5,585300,1754028660
2025-08-01 11:42:00,PE,ATM+2,13.03,3298650,24750.0,24666.7,191.6,199.0,189.2,192.2,585300,1754028720
2025-08-01 11:43:00,PE,ATM+2,12.83,3298650,24750.0,24664.05,191.4,191.45,186.6,190.4,354975,1754028780
2025-08-01 11:44:00,PE,ATM+2,13.0,3298650,24750.0,24646.85,190.35,205.6,190.0,201.9,927225,1754028840
2025-08-01 11:45:00,PE,ATM+2,12.88,3030450,24750.0,24654.35,199.65,200.0,189.6,197.35,507000,1754028900
2025-08-01 11:46:00,PE,ATM+2,12.7,3030450,24750.0,24658.75,198.35,198.35,190.8,191.55,215625,1754028960
2025-08-01 11:47:00,PE,ATM+2,12.88,3030450,24750.0,24658.2,191.6,195.0,189.0,194.3,189750,1754029020
2025-08-01 11:48:00,PE,ATM+2,12.73,3048675,24750.0,24659.9,193.45,194.0,189.45,191.35,155400,1754029080
2025-08-01 11:49:00,PE,ATM+2,12.63,3048675,24750.0,24666.95,191.2,191.8,183.6,186.4,290925,1754029140
2025-08-01 11:50:00,PE,ATM+2,12.74,3048675,24750.0,24662.6,186.3,191.15,186.3,189.8,188700,1754029200
2025-08-01 11:51:00,PE,ATM+2,12.63,2991150,24750.0,24669.0,190.1,192.45,185.1,185.7,166050,1754029260
2025-08-01 11:52:00,PE,ATM+2,12.8,2991150,24750.0,24672.4,186.2,187.65,181.6,185.6,223725,1754029320
2025-08-01 11:53:00,PE,ATM+2,12.7,2991150,24750.0,24674.9,185.1,187.1,181.2,182.7,121350,1754029380
2025-08-01 11:54:00,PE,ATM+2,12.68,2965725,24750.0,24665.55,182.8,188.75,182.25,187.7,154500,1754029440
2025-08-01 11:55:00,PE,ATM+2,12.82,2965725,24750.0,24662.65,188.6,191.95,187.1,191.2,198975,1754029500
2025-08-01 11:56:00,PE,ATM+2,12.8,2965725,24750.0,24657.85,190.8,194.4,188.35,193.7,215250,1754029560
2025-08-01 11:57:00,PE,ATM+2,12.86,2981475,24750.0,24656.65,193.2,196.2,192.9,194.9,198900,1754029620
2025-08-01 11:58:00,PE,ATM+2,12.8,2981475,24750.0,24667.2,194.95,194.95,184.95,189.0,228825,1754029680
2025-08-01 11:59:00,PE,ATM+2,12.86,2981475,24750.0,24659.4,189.4,193.55,185.85,193.25,147375,1754029740
2025-08-01 12:00:00,PE,ATM+2,12.83,2961150,24750.0,24657.05,191.85,194.85,189.7,194.3,135450,1754029800
2025-08-01 12:01:00,PE,ATM+2,13.02,2961150,24750.0,24654.45,194.45,198.5,194.05,198.2,277350,1754029860
2025-08-01 12:02:00,PE,ATM+2,12.93,2961150,24750.0,24648.6,198.35,202.2,197.35,200.3,390675,1754029920
2025-08-01 12:03:00,PE,ATM+2,13.05,2937750,24750.0,24650.6,200.1,203.5,198.05,200.45,342450,1754029980
2025-08-01 12:04:00,PE,ATM+2,13.13,2937750,24750.0,24650.7,200.0,203.1,192.6,201.25,316725,1754030040
2025-08-01 12:05:00,PE,ATM+2,13.17,2937750,24750.0,24652.5,200.9,202.5,199.0,200.7,138675,1754030100
2025-08-01 12:06:00,PE,ATM+2,13.05,2894700,24750.0,24660.05,199.45,200.35,194.4,194.8,142125,1754030160
2025-08-01 12:07:00,PE,ATM+2,12.87,2894700,24750.0,24663.6,193.9,193.9,188.15,192.05,259800,1754030220
2025-08-01 12:08:00,PE,ATM+2,12.96,2894700,24750.0,24663.45,191.85,194.35,191.6,191.6,83025,1754030280
2025-08-01 12:09:00,PE,ATM+2,12.83,2824200,24750.0,24670.6,192.15,192.8,186.6,186.9,137250,1754030340
2025-08-01 12:10:00,PE,ATM+2,12.91,2824200,24750.0,24666.55,188.7,194.3,188.7,190.3,209775,1754030400
2025-08-01 12:11:00,PE,ATM+2,12.98,2824200,24750.0,24665.15,189.75,193.45,189.75,191.8,60150,1754030460
2025-08-01 12:12:00,PE,ATM+2,12.95,2826975,24750.0,24659.2,191.8,199.05,191.8,194.25,224175,1754030520
2025-08-01 12:13:00,PE,ATM+2,13.01,2826975,24750.0,24660.45,194.2,194.6,191.3,194.25,92100,1754030580
2025-08-01 12:14:00,PE,ATM+2,13.04,2826975,24750.0,24654.05,194.5,199.55,192.05,199.0,155250,1754030640
2025-08-01 12:15:00,PE,ATM+2,13.03,2809125,24750.0,24658.55,199.0,202.5,194.45,195.75,321150,1754030700
2025-08-01 12:16:00,PE,ATM+2,13.03,2809125,24750.0,24653.15,195.3,199.2,195.05,198.7,56250,1754030760
2025-08-01 12:17:00,PE,ATM+2,12.97,2809125,24750.0,24654.55,198.4,199.45,195.85,196.9,153075,1754030820
2025-08-01 12:18:00,PE,ATM+2,12.79,2833800,24750.0,24652.9,197.1,202.05,195.65,195.8,146400,1754030880
2025-08-01 12:19:00,PE,ATM+2,13.04,2833800,24750.0,24653.6,197.05,203.45,196.3,198.2,230550,1754030940
2025-08-01 12:20:00,PE,ATM+2,12.92,2833800,24750.0,24658.95,195.7,199.0,193.25,194.55,187350,1754031000
2025-08-01 12:21:00,PE,ATM+2,12.91,2750550,24750.0,24662.85,194.2,195.75,190.4,191.95,156825,1754031060
2025-08-01 12:22:00,PE,ATM+2,12.86,2750550,24750.0,24669.65,191.9,191.9,186.9,187.8,165525,1754031120
2025-08-01 12:23:00,PE,ATM+2,12.77,2750550,24750.0,24671.95,189.05,193.0,184.7,184.9,132525,1754031180
2025-08-01 12:24:00,PE,ATM+2,12.76,2719950,24750.0,24674.35,184.5,185.0,182.0,183.95,228900,1754031240
2025-08-01 12:25:00,PE,ATM+2,12.76,2719950,24750.0,24672.7,184.5,189.5,183.75,184.5,185100,1754031300
2025-08-01 12:26:00,PE,ATM+2,12.87,2719950,24750.0,24668.45,184.95,189.75,184.6,189.05,70800,1754031360
2025-08-01 12:27:00,PE,ATM+2,12.76,2727525,24750.0,24665.25,189.85,191.85,188.3,188.5,107775,1754031420
2025-08-01 12:28:00,PE,ATM+2,12.88,2727525,24750.0,24662.5,188.65,192.5,186.5,192.05,90750,1754031480
2025-08-01 12:29:00,PE,ATM+2,12.95,2727525,24750.0,24664.75,191.45,193.0,189.4,191.6,127125,1754031540
2025-08-01 12:30:00,PE,ATM+2,12.83,2769000,24750.0,24670.25,191.55,193.6,185.8,187.05,111825,1754031600
2025-08-01 12:31:00,PE,ATM+2,12.7,3708150,24800.0,24692.2,217.9,219.1,193.6,200.8,497625,1754031660
2025-08-01 12:32:00,PE,ATM+2,12.74,3708150,24800.0,24685.65,201.05,206.5,200.15,205.05,180975,1754031720
2025-08-01 12:33:00,PE,ATM+2,12.76,2653350,24750.0,24673.65,174.9,186.1,174.9,184.1,267900,1754031780
2025-08-01 12:34:00,PE,ATM+2,13.17,2653350,24750.0,24660.4,184.45,197.65,184.0,197.1,310575,1754031840
2025-08-01 12:35:00,PE,ATM+2,13.16,2653350,24750.0,24645.35,197.25,211.0,197.25,204.1,735750,1754031900
2025-08-01 12:36:00,PE,ATM+2,13.0,2702475,24750.0,24648.85,202.5,203.6,197.85,200.65,271950,1754031960
2025-08-01 12:37:00,PE,ATM+2,12.98,2702475,24750.0,24657.25,200.9,200.9,191.4,195.2,228300,1754032020
2025-08-01 12:38:00,PE,ATM+2,13.08,2702475,24750.0,24654.3,194.7,198.95,194.7,198.5,99150,1754032080
2025-08-01 12:39:00,PE,ATM+2,13.22,2771400,24750.0,24646.25,198.45,205.45,196.5,205.25,196125,1754032140
2025-08-01 12:40:00,PE,ATM+2,13.43,2771400,24750.0,24638.4,205.75,214.0,204.8,211.75,577275,1754032200
2025-08-01 12:41:00,PE,ATM+2,12.98,2771400,24750.0,24647.45,211.25,215.75,201.5,201.75,353550,1754032260
2025-08-01 12:42:00,PE,ATM+2,13.03,2633100,24750.0,24642.4,207.2,210.45,203.25,204.35,217425,1754032320
2025-08-01 12:43:00,PE,ATM+2,12.54,7173375,24700.0,24613.25,177.1,190.0,177.1,185.45,1617975,1754032380
2025-08-01 12:44:00,PE,ATM+2,12.92,2633100,24750.0,24635.45,212.75,212.75,204.4,206.9,243600,1754032440
2025-08-01 12:45:00,PE,ATM+2,12.87,2495100,24750.0,24634.3,206.35,209.5,204.15,206.4,166950,1754032500
2025-08-01 12:46:00,PE,ATM+2,12.9,2495100,24750.0,24635.95,206.35,209.7,206.0,206.1,175650,1754032560
2025-08-01 12:47:00,PE,ATM+2,12.77,2495100,24750.0,24648.3,200.45,203.7,197.0,198.1,221250,1754032620
2025-08-01 12:48:00,PE,ATM+2,12.87,2402175,24750.0,24645.1,198.6,202.9,198.45,201.1,89325,1754032680
2025-08-01 12:49:00,PE,ATM+2,13.17,2402175,24750.0,24642.0,200.95,207.2,200.45,207.1,185400,1754032740
2025-08-01 12:50:00,PE,ATM+2,13.11,2402175,24750.0,24640.45,207.5,209.6,201.8,207.25,140625,1754032800
2025-08-01 12:51:00,PE,ATM+2,12.71,2436375,24750.0,24643.75,208.05,208.6,198.6,198.6,126375,1754032860
2025-08-01 12:52:00,PE,ATM+2,12.9,2436375,24750.0,24644.2,199.2,204.15,198.2,202.0,94200,1754032920
2025-08-01 12:53:00,PE,ATM+2,12.83,2436375,24750.0,24645.55,202.2,204.1,199.65,200.85,57600,1754032980
2025-08-01 12:54:00,PE,ATM+2,12.97,2453025,24750.0,24649.9,200.6,203.0,197.35,199.6,80025,1754033040
2025-08-01 12:55:00,PE,ATM+2,12.95,2453025,24750.0,24652.7,200.7,201.75,198.0,198.0,62400,1754033100
2025-08-01 12:56:00,PE,ATM+2,12.98,2453025,24750.0,24648.85,198.1,202.3,195.4,200.75,210075,1754033160
2025-08-01 12:57:00,PE,ATM+2,12.91,2359650,24750.0,24652.3,199.8,201.0,196.9,197.9,77250,1754033220
2025-08-01 12:58:00,PE,ATM+2,12.88,2359650,24750.0,24647.15,197.8,204.2,197.8,199.7,80025,1754033280
2025-08-01 12:59:00,PE,ATM+2,13.23,2359650,24750.0,24644.8,200.45,206.0,200.0,205.2,72375,1754033340
2025-08-01 13:00:00,PE,ATM+2,13.05,2359650,24750.0,24643.0,206.5,206.5,201.75,204.75,72900,1754033400
2025-08-01 13:01:00,PE,ATM+2,12.87,2339025,24750.0,24644.15,204.2,206.9,201.6,201.6,141900,1754033460
2025-08-01 13:02:00,PE,ATM+2,13.01,2339025,24750.0,24641.4,202.05,205.35,200.2,204.75,170550,1754033520
2025-08-01 13:03:00,PE,ATM+2,12.92,2339025,24750.0,24640.8,205.15,208.6,203.55,203.85,92400,1754033580
2025-08-01 13:04:00,PE,ATM+2,13.15,2361375,24750.0,24639.4,204.05,212.15,204.05,207.65,147750,1754033640
2025-08-01 13:05:00,PE,ATM+2,12.95,2361375,24750.0,24652.45,207.1,207.7,196.85,198.0,154425,1754033700
2025-08-01 13:06:00,PE,ATM+2,12.95,2361375,24750.0,24659.4,198.65,201.1,191.95,193.55,259650,1754033760
2025-08-01 13:07:00,PE,ATM+2,12.9,2250825,24750.0,24661.75,194.05,194.25,188.65,191.9,186000,1754033820
2025-08-01 13:08:00,PE,ATM+2,12.86,2250825,24750.0,24661.25,192.95,193.8,190.55,192.0,63150,1754033880
2025-08-01 13:09:00,PE,ATM+2,13.01,2250825,24750.0,24652.7,193.4,198.9,193.4,197.85,191325,1754033940
2025-08-01 13:10:00,PE,ATM+2,12.97,2295075,24750.0,24646.25,197.6,202.65,197.0,200.95,124350,1754034000
2025-08-01 13:11:00,PE,ATM+2,12.86,2295075,24750.0,24647.2,199.6,201.7,197.6,199.55,72675,1754034060
2025-08-01 13:12:00,PE,ATM+2,12.85,2295075,24750.0,24657.75,199.85,200.95,192.55,193.8,87750,1754034120
2025-08-01 13:13:00,PE,ATM+2,13.0,2316300,24750.0,24661.95,193.9,196.1,191.0,193.3,77025,1754034180
2025-08-01 13:14:00,PE,ATM+2,13.03,2316300,24750.0,24655.4,192.7,197.5,192.7,197.05,47475,1754034240
2025-08-01 13:15:00,PE,ATM+2,13.12,2316300,24750.0,24655.15,196.8,198.7,195.1,198.4,53100,1754034300
2025-08-01 13:16:00,PE,ATM+2,13.08,2308350,24750.0,24655.85,198.15,200.9,197.15,197.2,73425,1754034360
2025-08-01 13:17:00,PE,ATM+2,12.8,2308350,24750.0,24659.5,197.2,198.8,192.0,192.6,142125,1754034420
2025-08-01 13:18:00,PE,ATM+2,13.1,2308350,24750.0,24649.95,195.1,201.4,194.85,200.7,59175,1754034480
2025-08-01 13:19:00,PE,ATM+2,13.11,2294925,24750.0,24651.35,200.95,201.0,198.25,200.7,132075,1754034540
2025-08-01 13:20:00,PE,ATM+2,13.0,2294925,24750.0,24649.9,201.15,201.8,196.6,200.0,48225,1754034600
2025-08-01 13:21:00,PE,ATM+2,12.8,2294925,24750.0,24654.15,199.5,202.75,194.85,194.85,107100,1754034660
2025-08-01 13:22:00,PE,ATM+2,12.91,2313600,24750.0,24658.95,194.95,197.95,193.25,193.85,55125,1754034720
2025-08-01 13:23:00,PE,ATM+2,13.03,2313600,24750.0,24664.1,194.1,196.45,191.8,192.8,86025,1754034780
2025-08-01 13:24:00,PE,ATM+2,13.08,2313600,24750.0,24661.6,192.8,195.55,192.0,194.35,40050,1754034840
2025-08-01 13:25:00,PE,ATM+2,13.36,3373050,24800.0,24676.0,225.1,229.1,215.75,217.65,179400,1754034900
2025-08-01 13:26:00,PE,ATM+2,13.4,3373050,24800.0,24682.75,216.85,216.85,211.05,214.35,173400,1754034960
2025-08-01 13:27:00,PE,ATM+2,13.32,3373050,24800.0,24681.55,214.15,215.0,211.9,214.25,84150,1754035020
2025-08-01 13:28:00,PE,ATM+2,13.35,3347325,24800.0,24683.25,213.45,214.5,211.85,214.05,64800,1754035080
2025-08-01 13:29:00,PE,ATM+2,13.21,3347325,24800.0,24683.75,214.5,217.0,211.9,211.9,83400,1754035140
2025-08-01 13:30:00,PE,ATM+2,13.38,3347325,24800.0,24677.6,211.7,218.25,211.7,217.0,102675,1754035200
2025-08-01 13:31:00,PE,ATM+2,13.19,3363225,24800.0,24689.2,216.5,216.5,205.25,207.8,189225,1754035260
2025-08-01 13:32:00,PE,ATM+2,13.08,3363225,24800.0,24689.55,207.8,208.0,203.15,206.05,142500,1754035320
2025-08-01 13:33:00,PE,ATM+2,13.15,3363225,24800.0,24681.55,206.55,214.3,206.55,211.6,155175,1754035380
2025-08-01 13:34:00,PE,ATM+2,13.04,2244525,24750.0,24671.5,181.1,188.8,180.95,187.9,139125,1754035440
2025-08-01 13:35:00,PE,ATM+2,13.17,2244525,24750.0,24666.85,187.05,192.35,187.05,192.0,353100,1754035500
2025-08-01 13:36:00,PE,ATM+2,13.11,2244525,24750.0,24663.45,192.1,193.4,188.3,193.4,137550,1754035560
2025-08-01 13:37:00,PE,ATM+2,13.05,2347500,24750.0,24659.4,192.8,198.7,192.8,194.55,201975,1754035620
2025-08-01 13:38:00,PE,ATM+2,12.19,7030275,24700.0,24618.2,166.35,182.25,166.35,179.7,1913325,1754035680
2025-08-01 13:39:00,PE,ATM+2,13.32,2347500,24750.0,24636.25,207.1,210.55,203.2,210.05,218700,1754035740
2025-08-01 13:40:00,PE,ATM+2,13.33,2275575,24750.0,24643.3,207.35,208.65,204.45,207.6,153900,1754035800
2025-08-01 13:41:00,PE,ATM+2,12.9,2275575,24750.0,24646.35,207.0,209.25,199.8,199.8,124950,1754035860
2025-08-01 13:42:00,PE,ATM+2,12.96,2275575,24750.0,24654.95,198.9,202.25,194.95,196.35,164100,1754035920
2025-08-01 13:43:00,PE,ATM+2,12.86,2263650,24750.0,24656.65,196.8,197.4,192.1,193.8,195825,1754035980
2025-08-01 13:44:00,PE,ATM+2,12.88,2263650,24750.0,24668.6,193.0,193.0,184.1,187.9,206475,1754036040
2025-08-01 13:45:00,PE,ATM+2,12.82,2263650,24750.0,24668.1,187.05,188.85,185.9,187.0,88575,1754036100
2025-08-01 13:46:00,PE,ATM+2,12.78,2225400,24750.0,24668.45,187.4,189.35,184.55,186.1,170100,1754036160
2025-08-01 13:47:00,PE,ATM+2,12.85,2225400,24750.0,24664.7,186.45,191.15,185.7,189.2,95625,1754036220
2025-08-01 13:48:00,PE,ATM+2,12.88,2225400,24750.0,24667.95,189.6,190.0,184.15,188.3,120600,1754036280
2025-08-01 13:49:00,PE,ATM+2,12.83,2284875,24750.0,24665.5,188.5,190.6,187.5,189.4,71550,1754036340
2025-08-01 13:50:00,PE,ATM+2,12.92,2284875,24750.0,24659.9,189.45,193.5,188.95,193.45,128550,1754036400
2025-08-01 13:51:00,PE,ATM+2,12.82,2284875,24750.0,24658.45,192.4,195.35,190.35,192.35,137250,1754036460
2025-08-01 13:52:00,PE,ATM+2,12.75,2325525,24750.0,24664.25,192.0,194.15,187.9,188.65,113100,1754036520
2025-08-01 13:53:00,PE,ATM+2,12.83,2325525,24750.0,24659.65,189.05,193.0,189.05,192.8,60225,1754036580
2025-08-01 13:54:00,PE,ATM+2,12.96,2325525,24750.0,24658.65,193.1,193.85,191.65,192.9,80700,1754036640
2025-08-01 13:55:00,PE,ATM+2,12.98,2324475,24750.0,24656.9,189.4,195.7,186.3,195.7,138675,1754036700
2025-08-01 13:56:00,PE,ATM+2,12.98,2324475,24750.0,24653.05,194.6,197.95,194.3,197.9,148350,1754036760
2025-08-01 13:57:00,PE,ATM+2,13.03,2324475,24750.0,24653.15,197.8,199.15,196.0,198.5,132375,1754036820
2025-08-01 13:58:00,PE,ATM+2,13.07,2314725,24750.0,24653.25,198.5,201.6,197.5,198.8,120975,1754036880
2025-08-01 13:59:00,PE,ATM+2,13.05,2314725,24750.0,24643.85,199.1,210.95,198.75,203.2,312300,1754036940
2025-08-01 14:00:00,PE,ATM+2,13.16,2314725,24750.0,24650.75,203.5,203.5,198.15,201.0,136650,1754037000
2025-08-01 14:01:00,PE,ATM+2,13.08,2274750,24750.0,24649.4,201.2,202.85,199.25,201.3,129825,1754037060
2025-08-01 14:02:00,PE,ATM+2,13.08,2274750,24750.0,24640.65,200.5,206.95,200.4,205.15,92925,1754037120
2025-08-01 14:03:00,PE,ATM+2,13.25,2274750,24750.0,24640.45,205.0,208.2,205.0,207.5,161775,1754037180
2025-08-01 14:04:00,PE,ATM+2,13.08,2256000,24750.0,24644.6,207.95,209.1,202.2,203.1,115200,1754037240
2025-08-01 14:05:00,PE,ATM+2,13.05,2256000,24750.0,24646.25,202.5,203.1,200.0,202.35,85950,1754037300
2025-08-01 14:06:00,PE,ATM+2,13.03,2256000,24750.0,24649.5,202.45,205.65,198.1,200.0,134550,1754037360
2025-08-01 14:07:00,PE,ATM+2,13.03,2240100,24750.0,24643.0,200.1,206.9,199.15,203.6,95625,1754037420
2025-08-01 14:08:00,PE,ATM+2,13.11,2240100,24750.0,24642.8,204.5,207.15,201.5,204.65,67275,1754037480
2025-08-01 14:09:00,PE,ATM+2,13.15,2240100,24750.0,24644.75,205.0,206.0,202.05,203.65,59250,1754037540
2025-08-01 14:10:00,PE,ATM+2,12.98,2237400,24750.0,24646.9,204.3,206.3,199.55,200.55,68775,1754037600
2025-08-01 14:11:00,PE,ATM+2,12.79,2237400,24750.0,24661.0,200.65,200.65,190.3,190.95,245325,1754037660
2025-08-01 14:12:00,PE,ATM+2,12.88,2237400,24750.0,24658.5,190.55,195.25,188.05,193.55,193275,1754037720
2025-08-01 14:13:00,PE,ATM+2,12.8,2205825,24750.0,24647.1,193.75,199.55,193.75,198.65,95925,1754037780
2025-08-01 14:14:00,PE,ATM+2,12.91,2205825,24750.0,24651.75,199.25,199.65,191.0,197.4,108000,1754037840
2025-08-01 14:15:00,PE,ATM+2,12.64,2205825,24750.0,24650.45,196.4,198.0,193.65,194.35,59700,1754037900
2025-08-01 14:16:00,PE,ATM+2,12.58,2237325,24750.0,24653.25,194.6,195.95,190.25,192.4,54675,1754037960
2025-08-01 14:17:00,PE,ATM+2,12.49,2237325,24750.0,24655.3,192.8,194.65,188.3,190.1,75750,1754038020
2025-08-01 14:18:00,PE,ATM+2,12.5,2237325,24750.0,24653.85,190.6,193.3,188.0,191.1,62400,1754038080
2025-08-01 14:19:00,PE,ATM+2,12.55,2237775,24750.0,24642.15,191.55,199.5,191.4,198.5,229350,1754038140
2025-08-01 14:20:00,PE,ATM+2,12.64,2237775,24750.0,24644.4,198.35,198.8,196.5,197.95,80100,1754038200
2025-08-01 14:21:00,PE,ATM+2,12.7,2237775,24750.0,24638.45,198.1,201.95,195.45,201.55,116025,1754038260
2025-08-01 14:22:00,PE,ATM+2,12.63,2238450,24750.0,24637.15,200.7,205.2,199.35,201.8,144000,1754038320
2025-08-01 14:23:00,PE,ATM+2,12.64,2238450,24750.0,24634.65,202.45,205.0,202.45,204.0,96300,1754038380
2025-08-01 14:24:00,PE,ATM+2,12.71,2238450,24750.0,24631.05,203.55,207.95,202.65,206.1,89250,1754038440
2025-08-01 14:25:00,PE,ATM+2,12.57,2245125,24750.0,24631.85,205.4,206.9,202.1,203.6,102225,1754038500
2025-08-01 14:26:00,PE,ATM+2,12.62,2245125,24750.0,24629.4,203.65,208.9,202.5,205.95,222075,1754038560
2025-08-01 14:27:00,PE,ATM+2,12.98,2245125,24750.0,24625.15,205.75,213.4,205.3,213.05,332250,1754038620
2025-08-01 14:28:00,PE,ATM+2,12.71,6714225,24700.0,24622.9,183.75,188.75,181.4,183.0,923475,1754038680
2025-08-01 14:29:00,PE,ATM+2,12.7,2137200,24750.0,24628.45,211.7,215.0,206.9,208.2,334800,1754038740
2025-08-01 14:30:00,PE,ATM+2,12.34,2137200,24750.0,24627.7,208.9,212.0,203.7,203.7,104100,1754038800
2025-08-01 14:31:00,PE,ATM+2,12.17,1971825,24750.0,24639.75,204.7,205.95,194.25,195.0,259425,1754038860
2025-08-01 14:32:00,PE,ATM+2,12.26,1971825,24750.0,24637.15,195.25,200.65,195.25,197.2,83925,1754038920
2025-08-01 14:33:00,PE,ATM+2,12.5,1971825,24750.0,24650.2,197.35,198.35,190.9,192.95,131250,1754038980
2025-08-01 14:34:00,PE,ATM+2,12.41,1976775,24750.0,24642.7,192.55,197.05,192.55,195.9,70725,1754039040
2025-08-01 14:35:00,PE,ATM+2,12.55,1976775,24750.0,24648.3,196.0,196.0,188.95,195.15,106050,1754039100
2025-08-01 14:36:00,PE,ATM+2,12.24,1976775,24750.0,24649.1,194.75,197.35,190.75,190.75,130650,1754039160
2025-08-01 14:37:00,PE,ATM+2,12.7,1968975,24750.0,24643.85,190.95,199.45,190.95,198.5,239250,1754039220
2025-08-01 14:38:00,PE,ATM+2,11.8,6734475,24700.0,24606.75,169.8,184.0,169.3,179.9,1249875,1754039280
2025-08-01 14:39:00,PE,ATM+2,12.27,1968975,24750.0,24628.7,207.15,207.15,197.8,201.55,147975,1754039340
2025-08-01 14:40:00,PE,ATM+2,12.15,6565425,24700.0,24623.65,172.55,175.85,172.0,174.95,391050,1754039400
2025-08-01 14:41:00,PE,ATM+2,12.11,6565425,24700.0,24621.85,175.05,177.35,175.05,176.25,236775,1754039460
2025-08-01 14:42:00,PE,ATM+2,12.16,6565425,24700.0,24619.65,175.75,178.5,172.85,178.1,260550,1754039520
2025-08-01 14:43:00,PE,ATM+2,12.13,6534900,24700.0,24616.55,178.15,180.4,175.2,178.55,286425,1754039580
2025-08-01 14:44:00,PE,ATM+2,12.35,6534900,24700.0,24619.6,178.85,179.85,175.45,179.85,270675,1754039640
2025-08-01 14:45:00,PE,ATM+2,12.37,6534900,24700.0,24618.1,179.4,181.9,178.3,180.4,410025,1754039700
2025-08-01 14:46:00,PE,ATM+2,12.35,6414675,24700.0,24621.75,180.6,181.7,176.15,179.25,413775,1754039760
2025-08-01 14:47:00,PE,ATM+2,12.41,1934550,24750.0,24631.25,208.25,208.25,200.65,201.7,98850,1754039820
2025-08-01 14:48:00,PE,ATM+2,12.13,1934550,24750.0,24636.4,201.9,203.05,195.6,195.6,127200,1754039880
2025-08-01 14:49:00,PE,ATM+2,12.53,1886250,24750.0,24638.9,195.65,200.65,195.65,199.45,45300,1754039940
2025-08-01 14:50:00,PE,ATM+2,12.3,1886250,24750.0,24638.9,198.95,200.0,195.05,196.25,93300,1754040000
2025-08-01 14:51:00,PE,ATM+2,12.41,1886250,24750.0,24634.85,196.25,201.5,196.05,200.45,75150,1754040060
2025-08-01 14:52:00,PE,ATM+2,12.26,1890150,24750.0,24630.55,200.35,201.45,198.0,200.5,54225,1754040120
2025-08-01 14:53:00,PE,ATM+2,12.36,1890150,24750.0,24629.25,200.7,203.0,199.3,202.25,120300,1754040180
2025-08-01 14:54:00,PE,ATM+2,12.37,1890150,24750.0,24625.1,202.1,205.9,201.15,205.3,71025,1754040240
2025-08-01 14:55:00,PE,ATM+2,12.43,6361125,24700.0,24618.3,174.95,181.2,174.55,181.2,427725,1754040300
2025-08-01 14:56:00,PE,ATM+2,12.28,6361125,24700.0,24617.35,180.05,180.5,176.55,180.45,348750,1754040360
2025-08-01 14:57:00,PE,ATM+2,12.5,6361125,24700.0,24612.9,180.85,185.9,180.0,185.9,566100,1754040420
2025-08-01 14:58:00,PE,ATM+2,12.32,6138750,24700.0,24614.1,185.95,185.95,173.95,182.4,638700,1754040480
2025-08-01 14:59:00,PE,ATM+2,12.12,6138750,24700.0,24613.8,181.4,183.0,178.75,181.45,339300,1754040540
2025-08-01 15:00:00,PE,ATM+2,11.95,6138750,24700.0,24606.5,183.7,188.55,181.55,181.55,803625,1754040600
2025-08-01 15:01:00,PE,ATM+2,11.96,5983425,24700.0,24614.25,181.6,181.6,173.85,177.25,613350,1754040660
2025-08-01 15:02:00,PE,ATM+2,12.01,5983425,24700.0,24611.2,176.45,180.4,176.35,179.95,295125,1754040720
2025-08-01 15:03:00,PE,ATM+2,12.1,5983425,24700.0,24604.05,179.15,186.7,177.85,185.6,418125,1754040780
2025-08-01 15:04:00,PE,ATM+2,12.09,5911125,24700.0,24595.85,185.65,192.25,185.45,189.3,883200,1754040840
2025-08-01 15:05:00,PE,ATM+2,12.21,5911125,24700.0,24590.05,188.1,197.0,185.5,194.3,760800,1754040900
2025-08-01 15:06:00,PE,ATM+2,12.12,5911125,24700.0,24581.85,193.2,204.0,193.2,198.5,995100,1754040960
2025-08-01 15:07:00,PE,ATM+2,12.25,5576925,24700.0,24583.1,197.7,201.8,197.0,199.15,632775,1754041020
2025-08-01 15:08:00,PE,ATM+2,12.86,3225300,24650.0,24565.4,170.6,189.35,170.6,188.0,1217100,1754041080
2025-08-01 15:09:00,PE,ATM+2,13.16,3225300,24650.0,24553.85,189.75,199.8,189.05,196.85,1120050,1754041140
2025-08-01 15:10:00,PE,ATM+2,13.35,2640375,24650.0,24544.55,193.25,210.95,190.3,206.25,1138800,1754041200
2025-08-01 15:11:00,PE,ATM+2,13.3,2640375,24650.0,24540.75,203.6,209.55,197.0,208.5,603675,1754041260
2025-08-01 15:12:00,PE,ATM+2,12.95,2640375,24650.0,24540.9,208.45,209.1,203.0,203.0,317175,1754041320
2025-08-01 15:13:00,PE,ATM+2,12.88,2311275,24650.0,24545.2,203.6,205.2,195.0,199.55,369750,1754041380
2025-08-01 15:14:00,PE,ATM+2,12.79,2311275,24650.0,24545.65,198.85,200.85,195.85,197.35,145125,1754041440
2025-08-01 15:15:00,PE,ATM+2,12.78,2311275,24650.0,24545.15,197.9,200.85,194.8,198.3,379125,1754041500
2025-08-01 15:16:00,PE,ATM+2,13.16,2238000,24650.0,24541.7,198.7,205.4,197.35,205.25,263775,1754041560
2025-08-01 15:17:00,PE,ATM+2,12.76,2238000,24650.0,24545.7,204.8,205.25,197.0,198.65,193800,1754041620
2025-08-01 15:18:00,PE,ATM+2,12.88,2238000,24650.0,24547.0,198.95,201.95,197.4,198.3,127050,1754041680
2025-08-01 15:19:00,PE,ATM+2,12.95,2157300,24650.0,24551.9,198.25,198.5,184.6,197.2,439725,1754041740
2025-08-01 15:20:00,PE,ATM+2,13.33,2157300,24650.0,24553.15,197.3,201.3,191.05,201.3,422850,1754041800
2025-08-01 15:21:00,PE,ATM+2,13.05,2157300,24650.0,24557.9,201.55,201.55,194.65,195.1,319650,1754041860
2025-08-01 15:22:00,PE,ATM+2,13.13,1889025,24650.0,24558.65,196.35,197.6,194.3,195.75,181050,1754041920
2025-08-01 15:23:00,PE,ATM+2,13.08,1889025,24650.0,24561.0,195.4,195.4,191.6,194.0,149400,1754041980
2025-08-01 15:24:00,PE,ATM+2,13.12,1889025,24650.0,24560.5,193.9,197.65,193.35,194.05,127650,1754042040
2025-08-01 15:25:00,PE,ATM+2,13.51,1759125,24650.0,24562.3,195.2,198.35,192.3,198.35,223950,1754042100
2025-08-01 15:26:00,PE,ATM+2,13.22,1759125,24650.0,24548.1,198.5,204.45,197.4,203.0,221400,1754042160
2025-08-01 15:27:00,PE,ATM+2,13.56,1759125,24650.0,24554.45,201.0,201.7,198.9,201.7,141975,1754042220
2025-08-01 15:28:00,PE,ATM+2,13.38,1615275,24650.0,24563.45,200.1,200.45,190.0,197.0,131325,1754042280
2025-08-01 15:29:00,PE,ATM+2,13.56,1615275,24650.0,24572.15,197.0,197.55,192.8,194.5,223350,1754042340
2025-08-04 09:15:00,PE,ATM+2,14.39,3462450,24700.0,24613.85,219.9,219.9,171.0,175.3,929550,1754279100
2025-08-04 09:16:00,PE,ATM+2,14.54,1029975,24750.0,24625.4,210.7,215.35,198.05,198.05,124950,1754279160
2025-08-04 09:17:00,PE,ATM+2,14.53,3462450,24700.0,24619.75,168.25,173.3,165.25,173.0,531900,1754279220
2025-08-04 09:18:00,PE,ATM+2,14.43,1019625,24750.0,24633.4,201.95,202.85,192.15,192.15,129525,1754279280
2025-08-04 09:19:00,PE,ATM+2,14.72,1019625,24750.0,24639.75,190.7,192.9,188.4,189.5,103500,1754279340
2025-08-04 09:20:00,PE,ATM+2,14.47,3650775,24700.0,24624.35,157.9,168.85,156.45,168.15,748950,1754279400
2025-08-04 09:21:00,PE,ATM+2,14.29,1061250,24750.0,24626.75,196.95,198.45,191.7,194.0,86850,1754279460
2025-08-04 09:22:00,PE,ATM+2,14.45,1061250,24750.0,24638.15,192.8,195.8,188.3,188.65,106800,1754279520
2025-08-04 09:23:00,PE,ATM+2,14.6,1061250,24750.0,24650.85,187.45,188.8,181.05,184.3,162000,1754279580
2025-08-04 09:24:00,PE,ATM+2,14.56,1094025,24750.0,24646.25,185.4,185.4,180.5,185.2,85950,1754279640
2025-08-04 09:25:00,PE,ATM+2,14.31,1094025,24750.0,24642.85,183.8,186.9,177.65,185.3,194250,1754279700
2025-08-04 09:26:00,PE,ATM+2,14.14,1094025,24750.0,24651.95,184.7,185.1,174.1,178.15,165975,1754279760
2025-08-04 09:27:00,PE,ATM+2,14.03,1129950,24750.0,24653.4,177.9,179.2,175.4,176.4,83850,1754279820
2025-08-04 09:28:00,PE,ATM+2,14.16,1129950,24750.0,24664.05,176.1,180.1,169.7,171.9,117975,1754279880
2025-08-04 09:29:00,PE,ATM+2,14.06,1129950,24750.0,24660.5,172.85,175.55,170.55,173.25,80400,1754279940
2025-08-04 09:30:00,PE,ATM+2,14.17,1149150,24750.0,24664.7,172.9,173.9,168.35,170.1,127125,1754280000
2025-08-04 09:31:00,PE,ATM+2,14.06,1149150,24750.0,24659.45,169.95,173.95,169.6,173.35,68475,1754280060
2025-08-04 09:32:00,PE,ATM+2,14.08,1149150,24750.0,24649.25,174.0,183.1,173.25,179.85,222600,1754280120
2025-08-04 09:33:00,PE,ATM+2,14.09,1193475,24750.0,24645.6,179.4,183.85,176.0,181.7,97950,1754280180
2025-08-04 09:34:00,PE,ATM+2,14.06,1193475,24750.0,24656.55,181.75,181.75,174.05,174.75,75225,1754280240
2025-08-04 09:35:00,PE,ATM+2,14.16,1193475,24750.0,24650.6,174.9,181.15,174.0,178.9,97875,1754280300
2025-08-04 09:36:00,PE,ATM+2,14.17,1224075,24750.0,24651.9,179.75,180.5,176.4,179.0,64650,1754280360
2025-08-04 09:37:00,PE,ATM+2,14.37,1224075,24750.0,24651.3,178.95,182.9,178.35,179.8,84525,1754280420
2025-08-04 09:38:00,PE,ATM+2,14.28,1224075,24750.0,24651.35,178.6,178.9,174.9,178.6,96300,1754280480
2025-08-04 09:39:00,PE,ATM+2,14.19,1250025,24750.0,24649.65,178.2,181.8,177.95,179.4,69600,1754280540
2025-08-04 09:40:00,PE,ATM+2,14.14,1250025,24750.0,24649.3,179.0,184.0,177.65,179.05,116175,1754280600
2025-08-04 09:41:00,PE,ATM+2,14.19,1250025,24750.0,24644.5,179.5,184.4,178.6,182.9,113550,1754280660
2025-08-04 09:42:00,PE,ATM+2,14.31,1265325,24750.0,24638.85,182.75,189.8,182.4,188.1,235575,1754280720
2025-08-04 09:43:00,PE,ATM+2,14.3,5329950,24700.0,24618.45,159.9,170.15,158.95,170.1,1511250,1754280780
2025-08-04 09:44:00,PE,ATM+2,14.6,5329950,24700.0,24598.0,169.5,184.55,168.1,184.55,1774425,1754280840
2025-08-04 09:45:00,PE,ATM+2,14.45,4584150,24700.0,24585.75,186.2,192.4,183.05,189.65,1635975,1754280900
2025-08-04 09:46:00,PE,ATM+2,14.51,4584150,24700.0,24578.95,189.8,196.95,188.0,196.95,1022775,1754280960
2025-08-04 09:47:00,PE,ATM+2,14.61,4068675,24650.0,24572.85,168.25,175.4,167.55,170.35,1222650,1754281020
2025-08-04 09:48:00,PE,ATM+2,14.75,3606600,24650.0,24561.2,170.7,184.7,170.7,176.65,1145775,1754281080
2025-08-04 09:49:00,PE,ATM+2,14.18,4348125,24700.0,24604.4,203.9,204.05,173.8,175.3,1154850,1754281140
2025-08-04 09:50:00,PE,ATM+2,14.31,4348125,24700.0,24623.75,170.55,170.55,138.8,167.0,1750875,1754281200
2025-08-04 09:51:00,PE,ATM+2,14.43,1082250,24750.0,24625.85,192.4,197.9,189.9,197.9,128550,1754281260
2025-08-04 09:52:00,PE,ATM+2,14.41,4243500,24700.0,24613.45,168.45,175.4,166.8,174.7,564450,1754281320
2025-08-04 09:53:00,PE,ATM+2,14.54,4243500,24700.0,24608.5,176.0,186.9,174.75,178.75,857025,1754281380
2025-08-04 09:54:00,PE,ATM+2,14.35,4287450,24700.0,24607.0,178.2,182.4,175.6,177.35,309075,1754281440
2025-08-04 09:55:00,PE,ATM+2,14.78,4287450,24700.0,24609.85,178.1,179.65,172.4,179.65,344775,1754281500
2025-08-04 09:56:00,PE,ATM+2,14.77,4287450,24700.0,24605.0,178.8,185.75,176.9,182.35,382500,1754281560
2025-08-04 09:57:00,PE,ATM+2,14.93,4279725,24700.0,24606.0,183.0,183.0,173.85,182.85,392700,1754281620
2025-08-04 09:58:00,PE,ATM+2,14.71,4279725,24700.0,24608.4,182.0,184.8,177.1,179.4,316350,1754281680
2025-08-04 09:59:00,PE,ATM+2,14.79,4279725,24700.0,24608.1,177.1,182.1,174.6,180.7,213750,1754281740
2025-08-04 10:00:00,PE,ATM+2,14.82,4284075,24700.0,24608.75,179.75,183.35,174.25,181.0,308775,1754281800
2025-08-04 10:01:00,PE,ATM+2,14.79,4284075,24700.0,24600.25,182.0,186.55,181.0,184.9,424875,1754281860
2025-08-04 10:02:00,PE,ATM+2,14.75,4284075,24700.0,24606.55,184.3,185.15,179.55,181.45,243525,1754281920
2025-08-04 10:03:00,PE,ATM+2,14.53,4269750,24700.0,24615.6,183.35,185.1,173.45,174.0,253575,1754281980
2025-08-04 10:04:00,PE,ATM+2,14.72,1041675,24750.0,24626.9,205.75,205.75,196.8,198.7,117975,1754282040
2025-08-04 10:05:00,PE,ATM+2,14.58,1041675,24750.0,24636.25,199.2,200.55,189.5,193.6,92550,1754282100
2025-08-04 10:06:00,PE,ATM+2,14.33,4195950,24700.0,24623.6,164.95,172.9,164.0,166.8,392400,1754282160
2025-08-04 10:07:00,PE,ATM+2,14.6,4195950,24700.0,24624.55,166.9,170.4,166.9,169.0,160950,1754282220
2025-08-04 10:08:00,PE,ATM+2,14.72,1037475,24750.0,24627.9,198.5,198.5,191.6,197.7,114750,1754282280
2025-08-04 10:09:00,PE,ATM+2,14.68,1045950,24750.0,24625.45,197.8,199.4,195.8,198.25,29100,1754282340
2025-08-04 10:10:00,PE,ATM+2,14.46,4277550,24700.0,24620.1,168.75,173.9,167.5,170.65,258750,1754282400
2025-08-04 10:11:00,PE,ATM+2,14.63,1045950,24750.0,24626.35,201.75,203.5,193.45,198.0,95925,1754282460
2025-08-04 10:12:00,PE,ATM+2,14.39,1048425,24750.0,24625.6,198.35,204.0,195.5,196.35,85200,1754282520
2025-08-04 10:13:00,PE,ATM+2,14.79,1048425,24750.0,24627.8,196.8,200.65,195.35,199.1,26625,1754282580
2025-08-04 10:14:00,PE,ATM+2,14.82,4311450,24700.0,24624.3,169.6,171.8,167.45,171.8,105825,1754282640
2025-08-04 10:15:00,PE,ATM+2,14.84,1049325,24750.0,24628.4,200.85,201.65,196.55,198.7,45075,1754282700
2025-08-04 10:16:00,PE,ATM+2,14.88,1049325,24750.0,24630.55,198.25,201.0,194.4,197.4,102000,1754282760
2025-08-04 10:17:00,PE,ATM+2,14.85,1049325,24750.0,24638.5,197.25,197.25,189.8,192.3,74475,1754282820
2025-08-04 10:18:00,PE,ATM+2,14.67,1040625,24750.0,24643.8,191.3,192.2,185.25,187.75,104250,1754282880
2025-08-04 10:19:00,PE,ATM+2,14.72,1040625,24750.0,24632.75,187.95,195.85,186.8,194.1,59325,1754282940
2025-08-04 10:20:00,PE,ATM+2,14.35,1040625,24750.0,24631.6,194.25,196.5,191.5,191.9,67950,1754283000
2025-08-04 10:21:00,PE,ATM+2,14.62,1040625,24750.0,24636.7,192.0,194.0,190.0,191.25,17700,1754283060
2025-08-04 10:22:00,PE,ATM+2,14.42,1040625,24750.0,24640.15,191.0,192.2,186.95,187.3,58575,1754283120
2025-08-04 10:23:00,PE,ATM+2,14.57,1040625,24750.0,24646.55,187.65,188.8,184.35,185.35,46725,1754283180
2025-08-04 10:24:00,PE,ATM+2,14.44,1040025,24750.0,24646.15,185.5,186.5,180.1,185.0,75825,1754283240
2025-08-04 10:25:00,PE,ATM+2,14.43,1040025,24750.0,24638.65,185.5,189.9,184.4,187.95,89850,1754283300
2025-08-04 10:26:00,PE,ATM+2,14.72,1040025,24750.0,24630.55,188.85,197.0,188.45,197.0,52725,1754283360
2025-08-04 10:27:00,PE,ATM+2,14.68,4330875,24700.0,24610.3,166.9,179.4,166.9,178.1,991050,1754283420
2025-08-04 10:28:00,PE,ATM+2,14.79,4330875,24700.0,24621.3,180.25,180.25,170.1,172.45,503850,1754283480
2025-08-04 10:29:00,PE,ATM+2,14.89,4330875,24700.0,24618.5,173.05,176.35,171.85,175.35,204600,1754283540
2025-08-04 10:30:00,PE,ATM+2,14.74,1033200,24750.0,24629.8,205.8,205.95,196.0,196.75,65850,1754283600
2025-08-04 10:31:00,PE,ATM+2,14.51,1033200,24750.0,24634.25,197.1,198.85,190.95,192.0,129075,1754283660
2025-08-04 10:32:00,PE,ATM+2,14.57,1033200,24750.0,24636.95,193.0,193.8,189.45,190.95,40875,1754283720
2025-08-04 10:33:00,PE,ATM+2,14.41,1014300,24750.0,24637.5,190.6,190.6,187.75,188.65,50775,1754283780
2025-08-04 10:34:00,PE,ATM+2,14.36,1014300,24750.0,24636.45,189.5,192.05,189.0,190.0,30375,1754283840
2025-08-04 10:35:00,PE,ATM+2,14.64,1014300,24750.0,24636.35,190.6,192.8,189.5,191.3,37875,1754283900
2025-08-04 10:36:00,PE,ATM+2,14.61,1021725,24750.0,24641.05,190.2,191.3,186.9,189.2,32850,1754283960
2025-08-04 10:37:00,PE,ATM+2,14.62,1021725,24750.0,24636.6,189.1,193.65,188.65,191.85,27300,1754284020
2025-08-04 10:38:00,PE,ATM+2,14.53,1021725,24750.0,24640.65,191.2,191.3,188.9,189.0,14475,1754284080
2025-08-04 10:39:00,PE,ATM+2,14.68,1026525,24750.0,24650.7,189.7,192.0,182.7,183.3,73125,1754284140
2025-08-04 10:40:00,PE,ATM+2,14.6,1026525,24750.0,24645.65,184.0,186.9,184.0,185.8,41250,1754284200
2025-08-04 10:41:00,PE,ATM+2,14.62,1026525,24750.0,24650.4,185.85,187.55,182.4,182.9,49200,1754284260
2025-08-04 10:42:00,PE,ATM+2,14.69,1031775,24750.0,24654.95,182.7,184.8,180.7,181.15,69975,1754284320
2025-08-04 10:43:00,PE,ATM+2,14.55,1031775,24750.0,24647.15,182.4,186.1,180.95,184.5,61125,1754284380
2025-08-04 10:44:00,PE,ATM+2,14.64,1031775,24750.0,24641.65,184.85,188.35,184.65,188.35,67425,1754284440
2025-08-04 10:45:00,PE,ATM+2,14.58,1040100,24750.0,24639.25,188.0,190.4,187.3,189.15,51975,1754284500
2025-08-04 10:46:00,PE,ATM+2,14.49,1040100,24750.0,24637.95,189.45,191.6,188.15,189.0,47325,1754284560
2025-08-04 10:47:00,PE,ATM+2,14.49,1040100,24750.0,24631.05,189.15,193.45,188.0,193.4,43425,1754284620
2025-08-04 10:48:00,PE,ATM+2,14.49,4545900,24700.0,24619.95,164.45,172.75,164.45,170.45,706275,1754284680
2025-08-04 10:49:00,PE,ATM+2,14.74,4545900,24700.0,24612.75,170.9,177.2,170.7,177.2,385575,1754284740
2025-08-04 10:50:00,PE,ATM+2,14.77,4545900,24700.0,24613.15,177.3,178.65,173.25,177.5,459000,1754284800
2025-08-04 10:51:00,PE,ATM+2,14.54,4481850,24700.0,24608.85,178.0,183.4,176.6,176.6,562650,1754284860
2025-08-04 10:52:00,PE,ATM+2,14.38,4481850,24700.0,24621.05,176.2,177.55,168.4,168.4,396600,1754284920
2025-08-04 10:53:00,PE,ATM+2,14.45,4481850,24700.0,24623.4,168.7,169.95,162.5,168.4,434775,1754284980
2025-08-04 10:54:00,PE,ATM+2,14.2,1022850,24750.0,24625.85,200.7,200.8,194.0,194.0,41700,1754285040
2025-08-04 10:55:00,PE,ATM+2,14.53,4378800,24700.0,24624.4,165.35,168.65,165.0,167.65,145800,1754285100
2025-08-04 10:56:00,PE,ATM+2,14.31,1022850,24750.0,24630.2,197.25,199.7,191.6,191.9,39525,1754285160
2025-08-04 10:57:00,PE,ATM+2,14.27,4434300,24700.0,24620.75,162.2,171.0,161.0,167.2,263550,1754285220
2025-08-04 10:58:00,PE,ATM+2,14.36,4434300,24700.0,24624.3,167.55,168.9,164.35,166.7,115350,1754285280
2025-08-04 10:59:00,PE,ATM+2,14.59,1041525,24750.0,24625.25,196.55,198.05,195.2,197.15,22200,1754285340
2025-08-04 11:00:00,PE,ATM+2,14.52,1034325,24750.0,24632.05,197.55,199.75,191.75,192.45,44475,1754285400
2025-08-04 11:01:00,PE,ATM+2,14.53,1034325,24750.0,24644.1,192.0,193.4,184.1,185.6,124125,1754285460
2025-08-04 11:02:00,PE,ATM+2,14.35,1034325,24750.0,24645.7,185.6,186.3,182.55,183.0,39900,1754285520
2025-08-04 11:03:00,PE,ATM+2,14.33,1023375,24750.0,24648.9,184.65,184.65,179.45,180.8,65325,1754285580
2025-08-04 11:04:00,PE,ATM+2,14.36,1023375,24750.0,24661.4,181.0,181.0,172.2,174.4,116475,1754285640
2025-08-04 11:05:00,PE,ATM+2,14.48,1023375,24750.0,24662.45,175.4,175.85,172.5,174.15,114900,1754285700
2025-08-04 11:06:00,PE,ATM+2,14.42,1091025,24750.0,24666.2,174.0,174.0,168.75,171.75,136125,1754285760
2025-08-04 11:07:00,PE,ATM+2,14.47,1091025,24750.0,24649.25,172.4,182.4,172.0,181.45,165375,1754285820
2025-08-04 11:08:00,PE,ATM+2,14.42,1091025,24750.0,24646.05,180.9,183.8,178.5,183.6,77250,1754285880
2025-08-04 11:09:00,PE,ATM+2,14.34,1084350,24750.0,24648.45,183.05,184.25,180.45,181.3,102225,1754285940
2025-08-04 11:10:00,PE,ATM+2,14.48,1084350,24750.0,24653.5,182.0,182.0,177.5,180.05,110025,1754286000
2025-08-04 11:11:00,PE,ATM+2,14.43,1084350,24750.0,24656.25,180.7,182.35,177.0,178.05,42825,1754286060
2025-08-04 11:12:00,PE,ATM+2,14.37,1110000,24750.0,24654.95,177.45,179.8,177.15,177.65,36150,1754286120
2025-08-04 11:13:00,PE,ATM+2,14.49,1110000,24750.0,24664.4,177.95,177.95,173.05,173.45,81300,1754286180
2025-08-04 11:14:00,PE,ATM+2,14.45,1110000,24750.0,24664.35,173.6,176.05,172.95,173.0,45525,1754286240
2025-08-04 11:15:00,PE,ATM+2,14.77,1131225,24750.0,24673.0,173.5,174.95,169.3,171.15,81750,1754286300
2025-08-04 11:16:00,PE,ATM+2,14.59,1131225,24750.0,24666.3,171.0,174.25,168.95,173.4,95250,1754286360
2025-08-04 11:17:00,PE,ATM+2,14.57,1131225,24750.0,24666.65,173.75,175.5,171.95,173.05,96075,1754286420
2025-08-04 11:18:00,PE,ATM+2,14.67,1182750,24750.0,24672.15,172.95,173.1,168.7,170.85,63000,1754286480
2025-08-04 11:19:00,PE,ATM+2,14.64,1182750,24750.0,24667.95,171.05,175.5,171.05,172.7,65775,1754286540
2025-08-04 11:20:00,PE,ATM+2,14.84,1182750,24750.0,24671.4,172.55,174.1,170.7,172.55,37050,1754286600
2025-08-04 11:21:00,PE,ATM+2,14.56,1224075,24750.0,24669.0,172.55,173.9,170.65,171.55,48900,1754286660
2025-08-04 11:22:00,PE,ATM+2,14.09,2880450,24800.0,24681.25,201.95,202.9,189.15,189.55,187275,1754286720
2025-08-04 11:23:00,PE,ATM+2,14.68,1224075,24750.0,24673.85,160.3,169.6,160.3,169.6,132075,1754286780
2025-08-04 11:24:00,PE,ATM+2,14.84,2889600,24800.0,24676.25,199.3,201.45,197.55,199.55,95550,1754286840
2025-08-04 11:25:00,PE,ATM+2,14.67,1234425,24750.0,24674.5,169.3,170.0,167.65,169.5,45600,1754286900
2025-08-04 11:26:00,PE,ATM+2,14.34,1234425,24750.0,24673.65,169.85,170.35,161.45,166.25,220350,1754286960
2025-08-04 11:27:00,PE,ATM+2,14.49,1249650,24750.0,24669.45,165.85,171.65,164.95,170.45,213150,1754287020
2025-08-04 11:28:00,PE,ATM+2,14.58,1249650,24750.0,24668.95,170.3,171.4,168.55,171.4,96600,1754287080
2025-08-04 11:29:00,PE,ATM+2,14.48,1249650,24750.0,24666.45,171.45,173.75,170.8,171.85,123750,1754287140
2025-08-04 11:30:00,PE,ATM+2,14.12,3117300,24800.0,24680.8,202.6,202.6,190.75,190.75,150450,1754287200
2025-08-04 11:31:00,PE,ATM+2,14.42,3117300,24800.0,24678.25,193.05,195.5,191.7,194.2,91950,1754287260
2025-08-04 11:32:00,PE,ATM+2,14.06,3117300,24800.0,24681.4,195.0,196.25,187.4,188.45,135600,1754287320
2025-08-04 11:33:00,PE,ATM+2,14.22,1364925,24750.0,24673.7,159.5,166.25,159.5,165.75,104250,1754287380
2025-08-04 11:34:00,PE,ATM+2,14.17,1364925,24750.0,24671.35,165.7,167.8,164.6,166.1,75375,1754287440
2025-08-04 11:35:00,PE,ATM+2,14.33,1364925,24750.0,24664.75,166.35,171.35,164.85,171.35,95475,1754287500
2025-08-04 11:36:00,PE,ATM+2,14.16,1390425,24750.0,24661.25,171.9,176.25,170.2,171.2,309675,1754287560
2025-08-04 11:37:00,PE,ATM+2,14.3,1390425,24750.0,24661.3,172.5,175.1,171.85,174.1,66300,1754287620
2025-08-04 11:38:00,PE,ATM+2,13.45,1390425,24750.0,24636.95,175.5,184.2,175.5,179.45,393000,1754287680
2025-08-04 11:39:00,PE,ATM+2,14.11,1279200,24750.0,24652.95,177.25,177.65,173.0,175.7,181200,1754287740
2025-08-04 11:40:00,PE,ATM+2,14.12,1279200,24750.0,24652.45,175.15,176.4,173.0,176.4,70950,1754287800
2025-08-04 11:41:00,PE,ATM+2,14.09,1279200,24750.0,24656.65,176.25,176.25,171.85,173.9,60300,1754287860
2025-08-04 11:42:00,PE,ATM+2,13.97,1242600,24750.0,24664.7,174.6,174.9,166.7,168.35,111150,1754287920
2025-08-04 11:43:00,PE,ATM+2,14.09,1242600,24750.0,24667.2,168.05,168.65,164.8,167.65,90675,1754287980
2025-08-04 11:44:00,PE,ATM+2,14.06,1242600,24750.0,24669.35,167.3,168.6,166.3,166.3,46575,1754288040
2025-08-04 11:45:00,PE,ATM+2,14.06,1253775,24750.0,24670.55,167.15,167.15,164.15,165.35,64950,1754288100
2025-08-04 11:46:00,PE,ATM+2,13.94,1253775,24750.0,24672.85,165.25,165.25,162.8,163.8,38100,1754288160
2025-08-04 11:47:00,PE,ATM+2,13.99,1253775,24750.0,24674.3,164.8,165.1,162.1,162.9,59775,1754288220
2025-08-04 11:48:00,PE,ATM+2,13.88,1278375,24750.0,24670.55,162.8,166.15,162.8,163.75,58800,1754288280
2025-08-04 11:49:00,PE,ATM+2,14.14,1278375,24750.0,24672.6,163.8,165.55,161.75,165.15,30450,1754288340
2025-08-04 11:50:00,PE,ATM+2,14.09,2883225,24800.0,24676.05,196.25,196.25,190.0,191.95,83175,1754288400
2025-08-04 11:51:00,PE,ATM+2,13.94,1275525,24750.0,24672.85,160.7,165.6,160.4,163.65,54825,1754288460
2025-08-04 11:52:00,PE,ATM+2,14.05,1275525,24750.0,24672.5,165.4,165.4,163.45,164.0,51525,1754288520
2025-08-04 11:53:00,PE,ATM+2,14.26,2877300,24800.0,24676.65,195.15,195.8,191.15,193.2,42825,1754288580
2025-08-04 11:54:00,PE,ATM+2,14.16,2900850,24800.0,24675.75,192.7,193.55,191.95,193.0,30750,1754288640
2025-08-04 11:55:00,PE,ATM+2,14.03,1283250,24750.0,24671.85,162.5,166.35,162.2,164.15,77100,1754288700
2025-08-04 11:56:00,PE,ATM+2,14.08,2900850,24800.0,24677.75,194.4,195.9,190.25,190.65,59925,1754288760
2025-08-04 11:57:00,PE,ATM+2,14.12,2987475,24800.0,24677.25,190.0,192.0,186.05,191.7,126150,1754288820
2025-08-04 11:58:00,PE,ATM+2,13.78,2987475,24800.0,24683.05,191.6,192.95,183.05,185.1,149175,1754288880
2025-08-04 11:59:00,PE,ATM+2,14.04,2987475,24800.0,24679.45,186.45,191.0,185.2,189.6,113700,1754288940
2025-08-04 12:00:00,PE,ATM+2,14.29,3092175,24800.0,24675.55,191.15,194.15,188.0,194.15,155850,1754289000
2025-08-04 12:01:00,PE,ATM+2,14.0,1307850,24750.0,24670.9,163.15,164.7,162.0,164.5,96075,1754289060
2025-08-04 12:02:00,PE,ATM+2,13.71,1307850,24750.0,24663.05,164.05,169.2,164.05,166.4,263250,1754289120
2025-08-04 12:03:00,PE,ATM+2,13.81,1366050,24750.0,24661.8,166.7,170.6,166.7,167.65,95700,1754289180
2025-08-04 12:04:00,PE,ATM+2,13.96,1366050,24750.0,24670.7,167.0,167.65,162.4,164.4,84975,1754289240
2025-08-04 12:05:00,PE,ATM+2,14.21,3095550,24800.0,24676.15,195.0,195.0,190.25,193.4,47475,1754289300
2025-08-04 12:06:00,PE,ATM+2,14.14,1277250,24750.0,24668.7,162.95,167.0,161.95,166.65,60225,1754289360
2025-08-04 12:07:00,PE,ATM+2,14.09,1277250,24750.0,24668.2,167.0,168.35,165.45,166.7,67350,1754289420
2025-08-04 12:08:00,PE,ATM+2,14.11,1277250,24750.0,24669.2,166.6,167.3,163.6,166.4,31800,1754289480
2025-08-04 12:09:00,PE,ATM+2,14.0,1310025,24750.0,24668.95,167.1,167.25,165.1,165.1,50700,1754289540
2025-08-04 12:10:00,PE,ATM+2,14.19,3120375,24800.0,24677.15,196.6,197.0,190.6,191.85,70800,1754289600
2025-08-04 12:11:00,PE,ATM+2,14.32,3120375,24800.0,24675.85,192.25,194.4,190.65,194.4,41175,1754289660
2025-08-04 12:12:00,PE,ATM+2,13.96,1302375,24750.0,24672.05,163.55,164.65,160.9,163.25,36225,1754289720
2025-08-04 12:13:00,PE,ATM+2,13.88,1302375,24750.0,24673.4,163.55,163.55,160.6,161.9,37800,1754289780
2025-08-04 12:14:00,PE,ATM+2,13.84,3105075,24800.0,24676.8,192.5,192.7,189.15,189.15,42900,1754289840
2025-08-04 12:15:00,PE,ATM+2,14.08,3135975,24800.0,24676.05,190.0,192.35,189.0,191.65,45450,1754289900
2025-08-04 12:16:00,PE,ATM+2,13.98,1319775,24750.0,24671.45,161.0,164.85,160.5,163.3,40200,1754289960
2025-08-04 12:17:00,PE,ATM+2,14.06,3135975,24800.0,24677.45,194.0,196.0,188.65,190.55,56325,1754290020
2025-08-04 12:18:00,PE,ATM+2,14.05,3149775,24800.0,24675.05,190.4,192.55,190.25,191.7,18825,1754290080
2025-08-04 12:19:00,PE,ATM+2,14.08,3149775,24800.0,24678.15,191.4,191.4,189.25,190.55,29025,1754290140
2025-08-04 12:20:00,PE,ATM+2,14.11,3149775,24800.0,24675.25,191.3,195.0,191.15,192.6,37725,1754290200
2025-08-04 12:21:00,PE,ATM+2,14.09,1424100,24750.0,24670.2,161.35,165.0,161.25,164.5,52950,1754290260
2025-08-04 12:22:00,PE,ATM+2,13.97,1424100,24750.0,24668.25,164.45,166.8,164.45,165.45,58725,1754290320
2025-08-04 12:23:00,PE,ATM+2,13.91,3151425,24800.0,24676.2,196.4,197.5,189.55,189.55,57300,1754290380
2025-08-04 12:24:00,PE,ATM+2,14.08,1411875,24750.0,24670.0,158.9,166.05,156.85,165.55,125325,1754290440
2025-08-04 12:25:00,PE,ATM+2,14.3,3118425,24800.0,24678.65,197.15,197.3,190.3,191.95,136350,1754290500
2025-08-04 12:26:00,PE,ATM+2,14.03,3118425,24800.0,24681.45,191.85,192.4,187.05,188.0,112650,1754290560
2025-08-04 12:27:00,PE,ATM+2,14.09,3070725,24800.0,24687.3,188.5,188.5,181.35,185.0,181425,1754290620
2025-08-04 12:28:00,PE,ATM+2,14.05,3070725,24800.0,24690.25,185.45,186.25,182.4,182.55,75600,1754290680
2025-08-04 12:29:00,PE,ATM+2,13.97,3070725,24800.0,24694.6,183.0,183.0,177.0,179.0,216525,1754290740
2025-08-04 12:30:00,PE,ATM+2,14.09,3150150,24800.0,24695.5,180.9,182.1,179.1,180.35,141000,1754290800
2025-08-04 12:31:00,PE,ATM+2,14.06,3150150,24800.0,24695.65,180.6,181.95,178.35,179.2,67725,1754290860
2025-08-04 12:32:00,PE,ATM+2,14.18,3150150,24800.0,24693.1,179.7,182.75,179.0,181.8,121425,1754290920
2025-08-04 12:33:00,PE,ATM+2,13.88,3250950,24800.0,24697.45,181.65,181.65,175.1,176.9,242100,1754290980
2025-08-04 12:34:00,PE,ATM+2,14.18,3250950,24800.0,24694.1,178.05,183.2,177.45,181.25,182325,1754291040
2025-08-04 12:35:00,PE,ATM+2,13.98,3250950,24800.0,24699.35,181.3,181.65,176.7,176.7,148425,1754291100
2025-08-04 12:36:00,PE,ATM+2,14.14,3411825,24800.0,24705.2,176.85,178.2,170.55,174.45,212475,1754291160
2025-08-04 12:37:00,PE,ATM+2,14.2,3411825,24800.0,24707.2,175.5,178.65,173.35,173.95,93300,1754291220
2025-08-04 12:38:00,PE,ATM+2,14.42,3411825,24800.0,24710.5,174.3,176.2,171.65,174.8,116625,1754291280
2025-08-04 12:39:00,PE,ATM+2,14.28,3524625,24800.0,24717.3,174.7,174.7,167.1,168.95,198600,1754291340
2025-08-04 12:40:00,PE,ATM+2,14.28,3524625,24800.0,24714.55,169.0,171.6,165.2,170.8,238650,1754291400
2025-08-04 12:41:00,PE,ATM+2,13.97,3524625,24800.0,24704.5,171.0,174.3,170.25,172.95,177750,1754291460
2025-08-04 12:42:00,PE,ATM+2,14.03,3621225,24800.0,24697.95,173.5,178.0,172.75,178.0,274875,1754291520
2025-08-04 12:43:00,PE,ATM+2,13.99,3621225,24800.0,24696.7,178.0,180.15,177.4,178.05,276000,1754291580
2025-08-04 12:44:00,PE,ATM+2,14.12,3621225,24800.0,24692.4,179.2,184.0,178.65,182.0,186750,1754291640
2025-08-04 12:45:00,PE,ATM+2,13.9,3584475,24800.0,24699.4,182.5,182.85,175.75,175.75,145200,1754291700
2025-08-04 12:46:00,PE,ATM+2,14.04,3584475,24800.0,24687.6,176.6,185.85,176.4,184.2,241800,1754291760
2025-08-04 12:47:00,PE,ATM+2,14.14,3584475,24800.0,24693.5,185.0,186.6,179.0,181.0,220350,1754291820
2025-08-04 12:48:00,PE,ATM+2,14.31,3567675,24800.0,24688.95,180.55,185.9,178.35,185.3,80025,1754291880
2025-08-04 12:49:00,PE,ATM+2,14.2,3567675,24800.0,24694.05,184.6,185.25,180.0,181.15,89175,1754291940
2025-08-04 12:50:00,PE,ATM+2,14.24,3567675,24800.0,24693.65,181.25,183.0,177.65,182.45,81825,1754292000
2025-08-04 12:51:00,PE,ATM+2,14.05,3549600,24800.0,24702.0,181.05,181.8,174.0,175.7,133050,1754292060
2025-08-04 12:52:00,PE,ATM+2,14.11,3549600,24800.0,24699.9,176.45,179.3,176.0,178.05,82800,1754292120
2025-08-04 12:53:00,PE,ATM+2,14.18,3549600,24800.0,24698.4,177.95,181.3,177.95,178.4,70650,1754292180
2025-08-04 12:54:00,PE,ATM+2,14.05,3549600,24800.0,24692.2,178.35,182.7,178.35,181.55,66750,1754292240
2025-08-04 12:55:00,PE,ATM+2,14.13,3538125,24800.0,24694.95,181.65,182.35,180.1,180.4,56625,1754292300
2025-08-04 12:56:00,PE,ATM+2,14.21,3538125,24800.0,24702.0,181.1,181.2,176.55,176.55,54900,1754292360
2025-08-04 12:57:00,PE,ATM+2,14.16,3538125,24800.0,24702.9,177.2,178.95,175.7,175.85,59850,1754292420
2025-08-04 12:58:00,PE,ATM+2,14.24,3548625,24800.0,24705.7,175.85,177.15,173.65,175.6,110550,1754292480
2025-08-04 12:59:00,PE,ATM+2,14.26,3548625,24800.0,24705.7,175.65,179.35,175.05,175.05,69825,1754292540
2025-08-04 13:00:00,PE,ATM+2,14.09,3548625,24800.0,24710.85,175.55,176.4,170.25,170.25,126900,1754292600
2025-08-04 13:01:00,PE,ATM+2,14.24,3578100,24800.0,24715.5,170.4,170.4,165.55,169.45,233175,1754292660
2025-08-04 13:02:00,PE,ATM+2,14.09,3578100,24800.0,24721.25,169.25,169.3,163.2,165.0,334350,1754292720
2025-08-04 13:03:00,PE,ATM+2,14.09,3578100,24800.0,24716.5,165.2,168.25,164.4,167.6,155925,1754292780
2025-08-04 13:04:00,PE,ATM+2,14.06,3829200,24800.0,24716.2,166.9,167.7,165.0,167.3,68775,1754292840
2025-08-04 13:05:00,PE,ATM+2,14.12,3829200,24800.0,24713.8,166.6,169.7,165.3,169.3,171825,1754292900
2025-08-04 13:06:00,PE,ATM+2,14.08,3829200,24800.0,24710.5,170.35,173.5,170.35,171.0,200700,1754292960
2025-08-04 13:07:00,PE,ATM+2,13.97,3821475,24800.0,24708.1,170.65,173.2,170.65,171.2,99675,1754293020
2025-08-04 13:08:00,PE,ATM+2,14.09,3821475,24800.0,24707.75,171.1,172.75,169.0,172.55,110325,1754293080
2025-08-04 13:09:00,PE,ATM+2,14.06,3821475,24800.0,24709.15,172.4,172.5,170.4,171.75,76275,1754293140
2025-08-04 13:10:00,PE,ATM+2,14.06,3828075,24800.0,24702.3,171.75,176.8,171.25,175.4,163800,1754293200
2025-08-04 13:11:00,PE,ATM+2,14.2,3828075,24800.0,24703.55,175.35,176.5,174.55,175.4,76275,1754293260
2025-08-04 13:12:00,PE,ATM+2,14.09,3828075,24800.0,24708.3,175.05,175.45,171.8,172.05,63375,1754293320
2025-08-04 13:13:00,PE,ATM+2,14.08,3762225,24800.0,24703.6,171.8,175.15,169.25,175.0,101250,1754293380
2025-08-04 13:14:00,PE,ATM+2,14.12,3762225,24800.0,24698.75,175.05,181.55,175.05,177.95,264750,1754293440
2025-08-04 13:15:00,PE,ATM+2,13.96,3762225,24800.0,24698.9,177.6,179.5,176.3,176.3,101925,1754293500
2025-08-04 13:16:00,PE,ATM+2,13.99,3764325,24800.0,24703.75,175.75,177.15,172.5,173.8,89700,1754293560
2025-08-04 13:17:00,PE,ATM+2,14.08,3764325,24800.0,24697.4,174.0,179.75,173.7,178.75,114525,1754293620
2025-08-04 13:18:00,PE,ATM+2,14.06,3764325,24800.0,24695.35,178.25,181.0,177.55,179.2,116550,1754293680
2025-08-04 13:19:00,PE,ATM+2,14.06,3771375,24800.0,24693.6,178.8,181.8,178.5,180.35,88950,1754293740
2025-08-04 13:20:00,PE,ATM+2,14.02,3771375,24800.0,24690.8,180.9,181.85,175.4,181.55,187275,1754293800
2025-08-04 13:21:00,PE,ATM+2,13.94,3771375,24800.0,24687.95,181.65,183.8,181.05,182.6,309600,1754293860
2025-08-04 13:22:00,PE,ATM+2,13.9,3731850,24800.0,24689.75,182.65,183.35,180.85,181.8,85950,1754293920
2025-08-04 13:23:00,PE,ATM+2,13.94,3731850,24800.0,24689.6,182.7,184.05,180.65,181.75,109650,1754293980
2025-08-04 13:24:00,PE,ATM+2,13.91,3731850,24800.0,24688.25,181.4,183.7,176.9,181.7,125475,1754294040
2025-08-04 13:25:00,PE,ATM+2,13.84,3714975,24800.0,24684.15,181.0,185.4,180.8,184.25,171375,1754294100
2025-08-04 13:26:00,PE,ATM+2,13.99,3714975,24800.0,24685.55,184.35,184.65,180.3,184.2,121275,1754294160
2025-08-04 13:27:00,PE,ATM+2,13.73,2104500,24750.0,24671.65,154.3,161.15,154.3,161.15,602625,1754294220
2025-08-04 13:28:00,PE,ATM+2,12.91,2061300,24750.0,24649.15,160.0,169.9,160.0,164.9,735825,1754294280
2025-08-04 13:29:00,PE,ATM+2,13.77,2061300,24750.0,24668.8,165.0,165.2,159.9,161.4,266100,1754294340
2025-08-04 13:30:00,PE,ATM+2,13.85,3598875,24800.0,24679.8,190.75,193.8,182.15,187.2,224625,1754294400
2025-08-04 13:31:00,PE,ATM+2,13.91,3334050,24800.0,24678.5,186.95,189.2,185.65,188.4,115875,1754294460
2025-08-04 13:32:00,PE,ATM+2,13.74,3334050,24800.0,24681.9,187.5,189.2,183.3,184.5,99150,1754294520
2025-08-04 13:33:00,PE,ATM+2,13.74,3334050,24800.0,24688.5,184.9,184.9,176.9,180.45,179775,1754294580
2025-08-04 13:34:00,PE,ATM+2,13.73,3364950,24800.0,24687.15,180.0,181.7,179.1,181.0,65100,1754294640
2025-08-04 13:35:00,PE,ATM+2,13.91,3364950,24800.0,24688.15,180.95,184.5,180.6,182.5,134250,1754294700
2025-08-04 13:36:00,PE,ATM+2,13.88,3364950,24800.0,24679.8,183.05,189.45,182.85,186.95,122250,1754294760
2025-08-04 13:37:00,PE,ATM+2,13.91,3370500,24800.0,24683.95,187.45,187.45,182.0,184.75,51000,1754294820
2025-08-04 13:38:00,PE,ATM+2,13.91,3370500,24800.0,24684.95,185.6,185.6,180.3,184.0,48150,1754294880
2025-08-04 13:39:00,PE,ATM+2,13.81,3370500,24800.0,24689.35,184.2,184.2,180.0,180.75,61425,1754294940
2025-08-04 13:40:00,PE,ATM+2,13.93,3366300,24800.0,24689.3,181.5,183.35,180.75,181.4,36525,1754295000
2025-08-04 13:41:00,PE,ATM+2,13.94,3366300,24800.0,24690.95,180.95,185.6,179.35,180.25,61050,1754295060
2025-08-04 13:42:00,PE,ATM+2,13.77,3366300,24800.0,24697.4,180.05,180.25,174.4,175.0,130650,1754295120
2025-08-04 13:43:00,PE,ATM+2,13.91,3366150,24800.0,24694.9,175.2,177.9,175.2,177.6,53550,1754295180
2025-08-04 13:44:00,PE,ATM+2,13.62,3366150,24800.0,24701.7,176.8,176.8,171.3,171.8,89175,1754295240
2025-08-04 13:45:00,PE,ATM+2,13.8,3366150,24800.0,24708.0,172.45,173.55,167.45,169.45,201675,1754295300
2025-08-04 13:46:00,PE,ATM+2,13.65,584625,24850.0,24726.5,200.9,200.9,184.65,185.5,78225,1754295360
2025-08-04 13:47:00,PE,ATM+2,13.77,584625,24850.0,24730.25,183.65,188.0,182.45,185.6,111150,1754295420
2025-08-04 13:48:00,PE,ATM+2,13.81,584625,24850.0,24725.25,185.45,188.5,182.25,188.35,58725,1754295480
2025-08-04 13:49:00,PE,ATM+2,13.54,3559575,24800.0,24719.5,157.15,160.6,157.15,160.6,277125,1754295540
2025-08-04 13:50:00,PE,ATM+2,13.5,3559575,24800.0,24720.2,159.9,160.7,158.65,159.5,147000,1754295600
2025-08-04 13:51:00,PE,ATM+2,13.55,3559575,24800.0,24717.6,159.2,162.6,158.4,161.45,170475,1754295660
2025-08-04 13:52:00,PE,ATM+2,13.45,3580125,24800.0,24715.8,161.4,162.15,160.35,161.4,104325,1754295720
2025-08-04 13:53:00,PE,ATM+2,13.52,3580125,24800.0,24714.0,161.95,163.85,161.35,162.9,144000,1754295780
2025-08-04 13:54:00,PE,ATM+2,13.41,3580125,24800.0,24719.2,162.5,162.6,158.65,159.1,116775,1754295840
2025-08-04 13:55:00,PE,ATM+2,13.54,3586575,24800.0,24718.7,159.05,161.55,159.0,160.65,71175,1754295900
2025-08-04 13:56:00,PE,ATM+2,13.32,3586575,24800.0,24717.1,160.6,163.05,159.7,159.7,122325,1754295960
2025-08-04 13:57:00,PE,ATM+2,13.59,3586575,24800.0,24718.3,160.35,161.25,158.55,161.25,61050,1754296020
2025-08-04 13:58:00,PE,ATM+2,13.52,3609450,24800.0,24720.55,160.55,161.0,159.0,159.8,61800,1754296080
2025-08-04 13:59:00,PE,ATM+2,13.65,3609450,24800.0,24718.65,159.65,161.9,158.2,161.8,39150,1754296140
2025-08-04 14:00:00,PE,ATM+2,13.62,3609450,24800.0,24720.95,161.45,161.55,156.25,160.0,135900,1754296200
2025-08-04 14:01:00,PE,ATM+2,13.56,3638775,24800.0,24722.95,159.6,160.45,157.75,158.0,91050,1754296260
2025-08-04 14:02:00,PE,ATM+2,13.4,3638775,24800.0,24700.6,158.0,171.0,157.55,170.2,476325,1754296320
2025-08-04 14:03:00,PE,ATM+2,12.68,3638775,24800.0,24686.05,171.75,177.0,168.9,171.5,503700,1754296380
2025-08-04 14:04:00,PE,ATM+2,13.54,3526950,24800.0,24699.0,170.55,172.3,165.0,172.3,303300,1754296440
2025-08-04 14:05:00,PE,ATM+2,13.59,3526950,24800.0,24705.05,171.4,172.25,168.75,168.95,137025,1754296500
2025-08-04 14:06:00,PE,ATM+2,13.6,3526950,24800.0,24709.35,168.75,169.3,166.2,166.8,97800,1754296560
2025-08-04 14:07:00,PE,ATM+2,13.5,3541875,24800.0,24710.35,166.55,168.75,164.6,164.75,109350,1754296620
2025-08-04 14:08:00,PE,ATM+2,13.54,3541875,24800.0,24714.35,165.0,166.0,162.7,162.75,142125,1754296680
2025-08-04 14:09:00,PE,ATM+2,13.54,3541875,24800.0,24722.4,162.6,163.2,157.55,158.3,169950,1754296740
2025-08-04 14:10:00,PE,ATM+2,13.8,3573825,24800.0,24718.0,159.65,164.7,158.65,163.6,196350,1754296800
2025-08-04 14:11:00,PE,ATM+2,13.59,3573825,24800.0,24717.15,163.05,163.65,161.0,161.8,82575,1754296860
2025-08-04 14:12:00,PE,ATM+2,13.59,3573825,24800.0,24719.95,161.0,161.8,160.0,160.6,74775,1754296920
2025-08-04 14:13:00,PE,ATM+2,13.54,3647775,24800.0,24720.1,160.8,163.25,159.4,159.55,79050,1754296980
2025-08-04 14:14:00,PE,ATM+2,13.53,3647775,24800.0,24719.45,159.8,161.0,159.2,159.5,63150,1754297040
2025-08-04 14:15:00,PE,ATM+2,13.58,3647775,24800.0,24721.4,159.7,161.0,158.05,159.25,130350,1754297100
2025-08-04 14:16:00,PE,ATM+2,13.66,3683775,24800.0,24716.1,158.9,162.6,158.9,162.6,69000,1754297160
2025-08-04 14:17:00,PE,ATM+2,13.74,3683775,24800.0,24721.65,162.35,162.35,157.9,160.5,90600,1754297220
2025-08-04 14:18:00,PE,ATM+2,13.63,3683775,24800.0,24718.35,160.45,163.4,160.3,161.35,94425,1754297280
2025-08-04 14:19:00,PE,ATM+2,13.48,3729525,24800.0,24720.0,161.5,161.55,159.45,159.55,68625,1754297340
2025-08-04 14:20:00,PE,ATM+2,13.63,3729525,24800.0,24719.2,160.3,162.7,160.3,161.25,51000,1754297400
2025-08-04 14:21:00,PE,ATM+2,13.56,622200,24850.0,24726.05,191.5,193.85,186.0,186.4,36000,1754297460
2025-08-04 14:22:00,PE,ATM+2,13.61,3820350,24800.0,24717.45,155.8,161.7,155.8,161.25,113775,1754297520
2025-08-04 14:23:00,PE,ATM+2,13.55,3820350,24800.0,24718.45,160.9,160.9,158.95,160.6,56625,1754297580
2025-08-04 14:24:00,PE,ATM+2,13.48,3820350,24800.0,24717.45,160.2,161.7,159.35,161.0,59625,1754297640
2025-08-04 14:25:00,PE,ATM+2,13.55,3828975,24800.0,24718.2,161.0,164.25,160.3,160.85,179025,1754297700
2025-08-04 14:26:00,PE,ATM+2,13.56,3828975,24800.0,24717.15,161.25,163.95,159.2,162.5,124275,1754297760
2025-08-04 14:27:00,PE,ATM+2,13.58,3828975,24800.0,24718.4,162.25,163.0,160.8,161.1,60075,1754297820
2025-08-04 14:28:00,PE,ATM+2,13.47,3865950,24800.0,24721.55,161.65,161.65,158.0,158.0,100200,1754297880
2025-08-04 14:29:00,PE,ATM+2,13.55,3865950,24800.0,24721.8,157.9,159.0,157.25,158.5,106650,1754297940
2025-08-04 14:30:00,PE,ATM+2,13.7,3865950,24800.0,24719.2,158.75,161.95,155.8,161.3,153975,1754298000
2025-08-04 14:31:00,PE,ATM+2,13.54,637875,24850.0,24728.45,192.05,192.9,182.15,185.1,52050,1754298060
2025-08-04 14:32:00,PE,ATM+2,13.55,637875,24850.0,24725.65,185.35,187.55,183.35,186.55,32325,1754298120
2025-08-04 14:33:00,PE,ATM+2,13.42,637875,24850.0,24728.8,186.35,186.6,180.6,183.65,39300,1754298180
2025-08-04 14:34:00,PE,ATM+2,13.4,641700,24850.0,24730.05,183.9,185.35,182.25,182.65,13950,1754298240
2025-08-04 14:35:00,PE,ATM+2,13.33,3844575,24800.0,24718.5,152.75,158.95,152.6,158.95,186450,1754298300
2025-08-04 14:36:00,PE,ATM+2,13.66,3844575,24800.0,24718.0,159.35,165.6,159.35,162.2,412200,1754298360
2025-08-04 14:37:00,PE,ATM+2,13.55,3814500,24800.0,24714.25,162.2,165.5,161.6,163.15,220950,1754298420
2025-08-04 14:38:00,PE,ATM+2,13.71,3814500,24800.0,24714.6,162.85,165.15,161.4,165.1,141150,1754298480
2025-08-04 14:39:00,PE,ATM+2,13.72,3814500,24800.0,24718.9,164.0,165.0,161.6,162.1,108225,1754298540
2025-08-04 14:40:00,PE,ATM+2,13.37,3785925,24800.0,24714.9,161.75,164.0,156.2,161.05,249225,1754298600
2025-08-04 14:41:00,PE,ATM+2,13.38,3785925,24800.0,24711.7,161.0,164.6,160.85,162.45,186900,1754298660
2025-08-04 14:42:00,PE,ATM+2,13.48,3785925,24800.0,24712.25,162.2,164.5,161.35,163.5,105000,1754298720
2025-08-04 14:43:00,PE,ATM+2,13.45,3889050,24800.0,24713.05,162.7,164.0,161.7,162.8,106650,1754298780
2025-08-04 14:44:00,PE,ATM+2,13.25,3889050,24800.0,24699.3,162.95,169.95,162.95,169.95,312150,1754298840
2025-08-04 14:45:00,PE,ATM+2,13.07,3889050,24800.0,24691.35,168.55,172.45,166.4,169.75,514500,1754298900
2025-08-04 14:46:00,PE,ATM+2,13.48,3699900,24800.0,24710.3,166.0,167.5,161.75,164.55,304050,1754298960
2025-08-04 14:47:00,PE,ATM+2,13.33,3699900,24800.0,24713.1,163.0,163.5,159.7,161.5,221775,1754299020
2025-08-04 14:48:00,PE,ATM+2,13.26,3699900,24800.0,24716.6,160.7,161.4,158.0,158.95,137025,1754299080
2025-08-04 14:49:00,PE,ATM+2,13.07,3758850,24800.0,24716.15,159.2,159.25,155.75,157.3,125175,1754299140
2025-08-04 14:50:00,PE,ATM+2,13.3,3758850,24800.0,24719.8,157.85,159.25,156.55,157.2,88200,1754299200
2025-08-04 14:51:00,PE,ATM+2,13.3,619200,24850.0,24727.45,188.0,188.0,182.3,182.65,40875,1754299260
2025-08-04 14:52:00,PE,ATM+2,13.27,3821400,24800.0,24723.95,152.15,155.8,152.0,154.85,152100,1754299320
2025-08-04 14:53:00,PE,ATM+2,13.47,628800,24850.0,24726.35,186.1,187.05,185.0,185.15,13500,1754299380
2025-08-04 14:54:00,PE,ATM+2,13.81,628800,24850.0,24727.4,185.45,188.25,185.4,186.8,32400,1754299440
2025-08-04 14:55:00,PE,ATM+2,13.52,645750,24850.0,24725.85,186.85,191.15,185.65,185.75,36150,1754299500
2025-08-04 14:56:00,PE,ATM+2,13.66,645750,24850.0,24726.75,185.95,188.55,185.95,187.15,13725,1754299560
2025-08-04 14:57:00,PE,ATM+2,13.61,645750,24850.0,24726.75,187.0,187.0,185.35,186.2,10125,1754299620
2025-08-04 14:58:00,PE,ATM+2,13.43,3854400,24800.0,24723.6,155.6,157.85,155.6,156.9,76125,1754299680
2025-08-04 14:59:00,PE,ATM+2,13.81,650100,24850.0,24725.75,188.5,188.5,185.8,187.55,11250,1754299740
2025-08-04 15:00:00,PE,ATM+2,13.33,3854400,24800.0,24716.05,155.9,166.45,154.7,159.3,512250,1754299800
2025-08-04 15:01:00,PE,ATM+2,13.68,3740475,24800.0,24719.05,160.0,161.3,156.65,160.65,145350,1754299860
2025-08-04 15:02:00,PE,ATM+2,13.48,3740475,24800.0,24718.45,160.05,162.0,156.35,159.65,162150,1754299920
2025-08-04 15:03:00,PE,ATM+2,13.6,3740475,24800.0,24714.0,160.6,163.7,160.4,162.65,219975,1754299980
2025-08-04 15:04:00,PE,ATM+2,13.63,3703650,24800.0,24719.4,161.3,161.9,158.0,160.0,117150,1754300040
2025-08-04 15:05:00,PE,ATM+2,13.74,3703650,24800.0,24716.75,159.95,162.9,159.95,162.4,102675,1754300100
2025-08-04 15:06:00,PE,ATM+2,13.69,3703650,24800.0,24718.05,161.85,162.25,160.0,161.6,94500,1754300160
2025-08-04 15:07:00,PE,ATM+2,13.75,3668400,24800.0,24720.8,162.0,162.3,160.0,160.3,80400,1754300220
2025-08-04 15:08:00,PE,ATM+2,13.56,3668400,24800.0,24722.8,160.6,160.6,157.4,157.55,125025,1754300280
2025-08-04 15:09:00,PE,ATM+2,13.73,636600,24850.0,24725.25,189.2,189.2,184.85,187.7,37125,1754300340
2025-08-04 15:10:00,PE,ATM+2,13.71,3664650,24800.0,24724.95,156.5,158.3,155.75,157.7,124800,1754300400
2025-08-04 15:11:00,PE,ATM+2,13.5,3664650,24800.0,24720.5,157.8,160.85,157.8,158.1,112875,1754300460
2025-08-04 15:12:00,PE,ATM+2,13.75,3664650,24800.0,24718.95,158.5,161.3,157.75,161.3,180375,1754300520
2025-08-04 15:13:00,PE,ATM+2,13.6,3613200,24800.0,24714.65,161.4,163.0,160.3,162.65,133650,1754300580
2025-08-04 15:14:00,PE,ATM+2,13.68,3613200,24800.0,24719.25,162.7,162.8,158.8,160.45,118125,1754300640
2025-08-04 15:15:00,PE,ATM+2,13.03,3613200,24800.0,24723.5,160.95,161.2,152.15,152.15,223725,1754300700
2025-08-04 15:16:00,PE,ATM+2,12.98,3566850,24800.0,24723.3,153.2,154.5,151.05,151.4,186375,1754300760
2025-08-04 15:17:00,PE,ATM+2,12.98,3566850,24800.0,24721.5,150.95,153.25,148.75,152.9,183225,1754300820
2025-08-04 15:18:00,PE,ATM+2,13.07,3566850,24800.0,24721.3,152.9,154.8,152.8,153.7,180600,1754300880
2025-08-04 15:19:00,PE,ATM+2,13.0,3502350,24800.0,24723.15,152.9,153.3,150.75,152.0,80100,1754300940
2025-08-04 15:20:00,PE,ATM+2,13.23,583725,24850.0,24725.25,184.15,184.15,181.6,182.8,69675,1754301000
2025-08-04 15:21:00,PE,ATM+2,13.3,583725,24850.0,24726.15,182.65,183.8,182.4,182.8,18450,1754301060
2025-08-04 15:22:00,PE,ATM+2,13.36,540000,24850.0,24726.3,182.95,185.05,182.15,183.2,18675,1754301120
2025-08-04 15:23:00,PE,ATM+2,13.22,540000,24850.0,24731.6,183.25,183.6,178.8,178.8,32775,1754301180
2025-08-04 15:24:00,PE,ATM+2,13.21,540000,24850.0,24730.25,179.15,181.7,178.0,179.7,22350,1754301240
2025-08-04 15:25:00,PE,ATM+2,12.69,3225825,24800.0,24724.4,149.6,150.0,148.05,148.15,171450,1754301300
2025-08-04 15:26:00,PE,ATM+2,12.69,522075,24850.0,24726.95,178.3,178.95,175.3,177.4,56775,1754301360
2025-08-04 15:27:00,PE,ATM+2,12.95,522075,24850.0,24730.75,177.95,179.45,176.8,177.55,28350,1754301420
2025-08-04 15:28:00,PE,ATM+2,12.8,523350,24850.0,24729.9,177.9,179.0,175.85,175.85,27150,1754301480
2025-08-04 15:29:00,PE,ATM+2,12.63,523350,24850.0,24726.9,176.3,177.95,174.1,176.45,52350,1754301540
2025-08-05 09:15:00,PE,ATM+2,14.34,3089475,24800.0,24714.6,156.8,177.9,150.05,158.15,724650,1754365500
2025-08-05 09:16:00,PE,ATM+2,14.31,3089475,24800.0,24696.2,158.05,171.6,158.05,168.1,748275,1754365560
2025-08-05 09:17:00,PE,ATM+2,14.11,3089475,24800.0,24706.3,169.9,169.95,157.2,159.7,547875,1754365620
2025-08-05 09:18:00,PE,ATM+2,13.78,3431175,24800.0,24700.95,162.25,166.0,158.95,160.5,353700,1754365680
2025-08-05 09:19:00,PE,ATM+2,14.06,3431175,24800.0,24690.6,162.65,169.15,160.5,168.9,451875,1754365740
2025-08-05 09:20:00,PE,ATM+2,14.37,3431175,24800.0,24693.55,170.8,174.2,164.45,169.5,815100,1754365800
2025-08-05 09:21:00,PE,ATM+2,14.09,3765450,24800.0,24686.75,171.6,175.5,168.55,171.6,612225,1754365860
2025-08-05 09:22:00,PE,ATM+2,14.13,3765450,24800.0,24688.35,173.1,175.4,168.6,170.3,476925,1754365920
2025-08-05 09:23:00,PE,ATM+2,14.12,3765450,24800.0,24696.9,169.0,170.0,163.2,165.45,378825,1754365980
2025-08-05 09:24:00,PE,ATM+2,13.98,3847275,24800.0,24680.05,165.7,175.4,165.7,174.85,458700,1754366040
2025-08-05 09:25:00,PE,ATM+2,13.71,3847275,24800.0,24677.9,174.45,180.0,170.65,173.9,725550,1754366100
2025-08-05 09:26:00,PE,ATM+2,13.63,3847275,24800.0,24675.95,173.35,178.8,169.65,175.15,393525,1754366160
2025-08-05 09:27:00,PE,ATM+2,13.46,3891825,24800.0,24675.35,174.35,178.6,173.75,174.05,302775,1754366220
2025-08-05 09:28:00,PE,ATM+2,13.69,3891825,24800.0,24675.05,173.5,181.4,173.5,175.6,691650,1754366280
2025-08-05 09:29:00,PE,ATM+2,13.56,2810325,24750.0,24673.0,144.25,146.05,143.1,145.25,222600,1754366340
2025-08-05 09:30:00,PE,ATM+2,13.84,3708825,24800.0,24675.6,178.2,178.5,169.35,176.6,370350,1754366400
2025-08-05 09:31:00,PE,ATM+2,13.35,2727450,24750.0,24667.45,144.3,150.65,142.45,146.85,621225,1754366460
2025-08-05 09:32:00,PE,ATM+2,13.4,2727450,24750.0,24664.9,146.7,150.75,145.3,148.45,347775,1754366520
2025-08-05 09:33:00,PE,ATM+2,13.42,2726175,24750.0,24666.85,147.85,151.6,146.2,147.5,332400,1754366580
2025-08-05 09:34:00,PE,ATM+2,13.72,3692550,24800.0,24675.25,179.85,180.85,174.85,176.0,243300,1754366640
2025-08-05 09:35:00,PE,ATM+2,13.68,2726175,24750.0,24674.15,144.15,147.25,142.95,144.4,237300,1754366700
2025-08-05 09:36:00,PE,ATM+2,14.14,2688975,24750.0,24656.65,145.05,161.0,143.85,160.0,841350,1754366760
2025-08-05 09:37:00,PE,ATM+2,14.28,2688975,24750.0,24647.65,160.1,170.9,159.9,166.05,1105125,1754366820
2025-08-05 09:38:00,PE,ATM+2,14.28,2688975,24750.0,24638.85,165.4,173.55,165.05,171.3,461025,1754366880
2025-08-05 09:39:00,PE,ATM+2,14.09,2280075,24750.0,24633.45,170.55,174.95,169.0,174.1,294150,1754366940
2025-08-05 09:40:00,PE,ATM+2,14.11,2280075,24750.0,24631.1,174.9,177.45,173.3,174.8,396675,1754367000
2025-08-05 09:41:00,PE,ATM+2,14.12,2280075,24750.0,24632.75,174.95,178.0,168.05,173.9,413175,1754367060
2025-08-05 09:42:00,PE,ATM+2,13.84,2185650,24750.0,24638.6,173.3,174.1,166.4,167.45,161100,1754367120
2025-08-05 09:43:00,PE,ATM+2,14.27,2185650,24750.0,24639.1,165.9,172.6,162.05,171.0,341325,1754367180
2025-08-05 09:44:00,PE,ATM+2,14.43,2185650,24750.0,24631.9,169.85,177.35,169.85,176.75,333375,1754367240
2025-08-05 09:45:00,PE,ATM+2,13.93,9186300,24700.0,24622.7,144.8,150.0,143.35,147.7,1728375,1754367300
2025-08-05 09:46:00,PE,ATM+2,13.93,2127075,24750.0,24626.55,179.95,180.7,173.4,175.8,242400,1754367360
2025-08-05 09:47:00,PE,ATM+2,14.24,9186300,24700.0,24619.7,143.4,153.0,143.2,152.1,886050,1754367420
2025-08-05 09:48:00,PE,ATM+2,14.01,8649900,24700.0,24616.0,155.0,158.0,150.55,152.35,1986225,1754367480
2025-08-05 09:49:00,PE,ATM+2,14.09,8649900,24700.0,24615.4,152.05,154.6,150.2,153.15,643800,1754367540
2025-08-05 09:50:00,PE,ATM+2,13.88,8649900,24700.0,24614.25,154.05,158.5,151.85,152.9,1062300,1754367600
2025-08-05 09:51:00,PE,ATM+2,13.75,8265900,24700.0,24620.7,152.7,153.9,146.45,147.45,880500,1754367660
2025-08-05 09:52:00,PE,ATM+2,13.81,8265900,24700.0,24615.1,148.3,155.2,148.3,150.8,560475,1754367720
2025-08-05 09:53:00,PE,ATM+2,13.83,8265900,24700.0,24617.75,152.0,154.25,148.2,149.85,468000,1754367780
2025-08-05 09:54:00,PE,ATM+2,13.96,8198625,24700.0,24614.55,150.0,156.2,145.5,152.75,896850,1754367840
2025-08-05 09:55:00,PE,ATM+2,13.91,8198625,24700.0,24613.25,152.6,153.5,149.15,152.65,368400,1754367900
2025-08-05 09:56:00,PE,ATM+2,13.93,8198625,24700.0,24620.9,152.45,152.65,147.65,149.0,376050,1754367960
2025-08-05 09:57:00,PE,ATM+2,13.98,8201925,24700.0,24622.3,149.7,151.25,147.0,148.5,265350,1754368020
2025-08-05 09:58:00,PE,ATM+2,13.86,8201925,24700.0,24604.25,149.2,159.2,149.2,158.5,1074900,1754368080
2025-08-05 09:59:00,PE,ATM+2,14.02,8201925,24700.0,24605.1,158.75,163.4,154.3,158.7,1368150,1754368140
2025-08-05 10:00:00,PE,ATM+2,14.19,7988550,24700.0,24597.4,157.85,166.4,157.7,164.85,1004400,1754368200
2025-08-05 10:01:00,PE,ATM+2,14.14,7988550,24700.0,24599.35,164.05,166.55,158.35,163.65,766575,1754368260
2025-08-05 10:02:00,PE,ATM+2,13.88,7988550,24700.0,24611.5,162.75,164.4,153.25,153.5,743325,1754368320
2025-08-05 10:03:00,PE,ATM+2,13.96,7776375,24700.0,24615.1,154.45,154.5,150.9,152.3,477975,1754368380
2025-08-05 10:04:00,PE,ATM+2,13.96,7776375,24700.0,24615.1,152.3,152.3,152.3,152.3,0,1754368440
2025-08-05 10:05:00,PE,ATM+2,13.88,7776375,24700.0,24612.7,154.0,155.8,152.0,153.0,299025,1754368500
2025-08-05 10:06:00,PE,ATM+2,14.05,7905525,24700.0,24618.5,154.25,155.8,148.65,151.0,457725,1754368560
2025-08-05 10:07:00,PE,ATM+2,14.13,7905525,24700.0,24619.75,150.45,154.05,149.0,150.55,354750,1754368620
2025-08-05 10:08:00,PE,ATM+2,14.31,7905525,24700.0,24621.9,150.4,152.15,149.0,151.5,214425,1754368680
2025-08-05 10:09:00,PE,ATM+2,14.41,1876875,24750.0,24633.65,184.0,184.35,173.8,175.15,169050,1754368740
2025-08-05 10:10:00,PE,ATM+2,14.22,7853025,24700.0,24622.65,143.15,150.5,143.05,149.9,609225,1754368800
2025-08-05 10:11:00,PE,ATM+2,13.93,7853025,24700.0,24621.9,150.35,152.9,148.0,148.0,605925,1754368860
2025-08-05 10:12:00,PE,ATM+2,14.31,7930650,24700.0,24624.5,147.6,149.55,145.75,149.55,275175,1754368920
2025-08-05 10:13:00,PE,ATM+2,14.14,7930650,24700.0,24611.8,149.0,157.15,148.2,155.65,626250,1754368980
2025-08-05 10:14:00,PE,ATM+2,14.14,7930650,24700.0,24618.75,154.95,157.0,149.25,151.55,497475,1754369040
2025-08-05 10:15:00,PE,ATM+2,14.03,8005650,24700.0,24617.3,151.95,155.2,150.3,151.4,343725,1754369100
2025-08-05 10:16:00,PE,ATM+2,13.97,8005650,24700.0,24619.0,151.8,152.45,146.75,149.9,351525,1754369160
2025-08-05 10:17:00,PE,ATM+2,14.08,8005650,24700.0,24623.85,149.95,151.25,147.3,148.15,218250,1754369220
2025-08-05 10:18:00,PE,ATM+2,14.22,1844250,24750.0,24627.95,180.25,180.4,176.35,177.15,61125,1754369280
2025-08-05 10:19:00,PE,ATM+2,13.98,1844250,24750.0,24634.8,177.0,177.3,169.45,171.4,173025,1754369340
2025-08-05 10:20:00,PE,ATM+2,14.23,1844250,24750.0,24631.0,173.25,177.0,172.65,175.1,113925,1754369400
2025-08-05 10:21:00,PE,ATM+2,14.17,1771425,24750.0,24631.3,175.5,177.0,173.2,174.4,53850,1754369460
2025-08-05 10:22:00,PE,ATM+2,13.85,1771425,24750.0,24637.55,175.05,175.7,168.5,168.6,88425,1754369520
2025-08-05 10:23:00,PE,ATM+2,13.91,1771425,24750.0,24639.1,168.35,169.6,167.05,168.05,70050,1754369580
2025-08-05 10:24:00,PE,ATM+2,14.13,1774200,24750.0,24642.6,167.75,168.25,164.2,166.6,128775,1754369640
2025-08-05 10:25:00,PE,ATM+2,14.02,1774200,24750.0,24634.45,166.3,175.0,164.85,171.75,165750,1754369700
2025-08-05 10:26:00,PE,ATM+2,14.06,1774200,24750.0,24636.75,171.45,173.85,170.05,170.4,60150,1754369760
2025-08-05 10:27:00,PE,ATM+2,14.22,1769625,24750.0,24626.25,171.45,178.35,170.25,178.0,101775,1754369820
2025-08-05 10:28:00,PE,ATM+2,14.21,1769625,24750.0,24628.6,178.45,181.5,173.15,177.0,157050,1754369880
2025-08-05 10:29:00,PE,ATM+2,14.29,1769625,24750.0,24625.8,177.05,179.65,174.9,179.5,56175,1754369940
2025-08-05 10:30:00,PE,ATM+2,14.03,8161875,24700.0,24615.95,147.0,152.5,145.9,152.5,590700,1754370000
2025-08-05 10:31:00,PE,ATM+2,13.88,8161875,24700.0,24607.6,151.85,156.75,151.85,155.35,1024500,1754370060
2025-08-05 10:32:00,PE,ATM+2,13.97,8161875,24700.0,24606.9,155.65,157.2,153.7,156.55,601650,1754370120
2025-08-05 10:33:00,PE,ATM+2,13.79,7951050,24700.0,24609.05,156.15,156.8,152.9,154.45,345825,1754370180
2025-08-05 10:34:00,PE,ATM+2,13.55,7951050,24700.0,24613.4,154.15,154.8,148.45,149.55,346950,1754370240
2025-08-05 10:35:00,PE,ATM+2,13.76,7951050,24700.0,24618.7,149.9,152.7,146.2,147.8,425100,1754370300
2025-08-05 10:36:00,PE,ATM+2,13.85,7977675,24700.0,24616.65,147.8,151.95,147.15,150.15,255375,1754370360
2025-08-05 10:37:00,PE,ATM+2,13.63,7977675,24700.0,24613.35,149.15,152.2,149.15,150.4,272625,1754370420
2025-08-05 10:38:00,PE,ATM+2,13.43,7977675,24700.0,24624.5,149.5,149.85,139.85,142.15,719250,1754370480
2025-08-05 10:39:00,PE,ATM+2,13.78,1781475,24750.0,24630.45,175.35,175.35,169.4,172.15,94125,1754370540
2025-08-05 10:40:00,PE,ATM+2,13.46,8096775,24700.0,24620.75,140.8,145.9,138.2,143.6,456375,1754370600
2025-08-05 10:41:00,PE,ATM+2,13.43,8096775,24700.0,24622.5,142.85,145.9,142.85,144.45,402150,1754370660
2025-08-05 10:42:00,PE,ATM+2,13.2,8123400,24700.0,24604.2,145.3,155.45,145.3,150.55,1274175,1754370720
2025-08-05 10:43:00,PE,ATM+2,13.44,8123400,24700.0,24609.75,150.65,152.4,148.15,150.5,407475,1754370780
2025-08-05 10:44:00,PE,ATM+2,13.56,8123400,24700.0,24615.85,150.1,150.75,147.45,148.1,284925,1754370840
2025-08-05 10:45:00,PE,ATM+2,13.55,8207325,24700.0,24612.8,148.4,153.0,148.4,149.5,380775,1754370900
2025-08-05 10:46:00,PE,ATM+2,13.76,8207325,24700.0,24613.95,149.8,151.1,147.0,150.5,220875,1754370960
2025-08-05 10:47:00,PE,ATM+2,13.66,8207325,24700.0,24608.15,149.85,155.7,149.85,153.1,433800,1754371020
2025-08-05 10:48:00,PE,ATM+2,13.7,8161500,24700.0,24611.25,153.3,153.95,149.95,152.0,259800,1754371080
2025-08-05 10:49:00,PE,ATM+2,13.55,8161500,24700.0,24611.0,151.7,154.8,150.4,150.6,221475,1754371140
2025-08-05 10:50:00,PE,ATM+2,13.59,8161500,24700.0,24619.1,151.0,151.3,145.1,146.7,383250,1754371200
2025-08-05 10:51:00,PE,ATM+2,13.6,8086950,24700.0,24620.6,146.75,148.5,145.55,145.55,153825,1754371260
2025-08-05 10:52:00,PE,ATM+2,13.71,8086950,24700.0,24624.75,145.6,146.35,142.55,144.05,357000,1754371320
2025-08-05 10:53:00,PE,ATM+2,13.72,8086950,24700.0,24623.8,143.55,145.0,141.8,144.4,256575,1754371380
2025-08-05 10:54:00,PE,ATM+2,13.78,1740675,24750.0,24626.9,176.05,177.15,172.8,174.05,68700,1754371440
2025-08-05 10:55:00,PE,ATM+2,13.48,8113425,24700.0,24623.35,142.2,145.65,141.95,143.0,274050,1754371500
2025-08-05 10:56:00,PE,ATM+2,13.68,8113425,24700.0,24619.95,144.0,147.65,143.5,145.75,219900,1754371560
2025-08-05 10:57:00,PE,ATM+2,13.66,8211600,24700.0,24620.9,145.05,147.3,144.3,146.1,155100,1754371620
2025-08-05 10:58:00,PE,ATM+2,13.54,8211600,24700.0,24617.55,145.85,147.3,144.0,146.8,184425,1754371680
2025-08-05 10:59:00,PE,ATM+2,13.51,8211600,24700.0,24620.2,147.0,147.5,144.95,145.05,127800,1754371740
2025-08-05 11:00:00,PE,ATM+2,13.5,8244600,24700.0,24619.15,145.05,148.0,143.7,145.55,204000,1754371800
2025-08-05 11:01:00,PE,ATM+2,13.68,8244600,24700.0,24620.75,146.45,146.6,143.0,146.6,133125,1754371860
2025-08-05 11:02:00,PE,ATM+2,13.29,8244600,24700.0,24624.3,146.5,149.0,140.7,140.85,327825,1754371920
2025-08-05 11:03:00,PE,ATM+2,13.66,8181525,24700.0,24625.0,141.05,143.35,140.0,143.35,297000,1754371980
2025-08-05 11:04:00,PE,ATM+2,13.29,8181525,24700.0,24624.05,143.6,143.85,141.0,141.15,129450,1754372040
2025-08-05 11:05:00,PE,ATM+2,13.33,8181525,24700.0,24624.15,142.05,143.5,141.0,141.6,143175,1754372100
2025-08-05 11:06:00,PE,ATM+2,13.61,8208900,24700.0,24620.25,142.55,147.25,142.55,145.95,265350,1754372160
2025-08-05 11:07:00,PE,ATM+2,13.54,8208900,24700.0,24618.1,145.8,148.3,144.2,146.75,214650,1754372220
2025-08-05 11:08:00,PE,ATM+2,13.58,8208900,24700.0,24613.15,146.4,150.35,146.3,150.35,304875,1754372280
2025-08-05 11:09:00,PE,ATM+2,14.03,8071800,24700.0,24607.45,150.4,157.0,148.7,156.6,752100,1754372340
2025-08-05 11:10:00,PE,ATM+2,13.77,8071800,24700.0,24611.2,156.25,159.0,151.35,151.35,755700,1754372400
2025-08-05 11:11:00,PE,ATM+2,13.63,8071800,24700.0,24616.05,151.25,152.3,147.15,148.4,443400,1754372460
2025-08-05 11:12:00,PE,ATM+2,13.63,7919625,24700.0,24623.3,148.9,149.4,144.6,144.65,314400,1754372520
2025-08-05 11:13:00,PE,ATM+2,13.81,1692225,24750.0,24629.45,177.25,178.8,170.85,171.8,123525,1754372580
2025-08-05 11:14:00,PE,ATM+2,13.66,1692225,24750.0,24635.0,172.05,172.8,167.8,168.5,137700,1754372640
2025-08-05 11:15:00,PE,ATM+2,13.85,1719525,24750.0,24628.55,168.75,174.0,168.65,173.75,109650,1754372700
2025-08-05 11:16:00,PE,ATM+2,13.78,1719525,24750.0,24635.35,174.25,174.8,167.05,168.8,102675,1754372760
2025-08-05 11:17:00,PE,ATM+2,13.68,1719525,24750.0,24632.8,169.15,172.0,168.4,169.35,45825,1754372820
2025-08-05 11:18:00,PE,ATM+2,13.58,1737075,24750.0,24636.3,170.0,170.0,166.05,166.95,73500,1754372880
2025-08-05 11:19:00,PE,ATM+2,13.61,1737075,24750.0,24640.55,167.15,168.5,163.15,163.9,116850,1754372940
2025-08-05 11:20:00,PE,ATM+2,13.6,1737075,24750.0,24636.7,163.9,168.45,163.9,166.35,89850,1754373000
2025-08-05 11:21:00,PE,ATM+2,13.54,1757400,24750.0,24636.8,166.45,168.75,162.45,166.0,97125,1754373060
2025-08-05 11:22:00,PE,ATM+2,13.68,1757400,24750.0,24634.55,167.0,169.2,166.05,168.0,67800,1754373120
2025-08-05 11:23:00,PE,ATM+2,13.74,1757400,24750.0,24641.9,168.0,168.0,162.9,163.7,62475,1754373180
2025-08-05 11:24:00,PE,ATM+2,13.59,1769850,24750.0,24645.15,163.75,165.45,161.3,161.55,94950,1754373240
2025-08-05 11:25:00,PE,ATM+2,13.68,1769850,24750.0,24644.05,161.55,163.0,160.25,162.4,93975,1754373300
2025-08-05 11:26:00,PE,ATM+2,13.76,1769850,24750.0,24639.9,162.55,166.9,161.9,165.5,90075,1754373360
2025-08-05 11:27:00,PE,ATM+2,13.91,1768350,24750.0,24642.65,165.5,167.2,163.5,164.9,40125,1754373420
2025-08-05 11:28:00,PE,ATM+2,13.84,1768350,24750.0,24643.75,165.1,165.65,163.0,163.45,28200,1754373480
2025-08-05 11:29:00,PE,ATM+2,13.63,1768350,24750.0,24637.1,163.55,167.05,163.55,166.2,47325,1754373540
2025-08-05 11:30:00,PE,ATM+2,13.7,1787100,24750.0,24629.1,166.4,173.45,166.4,172.0,165375,1754373600
2025-08-05 11:31:00,PE,ATM+2,13.17,8318700,24700.0,24621.2,139.9,143.6,139.55,140.85,788700,1754373660
2025-08-05 11:32:00,PE,ATM+2,13.43,8318700,24700.0,24624.2,141.15,142.0,138.4,141.3,394725,1754373720
2025-08-05 11:33:00,PE,ATM+2,13.32,8232525,24700.0,24621.0,141.45,142.95,141.2,142.5,278100,1754373780
2025-08-05 11:34:00,PE,ATM+2,13.26,8232525,24700.0,24619.35,142.65,144.6,142.05,143.0,312075,1754373840
2025-08-05 11:35:00,PE,ATM+2,13.15,8232525,24700.0,24624.65,143.0,143.0,138.6,139.1,312825,1754373900
2025-08-05 11:36:00,PE,ATM+2,13.63,1722375,24750.0,24627.1,171.8,173.65,169.85,172.75,54450,1754373960
2025-08-05 11:37:00,PE,ATM+2,13.3,1722375,24750.0,24632.25,172.9,174.95,166.9,166.9,53925,1754374020
2025-08-05 11:38:00,PE,ATM+2,13.38,1722375,24750.0,24631.45,167.55,168.7,163.95,168.35,81075,1754374080
2025-08-05 11:39:00,PE,ATM+2,13.21,1737075,24750.0,24629.15,168.35,170.5,167.0,168.15,35250,1754374140
2025-08-05 11:40:00,PE,ATM+2,12.98,1737075,24750.0,24629.45,168.45,169.25,165.8,165.8,32175,1754374200
2025-08-05 11:41:00,PE,ATM+2,13.23,1737075,24750.0,24634.35,166.8,166.8,162.7,164.6,52725,1754374260
2025-08-05 11:42:00,PE,ATM+2,13.13,1746975,24750.0,24633.0,164.75,166.65,163.75,164.4,30300,1754374320
2025-08-05 11:43:00,PE,ATM+2,13.23,1746975,24750.0,24628.95,164.3,171.35,164.2,167.1,59775,1754374380
2025-08-05 11:44:00,PE,ATM+2,13.05,1746975,24750.0,24632.9,167.35,168.3,163.9,164.2,38550,1754374440
2025-08-05 11:45:00,PE,ATM+2,13.07,1753125,24750.0,24629.75,164.65,166.85,164.65,166.25,24975,1754374500
2025-08-05 11:46:00,PE,ATM+2,13.16,1753125,24750.0,24631.55,166.8,170.95,165.5,165.5,57450,1754374560
2025-08-05 11:47:00,PE,ATM+2,13.23,1753125,24750.0,24634.05,165.85,167.5,164.5,165.15,22575,1754374620
2025-08-05 11:48:00,PE,ATM+2,13.15,1760700,24750.0,24633.45,165.2,166.65,164.4,164.4,17400,1754374680
2025-08-05 11:49:00,PE,ATM+2,13.45,1760700,24750.0,24632.35,164.15,167.75,164.15,167.35,25650,1754374740
2025-08-05 11:50:00,PE,ATM+2,13.3,1760700,24750.0,24634.25,166.85,167.05,164.9,165.55,27525,1754374800
2025-08-05 11:51:00,PE,ATM+2,13.26,1758975,24750.0,24630.55,165.55,169.1,165.5,166.05,34950,1754374860
2025-08-05 11:52:00,PE,ATM+2,13.28,1758975,24750.0,24633.5,166.55,166.85,164.25,165.3,27450,1754374920
2025-08-05 11:53:00,PE,ATM+2,13.03,1758975,24750.0,24625.95,166.05,170.1,166.05,168.35,37125,1754374980
2025-08-05 11:54:00,PE,ATM+2,13.32,1749225,24750.0,24628.5,168.9,169.5,166.75,168.85,36525,1754375040
2025-08-05 11:55:00,PE,ATM+2,13.07,8110050,24700.0,24622.85,136.95,140.5,136.65,140.0,488625,1754375100
2025-08-05 11:56:00,PE,ATM+2,13.26,8110050,24700.0,24624.1,140.1,140.4,138.35,140.2,241125,1754375160
2025-08-05 11:57:00,PE,ATM+2,13.08,8010600,24700.0,24619.6,140.35,143.85,140.15,141.6,436425,1754375220
2025-08-05 11:58:00,PE,ATM+2,13.05,8010600,24700.0,24620.6,141.8,142.2,139.0,139.85,270750,1754375280
2025-08-05 11:59:00,PE,ATM+2,13.2,8010600,24700.0,24624.7,139.85,140.4,137.85,138.75,268800,1754375340
2025-08-05 12:00:00,PE,ATM+2,13.07,7961475,24700.0,24619.8,138.6,141.45,138.5,140.75,202725,1754375400
2025-08-05 12:01:00,PE,ATM+2,13.16,7961475,24700.0,24621.25,140.45,141.0,139.05,140.2,198675,1754375460
2025-08-05 12:02:00,PE,ATM+2,12.96,1735650,24750.0,24625.75,172.0,172.8,167.8,167.8,67200,1754375520
2025-08-05 12:03:00,PE,ATM+2,12.97,7947075,24700.0,24621.65,135.85,140.6,135.85,138.95,224100,1754375580
2025-08-05 12:04:00,PE,ATM+2,13.05,7947075,24700.0,24624.9,139.0,139.15,137.2,137.95,98025,1754375640
2025-08-05 12:05:00,PE,ATM+2,12.97,7947075,24700.0,24624.1,138.0,139.9,137.2,137.5,126075,1754375700
2025-08-05 12:06:00,PE,ATM+2,13.15,1723275,24750.0,24628.7,170.2,170.2,166.55,167.35,38925,1754375760
2025-08-05 12:07:00,PE,ATM+2,13.0,1723275,24750.0,24627.95,167.85,167.85,165.65,166.2,36675,1754375820
2025-08-05 12:08:00,PE,ATM+2,13.17,1723275,24750.0,24630.3,166.1,167.3,164.3,165.35,42825,1754375880
2025-08-05 12:09:00,PE,ATM+2,13.05,1723875,24750.0,24629.7,165.65,167.15,165.0,165.85,23775,1754375940
2025-08-05 12:10:00,PE,ATM+2,12.58,1723875,24750.0,24641.45,165.1,166.3,154.3,154.3,147225,1754376000
2025-08-05 12:11:00,PE,ATM+2,12.67,1723875,24750.0,24655.65,154.9,155.75,146.3,146.55,283950,1754376060
2025-08-05 12:12:00,PE,ATM+2,12.88,1745475,24750.0,24659.9,146.9,146.9,136.8,144.95,312675,1754376120
2025-08-05 12:13:00,PE,ATM+2,12.79,1745475,24750.0,24659.75,144.35,145.75,141.2,144.4,118050,1754376180
2025-08-05 12:14:00,PE,ATM+2,12.54,1745475,24750.0,24658.1,143.75,145.45,142.7,143.95,85275,1754376240
2025-08-05 12:15:00,PE,ATM+2,12.6,1782225,24750.0,24658.1,146.75,149.0,142.95,145.1,162675,1754376300
2025-08-05 12:16:00,PE,ATM+2,12.72,1782225,24750.0,24652.2,145.6,149.1,143.5,148.65,148275,1754376360
2025-08-05 12:17:00,PE,ATM+2,12.62,1782225,24750.0,24653.75,149.35,149.35,146.05,147.25,75450,1754376420
2025-08-05 12:18:00,PE,ATM+2,12.65,1795725,24750.0,24653.65,147.65,148.5,145.95,146.8,51825,1754376480
2025-08-05 12:19:00,PE,ATM+2,12.68,1795725,24750.0,24659.45,147.15,147.15,140.0,143.8,170175,1754376540
2025-08-05 12:20:00,PE,ATM+2,12.55,1795725,24750.0,24657.35,143.25,147.05,143.15,144.15,69525,1754376600
2025-08-05 12:21:00,PE,ATM+2,12.65,1785225,24750.0,24662.0,144.6,147.3,140.55,142.2,67875,1754376660
2025-08-05 12:22:00,PE,ATM+2,12.83,1785225,24750.0,24665.05,142.4,144.55,140.6,142.0,72225,1754376720
2025-08-05 12:23:00,PE,ATM+2,12.69,1785225,24750.0,24661.65,142.85,145.65,141.0,143.7,64950,1754376780
2025-08-05 12:24:00,PE,ATM+2,12.73,1777650,24750.0,24662.0,143.4,144.15,142.2,143.3,37500,1754376840
2025-08-05 12:25:00,PE,ATM+2,12.72,1777650,24750.0,24656.1,143.7,149.0,143.25,147.75,127800,1754376900
2025-08-05 12:26:00,PE,ATM+2,12.98,1777650,24750.0,24656.65,147.95,152.4,147.85,149.3,177075,1754376960
2025-08-05 12:27:00,PE,ATM+2,12.96,1790775,24750.0,24660.95,149.55,149.9,143.05,146.05,88125,1754377020
2025-08-05 12:28:00,PE,ATM+2,13.05,1790775,24750.0,24655.9,145.75,151.15,145.55,150.0,101100,1754377080
2025-08-05 12:29:00,PE,ATM+2,13.22,1790775,24750.0,24657.1,149.9,150.9,149.0,150.2,65550,1754377140
2025-08-05 12:30:00,PE,ATM+2,12.92,1852800,24750.0,24654.45,150.2,151.6,149.25,149.9,131025,1754377200
2025-08-05 12:31:00,PE,ATM+2,13.25,1852800,24750.0,24643.85,150.4,161.0,149.3,159.0,259350,1754377260
2025-08-05 12:32:00,PE,ATM+2,13.37,1852800,24750.0,24639.9,159.7,164.7,158.55,162.0,256875,1754377320
2025-08-05 12:33:00,PE,ATM+2,12.33,1792500,24750.0,24634.9,162.1,166.55,156.1,157.15,365925,1754377380
2025-08-05 12:34:00,PE,ATM+2,12.86,1792500,24750.0,24641.6,157.0,158.8,152.7,157.25,192825,1754377440
2025-08-05 12:35:00,PE,ATM+2,12.95,1792500,24750.0,24645.0,157.3,158.25,155.0,155.8,76950,1754377500
2025-08-05 12:36:00,PE,ATM+2,13.02,1781250,24750.0,24644.05,155.75,157.85,154.6,156.95,59775,1754377560
2025-08-05 12:37:00,PE,ATM+2,12.95,1781250,24750.0,24640.4,156.3,161.55,155.7,158.4,94575,1754377620
2025-08-05 12:38:00,PE,ATM+2,13.12,1781250,24750.0,24645.9,157.85,158.3,154.35,156.2,74025,1754377680
2025-08-05 12:39:00,PE,ATM+2,13.17,1793625,24750.0,24647.3,155.9,157.6,154.25,156.05,62775,1754377740
2025-08-05 12:40:00,PE,ATM+2,13.23,1793625,24750.0,24646.25,156.2,157.9,155.0,156.25,62250,1754377800
2025-08-05 12:41:00,PE,ATM+2,13.02,1793625,24750.0,24646.7,156.0,156.4,153.9,154.8,50250,1754377860
2025-08-05 12:42:00,PE,ATM+2,13.04,1769850,24750.0,24651.75,154.05,154.6,150.9,152.35,83100,1754377920
2025-08-05 12:43:00,PE,ATM+2,13.08,1769850,24750.0,24651.45,152.6,155.35,151.75,153.0,44400,1754377980
2025-08-05 12:44:00,PE,ATM+2,13.13,1769850,24750.0,24649.95,152.85,154.3,151.35,154.1,40650,1754378040
2025-08-05 12:45:00,PE,ATM+2,13.01,1764075,24750.0,24645.8,152.85,157.0,151.7,155.75,56925,1754378100
2025-08-05 12:46:00,PE,ATM+2,13.01,1764075,24750.0,24649.2,155.7,155.7,151.25,152.75,60000,1754378160
2025-08-05 12:47:00,PE,ATM+2,12.98,1764075,24750.0,24648.3,152.85,155.3,152.7,153.55,54300,1754378220
2025-08-05 12:48:00,PE,ATM+2,12.92,1768950,24750.0,24647.6,153.15,154.8,151.75,153.3,63075,1754378280
2025-08-05 12:49:00,PE,ATM+2,12.75,1768950,24750.0,24641.05,154.15,157.5,153.8,157.2,88500,1754378340
2025-08-05 12:50:00,PE,ATM+2,12.62,1768950,24750.0,24636.2,157.3,159.65,156.5,158.7,87525,1754378400
2025-08-05 12:51:00,PE,ATM+2,12.75,1761975,24750.0,24635.05,158.45,160.3,155.35,160.3,61725,1754378460
2025-08-05 12:52:00,PE,ATM+2,12.77,1761975,24750.0,24632.5,160.65,162.8,159.0,162.15,86925,1754378520
2025-08-05 12:53:00,PE,ATM+2,12.52,1761975,24750.0,24633.6,162.05,163.2,159.6,159.7,69825,1754378580
2025-08-05 12:54:00,PE,ATM+2,12.74,1736325,24750.0,24634.45,159.85,161.3,158.65,161.1,46350,1754378640
2025-08-05 12:55:00,PE,ATM+2,12.68,1736325,24750.0,24637.0,161.6,162.75,157.2,157.95,78975,1754378700
2025-08-05 12:56:00,PE,ATM+2,12.75,1736325,24750.0,24635.8,158.5,160.8,158.5,159.45,29850,1754378760
2025-08-05 12:57:00,PE,ATM+2,12.77,1727475,24750.0,24639.2,159.05,159.8,156.4,158.5,55050,1754378820
2025-08-05 12:58:00,PE,ATM+2,12.8,1727475,24750.0,24638.8,157.9,159.2,157.5,157.6,19425,1754378880
2025-08-05 12:59:00,PE,ATM+2,12.55,1727475,24750.0,24639.1,156.5,158.85,156.4,156.6,38025,1754378940
2025-08-05 13:00:00,PE,ATM+2,12.8,1756725,24750.0,24641.1,156.0,158.0,154.5,156.55,102900,1754379000
2025-08-05 13:01:00,PE,ATM+2,12.88,1756725,24750.0,24630.25,157.7,164.5,155.95,164.4,118275,1754379060
2025-08-05 13:02:00,PE,ATM+2,12.85,1756725,24750.0,24633.75,164.3,164.45,158.0,161.15,117450,1754379120
2025-08-05 13:03:00,PE,ATM+2,12.8,1756725,24750.0,24629.45,161.5,164.45,159.9,164.15,76500,1754379180
2025-08-05 13:04:00,PE,ATM+2,12.97,1765050,24750.0,24626.95,164.4,169.05,164.05,166.5,162900,1754379240
2025-08-05 13:05:00,PE,ATM+2,12.73,1765050,24750.0,24625.1,165.15,167.7,165.15,167.15,68325,1754379300
2025-08-05 13:06:00,PE,ATM+2,13.0,1765050,24750.0,24626.0,167.75,168.5,163.5,168.5,80175,1754379360
2025-08-05 13:07:00,PE,ATM+2,12.88,1730325,24750.0,24628.05,167.85,168.25,162.9,165.6,59550,1754379420
2025-08-05 13:08:00,PE,ATM+2,12.83,1730325,24750.0,24628.25,165.55,166.0,163.8,165.0,48450,1754379480
2025-08-05 13:09:00,PE,ATM+2,12.86,1730325,24750.0,24626.4,165.35,168.65,165.3,166.8,89475,1754379540
2025-08-05 13:10:00,PE,ATM+2,12.91,1706775,24750.0,24630.8,166.15,166.5,162.85,164.2,43725,1754379600
2025-08-05 13:11:00,PE,ATM+2,12.49,7654050,24700.0,24622.65,130.9,137.35,129.6,136.8,516000,1754379660
2025-08-05 13:12:00,PE,ATM+2,12.96,1706775,24750.0,24625.55,172.05,173.25,168.6,168.6,160200,1754379720
2025-08-05 13:13:00,PE,ATM+2,12.88,7560300,24700.0,24623.75,135.2,137.6,134.5,137.0,214200,1754379780
2025-08-05 13:14:00,PE,ATM+2,12.9,1680375,24750.0,24628.8,170.35,171.85,166.1,166.3,78075,1754379840
2025-08-05 13:15:00,PE,ATM+2,13.11,1680375,24750.0,24626.3,165.95,169.6,165.95,168.0,73800,1754379900
2025-08-05 13:16:00,PE,ATM+2,12.88,7555050,24700.0,24624.5,134.8,136.9,134.8,136.35,147900,1754379960
2025-08-05 13:17:00,PE,ATM+2,12.73,7555050,24700.0,24621.1,136.45,138.5,135.95,137.0,252000,1754380020
2025-08-05 13:18:00,PE,ATM+2,13.23,1716000,24750.0,24626.45,171.0,172.0,166.25,168.8,56775,1754380080
2025-08-05 13:19:00,PE,ATM+2,12.77,7559550,24700.0,24624.55,136.05,136.5,135.2,135.75,128325,1754380140
2025-08-05 13:20:00,PE,ATM+2,12.92,7559550,24700.0,24617.55,135.95,140.8,134.2,140.8,342825,1754380200
2025-08-05 13:21:00,PE,ATM+2,12.86,7559550,24700.0,24614.2,140.05,144.4,139.25,142.25,662850,1754380260
2025-08-05 13:22:00,PE,ATM+2,13.27,7437825,24700.0,24614.15,142.4,145.45,142.4,145.2,518700,1754380320
2025-08-05 13:23:00,PE,ATM+2,13.16,7437825,24700.0,24598.3,145.25,157.0,145.25,155.05,1454850,1754380380
2025-08-05 13:24:00,PE,ATM+2,13.15,7437825,24700.0,24603.5,158.3,158.7,150.05,151.4,908400,1754380440
2025-08-05 13:25:00,PE,ATM+2,13.55,6778050,24700.0,24601.15,151.5,155.75,151.5,155.65,385800,1754380500
2025-08-05 13:26:00,PE,ATM+2,13.17,6778050,24700.0,24604.35,154.85,155.65,150.2,151.2,392850,1754380560
2025-08-05 13:27:00,PE,ATM+2,13.27,6778050,24700.0,24606.6,150.8,153.4,149.5,150.05,258075,1754380620
2025-08-05 13:28:00,PE,ATM+2,13.4,6666825,24700.0,24606.0,150.2,153.05,148.85,151.8,254250,1754380680
2025-08-05 13:29:00,PE,ATM+2,13.2,6666825,24700.0,24605.0,151.7,152.35,149.6,149.9,187125,1754380740
2025-08-05 13:30:00,PE,ATM+2,13.59,6666825,24700.0,24599.85,150.15,156.55,150.1,156.55,346125,1754380800
2025-08-05 13:31:00,PE,ATM+2,13.35,6675450,24700.0,24601.75,157.05,159.2,153.25,153.35,893100,1754380860
2025-08-05 13:32:00,PE,ATM+2,13.38,6675450,24700.0,24602.15,151.05,154.45,151.05,154.1,300225,1754380920
2025-08-05 13:33:00,PE,ATM+2,13.2,6675450,24700.0,24606.5,153.8,153.8,148.95,149.25,270750,1754380980
2025-08-05 13:34:00,PE,ATM+2,13.34,6614925,24700.0,24612.55,149.25,150.45,143.6,147.45,549375,1754381040
2025-08-05 13:35:00,PE,ATM+2,13.17,6614925,24700.0,24613.4,147.2,147.4,144.25,146.05,197625,1754381100
2025-08-05 13:36:00,PE,ATM+2,13.0,6614925,24700.0,24618.65,146.2,146.2,140.6,141.25,312375,1754381160
2025-08-05 13:37:00,PE,ATM+2,13.2,6516150,24700.0,24617.35,141.45,144.95,141.1,143.0,195450,1754381220
2025-08-05 13:38:00,PE,ATM+2,13.15,6516150,24700.0,24610.9,142.55,147.05,141.85,147.05,200775,1754381280
2025-08-05 13:39:00,PE,ATM+2,13.16,6516150,24700.0,24611.85,146.75,147.55,143.75,145.85,257325,1754381340
2025-08-05 13:40:00,PE,ATM+2,13.3,6644925,24700.0,24611.1,145.4,146.25,143.9,146.0,155850,1754381400
2025-08-05 13:41:00,PE,ATM+2,13.23,6644925,24700.0,24611.6,144.2,146.55,143.9,146.55,210075,1754381460
2025-08-05 13:42:00,PE,ATM+2,12.98,6644925,24700.0,24617.6,146.4,146.4,139.65,140.95,274425,1754381520
2025-08-05 13:43:00,PE,ATM+2,13.08,6675900,24700.0,24608.6,141.45,147.0,140.55,147.0,199350,1754381580
2025-08-05 13:44:00,PE,ATM+2,13.16,6675900,24700.0,24609.75,146.85,148.7,145.0,147.0,393000,1754381640
2025-08-05 13:45:00,PE,ATM+2,12.97,6675900,24700.0,24610.35,146.9,147.9,144.85,144.85,201075,1754381700
2025-08-05 13:46:00,PE,ATM+2,12.91,6748125,24700.0,24617.0,145.35,146.6,140.55,141.0,249900,1754381760
2025-08-05 13:47:00,PE,ATM+2,12.83,6748125,24700.0,24617.2,141.0,143.5,139.45,139.95,250650,1754381820
2025-08-05 13:48:00,PE,ATM+2,12.79,6748125,24700.0,24618.25,139.95,140.7,138.0,138.85,211800,1754381880
2025-08-05 13:49:00,PE,ATM+2,12.85,6745725,24700.0,24619.6,138.4,139.95,137.7,138.4,183150,1754381940
2025-08-05 13:50:00,PE,ATM+2,12.91,6745725,24700.0,24620.55,138.9,139.35,136.6,138.65,217275,1754382000
2025-08-05 13:51:00,PE,ATM+2,12.83,6745725,24700.0,24618.3,139.15,140.05,136.65,138.85,130275,1754382060
2025-08-05 13:52:00,PE,ATM+2,12.67,6793275,24700.0,24623.75,138.6,138.65,134.25,134.5,276975,1754382120
2025-08-05 13:53:00,PE,ATM+2,13.15,1524600,24750.0,24626.75,167.75,168.9,164.25,168.25,108300,1754382180
2025-08-05 13:54:00,PE,ATM+2,13.05,1524600,24750.0,24625.15,167.65,170.4,167.4,168.3,44700,1754382240
2025-08-05 13:55:00,PE,ATM+2,13.12,1501800,24750.0,24625.85,168.0,170.4,165.7,168.3,52875,1754382300
2025-08-05 13:56:00,PE,ATM+2,12.75,6757725,24700.0,24623.1,135.0,136.5,133.75,136.4,134700,1754382360
2025-08-05 13:57:00,PE,ATM+2,12.67,6757725,24700.0,24624.35,136.0,137.0,133.05,134.0,219900,1754382420
2025-08-05 13:58:00,PE,ATM+2,13.13,1531125,24750.0,24628.05,167.9,168.7,164.4,166.5,59175,1754382480
2025-08-05 13:59:00,PE,ATM+2,12.8,6867525,24700.0,24624.9,133.3,135.35,132.6,135.35,121425,1754382540
2025-08-05 14:00:00,PE,ATM+2,12.68,6867525,24700.0,24617.55,134.9,138.8,129.55,138.8,554400,1754382600
2025-08-05 14:01:00,PE,ATM+2,12.61,6876375,24700.0,24617.95,139.05,139.95,137.3,137.7,526350,1754382660
2025-08-05 14:02:00,PE,ATM+2,12.6,6876375,24700.0,24614.25,138.15,140.95,137.85,140.1,350700,1754382720
2025-08-05 14:03:00,PE,ATM+2,12.78,6876375,24700.0,24613.0,139.6,141.4,139.55,141.4,186150,1754382780
2025-08-05 14:04:00,PE,ATM+2,12.68,6914550,24700.0,24616.95,141.3,141.3,137.8,138.8,256725,1754382840
2025-08-05 14:05:00,PE,ATM+2,12.71,6914550,24700.0,24613.45,139.1,140.9,138.75,140.6,144900,1754382900
2025-08-05 14:06:00,PE,ATM+2,12.45,6914550,24700.0,24606.3,141.0,144.35,140.2,144.3,410175,1754382960
2025-08-05 14:07:00,PE,ATM+2,12.4,6876750,24700.0,24601.65,144.2,146.85,142.7,146.4,532275,1754383020
2025-08-05 14:08:00,PE,ATM+2,12.71,6876750,24700.0,24597.2,146.85,157.2,146.35,151.95,1026000,1754383080
2025-08-05 14:09:00,PE,ATM+2,12.55,6876750,24700.0,24601.7,152.45,152.45,146.9,147.75,369900,1754383140
2025-08-05 14:10:00,PE,ATM+2,12.68,6639975,24700.0,24602.6,148.2,149.95,146.75,148.35,240150,1754383200
2025-08-05 14:11:00,PE,ATM+2,12.61,6639975,24700.0,24606.85,148.0,150.8,144.15,144.8,338700,1754383260
2025-08-05 14:12:00,PE,ATM+2,12.67,6639975,24700.0,24607.9,145.05,146.4,142.9,144.75,289575,1754383320
2025-08-05 14:13:00,PE,ATM+2,12.7,6648000,24700.0,24614.05,144.75,145.5,140.4,141.4,257100,1754383380
2025-08-05 14:14:00,PE,ATM+2,12.53,6648000,24700.0,24612.25,141.4,142.85,140.25,141.5,199725,1754383440
2025-08-05 14:15:00,PE,ATM+2,12.58,6648000,24700.0,24607.15,141.6,145.25,141.45,143.55,233250,1754383500
2025-08-05 14:16:00,PE,ATM+2,12.38,6742875,24700.0,24613.6,143.0,143.65,138.65,139.15,226425,1754383560
2025-08-05 14:17:00,PE,ATM+2,12.46,6742875,24700.0,24618.5,139.15,140.95,136.0,136.0,254400,1754383620
2025-08-05 14:18:00,PE,ATM+2,12.38,6742875,24700.0,24614.9,136.9,138.35,135.55,137.15,202950,1754383680
2025-08-05 14:19:00,PE,ATM+2,12.55,6743550,24700.0,24619.45,137.4,137.55,134.4,136.25,217875,1754383740
2025-08-05 14:20:00,PE,ATM+2,12.5,6743550,24700.0,24618.2,136.2,138.9,136.15,137.6,169050,1754383800
2025-08-05 14:21:00,PE,ATM+2,12.47,6743550,24700.0,24612.65,137.45,139.95,137.2,139.5,167625,1754383860
2025-08-05 14:22:00,PE,ATM+2,12.35,6805650,24700.0,24610.05,139.4,140.5,136.9,140.5,195975,1754383920
2025-08-05 14:23:00,PE,ATM+2,12.44,6805650,24700.0,24608.1,140.5,141.85,139.95,141.6,197625,1754383980
2025-08-05 14:24:00,PE,ATM+2,12.47,6805650,24700.0,24607.7,141.8,143.7,141.6,141.9,236400,1754384040
2025-08-05 14:25:00,PE,ATM+2,12.3,6856800,24700.0,24606.5,142.0,143.25,140.85,141.85,146550,1754384100
2025-08-05 14:26:00,PE,ATM+2,12.36,6856800,24700.0,24610.2,141.5,142.55,140.1,141.0,112350,1754384160
2025-08-05 14:27:00,PE,ATM+2,12.32,6856800,24700.0,24612.35,140.5,140.75,137.8,138.05,136350,1754384220
2025-08-05 14:28:00,PE,ATM+2,12.55,6805275,24700.0,24619.85,137.75,137.75,133.45,135.4,367125,1754384280
2025-08-05 14:29:00,PE,ATM+2,12.41,6805275,24700.0,24622.35,135.65,135.65,133.1,134.0,180675,1754384340
2025-08-05 14:30:00,PE,ATM+2,12.36,6805275,24700.0,24621.55,134.25,135.4,132.6,132.6,221775,1754384400
2025-08-05 14:31:00,PE,ATM+2,12.4,1590825,24750.0,24631.0,165.55,165.6,158.85,159.75,194250,1754384460
2025-08-05 14:32:00,PE,ATM+2,12.59,6773400,24700.0,24625.0,127.0,133.75,127.0,132.5,430800,1754384520
2025-08-05 14:33:00,PE,ATM+2,11.36,6773400,24700.0,24600.65,130.95,142.65,130.95,137.8,1202700,1754384580
2025-08-05 14:34:00,PE,ATM+2,12.01,6771300,24700.0,24614.7,136.4,136.4,133.5,134.75,291675,1754384640
2025-08-05 14:35:00,PE,ATM+2,12.27,6771300,24700.0,24616.9,134.8,136.15,132.8,135.65,282300,1754384700
2025-08-05 14:36:00,PE,ATM+2,12.09,6771300,24700.0,24620.4,135.2,135.2,131.55,131.9,167325,1754384760
2025-08-05 14:37:00,PE,ATM+2,11.89,6655125,24700.0,24621.85,131.4,131.8,130.1,130.95,228375,1754384820
2025-08-05 14:38:00,PE,ATM+2,12.22,1539375,24750.0,24627.25,164.3,164.6,160.2,160.5,68475,1754384880
2025-08-05 14:39:00,PE,ATM+2,12.42,1539375,24750.0,24629.2,161.0,161.35,158.65,161.0,70125,1754384940
2025-08-05 14:40:00,PE,ATM+2,12.12,6661500,24700.0,24624.95,127.5,130.3,126.8,129.6,223875,1754385000
2025-08-05 14:41:00,PE,ATM+2,12.05,6661500,24700.0,24622.3,129.8,132.55,128.85,131.8,271500,1754385060
2025-08-05 14:42:00,PE,ATM+2,12.13,6661500,24700.0,24624.7,131.65,132.4,128.95,129.8,202800,1754385120
2025-08-05 14:43:00,PE,ATM+2,11.97,6734100,24700.0,24623.95,129.15,129.45,127.9,129.45,102900,1754385180
2025-08-05 14:44:00,PE,ATM+2,11.91,6734100,24700.0,24624.25,129.1,130.15,128.3,128.65,105675,1754385240
2025-08-05 14:45:00,PE,ATM+2,12.27,1561275,24750.0,24626.9,161.05,162.75,159.25,162.05,46950,1754385300
2025-08-05 14:46:00,PE,ATM+2,12.36,1571775,24750.0,24627.7,162.25,163.0,161.35,161.5,23400,1754385360
2025-08-05 14:47:00,PE,ATM+2,12.46,6689550,24700.0,24617.65,128.25,136.95,128.25,136.75,569850,1754385420
2025-08-05 14:48:00,PE,ATM+2,11.03,6689550,24700.0,24596.4,135.75,142.35,135.35,137.3,940800,1754385480
2025-08-05 14:49:00,PE,ATM+2,11.98,6636075,24700.0,24607.95,135.7,138.1,133.6,137.9,401100,1754385540
2025-08-05 14:50:00,PE,ATM+2,11.84,6636075,24700.0,24608.65,137.2,139.3,136.55,137.2,225750,1754385600
2025-08-05 14:51:00,PE,ATM+2,11.84,6636075,24700.0,24608.65,137.2,137.2,137.2,137.2,0,1754385660
2025-08-05 14:52:00,PE,ATM+2,12.21,6466950,24700.0,24606.65,139.9,141.2,137.75,141.2,150825,1754385720
2025-08-05 14:53:00,PE,ATM+2,12.05,6466950,24700.0,24609.85,140.65,142.35,137.75,137.75,170400,1754385780
2025-08-05 14:54:00,PE,ATM+2,12.05,6466950,24700.0,24606.5,137.8,142.35,137.5,140.45,272325,1754385840
2025-08-05 14:55:00,PE,ATM+2,12.18,6284025,24700.0,24606.7,140.6,144.8,139.45,141.35,368625,1754385900
2025-08-05 14:56:00,PE,ATM+2,12.13,6284025,24700.0,24609.85,141.6,141.85,138.3,139.05,134175,1754385960
2025-08-05 14:57:00,PE,ATM+2,12.18,6284025,24700.0,24613.5,139.05,140.45,135.1,136.35,230175,1754386020
2025-08-05 14:58:00,PE,ATM+2,12.13,6228450,24700.0,24611.75,136.4,140.05,135.75,138.3,114150,1754386080
2025-08-05 14:59:00,PE,ATM+2,12.3,6228450,24700.0,24611.5,138.85,140.0,136.65,138.15,139425,1754386140
2025-08-05 15:00:00,PE,ATM+2,12.01,6228450,24700.0,24612.15,135.65,141.8,133.35,136.4,445425,1754386200
2025-08-05 15:01:00,PE,ATM+2,12.23,6165825,24700.0,24616.8,137.0,140.85,134.8,135.05,250800,1754386260
2025-08-05 15:02:00,PE,ATM+2,11.79,6165825,24700.0,24618.05,134.6,134.6,130.0,130.0,386400,1754386320
2025-08-05 15:03:00,PE,ATM+2,12.01,6165825,24700.0,24621.35,130.35,131.9,129.45,130.7,198825,1754386380
2025-08-05 15:04:00,PE,ATM+2,12.36,1455900,24750.0,24627.2,164.25,165.0,160.7,160.7,108750,1754386440
2025-08-05 15:05:00,PE,ATM+2,12.17,1455900,24750.0,24631.1,160.05,161.1,156.35,157.55,156150,1754386500
2025-08-05 15:06:00,PE,ATM+2,12.43,1455900,24750.0,24643.7,157.2,158.4,149.6,150.85,243600,1754386560
2025-08-05 15:07:00,PE,ATM+2,12.65,1377525,24750.0,24640.4,149.85,155.35,149.6,154.3,123525,1754386620
2025-08-05 15:08:00,PE,ATM+2,12.54,1377525,24750.0,24643.15,153.85,154.4,151.45,151.45,64425,1754386680
2025-08-05 15:09:00,PE,ATM+2,12.57,1377525,24750.0,24658.25,151.2,151.2,141.6,142.2,202350,1754386740
2025-08-05 15:10:00,PE,ATM+2,12.74,1344975,24750.0,24656.65,141.55,146.85,140.45,144.75,182475,1754386800
2025-08-05 15:11:00,PE,ATM+2,12.73,1344975,24750.0,24658.2,145.15,145.25,140.3,144.4,155775,1754386860
2025-08-05 15:12:00,PE,ATM+2,12.91,1344975,24750.0,24657.3,145.25,146.25,143.85,144.2,92325,1754386920
2025-08-05 15:13:00,PE,ATM+2,12.8,1337400,24750.0,24664.4,143.0,143.55,140.55,140.6,56550,1754386980
2025-08-05 15:14:00,PE,ATM+2,12.96,1337400,24750.0,24667.5,140.7,142.35,137.55,139.85,175425,1754387040
2025-08-05 15:15:00,PE,ATM+2,12.87,1337400,24750.0,24653.8,140.0,148.95,140.0,147.0,206850,1754387100
2025-08-05 15:16:00,PE,ATM+2,12.88,1311075,24750.0,24653.35,146.25,149.7,145.45,148.25,172425,1754387160
2025-08-05 15:17:00,PE,ATM+2,13.43,1311075,24750.0,24662.5,147.3,147.75,143.7,145.7,126675,1754387220
2025-08-05 15:18:00,PE,ATM+2,13.29,1311075,24750.0,24663.0,145.85,147.55,144.55,144.55,58050,1754387280
2025-08-05 15:19:00,PE,ATM+2,13.38,1264350,24750.0,24661.65,144.6,146.5,144.6,145.9,70725,1754387340
2025-08-05 15:20:00,PE,ATM+2,13.48,1264350,24750.0,24667.1,146.2,146.75,143.95,145.0,96450,1754387400
2025-08-05 15:21:00,PE,ATM+2,13.17,1264350,24750.0,24655.8,145.45,148.55,145.45,147.6,86850,1754387460
2025-08-05 15:22:00,PE,ATM+2,13.65,1209225,24750.0,24663.85,147.55,147.75,145.35,146.25,46575,1754387520
2025-08-05 15:23:00,PE,ATM+2,13.62,1209225,24750.0,24664.5,146.25,147.55,145.85,146.55,46350,1754387580
2025-08-05 15:24:00,PE,ATM+2,13.35,1209225,24750.0,24657.8,146.8,150.8,146.6,150.8,81000,1754387640
2025-08-05 15:25:00,PE,ATM+2,12.83,1179150,24750.0,24656.8,149.75,150.45,144.45,145.05,90600,1754387700
2025-08-05 15:26:00,PE,ATM+2,12.68,1179150,24750.0,24656.5,145.4,146.0,144.05,144.7,61725,1754387760
2025-08-05 15:27:00,PE,ATM+2,12.9,1179150,24750.0,24659.55,144.65,144.85,142.2,143.15,77550,1754387820
2025-08-05 15:28:00,PE,ATM+2,12.06,1145175,24750.0,24652.15,143.0,143.05,139.2,142.15,81450,1754387880
2025-08-05 15:29:00,PE,ATM+2,11.8,1145175,24750.0,24649.5,142.4,143.0,140.85,142.0,102825,1754387940
2025-08-06 09:15:00,PE,ATM+2,14.43,1176150,24750.0,24643.7,149.6,159.15,136.65,149.8,414450,1754451900
2025-08-06 09:16:00,PE,ATM+2,14.62,1176150,24750.0,24645.9,154.3,154.85,147.45,149.65,381150,1754451960
2025-08-06 09:17:00,PE,ATM+2,14.24,1176150,24750.0,24647.75,148.6,151.2,144.3,144.5,287100,1754452020
2025-08-06 09:18:00,PE,ATM+2,14.02,1430325,24750.0,24654.85,142.6,143.75,134.4,140.45,381300,1754452080
2025-08-06 09:19:00,PE,ATM+2,14.36,1430325,24750.0,24652.35,140.1,144.2,138.15,143.85,173025,1754452140
2025-08-06 09:20:00,PE,ATM+2,14.37,1430325,24750.0,24651.35,144.5,148.65,142.8,143.1,387300,1754452200
2025-08-06 09:21:00,PE,ATM+2,14.17,1557450,24750.0,24658.0,141.8,143.4,137.35,139.4,229575,1754452260
2025-08-06 09:22:00,PE,ATM+2,14.63,1557450,24750.0,24659.75,139.05,141.45,135.85,139.25,196500,1754452320
2025-08-06 09:23:00,PE,ATM+2,14.47,1557450,24750.0,24670.85,138.55,140.15,133.2,133.6,293025,1754452380
2025-08-06 09:24:00,PE,ATM+2,14.2,1666200,24750.0,24662.55,134.65,136.25,133.1,136.2,188775,1754452440
2025-08-06 09:25:00,PE,ATM+2,13.88,1666200,24750.0,24657.15,135.95,140.3,135.25,137.75,288225,1754452500
2025-08-06 09:26:00,PE,ATM+2,13.95,1666200,24750.0,24658.65,137.4,142.2,135.4,137.3,271425,1754452560
2025-08-06 09:27:00,PE,ATM+2,13.56,1724775,24750.0,24649.6,136.8,142.5,134.25,140.8,236025,1754452620
2025-08-06 09:28:00,PE,ATM+2,13.48,1724775,24750.0,24655.25,141.5,141.55,135.8,136.75,166500,1754452680
2025-08-06 09:29:00,PE,ATM+2,13.46,1724775,24750.0,24651.3,138.05,141.95,135.85,139.2,179175,1754452740
2025-08-06 09:30:00,PE,ATM+2,13.48,1778700,24750.0,24650.7,139.1,141.65,135.95,140.85,186000,1754452800
2025-08-06 09:31:00,PE,ATM+2,13.6,1778700,24750.0,24647.55,142.6,143.1,136.6,141.4,244425,1754452860
2025-08-06 09:32:00,PE,ATM+2,13.23,1778700,24750.0,24641.4,141.5,146.2,141.2,144.6,344250,1754452920
2025-08-06 09:33:00,PE,ATM+2,13.55,1823475,24750.0,24641.7,145.45,147.65,142.8,145.75,337650,1754452980
2025-08-06 09:34:00,PE,ATM+2,13.65,1823475,24750.0,24644.35,145.7,145.9,139.35,144.9,262425,1754453040
2025-08-06 09:35:00,PE,ATM+2,13.34,1823475,24750.0,24636.25,144.45,153.2,144.45,148.45,646725,1754453100
2025-08-06 09:36:00,PE,ATM+2,13.32,1885275,24750.0,24631.85,147.0,151.7,147.0,150.55,266025,1754453160
2025-08-06 09:37:00,PE,ATM+2,13.38,7578600,24700.0,24623.7,117.85,127.65,117.85,123.5,2113200,1754453220
2025-08-06 09:38:00,PE,ATM+2,13.73,7578600,24700.0,24622.8,123.8,125.8,122.75,124.95,918975,1754453280
2025-08-06 09:39:00,PE,ATM+2,13.19,7121100,24700.0,24622.15,123.8,126.0,120.4,123.05,1038600,1754453340
2025-08-06 09:40:00,PE,ATM+2,13.37,7121100,24700.0,24620.45,123.45,129.55,123.45,125.3,1014075,1754453400
2025-08-06 09:41:00,PE,ATM+2,13.35,7121100,24700.0,24624.9,124.55,126.85,122.5,122.7,661275,1754453460
2025-08-06 09:42:00,PE,ATM+2,13.32,7130325,24700.0,24624.1,122.7,126.1,122.5,123.8,431775,1754453520
2025-08-06 09:43:00,PE,ATM+2,13.27,7130325,24700.0,24622.45,124.2,125.15,122.8,123.75,365475,1754453580
2025-08-06 09:44:00,PE,ATM+2,13.11,7130325,24700.0,24621.05,123.5,125.6,122.9,123.75,355275,1754453640
2025-08-06 09:45:00,PE,ATM+2,13.13,7105500,24700.0,24622.0,124.25,126.55,119.3,123.0,1012875,1754453700
2025-08-06 09:46:00,PE,ATM+2,12.93,7105500,24700.0,24613.95,122.75,128.15,121.55,126.85,898800,1754453760
2025-08-06 09:47:00,PE,ATM+2,12.64,7105500,24700.0,24612.6,125.9,130.85,124.65,126.8,1332075,1754453820
2025-08-06 09:48:00,PE,ATM+2,12.65,7065075,24700.0,24613.45,128.0,130.15,126.0,126.6,787650,1754453880
2025-08-06 09:49:00,PE,ATM+2,12.97,7065075,24700.0,24609.65,126.95,132.0,126.95,129.65,826800,1754453940
2025-08-06 09:50:00,PE,ATM+2,12.61,7065075,24700.0,24609.8,128.8,131.5,127.0,128.5,549600,1754454000
2025-08-06 09:51:00,PE,ATM+2,13.08,6737100,24700.0,24620.05,128.4,128.5,122.5,124.05,730200,1754454060
2025-08-06 09:52:00,PE,ATM+2,13.17,1938675,24750.0,24642.55,156.3,158.05,138.2,143.0,516975,1754454120
2025-08-06 09:53:00,PE,ATM+2,13.55,1938675,24750.0,24637.35,142.6,148.9,141.75,148.25,304350,1754454180
2025-08-06 09:54:00,PE,ATM+2,12.83,1932000,24750.0,24626.95,149.0,156.25,147.45,150.6,301275,1754454240
2025-08-06 09:55:00,PE,ATM+2,12.88,6685050,24700.0,24620.1,118.4,122.65,118.25,122.3,589875,1754454300
2025-08-06 09:56:00,PE,ATM+2,12.76,6685050,24700.0,24619.7,122.7,125.7,121.15,122.5,780675,1754454360
2025-08-06 09:57:00,PE,ATM+2,12.94,6730950,24700.0,24624.95,122.4,122.65,117.95,120.4,426975,1754454420
2025-08-06 09:58:00,PE,ATM+2,12.98,6730950,24700.0,24618.45,120.0,124.7,118.5,124.0,404175,1754454480
2025-08-06 09:59:00,PE,ATM+2,12.94,6730950,24700.0,24620.1,123.45,124.05,121.05,122.5,213075,1754454540
2025-08-06 10:00:00,PE,ATM+2,12.47,1889925,24750.0,24627.2,154.4,155.6,149.15,149.2,95550,1754454600
2025-08-06 10:01:00,PE,ATM+2,12.67,1889925,24750.0,24631.1,148.35,149.75,141.55,147.05,283200,1754454660
2025-08-06 10:02:00,PE,ATM+2,12.74,6766950,24700.0,24622.8,115.15,122.6,115.15,120.4,587550,1754454720
2025-08-06 10:03:00,PE,ATM+2,12.79,6768450,24700.0,24596.2,120.55,141.2,119.5,137.75,3032550,1754454780
2025-08-06 10:04:00,PE,ATM+2,12.93,6768450,24700.0,24595.85,137.9,152.0,137.8,138.15,2784825,1754454840
2025-08-06 10:05:00,PE,ATM+2,12.4,6768450,24700.0,24598.75,135.05,143.0,133.55,133.85,1156275,1754454900
2025-08-06 10:06:00,PE,ATM+2,12.57,6163950,24700.0,24595.75,130.55,137.6,120.5,135.6,1763025,1754454960
2025-08-06 10:07:00,PE,ATM+2,12.42,6163950,24700.0,24596.85,136.6,139.45,134.2,134.85,897525,1754455020
2025-08-06 10:08:00,PE,ATM+2,12.65,6163950,24700.0,24600.15,134.55,134.55,128.95,134.2,688725,1754455080
2025-08-06 10:09:00,PE,ATM+2,12.05,6391950,24700.0,24603.1,133.05,133.15,127.2,129.1,511200,1754455140
2025-08-06 10:10:00,PE,ATM+2,11.71,6391950,24700.0,24594.4,128.95,135.65,127.95,132.3,747675,1754455200
2025-08-06 10:11:00,PE,ATM+2,11.92,6391950,24700.0,24592.2,132.0,135.25,129.3,135.2,543750,1754455260
2025-08-06 10:12:00,PE,ATM+2,11.62,6598200,24700.0,24588.65,135.85,139.65,133.1,136.5,1062825,1754455320
2025-08-06 10:13:00,PE,ATM+2,11.63,6598200,24700.0,24593.6,136.55,137.9,132.55,132.75,432975,1754455380
2025-08-06 10:14:00,PE,ATM+2,11.73,6598200,24700.0,24605.4,133.6,135.1,123.2,124.9,975675,1754455440
2025-08-06 10:15:00,PE,ATM+2,11.81,6812475,24700.0,24599.65,124.4,133.35,124.35,130.1,793125,1754455500
2025-08-06 10:16:00,PE,ATM+2,12.08,6812475,24700.0,24615.85,128.7,128.7,118.15,120.55,1092375,1754455560
2025-08-06 10:17:00,PE,ATM+2,12.09,6812475,24700.0,24620.3,122.05,122.9,117.05,117.25,643725,1754455620
2025-08-06 10:18:00,PE,ATM+2,12.32,6942150,24700.0,24624.0,117.3,119.9,115.65,117.3,728175,1754455680
2025-08-06 10:19:00,PE,ATM+2,12.15,1616925,24750.0,24631.0,150.9,153.2,144.4,144.4,202425,1754455740
2025-08-06 10:20:00,PE,ATM+2,12.6,1616925,24750.0,24633.6,145.9,148.3,143.2,144.7,219375,1754455800
2025-08-06 10:21:00,PE,ATM+2,12.44,1682475,24750.0,24646.7,144.5,145.75,131.75,135.8,435075,1754455860
2025-08-06 10:22:00,PE,ATM+2,12.28,1682475,24750.0,24641.5,137.3,139.45,134.95,138.95,211500,1754455920
2025-08-06 10:23:00,PE,ATM+2,12.08,1682475,24750.0,24632.5,139.05,146.5,138.5,143.2,272475,1754455980
2025-08-06 10:24:00,PE,ATM+2,12.13,1718400,24750.0,24633.2,144.05,146.0,142.4,143.55,141000,1754456040
2025-08-06 10:25:00,PE,ATM+2,11.88,7486575,24700.0,24623.1,110.55,117.35,110.4,114.55,1162950,1754456100
2025-08-06 10:26:00,PE,ATM+2,11.61,7486575,24700.0,24606.65,114.8,123.45,114.8,123.45,1403700,1754456160
2025-08-06 10:27:00,PE,ATM+2,11.69,7295100,24700.0,24608.35,124.05,124.1,117.85,121.65,1134525,1754456220
2025-08-06 10:28:00,PE,ATM+2,11.14,7295100,24700.0,24606.75,120.0,121.35,116.3,120.25,476025,1754456280
2025-08-06 10:29:00,PE,ATM+2,10.76,7295100,24700.0,24602.5,120.2,123.0,119.65,120.4,595050,1754456340
2025-08-06 10:30:00,PE,ATM+2,10.85,7306500,24700.0,24599.95,122.0,124.6,120.35,123.95,702450,1754456400
2025-08-06 10:31:00,PE,ATM+2,10.54,7306500,24700.0,24606.1,125.0,125.0,116.65,117.15,838650,1754456460
2025-08-06 10:32:00,PE,ATM+2,10.79,7306500,24700.0,24605.25,117.45,122.45,114.8,119.55,674400,1754456520
2025-08-06 10:33:00,PE,ATM+2,10.91,7242000,24700.0,24603.0,119.55,123.7,118.7,122.4,354450,1754456580
2025-08-06 10:34:00,PE,ATM+2,10.84,7242000,24700.0,24591.25,122.15,130.85,121.2,129.7,1290825,1754456640
2025-08-06 10:35:00,PE,ATM+2,11.7,9077700,24650.0,24570.4,96.9,114.6,96.9,114.6,4460550,1754456700
2025-08-06 10:36:00,PE,ATM+2,9.6,7189500,24650.0,24556.1,114.9,124.55,111.05,112.35,4728000,1754456760
2025-08-06 10:37:00,PE,ATM+2,11.16,7189500,24650.0,24573.65,112.95,114.0,106.8,109.75,1720275,1754456820
2025-08-06 10:38:00,PE,ATM+2,11.37,7189500,24650.0,24569.7,110.65,115.15,109.2,113.45,920625,1754456880
2025-08-06 10:39:00,PE,ATM+2,11.42,6546375,24650.0,24569.1,113.85,114.55,110.5,114.55,640875,1754456940
2025-08-06 10:40:00,PE,ATM+2,11.47,6546375,24650.0,24570.25,114.15,114.15,110.25,113.15,674700,1754457000
2025-08-06 10:41:00,PE,ATM+2,11.5,6546375,24650.0,24569.75,112.85,114.5,111.1,113.65,597675,1754457060
2025-08-06 10:42:00,PE,ATM+2,11.48,6477075,24650.0,24574.8,113.55,113.65,107.15,110.65,707550,1754457120
2025-08-06 10:43:00,PE,ATM+2,11.26,6477075,24650.0,24567.5,111.2,117.45,110.4,113.05,847200,1754457180
2025-08-06 10:44:00,PE,ATM+2,11.36,6477075,24650.0,24564.6,112.6,117.0,112.6,116.1,660600,1754457240
2025-08-06 10:45:00,PE,ATM+2,11.2,6341700,24650.0,24555.25,116.35,126.0,116.0,121.75,1821150,1754457300
2025-08-06 10:46:00,PE,ATM+2,11.61,6341700,24650.0,24563.05,120.8,120.9,113.75,118.2,1045875,1754457360
2025-08-06 10:47:00,PE,ATM+2,11.27,6341700,24650.0,24564.5,118.6,119.1,115.75,116.25,469200,1754457420
2025-08-06 10:48:00,PE,ATM+2,11.84,6098400,24650.0,24570.2,116.35,117.0,111.55,115.15,657375,1754457480
2025-08-06 10:49:00,PE,ATM+2,11.79,6098400,24650.0,24564.35,114.95,121.4,114.6,118.0,608325,1754457540
2025-08-06 10:50:00,PE,ATM+2,11.78,6098400,24650.0,24561.6,117.8,120.25,117.15,120.0,371325,1754457600
2025-08-06 10:51:00,PE,ATM+2,11.5,6080475,24650.0,24561.15,119.25,123.4,117.55,119.2,852975,1754457660
2025-08-06 10:52:00,PE,ATM+2,11.36,6080475,24650.0,24566.6,118.65,119.25,114.45,114.6,465750,1754457720
2025-08-06 10:53:00,PE,ATM+2,11.77,6080475,24650.0,24566.6,114.6,118.7,112.55,117.3,368250,1754457780
2025-08-06 10:54:00,PE,ATM+2,11.47,5955675,24650.0,24563.65,117.3,122.55,117.3,118.4,615000,1754457840
2025-08-06 10:55:00,PE,ATM+2,11.55,5955675,24650.0,24557.0,117.65,122.4,117.65,122.4,490950,1754457900
2025-08-06 10:56:00,PE,ATM+2,11.15,5955675,24650.0,24554.4,122.45,126.7,121.1,121.5,1059825,1754457960
2025-08-06 10:57:00,PE,ATM+2,11.02,5903100,24650.0,24553.5,121.5,123.75,117.8,121.45,709350,1754458020
2025-08-06 10:58:00,PE,ATM+2,11.33,5903100,24650.0,24555.65,122.3,130.0,119.5,121.9,1375050,1754458080
2025-08-06 10:59:00,PE,ATM+2,11.33,5903100,24650.0,24556.45,121.7,123.2,119.0,120.9,425475,1754458140
2025-08-06 11:00:00,PE,ATM+2,11.41,5703525,24650.0,24563.0,120.8,124.95,117.2,118.45,593400,1754458200
2025-08-06 11:01:00,PE,ATM+2,11.22,5703525,24650.0,24554.0,118.4,124.75,118.4,122.1,488775,1754458260
2025-08-06 11:02:00,PE,ATM+2,11.28,5703525,24650.0,24559.95,122.7,123.25,118.2,118.8,314250,1754458320
2025-08-06 11:03:00,PE,ATM+2,11.73,5645025,24650.0,24556.85,119.25,124.05,119.25,123.2,322425,1754458380
2025-08-06 11:04:00,PE,ATM+2,11.37,5645025,24650.0,24561.0,119.55,121.0,116.05,119.15,639600,1754458440
2025-08-06 11:05:00,PE,ATM+2,11.21,5645025,24650.0,24559.05,119.35,120.2,117.0,118.95,260475,1754458500
2025-08-06 11:06:00,PE,ATM+2,11.37,5636400,24650.0,24554.05,119.3,124.1,118.8,122.75,465150,1754458560
2025-08-06 11:07:00,PE,ATM+2,11.53,5636400,24650.0,24554.45,122.6,124.2,121.35,123.75,312375,1754458620
2025-08-06 11:08:00,PE,ATM+2,11.24,5636400,24650.0,24555.6,123.2,124.05,120.35,122.9,289575,1754458680
2025-08-06 11:09:00,PE,ATM+2,11.62,5529600,24650.0,24550.0,125.35,128.1,122.7,127.45,657450,1754458740
2025-08-06 11:10:00,PE,ATM+2,11.11,5529600,24650.0,24550.85,127.1,129.1,123.1,123.6,838950,1754458800
2025-08-06 11:11:00,PE,ATM+2,11.27,5529600,24650.0,24552.65,124.6,125.65,121.5,124.35,423675,1754458860
2025-08-06 11:12:00,PE,ATM+2,11.6,5544150,24650.0,24557.1,124.95,128.0,120.15,121.9,641325,1754458920
2025-08-06 11:13:00,PE,ATM+2,11.67,5544150,24650.0,24555.65,122.1,125.95,121.35,123.35,273750,1754458980
2025-08-06 11:14:00,PE,ATM+2,11.62,5544150,24650.0,24561.1,123.1,123.1,117.9,119.4,480150,1754459040
2025-08-06 11:15:00,PE,ATM+2,11.02,5523675,24650.0,24560.6,119.9,121.8,117.45,117.45,268500,1754459100
2025-08-06 11:16:00,PE,ATM+2,11.26,5523675,24650.0,24555.05,120.85,122.5,119.65,121.8,300450,1754459160
2025-08-06 11:17:00,PE,ATM+2,11.65,5523675,24650.0,24556.0,121.35,123.7,118.25,123.25,361200,1754459220
2025-08-06 11:18:00,PE,ATM+2,11.55,5440950,24650.0,24555.55,123.05,124.25,120.85,122.9,204075,1754459280
2025-08-06 11:19:00,PE,ATM+2,11.33,5440950,24650.0,24551.25,124.85,125.0,122.8,124.5,284700,1754459340
2025-08-06 11:20:00,PE,ATM+2,11.52,5440950,24650.0,24553.4,124.0,125.65,121.35,124.6,279300,1754459400
2025-08-06 11:21:00,PE,ATM+2,11.61,5434650,24650.0,24560.4,124.4,124.4,118.7,119.9,367050,1754459460
2025-08-06 11:22:00,PE,ATM+2,11.63,5434650,24650.0,24558.1,120.0,124.55,120.0,122.4,255300,1754459520
2025-08-06 11:23:00,PE,ATM+2,11.17,5434650,24650.0,24556.75,122.3,122.3,118.85,120.75,176850,1754459580
2025-08-06 11:24:00,PE,ATM+2,11.3,5427825,24650.0,24555.5,120.9,122.95,119.7,121.7,124050,1754459640
2025-08-06 11:25:00,PE,ATM+2,11.49,5427825,24650.0,24555.85,120.9,122.65,118.55,122.5,217800,1754459700
2025-08-06 11:26:00,PE,ATM+2,11.26,5427825,24650.0,24555.35,121.8,123.25,121.1,121.55,139650,1754459760
2025-08-06 11:27:00,PE,ATM+2,11.66,5342325,24650.0,24565.8,122.0,122.0,113.65,116.35,804975,1754459820
2025-08-06 11:28:00,PE,ATM+2,11.73,5342325,24650.0,24567.25,116.25,117.4,114.25,116.3,356175,1754459880
2025-08-06 11:29:00,PE,ATM+2,11.71,5342325,24650.0,24569.4,115.35,116.9,113.3,113.7,369825,1754459940
2025-08-06 11:30:00,PE,ATM+2,11.52,5367825,24650.0,24566.0,114.95,117.05,112.25,115.7,521325,1754460000
2025-08-06 11:31:00,PE,ATM+2,11.37,5367825,24650.0,24559.95,114.75,119.75,114.75,119.55,487500,1754460060
2025-08-06 11:32:00,PE,ATM+2,11.43,5367825,24650.0,24558.1,118.85,122.0,118.7,121.3,492450,1754460120
2025-08-06 11:33:00,PE,ATM+2,11.23,5406225,24650.0,24556.95,120.6,120.65,118.35,119.75,192675,1754460180
2025-08-06 11:34:00,PE,ATM+2,11.4,5406225,24650.0,24557.25,119.55,120.9,118.6,119.8,135375,1754460240
2025-08-06 11:35:00,PE,ATM+2,11.2,5406225,24650.0,24553.65,119.2,122.0,118.75,122.0,251250,1754460300
2025-08-06 11:36:00,PE,ATM+2,11.26,5412900,24650.0,24556.6,122.0,122.7,119.3,120.4,226125,1754460360
2025-08-06 11:37:00,PE,ATM+2,11.34,5412900,24650.0,24561.1,120.45,121.95,115.3,117.75,335550,1754460420
2025-08-06 11:38:00,PE,ATM+2,11.33,5412900,24650.0,24571.55,117.65,117.85,105.6,111.1,1125900,1754460480
2025-08-06 11:39:00,PE,ATM+2,11.13,5385150,24650.0,24561.4,110.95,118.25,110.8,116.35,669075,1754460540
2025-08-06 11:40:00,PE,ATM+2,11.19,5385150,24650.0,24566.2,115.75,115.75,113.7,113.85,242400,1754460600
2025-08-06 11:41:00,PE,ATM+2,11.12,5385150,24650.0,24562.75,114.2,117.0,113.3,115.9,219825,1754460660
2025-08-06 11:42:00,PE,ATM+2,11.23,5403150,24650.0,24558.6,116.2,119.0,115.45,119.0,285450,1754460720
2025-08-06 11:43:00,PE,ATM+2,10.77,5403150,24650.0,24557.1,118.95,119.0,116.0,118.8,241425,1754460780
2025-08-06 11:44:00,PE,ATM+2,11.19,5403150,24650.0,24566.4,118.2,118.6,112.3,113.95,278100,1754460840
2025-08-06 11:45:00,PE,ATM+2,10.92,5371575,24650.0,24563.45,113.75,115.5,113.3,114.75,159300,1754460900
2025-08-06 11:46:00,PE,ATM+2,10.82,5371575,24650.0,24566.5,115.0,115.8,111.55,111.55,218850,1754460960
2025-08-06 11:47:00,PE,ATM+2,11.2,5371575,24650.0,24571.85,111.45,112.6,108.3,109.6,416775,1754461020
2025-08-06 11:48:00,PE,ATM+2,11.65,5793450,24700.0,24577.95,144.9,145.6,141.75,143.15,314400,1754461080
2025-08-06 11:49:00,PE,ATM+2,11.75,5793450,24700.0,24580.2,143.35,144.9,140.75,140.75,271125,1754461140
2025-08-06 11:50:00,PE,ATM+2,11.88,5793450,24700.0,24582.9,141.85,141.85,139.4,140.45,412050,1754461200
2025-08-06 11:51:00,PE,ATM+2,12.35,5985900,24700.0,24585.4,139.85,141.55,134.2,140.65,633300,1754461260
2025-08-06 11:52:00,PE,ATM+2,12.42,5985900,24700.0,24582.45,141.1,143.85,141.1,143.8,340350,1754461320
2025-08-06 11:53:00,PE,ATM+2,12.42,5985900,24700.0,24580.6,143.45,145.45,142.0,142.6,311325,1754461380
2025-08-06 11:54:00,PE,ATM+2,12.32,5997825,24700.0,24588.0,141.0,142.45,138.15,139.55,275250,1754461440
2025-08-06 11:55:00,PE,ATM+2,12.64,5997825,24700.0,24588.95,140.4,141.8,138.6,140.1,236550,1754461500
2025-08-06 11:56:00,PE,ATM+2,12.59,5997825,24700.0,24589.4,140.9,142.95,137.3,140.25,216825,1754461560
2025-08-06 11:57:00,PE,ATM+2,12.62,6051075,24700.0,24585.0,140.2,144.4,140.0,144.0,244500,1754461620
2025-08-06 11:58:00,PE,ATM+2,10.46,5657400,24650.0,24562.9,108.6,114.65,107.9,111.05,1461900,1754461680
2025-08-06 11:59:00,PE,ATM+2,11.86,6051075,24700.0,24580.35,143.45,143.8,137.65,141.85,417675,1754461740
2025-08-06 12:00:00,PE,ATM+2,11.82,5880750,24700.0,24579.1,142.05,143.8,141.75,143.5,186900,1754461800
2025-08-06 12:01:00,PE,ATM+2,12.12,5880750,24700.0,24584.2,143.7,144.25,140.6,141.05,196500,1754461860
2025-08-06 12:02:00,PE,ATM+2,12.31,5880750,24700.0,24596.0,141.15,141.15,131.55,133.5,623775,1754461920
2025-08-06 12:03:00,PE,ATM+2,12.5,5984325,24700.0,24598.95,132.3,133.55,130.95,132.25,462075,1754461980
2025-08-06 12:04:00,PE,ATM+2,12.18,5984325,24700.0,24594.35,132.25,134.35,130.6,133.55,482175,1754462040
2025-08-06 12:05:00,PE,ATM+2,12.13,5984325,24700.0,24592.35,133.25,136.3,131.95,135.55,309825,1754462100
2025-08-06 12:06:00,PE,ATM+2,11.51,6187500,24700.0,24594.2,135.1,135.75,130.65,130.8,319725,1754462160
2025-08-06 12:07:00,PE,ATM+2,11.86,6187500,24700.0,24599.25,130.75,131.5,126.5,128.95,500700,1754462220
2025-08-06 12:08:00,PE,ATM+2,11.69,6187500,24700.0,24589.1,128.55,135.45,128.55,135.05,361200,1754462280
2025-08-06 12:09:00,PE,ATM+2,11.69,6268950,24700.0,24593.2,134.7,135.1,130.5,131.85,267225,1754462340
2025-08-06 12:10:00,PE,ATM+2,11.57,6268950,24700.0,24590.1,132.25,134.8,132.0,133.75,234300,1754462400
2025-08-06 12:11:00,PE,ATM+2,11.39,6268950,24700.0,24588.7,133.45,137.25,132.3,134.0,340800,1754462460
2025-08-06 12:12:00,PE,ATM+2,11.42,6271950,24700.0,24587.6,134.2,136.7,133.2,134.25,195975,1754462520
2025-08-06 12:13:00,PE,ATM+2,11.8,6271950,24700.0,24589.5,133.85,135.05,132.55,135.0,157800,1754462580
2025-08-06 12:14:00,PE,ATM+2,11.72,6271950,24700.0,24587.95,134.95,136.65,134.4,135.6,211875,1754462640
2025-08-06 12:15:00,PE,ATM+2,11.55,6221025,24700.0,24587.6,135.75,137.0,134.85,135.65,184650,1754462700
2025-08-06 12:16:00,PE,ATM+2,12.18,6221025,24700.0,24594.35,135.95,136.75,132.15,133.95,360525,1754462760
2025-08-06 12:17:00,PE,ATM+2,11.68,6221025,24700.0,24597.25,134.25,134.35,128.45,128.8,370800,1754462820
2025-08-06 12:18:00,PE,ATM+2,11.62,6221025,24700.0,24602.75,128.0,130.7,124.45,125.1,544275,1754462880
2025-08-06 12:19:00,PE,ATM+2,11.84,6373575,24700.0,24607.25,125.5,126.45,122.4,123.25,443100,1754462940
2025-08-06 12:20:00,PE,ATM+2,11.5,6373575,24700.0,24611.25,122.05,123.0,118.3,118.3,584625,1754463000
2025-08-06 12:21:00,PE,ATM+2,11.29,6373575,24700.0,24624.75,117.7,117.95,101.2,108.1,1912125,1754463060
2025-08-06 12:22:00,PE,ATM+2,10.95,6543225,24700.0,24617.0,108.3,113.0,107.5,111.4,851025,1754463120
2025-08-06 12:23:00,PE,ATM+2,10.93,6543225,24700.0,24615.05,111.9,114.15,110.4,112.7,428400,1754463180
2025-08-06 12:24:00,PE,ATM+2,10.82,6543225,24700.0,24612.7,113.25,117.45,112.95,113.7,598800,1754463240
2025-08-06 12:25:00,PE,ATM+2,11.22,6729675,24700.0,24612.45,112.8,115.65,112.4,115.65,325725,1754463300
2025-08-06 12:26:00,PE,ATM+2,10.89,6729675,24700.0,24612.55,114.55,117.65,113.4,113.9,432300,1754463360
2025-08-06 12:27:00,PE,ATM+2,11.05,6729675,24700.0,24610.4,113.9,116.65,111.8,116.4,346650,1754463420
2025-08-06 12:28:00,PE,ATM+2,10.88,6696975,24700.0,24610.2,116.0,117.1,114.1,115.85,251850,1754463480
2025-08-06 12:29:00,PE,ATM+2,11.1,6696975,24700.0,24616.5,115.45,115.75,111.6,112.95,300450,1754463540
2025-08-06 12:30:00,PE,ATM+2,10.88,6696975,24700.0,24615.9,112.6,114.3,110.75,111.8,291975,1754463600
2025-08-06 12:31:00,PE,ATM+2,11.0,6769425,24700.0,24616.35,114.1,114.8,110.4,112.15,384900,1754463660
2025-08-06 12:32:00,PE,ATM+2,10.84,6769425,24700.0,24617.3,112.2,112.65,109.7,110.2,287175,1754463720
2025-08-06 12:33:00,PE,ATM+2,10.83,6769425,24700.0,24621.25,109.3,110.4,107.55,107.55,444750,1754463780
2025-08-06 12:34:00,PE,ATM+2,10.95,6829575,24700.0,24620.2,107.5,111.0,106.9,109.05,321000,1754463840
2025-08-06 12:35:00,PE,ATM+2,11.11,6829575,24700.0,24619.5,108.05,110.8,107.75,110.8,223425,1754463900
2025-08-06 12:36:00,PE,ATM+2,10.95,6829575,24700.0,24613.3,111.2,114.7,111.2,114.25,480525,1754463960
2025-08-06 12:37:00,PE,ATM+2,10.83,6773550,24700.0,24608.7,115.25,116.2,114.25,116.2,644100,1754464020
2025-08-06 12:38:00,PE,ATM+2,10.94,6773550,24700.0,24600.95,116.2,122.45,115.55,121.65,826650,1754464080
2025-08-06 12:39:00,PE,ATM+2,10.97,6773550,24700.0,24597.7,120.8,127.7,119.05,125.05,824700,1754464140
2025-08-06 12:40:00,PE,ATM+2,10.77,6608475,24700.0,24599.05,124.85,125.0,120.35,122.3,453975,1754464200
2025-08-06 12:41:00,PE,ATM+2,10.75,6608475,24700.0,24598.55,122.55,125.85,119.9,122.5,441225,1754464260
2025-08-06 12:42:00,PE,ATM+2,10.66,6608475,24700.0,24599.5,122.55,123.85,121.5,121.7,250425,1754464320
2025-08-06 12:43:00,PE,ATM+2,10.72,6688800,24700.0,24599.25,122.0,123.75,120.0,121.9,258525,1754464380
2025-08-06 12:44:00,PE,ATM+2,10.86,6688800,24700.0,24600.1,122.25,122.5,120.65,122.0,173175,1754464440
2025-08-06 12:45:00,PE,ATM+2,10.82,6688800,24700.0,24605.55,121.5,121.6,116.75,118.2,414675,1754464500
2025-08-06 12:46:00,PE,ATM+2,11.02,6652425,24700.0,24606.75,117.85,119.65,117.25,118.1,263700,1754464560
2025-08-06 12:47:00,PE,ATM+2,11.17,6652425,24700.0,24609.3,117.75,118.15,114.25,117.75,409125,1754464620
2025-08-06 12:48:00,PE,ATM+2,11.0,6652425,24700.0,24608.5,117.85,118.85,117.05,117.75,168675,1754464680
2025-08-06 12:49:00,PE,ATM+2,11.38,6657150,24700.0,24603.95,118.1,122.6,118.1,122.6,354600,1754464740
2025-08-06 12:50:00,PE,ATM+2,11.04,6657150,24700.0,24598.0,123.3,125.9,120.4,124.15,665700,1754464800
2025-08-06 12:51:00,PE,ATM+2,11.61,6657150,24700.0,24590.9,123.5,132.55,123.15,132.55,1043250,1754464860
2025-08-06 12:52:00,PE,ATM+2,11.14,6520500,24700.0,24587.3,133.15,136.55,130.95,132.55,911475,1754464920
2025-08-06 12:53:00,PE,ATM+2,11.23,6520500,24700.0,24584.95,133.25,136.45,132.65,135.3,543750,1754464980
2025-08-06 12:54:00,PE,ATM+2,11.23,6520500,24700.0,24589.6,135.1,136.45,130.0,131.45,510450,1754465040
2025-08-06 12:55:00,PE,ATM+2,11.29,6500700,24700.0,24596.3,131.5,131.5,126.0,127.05,438150,1754465100
2025-08-06 12:56:00,PE,ATM+2,11.55,6500700,24700.0,24597.0,127.0,129.7,126.75,128.55,224325,1754465160
2025-08-06 12:57:00,PE,ATM+2,11.47,6500700,24700.0,24601.2,127.55,127.55,121.4,125.55,690675,1754465220
2025-08-06 12:58:00,PE,ATM+2,11.4,6518400,24700.0,24603.3,125.0,125.15,122.8,123.6,208725,1754465280
2025-08-06 12:59:00,PE,ATM+2,11.4,6518400,24700.0,24608.0,123.85,123.9,117.9,118.7,439050,1754465340
2025-08-06 13:00:00,PE,ATM+2,11.33,6518400,24700.0,24606.75,117.0,120.6,115.6,119.75,531525,1754465400
2025-08-06 13:01:00,PE,ATM+2,11.35,6538725,24700.0,24608.35,119.95,121.2,118.35,119.1,235650,1754465460
2025-08-06 13:02:00,PE,ATM+2,11.3,6538725,24700.0,24610.7,119.3,119.4,116.3,116.7,223050,1754465520
2025-08-06 13:03:00,PE,ATM+2,11.36,6538725,24700.0,24615.5,117.25,117.25,112.55,114.45,517950,1754465580
2025-08-06 13:04:00,PE,ATM+2,11.12,6602475,24700.0,24612.6,114.55,116.6,113.75,115.85,234375,1754465640
2025-08-06 13:05:00,PE,ATM+2,11.0,6602475,24700.0,24607.65,116.05,119.0,116.05,117.6,417900,1754465700
2025-08-06 13:06:00,PE,ATM+2,10.9,6602475,24700.0,24606.25,117.3,120.2,117.0,118.05,298200,1754465760
2025-08-06 13:07:00,PE,ATM+2,11.18,6724350,24700.0,24607.8,118.55,118.95,116.9,118.5,178425,1754465820
2025-08-06 13:08:00,PE,ATM+2,11.32,6724350,24700.0,24605.8,118.6,120.25,117.0,120.25,198150,1754465880
2025-08-06 13:09:00,PE,ATM+2,11.22,6724350,24700.0,24608.05,120.45,120.75,117.45,118.1,228225,1754465940
2025-08-06 13:10:00,PE,ATM+2,11.31,6700800,24700.0,24611.95,118.45,118.7,116.05,116.35,228150,1754466000
2025-08-06 13:11:00,PE,ATM+2,11.38,6700800,24700.0,24612.25,116.15,117.0,113.85,117.0,311250,1754466060
2025-08-06 13:12:00,PE,ATM+2,11.36,6700800,24700.0,24614.45,116.75,119.0,114.85,115.85,230925,1754466120
2025-08-06 13:13:00,PE,ATM+2,11.78,6743850,24700.0,24616.95,116.0,117.15,114.4,115.35,158325,1754466180
2025-08-06 13:14:00,PE,ATM+2,11.69,6743850,24700.0,24618.1,115.0,115.25,113.6,114.6,161325,1754466240
2025-08-06 13:15:00,PE,ATM+2,11.79,6743850,24700.0,24614.0,114.25,118.9,114.25,117.4,278775,1754466300
2025-08-06 13:16:00,PE,ATM+2,11.5,6773025,24700.0,24615.95,117.65,117.65,113.85,115.2,177675,1754466360
2025-08-06 13:17:00,PE,ATM+2,11.57,6773025,24700.0,24618.0,115.85,117.35,114.0,114.25,166350,1754466420
2025-08-06 13:18:00,PE,ATM+2,11.93,6773025,24700.0,24617.5,114.05,117.3,114.05,116.3,175350,1754466480
2025-08-06 13:19:00,PE,ATM+2,11.97,6799800,24700.0,24616.9,116.15,116.9,114.4,116.35,104400,1754466540
2025-08-06 13:20:00,PE,ATM+2,11.57,6799800,24700.0,24614.65,116.55,119.7,115.25,115.85,367350,1754466600
2025-08-06 13:21:00,PE,ATM+2,11.8,6799800,24700.0,24617.6,115.95,117.65,114.2,115.15,148500,1754466660
2025-08-06 13:22:00,PE,ATM+2,11.6,6716100,24700.0,24615.7,115.7,116.0,114.65,115.2,104100,1754466720
2025-08-06 13:23:00,PE,ATM+2,11.87,6716100,24700.0,24611.95,114.9,119.4,114.9,119.4,218850,1754466780
2025-08-06 13:24:00,PE,ATM+2,11.6,6716100,24700.0,24609.85,118.65,120.9,117.9,119.1,423375,1754466840
2025-08-06 13:25:00,PE,ATM+2,11.6,6759150,24700.0,24613.2,118.7,120.7,114.75,116.5,411225,1754466900
2025-08-06 13:26:00,PE,ATM+2,11.39,6759150,24700.0,24614.75,117.0,118.5,114.6,114.7,249525,1754466960
2025-08-06 13:27:00,PE,ATM+2,11.55,6759150,24700.0,24613.05,115.0,117.35,115.0,116.9,178650,1754467020
2025-08-06 13:28:00,PE,ATM+2,11.48,6707550,24700.0,24614.2,116.6,119.0,113.55,115.7,376650,1754467080
2025-08-06 13:29:00,PE,ATM+2,11.75,6707550,24700.0,24620.25,115.05,115.2,108.25,112.6,821925,1754467140
2025-08-06 13:30:00,PE,ATM+2,11.89,1448550,24750.0,24625.3,148.0,148.4,144.05,144.55,108900,1754467200
2025-08-06 13:31:00,PE,ATM+2,11.7,6864525,24700.0,24618.8,109.25,114.15,106.9,114.15,537675,1754467260
2025-08-06 13:32:00,PE,ATM+2,11.31,6864525,24700.0,24618.55,113.5,115.8,111.2,111.2,559200,1754467320
2025-08-06 13:33:00,PE,ATM+2,11.45,6864525,24700.0,24613.65,111.15,115.5,109.0,115.45,325650,1754467380
2025-08-06 13:34:00,PE,ATM+2,11.46,6793200,24700.0,24617.15,115.0,115.0,111.3,113.1,194925,1754467440
2025-08-06 13:35:00,PE,ATM+2,11.51,6793200,24700.0,24619.4,113.3,113.75,112.35,112.7,153150,1754467500
2025-08-06 13:36:00,PE,ATM+2,11.53,6793200,24700.0,24621.35,112.75,115.0,111.85,111.9,191850,1754467560
2025-08-06 13:37:00,PE,ATM+2,11.7,6783375,24700.0,24620.95,112.0,113.0,111.6,112.25,133725,1754467620
2025-08-06 13:38:00,PE,ATM+2,12.09,1456125,24750.0,24625.5,147.95,149.1,145.35,145.95,121650,1754467680
2025-08-06 13:39:00,PE,ATM+2,11.92,1456125,24750.0,24626.6,146.15,147.1,144.0,145.45,98625,1754467740
2025-08-06 13:40:00,PE,ATM+2,12.24,1484250,24750.0,24625.5,145.6,148.65,145.25,146.3,64125,1754467800
2025-08-06 13:41:00,PE,ATM+2,11.91,6913275,24700.0,24619.1,109.95,116.05,109.8,114.95,591900,1754467860
2025-08-06 13:42:00,PE,ATM+2,9.6,6913275,24700.0,24587.05,114.85,129.15,114.85,123.6,1858950,1754467920
2025-08-06 13:43:00,PE,ATM+2,10.79,6428850,24700.0,24603.25,121.3,121.3,116.6,119.15,650325,1754467980
2025-08-06 13:44:00,PE,ATM+2,11.31,6428850,24700.0,24615.95,119.25,119.5,110.3,113.4,715275,1754468040
2025-08-06 13:45:00,PE,ATM+2,10.86,6428850,24700.0,24606.8,113.85,121.15,113.85,118.0,602100,1754468100
2025-08-06 13:46:00,PE,ATM+2,11.18,6592050,24700.0,24610.55,117.75,118.75,114.7,115.75,327750,1754468160
2025-08-06 13:47:00,PE,ATM+2,11.25,6592050,24700.0,24607.5,115.85,118.35,115.8,118.35,163725,1754468220
2025-08-06 13:48:00,PE,ATM+2,11.04,6592050,24700.0,24606.3,118.8,119.55,117.4,117.8,213675,1754468280
2025-08-06 13:49:00,PE,ATM+2,11.08,6684750,24700.0,24606.0,117.7,118.95,117.15,118.95,188025,1754468340
2025-08-06 13:50:00,PE,ATM+2,11.13,6684750,24700.0,24602.2,119.1,123.0,118.15,122.4,465000,1754468400
2025-08-06 13:51:00,PE,ATM+2,11.26,6684750,24700.0,24598.2,125.0,126.0,123.6,124.6,667575,1754468460
2025-08-06 13:52:00,PE,ATM+2,10.86,6498150,24700.0,24603.55,124.0,124.0,119.7,119.95,347925,1754468520
2025-08-06 13:53:00,PE,ATM+2,11.28,6498150,24700.0,24603.05,120.45,122.0,119.2,121.95,246900,1754468580
2025-08-06 13:54:00,PE,ATM+2,11.12,6498150,24700.0,24599.65,122.05,124.8,122.05,123.6,252450,1754468640
2025-08-06 13:55:00,PE,ATM+2,11.36,6499200,24700.0,24599.45,124.85,126.0,123.0,125.2,352275,1754468700
2025-08-06 13:56:00,PE,ATM+2,11.36,6499200,24700.0,24601.6,125.2,126.0,122.7,123.25,317025,1754468760
2025-08-06 13:57:00,PE,ATM+2,11.1,6499200,24700.0,24602.25,123.1,124.0,121.1,121.7,211125,1754468820
2025-08-06 13:58:00,PE,ATM+2,11.66,6508050,24700.0,24606.2,121.9,121.9,118.5,121.85,319875,1754468880
2025-08-06 13:59:00,PE,ATM+2,11.95,6508050,24700.0,24598.1,121.95,128.1,121.85,127.85,391275,1754468940
2025-08-06 14:00:00,PE,ATM+2,12.02,6508050,24700.0,24593.35,125.95,132.2,124.9,132.2,852525,1754469000
2025-08-06 14:01:00,PE,ATM+2,11.74,6403275,24700.0,24593.15,132.85,133.2,129.2,130.5,630975,1754469060
2025-08-06 14:02:00,PE,ATM+2,11.84,6403275,24700.0,24590.2,131.4,135.0,129.45,134.1,632475,1754469120
2025-08-06 14:03:00,PE,ATM+2,11.69,6403275,24700.0,24589.8,133.65,136.0,131.4,133.0,630675,1754469180
2025-08-06 14:04:00,PE,ATM+2,11.66,6184875,24700.0,24589.05,133.15,135.05,132.25,133.35,346275,1754469240
2025-08-06 14:05:00,PE,ATM+2,11.76,6184875,24700.0,24587.6,133.25,135.5,132.2,134.45,312300,1754469300
2025-08-06 14:06:00,PE,ATM+2,11.43,6184875,24700.0,24590.95,134.8,135.65,129.4,130.9,525000,1754469360
2025-08-06 14:07:00,PE,ATM+2,11.74,6106425,24700.0,24595.35,130.25,130.25,125.75,129.0,534900,1754469420
2025-08-06 14:08:00,PE,ATM+2,11.33,6106425,24700.0,24598.8,128.85,128.85,123.3,124.85,371400,1754469480
2025-08-06 14:09:00,PE,ATM+2,11.41,6106425,24700.0,24595.45,125.3,127.8,123.65,127.25,331650,1754469540
2025-08-06 14:10:00,PE,ATM+2,11.14,6160200,24700.0,24589.85,126.9,132.2,126.9,129.45,702525,1754469600
2025-08-06 14:11:00,PE,ATM+2,11.55,6160200,24700.0,24596.8,128.6,128.6,124.65,127.25,470175,1754469660
2025-08-06 14:12:00,PE,ATM+2,11.42,6160200,24700.0,24593.0,126.95,133.65,125.05,129.4,459525,1754469720
2025-08-06 14:13:00,PE,ATM+2,11.94,6107775,24700.0,24585.6,129.1,138.0,128.4,138.0,398100,1754469780
2025-08-06 14:14:00,PE,ATM+2,11.67,6107775,24700.0,24583.8,138.75,142.15,134.85,136.7,1104525,1754469840
2025-08-06 14:15:00,PE,ATM+2,11.89,6107775,24700.0,24579.95,135.0,141.3,134.5,141.0,560625,1754469900
2025-08-06 14:16:00,PE,ATM+2,11.4,6212850,24700.0,24586.25,140.75,141.0,132.65,133.7,641850,1754469960
2025-08-06 14:17:00,PE,ATM+2,11.44,6212850,24700.0,24585.9,134.0,135.55,130.65,134.5,448275,1754470020
2025-08-06 14:18:00,PE,ATM+2,11.63,6212850,24700.0,24587.15,135.0,140.0,134.8,134.8,425550,1754470080
2025-08-06 14:19:00,PE,ATM+2,11.91,6196050,24700.0,24588.8,135.05,135.65,133.5,134.2,208200,1754470140
2025-08-06 14:20:00,PE,ATM+2,12.12,6196050,24700.0,24594.4,133.85,133.85,128.9,130.9,582225,1754470200
2025-08-06 14:21:00,PE,ATM+2,11.99,6196050,24700.0,24592.95,131.45,132.9,130.45,132.0,232575,1754470260
2025-08-06 14:22:00,PE,ATM+2,11.88,6070650,24700.0,24594.05,131.95,133.0,129.75,130.55,212925,1754470320
2025-08-06 14:23:00,PE,ATM+2,12.07,6070650,24700.0,24595.2,130.5,132.6,130.5,131.15,170775,1754470380
2025-08-06 14:24:00,PE,ATM+2,12.06,6070650,24700.0,24591.65,131.95,133.7,130.4,133.45,252000,1754470440
2025-08-06 14:25:00,PE,ATM+2,12.06,6127875,24700.0,24590.9,133.0,135.25,130.8,134.05,292650,1754470500
2025-08-06 14:26:00,PE,ATM+2,11.91,6127875,24700.0,24596.55,133.7,133.9,125.0,128.85,618000,1754470560
2025-08-06 14:27:00,PE,ATM+2,11.86,6127875,24700.0,24590.55,129.7,135.35,128.7,132.75,505050,1754470620
2025-08-06 14:28:00,PE,ATM+2,11.65,6097125,24700.0,24581.75,132.65,138.9,132.65,138.9,531600,1754470680
2025-08-06 14:29:00,PE,ATM+2,11.57,6031500,24650.0,24574.35,103.2,109.15,102.9,108.1,1569975,1754470740
2025-08-06 14:30:00,PE,ATM+2,10.88,6031500,24650.0,24568.95,108.6,110.3,105.6,108.9,1359075,1754470800
2025-08-06 14:31:00,PE,ATM+2,10.59,5781000,24650.0,24569.1,109.2,109.55,105.0,107.0,997350,1754470860
2025-08-06 14:32:00,PE,ATM+2,10.68,5781000,24650.0,24569.75,107.75,111.35,106.45,106.45,963675,1754470920
2025-08-06 14:33:00,PE,ATM+2,10.94,5781000,24650.0,24568.15,107.85,110.6,107.55,109.4,505125,1754470980
2025-08-06 14:34:00,PE,ATM+2,11.07,5574075,24650.0,24567.85,108.5,110.1,107.45,110.0,349500,1754471040
2025-08-06 14:35:00,PE,ATM+2,11.26,5574075,24650.0,24562.2,109.7,116.4,109.7,114.9,1337700,1754471100
2025-08-06 14:36:00,PE,ATM+2,9.58,5574075,24650.0,24542.85,115.75,122.8,114.75,119.3,2120475,1754471160
2025-08-06 14:37:00,PE,ATM+2,10.33,5099325,24650.0,24554.0,118.6,118.6,114.6,114.8,769050,1754471220
2025-08-06 14:38:00,PE,ATM+2,10.35,5099325,24650.0,24555.5,115.85,118.95,114.6,114.7,473400,1754471280
2025-08-06 14:39:00,PE,ATM+2,10.77,5099325,24650.0,24560.35,115.55,116.3,111.1,113.8,597825,1754471340
2025-08-06 14:40:00,PE,ATM+2,10.32,5005050,24650.0,24554.45,114.25,116.85,113.85,115.15,547425,1754471400
2025-08-06 14:41:00,PE,ATM+2,10.41,5005050,24650.0,24553.7,115.55,116.25,113.25,115.65,362100,1754471460
2025-08-06 14:42:00,PE,ATM+2,10.27,5005050,24650.0,24557.9,115.25,117.35,111.9,112.55,467700,1754471520
2025-08-06 14:43:00,PE,ATM+2,10.38,4944000,24650.0,24559.85,113.0,114.65,110.65,111.45,343500,1754471580
2025-08-06 14:44:00,PE,ATM+2,11.18,4944000,24650.0,24560.4,111.3,117.25,110.3,115.5,601125,1754471640
2025-08-06 14:45:00,PE,ATM+2,11.48,4944000,24650.0,24560.45,115.35,118.6,115.0,116.9,494400,1754471700
2025-08-06 14:46:00,PE,ATM+2,11.12,4742625,24650.0,24564.05,115.8,116.15,112.55,113.1,350100,1754471760
2025-08-06 14:47:00,PE,ATM+2,11.71,4742625,24650.0,24563.75,112.9,115.8,112.4,115.8,242475,1754471820
2025-08-06 14:48:00,PE,ATM+2,11.55,4742625,24650.0,24566.8,114.9,116.0,111.6,113.1,332100,1754471880
2025-08-06 14:49:00,PE,ATM+2,11.6,4743375,24650.0,24565.9,113.1,117.0,112.4,114.55,339525,1754471940
2025-08-06 14:50:00,PE,ATM+2,11.89,4743375,24650.0,24566.0,115.6,116.0,114.0,115.75,223875,1754472000
2025-08-06 14:51:00,PE,ATM+2,11.61,4743375,24650.0,24567.45,115.1,115.6,112.4,113.3,251100,1754472060
2025-08-06 14:52:00,PE,ATM+2,11.84,4700400,24650.0,24566.1,113.0,115.55,112.65,115.15,226425,1754472120
2025-08-06 14:53:00,PE,ATM+2,11.21,4700400,24650.0,24570.45,115.35,115.65,108.2,108.2,459600,1754472180
2025-08-06 14:54:00,PE,ATM+2,12.61,4910025,24700.0,24579.05,143.0,146.45,143.0,144.45,446400,1754472240
2025-08-06 14:55:00,PE,ATM+2,12.24,4830375,24700.0,24580.15,146.1,146.65,141.45,142.15,359625,1754472300
2025-08-06 14:56:00,PE,ATM+2,12.46,4830375,24700.0,24585.3,142.05,143.4,137.45,139.2,459075,1754472360
2025-08-06 14:57:00,PE,ATM+2,12.03,4830375,24700.0,24581.2,139.2,142.95,139.05,141.05,337725,1754472420
2025-08-06 14:58:00,PE,ATM+2,11.55,4584225,24650.0,24574.65,104.3,109.3,104.3,107.25,671025,1754472480
2025-08-06 14:59:00,PE,ATM+2,11.25,4584225,24650.0,24567.05,106.6,110.5,105.35,108.7,495525,1754472540
2025-08-06 15:00:00,PE,ATM+2,10.88,4584225,24650.0,24573.45,105.9,112.8,103.9,104.8,926925,1754472600
2025-08-06 15:01:00,PE,ATM+2,11.05,4541400,24650.0,24572.85,105.35,109.65,105.35,106.35,420075,1754472660
2025-08-06 15:02:00,PE,ATM+2,11.41,4541400,24650.0,24568.7,107.2,111.75,107.0,110.25,395325,1754472720
2025-08-06 15:03:00,PE,ATM+2,11.38,4541400,24650.0,24565.1,109.4,113.4,108.6,112.25,492150,1754472780
2025-08-06 15:04:00,PE,ATM+2,11.44,4400100,24650.0,24568.45,112.45,112.75,109.5,110.35,376500,1754472840
2025-08-06 15:05:00,PE,ATM+2,11.46,4400100,24650.0,24573.95,109.45,111.15,105.15,106.4,473925,1754472900
2025-08-06 15:06:00,PE,ATM+2,12.4,4575150,24700.0,24576.95,143.8,145.75,142.65,144.5,132450,1754472960
2025-08-06 15:07:00,PE,ATM+2,12.02,4295400,24650.0,24574.95,108.85,111.5,108.4,109.5,304425,1754473020
2025-08-06 15:08:00,PE,ATM+2,12.46,4482075,24700.0,24578.35,146.1,146.7,143.0,143.8,146175,1754473080
2025-08-06 15:09:00,PE,ATM+2,13.04,4482075,24700.0,24580.85,143.8,145.55,143.8,145.35,156600,1754473140
2025-08-06 15:10:00,PE,ATM+2,13.13,4403025,24700.0,24577.05,146.9,148.5,145.35,148.3,254325,1754473200
2025-08-06 15:11:00,PE,ATM+2,13.02,4403025,24700.0,24575.85,148.7,149.3,146.6,148.1,212625,1754473260
2025-08-06 15:12:00,PE,ATM+2,12.98,4403025,24700.0,24579.05,147.75,148.1,144.7,146.05,163350,1754473320
2025-08-06 15:13:00,PE,ATM+2,13.38,4324425,24700.0,24580.0,145.25,146.55,145.0,146.35,114150,1754473380
2025-08-06 15:14:00,PE,ATM+2,12.91,4324425,24700.0,24576.35,144.9,148.15,144.9,147.7,152325,1754473440
2025-08-06 15:15:00,PE,ATM+2,11.97,3961500,24650.0,24570.75,110.7,112.1,110.05,111.5,479625,1754473500
2025-08-06 15:16:00,PE,ATM+2,12.13,3736575,24650.0,24573.2,111.65,112.95,110.3,110.8,274650,1754473560
2025-08-06 15:17:00,PE,ATM+2,12.21,3736575,24650.0,24572.85,111.0,112.1,109.5,111.35,383775,1754473620
2025-08-06 15:18:00,PE,ATM+2,12.1,3736575,24650.0,24571.2,111.45,112.25,111.05,111.55,251175,1754473680
2025-08-06 15:19:00,PE,ATM+2,12.08,3546750,24650.0,24573.95,111.25,111.85,109.75,109.75,213825,1754473740
2025-08-06 15:20:00,PE,ATM+2,13.23,4093725,24700.0,24577.3,146.25,148.75,146.0,148.15,208875,1754473800
2025-08-06 15:21:00,PE,ATM+2,13.71,4093725,24700.0,24582.25,148.1,148.55,146.05,147.7,196425,1754473860
2025-08-06 15:22:00,PE,ATM+2,13.99,3965175,24700.0,24584.25,147.6,147.8,146.5,147.25,153450,1754473920
2025-08-06 15:23:00,PE,ATM+2,13.73,3965175,24700.0,24580.5,147.0,148.7,146.95,148.2,190725,1754473980
2025-08-06 15:24:00,PE,ATM+2,13.75,3965175,24700.0,24581.5,148.35,148.45,147.5,148.05,117825,1754474040
2025-08-06 15:25:00,PE,ATM+2,12.43,2946975,24650.0,24573.35,111.3,112.75,111.3,112.65,410925,1754474100
2025-08-06 15:26:00,PE,ATM+2,13.25,3780600,24700.0,24575.3,149.55,149.55,148.4,148.9,216750,1754474160
2025-08-06 15:27:00,PE,ATM+2,12.83,2946975,24650.0,24574.05,112.35,113.9,112.15,113.45,303375,1754474220
2025-08-06 15:28:00,PE,ATM+2,12.62,2604450,24650.0,24574.05,113.7,116.6,113.55,116.0,365775,1754474280
2025-08-06 15:29:00,PE,ATM+2,12.61,2604450,24650.0,24569.6,116.2,116.9,114.2,116.45,444750,1754474340
2025-08-07 09:15:00,PE,ATM+2,13.38,7982250,24600.0,24501.7,101.0,129.0,101.0,115.4,3784800,1754538300
2025-08-07 09:16:00,PE,ATM+2,13.97,7982250,24600.0,24493.8,121.45,123.0,117.8,121.8,3353175,1754538360
2025-08-07 09:17:00,PE,ATM+2,15.14,7982250,24600.0,24517.4,120.75,120.75,107.4,107.4,2363475,1754538420
2025-08-07 09:18:00,PE,ATM+2,14.85,7202775,24600.0,24513.2,104.15,115.95,101.6,109.15,2815425,1754538480
2025-08-07 09:19:00,PE,ATM+2,15.86,7202775,24600.0,24519.45,112.55,115.25,106.7,109.15,1448475,1754538540
2025-08-07 09:20:00,PE,ATM+2,13.71,7202775,24600.0,24516.3,110.55,110.55,103.1,103.1,1584150,1754538600
2025-08-07 09:21:00,PE,ATM+2,14.74,7769325,24600.0,24517.05,104.0,106.65,94.1,106.65,2325675,1754538660
2025-08-07 09:22:00,PE,ATM+2,13.83,7769325,24600.0,24510.1,106.45,112.3,104.3,106.25,2277675,1754538720
2025-08-07 09:23:00,PE,ATM+2,13.18,7769325,24600.0,24508.5,106.0,109.85,100.7,109.6,1362825,1754538780
2025-08-07 09:24:00,PE,ATM+2,12.86,7674300,24600.0,24504.45,110.0,113.35,105.0,108.55,1668225,1754538840
2025-08-07 09:25:00,PE,ATM+2,13.08,7674300,24600.0,24510.0,105.65,108.2,100.4,105.7,1301025,1754538900
2025-08-07 09:26:00,PE,ATM+2,12.73,7674300,24600.0,24510.0,105.25,110.25,101.9,104.7,1065225,1754538960
2025-08-07 09:27:00,PE,ATM+2,13.05,8246100,24600.0,24517.5,105.95,105.95,97.1,100.9,1504500,1754539020
2025-08-07 09:28:00,PE,ATM+2,12.32,8246100,24600.0,24522.6,101.25,102.5,92.6,94.1,1108200,1754539080
2025-08-07 09:29:00,PE,ATM+2,12.13,2691750,24650.0,24525.85,135.6,136.5,126.45,130.05,862725,1754539140
2025-08-07 09:30:00,PE,ATM+2,13.46,2852850,24650.0,24526.2,130.35,138.05,130.05,132.4,443325,1754539200
2025-08-07 09:31:00,PE,ATM+2,12.49,2852850,24650.0,24531.65,130.7,134.75,126.2,126.3,369825,1754539260
2025-08-07 09:32:00,PE,ATM+2,12.1,2852850,24650.0,24530.65,126.8,129.0,116.7,126.4,875850,1754539320
2025-08-07 09:33:00,PE,ATM+2,13.23,3046200,24650.0,24527.75,126.85,132.75,124.4,131.05,342750,1754539380
2025-08-07 09:34:00,PE,ATM+2,11.12,9688875,24600.0,24518.95,89.95,98.4,89.85,93.35,2263575,1754539440
2025-08-07 09:35:00,PE,ATM+2,12.44,9688875,24600.0,24514.05,94.6,100.35,93.35,99.2,1715475,1754539500
2025-08-07 09:36:00,PE,ATM+2,13.17,9506250,24600.0,24506.0,97.6,108.85,93.8,108.85,2139450,1754539560
2025-08-07 09:37:00,PE,ATM+2,10.94,9506250,24600.0,24504.75,107.15,111.3,103.05,103.9,2060625,1754539620
2025-08-07 09:38:00,PE,ATM+2,12.05,9506250,24600.0,24518.25,104.5,105.1,92.65,96.9,1568475,1754539680
2025-08-07 09:39:00,PE,ATM+2,12.72,8792925,24600.0,24517.4,97.5,100.65,96.0,99.25,964800,1754539740
2025-08-07 09:40:00,PE,ATM+2,12.68,8792925,24600.0,24514.35,99.0,102.15,95.7,102.1,874125,1754539800
2025-08-07 09:41:00,PE,ATM+2,12.4,8792925,24600.0,24507.1,101.7,105.0,97.65,104.6,1277025,1754539860
2025-08-07 09:42:00,PE,ATM+2,11.45,8763900,24600.0,24500.0,104.5,110.35,104.5,107.75,1777275,1754539920
2025-08-07 09:43:00,PE,ATM+2,11.24,8763900,24600.0,24502.3,108.1,109.45,103.4,105.65,1066875,1754539980
2025-08-07 09:44:00,PE,ATM+2,10.92,8763900,24600.0,24504.55,105.15,106.55,100.85,104.15,740100,1754540040
2025-08-07 09:45:00,PE,ATM+2,10.07,8812725,24600.0,24502.55,104.6,107.4,102.3,102.3,599025,1754540100
2025-08-07 09:46:00,PE,ATM+2,11.03,8812725,24600.0,24519.0,102.35,107.55,93.25,93.65,1609875,1754540160
2025-08-07 09:47:00,PE,ATM+2,11.71,8812725,24600.0,24510.25,93.45,103.25,93.45,101.4,1158300,1754540220
2025-08-07 09:48:00,PE,ATM+2,11.08,9138975,24600.0,24510.0,101.2,101.65,96.5,100.7,558225,1754540280
2025-08-07 09:49:00,PE,ATM+2,11.05,9138975,24600.0,24502.25,100.9,107.8,100.8,105.65,1143825,1754540340
2025-08-07 09:50:00,PE,ATM+2,10.78,9138975,24600.0,24501.5,106.1,108.0,103.4,105.8,685950,1754540400
2025-08-07 09:51:00,PE,ATM+2,10.47,8971050,24600.0,24504.4,106.15,106.9,100.0,102.75,763200,1754540460
2025-08-07 09:52:00,PE,ATM+2,10.26,8971050,24600.0,24507.55,103.7,104.05,98.05,100.95,691950,1754540520
2025-08-07 09:53:00,PE,ATM+2,10.5,8971050,24600.0,24505.75,100.85,103.1,98.0,101.9,605700,1754540580
2025-08-07 09:54:00,PE,ATM+2,9.7,8961300,24600.0,24506.15,101.65,106.45,99.25,99.25,791775,1754540640
2025-08-07 09:55:00,PE,ATM+2,11.29,8961300,24600.0,24504.55,100.2,104.6,100.2,104.5,407325,1754540700
2025-08-07 09:56:00,PE,ATM+2,10.28,8961300,24600.0,24495.05,104.6,111.85,103.4,110.75,1552725,1754540760
2025-08-07 09:57:00,PE,ATM+2,9.92,8794200,24600.0,24493.6,110.15,112.3,106.0,109.65,1451625,1754540820
2025-08-07 09:58:00,PE,ATM+2,8.45,8794200,24600.0,24482.2,109.45,122.6,109.45,118.85,3366375,1754540880
2025-08-07 09:59:00,PE,ATM+2,9.33,8794200,24600.0,24481.35,120.65,121.75,117.25,119.55,1274850,1754540940
2025-08-07 10:00:00,PE,ATM+2,10.13,7769625,24600.0,24484.15,119.3,120.45,113.75,118.7,1121175,1754541000
2025-08-07 10:01:00,PE,ATM+2,9.11,7769625,24600.0,24481.5,118.85,126.9,118.8,119.2,2830575,1754541060
2025-08-07 10:02:00,PE,ATM+2,10.25,7769625,24600.0,24485.2,119.65,122.8,118.25,119.4,863850,1754541120
2025-08-07 10:03:00,PE,ATM+2,11.02,7497225,24600.0,24484.35,119.75,122.0,117.3,120.25,648900,1754541180
2025-08-07 10:04:00,PE,ATM+2,9.48,7497225,24600.0,24476.1,119.85,124.5,119.8,124.4,924300,1754541240
2025-08-07 10:05:00,PE,ATM+2,8.02,8477325,24550.0,24474.6,79.7,81.2,76.8,79.9,1143150,1754541300
2025-08-07 10:06:00,PE,ATM+2,8.12,7349475,24600.0,24481.4,124.3,127.85,115.9,118.5,1438050,1754541360
2025-08-07 10:07:00,PE,ATM+2,5.88,7349475,24600.0,24475.8,118.75,122.3,116.8,121.35,682800,1754541420
2025-08-07 10:08:00,PE,ATM+2,8.02,7349475,24600.0,24475.35,121.9,123.65,121.4,122.2,447075,1754541480
2025-08-07 10:09:00,PE,ATM+2,7.46,8121900,24550.0,24471.4,77.5,84.95,77.5,80.8,2100600,1754541540
2025-08-07 10:10:00,PE,ATM+2,8.3,8121900,24550.0,24473.25,81.0,83.35,77.65,82.0,1337100,1754541600
2025-08-07 10:11:00,PE,ATM+2,6.73,7115250,24600.0,24475.3,126.0,126.65,123.05,123.05,411750,1754541660
2025-08-07 10:12:00,PE,ATM+2,8.24,6984825,24600.0,24476.0,123.25,124.2,119.95,122.4,539400,1754541720
2025-08-07 10:13:00,PE,ATM+2,6.35,6984825,24600.0,24475.3,123.05,125.6,121.55,121.95,344100,1754541780
2025-08-07 10:14:00,PE,ATM+2,9.67,6984825,24600.0,24476.05,122.0,124.15,121.35,124.0,249600,1754541840
2025-08-07 10:15:00,PE,ATM+2,9.1,7000200,24600.0,24480.95,123.05,124.75,117.9,118.7,721650,1754541900
2025-08-07 10:16:00,PE,ATM+2,8.02,7960725,24550.0,24474.35,75.05,81.9,73.2,79.3,1673250,1754541960
2025-08-07 10:17:00,PE,ATM+2,8.45,7000200,24600.0,24478.3,123.1,124.4,118.4,119.9,461550,1754542020
2025-08-07 10:18:00,PE,ATM+2,6.31,7079625,24600.0,24484.45,119.35,120.4,113.15,114.5,738975,1754542080
2025-08-07 10:19:00,PE,ATM+2,8.44,7079625,24600.0,24483.05,114.75,116.7,112.15,116.65,681000,1754542140
2025-08-07 10:20:00,PE,ATM+2,8.94,7079625,24600.0,24480.45,115.5,120.5,113.0,119.35,624525,1754542200
2025-08-07 10:21:00,PE,ATM+2,8.69,7014825,24600.0,24478.4,119.7,124.0,117.95,122.15,798375,1754542260
2025-08-07 10:22:00,PE,ATM+2,7.76,7014825,24600.0,24478.7,122.55,123.45,119.3,120.2,346875,1754542320
2025-08-07 10:23:00,PE,ATM+2,8.19,7014825,24600.0,24477.25,120.45,122.6,119.65,121.25,249525,1754542380
2025-08-07 10:24:00,PE,ATM+2,9.18,6957225,24600.0,24479.25,121.25,122.5,119.4,121.0,215325,1754542440
2025-08-07 10:25:00,PE,ATM+2,9.4,6957225,24600.0,24483.6,120.35,121.5,116.65,117.2,374700,1754542500
2025-08-07 10:26:00,PE,ATM+2,8.21,6957225,24600.0,24477.85,117.45,122.0,116.85,120.95,351000,1754542560
2025-08-07 10:27:00,PE,ATM+2,8.01,7584450,24550.0,24468.6,78.0,86.2,78.0,84.95,2608350,1754542620
2025-08-07 10:28:00,PE,ATM+2,9.44,7584450,24550.0,24456.6,85.4,99.0,84.75,97.4,4881075,1754542680
2025-08-07 10:29:00,PE,ATM+2,10.37,7584450,24550.0,24450.7,99.85,106.0,95.8,105.15,3550875,1754542740
2025-08-07 10:30:00,PE,ATM+2,12.55,5008650,24550.0,24434.3,105.05,129.0,105.05,124.8,4298475,1754542800
2025-08-07 10:31:00,PE,ATM+2,11.92,5008650,24550.0,24429.25,127.0,132.4,122.85,126.3,1762500,1754542860
2025-08-07 10:32:00,PE,ATM+2,11.31,5008650,24550.0,24433.8,125.55,134.0,120.6,121.3,1455675,1754542920
2025-08-07 10:33:00,PE,ATM+2,11.44,4384200,24550.0,24436.6,122.15,126.9,118.35,118.8,959175,1754542980
2025-08-07 10:34:00,PE,ATM+2,12.08,4384200,24550.0,24439.3,119.0,120.3,115.0,117.95,885450,1754543040
2025-08-07 10:35:00,PE,ATM+2,12.2,4384200,24550.0,24435.35,118.4,123.35,118.4,121.7,738525,1754543100
2025-08-07 10:36:00,PE,ATM+2,13.13,4384725,24550.0,24438.95,121.65,123.6,119.0,121.15,460050,1754543160
2025-08-07 10:37:00,PE,ATM+2,13.35,4384725,24550.0,24440.85,120.2,120.2,115.55,119.15,480450,1754543220
2025-08-07 10:38:00,PE,ATM+2,12.53,4384725,24550.0,24440.15,119.4,120.85,117.25,118.5,363150,1754543280
2025-08-07 10:39:00,PE,ATM+2,11.82,4390875,24550.0,24436.1,118.3,121.9,117.45,120.0,424575,1754543340
2025-08-07 10:40:00,PE,ATM+2,11.92,4390875,24550.0,24433.4,119.45,123.8,119.45,122.25,462525,1754543400
2025-08-07 10:41:00,PE,ATM+2,11.92,4390875,24550.0,24435.1,122.05,123.65,120.0,121.25,377175,1754543460
2025-08-07 10:42:00,PE,ATM+2,12.73,4308750,24550.0,24432.25,121.45,126.2,118.85,126.2,484875,1754543520
2025-08-07 10:43:00,PE,ATM+2,13.12,4308750,24550.0,24429.55,125.7,128.4,123.15,128.3,775875,1754543580
2025-08-07 10:44:00,PE,ATM+2,13.23,4308750,24550.0,24435.75,128.25,128.25,122.65,124.0,434250,1754543640
2025-08-07 10:45:00,PE,ATM+2,12.57,13962750,24500.0,24422.05,80.95,98.0,79.15,94.35,6694500,1754543700
2025-08-07 10:46:00,PE,ATM+2,13.03,13962750,24500.0,24423.3,95.1,97.65,92.4,93.5,3971400,1754543760
2025-08-07 10:47:00,PE,ATM+2,12.78,13962750,24500.0,24419.65,93.0,101.0,92.05,95.6,3548700,1754543820
2025-08-07 10:48:00,PE,ATM+2,13.76,12115050,24500.0,24422.45,95.7,97.45,93.3,96.6,1780275,1754543880
2025-08-07 10:49:00,PE,ATM+2,13.71,12115050,24500.0,24418.25,96.75,106.75,95.7,100.4,4451325,1754543940
2025-08-07 10:50:00,PE,ATM+2,13.73,12115050,24500.0,24423.6,101.95,101.95,95.9,96.6,1703925,1754544000
2025-08-07 10:51:00,PE,ATM+2,14.12,11321700,24500.0,24420.5,96.8,100.8,96.05,99.55,1210950,1754544060
2025-08-07 10:52:00,PE,ATM+2,13.56,11321700,24500.0,24420.4,99.85,100.35,97.55,98.35,753000,1754544120
2025-08-07 10:53:00,PE,ATM+2,14.21,11321700,24500.0,24418.0,99.35,102.75,98.75,101.7,1324350,1754544180
2025-08-07 10:54:00,PE,ATM+2,14.16,11162250,24500.0,24416.7,102.45,104.3,99.8,101.05,1464750,1754544240
2025-08-07 10:55:00,PE,ATM+2,15.4,3164475,24550.0,24425.3,144.35,145.65,136.0,138.1,455475,1754544300
2025-08-07 10:56:00,PE,ATM+2,15.02,3164475,24550.0,24426.55,137.45,138.1,133.15,136.1,413850,1754544360
2025-08-07 10:57:00,PE,ATM+2,14.58,3198750,24550.0,24427.65,137.25,138.0,133.4,133.4,196725,1754544420
2025-08-07 10:58:00,PE,ATM+2,14.8,3198750,24550.0,24428.55,132.15,134.05,130.65,133.75,280725,1754544480
2025-08-07 10:59:00,PE,ATM+2,16.98,3198750,24550.0,24426.05,133.25,135.95,133.25,135.35,170475,1754544540
2025-08-07 11:00:00,PE,ATM+2,15.36,3222525,24550.0,24426.85,131.0,137.8,130.85,136.4,437250,1754544600
2025-08-07 11:01:00,PE,ATM+2,13.53,10900800,24500.0,24418.95,94.8,99.7,94.05,99.25,2460225,1754544660
2025-08-07 11:02:00,PE,ATM+2,14.09,10900800,24500.0,24413.5,100.4,109.0,100.4,104.8,3772575,1754544720
2025-08-07 11:03:00,PE,ATM+2,13.85,10311750,24500.0,24409.85,106.55,107.75,104.35,107.6,1811775,1754544780
2025-08-07 11:04:00,PE,ATM+2,14.43,10311750,24500.0,24408.55,109.05,118.0,107.55,109.9,3738825,1754544840
2025-08-07 11:05:00,PE,ATM+2,14.56,10311750,24500.0,24406.15,110.75,115.0,109.7,111.25,1791600,1754544900
2025-08-07 11:06:00,PE,ATM+2,12.42,9454275,24500.0,24388.55,111.45,119.75,111.45,116.45,2764125,1754544960
2025-08-07 11:07:00,PE,ATM+2,14.05,9454275,24500.0,24405.7,117.65,117.65,107.0,109.05,1777800,1754545020
2025-08-07 11:08:00,PE,ATM+2,14.58,9454275,24500.0,24404.85,108.55,111.7,108.55,111.05,840675,1754545080
2025-08-07 11:09:00,PE,ATM+2,14.3,9097350,24500.0,24411.95,111.1,112.4,106.6,106.85,688200,1754545140
2025-08-07 11:10:00,PE,ATM+2,15.07,9097350,24500.0,24411.45,106.35,108.95,102.05,108.95,1284000,1754545200
2025-08-07 11:11:00,PE,ATM+2,15.11,9097350,24500.0,24414.15,108.35,109.85,103.95,107.0,865875,1754545260
2025-08-07 11:12:00,PE,ATM+2,14.82,9004800,24500.0,24411.5,106.4,108.55,106.4,108.25,419700,1754545320
2025-08-07 11:13:00,PE,ATM+2,14.52,9004800,24500.0,24410.0,107.85,108.75,106.75,108.0,423150,1754545380
2025-08-07 11:14:00,PE,ATM+2,14.69,9004800,24500.0,24411.6,108.0,108.8,106.0,106.9,371475,1754545440
2025-08-07 11:15:00,PE,ATM+2,14.56,8937525,24500.0,24413.25,107.25,108.85,102.05,105.3,789525,1754545500
2025-08-07 11:16:00,PE,ATM+2,13.86,8937525,24500.0,24420.6,105.8,105.8,96.9,97.3,1351125,1754545560
2025-08-07 11:17:00,PE,ATM+2,15.7,2789625,24550.0,24425.25,139.95,143.0,136.7,138.1,329850,1754545620
2025-08-07 11:18:00,PE,ATM+2,13.59,9005100,24500.0,24423.65,94.9,97.85,91.55,95.95,1110225,1754545680
2025-08-07 11:19:00,PE,ATM+2,13.52,9005100,24500.0,24421.55,96.1,97.8,94.0,97.5,1020825,1754545740
2025-08-07 11:20:00,PE,ATM+2,13.08,9005100,24500.0,24422.35,97.6,98.6,93.05,94.35,858825,1754545800
2025-08-07 11:21:00,PE,ATM+2,13.35,9202725,24500.0,24420.65,94.1,97.4,93.6,97.2,445875,1754545860
2025-08-07 11:22:00,PE,ATM+2,15.42,2945025,24550.0,24425.7,143.1,143.95,133.5,136.5,393225,1754545920
2025-08-07 11:23:00,PE,ATM+2,15.63,2945025,24550.0,24426.15,136.75,140.3,135.4,137.65,153000,1754545980
2025-08-07 11:24:00,PE,ATM+2,15.8,2980875,24550.0,24426.85,137.3,137.3,134.6,136.75,130950,1754546040
2025-08-07 11:25:00,PE,ATM+2,15.69,2980875,24550.0,24428.15,136.65,139.25,134.4,135.75,111300,1754546100
2025-08-07 11:26:00,PE,ATM+2,15.3,2980875,24550.0,24433.3,135.5,135.75,130.6,130.6,219300,1754546160
2025-08-07 11:27:00,PE,ATM+2,15.47,2971350,24550.0,24429.9,130.7,137.0,130.7,134.95,204150,1754546220
2025-08-07 11:28:00,PE,ATM+2,14.81,2971350,24550.0,24425.1,135.0,136.35,133.25,135.85,136125,1754546280
2025-08-07 11:29:00,PE,ATM+2,12.87,9503175,24500.0,24424.15,92.0,93.5,90.15,92.4,654825,1754546340
2025-08-07 11:30:00,PE,ATM+2,12.61,9735525,24500.0,24422.05,92.5,94.6,90.85,92.5,892275,1754546400
2025-08-07 11:31:00,PE,ATM+2,15.78,2981925,24550.0,24427.6,136.3,136.6,132.85,136.2,174075,1754546460
2025-08-07 11:32:00,PE,ATM+2,13.43,9735525,24500.0,24418.4,92.5,99.5,92.45,98.35,1742175,1754546520
2025-08-07 11:33:00,PE,ATM+2,12.96,9554400,24500.0,24414.4,98.8,100.7,95.95,99.8,1552350,1754546580
2025-08-07 11:34:00,PE,ATM+2,13.48,9554400,24500.0,24419.85,100.05,100.95,94.4,96.55,1187775,1754546640
2025-08-07 11:35:00,PE,ATM+2,15.55,2855475,24550.0,24427.8,140.85,141.55,134.6,135.25,188475,1754546700
2025-08-07 11:36:00,PE,ATM+2,13.72,9523875,24500.0,24423.3,93.4,96.85,93.25,95.15,674925,1754546760
2025-08-07 11:37:00,PE,ATM+2,15.2,2828400,24550.0,24426.5,138.3,139.0,133.35,134.9,154800,1754546820
2025-08-07 11:38:00,PE,ATM+2,13.9,2828400,24550.0,24426.85,134.8,135.95,131.75,131.85,118650,1754546880
2025-08-07 11:39:00,PE,ATM+2,14.35,2818125,24550.0,24441.6,131.7,133.0,120.6,120.75,570525,1754546940
2025-08-07 11:40:00,PE,ATM+2,14.24,2818125,24550.0,24441.35,121.45,121.45,114.7,120.25,577275,1754547000
2025-08-07 11:41:00,PE,ATM+2,14.06,2818125,24550.0,24435.8,120.55,125.7,120.2,125.4,352875,1754547060
2025-08-07 11:42:00,PE,ATM+2,14.24,2943525,24550.0,24429.85,126.25,130.1,123.5,130.05,331050,1754547120
2025-08-07 11:43:00,PE,ATM+2,12.28,10173750,24500.0,24424.6,85.95,92.35,84.35,89.5,2006625,1754547180
2025-08-07 11:44:00,PE,ATM+2,12.93,10173750,24500.0,24423.7,89.2,92.4,87.6,91.9,1308900,1754547240
2025-08-07 11:45:00,PE,ATM+2,15.87,2811450,24550.0,24426.05,136.1,137.65,132.15,135.3,254025,1754547300
2025-08-07 11:46:00,PE,ATM+2,13.38,9758775,24500.0,24421.9,91.15,95.9,90.15,95.65,1696200,1754547360
2025-08-07 11:47:00,PE,ATM+2,15.06,2811450,24550.0,24425.8,140.6,141.3,135.05,135.1,201750,1754547420
2025-08-07 11:48:00,PE,ATM+2,12.97,9635550,24500.0,24423.6,89.75,92.8,87.2,92.8,910875,1754547480
2025-08-07 11:49:00,PE,ATM+2,12.82,9635550,24500.0,24422.2,93.45,94.1,91.6,93.3,527775,1754547540
2025-08-07 11:50:00,PE,ATM+2,11.91,9635550,24500.0,24422.05,92.85,92.85,90.4,90.85,431850,1754547600
2025-08-07 11:51:00,PE,ATM+2,12.19,9778425,24500.0,24420.1,91.0,93.85,90.05,93.4,555000,1754547660
2025-08-07 11:52:00,PE,ATM+2,11.68,9778425,24500.0,24420.25,93.95,94.35,91.65,92.0,670275,1754547720
2025-08-07 11:53:00,PE,ATM+2,11.69,9778425,24500.0,24423.6,91.75,92.5,87.45,88.65,1044225,1754547780
2025-08-07 11:54:00,PE,ATM+2,12.9,2794800,24550.0,24426.65,133.15,133.4,129.45,129.45,213750,1754547840
2025-08-07 11:55:00,PE,ATM+2,13.38,2794800,24550.0,24428.6,129.4,130.75,126.75,129.4,252900,1754547900
2025-08-07 11:56:00,PE,ATM+2,13.46,2794800,24550.0,24428.6,130.1,130.35,128.6,128.6,85725,1754547960
2025-08-07 11:57:00,PE,ATM+2,14.08,2787825,24550.0,24428.95,128.8,131.0,127.5,130.6,108375,1754548020
2025-08-07 11:58:00,PE,ATM+2,13.94,2787825,24550.0,24429.2,130.2,131.35,128.6,129.1,98025,1754548080
2025-08-07 11:59:00,PE,ATM+2,12.95,2787825,24550.0,24426.45,129.2,132.45,126.7,129.2,177300,1754548140
2025-08-07 12:00:00,PE,ATM+2,12.57,2776200,24550.0,24427.15,129.9,130.95,127.2,128.5,126900,1754548200
2025-08-07 12:01:00,PE,ATM+2,10.94,10074675,24500.0,24424.0,83.75,88.55,83.0,86.2,937125,1754548260
2025-08-07 12:02:00,PE,ATM+2,11.79,2776200,24550.0,24432.55,131.0,131.5,121.35,122.05,364500,1754548320
2025-08-07 12:03:00,PE,ATM+2,12.4,2776425,24550.0,24432.6,121.85,124.7,118.85,124.4,360000,1754548380
2025-08-07 12:04:00,PE,ATM+2,12.72,2776425,24550.0,24434.3,124.3,125.3,120.85,121.65,160950,1754548440
2025-08-07 12:05:00,PE,ATM+2,12.61,2776425,24550.0,24436.75,121.25,121.8,117.8,120.2,232050,1754548500
2025-08-07 12:06:00,PE,ATM+2,13.38,2800575,24550.0,24433.2,120.0,124.2,118.55,123.95,282300,1754548560
2025-08-07 12:07:00,PE,ATM+2,12.57,2800575,24550.0,24428.8,123.35,127.5,122.8,127.2,249750,1754548620
2025-08-07 12:08:00,PE,ATM+2,12.53,2800575,24550.0,24429.35,127.6,132.3,125.6,126.9,343875,1754548680
2025-08-07 12:09:00,PE,ATM+2,12.44,2828550,24550.0,24429.25,126.85,129.15,126.6,127.0,120900,1754548740
2025-08-07 12:10:00,PE,ATM+2,13.74,2828550,24550.0,24433.4,127.0,127.2,124.05,124.8,162225,1754548800
2025-08-07 12:11:00,PE,ATM+2,13.22,2828550,24550.0,24435.75,124.25,125.05,121.6,122.2,173775,1754548860
2025-08-07 12:12:00,PE,ATM+2,13.46,2826225,24550.0,24445.95,122.25,122.45,111.3,113.7,463350,1754548920
2025-08-07 12:13:00,PE,ATM+2,14.3,2826225,24550.0,24444.55,113.95,119.7,113.4,117.35,395250,1754548980
2025-08-07 12:14:00,PE,ATM+2,13.1,2826225,24550.0,24442.3,117.65,120.0,116.15,117.85,158025,1754549040
2025-08-07 12:15:00,PE,ATM+2,13.28,3005925,24550.0,24447.25,117.0,117.85,110.6,113.1,339150,1754549100
2025-08-07 12:16:00,PE,ATM+2,13.6,3005925,24550.0,24449.3,114.0,115.95,111.1,112.4,267300,1754549160
2025-08-07 12:17:00,PE,ATM+2,14.11,3005925,24550.0,24447.25,112.2,115.2,108.15,115.2,450825,1754549220
2025-08-07 12:18:00,PE,ATM+2,13.93,3020175,24550.0,24440.7,115.6,120.5,115.55,119.9,372600,1754549280
2025-08-07 12:19:00,PE,ATM+2,13.81,3020175,24550.0,24441.35,120.25,121.9,115.85,119.5,271200,1754549340
2025-08-07 12:20:00,PE,ATM+2,13.65,3020175,24550.0,24442.2,119.35,119.7,116.05,117.65,150150,1754549400
2025-08-07 12:21:00,PE,ATM+2,13.3,3072525,24550.0,24442.35,117.0,117.95,113.35,117.05,174075,1754549460
2025-08-07 12:22:00,PE,ATM+2,13.48,3072525,24550.0,24432.75,115.45,125.55,115.3,124.8,347325,1754549520
2025-08-07 12:23:00,PE,ATM+2,12.42,3072525,24550.0,24435.85,126.15,126.15,119.4,120.6,306225,1754549580
2025-08-07 12:24:00,PE,ATM+2,13.05,3044100,24550.0,24435.35,121.15,122.8,118.95,121.7,198900,1754549640
2025-08-07 12:25:00,PE,ATM+2,12.75,3044100,24550.0,24435.0,121.7,125.85,121.0,121.2,236025,1754549700
2025-08-07 12:26:00,PE,ATM+2,12.45,3044100,24550.0,24433.55,120.85,123.9,120.85,121.8,122025,1754549760
2025-08-07 12:27:00,PE,ATM+2,11.98,3071400,24550.0,24433.55,122.95,123.5,120.2,121.75,124500,1754549820
2025-08-07 12:28:00,PE,ATM+2,12.08,3071400,24550.0,24434.0,121.7,122.5,119.5,120.15,150525,1754549880
2025-08-07 12:29:00,PE,ATM+2,13.08,3071400,24550.0,24436.8,118.0,120.65,116.65,119.2,231600,1754549940
2025-08-07 12:30:00,PE,ATM+2,13.08,3071400,24550.0,24436.8,119.2,119.2,119.2,119.2,0,1754550000
2025-08-07 12:31:00,PE,ATM+2,12.38,3109500,24550.0,24439.8,116.95,118.45,115.2,116.95,148725,1754550060
2025-08-07 12:32:00,PE,ATM+2,12.35,3109500,24550.0,24434.95,117.05,121.35,115.15,120.45,216600,1754550120
2025-08-07 12:33:00,PE,ATM+2,12.79,3033150,24550.0,24428.45,119.9,126.95,119.9,126.9,428250,1754550180
2025-08-07 12:34:00,PE,ATM+2,12.91,3033150,24550.0,24431.95,127.35,127.5,123.65,124.25,283350,1754550240
2025-08-07 12:35:00,PE,ATM+2,13.81,3033150,24550.0,24435.1,124.4,125.85,122.1,122.85,265800,1754550300
2025-08-07 12:36:00,PE,ATM+2,12.93,3045750,24550.0,24446.4,122.6,123.25,111.35,112.45,594750,1754550360
2025-08-07 12:37:00,PE,ATM+2,13.63,3045750,24550.0,24442.3,114.5,119.55,114.0,116.95,314250,1754550420
2025-08-07 12:38:00,PE,ATM+2,14.17,3045750,24550.0,24444.4,117.45,117.5,114.9,116.25,215775,1754550480
2025-08-07 12:39:00,PE,ATM+2,14.49,3265425,24550.0,24445.25,116.1,116.9,113.7,116.8,202350,1754550540
2025-08-07 12:40:00,PE,ATM+2,14.13,3265425,24550.0,24442.5,115.95,118.15,114.95,116.45,195300,1754550600
2025-08-07 12:41:00,PE,ATM+2,13.52,3265425,24550.0,24443.7,115.7,118.05,115.25,115.25,129450,1754550660
2025-08-07 12:42:00,PE,ATM+2,13.88,3261675,24550.0,24440.8,115.25,120.8,115.25,119.15,333675,1754550720
2025-08-07 12:43:00,PE,ATM+2,6.94,11603100,24500.0,24420.25,76.4,83.0,73.1,77.1,3498075,1754550780
2025-08-07 12:44:00,PE,ATM+2,12.82,3261675,24550.0,24434.9,122.4,122.4,118.85,121.05,324300,1754550840
2025-08-07 12:45:00,PE,ATM+2,10.45,3021375,24550.0,24429.85,120.25,122.15,117.35,121.25,297450,1754550900
2025-08-07 12:46:00,PE,ATM+2,11.29,3021375,24550.0,24431.35,122.1,122.1,119.85,121.0,118275,1754550960
2025-08-07 12:47:00,PE,ATM+2,11.97,3021375,24550.0,24431.95,121.55,122.7,119.8,121.55,151200,1754551020
2025-08-07 12:48:00,PE,ATM+2,11.63,3021375,24550.0,24430.85,121.9,123.2,120.45,122.2,89175,1754551080
2025-08-07 12:49:00,PE,ATM+2,10.82,2974725,24550.0,24425.2,122.85,127.25,122.85,125.75,317475,1754551140
2025-08-07 12:50:00,PE,ATM+2,12.32,2974725,24550.0,24433.2,126.05,126.35,120.5,121.95,241275,1754551200
2025-08-07 12:51:00,PE,ATM+2,11.91,2974725,24550.0,24429.5,122.25,125.5,122.0,123.95,121950,1754551260
2025-08-07 12:52:00,PE,ATM+2,11.73,2967075,24550.0,24427.85,124.15,127.8,123.15,124.7,151350,1754551320
2025-08-07 12:53:00,PE,ATM+2,11.43,2967075,24550.0,24427.95,124.85,126.0,124.2,124.6,99525,1754551380
2025-08-07 12:54:00,PE,ATM+2,12.16,2967075,24550.0,24431.85,125.25,125.3,121.15,122.3,165975,1754551440
2025-08-07 12:55:00,PE,ATM+2,12.54,2985600,24550.0,24431.2,122.05,124.95,121.5,123.8,92550,1754551500
2025-08-07 12:56:00,PE,ATM+2,11.96,2985600,24550.0,24427.7,124.25,127.4,122.6,124.85,161475,1754551560
2025-08-07 12:57:00,PE,ATM+2,12.79,2985600,24550.0,24433.45,125.1,125.8,121.05,121.95,190275,1754551620
2025-08-07 12:58:00,PE,ATM+2,12.46,2969175,24550.0,24436.8,122.4,122.6,118.6,118.75,251925,1754551680
2025-08-07 12:59:00,PE,ATM+2,12.45,2969175,24550.0,24435.5,118.8,120.8,117.2,119.65,157950,1754551740
2025-08-07 13:00:00,PE,ATM+2,12.78,2969175,24550.0,24434.65,119.7,122.65,119.7,121.25,147900,1754551800
2025-08-07 13:01:00,PE,ATM+2,12.88,3007050,24550.0,24430.3,121.0,127.95,120.4,124.8,269325,1754551860
2025-08-07 13:02:00,PE,ATM+2,12.65,3007050,24550.0,24436.3,125.3,125.9,120.05,120.3,200250,1754551920
2025-08-07 13:03:00,PE,ATM+2,13.47,3007050,24550.0,24435.05,120.2,122.65,120.15,122.0,92550,1754551980
2025-08-07 13:04:00,PE,ATM+2,14.05,2955525,24550.0,24434.85,121.65,124.8,121.65,123.55,73575,1754552040
2025-08-07 13:05:00,PE,ATM+2,11.98,2955525,24550.0,24427.5,123.9,126.85,123.55,125.65,187650,1754552100
2025-08-07 13:06:00,PE,ATM+2,11.98,2955525,24550.0,24427.5,125.65,125.65,125.65,125.65,0,1754552160
2025-08-07 13:07:00,PE,ATM+2,11.11,10266075,24500.0,24413.85,84.5,93.95,84.3,93.55,3356550,1754552220
2025-08-07 13:08:00,PE,ATM+2,9.35,10266075,24500.0,24411.75,94.25,96.7,88.65,91.3,2303475,1754552280
2025-08-07 13:09:00,PE,ATM+2,9.33,10266075,24500.0,24411.85,92.15,94.8,90.2,91.25,1561500,1754552340
2025-08-07 13:10:00,PE,ATM+2,10.08,9914550,24500.0,24410.5,91.55,96.0,89.4,94.95,1436550,1754552400
2025-08-07 13:11:00,PE,ATM+2,9.44,9914550,24500.0,24403.3,98.3,102.0,97.05,101.0,3247125,1754552460
2025-08-07 13:12:00,PE,ATM+2,9.35,9914550,24500.0,24405.7,102.75,103.7,94.35,97.0,2345625,1754552520
2025-08-07 13:13:00,PE,ATM+2,8.6,9186750,24500.0,24402.7,97.55,100.6,95.65,99.25,1148925,1754552580
2025-08-07 13:14:00,PE,ATM+2,9.4,9186750,24500.0,24403.15,99.75,100.0,96.8,97.9,737550,1754552640
2025-08-07 13:15:00,PE,ATM+2,9.96,9186750,24500.0,24403.0,98.55,99.8,96.65,99.2,679350,1754552700
2025-08-07 13:16:00,PE,ATM+2,11.83,9083700,24500.0,24397.4,99.3,108.75,98.9,108.75,2426850,1754552760
2025-08-07 13:17:00,PE,ATM+2,7.44,9083700,24500.0,24389.8,109.05,114.8,106.6,108.25,3326250,1754552820
2025-08-07 13:18:00,PE,ATM+2,8.69,9083700,24500.0,24387.9,109.25,114.85,108.65,113.5,1444650,1754552880
2025-08-07 13:19:00,PE,ATM+2,13.74,8281275,24500.0,24404.45,116.0,117.3,104.3,107.5,2536500,1754552940
2025-08-07 13:20:00,PE,ATM+2,12.38,8281275,24500.0,24391.25,106.85,114.05,105.6,114.05,1362525,1754553000
2025-08-07 13:21:00,PE,ATM+2,10.19,8281275,24500.0,24384.7,114.05,116.9,111.05,115.15,1407525,1754553060
2025-08-07 13:22:00,PE,ATM+2,12.0,7903650,24500.0,24379.6,115.65,125.45,113.65,125.0,2249100,1754553120
2025-08-07 13:23:00,PE,ATM+2,9.99,9229200,24450.0,24370.8,79.35,88.5,79.05,85.35,5417400,1754553180
2025-08-07 13:24:00,PE,ATM+2,11.2,9229200,24450.0,24362.35,85.75,101.65,85.75,95.7,5039250,1754553240
2025-08-07 13:25:00,PE,ATM+2,11.26,6998250,24450.0,24365.45,99.05,100.75,88.3,92.25,3310350,1754553300
2025-08-07 13:26:00,PE,ATM+2,10.89,6998250,24450.0,24367.15,91.8,91.8,83.3,90.45,2015775,1754553360
2025-08-07 13:27:00,PE,ATM+2,10.05,6998250,24450.0,24364.85,92.25,94.25,89.55,89.8,1286925,1754553420
2025-08-07 13:28:00,PE,ATM+2,10.18,6794025,24450.0,24359.85,89.1,95.05,89.1,95.05,1038300,1754553480
2025-08-07 13:29:00,PE,ATM+2,10.23,6794025,24450.0,24358.0,95.85,97.9,91.85,95.4,1834725,1754553540
2025-08-07 13:30:00,PE,ATM+2,9.64,6794025,24450.0,24358.25,97.1,99.7,93.25,94.2,1644225,1754553600
2025-08-07 13:31:00,PE,ATM+2,10.89,6338925,24450.0,24365.3,92.3,95.8,89.2,91.05,1621575,1754553660
2025-08-07 13:32:00,PE,ATM+2,11.24,6338925,24450.0,24359.4,91.6,97.1,90.4,96.85,1265175,1754553720
2025-08-07 13:33:00,PE,ATM+2,11.28,6338925,24450.0,24351.75,97.95,111.2,96.85,103.95,3032325,1754553780
2025-08-07 13:34:00,PE,ATM+2,12.68,5621550,24450.0,24356.85,106.75,116.8,98.5,102.4,2609700,1754553840
2025-08-07 13:35:00,PE,ATM+2,11.77,5621550,24450.0,24353.15,102.6,109.0,102.55,103.35,1159200,1754553900
2025-08-07 13:36:00,PE,ATM+2,11.84,5621550,24450.0,24351.55,104.45,106.65,102.3,104.65,595575,1754553960
2025-08-07 13:37:00,PE,ATM+2,12.69,5169600,24450.0,24347.9,105.85,109.5,104.25,109.35,539250,1754554020
2025-08-07 13:38:00,PE,ATM+2,12.44,5169600,24450.0,24347.3,109.55,111.25,106.15,109.7,851550,1754554080
2025-08-07 13:39:00,PE,ATM+2,12.26,5169600,24450.0,24358.35,108.75,109.75,97.65,100.15,1310475,1754554140
2025-08-07 13:40:00,PE,ATM+2,11.12,5097450,24450.0,24356.9,100.15,104.0,96.8,97.95,994275,1754554200
2025-08-07 13:41:00,PE,ATM+2,11.53,5097450,24450.0,24360.4,98.0,98.55,91.45,95.5,1232175,1754554260
2025-08-07 13:42:00,PE,ATM+2,10.4,5097450,24450.0,24362.3,96.05,96.05,92.5,92.5,682350,1754554320
2025-08-07 13:43:00,PE,ATM+2,11.07,4943625,24450.0,24360.8,92.95,97.3,92.1,94.45,769725,1754554380
2025-08-07 13:44:00,PE,ATM+2,15.31,5764800,24500.0,24385.4,140.65,140.65,119.85,124.65,1733550,1754554440
2025-08-07 13:45:00,PE,ATM+2,13.27,5764800,24500.0,24390.05,123.55,127.05,110.25,118.15,1427250,1754554500
2025-08-07 13:46:00,PE,ATM+2,13.81,5852100,24500.0,24377.65,119.0,130.3,117.0,130.3,1136175,1754554560
2025-08-07 13:47:00,PE,ATM+2,12.95,5852100,24500.0,24376.3,130.55,130.75,122.35,127.95,827925,1754554620
2025-08-07 13:48:00,PE,ATM+2,10.48,5286225,24450.0,24373.65,81.1,87.85,81.1,83.1,1364250,1754554680
2025-08-07 13:49:00,PE,ATM+2,13.69,5813100,24500.0,24377.05,129.2,130.4,125.1,127.95,445275,1754554740
2025-08-07 13:50:00,PE,ATM+2,11.42,5813100,24500.0,24378.4,128.0,130.1,124.15,124.15,432075,1754554800
2025-08-07 13:51:00,PE,ATM+2,9.84,5155875,24450.0,24372.9,80.0,85.25,79.4,82.35,876975,1754554860
2025-08-07 13:52:00,PE,ATM+2,12.62,5762175,24500.0,24382.85,128.4,129.9,116.3,121.6,735075,1754554920
2025-08-07 13:53:00,PE,ATM+2,11.63,5762175,24500.0,24380.15,122.4,127.8,119.1,124.35,507375,1754554980
2025-08-07 13:54:00,PE,ATM+2,12.11,5762175,24500.0,24383.45,125.15,125.85,119.35,120.45,305550,1754555040
2025-08-07 13:55:00,PE,ATM+2,12.47,5803650,24500.0,24383.0,121.7,123.65,117.0,121.45,440550,1754555100
2025-08-07 13:56:00,PE,ATM+2,11.73,5803650,24500.0,24382.7,121.8,124.1,118.95,120.45,372975,1754555160
2025-08-07 13:57:00,PE,ATM+2,10.91,5803650,24500.0,24389.45,120.8,122.05,111.55,112.4,641400,1754555220
2025-08-07 13:58:00,PE,ATM+2,12.3,5889750,24500.0,24386.75,112.95,118.5,109.55,117.1,843000,1754555280
2025-08-07 13:59:00,PE,ATM+2,13.38,5889750,24500.0,24388.25,117.0,119.05,115.65,116.15,371325,1754555340
2025-08-07 14:00:00,PE,ATM+2,11.53,5889750,24500.0,24392.4,116.0,116.5,108.8,111.2,700050,1754555400
2025-08-07 14:01:00,PE,ATM+2,11.91,6032325,24500.0,24394.6,110.85,113.6,106.15,110.25,623700,1754555460
2025-08-07 14:02:00,PE,ATM+2,8.49,6032325,24500.0,24401.0,109.95,114.0,96.7,99.25,1329825,1754555520
2025-08-07 14:03:00,PE,ATM+2,9.35,6032325,24500.0,24399.6,97.8,109.8,97.8,101.6,1173000,1754555580
2025-08-07 14:04:00,PE,ATM+2,10.45,6322725,24500.0,24404.9,102.0,105.1,98.35,98.5,654825,1754555640
2025-08-07 14:05:00,PE,ATM+2,9.87,6322725,24500.0,24416.8,98.7,98.7,85.6,86.5,2453550,1754555700
2025-08-07 14:06:00,PE,ATM+2,11.08,6322725,24500.0,24413.0,87.1,94.4,84.35,93.55,1784400,1754555760
2025-08-07 14:07:00,PE,ATM+2,11.64,6508800,24500.0,24415.8,96.05,99.95,90.15,91.75,1658175,1754555820
2025-08-07 14:08:00,PE,ATM+2,11.93,6508800,24500.0,24416.65,90.6,94.55,86.5,91.2,970950,1754555880
2025-08-07 14:09:00,PE,ATM+2,11.86,6508800,24500.0,24413.7,89.9,96.6,89.9,94.3,948375,1754555940
2025-08-07 14:10:00,PE,ATM+2,11.89,6547050,24500.0,24417.4,92.75,93.8,89.25,91.1,714750,1754556000
2025-08-07 14:11:00,PE,ATM+2,10.57,6547050,24500.0,24422.55,90.35,95.75,83.75,84.75,1318200,1754556060
2025-08-07 14:12:00,PE,ATM+2,15.01,1991925,24550.0,24433.15,133.75,133.75,120.0,125.15,629700,1754556120
2025-08-07 14:13:00,PE,ATM+2,10.54,6828225,24500.0,24418.9,78.35,88.5,77.5,86.85,1804350,1754556180
2025-08-07 14:14:00,PE,ATM+2,15.31,2040150,24550.0,24427.6,135.2,135.85,128.85,131.3,216750,1754556240
2025-08-07 14:15:00,PE,ATM+2,16.7,2040150,24550.0,24433.1,129.8,129.9,125.65,128.55,195525,1754556300
2025-08-07 14:16:00,PE,ATM+2,11.88,2121225,24550.0,24441.2,126.95,127.5,111.85,112.8,673800,1754556360
2025-08-07 14:17:00,PE,ATM+2,11.44,2121225,24550.0,24449.4,111.5,113.65,99.5,103.85,822075,1754556420
2025-08-07 14:18:00,PE,ATM+2,9.19,2121225,24550.0,24464.6,103.05,103.35,82.7,87.05,1474200,1754556480
2025-08-07 14:19:00,PE,ATM+2,10.27,2421600,24550.0,24467.3,85.95,92.2,82.4,88.05,877575,1754556540
2025-08-07 14:20:00,PE,ATM+2,11.43,2819250,24600.0,24478.75,135.0,137.45,110.7,122.9,1295325,1754556600
2025-08-07 14:21:00,PE,ATM+2,10.13,2819250,24600.0,24481.1,122.6,125.2,115.4,115.4,744525,1754556660
2025-08-07 14:22:00,PE,ATM+2,9.4,3065025,24600.0,24490.65,116.7,117.5,90.4,109.9,2132250,1754556720
2025-08-07 14:23:00,PE,ATM+2,10.51,3065025,24600.0,24485.0,107.5,123.0,104.8,117.2,1619175,1754556780
2025-08-07 14:24:00,PE,ATM+2,5.64,3007125,24550.0,24453.95,74.6,99.6,74.6,94.55,3354225,1754556840
2025-08-07 14:25:00,PE,ATM+2,7.63,2802675,24550.0,24455.0,96.7,100.25,84.95,94.3,1649550,1754556900
2025-08-07 14:26:00,PE,ATM+2,9.03,2802675,24550.0,24454.75,95.85,101.6,91.85,96.95,938325,1754556960
2025-08-07 14:27:00,PE,ATM+2,10.19,2802675,24550.0,24451.0,97.0,103.7,96.75,101.55,964425,1754557020
2025-08-07 14:28:00,PE,ATM+2,11.08,2519325,24550.0,24447.55,104.65,119.65,103.75,106.4,1585875,1754557080
2025-08-07 14:29:00,PE,ATM+2,7.68,2519325,24550.0,24469.65,106.95,106.95,80.15,81.7,1269375,1754557140
2025-08-07 14:30:00,PE,ATM+2,11.18,2519325,24550.0,24471.6,83.75,86.35,73.8,86.35,1303425,1754557200
2025-08-07 14:31:00,PE,ATM+2,13.52,2702100,24600.0,24476.15,134.45,140.15,126.35,128.3,385500,1754557260
2025-08-07 14:32:00,PE,ATM+2,10.83,2503200,24550.0,24469.55,81.45,87.55,77.55,86.65,720150,1754557320
2025-08-07 14:33:00,PE,ATM+2,12.3,2702100,24600.0,24476.3,135.85,137.15,125.85,126.85,287850,1754557380
2025-08-07 14:34:00,PE,ATM+2,13.05,2794500,24600.0,24478.5,127.45,132.0,121.75,123.7,721575,1754557440
2025-08-07 14:35:00,PE,ATM+2,8.69,2654175,24550.0,24470.15,75.95,83.65,70.45,82.35,1508625,1754557500
2025-08-07 14:36:00,PE,ATM+2,4.97,2794500,24600.0,24487.4,132.5,132.5,106.8,109.2,1044300,1754557560
2025-08-07 14:37:00,PE,ATM+2,0.0,2914950,24600.0,24491.5,109.05,112.5,102.85,106.0,703500,1754557620
2025-08-07 14:38:00,PE,ATM+2,0.0,2914950,24600.0,24499.9,104.3,110.8,89.15,95.95,1216200,1754557680
2025-08-07 14:39:00,PE,ATM+2,0.0,2914950,24600.0,24494.1,94.7,106.95,90.25,99.0,1233675,1754557740
2025-08-07 14:40:00,PE,ATM+2,0.0,3149550,24600.0,24482.9,101.0,113.95,97.15,110.45,986550,1754557800
2025-08-07 14:41:00,PE,ATM+2,0.0,3149550,24600.0,24491.6,110.15,115.9,101.85,103.85,841800,1754557860
2025-08-07 14:42:00,PE,ATM+2,8.94,3149550,24600.0,24495.85,104.0,107.2,98.7,103.95,599700,1754557920
2025-08-07 14:43:00,PE,ATM+2,4.93,3189825,24600.0,24509.75,105.0,105.0,86.1,86.1,1225800,1754557980
2025-08-07 14:44:00,PE,ATM+2,0.0,3189825,24600.0,24515.05,82.1,92.5,73.2,78.55,2279250,1754558040
2025-08-07 14:45:00,PE,ATM+2,10.97,3189825,24600.0,24508.9,77.3,97.15,74.55,94.7,1751175,1754558100
2025-08-07 14:46:00,PE,ATM+2,11.49,3490275,24600.0,24509.55,93.7,100.25,92.4,96.75,1154400,1754558160
2025-08-07 14:47:00,PE,ATM+2,9.73,3490275,24600.0,24511.4,97.2,97.2,85.8,91.7,800175,1754558220
2025-08-07 14:48:00,PE,ATM+2,9.28,3490275,24600.0,24509.05,91.0,100.15,91.0,92.9,829950,1754558280
2025-08-07 14:49:00,PE,ATM+2,7.41,3660000,24600.0,24518.95,91.55,93.1,79.35,80.3,1156800,1754558340
2025-08-07 14:50:00,PE,ATM+2,13.44,1234425,24650.0,24535.1,128.5,129.8,116.65,120.0,502950,1754558400
2025-08-07 14:51:00,PE,ATM+2,12.03,1234425,24650.0,24533.15,119.5,125.15,111.6,120.35,345150,1754558460
2025-08-07 14:52:00,PE,ATM+2,7.56,1350375,24650.0,24539.2,119.75,121.7,104.25,110.25,385350,1754558520
2025-08-07 14:53:00,PE,ATM+2,10.17,1350375,24650.0,24532.0,110.8,120.85,102.3,118.2,427125,1754558580
2025-08-07 14:54:00,PE,ATM+2,0.0,1350375,24650.0,24534.2,120.65,120.65,109.3,112.25,252000,1754558640
2025-08-07 14:55:00,PE,ATM+2,6.1,4763475,24600.0,24518.65,65.05,85.65,59.7,78.95,3284250,1754558700
2025-08-07 14:56:00,PE,ATM+2,0.0,1374450,24650.0,24533.25,129.35,129.35,109.05,110.05,370650,1754558760
2025-08-07 14:57:00,PE,ATM+2,6.67,1374450,24650.0,24530.1,111.6,122.0,107.35,119.65,280125,1754558820
2025-08-07 14:58:00,PE,ATM+2,6.95,1355850,24650.0,24526.15,123.2,128.3,116.5,123.7,292200,1754558880
2025-08-07 14:59:00,PE,ATM+2,0.0,1355850,24650.0,24537.1,123.65,124.1,105.5,106.55,413625,1754558940
2025-08-07 15:00:00,PE,ATM+2,0.0,1355850,24650.0,24546.9,103.75,109.95,91.7,94.45,841725,1754559000
2025-08-07 15:01:00,PE,ATM+2,0.0,1466700,24650.0,24553.05,93.2,93.45,77.5,88.3,1089750,1754559060
2025-08-07 15:02:00,PE,ATM+2,0.0,1466700,24650.0,24558.75,85.45,86.8,82.95,85.3,522975,1754559120
2025-08-07 15:03:00,PE,ATM+2,7.62,1466700,24650.0,24560.4,85.35,95.3,84.4,88.25,552450,1754559180
2025-08-07 15:04:00,PE,ATM+2,10.48,1542825,24650.0,24568.2,87.7,88.0,82.5,86.3,455775,1754559240
2025-08-07 15:05:00,PE,ATM+2,6.17,2632275,24700.0,24587.3,133.85,136.7,108.75,109.6,684900,1754559300
2025-08-07 15:06:00,PE,ATM+2,11.61,2632275,24700.0,24593.65,108.9,116.35,106.5,108.85,645450,1754559360
2025-08-07 15:07:00,PE,ATM+2,11.55,2818725,24700.0,24591.95,110.25,114.0,106.45,111.05,470400,1754559420
2025-08-07 15:08:00,PE,ATM+2,0.0,2818725,24700.0,24577.2,111.0,123.9,110.95,115.55,715425,1754559480
2025-08-07 15:09:00,PE,ATM+2,6.87,2818725,24700.0,24584.4,116.8,119.85,114.6,115.2,318975,1754559540
2025-08-07 15:10:00,PE,ATM+2,12.55,2747400,24700.0,24583.95,118.6,123.45,117.55,120.0,427200,1754559600
2025-08-07 15:11:00,PE,ATM+2,14.36,2747400,24700.0,24593.4,120.55,121.4,111.65,114.95,302700,1754559660
2025-08-07 15:12:00,PE,ATM+2,13.76,2747400,24700.0,24595.55,115.0,115.0,109.75,111.9,360075,1754559720
2025-08-07 15:13:00,PE,ATM+2,13.52,2707125,24700.0,24600.8,112.0,114.85,105.65,106.65,373575,1754559780
2025-08-07 15:14:00,PE,ATM+2,13.75,2707125,24700.0,24592.0,107.3,115.5,106.85,114.8,455250,1754559840
2025-08-07 15:15:00,PE,ATM+2,16.52,2707125,24700.0,24604.95,115.45,116.0,108.2,110.35,406200,1754559900
2025-08-07 15:16:00,PE,ATM+2,15.36,2655150,24700.0,24601.45,110.0,113.2,109.0,110.4,308925,1754559960
2025-08-07 15:17:00,PE,ATM+2,16.91,2655150,24700.0,24607.2,110.55,111.85,108.3,108.95,234375,1754560020
2025-08-07 15:18:00,PE,ATM+2,16.73,2655150,24700.0,24607.5,108.1,110.15,106.75,109.5,342525,1754560080
2025-08-07 15:19:00,PE,ATM+2,16.9,2549100,24700.0,24604.7,109.45,112.1,109.15,111.7,241125,1754560140
2025-08-07 15:20:00,PE,ATM+2,16.63,2549100,24700.0,24602.75,111.7,112.65,110.35,110.4,199200,1754560200
2025-08-07 15:21:00,PE,ATM+2,17.98,2549100,24700.0,24612.15,110.2,110.55,108.2,108.4,223650,1754560260
2025-08-07 15:22:00,PE,ATM+2,20.01,2350875,24700.0,24622.1,108.5,108.9,105.05,106.15,282375,1754560320
2025-08-07 15:23:00,PE,ATM+2,19.79,2350875,24700.0,24624.7,105.9,106.15,104.05,104.5,195600,1754560380
2025-08-07 15:24:00,PE,ATM+2,26.06,392325,24750.0,24629.25,154.95,155.55,153.4,153.4,18450,1754560440
2025-08-07 15:25:00,PE,ATM+2,27.0,374775,24750.0,24630.9,154.15,154.4,152.9,153.85,31125,1754560500
2025-08-07 15:26:00,PE,ATM+2,27.04,374775,24750.0,24628.95,153.45,154.1,153.4,153.9,13425,1754560560
2025-08-07 15:27:00,PE,ATM+2,26.27,374775,24750.0,24626.7,153.8,155.0,153.55,154.05,27450,1754560620
2025-08-07 15:28:00,PE,ATM+2,25.7,355275,24750.0,24625.2,154.25,154.35,153.7,154.1,14175,1754560680
2025-08-07 15:29:00,PE,ATM+2,24.77,355275,24750.0,24626.65,153.9,154.2,153.4,153.65,32850,1754560740
