datetime,option_type,strike_relative,iv,oi,strike,spot,open,high,low,close,volume,timestamp
2025-07-04 09:15:00,CE,ATM-10,0.0,15225,24950.0,25436.9,516.45,520.45,496.85,518.25,2100,1751600700
2025-07-04 09:16:00,CE,ATM-10,0.0,15225,24950.0,25426.75,518.25,518.25,514.4,514.4,1275,1751600760
2025-07-04 09:17:00,CE,ATM-10,0.0,15225,24950.0,25432.15,514.4,521.7,512.1,521.7,1125,1751600820
2025-07-04 09:18:00,CE,ATM-10,0.0,85575,24900.0,25420.55,568.2,577.5,559.6,560.45,2850,1751600880
2025-07-04 09:19:00,CE,ATM-10,0.0,85575,24900.0,25412.65,560.45,560.45,546.65,549.5,525,1751600940
2025-07-04 09:20:00,CE,ATM-10,0.0,85575,24900.0,25415.8,549.5,551.1,548.05,549.9,450,1751601000
2025-07-04 09:21:00,CE,ATM-10,0.0,85800,24900.0,25419.75,549.9,558.95,545.7,545.7,825,1751601060
2025-07-04 09:22:00,CE,ATM-10,0.0,85800,24900.0,25413.2,554.4,554.4,550.95,550.95,300,1751601120
2025-07-04 09:23:00,CE,ATM-10,0.0,85800,24900.0,25403.05,550.95,550.95,531.65,534.95,3075,1751601180
2025-07-04 09:24:00,CE,ATM-10,0.0,86025,24900.0,25414.6,534.95,545.6,534.95,545.6,1725,1751601240
2025-07-04 09:25:00,CE,ATM-10,0.0,15450,24950.0,25432.5,510.0,515.0,510.0,515.0,300,1751601300
2025-07-04 09:26:00,CE,ATM-10,0.0,15450,24950.0,25438.65,515.0,525.0,515.0,525.0,1575,1751601360
2025-07-04 09:27:00,CE,ATM-10,0.0,17025,24950.0,25436.15,525.0,530.9,525.0,525.9,1125,1751601420
2025-07-04 09:28:00,CE,ATM-10,0.0,17025,24950.0,25426.55,525.9,525.9,507.35,507.35,225,1751601480
2025-07-04 09:29:00,CE,ATM-10,0.0,17025,24950.0,25426.55,507.35,507.35,507.35,507.35,0,1751601540
2025-07-04 09:30:00,CE,ATM-10,0.0,85200,24900.0,25415.35,556.6,556.6,549.5,549.5,150,1751601600
2025-07-04 09:31:00,CE,ATM-10,0.0,85200,24900.0,25414.05,549.5,553.35,549.4,549.4,600,1751601660
2025-07-04 09:32:00,CE,ATM-10,0.0,85200,24900.0,25414.05,549.4,549.4,549.4,549.4,0,1751601720
2025-07-04 09:33:00,CE,ATM-10,0.0,85350,24900.0,25407.35,549.4,549.5,539.45,549.45,1650,1751601780
2025-07-04 09:34:00,CE,ATM-10,0.0,85350,24900.0,25407.35,549.45,549.45,549.45,549.45,0,1751601840
2025-07-04 09:35:00,CE,ATM-10,0.0,85350,24900.0,25400.9,549.45,549.45,538.0,542.2,375,1751601900
2025-07-04 09:36:00,CE,ATM-10,7.409187,85425,24900.0,25386.95,542.2,542.7,530.8,530.8,2400,1751601960
2025-07-04 09:37:00,CE,ATM-10,7.681111,85425,24900.0,25396.35,530.8,540.4,530.0,540.4,1275,1751602020
2025-07-04 09:38:00,CE,ATM-10,8.478243,85425,24900.0,25391.85,540.4,543.85,537.35,537.35,300,1751602080
2025-07-04 09:39:00,CE,ATM-10,0.0,85425,24900.0,25384.3,537.35,537.35,525.0,525.0,975,1751602140
2025-07-04 09:40:00,CE,ATM-10,7.856965,85800,24900.0,25380.2,525.0,525.0,511.8,524.8,1425,1751602200
2025-07-04 09:41:00,CE,ATM-10,0.0,85800,24900.0,25388.5,522.9,526.7,519.15,523.5,1800,1751602260
2025-07-04 09:42:00,CE,ATM-10,0.0,85800,24900.0,25388.5,523.5,523.5,523.5,523.5,0,1751602320
2025-07-04 09:43:00,CE,ATM-10,0.0,86700,24900.0,25384.3,523.5,523.5,522.55,522.55,150,1751602380
2025-07-04 09:44:00,CE,ATM-10,0.0,86700,24900.0,25394.4,522.55,535.4,522.55,533.2,600,1751602440
2025-07-04 09:45:00,CE,ATM-10,0.0,86700,24900.0,25395.95,533.2,535.65,531.1,535.65,450,1751602500
2025-07-04 09:46:00,CE,ATM-10,0.0,86700,24900.0,25399.3,540.0,540.0,534.7,535.05,1425,1751602560
2025-07-04 09:47:00,CE,ATM-10,0.0,86700,24900.0,25400.8,535.0,538.0,535.0,536.45,900,1751602620
2025-07-04 09:48:00,CE,ATM-10,0.0,87825,24900.0,25399.7,536.45,536.45,534.8,534.8,75,1751602680
2025-07-04 09:49:00,CE,ATM-10,0.0,87825,24900.0,25395.15,534.8,534.8,523.6,529.15,375,1751602740
2025-07-04 09:50:00,CE,ATM-10,0.0,87825,24900.0,25389.75,529.15,529.15,526.85,526.85,75,1751602800
2025-07-04 09:51:00,CE,ATM-10,0.0,87600,24900.0,25396.4,526.85,536.55,525.2,536.55,525,1751602860
2025-07-04 09:52:00,CE,ATM-10,0.0,87600,24900.0,25396.4,536.55,536.55,536.55,536.55,0,1751602920
2025-07-04 09:53:00,CE,ATM-10,0.0,87600,24900.0,25408.5,536.55,551.85,536.55,550.0,2100,1751602980
2025-07-04 09:54:00,CE,ATM-10,0.0,88050,24900.0,25407.45,550.0,550.0,544.4,544.4,75,1751603040
2025-07-04 09:55:00,CE,ATM-10,0.0,88050,24900.0,25397.2,544.4,544.4,530.0,530.0,525,1751603100
2025-07-04 09:56:00,CE,ATM-10,0.0,88050,24900.0,25397.2,530.0,530.0,530.0,530.0,0,1751603160
2025-07-04 09:57:00,CE,ATM-10,0.0,88125,24900.0,25401.7,530.0,539.55,530.0,539.55,150,1751603220
2025-07-04 09:58:00,CE,ATM-10,0.0,88125,24900.0,25404.65,539.55,540.0,539.55,540.0,75,1751603280
2025-07-04 09:59:00,CE,ATM-10,0.0,88125,24900.0,25414.0,540.0,551.05,540.0,551.05,300,1751603340
2025-07-04 10:00:00,CE,ATM-10,0.0,88125,24900.0,25421.65,551.05,555.0,550.35,550.35,1125,1751603400
2025-07-04 10:01:00,CE,ATM-10,0.0,88125,24900.0,25410.05,550.35,550.35,541.45,541.45,675,1751603460
2025-07-04 10:02:00,CE,ATM-10,0.0,88125,24900.0,25408.55,538.3,538.3,534.65,534.65,150,1751603520
2025-07-04 10:03:00,CE,ATM-10,0.0,87600,24900.0,25411.5,534.65,541.45,534.65,541.45,525,1751603580
2025-07-04 10:04:00,CE,ATM-10,0.0,87600,24900.0,25405.8,541.45,541.45,536.65,536.65,2325,1751603640
2025-07-04 10:05:00,CE,ATM-10,0.0,87600,24900.0,25406.55,536.65,542.4,536.65,542.4,300,1751603700
2025-07-04 10:06:00,CE,ATM-10,0.0,87600,24900.0,25407.55,542.4,543.9,542.4,543.9,75,1751603760
2025-07-04 10:07:00,CE,ATM-10,0.0,87600,24900.0,25404.15,543.9,543.9,540.95,540.95,75,1751603820
2025-07-04 10:08:00,CE,ATM-10,0.0,87600,24900.0,25404.15,540.95,540.95,540.95,540.95,0,1751603880
2025-07-04 10:09:00,CE,ATM-10,0.0,88575,24900.0,25413.85,540.95,551.45,534.25,551.45,600,1751603940
2025-07-04 10:10:00,CE,ATM-10,0.0,88575,24900.0,25412.7,550.7,550.7,546.15,546.15,225,1751604000
2025-07-04 10:11:00,CE,ATM-10,0.0,88575,24900.0,25412.7,546.15,546.15,546.15,546.15,0,1751604060
2025-07-04 10:12:00,CE,ATM-10,0.0,88575,24900.0,25412.7,546.15,546.15,546.15,546.15,0,1751604120
2025-07-04 10:13:00,CE,ATM-10,0.0,88575,24900.0,25412.7,546.15,546.15,546.15,546.15,0,1751604180
2025-07-04 10:14:00,CE,ATM-10,0.0,88575,24900.0,25410.25,536.85,536.9,536.85,536.9,150,1751604240
2025-07-04 10:15:00,CE,ATM-10,0.0,88575,24900.0,25413.15,543.8,543.8,541.4,541.4,150,1751604300
2025-07-04 10:16:00,CE,ATM-10,0.0,88500,24900.0,25415.1,541.4,552.0,541.4,548.3,150,1751604360
2025-07-04 10:17:00,CE,ATM-10,0.0,88500,24900.0,25415.1,548.3,548.3,548.3,548.3,0,1751604420
2025-07-04 10:18:00,CE,ATM-10,0.0,88500,24900.0,25415.1,548.3,548.3,548.3,548.3,0,1751604480
2025-07-04 10:19:00,CE,ATM-10,0.0,88425,24900.0,25402.4,548.3,548.3,534.0,540.65,225,1751604540
2025-07-04 10:20:00,CE,ATM-10,0.0,88425,24900.0,25402.4,540.65,540.65,540.65,540.65,0,1751604600
2025-07-04 10:21:00,CE,ATM-10,0.0,88425,24900.0,25402.4,540.65,540.65,540.65,540.65,0,1751604660
2025-07-04 10:22:00,CE,ATM-10,0.0,88425,24900.0,25402.4,540.65,540.65,540.65,540.65,0,1751604720
2025-07-04 10:23:00,CE,ATM-10,0.0,88425,24900.0,25415.5,540.65,549.8,540.65,549.8,75,1751604780
2025-07-04 10:24:00,CE,ATM-10,0.0,88425,24900.0,25416.85,549.8,550.15,549.8,550.15,75,1751604840
2025-07-04 10:25:00,CE,ATM-10,0.0,88425,24900.0,25418.9,550.15,555.0,550.0,552.0,1200,1751604900
2025-07-04 10:26:00,CE,ATM-10,0.0,88425,24900.0,25419.35,552.0,552.0,549.85,549.85,75,1751604960
2025-07-04 10:27:00,CE,ATM-10,0.0,88425,24900.0,25419.35,549.85,549.85,549.85,549.85,0,1751605020
2025-07-04 10:28:00,CE,ATM-10,0.0,88425,24900.0,25419.35,549.85,549.85,549.85,549.85,0,1751605080
2025-07-04 10:29:00,CE,ATM-10,0.0,88425,24900.0,25419.35,549.85,549.85,549.85,549.85,0,1751605140
2025-07-04 10:30:00,CE,ATM-10,0.0,88425,24900.0,25419.35,549.85,549.85,549.85,549.85,0,1751605200
2025-07-04 10:31:00,CE,ATM-10,0.0,88200,24900.0,25409.5,549.85,549.85,540.0,540.0,150,1751605260
2025-07-04 10:32:00,CE,ATM-10,0.0,88200,24900.0,25405.0,540.0,540.6,540.0,540.6,75,1751605320
2025-07-04 10:33:00,CE,ATM-10,0.0,88200,24900.0,25404.7,540.6,540.6,540.0,540.0,150,1751605380
2025-07-04 10:34:00,CE,ATM-10,0.0,88200,24900.0,25403.85,540.0,540.0,540.0,540.0,75,1751605440
2025-07-04 10:35:00,CE,ATM-10,0.0,88200,24900.0,25403.85,540.0,540.0,540.0,540.0,0,1751605500
2025-07-04 10:36:00,CE,ATM-10,0.0,88200,24900.0,25403.85,540.0,540.0,540.0,540.0,0,1751605560
2025-07-04 10:37:00,CE,ATM-10,0.0,88200,24900.0,25407.95,540.0,544.6,540.0,544.6,75,1751605620
2025-07-04 10:38:00,CE,ATM-10,0.0,88200,24900.0,25414.05,544.6,555.35,544.6,553.5,1650,1751605680
2025-07-04 10:39:00,CE,ATM-10,0.0,88200,24900.0,25414.95,553.5,553.5,550.0,550.0,150,1751605740
2025-07-04 10:40:00,CE,ATM-10,0.0,87450,24900.0,25413.65,555.7,555.7,555.0,555.0,150,1751605800
2025-07-04 10:41:00,CE,ATM-10,0.0,87450,24900.0,25414.1,555.0,555.0,552.15,552.15,75,1751605860
2025-07-04 10:42:00,CE,ATM-10,0.0,87450,24900.0,25414.1,552.15,552.15,552.15,552.15,0,1751605920
2025-07-04 10:43:00,CE,ATM-10,0.0,87375,24900.0,25411.75,552.15,553.25,552.15,553.25,150,1751605980
2025-07-04 10:44:00,CE,ATM-10,0.0,87375,24900.0,25413.85,553.25,554.95,553.25,554.95,75,1751606040
2025-07-04 10:45:00,CE,ATM-10,0.0,87225,24900.0,25420.1,554.95,557.65,552.5,554.5,825,1751606100
2025-07-04 10:46:00,CE,ATM-10,0.0,87225,24900.0,25408.3,554.5,554.5,549.8,549.8,75,1751606160
2025-07-04 10:47:00,CE,ATM-10,0.0,87225,24900.0,25412.5,548.0,548.0,548.0,548.0,150,1751606220
2025-07-04 10:48:00,CE,ATM-10,0.0,87225,24900.0,25415.65,548.0,548.0,548.0,548.0,75,1751606280
2025-07-04 10:49:00,CE,ATM-10,0.0,87225,24900.0,25416.0,548.0,553.0,548.0,553.0,75,1751606340
2025-07-04 10:50:00,CE,ATM-10,0.0,87225,24900.0,25412.55,553.0,553.0,545.0,545.0,225,1751606400
2025-07-04 10:51:00,CE,ATM-10,0.0,87225,24900.0,25414.2,545.0,545.65,545.0,545.65,75,1751606460
2025-07-04 10:52:00,CE,ATM-10,0.0,87225,24900.0,25414.2,545.65,545.65,545.65,545.65,0,1751606520
2025-07-04 10:53:00,CE,ATM-10,0.0,87225,24900.0,25414.2,545.65,545.65,545.65,545.65,0,1751606580
2025-07-04 10:54:00,CE,ATM-10,0.0,87225,24900.0,25414.2,545.65,545.65,545.65,545.65,0,1751606640
2025-07-04 10:55:00,CE,ATM-10,0.0,87225,24900.0,25414.2,545.65,545.65,545.65,545.65,0,1751606700
2025-07-04 10:56:00,CE,ATM-10,0.0,87300,24900.0,25422.6,545.65,555.0,545.65,555.0,300,1751606760
2025-07-04 10:57:00,CE,ATM-10,0.0,87000,24900.0,25422.35,555.0,555.0,552.8,552.8,75,1751606820
2025-07-04 10:58:00,CE,ATM-10,0.0,87000,24900.0,25418.75,552.8,556.0,545.55,545.55,525,1751606880
2025-07-04 10:59:00,CE,ATM-10,0.0,87000,24900.0,25419.25,545.55,548.05,545.55,548.05,75,1751606940
2025-07-04 11:00:00,CE,ATM-10,0.0,86325,24900.0,25419.85,548.05,560.0,548.05,548.05,600,1751607000
2025-07-04 11:01:00,CE,ATM-10,0.0,86325,24900.0,25418.6,548.05,548.05,548.05,548.05,150,1751607060
2025-07-04 11:02:00,CE,ATM-10,0.0,86325,24900.0,25420.1,548.05,548.05,548.05,548.05,150,1751607120
2025-07-04 11:03:00,CE,ATM-10,0.0,86325,24900.0,25420.1,548.05,548.05,548.05,548.05,0,1751607180
2025-07-04 11:04:00,CE,ATM-10,0.0,86325,24900.0,25420.1,548.05,548.05,548.05,548.05,0,1751607240
2025-07-04 11:05:00,CE,ATM-10,0.0,86325,24900.0,25420.1,548.05,548.05,548.05,548.05,0,1751607300
2025-07-04 11:06:00,CE,ATM-10,0.0,86325,24900.0,25420.1,548.05,548.05,548.05,548.05,0,1751607360
2025-07-04 11:07:00,CE,ATM-10,0.0,86325,24900.0,25420.1,548.05,548.05,548.05,548.05,0,1751607420
2025-07-04 11:08:00,CE,ATM-10,0.0,86325,24900.0,25420.15,548.05,553.1,548.05,553.1,225,1751607480
2025-07-04 11:09:00,CE,ATM-10,0.0,86325,24900.0,25413.05,553.1,553.1,546.65,549.45,150,1751607540
2025-07-04 11:10:00,CE,ATM-10,0.0,86325,24900.0,25413.05,549.45,549.45,549.45,549.45,0,1751607600
2025-07-04 11:11:00,CE,ATM-10,0.0,86325,24900.0,25411.35,549.45,549.65,549.45,549.65,450,1751607660
2025-07-04 11:12:00,CE,ATM-10,0.0,86325,24900.0,25411.35,549.65,549.65,549.65,549.65,0,1751607720
2025-07-04 11:13:00,CE,ATM-10,0.0,86325,24900.0,25411.35,549.65,549.65,549.65,549.65,0,1751607780
2025-07-04 11:14:00,CE,ATM-10,0.0,86325,24900.0,25411.35,549.65,549.65,549.65,549.65,0,1751607840
2025-07-04 11:15:00,CE,ATM-10,0.0,86325,24900.0,25411.35,549.65,549.65,549.65,549.65,0,1751607900
2025-07-04 11:16:00,CE,ATM-10,0.0,86325,24900.0,25411.35,549.65,549.65,549.65,549.65,0,1751607960
2025-07-04 11:17:00,CE,ATM-10,0.0,86550,24900.0,25421.2,549.65,552.0,549.65,552.0,75,1751608020
2025-07-04 11:18:00,CE,ATM-10,0.0,86550,24900.0,25423.5,552.0,554.05,552.0,554.05,75,1751608080
2025-07-04 11:19:00,CE,ATM-10,0.0,86475,24900.0,25415.7,554.05,554.05,547.4,547.4,150,1751608140
2025-07-04 11:20:00,CE,ATM-10,0.0,86475,24900.0,25412.15,547.4,547.4,544.0,544.0,375,1751608200
2025-07-04 11:21:00,CE,ATM-10,0.0,86475,24900.0,25404.65,544.0,544.2,540.0,540.0,225,1751608260
2025-07-04 11:22:00,CE,ATM-10,0.0,86325,24900.0,25397.8,540.0,540.0,523.6,524.4,600,1751608320
2025-07-04 11:23:00,CE,ATM-10,0.0,86325,24900.0,25391.6,524.4,524.4,523.05,523.05,525,1751608380
2025-07-04 11:24:00,CE,ATM-10,0.0,86325,24900.0,25393.95,523.05,528.85,523.05,527.0,750,1751608440
2025-07-04 11:25:00,CE,ATM-10,0.0,85950,24900.0,25397.45,527.0,530.15,527.0,530.15,75,1751608500
2025-07-04 11:26:00,CE,ATM-10,0.0,85950,24900.0,25398.3,530.15,531.4,530.15,531.4,75,1751608560
2025-07-04 11:27:00,CE,ATM-10,0.0,86025,24900.0,25399.9,531.4,535.0,531.4,535.0,150,1751608620
2025-07-04 11:28:00,CE,ATM-10,0.0,86025,24900.0,25400.25,535.0,536.5,535.0,536.5,75,1751608680
2025-07-04 11:29:00,CE,ATM-10,0.0,86025,24900.0,25403.6,536.5,541.25,536.5,541.25,75,1751608740
2025-07-04 11:30:00,CE,ATM-10,0.0,86025,24900.0,25401.2,541.25,541.25,538.25,538.25,150,1751608800
2025-07-04 11:31:00,CE,ATM-10,0.0,86025,24900.0,25401.2,538.25,538.25,538.25,538.25,0,1751608860
2025-07-04 11:32:00,CE,ATM-10,0.0,86025,24900.0,25401.2,538.25,538.25,538.25,538.25,0,1751608920
2025-07-04 11:33:00,CE,ATM-10,0.0,86175,24900.0,25399.35,538.25,538.25,535.0,535.0,150,1751608980
2025-07-04 11:34:00,CE,ATM-10,0.0,86175,24900.0,25398.6,535.0,535.0,534.9,534.9,75,1751609040
2025-07-04 11:35:00,CE,ATM-10,0.0,86175,24900.0,25386.2,534.9,534.9,514.55,517.7,6675,1751609100
2025-07-04 11:36:00,CE,ATM-10,0.0,86175,24900.0,25391.15,517.7,523.65,514.1,523.65,6225,1751609160
2025-07-04 11:37:00,CE,ATM-10,0.0,87900,24900.0,25387.95,524.25,524.65,522.0,522.0,300,1751609220
2025-07-04 11:38:00,CE,ATM-10,0.0,87900,24900.0,25382.5,521.55,521.55,517.0,517.0,300,1751609280
2025-07-04 11:39:00,CE,ATM-10,0.0,87900,24900.0,25379.9,517.0,517.0,513.95,516.9,225,1751609340
2025-07-04 11:40:00,CE,ATM-10,0.0,87900,24900.0,25375.3,516.9,516.9,510.35,512.0,1275,1751609400
2025-07-04 11:41:00,CE,ATM-10,0.0,87900,24900.0,25375.3,512.0,512.0,512.0,512.0,0,1751609460
2025-07-04 11:42:00,CE,ATM-10,0.0,8250,24850.0,25355.5,557.4,557.4,534.55,534.55,150,1751609520
2025-07-04 11:43:00,CE,ATM-10,0.0,8325,24850.0,25360.5,534.55,539.15,534.55,539.15,300,1751609580
2025-07-04 11:44:00,CE,ATM-10,0.0,8325,24850.0,25360.5,539.15,539.15,539.15,539.15,0,1751609640
2025-07-04 11:45:00,CE,ATM-10,0.0,8325,24850.0,25344.4,539.15,539.15,526.1,527.8,1725,1751609700
2025-07-04 11:46:00,CE,ATM-10,0.0,8100,24850.0,25345.65,527.8,529.1,523.75,529.1,225,1751609760
2025-07-04 11:47:00,CE,ATM-10,0.0,8100,24850.0,25338.9,529.1,529.1,514.95,514.95,525,1751609820
2025-07-04 11:48:00,CE,ATM-10,0.0,7875,24850.0,25345.8,514.95,525.8,514.95,525.8,375,1751609880
2025-07-04 11:49:00,CE,ATM-10,0.0,7875,24850.0,25350.0,525.8,527.95,525.8,527.85,150,1751609940
2025-07-04 11:50:00,CE,ATM-10,0.0,7875,24850.0,25350.0,527.85,527.85,527.85,527.85,0,1751610000
2025-07-04 11:51:00,CE,ATM-10,0.0,7875,24850.0,25350.0,527.85,527.85,527.85,527.85,0,1751610060
2025-07-04 11:52:00,CE,ATM-10,0.0,8025,24850.0,25349.7,527.85,532.4,526.0,528.6,975,1751610120
2025-07-04 11:53:00,CE,ATM-10,0.0,8025,24850.0,25349.7,528.6,528.6,528.6,528.6,0,1751610180
2025-07-04 11:54:00,CE,ATM-10,0.0,8025,24850.0,25348.1,528.6,530.25,528.6,530.25,75,1751610240
2025-07-04 11:55:00,CE,ATM-10,0.0,8025,24850.0,25348.1,530.25,530.25,530.25,530.25,0,1751610300
2025-07-04 11:56:00,CE,ATM-10,0.0,8550,24850.0,25340.35,530.25,530.25,520.8,520.8,225,1751610360
2025-07-04 11:57:00,CE,ATM-10,0.0,8550,24850.0,25346.3,520.8,527.75,520.8,527.75,150,1751610420
2025-07-04 11:58:00,CE,ATM-10,0.0,8550,24850.0,25346.3,527.75,527.75,527.75,527.75,0,1751610480
2025-07-04 11:59:00,CE,ATM-10,0.0,8550,24850.0,25346.3,527.75,527.75,527.75,527.75,0,1751610540
2025-07-04 12:00:00,CE,ATM-10,0.0,8550,24850.0,25346.3,527.75,527.75,527.75,527.75,0,1751610600
2025-07-04 12:01:00,CE,ATM-10,0.0,8550,24850.0,25346.3,527.75,527.75,527.75,527.75,0,1751610660
2025-07-04 12:02:00,CE,ATM-10,0.0,8550,24850.0,25346.3,527.75,527.75,527.75,527.75,0,1751610720
2025-07-04 12:03:00,CE,ATM-10,0.0,8550,24850.0,25346.3,527.75,527.75,527.75,527.75,0,1751610780
2025-07-04 12:04:00,CE,ATM-10,0.0,8550,24850.0,25346.3,527.75,527.75,527.75,527.75,0,1751610840
2025-07-04 12:05:00,CE,ATM-10,0.0,8550,24850.0,25346.3,527.75,527.75,527.75,527.75,0,1751610900
2025-07-04 12:06:00,CE,ATM-10,0.0,8625,24850.0,25341.35,527.75,527.75,520.6,520.6,75,1751610960
2025-07-04 12:07:00,CE,ATM-10,0.0,8700,24850.0,25339.2,520.6,520.6,510.6,516.8,2250,1751611020
2025-07-04 12:08:00,CE,ATM-10,0.0,8700,24850.0,25350.75,516.8,536.9,516.8,536.9,225,1751611080
2025-07-04 12:09:00,CE,ATM-10,0.0,8700,24850.0,25352.4,536.9,536.9,531.25,531.25,150,1751611140
2025-07-04 12:10:00,CE,ATM-10,0.0,7950,24850.0,25351.2,531.25,532.0,529.15,532.0,150,1751611200
2025-07-04 12:11:00,CE,ATM-10,0.0,7950,24850.0,25351.2,532.0,532.0,532.0,532.0,0,1751611260
2025-07-04 12:12:00,CE,ATM-10,0.0,7950,24850.0,25351.2,532.0,532.0,532.0,532.0,0,1751611320
2025-07-04 12:13:00,CE,ATM-10,0.0,7950,24850.0,25351.2,532.0,532.0,532.0,532.0,0,1751611380
2025-07-04 12:14:00,CE,ATM-10,0.0,7950,24850.0,25351.2,532.0,532.0,532.0,532.0,0,1751611440
2025-07-04 12:15:00,CE,ATM-10,0.0,7950,24850.0,25351.2,532.0,532.0,532.0,532.0,0,1751611500
2025-07-04 12:16:00,CE,ATM-10,0.0,7950,24850.0,25351.2,532.0,532.0,532.0,532.0,0,1751611560
2025-07-04 12:17:00,CE,ATM-10,0.0,7950,24850.0,25351.2,532.0,532.0,532.0,532.0,0,1751611620
2025-07-04 12:18:00,CE,ATM-10,0.0,7950,24850.0,25351.2,532.0,532.0,532.0,532.0,0,1751611680
2025-07-04 12:19:00,CE,ATM-10,0.0,7950,24850.0,25351.2,532.0,532.0,532.0,532.0,0,1751611740
2025-07-04 12:20:00,CE,ATM-10,0.0,7950,24850.0,25351.2,532.0,532.0,532.0,532.0,0,1751611800
2025-07-04 12:21:00,CE,ATM-10,0.0,7950,24850.0,25351.2,532.0,532.0,532.0,532.0,0,1751611860
2025-07-04 12:22:00,CE,ATM-10,0.0,7950,24850.0,25351.2,532.0,532.0,532.0,532.0,0,1751611920
2025-07-04 12:23:00,CE,ATM-10,0.0,7950,24850.0,25351.2,532.0,532.0,532.0,532.0,0,1751611980
2025-07-04 12:24:00,CE,ATM-10,0.0,7950,24850.0,25351.2,532.0,532.0,532.0,532.0,0,1751612040
2025-07-04 12:25:00,CE,ATM-10,0.0,7950,24850.0,25351.2,532.0,532.0,532.0,532.0,0,1751612100
2025-07-04 12:26:00,CE,ATM-10,0.0,7950,24850.0,25351.2,532.0,532.0,532.0,532.0,0,1751612160
2025-07-04 12:27:00,CE,ATM-10,0.0,7950,24850.0,25351.2,532.0,532.0,532.0,532.0,0,1751612220
2025-07-04 12:28:00,CE,ATM-10,0.0,7950,24850.0,25351.2,532.0,532.0,532.0,532.0,0,1751612280
2025-07-04 12:29:00,CE,ATM-10,0.0,7950,24850.0,25351.2,532.0,532.0,532.0,532.0,0,1751612340
2025-07-04 12:30:00,CE,ATM-10,0.0,8025,24850.0,25355.6,532.0,542.0,532.0,542.0,75,1751612400
2025-07-04 12:31:00,CE,ATM-10,0.0,8025,24850.0,25355.6,542.0,542.0,542.0,542.0,0,1751612460
2025-07-04 12:32:00,CE,ATM-10,0.0,8025,24850.0,25355.6,542.0,542.0,542.0,542.0,0,1751612520
2025-07-04 12:33:00,CE,ATM-10,0.0,8025,24850.0,25355.6,542.0,542.0,542.0,542.0,0,1751612580
2025-07-04 12:34:00,CE,ATM-10,0.0,8025,24850.0,25364.45,542.0,553.4,542.0,543.7,450,1751612640
2025-07-04 12:35:00,CE,ATM-10,0.0,8025,24850.0,25364.45,543.7,543.7,543.7,543.7,0,1751612700
2025-07-04 12:36:00,CE,ATM-10,0.0,8025,24850.0,25355.75,543.7,543.7,533.2,533.2,75,1751612760
2025-07-04 12:37:00,CE,ATM-10,0.0,8025,24850.0,25355.75,533.2,533.2,533.2,533.2,0,1751612820
2025-07-04 12:38:00,CE,ATM-10,0.0,8025,24850.0,25355.75,533.2,533.2,533.2,533.2,0,1751612880
2025-07-04 12:39:00,CE,ATM-10,0.0,8025,24850.0,25355.75,533.2,533.2,533.2,533.2,0,1751612940
2025-07-04 12:40:00,CE,ATM-10,0.0,8025,24850.0,25355.75,533.2,533.2,533.2,533.2,0,1751613000
2025-07-04 12:41:00,CE,ATM-10,0.0,8025,24850.0,25355.75,533.2,533.2,533.2,533.2,0,1751613060
2025-07-04 12:42:00,CE,ATM-10,0.0,8025,24850.0,25355.75,533.2,533.2,533.2,533.2,0,1751613120
2025-07-04 12:43:00,CE,ATM-10,0.0,8025,24850.0,25355.75,533.2,533.2,533.2,533.2,0,1751613180
2025-07-04 12:44:00,CE,ATM-10,0.0,8025,24850.0,25355.75,533.2,533.2,533.2,533.2,0,1751613240
2025-07-04 12:45:00,CE,ATM-10,0.0,8025,24850.0,25355.75,533.2,533.2,533.2,533.2,0,1751613300
2025-07-04 12:46:00,CE,ATM-10,0.0,8325,24850.0,25358.0,533.2,533.2,533.2,533.2,300,1751613360
2025-07-04 12:47:00,CE,ATM-10,0.0,8325,24850.0,25358.0,533.2,533.2,533.2,533.2,0,1751613420
2025-07-04 12:48:00,CE,ATM-10,0.0,8325,24850.0,25358.0,533.2,533.2,533.2,533.2,0,1751613480
2025-07-04 12:49:00,CE,ATM-10,0.0,8325,24850.0,25358.0,533.2,533.2,533.2,533.2,0,1751613540
2025-07-04 12:50:00,CE,ATM-10,0.0,8325,24850.0,25358.0,533.2,533.2,533.2,533.2,0,1751613600
2025-07-04 12:51:00,CE,ATM-10,0.0,8325,24850.0,25358.0,533.2,533.2,533.2,533.2,0,1751613660
2025-07-04 12:52:00,CE,ATM-10,0.0,8325,24850.0,25358.0,533.2,533.2,533.2,533.2,0,1751613720
2025-07-04 12:53:00,CE,ATM-10,0.0,8475,24850.0,25355.85,533.2,533.2,524.5,524.5,375,1751613780
2025-07-04 12:54:00,CE,ATM-10,0.0,8475,24850.0,25355.85,524.5,524.5,524.5,524.5,0,1751613840
2025-07-04 12:55:00,CE,ATM-10,0.0,8325,24850.0,25353.9,524.5,533.85,524.5,533.85,300,1751613900
2025-07-04 12:56:00,CE,ATM-10,0.0,8325,24850.0,25353.9,533.85,533.85,533.85,533.85,0,1751613960
2025-07-04 12:57:00,CE,ATM-10,0.0,8325,24850.0,25353.9,533.85,533.85,533.85,533.85,0,1751614020
2025-07-04 12:58:00,CE,ATM-10,0.0,8325,24850.0,25353.9,533.85,533.85,533.85,533.85,0,1751614080
2025-07-04 12:59:00,CE,ATM-10,0.0,8325,24850.0,25353.9,533.85,533.85,533.85,533.85,0,1751614140
2025-07-04 13:00:00,CE,ATM-10,0.0,8325,24850.0,25353.9,533.85,533.85,533.85,533.85,0,1751614200
2025-07-04 13:01:00,CE,ATM-10,0.0,8325,24850.0,25353.9,533.85,533.85,533.85,533.85,0,1751614260
2025-07-04 13:02:00,CE,ATM-10,0.0,8325,24850.0,25353.9,533.85,533.85,533.85,533.85,0,1751614320
2025-07-04 13:03:00,CE,ATM-10,0.0,8175,24850.0,25360.25,533.85,541.45,533.85,541.45,300,1751614380
2025-07-04 13:04:00,CE,ATM-10,0.0,8175,24850.0,25360.95,541.45,543.3,541.45,543.25,225,1751614440
2025-07-04 13:05:00,CE,ATM-10,0.0,8175,24850.0,25363.4,543.25,543.25,542.95,543.25,225,1751614500
2025-07-04 13:06:00,CE,ATM-10,0.0,8175,24850.0,25363.4,543.25,543.25,543.25,543.25,0,1751614560
2025-07-04 13:07:00,CE,ATM-10,0.0,8175,24850.0,25363.4,543.25,543.25,543.25,543.25,0,1751614620
2025-07-04 13:08:00,CE,ATM-10,0.0,8175,24850.0,25363.4,543.25,543.25,543.25,543.25,0,1751614680
2025-07-04 13:09:00,CE,ATM-10,0.0,8025,24850.0,25361.75,543.25,543.25,536.4,536.4,75,1751614740
2025-07-04 13:10:00,CE,ATM-10,0.0,8025,24850.0,25361.75,536.4,536.4,536.4,536.4,0,1751614800
2025-07-04 13:11:00,CE,ATM-10,0.0,8025,24850.0,25361.75,536.4,536.4,536.4,536.4,0,1751614860
2025-07-04 13:12:00,CE,ATM-10,0.0,8025,24850.0,25361.75,536.4,536.4,536.4,536.4,0,1751614920
2025-07-04 13:13:00,CE,ATM-10,0.0,7950,24850.0,25371.65,536.4,553.85,536.4,553.85,75,1751614980
2025-07-04 13:14:00,CE,ATM-10,0.0,7950,24850.0,25370.7,553.85,553.85,549.55,549.55,75,1751615040
2025-07-04 13:15:00,CE,ATM-10,0.0,7950,24850.0,25370.05,549.55,549.7,549.55,549.7,75,1751615100
2025-07-04 13:16:00,CE,ATM-10,0.0,7950,24850.0,25370.05,549.7,549.7,549.7,549.7,0,1751615160
2025-07-04 13:17:00,CE,ATM-10,0.0,8025,24850.0,25362.35,549.7,549.7,537.35,537.35,75,1751615220
2025-07-04 13:18:00,CE,ATM-10,0.0,8025,24850.0,25364.35,537.35,537.35,535.45,535.45,150,1751615280
2025-07-04 13:19:00,CE,ATM-10,0.0,8025,24850.0,25364.35,535.45,535.45,535.45,535.45,0,1751615340
2025-07-04 13:20:00,CE,ATM-10,0.0,8025,24850.0,25364.35,535.45,535.45,535.45,535.45,0,1751615400
2025-07-04 13:21:00,CE,ATM-10,0.0,8025,24850.0,25364.35,535.45,535.45,535.45,535.45,0,1751615460
2025-07-04 13:22:00,CE,ATM-10,0.0,8025,24850.0,25364.35,535.45,535.45,535.45,535.45,0,1751615520
2025-07-04 13:23:00,CE,ATM-10,0.0,8025,24850.0,25364.35,535.45,535.45,535.45,535.45,0,1751615580
2025-07-04 13:24:00,CE,ATM-10,0.0,7950,24850.0,25366.6,545.75,545.75,545.75,545.75,75,1751615640
2025-07-04 13:25:00,CE,ATM-10,0.0,7950,24850.0,25366.6,545.75,545.75,545.75,545.75,0,1751615700
2025-07-04 13:26:00,CE,ATM-10,0.0,7950,24850.0,25366.6,545.75,545.75,545.75,545.75,0,1751615760
2025-07-04 13:27:00,CE,ATM-10,0.0,7950,24850.0,25366.6,545.75,545.75,545.75,545.75,0,1751615820
2025-07-04 13:28:00,CE,ATM-10,0.0,7950,24850.0,25366.6,545.75,545.75,545.75,545.75,0,1751615880
2025-07-04 13:29:00,CE,ATM-10,0.0,7950,24850.0,25366.6,545.75,545.75,545.75,545.75,0,1751615940
2025-07-04 13:30:00,CE,ATM-10,0.0,7950,24850.0,25366.6,545.75,545.75,545.75,545.75,0,1751616000
2025-07-04 13:31:00,CE,ATM-10,0.0,7950,24850.0,25366.6,545.75,545.75,545.75,545.75,0,1751616060
2025-07-04 13:32:00,CE,ATM-10,0.0,7950,24850.0,25366.6,545.75,545.75,545.75,545.75,0,1751616120
2025-07-04 13:33:00,CE,ATM-10,0.0,7950,24850.0,25366.6,545.75,545.75,545.75,545.75,0,1751616180
2025-07-04 13:34:00,CE,ATM-10,0.0,7950,24850.0,25366.6,545.75,545.75,545.75,545.75,0,1751616240
2025-07-04 13:35:00,CE,ATM-10,0.0,7950,24850.0,25366.6,545.75,545.75,545.75,545.75,0,1751616300
2025-07-04 13:36:00,CE,ATM-10,0.0,87525,24900.0,25377.1,501.6,506.4,501.6,504.45,150,1751616360
2025-07-04 13:37:00,CE,ATM-10,0.0,87525,24900.0,25375.65,504.45,504.45,499.0,499.0,225,1751616420
2025-07-04 13:38:00,CE,ATM-10,0.0,87525,24900.0,25375.65,499.0,499.0,499.0,499.0,0,1751616480
2025-07-04 13:39:00,CE,ATM-10,0.0,87525,24900.0,25375.65,499.0,499.0,499.0,499.0,0,1751616540
2025-07-04 13:40:00,CE,ATM-10,0.0,87525,24900.0,25375.65,499.0,499.0,499.0,499.0,0,1751616600
2025-07-04 13:41:00,CE,ATM-10,0.0,8025,24850.0,25374.55,545.75,547.0,545.75,547.0,150,1751616660
2025-07-04 13:42:00,CE,ATM-10,0.0,8025,24850.0,25374.55,547.0,547.0,547.0,547.0,0,1751616720
2025-07-04 13:43:00,CE,ATM-10,0.0,8025,24850.0,25374.55,547.0,547.0,547.0,547.0,0,1751616780
2025-07-04 13:44:00,CE,ATM-10,0.0,8025,24850.0,25374.55,547.0,547.0,547.0,547.0,0,1751616840
2025-07-04 13:45:00,CE,ATM-10,0.0,8025,24850.0,25374.55,547.0,547.0,547.0,547.0,0,1751616900
2025-07-04 13:46:00,CE,ATM-10,0.0,8025,24850.0,25374.55,547.0,547.0,547.0,547.0,0,1751616960
2025-07-04 13:47:00,CE,ATM-10,0.0,8025,24850.0,25374.55,547.0,547.0,547.0,547.0,0,1751617020
2025-07-04 13:48:00,CE,ATM-10,0.0,8025,24850.0,25374.55,547.0,547.0,547.0,547.0,0,1751617080
2025-07-04 13:49:00,CE,ATM-10,0.0,8025,24850.0,25374.55,547.0,547.0,547.0,547.0,0,1751617140
2025-07-04 13:50:00,CE,ATM-10,0.0,8025,24850.0,25374.55,547.0,547.0,547.0,547.0,0,1751617200
2025-07-04 13:51:00,CE,ATM-10,0.0,87375,24900.0,25376.75,503.45,507.0,503.45,506.05,1350,1751617260
2025-07-04 13:52:00,CE,ATM-10,0.0,87375,24900.0,25376.75,506.05,506.05,506.05,506.05,0,1751617320
2025-07-04 13:53:00,CE,ATM-10,0.0,87375,24900.0,25376.75,506.05,506.05,506.05,506.05,0,1751617380
2025-07-04 13:54:00,CE,ATM-10,0.0,87375,24900.0,25376.75,506.05,506.05,506.05,506.05,0,1751617440
2025-07-04 13:55:00,CE,ATM-10,0.0,87375,24900.0,25376.75,506.05,506.05,506.05,506.05,0,1751617500
2025-07-04 13:56:00,CE,ATM-10,0.0,87375,24900.0,25376.75,506.05,506.05,506.05,506.05,0,1751617560
2025-07-04 13:57:00,CE,ATM-10,0.0,87375,24900.0,25376.75,506.05,506.05,506.05,506.05,0,1751617620
2025-07-04 13:58:00,CE,ATM-10,0.0,87450,24900.0,25379.9,501.0,510.0,501.0,510.0,225,1751617680
2025-07-04 13:59:00,CE,ATM-10,0.0,87450,24900.0,25384.05,510.0,515.8,510.0,515.8,300,1751617740
2025-07-04 14:00:00,CE,ATM-10,0.0,87450,24900.0,25386.1,514.1,519.75,514.1,515.8,1125,1751617800
2025-07-04 14:01:00,CE,ATM-10,0.0,87225,24900.0,25383.15,515.8,515.8,511.5,511.5,600,1751617860
2025-07-04 14:02:00,CE,ATM-10,0.0,7875,24850.0,25367.55,561.55,561.55,547.0,547.0,225,1751617920
2025-07-04 14:03:00,CE,ATM-10,0.0,7875,24850.0,25367.55,547.0,547.0,547.0,547.0,0,1751617980
2025-07-04 14:04:00,CE,ATM-10,0.0,7875,24850.0,25367.55,547.0,547.0,547.0,547.0,0,1751618040
2025-07-04 14:05:00,CE,ATM-10,0.0,87375,24900.0,25377.75,499.05,505.0,499.05,505.0,150,1751618100
2025-07-04 14:06:00,CE,ATM-10,0.0,87375,24900.0,25378.35,505.0,507.9,505.0,507.2,600,1751618160
2025-07-04 14:07:00,CE,ATM-10,0.0,87525,24900.0,25380.5,507.2,513.85,507.2,509.7,225,1751618220
2025-07-04 14:08:00,CE,ATM-10,0.0,87525,24900.0,25381.2,512.0,512.0,512.0,512.0,75,1751618280
2025-07-04 14:09:00,CE,ATM-10,0.0,87525,24900.0,25381.2,512.0,512.0,512.0,512.0,0,1751618340
2025-07-04 14:10:00,CE,ATM-10,0.0,87675,24900.0,25381.8,512.0,512.0,510.0,510.0,150,1751618400
2025-07-04 14:11:00,CE,ATM-10,0.0,87675,24900.0,25381.8,510.0,510.0,510.0,510.0,0,1751618460
2025-07-04 14:12:00,CE,ATM-10,0.0,87675,24900.0,25381.8,510.0,510.0,510.0,510.0,0,1751618520
2025-07-04 14:13:00,CE,ATM-10,0.0,87675,24900.0,25384.65,510.0,515.0,510.0,514.8,150,1751618580
2025-07-04 14:14:00,CE,ATM-10,0.0,87675,24900.0,25384.3,514.8,514.8,512.05,512.05,1200,1751618640
2025-07-04 14:15:00,CE,ATM-10,0.0,87675,24900.0,25384.3,512.05,512.05,512.05,512.05,0,1751618700
2025-07-04 14:16:00,CE,ATM-10,0.0,88275,24900.0,25378.3,512.05,512.05,504.0,504.0,1875,1751618760
2025-07-04 14:17:00,CE,ATM-10,0.0,88275,24900.0,25378.4,504.0,505.7,504.0,505.7,75,1751618820
2025-07-04 14:18:00,CE,ATM-10,0.0,88275,24900.0,25380.0,504.45,506.0,504.45,506.0,225,1751618880
2025-07-04 14:19:00,CE,ATM-10,0.0,87525,24900.0,25383.3,506.0,512.95,506.0,512.95,150,1751618940
2025-07-04 14:20:00,CE,ATM-10,0.0,87525,24900.0,25383.7,512.95,512.95,507.35,507.35,900,1751619000
2025-07-04 14:21:00,CE,ATM-10,0.0,87525,24900.0,25380.3,507.35,509.0,507.35,508.0,150,1751619060
2025-07-04 14:22:00,CE,ATM-10,0.0,87525,24900.0,25380.3,508.0,508.0,508.0,508.0,0,1751619120
2025-07-04 14:23:00,CE,ATM-10,0.0,87750,24900.0,25380.05,508.0,508.0,500.2,500.2,75,1751619180
2025-07-04 14:24:00,CE,ATM-10,0.0,87750,24900.0,25385.3,500.2,510.25,500.2,508.35,750,1751619240
2025-07-04 14:25:00,CE,ATM-10,0.0,87975,24900.0,25388.3,508.35,509.55,507.3,509.55,225,1751619300
2025-07-04 14:26:00,CE,ATM-10,0.0,87975,24900.0,25384.0,509.55,509.6,509.0,509.0,225,1751619360
2025-07-04 14:27:00,CE,ATM-10,0.0,87975,24900.0,25387.95,509.0,509.05,509.0,509.05,300,1751619420
2025-07-04 14:28:00,CE,ATM-10,0.0,87975,24900.0,25387.95,509.05,509.05,509.05,509.05,0,1751619480
2025-07-04 14:29:00,CE,ATM-10,0.0,87975,24900.0,25389.25,509.05,513.35,509.05,513.35,75,1751619540
2025-07-04 14:30:00,CE,ATM-10,0.0,87975,24900.0,25389.1,513.35,513.35,511.5,511.5,75,1751619600
2025-07-04 14:31:00,CE,ATM-10,0.0,87975,24900.0,25391.75,511.5,513.65,511.5,513.65,225,1751619660
2025-07-04 14:32:00,CE,ATM-10,0.0,87975,24900.0,25395.25,513.65,516.6,513.65,516.6,525,1751619720
2025-07-04 14:33:00,CE,ATM-10,0.0,87975,24900.0,25394.75,516.6,521.85,516.6,520.15,1650,1751619780
2025-07-04 14:34:00,CE,ATM-10,0.0,87600,24900.0,25396.9,520.15,524.6,517.75,524.6,750,1751619840
2025-07-04 14:35:00,CE,ATM-10,0.0,87600,24900.0,25416.05,523.25,548.0,523.25,548.0,2850,1751619900
2025-07-04 14:36:00,CE,ATM-10,0.0,18225,24950.0,25450.5,499.3,515.0,499.3,514.05,300,1751619960
2025-07-04 14:37:00,CE,ATM-10,0.0,18300,24950.0,25431.75,514.05,514.05,504.05,506.3,450,1751620020
2025-07-04 14:38:00,CE,ATM-10,0.0,18300,24950.0,25432.9,506.3,513.0,506.3,513.0,225,1751620080
2025-07-04 14:39:00,CE,ATM-10,0.0,18300,24950.0,25433.45,513.0,520.0,513.0,520.0,300,1751620140
2025-07-04 14:40:00,CE,ATM-10,0.0,17775,24950.0,25449.8,520.0,539.0,520.0,538.65,750,1751620200
2025-07-04 14:41:00,CE,ATM-10,0.0,17775,24950.0,25441.05,538.65,538.65,528.5,528.55,375,1751620260
2025-07-04 14:42:00,CE,ATM-10,6.731938,17775,24950.0,25438.05,528.55,530.5,528.55,529.8,150,1751620320
2025-07-04 14:43:00,CE,ATM-10,0.0,17925,24950.0,25442.95,529.8,529.8,529.05,529.05,150,1751620380
2025-07-04 14:44:00,CE,ATM-10,0.0,17925,24950.0,25454.55,529.05,538.7,529.05,538.7,300,1751620440
2025-07-04 14:45:00,CE,ATM-10,0.0,17925,24950.0,25458.85,538.7,548.6,538.7,548.6,600,1751620500
2025-07-04 14:46:00,CE,ATM-10,0.0,17475,24950.0,25454.3,548.55,548.55,542.5,542.5,375,1751620560
2025-07-04 14:47:00,CE,ATM-10,0.0,17475,24950.0,25452.7,542.5,542.5,540.85,540.85,225,1751620620
2025-07-04 14:48:00,CE,ATM-10,0.0,17475,24950.0,25444.8,540.85,540.85,531.7,531.7,1200,1751620680
2025-07-04 14:49:00,CE,ATM-10,0.0,17475,24950.0,25444.8,531.7,531.7,531.7,531.7,0,1751620740
2025-07-04 14:50:00,CE,ATM-10,0.0,16875,24950.0,25443.7,531.7,533.65,531.0,532.3,225,1751620800
2025-07-04 14:51:00,CE,ATM-10,0.0,16875,24950.0,25439.4,532.3,532.3,528.45,528.55,300,1751620860
2025-07-04 14:52:00,CE,ATM-10,0.0,17100,24950.0,25444.95,528.55,534.0,527.7,533.8,300,1751620920
2025-07-04 14:53:00,CE,ATM-10,0.0,17100,24950.0,25448.15,533.8,533.8,533.2,533.2,75,1751620980
2025-07-04 14:54:00,CE,ATM-10,0.0,17100,24950.0,25448.15,533.2,533.2,533.2,533.2,0,1751621040
2025-07-04 14:55:00,CE,ATM-10,0.0,17025,24950.0,25444.7,533.2,533.2,532.7,532.7,75,1751621100
2025-07-04 14:56:00,CE,ATM-10,0.0,17025,24950.0,25445.3,532.7,532.7,532.7,532.7,150,1751621160
2025-07-04 14:57:00,CE,ATM-10,0.0,17025,24950.0,25445.3,532.7,532.7,532.7,532.7,0,1751621220
2025-07-04 14:58:00,CE,ATM-10,0.0,16950,24950.0,25447.4,532.7,532.7,528.9,528.9,75,1751621280
2025-07-04 14:59:00,CE,ATM-10,0.0,16950,24950.0,25453.65,528.9,535.0,528.9,535.0,375,1751621340
2025-07-04 15:00:00,CE,ATM-10,0.0,16950,24950.0,25453.65,535.0,535.0,535.0,535.0,0,1751621400
2025-07-04 15:01:00,CE,ATM-10,0.0,16875,24950.0,25454.9,535.0,536.45,535.0,536.45,75,1751621460
2025-07-04 15:02:00,CE,ATM-10,0.0,16875,24950.0,25454.9,536.45,536.45,536.45,536.45,0,1751621520
2025-07-04 15:03:00,CE,ATM-10,0.0,16875,24950.0,25459.7,536.45,536.45,536.45,536.45,75,1751621580
2025-07-04 15:04:00,CE,ATM-10,0.0,16950,24950.0,25460.1,536.45,537.95,536.45,537.95,1950,1751621640
2025-07-04 15:05:00,CE,ATM-10,0.0,16950,24950.0,25460.1,537.95,537.95,537.95,537.95,0,1751621700
2025-07-04 15:06:00,CE,ATM-10,0.0,16950,24950.0,25460.1,537.95,537.95,537.95,537.95,0,1751621760
2025-07-04 15:07:00,CE,ATM-10,0.0,16950,24950.0,25460.1,537.95,537.95,537.95,537.95,0,1751621820
2025-07-04 15:08:00,CE,ATM-10,0.0,16200,24950.0,25456.55,537.95,537.95,532.2,535.85,150,1751621880
2025-07-04 15:09:00,CE,ATM-10,0.0,16200,24950.0,25456.55,535.85,535.85,535.85,535.85,0,1751621940
2025-07-04 15:10:00,CE,ATM-10,0.0,16200,24950.0,25463.95,535.85,535.85,535.85,535.85,600,1751622000
2025-07-04 15:11:00,CE,ATM-10,0.0,16275,24950.0,25464.55,535.85,537.9,535.85,537.9,300,1751622060
2025-07-04 15:12:00,CE,ATM-10,0.0,16275,24950.0,25459.95,537.9,537.9,535.1,535.1,75,1751622120
2025-07-04 15:13:00,CE,ATM-10,0.0,16425,24950.0,25462.1,535.1,538.9,535.1,538.9,75,1751622180
2025-07-04 15:14:00,CE,ATM-10,0.0,16425,24950.0,25462.1,538.9,538.9,538.9,538.9,0,1751622240
2025-07-04 15:15:00,CE,ATM-10,0.0,16425,24950.0,25461.7,538.9,538.9,536.55,538.1,300,1751622300
2025-07-04 15:16:00,CE,ATM-10,0.0,16275,24950.0,25461.4,538.1,540.45,538.1,540.45,300,1751622360
2025-07-04 15:17:00,CE,ATM-10,0.0,16275,24950.0,25461.4,540.45,540.45,540.45,540.45,0,1751622420
2025-07-04 15:18:00,CE,ATM-10,0.0,16275,24950.0,25452.2,540.45,540.45,525.45,525.45,75,1751622480
2025-07-04 15:19:00,CE,ATM-10,0.0,16275,24950.0,25452.2,525.45,525.45,525.45,525.45,0,1751622540
2025-07-04 15:20:00,CE,ATM-10,0.0,16275,24950.0,25452.2,525.45,525.45,525.45,525.45,0,1751622600
2025-07-04 15:21:00,CE,ATM-10,0.0,16575,24950.0,25459.75,525.45,532.55,525.45,532.55,375,1751622660
2025-07-04 15:22:00,CE,ATM-10,0.0,16575,24950.0,25462.7,532.55,538.9,532.55,538.9,375,1751622720
2025-07-04 15:23:00,CE,ATM-10,0.0,16575,24950.0,25463.8,538.9,538.9,537.5,537.5,375,1751622780
2025-07-04 15:24:00,CE,ATM-10,0.0,16575,24950.0,25464.6,537.5,537.5,534.8,536.95,300,1751622840
2025-07-04 15:25:00,CE,ATM-10,0.0,16950,24950.0,25462.35,536.95,536.95,536.3,536.3,225,1751622900
2025-07-04 15:26:00,CE,ATM-10,0.0,16950,24950.0,25462.35,536.3,536.3,536.3,536.3,0,1751622960
2025-07-04 15:27:00,CE,ATM-10,0.0,16950,24950.0,25468.25,536.3,541.35,536.3,541.35,300,1751623020
2025-07-04 15:28:00,CE,ATM-10,0.0,16950,24950.0,25468.25,541.35,541.35,541.35,541.35,0,1751623080
2025-07-04 15:29:00,CE,ATM-10,0.0,16725,24950.0,25467.8,541.35,543.7,541.35,542.85,525,1751623140
2025-07-07 09:15:00,CE,ATM-10,0.0,83025,24900.0,25424.65,525.55,547.65,525.55,545.2,300,1751859900
2025-07-07 09:16:00,CE,ATM-10,0.0,16725,24950.0,25427.8,486.35,491.8,481.2,491.8,1950,1751859960
2025-07-07 09:17:00,CE,ATM-10,7.58498,16725,24950.0,25435.0,491.8,507.4,491.8,507.4,450,1751860020
2025-07-07 09:18:00,CE,ATM-10,7.58498,16725,24950.0,25435.0,507.4,507.4,507.4,507.4,0,1751860080
2025-07-07 09:19:00,CE,ATM-10,0.0,15825,24950.0,25447.35,498.85,498.85,497.75,497.75,75,1751860140
2025-07-07 09:20:00,CE,ATM-10,0.0,15825,24950.0,25452.6,515.3,527.9,515.3,521.85,300,1751860200
2025-07-07 09:21:00,CE,ATM-10,0.0,15750,24950.0,25473.8,521.85,529.1,521.85,529.1,150,1751860260
2025-07-07 09:22:00,CE,ATM-10,0.0,15750,24950.0,25462.65,529.1,529.1,524.2,528.3,450,1751860320
2025-07-07 09:23:00,CE,ATM-10,0.0,15750,24950.0,25449.65,528.3,528.3,511.45,517.75,375,1751860380
2025-07-07 09:24:00,CE,ATM-10,10.509524,17250,24950.0,25449.95,519.65,529.65,517.35,523.85,2400,1751860440
2025-07-07 09:25:00,CE,ATM-10,0.0,17250,24950.0,25438.35,523.85,525.8,508.0,508.0,750,1751860500
2025-07-07 09:26:00,CE,ATM-10,0.0,17250,24950.0,25438.35,508.0,508.0,508.0,508.0,0,1751860560
2025-07-07 09:27:00,CE,ATM-10,0.0,17250,24950.0,25438.35,508.0,508.0,508.0,508.0,0,1751860620
2025-07-07 09:28:00,CE,ATM-10,0.0,17625,24950.0,25443.25,508.0,509.5,508.0,509.5,75,1751860680
2025-07-07 09:29:00,CE,ATM-10,0.0,17625,24950.0,25443.25,509.5,509.5,509.5,509.5,0,1751860740
2025-07-07 09:30:00,CE,ATM-10,0.0,17550,24950.0,25449.45,509.5,520.65,509.5,513.65,375,1751860800
2025-07-07 09:31:00,CE,ATM-10,0.0,17550,24950.0,25453.95,513.65,516.1,507.4,510.75,825,1751860860
2025-07-07 09:32:00,CE,ATM-10,0.0,17550,24950.0,25453.95,510.75,510.75,510.75,510.75,0,1751860920
2025-07-07 09:33:00,CE,ATM-10,0.0,18375,24950.0,25469.75,510.75,540.2,510.75,537.5,225,1751860980
2025-07-07 09:34:00,CE,ATM-10,13.08314,541650,25000.0,25478.0,493.95,511.0,487.4,507.35,21075,1751861040
2025-07-07 09:35:00,CE,ATM-10,12.780072,541650,25000.0,25480.55,505.0,515.0,502.5,509.0,20475,1751861100
2025-07-07 09:36:00,CE,ATM-10,13.891284,522300,25000.0,25477.35,507.9,509.0,497.5,509.0,11625,1751861160
2025-07-07 09:37:00,CE,ATM-10,10.837227,522300,25000.0,25487.3,509.35,519.25,509.35,511.85,11550,1751861220
2025-07-07 09:38:00,CE,ATM-10,11.647366,522300,25000.0,25479.75,511.8,513.65,504.8,505.8,7125,1751861280
2025-07-07 09:39:00,CE,ATM-10,13.246214,523125,25000.0,25479.65,503.75,513.0,503.75,509.3,7725,1751861340
2025-07-07 09:40:00,CE,ATM-10,13.246214,523125,25000.0,25479.65,509.3,509.3,509.3,509.3,0,1751861400
2025-07-07 09:41:00,CE,ATM-10,14.885759,18450,24950.0,25465.15,553.4,553.4,547.2,547.2,75,1751861460
2025-07-07 09:42:00,CE,ATM-10,14.608648,18450,24950.0,25464.85,547.2,547.2,546.1,546.1,75,1751861520
2025-07-07 09:43:00,CE,ATM-10,14.303686,18450,24950.0,25451.85,546.1,546.1,533.0,533.0,75,1751861580
2025-07-07 09:44:00,CE,ATM-10,13.405325,18450,24950.0,25451.9,533.0,533.0,530.65,530.65,75,1751861640
2025-07-07 09:45:00,CE,ATM-10,14.718946,18450,24950.0,25449.85,530.65,532.35,530.65,532.35,75,1751861700
2025-07-07 09:46:00,CE,ATM-10,14.718946,18450,24950.0,25449.85,532.35,532.35,532.35,532.35,0,1751861760
2025-07-07 09:47:00,CE,ATM-10,15.553712,18450,24950.0,25443.85,529.45,529.55,529.45,529.55,600,1751861820
2025-07-07 09:48:00,CE,ATM-10,15.553712,18450,24950.0,25443.85,529.55,529.55,529.55,529.55,0,1751861880
2025-07-07 09:49:00,CE,ATM-10,15.553712,18450,24950.0,25443.85,529.55,529.55,529.55,529.55,0,1751861940
2025-07-07 09:50:00,CE,ATM-10,15.553712,18450,24950.0,25443.85,529.55,529.55,529.55,529.55,0,1751862000
2025-07-07 09:51:00,CE,ATM-10,13.346689,18750,24950.0,25440.95,529.55,529.55,520.05,520.05,75,1751862060
2025-07-07 09:52:00,CE,ATM-10,13.082669,18750,24950.0,25441.75,520.05,520.15,520.05,520.15,75,1751862120
2025-07-07 09:53:00,CE,ATM-10,0.0,18750,24950.0,25457.0,520.15,526.15,520.15,526.15,75,1751862180
2025-07-07 09:54:00,CE,ATM-10,10.701974,18600,24950.0,25465.65,526.15,539.3,526.15,539.3,75,1751862240
2025-07-07 09:55:00,CE,ATM-10,14.83151,18600,24950.0,25470.2,539.3,551.65,539.3,551.65,450,1751862300
2025-07-07 09:56:00,CE,ATM-10,14.28723,18600,24950.0,25470.05,551.65,551.65,550.0,550.0,75,1751862360
2025-07-07 09:57:00,CE,ATM-10,15.467497,18525,24950.0,25471.75,550.0,555.0,550.0,555.0,225,1751862420
2025-07-07 09:58:00,CE,ATM-10,15.467497,18525,24950.0,25471.75,555.0,555.0,555.0,555.0,0,1751862480
2025-07-07 09:59:00,CE,ATM-10,0.0,18525,24950.0,25462.1,555.0,555.0,533.45,533.45,150,1751862540
2025-07-07 10:00:00,CE,ATM-10,11.462566,18375,24950.0,25467.8,533.45,542.25,533.45,542.25,450,1751862600
2025-07-07 10:01:00,CE,ATM-10,10.221448,18375,24950.0,25460.2,542.25,542.25,533.45,533.45,1050,1751862660
2025-07-07 10:02:00,CE,ATM-10,10.221448,18375,24950.0,25460.2,533.45,533.45,533.45,533.45,0,1751862720
2025-07-07 10:03:00,CE,ATM-10,11.008756,18375,24950.0,25464.3,533.45,538.25,533.45,538.25,150,1751862780
2025-07-07 10:04:00,CE,ATM-10,13.801817,18525,24950.0,25457.35,538.25,538.25,536.65,536.65,75,1751862840
2025-07-07 10:05:00,CE,ATM-10,16.502326,18525,24950.0,25446.8,536.65,536.65,535.6,535.6,225,1751862900
2025-07-07 10:06:00,CE,ATM-10,16.502326,18525,24950.0,25446.8,535.6,535.6,535.6,535.6,0,1751862960
2025-07-07 10:07:00,CE,ATM-10,14.894528,18525,24950.0,25434.35,535.6,535.6,516.6,518.3,300,1751863020
2025-07-07 10:08:00,CE,ATM-10,14.894528,18525,24950.0,25434.35,518.3,518.3,518.3,518.3,0,1751863080
2025-07-07 10:09:00,CE,ATM-10,15.537684,82500,24900.0,25422.0,555.0,559.95,555.0,555.2,150,1751863140
2025-07-07 10:10:00,CE,ATM-10,14.201583,18450,24950.0,25426.9,509.9,509.9,505.2,509.1,450,1751863200
2025-07-07 10:11:00,CE,ATM-10,14.515319,18450,24950.0,25428.25,509.1,513.4,509.1,511.35,225,1751863260
2025-07-07 10:12:00,CE,ATM-10,14.120642,18525,24950.0,25428.1,511.35,512.65,506.1,509.95,450,1751863320
2025-07-07 10:13:00,CE,ATM-10,0.0,18525,24950.0,25438.15,509.95,509.95,507.05,507.05,75,1751863380
2025-07-07 10:14:00,CE,ATM-10,14.878864,18525,24950.0,25436.1,507.05,519.8,507.05,519.8,150,1751863440
2025-07-07 10:15:00,CE,ATM-10,0.0,18150,24950.0,25438.9,519.8,519.8,510.6,510.6,150,1751863500
2025-07-07 10:16:00,CE,ATM-10,10.701524,18150,24950.0,25445.1,510.6,519.0,510.6,519.0,75,1751863560
2025-07-07 10:17:00,CE,ATM-10,10.701524,18150,24950.0,25445.1,519.0,519.0,519.0,519.0,0,1751863620
2025-07-07 10:18:00,CE,ATM-10,11.32584,18150,24950.0,25434.55,519.0,519.0,509.55,509.55,75,1751863680
2025-07-07 10:19:00,CE,ATM-10,13.432077,18150,24950.0,25430.6,509.55,510.25,509.55,510.25,75,1751863740
2025-07-07 10:20:00,CE,ATM-10,13.432077,18150,24950.0,25430.6,510.25,510.25,510.25,510.25,0,1751863800
2025-07-07 10:21:00,CE,ATM-10,11.374986,18150,24950.0,25436.55,510.25,511.55,510.25,511.55,75,1751863860
2025-07-07 10:22:00,CE,ATM-10,11.374986,18150,24950.0,25436.55,511.55,511.55,511.55,511.55,0,1751863920
2025-07-07 10:23:00,CE,ATM-10,11.374986,18150,24950.0,25436.55,511.55,511.55,511.55,511.55,0,1751863980
2025-07-07 10:24:00,CE,ATM-10,11.352728,18075,24950.0,25438.15,511.55,513.05,511.55,513.05,75,1751864040
2025-07-07 10:25:00,CE,ATM-10,11.352728,18075,24950.0,25438.15,513.05,513.05,513.05,513.05,0,1751864100
2025-07-07 10:26:00,CE,ATM-10,11.352728,18075,24950.0,25438.15,513.05,513.05,513.05,513.05,0,1751864160
2025-07-07 10:27:00,CE,ATM-10,11.352728,18075,24950.0,25438.15,513.05,513.05,513.05,513.05,0,1751864220
2025-07-07 10:28:00,CE,ATM-10,11.352728,18075,24950.0,25438.15,513.05,513.05,513.05,513.05,0,1751864280
2025-07-07 10:29:00,CE,ATM-10,11.80087,18075,24950.0,25435.4,513.05,513.05,511.1,511.1,75,1751864340
2025-07-07 10:30:00,CE,ATM-10,12.800064,18075,24950.0,25436.25,511.1,513.95,511.1,513.95,150,1751864400
2025-07-07 10:31:00,CE,ATM-10,12.664249,18000,24950.0,25442.9,513.95,520.0,513.95,520.0,150,1751864460
2025-07-07 10:32:00,CE,ATM-10,12.664249,18000,24950.0,25442.9,520.0,520.0,520.0,520.0,0,1751864520
2025-07-07 10:33:00,CE,ATM-10,0.0,18000,24950.0,25450.95,521.1,521.1,521.1,521.1,75,1751864580
2025-07-07 10:34:00,CE,ATM-10,0.0,18000,24950.0,25450.95,521.1,521.1,521.1,521.1,0,1751864640
2025-07-07 10:35:00,CE,ATM-10,0.0,18000,24950.0,25450.95,521.1,521.1,521.1,521.1,0,1751864700
2025-07-07 10:36:00,CE,ATM-10,13.956057,17925,24950.0,25436.75,521.1,521.1,517.35,517.35,75,1751864760
2025-07-07 10:37:00,CE,ATM-10,13.956057,17925,24950.0,25436.75,517.35,517.35,517.35,517.35,0,1751864820
2025-07-07 10:38:00,CE,ATM-10,13.956057,17925,24950.0,25436.75,517.35,517.35,517.35,517.35,0,1751864880
2025-07-07 10:39:00,CE,ATM-10,13.446271,17925,24950.0,25436.45,517.35,517.35,515.65,515.65,75,1751864940
2025-07-07 10:40:00,CE,ATM-10,13.446271,17925,24950.0,25436.45,515.65,515.65,515.65,515.65,0,1751865000
2025-07-07 10:41:00,CE,ATM-10,13.446271,17925,24950.0,25436.45,515.65,515.65,515.65,515.65,0,1751865060
2025-07-07 10:42:00,CE,ATM-10,13.446271,17925,24950.0,25436.45,515.65,515.65,515.65,515.65,0,1751865120
2025-07-07 10:43:00,CE,ATM-10,13.446271,17925,24950.0,25436.45,515.65,515.65,515.65,515.65,0,1751865180
2025-07-07 10:44:00,CE,ATM-10,13.446271,17925,24950.0,25436.45,515.65,515.65,515.65,515.65,0,1751865240
2025-07-07 10:45:00,CE,ATM-10,13.658744,17925,24950.0,25451.55,515.65,530.45,515.65,530.45,1050,1751865300
2025-07-07 10:46:00,CE,ATM-10,13.658744,17925,24950.0,25451.55,530.45,530.45,530.45,530.45,0,1751865360
2025-07-07 10:47:00,CE,ATM-10,13.658744,17925,24950.0,25451.55,530.45,530.45,530.45,530.45,0,1751865420
2025-07-07 10:48:00,CE,ATM-10,13.658744,17925,24950.0,25451.55,530.45,530.45,530.45,530.45,0,1751865480
2025-07-07 10:49:00,CE,ATM-10,13.658744,17925,24950.0,25451.55,530.45,530.45,530.45,530.45,0,1751865540
2025-07-07 10:50:00,CE,ATM-10,13.658744,17925,24950.0,25451.55,530.45,530.45,530.45,530.45,0,1751865600
2025-07-07 10:51:00,CE,ATM-10,13.658744,17925,24950.0,25451.55,530.45,530.45,530.45,530.45,0,1751865660
2025-07-07 10:52:00,CE,ATM-10,13.658744,17925,24950.0,25451.55,530.45,530.45,530.45,530.45,0,1751865720
2025-07-07 10:53:00,CE,ATM-10,13.658744,17925,24950.0,25451.55,530.45,530.45,530.45,530.45,0,1751865780
2025-07-07 10:54:00,CE,ATM-10,13.658744,17925,24950.0,25451.55,530.45,530.45,530.45,530.45,0,1751865840
2025-07-07 10:55:00,CE,ATM-10,13.658744,17925,24950.0,25451.55,530.45,530.45,530.45,530.45,0,1751865900
2025-07-07 10:56:00,CE,ATM-10,9.91721,18075,24950.0,25461.2,530.45,533.9,530.45,533.9,225,1751865960
2025-07-07 10:57:00,CE,ATM-10,9.91721,18075,24950.0,25461.2,533.9,533.9,533.9,533.9,0,1751866020
2025-07-07 10:58:00,CE,ATM-10,11.67049,17925,24950.0,25466.3,533.9,540.7,533.9,540.7,75,1751866080
2025-07-07 10:59:00,CE,ATM-10,11.57144,17925,24950.0,25468.8,540.7,543.0,540.7,543.0,75,1751866140
2025-07-07 11:00:00,CE,ATM-10,11.557705,17925,24950.0,25474.35,543.0,548.4,543.0,548.4,75,1751866200
2025-07-07 11:01:00,CE,ATM-10,13.917582,572250,25000.0,25475.3,501.5,506.4,498.6,506.4,4875,1751866260
2025-07-07 11:02:00,CE,ATM-10,13.917582,572250,25000.0,25475.3,506.4,506.4,506.4,506.4,0,1751866320
2025-07-07 11:03:00,CE,ATM-10,12.801933,17850,24950.0,25469.75,552.0,552.0,545.85,545.85,150,1751866380
2025-07-07 11:04:00,CE,ATM-10,15.802922,17850,24950.0,25467.75,545.85,551.7,545.85,551.7,225,1751866440
2025-07-07 11:05:00,CE,ATM-10,14.922781,17850,24950.0,25470.65,551.7,551.7,550.6,551.7,450,1751866500
2025-07-07 11:06:00,CE,ATM-10,14.865362,17625,24950.0,25469.45,551.7,551.7,548.0,550.4,300,1751866560
2025-07-07 11:07:00,CE,ATM-10,14.553321,17625,24950.0,25471.75,550.4,551.7,548.9,551.7,450,1751866620
2025-07-07 11:08:00,CE,ATM-10,14.553321,17625,24950.0,25471.75,551.7,551.7,551.7,551.7,0,1751866680
2025-07-07 11:09:00,CE,ATM-10,14.553321,17625,24950.0,25471.75,551.7,551.7,551.7,551.7,0,1751866740
2025-07-07 11:10:00,CE,ATM-10,14.553321,17625,24950.0,25471.75,551.7,551.7,551.7,551.7,0,1751866800
2025-07-07 11:11:00,CE,ATM-10,16.758911,17400,24950.0,25456.8,551.7,551.7,544.95,544.95,75,1751866860
2025-07-07 11:12:00,CE,ATM-10,14.048226,17400,24950.0,25456.7,544.95,544.95,536.1,536.1,150,1751866920
2025-07-07 11:13:00,CE,ATM-10,14.048226,17400,24950.0,25456.7,536.1,536.1,536.1,536.1,0,1751866980
2025-07-07 11:14:00,CE,ATM-10,14.048226,17400,24950.0,25456.7,536.1,536.1,536.1,536.1,0,1751867040
2025-07-07 11:15:00,CE,ATM-10,14.048226,17400,24950.0,25456.7,536.1,536.1,536.1,536.1,0,1751867100
2025-07-07 11:16:00,CE,ATM-10,11.437728,17325,24950.0,25461.0,536.1,536.1,535.1,535.1,75,1751867160
2025-07-07 11:17:00,CE,ATM-10,11.437728,17325,24950.0,25461.0,535.1,535.1,535.1,535.1,0,1751867220
2025-07-07 11:18:00,CE,ATM-10,11.437728,17325,24950.0,25461.0,535.1,535.1,535.1,535.1,0,1751867280
2025-07-07 11:19:00,CE,ATM-10,13.684207,17250,24950.0,25456.2,535.1,535.1,534.65,534.65,75,1751867340
2025-07-07 11:20:00,CE,ATM-10,13.684207,17250,24950.0,25456.2,534.65,534.65,534.65,534.65,0,1751867400
2025-07-07 11:21:00,CE,ATM-10,13.420671,17250,24950.0,25453.2,534.65,534.65,531.15,531.15,75,1751867460
2025-07-07 11:22:00,CE,ATM-10,13.420671,17250,24950.0,25453.2,531.15,531.15,531.15,531.15,0,1751867520
2025-07-07 11:23:00,CE,ATM-10,13.420671,17250,24950.0,25453.2,531.15,531.15,531.15,531.15,0,1751867580
2025-07-07 11:24:00,CE,ATM-10,13.420671,17250,24950.0,25453.2,531.15,531.15,531.15,531.15,0,1751867640
2025-07-07 11:25:00,CE,ATM-10,13.420671,17250,24950.0,25453.2,531.15,531.15,531.15,531.15,0,1751867700
2025-07-07 11:26:00,CE,ATM-10,13.420671,17250,24950.0,25453.2,531.15,531.15,531.15,531.15,0,1751867760
2025-07-07 11:27:00,CE,ATM-10,13.420671,17250,24950.0,25453.2,531.15,531.15,531.15,531.15,0,1751867820
2025-07-07 11:28:00,CE,ATM-10,13.420671,17250,24950.0,25453.2,531.15,531.15,531.15,531.15,0,1751867880
2025-07-07 11:29:00,CE,ATM-10,13.420671,17250,24950.0,25453.2,531.15,531.15,531.15,531.15,0,1751867940
2025-07-07 11:30:00,CE,ATM-10,13.420671,17250,24950.0,25453.2,531.15,531.15,531.15,531.15,0,1751868000
2025-07-07 11:31:00,CE,ATM-10,13.420671,17250,24950.0,25453.2,531.15,531.15,531.15,531.15,0,1751868060
2025-07-07 11:32:00,CE,ATM-10,13.420671,17250,24950.0,25453.2,531.15,531.15,531.15,531.15,0,1751868120
2025-07-07 11:33:00,CE,ATM-10,10.92297,17325,24950.0,25449.8,531.15,531.15,523.4,523.4,150,1751868180
2025-07-07 11:34:00,CE,ATM-10,11.31175,17175,24950.0,25451.3,523.4,525.35,523.4,525.35,150,1751868240
2025-07-07 11:35:00,CE,ATM-10,11.31175,17175,24950.0,25451.3,525.35,525.35,525.35,525.35,0,1751868300
2025-07-07 11:36:00,CE,ATM-10,11.31175,17175,24950.0,25451.3,525.35,525.35,525.35,525.35,0,1751868360
2025-07-07 11:37:00,CE,ATM-10,11.31175,17175,24950.0,25451.3,525.35,525.35,525.35,525.35,0,1751868420
2025-07-07 11:38:00,CE,ATM-10,11.31175,17175,24950.0,25451.3,525.35,525.35,525.35,525.35,0,1751868480
2025-07-07 11:39:00,CE,ATM-10,11.31175,17175,24950.0,25451.3,525.35,525.35,525.35,525.35,0,1751868540
2025-07-07 11:40:00,CE,ATM-10,11.31175,17175,24950.0,25451.3,525.35,525.35,525.35,525.35,0,1751868600
2025-07-07 11:41:00,CE,ATM-10,11.31175,17175,24950.0,25451.3,525.35,525.35,525.35,525.35,0,1751868660
2025-07-07 11:42:00,CE,ATM-10,11.31175,17175,24950.0,25451.3,525.35,525.35,525.35,525.35,0,1751868720
2025-07-07 11:43:00,CE,ATM-10,11.31175,17175,24950.0,25451.3,525.35,525.35,525.35,525.35,0,1751868780
2025-07-07 11:44:00,CE,ATM-10,11.31175,17175,24950.0,25451.3,525.35,525.35,525.35,525.35,0,1751868840
2025-07-07 11:45:00,CE,ATM-10,11.31175,17175,24950.0,25451.3,525.35,525.35,525.35,525.35,0,1751868900
2025-07-07 11:46:00,CE,ATM-10,11.31175,17175,24950.0,25451.3,525.35,525.35,525.35,525.35,0,1751868960
2025-07-07 11:47:00,CE,ATM-10,11.31175,17175,24950.0,25451.3,525.35,525.35,525.35,525.35,0,1751869020
2025-07-07 11:48:00,CE,ATM-10,11.31175,17175,24950.0,25451.3,525.35,525.35,525.35,525.35,0,1751869080
2025-07-07 11:49:00,CE,ATM-10,11.31175,17175,24950.0,25451.3,525.35,525.35,525.35,525.35,0,1751869140
2025-07-07 11:50:00,CE,ATM-10,11.31175,17175,24950.0,25451.3,525.35,525.35,525.35,525.35,0,1751869200
2025-07-07 11:51:00,CE,ATM-10,14.037472,17250,24950.0,25437.95,525.35,525.35,518.05,518.05,75,1751869260
2025-07-07 11:52:00,CE,ATM-10,14.037472,17250,24950.0,25437.95,518.05,518.05,518.05,518.05,0,1751869320
2025-07-07 11:53:00,CE,ATM-10,11.814859,17325,24950.0,25440.0,518.05,518.05,513.55,515.0,300,1751869380
2025-07-07 11:54:00,CE,ATM-10,14.359532,17325,24950.0,25436.4,515.0,517.5,515.0,517.5,75,1751869440
2025-07-07 11:55:00,CE,ATM-10,13.337321,17325,24950.0,25439.4,517.5,518.0,517.5,517.55,225,1751869500
2025-07-07 11:56:00,CE,ATM-10,13.337321,17325,24950.0,25439.4,517.55,517.55,517.55,517.55,0,1751869560
2025-07-07 11:57:00,CE,ATM-10,13.406377,17325,24950.0,25436.55,517.55,517.55,515.0,515.0,75,1751869620
2025-07-07 11:58:00,CE,ATM-10,13.406377,17325,24950.0,25436.55,515.0,515.0,515.0,515.0,0,1751869680
2025-07-07 11:59:00,CE,ATM-10,13.406377,17325,24950.0,25436.55,515.0,515.0,515.0,515.0,0,1751869740
2025-07-07 12:00:00,CE,ATM-10,11.639999,17250,24950.0,25440.55,515.0,515.2,515.0,515.2,75,1751869800
2025-07-07 12:01:00,CE,ATM-10,11.639999,17250,24950.0,25440.55,515.2,515.2,515.2,515.2,0,1751869860
2025-07-07 12:02:00,CE,ATM-10,11.639999,17250,24950.0,25440.55,515.2,515.2,515.2,515.2,0,1751869920
2025-07-07 12:03:00,CE,ATM-10,11.639999,17250,24950.0,25440.55,515.2,515.2,515.2,515.2,0,1751869980
2025-07-07 12:04:00,CE,ATM-10,11.639999,17250,24950.0,25440.55,515.2,515.2,515.2,515.2,0,1751870040
2025-07-07 12:05:00,CE,ATM-10,11.639999,17250,24950.0,25440.55,515.2,515.2,515.2,515.2,0,1751870100
2025-07-07 12:06:00,CE,ATM-10,11.639999,17250,24950.0,25440.55,515.2,515.2,515.2,515.2,0,1751870160
2025-07-07 12:07:00,CE,ATM-10,11.639999,17250,24950.0,25440.55,515.2,515.2,515.2,515.2,0,1751870220
2025-07-07 12:08:00,CE,ATM-10,11.639999,17250,24950.0,25440.55,515.2,515.2,515.2,515.2,0,1751870280
2025-07-07 12:09:00,CE,ATM-10,11.639999,17250,24950.0,25440.55,515.2,515.2,515.2,515.2,0,1751870340
2025-07-07 12:10:00,CE,ATM-10,11.639999,17250,24950.0,25440.55,515.2,515.2,515.2,515.2,0,1751870400
2025-07-07 12:11:00,CE,ATM-10,11.639999,17250,24950.0,25440.55,515.2,515.2,515.2,515.2,0,1751870460
2025-07-07 12:12:00,CE,ATM-10,11.639999,17250,24950.0,25440.55,515.2,515.2,515.2,515.2,0,1751870520
2025-07-07 12:13:00,CE,ATM-10,11.639999,17250,24950.0,25440.55,515.2,515.2,515.2,515.2,0,1751870580
2025-07-07 12:14:00,CE,ATM-10,11.639999,17250,24950.0,25440.55,515.2,515.2,515.2,515.2,0,1751870640
2025-07-07 12:15:00,CE,ATM-10,10.249241,17250,24950.0,25426.45,515.2,515.2,494.9,499.5,1200,1751870700
2025-07-07 12:16:00,CE,ATM-10,10.316737,17925,24950.0,25427.35,499.5,500.45,499.5,500.45,225,1751870760
2025-07-07 12:17:00,CE,ATM-10,9.838496,82650,24900.0,25422.4,549.9,549.9,544.45,544.45,75,1751870820
2025-07-07 12:18:00,CE,ATM-10,9.838496,82650,24900.0,25422.4,544.45,544.45,544.45,544.45,0,1751870880
2025-07-07 12:19:00,CE,ATM-10,9.838496,82650,24900.0,25422.4,544.45,544.45,544.45,544.45,0,1751870940
2025-07-07 12:20:00,CE,ATM-10,9.838496,82650,24900.0,25422.4,544.45,544.45,544.45,544.45,0,1751871000
2025-07-07 12:21:00,CE,ATM-10,10.885501,17850,24950.0,25440.95,500.45,514.4,500.45,514.4,300,1751871060
2025-07-07 12:22:00,CE,ATM-10,11.557186,18150,24950.0,25441.45,515.55,515.8,515.55,515.8,225,1751871120
2025-07-07 12:23:00,CE,ATM-10,11.557186,18150,24950.0,25441.45,515.8,515.8,515.8,515.8,0,1751871180
2025-07-07 12:24:00,CE,ATM-10,11.557186,18150,24950.0,25441.45,515.8,515.8,515.8,515.8,0,1751871240
2025-07-07 12:25:00,CE,ATM-10,0.0,18300,24950.0,25450.45,515.8,521.0,515.8,521.0,600,1751871300
2025-07-07 12:26:00,CE,ATM-10,0.0,18300,24950.0,25450.45,521.0,521.0,521.0,521.0,0,1751871360
2025-07-07 12:27:00,CE,ATM-10,12.541892,18300,24950.0,25449.25,521.0,525.0,521.0,525.0,75,1751871420
2025-07-07 12:28:00,CE,ATM-10,12.886407,18000,24950.0,25447.5,525.0,525.0,524.0,524.0,75,1751871480
2025-07-07 12:29:00,CE,ATM-10,12.886407,18000,24950.0,25447.5,524.0,524.0,524.0,524.0,0,1751871540
2025-07-07 12:30:00,CE,ATM-10,11.019348,18000,24950.0,25450.65,524.0,524.0,524.0,524.0,75,1751871600
2025-07-07 12:31:00,CE,ATM-10,11.019348,18000,24950.0,25450.65,524.0,524.0,524.0,524.0,0,1751871660
2025-07-07 12:32:00,CE,ATM-10,0.0,17850,24950.0,25449.9,524.0,524.0,519.95,519.95,75,1751871720
2025-07-07 12:33:00,CE,ATM-10,0.0,17850,24950.0,25449.9,519.95,519.95,519.95,519.95,0,1751871780
2025-07-07 12:34:00,CE,ATM-10,0.0,17850,24950.0,25449.9,519.95,519.95,519.95,519.95,0,1751871840
2025-07-07 12:35:00,CE,ATM-10,0.0,17850,24950.0,25449.9,519.95,519.95,519.95,519.95,0,1751871900
2025-07-07 12:36:00,CE,ATM-10,0.0,17850,24950.0,25449.9,519.95,519.95,519.95,519.95,0,1751871960
2025-07-07 12:37:00,CE,ATM-10,0.0,17850,24950.0,25449.9,519.95,519.95,519.95,519.95,0,1751872020
2025-07-07 12:38:00,CE,ATM-10,0.0,17850,24950.0,25449.9,519.95,519.95,519.95,519.95,0,1751872080
2025-07-07 12:39:00,CE,ATM-10,0.0,17850,24950.0,25449.9,519.95,519.95,519.95,519.95,0,1751872140
2025-07-07 12:40:00,CE,ATM-10,0.0,17850,24950.0,25449.9,519.95,519.95,519.95,519.95,0,1751872200
2025-07-07 12:41:00,CE,ATM-10,0.0,17850,24950.0,25449.9,519.95,519.95,519.95,519.95,0,1751872260
2025-07-07 12:42:00,CE,ATM-10,0.0,17850,24950.0,25449.9,519.95,519.95,519.95,519.95,0,1751872320
2025-07-07 12:43:00,CE,ATM-10,0.0,17850,24950.0,25449.9,519.95,519.95,519.95,519.95,0,1751872380
2025-07-07 12:44:00,CE,ATM-10,0.0,17850,24950.0,25449.9,519.95,519.95,519.95,519.95,0,1751872440
2025-07-07 12:45:00,CE,ATM-10,11.047581,17775,24950.0,25445.6,519.95,519.95,519.0,519.0,75,1751872500
2025-07-07 12:46:00,CE,ATM-10,11.047581,17775,24950.0,25445.6,519.0,519.0,519.0,519.0,0,1751872560
2025-07-07 12:47:00,CE,ATM-10,11.047581,17775,24950.0,25445.6,519.0,519.0,519.0,519.0,0,1751872620
2025-07-07 12:48:00,CE,ATM-10,10.615645,17775,24950.0,25439.8,519.0,519.0,512.8,512.8,75,1751872680
2025-07-07 12:49:00,CE,ATM-10,10.615645,17775,24950.0,25439.8,512.8,512.8,512.8,512.8,0,1751872740
2025-07-07 12:50:00,CE,ATM-10,10.615645,17775,24950.0,25439.8,512.8,512.8,512.8,512.8,0,1751872800
2025-07-07 12:51:00,CE,ATM-10,10.615645,17775,24950.0,25439.8,512.8,512.8,512.8,512.8,0,1751872860
2025-07-07 12:52:00,CE,ATM-10,13.89625,17775,24950.0,25443.0,512.8,521.9,512.8,521.9,225,1751872920
2025-07-07 12:53:00,CE,ATM-10,13.89625,17775,24950.0,25443.0,521.9,521.9,521.9,521.9,0,1751872980
2025-07-07 12:54:00,CE,ATM-10,12.419641,17775,24950.0,25445.85,521.9,521.9,521.3,521.3,75,1751873040
2025-07-07 12:55:00,CE,ATM-10,12.419641,17775,24950.0,25445.85,521.3,521.3,521.3,521.3,0,1751873100
2025-07-07 12:56:00,CE,ATM-10,12.419641,17775,24950.0,25445.85,521.3,521.3,521.3,521.3,0,1751873160
2025-07-07 12:57:00,CE,ATM-10,12.419641,17775,24950.0,25445.85,521.3,521.3,521.3,521.3,0,1751873220
2025-07-07 12:58:00,CE,ATM-10,14.02436,17850,24950.0,25429.2,509.2,509.2,509.2,509.2,150,1751873280
2025-07-07 12:59:00,CE,ATM-10,14.02436,17850,24950.0,25429.2,509.2,509.2,509.2,509.2,0,1751873340
2025-07-07 13:00:00,CE,ATM-10,11.123532,82350,24900.0,25422.65,548.0,548.0,540.0,545.45,675,1751873400
2025-07-07 13:01:00,CE,ATM-10,11.123532,82350,24900.0,25422.65,545.45,545.45,545.45,545.45,0,1751873460
2025-07-07 13:02:00,CE,ATM-10,11.123532,82350,24900.0,25422.65,545.45,545.45,545.45,545.45,0,1751873520
2025-07-07 13:03:00,CE,ATM-10,9.34607,17850,24950.0,25431.6,497.3,503.55,497.3,503.55,150,1751873580
2025-07-07 13:04:00,CE,ATM-10,12.179205,18000,24950.0,25431.55,503.55,507.0,503.55,507.0,225,1751873640
2025-07-07 13:05:00,CE,ATM-10,12.179205,18000,24950.0,25431.55,507.0,507.0,507.0,507.0,0,1751873700
2025-07-07 13:06:00,CE,ATM-10,0.0,18000,24950.0,25434.1,507.0,507.0,504.3,504.3,150,1751873760
2025-07-07 13:07:00,CE,ATM-10,8.754647,18000,24950.0,25434.1,504.3,505.7,504.3,505.7,75,1751873820
2025-07-07 13:08:00,CE,ATM-10,12.626827,18000,24950.0,25435.65,505.7,511.8,505.7,511.8,150,1751873880
2025-07-07 13:09:00,CE,ATM-10,12.626827,18000,24950.0,25435.65,511.8,511.8,511.8,511.8,0,1751873940
2025-07-07 13:10:00,CE,ATM-10,11.753485,18075,24950.0,25442.7,511.8,517.0,511.8,517.0,75,1751874000
2025-07-07 13:11:00,CE,ATM-10,0.0,18075,24950.0,25450.7,517.0,520.0,517.0,520.0,300,1751874060
2025-07-07 13:12:00,CE,ATM-10,9.289066,18075,24950.0,25450.95,520.0,522.65,520.0,522.65,75,1751874120
2025-07-07 13:13:00,CE,ATM-10,13.817025,18075,24950.0,25446.15,524.5,524.5,524.5,524.5,75,1751874180
2025-07-07 13:14:00,CE,ATM-10,10.422564,18075,24950.0,25448.8,524.5,524.5,521.3,521.3,75,1751874240
2025-07-07 13:15:00,CE,ATM-10,10.422564,18075,24950.0,25448.8,521.3,521.3,521.3,521.3,0,1751874300
2025-07-07 13:16:00,CE,ATM-10,10.422564,18075,24950.0,25448.8,521.3,521.3,521.3,521.3,0,1751874360
2025-07-07 13:17:00,CE,ATM-10,10.422564,18075,24950.0,25448.8,521.3,521.3,521.3,521.3,0,1751874420
2025-07-07 13:18:00,CE,ATM-10,0.0,18150,24950.0,25459.0,521.3,527.8,521.3,527.8,150,1751874480
2025-07-07 13:19:00,CE,ATM-10,0.0,18150,24950.0,25459.0,527.8,527.8,527.8,527.8,0,1751874540
2025-07-07 13:20:00,CE,ATM-10,8.086367,18075,24950.0,25456.8,527.8,532.25,527.8,528.05,375,1751874600
2025-07-07 13:21:00,CE,ATM-10,8.086367,18075,24950.0,25456.8,528.05,528.05,528.05,528.05,0,1751874660
2025-07-07 13:22:00,CE,ATM-10,8.086367,18075,24950.0,25456.8,528.05,528.05,528.05,528.05,0,1751874720
2025-07-07 13:23:00,CE,ATM-10,9.274404,18075,24950.0,25455.85,528.05,528.05,527.45,527.45,150,1751874780
2025-07-07 13:24:00,CE,ATM-10,9.274404,18075,24950.0,25455.85,527.45,527.45,527.45,527.45,0,1751874840
2025-07-07 13:25:00,CE,ATM-10,9.274404,18075,24950.0,25455.85,527.45,527.45,527.45,527.45,0,1751874900
2025-07-07 13:26:00,CE,ATM-10,9.274404,18075,24950.0,25455.85,527.45,527.45,527.45,527.45,0,1751874960
2025-07-07 13:27:00,CE,ATM-10,9.274404,18075,24950.0,25455.85,527.45,527.45,527.45,527.45,0,1751875020
2025-07-07 13:28:00,CE,ATM-10,9.274404,18075,24950.0,25455.85,527.45,527.45,527.45,527.45,0,1751875080
2025-07-07 13:29:00,CE,ATM-10,9.274404,18075,24950.0,25455.85,527.45,527.45,527.45,527.45,0,1751875140
2025-07-07 13:30:00,CE,ATM-10,12.513693,18075,24950.0,25447.7,527.45,527.45,523.0,523.0,75,1751875200
2025-07-07 13:31:00,CE,ATM-10,12.513693,18075,24950.0,25447.7,523.0,523.0,523.0,523.0,0,1751875260
2025-07-07 13:32:00,CE,ATM-10,12.513693,18075,24950.0,25447.7,523.0,523.0,523.0,523.0,0,1751875320
2025-07-07 13:33:00,CE,ATM-10,12.955421,18075,24950.0,25451.25,523.0,527.25,523.0,527.25,75,1751875380
2025-07-07 13:34:00,CE,ATM-10,12.955421,18075,24950.0,25451.25,527.25,527.25,527.25,527.25,0,1751875440
2025-07-07 13:35:00,CE,ATM-10,13.699208,18075,24950.0,25452.7,527.25,530.25,527.25,530.25,75,1751875500
2025-07-07 13:36:00,CE,ATM-10,13.699208,18075,24950.0,25452.7,530.25,530.25,530.25,530.25,0,1751875560
2025-07-07 13:37:00,CE,ATM-10,13.699208,18075,24950.0,25452.7,530.25,530.25,530.25,530.25,0,1751875620
2025-07-07 13:38:00,CE,ATM-10,13.699208,18075,24950.0,25452.7,530.25,530.25,530.25,530.25,0,1751875680
2025-07-07 13:39:00,CE,ATM-10,12.650616,18075,24950.0,25450.2,530.25,530.25,525.6,525.6,225,1751875740
2025-07-07 13:40:00,CE,ATM-10,12.650616,18075,24950.0,25450.2,525.6,525.6,525.6,525.6,0,1751875800
2025-07-07 13:41:00,CE,ATM-10,12.650616,18075,24950.0,25450.2,525.6,525.6,525.6,525.6,0,1751875860
2025-07-07 13:42:00,CE,ATM-10,12.650616,18075,24950.0,25450.2,525.6,525.6,525.6,525.6,0,1751875920
2025-07-07 13:43:00,CE,ATM-10,13.064223,17850,24950.0,25447.6,525.6,525.6,523.9,523.9,75,1751875980
2025-07-07 13:44:00,CE,ATM-10,13.064223,17850,24950.0,25447.6,523.9,523.9,523.9,523.9,0,1751876040
2025-07-07 13:45:00,CE,ATM-10,13.064223,17850,24950.0,25447.6,523.9,523.9,523.9,523.9,0,1751876100
2025-07-07 13:46:00,CE,ATM-10,13.064223,17850,24950.0,25447.6,523.9,523.9,523.9,523.9,0,1751876160
2025-07-07 13:47:00,CE,ATM-10,0.0,17775,24950.0,25455.35,523.9,526.1,523.9,526.1,75,1751876220
2025-07-07 13:48:00,CE,ATM-10,0.0,17775,24950.0,25455.35,526.1,526.1,526.1,526.1,0,1751876280
2025-07-07 13:49:00,CE,ATM-10,0.0,17775,24950.0,25455.35,526.1,526.1,526.1,526.1,0,1751876340
2025-07-07 13:50:00,CE,ATM-10,0.0,17775,24950.0,25455.35,526.1,526.1,526.1,526.1,0,1751876400
2025-07-07 13:51:00,CE,ATM-10,11.630728,17775,24950.0,25453.8,526.1,527.35,526.1,527.35,75,1751876460
2025-07-07 13:52:00,CE,ATM-10,11.64421,17775,24950.0,25441.1,527.35,527.35,515.0,515.0,150,1751876520
2025-07-07 13:53:00,CE,ATM-10,0.0,17775,24950.0,25444.0,513.7,513.7,513.7,513.7,75,1751876580
2025-07-07 13:54:00,CE,ATM-10,0.0,17775,24950.0,25447.0,513.7,519.65,513.7,517.8,150,1751876640
2025-07-07 13:55:00,CE,ATM-10,0.0,17775,24950.0,25447.0,517.8,517.8,517.8,517.8,0,1751876700
2025-07-07 13:56:00,CE,ATM-10,12.598963,17625,24950.0,25452.45,517.8,530.0,517.8,527.55,150,1751876760
2025-07-07 13:57:00,CE,ATM-10,12.598963,17625,24950.0,25452.45,527.55,527.55,527.55,527.55,0,1751876820
2025-07-07 13:58:00,CE,ATM-10,12.598963,17625,24950.0,25452.45,527.55,527.55,527.55,527.55,0,1751876880
2025-07-07 13:59:00,CE,ATM-10,12.175073,17550,24950.0,25449.2,527.55,527.55,523.65,523.65,75,1751876940
2025-07-07 14:00:00,CE,ATM-10,11.839246,17550,24950.0,25449.65,523.65,523.65,523.55,523.55,75,1751877000
2025-07-07 14:01:00,CE,ATM-10,11.839246,17550,24950.0,25449.65,523.55,523.55,523.55,523.55,0,1751877060
2025-07-07 14:02:00,CE,ATM-10,11.839246,17550,24950.0,25449.65,523.55,523.55,523.55,523.55,0,1751877120
2025-07-07 14:03:00,CE,ATM-10,11.839246,17550,24950.0,25449.65,523.55,523.55,523.55,523.55,0,1751877180
2025-07-07 14:04:00,CE,ATM-10,13.709146,17475,24950.0,25463.15,523.55,540.0,523.55,540.0,75,1751877240
2025-07-07 14:05:00,CE,ATM-10,0.0,17475,24950.0,25467.2,540.0,540.0,535.7,536.15,150,1751877300
2025-07-07 14:06:00,CE,ATM-10,12.469195,17475,24950.0,25461.5,536.15,536.15,536.0,536.0,75,1751877360
2025-07-07 14:07:00,CE,ATM-10,12.469195,17475,24950.0,25461.5,536.0,536.0,536.0,536.0,0,1751877420
2025-07-07 14:08:00,CE,ATM-10,10.765146,17400,24950.0,25458.65,530.9,531.0,530.9,531.0,150,1751877480
2025-07-07 14:09:00,CE,ATM-10,10.765146,17400,24950.0,25458.65,531.0,531.0,531.0,531.0,0,1751877540
2025-07-07 14:10:00,CE,ATM-10,10.765146,17400,24950.0,25458.65,531.0,531.0,531.0,531.0,0,1751877600
2025-07-07 14:11:00,CE,ATM-10,10.765146,17400,24950.0,25458.65,531.0,531.0,531.0,531.0,0,1751877660
2025-07-07 14:12:00,CE,ATM-10,13.007737,17400,24950.0,25455.35,531.0,531.0,531.0,531.0,75,1751877720
2025-07-07 14:13:00,CE,ATM-10,13.007737,17400,24950.0,25455.35,531.0,531.0,531.0,531.0,0,1751877780
2025-07-07 14:14:00,CE,ATM-10,13.007737,17400,24950.0,25455.35,531.0,531.0,531.0,531.0,0,1751877840
2025-07-07 14:15:00,CE,ATM-10,13.007737,17400,24950.0,25455.35,531.0,531.0,531.0,531.0,0,1751877900
2025-07-07 14:16:00,CE,ATM-10,11.542793,17400,24950.0,25454.75,531.0,531.0,528.0,528.0,75,1751877960
2025-07-07 14:17:00,CE,ATM-10,11.542793,17400,24950.0,25454.75,528.0,528.0,528.0,528.0,0,1751878020
2025-07-07 14:18:00,CE,ATM-10,11.542793,17400,24950.0,25454.75,528.0,528.0,528.0,528.0,0,1751878080
2025-07-07 14:19:00,CE,ATM-10,11.542793,17400,24950.0,25454.75,528.0,528.0,528.0,528.0,0,1751878140
2025-07-07 14:20:00,CE,ATM-10,11.542793,17400,24950.0,25454.75,528.0,528.0,528.0,528.0,0,1751878200
2025-07-07 14:21:00,CE,ATM-10,12.025378,17325,24950.0,25458.2,528.0,532.0,528.0,532.0,75,1751878260
2025-07-07 14:22:00,CE,ATM-10,10.697153,17325,24950.0,25462.3,532.0,534.45,532.0,534.45,75,1751878320
2025-07-07 14:23:00,CE,ATM-10,10.697153,17325,24950.0,25462.3,534.45,534.45,534.45,534.45,0,1751878380
2025-07-07 14:24:00,CE,ATM-10,13.083733,17325,24950.0,25459.45,534.45,535.0,534.45,535.0,75,1751878440
2025-07-07 14:25:00,CE,ATM-10,13.083733,17325,24950.0,25459.45,535.0,535.0,535.0,535.0,0,1751878500
2025-07-07 14:26:00,CE,ATM-10,13.083733,17325,24950.0,25459.45,535.0,535.0,535.0,535.0,0,1751878560
2025-07-07 14:27:00,CE,ATM-10,13.083733,17325,24950.0,25459.45,535.0,535.0,535.0,535.0,0,1751878620
2025-07-07 14:28:00,CE,ATM-10,13.083733,17325,24950.0,25459.45,535.0,535.0,535.0,535.0,0,1751878680
2025-07-07 14:29:00,CE,ATM-10,13.083733,17325,24950.0,25459.45,535.0,535.0,535.0,535.0,0,1751878740
2025-07-07 14:30:00,CE,ATM-10,14.13519,17325,24950.0,25451.8,535.0,535.0,530.0,530.0,525,1751878800
2025-07-07 14:31:00,CE,ATM-10,15.654452,82350,24900.0,25420.05,576.55,576.55,551.2,551.2,75,1751878860
2025-07-07 14:32:00,CE,ATM-10,15.022947,17175,24950.0,25440.45,530.0,530.0,513.5,521.8,675,1751878920
2025-07-07 14:33:00,CE,ATM-10,14.331687,17175,24950.0,25432.75,520.0,520.0,512.55,512.55,750,1751878980
2025-07-07 14:34:00,CE,ATM-10,14.331687,17175,24950.0,25432.75,512.55,512.55,512.55,512.55,0,1751879040
2025-07-07 14:35:00,CE,ATM-10,14.331687,17175,24950.0,25432.75,512.55,512.55,512.55,512.55,0,1751879100
2025-07-07 14:36:00,CE,ATM-10,14.331687,17175,24950.0,25432.75,512.55,512.55,512.55,512.55,0,1751879160
2025-07-07 14:37:00,CE,ATM-10,14.331687,17175,24950.0,25432.75,512.55,512.55,512.55,512.55,0,1751879220
2025-07-07 14:38:00,CE,ATM-10,15.962295,16500,24950.0,25430.85,512.55,516.0,512.55,516.0,75,1751879280
2025-07-07 14:39:00,CE,ATM-10,15.962295,16500,24950.0,25430.85,516.0,516.0,516.0,516.0,0,1751879340
2025-07-07 14:40:00,CE,ATM-10,15.962295,16500,24950.0,25430.85,516.0,516.0,516.0,516.0,0,1751879400
2025-07-07 14:41:00,CE,ATM-10,15.962295,16500,24950.0,25430.85,516.0,516.0,516.0,516.0,0,1751879460
2025-07-07 14:42:00,CE,ATM-10,14.583325,16500,24950.0,25426.7,516.0,516.0,507.3,507.55,225,1751879520
2025-07-07 14:43:00,CE,ATM-10,14.583325,16500,24950.0,25426.7,507.55,507.55,507.55,507.55,0,1751879580
2025-07-07 14:44:00,CE,ATM-10,14.583325,16500,24950.0,25426.7,507.55,507.55,507.55,507.55,0,1751879640
2025-07-07 14:45:00,CE,ATM-10,14.583325,16500,24950.0,25426.7,507.55,507.55,507.55,507.55,0,1751879700
2025-07-07 14:46:00,CE,ATM-10,14.835012,16500,24950.0,25426.55,506.7,508.15,506.7,508.15,75,1751879760
2025-07-07 14:47:00,CE,ATM-10,14.680179,16500,24950.0,25425.95,507.1,507.1,507.1,507.1,75,1751879820
2025-07-07 14:48:00,CE,ATM-10,14.680179,16500,24950.0,25425.95,507.1,507.1,507.1,507.1,0,1751879880
2025-07-07 14:49:00,CE,ATM-10,17.110926,82350,24900.0,25423.55,557.0,558.95,557.0,558.95,150,1751879940
2025-07-07 14:50:00,CE,ATM-10,17.110926,82350,24900.0,25423.55,558.95,558.95,558.95,558.95,0,1751880000
2025-07-07 14:51:00,CE,ATM-10,17.110926,82350,24900.0,25423.55,558.95,558.95,558.95,558.95,0,1751880060
2025-07-07 14:52:00,CE,ATM-10,16.049553,16500,24950.0,25425.2,507.1,511.0,507.1,511.0,150,1751880120
2025-07-07 14:53:00,CE,ATM-10,16.049553,16500,24950.0,25425.2,511.0,511.0,511.0,511.0,0,1751880180
2025-07-07 14:54:00,CE,ATM-10,16.049553,16500,24950.0,25425.2,511.0,511.0,511.0,511.0,0,1751880240
2025-07-07 14:55:00,CE,ATM-10,16.049553,16500,24950.0,25425.2,511.0,511.0,511.0,511.0,0,1751880300
2025-07-07 14:56:00,CE,ATM-10,16.049553,16500,24950.0,25425.2,511.0,511.0,511.0,511.0,0,1751880360
2025-07-07 14:57:00,CE,ATM-10,16.049553,16500,24950.0,25425.2,511.0,511.0,511.0,511.0,0,1751880420
2025-07-07 14:58:00,CE,ATM-10,15.976008,16350,24950.0,25440.35,511.0,524.55,511.0,524.55,150,1751880480
2025-07-07 14:59:00,CE,ATM-10,15.976008,16350,24950.0,25440.35,524.55,524.55,524.55,524.55,0,1751880540
2025-07-07 15:00:00,CE,ATM-10,11.636785,16350,24950.0,25456.55,524.55,531.75,524.55,529.6,225,1751880600
2025-07-07 15:01:00,CE,ATM-10,0.0,16575,24950.0,25458.15,529.6,529.6,528.6,528.6,75,1751880660
2025-07-07 15:02:00,CE,ATM-10,0.0,16575,24950.0,25461.7,528.6,530.35,528.6,529.1,450,1751880720
2025-07-07 15:03:00,CE,ATM-10,0.0,16575,24950.0,25461.7,529.1,529.1,529.1,529.1,0,1751880780
2025-07-07 15:04:00,CE,ATM-10,0.0,16800,24950.0,25456.2,529.1,532.6,525.3,525.3,525,1751880840
2025-07-07 15:05:00,CE,ATM-10,0.0,16800,24950.0,25456.2,525.3,525.3,525.3,525.3,0,1751880900
2025-07-07 15:06:00,CE,ATM-10,0.0,16800,24950.0,25456.2,525.3,525.3,525.3,525.3,0,1751880960
2025-07-07 15:07:00,CE,ATM-10,0.0,16725,24950.0,25453.9,525.3,525.3,522.3,522.3,450,1751881020
2025-07-07 15:08:00,CE,ATM-10,0.0,16725,24950.0,25455.0,522.3,524.7,522.3,523.45,150,1751881080
2025-07-07 15:09:00,CE,ATM-10,0.0,16725,24950.0,25466.0,523.45,526.6,523.45,526.6,75,1751881140
2025-07-07 15:10:00,CE,ATM-10,0.0,16725,24950.0,25462.8,526.6,530.05,526.6,530.05,225,1751881200
2025-07-07 15:11:00,CE,ATM-10,0.0,16050,24950.0,25457.75,530.05,530.05,528.2,528.2,75,1751881260
2025-07-07 15:12:00,CE,ATM-10,0.0,16050,24950.0,25460.55,528.2,528.2,525.4,525.4,75,1751881320
2025-07-07 15:13:00,CE,ATM-10,0.0,16050,24950.0,25460.55,525.4,525.4,525.4,525.4,0,1751881380
2025-07-07 15:14:00,CE,ATM-10,0.0,16050,24950.0,25460.55,525.4,525.4,525.4,525.4,0,1751881440
2025-07-07 15:15:00,CE,ATM-10,0.0,16050,24950.0,25460.1,525.4,526.0,525.4,526.0,75,1751881500
2025-07-07 15:16:00,CE,ATM-10,0.0,16050,24950.0,25458.8,526.0,526.1,524.4,524.4,150,1751881560
2025-07-07 15:17:00,CE,ATM-10,0.0,16050,24950.0,25458.8,524.4,524.4,524.4,524.4,0,1751881620
2025-07-07 15:18:00,CE,ATM-10,0.0,16050,24950.0,25458.8,524.4,524.4,524.4,524.4,0,1751881680
2025-07-07 15:19:00,CE,ATM-10,0.0,16050,24950.0,25458.8,524.4,524.4,524.4,524.4,0,1751881740
2025-07-07 15:20:00,CE,ATM-10,0.0,16050,24950.0,25458.8,524.4,524.4,524.4,524.4,0,1751881800
2025-07-07 15:21:00,CE,ATM-10,0.0,16125,24950.0,25463.1,524.4,529.0,524.4,529.0,750,1751881860
2025-07-07 15:22:00,CE,ATM-10,0.0,16050,24950.0,25464.0,529.0,529.0,526.85,526.85,1875,1751881920
2025-07-07 15:23:00,CE,ATM-10,0.0,16050,24950.0,25464.0,526.85,526.85,526.85,526.85,0,1751881980
2025-07-07 15:24:00,CE,ATM-10,0.0,16050,24950.0,25463.0,526.85,530.8,526.85,530.8,150,1751882040
2025-07-07 15:25:00,CE,ATM-10,0.0,15150,24950.0,25467.5,530.8,530.8,529.3,529.3,450,1751882100
2025-07-07 15:26:00,CE,ATM-10,0.0,15150,24950.0,25470.35,529.3,532.0,529.3,531.95,375,1751882160
2025-07-07 15:27:00,CE,ATM-10,0.0,15150,24950.0,25467.45,531.95,532.0,530.55,530.55,150,1751882220
2025-07-07 15:28:00,CE,ATM-10,0.0,15150,24950.0,25467.45,530.55,530.55,530.55,530.55,0,1751882280
2025-07-07 15:29:00,CE,ATM-10,0.0,15150,24950.0,25467.45,530.55,530.55,530.55,530.55,0,1751882340
2025-07-08 09:19:00,CE,ATM-10,0.0,15075,24950.0,25457.15,512.4,512.4,509.5,509.5,150,1751946540
2025-07-08 09:20:00,CE,ATM-10,0.0,15075,24950.0,25465.85,509.5,522.1,509.5,522.1,1425,1751946600
2025-07-08 09:21:00,CE,ATM-10,0.0,498075,25000.0,25476.1,475.0,491.0,471.15,491.0,15450,1751946660
2025-07-08 09:22:00,CE,ATM-10,11.996818,498075,25000.0,25480.6,489.65,502.15,484.9,497.65,16800,1751946720
2025-07-08 09:23:00,CE,ATM-10,0.0,498075,25000.0,25480.65,493.5,494.0,488.3,494.0,10575,1751946780
2025-07-08 09:24:00,CE,ATM-10,11.393246,498375,25000.0,25484.45,494.0,500.95,493.2,500.95,13575,1751946840
2025-07-08 09:25:00,CE,ATM-10,11.155776,498375,25000.0,25483.6,502.0,502.8,498.15,499.95,5250,1751946900
2025-07-08 09:26:00,CE,ATM-10,11.967222,498375,25000.0,25486.2,499.95,505.0,497.75,503.1,5250,1751946960
2025-07-08 09:27:00,CE,ATM-10,14.401264,495450,25000.0,25485.05,503.1,508.75,499.0,505.05,6750,1751947020
2025-07-08 09:28:00,CE,ATM-10,12.713494,495450,25000.0,25480.2,504.85,504.85,494.05,497.95,12450,1751947080
2025-07-08 09:29:00,CE,ATM-10,12.713494,495450,25000.0,25480.2,497.95,497.95,497.95,497.95,0,1751947140
2025-07-08 09:30:00,CE,ATM-10,14.274109,488400,25000.0,25493.55,494.5,513.0,493.55,513.0,14325,1751947200
2025-07-08 09:31:00,CE,ATM-10,11.723701,488400,25000.0,25478.2,512.55,512.55,495.0,495.0,8550,1751947260
2025-07-08 09:32:00,CE,ATM-10,0.0,17700,24950.0,25473.15,552.75,552.75,535.0,535.0,150,1751947320
2025-07-08 09:33:00,CE,ATM-10,0.0,17700,24950.0,25473.15,535.0,535.0,535.0,535.0,0,1751947380
2025-07-08 09:34:00,CE,ATM-10,0.0,17700,24950.0,25473.15,535.0,535.0,535.0,535.0,0,1751947440
2025-07-08 09:35:00,CE,ATM-10,0.0,17700,24950.0,25473.15,535.0,535.0,535.0,535.0,0,1751947500
2025-07-08 09:36:00,CE,ATM-10,0.0,17700,24950.0,25473.15,535.0,535.0,535.0,535.0,0,1751947560
2025-07-08 09:37:00,CE,ATM-10,0.0,17700,24950.0,25473.15,535.0,535.0,535.0,535.0,0,1751947620
2025-07-08 09:38:00,CE,ATM-10,10.493457,17625,24950.0,25471.95,535.0,538.8,533.15,537.6,2550,1751947680
2025-07-08 09:39:00,CE,ATM-10,0.0,17625,24950.0,25470.9,537.6,537.6,535.0,535.0,1800,1751947740
2025-07-08 09:40:00,CE,ATM-10,13.882825,490125,25000.0,25478.3,492.1,501.0,490.15,497.6,13800,1751947800
2025-07-08 09:41:00,CE,ATM-10,12.339345,490125,25000.0,25480.75,497.6,504.0,496.6,498.0,4800,1751947860
2025-07-08 09:42:00,CE,ATM-10,10.398286,481050,25000.0,25479.15,498.0,500.4,495.05,495.05,3675,1751947920
2025-07-08 09:43:00,CE,ATM-10,14.486647,481050,25000.0,25479.2,495.05,499.45,494.5,499.45,2025,1751947980
2025-07-08 09:44:00,CE,ATM-10,17.685603,16950,24950.0,25471.55,546.25,546.25,546.25,546.25,150,1751948040
2025-07-08 09:45:00,CE,ATM-10,11.547093,17100,24950.0,25473.05,546.25,546.25,529.5,539.05,150,1751948100
2025-07-08 09:46:00,CE,ATM-10,12.404427,486450,25000.0,25482.3,491.9,500.7,491.9,499.55,5250,1751948160
2025-07-08 09:47:00,CE,ATM-10,11.620724,486450,25000.0,25476.25,498.9,501.35,492.9,492.9,5100,1751948220
2025-07-08 09:48:00,CE,ATM-10,12.663883,488175,25000.0,25478.4,494.1,496.05,490.55,496.0,3225,1751948280
2025-07-08 09:49:00,CE,ATM-10,11.985366,488175,25000.0,25478.9,496.0,496.4,492.6,495.8,1500,1751948340
2025-07-08 09:50:00,CE,ATM-10,0.0,488175,25000.0,25483.0,495.8,497.85,495.5,497.85,300,1751948400
2025-07-08 09:51:00,CE,ATM-10,0.0,489600,25000.0,25483.65,497.85,499.15,496.0,496.3,975,1751948460
2025-07-08 09:52:00,CE,ATM-10,0.0,489600,25000.0,25483.65,496.3,496.3,496.3,496.3,0,1751948520
2025-07-08 09:53:00,CE,ATM-10,0.0,17400,24950.0,25471.7,547.2,547.2,532.5,532.5,150,1751948580
2025-07-08 09:54:00,CE,ATM-10,0.0,17400,24950.0,25471.7,532.5,532.5,532.5,532.5,0,1751948640
2025-07-08 09:55:00,CE,ATM-10,0.0,17550,24950.0,25466.6,532.5,532.5,531.25,531.25,75,1751948700
2025-07-08 09:56:00,CE,ATM-10,0.0,17550,24950.0,25466.6,531.25,531.25,531.25,531.25,0,1751948760
2025-07-08 09:57:00,CE,ATM-10,14.499999,17550,24950.0,25469.35,531.25,538.0,531.25,538.0,75,1751948820
2025-07-08 09:58:00,CE,ATM-10,14.72874,17625,24950.0,25460.75,538.0,538.0,527.95,530.0,225,1751948880
2025-07-08 09:59:00,CE,ATM-10,16.837429,17625,24950.0,25458.05,530.0,531.4,528.9,531.4,600,1751948940
2025-07-08 10:00:00,CE,ATM-10,14.035784,18000,24950.0,25449.35,531.4,531.4,508.4,517.95,5775,1751949000
2025-07-08 10:01:00,CE,ATM-10,0.0,18000,24950.0,25462.3,517.95,523.35,517.95,523.35,600,1751949060
2025-07-08 10:02:00,CE,ATM-10,0.0,18000,24950.0,25462.3,523.35,523.35,523.35,523.35,0,1751949120
2025-07-08 10:03:00,CE,ATM-10,14.38434,18000,24950.0,25454.75,523.35,523.65,523.35,523.65,75,1751949180
2025-07-08 10:04:00,CE,ATM-10,14.38434,18000,24950.0,25454.75,523.65,523.65,523.65,523.65,0,1751949240
2025-07-08 10:05:00,CE,ATM-10,14.38434,18000,24950.0,25454.75,523.65,523.65,523.65,523.65,0,1751949300
2025-07-08 10:06:00,CE,ATM-10,15.425595,18000,24950.0,25454.1,523.65,524.7,520.0,524.7,600,1751949360
2025-07-08 10:07:00,CE,ATM-10,17.285621,18000,24950.0,25450.2,524.7,525.0,524.7,525.0,525,1751949420
2025-07-08 10:08:00,CE,ATM-10,14.147858,18000,24950.0,25452.4,525.0,525.0,521.0,521.0,75,1751949480
2025-07-08 10:09:00,CE,ATM-10,14.147858,18000,24950.0,25452.4,521.0,521.0,521.0,521.0,0,1751949540
2025-07-08 10:10:00,CE,ATM-10,14.147858,18000,24950.0,25452.4,521.0,521.0,521.0,521.0,0,1751949600
2025-07-08 10:11:00,CE,ATM-10,14.147858,18000,24950.0,25452.4,521.0,521.0,521.0,521.0,0,1751949660
2025-07-08 10:12:00,CE,ATM-10,14.147858,18000,24950.0,25452.4,521.0,521.0,521.0,521.0,0,1751949720
2025-07-08 10:13:00,CE,ATM-10,15.507539,18525,24950.0,25443.85,521.0,521.0,515.0,515.0,300,1751949780
2025-07-08 10:14:00,CE,ATM-10,15.297381,18525,24950.0,25448.2,515.0,518.75,515.0,518.75,75,1751949840
2025-07-08 10:15:00,CE,ATM-10,15.297381,18525,24950.0,25448.2,518.75,518.75,518.75,518.75,0,1751949900
2025-07-08 10:16:00,CE,ATM-10,15.297381,18525,24950.0,25448.2,518.75,518.75,518.75,518.75,0,1751949960
2025-07-08 10:17:00,CE,ATM-10,15.297381,18525,24950.0,25448.2,518.75,518.75,518.75,518.75,0,1751950020
2025-07-08 10:18:00,CE,ATM-10,15.297381,18525,24950.0,25448.2,518.75,518.75,518.75,518.75,0,1751950080
2025-07-08 10:19:00,CE,ATM-10,16.154608,18450,24950.0,25459.95,518.75,531.55,518.75,531.55,75,1751950140
2025-07-08 10:20:00,CE,ATM-10,14.607382,18450,24950.0,25459.05,531.55,531.55,528.0,528.0,75,1751950200
2025-07-08 10:21:00,CE,ATM-10,14.607382,18450,24950.0,25459.05,528.0,528.0,528.0,528.0,0,1751950260
2025-07-08 10:22:00,CE,ATM-10,14.607382,18450,24950.0,25459.05,528.0,528.0,528.0,528.0,0,1751950320
2025-07-08 10:23:00,CE,ATM-10,14.607382,18450,24950.0,25459.05,528.0,528.0,528.0,528.0,0,1751950380
2025-07-08 10:24:00,CE,ATM-10,14.607382,18450,24950.0,25459.05,528.0,528.0,528.0,528.0,0,1751950440
2025-07-08 10:25:00,CE,ATM-10,14.607382,18450,24950.0,25459.05,528.0,528.0,528.0,528.0,0,1751950500
2025-07-08 10:26:00,CE,ATM-10,14.607382,18450,24950.0,25459.05,528.0,528.0,528.0,528.0,0,1751950560
2025-07-08 10:27:00,CE,ATM-10,14.607382,18450,24950.0,25459.05,528.0,528.0,528.0,528.0,0,1751950620
2025-07-08 10:28:00,CE,ATM-10,14.607382,18450,24950.0,25459.05,528.0,528.0,528.0,528.0,0,1751950680
2025-07-08 10:29:00,CE,ATM-10,14.607382,18450,24950.0,25459.05,528.0,528.0,528.0,528.0,0,1751950740
2025-07-08 10:30:00,CE,ATM-10,14.607382,18450,24950.0,25459.05,528.0,528.0,528.0,528.0,0,1751950800
2025-07-08 10:31:00,CE,ATM-10,0.0,18525,24950.0,25441.65,528.0,528.0,503.8,504.2,3900,1751950860
2025-07-08 10:32:00,CE,ATM-10,15.003733,18525,24950.0,25443.9,504.2,514.8,504.2,513.95,3600,1751950920
2025-07-08 10:33:00,CE,ATM-10,15.003733,18525,24950.0,25443.9,513.95,513.95,513.95,513.95,0,1751950980
2025-07-08 10:34:00,CE,ATM-10,10.672518,18900,24950.0,25448.4,513.95,513.95,513.95,513.95,75,1751951040
2025-07-08 10:35:00,CE,ATM-10,15.718631,18900,24950.0,25452.55,513.95,523.5,513.95,523.5,75,1751951100
2025-07-08 10:36:00,CE,ATM-10,15.113124,18900,24950.0,25451.4,523.5,523.5,521.3,521.3,75,1751951160
2025-07-08 10:37:00,CE,ATM-10,14.001605,18825,24950.0,25451.8,521.3,521.3,520.0,520.0,75,1751951220
2025-07-08 10:38:00,CE,ATM-10,17.482784,18825,24950.0,25451.65,520.0,526.5,520.0,526.5,75,1751951280
2025-07-08 10:39:00,CE,ATM-10,17.482784,18825,24950.0,25451.65,526.5,526.5,526.5,526.5,0,1751951340
2025-07-08 10:40:00,CE,ATM-10,17.482784,18825,24950.0,25451.65,526.5,526.5,526.5,526.5,0,1751951400
2025-07-08 10:41:00,CE,ATM-10,17.482784,18825,24950.0,25451.65,526.5,526.5,526.5,526.5,0,1751951460
2025-07-08 10:42:00,CE,ATM-10,14.53413,18825,24950.0,25452.1,526.5,526.5,521.0,521.0,225,1751951520
2025-07-08 10:43:00,CE,ATM-10,14.53413,18825,24950.0,25452.1,521.0,521.0,521.0,521.0,0,1751951580
2025-07-08 10:44:00,CE,ATM-10,14.53413,18825,24950.0,25452.1,521.0,521.0,521.0,521.0,0,1751951640
2025-07-08 10:45:00,CE,ATM-10,14.53413,18825,24950.0,25452.1,521.0,521.0,521.0,521.0,0,1751951700
2025-07-08 10:46:00,CE,ATM-10,14.53413,18825,24950.0,25452.1,521.0,521.0,521.0,521.0,0,1751951760
2025-07-08 10:47:00,CE,ATM-10,17.240846,18825,24950.0,25442.3,521.0,521.0,515.0,517.05,225,1751951820
2025-07-08 10:48:00,CE,ATM-10,17.240846,18825,24950.0,25442.3,517.05,517.05,517.05,517.05,0,1751951880
2025-07-08 10:49:00,CE,ATM-10,18.099221,18825,24950.0,25435.05,512.6,512.6,512.6,512.6,75,1751951940
2025-07-08 10:50:00,CE,ATM-10,18.047025,18825,24950.0,25439.5,512.6,516.55,512.6,516.55,75,1751952000
2025-07-08 10:51:00,CE,ATM-10,18.047025,18825,24950.0,25439.5,516.55,516.55,516.55,516.55,0,1751952060
2025-07-08 10:52:00,CE,ATM-10,18.047025,18825,24950.0,25439.5,516.55,516.55,516.55,516.55,0,1751952120
2025-07-08 10:53:00,CE,ATM-10,15.611843,18750,24950.0,25442.4,516.55,516.55,513.45,513.45,150,1751952180
2025-07-08 10:54:00,CE,ATM-10,15.611843,18750,24950.0,25442.4,513.45,513.45,513.45,513.45,0,1751952240
2025-07-08 10:55:00,CE,ATM-10,15.611843,18750,24950.0,25442.4,513.45,513.45,513.45,513.45,0,1751952300
2025-07-08 10:56:00,CE,ATM-10,15.611843,18750,24950.0,25442.4,513.45,513.45,513.45,513.45,0,1751952360
2025-07-08 10:57:00,CE,ATM-10,18.069369,18825,24950.0,25445.25,521.75,521.85,521.75,521.85,450,1751952420
2025-07-08 10:58:00,CE,ATM-10,18.069369,18825,24950.0,25445.25,521.85,521.85,521.85,521.85,0,1751952480
2025-07-08 10:59:00,CE,ATM-10,18.069369,18825,24950.0,25445.25,521.85,521.85,521.85,521.85,0,1751952540
2025-07-08 11:00:00,CE,ATM-10,18.491516,18900,24950.0,25447.75,525.3,525.3,525.3,525.3,75,1751952600
2025-07-08 11:01:00,CE,ATM-10,18.491516,18900,24950.0,25447.75,525.3,525.3,525.3,525.3,0,1751952660
2025-07-08 11:02:00,CE,ATM-10,17.202302,18900,24950.0,25441.3,525.3,525.3,515.85,515.85,150,1751952720
2025-07-08 11:03:00,CE,ATM-10,18.14485,18675,24950.0,25437.7,515.5,516.65,513.55,515.0,750,1751952780
2025-07-08 11:04:00,CE,ATM-10,18.18845,18675,24950.0,25436.55,514.4,515.0,514.05,514.05,225,1751952840
2025-07-08 11:05:00,CE,ATM-10,18.18845,18675,24950.0,25436.55,514.05,514.05,514.05,514.05,0,1751952900
2025-07-08 11:06:00,CE,ATM-10,18.18845,18675,24950.0,25436.55,514.05,514.05,514.05,514.05,0,1751952960
2025-07-08 11:07:00,CE,ATM-10,18.18845,18675,24950.0,25436.55,514.05,514.05,514.05,514.05,0,1751953020
2025-07-08 11:08:00,CE,ATM-10,17.49716,18675,24950.0,25435.9,511.5,511.5,511.5,511.5,75,1751953080
2025-07-08 11:09:00,CE,ATM-10,19.215953,18675,24950.0,25431.85,511.5,512.8,511.5,512.8,75,1751953140
2025-07-08 11:10:00,CE,ATM-10,16.222861,18675,24950.0,25437.5,508.9,509.9,508.9,509.9,525,1751953200
2025-07-08 11:11:00,CE,ATM-10,16.222861,18675,24950.0,25437.5,509.9,509.9,509.9,509.9,0,1751953260
2025-07-08 11:12:00,CE,ATM-10,18.459524,18675,24950.0,25438.2,516.3,516.3,516.25,516.25,450,1751953320
2025-07-08 11:13:00,CE,ATM-10,18.066891,18600,24950.0,25435.8,516.25,516.25,512.9,512.9,300,1751953380
2025-07-08 11:14:00,CE,ATM-10,18.066891,18600,24950.0,25435.8,512.9,512.9,512.9,512.9,0,1751953440
2025-07-08 11:15:00,CE,ATM-10,18.066891,18600,24950.0,25435.8,512.9,512.9,512.9,512.9,0,1751953500
2025-07-08 11:16:00,CE,ATM-10,17.941746,18525,24950.0,25438.0,512.9,514.55,512.9,514.55,75,1751953560
2025-07-08 11:17:00,CE,ATM-10,18.460999,18525,24950.0,25438.7,514.55,516.65,514.55,516.65,375,1751953620
2025-07-08 11:18:00,CE,ATM-10,19.374457,18525,24950.0,25434.95,516.65,516.65,516.0,516.0,300,1751953680
2025-07-08 11:19:00,CE,ATM-10,17.103446,18525,24950.0,25437.65,512.0,512.0,512.0,512.0,75,1751953740
2025-07-08 11:20:00,CE,ATM-10,17.103446,18525,24950.0,25437.65,512.0,512.0,512.0,512.0,0,1751953800
2025-07-08 11:21:00,CE,ATM-10,17.103446,18525,24950.0,25437.65,512.0,512.0,512.0,512.0,0,1751953860
2025-07-08 11:22:00,CE,ATM-10,17.103446,18525,24950.0,25437.65,512.0,512.0,512.0,512.0,0,1751953920
2025-07-08 11:23:00,CE,ATM-10,18.005839,18525,24950.0,25435.2,512.0,512.05,508.25,512.05,825,1751953980
2025-07-08 11:24:00,CE,ATM-10,18.270338,18525,24950.0,25433.75,512.05,512.05,511.45,511.45,150,1751954040
2025-07-08 11:25:00,CE,ATM-10,18.602723,18675,24950.0,25436.35,511.45,514.8,511.45,514.8,75,1751954100
2025-07-08 11:26:00,CE,ATM-10,18.602723,18675,24950.0,25436.35,514.8,514.8,514.8,514.8,0,1751954160
2025-07-08 11:27:00,CE,ATM-10,19.219434,18675,24950.0,25439.25,514.8,519.3,514.8,519.3,1575,1751954220
2025-07-08 11:28:00,CE,ATM-10,18.41832,18825,24950.0,25439.15,519.3,519.3,516.8,516.8,300,1751954280
2025-07-08 11:29:00,CE,ATM-10,13.223572,18825,24950.0,25445.95,514.9,514.9,513.0,513.0,450,1751954340
2025-07-08 11:30:00,CE,ATM-10,0.0,18825,24950.0,25454.25,513.0,517.75,513.0,517.75,300,1751954400
2025-07-08 11:31:00,CE,ATM-10,15.821922,18750,24950.0,25450.95,521.65,521.65,521.65,521.65,75,1751954460
2025-07-08 11:32:00,CE,ATM-10,11.384005,18750,24950.0,25448.55,521.65,521.65,514.1,514.1,75,1751954520
2025-07-08 11:33:00,CE,ATM-10,11.384005,18750,24950.0,25448.55,514.1,514.1,514.1,514.1,0,1751954580
2025-07-08 11:34:00,CE,ATM-10,11.384005,18750,24950.0,25448.55,514.1,514.1,514.1,514.1,0,1751954640
2025-07-08 11:35:00,CE,ATM-10,15.848517,18675,24950.0,25444.85,518.0,518.0,515.85,515.85,150,1751954700
2025-07-08 11:36:00,CE,ATM-10,15.848517,18675,24950.0,25444.85,515.85,515.85,515.85,515.85,0,1751954760
2025-07-08 11:37:00,CE,ATM-10,16.463343,18750,24950.0,25441.15,515.85,515.85,513.6,513.6,300,1751954820
2025-07-08 11:38:00,CE,ATM-10,15.075215,18750,24950.0,25442.7,513.6,513.6,512.35,512.35,75,1751954880
2025-07-08 11:39:00,CE,ATM-10,15.075215,18750,24950.0,25442.7,512.35,512.35,512.35,512.35,0,1751954940
2025-07-08 11:40:00,CE,ATM-10,16.141353,18675,24950.0,25440.75,512.35,512.5,512.35,512.5,75,1751955000
2025-07-08 11:41:00,CE,ATM-10,16.141353,18675,24950.0,25440.75,512.5,512.5,512.5,512.5,0,1751955060
2025-07-08 11:42:00,CE,ATM-10,15.626284,18675,24950.0,25437.55,512.5,512.5,508.4,508.4,150,1751955120
2025-07-08 11:43:00,CE,ATM-10,15.626284,18675,24950.0,25437.55,508.4,508.4,508.4,508.4,0,1751955180
2025-07-08 11:44:00,CE,ATM-10,15.626284,18675,24950.0,25437.55,508.4,508.4,508.4,508.4,0,1751955240
2025-07-08 11:45:00,CE,ATM-10,15.626284,18675,24950.0,25437.55,508.4,508.4,508.4,508.4,0,1751955300
2025-07-08 11:46:00,CE,ATM-10,16.804099,18750,24950.0,25434.9,508.4,508.4,508.4,508.4,300,1751955360
2025-07-08 11:47:00,CE,ATM-10,16.804099,18750,24950.0,25434.9,508.4,508.4,508.4,508.4,0,1751955420
2025-07-08 11:48:00,CE,ATM-10,16.804099,18750,24950.0,25434.9,508.4,508.4,508.4,508.4,0,1751955480
2025-07-08 11:49:00,CE,ATM-10,16.281234,18600,24950.0,25440.85,508.4,512.8,508.4,512.8,75,1751955540
2025-07-08 11:50:00,CE,ATM-10,15.713449,18600,24950.0,25437.45,511.7,511.7,508.4,508.4,375,1751955600
2025-07-08 11:51:00,CE,ATM-10,13.397979,18600,24950.0,25445.4,508.4,512.5,508.4,512.5,75,1751955660
2025-07-08 11:52:00,CE,ATM-10,16.43489,18600,24950.0,25443.6,512.5,515.7,512.5,515.7,150,1751955720
2025-07-08 11:53:00,CE,ATM-10,16.43489,18600,24950.0,25443.6,515.7,515.7,515.7,515.7,0,1751955780
2025-07-08 11:54:00,CE,ATM-10,16.43489,18600,24950.0,25443.6,515.7,515.7,515.7,515.7,0,1751955840
2025-07-08 11:55:00,CE,ATM-10,16.43489,18600,24950.0,25443.6,515.7,515.7,515.7,515.7,0,1751955900
2025-07-08 11:56:00,CE,ATM-10,16.43489,18600,24950.0,25443.6,515.7,515.7,515.7,515.7,0,1751955960
2025-07-08 11:57:00,CE,ATM-10,16.43489,18600,24950.0,25443.6,515.7,515.7,515.7,515.7,0,1751956020
2025-07-08 11:58:00,CE,ATM-10,13.851467,18450,24950.0,25448.5,515.7,516.0,515.7,516.0,75,1751956080
2025-07-08 11:59:00,CE,ATM-10,15.546219,18450,24950.0,25449.55,516.0,519.55,516.0,519.55,150,1751956140
2025-07-08 12:00:00,CE,ATM-10,13.971357,18450,24950.0,25447.95,515.6,515.6,515.6,515.6,75,1751956200
2025-07-08 12:01:00,CE,ATM-10,13.971357,18450,24950.0,25447.95,515.6,515.6,515.6,515.6,0,1751956260
2025-07-08 12:02:00,CE,ATM-10,13.971357,18450,24950.0,25447.95,515.6,515.6,515.6,515.6,0,1751956320
2025-07-08 12:03:00,CE,ATM-10,13.971357,18450,24950.0,25447.95,515.6,515.6,515.6,515.6,0,1751956380
2025-07-08 12:04:00,CE,ATM-10,13.971357,18450,24950.0,25447.95,515.6,515.6,515.6,515.6,0,1751956440
2025-07-08 12:05:00,CE,ATM-10,13.971357,18450,24950.0,25447.95,515.6,515.6,515.6,515.6,0,1751956500
2025-07-08 12:06:00,CE,ATM-10,0.0,18450,24950.0,25454.15,515.6,518.05,515.6,518.05,150,1751956560
2025-07-08 12:07:00,CE,ATM-10,0.0,18450,24950.0,25454.15,518.05,518.05,518.05,518.05,0,1751956620
2025-07-08 12:08:00,CE,ATM-10,0.0,18450,24950.0,25454.15,518.05,518.05,518.05,518.05,0,1751956680
2025-07-08 12:09:00,CE,ATM-10,0.0,18450,24950.0,25454.15,518.05,518.05,518.05,518.05,0,1751956740
2025-07-08 12:10:00,CE,ATM-10,13.332425,18525,24950.0,25456.45,518.05,523.1,518.05,523.1,75,1751956800
2025-07-08 12:11:00,CE,ATM-10,13.332425,18525,24950.0,25456.45,523.1,523.1,523.1,523.1,0,1751956860
2025-07-08 12:12:00,CE,ATM-10,13.332425,18525,24950.0,25456.45,523.1,523.1,523.1,523.1,0,1751956920
2025-07-08 12:13:00,CE,ATM-10,13.332425,18525,24950.0,25456.45,523.1,523.1,523.1,523.1,0,1751956980
2025-07-08 12:14:00,CE,ATM-10,13.332425,18525,24950.0,25456.45,523.1,523.1,523.1,523.1,0,1751957040
2025-07-08 12:15:00,CE,ATM-10,13.332425,18525,24950.0,25456.45,523.1,523.1,523.1,523.1,0,1751957100
2025-07-08 12:16:00,CE,ATM-10,13.332425,18525,24950.0,25456.45,523.1,523.1,523.1,523.1,0,1751957160
2025-07-08 12:17:00,CE,ATM-10,15.3291,18525,24950.0,25452.4,523.1,523.1,521.75,521.75,75,1751957220
2025-07-08 12:18:00,CE,ATM-10,15.217139,19050,24950.0,25452.6,521.75,521.75,521.75,521.75,1575,1751957280
2025-07-08 12:19:00,CE,ATM-10,15.217139,19050,24950.0,25452.6,521.75,521.75,521.75,521.75,0,1751957340
2025-07-08 12:20:00,CE,ATM-10,15.217139,19050,24950.0,25452.6,521.75,521.75,521.75,521.75,0,1751957400
2025-07-08 12:21:00,CE,ATM-10,15.217139,19050,24950.0,25452.6,521.75,521.75,521.75,521.75,0,1751957460
2025-07-08 12:22:00,CE,ATM-10,15.217139,19050,24950.0,25452.6,521.75,521.75,521.75,521.75,0,1751957520
2025-07-08 12:23:00,CE,ATM-10,16.383941,19050,24950.0,25457.0,521.75,528.0,521.75,528.0,675,1751957580
2025-07-08 12:24:00,CE,ATM-10,16.383941,19050,24950.0,25457.0,528.0,528.0,528.0,528.0,0,1751957640
2025-07-08 12:25:00,CE,ATM-10,13.964902,19050,24950.0,25465.55,528.0,532.55,528.0,532.55,75,1751957700
2025-07-08 12:26:00,CE,ATM-10,16.215699,19050,24950.0,25466.9,532.55,537.1,530.2,537.1,375,1751957760
2025-07-08 12:27:00,CE,ATM-10,15.567634,19050,24950.0,25468.05,537.1,537.1,537.1,537.1,525,1751957820
2025-07-08 12:28:00,CE,ATM-10,15.567634,19050,24950.0,25468.05,537.1,537.1,537.1,537.1,0,1751957880
2025-07-08 12:29:00,CE,ATM-10,15.567634,19050,24950.0,25468.05,537.1,537.1,537.1,537.1,0,1751957940
2025-07-08 12:30:00,CE,ATM-10,15.567634,19050,24950.0,25468.05,537.1,537.1,537.1,537.1,0,1751958000
2025-07-08 12:31:00,CE,ATM-10,15.567634,19050,24950.0,25468.05,537.1,537.1,537.1,537.1,0,1751958060
2025-07-08 12:32:00,CE,ATM-10,0.0,19125,24950.0,25473.05,537.1,537.1,535.95,535.95,1125,1751958120
2025-07-08 12:33:00,CE,ATM-10,14.220359,19125,24950.0,25474.85,535.95,541.85,535.95,541.85,225,1751958180
2025-07-08 12:34:00,CE,ATM-10,13.275036,19125,24950.0,25474.25,541.85,543.0,540.35,540.35,300,1751958240
2025-07-08 12:35:00,CE,ATM-10,13.523238,442500,25000.0,25476.35,491.75,495.0,491.75,493.85,4200,1751958300
2025-07-08 12:36:00,CE,ATM-10,14.623002,19125,24950.0,25472.75,541.3,541.3,540.25,540.25,75,1751958360
2025-07-08 12:37:00,CE,ATM-10,13.54384,435825,25000.0,25476.75,491.85,496.8,491.85,494.25,3000,1751958420
2025-07-08 12:38:00,CE,ATM-10,13.54384,435825,25000.0,25476.75,494.25,494.25,494.25,494.25,0,1751958480
2025-07-08 12:39:00,CE,ATM-10,13.54384,435825,25000.0,25476.75,494.25,494.25,494.25,494.25,0,1751958540
2025-07-08 12:40:00,CE,ATM-10,13.54384,435825,25000.0,25476.75,494.25,494.25,494.25,494.25,0,1751958600
2025-07-08 12:41:00,CE,ATM-10,20.309744,18900,24950.0,25443.7,532.45,532.45,525.7,525.75,225,1751958660
2025-07-08 12:42:00,CE,ATM-10,0.0,18900,24950.0,25467.85,525.75,525.75,525.55,525.55,75,1751958720
2025-07-08 12:43:00,CE,ATM-10,0.0,18900,24950.0,25467.85,525.55,525.55,525.55,525.55,0,1751958780
2025-07-08 12:44:00,CE,ATM-10,0.0,18900,24950.0,25467.85,525.55,525.55,525.55,525.55,0,1751958840
2025-07-08 12:45:00,CE,ATM-10,0.0,18900,24950.0,25467.85,525.55,525.55,525.55,525.55,0,1751958900
2025-07-08 12:46:00,CE,ATM-10,0.0,18900,24950.0,25467.85,525.55,525.55,525.55,525.55,0,1751958960
2025-07-08 12:47:00,CE,ATM-10,0.0,18900,24950.0,25467.85,525.55,525.55,525.55,525.55,0,1751959020
2025-07-08 12:48:00,CE,ATM-10,0.0,18900,24950.0,25467.85,525.55,525.55,525.55,525.55,0,1751959080
2025-07-08 12:49:00,CE,ATM-10,0.0,18900,24950.0,25467.85,525.55,525.55,525.55,525.55,0,1751959140
2025-07-08 12:50:00,CE,ATM-10,11.167673,18975,24950.0,25471.6,525.55,536.85,525.55,536.45,150,1751959200
2025-07-08 12:51:00,CE,ATM-10,13.97798,18975,24950.0,25471.15,536.45,537.85,536.45,537.85,225,1751959260
2025-07-08 12:52:00,CE,ATM-10,13.696836,433050,25000.0,25476.35,491.65,494.5,491.65,493.95,2025,1751959320
2025-07-08 12:53:00,CE,ATM-10,13.696836,433050,25000.0,25476.35,493.95,493.95,493.95,493.95,0,1751959380
2025-07-08 12:54:00,CE,ATM-10,13.405788,18975,24950.0,25473.1,537.85,539.2,537.85,539.2,75,1751959440
2025-07-08 12:55:00,CE,ATM-10,12.898524,430800,25000.0,25475.05,492.85,492.85,490.95,491.7,1275,1751959500
2025-07-08 12:56:00,CE,ATM-10,13.015019,430800,25000.0,25475.9,492.9,495.7,491.9,492.65,2925,1751959560
2025-07-08 12:57:00,CE,ATM-10,14.137939,430800,25000.0,25475.85,493.8,494.45,491.8,494.05,5925,1751959620
2025-07-08 12:58:00,CE,ATM-10,13.015287,19050,24950.0,25473.9,541.0,541.0,539.65,539.65,75,1751959680
2025-07-08 12:59:00,CE,ATM-10,13.015287,19050,24950.0,25473.9,539.65,539.65,539.65,539.65,0,1751959740
2025-07-08 13:00:00,CE,ATM-10,16.145656,19050,24950.0,25473.25,542.75,542.75,542.75,542.75,150,1751959800
2025-07-08 13:01:00,CE,ATM-10,14.433037,429600,25000.0,25476.4,492.0,495.95,492.0,495.0,1950,1751959860
2025-07-08 13:02:00,CE,ATM-10,13.920246,429600,25000.0,25475.7,495.0,495.0,492.3,493.55,1800,1751959920
2025-07-08 13:03:00,CE,ATM-10,13.920246,429600,25000.0,25475.7,493.55,493.55,493.55,493.55,0,1751959980
2025-07-08 13:04:00,CE,ATM-10,13.920246,429600,25000.0,25475.7,493.55,493.55,493.55,493.55,0,1751960040
2025-07-08 13:05:00,CE,ATM-10,18.503811,18975,24950.0,25470.45,545.4,545.4,544.9,544.9,300,1751960100
2025-07-08 13:06:00,CE,ATM-10,16.656724,424875,25000.0,25478.2,495.6,502.0,495.6,501.0,5700,1751960160
2025-07-08 13:07:00,CE,ATM-10,16.907681,19050,24950.0,25473.3,542.35,544.1,542.35,544.1,300,1751960220
2025-07-08 13:08:00,CE,ATM-10,17.693119,19050,24950.0,25473.05,544.1,545.45,544.1,545.45,300,1751960280
2025-07-08 13:09:00,CE,ATM-10,17.693119,19050,24950.0,25473.05,545.45,545.45,545.45,545.45,0,1751960340
2025-07-08 13:10:00,CE,ATM-10,15.647567,19125,24950.0,25470.95,545.45,545.45,539.65,539.65,300,1751960400
2025-07-08 13:11:00,CE,ATM-10,15.647567,19125,24950.0,25470.95,539.65,539.65,539.65,539.65,0,1751960460
2025-07-08 13:12:00,CE,ATM-10,15.647567,19125,24950.0,25470.95,539.65,539.65,539.65,539.65,0,1751960520
2025-07-08 13:13:00,CE,ATM-10,17.785392,19125,24950.0,25471.2,539.65,543.85,539.65,543.85,300,1751960580
2025-07-08 13:14:00,CE,ATM-10,17.785392,19125,24950.0,25471.2,543.85,543.85,543.85,543.85,0,1751960640
2025-07-08 13:15:00,CE,ATM-10,17.785392,19125,24950.0,25471.2,543.85,543.85,543.85,543.85,0,1751960700
2025-07-08 13:16:00,CE,ATM-10,15.159883,19125,24950.0,25473.85,543.85,543.85,541.7,541.7,75,1751960760
2025-07-08 13:17:00,CE,ATM-10,15.159883,19125,24950.0,25473.85,541.7,541.7,541.7,541.7,0,1751960820
2025-07-08 13:18:00,CE,ATM-10,15.159883,19125,24950.0,25473.85,541.7,541.7,541.7,541.7,0,1751960880
2025-07-08 13:19:00,CE,ATM-10,14.054265,419925,25000.0,25475.9,494.0,495.0,493.5,493.8,2475,1751960940
2025-07-08 13:20:00,CE,ATM-10,14.054265,419925,25000.0,25475.9,493.8,493.8,493.8,493.8,0,1751961000
2025-07-08 13:21:00,CE,ATM-10,14.054265,419925,25000.0,25475.9,493.8,493.8,493.8,493.8,0,1751961060
2025-07-08 13:22:00,CE,ATM-10,16.758572,19125,24950.0,25470.55,541.7,541.7,541.05,541.05,300,1751961120
2025-07-08 13:23:00,CE,ATM-10,14.575845,19125,24950.0,25470.5,541.05,541.05,537.65,537.65,75,1751961180
2025-07-08 13:24:00,CE,ATM-10,14.575845,19125,24950.0,25470.5,537.65,537.65,537.65,537.65,0,1751961240
2025-07-08 13:25:00,CE,ATM-10,14.575845,19125,24950.0,25470.5,537.65,537.65,537.65,537.65,0,1751961300
2025-07-08 13:26:00,CE,ATM-10,14.575845,19125,24950.0,25470.5,537.65,537.65,537.65,537.65,0,1751961360
2025-07-08 13:27:00,CE,ATM-10,14.575845,19125,24950.0,25470.5,537.65,537.65,537.65,537.65,0,1751961420
2025-07-08 13:28:00,CE,ATM-10,14.575845,19125,24950.0,25470.5,537.65,537.65,537.65,537.65,0,1751961480
2025-07-08 13:29:00,CE,ATM-10,14.575845,19125,24950.0,25470.5,537.65,537.65,537.65,537.65,0,1751961540
2025-07-08 13:30:00,CE,ATM-10,17.59696,19125,24950.0,25472.3,537.65,544.3,537.65,544.3,300,1751961600
2025-07-08 13:31:00,CE,ATM-10,17.59696,19125,24950.0,25472.3,544.3,544.3,544.3,544.3,0,1751961660
2025-07-08 13:32:00,CE,ATM-10,18.67724,19125,24950.0,25461.5,544.3,544.3,532.6,536.65,375,1751961720
2025-07-08 13:33:00,CE,ATM-10,18.736822,19125,24950.0,25461.35,536.65,536.65,536.65,536.65,75,1751961780
2025-07-08 13:34:00,CE,ATM-10,18.166624,19125,24950.0,25460.2,534.15,534.15,534.15,534.15,75,1751961840
2025-07-08 13:35:00,CE,ATM-10,18.166624,19125,24950.0,25460.2,534.15,534.15,534.15,534.15,0,1751961900
2025-07-08 13:36:00,CE,ATM-10,18.166624,19125,24950.0,25460.2,534.15,534.15,534.15,534.15,0,1751961960
2025-07-08 13:37:00,CE,ATM-10,18.166624,19125,24950.0,25460.2,534.15,534.15,534.15,534.15,0,1751962020
2025-07-08 13:38:00,CE,ATM-10,18.166624,19125,24950.0,25460.2,534.15,534.15,534.15,534.15,0,1751962080
2025-07-08 13:39:00,CE,ATM-10,18.166624,19125,24950.0,25460.2,534.15,534.15,534.15,534.15,0,1751962140
2025-07-08 13:40:00,CE,ATM-10,18.166624,19125,24950.0,25460.2,534.15,534.15,534.15,534.15,0,1751962200
2025-07-08 13:41:00,CE,ATM-10,18.166624,19125,24950.0,25460.2,534.15,534.15,534.15,534.15,0,1751962260
2025-07-08 13:42:00,CE,ATM-10,18.166624,19125,24950.0,25460.2,534.15,534.15,534.15,534.15,0,1751962320
2025-07-08 13:43:00,CE,ATM-10,18.166624,19125,24950.0,25460.2,534.15,534.15,534.15,534.15,0,1751962380
2025-07-08 13:44:00,CE,ATM-10,18.166624,19125,24950.0,25460.2,534.15,534.15,534.15,534.15,0,1751962440
2025-07-08 13:45:00,CE,ATM-10,18.166624,19125,24950.0,25460.2,534.15,534.15,534.15,534.15,0,1751962500
2025-07-08 13:46:00,CE,ATM-10,18.166624,19125,24950.0,25460.2,534.15,534.15,534.15,534.15,0,1751962560
2025-07-08 13:47:00,CE,ATM-10,18.166624,19125,24950.0,25460.2,534.15,534.15,534.15,534.15,0,1751962620
2025-07-08 13:48:00,CE,ATM-10,18.166624,19125,24950.0,25460.2,534.15,534.15,534.15,534.15,0,1751962680
2025-07-08 13:49:00,CE,ATM-10,18.166624,19125,24950.0,25460.2,534.15,534.15,534.15,534.15,0,1751962740
2025-07-08 13:50:00,CE,ATM-10,18.166624,19125,24950.0,25460.2,534.15,534.15,534.15,534.15,0,1751962800
2025-07-08 13:51:00,CE,ATM-10,18.166624,19125,24950.0,25460.2,534.15,534.15,534.15,534.15,0,1751962860
2025-07-08 13:52:00,CE,ATM-10,14.819518,412425,25000.0,25476.2,492.85,496.0,492.85,495.0,3900,1751962920
2025-07-08 13:53:00,CE,ATM-10,15.502865,412425,25000.0,25476.3,495.0,496.3,494.5,496.3,825,1751962980
2025-07-08 13:54:00,CE,ATM-10,15.324574,412425,25000.0,25476.5,496.3,496.3,494.0,496.15,675,1751963040
2025-07-08 13:55:00,CE,ATM-10,15.324574,412425,25000.0,25476.5,496.15,496.15,496.15,496.15,0,1751963100
2025-07-08 13:56:00,CE,ATM-10,15.324574,412425,25000.0,25476.5,496.15,496.15,496.15,496.15,0,1751963160
2025-07-08 13:57:00,CE,ATM-10,15.324574,412425,25000.0,25476.5,496.15,496.15,496.15,496.15,0,1751963220
2025-07-08 13:58:00,CE,ATM-10,16.412136,19125,24950.0,25472.55,542.0,542.0,542.0,542.0,450,1751963280
2025-07-08 13:59:00,CE,ATM-10,16.586747,408975,25000.0,25475.15,492.25,497.65,492.25,497.4,3075,1751963340
2025-07-08 14:00:00,CE,ATM-10,16.586747,408975,25000.0,25475.15,497.4,497.4,497.4,497.4,0,1751963400
2025-07-08 14:01:00,CE,ATM-10,15.101395,18900,24950.0,25472.7,540.15,540.5,540.15,540.15,300,1751963460
2025-07-08 14:02:00,CE,ATM-10,15.101395,18900,24950.0,25472.7,540.15,540.15,540.15,540.15,0,1751963520
2025-07-08 14:03:00,CE,ATM-10,17.349065,18900,24950.0,25470.25,540.15,541.5,540.15,541.5,75,1751963580
2025-07-08 14:04:00,CE,ATM-10,15.717444,18825,24950.0,25470.8,541.5,541.5,539.15,539.15,75,1751963640
2025-07-08 14:05:00,CE,ATM-10,17.183292,18825,24950.0,25469.25,540.2,540.2,540.2,540.2,375,1751963700
2025-07-08 14:06:00,CE,ATM-10,17.183292,18825,24950.0,25469.25,540.2,540.2,540.2,540.2,0,1751963760
2025-07-08 14:07:00,CE,ATM-10,17.183292,18825,24950.0,25469.25,540.2,540.2,540.2,540.2,0,1751963820
2025-07-08 14:08:00,CE,ATM-10,17.387288,18450,24950.0,25468.8,540.2,540.2,540.15,540.15,75,1751963880
2025-07-08 14:09:00,CE,ATM-10,15.147667,18450,24950.0,25470.95,540.15,540.15,538.45,538.45,75,1751963940
2025-07-08 14:10:00,CE,ATM-10,15.147667,18450,24950.0,25470.95,538.45,538.45,538.45,538.45,0,1751964000
2025-07-08 14:11:00,CE,ATM-10,15.147667,18450,24950.0,25470.95,538.45,538.45,538.45,538.45,0,1751964060
2025-07-08 14:12:00,CE,ATM-10,15.147667,18450,24950.0,25470.95,538.45,538.45,538.45,538.45,0,1751964120
2025-07-08 14:13:00,CE,ATM-10,15.147667,18450,24950.0,25470.95,538.45,538.45,538.45,538.45,0,1751964180
2025-07-08 14:14:00,CE,ATM-10,15.147667,18450,24950.0,25470.95,538.45,538.45,538.45,538.45,0,1751964240
2025-07-08 14:15:00,CE,ATM-10,15.147667,18450,24950.0,25470.95,538.45,538.45,538.45,538.45,0,1751964300
2025-07-08 14:16:00,CE,ATM-10,15.147667,18450,24950.0,25470.95,538.45,538.45,538.45,538.45,0,1751964360
2025-07-08 14:17:00,CE,ATM-10,15.147667,18450,24950.0,25470.95,538.45,538.45,538.45,538.45,0,1751964420
2025-07-08 14:18:00,CE,ATM-10,15.147667,18450,24950.0,25470.95,538.45,538.45,538.45,538.45,0,1751964480
2025-07-08 14:19:00,CE,ATM-10,15.147667,18450,24950.0,25470.95,538.45,538.45,538.45,538.45,0,1751964540
2025-07-08 14:20:00,CE,ATM-10,15.147667,18450,24950.0,25470.95,538.45,538.45,538.45,538.45,0,1751964600
2025-07-08 14:21:00,CE,ATM-10,15.147667,18450,24950.0,25470.95,538.45,538.45,538.45,538.45,0,1751964660
2025-07-08 14:22:00,CE,ATM-10,15.147667,18450,24950.0,25470.95,538.45,538.45,538.45,538.45,0,1751964720
2025-07-08 14:23:00,CE,ATM-10,15.147667,18450,24950.0,25470.95,538.45,538.45,538.45,538.45,0,1751964780
2025-07-08 14:24:00,CE,ATM-10,15.147667,18450,24950.0,25470.95,538.45,538.45,538.45,538.45,0,1751964840
2025-07-08 14:25:00,CE,ATM-10,15.147667,18450,24950.0,25470.95,538.45,538.45,538.45,538.45,0,1751964900
2025-07-08 14:26:00,CE,ATM-10,15.147667,18450,24950.0,25470.95,538.45,538.45,538.45,538.45,0,1751964960
2025-07-08 14:27:00,CE,ATM-10,15.147667,18450,24950.0,25470.95,538.45,538.45,538.45,538.45,0,1751965020
2025-07-08 14:28:00,CE,ATM-10,15.147667,18450,24950.0,25470.95,538.45,538.45,538.45,538.45,0,1751965080
2025-07-08 14:29:00,CE,ATM-10,15.147667,18450,24950.0,25470.95,538.45,538.45,538.45,538.45,0,1751965140
2025-07-08 14:30:00,CE,ATM-10,15.147667,18450,24950.0,25470.95,538.45,538.45,538.45,538.45,0,1751965200
2025-07-08 14:31:00,CE,ATM-10,15.147667,18450,24950.0,25470.95,538.45,538.45,538.45,538.45,0,1751965260
2025-07-08 14:32:00,CE,ATM-10,15.147667,18450,24950.0,25470.95,538.45,538.45,538.45,538.45,0,1751965320
2025-07-08 14:33:00,CE,ATM-10,15.147667,18450,24950.0,25470.95,538.45,538.45,538.45,538.45,0,1751965380
2025-07-08 14:34:00,CE,ATM-10,15.147667,18450,24950.0,25470.95,538.45,538.45,538.45,538.45,0,1751965440
2025-07-08 14:35:00,CE,ATM-10,17.462347,18375,24950.0,25462.55,538.45,538.45,534.1,534.1,75,1751965500
2025-07-08 14:36:00,CE,ATM-10,17.462347,18375,24950.0,25462.55,534.1,534.1,534.1,534.1,0,1751965560
2025-07-08 14:37:00,CE,ATM-10,17.462347,18375,24950.0,25462.55,534.1,534.1,534.1,534.1,0,1751965620
2025-07-08 14:38:00,CE,ATM-10,17.462347,18375,24950.0,25462.55,534.1,534.1,534.1,534.1,0,1751965680
2025-07-08 14:39:00,CE,ATM-10,17.462347,18375,24950.0,25462.55,534.1,534.1,534.1,534.1,0,1751965740
2025-07-08 14:40:00,CE,ATM-10,17.462347,18375,24950.0,25462.55,534.1,534.1,534.1,534.1,0,1751965800
2025-07-08 14:41:00,CE,ATM-10,17.462347,18375,24950.0,25462.55,534.1,534.1,534.1,534.1,0,1751965860
2025-07-08 14:42:00,CE,ATM-10,17.462347,18375,24950.0,25462.55,534.1,534.1,534.1,534.1,0,1751965920
2025-07-08 14:43:00,CE,ATM-10,17.462347,18375,24950.0,25462.55,534.1,534.1,534.1,534.1,0,1751965980
2025-07-08 14:44:00,CE,ATM-10,17.462347,18375,24950.0,25462.55,534.1,534.1,534.1,534.1,0,1751966040
2025-07-08 14:45:00,CE,ATM-10,17.462347,18375,24950.0,25462.55,534.1,534.1,534.1,534.1,0,1751966100
2025-07-08 14:46:00,CE,ATM-10,20.948698,18300,24950.0,25452.0,534.1,534.1,533.4,533.4,4800,1751966160
2025-07-08 14:47:00,CE,ATM-10,19.338162,18300,24950.0,25455.55,533.4,533.4,531.9,531.9,1050,1751966220
2025-07-08 14:48:00,CE,ATM-10,20.562868,18300,24950.0,25454.4,534.35,534.35,534.35,534.35,75,1751966280
2025-07-08 14:49:00,CE,ATM-10,19.800611,15750,24950.0,25455.55,534.35,534.35,533.15,533.15,75,1751966340
2025-07-08 14:50:00,CE,ATM-10,19.660526,15750,24950.0,25456.1,533.15,533.25,533.15,533.25,75,1751966400
2025-07-08 14:51:00,CE,ATM-10,19.660526,15750,24950.0,25456.1,533.25,533.25,533.25,533.25,0,1751966460
2025-07-08 14:52:00,CE,ATM-10,19.660526,15750,24950.0,25456.1,533.25,533.25,533.25,533.25,0,1751966520
2025-07-08 14:53:00,CE,ATM-10,19.660526,15750,24950.0,25456.1,533.25,533.25,533.25,533.25,0,1751966580
2025-07-08 14:54:00,CE,ATM-10,19.660526,15750,24950.0,25456.1,533.25,533.25,533.25,533.25,0,1751966640
2025-07-08 14:55:00,CE,ATM-10,19.660526,15750,24950.0,25456.1,533.25,533.25,533.25,533.25,0,1751966700
2025-07-08 14:56:00,CE,ATM-10,19.660526,15750,24950.0,25456.1,533.25,533.25,533.25,533.25,0,1751966760
2025-07-08 14:57:00,CE,ATM-10,19.660526,15750,24950.0,25456.1,533.25,533.25,533.25,533.25,0,1751966820
2025-07-08 14:58:00,CE,ATM-10,17.085514,401100,25000.0,25480.75,496.2,505.0,496.2,503.15,10425,1751966880
2025-07-08 14:59:00,CE,ATM-10,17.326351,401100,25000.0,25482.3,503.15,510.0,501.05,505.15,12300,1751966940
2025-07-08 15:00:00,CE,ATM-10,17.695379,401100,25000.0,25495.9,505.15,518.75,505.15,518.75,41550,1751967000
2025-07-08 15:01:00,CE,ATM-10,18.136761,371625,25000.0,25498.75,520.0,529.0,520.0,522.45,23925,1751967060
2025-07-08 15:02:00,CE,ATM-10,17.921334,371625,25000.0,25499.95,522.45,523.1,518.95,523.05,4875,1751967120
2025-07-08 15:03:00,CE,ATM-10,16.058358,371625,25000.0,25504.1,523.05,528.85,521.5,523.2,6450,1751967180
2025-07-08 15:04:00,CE,ATM-10,18.04117,376200,25000.0,25504.05,523.2,529.05,523.2,527.15,3525,1751967240
2025-07-08 15:05:00,CE,ATM-10,20.656496,376200,25000.0,25510.4,530.4,540.0,530.4,540.0,20250,1751967300
2025-07-08 15:06:00,CE,ATM-10,18.668627,15750,25050.0,25526.05,487.05,504.7,487.05,502.85,1125,1751967360
2025-07-08 15:07:00,CE,ATM-10,20.62687,15975,25050.0,25526.2,502.85,510.85,502.85,509.05,825,1751967420
2025-07-08 15:08:00,CE,ATM-10,21.05348,373125,25000.0,25513.9,555.4,555.4,543.0,544.35,6900,1751967480
2025-07-08 15:09:00,CE,ATM-10,18.450474,15975,25050.0,25528.0,494.2,504.0,494.2,504.0,300,1751967540
2025-07-08 15:10:00,CE,ATM-10,18.336096,366375,25000.0,25521.4,551.55,551.55,544.05,544.05,6900,1751967600
2025-07-08 15:11:00,CE,ATM-10,23.267879,366375,25000.0,25520.65,547.8,558.7,544.6,557.7,13875,1751967660
2025-07-08 15:12:00,CE,ATM-10,22.982963,366375,25000.0,25523.35,557.7,561.25,554.45,559.1,7875,1751967720
2025-07-08 15:13:00,CE,ATM-10,19.653675,15975,25050.0,25536.45,508.5,515.15,508.5,515.15,375,1751967780
2025-07-08 15:14:00,CE,ATM-10,18.109502,15975,25050.0,25536.0,515.15,516.25,510.45,510.45,525,1751967840
2025-07-08 15:15:00,CE,ATM-10,17.283319,15975,25050.0,25538.4,510.45,510.7,507.6,510.7,525,1751967900
2025-07-08 15:16:00,CE,ATM-10,18.980865,15750,25050.0,25526.75,510.7,513.5,504.25,504.25,525,1751967960
2025-07-08 15:17:00,CE,ATM-10,17.054681,15750,25050.0,25538.75,504.25,511.5,504.25,510.5,450,1751968020
2025-07-08 15:18:00,CE,ATM-10,14.437305,15750,25050.0,25544.8,510.5,511.9,509.55,511.75,525,1751968080
2025-07-08 15:19:00,CE,ATM-10,21.142436,355950,25000.0,25523.0,560.0,560.05,552.1,552.75,3975,1751968140
2025-07-08 15:20:00,CE,ATM-10,22.124536,355950,25000.0,25524.4,551.5,557.2,550.65,557.05,3825,1751968200
2025-07-08 15:21:00,CE,ATM-10,21.961786,355950,25000.0,25521.9,557.05,557.05,553.05,554.25,1350,1751968260
2025-07-08 15:22:00,CE,ATM-10,21.569787,356775,25000.0,25521.9,554.25,554.25,553.0,553.0,2475,1751968320
2025-07-08 15:23:00,CE,ATM-10,21.3939,356775,25000.0,25522.95,553.0,555.9,551.05,553.4,2925,1751968380
2025-07-08 15:24:00,CE,ATM-10,21.70203,356775,25000.0,25520.6,553.4,555.8,552.2,552.2,3375,1751968440
2025-07-08 15:25:00,CE,ATM-10,17.936246,17025,25050.0,25534.25,503.1,508.25,503.1,508.25,450,1751968500
2025-07-08 15:26:00,CE,ATM-10,19.414272,17025,25050.0,25530.65,508.25,508.95,508.25,508.95,225,1751968560
2025-07-08 15:27:00,CE,ATM-10,22.129435,358125,25000.0,25523.35,556.8,557.95,556.0,556.0,3750,1751968620
2025-07-08 15:28:00,CE,ATM-10,21.615185,352650,25000.0,25524.05,556.0,557.1,555.0,555.0,2700,1751968680
2025-07-08 15:29:00,CE,ATM-10,22.023024,352650,25000.0,25523.1,555.0,558.5,554.1,555.4,6375,1751968740
2025-07-09 09:15:00,CE,ATM-10,24.064515,347850,25000.0,25504.3,548.0,548.0,525.0,525.0,9000,1752032700
2025-07-09 09:16:00,CE,ATM-10,25.400897,347850,25000.0,25488.6,527.15,527.15,510.0,513.65,12975,1752032760
2025-07-09 09:17:00,CE,ATM-10,24.262392,347850,25000.0,25488.3,512.85,516.85,507.85,510.65,16125,1752032820
2025-07-09 09:18:00,CE,ATM-10,24.209474,360000,25000.0,25494.0,512.0,519.85,510.4,515.75,8550,1752032880
2025-07-09 09:19:00,CE,ATM-10,23.509142,360000,25000.0,25488.3,512.0,513.0,507.25,508.95,9975,1752032940
2025-07-09 09:20:00,CE,ATM-10,25.244735,360000,25000.0,25490.6,511.45,517.95,498.0,515.0,21450,1752033000
2025-07-09 09:21:00,CE,ATM-10,23.77585,368400,25000.0,25496.0,514.1,521.9,512.55,516.6,9150,1752033060
2025-07-09 09:22:00,CE,ATM-10,21.521919,368400,25000.0,25488.05,516.6,519.0,503.3,504.8,10275,1752033120
2025-07-09 09:23:00,CE,ATM-10,20.2982,368400,25000.0,25487.9,506.25,509.4,495.45,502.65,11100,1752033180
2025-07-09 09:24:00,CE,ATM-10,21.050022,372600,25000.0,25487.45,501.85,503.7,500.4,503.4,2850,1752033240
2025-07-09 09:25:00,CE,ATM-10,20.891393,372600,25000.0,25493.65,503.4,510.9,503.4,509.0,2325,1752033300
2025-07-09 09:26:00,CE,ATM-10,21.701286,372600,25000.0,25484.05,508.05,508.05,498.2,501.3,3975,1752033360
2025-07-09 09:27:00,CE,ATM-10,22.671691,365325,25000.0,25483.85,501.3,502.95,498.55,502.95,15075,1752033420
2025-07-09 09:28:00,CE,ATM-10,21.727244,365325,25000.0,25481.1,502.5,504.25,495.0,498.55,7350,1752033480
2025-07-09 09:29:00,CE,ATM-10,23.248637,365325,25000.0,25483.2,499.0,504.15,498.4,503.5,2550,1752033540
2025-07-09 09:30:00,CE,ATM-10,21.733916,366075,25000.0,25477.65,502.15,503.0,495.3,495.3,3600,1752033600
2025-07-09 09:31:00,CE,ATM-10,23.908363,366075,25000.0,25484.4,495.3,506.0,493.0,506.0,10425,1752033660
2025-07-09 09:32:00,CE,ATM-10,24.470987,366075,25000.0,25478.7,506.0,511.5,499.0,502.05,4275,1752033720
2025-07-09 09:33:00,CE,ATM-10,23.910351,364575,25000.0,25477.25,502.05,502.65,498.15,499.4,3600,1752033780
2025-07-09 09:34:00,CE,ATM-10,23.729564,364575,25000.0,25488.25,499.4,509.1,499.4,509.1,2325,1752033840
2025-07-09 09:35:00,CE,ATM-10,22.109009,364575,25000.0,25490.55,510.7,518.85,508.0,508.0,9375,1752033900
2025-07-09 09:36:00,CE,ATM-10,23.085446,365850,25000.0,25492.05,508.0,515.0,508.0,511.25,5400,1752033960
2025-07-09 09:37:00,CE,ATM-10,23.873308,365850,25000.0,25488.95,513.0,513.0,509.75,510.0,3675,1752034020
2025-07-09 09:38:00,CE,ATM-10,22.312399,365850,25000.0,25493.35,510.95,512.1,507.0,510.95,3300,1752034080
2025-07-09 09:39:00,CE,ATM-10,22.638253,367500,25000.0,25491.7,510.6,514.95,509.5,510.0,4725,1752034140
2025-07-09 09:40:00,CE,ATM-10,22.501079,367500,25000.0,25484.5,509.95,510.45,502.95,503.0,4800,1752034200
2025-07-09 09:41:00,CE,ATM-10,22.100417,367500,25000.0,25486.4,503.0,505.8,503.0,504.0,1200,1752034260
2025-07-09 09:42:00,CE,ATM-10,22.364302,367500,25000.0,25482.3,504.0,505.1,498.0,500.65,6000,1752034320
2025-07-09 09:43:00,CE,ATM-10,21.279386,367500,25000.0,25484.1,500.65,502.5,498.95,500.35,2250,1752034380
2025-07-09 09:44:00,CE,ATM-10,22.119273,367500,25000.0,25483.85,500.35,502.65,499.75,501.6,5175,1752034440
2025-07-09 09:45:00,CE,ATM-10,23.649189,374100,25000.0,25485.3,500.0,506.1,498.0,506.0,9600,1752034500
2025-07-09 09:46:00,CE,ATM-10,22.836646,374100,25000.0,25485.35,503.0,510.5,501.8,504.35,14175,1752034560
2025-07-09 09:47:00,CE,ATM-10,22.290027,374100,25000.0,25484.2,504.35,508.8,502.2,502.2,3825,1752034620
2025-07-09 09:48:00,CE,ATM-10,23.303838,369225,25000.0,25486.9,502.2,506.7,502.2,506.7,900,1752034680
2025-07-09 09:49:00,CE,ATM-10,22.78682,369225,25000.0,25489.0,506.7,507.6,505.25,507.6,3075,1752034740
2025-07-09 09:50:00,CE,ATM-10,21.774174,369225,25000.0,25490.95,507.6,507.95,506.15,507.55,825,1752034800
2025-07-09 09:51:00,CE,ATM-10,21.701776,368475,25000.0,25487.7,507.55,509.35,504.35,504.35,1275,1752034860
2025-07-09 09:52:00,CE,ATM-10,23.410484,368475,25000.0,25490.3,504.35,510.0,504.35,510.0,1575,1752034920
2025-07-09 09:53:00,CE,ATM-10,22.584851,368475,25000.0,25495.9,510.0,517.8,510.0,513.6,5775,1752034980
2025-07-09 09:54:00,CE,ATM-10,22.81734,364275,25000.0,25491.6,515.35,517.15,510.0,510.0,975,1752035040
2025-07-09 09:55:00,CE,ATM-10,23.628442,364275,25000.0,25492.95,509.3,512.85,509.3,512.85,2175,1752035100
2025-07-09 09:56:00,CE,ATM-10,21.633863,364275,25000.0,25507.0,512.85,523.0,512.85,522.4,16350,1752035160
2025-07-09 09:57:00,CE,ATM-10,22.649654,353550,25000.0,25509.05,522.4,529.9,522.4,526.0,9525,1752035220
2025-07-09 09:58:00,CE,ATM-10,22.00386,353550,25000.0,25515.75,526.0,534.95,526.0,531.25,11100,1752035280
2025-07-09 09:59:00,CE,ATM-10,23.485926,353550,25000.0,25517.4,531.25,537.75,530.05,535.3,10425,1752035340
2025-07-09 10:00:00,CE,ATM-10,22.420391,349500,25000.0,25512.8,534.0,537.9,528.6,529.1,7950,1752035400
2025-07-09 10:01:00,CE,ATM-10,25.905986,349500,25000.0,25507.65,527.75,532.2,527.0,531.25,3900,1752035460
2025-07-09 10:02:00,CE,ATM-10,24.907503,349500,25000.0,25507.65,531.25,531.35,528.0,529.0,1425,1752035520
2025-07-09 10:03:00,CE,ATM-10,26.024287,349200,25000.0,25510.35,529.0,533.95,529.0,533.95,4650,1752035580
2025-07-09 10:04:00,CE,ATM-10,24.391856,349200,25000.0,25504.65,533.95,533.95,525.05,525.1,6525,1752035640
2025-07-09 10:05:00,CE,ATM-10,23.980863,349200,25000.0,25509.55,525.0,529.15,525.0,528.8,4425,1752035700
2025-07-09 10:06:00,CE,ATM-10,25.150675,354600,25000.0,25508.25,528.8,532.0,528.1,530.0,2325,1752035760
2025-07-09 10:07:00,CE,ATM-10,25.136568,354600,25000.0,25506.35,530.0,530.0,525.75,528.2,1575,1752035820
2025-07-09 10:08:00,CE,ATM-10,25.237178,354600,25000.0,25511.4,528.2,533.05,528.2,533.05,4050,1752035880
2025-07-09 10:09:00,CE,ATM-10,25.379927,351750,25000.0,25510.65,533.05,534.2,531.45,532.65,975,1752035940
2025-07-09 10:10:00,CE,ATM-10,26.255172,351750,25000.0,25522.0,532.65,547.3,531.8,545.0,8850,1752036000
2025-07-09 10:11:00,CE,ATM-10,24.74092,351750,25000.0,25520.95,545.0,552.0,540.8,540.8,11250,1752036060
2025-07-09 10:12:00,CE,ATM-10,26.275519,346725,25000.0,25522.65,542.8,547.95,538.85,545.6,6150,1752036120
2025-07-09 10:13:00,CE,ATM-10,26.275519,346725,25000.0,25522.65,545.6,545.6,545.6,545.6,0,1752036180
2025-07-09 10:14:00,CE,ATM-10,26.275519,346725,25000.0,25522.65,545.6,545.6,545.6,545.6,0,1752036240
2025-07-09 10:15:00,CE,ATM-10,24.003844,15825,25050.0,25534.85,496.75,510.55,496.75,505.9,1275,1752036300
2025-07-09 10:16:00,CE,ATM-10,26.527853,344625,25000.0,25523.65,553.9,555.55,544.55,547.0,7275,1752036360
2025-07-09 10:17:00,CE,ATM-10,24.069711,16275,25050.0,25528.7,495.35,500.35,495.35,500.35,525,1752036420
2025-07-09 10:18:00,CE,ATM-10,25.708621,16275,25050.0,25525.75,500.35,501.55,500.35,501.55,75,1752036480
2025-07-09 10:19:00,CE,ATM-10,25.729808,16050,25050.0,25531.8,501.55,508.85,501.55,507.05,300,1752036540
2025-07-09 10:20:00,CE,ATM-10,25.163853,16050,25050.0,25532.35,507.05,507.05,505.45,506.15,150,1752036600
2025-07-09 10:21:00,CE,ATM-10,26.610857,15900,25050.0,25530.85,506.15,509.3,506.15,508.4,300,1752036660
2025-07-09 10:22:00,CE,ATM-10,24.170425,15900,25050.0,25530.85,508.4,508.4,502.45,502.45,75,1752036720
2025-07-09 10:23:00,CE,ATM-10,26.366419,15900,25050.0,25529.5,502.45,506.5,502.45,506.5,75,1752036780
2025-07-09 10:24:00,CE,ATM-10,25.27811,15900,25050.0,25531.65,506.5,506.5,505.7,505.7,150,1752036840
2025-07-09 10:25:00,CE,ATM-10,23.885127,15975,25050.0,25535.55,505.7,506.1,505.7,506.1,75,1752036900
2025-07-09 10:26:00,CE,ATM-10,26.046898,15975,25050.0,25532.15,506.1,508.0,506.1,508.0,75,1752036960
2025-07-09 10:27:00,CE,ATM-10,26.046898,15975,25050.0,25532.15,508.0,508.0,508.0,508.0,0,1752037020
2025-07-09 10:28:00,CE,ATM-10,25.117603,15975,25050.0,25525.9,508.0,508.0,500.0,500.0,300,1752037080
2025-07-09 10:29:00,CE,ATM-10,27.365559,341850,25000.0,25518.7,546.15,550.0,544.0,544.15,2850,1752037140
2025-07-09 10:30:00,CE,ATM-10,26.810234,341100,25000.0,25524.1,544.0,550.3,542.35,547.75,4875,1752037200
2025-07-09 10:31:00,CE,ATM-10,26.810234,341100,25000.0,25524.1,547.75,547.75,547.75,547.75,0,1752037260
2025-07-09 10:32:00,CE,ATM-10,27.59266,341100,25000.0,25520.65,550.0,550.0,546.4,546.4,1500,1752037320
2025-07-09 10:33:00,CE,ATM-10,27.275487,340875,25000.0,25518.05,546.4,547.15,543.0,543.25,2550,1752037380
2025-07-09 10:34:00,CE,ATM-10,27.597656,340875,25000.0,25522.45,543.25,548.0,543.25,548.0,3300,1752037440
2025-07-09 10:35:00,CE,ATM-10,27.597656,340875,25000.0,25522.45,548.0,548.0,548.0,548.0,0,1752037500
2025-07-09 10:36:00,CE,ATM-10,26.924911,344100,25000.0,25524.45,548.15,550.0,547.75,548.2,3900,1752037560
2025-07-09 10:37:00,CE,ATM-10,27.826554,344100,25000.0,25523.35,547.2,549.3,547.2,549.3,375,1752037620
2025-07-09 10:38:00,CE,ATM-10,27.381561,344100,25000.0,25524.6,549.3,552.0,548.0,549.35,750,1752037680
2025-07-09 10:39:00,CE,ATM-10,27.381561,344100,25000.0,25524.6,549.35,549.35,549.35,549.35,0,1752037740
2025-07-09 10:40:00,CE,ATM-10,27.788388,343425,25000.0,25523.2,551.0,551.5,549.0,549.0,5250,1752037800
2025-07-09 10:41:00,CE,ATM-10,24.667548,16275,25050.0,25526.0,500.0,500.0,498.75,498.75,75,1752037860
2025-07-09 10:42:00,CE,ATM-10,24.667548,16275,25050.0,25526.0,498.75,498.75,498.75,498.75,0,1752037920
2025-07-09 10:43:00,CE,ATM-10,24.667548,16275,25050.0,25526.0,498.75,498.75,498.75,498.75,0,1752037980
2025-07-09 10:44:00,CE,ATM-10,25.051317,16350,25050.0,25526.4,498.75,503.05,498.75,499.95,600,1752038040
2025-07-09 10:45:00,CE,ATM-10,24.616856,16350,25050.0,25530.7,503.1,503.1,501.4,502.85,450,1752038100
2025-07-09 10:46:00,CE,ATM-10,24.616856,16350,25050.0,25530.7,502.85,502.85,502.85,502.85,0,1752038160
2025-07-09 10:47:00,CE,ATM-10,28.73279,341700,25000.0,25516.95,552.0,552.0,543.0,545.55,3450,1752038220
2025-07-09 10:48:00,CE,ATM-10,28.73279,341700,25000.0,25516.95,545.55,545.55,545.55,545.55,0,1752038280
2025-07-09 10:49:00,CE,ATM-10,24.252379,15975,25050.0,25530.2,501.35,501.5,501.35,501.5,225,1752038340
2025-07-09 10:50:00,CE,ATM-10,24.252379,15975,25050.0,25530.2,501.5,501.5,501.5,501.5,0,1752038400
2025-07-09 10:51:00,CE,ATM-10,24.252379,15975,25050.0,25530.2,501.5,501.5,501.5,501.5,0,1752038460
2025-07-09 10:52:00,CE,ATM-10,25.597425,15900,25050.0,25527.35,501.5,501.95,501.5,501.95,375,1752038520
2025-07-09 10:53:00,CE,ATM-10,25.597425,15900,25050.0,25527.35,501.95,501.95,501.95,501.95,0,1752038580
2025-07-09 10:54:00,CE,ATM-10,25.104263,15900,25050.0,25525.95,501.95,501.95,499.45,499.45,975,1752038640
2025-07-09 10:55:00,CE,ATM-10,23.98723,15900,25050.0,25525.9,499.45,499.45,496.85,496.85,75,1752038700
2025-07-09 10:56:00,CE,ATM-10,28.035223,340875,25000.0,25523.9,547.8,549.85,547.8,549.85,1125,1752038760
2025-07-09 10:57:00,CE,ATM-10,27.081781,341325,25000.0,25524.35,549.85,549.85,545.2,548.0,375,1752038820
2025-07-09 10:58:00,CE,ATM-10,27.615887,341325,25000.0,25522.8,548.0,548.0,546.6,547.8,1275,1752038880
2025-07-09 10:59:00,CE,ATM-10,27.456817,341325,25000.0,25523.4,547.8,550.7,547.8,547.95,675,1752038940
2025-07-09 11:00:00,CE,ATM-10,26.773323,343050,25000.0,25523.65,547.95,547.95,544.7,546.6,3900,1752039000
2025-07-09 11:01:00,CE,ATM-10,25.556246,343050,25000.0,25521.55,546.6,547.85,542.05,542.05,1800,1752039060
2025-07-09 11:02:00,CE,ATM-10,24.903901,343050,25000.0,25517.05,542.05,542.65,536.55,536.55,4500,1752039120
2025-07-09 11:03:00,CE,ATM-10,26.848917,343050,25000.0,25520.7,536.55,544.0,536.55,544.0,750,1752039180
2025-07-09 11:04:00,CE,ATM-10,27.336841,343725,25000.0,25519.5,544.0,544.0,542.85,544.0,1350,1752039240
2025-07-09 11:05:00,CE,ATM-10,28.310531,343725,25000.0,25522.85,544.0,549.35,543.8,549.35,975,1752039300
2025-07-09 11:06:00,CE,ATM-10,27.074072,342675,25000.0,25523.55,549.35,550.0,546.65,547.05,1650,1752039360
2025-07-09 11:07:00,CE,ATM-10,26.918797,342675,25000.0,25523.9,547.05,548.6,547.0,547.0,225,1752039420
2025-07-09 11:08:00,CE,ATM-10,25.627362,342675,25000.0,25523.0,547.0,547.0,543.4,543.4,600,1752039480
2025-07-09 11:09:00,CE,ATM-10,27.214784,342675,25000.0,25521.25,544.0,545.2,544.0,545.2,1650,1752039540
2025-07-09 11:10:00,CE,ATM-10,27.10868,343125,25000.0,25524.6,544.0,549.35,544.0,548.0,2400,1752039600
2025-07-09 11:11:00,CE,ATM-10,27.182279,343125,25000.0,25523.35,548.0,549.25,547.0,547.0,1350,1752039660
2025-07-09 11:12:00,CE,ATM-10,27.316731,343125,25000.0,25524.9,547.0,548.7,545.35,548.7,1350,1752039720
2025-07-09 11:13:00,CE,ATM-10,22.926751,15075,25050.0,25529.25,496.0,497.45,496.0,497.45,75,1752039780
2025-07-09 11:14:00,CE,ATM-10,24.922876,15075,25050.0,25534.15,497.45,506.1,497.45,506.1,150,1752039840
2025-07-09 11:15:00,CE,ATM-10,27.085561,15075,25050.0,25543.95,507.35,520.1,507.35,520.1,600,1752039900
2025-07-09 11:16:00,CE,ATM-10,25.089171,14700,25050.0,25544.2,520.1,520.1,513.25,515.65,900,1752039960
2025-07-09 11:17:00,CE,ATM-10,24.577047,14700,25050.0,25542.15,515.65,515.65,512.65,512.65,675,1752040020
2025-07-09 11:18:00,CE,ATM-10,26.492489,14700,25050.0,25537.85,512.65,513.05,512.65,513.05,75,1752040080
2025-07-09 11:19:00,CE,ATM-10,26.492489,14700,25050.0,25537.85,513.05,513.05,513.05,513.05,0,1752040140
2025-07-09 11:20:00,CE,ATM-10,26.492489,14700,25050.0,25537.85,513.05,513.05,513.05,513.05,0,1752040200
2025-07-09 11:21:00,CE,ATM-10,24.888979,14475,25050.0,25536.95,513.05,513.05,507.75,508.45,375,1752040260
2025-07-09 11:22:00,CE,ATM-10,24.888979,14475,25050.0,25536.95,508.45,508.45,508.45,508.45,0,1752040320
2025-07-09 11:23:00,CE,ATM-10,24.888979,14475,25050.0,25536.95,508.45,508.45,508.45,508.45,0,1752040380
2025-07-09 11:24:00,CE,ATM-10,24.888979,14475,25050.0,25536.95,508.45,508.45,508.45,508.45,0,1752040440
2025-07-09 11:25:00,CE,ATM-10,24.888979,14475,25050.0,25536.95,508.45,508.45,508.45,508.45,0,1752040500
2025-07-09 11:26:00,CE,ATM-10,26.662871,14475,25050.0,25539.2,508.45,514.5,508.45,514.5,75,1752040560
2025-07-09 11:27:00,CE,ATM-10,25.815791,14475,25050.0,25540.5,514.5,514.5,513.65,513.65,375,1752040620
2025-07-09 11:28:00,CE,ATM-10,25.815791,14475,25050.0,25540.5,513.65,513.65,513.65,513.65,0,1752040680
2025-07-09 11:29:00,CE,ATM-10,25.815791,14475,25050.0,25540.5,513.65,513.65,513.65,513.65,0,1752040740
2025-07-09 11:30:00,CE,ATM-10,27.812696,14175,25050.0,25543.15,513.65,520.85,513.65,520.85,225,1752040800
2025-07-09 11:31:00,CE,ATM-10,27.453853,14250,25050.0,25539.75,516.85,516.85,516.85,516.85,150,1752040860
2025-07-09 11:32:00,CE,ATM-10,27.453853,14250,25050.0,25539.75,516.85,516.85,516.85,516.85,0,1752040920
2025-07-09 11:33:00,CE,ATM-10,27.696127,14250,25050.0,25538.5,516.85,516.9,516.3,516.3,150,1752040980
2025-07-09 11:34:00,CE,ATM-10,26.402767,14175,25050.0,25542.85,516.3,517.0,515.35,517.0,300,1752041040
2025-07-09 11:35:00,CE,ATM-10,26.562071,14175,25050.0,25540.2,517.0,517.0,513.25,514.95,375,1752041100
2025-07-09 11:36:00,CE,ATM-10,26.562071,14175,25050.0,25540.2,514.95,514.95,514.95,514.95,0,1752041160
2025-07-09 11:37:00,CE,ATM-10,26.562071,14175,25050.0,25540.2,514.95,514.95,514.95,514.95,0,1752041220
2025-07-09 11:38:00,CE,ATM-10,26.797114,14175,25050.0,25539.65,514.95,514.95,514.95,514.95,300,1752041280
2025-07-09 11:39:00,CE,ATM-10,26.797114,14175,25050.0,25539.65,514.95,514.95,514.95,514.95,0,1752041340
2025-07-09 11:40:00,CE,ATM-10,26.699165,14475,25050.0,25535.6,509.2,511.0,508.8,511.0,225,1752041400
2025-07-09 11:41:00,CE,ATM-10,27.111497,14475,25050.0,25536.1,511.0,513.25,511.0,512.45,375,1752041460
2025-07-09 11:42:00,CE,ATM-10,26.485259,14475,25050.0,25534.35,512.45,512.45,509.3,509.3,75,1752041520
2025-07-09 11:43:00,CE,ATM-10,26.485259,14475,25050.0,25534.35,509.3,509.3,509.3,509.3,0,1752041580
2025-07-09 11:44:00,CE,ATM-10,26.182357,14400,25050.0,25531.4,505.85,505.85,505.85,505.85,75,1752041640
2025-07-09 11:45:00,CE,ATM-10,26.826142,14400,25050.0,25532.95,505.85,508.8,505.85,508.8,75,1752041700
2025-07-09 11:46:00,CE,ATM-10,27.306834,14325,25050.0,25531.35,508.8,508.8,508.55,508.55,75,1752041760
2025-07-09 11:47:00,CE,ATM-10,27.306834,14325,25050.0,25531.35,508.55,508.55,508.55,508.55,0,1752041820
2025-07-09 11:48:00,CE,ATM-10,27.306834,14325,25050.0,25531.35,508.55,508.55,508.55,508.55,0,1752041880
2025-07-09 11:49:00,CE,ATM-10,27.306834,14325,25050.0,25531.35,508.55,508.55,508.55,508.55,0,1752041940
2025-07-09 11:50:00,CE,ATM-10,27.306834,14325,25050.0,25531.35,508.55,508.55,508.55,508.55,0,1752042000
2025-07-09 11:51:00,CE,ATM-10,27.306834,14325,25050.0,25531.35,508.55,508.55,508.55,508.55,0,1752042060
2025-07-09 11:52:00,CE,ATM-10,27.159738,332175,25000.0,25524.35,555.25,555.25,546.95,546.95,3450,1752042120
2025-07-09 11:53:00,CE,ATM-10,31.334487,332175,25000.0,25503.45,546.95,546.95,537.1,538.85,7275,1752042180
2025-07-09 11:54:00,CE,ATM-10,28.987405,334125,25000.0,25517.0,538.85,544.5,538.85,544.5,4425,1752042240
2025-07-09 11:55:00,CE,ATM-10,28.772478,334125,25000.0,25522.6,544.5,550.0,543.65,549.0,2175,1752042300
2025-07-09 11:56:00,CE,ATM-10,28.813372,334125,25000.0,25522.85,549.0,549.3,548.0,549.3,525,1752042360
2025-07-09 11:57:00,CE,ATM-10,27.770958,334125,25000.0,25520.85,549.3,549.3,545.0,545.0,1650,1752042420
2025-07-09 11:58:00,CE,ATM-10,27.529705,333600,25000.0,25522.35,545.0,547.1,545.0,545.8,675,1752042480
2025-07-09 11:59:00,CE,ATM-10,29.302906,333600,25000.0,25519.6,545.8,547.75,545.8,547.5,375,1752042540
2025-07-09 12:00:00,CE,ATM-10,28.994338,333600,25000.0,25516.6,547.5,547.5,544.0,544.0,825,1752042600
2025-07-09 12:01:00,CE,ATM-10,28.529779,334050,25000.0,25520.1,544.0,546.0,542.4,546.0,1950,1752042660
2025-07-09 12:02:00,CE,ATM-10,28.46093,334050,25000.0,25517.55,546.0,546.0,543.0,543.5,1050,1752042720
2025-07-09 12:03:00,CE,ATM-10,27.925748,334125,25000.0,25517.65,543.5,545.1,542.3,542.3,300,1752042780
2025-07-09 12:04:00,CE,ATM-10,27.458288,334125,25000.0,25521.8,542.3,546.0,542.25,545.0,675,1752042840
2025-07-09 12:05:00,CE,ATM-10,29.210872,334125,25000.0,25518.2,545.0,546.0,545.0,545.85,300,1752042900
2025-07-09 12:06:00,CE,ATM-10,28.146817,333300,25000.0,25523.1,543.25,547.75,543.25,547.7,1050,1752042960
2025-07-09 12:07:00,CE,ATM-10,28.842458,333300,25000.0,25522.75,547.7,550.0,547.7,549.0,1650,1752043020
2025-07-09 12:08:00,CE,ATM-10,29.219368,333300,25000.0,25523.7,549.0,550.75,548.85,550.75,1200,1752043080
2025-07-09 12:09:00,CE,ATM-10,29.219368,333300,25000.0,25523.7,550.75,550.75,550.75,550.75,0,1752043140
2025-07-09 12:10:00,CE,ATM-10,26.823235,13725,25050.0,25533.85,507.8,509.0,507.8,509.0,525,1752043200
2025-07-09 12:11:00,CE,ATM-10,26.823235,13725,25050.0,25533.85,509.0,509.0,509.0,509.0,0,1752043260
2025-07-09 12:12:00,CE,ATM-10,26.823235,13725,25050.0,25533.85,509.0,509.0,509.0,509.0,0,1752043320
2025-07-09 12:13:00,CE,ATM-10,26.823235,13725,25050.0,25533.85,509.0,509.0,509.0,509.0,0,1752043380
2025-07-09 12:14:00,CE,ATM-10,26.823235,13725,25050.0,25533.85,509.0,509.0,509.0,509.0,0,1752043440
2025-07-09 12:15:00,CE,ATM-10,26.823235,13725,25050.0,25533.85,509.0,509.0,509.0,509.0,0,1752043500
2025-07-09 12:16:00,CE,ATM-10,26.823235,13725,25050.0,25533.85,509.0,509.0,509.0,509.0,0,1752043560
2025-07-09 12:17:00,CE,ATM-10,26.823235,13725,25050.0,25533.85,509.0,509.0,509.0,509.0,0,1752043620
2025-07-09 12:18:00,CE,ATM-10,26.823235,13725,25050.0,25533.85,509.0,509.0,509.0,509.0,0,1752043680
2025-07-09 12:19:00,CE,ATM-10,26.823235,13725,25050.0,25533.85,509.0,509.0,509.0,509.0,0,1752043740
2025-07-09 12:20:00,CE,ATM-10,26.823235,13725,25050.0,25533.85,509.0,509.0,509.0,509.0,0,1752043800
2025-07-09 12:21:00,CE,ATM-10,26.244078,13950,25050.0,25535.7,509.0,509.05,509.0,509.05,150,1752043860
2025-07-09 12:22:00,CE,ATM-10,25.160103,13875,25050.0,25532.35,509.05,509.05,503.55,503.55,300,1752043920
2025-07-09 12:23:00,CE,ATM-10,25.160103,13875,25050.0,25532.35,503.55,503.55,503.55,503.55,0,1752043980
2025-07-09 12:24:00,CE,ATM-10,25.160103,13875,25050.0,25532.35,503.55,503.55,503.55,503.55,0,1752044040
2025-07-09 12:25:00,CE,ATM-10,25.160103,13875,25050.0,25532.35,503.55,503.55,503.55,503.55,0,1752044100
2025-07-09 12:26:00,CE,ATM-10,25.160103,13875,25050.0,25532.35,503.55,503.55,503.55,503.55,0,1752044160
2025-07-09 12:27:00,CE,ATM-10,25.160103,13875,25050.0,25532.35,503.55,503.55,503.55,503.55,0,1752044220
2025-07-09 12:28:00,CE,ATM-10,25.160103,13875,25050.0,25532.35,503.55,503.55,503.55,503.55,0,1752044280
2025-07-09 12:29:00,CE,ATM-10,24.786756,13800,25050.0,25540.35,503.55,510.0,503.55,510.0,600,1752044340
2025-07-09 12:30:00,CE,ATM-10,25.909979,13800,25050.0,25542.65,510.0,514.45,510.0,514.45,75,1752044400
2025-07-09 12:31:00,CE,ATM-10,26.114608,13275,25050.0,25543.55,514.45,515.7,514.45,515.7,75,1752044460
2025-07-09 12:32:00,CE,ATM-10,26.114608,13275,25050.0,25543.55,515.7,515.7,515.7,515.7,0,1752044520
2025-07-09 12:33:00,CE,ATM-10,25.84724,13275,25050.0,25538.45,515.7,515.7,510.4,510.4,750,1752044580
2025-07-09 12:34:00,CE,ATM-10,25.84724,13275,25050.0,25538.45,510.4,510.4,510.4,510.4,0,1752044640
2025-07-09 12:35:00,CE,ATM-10,25.84724,13275,25050.0,25538.45,510.4,510.4,510.4,510.4,0,1752044700
2025-07-09 12:36:00,CE,ATM-10,25.84724,13275,25050.0,25538.45,510.4,510.4,510.4,510.4,0,1752044760
2025-07-09 12:37:00,CE,ATM-10,25.84724,13275,25050.0,25538.45,510.4,510.4,510.4,510.4,0,1752044820
2025-07-09 12:38:00,CE,ATM-10,26.511758,12825,25050.0,25538.75,510.4,512.05,510.4,512.05,600,1752044880
2025-07-09 12:39:00,CE,ATM-10,25.637591,12825,25050.0,25543.55,512.05,514.5,512.05,514.5,75,1752044940
2025-07-09 12:40:00,CE,ATM-10,25.637591,12825,25050.0,25543.55,514.5,514.5,514.5,514.5,0,1752045000
2025-07-09 12:41:00,CE,ATM-10,25.637591,12825,25050.0,25543.55,514.5,514.5,514.5,514.5,0,1752045060
2025-07-09 12:42:00,CE,ATM-10,25.637591,12825,25050.0,25543.55,514.5,514.5,514.5,514.5,0,1752045120
2025-07-09 12:43:00,CE,ATM-10,25.637591,12825,25050.0,25543.55,514.5,514.5,514.5,514.5,0,1752045180
2025-07-09 12:44:00,CE,ATM-10,25.938789,12450,25050.0,25533.3,505.65,505.65,505.65,505.65,75,1752045240
2025-07-09 12:45:00,CE,ATM-10,26.010258,12450,25050.0,25526.95,505.65,505.65,500.0,500.0,150,1752045300
2025-07-09 12:46:00,CE,ATM-10,26.010258,12450,25050.0,25526.95,500.0,500.0,500.0,500.0,0,1752045360
2025-07-09 12:47:00,CE,ATM-10,26.010258,12450,25050.0,25526.95,500.0,500.0,500.0,500.0,0,1752045420
2025-07-09 12:48:00,CE,ATM-10,26.010258,12450,25050.0,25526.95,500.0,500.0,500.0,500.0,0,1752045480
2025-07-09 12:49:00,CE,ATM-10,26.010258,12450,25050.0,25526.95,500.0,500.0,500.0,500.0,0,1752045540
2025-07-09 12:50:00,CE,ATM-10,26.010258,12450,25050.0,25526.95,500.0,500.0,500.0,500.0,0,1752045600
2025-07-09 12:51:00,CE,ATM-10,26.269136,12450,25050.0,25535.95,508.65,508.65,508.65,508.65,75,1752045660
2025-07-09 12:52:00,CE,ATM-10,26.269136,12450,25050.0,25535.95,508.65,508.65,508.65,508.65,0,1752045720
2025-07-09 12:53:00,CE,ATM-10,26.269136,12450,25050.0,25535.95,508.65,508.65,508.65,508.65,0,1752045780
2025-07-09 12:54:00,CE,ATM-10,26.269136,12450,25050.0,25535.95,508.65,508.65,508.65,508.65,0,1752045840
2025-07-09 12:55:00,CE,ATM-10,26.269136,12450,25050.0,25535.95,508.65,508.65,508.65,508.65,0,1752045900
2025-07-09 12:56:00,CE,ATM-10,26.269136,12450,25050.0,25535.95,508.65,508.65,508.65,508.65,0,1752045960
2025-07-09 12:57:00,CE,ATM-10,26.269136,12450,25050.0,25535.95,508.65,508.65,508.65,508.65,0,1752046020
2025-07-09 12:58:00,CE,ATM-10,26.269136,12450,25050.0,25535.95,508.65,508.65,508.65,508.65,0,1752046080
2025-07-09 12:59:00,CE,ATM-10,26.269136,12450,25050.0,25535.95,508.65,508.65,508.65,508.65,0,1752046140
2025-07-09 13:00:00,CE,ATM-10,26.269136,12450,25050.0,25535.95,508.65,508.65,508.65,508.65,0,1752046200
2025-07-09 13:01:00,CE,ATM-10,26.269136,12450,25050.0,25535.95,508.65,508.65,508.65,508.65,0,1752046260
2025-07-09 13:02:00,CE,ATM-10,26.269136,12450,25050.0,25535.95,508.65,508.65,508.65,508.65,0,1752046320
2025-07-09 13:03:00,CE,ATM-10,26.721405,325425,25000.0,25523.05,552.3,552.3,543.3,543.3,10425,1752046380
2025-07-09 13:04:00,CE,ATM-10,33.675662,320700,25000.0,25490.5,543.3,545.65,523.45,532.25,11250,1752046440
2025-07-09 13:05:00,CE,ATM-10,28.797,320700,25000.0,25515.45,529.9,541.25,529.75,540.8,7650,1752046500
2025-07-09 13:06:00,CE,ATM-10,28.364139,320700,25000.0,25515.7,539.95,543.4,539.95,540.0,675,1752046560
2025-07-09 13:07:00,CE,ATM-10,26.861176,327150,25000.0,25514.6,540.0,540.0,535.45,535.7,2325,1752046620
2025-07-09 13:08:00,CE,ATM-10,27.157586,327150,25000.0,25513.95,535.7,539.3,535.7,535.7,3600,1752046680
2025-07-09 13:09:00,CE,ATM-10,28.128054,327150,25000.0,25515.05,535.7,538.8,535.7,538.8,300,1752046740
2025-07-09 13:10:00,CE,ATM-10,28.326017,329625,25000.0,25514.75,538.8,538.95,536.4,538.95,2025,1752046800
2025-07-09 13:11:00,CE,ATM-10,28.620397,329625,25000.0,25521.35,538.95,548.9,538.0,545.6,6300,1752046860
2025-07-09 13:12:00,CE,ATM-10,28.74701,329625,25000.0,25522.6,545.6,547.0,543.6,547.0,1425,1752046920
2025-07-09 13:13:00,CE,ATM-10,27.529369,12450,25050.0,25525.3,493.95,501.45,493.95,501.45,150,1752046980
2025-07-09 13:14:00,CE,ATM-10,27.238409,12450,25050.0,25525.4,500.8,500.8,500.8,500.8,75,1752047040
2025-07-09 13:15:00,CE,ATM-10,26.38327,12450,25050.0,25525.95,501.05,502.3,499.25,499.25,375,1752047100
2025-07-09 13:16:00,CE,ATM-10,26.38327,12450,25050.0,25525.95,499.25,499.25,499.25,499.25,0,1752047160
2025-07-09 13:17:00,CE,ATM-10,26.38327,12450,25050.0,25525.95,499.25,499.25,499.25,499.25,0,1752047220
2025-07-09 13:18:00,CE,ATM-10,26.38327,12450,25050.0,25525.95,499.25,499.25,499.25,499.25,0,1752047280
2025-07-09 13:19:00,CE,ATM-10,29.842396,326700,25000.0,25523.95,549.5,550.6,546.6,550.6,3750,1752047340
2025-07-09 13:20:00,CE,ATM-10,29.215347,326700,25000.0,25525.0,550.6,551.4,550.05,550.05,975,1752047400
2025-07-09 13:21:00,CE,ATM-10,29.502408,326700,25000.0,25524.9,550.05,551.65,550.0,550.6,900,1752047460
2025-07-09 13:22:00,CE,ATM-10,26.317584,12375,25050.0,25531.95,499.25,504.4,499.25,504.4,75,1752047520
2025-07-09 13:23:00,CE,ATM-10,26.317584,12375,25050.0,25531.95,504.4,504.4,504.4,504.4,0,1752047580
2025-07-09 13:24:00,CE,ATM-10,26.317584,12375,25050.0,25531.95,504.4,504.4,504.4,504.4,0,1752047640
2025-07-09 13:25:00,CE,ATM-10,26.317584,12375,25050.0,25531.95,504.4,504.4,504.4,504.4,0,1752047700
2025-07-09 13:26:00,CE,ATM-10,26.01513,12375,25050.0,25529.55,504.4,504.4,499.7,501.45,150,1752047760
2025-07-09 13:27:00,CE,ATM-10,26.01513,12375,25050.0,25529.55,501.45,501.45,501.45,501.45,0,1752047820
2025-07-09 13:28:00,CE,ATM-10,26.01513,12375,25050.0,25529.55,501.45,501.45,501.45,501.45,0,1752047880
2025-07-09 13:29:00,CE,ATM-10,26.01513,12375,25050.0,25529.55,501.45,501.45,501.45,501.45,0,1752047940
2025-07-09 13:30:00,CE,ATM-10,26.01513,12375,25050.0,25529.55,501.45,501.45,501.45,501.45,0,1752048000
2025-07-09 13:31:00,CE,ATM-10,26.01513,12375,25050.0,25529.55,501.45,501.45,501.45,501.45,0,1752048060
2025-07-09 13:32:00,CE,ATM-10,26.01513,12375,25050.0,25529.55,501.45,501.45,501.45,501.45,0,1752048120
2025-07-09 13:33:00,CE,ATM-10,26.01513,12375,25050.0,25529.55,501.45,501.45,501.45,501.45,0,1752048180
2025-07-09 13:34:00,CE,ATM-10,26.01513,12375,25050.0,25529.55,501.45,501.45,501.45,501.45,0,1752048240
2025-07-09 13:35:00,CE,ATM-10,26.01513,12375,25050.0,25529.55,501.45,501.45,501.45,501.45,0,1752048300
2025-07-09 13:36:00,CE,ATM-10,26.01513,12375,25050.0,25529.55,501.45,501.45,501.45,501.45,0,1752048360
2025-07-09 13:37:00,CE,ATM-10,23.162475,12375,25050.0,25528.25,494.45,494.45,494.45,494.45,75,1752048420
2025-07-09 13:38:00,CE,ATM-10,23.162475,12375,25050.0,25528.25,494.45,494.45,494.45,494.45,0,1752048480
2025-07-09 13:39:00,CE,ATM-10,23.355768,12375,25050.0,25529.8,494.45,496.2,494.45,496.2,75,1752048540
2025-07-09 13:40:00,CE,ATM-10,23.781353,12375,25050.0,25529.55,496.2,498.4,496.2,496.7,150,1752048600
2025-07-09 13:41:00,CE,ATM-10,23.781353,12375,25050.0,25529.55,496.7,496.7,496.7,496.7,0,1752048660
2025-07-09 13:42:00,CE,ATM-10,23.781353,12375,25050.0,25529.55,496.7,496.7,496.7,496.7,0,1752048720
2025-07-09 13:43:00,CE,ATM-10,23.781353,12375,25050.0,25529.55,496.7,496.7,496.7,496.7,0,1752048780
2025-07-09 13:44:00,CE,ATM-10,23.781353,12375,25050.0,25529.55,496.7,496.7,496.7,496.7,0,1752048840
2025-07-09 13:45:00,CE,ATM-10,23.475196,12375,25050.0,25529.05,496.7,496.7,495.6,495.6,75,1752048900
2025-07-09 13:46:00,CE,ATM-10,23.475196,12375,25050.0,25529.05,495.6,495.6,495.6,495.6,0,1752048960
2025-07-09 13:47:00,CE,ATM-10,23.475196,12375,25050.0,25529.05,495.6,495.6,495.6,495.6,0,1752049020
2025-07-09 13:48:00,CE,ATM-10,23.475196,12375,25050.0,25529.05,495.6,495.6,495.6,495.6,0,1752049080
2025-07-09 13:49:00,CE,ATM-10,28.140726,320025,25000.0,25524.05,547.95,548.75,545.55,546.1,675,1752049140
2025-07-09 13:50:00,CE,ATM-10,29.151237,320025,25000.0,25518.25,546.1,546.1,543.0,543.0,525,1752049200
2025-07-09 13:51:00,CE,ATM-10,28.188901,320025,25000.0,25521.1,543.0,543.45,543.0,543.45,825,1752049260
2025-07-09 13:52:00,CE,ATM-10,28.601329,320550,25000.0,25521.85,543.45,546.2,543.45,545.0,375,1752049320
2025-07-09 13:53:00,CE,ATM-10,28.601329,320550,25000.0,25521.85,545.0,545.0,545.0,545.0,0,1752049380
2025-07-09 13:54:00,CE,ATM-10,27.810177,320550,25000.0,25523.4,544.7,547.45,544.7,544.7,525,1752049440
2025-07-09 13:55:00,CE,ATM-10,28.043526,321075,25000.0,25522.9,544.7,545.75,544.7,544.7,300,1752049500
2025-07-09 13:56:00,CE,ATM-10,28.043526,321075,25000.0,25522.9,544.7,544.7,544.7,544.7,0,1752049560
2025-07-09 13:57:00,CE,ATM-10,26.836392,12375,25050.0,25526.85,497.3,500.1,497.3,500.1,225,1752049620
2025-07-09 13:58:00,CE,ATM-10,26.290397,12375,25050.0,25531.55,500.1,503.15,500.1,503.15,75,1752049680
2025-07-09 13:59:00,CE,ATM-10,26.290397,12375,25050.0,25531.55,503.15,503.15,503.15,503.15,0,1752049740
2025-07-09 14:00:00,CE,ATM-10,26.290397,12375,25050.0,25531.55,503.15,503.15,503.15,503.15,0,1752049800
2025-07-09 14:01:00,CE,ATM-10,26.290397,12375,25050.0,25531.55,503.15,503.15,503.15,503.15,0,1752049860
2025-07-09 14:02:00,CE,ATM-10,26.290397,12375,25050.0,25531.55,503.15,503.15,503.15,503.15,0,1752049920
2025-07-09 14:03:00,CE,ATM-10,25.676177,12375,25050.0,25526.6,503.15,503.15,497.2,497.2,75,1752049980
2025-07-09 14:04:00,CE,ATM-10,25.676177,12375,25050.0,25526.6,497.2,497.2,497.2,497.2,0,1752050040
2025-07-09 14:05:00,CE,ATM-10,28.621505,321075,25000.0,25521.55,546.5,547.0,544.45,544.45,1875,1752050100
2025-07-09 14:06:00,CE,ATM-10,28.192312,321075,25000.0,25519.9,544.45,544.45,542.0,542.0,450,1752050160
2025-07-09 14:07:00,CE,ATM-10,29.164302,321150,25000.0,25522.0,542.0,546.0,542.0,546.0,150,1752050220
2025-07-09 14:08:00,CE,ATM-10,29.164302,321150,25000.0,25522.0,546.0,546.0,546.0,546.0,0,1752050280
2025-07-09 14:09:00,CE,ATM-10,27.461526,321150,25000.0,25524.85,546.85,548.0,545.0,545.0,1050,1752050340
2025-07-09 14:10:00,CE,ATM-10,27.36129,321150,25000.0,25523.95,545.0,545.4,543.65,543.95,900,1752050400
2025-07-09 14:11:00,CE,ATM-10,27.36129,321150,25000.0,25523.95,543.95,543.95,543.95,543.95,0,1752050460
2025-07-09 14:12:00,CE,ATM-10,27.446179,321150,25000.0,25524.9,543.95,544.95,543.95,544.95,150,1752050520
2025-07-09 14:13:00,CE,ATM-10,26.062868,12375,25050.0,25527.7,492.6,498.8,492.6,498.8,150,1752050580
2025-07-09 14:14:00,CE,ATM-10,26.062868,12375,25050.0,25527.7,498.8,498.8,498.8,498.8,0,1752050640
2025-07-09 14:15:00,CE,ATM-10,29.64025,321900,25000.0,25524.3,548.7,554.4,548.7,548.95,2925,1752050700
2025-07-09 14:16:00,CE,ATM-10,28.301973,321750,25000.0,25521.0,548.95,548.95,540.3,543.0,1650,1752050760
2025-07-09 14:17:00,CE,ATM-10,26.231455,321750,25000.0,25513.75,543.0,543.0,526.7,532.2,9600,1752050820
2025-07-09 14:18:00,CE,ATM-10,26.358047,321750,25000.0,25513.95,532.2,535.8,527.8,532.6,2850,1752050880
2025-07-09 14:19:00,CE,ATM-10,25.707024,325575,25000.0,25520.1,532.6,537.7,530.0,537.15,3000,1752050940
2025-07-09 14:20:00,CE,ATM-10,25.150248,325575,25000.0,25520.95,537.15,537.15,535.05,537.0,1200,1752051000
2025-07-09 14:21:00,CE,ATM-10,27.20177,325575,25000.0,25519.95,537.0,539.7,536.05,539.7,1200,1752051060
2025-07-09 14:22:00,CE,ATM-10,27.129658,324225,25000.0,25521.15,539.7,541.55,536.15,540.65,1050,1752051120
2025-07-09 14:23:00,CE,ATM-10,26.617113,324225,25000.0,25513.7,540.65,540.65,531.5,532.75,1500,1752051180
2025-07-09 14:24:00,CE,ATM-10,24.920132,324225,25000.0,25508.6,532.55,537.65,524.95,524.95,6000,1752051240
2025-07-09 14:25:00,CE,ATM-10,25.393198,326250,25000.0,25509.95,519.75,528.3,515.7,527.0,8775,1752051300
2025-07-09 14:26:00,CE,ATM-10,26.985248,326250,25000.0,25505.8,527.0,532.55,526.1,526.1,4050,1752051360
2025-07-09 14:27:00,CE,ATM-10,25.308523,326250,25000.0,25494.55,526.1,526.35,505.55,512.45,16650,1752051420
2025-07-09 14:28:00,CE,ATM-10,26.467929,330075,25000.0,25499.1,512.3,519.75,509.05,518.85,7950,1752051480
2025-07-09 14:29:00,CE,ATM-10,26.302995,330075,25000.0,25492.05,518.85,520.25,512.0,512.0,3825,1752051540
2025-07-09 14:30:00,CE,ATM-10,25.034503,330075,25000.0,25481.0,512.0,512.0,496.05,499.3,23625,1752051600
2025-07-09 14:31:00,CE,ATM-10,25.882816,338775,25000.0,25482.1,499.3,502.5,491.45,501.95,14175,1752051660
2025-07-09 14:32:00,CE,ATM-10,28.241957,338775,25000.0,25484.45,502.5,509.95,501.05,509.2,14925,1752051720
2025-07-09 14:33:00,CE,ATM-10,24.972844,338775,25000.0,25476.55,502.95,502.95,494.45,495.0,8475,1752051780
2025-07-09 14:34:00,CE,ATM-10,26.100039,11100,24950.0,25457.4,543.25,543.5,525.6,525.6,450,1752051840
2025-07-09 14:35:00,CE,ATM-10,27.879019,11100,24950.0,25468.65,525.6,539.4,525.6,539.4,300,1752051900
2025-07-09 14:36:00,CE,ATM-10,27.879019,11100,24950.0,25468.65,539.4,539.4,539.4,539.4,0,1752051960
2025-07-09 14:37:00,CE,ATM-10,28.866415,326775,25000.0,25480.5,490.0,507.65,490.0,507.0,17700,1752052020
2025-07-09 14:38:00,CE,ATM-10,28.866415,326775,25000.0,25480.5,507.0,507.0,507.0,507.0,0,1752052080
2025-07-09 14:39:00,CE,ATM-10,28.037041,326775,25000.0,25478.15,492.35,502.85,492.35,502.85,7800,1752052140
2025-07-09 14:40:00,CE,ATM-10,31.906967,11100,24950.0,25470.1,546.95,549.7,546.95,549.7,75,1752052200
2025-07-09 14:41:00,CE,ATM-10,31.906967,11100,24950.0,25470.1,549.7,549.7,549.7,549.7,0,1752052260
2025-07-09 14:42:00,CE,ATM-10,31.310741,11100,24950.0,25465.45,549.7,549.7,542.45,544.0,675,1752052320
2025-07-09 14:43:00,CE,ATM-10,31.334719,11100,24950.0,25465.25,544.0,544.0,542.1,543.85,525,1752052380
2025-07-09 14:44:00,CE,ATM-10,31.334719,11100,24950.0,25465.25,543.85,543.85,543.85,543.85,0,1752052440
2025-07-09 14:45:00,CE,ATM-10,30.368633,11100,24950.0,25464.4,543.85,543.85,540.7,540.7,525,1752052500
2025-07-09 14:46:00,CE,ATM-10,30.368633,11100,24950.0,25464.4,540.7,540.7,540.7,540.7,0,1752052560
2025-07-09 14:47:00,CE,ATM-10,28.844037,10800,24950.0,25464.6,540.7,540.7,537.4,537.4,75,1752052620
2025-07-09 14:48:00,CE,ATM-10,31.10292,10800,24950.0,25458.4,537.4,537.4,537.0,537.0,75,1752052680
2025-07-09 14:49:00,CE,ATM-10,30.385663,10725,24950.0,25458.15,537.0,537.0,535.0,535.0,300,1752052740
2025-07-09 14:50:00,CE,ATM-10,35.206653,10725,24950.0,25451.15,535.0,541.8,535.0,541.8,1500,1752052800
2025-07-09 14:51:00,CE,ATM-10,31.998904,10725,24950.0,25459.5,541.8,541.8,540.15,540.15,75,1752052860
2025-07-09 14:52:00,CE,ATM-10,30.568246,11700,24950.0,25458.65,540.15,540.15,535.8,535.8,75,1752052920
2025-07-09 14:53:00,CE,ATM-10,33.829589,11700,24950.0,25425.75,535.8,535.8,515.7,515.7,600,1752052980
2025-07-09 14:54:00,CE,ATM-10,33.829589,11700,24950.0,25425.75,515.7,515.7,515.7,515.7,0,1752053040
2025-07-09 14:55:00,CE,ATM-10,33.829589,11700,24950.0,25425.75,515.7,515.7,515.7,515.7,0,1752053100
2025-07-09 14:56:00,CE,ATM-10,33.829589,11700,24950.0,25425.75,515.7,515.7,515.7,515.7,0,1752053160
2025-07-09 14:57:00,CE,ATM-10,33.829589,11700,24950.0,25425.75,515.7,515.7,515.7,515.7,0,1752053220
2025-07-09 14:58:00,CE,ATM-10,32.320672,11475,24950.0,25456.05,515.7,537.7,515.7,537.7,150,1752053280
2025-07-09 14:59:00,CE,ATM-10,31.221171,11475,24950.0,25461.8,537.7,540.0,537.7,540.0,75,1752053340
2025-07-09 15:00:00,CE,ATM-10,32.890872,11475,24950.0,25471.55,540.0,552.85,540.0,552.85,75,1752053400
2025-07-09 15:01:00,CE,ATM-10,32.059253,11625,24950.0,25474.1,552.85,553.0,552.85,553.0,75,1752053460
2025-07-09 15:02:00,CE,ATM-10,32.059253,11625,24950.0,25474.1,553.0,553.0,553.0,553.0,0,1752053520
2025-07-09 15:03:00,CE,ATM-10,32.059253,11625,24950.0,25474.1,553.0,553.0,553.0,553.0,0,1752053580
2025-07-09 15:04:00,CE,ATM-10,26.853753,326850,25000.0,25475.1,496.6,499.1,495.3,496.8,6900,1752053640
2025-07-09 15:05:00,CE,ATM-10,27.152338,326850,25000.0,25475.35,496.8,500.95,496.0,497.65,2775,1752053700
2025-07-09 15:06:00,CE,ATM-10,26.044713,326850,25000.0,25476.55,497.65,499.2,496.4,496.4,2100,1752053760
2025-07-09 15:07:00,CE,ATM-10,27.643615,327150,25000.0,25479.0,498.4,502.0,498.0,502.0,3150,1752053820
2025-07-09 15:08:00,CE,ATM-10,25.627206,327150,25000.0,25477.6,502.0,505.0,496.5,496.5,6825,1752053880
2025-07-09 15:09:00,CE,ATM-10,24.165497,327150,25000.0,25476.35,496.5,498.25,490.8,492.65,5775,1752053940
2025-07-09 15:10:00,CE,ATM-10,26.63337,318600,25000.0,25480.9,493.5,501.5,493.5,501.5,1950,1752054000
2025-07-09 15:11:00,CE,ATM-10,24.95227,318600,25000.0,25480.7,501.5,501.5,498.05,498.05,3825,1752054060
2025-07-09 15:12:00,CE,ATM-10,25.680396,318600,25000.0,25480.45,498.05,501.8,498.05,499.15,4050,1752054120
2025-07-09 15:13:00,CE,ATM-10,25.994944,316950,25000.0,25479.65,498.15,499.0,498.15,499.0,450,1752054180
2025-07-09 15:14:00,CE,ATM-10,24.923554,316950,25000.0,25478.4,499.0,501.0,495.8,495.8,2400,1752054240
2025-07-09 15:15:00,CE,ATM-10,26.707923,316950,25000.0,25481.35,497.6,502.8,497.6,501.95,5400,1752054300
2025-07-09 15:16:00,CE,ATM-10,25.995175,312075,25000.0,25477.55,502.8,502.8,497.0,497.0,1575,1752054360
2025-07-09 15:17:00,CE,ATM-10,25.995175,312075,25000.0,25477.55,497.0,497.0,497.0,497.0,0,1752054420
2025-07-09 15:18:00,CE,ATM-10,25.209544,11550,24950.0,25470.4,550.8,550.8,535.45,535.45,75,1752054480
2025-07-09 15:19:00,CE,ATM-10,25.209544,11550,24950.0,25470.4,535.45,535.45,535.45,535.45,0,1752054540
2025-07-09 15:20:00,CE,ATM-10,25.209544,11550,24950.0,25470.4,535.45,535.45,535.45,535.45,0,1752054600
2025-07-09 15:21:00,CE,ATM-10,28.400797,310200,25000.0,25476.4,496.95,501.05,496.8,501.0,5850,1752054660
2025-07-09 15:22:00,CE,ATM-10,27.750879,301275,25000.0,25475.3,500.3,503.0,498.5,498.5,2175,1752054720
2025-07-09 15:23:00,CE,ATM-10,30.968567,11550,24950.0,25474.75,549.0,550.35,548.75,550.35,300,1752054780
2025-07-09 15:24:00,CE,ATM-10,30.906602,11550,24950.0,25474.55,550.35,550.35,550.0,550.0,150,1752054840
2025-07-09 15:25:00,CE,ATM-10,28.052825,293250,25000.0,25477.95,498.85,503.7,498.85,501.5,4275,1752054900
2025-07-09 15:26:00,CE,ATM-10,26.480404,293250,25000.0,25476.9,501.5,502.05,497.15,497.15,2250,1752054960
2025-07-09 15:27:00,CE,ATM-10,27.041128,293250,25000.0,25475.05,497.15,498.85,496.6,496.6,3900,1752055020
2025-07-09 15:28:00,CE,ATM-10,25.725958,290550,25000.0,25475.15,496.6,497.0,493.8,494.0,21600,1752055080
2025-07-09 15:29:00,CE,ATM-10,25.725958,290550,25000.0,25475.15,494.0,494.0,494.0,494.0,0,1752055140
2025-07-10 09:15:00,CE,ATM-10,46.075176,301800,25000.0,25483.0,500.05,500.05,484.95,492.7,12075,1752119100
2025-07-10 09:16:00,CE,ATM-10,44.424634,301800,25000.0,25478.2,489.45,491.45,483.65,486.85,15225,1752119160
2025-07-10 09:17:00,CE,ATM-10,31.662864,301800,25000.0,25498.35,488.0,502.4,486.0,500.8,17325,1752119220
2025-07-10 09:18:00,CE,ATM-10,43.03823,303075,25000.0,25475.65,495.7,499.5,480.05,483.35,8850,1752119280
2025-07-10 09:19:00,CE,ATM-10,60.819631,10875,24950.0,25470.2,550.65,550.65,541.25,541.25,75,1752119340
2025-07-10 09:20:00,CE,ATM-10,53.969459,10875,24950.0,25462.25,541.25,541.25,524.7,526.55,150,1752119400
2025-07-10 09:21:00,CE,ATM-10,61.153069,10875,24950.0,25450.3,523.6,523.6,523.6,523.6,75,1752119460
2025-07-10 09:22:00,CE,ATM-10,47.965868,10875,24950.0,25452.5,523.6,523.6,510.2,512.1,1425,1752119520
2025-07-10 09:23:00,CE,ATM-10,49.45235,10875,24950.0,25452.9,512.1,516.0,512.1,513.6,300,1752119580
2025-07-10 09:24:00,CE,ATM-10,51.456168,10050,24950.0,25453.7,513.6,516.0,513.1,516.0,150,1752119640
2025-07-10 09:25:00,CE,ATM-10,42.640559,10050,24950.0,25460.15,516.0,516.0,515.85,515.85,75,1752119700
2025-07-10 09:26:00,CE,ATM-10,45.782032,10050,24950.0,25464.1,515.85,523.35,515.85,521.4,300,1752119760
2025-07-10 09:27:00,CE,ATM-10,55.351884,9900,24950.0,25456.8,521.4,522.35,521.4,522.35,150,1752119820
2025-07-10 09:28:00,CE,ATM-10,44.286418,9900,24950.0,25458.55,522.35,522.35,514.25,515.1,375,1752119880
2025-07-10 09:29:00,CE,ATM-10,38.737899,9900,24950.0,25450.9,515.1,518.65,505.0,505.0,450,1752119940
2025-07-10 09:30:00,CE,ATM-10,52.986101,9750,24950.0,25449.25,504.85,512.85,504.85,512.85,150,1752120000
2025-07-10 09:31:00,CE,ATM-10,50.765226,9750,24950.0,25450.55,512.85,512.85,502.75,512.0,225,1752120060
2025-07-10 09:32:00,CE,ATM-10,39.334591,9750,24950.0,25434.8,498.0,498.0,489.5,489.5,1050,1752120120
2025-07-10 09:33:00,CE,ATM-10,44.477916,10200,24950.0,25437.85,495.8,496.0,493.65,495.2,900,1752120180
2025-07-10 09:34:00,CE,ATM-10,37.568636,10200,24950.0,25444.65,495.2,498.35,495.2,498.35,150,1752120240
2025-07-10 09:35:00,CE,ATM-10,50.245389,10200,24950.0,25454.0,498.35,514.55,498.35,514.55,375,1752120300
2025-07-10 09:36:00,CE,ATM-10,46.723622,10425,24950.0,25451.2,514.55,514.75,509.25,509.25,300,1752120360
2025-07-10 09:37:00,CE,ATM-10,32.35601,10425,24950.0,25449.6,509.25,513.45,501.9,501.9,225,1752120420
2025-07-10 09:38:00,CE,ATM-10,50.033672,10425,24950.0,25439.6,501.9,501.9,500.7,500.7,150,1752120480
2025-07-10 09:39:00,CE,ATM-10,51.463242,10425,24950.0,25435.6,500.7,500.7,498.15,498.15,75,1752120540
2025-07-10 09:40:00,CE,ATM-10,46.326167,10500,24950.0,25439.85,498.15,498.15,498.0,498.0,75,1752120600
2025-07-10 09:41:00,CE,ATM-10,46.912846,10500,24950.0,25437.15,498.0,498.0,492.65,495.8,150,1752120660
2025-07-10 09:42:00,CE,ATM-10,46.912846,10500,24950.0,25437.15,495.8,495.8,495.8,495.8,0,1752120720
2025-07-10 09:43:00,CE,ATM-10,46.912846,10500,24950.0,25437.15,495.8,495.8,495.8,495.8,0,1752120780
2025-07-10 09:44:00,CE,ATM-10,46.912846,10500,24950.0,25437.15,495.8,495.8,495.8,495.8,0,1752120840
2025-07-10 09:45:00,CE,ATM-10,45.474472,10650,24950.0,25445.3,495.8,503.35,495.8,502.4,150,1752120900
2025-07-10 09:46:00,CE,ATM-10,51.622527,10650,24950.0,25448.05,502.4,510.8,502.4,509.4,375,1752120960
2025-07-10 09:47:00,CE,ATM-10,50.393558,10650,24950.0,25447.1,509.4,509.4,507.45,507.45,150,1752121020
2025-07-10 09:48:00,CE,ATM-10,50.393558,10650,24950.0,25447.1,507.45,507.45,507.45,507.45,0,1752121080
2025-07-10 09:49:00,CE,ATM-10,50.393558,10650,24950.0,25447.1,507.45,507.45,507.45,507.45,0,1752121140
2025-07-10 09:50:00,CE,ATM-10,50.393558,10650,24950.0,25447.1,507.45,507.45,507.45,507.45,0,1752121200
2025-07-10 09:51:00,CE,ATM-10,50.393558,10650,24950.0,25447.1,507.45,507.45,507.45,507.45,0,1752121260
2025-07-10 09:52:00,CE,ATM-10,42.632209,10125,24950.0,25435.65,507.45,507.45,490.3,491.25,525,1752121320
2025-07-10 09:53:00,CE,ATM-10,54.546889,53475,24900.0,25423.15,538.6,539.4,534.7,534.7,1650,1752121380
2025-07-10 09:54:00,CE,ATM-10,44.032361,52950,24900.0,25418.55,531.3,531.3,523.55,523.6,1350,1752121440
2025-07-10 09:55:00,CE,ATM-10,48.631212,52950,24900.0,25412.3,523.6,523.85,520.05,520.05,375,1752121500
2025-07-10 09:56:00,CE,ATM-10,52.985156,52950,24900.0,25418.6,520.05,529.0,520.05,529.0,1500,1752121560
2025-07-10 09:57:00,CE,ATM-10,55.201232,53100,24900.0,25410.65,529.0,532.05,523.3,523.3,150,1752121620
2025-07-10 09:58:00,CE,ATM-10,41.652609,10125,24950.0,25428.45,473.65,483.6,471.6,483.6,150,1752121680
2025-07-10 09:59:00,CE,ATM-10,49.609554,10125,24950.0,25426.6,483.6,488.85,483.6,486.85,300,1752121740
2025-07-10 10:00:00,CE,ATM-10,51.549147,10200,24950.0,25434.3,489.4,497.0,489.25,495.55,675,1752121800
2025-07-10 10:01:00,CE,ATM-10,50.678223,10200,24950.0,25432.4,495.55,496.35,493.0,493.0,225,1752121860
2025-07-10 10:02:00,CE,ATM-10,46.12187,10200,24950.0,25425.15,493.0,493.0,482.8,482.8,300,1752121920
2025-07-10 10:03:00,CE,ATM-10,37.686324,10200,24950.0,25429.4,482.8,482.8,482.8,482.8,150,1752121980
2025-07-10 10:04:00,CE,ATM-10,37.686324,10200,24950.0,25429.4,482.8,482.8,482.8,482.8,0,1752122040
2025-07-10 10:05:00,CE,ATM-10,46.151759,10500,24950.0,25430.75,482.8,488.0,482.8,488.0,75,1752122100
2025-07-10 10:06:00,CE,ATM-10,46.151759,10500,24950.0,25430.75,488.0,488.0,488.0,488.0,0,1752122160
2025-07-10 10:07:00,CE,ATM-10,52.353705,10500,24950.0,25426.0,488.0,490.0,488.0,488.0,300,1752122220
2025-07-10 10:08:00,CE,ATM-10,52.353705,10500,24950.0,25426.0,488.0,488.0,488.0,488.0,0,1752122280
2025-07-10 10:09:00,CE,ATM-10,53.689148,51750,24900.0,25419.9,540.0,540.0,528.55,529.9,225,1752122340
2025-07-10 10:10:00,CE,ATM-10,47.874428,51750,24900.0,25416.6,529.9,529.9,523.0,523.0,150,1752122400
2025-07-10 10:11:00,CE,ATM-10,43.072734,51750,24900.0,25417.1,523.0,523.0,520.0,521.25,300,1752122460
2025-07-10 10:12:00,CE,ATM-10,50.299399,51675,24900.0,25410.55,521.25,521.25,518.55,518.55,75,1752122520
2025-07-10 10:13:00,CE,ATM-10,50.299399,51675,24900.0,25410.55,518.55,518.55,518.55,518.55,0,1752122580
2025-07-10 10:14:00,CE,ATM-10,0.0,51675,24900.0,25413.05,511.95,513.05,504.85,513.05,750,1752122640
2025-07-10 10:15:00,CE,ATM-10,52.222628,52050,24900.0,25408.8,513.05,518.0,513.05,518.0,150,1752122700
2025-07-10 10:16:00,CE,ATM-10,0.0,52050,24900.0,25415.9,518.0,518.0,515.65,515.65,75,1752122760
2025-07-10 10:17:00,CE,ATM-10,57.545438,52050,24900.0,25413.1,515.65,526.0,515.65,526.0,825,1752122820
2025-07-10 10:18:00,CE,ATM-10,57.545438,52050,24900.0,25413.1,526.0,526.0,526.0,526.0,0,1752122880
2025-07-10 10:19:00,CE,ATM-10,57.545438,52050,24900.0,25413.1,526.0,526.0,526.0,526.0,0,1752122940
2025-07-10 10:20:00,CE,ATM-10,57.605588,52200,24900.0,25416.0,526.0,528.5,526.0,528.5,150,1752123000
2025-07-10 10:21:00,CE,ATM-10,53.408055,52200,24900.0,25413.2,528.5,530.5,522.6,522.6,150,1752123060
2025-07-10 10:22:00,CE,ATM-10,53.747462,52275,24900.0,25413.6,522.6,523.15,522.6,523.15,75,1752123120
2025-07-10 10:23:00,CE,ATM-10,61.442516,52275,24900.0,25416.05,523.15,531.65,523.15,531.65,450,1752123180
2025-07-10 10:24:00,CE,ATM-10,56.559438,52350,24900.0,25421.4,531.65,532.4,526.7,532.4,150,1752123240
2025-07-10 10:25:00,CE,ATM-10,56.559438,52350,24900.0,25421.4,532.4,532.4,532.4,532.4,0,1752123300
2025-07-10 10:26:00,CE,ATM-10,56.559438,52350,24900.0,25421.4,532.4,532.4,532.4,532.4,0,1752123360
2025-07-10 10:27:00,CE,ATM-10,61.300329,52425,24900.0,25420.25,532.4,535.0,526.3,535.0,225,1752123420
2025-07-10 10:28:00,CE,ATM-10,57.752408,52425,24900.0,25419.3,535.0,535.0,531.05,531.05,75,1752123480
2025-07-10 10:29:00,CE,ATM-10,57.752408,52425,24900.0,25419.3,531.05,531.05,531.05,531.05,0,1752123540
2025-07-10 10:30:00,CE,ATM-10,49.96945,52425,24900.0,25423.7,531.05,531.05,530.0,530.0,75,1752123600
2025-07-10 10:31:00,CE,ATM-10,49.96945,52425,24900.0,25423.7,530.0,530.0,530.0,530.0,0,1752123660
2025-07-10 10:32:00,CE,ATM-10,56.14759,52425,24900.0,25425.0,530.0,534.9,530.0,534.9,75,1752123720
2025-07-10 10:33:00,CE,ATM-10,58.657155,52500,24900.0,25422.4,534.9,534.9,534.25,534.25,75,1752123780
2025-07-10 10:34:00,CE,ATM-10,57.310287,52500,24900.0,25420.75,534.25,534.25,531.6,531.6,75,1752123840
2025-07-10 10:35:00,CE,ATM-10,57.310287,52500,24900.0,25420.75,531.6,531.6,531.6,531.6,0,1752123900
2025-07-10 10:36:00,CE,ATM-10,57.719733,46425,24900.0,25423.15,531.6,534.0,530.0,534.0,7950,1752123960
2025-07-10 10:37:00,CE,ATM-10,51.214173,46425,24900.0,25419.2,534.0,534.0,526.0,526.0,150,1752124020
2025-07-10 10:38:00,CE,ATM-10,51.214173,46425,24900.0,25419.2,526.0,526.0,526.0,526.0,0,1752124080
2025-07-10 10:39:00,CE,ATM-10,58.857456,46425,24900.0,25420.35,526.0,532.0,526.0,532.0,1875,1752124140
2025-07-10 10:40:00,CE,ATM-10,57.239827,46425,24900.0,25420.65,532.0,532.0,531.0,531.0,1200,1752124200
2025-07-10 10:41:00,CE,ATM-10,60.169606,46425,24900.0,25418.35,531.0,532.0,531.0,531.0,3600,1752124260
2025-07-10 10:42:00,CE,ATM-10,60.169606,46425,24900.0,25418.35,531.0,531.0,531.0,531.0,0,1752124320
2025-07-10 10:43:00,CE,ATM-10,60.169606,46425,24900.0,25418.35,531.0,531.0,531.0,531.0,0,1752124380
2025-07-10 10:44:00,CE,ATM-10,60.073152,42525,24900.0,25412.1,531.0,531.0,524.85,524.85,75,1752124440
2025-07-10 10:45:00,CE,ATM-10,57.52775,42600,24900.0,25419.45,524.85,529.7,524.85,529.7,75,1752124500
2025-07-10 10:46:00,CE,ATM-10,57.52775,42600,24900.0,25419.45,529.7,529.7,529.7,529.7,0,1752124560
2025-07-10 10:47:00,CE,ATM-10,57.52775,42600,24900.0,25419.45,529.7,529.7,529.7,529.7,0,1752124620
2025-07-10 10:48:00,CE,ATM-10,57.52775,42600,24900.0,25419.45,529.7,529.7,529.7,529.7,0,1752124680
2025-07-10 10:49:00,CE,ATM-10,54.161693,42600,24900.0,25403.55,529.7,529.7,512.15,512.15,75,1752124740
2025-07-10 10:50:00,CE,ATM-10,57.955061,42600,24900.0,25396.4,512.15,512.15,503.35,508.05,3075,1752124800
2025-07-10 10:51:00,CE,ATM-10,56.80177,43050,24900.0,25394.8,508.05,509.7,505.6,505.6,900,1752124860
2025-07-10 10:52:00,CE,ATM-10,55.346037,43050,24900.0,25386.3,505.6,507.05,496.5,496.5,525,1752124920
2025-07-10 10:53:00,CE,ATM-10,55.554734,43050,24900.0,25383.55,496.5,496.5,492.35,494.0,750,1752124980
2025-07-10 10:54:00,CE,ATM-10,52.426392,43200,24900.0,25389.05,494.0,499.9,494.0,497.0,975,1752125040
2025-07-10 10:55:00,CE,ATM-10,59.391526,43200,24900.0,25388.75,497.0,501.65,497.0,501.65,675,1752125100
2025-07-10 10:56:00,CE,ATM-10,59.391526,43200,24900.0,25388.75,501.65,501.65,501.65,501.65,0,1752125160
2025-07-10 10:57:00,CE,ATM-10,61.408769,42975,24900.0,25387.6,501.65,502.1,495.0,502.1,1950,1752125220
2025-07-10 10:58:00,CE,ATM-10,60.451117,42975,24900.0,25388.0,502.1,502.1,501.55,501.55,150,1752125280
2025-07-10 10:59:00,CE,ATM-10,57.760467,42975,24900.0,25388.9,501.9,501.9,500.0,500.15,300,1752125340
2025-07-10 11:00:00,CE,ATM-10,53.384742,43050,24900.0,25386.35,502.95,502.95,492.8,494.65,1950,1752125400
2025-07-10 11:01:00,CE,ATM-10,55.387187,43050,24900.0,25387.1,494.65,496.6,494.65,496.6,75,1752125460
2025-07-10 11:02:00,CE,ATM-10,58.523697,43050,24900.0,25384.2,496.6,496.6,496.1,496.1,375,1752125520
2025-07-10 11:03:00,CE,ATM-10,59.067925,43275,24900.0,25380.6,496.1,496.1,493.1,493.1,375,1752125580
2025-07-10 11:04:00,CE,ATM-10,59.067925,43275,24900.0,25380.6,493.1,493.1,493.1,493.1,0,1752125640
2025-07-10 11:05:00,CE,ATM-10,62.880575,43275,24900.0,25383.35,493.1,498.65,489.15,498.65,1800,1752125700
2025-07-10 11:06:00,CE,ATM-10,59.903102,42525,24900.0,25382.45,495.55,495.55,495.2,495.2,225,1752125760
2025-07-10 11:07:00,CE,ATM-10,55.120892,42525,24900.0,25380.75,495.2,495.2,490.0,490.0,225,1752125820
2025-07-10 11:08:00,CE,ATM-10,55.120892,42525,24900.0,25380.75,490.0,490.0,490.0,490.0,0,1752125880
2025-07-10 11:09:00,CE,ATM-10,58.162285,42450,24900.0,25379.95,490.0,491.85,490.0,491.25,150,1752125940
2025-07-10 11:10:00,CE,ATM-10,61.594862,42450,24900.0,25384.2,491.25,497.8,490.05,497.8,300,1752126000
2025-07-10 11:11:00,CE,ATM-10,61.688226,42450,24900.0,25385.8,497.8,499.55,497.8,499.25,150,1752126060
2025-07-10 11:12:00,CE,ATM-10,58.164814,42375,24900.0,25388.85,499.25,500.2,494.45,499.3,600,1752126120
2025-07-10 11:13:00,CE,ATM-10,57.118572,42375,24900.0,25392.1,499.3,501.55,499.3,501.55,150,1752126180
2025-07-10 11:14:00,CE,ATM-10,57.118572,42375,24900.0,25392.1,501.55,501.55,501.55,501.55,0,1752126240
2025-07-10 11:15:00,CE,ATM-10,57.2886,42375,24900.0,25394.75,501.55,504.0,501.55,504.0,300,1752126300
2025-07-10 11:16:00,CE,ATM-10,57.086837,42450,24900.0,25393.75,504.0,505.7,502.85,502.85,525,1752126360
2025-07-10 11:17:00,CE,ATM-10,60.356006,42450,24900.0,25391.0,502.85,503.9,502.45,502.45,300,1752126420
2025-07-10 11:18:00,CE,ATM-10,61.679588,42150,24900.0,25389.65,502.45,502.45,502.1,502.1,75,1752126480
2025-07-10 11:19:00,CE,ATM-10,58.605973,42150,24900.0,25386.75,502.1,502.1,497.05,497.05,450,1752126540
2025-07-10 11:20:00,CE,ATM-10,58.819853,42150,24900.0,25386.95,497.05,498.45,497.05,497.3,300,1752126600
2025-07-10 11:21:00,CE,ATM-10,58.720248,42525,24900.0,25380.7,497.3,497.3,491.2,491.3,225,1752126660
2025-07-10 11:22:00,CE,ATM-10,58.720248,42525,24900.0,25380.7,491.3,491.3,491.3,491.3,0,1752126720
2025-07-10 11:23:00,CE,ATM-10,58.720248,42525,24900.0,25380.7,491.3,491.3,491.3,491.3,0,1752126780
2025-07-10 11:24:00,CE,ATM-10,58.720248,42525,24900.0,25380.7,491.3,491.3,491.3,491.3,0,1752126840
2025-07-10 11:25:00,CE,ATM-10,69.240463,5850,24850.0,25367.25,556.15,556.15,525.3,532.75,525,1752126900
2025-07-10 11:26:00,CE,ATM-10,67.116273,5850,24850.0,25372.9,532.75,536.15,532.75,536.15,225,1752126960
2025-07-10 11:27:00,CE,ATM-10,61.558327,41475,24900.0,25375.5,486.0,488.0,485.85,488.0,450,1752127020
2025-07-10 11:28:00,CE,ATM-10,59.885725,41475,24900.0,25376.95,488.0,488.0,488.0,488.0,75,1752127080
2025-07-10 11:29:00,CE,ATM-10,62.069968,41475,24900.0,25377.35,488.0,489.9,486.6,489.9,1050,1752127140
2025-07-10 11:30:00,CE,ATM-10,61.5849,41850,24900.0,25381.2,489.9,493.0,489.9,493.0,600,1752127200
2025-07-10 11:31:00,CE,ATM-10,61.5849,41850,24900.0,25381.2,493.0,493.0,493.0,493.0,0,1752127260
2025-07-10 11:32:00,CE,ATM-10,61.5849,41850,24900.0,25381.2,493.0,493.0,493.0,493.0,0,1752127320
2025-07-10 11:33:00,CE,ATM-10,59.344858,41850,24900.0,25377.15,482.4,487.35,482.4,487.35,375,1752127380
2025-07-10 11:34:00,CE,ATM-10,59.344858,41850,24900.0,25377.15,487.35,487.35,487.35,487.35,0,1752127440
2025-07-10 11:35:00,CE,ATM-10,59.344858,41850,24900.0,25377.15,487.35,487.35,487.35,487.35,0,1752127500
2025-07-10 11:36:00,CE,ATM-10,59.344858,41850,24900.0,25377.15,487.35,487.35,487.35,487.35,0,1752127560
2025-07-10 11:37:00,CE,ATM-10,59.344858,41850,24900.0,25377.15,487.35,487.35,487.35,487.35,0,1752127620
2025-07-10 11:38:00,CE,ATM-10,59.344858,41850,24900.0,25377.15,487.35,487.35,487.35,487.35,0,1752127680
2025-07-10 11:39:00,CE,ATM-10,59.344858,41850,24900.0,25377.15,487.35,487.35,487.35,487.35,0,1752127740
2025-07-10 11:40:00,CE,ATM-10,62.481747,42150,24900.0,25378.35,489.65,490.0,489.65,490.0,75,1752127800
2025-07-10 11:41:00,CE,ATM-10,65.118321,42150,24900.0,25379.95,490.0,493.35,490.0,493.35,150,1752127860
2025-07-10 11:42:00,CE,ATM-10,58.11147,42150,24900.0,25379.5,493.35,493.35,488.0,488.0,150,1752127920
2025-07-10 11:43:00,CE,ATM-10,58.11147,42150,24900.0,25379.5,488.0,488.0,488.0,488.0,0,1752127980
2025-07-10 11:44:00,CE,ATM-10,58.11147,42150,24900.0,25379.5,488.0,488.0,488.0,488.0,0,1752128040
2025-07-10 11:45:00,CE,ATM-10,58.11147,42150,24900.0,25379.5,488.0,488.0,488.0,488.0,0,1752128100
2025-07-10 11:46:00,CE,ATM-10,64.684279,42225,24900.0,25382.7,488.0,495.0,483.9,495.0,225,1752128160
2025-07-10 11:47:00,CE,ATM-10,61.14006,42225,24900.0,25382.85,495.0,495.0,492.6,492.6,75,1752128220
2025-07-10 11:48:00,CE,ATM-10,61.14006,42225,24900.0,25382.85,492.6,492.6,492.6,492.6,0,1752128280
2025-07-10 11:49:00,CE,ATM-10,61.14006,42225,24900.0,25382.85,492.6,492.6,492.6,492.6,0,1752128340
2025-07-10 11:50:00,CE,ATM-10,63.281484,42150,24900.0,25378.1,492.6,492.6,489.3,489.3,75,1752128400
2025-07-10 11:51:00,CE,ATM-10,63.281484,42150,24900.0,25378.1,489.3,489.3,489.3,489.3,0,1752128460
2025-07-10 11:52:00,CE,ATM-10,63.281484,42150,24900.0,25378.1,489.3,489.3,489.3,489.3,0,1752128520
2025-07-10 11:53:00,CE,ATM-10,60.379628,42150,24900.0,25380.1,489.3,489.3,489.0,489.0,75,1752128580
2025-07-10 11:54:00,CE,ATM-10,60.379628,42150,24900.0,25380.1,489.0,489.0,489.0,489.0,0,1752128640
2025-07-10 11:55:00,CE,ATM-10,68.648011,42075,24900.0,25381.75,495.0,496.05,495.0,496.05,225,1752128700
2025-07-10 11:56:00,CE,ATM-10,63.502851,42075,24900.0,25378.5,496.05,496.05,489.2,489.2,75,1752128760
2025-07-10 11:57:00,CE,ATM-10,64.293166,42075,24900.0,25376.75,489.2,489.2,488.0,488.0,75,1752128820
2025-07-10 11:58:00,CE,ATM-10,64.293166,42075,24900.0,25376.75,488.0,488.0,488.0,488.0,0,1752128880
2025-07-10 11:59:00,CE,ATM-10,64.293166,42075,24900.0,25376.75,488.0,488.0,488.0,488.0,0,1752128940
2025-07-10 12:00:00,CE,ATM-10,55.839084,6450,24850.0,25372.8,543.75,543.75,527.15,527.15,75,1752129000
2025-07-10 12:01:00,CE,ATM-10,55.839084,6450,24850.0,25372.8,527.15,527.15,527.15,527.15,0,1752129060
2025-07-10 12:02:00,CE,ATM-10,62.845073,6450,24850.0,25367.15,527.15,527.15,524.6,524.6,1050,1752129120
2025-07-10 12:03:00,CE,ATM-10,71.804767,6450,24850.0,25368.05,524.6,530.75,524.6,530.75,225,1752129180
2025-07-10 12:04:00,CE,ATM-10,69.909376,5700,24850.0,25367.4,530.75,530.75,528.75,528.75,75,1752129240
2025-07-10 12:05:00,CE,ATM-10,63.353913,5700,24850.0,25367.4,528.75,528.75,524.85,524.85,75,1752129300
2025-07-10 12:06:00,CE,ATM-10,63.353913,5700,24850.0,25367.4,524.85,524.85,524.85,524.85,0,1752129360
2025-07-10 12:07:00,CE,ATM-10,63.353913,5700,24850.0,25367.4,524.85,524.85,524.85,524.85,0,1752129420
2025-07-10 12:08:00,CE,ATM-10,70.323937,5775,24850.0,25361.55,524.85,524.85,523.1,523.1,225,1752129480
2025-07-10 12:09:00,CE,ATM-10,70.323937,5775,24850.0,25361.55,523.1,523.1,523.1,523.1,0,1752129540
2025-07-10 12:10:00,CE,ATM-10,70.323937,5775,24850.0,25361.55,523.1,523.1,523.1,523.1,0,1752129600
2025-07-10 12:11:00,CE,ATM-10,70.323937,5775,24850.0,25361.55,523.1,523.1,523.1,523.1,0,1752129660
2025-07-10 12:12:00,CE,ATM-10,70.323937,5775,24850.0,25361.55,523.1,523.1,523.1,523.1,0,1752129720
2025-07-10 12:13:00,CE,ATM-10,68.116571,5925,24850.0,25368.7,523.95,527.9,523.95,527.9,75,1752129780
2025-07-10 12:14:00,CE,ATM-10,68.116571,5925,24850.0,25368.7,527.9,527.9,527.9,527.9,0,1752129840
2025-07-10 12:15:00,CE,ATM-10,68.116571,5925,24850.0,25368.7,527.9,527.9,527.9,527.9,0,1752129900
2025-07-10 12:16:00,CE,ATM-10,63.850791,5925,24850.0,25368.25,527.9,527.9,525.0,525.0,75,1752129960
2025-07-10 12:17:00,CE,ATM-10,63.850791,5925,24850.0,25368.25,525.0,525.0,525.0,525.0,0,1752130020
2025-07-10 12:18:00,CE,ATM-10,63.850791,5925,24850.0,25368.25,525.0,525.0,525.0,525.0,0,1752130080
2025-07-10 12:19:00,CE,ATM-10,60.639985,42675,24900.0,25378.6,474.7,485.5,474.7,485.5,300,1752130140
2025-07-10 12:20:00,CE,ATM-10,41.502703,42675,24900.0,25380.2,485.5,485.5,481.5,481.6,300,1752130200
2025-07-10 12:21:00,CE,ATM-10,42.647619,42675,24900.0,25381.0,481.6,485.0,481.6,482.5,225,1752130260
2025-07-10 12:22:00,CE,ATM-10,55.655388,42450,24900.0,25384.65,482.5,489.0,482.5,489.0,75,1752130320
2025-07-10 12:23:00,CE,ATM-10,59.745134,42450,24900.0,25394.25,489.0,499.75,486.8,499.75,3300,1752130380
2025-07-10 12:24:00,CE,ATM-10,47.862475,42975,24900.0,25396.35,499.75,502.2,498.0,498.35,600,1752130440
2025-07-10 12:25:00,CE,ATM-10,51.233077,42975,24900.0,25390.65,498.35,498.35,493.4,493.4,75,1752130500
2025-07-10 12:26:00,CE,ATM-10,65.700006,42975,24900.0,25389.25,493.4,497.9,493.4,497.55,975,1752130560
2025-07-10 12:27:00,CE,ATM-10,56.479846,42975,24900.0,25390.9,497.55,497.55,495.05,495.05,150,1752130620
2025-07-10 12:28:00,CE,ATM-10,56.479846,42975,24900.0,25390.9,495.05,495.05,495.05,495.05,0,1752130680
2025-07-10 12:29:00,CE,ATM-10,69.461515,42900,24900.0,25402.9,495.05,514.8,495.05,512.15,3825,1752130740
2025-07-10 12:30:00,CE,ATM-10,37.552759,43725,24900.0,25404.65,512.15,518.4,505.6,505.6,750,1752130800
2025-07-10 12:31:00,CE,ATM-10,0.0,43725,24900.0,25399.85,505.6,505.6,498.8,498.8,825,1752130860
2025-07-10 12:32:00,CE,ATM-10,54.626877,43725,24900.0,25402.2,498.8,507.3,498.8,505.25,300,1752130920
2025-07-10 12:33:00,CE,ATM-10,46.032305,43725,24900.0,25394.15,505.25,505.25,495.7,495.7,150,1752130980
2025-07-10 12:34:00,CE,ATM-10,0.0,43425,24900.0,25399.7,495.7,500.75,495.7,496.9,300,1752131040
2025-07-10 12:35:00,CE,ATM-10,60.272521,43425,24900.0,25405.05,503.9,509.55,503.9,509.55,525,1752131100
2025-07-10 12:36:00,CE,ATM-10,60.283405,43425,24900.0,25404.75,509.55,510.7,508.0,509.2,450,1752131160
2025-07-10 12:37:00,CE,ATM-10,0.0,43125,24900.0,25406.4,507.0,507.0,507.0,507.0,75,1752131220
2025-07-10 12:38:00,CE,ATM-10,71.79952,43125,24900.0,25407.2,507.0,516.45,507.0,516.45,750,1752131280
2025-07-10 12:39:00,CE,ATM-10,55.997351,43125,24900.0,25408.05,516.45,516.45,511.0,511.0,525,1752131340
2025-07-10 12:40:00,CE,ATM-10,60.820581,43125,24900.0,25404.0,511.0,511.0,508.4,508.4,75,1752131400
2025-07-10 12:41:00,CE,ATM-10,55.495316,43125,24900.0,25400.85,508.4,508.4,503.75,503.75,1800,1752131460
2025-07-10 12:42:00,CE,ATM-10,50.119172,43125,24900.0,25398.4,503.75,503.75,500.25,500.25,300,1752131520
2025-07-10 12:43:00,CE,ATM-10,54.222347,42825,24900.0,25392.3,500.25,500.25,495.0,495.0,825,1752131580
2025-07-10 12:44:00,CE,ATM-10,0.0,42825,24900.0,25389.45,495.0,495.0,490.0,490.0,1875,1752131640
2025-07-10 12:45:00,CE,ATM-10,0.0,42825,24900.0,25388.2,490.0,493.6,487.0,487.0,1275,1752131700
2025-07-10 12:46:00,CE,ATM-10,0.0,42825,24900.0,25388.2,487.0,487.0,487.0,487.0,0,1752131760
2025-07-10 12:47:00,CE,ATM-10,0.0,42825,24900.0,25388.2,487.0,487.0,487.0,487.0,0,1752131820
2025-07-10 12:48:00,CE,ATM-10,65.866033,43950,24900.0,25387.65,487.0,494.0,487.0,494.0,1500,1752131880
2025-07-10 12:49:00,CE,ATM-10,65.866033,43950,24900.0,25387.65,494.0,494.0,494.0,494.0,0,1752131940
2025-07-10 12:50:00,CE,ATM-10,72.448985,42525,24900.0,25391.25,494.0,500.35,494.0,500.35,225,1752132000
2025-07-10 12:51:00,CE,ATM-10,72.448985,42525,24900.0,25391.25,500.35,500.35,500.35,500.35,0,1752132060
2025-07-10 12:52:00,CE,ATM-10,74.047502,42600,24900.0,25400.25,500.35,509.4,500.35,509.4,1575,1752132120
2025-07-10 12:53:00,CE,ATM-10,74.576341,42600,24900.0,25396.95,509.4,509.4,506.45,506.45,525,1752132180
2025-07-10 12:54:00,CE,ATM-10,74.347128,42600,24900.0,25388.85,505.2,505.2,498.6,498.6,1275,1752132240
2025-07-10 12:55:00,CE,ATM-10,74.347128,42600,24900.0,25388.85,498.6,498.6,498.6,498.6,0,1752132300
2025-07-10 12:56:00,CE,ATM-10,74.347128,42600,24900.0,25388.85,498.6,498.6,498.6,498.6,0,1752132360
2025-07-10 12:57:00,CE,ATM-10,70.637956,42600,24900.0,25392.95,498.6,500.25,498.6,500.25,75,1752132420
2025-07-10 12:58:00,CE,ATM-10,65.754778,42600,24900.0,25399.6,500.25,504.55,500.25,504.55,75,1752132480
2025-07-10 12:59:00,CE,ATM-10,72.541134,42600,24900.0,25400.6,504.55,508.15,504.55,508.15,150,1752132540
2025-07-10 13:00:00,CE,ATM-10,49.455509,42600,24900.0,25395.65,508.15,508.15,497.0,497.0,225,1752132600
2025-07-10 13:01:00,CE,ATM-10,61.319146,42450,24900.0,25393.45,497.0,497.0,497.0,497.0,75,1752132660
2025-07-10 13:02:00,CE,ATM-10,71.254984,42450,24900.0,25393.5,497.0,500.5,497.0,500.5,225,1752132720
2025-07-10 13:03:00,CE,ATM-10,71.254984,42450,24900.0,25393.5,500.5,500.5,500.5,500.5,0,1752132780
2025-07-10 13:04:00,CE,ATM-10,71.254984,42450,24900.0,25393.5,500.5,500.5,500.5,500.5,0,1752132840
2025-07-10 13:05:00,CE,ATM-10,73.160974,42525,24900.0,25386.1,500.5,500.5,493.75,494.0,225,1752132900
2025-07-10 13:06:00,CE,ATM-10,62.826833,42525,24900.0,25383.6,494.0,494.0,487.55,487.55,3300,1752132960
2025-07-10 13:07:00,CE,ATM-10,62.826833,42525,24900.0,25383.6,487.55,487.55,487.55,487.55,0,1752133020
2025-07-10 13:08:00,CE,ATM-10,62.826833,42525,24900.0,25383.6,487.55,487.55,487.55,487.55,0,1752133080
2025-07-10 13:09:00,CE,ATM-10,77.220265,44775,24900.0,25380.6,487.55,490.3,487.55,490.3,75,1752133140
2025-07-10 13:10:00,CE,ATM-10,77.220265,44775,24900.0,25380.6,490.3,490.3,490.3,490.3,0,1752133200
2025-07-10 13:11:00,CE,ATM-10,77.220265,44775,24900.0,25380.6,490.3,490.3,490.3,490.3,0,1752133260
2025-07-10 13:12:00,CE,ATM-10,67.775566,44700,24900.0,25385.55,490.3,490.55,490.3,490.55,75,1752133320
2025-07-10 13:13:00,CE,ATM-10,71.205511,44700,24900.0,25382.7,490.55,490.55,489.0,489.0,300,1752133380
2025-07-10 13:14:00,CE,ATM-10,71.205511,44700,24900.0,25382.7,489.0,489.0,489.0,489.0,0,1752133440
2025-07-10 13:15:00,CE,ATM-10,71.205511,44700,24900.0,25382.7,489.0,489.0,489.0,489.0,0,1752133500
2025-07-10 13:16:00,CE,ATM-10,71.205511,44700,24900.0,25382.7,489.0,489.0,489.0,489.0,0,1752133560
2025-07-10 13:17:00,CE,ATM-10,79.034459,45000,24900.0,25382.6,489.0,491.9,489.0,491.9,300,1752133620
2025-07-10 13:18:00,CE,ATM-10,59.50416,45000,24900.0,25389.7,491.9,492.0,491.9,492.0,525,1752133680
2025-07-10 13:19:00,CE,ATM-10,77.898767,44550,24900.0,25395.25,492.0,503.0,492.0,503.0,75,1752133740
2025-07-10 13:20:00,CE,ATM-10,73.146964,44550,24900.0,25397.05,503.0,503.0,502.7,502.7,225,1752133800
2025-07-10 13:21:00,CE,ATM-10,74.385512,44550,24900.0,25398.05,502.7,504.0,501.75,504.0,2400,1752133860
2025-07-10 13:22:00,CE,ATM-10,74.385512,44550,24900.0,25398.05,504.0,504.0,504.0,504.0,0,1752133920
2025-07-10 13:23:00,CE,ATM-10,85.495278,43575,24900.0,25391.1,504.0,504.0,502.15,502.15,225,1752133980
2025-07-10 13:24:00,CE,ATM-10,85.495278,43575,24900.0,25391.1,502.15,502.15,502.15,502.15,0,1752134040
2025-07-10 13:25:00,CE,ATM-10,85.495278,43575,24900.0,25391.1,502.15,502.15,502.15,502.15,0,1752134100
2025-07-10 13:26:00,CE,ATM-10,85.495278,43575,24900.0,25391.1,502.15,502.15,502.15,502.15,0,1752134160
2025-07-10 13:27:00,CE,ATM-10,85.495278,43575,24900.0,25391.1,502.15,502.15,502.15,502.15,0,1752134220
2025-07-10 13:28:00,CE,ATM-10,80.27877,43650,24900.0,25389.2,497.05,497.05,497.05,497.05,150,1752134280
2025-07-10 13:29:00,CE,ATM-10,80.084071,43650,24900.0,25390.55,497.05,498.1,497.05,498.1,75,1752134340
2025-07-10 13:30:00,CE,ATM-10,76.876885,43650,24900.0,25396.25,498.1,502.15,498.1,502.15,225,1752134400
2025-07-10 13:31:00,CE,ATM-10,87.580009,43500,24900.0,25393.15,502.15,503.75,502.15,503.65,225,1752134460
2025-07-10 13:32:00,CE,ATM-10,79.47872,43500,24900.0,25387.3,503.65,503.65,493.9,494.35,900,1752134520
2025-07-10 13:33:00,CE,ATM-10,79.47872,43500,24900.0,25387.3,494.35,494.35,494.35,494.35,0,1752134580
2025-07-10 13:34:00,CE,ATM-10,79.47872,43500,24900.0,25387.3,494.35,494.35,494.35,494.35,0,1752134640
2025-07-10 13:35:00,CE,ATM-10,80.026715,43050,24900.0,25390.3,494.35,497.0,494.35,497.0,75,1752134700
2025-07-10 13:36:00,CE,ATM-10,80.026715,43050,24900.0,25390.3,497.0,497.0,497.0,497.0,0,1752134760
2025-07-10 13:37:00,CE,ATM-10,87.770413,42975,24900.0,25388.9,497.0,498.65,497.0,498.65,75,1752134820
2025-07-10 13:38:00,CE,ATM-10,87.770413,42975,24900.0,25388.9,498.65,498.65,498.65,498.65,0,1752134880
2025-07-10 13:39:00,CE,ATM-10,81.922055,42975,24900.0,25386.5,498.65,498.65,493.55,493.55,300,1752134940
2025-07-10 13:40:00,CE,ATM-10,78.996404,43275,24900.0,25384.05,493.55,493.55,490.0,490.0,825,1752135000
2025-07-10 13:41:00,CE,ATM-10,78.996404,43275,24900.0,25384.05,490.0,490.0,490.0,490.0,0,1752135060
2025-07-10 13:42:00,CE,ATM-10,78.996404,43275,24900.0,25384.05,490.0,490.0,490.0,490.0,0,1752135120
2025-07-10 13:43:00,CE,ATM-10,82.187907,43500,24900.0,25378.8,490.0,490.0,485.75,485.75,450,1752135180
2025-07-10 13:44:00,CE,ATM-10,82.575036,7275,24850.0,25367.6,542.25,542.25,522.75,522.75,75,1752135240
2025-07-10 13:45:00,CE,ATM-10,82.575036,7275,24850.0,25367.6,522.75,522.75,522.75,522.75,0,1752135300
2025-07-10 13:46:00,CE,ATM-10,82.575036,7275,24850.0,25367.6,522.75,522.75,522.75,522.75,0,1752135360
2025-07-10 13:47:00,CE,ATM-10,82.575036,7275,24850.0,25367.6,522.75,522.75,522.75,522.75,0,1752135420
2025-07-10 13:48:00,CE,ATM-10,82.575036,7275,24850.0,25367.6,522.75,522.75,522.75,522.75,0,1752135480
2025-07-10 13:49:00,CE,ATM-10,71.96901,43650,24900.0,25377.8,480.0,481.0,480.0,481.0,150,1752135540
2025-07-10 13:50:00,CE,ATM-10,89.409339,43650,24900.0,25384.7,491.25,493.0,491.25,493.0,225,1752135600
2025-07-10 13:51:00,CE,ATM-10,88.933322,43650,24900.0,25382.5,493.0,495.35,490.55,490.55,375,1752135660
2025-07-10 13:52:00,CE,ATM-10,88.933322,43650,24900.0,25382.5,490.55,490.55,490.55,490.55,0,1752135720
2025-07-10 13:53:00,CE,ATM-10,97.710612,43575,24900.0,25378.8,490.55,490.55,490.55,490.55,75,1752135780
2025-07-10 13:54:00,CE,ATM-10,96.274854,43575,24900.0,25377.05,490.55,490.55,488.0,488.0,225,1752135840
2025-07-10 13:55:00,CE,ATM-10,93.36063,43275,24900.0,25376.55,488.0,489.1,486.0,486.0,900,1752135900
2025-07-10 13:56:00,CE,ATM-10,91.377766,43275,24900.0,25376.85,486.0,486.0,485.25,485.25,150,1752135960
2025-07-10 13:57:00,CE,ATM-10,91.377766,43275,24900.0,25376.85,485.25,485.25,485.25,485.25,0,1752136020
2025-07-10 13:58:00,CE,ATM-10,116.361294,7350,24850.0,25359.1,526.45,526.45,526.45,526.45,450,1752136080
2025-07-10 13:59:00,CE,ATM-10,116.361294,7350,24850.0,25359.1,526.45,526.45,526.45,526.45,0,1752136140
2025-07-10 14:00:00,CE,ATM-10,116.361294,7350,24850.0,25359.1,526.45,526.45,526.45,526.45,0,1752136200
2025-07-10 14:01:00,CE,ATM-10,84.34327,43425,24900.0,25379.55,474.0,486.25,474.0,484.55,300,1752136260
2025-07-10 14:02:00,CE,ATM-10,94.002894,43425,24900.0,25381.25,484.55,489.2,484.55,489.2,75,1752136320
2025-07-10 14:03:00,CE,ATM-10,103.73892,43425,24900.0,25388.55,489.2,499.8,489.2,499.8,10200,1752136380
2025-07-10 14:04:00,CE,ATM-10,114.474604,52200,24900.0,25383.05,499.8,499.8,496.6,499.75,450,1752136440
2025-07-10 14:05:00,CE,ATM-10,95.724895,52200,24900.0,25396.25,499.75,503.4,494.7,503.4,225,1752136500
2025-07-10 14:06:00,CE,ATM-10,118.414487,52200,24900.0,25423.95,503.4,540.0,503.4,538.4,9525,1752136560
2025-07-10 14:07:00,CE,ATM-10,116.455589,52200,24900.0,25424.55,538.4,538.4,531.15,537.7,2475,1752136620
2025-07-10 14:08:00,CE,ATM-10,127.067758,52200,24900.0,25411.65,537.7,537.7,530.9,530.9,900,1752136680
2025-07-10 14:09:00,CE,ATM-10,89.427097,52200,24900.0,25407.05,530.9,530.9,510.45,511.25,1875,1752136740
2025-07-10 14:10:00,CE,ATM-10,89.305697,52725,24900.0,25408.15,511.25,514.3,511.25,512.15,375,1752136800
2025-07-10 14:11:00,CE,ATM-10,105.240903,52725,24900.0,25406.0,512.15,521.3,512.15,514.65,1725,1752136860
2025-07-10 14:12:00,CE,ATM-10,0.0,52725,24900.0,25391.0,514.65,514.65,490.15,490.95,2625,1752136920
2025-07-10 14:13:00,CE,ATM-10,86.263172,54450,24900.0,25390.6,490.95,494.1,490.95,494.1,225,1752136980
2025-07-10 14:14:00,CE,ATM-10,121.740359,54450,24900.0,25393.95,494.1,509.6,494.1,509.6,2250,1752137040
2025-07-10 14:15:00,CE,ATM-10,120.135194,54450,24900.0,25395.05,509.6,509.6,509.45,509.45,150,1752137100
2025-07-10 14:16:00,CE,ATM-10,106.384621,55350,24900.0,25399.2,509.45,509.45,502.85,507.4,375,1752137160
2025-07-10 14:17:00,CE,ATM-10,119.331407,55350,24900.0,25402.6,507.4,517.3,507.4,515.3,2775,1752137220
2025-07-10 14:18:00,CE,ATM-10,113.262116,55350,24900.0,25399.9,515.3,515.3,507.4,510.0,450,1752137280
2025-07-10 14:19:00,CE,ATM-10,108.088482,57075,24900.0,25401.2,510.0,510.0,509.1,509.1,75,1752137340
2025-07-10 14:20:00,CE,ATM-10,108.088482,57075,24900.0,25401.2,509.1,509.1,509.1,509.1,0,1752137400
2025-07-10 14:21:00,CE,ATM-10,108.088482,57075,24900.0,25401.2,509.1,509.1,509.1,509.1,0,1752137460
2025-07-10 14:22:00,CE,ATM-10,118.32412,57075,24900.0,25403.6,509.1,514.6,509.1,514.1,375,1752137520
2025-07-10 14:23:00,CE,ATM-10,117.760213,57075,24900.0,25397.75,516.9,516.9,508.1,508.1,225,1752137580
2025-07-10 14:24:00,CE,ATM-10,117.760213,57075,24900.0,25397.75,508.1,508.1,508.1,508.1,0,1752137640
2025-07-10 14:25:00,CE,ATM-10,117.760213,57075,24900.0,25397.75,508.1,508.1,508.1,508.1,0,1752137700
2025-07-10 14:26:00,CE,ATM-10,117.760213,57075,24900.0,25397.75,508.1,508.1,508.1,508.1,0,1752137760
2025-07-10 14:27:00,CE,ATM-10,117.760213,57075,24900.0,25397.75,508.1,508.1,508.1,508.1,0,1752137820
2025-07-10 14:28:00,CE,ATM-10,103.260511,56925,24900.0,25408.05,508.1,512.35,508.1,512.35,75,1752137880
2025-07-10 14:29:00,CE,ATM-10,140.11047,56925,24900.0,25411.35,512.35,528.0,512.35,527.25,3900,1752137940
2025-07-10 14:30:00,CE,ATM-10,117.075397,56925,24900.0,25405.8,527.25,527.25,513.25,513.25,450,1752138000
2025-07-10 14:31:00,CE,ATM-10,120.60326,59400,24900.0,25403.3,513.25,513.25,511.65,511.65,825,1752138060
2025-07-10 14:32:00,CE,ATM-10,118.097653,59400,24900.0,25401.25,511.6,511.75,508.65,508.65,450,1752138120
2025-07-10 14:33:00,CE,ATM-10,117.886556,59400,24900.0,25402.1,508.65,509.1,508.65,509.1,75,1752138180
2025-07-10 14:34:00,CE,ATM-10,109.529079,58425,24900.0,25406.8,509.1,512.75,509.1,511.3,225,1752138240
2025-07-10 14:35:00,CE,ATM-10,133.318566,58425,24900.0,25408.6,511.3,519.3,511.3,519.3,1050,1752138300
2025-07-10 14:36:00,CE,ATM-10,0.0,58425,24900.0,25409.05,516.0,519.55,511.7,511.7,1125,1752138360
2025-07-10 14:37:00,CE,ATM-10,115.084858,59400,24900.0,25407.25,511.7,512.65,511.7,512.25,150,1752138420
2025-07-10 14:38:00,CE,ATM-10,112.989099,59400,24900.0,25405.3,512.25,513.35,507.3,509.7,1200,1752138480
2025-07-10 14:39:00,CE,ATM-10,123.743107,59400,24900.0,25402.95,509.7,510.1,509.65,509.65,150,1752138540
2025-07-10 14:40:00,CE,ATM-10,0.0,59400,24900.0,25406.5,509.65,515.0,509.65,515.0,75,1752138600
2025-07-10 14:41:00,CE,ATM-10,0.0,59400,24900.0,25404.25,512.2,513.3,512.2,512.5,300,1752138660
2025-07-10 14:42:00,CE,ATM-10,0.0,59400,24900.0,25404.25,512.5,512.5,512.5,512.5,0,1752138720
2025-07-10 14:43:00,CE,ATM-10,0.0,59400,24900.0,25404.25,512.5,512.5,512.5,512.5,0,1752138780
2025-07-10 14:44:00,CE,ATM-10,0.0,59100,24900.0,25408.3,512.5,516.2,512.5,516.2,1575,1752138840
2025-07-10 14:45:00,CE,ATM-10,0.0,59100,24900.0,25408.95,516.2,516.5,514.0,514.0,1050,1752138900
2025-07-10 14:46:00,CE,ATM-10,0.0,57375,24900.0,25406.9,516.7,516.7,515.0,515.0,225,1752138960
2025-07-10 14:47:00,CE,ATM-10,0.0,57375,24900.0,25403.6,515.0,515.0,505.5,509.4,6225,1752139020
2025-07-10 14:48:00,CE,ATM-10,0.0,11700,24850.0,25368.65,562.5,562.5,544.1,544.1,225,1752139080
2025-07-10 14:49:00,CE,ATM-10,0.0,52125,24900.0,25388.95,482.4,489.55,482.4,489.55,2625,1752139140
2025-07-10 14:50:00,CE,ATM-10,0.0,52125,24900.0,25392.05,489.55,499.55,489.55,499.55,600,1752139200
2025-07-10 14:51:00,CE,ATM-10,0.0,52125,24900.0,25389.1,499.55,499.55,490.5,492.2,225,1752139260
2025-07-10 14:52:00,CE,ATM-10,0.0,52125,24900.0,25389.1,492.2,492.2,492.2,492.2,0,1752139320
2025-07-10 14:53:00,CE,ATM-10,0.0,52125,24900.0,25389.1,492.2,492.2,492.2,492.2,0,1752139380
2025-07-10 14:54:00,CE,ATM-10,0.0,53250,24900.0,25385.75,492.2,492.2,489.75,489.75,75,1752139440
2025-07-10 14:55:00,CE,ATM-10,0.0,53325,24900.0,25390.65,489.75,497.75,489.75,497.75,75,1752139500
2025-07-10 14:56:00,CE,ATM-10,0.0,53325,24900.0,25387.85,497.75,497.75,492.35,492.35,75,1752139560
2025-07-10 14:57:00,CE,ATM-10,0.0,53325,24900.0,25380.3,492.35,492.35,484.0,485.0,525,1752139620
2025-07-10 14:58:00,CE,ATM-10,0.0,53325,24900.0,25380.5,485.0,485.35,485.0,485.35,75,1752139680
2025-07-10 14:59:00,CE,ATM-10,0.0,12675,24850.0,25363.2,550.4,550.4,529.7,529.7,75,1752139740
2025-07-10 15:00:00,CE,ATM-10,0.0,12675,24850.0,25347.75,529.7,529.7,495.0,498.85,1950,1752139800
2025-07-10 15:01:00,CE,ATM-10,0.0,12675,24850.0,25362.65,498.85,498.85,496.55,496.55,300,1752139860
2025-07-10 15:02:00,CE,ATM-10,0.0,13125,24850.0,25351.4,496.55,511.65,496.55,511.65,75,1752139920
2025-07-10 15:03:00,CE,ATM-10,0.0,13125,24850.0,25352.15,511.65,511.65,507.0,507.0,150,1752139980
2025-07-10 15:04:00,CE,ATM-10,0.0,13200,24850.0,25362.5,507.0,507.0,507.0,507.0,150,1752140040
2025-07-10 15:05:00,CE,ATM-10,0.0,13200,24850.0,25362.5,507.0,507.0,507.0,507.0,0,1752140100
2025-07-10 15:06:00,CE,ATM-10,0.0,13200,24850.0,25362.5,507.0,510.25,507.0,510.25,75,1752140160
2025-07-10 15:07:00,CE,ATM-10,0.0,13200,24850.0,25362.5,510.25,510.25,510.25,510.25,0,1752140220
2025-07-10 15:08:00,CE,ATM-10,0.0,13200,24850.0,25362.5,510.25,510.25,510.25,510.25,0,1752140280
2025-07-10 15:09:00,CE,ATM-10,0.0,12975,24850.0,25374.05,510.25,522.45,510.25,522.45,75,1752140340
2025-07-10 15:10:00,CE,ATM-10,0.0,12975,24850.0,25374.05,522.45,522.45,522.45,522.45,0,1752140400
2025-07-10 15:11:00,CE,ATM-10,0.0,12975,24850.0,25374.05,522.45,522.45,522.45,522.45,0,1752140460
2025-07-10 15:12:00,CE,ATM-10,0.0,13050,24850.0,25366.6,522.45,522.45,515.95,515.95,225,1752140520
2025-07-10 15:13:00,CE,ATM-10,0.0,12975,24850.0,25371.25,515.95,516.0,515.95,516.0,225,1752140580
2025-07-10 15:14:00,CE,ATM-10,0.0,12975,24850.0,25362.75,516.0,516.0,515.95,515.95,75,1752140640
2025-07-10 15:15:00,CE,ATM-10,0.0,12975,24850.0,25364.75,515.95,517.2,514.85,514.85,225,1752140700
2025-07-10 15:16:00,CE,ATM-10,0.0,13125,24850.0,25370.95,514.85,518.85,514.85,517.55,150,1752140760
2025-07-10 15:17:00,CE,ATM-10,0.0,13125,24850.0,25360.2,517.55,517.55,513.65,515.2,150,1752140820
2025-07-10 15:18:00,CE,ATM-10,0.0,13125,24850.0,25356.05,515.2,515.3,513.75,515.3,1200,1752140880
2025-07-10 15:19:00,CE,ATM-10,0.0,13275,24850.0,25371.8,515.3,515.85,515.3,515.85,750,1752140940
2025-07-10 15:20:00,CE,ATM-10,0.0,13275,24850.0,25371.8,515.85,515.85,515.85,515.85,0,1752141000
2025-07-10 15:21:00,CE,ATM-10,0.0,13275,24850.0,25357.35,515.85,515.85,512.75,512.75,75,1752141060
2025-07-10 15:22:00,CE,ATM-10,0.0,12525,24850.0,25351.85,512.75,513.0,512.75,513.0,75,1752141120
2025-07-10 15:23:00,CE,ATM-10,0.0,12525,24850.0,25348.7,513.0,513.0,512.1,512.1,75,1752141180
2025-07-10 15:24:00,CE,ATM-10,0.0,12525,24850.0,25350.95,512.1,512.1,510.35,510.35,75,1752141240
2025-07-10 15:25:00,CE,ATM-10,0.0,12600,24850.0,25353.35,510.35,511.85,510.35,511.85,225,1752141300
2025-07-10 15:26:00,CE,ATM-10,0.0,12600,24850.0,25353.35,511.85,511.85,511.85,511.85,0,1752141360
2025-07-10 15:27:00,CE,ATM-10,0.0,12600,24850.0,25355.45,511.85,511.85,505.7,505.95,14625,1752141420
2025-07-10 15:28:00,CE,ATM-10,0.0,25200,24850.0,25354.9,505.95,506.35,505.95,506.1,1875,1752141480
2025-07-10 15:29:00,CE,ATM-10,0.0,25200,24850.0,25348.15,506.1,506.1,504.85,504.85,150,1752141540
2025-07-04 09:15:00,PE,ATM-10,13.503909,617775,24950.0,25436.9,26.05,30.15,21.6,25.5,563625,1751600700
2025-07-04 09:16:00,PE,ATM-10,13.483035,617775,24950.0,25426.75,25.8,28.8,25.4,26.55,371850,1751600760
2025-07-04 09:17:00,PE,ATM-10,13.527657,617775,24950.0,25432.15,26.1,27.3,25.6,26.2,181650,1751600820
2025-07-04 09:18:00,PE,ATM-10,13.555516,2008500,24900.0,25420.55,21.5,22.35,20.65,22.0,247575,1751600880
2025-07-04 09:19:00,PE,ATM-10,13.586384,2008500,24900.0,25412.65,21.7,23.9,21.65,23.0,288525,1751600940
2025-07-04 09:20:00,PE,ATM-10,13.575467,2008500,24900.0,25415.8,22.75,23.75,22.45,22.6,252525,1751601000
2025-07-04 09:21:00,PE,ATM-10,13.467433,2171850,24900.0,25419.75,22.3,22.5,21.15,21.55,306975,1751601060
2025-07-04 09:22:00,PE,ATM-10,13.364087,2171850,24900.0,25413.2,21.4,22.35,21.05,21.6,177600,1751601120
2025-07-04 09:23:00,PE,ATM-10,13.215036,2171850,24900.0,25403.05,21.75,23.35,21.75,21.75,281550,1751601180
2025-07-04 09:24:00,PE,ATM-10,13.087232,2316600,24900.0,25414.6,21.65,22.15,19.85,19.85,246300,1751601240
2025-07-04 09:25:00,PE,ATM-10,12.893304,767475,24950.0,25432.5,23.95,23.95,21.9,22.1,320325,1751601300
2025-07-04 09:26:00,PE,ATM-10,13.017352,767475,24950.0,25438.65,22.15,23.0,21.8,22.2,84225,1751601360
2025-07-04 09:27:00,PE,ATM-10,12.990828,745425,24950.0,25436.15,21.9,22.3,21.15,22.3,111900,1751601420
2025-07-04 09:28:00,PE,ATM-10,12.856251,745425,24950.0,25426.55,22.3,23.5,22.3,22.5,90750,1751601480
2025-07-04 09:29:00,PE,ATM-10,13.157649,2315775,24900.0,25424.9,18.8,19.3,18.3,19.25,84750,1751601540
2025-07-04 09:30:00,PE,ATM-10,12.979503,2354025,24900.0,25415.35,19.3,19.55,18.7,19.15,137850,1751601600
2025-07-04 09:31:00,PE,ATM-10,12.913367,2354025,24900.0,25414.05,19.3,19.4,18.6,18.9,173025,1751601660
2025-07-04 09:32:00,PE,ATM-10,12.897426,2354025,24900.0,25413.6,18.85,19.1,18.0,18.85,109875,1751601720
2025-07-04 09:33:00,PE,ATM-10,12.801705,2413500,24900.0,25407.35,19.0,20.15,18.55,18.9,247200,1751601780
2025-07-04 09:34:00,PE,ATM-10,12.863436,2413500,24900.0,25406.75,18.85,19.85,18.85,19.3,134625,1751601840
2025-07-04 09:35:00,PE,ATM-10,12.887398,2413500,24900.0,25400.9,19.4,20.85,19.35,20.0,162900,1751601900
2025-07-04 09:36:00,PE,ATM-10,12.977347,2478525,24900.0,25386.95,20.1,21.95,19.9,21.95,238425,1751601960
2025-07-04 09:37:00,PE,ATM-10,12.965144,2478525,24900.0,25396.35,21.5,21.65,20.7,20.9,181425,1751602020
2025-07-04 09:38:00,PE,ATM-10,12.837329,2478525,24900.0,25391.85,21.1,21.5,20.1,20.6,168000,1751602080
2025-07-04 09:39:00,PE,ATM-10,13.031249,2508150,24900.0,25384.3,21.15,22.9,21.15,22.55,246975,1751602140
2025-07-04 09:40:00,PE,ATM-10,13.255032,2508150,24900.0,25380.2,22.75,27.4,22.75,24.4,895575,1751602200
2025-07-04 09:41:00,PE,ATM-10,13.219564,2508150,24900.0,25388.5,24.35,25.3,23.15,23.25,489450,1751602260
2025-07-04 09:42:00,PE,ATM-10,13.275615,2322675,24900.0,25383.95,23.7,24.8,23.7,24.1,235050,1751602320
2025-07-04 09:43:00,PE,ATM-10,13.306169,2322675,24900.0,25384.3,23.9,25.55,23.85,24.25,165750,1751602380
2025-07-04 09:44:00,PE,ATM-10,13.211066,2322675,24900.0,25394.4,24.05,24.05,22.1,22.55,227400,1751602440
2025-07-04 09:45:00,PE,ATM-10,12.980306,2334075,24900.0,25395.95,22.7,23.35,21.0,21.0,212700,1751602500
2025-07-04 09:46:00,PE,ATM-10,13.089473,2334075,24900.0,25399.3,21.05,21.65,21.0,21.3,162450,1751602560
2025-07-04 09:47:00,PE,ATM-10,13.065157,2334075,24900.0,25400.8,21.75,21.75,20.55,21.0,138675,1751602620
2025-07-04 09:48:00,PE,ATM-10,13.063829,2363325,24900.0,25399.7,21.0,21.4,20.65,21.1,83400,1751602680
2025-07-04 09:49:00,PE,ATM-10,13.153219,2363325,24900.0,25395.15,21.15,22.25,20.55,22.1,153600,1751602740
2025-07-04 09:50:00,PE,ATM-10,13.295673,2363325,24900.0,25389.75,22.15,23.55,22.05,23.55,180975,1751602800
2025-07-04 09:51:00,PE,ATM-10,13.118041,2410650,24900.0,25396.4,23.45,23.65,21.75,21.75,179100,1751602860
2025-07-04 09:52:00,PE,ATM-10,13.132006,2410650,24900.0,25401.05,21.55,21.75,21.15,21.35,96150,1751602920
2025-07-04 09:53:00,PE,ATM-10,13.115447,2410650,24900.0,25408.5,21.25,21.65,19.85,20.5,188850,1751602980
2025-07-04 09:54:00,PE,ATM-10,13.089479,2414400,24900.0,25407.45,20.5,20.7,20.1,20.45,84525,1751603040
2025-07-04 09:55:00,PE,ATM-10,13.126148,2414400,24900.0,25397.2,20.5,21.75,20.0,21.7,136875,1751603100
2025-07-04 09:56:00,PE,ATM-10,13.015065,2414400,24900.0,25398.05,22.0,22.0,20.7,20.95,129225,1751603160
2025-07-04 09:57:00,PE,ATM-10,13.035863,2449800,24900.0,25401.7,20.95,21.3,20.7,20.7,58725,1751603220
2025-07-04 09:58:00,PE,ATM-10,12.992154,2449800,24900.0,25404.65,20.8,20.95,20.05,20.15,75900,1751603280
2025-07-04 09:59:00,PE,ATM-10,13.002092,2449800,24900.0,25414.0,20.3,20.45,19.25,19.3,193650,1751603340
2025-07-04 10:00:00,PE,ATM-10,13.176768,2436075,24900.0,25421.65,19.5,19.55,19.0,19.55,104700,1751603400
2025-07-04 10:01:00,PE,ATM-10,13.112433,2436075,24900.0,25410.05,19.8,20.3,19.5,20.3,128325,1751603460
2025-07-04 10:02:00,PE,ATM-10,13.052617,2436075,24900.0,25408.55,20.05,20.55,19.95,20.1,105225,1751603520
2025-07-04 10:03:00,PE,ATM-10,13.042101,2506275,24900.0,25411.5,19.85,19.95,19.4,19.75,95775,1751603580
2025-07-04 10:04:00,PE,ATM-10,13.006952,2506275,24900.0,25405.8,19.9,20.35,19.9,20.1,77250,1751603640
2025-07-04 10:05:00,PE,ATM-10,12.994216,2506275,24900.0,25406.55,20.0,20.65,19.75,19.95,72300,1751603700
2025-07-04 10:06:00,PE,ATM-10,13.029397,2520825,24900.0,25407.55,19.95,20.15,19.7,20.05,41400,1751603760
2025-07-04 10:07:00,PE,ATM-10,12.98068,2520825,24900.0,25404.15,20.05,20.55,19.95,20.1,70575,1751603820
2025-07-04 10:08:00,PE,ATM-10,13.054845,2520825,24900.0,25404.9,20.1,20.75,20.05,20.45,63900,1751603880
2025-07-04 10:09:00,PE,ATM-10,13.014903,2535225,24900.0,25413.85,20.45,21.15,19.25,19.35,149175,1751603940
2025-07-04 10:10:00,PE,ATM-10,13.031623,2535225,24900.0,25412.7,19.3,19.7,18.9,19.55,175275,1751604000
2025-07-04 10:11:00,PE,ATM-10,13.028073,2535225,24900.0,25413.5,19.55,19.55,19.25,19.45,58275,1751604060
2025-07-04 10:12:00,PE,ATM-10,13.013025,2486475,24900.0,25409.45,19.45,19.75,19.2,19.75,46050,1751604120
2025-07-04 10:13:00,PE,ATM-10,12.918258,2486475,24900.0,25403.85,19.95,20.45,19.7,19.75,97725,1751604180
2025-07-04 10:14:00,PE,ATM-10,12.903543,2486475,24900.0,25410.25,19.7,19.8,18.9,19.05,93900,1751604240
2025-07-04 10:15:00,PE,ATM-10,12.890113,2521125,24900.0,25413.15,19.05,19.45,18.7,18.7,49200,1751604300
2025-07-04 10:16:00,PE,ATM-10,12.914532,2521125,24900.0,25415.1,18.55,18.8,18.05,18.65,141150,1751604360
2025-07-04 10:17:00,PE,ATM-10,12.844762,2521125,24900.0,25401.45,18.55,19.9,18.25,19.55,110700,1751604420
2025-07-04 10:18:00,PE,ATM-10,12.848556,2531100,24900.0,25398.05,19.6,20.0,19.15,19.9,110775,1751604480
2025-07-04 10:19:00,PE,ATM-10,12.897345,2531100,24900.0,25402.4,20.0,20.45,19.5,19.75,99900,1751604540
2025-07-04 10:20:00,PE,ATM-10,12.805507,2531100,24900.0,25406.35,19.7,20.0,18.85,18.85,100650,1751604600
2025-07-04 10:21:00,PE,ATM-10,12.86334,2555850,24900.0,25410.8,18.85,19.25,18.6,18.75,133350,1751604660
2025-07-04 10:22:00,PE,ATM-10,12.871566,2555850,24900.0,25413.4,18.75,19.1,18.55,18.55,61200,1751604720
2025-07-04 10:23:00,PE,ATM-10,12.916654,2555850,24900.0,25415.5,18.55,18.8,18.3,18.6,119100,1751604780
2025-07-04 10:24:00,PE,ATM-10,12.930902,2565600,24900.0,25416.85,18.65,18.85,18.4,18.55,77625,1751604840
2025-07-04 10:25:00,PE,ATM-10,12.984259,2565600,24900.0,25418.9,18.55,18.75,18.2,18.65,131775,1751604900
2025-07-04 10:26:00,PE,ATM-10,12.946758,2565600,24900.0,25419.35,18.65,19.0,18.4,18.4,69675,1751604960
2025-07-04 10:27:00,PE,ATM-10,12.925123,2542725,24900.0,25409.45,18.4,19.55,18.4,19.2,66300,1751605020
2025-07-04 10:28:00,PE,ATM-10,12.89082,2542725,24900.0,25409.5,19.25,19.4,18.9,19.0,74475,1751605080
2025-07-04 10:29:00,PE,ATM-10,12.959073,2542725,24900.0,25410.85,19.05,19.45,18.95,19.25,86775,1751605140
2025-07-04 10:30:00,PE,ATM-10,12.921957,2570025,24900.0,25408.1,19.2,19.45,19.1,19.3,22275,1751605200
2025-07-04 10:31:00,PE,ATM-10,12.973044,2570025,24900.0,25409.5,19.3,19.45,19.05,19.45,77175,1751605260
2025-07-04 10:32:00,PE,ATM-10,12.91481,2570025,24900.0,25405.0,19.5,19.8,19.35,19.55,62550,1751605320
2025-07-04 10:33:00,PE,ATM-10,12.927964,2614425,24900.0,25404.7,19.55,20.15,19.45,19.65,70725,1751605380
2025-07-04 10:34:00,PE,ATM-10,12.861137,2614425,24900.0,25403.85,19.6,19.65,18.9,19.35,195825,1751605440
2025-07-04 10:35:00,PE,ATM-10,12.820987,2614425,24900.0,25408.3,19.4,19.45,18.7,18.7,81900,1751605500
2025-07-04 10:36:00,PE,ATM-10,12.843859,2605200,24900.0,25405.9,18.7,19.15,18.5,19.05,53700,1751605560
2025-07-04 10:37:00,PE,ATM-10,12.780146,2605200,24900.0,25407.95,19.05,19.2,18.5,18.5,63150,1751605620
2025-07-04 10:38:00,PE,ATM-10,12.865364,2605200,24900.0,25414.05,18.4,18.5,17.95,18.4,140250,1751605680
2025-07-04 10:39:00,PE,ATM-10,12.733335,2596575,24900.0,25414.95,18.4,18.4,17.6,17.6,83250,1751605740
2025-07-04 10:40:00,PE,ATM-10,12.841613,2596575,24900.0,25413.65,17.6,18.3,17.6,18.3,142425,1751605800
2025-07-04 10:41:00,PE,ATM-10,12.813075,2596575,24900.0,25414.1,18.25,18.3,17.85,18.1,34275,1751605860
2025-07-04 10:42:00,PE,ATM-10,12.776561,2611275,24900.0,25415.75,18.2,18.25,17.75,17.75,49350,1751605920
2025-07-04 10:43:00,PE,ATM-10,12.77488,2611275,24900.0,25411.75,17.65,18.3,17.65,18.1,59550,1751605980
2025-07-04 10:44:00,PE,ATM-10,12.755323,2611275,24900.0,25413.85,18.1,18.2,17.75,17.8,39675,1751606040
2025-07-04 10:45:00,PE,ATM-10,12.82311,2626725,24900.0,25420.1,17.75,17.85,17.35,17.6,61275,1751606100
2025-07-04 10:46:00,PE,ATM-10,12.691218,2626725,24900.0,25408.3,17.7,17.95,17.55,17.95,34500,1751606160
2025-07-04 10:47:00,PE,ATM-10,12.743871,2626725,24900.0,25412.5,18.0,18.05,17.65,17.85,54300,1751606220
2025-07-04 10:48:00,PE,ATM-10,12.75072,2640900,24900.0,25415.65,17.95,18.2,17.6,17.6,40950,1751606280
2025-07-04 10:49:00,PE,ATM-10,12.757202,2640900,24900.0,25416.0,17.6,17.6,17.15,17.6,75750,1751606340
2025-07-04 10:50:00,PE,ATM-10,12.774336,2640900,24900.0,25412.55,17.6,18.0,17.4,18.0,112500,1751606400
2025-07-04 10:51:00,PE,ATM-10,12.719042,2623800,24900.0,25414.2,18.15,18.2,17.55,17.55,53625,1751606460
2025-07-04 10:52:00,PE,ATM-10,12.745547,2623800,24900.0,25418.0,17.5,17.65,17.2,17.35,39825,1751606520
2025-07-04 10:53:00,PE,ATM-10,12.734248,2623800,24900.0,25420.7,17.25,17.35,16.85,17.05,103800,1751606580
2025-07-04 10:54:00,PE,ATM-10,12.80677,2601075,24900.0,25421.6,17.0,17.4,17.0,17.35,45150,1751606640
2025-07-04 10:55:00,PE,ATM-10,12.791801,2601075,24900.0,25421.8,17.35,17.4,17.1,17.25,26775,1751606700
2025-07-04 10:56:00,PE,ATM-10,12.80574,2601075,24900.0,25422.6,17.3,17.7,17.2,17.25,27900,1751606760
2025-07-04 10:57:00,PE,ATM-10,12.811699,2602275,24900.0,25422.35,17.15,17.45,17.15,17.3,22875,1751606820
2025-07-04 10:58:00,PE,ATM-10,12.808859,2602275,24900.0,25418.75,17.25,17.6,17.0,17.6,41700,1751606880
2025-07-04 10:59:00,PE,ATM-10,12.713961,2602275,24900.0,25419.25,17.5,17.6,17.05,17.05,42750,1751606940
2025-07-04 11:00:00,PE,ATM-10,12.705498,2612325,24900.0,25419.85,17.05,17.05,16.45,16.95,84000,1751607000
2025-07-04 11:01:00,PE,ATM-10,12.666278,2612325,24900.0,25418.6,16.95,17.0,16.75,16.85,11850,1751607060
2025-07-04 11:02:00,PE,ATM-10,12.805751,2612325,24900.0,25420.1,16.9,17.45,16.9,17.45,60825,1751607120
2025-07-04 11:03:00,PE,ATM-10,12.769648,2607825,24900.0,25422.45,17.5,17.5,17.05,17.05,27000,1751607180
2025-07-04 11:04:00,PE,ATM-10,12.837077,2607825,24900.0,25424.75,16.95,17.2,16.7,17.2,39000,1751607240
2025-07-04 11:05:00,PE,ATM-10,12.788316,2607825,24900.0,25422.35,17.2,17.5,17.05,17.15,21675,1751607300
2025-07-04 11:06:00,PE,ATM-10,12.776485,2600025,24900.0,25421.6,17.15,17.3,17.0,17.15,23925,1751607360
2025-07-04 11:07:00,PE,ATM-10,12.73812,2600025,24900.0,25417.55,17.0,17.4,17.0,17.3,25350,1751607420
2025-07-04 11:08:00,PE,ATM-10,12.734617,2600025,24900.0,25420.15,17.25,17.6,17.0,17.05,24150,1751607480
2025-07-04 11:09:00,PE,ATM-10,12.729853,2613600,24900.0,25413.05,17.1,17.7,17.1,17.65,34125,1751607540
2025-07-04 11:10:00,PE,ATM-10,12.735724,2613600,24900.0,25415.6,17.65,17.85,17.35,17.45,48225,1751607600
2025-07-04 11:11:00,PE,ATM-10,12.702631,2613600,24900.0,25411.35,17.6,17.85,17.55,17.65,33000,1751607660
2025-07-04 11:12:00,PE,ATM-10,12.631272,2638500,24900.0,25416.65,17.6,17.7,16.75,16.8,88875,1751607720
2025-07-04 11:13:00,PE,ATM-10,12.627179,2638500,24900.0,25418.1,16.5,16.8,16.5,16.65,98850,1751607780
2025-07-04 11:14:00,PE,ATM-10,12.679308,2638500,24900.0,25423.55,16.75,16.85,16.25,16.45,64200,1751607840
2025-07-04 11:15:00,PE,ATM-10,12.614802,2624625,24900.0,25423.15,16.45,16.7,16.1,16.15,60000,1751607900
2025-07-04 11:16:00,PE,ATM-10,12.627909,2624625,24900.0,25420.95,16.25,16.45,15.9,16.4,59400,1751607960
2025-07-04 11:17:00,PE,ATM-10,12.574139,2624625,24900.0,25421.2,16.55,16.55,16.05,16.1,48300,1751608020
2025-07-04 11:18:00,PE,ATM-10,12.632249,2614050,24900.0,25423.5,16.1,16.25,15.85,16.2,64425,1751608080
2025-07-04 11:19:00,PE,ATM-10,12.571916,2614050,24900.0,25415.7,16.25,16.85,16.25,16.55,40350,1751608140
2025-07-04 11:20:00,PE,ATM-10,12.599532,2614050,24900.0,25412.15,16.55,17.05,16.5,17.0,117825,1751608200
2025-07-04 11:21:00,PE,ATM-10,12.549985,2652600,24900.0,25404.65,17.0,17.4,16.6,17.4,84000,1751608260
2025-07-04 11:22:00,PE,ATM-10,12.735265,2652600,24900.0,25397.8,17.55,19.05,17.5,19.05,213450,1751608320
2025-07-04 11:23:00,PE,ATM-10,12.718063,2652600,24900.0,25391.6,19.0,19.85,18.7,19.55,194925,1751608380
2025-07-04 11:24:00,PE,ATM-10,12.653042,2614650,24900.0,25393.95,19.45,19.85,18.85,18.95,205050,1751608440
2025-07-04 11:25:00,PE,ATM-10,12.731194,2614650,24900.0,25397.45,18.9,19.15,18.8,19.05,67425,1751608500
2025-07-04 11:26:00,PE,ATM-10,12.674749,2614650,24900.0,25398.3,18.7,18.95,18.45,18.65,118350,1751608560
2025-07-04 11:27:00,PE,ATM-10,12.621104,2610825,24900.0,25399.9,18.65,19.15,18.2,18.2,60450,1751608620
2025-07-04 11:28:00,PE,ATM-10,12.636756,2610825,24900.0,25400.25,18.25,18.7,18.2,18.25,26100,1751608680
2025-07-04 11:29:00,PE,ATM-10,12.648338,2610825,24900.0,25403.6,18.5,18.5,17.9,18.0,52050,1751608740
2025-07-04 11:30:00,PE,ATM-10,12.753553,2611200,24900.0,25401.2,18.1,18.8,18.05,18.8,50475,1751608800
2025-07-04 11:31:00,PE,ATM-10,12.702767,2611200,24900.0,25403.5,18.85,19.05,18.25,18.3,64800,1751608860
2025-07-04 11:32:00,PE,ATM-10,12.712324,2611200,24900.0,25401.35,18.25,18.7,18.25,18.55,30075,1751608920
2025-07-04 11:33:00,PE,ATM-10,12.741893,2615850,24900.0,25399.35,18.55,19.15,18.45,18.9,42300,1751608980
2025-07-04 11:34:00,PE,ATM-10,12.747611,2615850,24900.0,25398.6,18.9,19.3,18.8,19.0,45750,1751609040
2025-07-04 11:35:00,PE,ATM-10,12.847838,2615850,24900.0,25386.2,19.05,20.95,19.05,20.8,277875,1751609100
2025-07-04 11:36:00,PE,ATM-10,12.925944,2582475,24900.0,25391.15,21.0,21.4,20.35,20.75,270750,1751609160
2025-07-04 11:37:00,PE,ATM-10,12.921923,2582475,24900.0,25387.95,20.65,21.3,20.4,21.05,132000,1751609220
2025-07-04 11:38:00,PE,ATM-10,12.994259,2582475,24900.0,25382.5,21.2,22.25,21.05,22.05,213975,1751609280
2025-07-04 11:39:00,PE,ATM-10,13.04743,2581575,24900.0,25379.9,21.85,22.8,21.6,22.65,272400,1751609340
2025-07-04 11:40:00,PE,ATM-10,13.183049,2581575,24900.0,25375.3,22.9,24.3,22.2,24.0,454650,1751609400
2025-07-04 11:41:00,PE,ATM-10,13.222862,802125,24850.0,25359.2,20.6,20.95,20.0,20.5,244725,1751609460
2025-07-04 11:42:00,PE,ATM-10,13.150969,786525,24850.0,25355.5,20.55,21.9,20.45,20.45,230550,1751609520
2025-07-04 11:43:00,PE,ATM-10,13.114611,786525,24850.0,25360.5,20.65,21.0,19.65,19.75,178875,1751609580
2025-07-04 11:44:00,PE,ATM-10,13.179718,786525,24850.0,25360.65,20.05,20.35,19.4,20.1,93600,1751609640
2025-07-04 11:45:00,PE,ATM-10,13.315534,797925,24850.0,25344.4,19.95,22.75,19.95,22.55,288375,1751609700
2025-07-04 11:46:00,PE,ATM-10,13.271738,797925,24850.0,25345.65,22.3,22.45,21.35,22.15,185400,1751609760
2025-07-04 11:47:00,PE,ATM-10,13.244559,797925,24850.0,25338.9,22.05,23.95,22.0,22.7,240525,1751609820
2025-07-04 11:48:00,PE,ATM-10,13.275698,785925,24850.0,25345.8,22.65,23.0,21.95,22.15,200475,1751609880
2025-07-04 11:49:00,PE,ATM-10,13.291244,785925,24850.0,25350.0,21.9,22.35,21.5,21.8,127875,1751609940
2025-07-04 11:50:00,PE,ATM-10,13.424937,785925,24850.0,25341.6,21.8,23.5,21.8,23.5,145200,1751610000
2025-07-04 11:51:00,PE,ATM-10,13.200686,803100,24850.0,25344.75,23.4,23.45,21.8,21.8,100950,1751610060
2025-07-04 11:52:00,PE,ATM-10,13.203286,803100,24850.0,25349.7,21.65,21.9,20.7,21.3,155250,1751610120
2025-07-04 11:53:00,PE,ATM-10,13.152198,803100,24850.0,25351.65,21.1,21.3,20.65,20.8,72225,1751610180
2025-07-04 11:54:00,PE,ATM-10,13.219131,824625,24850.0,25348.1,20.7,21.6,19.9,21.55,151200,1751610240
2025-07-04 11:55:00,PE,ATM-10,13.193381,824625,24850.0,25337.1,21.4,22.6,21.4,22.55,119400,1751610300
2025-07-04 11:56:00,PE,ATM-10,13.15189,824625,24850.0,25340.35,22.35,22.7,21.95,21.95,76425,1751610360
2025-07-04 11:57:00,PE,ATM-10,13.164269,842625,24850.0,25346.3,22.0,22.25,21.1,21.4,78975,1751610420
2025-07-04 11:58:00,PE,ATM-10,13.165915,842625,24850.0,25337.3,21.6,22.4,21.5,22.35,68325,1751610480
2025-07-04 11:59:00,PE,ATM-10,13.140681,842625,24850.0,25339.6,22.25,22.6,21.75,21.95,55500,1751610540
2025-07-04 12:00:00,PE,ATM-10,13.134233,834900,24850.0,25341.1,22.0,22.15,21.2,21.75,56250,1751610600
2025-07-04 12:01:00,PE,ATM-10,13.087073,834900,24850.0,25337.9,21.6,22.45,21.4,21.8,56850,1751610660
2025-07-04 12:02:00,PE,ATM-10,13.07389,834900,24850.0,25346.8,21.9,21.9,20.55,20.8,125850,1751610720
2025-07-04 12:03:00,PE,ATM-10,13.20002,825600,24850.0,25347.15,20.9,21.5,19.8,21.5,78075,1751610780
2025-07-04 12:04:00,PE,ATM-10,13.076509,825600,24850.0,25341.5,21.4,21.8,21.1,21.35,48525,1751610840
2025-07-04 12:05:00,PE,ATM-10,13.056052,825600,24850.0,25346.65,21.2,21.2,20.45,20.7,46800,1751610900
2025-07-04 12:06:00,PE,ATM-10,12.981657,834075,24850.0,25341.35,20.8,21.35,20.35,20.8,61350,1751610960
2025-07-04 12:07:00,PE,ATM-10,12.978916,834075,24850.0,25339.2,21.0,21.75,20.9,21.0,144075,1751611020
2025-07-04 12:08:00,PE,ATM-10,13.016159,834075,24850.0,25350.75,20.9,21.3,19.75,20.05,115800,1751611080
2025-07-04 12:09:00,PE,ATM-10,13.036513,850875,24850.0,25352.4,20.0,20.2,19.75,20.0,39900,1751611140
2025-07-04 12:10:00,PE,ATM-10,13.033989,850875,24850.0,25351.2,20.05,20.25,19.85,20.1,72450,1751611200
2025-07-04 12:11:00,PE,ATM-10,12.97077,850875,24850.0,25359.4,20.1,20.15,18.8,18.95,156525,1751611260
2025-07-04 12:12:00,PE,ATM-10,13.022222,862425,24850.0,25350.95,19.0,20.2,19.0,20.05,76875,1751611320
2025-07-04 12:13:00,PE,ATM-10,12.909298,862425,24850.0,25350.5,19.95,20.1,19.45,19.45,34125,1751611380
2025-07-04 12:14:00,PE,ATM-10,12.933361,862425,24850.0,25352.9,19.5,19.65,19.25,19.35,54150,1751611440
2025-07-04 12:15:00,PE,ATM-10,12.950757,878100,24850.0,25349.75,19.6,20.35,19.6,19.75,56400,1751611500
2025-07-04 12:16:00,PE,ATM-10,13.017283,878100,24850.0,25352.55,19.8,20.4,19.55,19.85,58875,1751611560
2025-07-04 12:17:00,PE,ATM-10,12.935506,878100,24850.0,25356.05,19.8,20.0,19.05,19.05,57675,1751611620
2025-07-04 12:18:00,PE,ATM-10,12.937454,894150,24850.0,25355.6,19.0,19.2,18.8,19.1,86475,1751611680
2025-07-04 12:19:00,PE,ATM-10,12.969547,894150,24850.0,25354.3,19.05,19.7,19.05,19.4,41625,1751611740
2025-07-04 12:20:00,PE,ATM-10,12.916504,894150,24850.0,25354.3,19.4,19.85,19.1,19.1,46950,1751611800
2025-07-04 12:21:00,PE,ATM-10,12.90805,900600,24850.0,25358.0,19.15,19.25,18.7,18.7,29925,1751611860
2025-07-04 12:22:00,PE,ATM-10,12.967538,900600,24850.0,25352.0,18.75,19.6,18.75,19.6,44925,1751611920
2025-07-04 12:23:00,PE,ATM-10,13.011438,900600,24850.0,25355.55,19.65,20.1,19.3,19.5,93375,1751611980
2025-07-04 12:24:00,PE,ATM-10,13.01455,923775,24850.0,25352.6,19.6,20.0,19.35,19.8,20400,1751612040
2025-07-04 12:25:00,PE,ATM-10,12.997282,923775,24850.0,25353.1,19.8,20.35,19.6,19.65,90825,1751612100
2025-07-04 12:26:00,PE,ATM-10,13.01074,923775,24850.0,25349.25,19.7,20.15,19.6,20.1,49125,1751612160
2025-07-04 12:27:00,PE,ATM-10,12.922083,943275,24850.0,25350.2,20.3,20.4,19.5,19.5,48375,1751612220
2025-07-04 12:28:00,PE,ATM-10,13.006943,943275,24850.0,25348.45,19.7,20.3,19.7,20.15,45900,1751612280
2025-07-04 12:29:00,PE,ATM-10,13.009735,943275,24850.0,25350.6,20.2,20.45,19.9,19.95,51375,1751612340
2025-07-04 12:30:00,PE,ATM-10,12.954243,962400,24850.0,25355.6,19.9,19.9,19.1,19.15,65925,1751612400
2025-07-04 12:31:00,PE,ATM-10,12.94145,962400,24850.0,25357.45,19.1,19.35,18.85,18.9,52125,1751612460
2025-07-04 12:32:00,PE,ATM-10,12.936976,962400,24850.0,25357.15,19.0,19.1,18.55,18.9,72300,1751612520
2025-07-04 12:33:00,PE,ATM-10,12.856772,936750,24850.0,25363.2,18.9,18.9,17.65,17.9,68700,1751612580
2025-07-04 12:34:00,PE,ATM-10,12.869208,936750,24850.0,25364.45,17.85,18.15,17.65,17.85,41325,1751612640
2025-07-04 12:35:00,PE,ATM-10,12.923368,936750,24850.0,25358.9,18.1,18.9,18.05,18.65,30825,1751612700
2025-07-04 12:36:00,PE,ATM-10,12.960721,937725,24850.0,25355.75,18.7,19.3,18.7,19.15,47475,1751612760
2025-07-04 12:37:00,PE,ATM-10,12.932881,937725,24850.0,25357.25,19.15,19.3,18.75,18.85,32775,1751612820
2025-07-04 12:38:00,PE,ATM-10,12.875544,937725,24850.0,25357.05,18.95,19.0,18.4,18.55,19200,1751612880
2025-07-04 12:39:00,PE,ATM-10,12.866441,943425,24850.0,25360.8,18.6,18.6,17.9,18.15,49500,1751612940
2025-07-04 12:40:00,PE,ATM-10,12.930493,943425,24850.0,25360.2,18.25,18.7,18.25,18.55,21450,1751613000
2025-07-04 12:41:00,PE,ATM-10,12.872114,943425,24850.0,25362.7,18.55,18.55,17.9,18.0,24450,1751613060
2025-07-04 12:42:00,PE,ATM-10,12.875279,944400,24850.0,25362.3,18.0,18.2,17.9,18.05,15300,1751613120
2025-07-04 12:43:00,PE,ATM-10,12.900241,944400,24850.0,25361.55,18.1,18.25,18.0,18.25,12225,1751613180
2025-07-04 12:44:00,PE,ATM-10,12.949912,944400,24850.0,25360.65,18.25,18.6,18.25,18.6,20100,1751613240
2025-07-04 12:45:00,PE,ATM-10,12.864543,950850,24850.0,25363.2,18.6,18.6,17.9,17.9,35250,1751613300
2025-07-04 12:46:00,PE,ATM-10,12.906056,950850,24850.0,25358.0,17.85,18.6,17.45,18.6,49050,1751613360
2025-07-04 12:47:00,PE,ATM-10,12.896296,950850,24850.0,25359.0,18.7,18.7,18.35,18.45,67425,1751613420
2025-07-04 12:48:00,PE,ATM-10,12.924841,965100,24850.0,25360.1,18.5,18.8,18.45,18.5,31050,1751613480
2025-07-04 12:49:00,PE,ATM-10,12.985448,965100,24850.0,25357.75,18.5,19.05,18.5,19.05,36750,1751613540
2025-07-04 12:50:00,PE,ATM-10,13.020351,965100,24850.0,25356.6,19.0,19.4,18.85,19.35,43725,1751613600
2025-07-04 12:51:00,PE,ATM-10,13.016021,981525,24850.0,25354.75,19.4,19.9,19.0,19.5,107850,1751613660
2025-07-04 12:52:00,PE,ATM-10,13.065677,981525,24850.0,25354.5,19.4,19.95,19.4,19.8,31350,1751613720
2025-07-04 12:53:00,PE,ATM-10,13.089617,981525,24850.0,25355.85,19.8,19.85,19.35,19.8,59250,1751613780
2025-07-04 12:54:00,PE,ATM-10,13.019161,988350,24850.0,25356.9,19.6,19.85,19.15,19.3,35775,1751613840
2025-07-04 12:55:00,PE,ATM-10,13.057301,988350,24850.0,25353.9,19.2,19.9,19.2,19.8,27075,1751613900
2025-07-04 12:56:00,PE,ATM-10,12.941844,988350,24850.0,25357.05,19.8,19.8,18.75,18.85,56700,1751613960
2025-07-04 12:57:00,PE,ATM-10,13.000303,992625,24850.0,25359.9,18.8,18.95,18.6,18.9,34350,1751614020
2025-07-04 12:58:00,PE,ATM-10,13.015389,992625,24850.0,25358.1,18.9,19.2,18.9,19.15,20700,1751614080
2025-07-04 12:59:00,PE,ATM-10,13.078899,992625,24850.0,25358.1,19.25,19.5,19.25,19.5,15975,1751614140
2025-07-04 13:00:00,PE,ATM-10,13.022244,992625,24850.0,25356.85,19.5,19.8,19.3,19.3,22575,1751614200
2025-07-04 13:01:00,PE,ATM-10,13.00407,988050,24850.0,25356.8,19.35,19.75,19.1,19.2,20325,1751614260
2025-07-04 13:02:00,PE,ATM-10,13.002996,988050,24850.0,25357.75,19.2,19.35,18.9,19.1,36300,1751614320
2025-07-04 13:03:00,PE,ATM-10,12.937181,988050,24850.0,25360.25,19.1,19.15,18.5,18.5,15375,1751614380
2025-07-04 13:04:00,PE,ATM-10,12.995525,1002300,24850.0,25360.95,18.6,18.85,18.45,18.75,49725,1751614440
2025-07-04 13:05:00,PE,ATM-10,13.047133,1002300,24850.0,25363.4,18.75,18.9,18.6,18.8,31725,1751614500
2025-07-04 13:06:00,PE,ATM-10,12.951618,1002300,24850.0,25368.65,18.7,18.75,17.65,17.8,81825,1751614560
2025-07-04 13:07:00,PE,ATM-10,12.910156,978525,24850.0,25365.05,17.9,18.3,17.85,17.9,36675,1751614620
2025-07-04 13:08:00,PE,ATM-10,12.921623,978525,24850.0,25361.85,17.85,18.4,17.85,18.25,27300,1751614680
2025-07-04 13:09:00,PE,ATM-10,12.911324,978525,24850.0,25361.75,18.3,18.35,18.0,18.2,12750,1751614740
2025-07-04 13:10:00,PE,ATM-10,12.910765,970425,24850.0,25360.05,18.2,18.5,18.2,18.35,17775,1751614800
2025-07-04 13:11:00,PE,ATM-10,12.856002,970425,24850.0,25362.25,18.35,18.35,17.8,17.85,30375,1751614860
2025-07-04 13:12:00,PE,ATM-10,12.771816,970425,24850.0,25370.8,17.85,17.85,16.65,16.65,86025,1751614920
2025-07-04 13:13:00,PE,ATM-10,12.688713,968625,24850.0,25371.65,16.65,16.7,16.1,16.15,83625,1751614980
2025-07-04 13:14:00,PE,ATM-10,12.742221,968625,24850.0,25370.7,16.3,16.55,16.25,16.5,41100,1751615040
2025-07-04 13:15:00,PE,ATM-10,12.722256,968625,24850.0,25370.05,16.35,16.6,16.25,16.45,33375,1751615100
2025-07-04 13:16:00,PE,ATM-10,12.729324,962325,24850.0,25369.85,16.35,16.6,16.25,16.5,22350,1751615160
2025-07-04 13:17:00,PE,ATM-10,12.719984,962325,24850.0,25362.35,16.5,17.2,16.5,17.1,37050,1751615220
2025-07-04 13:18:00,PE,ATM-10,12.715967,962325,24850.0,25364.35,17.15,17.3,16.65,16.9,33150,1751615280
2025-07-04 13:19:00,PE,ATM-10,12.729366,962625,24850.0,25361.7,17.0,17.25,16.9,17.2,35325,1751615340
2025-07-04 13:20:00,PE,ATM-10,12.706404,962625,24850.0,25364.85,17.1,17.4,16.75,16.8,87900,1751615400
2025-07-04 13:21:00,PE,ATM-10,12.812445,962625,24850.0,25360.4,16.7,17.75,16.7,17.75,39450,1751615460
2025-07-04 13:22:00,PE,ATM-10,12.783516,978450,24850.0,25364.8,17.6,17.85,17.2,17.2,37500,1751615520
2025-07-04 13:23:00,PE,ATM-10,12.810784,978450,24850.0,25365.25,17.25,17.6,17.25,17.3,18675,1751615580
2025-07-04 13:24:00,PE,ATM-10,12.824649,978450,24850.0,25366.6,17.45,17.55,17.2,17.25,17475,1751615640
2025-07-04 13:25:00,PE,ATM-10,12.886658,982575,24850.0,25366.3,17.2,17.65,17.2,17.6,22200,1751615700
2025-07-04 13:26:00,PE,ATM-10,12.809552,982575,24850.0,25367.9,17.6,17.8,16.9,17.05,36000,1751615760
2025-07-04 13:27:00,PE,ATM-10,12.835851,982575,24850.0,25370.0,17.05,17.3,16.95,17.0,19725,1751615820
2025-07-04 13:28:00,PE,ATM-10,12.847365,978900,24850.0,25366.1,17.0,17.5,17.0,17.4,15825,1751615880
2025-07-04 13:29:00,PE,ATM-10,12.824757,978900,24850.0,25363.6,17.4,17.6,17.3,17.5,8775,1751615940
2025-07-04 13:30:00,PE,ATM-10,12.860033,978900,24850.0,25365.65,17.7,17.95,17.5,17.5,27900,1751616000
2025-07-04 13:31:00,PE,ATM-10,12.833291,973800,24850.0,25365.15,17.6,17.8,17.4,17.4,19425,1751616060
2025-07-04 13:32:00,PE,ATM-10,12.818542,973800,24850.0,25370.5,17.5,17.5,16.85,16.85,46350,1751616120
2025-07-04 13:33:00,PE,ATM-10,12.860903,973800,24850.0,25374.15,16.85,16.9,16.5,16.75,38850,1751616180
2025-07-04 13:34:00,PE,ATM-10,12.781027,978375,24850.0,25372.25,16.7,16.8,16.5,16.5,24750,1751616240
2025-07-04 13:35:00,PE,ATM-10,12.786904,978375,24850.0,25373.15,16.55,16.55,16.25,16.45,28500,1751616300
2025-07-04 13:36:00,PE,ATM-10,12.586374,2611575,24900.0,25377.1,20.05,20.1,19.3,19.75,120525,1751616360
2025-07-04 13:37:00,PE,ATM-10,12.518312,2634525,24900.0,25375.65,19.75,19.95,19.5,19.5,39525,1751616420
2025-07-04 13:38:00,PE,ATM-10,12.827861,984975,24850.0,25374.9,16.15,16.5,16.1,16.5,19050,1751616480
2025-07-04 13:39:00,PE,ATM-10,12.799634,984975,24850.0,25372.0,16.6,16.65,16.4,16.6,18900,1751616540
2025-07-04 13:40:00,PE,ATM-10,12.760101,983025,24850.0,25371.35,16.6,16.9,16.45,16.45,12750,1751616600
2025-07-04 13:41:00,PE,ATM-10,12.823974,983025,24850.0,25374.55,16.55,16.55,16.2,16.5,17325,1751616660
2025-07-04 13:42:00,PE,ATM-10,12.788478,983025,24850.0,25371.8,16.45,16.8,16.45,16.55,18750,1751616720
2025-07-04 13:43:00,PE,ATM-10,12.798968,986700,24850.0,25374.15,16.65,16.65,16.35,16.4,24300,1751616780
2025-07-04 13:44:00,PE,ATM-10,12.892264,986700,24850.0,25372.7,16.5,17.0,16.45,17.0,26475,1751616840
2025-07-04 13:45:00,PE,ATM-10,12.880277,986700,24850.0,25370.8,16.95,17.1,16.7,17.1,16575,1751616900
2025-07-04 13:46:00,PE,ATM-10,12.854138,989700,24850.0,25367.5,17.0,17.5,17.0,17.25,34725,1751616960
2025-07-04 13:47:00,PE,ATM-10,12.885837,989700,24850.0,25372.2,17.25,17.35,16.9,17.0,37500,1751617020
2025-07-04 13:48:00,PE,ATM-10,12.89653,989700,24850.0,25371.65,17.0,17.25,16.9,17.1,9450,1751617080
2025-07-04 13:49:00,PE,ATM-10,12.858964,995100,24850.0,25372.25,17.1,17.25,16.8,16.85,9900,1751617140
2025-07-04 13:50:00,PE,ATM-10,12.880573,995100,24850.0,25373.5,16.85,17.0,16.75,16.85,14100,1751617200
2025-07-04 13:51:00,PE,ATM-10,12.633058,2584800,24900.0,25376.75,20.4,20.4,20.0,20.0,49575,1751617260
2025-07-04 13:52:00,PE,ATM-10,12.61393,2572350,24900.0,25377.6,20.0,20.05,19.65,19.8,66975,1751617320
2025-07-04 13:53:00,PE,ATM-10,12.860258,997800,24850.0,25372.75,16.35,16.85,16.35,16.8,19425,1751617380
2025-07-04 13:54:00,PE,ATM-10,12.842586,997800,24850.0,25373.4,16.8,16.9,16.55,16.65,9450,1751617440
2025-07-04 13:55:00,PE,ATM-10,12.817967,994350,24850.0,25370.15,16.65,16.95,16.55,16.8,22875,1751617500
2025-07-04 13:56:00,PE,ATM-10,12.821975,994350,24850.0,25370.35,16.75,16.95,16.7,16.8,6600,1751617560
2025-07-04 13:57:00,PE,ATM-10,12.809679,994350,24850.0,25371.9,16.8,17.1,16.6,16.6,36975,1751617620
2025-07-04 13:58:00,PE,ATM-10,12.517516,2584950,24900.0,25379.9,20.1,20.1,18.9,19.0,154425,1751617680
2025-07-04 13:59:00,PE,ATM-10,12.563257,2584950,24900.0,25384.05,19.0,19.05,18.45,18.85,136425,1751617740
2025-07-04 14:00:00,PE,ATM-10,12.491338,2584950,24900.0,25386.1,18.7,18.75,18.2,18.25,84450,1751617800
2025-07-04 14:01:00,PE,ATM-10,12.540068,2600325,24900.0,25383.15,18.4,18.8,18.4,18.8,60975,1751617860
2025-07-04 14:02:00,PE,ATM-10,12.77888,994125,24850.0,25367.55,15.5,16.8,15.45,16.8,49950,1751617920
2025-07-04 14:03:00,PE,ATM-10,12.778421,994125,24850.0,25369.8,16.9,16.95,16.45,16.6,68400,1751617980
2025-07-04 14:04:00,PE,ATM-10,12.745944,1003650,24850.0,25374.9,16.55,16.55,15.9,16.0,27975,1751618040
2025-07-04 14:05:00,PE,ATM-10,12.493525,2617725,24900.0,25377.75,19.35,19.6,19.05,19.05,80175,1751618100
2025-07-04 14:06:00,PE,ATM-10,12.469141,2617725,24900.0,25378.35,19.05,19.25,18.85,18.85,85875,1751618160
2025-07-04 14:07:00,PE,ATM-10,12.498078,2593500,24900.0,25380.5,18.8,19.1,18.55,18.8,62325,1751618220
2025-07-04 14:08:00,PE,ATM-10,12.492975,2593500,24900.0,25381.2,18.7,18.95,18.55,18.7,68700,1751618280
2025-07-04 14:09:00,PE,ATM-10,12.51692,2593500,24900.0,25382.55,18.7,18.85,18.55,18.7,55350,1751618340
2025-07-04 14:10:00,PE,ATM-10,12.540259,2562675,24900.0,25381.8,18.75,19.2,18.55,18.9,52125,1751618400
2025-07-04 14:11:00,PE,ATM-10,12.561968,2562675,24900.0,25379.95,18.9,19.2,18.75,19.2,47850,1751618460
2025-07-04 14:12:00,PE,ATM-10,12.558282,2562675,24900.0,25383.8,19.2,19.2,18.8,18.8,34425,1751618520
2025-07-04 14:13:00,PE,ATM-10,12.537769,2573925,24900.0,25384.65,18.8,18.8,18.3,18.6,47175,1751618580
2025-07-04 14:14:00,PE,ATM-10,12.568193,2573925,24900.0,25384.3,18.6,18.9,18.5,18.8,172650,1751618640
2025-07-04 14:15:00,PE,ATM-10,12.541453,2573925,24900.0,25382.2,18.75,19.05,18.75,18.85,73425,1751618700
2025-07-04 14:16:00,PE,ATM-10,12.554089,2590575,24900.0,25378.3,18.95,19.35,18.8,19.3,48150,1751618760
2025-07-04 14:17:00,PE,ATM-10,12.538866,2590575,24900.0,25378.4,19.25,19.3,18.9,19.2,51225,1751618820
2025-07-04 14:18:00,PE,ATM-10,12.469627,2590575,24900.0,25380.0,19.15,19.15,18.55,18.65,40875,1751618880
2025-07-04 14:19:00,PE,ATM-10,12.509316,2595300,24900.0,25383.3,18.7,18.7,18.5,18.55,32175,1751618940
2025-07-04 14:20:00,PE,ATM-10,12.5348,2595300,24900.0,25383.7,18.6,18.8,18.55,18.65,35100,1751619000
2025-07-04 14:21:00,PE,ATM-10,12.574411,2595300,24900.0,25380.3,18.7,19.25,18.6,19.2,37650,1751619060
2025-07-04 14:22:00,PE,ATM-10,12.786668,1005825,24850.0,25374.85,15.75,16.35,15.5,16.15,49800,1751619120
2025-07-04 14:23:00,PE,ATM-10,12.597771,2582025,24900.0,25380.05,19.75,20.0,19.35,19.35,117150,1751619180
2025-07-04 14:24:00,PE,ATM-10,12.618641,2582025,24900.0,25385.3,19.4,19.4,18.9,18.95,113025,1751619240
2025-07-04 14:25:00,PE,ATM-10,12.617342,2547750,24900.0,25388.3,18.85,19.0,18.6,18.65,126825,1751619300
2025-07-04 14:26:00,PE,ATM-10,12.597424,2547750,24900.0,25384.0,18.65,19.05,18.65,18.95,45675,1751619360
2025-07-04 14:27:00,PE,ATM-10,12.576502,2547750,24900.0,25387.95,18.95,18.95,18.45,18.45,101475,1751619420
2025-07-04 14:28:00,PE,ATM-10,12.612367,2576775,24900.0,25387.9,18.4,18.65,18.15,18.65,86625,1751619480
2025-07-04 14:29:00,PE,ATM-10,12.563848,2576775,24900.0,25389.25,18.55,18.65,18.05,18.25,79275,1751619540
2025-07-04 14:30:00,PE,ATM-10,12.607261,2576775,24900.0,25389.1,18.3,18.6,18.3,18.5,86325,1751619600
2025-07-04 14:31:00,PE,ATM-10,12.626269,2486925,24900.0,25391.75,18.4,18.65,18.2,18.35,186075,1751619660
2025-07-04 14:32:00,PE,ATM-10,12.539562,2486925,24900.0,25395.25,18.3,18.3,17.45,17.55,172500,1751619720
2025-07-04 14:33:00,PE,ATM-10,12.522368,2486925,24900.0,25394.75,17.7,17.7,17.3,17.5,161700,1751619780
2025-07-04 14:34:00,PE,ATM-10,12.550274,2382375,24900.0,25396.9,17.65,17.75,17.3,17.45,101625,1751619840
2025-07-04 14:35:00,PE,ATM-10,12.634215,2382375,24900.0,25416.05,17.45,17.5,16.1,16.2,285600,1751619900
2025-07-04 14:36:00,PE,ATM-10,12.691383,1183500,24950.0,25450.5,19.65,19.65,17.55,18.0,270150,1751619960
2025-07-04 14:37:00,PE,ATM-10,12.479579,1177050,24950.0,25431.75,18.0,19.15,18.0,18.6,139875,1751620020
2025-07-04 14:38:00,PE,ATM-10,12.464115,1177050,24950.0,25432.9,18.6,18.85,18.4,18.4,48375,1751620080
2025-07-04 14:39:00,PE,ATM-10,12.510165,1177050,24950.0,25433.45,18.35,18.7,18.1,18.6,114300,1751620140
2025-07-04 14:40:00,PE,ATM-10,12.709654,1176450,24950.0,25449.8,18.55,18.55,17.45,18.15,177750,1751620200
2025-07-04 14:41:00,PE,ATM-10,12.487292,1176450,24950.0,25441.05,18.2,18.2,17.75,17.75,88350,1751620260
2025-07-04 14:42:00,PE,ATM-10,12.381318,1176450,24950.0,25438.05,18.0,18.0,17.45,17.45,507300,1751620320
2025-07-04 14:43:00,PE,ATM-10,12.399953,1429650,24950.0,25442.95,17.55,17.55,16.85,17.1,227925,1751620380
2025-07-04 14:44:00,PE,ATM-10,12.520648,1429650,24950.0,25454.55,17.15,17.3,16.6,16.7,119250,1751620440
2025-07-04 14:45:00,PE,ATM-10,12.651091,1429650,24950.0,25458.85,16.6,17.0,16.5,17.0,128700,1751620500
2025-07-04 14:46:00,PE,ATM-10,12.622366,1440975,24950.0,25454.3,16.95,17.55,16.95,17.25,97125,1751620560
2025-07-04 14:47:00,PE,ATM-10,12.670982,1440975,24950.0,25452.7,17.25,17.65,17.25,17.65,124725,1751620620
2025-07-04 14:48:00,PE,ATM-10,12.611011,1440975,24950.0,25444.8,17.6,18.05,17.45,18.05,205425,1751620680
2025-07-04 14:49:00,PE,ATM-10,12.625523,1500525,24950.0,25449.95,17.95,18.1,17.6,17.65,101850,1751620740
2025-07-04 14:50:00,PE,ATM-10,12.602648,1500525,24950.0,25443.7,17.75,18.1,17.65,18.1,53625,1751620800
2025-07-04 14:51:00,PE,ATM-10,12.556967,1500525,24950.0,25439.4,17.95,18.3,17.95,18.25,61125,1751620860
2025-07-04 14:52:00,PE,ATM-10,12.588553,1510725,24950.0,25444.95,18.2,18.3,17.9,17.9,62625,1751620920
2025-07-04 14:53:00,PE,ATM-10,12.625316,1510725,24950.0,25448.15,17.9,18.15,17.7,17.8,58950,1751620980
2025-07-04 14:54:00,PE,ATM-10,12.614232,1510725,24950.0,25445.3,17.8,18.15,17.7,18.0,45000,1751621040
2025-07-04 14:55:00,PE,ATM-10,12.613804,1489125,24950.0,25444.7,18.1,18.15,17.9,18.05,41250,1751621100
2025-07-04 14:56:00,PE,ATM-10,12.560123,1489125,24950.0,25445.3,18.0,18.0,17.65,17.7,31800,1751621160
2025-07-04 14:57:00,PE,ATM-10,12.569502,1489125,24950.0,25447.45,17.85,17.85,17.5,17.55,57900,1751621220
2025-07-04 14:58:00,PE,ATM-10,12.550626,1448700,24950.0,25447.4,17.55,17.65,17.3,17.45,73500,1751621280
2025-07-04 14:59:00,PE,ATM-10,12.619743,1448700,24950.0,25453.65,17.45,17.45,16.95,17.25,71700,1751621340
2025-07-04 15:00:00,PE,ATM-10,12.63491,1448700,24950.0,25453.95,17.35,17.4,17.1,17.3,48000,1751621400
2025-07-04 15:01:00,PE,ATM-10,12.604279,1464000,24950.0,25454.9,17.4,17.45,17.05,17.05,51150,1751621460
2025-07-04 15:02:00,PE,ATM-10,12.571369,1464000,24950.0,25457.45,17.05,17.1,16.55,16.65,155700,1751621520
2025-07-04 15:03:00,PE,ATM-10,12.512661,1464000,24950.0,25459.7,16.75,16.8,16.1,16.15,104850,1751621580
2025-07-04 15:04:00,PE,ATM-10,12.53955,1510050,24950.0,25460.1,16.25,16.6,16.2,16.25,79725,1751621640
2025-07-04 15:05:00,PE,ATM-10,12.558521,1510050,24950.0,25459.45,16.4,16.45,16.25,16.4,64650,1751621700
2025-07-04 15:06:00,PE,ATM-10,12.686573,1510050,24950.0,25463.0,16.35,16.75,16.35,16.75,56550,1751621760
2025-07-04 15:07:00,PE,ATM-10,12.653704,1467375,24950.0,25455.35,16.75,17.25,16.75,17.25,103575,1751621820
2025-07-04 15:08:00,PE,ATM-10,12.703027,1467375,24950.0,25456.55,17.25,17.55,17.2,17.4,51825,1751621880
2025-07-04 15:09:00,PE,ATM-10,12.804258,1467375,24950.0,25463.05,17.45,17.65,17.3,17.35,34950,1751621940
2025-07-04 15:10:00,PE,ATM-10,12.858048,1435125,24950.0,25463.95,17.55,17.75,17.45,17.55,108675,1751622000
2025-07-04 15:11:00,PE,ATM-10,12.868869,1435125,24950.0,25464.55,17.65,17.7,17.5,17.55,34125,1751622060
2025-07-04 15:12:00,PE,ATM-10,12.838548,1435125,24950.0,25459.95,17.55,17.9,17.55,17.8,42900,1751622120
2025-07-04 15:13:00,PE,ATM-10,12.913168,1440450,24950.0,25462.1,17.95,18.05,17.7,18.0,28650,1751622180
2025-07-04 15:14:00,PE,ATM-10,12.888291,1440450,24950.0,25462.8,18.05,18.1,17.7,17.8,93150,1751622240
2025-07-04 15:15:00,PE,ATM-10,12.879639,1440450,24950.0,25461.7,17.9,17.95,17.7,17.85,60375,1751622300
2025-07-04 15:16:00,PE,ATM-10,12.790422,1423725,24950.0,25461.4,17.85,17.85,17.4,17.4,64050,1751622360
2025-07-04 15:17:00,PE,ATM-10,12.819693,1423725,24950.0,25457.55,17.55,17.9,17.5,17.9,77325,1751622420
2025-07-04 15:18:00,PE,ATM-10,12.821406,1423725,24950.0,25452.2,17.85,18.45,17.85,18.4,127275,1751622480
2025-07-04 15:19:00,PE,ATM-10,12.916033,1430250,24950.0,25457.15,18.45,18.65,18.3,18.45,75450,1751622540
2025-07-04 15:20:00,PE,ATM-10,12.983389,1430250,24950.0,25458.9,18.65,18.95,18.55,18.65,125850,1751622600
2025-07-04 15:21:00,PE,ATM-10,13.007787,1430250,24950.0,25459.75,18.65,18.9,18.65,18.7,54075,1751622660
2025-07-04 15:22:00,PE,ATM-10,12.920004,1421250,24950.0,25462.7,18.85,18.95,17.85,17.95,67425,1751622720
2025-07-04 15:23:00,PE,ATM-10,12.920632,1421250,24950.0,25463.8,18.2,18.25,17.75,17.85,42225,1751622780
2025-07-04 15:24:00,PE,ATM-10,13.009655,1421250,24950.0,25464.6,17.95,18.3,17.75,18.25,131325,1751622840
2025-07-04 15:25:00,PE,ATM-10,12.944044,1367100,24950.0,25462.35,18.4,18.5,18.1,18.1,110850,1751622900
2025-07-04 15:26:00,PE,ATM-10,12.981362,1367100,24950.0,25465.05,18.2,18.5,17.8,18.05,68550,1751622960
2025-07-04 15:27:00,PE,ATM-10,12.932619,1367100,24950.0,25468.25,18.1,18.15,17.5,17.5,57900,1751623020
2025-07-04 15:28:00,PE,ATM-10,13.026942,1327275,24950.0,25467.1,17.75,18.4,17.75,18.1,71250,1751623080
2025-07-04 15:29:00,PE,ATM-10,13.132543,1327275,24950.0,25467.8,18.15,18.85,17.85,18.6,145875,1751623140
2025-07-07 09:15:00,PE,ATM-10,16.398988,2290575,24900.0,25424.65,15.5,16.95,12.3,14.2,497625,1751859900
2025-07-07 09:16:00,PE,ATM-10,15.788922,1244175,24950.0,25427.8,17.2,17.3,15.85,16.0,280500,1751859960
2025-07-07 09:17:00,PE,ATM-10,15.74831,1244175,24950.0,25435.0,15.7,15.9,14.7,15.2,195675,1751860020
2025-07-07 09:18:00,PE,ATM-10,15.874518,2374800,24900.0,25423.75,12.4,13.35,12.3,12.45,287550,1751860080
2025-07-07 09:19:00,PE,ATM-10,15.885234,1280475,24950.0,25447.35,15.15,16.0,14.4,14.65,210300,1751860140
2025-07-07 09:20:00,PE,ATM-10,15.895828,1280475,24950.0,25452.6,14.5,14.55,13.65,14.25,289800,1751860200
2025-07-07 09:21:00,PE,ATM-10,16.086357,1414200,24950.0,25473.8,14.15,14.55,13.05,13.25,205125,1751860260
2025-07-07 09:22:00,PE,ATM-10,15.870105,1414200,24950.0,25462.65,13.15,13.75,13.15,13.35,135750,1751860320
2025-07-07 09:23:00,PE,ATM-10,15.639201,1414200,24950.0,25449.65,13.35,14.0,13.35,13.55,60000,1751860380
2025-07-07 09:24:00,PE,ATM-10,15.447472,1471275,24950.0,25449.95,13.4,13.45,12.65,12.85,142725,1751860440
2025-07-07 09:25:00,PE,ATM-10,15.305165,1471275,24950.0,25438.35,12.75,13.45,12.5,13.25,117975,1751860500
2025-07-07 09:26:00,PE,ATM-10,15.405107,1471275,24950.0,25447.9,13.1,13.75,12.7,12.85,119400,1751860560
2025-07-07 09:27:00,PE,ATM-10,15.302268,1506675,24950.0,25439.35,13.25,13.3,12.65,13.15,78075,1751860620
2025-07-07 09:28:00,PE,ATM-10,15.276125,1506675,24950.0,25443.25,13.15,13.35,12.75,12.75,45600,1751860680
2025-07-07 09:29:00,PE,ATM-10,15.36004,1506675,24950.0,25439.9,12.85,13.55,12.75,13.3,61275,1751860740
2025-07-07 09:30:00,PE,ATM-10,15.314245,1510425,24950.0,25449.45,13.15,13.15,12.35,12.4,124650,1751860800
2025-07-07 09:31:00,PE,ATM-10,15.265558,1510425,24950.0,25453.95,12.6,12.8,11.8,11.9,129150,1751860860
2025-07-07 09:32:00,PE,ATM-10,15.466842,1510425,24950.0,25461.7,11.8,12.3,11.8,12.0,140250,1751860920
2025-07-07 09:33:00,PE,ATM-10,15.644152,1525275,24950.0,25469.75,12.2,12.3,11.95,12.0,93750,1751860980
2025-07-07 09:34:00,PE,ATM-10,15.33238,8529075,25000.0,25478.0,14.65,14.95,14.0,14.25,698925,1751861040
2025-07-07 09:35:00,PE,ATM-10,15.378159,8529075,25000.0,25480.55,14.4,14.55,14.05,14.2,611775,1751861100
2025-07-07 09:36:00,PE,ATM-10,15.41452,8514525,25000.0,25477.35,14.2,14.75,14.2,14.6,261075,1751861160
2025-07-07 09:37:00,PE,ATM-10,15.492886,8514525,25000.0,25487.3,14.65,14.65,13.9,14.05,374325,1751861220
2025-07-07 09:38:00,PE,ATM-10,15.445455,8514525,25000.0,25479.75,14.1,14.5,14.05,14.5,224175,1751861280
2025-07-07 09:39:00,PE,ATM-10,15.417877,8509050,25000.0,25479.65,14.55,14.75,14.4,14.4,184125,1751861340
2025-07-07 09:40:00,PE,ATM-10,15.58963,1521825,24950.0,25466.75,11.75,12.25,11.75,12.0,114075,1751861400
2025-07-07 09:41:00,PE,ATM-10,15.525767,1521825,24950.0,25465.15,11.85,12.0,11.7,11.9,66825,1751861460
2025-07-07 09:42:00,PE,ATM-10,15.428627,1554075,24950.0,25464.85,11.85,12.0,11.55,11.6,45600,1751861520
2025-07-07 09:43:00,PE,ATM-10,15.312876,1554075,24950.0,25451.85,11.85,12.3,11.85,12.15,63675,1751861580
2025-07-07 09:44:00,PE,ATM-10,15.34531,1554075,24950.0,25451.9,12.15,12.45,12.1,12.25,68400,1751861640
2025-07-07 09:45:00,PE,ATM-10,15.360808,1567050,24950.0,25449.85,12.4,12.6,12.2,12.45,67350,1751861700
2025-07-07 09:46:00,PE,ATM-10,15.358541,1567050,24950.0,25448.35,12.35,12.7,12.35,12.55,42975,1751861760
2025-07-07 09:47:00,PE,ATM-10,15.304004,1567050,24950.0,25443.85,12.5,12.75,12.45,12.7,32175,1751861820
2025-07-07 09:48:00,PE,ATM-10,15.207094,1576950,24950.0,25446.7,12.75,12.9,12.1,12.15,63750,1751861880
2025-07-07 09:49:00,PE,ATM-10,15.251978,1576950,24950.0,25446.65,12.05,12.45,11.95,12.3,49500,1751861940
2025-07-07 09:50:00,PE,ATM-10,15.203313,1576950,24950.0,25443.05,12.4,12.7,12.2,12.4,76275,1751862000
2025-07-07 09:51:00,PE,ATM-10,15.187529,1565775,24950.0,25440.95,12.45,12.5,12.25,12.5,47325,1751862060
2025-07-07 09:52:00,PE,ATM-10,15.162882,1565775,24950.0,25441.75,12.45,12.75,12.35,12.35,75600,1751862120
2025-07-07 09:53:00,PE,ATM-10,15.456555,1565775,24950.0,25457.0,12.35,12.6,11.85,12.2,129075,1751862180
2025-07-07 09:54:00,PE,ATM-10,15.495549,1536525,24950.0,25465.65,12.1,12.2,11.7,11.7,133650,1751862240
2025-07-07 09:55:00,PE,ATM-10,15.565201,1536525,24950.0,25470.2,11.75,11.75,11.4,11.6,59850,1751862300
2025-07-07 09:56:00,PE,ATM-10,15.610011,1536525,24950.0,25470.05,11.65,11.75,11.6,11.75,33000,1751862360
2025-07-07 09:57:00,PE,ATM-10,15.648616,1527450,24950.0,25471.75,11.75,11.9,11.65,11.75,30000,1751862420
2025-07-07 09:58:00,PE,ATM-10,15.456075,1527450,24950.0,25461.45,11.75,12.05,11.65,11.85,40725,1751862480
2025-07-07 09:59:00,PE,ATM-10,15.37958,1527450,24950.0,25462.1,12.0,12.0,11.5,11.55,52875,1751862540
2025-07-07 10:00:00,PE,ATM-10,15.489685,1560900,24950.0,25467.8,11.65,11.65,11.35,11.5,47775,1751862600
2025-07-07 10:01:00,PE,ATM-10,15.387455,1560900,24950.0,25460.2,11.55,11.8,11.4,11.7,35625,1751862660
2025-07-07 10:02:00,PE,ATM-10,15.292888,1560900,24950.0,25462.2,11.6,11.6,11.15,11.25,47550,1751862720
2025-07-07 10:03:00,PE,ATM-10,15.308509,1569150,24950.0,25464.3,11.2,11.25,11.05,11.15,58650,1751862780
2025-07-07 10:04:00,PE,ATM-10,15.26822,1569150,24950.0,25457.35,11.1,11.55,11.1,11.5,28875,1751862840
2025-07-07 10:05:00,PE,ATM-10,15.160433,1569150,24950.0,25446.8,11.5,11.95,11.45,11.9,36375,1751862900
2025-07-07 10:06:00,PE,ATM-10,15.066435,1566675,24950.0,25431.25,11.95,12.85,11.85,12.75,119250,1751862960
2025-07-07 10:07:00,PE,ATM-10,15.151648,1566675,24950.0,25434.35,12.65,12.8,12.5,12.8,99600,1751863020
2025-07-07 10:08:00,PE,ATM-10,15.140034,1566675,24950.0,25425.6,12.85,13.6,12.6,13.45,151725,1751863080
2025-07-07 10:09:00,PE,ATM-10,15.593646,2665125,24900.0,25422.0,11.05,11.75,11.0,11.4,204450,1751863140
2025-07-07 10:10:00,PE,ATM-10,15.227968,1590000,24950.0,25426.9,13.85,14.7,13.4,13.65,235500,1751863200
2025-07-07 10:11:00,PE,ATM-10,15.260081,1590000,24950.0,25428.25,13.7,14.15,13.65,13.65,75450,1751863260
2025-07-07 10:12:00,PE,ATM-10,15.118542,1601700,24950.0,25428.1,13.6,13.8,13.15,13.15,110775,1751863320
2025-07-07 10:13:00,PE,ATM-10,15.274559,1601700,24950.0,25438.15,13.3,13.5,12.65,12.9,120300,1751863380
2025-07-07 10:14:00,PE,ATM-10,15.201479,1601700,24950.0,25436.1,12.85,13.0,12.5,12.8,80850,1751863440
2025-07-07 10:15:00,PE,ATM-10,15.163952,1572150,24950.0,25438.9,12.8,13.2,12.4,12.45,102525,1751863500
2025-07-07 10:16:00,PE,ATM-10,15.229424,1572150,24950.0,25445.1,12.4,12.5,12.0,12.2,92550,1751863560
2025-07-07 10:17:00,PE,ATM-10,15.167174,1572150,24950.0,25435.65,12.15,13.05,12.15,12.7,60300,1751863620
2025-07-07 10:18:00,PE,ATM-10,15.201599,1585350,24950.0,25434.55,12.6,13.35,12.6,12.9,78675,1751863680
2025-07-07 10:19:00,PE,ATM-10,15.227812,1585350,24950.0,25430.6,12.85,13.6,12.75,13.3,67950,1751863740
2025-07-07 10:20:00,PE,ATM-10,15.259225,1585350,24950.0,25432.55,13.25,13.25,12.9,13.25,45375,1751863800
2025-07-07 10:21:00,PE,ATM-10,15.149911,1589100,24950.0,25436.55,13.3,13.3,12.4,12.55,88200,1751863860
2025-07-07 10:22:00,PE,ATM-10,15.197183,1589100,24950.0,25436.65,12.55,12.75,12.35,12.7,110475,1751863920
2025-07-07 10:23:00,PE,ATM-10,15.14553,1589100,24950.0,25441.5,12.7,12.7,12.05,12.15,57975,1751863980
2025-07-07 10:24:00,PE,ATM-10,15.131698,1592625,24950.0,25438.15,12.15,12.5,12.0,12.35,50925,1751864040
2025-07-07 10:25:00,PE,ATM-10,15.152584,1592625,24950.0,25443.7,12.3,12.45,11.9,12.0,41775,1751864100
2025-07-07 10:26:00,PE,ATM-10,15.159686,1592625,24950.0,25434.7,11.85,12.75,11.85,12.7,76425,1751864160
2025-07-07 10:27:00,PE,ATM-10,15.078165,1586025,24950.0,25440.2,12.75,12.75,12.0,12.0,27225,1751864220
2025-07-07 10:28:00,PE,ATM-10,15.11583,1586025,24950.0,25439.15,12.05,12.25,11.95,12.2,65625,1751864280
2025-07-07 10:29:00,PE,ATM-10,15.048708,1586025,24950.0,25435.4,12.05,12.55,12.05,12.25,39450,1751864340
2025-07-07 10:30:00,PE,ATM-10,15.098542,1603425,24950.0,25436.25,12.25,12.6,12.2,12.35,23175,1751864400
2025-07-07 10:31:00,PE,ATM-10,15.083941,1603425,24950.0,25442.9,12.3,12.4,11.7,11.8,64050,1751864460
2025-07-07 10:32:00,PE,ATM-10,15.001884,1603425,24950.0,25442.55,11.85,11.9,11.55,11.55,36900,1751864520
2025-07-07 10:33:00,PE,ATM-10,15.218784,1593975,24950.0,25450.95,11.5,11.7,11.4,11.65,74400,1751864580
2025-07-07 10:34:00,PE,ATM-10,15.131923,1593975,24950.0,25443.5,11.7,11.95,11.55,11.9,48225,1751864640
2025-07-07 10:35:00,PE,ATM-10,14.951302,1593975,24950.0,25435.95,11.9,12.05,11.75,11.85,51000,1751864700
2025-07-07 10:36:00,PE,ATM-10,14.955543,1601325,24950.0,25436.75,11.85,11.9,11.7,11.8,32625,1751864760
2025-07-07 10:37:00,PE,ATM-10,14.890831,1601325,24950.0,25438.55,11.8,11.85,11.45,11.45,16575,1751864820
2025-07-07 10:38:00,PE,ATM-10,14.918125,1601325,24950.0,25437.65,11.4,11.65,11.3,11.6,68175,1751864880
2025-07-07 10:39:00,PE,ATM-10,14.81701,1630500,24950.0,25436.45,11.55,11.6,11.2,11.35,33600,1751864940
2025-07-07 10:40:00,PE,ATM-10,14.881878,1630500,24950.0,25442.85,11.4,11.4,11.0,11.1,47700,1751865000
2025-07-07 10:41:00,PE,ATM-10,14.756663,1630500,24950.0,25439.2,11.15,11.35,10.95,10.95,29325,1751865060
2025-07-07 10:42:00,PE,ATM-10,15.083503,1630200,24950.0,25454.1,11.1,11.1,10.7,10.95,86625,1751865120
2025-07-07 10:43:00,PE,ATM-10,14.997288,1630200,24950.0,25450.8,10.95,11.1,10.9,10.9,34050,1751865180
2025-07-07 10:44:00,PE,ATM-10,14.984092,1630200,24950.0,25449.4,10.9,10.95,10.8,10.95,20700,1751865240
2025-07-07 10:45:00,PE,ATM-10,15.016678,1609500,24950.0,25451.55,10.95,11.05,10.8,10.9,49275,1751865300
2025-07-07 10:46:00,PE,ATM-10,15.030196,1609500,24950.0,25450.65,10.9,11.1,10.9,11.0,27375,1751865360
2025-07-07 10:47:00,PE,ATM-10,14.970903,1609500,24950.0,25451.5,11.0,11.0,10.75,10.75,18525,1751865420
2025-07-07 10:48:00,PE,ATM-10,15.108437,1599000,24950.0,25458.5,10.75,10.9,10.65,10.7,32775,1751865480
2025-07-07 10:49:00,PE,ATM-10,15.023211,1599000,24950.0,25449.4,10.65,11.15,10.65,11.05,31725,1751865540
2025-07-07 10:50:00,PE,ATM-10,15.107881,1599000,24950.0,25451.05,11.1,11.25,11.1,11.2,21300,1751865600
2025-07-07 10:51:00,PE,ATM-10,15.344794,1604625,24950.0,25467.7,11.15,11.2,10.7,10.8,90000,1751865660
2025-07-07 10:52:00,PE,ATM-10,15.253472,1604625,24950.0,25461.2,10.8,11.0,10.8,10.95,53850,1751865720
2025-07-07 10:53:00,PE,ATM-10,15.298797,1604625,24950.0,25463.95,10.95,11.0,10.85,10.9,45750,1751865780
2025-07-07 10:54:00,PE,ATM-10,15.286687,1609575,24950.0,25461.85,10.95,11.05,10.9,11.0,20175,1751865840
2025-07-07 10:55:00,PE,ATM-10,15.359395,1609575,24950.0,25462.2,10.95,11.25,10.95,11.2,22350,1751865900
2025-07-07 10:56:00,PE,ATM-10,15.307458,1609575,24950.0,25461.2,11.15,11.25,11.05,11.1,27900,1751865960
2025-07-07 10:57:00,PE,ATM-10,15.333033,1610100,24950.0,25464.5,11.05,11.1,10.95,10.95,12375,1751866020
2025-07-07 10:58:00,PE,ATM-10,15.373728,1610100,24950.0,25466.3,11.0,11.05,10.95,10.95,21225,1751866080
2025-07-07 10:59:00,PE,ATM-10,15.429614,1610100,24950.0,25468.8,10.95,11.0,10.8,10.95,26250,1751866140
2025-07-07 11:00:00,PE,ATM-10,15.486612,1614750,24950.0,25474.35,10.85,10.9,10.65,10.75,49200,1751866200
2025-07-07 11:01:00,PE,ATM-10,15.15743,8808450,25000.0,25475.3,13.4,13.55,13.3,13.35,147975,1751866260
2025-07-07 11:02:00,PE,ATM-10,15.524534,1614750,24950.0,25474.45,10.75,10.9,10.7,10.85,26700,1751866320
2025-07-07 11:03:00,PE,ATM-10,15.408035,1609800,24950.0,25469.75,10.85,10.9,10.65,10.8,28875,1751866380
2025-07-07 11:04:00,PE,ATM-10,15.366237,1609800,24950.0,25467.75,10.85,10.85,10.45,10.8,73125,1751866440
2025-07-07 11:05:00,PE,ATM-10,15.381783,1609800,24950.0,25470.65,10.75,10.8,10.65,10.65,24750,1751866500
2025-07-07 11:06:00,PE,ATM-10,15.35739,1618200,24950.0,25469.45,10.65,10.75,10.6,10.65,26550,1751866560
2025-07-07 11:07:00,PE,ATM-10,15.408722,1618200,24950.0,25471.75,10.65,10.7,10.6,10.65,40950,1751866620
2025-07-07 11:08:00,PE,ATM-10,15.359302,1618200,24950.0,25470.15,10.6,10.65,10.55,10.6,28500,1751866680
2025-07-07 11:09:00,PE,ATM-10,15.384834,1621275,24950.0,25473.55,10.6,10.65,10.4,10.45,29100,1751866740
2025-07-07 11:10:00,PE,ATM-10,15.358117,1621275,24950.0,25469.95,10.45,10.65,10.45,10.6,14925,1751866800
2025-07-07 11:11:00,PE,ATM-10,15.234727,1621275,24950.0,25456.8,10.7,11.1,10.65,11.1,49725,1751866860
2025-07-07 11:12:00,PE,ATM-10,15.186444,1634025,24950.0,25456.7,11.1,11.2,10.95,10.95,79575,1751866920
2025-07-07 11:13:00,PE,ATM-10,15.232923,1634025,24950.0,25457.3,11.0,11.1,10.95,11.05,26325,1751866980
2025-07-07 11:14:00,PE,ATM-10,15.227324,1634025,24950.0,25457.7,11.0,11.15,10.9,11.0,22875,1751867040
2025-07-07 11:15:00,PE,ATM-10,15.222053,1648500,24950.0,25458.85,11.0,11.0,10.85,10.9,23850,1751867100
2025-07-07 11:16:00,PE,ATM-10,15.222188,1648500,24950.0,25461.0,10.85,10.9,10.65,10.75,48600,1751867160
2025-07-07 11:17:00,PE,ATM-10,15.190462,1648500,24950.0,25455.8,10.7,11.0,10.6,11.0,48075,1751867220
2025-07-07 11:18:00,PE,ATM-10,15.184522,1639425,24950.0,25457.65,11.0,11.1,10.8,10.85,43200,1751867280
2025-07-07 11:19:00,PE,ATM-10,15.218208,1639425,24950.0,25456.2,10.85,11.1,10.85,11.05,25800,1751867340
2025-07-07 11:20:00,PE,ATM-10,15.222246,1639425,24950.0,25454.15,11.05,11.2,11.0,11.2,59550,1751867400
2025-07-07 11:21:00,PE,ATM-10,15.18721,1661550,24950.0,25453.2,11.2,11.3,11.1,11.15,35025,1751867460
2025-07-07 11:22:00,PE,ATM-10,15.238683,1661550,24950.0,25449.8,11.1,11.55,11.1,11.55,97275,1751867520
2025-07-07 11:23:00,PE,ATM-10,15.201496,1661550,24950.0,25450.15,11.55,11.6,11.4,11.4,56325,1751867580
2025-07-07 11:24:00,PE,ATM-10,15.284823,1647600,24950.0,25452.45,11.45,11.75,11.45,11.5,57900,1751867640
2025-07-07 11:25:00,PE,ATM-10,15.282016,1647600,24950.0,25451.55,11.5,11.65,11.35,11.55,55275,1751867700
2025-07-07 11:26:00,PE,ATM-10,15.249339,1647600,24950.0,25450.7,11.6,11.75,11.5,11.5,44550,1751867760
2025-07-07 11:27:00,PE,ATM-10,15.242826,1638225,24950.0,25452.45,11.55,11.65,11.35,11.35,21675,1751867820
2025-07-07 11:28:00,PE,ATM-10,15.213083,1638225,24950.0,25452.45,11.35,11.4,11.15,11.25,40275,1751867880
2025-07-07 11:29:00,PE,ATM-10,15.256723,1638225,24950.0,25453.65,11.35,11.45,11.2,11.3,10875,1751867940
2025-07-07 11:30:00,PE,ATM-10,15.221377,1629000,24950.0,25453.4,11.3,11.35,11.2,11.2,9150,1751868000
2025-07-07 11:31:00,PE,ATM-10,15.248326,1629000,24950.0,25450.3,11.2,11.55,11.2,11.5,24750,1751868060
2025-07-07 11:32:00,PE,ATM-10,15.308458,1629000,24950.0,25452.25,11.6,11.7,11.5,11.55,17550,1751868120
2025-07-07 11:33:00,PE,ATM-10,15.255878,1638900,24950.0,25449.8,11.6,11.6,11.4,11.55,14850,1751868180
2025-07-07 11:34:00,PE,ATM-10,15.275115,1638900,24950.0,25451.3,11.55,11.7,11.5,11.5,28725,1751868240
2025-07-07 11:35:00,PE,ATM-10,15.282107,1638900,24950.0,25449.45,11.5,11.65,11.4,11.65,20700,1751868300
2025-07-07 11:36:00,PE,ATM-10,15.287006,1626450,24950.0,25452.4,11.65,11.65,11.25,11.45,17925,1751868360
2025-07-07 11:37:00,PE,ATM-10,15.2665,1626450,24950.0,25451.4,11.45,11.55,11.4,11.45,15000,1751868420
2025-07-07 11:38:00,PE,ATM-10,15.207803,1626450,24950.0,25453.65,11.45,11.45,11.1,11.1,22200,1751868480
2025-07-07 11:39:00,PE,ATM-10,15.250863,1618200,24950.0,25450.55,11.1,11.55,11.1,11.45,24300,1751868540
2025-07-07 11:40:00,PE,ATM-10,15.255637,1618200,24950.0,25451.4,11.5,11.5,11.3,11.4,6975,1751868600
2025-07-07 11:41:00,PE,ATM-10,15.243592,1618200,24950.0,25452.2,11.45,11.45,11.3,11.3,20100,1751868660
2025-07-07 11:42:00,PE,ATM-10,15.28452,1630050,24950.0,25454.7,11.3,11.35,11.05,11.25,29850,1751868720
2025-07-07 11:43:00,PE,ATM-10,15.270459,1630050,24950.0,25449.75,11.25,11.55,11.25,11.55,28725,1751868780
2025-07-07 11:44:00,PE,ATM-10,15.252708,1630050,24950.0,25452.4,11.55,11.55,11.3,11.3,14925,1751868840
2025-07-07 11:45:00,PE,ATM-10,15.23774,1631625,24950.0,25451.65,11.4,11.4,11.3,11.3,6600,1751868900
2025-07-07 11:46:00,PE,ATM-10,15.252086,1631625,24950.0,25445.25,11.35,11.8,11.3,11.8,58125,1751868960
2025-07-07 11:47:00,PE,ATM-10,15.137242,1631625,24950.0,25436.65,11.9,12.1,11.75,12.05,64275,1751869020
2025-07-07 11:48:00,PE,ATM-10,15.10367,1643775,24950.0,25435.75,11.95,12.1,11.8,12.0,50250,1751869080
2025-07-07 11:49:00,PE,ATM-10,15.126584,1643775,24950.0,25438.05,11.9,12.25,11.8,11.9,76575,1751869140
2025-07-07 11:50:00,PE,ATM-10,15.1672,1643775,24950.0,25438.45,12.0,12.05,11.8,12.0,23025,1751869200
2025-07-07 11:51:00,PE,ATM-10,15.112361,1662975,24950.0,25437.95,12.05,12.1,11.7,11.85,44175,1751869260
2025-07-07 11:52:00,PE,ATM-10,15.152471,1662975,24950.0,25443.1,11.95,11.95,11.4,11.6,36075,1751869320
2025-07-07 11:53:00,PE,ATM-10,15.130884,1662975,24950.0,25440.0,11.55,11.85,11.45,11.75,49500,1751869380
2025-07-07 11:54:00,PE,ATM-10,15.036952,1657425,24950.0,25436.4,11.75,11.85,11.7,11.7,15075,1751869440
2025-07-07 11:55:00,PE,ATM-10,15.150977,1657425,24950.0,25439.4,11.75,11.85,11.7,11.85,23625,1751869500
2025-07-07 11:56:00,PE,ATM-10,15.111704,1657425,24950.0,25438.25,11.7,11.95,11.7,11.8,24600,1751869560
2025-07-07 11:57:00,PE,ATM-10,15.120567,1669650,24950.0,25436.55,11.9,12.15,11.9,11.95,45375,1751869620
2025-07-07 11:58:00,PE,ATM-10,15.144963,1669650,24950.0,25439.6,11.95,11.95,11.7,11.8,13575,1751869680
2025-07-07 11:59:00,PE,ATM-10,15.117936,1669650,24950.0,25439.0,11.85,11.9,11.6,11.75,53250,1751869740
2025-07-07 12:00:00,PE,ATM-10,15.138829,1653150,24950.0,25440.55,11.75,11.9,11.55,11.7,38775,1751869800
2025-07-07 12:01:00,PE,ATM-10,15.144891,1653150,24950.0,25435.35,11.7,12.1,11.6,12.1,42825,1751869860
2025-07-07 12:02:00,PE,ATM-10,15.135809,1653150,24950.0,25433.55,12.05,12.65,12.05,12.2,171075,1751869920
2025-07-07 12:03:00,PE,ATM-10,15.072078,1640925,24950.0,25433.3,12.25,12.25,11.9,12.0,49350,1751869980
2025-07-07 12:04:00,PE,ATM-10,15.090322,1640925,24950.0,25432.05,12.1,12.2,11.95,12.15,22050,1751870040
2025-07-07 12:05:00,PE,ATM-10,15.156772,1640925,24950.0,25432.3,12.25,12.45,12.2,12.35,32250,1751870100
2025-07-07 12:06:00,PE,ATM-10,15.164055,1661325,24950.0,25431.9,12.35,12.7,12.3,12.4,45225,1751870160
2025-07-07 12:07:00,PE,ATM-10,15.141586,1661325,24950.0,25432.8,12.35,12.35,12.1,12.25,39375,1751870220
2025-07-07 12:08:00,PE,ATM-10,15.160415,1661325,24950.0,25431.6,12.3,12.6,12.25,12.4,38475,1751870280
2025-07-07 12:09:00,PE,ATM-10,15.18686,1669500,24950.0,25432.05,12.4,12.55,12.35,12.45,22200,1751870340
2025-07-07 12:10:00,PE,ATM-10,15.22597,1669500,24950.0,25429.2,12.5,12.8,12.45,12.8,36300,1751870400
2025-07-07 12:11:00,PE,ATM-10,15.138984,1669500,24950.0,25431.75,12.8,12.8,12.3,12.3,54975,1751870460
2025-07-07 12:12:00,PE,ATM-10,15.087404,1654275,24950.0,25430.05,12.25,12.55,12.25,12.25,42075,1751870520
2025-07-07 12:13:00,PE,ATM-10,15.119631,1654275,24950.0,25430.1,12.35,12.5,12.25,12.35,46725,1751870580
2025-07-07 12:14:00,PE,ATM-10,15.124583,1654275,24950.0,25430.25,12.45,12.5,12.35,12.35,15600,1751870640
2025-07-07 12:15:00,PE,ATM-10,15.171316,1647525,24950.0,25426.45,12.45,13.1,12.45,12.8,171825,1751870700
2025-07-07 12:16:00,PE,ATM-10,15.207799,1647525,24950.0,25427.35,12.65,12.9,12.65,12.85,45975,1751870760
2025-07-07 12:17:00,PE,ATM-10,15.695536,2748150,24900.0,25422.4,10.45,11.15,10.35,11.05,98850,1751870820
2025-07-07 12:18:00,PE,ATM-10,15.374948,1656600,24950.0,25427.65,13.35,13.6,13.25,13.4,80175,1751870880
2025-07-07 12:19:00,PE,ATM-10,15.312871,1656600,24950.0,25432.4,13.4,13.4,12.7,12.8,62625,1751870940
2025-07-07 12:20:00,PE,ATM-10,15.324006,1656600,24950.0,25434.75,12.8,12.9,12.5,12.65,44550,1751871000
2025-07-07 12:21:00,PE,ATM-10,15.25682,1619625,24950.0,25440.95,12.65,12.8,11.9,11.95,91725,1751871060
2025-07-07 12:22:00,PE,ATM-10,15.193439,1619625,24950.0,25441.45,11.95,12.1,11.7,11.7,55950,1751871120
2025-07-07 12:23:00,PE,ATM-10,15.229315,1619625,24950.0,25442.3,11.75,11.9,11.55,11.75,53775,1751871180
2025-07-07 12:24:00,PE,ATM-10,15.178617,1594350,24950.0,25444.8,11.75,11.75,11.35,11.4,51450,1751871240
2025-07-07 12:25:00,PE,ATM-10,15.290031,1594350,24950.0,25450.45,11.4,11.4,11.15,11.35,115875,1751871300
2025-07-07 12:26:00,PE,ATM-10,15.208106,1594350,24950.0,25448.1,11.35,11.45,11.15,11.25,87300,1751871360
2025-07-07 12:27:00,PE,ATM-10,15.20363,1612725,24950.0,25449.25,11.2,11.25,11.05,11.15,31950,1751871420
2025-07-07 12:28:00,PE,ATM-10,15.166464,1612725,24950.0,25447.5,11.15,11.25,11.05,11.15,25050,1751871480
2025-07-07 12:29:00,PE,ATM-10,15.147456,1612725,24950.0,25448.0,11.15,11.2,11.0,11.05,44250,1751871540
2025-07-07 12:30:00,PE,ATM-10,15.20762,1615425,24950.0,25450.65,11.05,11.15,10.9,11.05,50325,1751871600
2025-07-07 12:31:00,PE,ATM-10,15.250588,1615425,24950.0,25448.95,11.1,11.4,11.1,11.3,80775,1751871660
2025-07-07 12:32:00,PE,ATM-10,15.257515,1615425,24950.0,25449.9,11.3,11.5,11.25,11.25,27975,1751871720
2025-07-07 12:33:00,PE,ATM-10,15.174353,1609050,24950.0,25447.5,11.35,11.35,11.1,11.15,78600,1751871780
2025-07-07 12:34:00,PE,ATM-10,15.239942,1609050,24950.0,25447.55,11.15,11.35,11.1,11.35,13425,1751871840
2025-07-07 12:35:00,PE,ATM-10,15.265664,1609050,24950.0,25444.45,11.3,11.8,11.3,11.65,78525,1751871900
2025-07-07 12:36:00,PE,ATM-10,15.29606,1620000,24950.0,25445.05,11.65,11.75,11.5,11.7,41475,1751871960
2025-07-07 12:37:00,PE,ATM-10,15.270828,1620000,24950.0,25443.85,11.6,11.8,11.6,11.7,33975,1751872020
2025-07-07 12:38:00,PE,ATM-10,15.258625,1620000,24950.0,25446.7,11.65,11.75,11.45,11.45,15150,1751872080
2025-07-07 12:39:00,PE,ATM-10,15.167733,1636875,24950.0,25444.65,11.5,11.6,11.3,11.3,20700,1751872140
2025-07-07 12:40:00,PE,ATM-10,15.166974,1636875,24950.0,25445.25,11.35,11.4,11.25,11.25,23250,1751872200
2025-07-07 12:41:00,PE,ATM-10,15.229977,1636875,24950.0,25445.2,11.25,11.45,11.25,11.45,13800,1751872260
2025-07-07 12:42:00,PE,ATM-10,15.214868,1635300,24950.0,25445.15,11.5,11.5,11.35,11.4,15900,1751872320
2025-07-07 12:43:00,PE,ATM-10,15.242013,1635300,24950.0,25444.9,11.35,11.55,11.35,11.5,17475,1751872380
2025-07-07 12:44:00,PE,ATM-10,15.314762,1635300,24950.0,25450.2,11.45,11.45,11.2,11.35,36750,1751872440
2025-07-07 12:45:00,PE,ATM-10,15.276338,1635300,24950.0,25445.6,11.35,11.55,11.25,11.55,33525,1751872500
2025-07-07 12:46:00,PE,ATM-10,15.218966,1635300,24950.0,25444.35,11.55,11.55,11.4,11.45,26475,1751872560
2025-07-07 12:47:00,PE,ATM-10,15.187139,1635300,24950.0,25443.55,11.45,11.45,11.3,11.4,9975,1751872620
2025-07-07 12:48:00,PE,ATM-10,15.182279,1629675,24950.0,25439.8,11.35,11.7,11.35,11.65,30525,1751872680
2025-07-07 12:49:00,PE,ATM-10,15.173512,1629675,24950.0,25442.1,11.65,11.75,11.45,11.45,23175,1751872740
2025-07-07 12:50:00,PE,ATM-10,15.205613,1629675,24950.0,25440.7,11.45,11.75,11.45,11.65,24675,1751872800
2025-07-07 12:51:00,PE,ATM-10,15.219782,1624650,24950.0,25441.95,11.65,11.65,11.45,11.6,20925,1751872860
2025-07-07 12:52:00,PE,ATM-10,15.151561,1624650,24950.0,25443.0,11.6,11.6,11.3,11.3,22200,1751872920
2025-07-07 12:53:00,PE,ATM-10,15.214509,1624650,24950.0,25444.35,11.3,11.5,11.3,11.4,7950,1751872980
2025-07-07 12:54:00,PE,ATM-10,15.296295,1626975,24950.0,25445.85,11.45,11.55,11.4,11.55,14325,1751873040
2025-07-07 12:55:00,PE,ATM-10,15.293512,1626975,24950.0,25446.35,11.55,11.65,11.5,11.5,13650,1751873100
2025-07-07 12:56:00,PE,ATM-10,15.270889,1626975,24950.0,25442.5,11.6,11.8,11.6,11.7,30225,1751873160
2025-07-07 12:57:00,PE,ATM-10,15.182459,1626975,24950.0,25436.45,11.7,11.9,11.7,11.85,28125,1751873220
2025-07-07 12:58:00,PE,ATM-10,15.110672,1614300,24950.0,25429.2,11.9,12.15,11.9,12.15,57600,1751873280
2025-07-07 12:59:00,PE,ATM-10,15.065984,1614300,24950.0,25425.85,12.15,12.55,12.05,12.25,71175,1751873340
2025-07-07 13:00:00,PE,ATM-10,15.58993,2727900,24900.0,25422.65,10.15,10.75,10.15,10.5,216000,1751873400
2025-07-07 13:01:00,PE,ATM-10,15.111169,1650675,24950.0,25425.75,12.7,12.7,12.4,12.4,65175,1751873460
2025-07-07 13:02:00,PE,ATM-10,15.168203,1650675,24950.0,25426.25,12.5,12.6,12.35,12.55,39150,1751873520
2025-07-07 13:03:00,PE,ATM-10,15.052307,1632300,24950.0,25431.6,12.5,12.5,11.75,11.75,83325,1751873580
2025-07-07 13:04:00,PE,ATM-10,15.158436,1632300,24950.0,25431.55,11.85,12.1,11.7,12.1,29175,1751873640
2025-07-07 13:05:00,PE,ATM-10,15.118303,1632300,24950.0,25431.7,12.1,12.1,11.85,11.95,27750,1751873700
2025-07-07 13:06:00,PE,ATM-10,15.1741,1632300,24950.0,25434.1,11.95,12.1,11.85,11.95,12450,1751873760
2025-07-07 13:07:00,PE,ATM-10,15.17569,1622625,24950.0,25434.1,11.95,12.05,11.9,11.95,16125,1751873820
2025-07-07 13:08:00,PE,ATM-10,15.07467,1622625,24950.0,25435.65,11.8,11.8,11.45,11.5,41400,1751873880
2025-07-07 13:09:00,PE,ATM-10,15.139422,1622625,24950.0,25441.95,11.5,11.5,11.25,11.25,30525,1751873940
2025-07-07 13:10:00,PE,ATM-10,15.204737,1632750,24950.0,25442.7,11.35,11.55,11.25,11.4,24525,1751874000
2025-07-07 13:11:00,PE,ATM-10,15.337674,1632750,24950.0,25450.7,11.4,11.45,11.15,11.25,54000,1751874060
2025-07-07 13:12:00,PE,ATM-10,15.376461,1642275,24950.0,25450.95,11.2,11.4,11.1,11.35,73575,1751874120
2025-07-07 13:13:00,PE,ATM-10,15.286662,1642275,24950.0,25446.15,11.4,11.55,11.35,11.4,59025,1751874180
2025-07-07 13:14:00,PE,ATM-10,15.315979,1642275,24950.0,25448.8,11.4,11.45,11.2,11.3,30825,1751874240
2025-07-07 13:15:00,PE,ATM-10,15.337657,1642275,24950.0,25449.7,11.35,11.4,11.25,11.3,6000,1751874300
2025-07-07 13:16:00,PE,ATM-10,15.302594,1655100,24950.0,25447.35,11.35,11.4,11.3,11.35,9825,1751874360
2025-07-07 13:17:00,PE,ATM-10,15.352032,1655100,24950.0,25450.2,11.35,11.4,11.3,11.3,4500,1751874420
2025-07-07 13:18:00,PE,ATM-10,15.404714,1655100,24950.0,25459.0,11.35,11.35,10.85,10.85,72750,1751874480
2025-07-07 13:19:00,PE,ATM-10,15.45392,1661550,24950.0,25457.5,10.85,11.15,10.85,11.1,44100,1751874540
2025-07-07 13:20:00,PE,ATM-10,15.456044,1661550,24950.0,25456.8,11.1,11.2,11.05,11.15,8925,1751874600
2025-07-07 13:21:00,PE,ATM-10,15.459396,1661550,24950.0,25457.6,11.2,11.25,11.05,11.1,24225,1751874660
2025-07-07 13:22:00,PE,ATM-10,15.430526,1658625,24950.0,25456.95,11.15,11.15,11.05,11.05,13500,1751874720
2025-07-07 13:23:00,PE,ATM-10,15.39165,1658625,24950.0,25455.85,11.05,11.15,11.0,11.0,24750,1751874780
2025-07-07 13:24:00,PE,ATM-10,15.413807,1658625,24950.0,25456.05,10.95,11.05,10.9,11.05,10125,1751874840
2025-07-07 13:25:00,PE,ATM-10,15.355238,1651725,24950.0,25456.25,11.0,11.0,10.85,10.85,9450,1751874900
2025-07-07 13:26:00,PE,ATM-10,15.404238,1651725,24950.0,25454.75,10.85,11.1,10.85,11.1,16575,1751874960
2025-07-07 13:27:00,PE,ATM-10,15.445861,1651725,24950.0,25456.55,11.1,11.1,10.95,11.1,7725,1751875020
2025-07-07 13:28:00,PE,ATM-10,15.40194,1654350,24950.0,25452.35,11.05,11.25,11.0,11.25,22125,1751875080
2025-07-07 13:29:00,PE,ATM-10,15.303163,1654350,24950.0,25447.85,11.25,11.4,11.15,11.25,63900,1751875140
2025-07-07 13:30:00,PE,ATM-10,15.285588,1654350,24950.0,25447.7,11.2,11.35,11.15,11.2,30450,1751875200
2025-07-07 13:31:00,PE,ATM-10,15.303658,1668600,24950.0,25449.15,11.2,11.2,11.05,11.15,15975,1751875260
2025-07-07 13:32:00,PE,ATM-10,15.292949,1668600,24950.0,25450.75,11.1,11.15,11.0,11.0,15375,1751875320
2025-07-07 13:33:00,PE,ATM-10,15.321726,1668600,24950.0,25451.25,11.05,11.1,10.95,11.05,13200,1751875380
2025-07-07 13:34:00,PE,ATM-10,15.29011,1666425,24950.0,25451.2,11.05,11.1,10.95,10.95,14625,1751875440
2025-07-07 13:35:00,PE,ATM-10,15.308919,1666425,24950.0,25452.7,10.95,11.1,10.9,10.9,20400,1751875500
2025-07-07 13:36:00,PE,ATM-10,15.349651,1666425,24950.0,25450.85,10.9,11.2,10.9,11.15,18375,1751875560
2025-07-07 13:37:00,PE,ATM-10,15.331961,1658775,24950.0,25450.7,11.1,11.2,11.1,11.1,9750,1751875620
2025-07-07 13:38:00,PE,ATM-10,15.336503,1658775,24950.0,25451.55,11.15,11.2,11.05,11.05,5925,1751875680
2025-07-07 13:39:00,PE,ATM-10,15.324059,1658775,24950.0,25450.2,11.05,11.2,11.05,11.1,14625,1751875740
2025-07-07 13:40:00,PE,ATM-10,15.365066,1664700,24950.0,25451.25,11.1,11.15,11.0,11.15,8175,1751875800
2025-07-07 13:41:00,PE,ATM-10,15.360738,1664700,24950.0,25451.7,11.15,11.2,11.0,11.1,13125,1751875860
2025-07-07 13:42:00,PE,ATM-10,15.339075,1664700,24950.0,25446.4,11.1,11.4,11.05,11.4,12750,1751875920
2025-07-07 13:43:00,PE,ATM-10,15.288468,1664475,24950.0,25447.6,11.45,11.45,11.15,11.15,16725,1751875980
2025-07-07 13:44:00,PE,ATM-10,15.35689,1664475,24950.0,25452.75,11.15,11.15,11.0,11.0,25725,1751876040
2025-07-07 13:45:00,PE,ATM-10,15.345153,1664475,24950.0,25455.8,11.0,11.05,10.7,10.75,54150,1751876100
2025-07-07 13:46:00,PE,ATM-10,15.347574,1663800,24950.0,25455.1,10.75,10.9,10.75,10.8,20025,1751876160
2025-07-07 13:47:00,PE,ATM-10,15.289255,1663800,24950.0,25455.35,10.8,10.8,10.6,10.6,35100,1751876220
2025-07-07 13:48:00,PE,ATM-10,15.388536,1663800,24950.0,25456.8,10.6,10.8,10.6,10.8,12225,1751876280
2025-07-07 13:49:00,PE,ATM-10,15.399039,1676100,24950.0,25457.2,10.8,10.9,10.7,10.8,28275,1751876340
2025-07-07 13:50:00,PE,ATM-10,15.372158,1676100,24950.0,25454.45,10.8,10.95,10.8,10.9,26100,1751876400
2025-07-07 13:51:00,PE,ATM-10,15.343115,1676100,24950.0,25453.8,10.9,10.9,10.75,10.85,15750,1751876460
2025-07-07 13:52:00,PE,ATM-10,15.220604,1667475,24950.0,25441.1,10.85,11.4,10.85,11.35,129075,1751876520
2025-07-07 13:53:00,PE,ATM-10,15.224124,1667475,24950.0,25444.0,11.25,11.3,11.1,11.15,66075,1751876580
2025-07-07 13:54:00,PE,ATM-10,15.292879,1667475,24950.0,25447.0,11.1,11.3,11.1,11.15,28050,1751876640
2025-07-07 13:55:00,PE,ATM-10,15.308492,1672575,24950.0,25451.95,11.1,11.1,10.85,10.85,27900,1751876700
2025-07-07 13:56:00,PE,ATM-10,15.337451,1672575,24950.0,25452.45,10.9,11.0,10.75,10.9,37425,1751876760
2025-07-07 13:57:00,PE,ATM-10,15.293943,1672575,24950.0,25451.15,10.9,10.9,10.8,10.85,13350,1751876820
2025-07-07 13:58:00,PE,ATM-10,15.375208,1652775,24950.0,25454.0,10.85,10.95,10.85,10.9,19725,1751876880
2025-07-07 13:59:00,PE,ATM-10,15.302161,1652775,24950.0,25449.2,10.9,11.1,10.9,11.0,10725,1751876940
2025-07-07 14:00:00,PE,ATM-10,15.313831,1652775,24950.0,25449.65,11.05,11.05,10.9,11.0,5025,1751877000
2025-07-07 14:01:00,PE,ATM-10,15.374585,1645425,24950.0,25452.3,11.0,11.1,10.9,11.0,27150,1751877060
2025-07-07 14:02:00,PE,ATM-10,15.415881,1645425,24950.0,25457.0,10.95,10.95,10.8,10.8,19800,1751877120
2025-07-07 14:03:00,PE,ATM-10,15.597025,1645425,24950.0,25464.35,10.8,10.95,10.65,10.85,127350,1751877180
2025-07-07 14:04:00,PE,ATM-10,15.57207,1626975,24950.0,25463.15,10.85,11.05,10.85,10.85,62100,1751877240
2025-07-07 14:05:00,PE,ATM-10,15.66353,1626975,24950.0,25467.2,10.85,10.95,10.75,10.85,20100,1751877300
2025-07-07 14:06:00,PE,ATM-10,15.555132,1626975,24950.0,25461.5,10.85,11.0,10.8,10.9,43800,1751877360
2025-07-07 14:07:00,PE,ATM-10,15.500106,1657575,24950.0,25458.95,10.95,11.05,10.9,10.9,20700,1751877420
2025-07-07 14:08:00,PE,ATM-10,15.543841,1657575,24950.0,25458.65,10.95,11.05,10.95,11.05,20925,1751877480
2025-07-07 14:09:00,PE,ATM-10,15.479143,1657575,24950.0,25456.4,11.0,11.1,11.0,11.0,6825,1751877540
2025-07-07 14:10:00,PE,ATM-10,15.443141,1661025,24950.0,25456.9,11.0,11.05,10.85,10.85,11475,1751877600
2025-07-07 14:11:00,PE,ATM-10,15.461764,1661025,24950.0,25456.2,10.85,11.0,10.85,10.95,7950,1751877660
2025-07-07 14:12:00,PE,ATM-10,15.444467,1661025,24950.0,25455.35,11.0,11.0,10.85,10.95,24225,1751877720
2025-07-07 14:13:00,PE,ATM-10,15.41824,1666275,24950.0,25454.1,10.95,11.15,10.9,10.95,15900,1751877780
2025-07-07 14:14:00,PE,ATM-10,15.374141,1666275,24950.0,25452.05,10.9,11.0,10.9,10.95,9225,1751877840
2025-07-07 14:15:00,PE,ATM-10,15.418131,1666275,24950.0,25452.5,10.95,11.15,10.95,11.05,19350,1751877900
2025-07-07 14:16:00,PE,ATM-10,15.421434,1665150,24950.0,25454.75,11.05,11.05,10.8,10.9,20325,1751877960
2025-07-07 14:17:00,PE,ATM-10,15.382683,1665150,24950.0,25454.4,10.9,10.9,10.8,10.8,9750,1751878020
2025-07-07 14:18:00,PE,ATM-10,15.408817,1665150,24950.0,25455.5,10.8,10.9,10.75,10.8,12300,1751878080
2025-07-07 14:19:00,PE,ATM-10,15.460537,1662825,24950.0,25457.75,10.8,10.9,10.8,10.8,18675,1751878140
2025-07-07 14:20:00,PE,ATM-10,15.442659,1662825,24950.0,25458.35,10.85,10.85,10.7,10.7,18525,1751878200
2025-07-07 14:21:00,PE,ATM-10,15.457436,1662825,24950.0,25458.2,10.7,10.8,10.7,10.75,2325,1751878260
2025-07-07 14:22:00,PE,ATM-10,15.533673,1669500,24950.0,25462.3,10.75,10.8,10.65,10.7,26700,1751878320
2025-07-07 14:23:00,PE,ATM-10,15.541866,1669500,24950.0,25461.85,10.75,10.85,10.75,10.75,11775,1751878380
2025-07-07 14:24:00,PE,ATM-10,15.490192,1669500,24950.0,25459.45,10.8,10.85,10.7,10.75,27000,1751878440
2025-07-07 14:25:00,PE,ATM-10,15.498692,1664850,24950.0,25460.5,10.85,10.9,10.7,10.7,10800,1751878500
2025-07-07 14:26:00,PE,ATM-10,15.506321,1664850,24950.0,25458.55,10.8,10.85,10.7,10.85,9825,1751878560
2025-07-07 14:27:00,PE,ATM-10,15.528306,1664850,24950.0,25460.2,10.85,10.85,10.75,10.8,8400,1751878620
2025-07-07 14:28:00,PE,ATM-10,15.513317,1659000,24950.0,25457.25,10.85,10.95,10.8,10.95,15525,1751878680
2025-07-07 14:29:00,PE,ATM-10,15.439601,1659000,24950.0,25453.15,10.95,11.1,10.95,11.0,16125,1751878740
2025-07-07 14:30:00,PE,ATM-10,15.427198,1659000,24950.0,25451.8,11.0,11.15,10.95,11.05,21600,1751878800
2025-07-07 14:31:00,PE,ATM-10,15.54743,2800725,24900.0,25420.05,9.25,10.1,9.2,10.1,304800,1751878860
2025-07-07 14:32:00,PE,ATM-10,15.349235,1660575,24950.0,25440.45,11.85,12.1,11.5,11.6,116025,1751878920
2025-07-07 14:33:00,PE,ATM-10,15.268446,1660575,24950.0,25432.75,11.65,11.9,11.65,11.9,37200,1751878980
2025-07-07 14:34:00,PE,ATM-10,15.236614,1653750,24950.0,25437.4,11.9,11.9,11.35,11.45,48525,1751879040
2025-07-07 14:35:00,PE,ATM-10,15.302408,1653750,24950.0,25436.8,11.4,11.7,11.4,11.7,40425,1751879100
2025-07-07 14:36:00,PE,ATM-10,15.324491,1653750,24950.0,25437.7,11.7,11.85,11.55,11.7,72600,1751879160
2025-07-07 14:37:00,PE,ATM-10,15.308682,1701750,24950.0,25434.9,11.7,11.85,11.65,11.85,32925,1751879220
2025-07-07 14:38:00,PE,ATM-10,15.294034,1701750,24950.0,25430.85,11.9,12.1,11.7,12.1,29625,1751879280
2025-07-07 14:39:00,PE,ATM-10,15.39278,1701750,24950.0,25429.85,12.05,12.5,12.05,12.5,41775,1751879340
2025-07-07 14:40:00,PE,ATM-10,15.308168,1679400,24950.0,25429.35,12.5,12.5,12.2,12.25,52725,1751879400
2025-07-07 14:41:00,PE,ATM-10,15.344227,1679400,24950.0,25430.85,12.25,12.45,12.0,12.25,54600,1751879460
2025-07-07 14:42:00,PE,ATM-10,15.325171,1679400,24950.0,25426.7,12.2,12.5,12.0,12.5,76275,1751879520
2025-07-07 14:43:00,PE,ATM-10,15.291277,1671300,24950.0,25428.4,12.4,12.65,12.15,12.25,85200,1751879580
2025-07-07 14:44:00,PE,ATM-10,15.280181,1671300,24950.0,25425.25,12.2,12.75,12.2,12.45,40500,1751879640
2025-07-07 14:45:00,PE,ATM-10,15.762012,2753175,24900.0,25424.05,10.4,10.55,10.2,10.4,69375,1751879700
2025-07-07 14:46:00,PE,ATM-10,15.298532,1680825,24950.0,25426.55,12.5,12.65,12.25,12.4,77850,1751879760
2025-07-07 14:47:00,PE,ATM-10,15.241524,1680825,24950.0,25425.95,12.4,12.5,12.15,12.25,37650,1751879820
2025-07-07 14:48:00,PE,ATM-10,15.642015,2731275,24900.0,25423.05,10.2,10.35,10.05,10.1,60150,1751879880
2025-07-07 14:49:00,PE,ATM-10,15.585162,2726625,24900.0,25423.55,10.15,10.15,9.85,9.9,75525,1751879940
2025-07-07 14:50:00,PE,ATM-10,15.710786,2726625,24900.0,25424.45,9.9,10.25,9.85,10.2,50700,1751880000
2025-07-07 14:51:00,PE,ATM-10,15.64958,2726625,24900.0,25423.95,10.2,10.25,10.0,10.05,37725,1751880060
2025-07-07 14:52:00,PE,ATM-10,15.202418,1659375,24950.0,25425.2,12.2,12.3,12.05,12.15,26925,1751880120
2025-07-07 14:53:00,PE,ATM-10,15.183414,1659375,24950.0,25427.6,12.05,12.25,11.75,11.9,63000,1751880180
2025-07-07 14:54:00,PE,ATM-10,15.653772,2708475,24900.0,25424.7,10.05,10.15,9.95,10.0,55275,1751880240
2025-07-07 14:55:00,PE,ATM-10,15.17236,1644675,24950.0,25425.65,12.0,12.15,11.9,12.0,18150,1751880300
2025-07-07 14:56:00,PE,ATM-10,15.157595,1644675,24950.0,25436.5,11.95,12.0,11.15,11.15,119400,1751880360
2025-07-07 14:57:00,PE,ATM-10,15.197706,1644675,24950.0,25437.5,11.35,11.5,11.15,11.2,45750,1751880420
2025-07-07 14:58:00,PE,ATM-10,15.215927,1622250,24950.0,25440.35,11.2,11.3,11.0,11.05,96075,1751880480
2025-07-07 14:59:00,PE,ATM-10,15.317526,1622250,24950.0,25441.25,11.15,11.3,11.05,11.3,22875,1751880540
2025-07-07 15:00:00,PE,ATM-10,15.583683,1622250,24950.0,25456.55,11.2,11.25,10.8,11.05,58350,1751880600
2025-07-07 15:01:00,PE,ATM-10,15.60496,1621200,24950.0,25458.15,11.15,11.15,10.95,11.0,23250,1751880660
2025-07-07 15:02:00,PE,ATM-10,15.653351,1621200,24950.0,25461.7,11.0,11.05,10.9,10.9,54225,1751880720
2025-07-07 15:03:00,PE,ATM-10,15.670694,1621200,24950.0,25462.4,10.85,10.95,10.75,10.9,54300,1751880780
2025-07-07 15:04:00,PE,ATM-10,15.647301,1607475,24950.0,25456.2,10.95,11.25,10.9,11.25,117075,1751880840
2025-07-07 15:05:00,PE,ATM-10,15.674878,1607475,24950.0,25457.35,11.2,11.25,11.1,11.25,19500,1751880900
2025-07-07 15:06:00,PE,ATM-10,15.620145,1607475,24950.0,25457.0,11.3,11.3,11.05,11.1,26925,1751880960
2025-07-07 15:07:00,PE,ATM-10,15.616626,1576800,24950.0,25453.9,11.1,11.3,11.1,11.3,23400,1751881020
2025-07-07 15:08:00,PE,ATM-10,15.627035,1576800,24950.0,25455.0,11.3,11.4,11.2,11.25,20625,1751881080
2025-07-07 15:09:00,PE,ATM-10,15.859862,1576800,24950.0,25466.0,11.25,11.4,11.15,11.2,23400,1751881140
2025-07-07 15:10:00,PE,ATM-10,15.822179,1569750,24950.0,25462.8,11.3,11.35,11.2,11.3,40200,1751881200
2025-07-07 15:11:00,PE,ATM-10,15.726288,1569750,24950.0,25457.75,11.25,11.45,11.25,11.35,34125,1751881260
2025-07-07 15:12:00,PE,ATM-10,15.791104,1569750,24950.0,25460.55,11.35,11.45,11.35,11.35,34425,1751881320
2025-07-07 15:13:00,PE,ATM-10,15.774205,1564275,24950.0,25458.3,11.35,11.5,11.35,11.45,39000,1751881380
2025-07-07 15:14:00,PE,ATM-10,15.845184,1564275,24950.0,25459.95,11.45,11.6,11.4,11.55,47250,1751881440
2025-07-07 15:15:00,PE,ATM-10,15.834295,1564275,24950.0,25460.1,11.65,11.7,11.45,11.5,81375,1751881500
2025-07-07 15:16:00,PE,ATM-10,15.886196,1556475,24950.0,25458.8,11.45,11.75,11.45,11.75,59850,1751881560
2025-07-07 15:17:00,PE,ATM-10,15.890116,1556475,24950.0,25458.2,11.75,11.8,11.65,11.8,99150,1751881620
2025-07-07 15:18:00,PE,ATM-10,15.941667,1556475,24950.0,25459.7,11.75,11.9,11.75,11.85,22050,1751881680
2025-07-07 15:19:00,PE,ATM-10,15.998304,1529400,24950.0,25457.3,11.85,12.2,11.85,12.2,51975,1751881740
2025-07-07 15:20:00,PE,ATM-10,16.165895,1529400,24950.0,25461.85,12.3,12.65,12.3,12.4,239100,1751881800
2025-07-07 15:21:00,PE,ATM-10,16.227102,1529400,24950.0,25463.1,12.55,12.6,12.35,12.5,52950,1751881860
2025-07-07 15:22:00,PE,ATM-10,16.171895,1467075,24950.0,25464.0,12.55,12.55,12.25,12.25,64200,1751881920
2025-07-07 15:23:00,PE,ATM-10,16.242063,1467075,24950.0,25463.6,12.45,12.55,12.35,12.5,43875,1751881980
2025-07-07 15:24:00,PE,ATM-10,16.306843,1467075,24950.0,25463.0,12.8,12.85,12.5,12.75,109200,1751882040
2025-07-07 15:25:00,PE,ATM-10,16.241264,1430775,24950.0,25467.5,12.85,12.85,12.2,12.2,100200,1751882100
2025-07-07 15:26:00,PE,ATM-10,16.33924,1430775,24950.0,25470.35,12.25,12.45,12.05,12.3,51675,1751882160
2025-07-07 15:27:00,PE,ATM-10,16.429549,1430775,24950.0,25467.45,12.3,12.8,12.2,12.8,126525,1751882220
2025-07-07 15:28:00,PE,ATM-10,16.336096,1446450,24950.0,25463.3,12.95,13.05,12.7,12.8,72225,1751882280
2025-07-07 15:29:00,PE,ATM-10,16.008349,1446450,24950.0,25454.95,12.85,12.85,12.15,12.35,63225,1751882340
2025-07-08 09:15:00,PE,ATM-10,17.26197,1396725,24950.0,25449.8,14.55,14.55,9.4,9.9,314325,1751946300
2025-07-08 09:16:00,PE,ATM-10,17.383593,1396725,24950.0,25446.9,9.7,10.75,9.5,10.4,397725,1751946360
2025-07-08 09:17:00,PE,ATM-10,17.407824,1396725,24950.0,25455.3,10.25,10.35,9.9,9.9,279450,1751946420
2025-07-08 09:18:00,PE,ATM-10,17.19949,1422525,24950.0,25450.15,9.9,10.25,9.7,9.7,203175,1751946480
2025-07-08 09:19:00,PE,ATM-10,17.320421,1422525,24950.0,25457.15,9.65,9.75,9.5,9.55,198150,1751946540
2025-07-08 09:20:00,PE,ATM-10,17.147087,1422525,24950.0,25465.85,9.65,9.65,8.6,8.6,322200,1751946600
2025-07-08 09:21:00,PE,ATM-10,16.557811,7307925,25000.0,25476.1,10.6,10.6,9.7,9.7,506700,1751946660
2025-07-08 09:22:00,PE,ATM-10,16.734026,7307925,25000.0,25480.6,9.75,9.9,9.45,9.85,682125,1751946720
2025-07-08 09:23:00,PE,ATM-10,16.601367,7307925,25000.0,25480.65,9.9,9.9,9.3,9.5,349200,1751946780
2025-07-08 09:24:00,PE,ATM-10,16.521133,7467300,25000.0,25484.45,9.55,9.55,9.05,9.05,430875,1751946840
2025-07-08 09:25:00,PE,ATM-10,16.420577,7467300,25000.0,25483.6,9.0,9.05,8.7,8.85,480975,1751946900
2025-07-08 09:26:00,PE,ATM-10,16.406232,7467300,25000.0,25486.2,8.9,9.0,8.45,8.65,539250,1751946960
2025-07-08 09:27:00,PE,ATM-10,16.358846,7532850,25000.0,25485.05,8.6,8.75,8.55,8.6,414075,1751947020
2025-07-08 09:28:00,PE,ATM-10,16.280133,7532850,25000.0,25480.2,8.6,9.1,8.6,8.7,354450,1751947080
2025-07-08 09:29:00,PE,ATM-10,16.723568,1619925,24950.0,25474.4,7.1,7.25,7.0,7.15,84150,1751947140
2025-07-08 09:30:00,PE,ATM-10,16.410081,7517700,25000.0,25493.55,8.7,8.7,8.2,8.2,318900,1751947200
2025-07-08 09:31:00,PE,ATM-10,16.153955,7517700,25000.0,25478.2,8.3,8.55,8.3,8.5,353400,1751947260
2025-07-08 09:32:00,PE,ATM-10,16.676581,1605000,24950.0,25473.15,6.9,7.1,6.9,7.1,131400,1751947320
2025-07-08 09:33:00,PE,ATM-10,16.516831,1604250,24950.0,25469.45,7.05,7.1,6.85,6.95,169350,1751947380
2025-07-08 09:34:00,PE,ATM-10,16.451906,1604250,24950.0,25464.7,7.0,7.15,6.95,7.05,122925,1751947440
2025-07-08 09:35:00,PE,ATM-10,16.50592,1604250,24950.0,25468.8,7.05,7.25,6.95,6.95,109050,1751947500
2025-07-08 09:36:00,PE,ATM-10,16.391869,1658625,24950.0,25466.0,7.0,7.1,6.8,6.85,150300,1751947560
2025-07-08 09:37:00,PE,ATM-10,16.373262,1658625,24950.0,25467.15,6.85,6.95,6.75,6.75,107925,1751947620
2025-07-08 09:38:00,PE,ATM-10,16.467042,1658625,24950.0,25471.95,6.8,6.8,6.65,6.7,78000,1751947680
2025-07-08 09:39:00,PE,ATM-10,16.369375,1617675,24950.0,25470.9,6.7,6.7,6.55,6.55,72675,1751947740
2025-07-08 09:40:00,PE,ATM-10,15.987715,7839975,25000.0,25478.3,8.05,8.15,7.85,8.05,235200,1751947800
2025-07-08 09:41:00,PE,ATM-10,15.986709,7839975,25000.0,25480.75,8.05,8.1,7.75,7.9,255225,1751947860
2025-07-08 09:42:00,PE,ATM-10,15.94905,7774500,25000.0,25479.15,7.85,8.05,7.85,7.9,117075,1751947920
2025-07-08 09:43:00,PE,ATM-10,15.865355,7774500,25000.0,25479.2,7.95,8.05,7.7,7.7,227400,1751947980
2025-07-08 09:44:00,PE,ATM-10,16.321338,1619325,24950.0,25471.55,6.25,6.4,6.15,6.4,107025,1751948040
2025-07-08 09:45:00,PE,ATM-10,16.33425,1572975,24950.0,25473.05,6.4,6.55,6.3,6.35,63900,1751948100
2025-07-08 09:46:00,PE,ATM-10,15.927547,7887075,25000.0,25482.3,7.9,7.9,7.65,7.65,218850,1751948160
2025-07-08 09:47:00,PE,ATM-10,15.844781,7887075,25000.0,25476.25,7.65,7.85,7.6,7.8,199125,1751948220
2025-07-08 09:48:00,PE,ATM-10,15.879027,7933125,25000.0,25478.4,7.85,7.95,7.7,7.75,135450,1751948280
2025-07-08 09:49:00,PE,ATM-10,15.893858,7933125,25000.0,25478.9,7.75,7.85,7.7,7.75,131175,1751948340
2025-07-08 09:50:00,PE,ATM-10,15.99855,7933125,25000.0,25483.0,7.75,7.8,7.65,7.75,155250,1751948400
2025-07-08 09:51:00,PE,ATM-10,16.017129,7945275,25000.0,25483.65,7.65,7.8,7.65,7.75,108225,1751948460
2025-07-08 09:52:00,PE,ATM-10,16.380521,1558575,24950.0,25472.15,6.15,6.45,6.15,6.45,68475,1751948520
2025-07-08 09:53:00,PE,ATM-10,16.321184,1558575,24950.0,25471.7,6.45,6.5,6.35,6.35,45000,1751948580
2025-07-08 09:54:00,PE,ATM-10,16.338357,1561425,24950.0,25469.15,6.4,6.5,6.3,6.5,23775,1751948640
2025-07-08 09:55:00,PE,ATM-10,16.254051,1561425,24950.0,25466.6,6.45,6.65,6.4,6.45,35400,1751948700
2025-07-08 09:56:00,PE,ATM-10,16.276389,1561425,24950.0,25470.6,6.45,6.55,6.25,6.3,35400,1751948760
2025-07-08 09:57:00,PE,ATM-10,16.400652,1545675,24950.0,25469.35,6.3,6.6,6.3,6.6,38325,1751948820
2025-07-08 09:58:00,PE,ATM-10,16.317424,1545675,24950.0,25460.75,6.55,6.9,6.55,6.85,209775,1751948880
2025-07-08 09:59:00,PE,ATM-10,16.205363,1545675,24950.0,25458.05,6.8,6.9,6.65,6.75,169125,1751948940
2025-07-08 10:00:00,PE,ATM-10,16.139053,1533675,24950.0,25449.35,6.75,7.3,6.7,7.05,408825,1751949000
2025-07-08 10:01:00,PE,ATM-10,16.28906,1533675,24950.0,25462.3,7.05,7.15,6.65,6.7,180075,1751949060
2025-07-08 10:02:00,PE,ATM-10,16.240614,1533675,24950.0,25458.2,6.65,6.85,6.65,6.8,67050,1751949120
2025-07-08 10:03:00,PE,ATM-10,16.207132,1534875,24950.0,25454.75,6.8,6.95,6.8,6.9,72375,1751949180
2025-07-08 10:04:00,PE,ATM-10,16.212321,1534875,24950.0,25455.85,6.9,6.95,6.7,6.85,63075,1751949240
2025-07-08 10:05:00,PE,ATM-10,16.161761,1534875,24950.0,25452.7,6.85,6.95,6.8,6.9,94575,1751949300
2025-07-08 10:06:00,PE,ATM-10,16.101484,1545675,24950.0,25454.1,6.8,6.9,6.65,6.7,79200,1751949360
2025-07-08 10:07:00,PE,ATM-10,16.129208,1545675,24950.0,25450.2,6.7,7.0,6.5,6.95,126525,1751949420
2025-07-08 10:08:00,PE,ATM-10,16.161622,1545675,24950.0,25452.4,6.9,6.95,6.8,6.9,87675,1751949480
2025-07-08 10:09:00,PE,ATM-10,16.056118,1526325,24950.0,25448.0,6.85,6.95,6.8,6.9,100275,1751949540
2025-07-08 10:10:00,PE,ATM-10,16.079277,1526325,24950.0,25451.8,6.9,7.05,6.75,6.75,99300,1751949600
2025-07-08 10:11:00,PE,ATM-10,16.030025,1526325,24950.0,25448.7,6.75,6.9,6.7,6.8,40050,1751949660
2025-07-08 10:12:00,PE,ATM-10,16.112177,1527525,24950.0,25452.95,6.85,6.85,6.75,6.75,82125,1751949720
2025-07-08 10:13:00,PE,ATM-10,16.034743,1527525,24950.0,25443.85,6.7,7.2,6.7,7.05,155475,1751949780
2025-07-08 10:14:00,PE,ATM-10,16.024935,1527525,24950.0,25448.2,7.1,7.1,6.8,6.8,60225,1751949840
2025-07-08 10:15:00,PE,ATM-10,16.124295,1515825,24950.0,25448.25,6.75,7.1,6.75,7.0,50550,1751949900
2025-07-08 10:16:00,PE,ATM-10,15.980678,1515825,24950.0,25444.25,7.0,7.1,6.9,6.9,63750,1751949960
2025-07-08 10:17:00,PE,ATM-10,16.12585,1515825,24950.0,25445.25,6.9,7.15,6.9,7.15,52950,1751950020
2025-07-08 10:18:00,PE,ATM-10,16.10191,1529100,24950.0,25450.95,7.05,7.15,6.75,6.8,70425,1751950080
2025-07-08 10:19:00,PE,ATM-10,16.176156,1529100,24950.0,25459.95,6.7,6.75,6.5,6.5,168075,1751950140
2025-07-08 10:20:00,PE,ATM-10,16.181683,1529100,24950.0,25459.05,6.55,6.65,6.55,6.55,26775,1751950200
2025-07-08 10:21:00,PE,ATM-10,16.09101,1474950,24950.0,25448.25,6.55,6.95,6.55,6.9,59025,1751950260
2025-07-08 10:22:00,PE,ATM-10,16.13749,1474950,24950.0,25454.0,6.95,7.0,6.7,6.7,77175,1751950320
2025-07-08 10:23:00,PE,ATM-10,16.040335,1474950,24950.0,25447.95,6.7,6.8,6.7,6.8,83475,1751950380
2025-07-08 10:24:00,PE,ATM-10,16.029568,1520100,24950.0,25448.4,6.8,6.9,6.7,6.75,89475,1751950440
2025-07-08 10:25:00,PE,ATM-10,16.079774,1520100,24950.0,25450.35,6.75,6.8,6.7,6.75,75150,1751950500
2025-07-08 10:26:00,PE,ATM-10,16.044207,1520100,24950.0,25451.8,6.75,6.75,6.6,6.6,85200,1751950560
2025-07-08 10:27:00,PE,ATM-10,16.03697,1548675,24950.0,25450.4,6.55,6.65,6.55,6.65,75225,1751950620
2025-07-08 10:28:00,PE,ATM-10,16.011224,1548675,24950.0,25449.25,6.65,6.8,6.55,6.65,120375,1751950680
2025-07-08 10:29:00,PE,ATM-10,15.936003,1548675,24950.0,25449.1,6.6,6.75,6.45,6.5,77175,1751950740
2025-07-08 10:30:00,PE,ATM-10,15.9167,1553850,24950.0,25447.2,6.55,6.65,6.5,6.55,42300,1751950800
2025-07-08 10:31:00,PE,ATM-10,15.904555,1553850,24950.0,25441.65,6.65,6.95,6.65,6.8,215625,1751950860
2025-07-08 10:32:00,PE,ATM-10,15.88966,1553850,24950.0,25443.9,6.85,6.95,6.65,6.65,138750,1751950920
2025-07-08 10:33:00,PE,ATM-10,15.881034,1509675,24950.0,25445.45,6.7,6.75,6.55,6.55,62100,1751950980
2025-07-08 10:34:00,PE,ATM-10,15.930847,1509675,24950.0,25448.4,6.55,6.65,6.45,6.5,54675,1751951040
2025-07-08 10:35:00,PE,ATM-10,16.009613,1509675,24950.0,25452.55,6.45,6.55,6.4,6.45,83700,1751951100
2025-07-08 10:36:00,PE,ATM-10,15.958922,1506825,24950.0,25451.4,6.4,6.45,6.3,6.4,50175,1751951160
2025-07-08 10:37:00,PE,ATM-10,16.021085,1506825,24950.0,25451.8,6.45,6.5,6.35,6.5,54900,1751951220
2025-07-08 10:38:00,PE,ATM-10,15.969808,1506825,24950.0,25451.65,6.4,6.5,6.4,6.4,65325,1751951280
2025-07-08 10:39:00,PE,ATM-10,15.893773,1554450,24950.0,25450.5,6.4,6.4,6.3,6.3,48150,1751951340
2025-07-08 10:40:00,PE,ATM-10,15.927895,1554450,24950.0,25452.85,6.35,6.4,6.25,6.25,63975,1751951400
2025-07-08 10:41:00,PE,ATM-10,15.977649,1554450,24950.0,25454.8,6.25,6.35,6.25,6.25,39450,1751951460
2025-07-08 10:42:00,PE,ATM-10,15.914461,1583625,24950.0,25452.1,6.25,6.3,6.15,6.25,31050,1751951520
2025-07-08 10:43:00,PE,ATM-10,15.882637,1583625,24950.0,25449.65,6.3,6.4,6.25,6.3,27450,1751951580
2025-07-08 10:44:00,PE,ATM-10,15.782989,1583625,24950.0,25446.5,6.3,6.3,6.15,6.25,44550,1751951640
2025-07-08 10:45:00,PE,ATM-10,15.751455,1600950,24950.0,25446.15,6.2,6.3,6.15,6.2,25275,1751951700
2025-07-08 10:46:00,PE,ATM-10,15.747533,1600950,24950.0,25444.85,6.15,6.3,6.15,6.25,31200,1751951760
2025-07-08 10:47:00,PE,ATM-10,15.662428,1600950,24950.0,25442.3,6.25,6.3,6.15,6.2,17775,1751951820
2025-07-08 10:48:00,PE,ATM-10,15.57222,1618575,24950.0,25436.45,6.2,6.4,6.2,6.3,62250,1751951880
2025-07-08 10:49:00,PE,ATM-10,15.565168,1618575,24950.0,25435.05,6.35,6.5,6.35,6.35,27225,1751951940
2025-07-08 10:50:00,PE,ATM-10,15.601205,1618575,24950.0,25439.5,6.35,6.35,6.1,6.2,59325,1751952000
2025-07-08 10:51:00,PE,ATM-10,15.555163,1570800,24950.0,25440.65,6.2,6.2,5.95,6.05,133875,1751952060
2025-07-08 10:52:00,PE,ATM-10,15.587902,1570800,24950.0,25441.9,6.05,6.1,6.0,6.05,34950,1751952120
2025-07-08 10:53:00,PE,ATM-10,15.524727,1570800,24950.0,25442.4,6.05,6.1,5.9,5.9,31875,1751952180
2025-07-08 10:54:00,PE,ATM-10,15.500928,1560375,24950.0,25442.4,5.9,5.9,5.75,5.85,41100,1751952240
2025-07-08 10:55:00,PE,ATM-10,15.514573,1560375,24950.0,25445.05,5.9,5.95,5.7,5.75,27300,1751952300
2025-07-08 10:56:00,PE,ATM-10,15.476929,1560375,24950.0,25447.85,5.7,5.7,5.55,5.55,63450,1751952360
2025-07-08 10:57:00,PE,ATM-10,15.416836,1552425,24950.0,25445.25,5.6,5.65,5.45,5.55,71925,1751952420
2025-07-08 10:58:00,PE,ATM-10,15.508384,1552425,24950.0,25451.25,5.55,5.55,5.4,5.45,51225,1751952480
2025-07-08 10:59:00,PE,ATM-10,15.567934,1552425,24950.0,25451.35,5.45,5.55,5.4,5.55,43950,1751952540
2025-07-08 11:00:00,PE,ATM-10,15.510982,1548975,24950.0,25447.75,5.5,5.65,5.5,5.6,29775,1751952600
2025-07-08 11:01:00,PE,ATM-10,15.459786,1548975,24950.0,25443.3,5.6,5.7,5.6,5.7,23925,1751952660
2025-07-08 11:02:00,PE,ATM-10,15.279226,1548975,24950.0,25441.3,5.7,5.7,5.45,5.45,25125,1751952720
2025-07-08 11:03:00,PE,ATM-10,15.222124,1553475,24950.0,25437.7,5.45,5.55,5.45,5.5,18000,1751952780
2025-07-08 11:04:00,PE,ATM-10,15.196735,1553475,24950.0,25436.55,5.5,5.55,5.45,5.5,27750,1751952840
2025-07-08 11:05:00,PE,ATM-10,15.236361,1553475,24950.0,25438.1,5.5,5.6,5.45,5.5,17325,1751952900
2025-07-08 11:06:00,PE,ATM-10,15.247094,1541925,24950.0,25438.45,5.55,5.6,5.5,5.5,15450,1751952960
2025-07-08 11:07:00,PE,ATM-10,15.218505,1541925,24950.0,25436.05,5.45,5.55,5.4,5.55,27750,1751953020
2025-07-08 11:08:00,PE,ATM-10,15.21719,1541925,24950.0,25435.9,5.55,5.65,5.5,5.55,31500,1751953080
2025-07-08 11:09:00,PE,ATM-10,15.227563,1540350,24950.0,25431.85,5.55,5.75,5.55,5.75,31575,1751953140
2025-07-08 11:10:00,PE,ATM-10,15.313962,1540350,24950.0,25437.5,5.8,5.85,5.65,5.65,34125,1751953200
2025-07-08 11:11:00,PE,ATM-10,15.354383,1540350,24950.0,25441.3,5.65,5.65,5.5,5.55,30825,1751953260
2025-07-08 11:12:00,PE,ATM-10,15.308807,1542225,24950.0,25438.2,5.55,5.6,5.5,5.6,30600,1751953320
2025-07-08 11:13:00,PE,ATM-10,15.27978,1542225,24950.0,25435.8,5.6,5.7,5.6,5.65,22350,1751953380
2025-07-08 11:14:00,PE,ATM-10,15.219772,1542225,24950.0,25436.55,5.65,5.65,5.5,5.5,23700,1751953440
2025-07-08 11:15:00,PE,ATM-10,15.267908,1554900,24950.0,25438.45,5.5,5.55,5.5,5.5,24600,1751953500
2025-07-08 11:16:00,PE,ATM-10,15.232221,1554900,24950.0,25438.0,5.5,5.5,5.45,5.45,11625,1751953560
2025-07-08 11:17:00,PE,ATM-10,15.251398,1554900,24950.0,25438.7,5.45,5.5,5.4,5.45,18450,1751953620
2025-07-08 11:18:00,PE,ATM-10,15.21732,1566750,24950.0,25434.95,5.45,5.55,5.45,5.55,20775,1751953680
2025-07-08 11:19:00,PE,ATM-10,15.284901,1566750,24950.0,25437.65,5.55,5.65,5.5,5.55,10875,1751953740
2025-07-08 11:20:00,PE,ATM-10,15.319844,1566750,24950.0,25439.0,5.55,5.6,5.5,5.55,7725,1751953800
2025-07-08 11:21:00,PE,ATM-10,15.30526,1570650,24950.0,25438.3,5.6,5.6,5.5,5.55,14325,1751953860
2025-07-08 11:22:00,PE,ATM-10,15.27737,1570650,24950.0,25437.05,5.55,5.6,5.5,5.55,12900,1751953920
2025-07-08 11:23:00,PE,ATM-10,15.234943,1570650,24950.0,25435.2,5.55,5.7,5.5,5.55,82950,1751953980
2025-07-08 11:24:00,PE,ATM-10,15.228948,1573575,24950.0,25433.75,5.55,5.65,5.5,5.6,20475,1751954040
2025-07-08 11:25:00,PE,ATM-10,15.29428,1573575,24950.0,25436.35,5.65,5.75,5.55,5.6,39450,1751954100
2025-07-08 11:26:00,PE,ATM-10,15.290306,1573575,24950.0,25437.2,5.6,5.6,5.5,5.55,17175,1751954160
2025-07-08 11:27:00,PE,ATM-10,15.315128,1572300,24950.0,25439.25,5.5,5.55,5.45,5.5,22050,1751954220
2025-07-08 11:28:00,PE,ATM-10,15.369109,1572300,24950.0,25439.15,5.5,5.6,5.45,5.6,17775,1751954280
2025-07-08 11:29:00,PE,ATM-10,15.454063,1572300,24950.0,25445.95,5.55,5.55,5.4,5.45,41400,1751954340
2025-07-08 11:30:00,PE,ATM-10,15.572119,1564725,24950.0,25454.25,5.45,5.45,5.3,5.3,51750,1751954400
2025-07-08 11:31:00,PE,ATM-10,15.551389,1564725,24950.0,25450.95,5.35,5.4,5.3,5.4,34275,1751954460
2025-07-08 11:32:00,PE,ATM-10,15.551293,1564725,24950.0,25448.55,5.4,5.5,5.4,5.5,27225,1751954520
2025-07-08 11:33:00,PE,ATM-10,15.593827,1612650,24950.0,25447.95,5.5,5.6,5.5,5.6,81900,1751954580
2025-07-08 11:34:00,PE,ATM-10,15.534346,1612650,24950.0,25447.65,5.6,5.6,5.45,5.5,9450,1751954640
2025-07-08 11:35:00,PE,ATM-10,15.469154,1612650,24950.0,25444.85,5.5,5.55,5.45,5.5,22350,1751954700
2025-07-08 11:36:00,PE,ATM-10,15.531199,1615275,24950.0,25443.95,5.5,5.65,5.5,5.65,17100,1751954760
2025-07-08 11:37:00,PE,ATM-10,15.492452,1615275,24950.0,25441.15,5.65,5.7,5.6,5.7,17025,1751954820
2025-07-08 11:38:00,PE,ATM-10,15.505637,1615275,24950.0,25442.7,5.7,5.7,5.65,5.65,9675,1751954880
2025-07-08 11:39:00,PE,ATM-10,15.418817,1620375,24950.0,25441.25,5.65,5.65,5.55,5.55,9825,1751954940
2025-07-08 11:40:00,PE,ATM-10,15.463053,1620375,24950.0,25440.75,5.55,5.65,5.55,5.65,11475,1751955000
2025-07-08 11:41:00,PE,ATM-10,15.359622,1620375,24950.0,25437.5,5.65,5.7,5.55,5.6,37125,1751955060
2025-07-08 11:42:00,PE,ATM-10,15.336215,1618875,24950.0,25437.55,5.65,5.7,5.55,5.55,16650,1751955120
2025-07-08 11:43:00,PE,ATM-10,15.355827,1618875,24950.0,25437.15,5.55,5.6,5.55,5.6,4500,1751955180
2025-07-08 11:44:00,PE,ATM-10,15.346033,1618875,24950.0,25436.65,5.6,5.65,5.6,5.6,11250,1751955240
2025-07-08 11:45:00,PE,ATM-10,15.380078,1617150,24950.0,25436.85,5.6,5.65,5.55,5.65,8775,1751955300
2025-07-08 11:46:00,PE,ATM-10,15.281279,1617150,24950.0,25434.9,5.65,5.7,5.55,5.55,12600,1751955360
2025-07-08 11:47:00,PE,ATM-10,15.320844,1617150,24950.0,25437.55,5.55,5.65,5.5,5.5,15375,1751955420
2025-07-08 11:48:00,PE,ATM-10,15.377032,1615125,24950.0,25438.65,5.5,5.6,5.5,5.55,13275,1751955480
2025-07-08 11:49:00,PE,ATM-10,15.459877,1615125,24950.0,25440.85,5.55,5.65,5.55,5.6,6900,1751955540
2025-07-08 11:50:00,PE,ATM-10,15.43323,1615125,24950.0,25437.45,5.65,5.75,5.6,5.7,18150,1751955600
2025-07-08 11:51:00,PE,ATM-10,15.575087,1617150,24950.0,25445.4,5.7,5.75,5.6,5.6,10050,1751955660
2025-07-08 11:52:00,PE,ATM-10,15.506602,1617150,24950.0,25443.6,5.6,5.6,5.5,5.55,11925,1751955720
2025-07-08 11:53:00,PE,ATM-10,15.532544,1617150,24950.0,25443.45,5.55,5.6,5.55,5.6,3525,1751955780
2025-07-08 11:54:00,PE,ATM-10,15.531988,1617150,24950.0,25444.45,5.6,5.6,5.55,5.55,5925,1751955840
2025-07-08 11:55:00,PE,ATM-10,15.52589,1617150,24950.0,25444.1,5.6,5.6,5.55,5.55,6975,1751955900
2025-07-08 11:56:00,PE,ATM-10,15.665229,1617150,24950.0,25449.75,5.55,5.6,5.55,5.55,13800,1751955960
2025-07-08 11:57:00,PE,ATM-10,15.776238,1622625,24950.0,25453.1,5.55,5.65,5.5,5.6,14925,1751956020
2025-07-08 11:58:00,PE,ATM-10,15.694363,1622625,24950.0,25448.5,5.55,5.7,5.55,5.65,17475,1751956080
2025-07-08 11:59:00,PE,ATM-10,15.722291,1622625,24950.0,25449.55,5.65,5.75,5.65,5.65,6450,1751956140
2025-07-08 12:00:00,PE,ATM-10,15.658618,1609875,24950.0,25447.95,5.65,5.7,5.55,5.6,21675,1751956200
2025-07-08 12:01:00,PE,ATM-10,15.673676,1609875,24950.0,25449.6,5.6,5.6,5.5,5.55,4650,1751956260
2025-07-08 12:02:00,PE,ATM-10,15.695543,1609875,24950.0,25448.15,5.55,5.65,5.55,5.65,33075,1751956320
2025-07-08 12:03:00,PE,ATM-10,15.680941,1611525,24950.0,25449.7,5.65,5.65,5.55,5.55,6075,1751956380
2025-07-08 12:04:00,PE,ATM-10,15.737492,1611525,24950.0,25450.8,5.55,5.65,5.55,5.6,8100,1751956440
2025-07-08 12:05:00,PE,ATM-10,15.786408,1611525,24950.0,25456.15,5.6,5.6,5.45,5.45,58200,1751956500
2025-07-08 12:06:00,PE,ATM-10,15.76838,1615650,24950.0,25454.15,5.5,5.6,5.45,5.5,18225,1751956560
2025-07-08 12:07:00,PE,ATM-10,15.792595,1615650,24950.0,25455.05,5.55,5.55,5.5,5.5,32925,1751956620
2025-07-08 12:08:00,PE,ATM-10,15.755073,1615650,24950.0,25454.55,5.5,5.5,5.4,5.45,22275,1751956680
2025-07-08 12:09:00,PE,ATM-10,15.893019,1615050,24950.0,25459.0,5.45,5.5,5.4,5.5,30450,1751956740
2025-07-08 12:10:00,PE,ATM-10,15.83381,1615050,24950.0,25456.45,5.5,5.55,5.4,5.5,50025,1751956800
2025-07-08 12:11:00,PE,ATM-10,15.791485,1615050,24950.0,25454.6,5.5,5.55,5.5,5.5,8025,1751956860
2025-07-08 12:12:00,PE,ATM-10,15.805915,1608150,24950.0,25453.95,5.5,5.55,5.5,5.55,7425,1751956920
2025-07-08 12:13:00,PE,ATM-10,15.744067,1608150,24950.0,25451.3,5.55,5.6,5.55,5.55,23250,1751956980
2025-07-08 12:14:00,PE,ATM-10,15.684898,1608150,24950.0,25449.9,5.55,5.6,5.5,5.5,43425,1751957040
2025-07-08 12:15:00,PE,ATM-10,15.740689,1605075,24950.0,25452.1,5.55,5.55,5.45,5.5,50700,1751957100
2025-07-08 12:16:00,PE,ATM-10,15.72844,1605075,24950.0,25453.8,5.5,5.5,5.4,5.4,18825,1751957160
2025-07-08 12:17:00,PE,ATM-10,15.75285,1605075,24950.0,25452.4,5.4,5.55,5.4,5.5,3600,1751957220
2025-07-08 12:18:00,PE,ATM-10,15.787858,1608150,24950.0,25452.6,5.5,5.55,5.45,5.55,11775,1751957280
2025-07-08 12:19:00,PE,ATM-10,15.80731,1608150,24950.0,25453.3,5.55,5.55,5.45,5.55,8850,1751957340
2025-07-08 12:20:00,PE,ATM-10,15.787905,1608150,24950.0,25452.4,5.55,5.55,5.5,5.55,3300,1751957400
2025-07-08 12:21:00,PE,ATM-10,15.754146,1597425,24950.0,25452.05,5.55,5.55,5.5,5.5,4050,1751957460
2025-07-08 12:22:00,PE,ATM-10,15.823184,1597425,24950.0,25453.65,5.5,5.6,5.5,5.55,13200,1751957520
2025-07-08 12:23:00,PE,ATM-10,15.906995,1597425,24950.0,25457.0,5.55,5.55,5.45,5.55,64200,1751957580
2025-07-08 12:24:00,PE,ATM-10,15.908268,1597425,24950.0,25458.1,5.55,5.6,5.5,5.5,12450,1751957640
2025-07-08 12:25:00,PE,ATM-10,16.062874,1590300,24950.0,25465.55,5.55,5.55,5.45,5.45,23775,1751957700
2025-07-08 12:26:00,PE,ATM-10,16.040919,1590300,24950.0,25466.9,5.5,5.5,5.3,5.35,46725,1751957760
2025-07-08 12:27:00,PE,ATM-10,16.013369,1599525,24950.0,25468.05,5.35,5.4,5.2,5.25,33375,1751957820
2025-07-08 12:28:00,PE,ATM-10,15.941134,1599525,24950.0,25466.15,5.3,5.35,5.2,5.2,14850,1751957880
2025-07-08 12:29:00,PE,ATM-10,16.001592,1599525,24950.0,25466.15,5.25,5.3,5.2,5.3,14925,1751957940
2025-07-08 12:30:00,PE,ATM-10,16.062984,1583625,24950.0,25467.4,5.3,5.4,5.25,5.35,28275,1751958000
2025-07-08 12:31:00,PE,ATM-10,16.148434,1583625,24950.0,25469.65,5.35,5.45,5.35,5.4,27300,1751958060
2025-07-08 12:32:00,PE,ATM-10,16.204125,1583625,24950.0,25473.05,5.4,5.45,5.35,5.35,51525,1751958120
2025-07-08 12:33:00,PE,ATM-10,16.220951,1604775,24950.0,25474.85,5.35,5.4,5.25,5.3,84825,1751958180
2025-07-08 12:34:00,PE,ATM-10,16.150553,1604775,24950.0,25474.25,5.3,5.3,5.2,5.2,41475,1751958240
2025-07-08 12:35:00,PE,ATM-10,15.547569,7971450,25000.0,25476.35,6.4,6.4,6.3,6.3,185625,1751958300
2025-07-08 12:36:00,PE,ATM-10,16.148913,1601025,24950.0,25472.75,5.2,5.3,5.15,5.25,36900,1751958360
2025-07-08 12:37:00,PE,ATM-10,15.537259,7890975,25000.0,25476.75,6.3,6.35,6.25,6.25,113325,1751958420
2025-07-08 12:38:00,PE,ATM-10,16.146727,1601025,24950.0,25474.9,5.2,5.25,5.1,5.15,28350,1751958480
2025-07-08 12:39:00,PE,ATM-10,16.08843,1606950,24950.0,25473.6,5.1,5.15,5.05,5.1,16875,1751958540
2025-07-08 12:40:00,PE,ATM-10,16.023099,1606950,24950.0,25465.9,5.15,5.35,5.15,5.3,27975,1751958600
2025-07-08 12:41:00,PE,ATM-10,15.488159,1606950,24950.0,25443.7,5.35,5.5,5.25,5.3,66750,1751958660
2025-07-08 12:42:00,PE,ATM-10,15.987633,1620525,24950.0,25467.85,5.25,5.25,5.15,5.15,43500,1751958720
2025-07-08 12:43:00,PE,ATM-10,15.995655,1620525,24950.0,25470.55,5.15,5.15,5.05,5.05,34500,1751958780
2025-07-08 12:44:00,PE,ATM-10,15.977539,1620525,24950.0,25468.45,5.1,5.15,5.0,5.1,53700,1751958840
2025-07-08 12:45:00,PE,ATM-10,16.153181,1610325,24950.0,25473.2,5.1,5.2,5.0,5.2,44850,1751958900
2025-07-08 12:46:00,PE,ATM-10,16.06294,1610325,24950.0,25471.8,5.15,5.2,5.1,5.1,22950,1751958960
2025-07-08 12:47:00,PE,ATM-10,16.037036,1610325,24950.0,25466.95,5.1,5.25,5.1,5.25,15375,1751959020
2025-07-08 12:48:00,PE,ATM-10,15.933519,1606050,24950.0,25466.2,5.25,5.25,5.1,5.1,24375,1751959080
2025-07-08 12:49:00,PE,ATM-10,16.022713,1606050,24950.0,25471.05,5.15,5.15,5.05,5.05,18600,1751959140
2025-07-08 12:50:00,PE,ATM-10,16.068237,1606050,24950.0,25471.6,5.05,5.15,5.05,5.1,24375,1751959200
2025-07-08 12:51:00,PE,ATM-10,16.089605,1611300,24950.0,25471.15,5.15,5.2,5.1,5.15,35100,1751959260
2025-07-08 12:52:00,PE,ATM-10,15.487531,7797525,25000.0,25476.35,6.05,6.2,6.05,6.1,130650,1751959320
2025-07-08 12:53:00,PE,ATM-10,16.141831,1611300,24950.0,25474.35,5.2,5.2,5.1,5.1,59325,1751959380
2025-07-08 12:54:00,PE,ATM-10,16.173643,1612350,24950.0,25473.1,5.1,5.2,5.1,5.2,12000,1751959440
2025-07-08 12:55:00,PE,ATM-10,15.513315,7786200,25000.0,25475.05,6.2,6.25,6.15,6.2,46425,1751959500
2025-07-08 12:56:00,PE,ATM-10,15.536976,7786200,25000.0,25475.9,6.25,6.3,6.2,6.2,59700,1751959560
2025-07-08 12:57:00,PE,ATM-10,15.563468,7791975,25000.0,25475.85,6.25,6.3,6.2,6.25,38175,1751959620
2025-07-08 12:58:00,PE,ATM-10,16.203105,1633650,24950.0,25473.9,5.25,5.25,5.2,5.2,20025,1751959680
2025-07-08 12:59:00,PE,ATM-10,16.140284,1633650,24950.0,25473.65,5.2,5.2,5.1,5.1,22650,1751959740
2025-07-08 13:00:00,PE,ATM-10,16.162971,1633650,24950.0,25473.25,5.15,5.2,5.15,5.15,6000,1751959800
2025-07-08 13:01:00,PE,ATM-10,15.485003,7821600,25000.0,25476.4,6.15,6.15,6.05,6.05,42825,1751959860
2025-07-08 13:02:00,PE,ATM-10,15.49566,7821600,25000.0,25475.7,6.05,6.15,6.05,6.1,38175,1751959920
2025-07-08 13:03:00,PE,ATM-10,16.054994,1648425,24950.0,25468.45,5.1,5.15,5.05,5.15,13950,1751959980
2025-07-08 13:04:00,PE,ATM-10,16.099713,1648425,24950.0,25470.2,5.15,5.15,5.1,5.15,10350,1751960040
2025-07-08 13:05:00,PE,ATM-10,16.108282,1648425,24950.0,25470.45,5.15,5.2,5.1,5.15,36000,1751960100
2025-07-08 13:06:00,PE,ATM-10,15.54204,7828425,25000.0,25478.2,6.15,6.2,6.05,6.05,96000,1751960160
2025-07-08 13:07:00,PE,ATM-10,16.211679,1650075,24950.0,25473.3,5.05,5.2,5.05,5.2,27750,1751960220
2025-07-08 13:08:00,PE,ATM-10,16.118856,1650075,24950.0,25473.05,5.1,5.15,5.05,5.05,17400,1751960280
2025-07-08 13:09:00,PE,ATM-10,15.998811,1650075,24950.0,25469.2,5.05,5.1,5.0,5.0,9675,1751960340
2025-07-08 13:10:00,PE,ATM-10,16.073459,1632225,24950.0,25470.95,5.05,5.05,5.0,5.05,6375,1751960400
2025-07-08 13:11:00,PE,ATM-10,16.004892,1632225,24950.0,25470.5,5.05,5.05,4.95,4.95,6525,1751960460
2025-07-08 13:12:00,PE,ATM-10,16.110932,1632225,24950.0,25473.55,4.95,5.0,4.95,5.0,11850,1751960520
2025-07-08 13:13:00,PE,ATM-10,16.026765,1631550,24950.0,25471.2,5.0,5.0,4.9,4.95,23250,1751960580
2025-07-08 13:14:00,PE,ATM-10,16.088715,1631550,24950.0,25474.95,4.95,5.0,4.85,4.9,34950,1751960640
2025-07-08 13:15:00,PE,ATM-10,15.992322,1651200,24950.0,25472.1,4.9,4.95,4.85,4.85,24525,1751960700
2025-07-08 13:16:00,PE,ATM-10,16.036748,1651200,24950.0,25473.85,4.9,4.9,4.8,4.85,46275,1751960760
2025-07-08 13:17:00,PE,ATM-10,15.994045,1651200,24950.0,25473.25,4.85,4.85,4.75,4.8,14625,1751960820
2025-07-08 13:18:00,PE,ATM-10,16.064577,1651200,24950.0,25474.8,4.8,4.85,4.75,4.85,10500,1751960880
2025-07-08 13:19:00,PE,ATM-10,15.359612,7801875,25000.0,25475.9,5.7,5.75,5.7,5.75,43125,1751960940
2025-07-08 13:20:00,PE,ATM-10,16.037535,1655100,24950.0,25474.75,4.75,4.8,4.75,4.8,4800,1751961000
2025-07-08 13:21:00,PE,ATM-10,15.897689,1655100,24950.0,25471.4,4.8,4.8,4.7,4.7,27225,1751961060
2025-07-08 13:22:00,PE,ATM-10,15.688579,1630650,24950.0,25470.55,4.7,4.7,4.4,4.4,38025,1751961120
2025-07-08 13:23:00,PE,ATM-10,15.591323,1630650,24950.0,25470.5,4.4,4.4,4.25,4.25,52275,1751961180
2025-07-08 13:24:00,PE,ATM-10,15.557247,1630650,24950.0,25468.95,4.25,4.25,4.2,4.25,23400,1751961240
2025-07-08 13:25:00,PE,ATM-10,15.408875,1616100,24950.0,25468.25,4.25,4.25,4.0,4.05,73500,1751961300
2025-07-08 13:26:00,PE,ATM-10,15.488874,1616100,24950.0,25467.25,4.1,4.25,4.05,4.2,36150,1751961360
2025-07-08 13:27:00,PE,ATM-10,15.500926,1616100,24950.0,25466.25,4.2,4.25,4.2,4.25,6975,1751961420
2025-07-08 13:28:00,PE,ATM-10,15.528193,1613325,24950.0,25467.3,4.25,4.25,4.2,4.25,9000,1751961480
2025-07-08 13:29:00,PE,ATM-10,15.709003,1613325,24950.0,25473.45,4.25,4.3,4.2,4.3,17625,1751961540
2025-07-08 13:30:00,PE,ATM-10,15.717287,1613325,24950.0,25472.3,4.25,4.35,4.25,4.35,22725,1751961600
2025-07-08 13:31:00,PE,ATM-10,15.195531,1626600,24950.0,25447.55,4.35,4.55,4.35,4.45,44925,1751961660
2025-07-08 13:32:00,PE,ATM-10,15.498665,1626600,24950.0,25461.5,4.45,4.5,4.35,4.4,18900,1751961720
2025-07-08 13:33:00,PE,ATM-10,15.497568,1626600,24950.0,25461.35,4.4,4.45,4.35,4.4,13050,1751961780
2025-07-08 13:34:00,PE,ATM-10,15.472679,1610250,24950.0,25460.2,4.4,4.45,4.4,4.4,3900,1751961840
2025-07-08 13:35:00,PE,ATM-10,15.514098,1610250,24950.0,25459.15,4.45,4.5,4.45,4.5,12375,1751961900
2025-07-08 13:36:00,PE,ATM-10,15.512116,1610250,24950.0,25460.3,4.5,4.5,4.45,4.45,6300,1751961960
2025-07-08 13:37:00,PE,ATM-10,15.53962,1606350,24950.0,25461.35,4.45,4.45,4.4,4.45,7425,1751962020
2025-07-08 13:38:00,PE,ATM-10,15.532565,1606350,24950.0,25460.95,4.45,4.45,4.4,4.45,9900,1751962080
2025-07-08 13:39:00,PE,ATM-10,15.513251,1606350,24950.0,25458.7,4.45,4.55,4.45,4.5,9975,1751962140
2025-07-08 13:40:00,PE,ATM-10,15.563512,1608675,24950.0,25460.7,4.5,4.5,4.45,4.5,14175,1751962200
2025-07-08 13:41:00,PE,ATM-10,15.616149,1608675,24950.0,25462.8,4.5,4.55,4.45,4.5,7650,1751962260
2025-07-08 13:42:00,PE,ATM-10,15.603304,1608675,24950.0,25463.5,4.5,4.5,4.45,4.45,5175,1751962320
2025-07-08 13:43:00,PE,ATM-10,15.741589,1614375,24950.0,25469.2,4.45,4.5,4.45,4.45,6225,1751962380
2025-07-08 13:44:00,PE,ATM-10,15.823943,1614375,24950.0,25469.85,4.45,4.55,4.45,4.55,11025,1751962440
2025-07-08 13:45:00,PE,ATM-10,15.939608,1614375,24950.0,25473.25,4.55,4.6,4.5,4.6,13125,1751962500
2025-07-08 13:46:00,PE,ATM-10,15.919463,1625700,24950.0,25472.3,4.6,4.6,4.55,4.6,17850,1751962560
2025-07-08 13:47:00,PE,ATM-10,15.976969,1625700,24950.0,25474.6,4.6,4.6,4.5,4.6,9150,1751962620
2025-07-08 13:48:00,PE,ATM-10,15.828224,1625700,24950.0,25470.95,4.55,4.55,4.5,4.5,6600,1751962680
2025-07-08 13:49:00,PE,ATM-10,15.896334,1620900,24950.0,25472.35,4.5,4.55,4.5,4.55,2550,1751962740
2025-07-08 13:50:00,PE,ATM-10,15.953787,1620900,24950.0,25474.65,4.55,4.55,4.5,4.55,5325,1751962800
2025-07-08 13:51:00,PE,ATM-10,15.884738,1620900,24950.0,25473.0,4.55,4.55,4.5,4.5,2025,1751962860
2025-07-08 13:52:00,PE,ATM-10,15.257939,7887450,25000.0,25476.2,5.45,5.45,5.35,5.4,57375,1751962920
2025-07-08 13:53:00,PE,ATM-10,15.262854,7887450,25000.0,25476.3,5.4,5.4,5.3,5.4,130500,1751962980
2025-07-08 13:54:00,PE,ATM-10,15.242526,7887450,25000.0,25476.5,5.35,5.4,5.35,5.35,37875,1751963040
2025-07-08 13:55:00,PE,ATM-10,15.937885,1597425,24950.0,25474.8,4.45,4.5,4.4,4.5,67125,1751963100
2025-07-08 13:56:00,PE,ATM-10,15.907049,1597425,24950.0,25473.4,4.5,4.5,4.5,4.5,30450,1751963160
2025-07-08 13:57:00,PE,ATM-10,15.831355,1597425,24950.0,25472.85,4.5,4.5,4.4,4.4,8775,1751963220
2025-07-08 13:58:00,PE,ATM-10,15.859425,1585725,24950.0,25472.55,4.45,4.45,4.4,4.45,1200,1751963280
2025-07-08 13:59:00,PE,ATM-10,15.249056,7850700,25000.0,25475.15,5.25,5.4,5.25,5.4,38850,1751963340
2025-07-08 14:00:00,PE,ATM-10,15.864531,1585725,24950.0,25472.55,4.45,4.5,4.4,4.45,20250,1751963400
2025-07-08 14:01:00,PE,ATM-10,15.870665,1582200,24950.0,25472.7,4.45,4.5,4.4,4.45,29475,1751963460
2025-07-08 14:02:00,PE,ATM-10,15.845783,1582200,24950.0,25471.55,4.4,4.45,4.4,4.45,3075,1751963520
2025-07-08 14:03:00,PE,ATM-10,15.784692,1582200,24950.0,25470.25,4.45,4.45,4.35,4.4,6075,1751963580
2025-07-08 14:04:00,PE,ATM-10,15.800351,1589175,24950.0,25470.8,4.4,4.45,4.35,4.4,19350,1751963640
2025-07-08 14:05:00,PE,ATM-10,15.76593,1589175,24950.0,25469.25,4.45,4.45,4.35,4.4,4725,1751963700
2025-07-08 14:06:00,PE,ATM-10,15.700442,1589175,24950.0,25466.4,4.4,4.45,4.4,4.4,14325,1751963760
2025-07-08 14:07:00,PE,ATM-10,15.695624,1585050,24950.0,25468.85,4.4,4.45,4.3,4.3,24075,1751963820
2025-07-08 14:08:00,PE,ATM-10,15.730018,1585050,24950.0,25468.8,4.3,4.35,4.3,4.35,11700,1751963880
2025-07-08 14:09:00,PE,ATM-10,15.750667,1585050,24950.0,25470.95,4.35,4.35,4.3,4.3,14925,1751963940
2025-07-08 14:10:00,PE,ATM-10,15.888949,1594875,24950.0,25472.5,4.3,4.5,4.3,4.45,101025,1751964000
2025-07-08 14:11:00,PE,ATM-10,15.296455,1594875,24950.0,25450.35,4.45,4.55,4.35,4.35,77175,1751964060
2025-07-08 14:12:00,PE,ATM-10,15.59152,1594875,24950.0,25463.95,4.4,4.45,4.3,4.3,19650,1751964120
2025-07-08 14:13:00,PE,ATM-10,15.611738,1640550,24950.0,25461.95,4.3,4.45,4.3,4.4,39450,1751964180
2025-07-08 14:14:00,PE,ATM-10,15.581932,1640550,24950.0,25460.6,4.4,4.45,4.35,4.4,8175,1751964240
2025-07-08 14:15:00,PE,ATM-10,15.536523,1640550,24950.0,25458.6,4.4,4.45,4.35,4.4,24225,1751964300
2025-07-08 14:16:00,PE,ATM-10,15.554619,1640850,24950.0,25459.25,4.4,4.45,4.35,4.4,18300,1751964360
2025-07-08 14:17:00,PE,ATM-10,15.485158,1640850,24950.0,25460.35,4.4,4.4,4.25,4.25,59475,1751964420
2025-07-08 14:18:00,PE,ATM-10,15.493741,1640850,24950.0,25462.0,4.25,4.3,4.2,4.2,8925,1751964480
2025-07-08 14:19:00,PE,ATM-10,15.542819,1658850,24950.0,25459.8,4.25,4.35,4.25,4.35,11850,1751964540
2025-07-08 14:20:00,PE,ATM-10,15.485446,1658850,24950.0,25457.3,4.35,4.4,4.3,4.35,12675,1751964600
2025-07-08 14:21:00,PE,ATM-10,15.503533,1658850,24950.0,25457.95,4.35,4.4,4.3,4.35,13050,1751964660
2025-07-08 14:22:00,PE,ATM-10,15.525218,1655250,24950.0,25458.75,4.35,4.35,4.3,4.35,3225,1751964720
2025-07-08 14:23:00,PE,ATM-10,15.560084,1655250,24950.0,25460.1,4.35,4.35,4.3,4.35,16425,1751964780
2025-07-08 14:24:00,PE,ATM-10,15.50508,1655250,24950.0,25457.7,4.35,4.4,4.35,4.35,13725,1751964840
2025-07-08 14:25:00,PE,ATM-10,15.542498,1650675,24950.0,25457.8,4.35,4.4,4.35,4.4,14850,1751964900
2025-07-08 14:26:00,PE,ATM-10,15.641043,1650675,24950.0,25460.45,4.4,4.45,4.4,4.45,24900,1751964960
2025-07-08 14:27:00,PE,ATM-10,15.699841,1650675,24950.0,25461.45,4.45,4.5,4.45,4.5,18150,1751965020
2025-07-08 14:28:00,PE,ATM-10,15.658147,1645650,24950.0,25460.95,4.5,4.5,4.4,4.45,19125,1751965080
2025-07-08 14:29:00,PE,ATM-10,15.606163,1645650,24950.0,25457.35,4.45,4.5,4.45,4.5,17550,1751965140
2025-07-08 14:30:00,PE,ATM-10,15.562161,1645650,24950.0,25456.75,4.5,4.5,4.4,4.45,21150,1751965200
2025-07-08 14:31:00,PE,ATM-10,15.668191,1641900,24950.0,25461.05,4.45,4.45,4.4,4.45,10650,1751965260
2025-07-08 14:32:00,PE,ATM-10,15.675525,1641900,24950.0,25462.6,4.45,4.45,4.4,4.4,5925,1751965320
2025-07-08 14:33:00,PE,ATM-10,15.723807,1641900,24950.0,25463.15,4.45,4.45,4.4,4.45,1425,1751965380
2025-07-08 14:34:00,PE,ATM-10,15.752188,1639350,24950.0,25461.55,4.45,4.55,4.45,4.55,61500,1751965440
2025-07-08 14:35:00,PE,ATM-10,15.778887,1639350,24950.0,25462.55,4.6,4.6,4.5,4.55,29250,1751965500
2025-07-08 14:36:00,PE,ATM-10,15.464581,1639350,24950.0,25448.15,4.55,4.6,4.55,4.6,8700,1751965560
2025-07-08 14:37:00,PE,ATM-10,15.624742,1642125,24950.0,25454.65,4.6,4.6,4.55,4.6,12000,1751965620
2025-07-08 14:38:00,PE,ATM-10,15.655152,1642125,24950.0,25455.8,4.6,4.6,4.55,4.6,1575,1751965680
2025-07-08 14:39:00,PE,ATM-10,15.661276,1642125,24950.0,25454.65,4.6,4.65,4.55,4.65,10725,1751965740
2025-07-08 14:40:00,PE,ATM-10,15.726141,1644675,24950.0,25454.65,4.65,4.75,4.6,4.75,57075,1751965800
2025-07-08 14:41:00,PE,ATM-10,15.720564,1644675,24950.0,25453.05,4.75,4.8,4.75,4.8,4050,1751965860
2025-07-08 14:42:00,PE,ATM-10,15.765814,1644675,24950.0,25454.8,4.8,4.8,4.7,4.8,16500,1751965920
2025-07-08 14:43:00,PE,ATM-10,15.700954,1669350,24950.0,25453.3,4.8,4.8,4.75,4.75,9525,1751965980
2025-07-08 14:44:00,PE,ATM-10,15.755254,1669350,24950.0,25452.9,4.75,4.85,4.75,4.85,22500,1751966040
2025-07-08 14:45:00,PE,ATM-10,15.648783,1669350,24950.0,25450.95,4.8,4.9,4.75,4.75,58350,1751966100
2025-07-08 14:46:00,PE,ATM-10,15.645951,1655850,24950.0,25452.0,4.75,4.8,4.7,4.7,23925,1751966160
2025-07-08 14:47:00,PE,ATM-10,15.703619,1655850,24950.0,25455.55,4.7,4.8,4.65,4.65,27525,1751966220
2025-07-08 14:48:00,PE,ATM-10,15.832776,1655850,24950.0,25454.4,4.7,4.9,4.7,4.9,57750,1751966280
2025-07-08 14:49:00,PE,ATM-10,15.863519,1673625,24950.0,25455.55,4.9,4.9,4.85,4.9,23025,1751966340
2025-07-08 14:50:00,PE,ATM-10,15.94026,1673625,24950.0,25456.1,4.9,5.0,4.85,5.0,32475,1751966400
2025-07-08 14:51:00,PE,ATM-10,15.898003,1673625,24950.0,25458.0,5.0,5.05,4.85,4.85,21525,1751966460
2025-07-08 14:52:00,PE,ATM-10,15.933735,1673325,24950.0,25458.1,4.85,4.95,4.85,4.9,18750,1751966520
2025-07-08 14:53:00,PE,ATM-10,15.826141,1673325,24950.0,25453.6,4.9,4.9,4.85,4.9,10425,1751966580
2025-07-08 14:54:00,PE,ATM-10,16.167382,1673325,24950.0,25470.0,4.85,4.9,4.8,4.8,23025,1751966640
2025-07-08 14:55:00,PE,ATM-10,16.131282,1678125,24950.0,25469.7,4.8,4.85,4.7,4.75,52725,1751966700
2025-07-08 14:56:00,PE,ATM-10,16.113271,1678125,24950.0,25468.85,4.75,4.8,4.7,4.75,17250,1751966760
2025-07-08 14:57:00,PE,ATM-10,16.159526,1678125,24950.0,25471.95,4.75,4.75,4.65,4.7,27375,1751966820
2025-07-08 14:58:00,PE,ATM-10,15.646706,7794525,25000.0,25480.75,5.55,5.6,5.5,5.6,154500,1751966880
2025-07-08 14:59:00,PE,ATM-10,15.688171,7794525,25000.0,25482.3,5.55,5.6,5.5,5.6,130950,1751966940
2025-07-08 15:00:00,PE,ATM-10,16.08698,7794525,25000.0,25495.9,5.6,5.75,5.55,5.7,385725,1751967000
2025-07-08 15:01:00,PE,ATM-10,16.105135,7729575,25000.0,25498.75,5.75,5.8,5.55,5.6,518100,1751967060
2025-07-08 15:02:00,PE,ATM-10,16.081247,7729575,25000.0,25499.95,5.6,5.65,5.5,5.5,319350,1751967120
2025-07-08 15:03:00,PE,ATM-10,16.187199,7729575,25000.0,25504.1,5.55,5.6,5.45,5.5,183675,1751967180
2025-07-08 15:04:00,PE,ATM-10,16.217074,7709925,25000.0,25504.05,5.5,5.55,5.45,5.55,125850,1751967240
2025-07-08 15:05:00,PE,ATM-10,16.406322,7709925,25000.0,25510.4,5.5,5.65,5.5,5.6,327075,1751967300
2025-07-08 15:06:00,PE,ATM-10,15.965791,1608750,25050.0,25526.05,6.55,6.7,6.4,6.45,277050,1751967360
2025-07-08 15:07:00,PE,ATM-10,15.972258,1657200,25050.0,25526.2,6.4,6.55,6.35,6.45,167850,1751967420
2025-07-08 15:08:00,PE,ATM-10,16.298052,7686675,25000.0,25513.9,5.5,5.55,5.2,5.25,381825,1751967480
2025-07-08 15:09:00,PE,ATM-10,15.869457,1657200,25050.0,25528.0,6.15,6.3,6.1,6.15,178950,1751967540
2025-07-08 15:10:00,PE,ATM-10,16.458388,7609875,25000.0,25521.4,5.3,5.35,5.2,5.2,445725,1751967600
2025-07-08 15:11:00,PE,ATM-10,16.59068,7609875,25000.0,25520.65,5.25,5.45,5.2,5.45,275775,1751967660
2025-07-08 15:12:00,PE,ATM-10,16.689482,7609875,25000.0,25523.35,5.45,5.6,5.4,5.5,261150,1751967720
2025-07-08 15:13:00,PE,ATM-10,16.173127,1637475,25050.0,25536.45,6.5,6.55,6.3,6.3,204750,1751967780
2025-07-08 15:14:00,PE,ATM-10,16.19021,1637475,25050.0,25536.0,6.5,6.55,6.25,6.35,267975,1751967840
2025-07-08 15:15:00,PE,ATM-10,16.175897,1637475,25050.0,25538.4,6.15,6.35,6.15,6.2,139800,1751967900
2025-07-08 15:16:00,PE,ATM-10,15.777297,1655100,25050.0,25526.75,6.3,6.3,6.0,6.0,136275,1751967960
2025-07-08 15:17:00,PE,ATM-10,16.216337,1655100,25050.0,25538.75,6.0,6.25,6.0,6.25,90825,1751968020
2025-07-08 15:18:00,PE,ATM-10,16.266643,1655100,25050.0,25544.8,6.25,6.25,6.0,6.05,132750,1751968080
2025-07-08 15:19:00,PE,ATM-10,16.552346,7825650,25000.0,25523.0,5.15,5.25,5.1,5.25,291300,1751968140
2025-07-08 15:20:00,PE,ATM-10,16.795788,7825650,25000.0,25524.4,5.3,5.6,5.3,5.6,432975,1751968200
2025-07-08 15:21:00,PE,ATM-10,16.707459,7825650,25000.0,25521.9,5.55,5.6,5.5,5.55,290325,1751968260
2025-07-08 15:22:00,PE,ATM-10,16.651917,7697925,25000.0,25521.9,5.6,5.65,5.45,5.45,229350,1751968320
2025-07-08 15:23:00,PE,ATM-10,16.82558,7697925,25000.0,25522.95,5.55,5.7,5.5,5.7,261525,1751968380
2025-07-08 15:24:00,PE,ATM-10,16.712349,7697925,25000.0,25520.6,5.65,5.7,5.6,5.6,202125,1751968440
2025-07-08 15:25:00,PE,ATM-10,16.327928,1616025,25050.0,25534.25,6.75,6.85,6.55,6.65,147525,1751968500
2025-07-08 15:26:00,PE,ATM-10,16.237894,1616025,25050.0,25530.65,6.65,6.75,6.55,6.65,153150,1751968560
2025-07-08 15:27:00,PE,ATM-10,16.789176,7706850,25000.0,25523.35,5.55,5.65,5.45,5.6,321300,1751968620
2025-07-08 15:28:00,PE,ATM-10,16.692388,7798950,25000.0,25524.05,5.65,5.8,5.4,5.4,601275,1751968680
2025-07-08 15:29:00,PE,ATM-10,16.430175,7798950,25000.0,25523.1,5.35,5.35,5.0,5.0,522600,1751968740
2025-07-09 09:15:00,PE,ATM-10,18.606817,8031300,25000.0,25504.3,4.9,4.9,2.95,3.4,1880925,1752032700
2025-07-09 09:16:00,PE,ATM-10,18.238084,8031300,25000.0,25488.6,3.35,3.6,3.1,3.5,1434525,1752032760
2025-07-09 09:17:00,PE,ATM-10,18.094741,8031300,25000.0,25488.3,3.45,3.65,3.35,3.35,1124700,1752032820
2025-07-09 09:18:00,PE,ATM-10,18.02648,8375700,25000.0,25494.0,3.25,3.3,3.05,3.1,1048200,1752032880
2025-07-09 09:19:00,PE,ATM-10,17.91268,8375700,25000.0,25488.3,3.15,3.25,3.05,3.15,853800,1752032940
2025-07-09 09:20:00,PE,ATM-10,18.13023,8375700,25000.0,25490.6,3.2,3.55,3.2,3.3,1098300,1752033000
2025-07-09 09:21:00,PE,ATM-10,18.198421,8687850,25000.0,25496.0,3.3,3.3,3.1,3.2,795900,1752033060
2025-07-09 09:22:00,PE,ATM-10,18.016522,8687850,25000.0,25488.05,3.2,3.25,3.15,3.25,641325,1752033120
2025-07-09 09:23:00,PE,ATM-10,17.920104,8687850,25000.0,25487.9,3.2,3.25,3.1,3.15,766800,1752033180
2025-07-09 09:24:00,PE,ATM-10,17.960242,8919825,25000.0,25487.45,3.15,3.3,3.15,3.2,590625,1752033240
2025-07-09 09:25:00,PE,ATM-10,18.000144,8919825,25000.0,25493.65,3.15,3.15,3.05,3.05,402750,1752033300
2025-07-09 09:26:00,PE,ATM-10,17.820675,8919825,25000.0,25484.05,3.05,3.2,3.05,3.15,336525,1752033360
2025-07-09 09:27:00,PE,ATM-10,17.819551,8953050,25000.0,25483.85,3.1,3.25,3.1,3.15,537525,1752033420
2025-07-09 09:28:00,PE,ATM-10,17.694104,8953050,25000.0,25481.1,3.2,3.25,3.1,3.1,467850,1752033480
2025-07-09 09:29:00,PE,ATM-10,17.760993,8953050,25000.0,25483.2,3.1,3.2,3.1,3.1,384150,1752033540
2025-07-09 09:30:00,PE,ATM-10,17.69819,9175650,25000.0,25477.65,3.1,3.2,3.05,3.2,439725,1752033600
2025-07-09 09:31:00,PE,ATM-10,17.756597,9175650,25000.0,25484.4,3.2,3.2,3.05,3.05,372150,1752033660
2025-07-09 09:32:00,PE,ATM-10,17.442503,9175650,25000.0,25478.7,3.1,3.1,2.85,2.9,746625,1752033720
2025-07-09 09:33:00,PE,ATM-10,17.455155,9112050,25000.0,25477.25,2.9,2.95,2.9,2.95,467025,1752033780
2025-07-09 09:34:00,PE,ATM-10,17.680574,9112050,25000.0,25488.25,3.0,3.0,2.8,2.85,305100,1752033840
2025-07-09 09:35:00,PE,ATM-10,17.700127,9112050,25000.0,25490.55,2.85,2.85,2.7,2.8,540000,1752033900
2025-07-09 09:36:00,PE,ATM-10,17.748705,9108000,25000.0,25492.05,2.75,2.8,2.75,2.8,189675,1752033960
2025-07-09 09:37:00,PE,ATM-10,17.556302,9108000,25000.0,25488.95,2.75,2.8,2.7,2.7,265800,1752034020
2025-07-09 09:38:00,PE,ATM-10,17.689014,9108000,25000.0,25493.35,2.7,2.75,2.65,2.7,292875,1752034080
2025-07-09 09:39:00,PE,ATM-10,17.591379,9244650,25000.0,25491.7,2.7,2.7,2.65,2.65,211800,1752034140
2025-07-09 09:40:00,PE,ATM-10,17.386941,9244650,25000.0,25484.5,2.65,2.75,2.65,2.65,374250,1752034200
2025-07-09 09:41:00,PE,ATM-10,17.446924,9244650,25000.0,25486.4,2.7,2.7,2.6,2.65,244650,1752034260
2025-07-09 09:42:00,PE,ATM-10,17.332332,9238575,25000.0,25482.3,2.65,2.7,2.65,2.65,134100,1752034320
2025-07-09 09:43:00,PE,ATM-10,17.443471,9238575,25000.0,25484.1,2.7,2.75,2.65,2.7,169050,1752034380
2025-07-09 09:44:00,PE,ATM-10,17.386904,9238575,25000.0,25483.85,2.7,2.7,2.65,2.65,156525,1752034440
2025-07-09 09:45:00,PE,ATM-10,17.433866,9296700,25000.0,25485.3,2.75,2.75,2.65,2.65,238425,1752034500
2025-07-09 09:46:00,PE,ATM-10,17.494205,9296700,25000.0,25485.35,2.7,2.7,2.65,2.7,213375,1752034560
2025-07-09 09:47:00,PE,ATM-10,17.411301,9296700,25000.0,25484.2,2.7,2.7,2.65,2.65,98850,1752034620
2025-07-09 09:48:00,PE,ATM-10,17.494732,9350700,25000.0,25486.9,2.7,2.7,2.65,2.65,75825,1752034680
2025-07-09 09:49:00,PE,ATM-10,17.560677,9350700,25000.0,25489.0,2.65,2.7,2.65,2.65,131175,1752034740
2025-07-09 09:50:00,PE,ATM-10,17.622257,9350700,25000.0,25490.95,2.7,2.7,2.65,2.65,64875,1752034800
2025-07-09 09:51:00,PE,ATM-10,17.532374,9321900,25000.0,25487.7,2.65,2.7,2.65,2.65,102075,1752034860
2025-07-09 09:52:00,PE,ATM-10,17.557753,9321900,25000.0,25490.3,2.65,2.7,2.6,2.6,135600,1752034920
2025-07-09 09:53:00,PE,ATM-10,17.78084,9321900,25000.0,25495.9,2.6,2.65,2.6,2.65,164250,1752034980
2025-07-09 09:54:00,PE,ATM-10,17.605159,9338850,25000.0,25491.6,2.6,2.65,2.6,2.6,241650,1752035040
2025-07-09 09:55:00,PE,ATM-10,17.649231,9338850,25000.0,25492.95,2.6,2.65,2.55,2.6,146100,1752035100
2025-07-09 09:56:00,PE,ATM-10,18.004802,9338850,25000.0,25507.0,2.6,2.6,2.5,2.55,295200,1752035160
2025-07-09 09:57:00,PE,ATM-10,18.011088,9406875,25000.0,25509.05,2.55,2.55,2.45,2.5,551475,1752035220
2025-07-09 09:58:00,PE,ATM-10,18.149927,9406875,25000.0,25515.75,2.5,2.55,2.45,2.45,310125,1752035280
2025-07-09 09:59:00,PE,ATM-10,18.26151,9406875,25000.0,25517.4,2.5,2.55,2.45,2.5,456225,1752035340
2025-07-09 10:00:00,PE,ATM-10,18.192244,9310575,25000.0,25512.8,2.5,2.55,2.45,2.55,404325,1752035400
2025-07-09 10:01:00,PE,ATM-10,17.990472,9310575,25000.0,25507.65,2.5,2.6,2.5,2.5,364725,1752035460
2025-07-09 10:02:00,PE,ATM-10,17.995418,9310575,25000.0,25507.65,2.55,2.55,2.45,2.5,382425,1752035520
2025-07-09 10:03:00,PE,ATM-10,18.136403,9368175,25000.0,25510.35,2.45,2.55,2.45,2.55,285900,1752035580
2025-07-09 10:04:00,PE,ATM-10,17.976318,9368175,25000.0,25504.65,2.5,2.6,2.5,2.55,231375,1752035640
2025-07-09 10:05:00,PE,ATM-10,18.065178,9368175,25000.0,25509.55,2.55,2.6,2.5,2.5,266025,1752035700
2025-07-09 10:06:00,PE,ATM-10,18.032589,9340950,25000.0,25508.25,2.5,2.55,2.5,2.5,80550,1752035760
2025-07-09 10:07:00,PE,ATM-10,17.982616,9340950,25000.0,25506.35,2.5,2.55,2.5,2.5,48675,1752035820
2025-07-09 10:08:00,PE,ATM-10,18.133596,9340950,25000.0,25511.4,2.55,2.55,2.5,2.5,59400,1752035880
2025-07-09 10:09:00,PE,ATM-10,18.116924,9315975,25000.0,25510.65,2.55,2.55,2.45,2.5,261525,1752035940
2025-07-09 10:10:00,PE,ATM-10,18.449635,9315975,25000.0,25522.0,2.55,2.55,2.5,2.5,311550,1752036000
2025-07-09 10:11:00,PE,ATM-10,18.424455,9315975,25000.0,25520.95,2.5,2.55,2.45,2.5,306150,1752036060
2025-07-09 10:12:00,PE,ATM-10,18.358221,9319950,25000.0,25522.65,2.45,2.5,2.4,2.4,176100,1752036120
2025-07-09 10:13:00,PE,ATM-10,17.501024,1800450,25050.0,25526.95,2.8,2.9,2.8,2.85,192525,1752036180
2025-07-09 10:14:00,PE,ATM-10,17.526606,1800450,25050.0,25527.65,2.9,2.9,2.85,2.85,48750,1752036240
2025-07-09 10:15:00,PE,ATM-10,17.744636,1848525,25050.0,25534.85,2.9,2.9,2.85,2.85,116100,1752036300
2025-07-09 10:16:00,PE,ATM-10,18.527957,9368850,25000.0,25523.65,2.5,2.5,2.45,2.5,188175,1752036360
2025-07-09 10:17:00,PE,ATM-10,17.572298,1848525,25050.0,25528.7,2.85,2.9,2.8,2.85,153900,1752036420
2025-07-09 10:18:00,PE,ATM-10,17.489644,1853925,25050.0,25525.75,2.85,2.85,2.8,2.85,24375,1752036480
2025-07-09 10:19:00,PE,ATM-10,17.67396,1853925,25050.0,25531.8,2.85,2.9,2.85,2.85,59700,1752036540
2025-07-09 10:20:00,PE,ATM-10,17.747174,1853925,25050.0,25532.35,2.9,2.9,2.85,2.9,14850,1752036600
2025-07-09 10:21:00,PE,ATM-10,17.655598,1855725,25050.0,25530.85,2.9,2.9,2.8,2.85,38475,1752036660
2025-07-09 10:22:00,PE,ATM-10,17.608007,1855725,25050.0,25530.85,2.85,2.85,2.8,2.8,37725,1752036720
2025-07-09 10:23:00,PE,ATM-10,17.625335,1855725,25050.0,25529.5,2.8,2.85,2.8,2.85,21000,1752036780
2025-07-09 10:24:00,PE,ATM-10,17.641496,1837125,25050.0,25531.65,2.8,2.85,2.8,2.8,10200,1752036840
2025-07-09 10:25:00,PE,ATM-10,17.814723,1837125,25050.0,25535.55,2.85,2.85,2.8,2.85,31200,1752036900
2025-07-09 10:26:00,PE,ATM-10,17.666136,1837125,25050.0,25532.15,2.85,2.85,2.75,2.8,160950,1752036960
2025-07-09 10:27:00,PE,ATM-10,17.651792,1849200,25050.0,25531.5,2.8,2.8,2.75,2.8,5925,1752037020
2025-07-09 10:28:00,PE,ATM-10,17.490521,1849200,25050.0,25525.9,2.8,2.8,2.75,2.8,186300,1752037080
2025-07-09 10:29:00,PE,ATM-10,18.331259,9270075,25000.0,25518.7,2.4,2.4,2.35,2.4,184200,1752037140
2025-07-09 10:30:00,PE,ATM-10,18.553203,9283875,25000.0,25524.1,2.45,2.45,2.4,2.45,77325,1752037200
2025-07-09 10:31:00,PE,ATM-10,17.437453,1817775,25050.0,25525.4,2.8,2.85,2.75,2.75,51900,1752037260
2025-07-09 10:32:00,PE,ATM-10,18.34142,9283875,25000.0,25520.65,2.35,2.4,2.35,2.35,96825,1752037320
2025-07-09 10:33:00,PE,ATM-10,18.333,9297300,25000.0,25518.05,2.4,2.4,2.35,2.4,107550,1752037380
2025-07-09 10:34:00,PE,ATM-10,18.465305,9297300,25000.0,25522.45,2.4,2.45,2.4,2.4,121425,1752037440
2025-07-09 10:35:00,PE,ATM-10,17.514336,1817850,25050.0,25525.55,2.8,2.85,2.8,2.8,12075,1752037500
2025-07-09 10:36:00,PE,ATM-10,18.594562,9251025,25000.0,25524.45,2.4,2.45,2.4,2.45,47925,1752037560
2025-07-09 10:37:00,PE,ATM-10,18.506874,9251025,25000.0,25523.35,2.4,2.45,2.4,2.4,17025,1752037620
2025-07-09 10:38:00,PE,ATM-10,18.548208,9251025,25000.0,25524.6,2.4,2.45,2.4,2.4,24750,1752037680
2025-07-09 10:39:00,PE,ATM-10,17.581904,1804500,25050.0,25525.4,2.85,2.85,2.8,2.85,24750,1752037740
2025-07-09 10:40:00,PE,ATM-10,18.579237,9236100,25000.0,25523.2,2.4,2.45,2.4,2.45,33600,1752037800
2025-07-09 10:41:00,PE,ATM-10,17.609706,1804500,25050.0,25526.0,2.8,2.85,2.8,2.85,19950,1752037860
2025-07-09 10:42:00,PE,ATM-10,17.635574,1811250,25050.0,25526.7,2.85,2.85,2.8,2.85,4275,1752037920
2025-07-09 10:43:00,PE,ATM-10,17.661453,1811250,25050.0,25527.4,2.85,2.85,2.8,2.85,4650,1752037980
2025-07-09 10:44:00,PE,ATM-10,17.636527,1811250,25050.0,25526.4,2.85,2.85,2.8,2.85,14850,1752038040
2025-07-09 10:45:00,PE,ATM-10,17.770019,1786425,25050.0,25530.7,2.85,2.9,2.85,2.85,65250,1752038100
2025-07-09 10:46:00,PE,ATM-10,17.673385,1786425,25050.0,25527.3,2.85,2.9,2.85,2.85,11400,1752038160
2025-07-09 10:47:00,PE,ATM-10,18.494176,9276000,25000.0,25516.95,2.45,2.5,2.45,2.5,127350,1752038220
2025-07-09 10:48:00,PE,ATM-10,17.672446,1808025,25050.0,25525.2,2.95,2.95,2.9,2.9,54600,1752038280
2025-07-09 10:49:00,PE,ATM-10,17.879165,1808025,25050.0,25530.2,2.9,2.95,2.9,2.95,96375,1752038340
2025-07-09 10:50:00,PE,ATM-10,17.789525,1808025,25050.0,25527.05,2.95,2.95,2.9,2.95,5175,1752038400
2025-07-09 10:51:00,PE,ATM-10,17.79004,1886550,25050.0,25526.9,2.95,2.95,2.9,2.95,3225,1752038460
2025-07-09 10:52:00,PE,ATM-10,17.756997,1886550,25050.0,25527.35,2.9,2.95,2.9,2.9,1200,1752038520
2025-07-09 10:53:00,PE,ATM-10,17.702357,1886550,25050.0,25527.1,2.9,2.95,2.85,2.85,12375,1752038580
2025-07-09 10:54:00,PE,ATM-10,17.72498,1840650,25050.0,25525.95,2.85,2.9,2.8,2.9,155550,1752038640
2025-07-09 10:55:00,PE,ATM-10,17.676389,1840650,25050.0,25525.9,2.9,2.9,2.85,2.85,48225,1752038700
2025-07-09 10:56:00,PE,ATM-10,18.683873,9404925,25000.0,25523.9,2.4,2.45,2.35,2.45,144675,1752038760
2025-07-09 10:57:00,PE,ATM-10,18.702296,9421575,25000.0,25524.35,2.45,2.45,2.4,2.45,38850,1752038820
2025-07-09 10:58:00,PE,ATM-10,18.601061,9421575,25000.0,25522.8,2.45,2.45,2.4,2.4,33375,1752038880
2025-07-09 10:59:00,PE,ATM-10,18.685241,9421575,25000.0,25523.4,2.4,2.45,2.4,2.45,82200,1752038940
2025-07-09 11:00:00,PE,ATM-10,18.697853,9481875,25000.0,25523.65,2.4,2.45,2.4,2.45,93525,1752039000
2025-07-09 11:01:00,PE,ATM-10,18.580561,9481875,25000.0,25521.55,2.45,2.45,2.4,2.4,74325,1752039060
2025-07-09 11:02:00,PE,ATM-10,18.515735,9481875,25000.0,25517.05,2.4,2.45,2.4,2.45,168375,1752039120
2025-07-09 11:03:00,PE,ATM-10,18.688235,9495000,25000.0,25520.7,2.45,2.5,2.4,2.5,234675,1752039180
2025-07-09 11:04:00,PE,ATM-10,18.658411,9495000,25000.0,25519.5,2.5,2.5,2.45,2.5,29925,1752039240
2025-07-09 11:05:00,PE,ATM-10,18.701168,9495000,25000.0,25522.85,2.5,2.5,2.45,2.45,56700,1752039300
2025-07-09 11:06:00,PE,ATM-10,18.726966,9521025,25000.0,25523.55,2.45,2.5,2.45,2.45,30675,1752039360
2025-07-09 11:07:00,PE,ATM-10,18.680941,9521025,25000.0,25523.9,2.45,2.5,2.4,2.4,87450,1752039420
2025-07-09 11:08:00,PE,ATM-10,18.660038,9521025,25000.0,25523.0,2.45,2.45,2.4,2.4,52500,1752039480
2025-07-09 11:09:00,PE,ATM-10,18.675763,9482175,25000.0,25521.25,2.4,2.45,2.4,2.45,58725,1752039540
2025-07-09 11:10:00,PE,ATM-10,18.779126,9482175,25000.0,25524.6,2.45,2.45,2.4,2.45,48375,1752039600
2025-07-09 11:11:00,PE,ATM-10,18.747936,9482175,25000.0,25523.35,2.45,2.45,2.4,2.45,125175,1752039660
2025-07-09 11:12:00,PE,ATM-10,18.736906,9530250,25000.0,25524.9,2.45,2.45,2.4,2.4,37725,1752039720
2025-07-09 11:13:00,PE,ATM-10,17.920821,1861500,25050.0,25529.25,2.85,2.9,2.85,2.9,6225,1752039780
2025-07-09 11:14:00,PE,ATM-10,18.020922,1861500,25050.0,25534.15,2.9,2.9,2.85,2.85,8550,1752039840
2025-07-09 11:15:00,PE,ATM-10,18.266552,1856175,25050.0,25543.95,2.9,2.9,2.8,2.8,394050,1752039900
2025-07-09 11:16:00,PE,ATM-10,18.333464,1856175,25050.0,25544.2,2.85,2.9,2.8,2.85,93600,1752039960
2025-07-09 11:17:00,PE,ATM-10,18.330626,1856175,25050.0,25542.15,2.9,2.95,2.85,2.9,124350,1752040020
2025-07-09 11:18:00,PE,ATM-10,18.206273,1859625,25050.0,25537.85,2.9,2.95,2.9,2.9,155775,1752040080
2025-07-09 11:19:00,PE,ATM-10,18.255249,1859625,25050.0,25539.3,2.85,2.9,2.85,2.9,61050,1752040140
2025-07-09 11:20:00,PE,ATM-10,18.231838,1859625,25050.0,25538.35,2.9,2.9,2.85,2.9,6900,1752040200
2025-07-09 11:21:00,PE,ATM-10,18.141606,1846725,25050.0,25536.95,2.9,2.9,2.85,2.85,2475,1752040260
2025-07-09 11:22:00,PE,ATM-10,18.127238,1846725,25050.0,25536.3,2.9,2.9,2.85,2.85,13275,1752040320
2025-07-09 11:23:00,PE,ATM-10,18.070621,1846725,25050.0,25534.25,2.85,2.9,2.85,2.85,18975,1752040380
2025-07-09 11:24:00,PE,ATM-10,18.199514,1850325,25050.0,25538.35,2.85,2.9,2.85,2.85,8850,1752040440
2025-07-09 11:25:00,PE,ATM-10,18.219844,1850325,25050.0,25538.85,2.85,2.9,2.85,2.85,14250,1752040500
2025-07-09 11:26:00,PE,ATM-10,18.235662,1850325,25050.0,25539.2,2.85,2.9,2.85,2.85,3600,1752040560
2025-07-09 11:27:00,PE,ATM-10,18.280143,1854975,25050.0,25540.5,2.85,2.9,2.85,2.85,30000,1752040620
2025-07-09 11:28:00,PE,ATM-10,18.280957,1854975,25050.0,25542.15,2.85,2.85,2.8,2.8,18975,1752040680
2025-07-09 11:29:00,PE,ATM-10,18.310951,1854975,25050.0,25544.8,2.8,2.85,2.75,2.75,77175,1752040740
2025-07-09 11:30:00,PE,ATM-10,18.321642,1876500,25050.0,25543.15,2.75,2.8,2.75,2.8,50925,1752040800
2025-07-09 11:31:00,PE,ATM-10,18.224545,1876500,25050.0,25539.75,2.75,2.8,2.7,2.8,133875,1752040860
2025-07-09 11:32:00,PE,ATM-10,18.28859,1876500,25050.0,25541.7,2.8,2.8,2.75,2.8,11925,1752040920
2025-07-09 11:33:00,PE,ATM-10,18.197418,1874850,25050.0,25538.5,2.8,2.8,2.75,2.8,40125,1752040980
2025-07-09 11:34:00,PE,ATM-10,18.333864,1874850,25050.0,25542.85,2.8,2.8,2.75,2.8,26475,1752041040
2025-07-09 11:35:00,PE,ATM-10,18.25928,1874850,25050.0,25540.2,2.8,2.8,2.75,2.8,38475,1752041100
2025-07-09 11:36:00,PE,ATM-10,18.275977,1885575,25050.0,25542.4,2.8,2.8,2.75,2.75,27300,1752041160
2025-07-09 11:37:00,PE,ATM-10,18.33628,1885575,25050.0,25542.4,2.75,2.8,2.75,2.8,42450,1752041220
2025-07-09 11:38:00,PE,ATM-10,18.258604,1885575,25050.0,25539.65,2.8,2.8,2.75,2.8,1500,1752041280
2025-07-09 11:39:00,PE,ATM-10,18.155117,1861950,25050.0,25536.05,2.8,2.8,2.75,2.8,56775,1752041340
2025-07-09 11:40:00,PE,ATM-10,18.146792,1861950,25050.0,25535.6,2.8,2.8,2.75,2.8,30000,1752041400
2025-07-09 11:41:00,PE,ATM-10,18.167209,1861950,25050.0,25536.1,2.8,2.8,2.75,2.8,15375,1752041460
2025-07-09 11:42:00,PE,ATM-10,18.119528,1861950,25050.0,25534.35,2.8,2.8,2.75,2.8,24675,1752041520
2025-07-09 11:43:00,PE,ATM-10,18.023294,1850775,25050.0,25531.0,2.8,2.8,2.75,2.8,12375,1752041580
2025-07-09 11:44:00,PE,ATM-10,18.040685,1850775,25050.0,25531.4,2.8,2.8,2.75,2.8,21225,1752041640
2025-07-09 11:45:00,PE,ATM-10,18.038472,1860300,25050.0,25532.95,2.8,2.8,2.75,2.75,45975,1752041700
2025-07-09 11:46:00,PE,ATM-10,17.995311,1860300,25050.0,25531.35,2.75,2.8,2.75,2.75,14250,1752041760
2025-07-09 11:47:00,PE,ATM-10,18.020076,1860300,25050.0,25530.2,2.75,2.8,2.75,2.8,15975,1752041820
2025-07-09 11:48:00,PE,ATM-10,17.939169,1856850,25050.0,25529.15,2.8,2.8,2.75,2.75,6900,1752041880
2025-07-09 11:49:00,PE,ATM-10,17.980484,1856850,25050.0,25528.55,2.75,2.8,2.75,2.8,5100,1752041940
2025-07-09 11:50:00,PE,ATM-10,17.956861,1856850,25050.0,25527.6,2.75,2.8,2.75,2.8,5100,1752042000
2025-07-09 11:51:00,PE,ATM-10,17.879053,1858800,25050.0,25526.65,2.8,2.8,2.75,2.75,17175,1752042060
2025-07-09 11:52:00,PE,ATM-10,18.939568,9478725,25000.0,25524.35,2.45,2.45,2.35,2.4,204300,1752042120
2025-07-09 11:53:00,PE,ATM-10,18.446901,9478725,25000.0,25503.45,2.45,2.5,2.4,2.5,322050,1752042180
2025-07-09 11:54:00,PE,ATM-10,18.795184,9397350,25000.0,25517.0,2.5,2.5,2.45,2.45,123225,1752042240
2025-07-09 11:55:00,PE,ATM-10,18.84133,9397350,25000.0,25522.6,2.5,2.5,2.35,2.35,315300,1752042300
2025-07-09 11:56:00,PE,ATM-10,18.917501,9397350,25000.0,25522.85,2.4,2.45,2.35,2.4,133725,1752042360
2025-07-09 11:57:00,PE,ATM-10,18.863861,9462750,25000.0,25520.85,2.4,2.45,2.4,2.4,55050,1752042420
2025-07-09 11:58:00,PE,ATM-10,18.913854,9462750,25000.0,25522.35,2.45,2.45,2.4,2.4,38325,1752042480
2025-07-09 11:59:00,PE,ATM-10,18.837945,9462750,25000.0,25519.6,2.4,2.45,2.4,2.4,29400,1752042540
2025-07-09 12:00:00,PE,ATM-10,18.816557,9473475,25000.0,25516.6,2.45,2.45,2.4,2.45,54675,1752042600
2025-07-09 12:01:00,PE,ATM-10,18.863907,9473475,25000.0,25520.1,2.45,2.45,2.4,2.4,16875,1752042660
2025-07-09 12:02:00,PE,ATM-10,18.793807,9473475,25000.0,25517.55,2.45,2.45,2.4,2.4,31650,1752042720
2025-07-09 12:03:00,PE,ATM-10,18.802337,9473175,25000.0,25517.65,2.4,2.45,2.4,2.4,20175,1752042780
2025-07-09 12:04:00,PE,ATM-10,18.931109,9473175,25000.0,25521.8,2.4,2.45,2.35,2.4,124125,1752042840
2025-07-09 12:05:00,PE,ATM-10,18.766748,9473175,25000.0,25518.2,2.4,2.4,2.35,2.35,60450,1752042900
2025-07-09 12:06:00,PE,ATM-10,18.917475,9409125,25000.0,25523.1,2.4,2.4,2.35,2.35,46425,1752042960
2025-07-09 12:07:00,PE,ATM-10,18.976161,9409125,25000.0,25522.75,2.35,2.4,2.35,2.4,56025,1752043020
2025-07-09 12:08:00,PE,ATM-10,19.010005,9409125,25000.0,25523.7,2.35,2.4,2.35,2.4,81225,1752043080
2025-07-09 12:09:00,PE,ATM-10,18.131282,1878750,25050.0,25531.8,2.75,2.8,2.75,2.75,43350,1752043140
2025-07-09 12:10:00,PE,ATM-10,18.254112,1878750,25050.0,25533.85,2.75,2.8,2.75,2.8,8250,1752043200
2025-07-09 12:11:00,PE,ATM-10,18.224388,1878750,25050.0,25532.7,2.8,2.8,2.75,2.8,4650,1752043260
2025-07-09 12:12:00,PE,ATM-10,18.21454,1878300,25050.0,25534.0,2.8,2.8,2.75,2.75,26025,1752043320
2025-07-09 12:13:00,PE,ATM-10,18.209277,1878300,25050.0,25533.65,2.75,2.8,2.75,2.75,1575,1752043380
2025-07-09 12:14:00,PE,ATM-10,18.401125,1878300,25050.0,25537.95,2.8,2.8,2.75,2.8,8850,1752043440
2025-07-09 12:15:00,PE,ATM-10,18.449369,1874325,25050.0,25539.35,2.75,2.8,2.75,2.8,3600,1752043500
2025-07-09 12:16:00,PE,ATM-10,18.410135,1874325,25050.0,25536.1,2.8,2.85,2.75,2.85,42300,1752043560
2025-07-09 12:17:00,PE,ATM-10,18.411023,1874325,25050.0,25535.95,2.85,2.85,2.8,2.85,5475,1752043620
2025-07-09 12:18:00,PE,ATM-10,18.436826,1882425,25050.0,25538.4,2.85,2.85,2.8,2.8,9375,1752043680
2025-07-09 12:19:00,PE,ATM-10,18.407146,1882425,25050.0,25537.25,2.8,2.85,2.8,2.8,4725,1752043740
2025-07-09 12:20:00,PE,ATM-10,18.425974,1882425,25050.0,25535.9,2.8,2.85,2.8,2.85,4350,1752043800
2025-07-09 12:21:00,PE,ATM-10,18.370677,1888125,25050.0,25535.7,2.85,2.85,2.75,2.8,26775,1752043860
2025-07-09 12:22:00,PE,ATM-10,18.327931,1888125,25050.0,25532.35,2.8,2.85,2.8,2.85,33975,1752043920
2025-07-09 12:23:00,PE,ATM-10,18.335681,1888125,25050.0,25534.2,2.85,2.85,2.8,2.8,5550,1752043980
2025-07-09 12:24:00,PE,ATM-10,18.356504,1894200,25050.0,25534.7,2.8,2.85,2.8,2.8,12375,1752044040
2025-07-09 12:25:00,PE,ATM-10,18.467786,1894200,25050.0,25538.15,2.85,2.85,2.8,2.8,3825,1752044100
2025-07-09 12:26:00,PE,ATM-10,18.496311,1894200,25050.0,25538.9,2.8,2.85,2.8,2.8,9525,1752044160
2025-07-09 12:27:00,PE,ATM-10,18.570659,1907100,25050.0,25539.35,2.8,2.85,2.75,2.85,47625,1752044220
2025-07-09 12:28:00,PE,ATM-10,18.508945,1907100,25050.0,25538.95,2.85,2.85,2.8,2.8,4125,1752044280
2025-07-09 12:29:00,PE,ATM-10,18.501735,1907100,25050.0,25540.35,2.8,2.85,2.7,2.75,218700,1752044340
2025-07-09 12:30:00,PE,ATM-10,18.521163,1879125,25050.0,25542.65,2.75,2.8,2.7,2.7,18450,1752044400
2025-07-09 12:31:00,PE,ATM-10,18.610789,1879125,25050.0,25543.55,2.7,2.75,2.7,2.75,9375,1752044460
2025-07-09 12:32:00,PE,ATM-10,18.426512,1879125,25050.0,25537.35,2.75,2.75,2.7,2.75,29325,1752044520
2025-07-09 12:33:00,PE,ATM-10,18.465783,1879125,25050.0,25538.45,2.75,2.75,2.75,2.75,10275,1752044580
2025-07-09 12:34:00,PE,ATM-10,18.491666,1881075,25050.0,25537.3,2.7,2.8,2.7,2.8,26325,1752044640
2025-07-09 12:35:00,PE,ATM-10,18.539772,1881075,25050.0,25540.5,2.8,2.8,2.75,2.75,1350,1752044700
2025-07-09 12:36:00,PE,ATM-10,18.523899,1881075,25050.0,25539.8,2.75,2.75,2.75,2.75,1125,1752044760
2025-07-09 12:37:00,PE,ATM-10,18.580098,1887075,25050.0,25541.45,2.75,2.8,2.75,2.75,10575,1752044820
2025-07-09 12:38:00,PE,ATM-10,18.558612,1887075,25050.0,25538.75,2.75,2.8,2.75,2.8,9675,1752044880
2025-07-09 12:39:00,PE,ATM-10,18.711838,1893525,25050.0,25543.55,2.8,2.8,2.75,2.8,10275,1752044940
2025-07-09 12:40:00,PE,ATM-10,18.785108,1893525,25050.0,25545.75,2.8,2.8,2.75,2.8,10800,1752045000
2025-07-09 12:41:00,PE,ATM-10,18.656296,1893525,25050.0,25543.2,2.8,2.8,2.75,2.75,43125,1752045060
2025-07-09 12:42:00,PE,ATM-10,18.516038,1880325,25050.0,25538.45,2.75,2.8,2.75,2.75,4725,1752045120
2025-07-09 12:43:00,PE,ATM-10,18.432441,1880325,25050.0,25535.55,2.75,2.8,2.75,2.75,21675,1752045180
2025-07-09 12:44:00,PE,ATM-10,18.368743,1880325,25050.0,25533.3,2.75,2.85,2.75,2.75,57300,1752045240
2025-07-09 12:45:00,PE,ATM-10,18.288013,1868775,25050.0,25526.95,2.8,2.85,2.75,2.85,33750,1752045300
2025-07-09 12:46:00,PE,ATM-10,18.236167,1868775,25050.0,25525.1,2.85,2.85,2.8,2.85,24750,1752045360
2025-07-09 12:47:00,PE,ATM-10,18.219838,1868775,25050.0,25526.15,2.85,2.85,2.8,2.8,18675,1752045420
2025-07-09 12:48:00,PE,ATM-10,18.41879,1868775,25050.0,25532.4,2.8,2.85,2.8,2.8,38850,1752045480
2025-07-09 12:49:00,PE,ATM-10,18.487626,1859175,25050.0,25536.25,2.8,2.85,2.75,2.75,48075,1752045540
2025-07-09 12:50:00,PE,ATM-10,18.556765,1859175,25050.0,25536.5,2.75,2.8,2.75,2.8,9075,1752045600
2025-07-09 12:51:00,PE,ATM-10,18.545414,1882950,25050.0,25535.95,2.8,2.8,2.75,2.8,7500,1752045660
2025-07-09 12:52:00,PE,ATM-10,18.58044,1882950,25050.0,25536.9,2.8,2.8,2.75,2.8,7725,1752045720
2025-07-09 12:53:00,PE,ATM-10,18.513404,1882950,25050.0,25534.55,2.8,2.85,2.75,2.8,54075,1752045780
2025-07-09 12:54:00,PE,ATM-10,18.452499,1882950,25050.0,25534.2,2.8,2.85,2.75,2.75,19275,1752045840
2025-07-09 12:55:00,PE,ATM-10,18.417815,1858125,25050.0,25531.1,2.75,2.8,2.75,2.8,22950,1752045900
2025-07-09 12:56:00,PE,ATM-10,18.449794,1858125,25050.0,25531.95,2.8,2.85,2.75,2.8,33525,1752045960
2025-07-09 12:57:00,PE,ATM-10,18.402912,1858125,25050.0,25532.05,2.8,2.8,2.75,2.75,1575,1752046020
2025-07-09 12:58:00,PE,ATM-10,18.379133,1859475,25050.0,25531.1,2.75,2.8,2.75,2.75,3375,1752046080
2025-07-09 12:59:00,PE,ATM-10,18.401788,1859475,25050.0,25531.65,2.75,2.8,2.75,2.75,2625,1752046140
2025-07-09 13:00:00,PE,ATM-10,18.496163,1859475,25050.0,25529.2,2.8,2.9,2.8,2.9,138150,1752046200
2025-07-09 13:01:00,PE,ATM-10,18.358726,1855875,25050.0,25526.35,2.9,2.9,2.85,2.85,6675,1752046260
2025-07-09 13:02:00,PE,ATM-10,18.367471,1855875,25050.0,25526.45,2.85,2.9,2.85,2.85,65325,1752046320
2025-07-09 13:03:00,PE,ATM-10,19.435502,9125850,25000.0,25523.05,2.45,2.5,2.45,2.5,79425,1752046380
2025-07-09 13:04:00,PE,ATM-10,18.567547,9125850,25000.0,25490.5,2.5,2.7,2.5,2.6,675525,1752046440
2025-07-09 13:05:00,PE,ATM-10,19.216373,9125850,25000.0,25515.45,2.6,2.65,2.45,2.5,420600,1752046500
2025-07-09 13:06:00,PE,ATM-10,19.167468,9125850,25000.0,25515.7,2.45,2.5,2.45,2.45,240675,1752046560
2025-07-09 13:07:00,PE,ATM-10,19.139948,9105750,25000.0,25514.6,2.45,2.45,2.4,2.45,91425,1752046620
2025-07-09 13:08:00,PE,ATM-10,19.18843,9105750,25000.0,25513.95,2.45,2.5,2.4,2.5,135675,1752046680
2025-07-09 13:09:00,PE,ATM-10,19.165438,9105750,25000.0,25515.05,2.45,2.5,2.45,2.45,56625,1752046740
2025-07-09 13:10:00,PE,ATM-10,19.22467,9161100,25000.0,25514.75,2.45,2.5,2.45,2.5,41025,1752046800
2025-07-09 13:11:00,PE,ATM-10,19.305048,9161100,25000.0,25521.35,2.5,2.5,2.4,2.4,149925,1752046860
2025-07-09 13:12:00,PE,ATM-10,19.412759,9161100,25000.0,25522.6,2.45,2.45,2.4,2.45,48375,1752046920
2025-07-09 13:13:00,PE,ATM-10,18.33892,1889025,25050.0,25525.3,2.8,2.85,2.8,2.8,16650,1752046980
2025-07-09 13:14:00,PE,ATM-10,18.402568,1889025,25050.0,25525.4,2.8,2.85,2.8,2.85,4500,1752047040
2025-07-09 13:15:00,PE,ATM-10,18.370566,1889025,25050.0,25525.95,2.8,2.8,2.75,2.8,30450,1752047100
2025-07-09 13:16:00,PE,ATM-10,18.337867,1889550,25050.0,25526.5,2.8,2.8,2.7,2.75,72675,1752047160
2025-07-09 13:17:00,PE,ATM-10,18.343543,1889550,25050.0,25526.5,2.75,2.75,2.7,2.75,1350,1752047220
2025-07-09 13:18:00,PE,ATM-10,18.308658,1889550,25050.0,25525.2,2.75,2.75,2.7,2.75,3300,1752047280
2025-07-09 13:19:00,PE,ATM-10,19.366969,9129075,25000.0,25523.95,2.4,2.4,2.35,2.35,28500,1752047340
2025-07-09 13:20:00,PE,ATM-10,19.40479,9129075,25000.0,25525.0,2.35,2.4,2.35,2.35,51225,1752047400
2025-07-09 13:21:00,PE,ATM-10,19.472848,9129075,25000.0,25524.9,2.35,2.4,2.35,2.4,13875,1752047460
2025-07-09 13:22:00,PE,ATM-10,18.428124,1875600,25050.0,25531.95,2.75,2.75,2.65,2.65,48600,1752047520
2025-07-09 13:23:00,PE,ATM-10,18.672602,1875600,25050.0,25535.95,2.65,2.75,2.65,2.75,61350,1752047580
2025-07-09 13:24:00,PE,ATM-10,18.535857,1875600,25050.0,25533.2,2.7,2.7,2.65,2.7,19125,1752047640
2025-07-09 13:25:00,PE,ATM-10,18.432892,1873050,25050.0,25531.55,2.7,2.7,2.65,2.65,1425,1752047700
2025-07-09 13:26:00,PE,ATM-10,18.376431,1873050,25050.0,25529.55,2.65,2.7,2.65,2.65,5475,1752047760
2025-07-09 13:27:00,PE,ATM-10,18.431936,1873050,25050.0,25531.15,2.65,2.7,2.65,2.65,5025,1752047820
2025-07-09 13:28:00,PE,ATM-10,18.476342,1871700,25050.0,25530.55,2.65,2.7,2.65,2.7,11850,1752047880
2025-07-09 13:29:00,PE,ATM-10,18.485448,1871700,25050.0,25532.5,2.7,2.7,2.6,2.65,51000,1752047940
2025-07-09 13:30:00,PE,ATM-10,18.561199,1871700,25050.0,25532.9,2.65,2.7,2.6,2.7,70950,1752048000
2025-07-09 13:31:00,PE,ATM-10,18.549838,1873500,25050.0,25532.35,2.7,2.7,2.65,2.7,5925,1752048060
2025-07-09 13:32:00,PE,ATM-10,18.502781,1873500,25050.0,25532.5,2.7,2.7,2.65,2.65,21825,1752048120
2025-07-09 13:33:00,PE,ATM-10,18.503897,1873500,25050.0,25532.35,2.65,2.7,2.65,2.65,16050,1752048180
2025-07-09 13:34:00,PE,ATM-10,18.550073,1873275,25050.0,25531.8,2.65,2.7,2.65,2.7,9900,1752048240
2025-07-09 13:35:00,PE,ATM-10,18.493366,1873275,25050.0,25529.8,2.7,2.7,2.65,2.7,3525,1752048300
2025-07-09 13:36:00,PE,ATM-10,18.432035,1873275,25050.0,25525.85,2.7,2.75,2.65,2.75,58275,1752048360
2025-07-09 13:37:00,PE,ATM-10,18.399128,1853025,25050.0,25528.25,2.75,2.75,2.65,2.65,47250,1752048420
2025-07-09 13:38:00,PE,ATM-10,18.556147,1853025,25050.0,25531.25,2.65,2.7,2.65,2.7,4350,1752048480
2025-07-09 13:39:00,PE,ATM-10,18.459112,1853025,25050.0,25529.8,2.7,2.7,2.65,2.65,19725,1752048540
2025-07-09 13:40:00,PE,ATM-10,18.457101,1863825,25050.0,25529.55,2.65,2.7,2.65,2.65,3450,1752048600
2025-07-09 13:41:00,PE,ATM-10,18.521965,1863825,25050.0,25529.6,2.65,2.7,2.65,2.7,6225,1752048660
2025-07-09 13:42:00,PE,ATM-10,18.593591,1863825,25050.0,25531.7,2.7,2.7,2.65,2.7,5175,1752048720
2025-07-09 13:43:00,PE,ATM-10,18.563287,1862475,25050.0,25526.95,2.7,2.8,2.65,2.8,37275,1752048780
2025-07-09 13:44:00,PE,ATM-10,18.500461,1862475,25050.0,25526.55,2.8,2.8,2.75,2.75,46425,1752048840
2025-07-09 13:45:00,PE,ATM-10,18.641196,1862475,25050.0,25529.05,2.75,2.8,2.7,2.8,56850,1752048900
2025-07-09 13:46:00,PE,ATM-10,18.505836,1856700,25050.0,25526.35,2.8,2.8,2.75,2.75,5925,1752048960
2025-07-09 13:47:00,PE,ATM-10,18.524056,1856700,25050.0,25528.55,2.75,2.8,2.7,2.7,52500,1752049020
2025-07-09 13:48:00,PE,ATM-10,18.572068,1856700,25050.0,25526.3,2.7,2.85,2.7,2.8,98175,1752049080
2025-07-09 13:49:00,PE,ATM-10,19.747346,9796800,25000.0,25524.05,2.5,2.5,2.45,2.5,63450,1752049140
2025-07-09 13:50:00,PE,ATM-10,19.637478,9796800,25000.0,25518.25,2.5,2.55,2.45,2.55,184950,1752049200
2025-07-09 13:51:00,PE,ATM-10,19.794026,9796800,25000.0,25521.1,2.55,2.6,2.55,2.6,100950,1752049260
2025-07-09 13:52:00,PE,ATM-10,19.761309,9838950,25000.0,25521.85,2.6,2.6,2.55,2.55,141750,1752049320
2025-07-09 13:53:00,PE,ATM-10,18.619042,1861725,25050.0,25525.1,2.9,2.9,2.85,2.85,14850,1752049380
2025-07-09 13:54:00,PE,ATM-10,19.821817,9838950,25000.0,25523.4,2.55,2.6,2.55,2.55,115950,1752049440
2025-07-09 13:55:00,PE,ATM-10,19.812651,9892875,25000.0,25522.9,2.55,2.55,2.5,2.55,105750,1752049500
2025-07-09 13:56:00,PE,ATM-10,18.720376,1843500,25050.0,25526.0,2.95,2.95,2.9,2.9,14925,1752049560
2025-07-09 13:57:00,PE,ATM-10,18.753357,1843500,25050.0,25526.85,2.9,2.95,2.9,2.9,5250,1752049620
2025-07-09 13:58:00,PE,ATM-10,18.853261,1839900,25050.0,25531.55,2.9,2.9,2.85,2.85,38475,1752049680
2025-07-09 13:59:00,PE,ATM-10,18.805348,1839900,25050.0,25529.85,2.85,2.9,2.85,2.85,9225,1752049740
2025-07-09 14:00:00,PE,ATM-10,18.858762,1839900,25050.0,25529.6,2.9,2.9,2.85,2.9,23325,1752049800
2025-07-09 14:01:00,PE,ATM-10,18.789985,1832250,25050.0,25527.25,2.85,2.9,2.85,2.9,26775,1752049860
2025-07-09 14:02:00,PE,ATM-10,18.704193,1832250,25050.0,25526.1,2.9,2.9,2.85,2.85,15525,1752049920
2025-07-09 14:03:00,PE,ATM-10,18.781267,1832250,25050.0,25526.6,2.85,2.9,2.85,2.9,60075,1752049980
2025-07-09 14:04:00,PE,ATM-10,18.711364,1817850,25050.0,25525.95,2.9,2.9,2.85,2.85,5325,1752050040
2025-07-09 14:05:00,PE,ATM-10,19.958304,9866250,25000.0,25521.55,2.55,2.65,2.5,2.65,106425,1752050100
2025-07-09 14:06:00,PE,ATM-10,19.913194,9866250,25000.0,25519.9,2.65,2.65,2.6,2.65,34050,1752050160
2025-07-09 14:07:00,PE,ATM-10,19.923331,9907350,25000.0,25522.0,2.65,2.65,2.55,2.6,220950,1752050220
2025-07-09 14:08:00,PE,ATM-10,18.790566,1807575,25050.0,25525.95,2.95,2.95,2.9,2.9,10725,1752050280
2025-07-09 14:09:00,PE,ATM-10,20.024906,9907350,25000.0,25524.85,2.6,2.6,2.55,2.6,51075,1752050340
2025-07-09 14:10:00,PE,ATM-10,20.065317,9944400,25000.0,25523.95,2.6,2.65,2.55,2.65,56775,1752050400
2025-07-09 14:11:00,PE,ATM-10,20.071768,9944400,25000.0,25523.95,2.6,2.65,2.6,2.65,26250,1752050460
2025-07-09 14:12:00,PE,ATM-10,20.10791,9944400,25000.0,25524.9,2.65,2.65,2.6,2.65,39375,1752050520
2025-07-09 14:13:00,PE,ATM-10,18.985908,1795125,25050.0,25527.7,2.9,3.0,2.9,3.0,101925,1752050580
2025-07-09 14:14:00,PE,ATM-10,19.020899,1795125,25050.0,25530.3,2.95,3.0,2.95,2.95,22575,1752050640
2025-07-09 14:15:00,PE,ATM-10,19.983559,9969075,25000.0,25524.3,2.65,2.65,2.55,2.55,165600,1752050700
2025-07-09 14:16:00,PE,ATM-10,19.949849,9893475,25000.0,25521.0,2.55,2.65,2.55,2.6,261000,1752050760
2025-07-09 14:17:00,PE,ATM-10,19.911635,9893475,25000.0,25513.75,2.6,2.75,2.55,2.75,316125,1752050820
2025-07-09 14:18:00,PE,ATM-10,19.924373,9893475,25000.0,25513.95,2.7,2.75,2.65,2.75,279750,1752050880
2025-07-09 14:19:00,PE,ATM-10,20.06416,9868950,25000.0,25520.1,2.75,2.75,2.7,2.7,190500,1752050940
2025-07-09 14:20:00,PE,ATM-10,20.036084,9868950,25000.0,25520.95,2.7,2.75,2.6,2.65,326400,1752051000
2025-07-09 14:21:00,PE,ATM-10,20.072429,9868950,25000.0,25519.95,2.6,2.7,2.6,2.7,193725,1752051060
2025-07-09 14:22:00,PE,ATM-10,20.055335,9956775,25000.0,25521.15,2.7,2.7,2.65,2.65,68625,1752051120
2025-07-09 14:23:00,PE,ATM-10,20.008203,9956775,25000.0,25513.7,2.7,2.8,2.65,2.8,218175,1752051180
2025-07-09 14:24:00,PE,ATM-10,19.969453,9956775,25000.0,25508.6,2.75,2.9,2.75,2.9,255750,1752051240
2025-07-09 14:25:00,PE,ATM-10,19.960921,9995850,25000.0,25509.95,2.85,2.95,2.8,2.85,321225,1752051300
2025-07-09 14:26:00,PE,ATM-10,19.777036,9995850,25000.0,25505.8,2.8,2.85,2.75,2.8,182175,1752051360
2025-07-09 14:27:00,PE,ATM-10,19.596422,9995850,25000.0,25494.55,2.8,3.0,2.7,2.95,713400,1752051420
2025-07-09 14:28:00,PE,ATM-10,19.576737,9875775,25000.0,25499.1,2.95,2.95,2.75,2.8,419100,1752051480
2025-07-09 14:29:00,PE,ATM-10,19.584551,9875775,25000.0,25492.05,2.8,3.0,2.8,3.0,247650,1752051540
2025-07-09 14:30:00,PE,ATM-10,19.604587,9875775,25000.0,25481.0,2.95,3.45,2.95,3.35,867375,1752051600
2025-07-09 14:31:00,PE,ATM-10,19.698027,9816525,25000.0,25482.1,3.35,3.6,3.35,3.4,945675,1752051660
2025-07-09 14:32:00,PE,ATM-10,19.67872,9816525,25000.0,25484.45,3.35,3.35,3.05,3.3,636000,1752051720
2025-07-09 14:33:00,PE,ATM-10,19.678021,9816525,25000.0,25476.55,3.35,3.65,3.35,3.55,604425,1752051780
2025-07-09 14:34:00,PE,ATM-10,20.261833,1677525,24950.0,25457.4,2.7,3.1,2.6,3.1,1323750,1752051840
2025-07-09 14:35:00,PE,ATM-10,19.975597,1677525,24950.0,25468.65,3.05,3.05,2.5,2.55,554850,1752051900
2025-07-09 14:36:00,PE,ATM-10,20.102704,1677525,24950.0,25468.5,2.55,2.75,2.5,2.65,643275,1752051960
2025-07-09 14:37:00,PE,ATM-10,19.316763,9707475,25000.0,25480.5,3.65,3.65,3.05,3.05,829575,1752052020
2025-07-09 14:38:00,PE,ATM-10,19.928224,1453725,24950.0,25468.55,2.35,2.5,2.35,2.5,337650,1752052080
2025-07-09 14:39:00,PE,ATM-10,19.413023,9707475,25000.0,25478.15,3.3,3.35,3.15,3.2,331275,1752052140
2025-07-09 14:40:00,PE,ATM-10,20.053992,1438725,24950.0,25470.1,2.4,2.55,2.4,2.55,202875,1752052200
2025-07-09 14:41:00,PE,ATM-10,20.010156,1438725,24950.0,25468.5,2.55,2.55,2.45,2.55,314100,1752052260
2025-07-09 14:42:00,PE,ATM-10,20.045625,1438725,24950.0,25465.45,2.6,2.65,2.5,2.65,298575,1752052320
2025-07-09 14:43:00,PE,ATM-10,20.045867,1521375,24950.0,25465.25,2.6,2.65,2.55,2.65,231075,1752052380
2025-07-09 14:44:00,PE,ATM-10,20.123108,1521375,24950.0,25469.45,2.65,2.7,2.55,2.6,140325,1752052440
2025-07-09 14:45:00,PE,ATM-10,19.969914,1521375,24950.0,25464.4,2.55,2.65,2.55,2.6,112875,1752052500
2025-07-09 14:46:00,PE,ATM-10,20.049862,1551675,24950.0,25459.05,2.65,2.8,2.6,2.8,285525,1752052560
2025-07-09 14:47:00,PE,ATM-10,19.989404,1551675,24950.0,25464.6,2.75,2.75,2.55,2.6,314100,1752052620
2025-07-09 14:48:00,PE,ATM-10,19.98254,1551675,24950.0,25458.4,2.6,2.75,2.55,2.75,187950,1752052680
2025-07-09 14:49:00,PE,ATM-10,19.920751,1553100,24950.0,25458.15,2.7,2.8,2.7,2.7,201375,1752052740
2025-07-09 14:50:00,PE,ATM-10,19.82281,1553100,24950.0,25451.15,2.7,2.8,2.65,2.8,294150,1752052800
2025-07-09 14:51:00,PE,ATM-10,19.977004,1553100,24950.0,25459.5,2.8,2.85,2.65,2.7,340875,1752052860
2025-07-09 14:52:00,PE,ATM-10,20.016942,1549425,24950.0,25458.65,2.7,2.8,2.7,2.75,90375,1752052920
2025-07-09 14:53:00,PE,ATM-10,19.246678,1549425,24950.0,25425.75,2.75,3.05,2.7,3.0,376650,1752052980
2025-07-09 14:54:00,PE,ATM-10,19.637136,1549425,24950.0,25446.4,2.95,3.0,2.7,2.75,284625,1752053040
2025-07-09 14:55:00,PE,ATM-10,19.686711,1536000,24950.0,25444.1,2.75,2.85,2.7,2.85,156825,1752053100
2025-07-09 14:56:00,PE,ATM-10,19.83569,1536000,24950.0,25454.05,2.9,2.9,2.65,2.7,249525,1752053160
2025-07-09 14:57:00,PE,ATM-10,19.767488,1536000,24950.0,25455.55,2.7,2.7,2.6,2.6,158025,1752053220
2025-07-09 14:58:00,PE,ATM-10,19.789988,1513425,24950.0,25456.05,2.6,2.65,2.55,2.6,169425,1752053280
2025-07-09 14:59:00,PE,ATM-10,19.916785,1513425,24950.0,25461.8,2.65,2.7,2.55,2.55,145050,1752053340
2025-07-09 15:00:00,PE,ATM-10,20.102967,1513425,24950.0,25471.55,2.55,2.55,2.35,2.45,429075,1752053400
2025-07-09 15:01:00,PE,ATM-10,20.190093,1492125,24950.0,25474.1,2.45,2.55,2.4,2.45,685350,1752053460
2025-07-09 15:02:00,PE,ATM-10,20.147707,1492125,24950.0,25474.65,2.45,2.45,2.35,2.4,230100,1752053520
2025-07-09 15:03:00,PE,ATM-10,20.124516,1492125,24950.0,25473.7,2.4,2.4,2.35,2.4,97650,1752053580
2025-07-09 15:04:00,PE,ATM-10,19.202739,8982225,25000.0,25475.1,2.95,3.0,2.85,2.95,506850,1752053640
2025-07-09 15:05:00,PE,ATM-10,19.327165,8982225,25000.0,25475.35,2.95,3.05,2.9,3.05,667275,1752053700
2025-07-09 15:06:00,PE,ATM-10,19.372986,8982225,25000.0,25476.55,3.1,3.1,3.0,3.05,476400,1752053760
2025-07-09 15:07:00,PE,ATM-10,19.236647,8950500,25000.0,25479.0,3.05,3.05,2.85,2.85,329850,1752053820
2025-07-09 15:08:00,PE,ATM-10,19.365522,8950500,25000.0,25477.6,2.85,3.0,2.85,3.0,386100,1752053880
2025-07-09 15:09:00,PE,ATM-10,19.385817,8950500,25000.0,25476.35,2.95,3.1,2.95,3.05,509625,1752053940
2025-07-09 15:10:00,PE,ATM-10,19.541702,8968875,25000.0,25480.9,3.05,3.1,3.0,3.05,559425,1752054000
2025-07-09 15:11:00,PE,ATM-10,19.486547,8968875,25000.0,25480.7,3.0,3.05,2.9,3.0,323025,1752054060
2025-07-09 15:12:00,PE,ATM-10,19.429191,8968875,25000.0,25480.45,2.95,2.95,2.9,2.95,411750,1752054120
2025-07-09 15:13:00,PE,ATM-10,19.409521,8959125,25000.0,25479.65,2.9,3.0,2.9,2.95,511275,1752054180
2025-07-09 15:14:00,PE,ATM-10,19.485707,8959125,25000.0,25478.4,2.95,3.05,2.95,3.05,289875,1752054240
2025-07-09 15:15:00,PE,ATM-10,19.421817,8959125,25000.0,25481.35,3.05,3.05,2.9,2.9,544650,1752054300
2025-07-09 15:16:00,PE,ATM-10,19.470809,9063300,25000.0,25477.55,2.9,3.05,2.9,3.05,628500,1752054360
2025-07-09 15:17:00,PE,ATM-10,20.377103,1502625,24950.0,25474.5,2.45,2.5,2.4,2.5,105450,1752054420
2025-07-09 15:18:00,PE,ATM-10,20.445728,1502625,24950.0,25470.4,2.5,2.65,2.5,2.65,95025,1752054480
2025-07-09 15:19:00,PE,ATM-10,20.508769,1453800,24950.0,25470.2,2.65,2.75,2.65,2.7,220500,1752054540
2025-07-09 15:20:00,PE,ATM-10,20.631346,1453800,24950.0,25473.8,2.75,2.75,2.7,2.7,136275,1752054600
2025-07-09 15:21:00,PE,ATM-10,19.732936,8849550,25000.0,25476.4,3.45,3.45,3.3,3.3,307800,1752054660
2025-07-09 15:22:00,PE,ATM-10,19.597624,8834700,25000.0,25475.3,3.3,3.3,3.2,3.2,418200,1752054720
2025-07-09 15:23:00,PE,ATM-10,20.745088,1420275,24950.0,25474.75,2.55,2.8,2.55,2.75,229425,1752054780
2025-07-09 15:24:00,PE,ATM-10,20.868128,1420275,24950.0,25474.55,2.8,2.85,2.75,2.85,133200,1752054840
2025-07-09 15:25:00,PE,ATM-10,19.705519,8817450,25000.0,25477.95,3.55,3.55,3.15,3.2,605700,1752054900
2025-07-09 15:26:00,PE,ATM-10,19.730358,8817450,25000.0,25476.9,3.15,3.3,3.15,3.25,517050,1752054960
2025-07-09 15:27:00,PE,ATM-10,19.622422,8817450,25000.0,25475.05,3.2,3.25,3.15,3.2,478725,1752055020
2025-07-09 15:28:00,PE,ATM-10,19.685382,8927700,25000.0,25475.15,3.2,3.3,3.2,3.25,883425,1752055080
2025-07-09 15:29:00,PE,ATM-10,20.336769,1382475,24950.0,25464.65,2.7,2.7,2.4,2.65,196650,1752055140
2025-07-10 09:15:00,PE,ATM-10,33.742872,9219075,25000.0,25483.0,1.8,1.8,1.2,1.35,4640025,1752119100
2025-07-10 09:16:00,PE,ATM-10,32.547647,9219075,25000.0,25478.2,1.25,1.3,1.1,1.1,2548575,1752119160
2025-07-10 09:17:00,PE,ATM-10,33.539318,9219075,25000.0,25498.35,1.1,1.1,1.05,1.05,2409150,1752119220
2025-07-10 09:18:00,PE,ATM-10,32.278628,10380150,25000.0,25475.65,1.1,1.1,1.0,1.05,2053050,1752119280
2025-07-10 09:19:00,PE,ATM-10,33.719776,1970925,24950.0,25470.2,0.8,0.85,0.8,0.8,294000,1752119340
2025-07-10 09:20:00,PE,ATM-10,33.584168,1970925,24950.0,25462.25,0.8,0.85,0.8,0.85,399600,1752119400
2025-07-10 09:21:00,PE,ATM-10,33.204841,2097675,24950.0,25450.3,0.85,0.95,0.8,0.9,706500,1752119460
2025-07-10 09:22:00,PE,ATM-10,33.124961,2097675,24950.0,25452.5,0.9,0.95,0.85,0.85,433200,1752119520
2025-07-10 09:23:00,PE,ATM-10,33.442524,2097675,24950.0,25452.9,0.9,0.9,0.85,0.9,229350,1752119580
2025-07-10 09:24:00,PE,ATM-10,33.282715,2174400,24950.0,25453.7,0.9,0.9,0.85,0.85,215775,1752119640
2025-07-10 09:25:00,PE,ATM-10,33.429659,2174400,24950.0,25460.15,0.9,0.9,0.8,0.8,483975,1752119700
2025-07-10 09:26:00,PE,ATM-10,33.697607,2174400,24950.0,25464.1,0.85,0.85,0.8,0.8,239850,1752119760
2025-07-10 09:27:00,PE,ATM-10,33.332091,2391975,24950.0,25456.8,0.8,0.85,0.75,0.8,256500,1752119820
2025-07-10 09:28:00,PE,ATM-10,33.476703,2391975,24950.0,25458.55,0.75,0.8,0.75,0.8,110250,1752119880
2025-07-10 09:29:00,PE,ATM-10,33.089612,2391975,24950.0,25450.9,0.8,0.8,0.75,0.8,122025,1752119940
2025-07-10 09:30:00,PE,ATM-10,33.041602,2428950,24950.0,25449.25,0.75,0.8,0.75,0.8,293175,1752120000
2025-07-10 09:31:00,PE,ATM-10,33.161212,2428950,24950.0,25450.55,0.75,0.8,0.75,0.8,297600,1752120060
2025-07-10 09:32:00,PE,ATM-10,32.309059,2428950,24950.0,25434.8,0.75,0.85,0.75,0.8,554025,1752120120
2025-07-10 09:33:00,PE,ATM-10,32.787094,2481750,24950.0,25437.85,0.8,0.85,0.8,0.85,824850,1752120180
2025-07-10 09:34:00,PE,ATM-10,33.224243,2481750,24950.0,25444.65,0.9,0.9,0.8,0.85,204450,1752120240
2025-07-10 09:35:00,PE,ATM-10,33.808597,2481750,24950.0,25454.0,0.85,0.85,0.8,0.85,284850,1752120300
2025-07-10 09:36:00,PE,ATM-10,33.694864,2555550,24950.0,25451.2,0.8,0.85,0.8,0.85,202725,1752120360
2025-07-10 09:37:00,PE,ATM-10,33.649999,2555550,24950.0,25449.6,0.85,0.85,0.8,0.85,193950,1752120420
2025-07-10 09:38:00,PE,ATM-10,33.119095,2555550,24950.0,25439.6,0.85,0.85,0.8,0.85,125475,1752120480
2025-07-10 09:39:00,PE,ATM-10,32.933869,2608575,24950.0,25435.6,0.8,0.85,0.8,0.85,135825,1752120540
2025-07-10 09:40:00,PE,ATM-10,32.965616,2608575,24950.0,25439.85,0.8,0.85,0.8,0.8,69750,1752120600
2025-07-10 09:41:00,PE,ATM-10,33.117755,2608575,24950.0,25437.15,0.8,0.85,0.8,0.85,317850,1752120660
2025-07-10 09:42:00,PE,ATM-10,33.097267,2571900,24950.0,25440.5,0.8,0.85,0.75,0.8,190800,1752120720
2025-07-10 09:43:00,PE,ATM-10,32.800766,2571900,24950.0,25439.3,0.75,0.8,0.75,0.75,156675,1752120780
2025-07-10 09:44:00,PE,ATM-10,33.07902,2571900,24950.0,25438.55,0.8,0.8,0.75,0.8,68925,1752120840
2025-07-10 09:45:00,PE,ATM-10,33.51883,2531400,24950.0,25445.3,0.8,0.8,0.75,0.8,255300,1752120900
2025-07-10 09:46:00,PE,ATM-10,33.727057,2531400,24950.0,25448.05,0.8,0.8,0.75,0.8,148425,1752120960
2025-07-10 09:47:00,PE,ATM-10,33.720623,2531400,24950.0,25447.1,0.8,0.85,0.75,0.8,440700,1752121020
2025-07-10 09:48:00,PE,ATM-10,34.031726,2597100,24950.0,25451.6,0.8,0.8,0.75,0.8,72525,1752121080
2025-07-10 09:49:00,PE,ATM-10,34.462331,2597100,24950.0,25453.5,0.8,0.85,0.75,0.85,240750,1752121140
2025-07-10 09:50:00,PE,ATM-10,34.08069,2597100,24950.0,25446.15,0.85,0.85,0.8,0.85,101475,1752121200
2025-07-10 09:51:00,PE,ATM-10,33.261296,2660100,24950.0,25435.9,0.85,0.85,0.8,0.8,71400,1752121260
2025-07-10 09:52:00,PE,ATM-10,33.018944,2660100,24950.0,25435.65,0.8,0.85,0.75,0.75,220950,1752121320
2025-07-10 09:53:00,PE,ATM-10,35.015655,5801850,24900.0,25423.15,0.7,0.75,0.65,0.7,424650,1752121380
2025-07-10 09:54:00,PE,ATM-10,35.105639,5717550,24900.0,25418.55,0.7,0.75,0.7,0.75,741825,1752121440
2025-07-10 09:55:00,PE,ATM-10,34.792936,5717550,24900.0,25412.3,0.7,0.75,0.7,0.75,397950,1752121500
2025-07-10 09:56:00,PE,ATM-10,35.212942,5717550,24900.0,25418.6,0.75,0.75,0.7,0.75,244800,1752121560
2025-07-10 09:57:00,PE,ATM-10,34.800014,5768250,24900.0,25410.65,0.7,0.75,0.7,0.75,157275,1752121620
2025-07-10 09:58:00,PE,ATM-10,32.889536,2608950,24950.0,25428.45,0.85,0.85,0.75,0.75,249975,1752121680
2025-07-10 09:59:00,PE,ATM-10,33.105399,2608950,24950.0,25426.6,0.8,0.8,0.75,0.8,142200,1752121740
2025-07-10 10:00:00,PE,ATM-10,33.334664,2694675,24950.0,25434.3,0.8,0.8,0.75,0.75,284625,1752121800
2025-07-10 10:01:00,PE,ATM-10,33.551461,2694675,24950.0,25432.4,0.8,0.8,0.75,0.8,152625,1752121860
2025-07-10 10:02:00,PE,ATM-10,32.892215,2694675,24950.0,25425.15,0.8,0.8,0.7,0.75,271275,1752121920
2025-07-10 10:03:00,PE,ATM-10,33.195099,2651700,24950.0,25429.4,0.7,0.75,0.7,0.75,64350,1752121980
2025-07-10 10:04:00,PE,ATM-10,35.103123,5809275,24900.0,25420.25,0.6,0.65,0.6,0.65,168750,1752122040
2025-07-10 10:05:00,PE,ATM-10,33.37703,2651700,24950.0,25430.75,0.75,0.75,0.7,0.75,108525,1752122100
2025-07-10 10:06:00,PE,ATM-10,33.392489,2676225,24950.0,25435.1,0.75,0.75,0.7,0.7,42675,1752122160
2025-07-10 10:07:00,PE,ATM-10,32.903175,2676225,24950.0,25426.0,0.7,0.75,0.7,0.7,54075,1752122220
2025-07-10 10:08:00,PE,ATM-10,35.231384,5779875,24900.0,25418.75,0.6,0.65,0.6,0.65,183075,1752122280
2025-07-10 10:09:00,PE,ATM-10,35.353478,5839275,24900.0,25419.9,0.65,0.65,0.6,0.65,201675,1752122340
2025-07-10 10:10:00,PE,ATM-10,35.214216,5839275,24900.0,25416.6,0.6,0.65,0.6,0.65,697350,1752122400
2025-07-10 10:11:00,PE,ATM-10,35.298558,5839275,24900.0,25417.1,0.65,0.65,0.6,0.65,434550,1752122460
2025-07-10 10:12:00,PE,ATM-10,35.291671,5417025,24900.0,25410.55,0.65,0.7,0.65,0.7,392625,1752122520
2025-07-10 10:13:00,PE,ATM-10,35.203783,5417025,24900.0,25408.15,0.65,0.7,0.65,0.7,270750,1752122580
2025-07-10 10:14:00,PE,ATM-10,35.224873,5417025,24900.0,25413.05,0.7,0.7,0.65,0.65,374250,1752122640
2025-07-10 10:15:00,PE,ATM-10,35.027976,5415075,24900.0,25408.8,0.65,0.7,0.65,0.65,328125,1752122700
2025-07-10 10:16:00,PE,ATM-10,35.835074,5415075,24900.0,25415.9,0.7,0.7,0.65,0.7,273750,1752122760
2025-07-10 10:17:00,PE,ATM-10,35.724031,5415075,24900.0,25413.1,0.7,0.7,0.65,0.7,458400,1752122820
2025-07-10 10:18:00,PE,ATM-10,35.759909,5478300,24900.0,25412.75,0.7,0.7,0.65,0.7,127875,1752122880
2025-07-10 10:19:00,PE,ATM-10,36.141936,5478300,24900.0,25418.15,0.7,0.7,0.65,0.7,168450,1752122940
2025-07-10 10:20:00,PE,ATM-10,36.070383,5478300,24900.0,25416.0,0.7,0.7,0.65,0.7,215025,1752123000
2025-07-10 10:21:00,PE,ATM-10,35.628583,5520900,24900.0,25413.2,0.7,0.7,0.65,0.65,125025,1752123060
2025-07-10 10:22:00,PE,ATM-10,35.710101,5520900,24900.0,25413.6,0.65,0.7,0.65,0.65,302475,1752123120
2025-07-10 10:23:00,PE,ATM-10,35.91522,5520900,24900.0,25416.05,0.65,0.7,0.65,0.65,249150,1752123180
2025-07-10 10:24:00,PE,ATM-10,36.631466,5528925,24900.0,25421.4,0.65,0.7,0.65,0.7,162000,1752123240
2025-07-10 10:25:00,PE,ATM-10,36.324494,5528925,24900.0,25420.9,0.65,0.7,0.6,0.65,1012575,1752123300
2025-07-10 10:26:00,PE,ATM-10,36.323557,5528925,24900.0,25419.9,0.65,0.7,0.6,0.65,601350,1752123360
2025-07-10 10:27:00,PE,ATM-10,36.40431,5729100,24900.0,25420.25,0.7,0.7,0.6,0.65,302775,1752123420
2025-07-10 10:28:00,PE,ATM-10,36.406718,5729100,24900.0,25419.3,0.6,0.65,0.6,0.65,323025,1752123480
2025-07-10 10:29:00,PE,ATM-10,36.585101,5729100,24900.0,25421.25,0.6,0.65,0.6,0.65,133125,1752123540
2025-07-10 10:30:00,PE,ATM-10,36.794476,5775300,24900.0,25423.7,0.65,0.7,0.6,0.65,471900,1752123600
2025-07-10 10:31:00,PE,ATM-10,34.510139,2625300,24950.0,25426.25,0.8,0.8,0.75,0.75,65250,1752123660
2025-07-10 10:32:00,PE,ATM-10,36.996306,5775300,24900.0,25425.0,0.7,0.7,0.65,0.65,148875,1752123720
2025-07-10 10:33:00,PE,ATM-10,36.899638,5862300,24900.0,25422.4,0.7,0.7,0.65,0.65,195600,1752123780
2025-07-10 10:34:00,PE,ATM-10,37.202082,5862300,24900.0,25420.75,0.7,0.7,0.65,0.7,383100,1752123840
2025-07-10 10:35:00,PE,ATM-10,37.298714,5862300,24900.0,25421.3,0.7,0.7,0.65,0.7,164925,1752123900
2025-07-10 10:36:00,PE,ATM-10,37.476087,5908275,24900.0,25423.15,0.7,0.7,0.65,0.7,92250,1752123960
2025-07-10 10:37:00,PE,ATM-10,37.621021,5908275,24900.0,25419.2,0.7,0.75,0.65,0.75,395100,1752124020
2025-07-10 10:38:00,PE,ATM-10,37.296641,5908275,24900.0,25418.2,0.7,0.75,0.7,0.7,152100,1752124080
2025-07-10 10:39:00,PE,ATM-10,37.49397,5905575,24900.0,25420.35,0.75,0.75,0.7,0.7,136575,1752124140
2025-07-10 10:40:00,PE,ATM-10,37.905066,5905575,24900.0,25420.65,0.75,0.75,0.7,0.75,276075,1752124200
2025-07-10 10:41:00,PE,ATM-10,37.49817,5905575,24900.0,25418.35,0.75,0.75,0.7,0.7,286125,1752124260
2025-07-10 10:42:00,PE,ATM-10,37.359785,5980050,24900.0,25415.1,0.7,0.75,0.7,0.7,336000,1752124320
2025-07-10 10:43:00,PE,ATM-10,37.318014,5980050,24900.0,25413.4,0.7,0.75,0.65,0.7,408375,1752124380
2025-07-10 10:44:00,PE,ATM-10,36.957997,5980050,24900.0,25412.1,0.65,0.7,0.65,0.65,515325,1752124440
2025-07-10 10:45:00,PE,ATM-10,37.828257,6059775,24900.0,25419.45,0.65,0.7,0.65,0.7,279675,1752124500
2025-07-10 10:46:00,PE,ATM-10,37.708875,6059775,24900.0,25416.5,0.7,0.75,0.65,0.7,262725,1752124560
2025-07-10 10:47:00,PE,ATM-10,37.655305,6059775,24900.0,25414.6,0.75,0.75,0.7,0.7,182325,1752124620
2025-07-10 10:48:00,PE,ATM-10,37.386569,6172500,24900.0,25409.3,0.75,0.75,0.7,0.7,232575,1752124680
2025-07-10 10:49:00,PE,ATM-10,37.088015,6172500,24900.0,25403.55,0.7,0.75,0.7,0.7,1311675,1752124740
2025-07-10 10:50:00,PE,ATM-10,36.698855,6172500,24900.0,25396.4,0.7,0.75,0.7,0.7,528375,1752124800
2025-07-10 10:51:00,PE,ATM-10,36.662142,6054000,24900.0,25394.8,0.7,0.75,0.65,0.7,334575,1752124860
2025-07-10 10:52:00,PE,ATM-10,36.183592,6054000,24900.0,25386.3,0.7,0.75,0.65,0.7,436050,1752124920
2025-07-10 10:53:00,PE,ATM-10,36.071935,6054000,24900.0,25383.55,0.7,0.75,0.7,0.7,377400,1752124980
2025-07-10 10:54:00,PE,ATM-10,36.490633,6096300,24900.0,25389.05,0.7,0.75,0.7,0.7,240675,1752125040
2025-07-10 10:55:00,PE,ATM-10,36.53729,6096300,24900.0,25388.75,0.7,0.75,0.65,0.7,726450,1752125100
2025-07-10 10:56:00,PE,ATM-10,36.589006,6096300,24900.0,25383.55,0.75,0.75,0.7,0.75,316125,1752125160
2025-07-10 10:57:00,PE,ATM-10,36.919402,6077550,24900.0,25387.6,0.75,0.75,0.7,0.75,265725,1752125220
2025-07-10 10:58:00,PE,ATM-10,37.012974,6077550,24900.0,25388.0,0.7,0.75,0.7,0.75,242925,1752125280
2025-07-10 10:59:00,PE,ATM-10,36.814423,6077550,24900.0,25388.9,0.75,0.75,0.7,0.7,303525,1752125340
2025-07-10 11:00:00,PE,ATM-10,37.041162,6074175,24900.0,25386.35,0.75,0.8,0.7,0.75,276375,1752125400
2025-07-10 11:01:00,PE,ATM-10,37.158822,6074175,24900.0,25387.1,0.8,0.8,0.75,0.75,98850,1752125460
2025-07-10 11:02:00,PE,ATM-10,37.037149,6074175,24900.0,25384.2,0.75,0.8,0.75,0.75,80250,1752125520
2025-07-10 11:03:00,PE,ATM-10,37.178287,6057900,24900.0,25380.6,0.8,0.8,0.75,0.8,154800,1752125580
2025-07-10 11:04:00,PE,ATM-10,36.891532,6057900,24900.0,25379.9,0.8,0.8,0.75,0.75,163725,1752125640
2025-07-10 11:05:00,PE,ATM-10,37.500812,6057900,24900.0,25383.35,0.8,0.8,0.75,0.8,246225,1752125700
2025-07-10 11:06:00,PE,ATM-10,37.199433,6183450,24900.0,25382.45,0.8,0.8,0.75,0.75,327600,1752125760
2025-07-10 11:07:00,PE,ATM-10,36.830441,6183450,24900.0,25380.75,0.75,0.8,0.7,0.7,192300,1752125820
2025-07-10 11:08:00,PE,ATM-10,37.237357,6183450,24900.0,25380.9,0.7,0.75,0.7,0.75,413550,1752125880
2025-07-10 11:09:00,PE,ATM-10,37.244943,6293175,24900.0,25379.95,0.7,0.75,0.7,0.75,182400,1752125940
2025-07-10 11:10:00,PE,ATM-10,37.270176,6293175,24900.0,25384.2,0.75,0.75,0.7,0.7,52650,1752126000
2025-07-10 11:11:00,PE,ATM-10,37.779239,6293175,24900.0,25385.8,0.75,0.75,0.7,0.75,171300,1752126060
2025-07-10 11:12:00,PE,ATM-10,37.72301,6286125,24900.0,25388.85,0.75,0.75,0.65,0.7,299400,1752126120
2025-07-10 11:13:00,PE,ATM-10,38.012395,6286125,24900.0,25392.1,0.7,0.7,0.65,0.7,176100,1752126180
2025-07-10 11:14:00,PE,ATM-10,38.057342,6286125,24900.0,25397.0,0.7,0.7,0.6,0.65,387525,1752126240
2025-07-10 11:15:00,PE,ATM-10,38.337527,6310725,24900.0,25394.75,0.65,0.7,0.6,0.7,343275,1752126300
2025-07-10 11:16:00,PE,ATM-10,37.990423,6310725,24900.0,25393.75,0.7,0.7,0.65,0.65,176625,1752126360
2025-07-10 11:17:00,PE,ATM-10,37.882002,6310725,24900.0,25391.0,0.7,0.7,0.65,0.65,72825,1752126420
2025-07-10 11:18:00,PE,ATM-10,38.221304,6311925,24900.0,25389.65,0.65,0.7,0.65,0.7,200850,1752126480
2025-07-10 11:19:00,PE,ATM-10,37.747631,6311925,24900.0,25386.75,0.65,0.7,0.65,0.65,45750,1752126540
2025-07-10 11:20:00,PE,ATM-10,38.190864,6311925,24900.0,25386.95,0.7,0.7,0.65,0.7,143175,1752126600
2025-07-10 11:21:00,PE,ATM-10,37.491361,6249825,24900.0,25380.7,0.7,0.7,0.65,0.65,343425,1752126660
2025-07-10 11:22:00,PE,ATM-10,37.990912,6249825,24900.0,25381.75,0.65,0.7,0.65,0.7,98175,1752126720
2025-07-10 11:23:00,PE,ATM-10,40.251583,2221875,24850.0,25368.3,0.65,0.65,0.6,0.65,251400,1752126780
2025-07-10 11:24:00,PE,ATM-10,40.232102,2155275,24850.0,25366.8,0.6,0.65,0.6,0.65,139425,1752126840
2025-07-10 11:25:00,PE,ATM-10,40.344126,2155275,24850.0,25367.25,0.6,0.65,0.6,0.65,98625,1752126900
2025-07-10 11:26:00,PE,ATM-10,40.409306,2155275,24850.0,25372.9,0.6,0.6,0.55,0.6,151275,1752126960
2025-07-10 11:27:00,PE,ATM-10,38.285925,6287925,24900.0,25375.5,0.65,0.75,0.65,0.75,497400,1752127020
2025-07-10 11:28:00,PE,ATM-10,38.465148,6287925,24900.0,25376.95,0.75,0.75,0.7,0.75,70350,1752127080
2025-07-10 11:29:00,PE,ATM-10,38.572412,6287925,24900.0,25377.35,0.75,0.75,0.7,0.75,68625,1752127140
2025-07-10 11:30:00,PE,ATM-10,38.578249,6341625,24900.0,25381.2,0.75,0.75,0.7,0.7,279450,1752127200
2025-07-10 11:31:00,PE,ATM-10,38.547792,6341625,24900.0,25379.6,0.7,0.7,0.65,0.7,213900,1752127260
2025-07-10 11:32:00,PE,ATM-10,40.777956,2222175,24850.0,25370.9,0.65,0.65,0.6,0.6,112350,1752127320
2025-07-10 11:33:00,PE,ATM-10,38.539047,6326625,24900.0,25377.15,0.75,0.75,0.65,0.7,119325,1752127380
2025-07-10 11:34:00,PE,ATM-10,38.644671,6326625,24900.0,25377.5,0.7,0.7,0.65,0.7,115875,1752127440
2025-07-10 11:35:00,PE,ATM-10,41.087584,2248200,24850.0,25371.65,0.65,0.65,0.6,0.6,141300,1752127500
2025-07-10 11:36:00,PE,ATM-10,41.684421,2274975,24850.0,25373.15,0.6,0.65,0.6,0.65,99600,1752127560
2025-07-10 11:37:00,PE,ATM-10,41.870053,2274975,24850.0,25374.55,0.6,0.7,0.6,0.65,192225,1752127620
2025-07-10 11:38:00,PE,ATM-10,39.038367,6357600,24900.0,25378.4,0.75,0.75,0.7,0.7,56625,1752127680
2025-07-10 11:39:00,PE,ATM-10,39.030846,6351150,24900.0,25377.1,0.7,0.7,0.65,0.7,159150,1752127740
2025-07-10 11:40:00,PE,ATM-10,39.203507,6351150,24900.0,25378.35,0.65,0.7,0.65,0.7,53025,1752127800
2025-07-10 11:41:00,PE,ATM-10,39.034918,6351150,24900.0,25379.95,0.7,0.7,0.65,0.65,79350,1752127860
2025-07-10 11:42:00,PE,ATM-10,39.088421,6363975,24900.0,25379.5,0.7,0.7,0.65,0.65,73725,1752127920
2025-07-10 11:43:00,PE,ATM-10,39.033017,6363975,24900.0,25377.5,0.65,0.7,0.65,0.65,113400,1752127980
2025-07-10 11:44:00,PE,ATM-10,41.56694,2341575,24850.0,25373.25,0.55,0.6,0.55,0.55,63825,1752128040
2025-07-10 11:45:00,PE,ATM-10,42.175507,2315475,24850.0,25374.35,0.6,0.65,0.55,0.6,284700,1752128100
2025-07-10 11:46:00,PE,ATM-10,40.033971,6454125,24900.0,25382.7,0.7,0.7,0.65,0.7,87825,1752128160
2025-07-10 11:47:00,PE,ATM-10,40.134026,6454125,24900.0,25382.85,0.7,0.7,0.65,0.7,108450,1752128220
2025-07-10 11:48:00,PE,ATM-10,40.055251,6401100,24900.0,25380.5,0.7,0.7,0.65,0.7,76425,1752128280
2025-07-10 11:49:00,PE,ATM-10,39.685885,6401100,24900.0,25379.3,0.65,0.7,0.6,0.65,197550,1752128340
2025-07-10 11:50:00,PE,ATM-10,39.689656,6401100,24900.0,25378.1,0.65,0.65,0.6,0.65,57450,1752128400
2025-07-10 11:51:00,PE,ATM-10,39.192711,6355050,24900.0,25375.4,0.65,0.65,0.6,0.6,68025,1752128460
2025-07-10 11:52:00,PE,ATM-10,39.874197,6355050,24900.0,25378.15,0.6,0.65,0.6,0.65,107175,1752128520
2025-07-10 11:53:00,PE,ATM-10,40.106266,6355050,24900.0,25380.1,0.65,0.65,0.6,0.65,133275,1752128580
2025-07-10 11:54:00,PE,ATM-10,39.943494,6353700,24900.0,25382.1,0.6,0.65,0.6,0.6,50325,1752128640
2025-07-10 11:55:00,PE,ATM-10,40.01078,6353700,24900.0,25381.75,0.65,0.65,0.6,0.6,64350,1752128700
2025-07-10 11:56:00,PE,ATM-10,40.269135,6353700,24900.0,25378.5,0.6,0.65,0.6,0.65,102975,1752128760
2025-07-10 11:57:00,PE,ATM-10,40.235743,6374550,24900.0,25376.75,0.6,0.65,0.6,0.65,56175,1752128820
2025-07-10 11:58:00,PE,ATM-10,42.976732,2389275,24850.0,25374.15,0.55,0.6,0.55,0.55,87750,1752128880
2025-07-10 11:59:00,PE,ATM-10,43.158585,2389275,24850.0,25368.95,0.55,0.6,0.55,0.6,119100,1752128940
2025-07-10 12:00:00,PE,ATM-10,43.083635,2391600,24850.0,25372.8,0.6,0.6,0.55,0.55,231600,1752129000
2025-07-10 12:01:00,PE,ATM-10,42.177065,2391600,24850.0,25365.45,0.6,0.6,0.5,0.5,150900,1752129060
2025-07-10 12:02:00,PE,ATM-10,42.88315,2391600,24850.0,25367.15,0.5,0.55,0.5,0.55,149625,1752129120
2025-07-10 12:03:00,PE,ATM-10,42.56556,2354400,24850.0,25368.05,0.5,0.55,0.5,0.5,121350,1752129180
2025-07-10 12:04:00,PE,ATM-10,43.108199,2354400,24850.0,25367.4,0.5,0.55,0.5,0.55,83475,1752129240
2025-07-10 12:05:00,PE,ATM-10,43.212862,2354400,24850.0,25367.4,0.55,0.55,0.5,0.55,444375,1752129300
2025-07-10 12:06:00,PE,ATM-10,43.034725,2422125,24850.0,25363.5,0.55,0.6,0.55,0.55,239925,1752129360
2025-07-10 12:07:00,PE,ATM-10,43.299468,2422125,24850.0,25359.45,0.6,0.6,0.5,0.6,282975,1752129420
2025-07-10 12:08:00,PE,ATM-10,43.561068,2422125,24850.0,25361.55,0.6,0.6,0.55,0.6,334125,1752129480
2025-07-10 12:09:00,PE,ATM-10,43.827854,2427375,24850.0,25363.7,0.6,0.6,0.55,0.6,125550,1752129540
2025-07-10 12:10:00,PE,ATM-10,43.684954,2427375,24850.0,25360.3,0.6,0.6,0.55,0.6,109200,1752129600
2025-07-10 12:11:00,PE,ATM-10,43.319715,2427375,24850.0,25360.1,0.55,0.6,0.55,0.55,127725,1752129660
2025-07-10 12:12:00,PE,ATM-10,43.594832,2430975,24850.0,25362.35,0.55,0.6,0.5,0.55,100650,1752129720
2025-07-10 12:13:00,PE,ATM-10,44.174817,2430975,24850.0,25368.7,0.55,0.6,0.5,0.55,259650,1752129780
2025-07-10 12:14:00,PE,ATM-10,44.253648,2430975,24850.0,25368.25,0.5,0.55,0.5,0.55,76650,1752129840
2025-07-10 12:15:00,PE,ATM-10,44.385194,2422425,24850.0,25368.5,0.55,0.55,0.5,0.55,78750,1752129900
2025-07-10 12:16:00,PE,ATM-10,44.480453,2422425,24850.0,25368.25,0.5,0.55,0.5,0.55,71100,1752129960
2025-07-10 12:17:00,PE,ATM-10,44.01811,2422425,24850.0,25367.25,0.55,0.55,0.5,0.5,85725,1752130020
2025-07-10 12:18:00,PE,ATM-10,44.377144,2419500,24850.0,25370.55,0.55,0.55,0.5,0.5,59175,1752130080
2025-07-10 12:19:00,PE,ATM-10,42.623918,6461625,24900.0,25378.6,0.6,0.65,0.6,0.65,57825,1752130140
2025-07-10 12:20:00,PE,ATM-10,42.858898,6461625,24900.0,25380.2,0.65,0.65,0.6,0.65,63225,1752130200
2025-07-10 12:21:00,PE,ATM-10,42.607026,6461475,24900.0,25381.0,0.65,0.65,0.6,0.6,292200,1752130260
2025-07-10 12:22:00,PE,ATM-10,42.544617,6461475,24900.0,25384.65,0.55,0.6,0.55,0.55,79575,1752130320
2025-07-10 12:23:00,PE,ATM-10,43.389905,6461475,24900.0,25394.25,0.6,0.6,0.55,0.55,102225,1752130380
2025-07-10 12:24:00,PE,ATM-10,43.666362,6393150,24900.0,25396.35,0.6,0.6,0.55,0.55,184275,1752130440
2025-07-10 12:25:00,PE,ATM-10,43.810433,6393150,24900.0,25390.65,0.55,0.6,0.55,0.6,547725,1752130500
2025-07-10 12:26:00,PE,ATM-10,43.820423,6393150,24900.0,25389.25,0.6,0.6,0.55,0.6,214050,1752130560
2025-07-10 12:27:00,PE,ATM-10,43.602014,6441225,24900.0,25390.9,0.6,0.6,0.55,0.55,266175,1752130620
2025-07-10 12:28:00,PE,ATM-10,43.601471,6441225,24900.0,25389.35,0.55,0.6,0.55,0.55,44250,1752130680
2025-07-10 12:29:00,PE,ATM-10,44.769973,6441225,24900.0,25402.9,0.55,0.6,0.55,0.55,217125,1752130740
2025-07-10 12:30:00,PE,ATM-10,45.50806,6506025,24900.0,25404.65,0.55,0.6,0.55,0.6,210000,1752130800
2025-07-10 12:31:00,PE,ATM-10,44.781583,6506025,24900.0,25399.85,0.6,0.6,0.55,0.55,101850,1752130860
2025-07-10 12:32:00,PE,ATM-10,45.089996,6506025,24900.0,25402.2,0.55,0.6,0.5,0.55,275775,1752130920
2025-07-10 12:33:00,PE,ATM-10,44.587146,6552450,24900.0,25394.15,0.55,0.55,0.5,0.55,151200,1752130980
2025-07-10 12:34:00,PE,ATM-10,45.14873,6552450,24900.0,25399.7,0.55,0.55,0.5,0.55,177225,1752131040
2025-07-10 12:35:00,PE,ATM-10,45.179797,6552450,24900.0,25405.05,0.55,0.55,0.5,0.5,114300,1752131100
2025-07-10 12:36:00,PE,ATM-10,45.285643,6560400,24900.0,25404.75,0.5,0.55,0.5,0.5,125025,1752131160
2025-07-10 12:37:00,PE,ATM-10,46.066913,6560400,24900.0,25406.4,0.5,0.55,0.5,0.55,131175,1752131220
2025-07-10 12:38:00,PE,ATM-10,45.73983,6560400,24900.0,25407.2,0.55,0.55,0.5,0.5,442125,1752131280
2025-07-10 12:39:00,PE,ATM-10,46.465755,6630375,24900.0,25408.05,0.5,0.55,0.5,0.55,279450,1752131340
2025-07-10 12:40:00,PE,ATM-10,45.754673,6630375,24900.0,25404.0,0.55,0.55,0.45,0.5,172725,1752131400
2025-07-10 12:41:00,PE,ATM-10,45.639711,6630375,24900.0,25400.85,0.45,0.5,0.45,0.5,106500,1752131460
2025-07-10 12:42:00,PE,ATM-10,45.5801,6690975,24900.0,25398.4,0.45,0.5,0.45,0.5,86775,1752131520
2025-07-10 12:43:00,PE,ATM-10,45.228887,6690975,24900.0,25392.3,0.5,0.5,0.45,0.5,170625,1752131580
2025-07-10 12:44:00,PE,ATM-10,44.577756,6690975,24900.0,25389.45,0.45,0.5,0.45,0.45,88875,1752131640
2025-07-10 12:45:00,PE,ATM-10,44.612675,6770925,24900.0,25388.2,0.45,0.5,0.45,0.45,57750,1752131700
2025-07-10 12:46:00,PE,ATM-10,45.526611,6770925,24900.0,25390.9,0.5,0.5,0.45,0.5,98625,1752131760
2025-07-10 12:47:00,PE,ATM-10,45.540226,6770925,24900.0,25389.35,0.45,0.5,0.45,0.5,51600,1752131820
2025-07-10 12:48:00,PE,ATM-10,45.542125,6818400,24900.0,25387.65,0.5,0.5,0.45,0.5,63825,1752131880
2025-07-10 12:49:00,PE,ATM-10,46.090135,6818400,24900.0,25392.65,0.45,0.5,0.45,0.5,76350,1752131940
2025-07-10 12:50:00,PE,ATM-10,45.549106,6818400,24900.0,25391.25,0.5,0.5,0.45,0.45,118425,1752132000
2025-07-10 12:51:00,PE,ATM-10,46.341434,6811650,24900.0,25392.2,0.5,0.5,0.45,0.5,67350,1752132060
2025-07-10 12:52:00,PE,ATM-10,46.567209,6811650,24900.0,25400.25,0.5,0.5,0.45,0.45,642300,1752132120
2025-07-10 12:53:00,PE,ATM-10,47.026097,6811650,24900.0,25396.95,0.5,0.5,0.4,0.5,818250,1752132180
2025-07-10 12:54:00,PE,ATM-10,46.506603,6792525,24900.0,25388.85,0.45,0.5,0.45,0.5,89925,1752132240
2025-07-10 12:55:00,PE,ATM-10,46.32528,6792525,24900.0,25391.85,0.5,0.5,0.4,0.45,259650,1752132300
2025-07-10 12:56:00,PE,ATM-10,46.54094,6792525,24900.0,25392.65,0.45,0.45,0.4,0.45,78600,1752132360
2025-07-10 12:57:00,PE,ATM-10,46.717172,6783600,24900.0,25392.95,0.45,0.45,0.4,0.45,390225,1752132420
2025-07-10 12:58:00,PE,ATM-10,47.421159,6783600,24900.0,25399.6,0.45,0.5,0.4,0.45,448425,1752132480
2025-07-10 12:59:00,PE,ATM-10,48.255109,6783600,24900.0,25400.6,0.5,0.5,0.45,0.5,85125,1752132540
2025-07-10 13:00:00,PE,ATM-10,47.998489,6832500,24900.0,25395.65,0.45,0.5,0.45,0.5,111450,1752132600
2025-07-10 13:01:00,PE,ATM-10,46.739071,6832500,24900.0,25393.45,0.45,0.5,0.4,0.4,494400,1752132660
2025-07-10 13:02:00,PE,ATM-10,47.543919,6832500,24900.0,25393.5,0.4,0.45,0.4,0.45,99225,1752132720
2025-07-10 13:03:00,PE,ATM-10,47.616417,6827850,24900.0,25392.45,0.45,0.45,0.4,0.45,53025,1752132780
2025-07-10 13:04:00,PE,ATM-10,46.951928,6827850,24900.0,25390.3,0.45,0.45,0.4,0.4,37125,1752132840
2025-07-10 13:05:00,PE,ATM-10,47.403306,6827850,24900.0,25386.1,0.4,0.45,0.4,0.45,91575,1752132900
2025-07-10 13:06:00,PE,ATM-10,47.353823,6781125,24900.0,25383.6,0.45,0.45,0.4,0.45,55350,1752132960
2025-07-10 13:07:00,PE,ATM-10,47.038526,6781125,24900.0,25385.55,0.45,0.45,0.4,0.4,63150,1752133020
2025-07-10 13:08:00,PE,ATM-10,47.435883,6781125,24900.0,25380.7,0.45,0.5,0.4,0.45,864750,1752133080
2025-07-10 13:09:00,PE,ATM-10,47.594745,6756525,24900.0,25380.6,0.5,0.5,0.45,0.45,85275,1752133140
2025-07-10 13:10:00,PE,ATM-10,48.421013,6756525,24900.0,25381.25,0.5,0.5,0.45,0.5,326100,1752133200
2025-07-10 13:11:00,PE,ATM-10,48.09593,6756525,24900.0,25382.45,0.5,0.5,0.45,0.45,116100,1752133260
2025-07-10 13:12:00,PE,ATM-10,49.148667,6756525,24900.0,25385.55,0.45,0.5,0.45,0.5,72750,1752133320
2025-07-10 13:13:00,PE,ATM-10,49.075392,6827025,24900.0,25382.7,0.5,0.5,0.45,0.5,33750,1752133380
2025-07-10 13:14:00,PE,ATM-10,49.21505,6827025,24900.0,25382.25,0.5,0.5,0.45,0.5,54375,1752133440
2025-07-10 13:15:00,PE,ATM-10,48.77068,6827025,24900.0,25382.1,0.5,0.5,0.45,0.45,33600,1752133500
2025-07-10 13:16:00,PE,ATM-10,50.274812,6792825,24900.0,25383.6,0.45,0.55,0.45,0.55,489675,1752133560
2025-07-10 13:17:00,PE,ATM-10,49.179673,6792825,24900.0,25382.6,0.55,0.55,0.45,0.45,96375,1752133620
2025-07-10 13:18:00,PE,ATM-10,49.997846,6792825,24900.0,25389.7,0.5,0.5,0.45,0.45,312300,1752133680
2025-07-10 13:19:00,PE,ATM-10,50.68371,6791400,24900.0,25395.25,0.5,0.5,0.45,0.45,368250,1752133740
2025-07-10 13:20:00,PE,ATM-10,51.676558,6791400,24900.0,25397.05,0.5,0.5,0.45,0.5,115800,1752133800
2025-07-10 13:21:00,PE,ATM-10,51.966839,6791400,24900.0,25398.05,0.5,0.5,0.45,0.5,198000,1752133860
2025-07-10 13:22:00,PE,ATM-10,51.119293,6779475,24900.0,25393.55,0.45,0.5,0.45,0.45,43275,1752133920
2025-07-10 13:23:00,PE,ATM-10,51.737017,6779475,24900.0,25391.1,0.45,0.5,0.45,0.5,62250,1752133980
2025-07-10 13:24:00,PE,ATM-10,51.012245,6779475,24900.0,25387.95,0.5,0.5,0.45,0.45,87225,1752134040
2025-07-10 13:25:00,PE,ATM-10,51.741642,6766050,24900.0,25386.7,0.5,0.5,0.45,0.5,109125,1752134100
2025-07-10 13:26:00,PE,ATM-10,51.057873,6766050,24900.0,25384.0,0.5,0.5,0.45,0.45,42750,1752134160
2025-07-10 13:27:00,PE,ATM-10,52.383414,6766050,24900.0,25389.1,0.45,0.5,0.45,0.5,187050,1752134220
2025-07-10 13:28:00,PE,ATM-10,52.60657,6777750,24900.0,25389.2,0.5,0.5,0.45,0.5,204450,1752134280
2025-07-10 13:29:00,PE,ATM-10,52.295144,6777750,24900.0,25390.55,0.5,0.5,0.45,0.45,166200,1752134340
2025-07-10 13:30:00,PE,ATM-10,53.044062,6777750,24900.0,25396.25,0.45,0.5,0.45,0.45,203625,1752134400
2025-07-10 13:31:00,PE,ATM-10,52.975609,6770925,24900.0,25393.15,0.5,0.5,0.45,0.45,207450,1752134460
2025-07-10 13:32:00,PE,ATM-10,51.934076,6770925,24900.0,25387.3,0.45,0.45,0.4,0.4,348225,1752134520
2025-07-10 13:33:00,PE,ATM-10,53.297991,6770925,24900.0,25391.8,0.4,0.45,0.4,0.45,65475,1752134580
2025-07-10 13:34:00,PE,ATM-10,53.422343,6684225,24900.0,25390.7,0.45,0.45,0.4,0.45,109650,1752134640
2025-07-10 13:35:00,PE,ATM-10,52.888924,6684225,24900.0,25390.3,0.4,0.45,0.4,0.4,178800,1752134700
2025-07-10 13:36:00,PE,ATM-10,53.015685,6684225,24900.0,25389.2,0.4,0.45,0.4,0.4,81075,1752134760
2025-07-10 13:37:00,PE,ATM-10,53.952112,6626700,24900.0,25388.9,0.4,0.45,0.4,0.45,39150,1752134820
2025-07-10 13:38:00,PE,ATM-10,53.342602,6626700,24900.0,25387.7,0.4,0.45,0.4,0.4,42525,1752134880
2025-07-10 13:39:00,PE,ATM-10,53.466584,6626700,24900.0,25386.5,0.4,0.45,0.4,0.4,32925,1752134940
2025-07-10 13:40:00,PE,ATM-10,53.471964,6626400,24900.0,25384.05,0.45,0.45,0.4,0.4,293400,1752135000
2025-07-10 13:41:00,PE,ATM-10,54.249494,6626400,24900.0,25381.95,0.4,0.45,0.4,0.45,105150,1752135060
2025-07-10 13:42:00,PE,ATM-10,53.939351,6626400,24900.0,25383.8,0.4,0.45,0.4,0.4,46500,1752135120
2025-07-10 13:43:00,PE,ATM-10,53.700242,6751500,24900.0,25378.8,0.4,0.45,0.4,0.4,95850,1752135180
2025-07-10 13:44:00,PE,ATM-10,57.012157,2539200,24850.0,25367.6,0.4,0.45,0.35,0.35,408300,1752135240
2025-07-10 13:45:00,PE,ATM-10,56.193011,2539200,24850.0,25366.25,0.4,0.4,0.3,0.3,640800,1752135300
2025-07-10 13:46:00,PE,ATM-10,56.216392,2588550,24850.0,25363.7,0.35,0.35,0.3,0.3,143100,1752135360
2025-07-10 13:47:00,PE,ATM-10,57.678079,2588550,24850.0,25366.0,0.35,0.35,0.3,0.35,135525,1752135420
2025-07-10 13:48:00,PE,ATM-10,57.264714,2588550,24850.0,25368.85,0.3,0.35,0.3,0.3,111525,1752135480
2025-07-10 13:49:00,PE,ATM-10,55.168396,6742425,24900.0,25377.8,0.35,0.4,0.35,0.4,115125,1752135540
2025-07-10 13:50:00,PE,ATM-10,56.142699,6742425,24900.0,25384.7,0.35,0.4,0.35,0.4,87450,1752135600
2025-07-10 13:51:00,PE,ATM-10,56.200975,6742425,24900.0,25382.5,0.4,0.4,0.35,0.4,242625,1752135660
2025-07-10 13:52:00,PE,ATM-10,55.45847,6733950,24900.0,25380.75,0.4,0.4,0.35,0.35,194325,1752135720
2025-07-10 13:53:00,PE,ATM-10,55.544733,6733950,24900.0,25378.8,0.4,0.4,0.35,0.35,222450,1752135780
2025-07-10 13:54:00,PE,ATM-10,55.653749,6733950,24900.0,25377.05,0.35,0.4,0.35,0.35,33525,1752135840
2025-07-10 13:55:00,PE,ATM-10,55.893969,6774825,24900.0,25376.55,0.4,0.4,0.35,0.35,74250,1752135900
2025-07-10 13:56:00,PE,ATM-10,56.221031,6774825,24900.0,25376.85,0.4,0.4,0.35,0.35,43125,1752135960
2025-07-10 13:57:00,PE,ATM-10,60.297899,2496600,24850.0,25372.1,0.35,0.35,0.3,0.3,108900,1752136020
2025-07-10 13:58:00,PE,ATM-10,60.30644,2461125,24850.0,25359.1,0.35,0.35,0.3,0.35,84375,1752136080
2025-07-10 13:59:00,PE,ATM-10,61.187248,2461125,24850.0,25374.35,0.35,0.35,0.3,0.3,158025,1752136140
2025-07-10 14:00:00,PE,ATM-10,56.572416,6771900,24900.0,25377.75,0.35,0.35,0.3,0.3,53475,1752136200
2025-07-10 14:01:00,PE,ATM-10,57.077326,6758625,24900.0,25379.55,0.35,0.35,0.3,0.3,58800,1752136260
2025-07-10 14:02:00,PE,ATM-10,58.572971,6758625,24900.0,25381.25,0.3,0.35,0.3,0.35,171900,1752136320
2025-07-10 14:03:00,PE,ATM-10,58.681212,6758625,24900.0,25388.55,0.35,0.35,0.3,0.3,70650,1752136380
2025-07-10 14:04:00,PE,ATM-10,58.435606,6735975,24900.0,25383.05,0.3,0.35,0.3,0.3,53625,1752136440
2025-07-10 14:05:00,PE,ATM-10,60.189502,6735975,24900.0,25396.25,0.3,0.35,0.3,0.3,49350,1752136500
2025-07-10 14:06:00,PE,ATM-10,63.512902,6735975,24900.0,25423.95,0.35,0.35,0.3,0.3,294300,1752136560
2025-07-10 14:07:00,PE,ATM-10,65.046276,6681150,24900.0,25424.55,0.35,0.35,0.3,0.35,277800,1752136620
2025-07-10 14:08:00,PE,ATM-10,62.950618,6681150,24900.0,25411.65,0.35,0.35,0.3,0.3,465000,1752136680
2025-07-10 14:09:00,PE,ATM-10,62.835847,6681150,24900.0,25407.05,0.35,0.35,0.3,0.3,179100,1752136740
2025-07-10 14:10:00,PE,ATM-10,63.347456,6659025,24900.0,25408.15,0.35,0.35,0.3,0.3,340875,1752136800
2025-07-10 14:11:00,PE,ATM-10,62.281333,6659025,24900.0,25406.0,0.3,0.35,0.25,0.25,544350,1752136860
2025-07-10 14:12:00,PE,ATM-10,62.242931,6659025,24900.0,25391.0,0.3,0.3,0.25,0.3,186300,1752136920
2025-07-10 14:13:00,PE,ATM-10,61.384015,6738225,24900.0,25390.6,0.25,0.3,0.25,0.25,158325,1752136980
2025-07-10 14:14:00,PE,ATM-10,62.158738,6738225,24900.0,25393.95,0.25,0.3,0.25,0.25,141975,1752137040
2025-07-10 14:15:00,PE,ATM-10,62.694256,6738225,24900.0,25395.05,0.25,0.3,0.25,0.25,152100,1752137100
2025-07-10 14:16:00,PE,ATM-10,64.839546,6761775,24900.0,25399.2,0.3,0.3,0.25,0.3,191025,1752137160
2025-07-10 14:17:00,PE,ATM-10,62.928035,6761775,24900.0,25402.6,0.3,0.3,0.2,0.2,415650,1752137220
2025-07-10 14:18:00,PE,ATM-10,63.060792,6761775,24900.0,25399.9,0.25,0.25,0.2,0.2,159825,1752137280
2025-07-10 14:19:00,PE,ATM-10,63.649336,6683775,24900.0,25401.2,0.25,0.25,0.2,0.2,296700,1752137340
2025-07-10 14:20:00,PE,ATM-10,65.557827,6683775,24900.0,25400.8,0.25,0.25,0.2,0.25,197475,1752137400
2025-07-10 14:21:00,PE,ATM-10,66.478866,6683775,24900.0,25404.65,0.25,0.25,0.2,0.25,302625,1752137460
2025-07-10 14:22:00,PE,ATM-10,65.312868,6585675,24900.0,25403.6,0.2,0.25,0.2,0.2,145875,1752137520
2025-07-10 14:23:00,PE,ATM-10,66.646703,6585675,24900.0,25397.75,0.2,0.3,0.2,0.25,565650,1752137580
2025-07-10 14:24:00,PE,ATM-10,67.500756,6585675,24900.0,25400.7,0.25,0.3,0.25,0.25,126525,1752137640
2025-07-10 14:25:00,PE,ATM-10,68.323544,6573750,24900.0,25403.25,0.25,0.3,0.25,0.25,88350,1752137700
2025-07-10 14:26:00,PE,ATM-10,69.368547,6573750,24900.0,25407.5,0.25,0.3,0.25,0.25,89025,1752137760
2025-07-10 14:27:00,PE,ATM-10,69.569175,6573750,24900.0,25404.65,0.25,0.3,0.25,0.25,86475,1752137820
2025-07-10 14:28:00,PE,ATM-10,71.934524,6576000,24900.0,25408.05,0.3,0.3,0.25,0.3,148125,1752137880
2025-07-10 14:29:00,PE,ATM-10,72.93593,6576000,24900.0,25411.35,0.3,0.3,0.25,0.3,165825,1752137940
2025-07-10 14:30:00,PE,ATM-10,71.428779,6576000,24900.0,25405.8,0.25,0.3,0.25,0.25,255375,1752138000
2025-07-10 14:31:00,PE,ATM-10,71.716139,6622725,24900.0,25403.3,0.25,0.3,0.25,0.25,344700,1752138060
2025-07-10 14:32:00,PE,ATM-10,72.070634,6622725,24900.0,25401.25,0.25,0.3,0.2,0.25,124950,1752138120
2025-07-10 14:33:00,PE,ATM-10,72.808429,6622725,24900.0,25402.1,0.25,0.25,0.2,0.25,92175,1752138180
2025-07-10 14:34:00,PE,ATM-10,75.522246,6650550,24900.0,25406.8,0.25,0.3,0.25,0.3,170025,1752138240
2025-07-10 14:35:00,PE,ATM-10,74.96676,6650550,24900.0,25408.6,0.3,0.3,0.25,0.25,110775,1752138300
2025-07-10 14:36:00,PE,ATM-10,77.207495,6650550,24900.0,25409.05,0.25,0.3,0.25,0.3,123975,1752138360
2025-07-10 14:37:00,PE,ATM-10,77.689007,6646350,24900.0,25407.25,0.25,0.3,0.25,0.3,152775,1752138420
2025-07-10 14:38:00,PE,ATM-10,78.166137,6646350,24900.0,25405.3,0.3,0.3,0.25,0.3,96375,1752138480
2025-07-10 14:39:00,PE,ATM-10,78.604652,6646350,24900.0,25402.95,0.3,0.3,0.25,0.3,136950,1752138540
2025-07-10 14:40:00,PE,ATM-10,78.335438,6656700,24900.0,25406.5,0.25,0.3,0.25,0.25,70350,1752138600
2025-07-10 14:41:00,PE,ATM-10,78.819224,6656700,24900.0,25404.25,0.3,0.3,0.25,0.25,97275,1752138660
2025-07-10 14:42:00,PE,ATM-10,81.823025,6656700,24900.0,25408.6,0.3,0.3,0.25,0.3,88050,1752138720
2025-07-10 14:43:00,PE,ATM-10,82.244045,6645900,24900.0,25405.5,0.3,0.3,0.25,0.3,58950,1752138780
2025-07-10 14:44:00,PE,ATM-10,83.538016,6645900,24900.0,25408.3,0.3,0.3,0.25,0.3,111450,1752138840
2025-07-10 14:45:00,PE,ATM-10,82.922316,6645900,24900.0,25408.95,0.3,0.3,0.25,0.25,457350,1752138900
2025-07-10 14:46:00,PE,ATM-10,85.206827,6729300,24900.0,25406.9,0.3,0.3,0.25,0.3,116625,1752138960
2025-07-10 14:47:00,PE,ATM-10,85.696744,6729300,24900.0,25403.6,0.3,0.3,0.25,0.3,107625,1752139020
2025-07-10 14:48:00,PE,ATM-10,85.457644,2760075,24850.0,25368.65,0.3,0.3,0.2,0.2,385875,1752139080
2025-07-10 14:49:00,PE,ATM-10,81.918133,6758550,24900.0,25388.95,0.25,0.3,0.2,0.2,344025,1752139140
2025-07-10 14:50:00,PE,ATM-10,85.361768,6758550,24900.0,25392.05,0.2,0.25,0.2,0.25,187950,1752139200
2025-07-10 14:51:00,PE,ATM-10,84.013644,6758550,24900.0,25389.1,0.25,0.25,0.2,0.2,154875,1752139260
2025-07-10 14:52:00,PE,ATM-10,0.0,6669600,24900.0,25386.75,0.25,0.25,0.2,0.2,60300,1752139320
2025-07-10 14:53:00,PE,ATM-10,87.851193,6669600,24900.0,25386.4,0.2,0.25,0.2,0.25,120675,1752139380
2025-07-10 14:54:00,PE,ATM-10,88.956999,6669600,24900.0,25385.75,0.2,0.25,0.2,0.25,86250,1752139440
2025-07-10 14:55:00,PE,ATM-10,91.022085,6730575,24900.0,25390.65,0.2,0.25,0.2,0.25,73500,1752139500
2025-07-10 14:56:00,PE,ATM-10,0.0,6730575,24900.0,25387.85,0.25,0.25,0.2,0.25,105300,1752139560
2025-07-10 14:57:00,PE,ATM-10,89.867841,6730575,24900.0,25380.3,0.25,0.25,0.2,0.2,105150,1752139620
2025-07-10 14:58:00,PE,ATM-10,88.694978,6773400,24900.0,25380.5,0.2,0.2,0.15,0.15,257100,1752139680
2025-07-10 14:59:00,PE,ATM-10,0.0,2758200,24850.0,25363.2,0.15,0.2,0.15,0.2,134925,1752139740
2025-07-10 15:00:00,PE,ATM-10,0.0,2758200,24850.0,25347.75,0.15,0.2,0.1,0.2,1434900,1752139800
2025-07-10 15:01:00,PE,ATM-10,0.0,2782275,24850.0,25362.65,0.2,0.2,0.15,0.15,210675,1752139860
2025-07-10 15:02:00,PE,ATM-10,0.0,2782275,24850.0,25351.4,0.2,0.2,0.1,0.15,327075,1752139920
2025-07-10 15:03:00,PE,ATM-10,0.0,2782275,24850.0,25352.15,0.15,0.15,0.1,0.15,122550,1752139980
2025-07-10 15:04:00,PE,ATM-10,0.0,2711100,24850.0,25362.5,0.15,0.15,0.1,0.1,224175,1752140040
2025-07-10 15:05:00,PE,ATM-10,0.0,2711100,24850.0,25364.5,0.15,0.2,0.1,0.1,362025,1752140100
2025-07-10 15:06:00,PE,ATM-10,0.0,2711100,24850.0,25362.5,0.15,0.15,0.1,0.15,155025,1752140160
2025-07-10 15:07:00,PE,ATM-10,0.0,2536125,24850.0,25357.5,0.15,0.15,0.1,0.15,29550,1752140220
2025-07-10 15:08:00,PE,ATM-10,0.0,2536125,24850.0,25370.85,0.1,0.15,0.1,0.15,139650,1752140280
2025-07-10 15:09:00,PE,ATM-10,0.0,2536125,24850.0,25374.05,0.15,0.15,0.1,0.1,293775,1752140340
2025-07-10 15:10:00,PE,ATM-10,0.0,2571075,24850.0,25374.05,0.1,0.1,0.1,0.1,224250,1752140400
2025-07-10 15:11:00,PE,ATM-10,0.0,2571075,24850.0,25368.55,0.1,0.15,0.05,0.05,301950,1752140460
2025-07-10 15:12:00,PE,ATM-10,0.0,2571075,24850.0,25366.6,0.05,0.1,0.05,0.1,255750,1752140520
2025-07-10 15:13:00,PE,ATM-10,0.0,2493675,24850.0,25371.25,0.05,0.1,0.05,0.05,64350,1752140580
2025-07-10 15:14:00,PE,ATM-10,0.0,2493675,24850.0,25362.75,0.05,0.1,0.05,0.1,150075,1752140640
2025-07-10 15:15:00,PE,ATM-10,0.0,2493675,24850.0,25364.75,0.05,0.1,0.05,0.1,238425,1752140700
2025-07-10 15:16:00,PE,ATM-10,0.0,2386650,24850.0,25370.95,0.05,0.1,0.05,0.05,396750,1752140760
2025-07-10 15:17:00,PE,ATM-10,0.0,2386650,24850.0,25360.2,0.05,0.1,0.05,0.05,300225,1752140820
2025-07-10 15:18:00,PE,ATM-10,0.0,2386650,24850.0,25356.05,0.1,0.1,0.05,0.05,254925,1752140880
2025-07-10 15:19:00,PE,ATM-10,0.0,2032050,24850.0,25371.8,0.05,0.1,0.05,0.05,168375,1752140940
2025-07-10 15:20:00,PE,ATM-10,0.0,2032050,24850.0,25363.6,0.1,0.1,0.05,0.1,162300,1752141000
2025-07-10 15:21:00,PE,ATM-10,0.0,2032050,24850.0,25357.35,0.05,0.1,0.05,0.05,164175,1752141060
2025-07-10 15:22:00,PE,ATM-10,0.0,1976850,24850.0,25351.85,0.05,0.1,0.05,0.1,100950,1752141120
2025-07-10 15:23:00,PE,ATM-10,0.0,1976850,24850.0,25348.7,0.1,0.1,0.05,0.05,11625,1752141180
2025-07-10 15:24:00,PE,ATM-10,0.0,1976850,24850.0,25350.95,0.05,0.1,0.05,0.05,206250,1752141240
2025-07-10 15:25:00,PE,ATM-10,0.0,1962450,24850.0,25353.35,0.05,0.05,0.05,0.05,59025,1752141300
2025-07-10 15:26:00,PE,ATM-10,0.0,1962450,24850.0,25352.4,0.05,0.05,0.05,0.05,3900,1752141360
2025-07-10 15:27:00,PE,ATM-10,0.0,1962450,24850.0,25355.45,0.05,0.05,0.05,0.05,17175,1752141420
2025-07-10 15:28:00,PE,ATM-10,0.0,1933800,24850.0,25354.9,0.05,0.05,0.05,0.05,8700,1752141480
2025-07-10 15:29:00,PE,ATM-10,0.0,1933800,24850.0,25348.15,0.05,0.05,0.05,0.05,150,1752141540
