datetime,option_type,strike_relative,iv,oi,strike,spot,open,high,low,close,volume,timestamp
2025-04-21 09:15:00,CE,ATM,15.646007,5750250,24000.0,23983.6,140.0,144.0,124.3,144.0,2829825,1745207100
2025-04-21 09:16:00,CE,ATM,15.100895,5750250,24000.0,23995.9,144.35,155.0,140.5,145.4,2850600,1745207160
2025-04-21 09:17:00,CE,ATM,15.4568,5750250,24000.0,23989.45,145.3,149.45,142.35,145.25,1929525,1745207220
2025-04-21 09:18:00,CE,ATM,15.602133,1462725,23950.0,23966.45,170.45,170.45,160.55,160.55,667650,1745207280
2025-04-21 09:19:00,CE,ATM,16.15254,1462725,23950.0,23960.4,160.45,166.05,158.05,162.2,687150,1745207340
2025-04-21 09:20:00,CE,ATM,16.070435,1462725,23950.0,23953.2,162.65,166.9,156.95,157.6,805275,1745207400
2025-04-21 09:21:00,CE,ATM,16.891004,2016300,23950.0,23933.1,158.7,159.8,149.3,154.55,797925,1745207460
2025-04-21 09:22:00,CE,ATM,17.00766,2669325,23900.0,23908.55,178.0,178.0,165.35,168.5,813450,1745207520
2025-04-21 09:23:00,CE,ATM,17.128372,2669325,23900.0,23923.75,169.55,179.15,169.55,177.8,709350,1745207580
2025-04-21 09:24:00,CE,ATM,16.3734,2441925,23950.0,23968.35,152.9,173.7,152.4,168.4,1465950,1745207640
2025-04-21 09:25:00,CE,ATM,16.438542,2441925,23950.0,23962.05,166.7,172.25,158.4,165.55,1037400,1745207700
2025-04-21 09:26:00,CE,ATM,16.76317,2441925,23950.0,23937.5,162.7,165.0,154.1,155.55,635775,1745207760
2025-04-21 09:27:00,CE,ATM,16.494898,2806050,23950.0,23929.9,152.75,156.0,149.25,149.25,567525,1745207820
2025-04-21 09:28:00,CE,ATM,16.300709,2806050,23950.0,23946.3,149.05,155.9,149.05,155.9,345825,1745207880
2025-04-21 09:29:00,CE,ATM,15.987754,2806050,23950.0,23959.3,157.6,168.7,157.0,159.95,961800,1745207940
2025-04-21 09:30:00,CE,ATM,16.550519,3110025,23950.0,23934.15,159.7,160.85,150.3,151.85,645900,1745208000
2025-04-21 09:31:00,CE,ATM,16.011729,3110025,23950.0,23964.25,151.15,162.8,147.75,162.8,819225,1745208060
2025-04-21 09:32:00,CE,ATM,15.64144,3110025,23950.0,23965.7,164.0,164.0,151.75,160.25,689775,1745208120
2025-04-21 09:33:00,CE,ATM,15.55387,9507525,24000.0,23977.55,137.55,147.65,135.55,139.8,1931400,1745208180
2025-04-21 09:34:00,CE,ATM,15.669149,9507525,24000.0,23983.15,140.15,145.0,138.95,143.65,1082100,1745208240
2025-04-21 09:35:00,CE,ATM,15.526047,9507525,24000.0,23988.45,145.0,146.5,141.4,145.05,1320900,1745208300
2025-04-21 09:36:00,CE,ATM,15.737208,8983650,24000.0,23992.35,144.35,158.8,144.35,148.95,3491625,1745208360
2025-04-21 09:37:00,CE,ATM,15.482373,8983650,24000.0,23995.55,149.0,156.7,147.3,148.3,1837500,1745208420
2025-04-21 09:38:00,CE,ATM,15.499874,8983650,24000.0,24007.2,147.4,156.6,147.4,154.6,1464450,1745208480
2025-04-21 09:39:00,CE,ATM,15.918812,8972175,24000.0,24021.85,155.45,170.0,153.5,166.3,3309900,1745208540
2025-04-21 09:40:00,CE,ATM,15.915778,8972175,24000.0,24021.75,168.6,168.6,160.0,166.2,1917825,1745208600
2025-04-21 09:41:00,CE,ATM,15.973966,8972175,24000.0,24013.5,165.9,165.95,159.7,162.2,1260825,1745208660
2025-04-21 09:42:00,CE,ATM,16.217729,8966700,24000.0,24012.35,162.85,166.1,158.35,163.75,1062750,1745208720
2025-04-21 09:43:00,CE,ATM,16.185349,8966700,24000.0,24019.45,162.75,168.45,162.75,167.3,1442550,1745208780
2025-04-21 09:44:00,CE,ATM,16.128854,1966950,24050.0,24030.0,142.7,151.05,142.1,146.35,1174425,1745208840
2025-04-21 09:45:00,CE,ATM,15.961472,8783400,24000.0,24017.15,170.65,170.65,160.0,164.0,1416225,1745208900
2025-04-21 09:46:00,CE,ATM,16.215866,8783400,24000.0,24005.8,163.95,165.15,151.0,160.15,1755750,1745208960
2025-04-21 09:47:00,CE,ATM,16.15969,8783400,24000.0,24006.5,157.2,162.5,157.2,160.0,783675,1745209020
2025-04-21 09:48:00,CE,ATM,16.190325,8817450,24000.0,23989.6,158.7,158.7,148.4,151.4,1447275,1745209080
2025-04-21 09:49:00,CE,ATM,16.141884,8817450,24000.0,23994.15,152.2,155.8,151.85,153.3,722700,1745209140
2025-04-21 09:50:00,CE,ATM,16.459456,8817450,24000.0,23984.35,154.2,157.75,150.25,151.1,910275,1745209200
2025-04-21 09:51:00,CE,ATM,16.614897,9174075,24000.0,24000.8,150.9,161.0,150.0,161.0,1140525,1745209260
2025-04-21 09:52:00,CE,ATM,16.424993,9174075,24000.0,24000.85,161.4,161.4,154.45,159.3,734175,1745209320
2025-04-21 09:53:00,CE,ATM,16.63152,9174075,24000.0,24003.9,160.45,165.45,160.45,162.75,1375200,1745209380
2025-04-21 09:54:00,CE,ATM,16.315899,9363075,24000.0,24015.65,163.35,166.2,162.0,166.2,871050,1745209440
2025-04-21 09:55:00,CE,ATM,16.406138,2495475,24050.0,24028.8,142.65,155.3,140.7,148.05,1455375,1745209500
2025-04-21 09:56:00,CE,ATM,16.525083,2495475,24050.0,24025.5,144.15,148.4,142.3,147.45,587175,1745209560
2025-04-21 09:57:00,CE,ATM,16.174877,2534775,24050.0,24027.65,147.45,151.8,145.35,145.35,513450,1745209620
2025-04-21 09:58:00,CE,ATM,16.359813,2534775,24050.0,24027.75,147.5,151.3,145.85,147.05,454200,1745209680
2025-04-21 09:59:00,CE,ATM,16.293573,2534775,24050.0,24031.55,146.75,150.0,146.75,148.35,319125,1745209740
2025-04-21 10:00:00,CE,ATM,16.173155,9253200,24000.0,24020.3,175.05,178.35,167.35,167.35,1287975,1745209800
2025-04-21 10:01:00,CE,ATM,16.174466,2703450,24050.0,24027.9,139.05,146.7,139.0,145.4,723900,1745209860
2025-04-21 10:02:00,CE,ATM,16.103386,2703450,24050.0,24030.4,144.9,148.8,142.65,146.0,388350,1745209920
2025-04-21 10:03:00,CE,ATM,16.315433,2779650,24050.0,24031.6,146.7,151.55,146.2,148.5,491850,1745209980
2025-04-21 10:04:00,CE,ATM,16.269573,2779650,24050.0,24051.3,149.0,163.95,148.2,158.25,1194750,1745210040
2025-04-21 10:05:00,CE,ATM,16.008324,2779650,24050.0,24048.2,158.55,158.55,151.6,154.25,820125,1745210100
2025-04-21 10:06:00,CE,ATM,16.311492,2787375,24050.0,24046.65,153.4,158.0,151.2,156.15,627075,1745210160
2025-04-21 10:07:00,CE,ATM,16.076973,2787375,24050.0,24053.45,156.75,162.8,156.5,157.6,918975,1745210220
2025-04-21 10:08:00,CE,ATM,16.074814,2787375,24050.0,24058.4,155.5,161.75,155.5,160.2,661800,1745210280
2025-04-21 10:09:00,CE,ATM,16.372277,2978925,24050.0,24057.55,161.15,164.85,159.5,162.4,559725,1745210340
2025-04-21 10:10:00,CE,ATM,16.400813,2978925,24050.0,24050.5,161.9,161.9,157.55,158.9,489075,1745210400
2025-04-21 10:11:00,CE,ATM,16.287548,2978925,24050.0,24045.8,158.1,159.6,155.05,155.4,396375,1745210460
2025-04-21 10:12:00,CE,ATM,16.228675,3059250,24050.0,24040.3,153.05,153.85,147.1,152.0,720225,1745210520
2025-04-21 10:13:00,CE,ATM,16.227201,3059250,24050.0,24043.55,153.0,155.55,151.0,153.65,374175,1745210580
2025-04-21 10:14:00,CE,ATM,16.038984,3059250,24050.0,24033.45,153.3,155.45,146.75,146.75,430275,1745210640
2025-04-21 10:15:00,CE,ATM,16.205384,3343425,24050.0,24032.8,143.85,149.0,143.85,147.9,542100,1745210700
2025-04-21 10:16:00,CE,ATM,15.873535,3343425,24050.0,24029.05,146.8,148.0,143.0,143.0,324600,1745210760
2025-04-21 10:17:00,CE,ATM,16.237881,8398275,24000.0,24024.35,168.2,169.85,160.1,169.85,1397325,1745210820
2025-04-21 10:18:00,CE,ATM,16.036326,8351025,24000.0,24021.75,170.1,170.5,164.85,166.6,486825,1745210880
2025-04-21 10:19:00,CE,ATM,15.793228,8351025,24000.0,24021.0,167.5,169.5,162.2,164.0,404100,1745210940
2025-04-21 10:20:00,CE,ATM,16.298053,3389400,24050.0,24029.45,139.35,147.95,137.85,146.95,488475,1745211000
2025-04-21 10:21:00,CE,ATM,15.850086,8719800,24000.0,24020.05,173.4,174.0,163.95,163.95,709875,1745211060
2025-04-21 10:22:00,CE,ATM,16.059912,8719800,24000.0,24015.0,161.85,164.4,158.0,163.05,943050,1745211120
2025-04-21 10:23:00,CE,ATM,15.7305,8719800,24000.0,24023.05,162.75,168.2,162.75,164.5,617925,1745211180
2025-04-21 10:24:00,CE,ATM,15.977154,8829750,24000.0,24010.7,165.25,168.7,158.15,159.95,577275,1745211240
2025-04-21 10:25:00,CE,ATM,16.127753,8829750,24000.0,24024.85,160.85,169.0,160.85,169.0,538725,1745211300
2025-04-21 10:26:00,CE,ATM,16.012854,8829750,24000.0,24022.3,168.8,168.9,162.95,166.55,441000,1745211360
2025-04-21 10:27:00,CE,ATM,15.921489,3824700,24050.0,24037.25,141.55,149.25,141.45,147.4,661800,1745211420
2025-04-21 10:28:00,CE,ATM,15.98557,3824700,24050.0,24040.25,146.6,149.5,143.7,149.5,630525,1745211480
2025-04-21 10:29:00,CE,ATM,15.581124,3824700,24050.0,24045.65,149.05,152.7,147.95,148.65,722250,1745211540
2025-04-21 10:30:00,CE,ATM,15.687868,3963375,24050.0,24044.9,149.3,151.9,148.7,149.2,437700,1745211600
2025-04-21 10:31:00,CE,ATM,15.530821,3963375,24050.0,24047.25,150.55,154.35,149.0,149.0,605400,1745211660
2025-04-21 10:32:00,CE,ATM,15.54358,3963375,24050.0,24050.3,148.55,154.5,148.0,150.7,469425,1745211720
2025-04-21 10:33:00,CE,ATM,15.815795,3899925,24050.0,24056.85,150.85,156.6,150.6,156.6,474900,1745211780
2025-04-21 10:34:00,CE,ATM,15.584061,3899925,24050.0,24057.4,155.35,156.95,153.6,154.8,432975,1745211840
2025-04-21 10:35:00,CE,ATM,15.357398,3899925,24050.0,24051.1,154.25,154.5,148.25,149.4,443925,1745211900
2025-04-21 10:36:00,CE,ATM,15.306575,3864975,24050.0,24060.6,149.8,154.75,149.7,154.0,362550,1745211960
2025-04-21 10:37:00,CE,ATM,15.113146,3864975,24050.0,24050.2,154.15,154.7,146.7,146.7,523725,1745212020
2025-04-21 10:38:00,CE,ATM,15.720128,3864975,24050.0,24053.65,148.65,153.95,146.65,153.95,309600,1745212080
2025-04-21 10:39:00,CE,ATM,15.856868,3852975,24050.0,24043.25,154.0,154.0,145.15,149.7,405375,1745212140
2025-04-21 10:40:00,CE,ATM,15.482817,3852975,24050.0,24050.65,149.65,150.95,148.1,150.2,219150,1745212200
2025-04-21 10:41:00,CE,ATM,15.462734,3852975,24050.0,24064.0,150.25,159.4,149.55,157.15,878250,1745212260
2025-04-21 10:42:00,CE,ATM,15.604133,3800400,24050.0,24062.9,156.6,158.9,153.55,157.8,556575,1745212320
2025-04-21 10:43:00,CE,ATM,15.237362,3800400,24050.0,24065.1,157.6,157.6,155.05,155.7,374100,1745212380
2025-04-21 10:44:00,CE,ATM,15.17844,3800400,24050.0,24067.65,154.6,157.5,152.65,156.55,354975,1745212440
2025-04-21 10:45:00,CE,ATM,15.399679,3886050,24050.0,24073.9,157.0,161.95,155.5,161.95,588825,1745212500
2025-04-21 10:46:00,CE,ATM,15.40577,3886050,24050.0,24072.75,161.0,163.0,157.9,161.35,740100,1745212560
2025-04-21 10:47:00,CE,ATM,15.282564,3886050,24050.0,24070.15,161.1,161.1,158.0,158.8,283650,1745212620
2025-04-21 10:48:00,CE,ATM,15.478812,5212875,24100.0,24075.15,133.05,138.9,130.7,137.25,618300,1745212680
2025-04-21 10:49:00,CE,ATM,15.576969,3835275,24050.0,24071.35,162.2,163.0,160.35,162.05,350025,1745212740
2025-04-21 10:50:00,CE,ATM,15.620492,5212875,24100.0,24086.85,135.85,144.4,135.85,144.4,1537350,1745212800
2025-04-21 10:51:00,CE,ATM,15.599594,4831950,24100.0,24095.95,142.95,151.0,142.95,148.9,1694625,1745212860
2025-04-21 10:52:00,CE,ATM,15.702207,4831950,24100.0,24092.0,149.35,152.0,146.3,147.75,1317600,1745212920
2025-04-21 10:53:00,CE,ATM,15.735287,4831950,24100.0,24091.75,147.9,149.4,147.1,147.9,577950,1745212980
2025-04-21 10:54:00,CE,ATM,15.571562,4948200,24100.0,24095.0,148.0,149.3,146.45,148.1,425025,1745213040
2025-04-21 10:55:00,CE,ATM,15.997361,4948200,24100.0,24094.8,147.55,153.0,147.55,151.8,943425,1745213100
2025-04-21 10:56:00,CE,ATM,15.653068,4948200,24100.0,24099.4,151.85,152.45,149.7,151.1,573075,1745213160
2025-04-21 10:57:00,CE,ATM,15.772291,5143275,24100.0,24098.35,151.65,152.75,148.85,151.6,651075,1745213220
2025-04-21 10:58:00,CE,ATM,15.49078,5143275,24100.0,24098.05,151.5,151.5,148.8,148.9,409200,1745213280
2025-04-21 10:59:00,CE,ATM,15.356354,5143275,24100.0,24099.9,149.3,151.0,147.45,148.65,457875,1745213340
2025-04-21 11:00:00,CE,ATM,15.322668,5141700,24100.0,24096.7,148.9,148.9,141.15,146.65,1044000,1745213400
2025-04-21 11:01:00,CE,ATM,15.210303,5141700,24100.0,24093.2,146.65,149.05,143.8,143.8,590625,1745213460
2025-04-21 11:02:00,CE,ATM,15.324013,5141700,24100.0,24090.2,143.3,143.35,140.15,143.25,676875,1745213520
2025-04-21 11:03:00,CE,ATM,15.345447,5290725,24100.0,24091.7,144.0,144.2,141.85,144.2,312300,1745213580
2025-04-21 11:04:00,CE,ATM,15.300706,5290725,24100.0,24095.2,143.75,147.3,143.6,145.6,438975,1745213640
2025-04-21 11:05:00,CE,ATM,15.507044,5290725,24100.0,24096.0,146.15,148.25,143.4,147.85,390600,1745213700
2025-04-21 11:06:00,CE,ATM,15.079158,5454375,24100.0,24093.8,147.0,147.0,141.45,142.85,380475,1745213760
2025-04-21 11:07:00,CE,ATM,14.981193,5454375,24100.0,24095.9,142.95,145.95,142.95,143.05,318525,1745213820
2025-04-21 11:08:00,CE,ATM,15.126075,5454375,24100.0,24102.3,142.5,149.85,142.25,147.7,614175,1745213880
2025-04-21 11:09:00,CE,ATM,15.061636,5522100,24100.0,24102.1,148.4,150.5,144.55,147.0,847725,1745213940
2025-04-21 11:10:00,CE,ATM,14.793781,5522100,24100.0,24101.75,145.9,151.3,144.4,144.4,680175,1745214000
2025-04-21 11:11:00,CE,ATM,14.953237,5522100,24100.0,24098.7,144.85,145.8,142.65,144.2,541575,1745214060
2025-04-21 11:12:00,CE,ATM,15.232226,5693925,24100.0,24100.35,145.25,148.7,144.5,147.55,402825,1745214120
2025-04-21 11:13:00,CE,ATM,15.233785,5693925,24100.0,24097.6,147.1,147.1,143.1,146.1,306150,1745214180
2025-04-21 11:14:00,CE,ATM,15.225353,5693925,24100.0,24110.0,146.65,152.75,146.65,152.6,973125,1745214240
2025-04-21 11:15:00,CE,ATM,14.989327,5594850,24100.0,24111.25,152.0,153.05,150.3,151.15,785775,1745214300
2025-04-21 11:16:00,CE,ATM,15.003991,5594850,24100.0,24109.65,149.95,152.1,149.6,150.4,488625,1745214360
2025-04-21 11:17:00,CE,ATM,15.258765,5594850,24100.0,24116.0,150.6,157.5,148.9,156.1,887250,1745214420
2025-04-21 11:18:00,CE,ATM,15.500218,5237550,24100.0,24119.5,155.7,161.6,155.7,160.15,1425750,1745214480
2025-04-21 11:19:00,CE,ATM,15.290502,5237550,24100.0,24124.9,160.25,161.25,157.3,161.25,698325,1745214540
2025-04-21 11:20:00,CE,ATM,14.862993,2733675,24150.0,24125.8,133.65,133.7,130.85,131.8,475950,1745214600
2025-04-21 11:21:00,CE,ATM,15.13117,5244975,24100.0,24123.1,158.8,159.85,157.05,158.8,371025,1745214660
2025-04-21 11:22:00,CE,ATM,14.95314,3013725,24150.0,24125.95,132.05,133.6,131.4,132.65,309375,1745214720
2025-04-21 11:23:00,CE,ATM,14.972965,5244975,24100.0,24122.0,159.4,163.15,156.75,156.75,800925,1745214780
2025-04-21 11:24:00,CE,ATM,14.681281,5264475,24100.0,24118.85,156.45,157.9,151.5,152.4,802200,1745214840
2025-04-21 11:25:00,CE,ATM,14.760828,3148350,24150.0,24128.2,126.7,132.0,126.7,132.0,355500,1745214900
2025-04-21 11:26:00,CE,ATM,14.672189,5264475,24100.0,24124.65,159.0,159.7,155.5,155.5,475500,1745214960
2025-04-21 11:27:00,CE,ATM,14.621993,3320625,24150.0,24129.65,129.0,131.5,128.5,131.45,222375,1745215020
2025-04-21 11:28:00,CE,ATM,14.64072,3320625,24150.0,24129.25,131.25,133.0,131.0,131.4,256950,1745215080
2025-04-21 11:29:00,CE,ATM,14.651151,3320625,24150.0,24125.1,131.15,131.15,128.0,129.4,306900,1745215140
2025-04-21 11:30:00,CE,ATM,14.515367,5446200,24100.0,24122.15,155.15,155.6,150.4,152.65,489675,1745215200
2025-04-21 11:31:00,CE,ATM,14.425589,5446200,24100.0,24112.9,152.7,153.75,146.75,146.75,719625,1745215260
2025-04-21 11:32:00,CE,ATM,14.607691,5446200,24100.0,24115.55,146.15,150.55,146.0,149.8,696375,1745215320
2025-04-21 11:33:00,CE,ATM,14.437895,5569800,24100.0,24119.6,150.25,151.3,148.65,150.5,380175,1745215380
2025-04-21 11:34:00,CE,ATM,14.033574,5569800,24100.0,24109.75,149.45,150.05,141.3,141.5,717375,1745215440
2025-04-21 11:35:00,CE,ATM,14.41973,5569800,24100.0,24112.75,142.2,147.0,141.5,146.55,500100,1745215500
2025-04-21 11:36:00,CE,ATM,14.447734,5814675,24100.0,24113.7,147.0,148.0,145.8,147.3,284100,1745215560
2025-04-21 11:37:00,CE,ATM,14.148491,5814675,24100.0,24100.55,149.25,149.25,137.55,137.55,778500,1745215620
2025-04-21 11:38:00,CE,ATM,14.277633,5814675,24100.0,24112.5,138.55,145.1,138.55,145.1,664275,1745215680
2025-04-21 11:39:00,CE,ATM,14.098597,5981625,24100.0,24113.8,144.55,144.9,142.15,144.2,364575,1745215740
2025-04-21 11:40:00,CE,ATM,14.308461,5981625,24100.0,24116.45,143.5,147.8,143.5,147.5,589425,1745215800
2025-04-21 11:41:00,CE,ATM,14.05523,5981625,24100.0,24112.55,146.75,146.75,142.15,143.1,421575,1745215860
2025-04-21 11:42:00,CE,ATM,14.108509,6238275,24100.0,24104.1,144.05,146.1,139.0,139.0,453900,1745215920
2025-04-21 11:43:00,CE,ATM,14.176787,6238275,24100.0,24105.05,139.15,142.4,138.5,140.1,455925,1745215980
2025-04-21 11:44:00,CE,ATM,14.326445,6238275,24100.0,24108.0,140.6,143.55,140.05,143.0,242775,1745216040
2025-04-21 11:45:00,CE,ATM,14.237144,6273675,24100.0,24111.35,143.3,144.1,141.1,144.0,288000,1745216100
2025-04-21 11:46:00,CE,ATM,14.37877,6273675,24100.0,24115.4,144.7,148.15,144.55,147.45,570225,1745216160
2025-04-21 11:47:00,CE,ATM,14.26673,6273675,24100.0,24113.5,147.8,147.8,145.3,145.4,312225,1745216220
2025-04-21 11:48:00,CE,ATM,14.105882,6273675,24100.0,24113.4,144.15,145.9,141.95,143.9,323400,1745216280
2025-04-21 11:49:00,CE,ATM,13.799604,6414225,24100.0,24111.45,143.15,143.75,140.1,140.1,280575,1745216340
2025-04-21 11:50:00,CE,ATM,14.060865,6414225,24100.0,24107.0,140.0,142.8,139.35,140.0,389175,1745216400
2025-04-21 11:51:00,CE,ATM,14.073868,6414225,24100.0,24117.2,140.05,146.3,140.05,145.65,450525,1745216460
2025-04-21 11:52:00,CE,ATM,14.096956,6408300,24100.0,24118.4,145.4,148.85,145.4,146.5,549900,1745216520
2025-04-21 11:53:00,CE,ATM,14.04283,6408300,24100.0,24122.0,146.95,148.85,146.6,148.0,318750,1745216580
2025-04-21 11:54:00,CE,ATM,13.85255,6408300,24100.0,24124.95,147.1,149.0,146.85,147.95,416325,1745216640
2025-04-21 11:55:00,CE,ATM,13.961618,3987150,24150.0,24128.2,123.05,125.0,123.05,124.35,321375,1745216700
2025-04-21 11:56:00,CE,ATM,13.98451,3987150,24150.0,24131.5,124.05,126.6,124.0,126.2,398025,1745216760
2025-04-21 11:57:00,CE,ATM,13.897222,4036125,24150.0,24142.9,126.3,131.25,126.3,131.25,716775,1745216820
2025-04-21 11:58:00,CE,ATM,13.837848,4036125,24150.0,24138.35,131.15,131.35,127.5,128.35,492900,1745216880
2025-04-21 11:59:00,CE,ATM,13.941887,4036125,24150.0,24135.2,128.7,128.75,126.1,127.65,292050,1745216940
2025-04-21 12:00:00,CE,ATM,13.788156,4042875,24150.0,24130.25,126.65,127.95,122.45,123.75,466500,1745217000
2025-04-21 12:01:00,CE,ATM,13.764227,4042875,24150.0,24134.65,123.0,126.5,123.0,125.75,323625,1745217060
2025-04-21 12:02:00,CE,ATM,13.623641,4042875,24150.0,24136.65,125.7,126.0,124.05,125.5,159675,1745217120
2025-04-21 12:03:00,CE,ATM,13.769871,4042875,24150.0,24132.35,125.7,125.9,122.8,124.6,224475,1745217180
2025-04-21 12:04:00,CE,ATM,13.607782,4179525,24150.0,24136.5,124.45,126.1,123.6,125.25,168225,1745217240
2025-04-21 12:05:00,CE,ATM,13.564291,4179525,24150.0,24142.9,125.25,128.4,125.2,128.15,373950,1745217300
2025-04-21 12:06:00,CE,ATM,13.636966,4179525,24150.0,24138.1,127.85,127.85,124.4,126.3,320925,1745217360
2025-04-21 12:07:00,CE,ATM,13.885221,4292850,24150.0,24126.45,126.4,127.6,120.85,122.6,445950,1745217420
2025-04-21 12:08:00,CE,ATM,13.780254,4292850,24150.0,24133.9,122.15,125.4,121.55,125.4,186300,1745217480
2025-04-21 12:09:00,CE,ATM,13.681307,4292850,24150.0,24139.85,125.4,127.55,123.9,127.55,206775,1745217540
2025-04-21 12:10:00,CE,ATM,13.551253,4239225,24150.0,24143.85,127.8,129.7,126.95,128.45,509025,1745217600
2025-04-21 12:11:00,CE,ATM,13.746095,4239225,24150.0,24141.5,127.8,129.3,126.75,128.95,282450,1745217660
2025-04-21 12:12:00,CE,ATM,13.538687,4239225,24150.0,24143.55,128.9,128.9,126.05,128.15,239025,1745217720
2025-04-21 12:13:00,CE,ATM,13.477635,4318050,24150.0,24146.15,127.9,129.9,127.9,128.95,409350,1745217780
2025-04-21 12:14:00,CE,ATM,13.254003,4318050,24150.0,24148.35,129.5,129.5,127.3,128.1,251625,1745217840
2025-04-21 12:15:00,CE,ATM,13.262315,4318050,24150.0,24146.15,127.5,127.8,125.35,127.0,315150,1745217900
2025-04-21 12:16:00,CE,ATM,13.287546,4279875,24150.0,24150.3,126.9,130.0,126.75,129.4,385875,1745217960
2025-04-21 12:17:00,CE,ATM,12.905229,4279875,24150.0,24157.05,131.9,131.9,129.5,129.6,613950,1745218020
2025-04-21 12:18:00,CE,ATM,13.046835,4279875,24150.0,24165.85,130.2,135.75,129.0,135.65,809550,1745218080
2025-04-21 12:19:00,CE,ATM,13.423124,4063200,24150.0,24166.0,135.15,139.05,133.2,139.05,684300,1745218140
2025-04-21 12:20:00,CE,ATM,13.2871,4063200,24150.0,24163.4,137.5,137.65,134.95,136.4,595725,1745218200
2025-04-21 12:21:00,CE,ATM,13.35566,4063200,24150.0,24160.3,136.25,136.25,134.0,135.3,345300,1745218260
2025-04-21 12:22:00,CE,ATM,13.265253,3906525,24150.0,24160.7,134.5,136.3,133.15,134.7,294525,1745218320
2025-04-21 12:23:00,CE,ATM,13.341673,3906525,24150.0,24163.15,135.05,136.9,134.75,136.7,280800,1745218380
2025-04-21 12:24:00,CE,ATM,13.793873,3906525,24150.0,24172.4,137.3,148.0,137.25,145.8,1207725,1745218440
2025-04-21 12:25:00,CE,ATM,13.987186,6988800,24200.0,24176.85,121.35,123.7,118.6,123.7,1290300,1745218500
2025-04-21 12:26:00,CE,ATM,14.159489,6988800,24200.0,24179.3,123.05,130.0,123.05,126.45,1961625,1745218560
2025-04-21 12:27:00,CE,ATM,14.118294,3708000,24150.0,24168.4,153.6,153.6,141.55,146.4,749625,1745218620
2025-04-21 12:28:00,CE,ATM,14.159881,3420375,24150.0,24164.3,146.15,146.15,141.15,144.5,513225,1745218680
2025-04-21 12:29:00,CE,ATM,14.007485,3420375,24150.0,24166.7,144.0,147.4,144.0,144.45,448425,1745218740
2025-04-21 12:30:00,CE,ATM,14.331409,3420375,24150.0,24169.15,145.85,148.65,144.65,148.65,325725,1745218800
2025-04-21 12:31:00,CE,ATM,14.095343,3461625,24150.0,24172.85,148.8,150.15,146.2,148.6,383175,1745218860
2025-04-21 12:32:00,CE,ATM,14.03622,7102275,24200.0,24176.3,123.75,124.4,121.35,123.75,661650,1745218920
2025-04-21 12:33:00,CE,ATM,14.072575,3461625,24150.0,24174.7,149.05,150.35,147.75,149.4,231900,1745218980
2025-04-21 12:34:00,CE,ATM,13.9024,7167150,24200.0,24175.65,124.2,124.2,121.65,122.2,400500,1745219040
2025-04-21 12:35:00,CE,ATM,13.960433,7167150,24200.0,24177.85,123.0,124.6,122.05,123.8,398775,1745219100
2025-04-21 12:36:00,CE,ATM,13.841689,7167150,24200.0,24178.1,123.3,124.05,122.2,122.85,396225,1745219160
2025-04-21 12:37:00,CE,ATM,13.808402,3597600,24150.0,24174.6,148.75,150.0,144.3,146.95,340275,1745219220
2025-04-21 12:38:00,CE,ATM,14.189947,7283175,24200.0,24179.05,121.95,126.4,121.3,126.4,820725,1745219280
2025-04-21 12:39:00,CE,ATM,13.908267,7283175,24200.0,24184.15,126.55,127.55,125.4,126.45,984000,1745219340
2025-04-21 12:40:00,CE,ATM,13.823592,7172175,24200.0,24178.45,126.55,126.9,121.25,122.8,684150,1745219400
2025-04-21 12:41:00,CE,ATM,13.874685,7172175,24200.0,24181.55,123.3,124.95,123.3,124.8,341625,1745219460
2025-04-21 12:42:00,CE,ATM,13.864949,7172175,24200.0,24182.05,124.9,125.5,124.0,124.95,388275,1745219520
2025-04-21 12:43:00,CE,ATM,13.730497,7269075,24200.0,24179.7,124.8,125.1,122.35,122.55,326700,1745219580
2025-04-21 12:44:00,CE,ATM,13.692872,3480600,24150.0,24172.6,148.25,150.0,144.7,144.7,269250,1745219640
2025-04-21 12:45:00,CE,ATM,13.731345,7269075,24200.0,24179.45,120.05,122.4,118.15,122.4,750225,1745219700
2025-04-21 12:46:00,CE,ATM,13.878878,7330125,24200.0,24179.95,122.45,124.1,120.4,123.95,500175,1745219760
2025-04-21 12:47:00,CE,ATM,13.707948,7330125,24200.0,24185.55,123.7,125.85,123.35,125.25,587250,1745219820
2025-04-21 12:48:00,CE,ATM,13.66766,7330125,24200.0,24182.65,123.9,125.25,123.4,123.4,388875,1745219880
2025-04-21 12:49:00,CE,ATM,13.720262,7567350,24200.0,24182.25,122.7,123.65,120.45,123.65,477075,1745219940
2025-04-21 12:50:00,CE,ATM,13.506792,7567350,24200.0,24184.45,123.55,123.9,122.75,122.85,256950,1745220000
2025-04-21 12:51:00,CE,ATM,13.531671,7567350,24200.0,24178.8,122.8,123.7,120.2,120.2,319275,1745220060
2025-04-21 12:52:00,CE,ATM,13.67396,7741125,24200.0,24177.2,120.75,121.8,118.05,120.65,572025,1745220120
2025-04-21 12:53:00,CE,ATM,13.608345,7741125,24200.0,24177.3,120.45,121.3,119.1,120.1,236250,1745220180
2025-04-21 12:54:00,CE,ATM,13.74773,7741125,24200.0,24176.95,119.9,121.9,119.8,121.15,310800,1745220240
2025-04-21 12:55:00,CE,ATM,13.736182,7855800,24200.0,24182.85,121.65,124.0,121.2,124.0,447150,1745220300
2025-04-21 12:56:00,CE,ATM,13.625199,7855800,24200.0,24183.35,123.95,124.45,122.95,123.25,412950,1745220360
2025-04-21 12:57:00,CE,ATM,13.744244,7855800,24200.0,24184.15,123.45,125.35,122.45,124.7,429300,1745220420
2025-04-21 12:58:00,CE,ATM,13.521043,7742400,24200.0,24180.5,124.65,124.75,120.85,120.85,389400,1745220480
2025-04-21 12:59:00,CE,ATM,13.810107,7742400,24200.0,24177.6,120.85,123.9,120.8,121.95,295875,1745220540
2025-04-21 13:00:00,CE,ATM,13.732504,7742400,24200.0,24180.6,122.25,124.1,122.25,122.75,387075,1745220600
2025-04-21 13:01:00,CE,ATM,13.807758,7840875,24200.0,24179.6,122.7,123.85,120.1,122.9,387825,1745220660
2025-04-21 13:02:00,CE,ATM,13.724496,7840875,24200.0,24181.3,122.7,123.55,122.0,123.0,273600,1745220720
2025-04-21 13:03:00,CE,ATM,13.607373,3524400,24150.0,24172.7,148.9,149.5,143.7,143.7,217875,1745220780
2025-04-21 13:04:00,CE,ATM,13.880972,7868625,24200.0,24177.2,118.35,122.3,118.35,122.3,383850,1745220840
2025-04-21 13:05:00,CE,ATM,13.786938,7868625,24200.0,24179.3,122.6,123.4,121.9,122.5,357525,1745220900
2025-04-21 13:06:00,CE,ATM,13.628476,7868625,24200.0,24179.15,122.35,123.45,120.9,121.0,335400,1745220960
2025-04-21 13:07:00,CE,ATM,13.807198,7907400,24200.0,24180.0,122.1,123.0,120.1,123.0,307200,1745221020
2025-04-21 13:08:00,CE,ATM,13.640155,7907400,24200.0,24180.2,123.45,123.8,121.45,121.6,335850,1745221080
2025-04-21 13:09:00,CE,ATM,13.574603,7907400,24200.0,24188.45,122.25,125.2,122.25,125.2,619950,1745221140
2025-04-21 13:10:00,CE,ATM,13.603757,7994850,24200.0,24187.1,124.7,124.75,122.9,124.75,442350,1745221200
2025-04-21 13:11:00,CE,ATM,13.520892,7994850,24200.0,24185.05,125.1,125.1,122.1,122.95,480000,1745221260
2025-04-21 13:12:00,CE,ATM,13.462839,7994850,24200.0,24182.85,122.6,122.6,120.0,121.3,478500,1745221320
2025-04-21 13:13:00,CE,ATM,13.59597,8101350,24200.0,24176.15,121.1,121.45,119.1,119.1,363000,1745221380
2025-04-21 13:14:00,CE,ATM,13.839469,3426675,24150.0,24173.75,146.5,146.7,144.45,146.15,175575,1745221440
2025-04-21 13:15:00,CE,ATM,13.861622,3426675,24150.0,24171.1,146.0,146.8,144.85,144.85,159525,1745221500
2025-04-21 13:16:00,CE,ATM,14.04248,3422850,24150.0,24173.75,145.35,148.35,145.35,147.9,179925,1745221560
2025-04-21 13:17:00,CE,ATM,14.061203,3422850,24150.0,24170.25,148.2,148.7,146.1,146.1,162750,1745221620
2025-04-21 13:18:00,CE,ATM,13.85784,3422850,24150.0,24156.9,147.15,148.25,130.95,137.0,642900,1745221680
2025-04-21 13:19:00,CE,ATM,13.62261,3344550,24150.0,24156.05,137.6,142.15,134.45,134.45,502050,1745221740
2025-04-21 13:20:00,CE,ATM,14.367208,3344550,24150.0,24154.35,135.8,140.25,133.35,140.1,449925,1745221800
2025-04-21 13:21:00,CE,ATM,14.39197,3344550,24150.0,24152.75,141.05,141.35,137.7,139.45,296925,1745221860
2025-04-21 13:22:00,CE,ATM,14.244666,3474225,24150.0,24166.75,140.1,147.6,139.65,145.7,594075,1745221920
2025-04-21 13:23:00,CE,ATM,14.043426,3474225,24150.0,24163.35,145.6,145.6,140.9,142.05,349050,1745221980
2025-04-21 13:24:00,CE,ATM,14.082241,3474225,24150.0,24164.95,141.6,145.0,140.8,143.25,252450,1745222040
2025-04-21 13:25:00,CE,ATM,13.964705,3683850,24150.0,24169.4,143.5,146.0,143.1,144.65,306525,1745222100
2025-04-21 13:26:00,CE,ATM,13.641399,3683850,24150.0,24165.7,144.0,144.0,138.8,139.75,379350,1745222160
2025-04-21 13:27:00,CE,ATM,13.690788,3683850,24150.0,24160.45,139.35,141.15,136.75,137.3,300675,1745222220
2025-04-21 13:28:00,CE,ATM,13.746018,3774675,24150.0,24161.7,138.95,141.0,137.35,138.45,166350,1745222280
2025-04-21 13:29:00,CE,ATM,13.972122,3774675,24150.0,24154.7,138.15,138.45,134.25,136.65,302925,1745222340
2025-04-21 13:30:00,CE,ATM,13.93083,3774675,24150.0,24156.25,137.75,138.8,135.1,137.1,243600,1745222400
2025-04-21 13:31:00,CE,ATM,14.131086,3772425,24150.0,24154.85,136.95,139.0,136.55,138.1,149550,1745222460
2025-04-21 13:32:00,CE,ATM,14.262692,3772425,24150.0,24159.05,137.7,141.5,137.2,141.5,225900,1745222520
2025-04-21 13:33:00,CE,ATM,13.701692,3772425,24150.0,24148.3,140.4,141.0,128.0,130.8,686175,1745222580
2025-04-21 13:34:00,CE,ATM,14.039936,3722775,24150.0,24151.1,131.7,136.4,131.7,135.25,309900,1745222640
2025-04-21 13:35:00,CE,ATM,13.966857,3722775,24150.0,24155.25,137.25,138.55,135.35,136.8,300825,1745222700
2025-04-21 13:36:00,CE,ATM,14.095081,3722775,24150.0,24156.25,136.5,139.85,136.5,138.45,236550,1745222760
2025-04-21 13:37:00,CE,ATM,13.994166,3810225,24150.0,24154.3,139.1,139.5,136.5,136.5,187725,1745222820
2025-04-21 13:38:00,CE,ATM,14.060321,3810225,24150.0,24153.8,136.5,137.9,135.3,136.8,176850,1745222880
2025-04-21 13:39:00,CE,ATM,13.812538,3810225,24150.0,24154.55,136.5,138.35,134.8,135.0,168225,1745222940
2025-04-21 13:40:00,CE,ATM,13.782399,3895875,24150.0,24147.35,135.05,135.75,130.2,130.9,407775,1745223000
2025-04-21 13:41:00,CE,ATM,13.928021,3895875,24150.0,24130.7,129.55,129.9,118.85,123.6,882975,1745223060
2025-04-21 13:42:00,CE,ATM,13.995221,3895875,24150.0,24129.95,124.3,124.8,120.8,123.8,397050,1745223120
2025-04-21 13:43:00,CE,ATM,13.951713,4732950,24100.0,24114.65,149.45,150.95,140.0,141.35,563175,1745223180
2025-04-21 13:44:00,CE,ATM,14.043961,4732950,24100.0,24113.2,141.05,142.5,137.65,141.35,796200,1745223240
2025-04-21 13:45:00,CE,ATM,14.229609,4732950,24100.0,24111.8,141.2,145.55,139.05,142.2,611550,1745223300
2025-04-21 13:46:00,CE,ATM,14.228909,5010225,24100.0,24121.85,141.7,151.7,141.7,147.7,919725,1745223360
2025-04-21 13:47:00,CE,ATM,14.38057,5010225,24100.0,24120.3,146.8,150.5,146.1,148.15,408900,1745223420
2025-04-21 13:48:00,CE,ATM,14.232531,5010225,24100.0,24123.2,149.0,150.55,146.55,148.45,309000,1745223480
2025-04-21 13:49:00,CE,ATM,14.151483,4212150,24150.0,24132.1,123.9,126.25,123.2,126.15,509400,1745223540
2025-04-21 13:50:00,CE,ATM,14.436311,4212150,24150.0,24142.55,125.9,134.0,124.7,134.0,666300,1745223600
2025-04-21 13:51:00,CE,ATM,14.00063,4212150,24150.0,24159.55,133.0,139.15,132.5,139.15,884025,1745223660
2025-04-21 13:52:00,CE,ATM,13.560097,4358775,24150.0,24171.35,138.7,142.2,137.4,141.75,1081950,1745223720
2025-04-21 13:53:00,CE,ATM,13.426143,4358775,24150.0,24165.1,139.75,140.6,137.1,137.1,718725,1745223780
2025-04-21 13:54:00,CE,ATM,13.717136,4358775,24150.0,24163.3,136.45,138.8,136.3,138.65,394350,1745223840
2025-04-21 13:55:00,CE,ATM,13.821017,4382175,24150.0,24160.0,137.75,139.65,136.4,137.75,337725,1745223900
2025-04-21 13:56:00,CE,ATM,13.838591,4382175,24150.0,24152.95,137.85,138.45,133.55,134.1,419250,1745223960
2025-04-21 13:57:00,CE,ATM,14.279498,4382175,24150.0,24147.15,134.35,135.4,133.15,134.9,330450,1745224020
2025-04-21 13:58:00,CE,ATM,14.549653,4280550,24150.0,24150.45,136.45,139.0,135.15,139.0,371850,1745224080
2025-04-21 13:59:00,CE,ATM,14.479025,4280550,24150.0,24150.05,138.3,140.55,137.4,138.15,508500,1745224140
2025-04-21 14:00:00,CE,ATM,14.484941,4280550,24150.0,24148.75,137.7,139.8,134.8,137.5,425400,1745224200
2025-04-21 14:01:00,CE,ATM,14.425412,4248300,24150.0,24150.25,137.25,138.4,136.1,137.75,158100,1745224260
2025-04-21 14:02:00,CE,ATM,14.256256,4248300,24150.0,24138.75,137.0,137.35,127.35,130.25,685125,1745224320
2025-04-21 14:03:00,CE,ATM,14.257046,4248300,24150.0,24146.0,130.95,135.3,130.6,134.0,363900,1745224380
2025-04-21 14:04:00,CE,ATM,14.261912,4205475,24150.0,24147.0,134.5,135.05,130.85,134.55,326325,1745224440
2025-04-21 14:05:00,CE,ATM,14.371586,4205475,24150.0,24150.8,136.05,138.3,133.7,137.5,363150,1745224500
2025-04-21 14:06:00,CE,ATM,14.232268,4205475,24150.0,24152.2,137.9,137.9,136.15,137.0,313650,1745224560
2025-04-21 14:07:00,CE,ATM,14.492969,4255275,24150.0,24148.65,136.05,137.4,132.9,137.4,248175,1745224620
2025-04-21 14:08:00,CE,ATM,14.274605,4255275,24150.0,24154.1,136.7,138.35,136.2,138.35,283200,1745224680
2025-04-21 14:09:00,CE,ATM,14.27526,4255275,24150.0,24152.9,136.95,138.15,134.4,137.7,271050,1745224740
2025-04-21 14:10:00,CE,ATM,13.869316,4307850,24150.0,24152.4,138.05,138.4,133.85,133.85,335025,1745224800
2025-04-21 14:11:00,CE,ATM,13.953858,4307850,24150.0,24152.35,134.2,135.3,133.5,134.55,198000,1745224860
2025-04-21 14:12:00,CE,ATM,14.016528,4307850,24150.0,24147.65,135.3,135.8,130.4,132.6,368850,1745224920
2025-04-21 14:13:00,CE,ATM,14.025644,4355025,24150.0,24135.65,133.6,133.6,123.3,126.45,666450,1745224980
2025-04-21 14:14:00,CE,ATM,14.087995,4355025,24150.0,24143.45,126.8,132.3,126.45,131.0,393225,1745225040
2025-04-21 14:15:00,CE,ATM,14.150525,4355025,24150.0,24145.4,131.0,133.6,129.9,132.55,333000,1745225100
2025-04-21 14:16:00,CE,ATM,14.184202,4269825,24150.0,24148.3,132.3,135.35,131.3,134.35,288300,1745225160
2025-04-21 14:17:00,CE,ATM,13.924331,4269825,24150.0,24147.35,133.45,135.8,131.35,131.55,315525,1745225220
2025-04-21 14:18:00,CE,ATM,13.758825,4269825,24150.0,24143.95,128.85,130.05,125.75,128.3,422925,1745225280
2025-04-21 14:19:00,CE,ATM,13.795031,4279575,24150.0,24142.6,126.55,129.6,126.55,127.9,246150,1745225340
2025-04-21 14:20:00,CE,ATM,13.804914,4279575,24150.0,24136.25,127.5,127.6,123.2,124.7,459525,1745225400
2025-04-21 14:21:00,CE,ATM,14.145373,4279575,24150.0,24141.35,125.2,130.45,124.75,130.3,395775,1745225460
2025-04-21 14:22:00,CE,ATM,13.882939,4267200,24150.0,24145.05,130.4,131.55,129.0,129.9,334050,1745225520
2025-04-21 14:23:00,CE,ATM,13.96916,4267200,24150.0,24144.3,129.0,130.25,123.9,130.25,311250,1745225580
2025-04-21 14:24:00,CE,ATM,13.663919,4267200,24150.0,24146.4,130.45,130.65,128.65,128.65,191175,1745225640
2025-04-21 14:25:00,CE,ATM,13.903866,4332600,24150.0,24148.7,127.85,131.95,127.85,131.95,242475,1745225700
2025-04-21 14:26:00,CE,ATM,14.047569,4332600,24150.0,24152.3,131.7,136.15,131.35,135.1,501675,1745225760
2025-04-21 14:27:00,CE,ATM,13.506668,4332600,24150.0,24151.85,133.95,134.7,130.1,130.1,367650,1745225820
2025-04-21 14:28:00,CE,ATM,13.508748,4454625,24150.0,24140.4,130.1,130.8,124.1,124.1,467775,1745225880
2025-04-21 14:29:00,CE,ATM,13.790243,4454625,24150.0,24138.25,122.8,126.75,122.8,125.45,424950,1745225940
2025-04-21 14:30:00,CE,ATM,13.784949,4454625,24150.0,24139.15,124.55,126.5,124.05,125.85,316500,1745226000
2025-04-21 14:31:00,CE,ATM,13.891969,4567050,24150.0,24144.7,126.35,129.7,125.25,129.65,311025,1745226060
2025-04-21 14:32:00,CE,ATM,13.892081,4567050,24150.0,24144.25,129.2,129.75,126.6,129.4,227550,1745226120
2025-04-21 14:33:00,CE,ATM,13.971438,4567050,24150.0,24142.75,128.75,129.65,126.75,129.3,176850,1745226180
2025-04-21 14:34:00,CE,ATM,13.479979,4536975,24150.0,24128.2,128.75,128.75,117.55,117.55,657975,1745226240
2025-04-21 14:35:00,CE,ATM,13.863252,4536975,24150.0,24134.15,117.35,124.7,117.35,123.9,435300,1745226300
2025-04-21 14:36:00,CE,ATM,13.789805,4536975,24150.0,24132.1,124.3,124.3,120.4,122.2,227700,1745226360
2025-04-21 14:37:00,CE,ATM,13.809835,4555200,24150.0,24129.4,122.55,123.35,120.35,121.0,155625,1745226420
2025-04-21 14:38:00,CE,ATM,13.653618,4555200,24150.0,24135.7,120.75,125.15,119.65,122.8,437625,1745226480
2025-04-21 14:39:00,CE,ATM,13.511066,5386725,24100.0,24125.0,147.75,148.4,140.0,142.35,550350,1745226540
2025-04-21 14:40:00,CE,ATM,13.747023,4594575,24150.0,24126.8,115.1,119.85,115.1,119.1,325050,1745226600
2025-04-21 14:41:00,CE,ATM,13.44977,4594575,24150.0,24127.05,118.75,121.1,116.6,116.6,335175,1745226660
2025-04-21 14:42:00,CE,ATM,13.616541,4594575,24150.0,24130.25,117.0,119.65,116.6,119.65,170475,1745226720
2025-04-21 14:43:00,CE,ATM,13.830492,4600050,24150.0,24133.1,119.95,122.95,119.9,122.95,315450,1745226780
2025-04-21 14:44:00,CE,ATM,13.828912,4600050,24150.0,24143.0,122.5,128.0,122.5,128.0,558900,1745226840
2025-04-21 14:45:00,CE,ATM,14.002149,4600050,24150.0,24140.0,128.7,129.0,124.75,127.95,577425,1745226900
2025-04-21 14:46:00,CE,ATM,13.993063,4666350,24150.0,24135.8,128.25,128.25,122.65,125.7,309600,1745226960
2025-04-21 14:47:00,CE,ATM,13.731425,4666350,24150.0,24140.4,123.9,126.8,123.8,125.75,192525,1745227020
2025-04-21 14:48:00,CE,ATM,13.992802,4666350,24150.0,24153.6,125.0,134.95,125.0,134.95,752850,1745227080
2025-04-21 14:49:00,CE,ATM,13.61887,4630575,24150.0,24153.95,135.3,135.3,131.0,131.85,679725,1745227140
2025-04-21 14:50:00,CE,ATM,13.638075,4630575,24150.0,24156.0,131.55,133.45,129.55,133.1,483375,1745227200
2025-04-21 14:51:00,CE,ATM,13.508613,4630575,24150.0,24150.75,132.15,133.6,129.15,129.15,418575,1745227260
2025-04-21 14:52:00,CE,ATM,13.860768,4781325,24150.0,24148.45,129.45,132.05,129.15,131.0,324300,1745227320
2025-04-21 14:53:00,CE,ATM,13.706787,4781325,24150.0,24144.95,131.45,131.65,127.35,127.8,303525,1745227380
2025-04-21 14:54:00,CE,ATM,13.286491,4781325,24150.0,24146.85,128.0,129.1,125.05,125.1,328275,1745227440
2025-04-21 14:55:00,CE,ATM,13.478379,4775850,24150.0,24148.25,124.5,128.45,124.25,127.5,411450,1745227500
2025-04-21 14:56:00,CE,ATM,13.640436,4775850,24150.0,24149.1,128.1,131.05,128.1,129.35,342675,1745227560
2025-04-21 14:57:00,CE,ATM,13.599278,4775850,24150.0,24152.45,129.5,131.0,127.85,130.75,316425,1745227620
2025-04-21 14:58:00,CE,ATM,13.277196,4788825,24150.0,24149.4,129.1,129.9,126.3,126.3,260850,1745227680
2025-04-21 14:59:00,CE,ATM,13.214212,4788825,24150.0,24145.25,125.2,125.8,121.35,123.55,589575,1745227740
2025-04-21 15:00:00,CE,ATM,12.936805,4788825,24150.0,24133.4,124.15,124.9,115.0,115.0,690750,1745227800
2025-04-21 15:01:00,CE,ATM,13.36486,4711125,24150.0,24137.65,115.6,123.8,115.6,120.9,595050,1745227860
2025-04-21 15:02:00,CE,ATM,13.493462,4711125,24150.0,24128.15,120.1,120.2,115.95,117.2,377700,1745227920
2025-04-21 15:03:00,CE,ATM,13.688292,5247225,24100.0,24120.35,143.7,144.0,138.25,140.9,588825,1745227980
2025-04-21 15:04:00,CE,ATM,13.684533,5337450,24100.0,24117.55,141.7,142.95,138.4,139.3,359775,1745228040
2025-04-21 15:05:00,CE,ATM,13.834265,5337450,24100.0,24119.3,140.1,143.2,138.9,141.55,339375,1745228100
2025-04-21 15:06:00,CE,ATM,13.748062,5337450,24100.0,24123.9,141.4,143.85,140.3,143.35,402825,1745228160
2025-04-21 15:07:00,CE,ATM,13.920593,5505000,24100.0,24124.3,143.5,145.05,140.4,145.05,334650,1745228220
2025-04-21 15:08:00,CE,ATM,13.65512,5505000,24100.0,24121.55,143.0,144.6,141.2,141.2,250575,1745228280
2025-04-21 15:09:00,CE,ATM,13.759792,5505000,24100.0,24119.95,142.05,143.0,137.9,141.2,375450,1745228340
2025-04-21 15:10:00,CE,ATM,13.398559,5439900,24100.0,24113.6,140.0,140.4,134.55,134.55,477225,1745228400
2025-04-21 15:11:00,CE,ATM,13.678303,5439900,24100.0,24117.4,134.9,139.45,134.75,139.05,386250,1745228460
2025-04-21 15:12:00,CE,ATM,13.759442,5439900,24100.0,24113.6,137.85,138.9,136.05,137.65,205575,1745228520
2025-04-21 15:13:00,CE,ATM,13.741956,5402100,24100.0,24113.45,137.25,138.15,135.1,137.4,261900,1745228580
2025-04-21 15:14:00,CE,ATM,13.787648,5402100,24100.0,24114.4,137.6,139.45,136.9,138.3,260025,1745228640
2025-04-21 15:15:00,CE,ATM,14.166226,4806975,24150.0,24128.5,113.95,124.2,113.3,123.05,1027275,1745228700
2025-04-21 15:16:00,CE,ATM,14.537782,5189925,24100.0,24124.95,148.45,150.6,148.35,150.6,478200,1745228760
2025-04-21 15:17:00,CE,ATM,14.50102,5189925,24100.0,24122.5,150.05,150.95,148.2,148.9,303675,1745228820
2025-04-21 15:18:00,CE,ATM,14.077406,4619100,24150.0,24129.35,121.1,123.0,120.6,122.65,360375,1745228880
2025-04-21 15:19:00,CE,ATM,13.906239,4520625,24150.0,24132.65,122.85,123.6,122.55,122.8,461700,1745228940
2025-04-21 15:20:00,CE,ATM,13.862583,4520625,24150.0,24132.25,123.0,123.9,121.5,122.2,492675,1745229000
2025-04-21 15:21:00,CE,ATM,13.975172,4520625,24150.0,24133.5,122.7,123.8,122.7,123.8,267750,1745229060
2025-04-21 15:22:00,CE,ATM,13.71834,4423125,24150.0,24130.45,123.55,123.55,116.85,120.0,508050,1745229120
2025-04-21 15:23:00,CE,ATM,13.708467,4423125,24150.0,24131.15,120.25,120.4,116.9,120.25,287775,1745229180
2025-04-21 15:24:00,CE,ATM,13.604509,4423125,24150.0,24125.7,120.15,120.15,115.65,116.6,269475,1745229240
2025-04-21 15:25:00,CE,ATM,13.749804,4259100,24150.0,24126.6,117.65,118.85,117.4,118.3,315750,1745229300
2025-04-21 15:26:00,CE,ATM,13.479741,4259100,24150.0,24129.45,118.35,119.45,117.35,117.35,298350,1745229360
2025-04-21 15:27:00,CE,ATM,13.733144,4259100,24150.0,24125.65,116.9,118.45,116.9,117.65,296025,1745229420
2025-04-21 15:28:00,CE,ATM,12.594402,4493700,24100.0,24122.75,144.15,144.6,131.8,132.4,483150,1745229480
2025-04-21 15:29:00,CE,ATM,12.998736,4493700,24100.0,24121.2,132.45,137.05,132.45,135.0,531600,1745229540
2025-04-22 09:15:00,CE,ATM,13.141015,3617700,24150.0,24139.85,123.1,124.4,98.25,102.0,1287750,1745293500
2025-04-22 09:16:00,CE,ATM,13.284173,4364175,24100.0,24117.25,125.1,129.35,117.4,117.4,1016400,1745293560
2025-04-22 09:17:00,CE,ATM,13.821166,4364175,24100.0,24119.85,117.75,125.95,115.65,122.85,1252200,1745293620
2025-04-22 09:18:00,CE,ATM,14.108831,5092275,24100.0,24104.95,122.05,123.1,116.9,116.9,932250,1745293680
2025-04-22 09:19:00,CE,ATM,14.705772,5092275,24100.0,24089.1,118.35,120.75,111.2,113.15,1133100,1745293740
2025-04-22 09:20:00,CE,ATM,15.468274,5092275,24100.0,24097.2,113.5,123.05,108.9,123.05,1641300,1745293800
2025-04-22 09:21:00,CE,ATM,14.90123,5865600,24100.0,24114.6,122.7,131.3,122.35,128.0,2028750,1745293860
2025-04-22 09:22:00,CE,ATM,14.445569,4730025,24150.0,24135.9,101.55,115.35,101.55,109.75,1594725,1745293920
2025-04-22 09:23:00,CE,ATM,14.072746,5865600,24100.0,24113.25,136.5,139.95,121.0,121.0,1426275,1745293980
2025-04-22 09:24:00,CE,ATM,13.350011,5205300,24150.0,24136.65,98.35,104.55,93.5,101.8,1349775,1745294040
2025-04-22 09:25:00,CE,ATM,13.49939,5205300,24150.0,24147.35,102.0,110.65,99.9,108.4,1568100,1745294100
2025-04-22 09:26:00,CE,ATM,13.009894,5205300,24150.0,24129.55,107.05,111.25,95.65,95.65,1442250,1745294160
2025-04-22 09:27:00,CE,ATM,13.403694,5827125,24150.0,24136.05,96.4,101.85,94.0,101.85,1042425,1745294220
2025-04-22 09:28:00,CE,ATM,12.981247,5827125,24150.0,24138.35,102.55,105.65,96.1,99.8,910350,1745294280
2025-04-22 09:29:00,CE,ATM,12.767464,5827125,24150.0,24133.55,100.25,101.0,94.85,95.75,765300,1745294340
2025-04-22 09:30:00,CE,ATM,12.31095,6353850,24150.0,24141.1,94.0,98.25,93.3,96.1,958650,1745294400
2025-04-22 09:31:00,CE,ATM,12.806021,6353850,24150.0,24143.0,96.2,100.95,96.2,100.8,738525,1745294460
2025-04-22 09:32:00,CE,ATM,12.888415,6353850,24150.0,24157.7,100.25,109.15,99.5,109.15,1223625,1745294520
2025-04-22 09:33:00,CE,ATM,12.851521,6355275,24150.0,24163.85,110.35,115.95,106.05,112.2,1683150,1745294580
2025-04-22 09:34:00,CE,ATM,12.804432,6355275,24150.0,24168.5,113.4,114.4,108.95,114.4,935850,1745294640
2025-04-22 09:35:00,CE,ATM,13.121238,11198625,24200.0,24175.15,90.7,94.5,88.0,94.4,1421475,1745294700
2025-04-22 09:36:00,CE,ATM,12.692122,11100150,24200.0,24184.7,94.4,101.8,93.65,95.85,2960550,1745294760
2025-04-22 09:37:00,CE,ATM,13.127777,11100150,24200.0,24178.7,98.25,99.45,95.4,96.15,1663200,1745294820
2025-04-22 09:38:00,CE,ATM,12.852025,11100150,24200.0,24183.75,94.8,98.45,93.05,96.55,1291275,1745294880
2025-04-22 09:39:00,CE,ATM,12.886818,11685975,24200.0,24186.15,96.95,98.8,95.85,98.0,969075,1745294940
2025-04-22 09:40:00,CE,ATM,12.494314,6206775,24150.0,24173.7,122.25,122.95,110.15,114.9,1255650,1745295000
2025-04-22 09:41:00,CE,ATM,12.802326,6206775,24150.0,24165.5,116.45,118.75,112.4,112.6,637500,1745295060
2025-04-22 09:42:00,CE,ATM,13.098026,5835525,24150.0,24163.5,111.9,115.65,110.85,113.7,642225,1745295120
2025-04-22 09:43:00,CE,ATM,12.808261,5835525,24150.0,24174.25,112.0,119.8,109.75,117.5,850425,1745295180
2025-04-22 09:44:00,CE,ATM,12.709312,11716875,24200.0,24180.9,93.4,94.65,90.05,93.95,859425,1745295240
2025-04-22 09:45:00,CE,ATM,12.001687,6279150,24150.0,24166.6,117.65,118.4,107.15,107.15,673800,1745295300
2025-04-22 09:46:00,CE,ATM,12.779463,12056775,24200.0,24177.25,83.5,92.85,83.5,92.65,1095600,1745295360
2025-04-22 09:47:00,CE,ATM,12.239727,12056775,24200.0,24181.2,93.1,94.45,89.4,90.5,1221600,1745295420
2025-04-22 09:48:00,CE,ATM,12.371232,12206325,24200.0,24181.55,90.8,94.15,90.35,91.65,987600,1745295480
2025-04-22 09:49:00,CE,ATM,12.011303,12206325,24200.0,24179.9,91.3,91.55,86.05,88.1,936600,1745295540
2025-04-22 09:50:00,CE,ATM,12.33845,12206325,24200.0,24180.4,88.45,91.0,87.1,90.8,621525,1745295600
2025-04-22 09:51:00,CE,ATM,12.265929,12551925,24200.0,24178.6,90.8,92.15,88.55,89.35,627975,1745295660
2025-04-22 09:52:00,CE,ATM,11.919648,6504075,24150.0,24162.95,111.65,112.55,99.55,104.4,1164300,1745295720
2025-04-22 09:53:00,CE,ATM,12.108525,6504075,24150.0,24150.25,104.25,104.25,97.6,98.95,867600,1745295780
2025-04-22 09:54:00,CE,ATM,12.288041,6491100,24150.0,24148.0,96.9,101.9,94.8,99.1,1040400,1745295840
2025-04-22 09:55:00,CE,ATM,12.528325,6491100,24150.0,24139.3,99.45,101.4,95.0,96.4,758400,1745295900
2025-04-22 09:56:00,CE,ATM,11.918221,6491100,24150.0,24167.95,96.1,108.7,96.1,107.1,1092900,1745295960
2025-04-22 09:57:00,CE,ATM,12.20215,12814125,24200.0,24176.0,85.7,89.55,85.7,87.5,1524075,1745296020
2025-04-22 09:58:00,CE,ATM,12.245325,6684975,24150.0,24167.85,111.55,111.75,106.2,109.45,528375,1745296080
2025-04-22 09:59:00,CE,ATM,11.7742,6684975,24150.0,24166.2,108.95,110.3,105.0,105.0,423975,1745296140
2025-04-22 10:00:00,CE,ATM,12.182369,12794775,24200.0,24176.1,82.85,87.5,81.1,87.35,830100,1745296200
2025-04-22 10:01:00,CE,ATM,12.246779,12794775,24200.0,24175.65,87.2,89.1,86.4,87.6,737325,1745296260
2025-04-22 10:02:00,CE,ATM,12.158535,12794775,24200.0,24177.05,87.2,89.05,85.2,87.6,764475,1745296320
2025-04-22 10:03:00,CE,ATM,12.030666,12891075,24200.0,24178.95,86.8,88.8,85.0,87.55,590925,1745296380
2025-04-22 10:04:00,CE,ATM,12.038566,12891075,24200.0,24181.6,86.95,89.25,84.5,88.9,626850,1745296440
2025-04-22 10:05:00,CE,ATM,11.916298,12891075,24200.0,24191.2,88.2,92.8,86.25,92.8,871275,1745296500
2025-04-22 10:06:00,CE,ATM,11.776084,12789975,24200.0,24195.6,93.9,95.3,91.55,94.0,1893000,1745296560
2025-04-22 10:07:00,CE,ATM,11.935811,12789975,24200.0,24195.05,94.8,95.55,91.55,94.9,1147350,1745296620
2025-04-22 10:08:00,CE,ATM,11.952663,12789975,24200.0,24196.95,95.6,96.6,93.5,96.0,1121775,1745296680
2025-04-22 10:09:00,CE,ATM,12.215237,12832500,24200.0,24193.95,94.7,96.4,94.0,96.4,865425,1745296740
2025-04-22 10:10:00,CE,ATM,12.100309,12832500,24200.0,24195.65,95.75,98.0,95.15,96.4,1173150,1745296800
2025-04-22 10:11:00,CE,ATM,12.29051,12832500,24200.0,24197.35,96.1,99.05,93.55,98.7,1099800,1745296860
2025-04-22 10:12:00,CE,ATM,12.025175,12284025,24200.0,24190.8,99.3,102.15,92.5,93.3,2069625,1745296920
2025-04-22 10:13:00,CE,ATM,12.071785,12284025,24200.0,24186.3,93.2,96.15,90.25,91.35,1043550,1745296980
2025-04-22 10:14:00,CE,ATM,12.08573,12284025,24200.0,24195.7,91.8,97.0,91.8,96.25,868950,1745297040
2025-04-22 10:15:00,CE,ATM,12.293887,12498150,24200.0,24195.8,96.1,97.85,93.9,97.85,716400,1745297100
2025-04-22 10:16:00,CE,ATM,12.12352,12498150,24200.0,24196.85,98.0,101.0,97.1,97.1,1482225,1745297160
2025-04-22 10:17:00,CE,ATM,12.225003,12498150,24200.0,24194.55,96.4,100.25,96.2,96.65,920025,1745297220
2025-04-22 10:18:00,CE,ATM,12.205511,12423900,24200.0,24196.5,96.85,98.4,95.05,97.5,783000,1745297280
2025-04-22 10:19:00,CE,ATM,12.156614,12423900,24200.0,24198.0,98.2,99.6,96.8,97.9,669450,1745297340
2025-04-22 10:20:00,CE,ATM,11.990794,12423900,24200.0,24189.9,98.15,98.15,91.8,92.45,1135950,1745297400
2025-04-22 10:21:00,CE,ATM,12.292132,12449775,24200.0,24190.1,92.95,95.45,90.6,94.8,820200,1745297460
2025-04-22 10:22:00,CE,ATM,12.338722,12449775,24200.0,24198.35,95.0,99.4,95.0,99.4,832200,1745297520
2025-04-22 10:23:00,CE,ATM,12.20071,12449775,24200.0,24198.45,99.3,99.35,96.9,98.4,692325,1745297580
2025-04-22 10:24:00,CE,ATM,12.130659,12514875,24200.0,24203.35,98.55,101.25,96.25,100.45,1219125,1745297640
2025-04-22 10:25:00,CE,ATM,12.417009,12514875,24200.0,24214.55,99.85,110.85,99.2,108.65,3044475,1745297700
2025-04-22 10:26:00,CE,ATM,12.462975,12514875,24200.0,24208.0,107.9,108.7,104.4,105.4,1975950,1745297760
2025-04-22 10:27:00,CE,ATM,12.145498,12270225,24200.0,24210.65,105.1,107.8,103.95,104.45,1143600,1745297820
2025-04-22 10:28:00,CE,ATM,11.955578,12270225,24200.0,24204.15,104.25,105.95,99.5,99.5,1266675,1745297880
2025-04-22 10:29:00,CE,ATM,11.936534,12270225,24200.0,24195.35,98.85,101.4,93.75,94.7,1525350,1745297940
2025-04-22 10:30:00,CE,ATM,12.079515,12259500,24200.0,24196.3,94.1,98.55,94.1,96.25,978450,1745298000
2025-04-22 10:31:00,CE,ATM,12.550668,12259500,24200.0,24204.8,95.5,104.25,95.5,104.25,1055400,1745298060
2025-04-22 10:32:00,CE,ATM,12.315762,12259500,24200.0,24206.15,103.05,104.65,102.0,103.2,981825,1745298120
2025-04-22 10:33:00,CE,ATM,12.120261,12285300,24200.0,24207.5,103.45,103.8,100.8,102.45,527625,1745298180
2025-04-22 10:34:00,CE,ATM,12.174426,12285300,24200.0,24207.8,102.4,103.2,99.8,103.0,532500,1745298240
2025-04-22 10:35:00,CE,ATM,12.244965,12285300,24200.0,24209.35,103.2,104.6,101.35,104.35,547800,1745298300
2025-04-22 10:36:00,CE,ATM,12.19254,12346575,24200.0,24210.65,104.45,105.2,101.8,104.65,793125,1745298360
2025-04-22 10:37:00,CE,ATM,12.305589,12346575,24200.0,24209.5,105.35,106.7,103.7,104.85,748275,1745298420
2025-04-22 10:38:00,CE,ATM,12.209011,12346575,24200.0,24215.85,104.6,107.6,101.5,107.6,898050,1745298480
2025-04-22 10:39:00,CE,ATM,12.176031,12287025,24200.0,24217.4,107.55,108.55,105.95,108.2,1206075,1745298540
2025-04-22 10:40:00,CE,ATM,11.997852,12287025,24200.0,24217.65,107.95,111.0,106.85,107.0,1547175,1745298600
2025-04-22 10:41:00,CE,ATM,11.862623,12287025,24200.0,24218.4,106.6,108.4,105.6,106.4,793875,1745298660
2025-04-22 10:42:00,CE,ATM,11.796578,12322200,24200.0,24217.25,106.3,106.3,104.0,105.25,721200,1745298720
2025-04-22 10:43:00,CE,ATM,11.86598,12322200,24200.0,24217.7,105.2,106.35,104.25,106.0,504450,1745298780
2025-04-22 10:44:00,CE,ATM,11.783745,12322200,24200.0,24223.85,105.9,108.85,105.65,108.85,690825,1745298840
2025-04-22 10:45:00,CE,ATM,12.110435,4400700,24250.0,24227.5,85.85,86.95,83.8,86.95,587925,1745298900
2025-04-22 10:46:00,CE,ATM,11.619498,12288150,24200.0,24222.35,109.95,109.95,106.3,106.75,797550,1745298960
2025-04-22 10:47:00,CE,ATM,11.738832,12288150,24200.0,24219.85,106.8,109.0,105.9,106.2,540975,1745299020
2025-04-22 10:48:00,CE,ATM,11.811952,12315075,24200.0,24225.0,104.65,109.65,104.65,109.65,696900,1745299080
2025-04-22 10:49:00,CE,ATM,11.978874,12315075,24200.0,24219.15,108.7,109.45,107.55,107.55,533175,1745299140
2025-04-22 10:50:00,CE,ATM,12.075641,12315075,24200.0,24217.9,107.85,108.65,105.35,107.55,522825,1745299200
2025-04-22 10:51:00,CE,ATM,12.027572,12083550,24200.0,24213.8,107.85,108.4,102.95,104.9,753900,1745299260
2025-04-22 10:52:00,CE,ATM,11.963989,12083550,24200.0,24223.15,104.5,109.65,104.5,109.65,745125,1745299320
2025-04-22 10:53:00,CE,ATM,11.90494,12083550,24200.0,24222.45,109.9,112.65,108.5,108.8,1206000,1745299380
2025-04-22 10:54:00,CE,ATM,12.3388,4283475,24250.0,24226.35,85.75,87.95,85.6,87.95,260325,1745299440
2025-04-22 10:55:00,CE,ATM,11.869048,11783775,24200.0,24223.15,111.5,111.8,108.9,108.9,755325,1745299500
2025-04-22 10:56:00,CE,ATM,11.961378,11783775,24200.0,24216.1,109.0,109.0,105.6,105.6,677250,1745299560
2025-04-22 10:57:00,CE,ATM,12.195754,11716275,24200.0,24217.95,106.25,108.5,105.15,108.35,625500,1745299620
2025-04-22 10:58:00,CE,ATM,12.581219,4333275,24250.0,24226.05,85.45,89.95,85.45,89.55,515475,1745299680
2025-04-22 10:59:00,CE,ATM,12.443172,4333275,24250.0,24228.1,89.15,91.6,88.0,89.5,806325,1745299740
2025-04-22 11:00:00,CE,ATM,12.28431,4159350,24250.0,24238.45,90.1,95.0,89.3,93.45,982500,1745299800
2025-04-22 11:01:00,CE,ATM,12.500441,4159350,24250.0,24241.1,94.3,97.4,93.55,96.4,1045875,1745299860
2025-04-22 11:02:00,CE,ATM,12.648074,4159350,24250.0,24235.6,96.95,97.25,94.15,94.7,615300,1745299920
2025-04-22 11:03:00,CE,ATM,12.868162,4136025,24250.0,24229.1,95.0,95.4,92.0,93.1,612450,1745299980
2025-04-22 11:04:00,CE,ATM,12.629384,4136025,24250.0,24233.35,92.85,94.45,92.45,93.4,348000,1745300040
2025-04-22 11:05:00,CE,ATM,12.353787,4136025,24250.0,24236.6,94.05,94.5,92.4,92.95,437325,1745300100
2025-04-22 11:06:00,CE,ATM,12.349738,4447950,24250.0,24235.7,93.05,93.6,91.65,92.45,356175,1745300160
2025-04-22 11:07:00,CE,ATM,12.429499,4447950,24250.0,24229.3,92.05,92.35,89.85,89.85,512400,1745300220
2025-04-22 11:08:00,CE,ATM,12.325051,4447950,24250.0,24229.6,89.95,91.3,88.6,89.2,422625,1745300280
2025-04-22 11:09:00,CE,ATM,12.212428,4679175,24250.0,24228.7,89.4,90.3,87.0,87.9,449175,1745300340
2025-04-22 11:10:00,CE,ATM,11.952083,4679175,24250.0,24230.25,87.5,88.0,86.3,86.7,350475,1745300400
2025-04-22 11:11:00,CE,ATM,11.403442,10847100,24200.0,24221.9,110.75,110.9,104.5,104.5,1060575,1745300460
2025-04-22 11:12:00,CE,ATM,12.07548,10862475,24200.0,24215.6,104.05,107.45,104.0,105.9,874275,1745300520
2025-04-22 11:13:00,CE,ATM,12.252844,10862475,24200.0,24222.75,106.4,111.2,106.4,111.2,728250,1745300580
2025-04-22 11:14:00,CE,ATM,12.312282,4715025,24250.0,24230.0,87.5,89.3,86.65,89.2,513675,1745300640
2025-04-22 11:15:00,CE,ATM,11.936425,10999800,24200.0,24223.65,112.95,113.35,108.8,109.35,673125,1745300700
2025-04-22 11:16:00,CE,ATM,12.077315,10999800,24200.0,24221.5,109.1,109.6,106.7,109.15,501000,1745300760
2025-04-22 11:17:00,CE,ATM,11.946236,10999800,24200.0,24222.35,109.3,110.55,107.1,108.65,322800,1745300820
2025-04-22 11:18:00,CE,ATM,12.236725,4959750,24250.0,24229.25,85.1,88.5,84.95,88.2,276600,1745300880
2025-04-22 11:19:00,CE,ATM,12.183553,4959750,24250.0,24227.95,88.55,88.6,86.0,87.15,220425,1745300940
2025-04-22 11:20:00,CE,ATM,12.243176,4959750,24250.0,24228.2,86.95,87.7,85.5,87.7,176250,1745301000
2025-04-22 11:21:00,CE,ATM,12.34859,4960425,24250.0,24225.8,87.3,87.7,86.1,87.3,127050,1745301060
2025-04-22 11:22:00,CE,ATM,12.241669,4960425,24250.0,24232.25,87.5,90.25,87.5,89.65,426525,1745301120
2025-04-22 11:23:00,CE,ATM,12.089791,11086725,24200.0,24223.75,113.75,114.05,110.05,110.4,570000,1745301180
2025-04-22 11:24:00,CE,ATM,12.476131,10954425,24200.0,24202.3,110.1,110.1,101.25,101.45,1426950,1745301240
2025-04-22 11:25:00,CE,ATM,12.66117,10954425,24200.0,24204.45,100.8,104.45,99.1,103.95,1494075,1745301300
2025-04-22 11:26:00,CE,ATM,12.066719,10954425,24200.0,24193.85,103.55,104.3,93.95,93.95,1404450,1745301360
2025-04-22 11:27:00,CE,ATM,12.456585,10893300,24200.0,24201.35,93.8,100.75,93.8,100.75,1054500,1745301420
2025-04-22 11:28:00,CE,ATM,12.34734,10893300,24200.0,24197.6,100.45,100.75,97.2,97.95,749850,1745301480
2025-04-22 11:29:00,CE,ATM,12.241424,10893300,24200.0,24190.15,99.0,100.8,93.3,93.3,749025,1745301540
2025-04-22 11:30:00,CE,ATM,12.467644,11170275,24200.0,24188.35,94.0,94.05,90.7,94.05,1377750,1745301600
2025-04-22 11:31:00,CE,ATM,12.565334,11170275,24200.0,24196.8,94.1,99.1,92.9,99.1,1005150,1745301660
2025-04-22 11:32:00,CE,ATM,12.373836,11170275,24200.0,24197.45,99.5,100.7,98.0,98.0,952125,1745301720
2025-04-22 11:33:00,CE,ATM,12.183361,11507400,24200.0,24190.05,97.9,98.85,92.75,92.75,684075,1745301780
2025-04-22 11:34:00,CE,ATM,11.892338,4477875,24150.0,24173.8,116.4,117.05,108.15,108.6,783300,1745301840
2025-04-22 11:35:00,CE,ATM,12.046786,4477875,24150.0,24167.75,110.15,112.55,106.3,106.3,574050,1745301900
2025-04-22 11:36:00,CE,ATM,12.052129,11542425,24200.0,24183.45,82.15,89.6,81.25,88.4,1204500,1745301960
2025-04-22 11:37:00,CE,ATM,12.28989,11542425,24200.0,24190.2,88.65,93.55,87.8,93.55,880575,1745302020
2025-04-22 11:38:00,CE,ATM,12.017487,11542425,24200.0,24197.25,93.2,95.15,92.65,95.15,946500,1745302080
2025-04-22 11:39:00,CE,ATM,11.892116,11929800,24200.0,24199.15,94.7,96.45,94.05,95.2,930750,1745302140
2025-04-22 11:40:00,CE,ATM,11.940193,11929800,24200.0,24196.4,95.5,97.0,93.15,94.1,940125,1745302200
2025-04-22 11:41:00,CE,ATM,12.130037,11929800,24200.0,24210.3,94.9,102.9,94.55,102.9,1129650,1745302260
2025-04-22 11:42:00,CE,ATM,11.790087,12192825,24200.0,24208.05,102.25,102.4,99.15,99.15,1253700,1745302320
2025-04-22 11:43:00,CE,ATM,11.853864,12192825,24200.0,24212.8,99.0,102.2,97.35,102.2,686625,1745302380
2025-04-22 11:44:00,CE,ATM,11.950799,12192825,24200.0,24209.7,102.0,102.05,100.15,101.2,557250,1745302440
2025-04-22 11:45:00,CE,ATM,11.828594,12133125,24200.0,24205.95,100.65,101.25,97.45,98.25,599625,1745302500
2025-04-22 11:46:00,CE,ATM,11.769364,12133125,24200.0,24205.4,98.4,100.7,97.5,97.5,445200,1745302560
2025-04-22 11:47:00,CE,ATM,12.029291,12133125,24200.0,24207.25,97.65,100.55,97.65,100.4,340350,1745302620
2025-04-22 11:48:00,CE,ATM,11.949685,12030675,24200.0,24212.85,99.8,102.85,99.8,102.85,661725,1745302680
2025-04-22 11:49:00,CE,ATM,11.935605,12030675,24200.0,24213.25,102.7,104.2,101.45,102.95,873150,1745302740
2025-04-22 11:50:00,CE,ATM,11.719322,12030675,24200.0,24215.25,102.75,103.55,100.7,102.45,562725,1745302800
2025-04-22 11:51:00,CE,ATM,11.999937,12001350,24200.0,24206.2,102.0,102.0,98.5,99.55,583200,1745302860
2025-04-22 11:52:00,CE,ATM,11.921664,12001350,24200.0,24211.8,99.4,102.45,98.25,102.0,509925,1745302920
2025-04-22 11:53:00,CE,ATM,11.91565,12001350,24200.0,24210.45,102.45,103.3,101.2,101.2,456150,1745302980
2025-04-22 11:54:00,CE,ATM,11.843287,12049050,24200.0,24213.0,101.5,102.6,100.9,102.05,236700,1745303040
2025-04-22 11:55:00,CE,ATM,11.825577,12049050,24200.0,24213.9,102.8,105.15,101.95,102.4,953475,1745303100
2025-04-22 11:56:00,CE,ATM,11.843883,12049050,24200.0,24211.05,102.05,103.05,99.05,100.95,530025,1745303160
2025-04-22 11:57:00,CE,ATM,11.974621,11962425,24200.0,24211.15,101.0,103.05,100.8,101.95,323550,1745303220
2025-04-22 11:58:00,CE,ATM,11.887162,11962425,24200.0,24219.9,101.65,106.15,100.8,106.15,749850,1745303280
2025-04-22 11:59:00,CE,ATM,11.680955,11962425,24200.0,24217.9,106.1,106.6,103.5,103.5,713175,1745303340
2025-04-22 12:00:00,CE,ATM,12.190934,11908800,24200.0,24211.35,103.4,104.7,103.05,103.6,482025,1745303400
2025-04-22 12:01:00,CE,ATM,12.021697,11908800,24200.0,24208.25,103.25,103.85,99.3,100.65,686925,1745303460
2025-04-22 12:02:00,CE,ATM,12.096107,11908800,24200.0,24209.85,101.55,103.4,101.05,102.05,356325,1745303520
2025-04-22 12:03:00,CE,ATM,12.108297,11877975,24200.0,24209.9,102.05,102.15,100.05,102.15,297675,1745303580
2025-04-22 12:04:00,CE,ATM,12.147678,11877975,24200.0,24211.05,101.6,103.55,101.6,103.05,282075,1745303640
2025-04-22 12:05:00,CE,ATM,12.141752,11877975,24200.0,24209.05,102.1,102.65,100.75,101.9,246825,1745303700
2025-04-22 12:06:00,CE,ATM,12.049041,11803350,24200.0,24210.7,101.35,102.7,100.2,102.1,321150,1745303760
2025-04-22 12:07:00,CE,ATM,12.146097,11803350,24200.0,24206.65,101.9,102.1,99.85,100.6,264375,1745303820
2025-04-22 12:08:00,CE,ATM,12.07205,11803350,24200.0,24205.65,100.3,101.0,99.0,99.5,421575,1745303880
2025-04-22 12:09:00,CE,ATM,12.033514,11689875,24200.0,24199.35,98.8,100.0,95.5,95.85,778650,1745303940
2025-04-22 12:10:00,CE,ATM,12.191937,11689875,24200.0,24194.65,95.95,98.2,94.55,94.55,547875,1745304000
2025-04-22 12:11:00,CE,ATM,12.287124,11689875,24200.0,24195.45,94.7,96.6,92.45,95.65,775125,1745304060
2025-04-22 12:12:00,CE,ATM,12.276191,11749650,24200.0,24197.75,95.75,97.3,94.3,96.75,396075,1745304120
2025-04-22 12:13:00,CE,ATM,12.391941,11749650,24200.0,24203.65,96.6,100.7,96.6,100.7,526200,1745304180
2025-04-22 12:14:00,CE,ATM,12.336664,11749650,24200.0,24202.85,100.3,100.8,99.35,99.85,461700,1745304240
2025-04-22 12:15:00,CE,ATM,12.191818,11666475,24200.0,24201.5,100.0,100.15,97.6,98.05,469350,1745304300
2025-04-22 12:16:00,CE,ATM,12.186293,11666475,24200.0,24200.0,98.05,99.2,96.5,97.2,237825,1745304360
2025-04-22 12:17:00,CE,ATM,12.53579,11666475,24200.0,24196.45,97.45,99.5,96.4,97.9,347400,1745304420
2025-04-22 12:18:00,CE,ATM,12.590632,11765925,24200.0,24192.8,97.4,97.6,95.0,96.4,599400,1745304480
2025-04-22 12:19:00,CE,ATM,12.642544,11765925,24200.0,24191.6,96.15,96.55,94.45,96.15,341625,1745304540
2025-04-22 12:20:00,CE,ATM,12.642199,11765925,24200.0,24188.2,95.2,96.45,94.35,94.4,388725,1745304600
2025-04-22 12:21:00,CE,ATM,12.408293,11847750,24200.0,24183.2,93.85,95.1,90.0,90.15,835800,1745304660
2025-04-22 12:22:00,CE,ATM,12.370128,11847750,24200.0,24185.7,90.95,91.15,89.75,91.1,617175,1745304720
2025-04-22 12:23:00,CE,ATM,12.403651,11847750,24200.0,24192.05,91.3,95.55,90.55,94.55,633675,1745304780
2025-04-22 12:24:00,CE,ATM,12.537355,11847750,24200.0,24195.7,95.75,98.15,95.45,97.4,681225,1745304840
2025-04-22 12:25:00,CE,ATM,12.529989,11986350,24200.0,24192.35,97.7,97.7,94.6,95.6,460950,1745304900
2025-04-22 12:26:00,CE,ATM,12.310738,11986350,24200.0,24190.85,96.0,96.9,93.2,93.2,378675,1745304960
2025-04-22 12:27:00,CE,ATM,12.588148,11986350,24200.0,24187.35,92.55,93.8,92.25,93.45,313575,1745305020
2025-04-22 12:28:00,CE,ATM,12.536806,12120900,24200.0,24194.2,92.5,96.6,92.5,96.55,362775,1745305080
2025-04-22 12:29:00,CE,ATM,12.450605,12120900,24200.0,24192.65,96.95,97.1,94.55,95.1,333300,1745305140
2025-04-22 12:30:00,CE,ATM,12.348408,12120900,24200.0,24189.95,95.2,95.95,92.95,92.95,379875,1745305200
2025-04-22 12:31:00,CE,ATM,12.717259,12288300,24200.0,24184.7,92.6,93.55,92.15,93.0,324300,1745305260
2025-04-22 12:32:00,CE,ATM,12.512297,12288300,24200.0,24183.75,93.35,93.45,90.2,91.0,462000,1745305320
2025-04-22 12:33:00,CE,ATM,12.419186,12288300,24200.0,24182.85,91.3,91.7,89.55,89.85,448050,1745305380
2025-04-22 12:34:00,CE,ATM,12.393819,12368175,24200.0,24187.75,88.95,92.2,88.95,92.1,401700,1745305440
2025-04-22 12:35:00,CE,ATM,12.515619,12368175,24200.0,24182.8,91.1,92.3,88.8,90.5,397500,1745305500
2025-04-22 12:36:00,CE,ATM,12.499775,12368175,24200.0,24181.05,89.8,90.15,88.85,89.5,353175,1745305560
2025-04-22 12:37:00,CE,ATM,12.731099,12317175,24200.0,24182.7,89.55,92.55,89.55,92.0,319425,1745305620
2025-04-22 12:38:00,CE,ATM,12.742209,12317175,24200.0,24180.65,91.95,92.4,89.6,91.05,309750,1745305680
2025-04-22 12:39:00,CE,ATM,12.720931,12317175,24200.0,24180.8,91.25,92.05,90.2,90.95,188325,1745305740
2025-04-22 12:40:00,CE,ATM,12.405297,12331950,24200.0,24183.7,91.35,91.55,89.85,90.05,311250,1745305800
2025-04-22 12:41:00,CE,ATM,12.596775,12331950,24200.0,24178.35,90.15,90.6,87.85,88.8,447825,1745305860
2025-04-22 12:42:00,CE,ATM,12.562467,12331950,24200.0,24182.25,88.75,90.8,87.05,90.45,419625,1745305920
2025-04-22 12:43:00,CE,ATM,12.71476,12322050,24200.0,24187.15,90.55,94.0,90.4,94.0,575625,1745305980
2025-04-22 12:44:00,CE,ATM,12.609962,12322050,24200.0,24189.3,94.0,95.65,94.0,94.3,822225,1745306040
2025-04-22 12:45:00,CE,ATM,12.67498,12322050,24200.0,24187.7,94.0,94.55,93.1,93.95,440325,1745306100
2025-04-22 12:46:00,CE,ATM,12.489017,12481425,24200.0,24180.75,94.05,94.05,89.1,89.1,560700,1745306160
2025-04-22 12:47:00,CE,ATM,12.739701,12481425,24200.0,24180.4,88.75,90.85,88.75,90.75,334050,1745306220
2025-04-22 12:48:00,CE,ATM,12.641329,12481425,24200.0,24182.1,90.8,91.45,89.45,90.85,243900,1745306280
2025-04-22 12:49:00,CE,ATM,12.609102,12356700,24200.0,24178.45,90.55,91.35,88.8,88.8,253425,1745306340
2025-04-22 12:50:00,CE,ATM,12.649303,12356700,24200.0,24176.65,88.8,90.6,87.9,88.2,373050,1745306400
2025-04-22 12:51:00,CE,ATM,12.568824,12356700,24200.0,24178.0,88.4,90.1,87.95,88.25,356475,1745306460
2025-04-22 12:52:00,CE,ATM,12.700726,12425700,24200.0,24180.55,88.15,90.9,87.3,90.45,380475,1745306520
2025-04-22 12:53:00,CE,ATM,12.623016,12425700,24200.0,24182.85,90.35,91.7,89.95,91.0,365550,1745306580
2025-04-22 12:54:00,CE,ATM,12.671897,12425700,24200.0,24181.05,90.95,91.2,89.8,90.45,252750,1745306640
2025-04-22 12:55:00,CE,ATM,12.562973,12374550,24200.0,24182.8,90.1,91.1,89.4,90.5,284025,1745306700
2025-04-22 12:56:00,CE,ATM,12.668156,12374550,24200.0,24184.3,90.9,92.25,90.45,92.0,496725,1745306760
2025-04-22 12:57:00,CE,ATM,12.649415,12374550,24200.0,24187.4,92.45,93.8,92.05,93.4,492825,1745306820
2025-04-22 12:58:00,CE,ATM,12.774154,12423525,24200.0,24181.7,93.3,93.3,91.3,91.45,274950,1745306880
2025-04-22 12:59:00,CE,ATM,12.638763,12423525,24200.0,24180.3,91.45,91.45,89.25,89.75,370275,1745306940
2025-04-22 13:00:00,CE,ATM,12.690549,12423525,24200.0,24178.85,89.75,89.95,88.6,89.4,311625,1745307000
2025-04-22 13:01:00,CE,ATM,12.724559,12437925,24200.0,24179.5,89.85,91.6,89.65,89.95,317625,1745307060
2025-04-22 13:02:00,CE,ATM,12.778968,12437925,24200.0,24177.7,89.75,89.95,88.55,89.45,224775,1745307120
2025-04-22 13:03:00,CE,ATM,12.898665,12437925,24200.0,24178.4,89.5,90.65,88.0,90.65,404400,1745307180
2025-04-22 13:04:00,CE,ATM,12.72903,12501675,24200.0,24180.05,90.0,90.6,89.6,90.2,247425,1745307240
2025-04-22 13:05:00,CE,ATM,12.771189,12501675,24200.0,24179.05,90.2,90.7,89.35,90.0,175650,1745307300
2025-04-22 13:06:00,CE,ATM,12.835807,12501675,24200.0,24177.3,89.55,90.5,88.6,89.6,232875,1745307360
2025-04-22 13:07:00,CE,ATM,12.818109,12532725,24200.0,24175.75,89.35,90.5,87.9,88.7,325500,1745307420
2025-04-22 13:08:00,CE,ATM,12.787711,4813575,24150.0,24170.45,114.15,114.15,111.15,111.6,250500,1745307480
2025-04-22 13:09:00,CE,ATM,12.656183,4813575,24150.0,24170.75,111.7,112.8,109.45,110.8,296625,1745307540
2025-04-22 13:10:00,CE,ATM,12.932593,4766700,24150.0,24173.1,110.4,115.2,110.4,114.1,294525,1745307600
2025-04-22 13:11:00,CE,ATM,12.898483,12442500,24200.0,24175.2,88.85,89.7,88.4,88.95,242175,1745307660
2025-04-22 13:12:00,CE,ATM,12.915559,12442500,24200.0,24179.7,89.35,92.1,89.35,91.25,618375,1745307720
2025-04-22 13:13:00,CE,ATM,12.783887,12400950,24200.0,24182.9,91.1,92.25,90.3,91.85,334275,1745307780
2025-04-22 13:14:00,CE,ATM,12.909017,12400950,24200.0,24182.1,92.05,92.7,91.05,92.35,470550,1745307840
2025-04-22 13:15:00,CE,ATM,12.890497,12400950,24200.0,24181.5,92.1,92.4,91.45,91.9,369525,1745307900
2025-04-22 13:16:00,CE,ATM,12.82465,12491850,24200.0,24181.7,91.65,93.7,91.5,91.5,639900,1745307960
2025-04-22 13:17:00,CE,ATM,12.921198,12491850,24200.0,24179.9,90.9,91.8,89.75,91.3,595725,1745308020
2025-04-22 13:18:00,CE,ATM,12.8226,12491850,24200.0,24181.6,91.85,92.55,91.3,91.4,278625,1745308080
2025-04-22 13:19:00,CE,ATM,12.870709,12499575,24200.0,24183.75,91.75,94.25,91.75,92.8,506400,1745308140
2025-04-22 13:20:00,CE,ATM,12.680248,12499575,24200.0,24191.4,93.05,95.7,92.55,95.25,832050,1745308200
2025-04-22 13:21:00,CE,ATM,12.565454,12499575,24200.0,24193.75,95.4,96.45,94.9,95.6,902550,1745308260
2025-04-22 13:22:00,CE,ATM,12.741286,12685725,24200.0,24192.65,95.75,96.95,93.9,96.3,659475,1745308320
2025-04-22 13:23:00,CE,ATM,12.502217,12685725,24200.0,24191.6,96.45,96.45,93.1,94.0,430875,1745308380
2025-04-22 13:24:00,CE,ATM,12.625366,12685725,24200.0,24191.05,93.9,94.65,93.5,94.6,318525,1745308440
2025-04-22 13:25:00,CE,ATM,12.576017,12726000,24200.0,24191.3,94.75,95.4,94.0,94.35,316950,1745308500
2025-04-22 13:26:00,CE,ATM,12.52983,12726000,24200.0,24191.7,94.0,96.0,94.0,94.2,465450,1745308560
2025-04-22 13:27:00,CE,ATM,12.490182,12726000,24200.0,24189.85,93.5,94.15,92.9,92.95,337425,1745308620
2025-04-22 13:28:00,CE,ATM,12.322513,12792600,24200.0,24191.4,93.65,93.65,91.1,92.5,427500,1745308680
2025-04-22 13:29:00,CE,ATM,12.29729,12792600,24200.0,24188.65,92.45,92.45,90.6,90.9,328650,1745308740
2025-04-22 13:30:00,CE,ATM,12.320147,12792600,24200.0,24188.75,90.75,92.5,90.5,91.1,335400,1745308800
2025-04-22 13:31:00,CE,ATM,12.545433,12826500,24200.0,24188.8,91.2,92.95,90.5,92.75,228750,1745308860
2025-04-22 13:32:00,CE,ATM,12.378322,12826500,24200.0,24190.15,92.75,94.0,92.0,92.2,318450,1745308920
2025-04-22 13:33:00,CE,ATM,12.551664,12826500,24200.0,24183.8,92.0,93.0,89.3,90.25,481650,1745308980
2025-04-22 13:34:00,CE,ATM,12.458101,12795000,24200.0,24184.3,89.75,89.95,88.15,89.8,565800,1745309040
2025-04-22 13:35:00,CE,ATM,12.678911,12795000,24200.0,24178.75,90.35,90.85,88.5,88.65,251625,1745309100
2025-04-22 13:36:00,CE,ATM,12.547264,12795000,24200.0,24181.55,88.55,90.8,88.55,89.05,198900,1745309160
2025-04-22 13:37:00,CE,ATM,12.450863,12730650,24200.0,24179.25,88.7,88.9,87.2,87.2,396900,1745309220
2025-04-22 13:38:00,CE,ATM,12.479894,12730650,24200.0,24181.5,87.2,88.65,86.9,88.5,366000,1745309280
2025-04-22 13:39:00,CE,ATM,12.706256,12730650,24200.0,24182.35,87.85,90.95,87.85,90.55,532050,1745309340
2025-04-22 13:40:00,CE,ATM,12.668367,12676950,24200.0,24185.45,90.3,91.8,90.0,91.8,303975,1745309400
2025-04-22 13:41:00,CE,ATM,12.625928,12676950,24200.0,24183.8,91.4,92.4,90.1,90.65,453150,1745309460
2025-04-22 13:42:00,CE,ATM,12.522006,12676950,24200.0,24184.65,91.15,91.8,90.3,90.3,147825,1745309520
2025-04-22 13:43:00,CE,ATM,12.462246,12781575,24200.0,24186.85,90.1,90.95,89.5,90.95,185625,1745309580
2025-04-22 13:44:00,CE,ATM,12.422945,12781575,24200.0,24182.65,91.55,91.75,87.7,88.55,358650,1745309640
2025-04-22 13:45:00,CE,ATM,12.429213,12781575,24200.0,24183.5,88.55,89.85,88.5,89.0,174300,1745309700
2025-04-22 13:46:00,CE,ATM,12.334769,12830850,24200.0,24182.5,88.65,88.65,86.9,87.8,365325,1745309760
2025-04-22 13:47:00,CE,ATM,12.293032,12830850,24200.0,24179.7,87.7,87.7,85.45,86.1,473175,1745309820
2025-04-22 13:48:00,CE,ATM,12.22827,12830850,24200.0,24178.55,85.9,86.65,84.65,85.05,637350,1745309880
2025-04-22 13:49:00,CE,ATM,12.324749,12748050,24200.0,24179.3,85.25,86.65,85.1,86.1,323250,1745309940
2025-04-22 13:50:00,CE,ATM,12.363666,12748050,24200.0,24181.0,86.15,87.2,85.0,87.2,232725,1745310000
2025-04-22 13:51:00,CE,ATM,12.269324,12748050,24200.0,24180.7,87.25,87.55,86.1,86.35,286425,1745310060
2025-04-22 13:52:00,CE,ATM,12.49051,12822150,24200.0,24177.35,86.5,86.7,84.75,86.3,291450,1745310120
2025-04-22 13:53:00,CE,ATM,12.490008,12822150,24200.0,24175.95,86.15,86.4,84.8,85.6,252750,1745310180
2025-04-22 13:54:00,CE,ATM,12.499443,4878600,24150.0,24173.8,110.35,112.8,109.5,110.6,111150,1745310240
2025-04-22 13:55:00,CE,ATM,12.584369,12749850,24200.0,24177.6,85.4,87.3,85.4,87.05,243450,1745310300
2025-04-22 13:56:00,CE,ATM,12.608361,12749850,24200.0,24178.1,87.5,87.85,86.65,87.45,311100,1745310360
2025-04-22 13:57:00,CE,ATM,12.604346,12749850,24200.0,24180.95,87.9,89.0,87.35,88.8,298575,1745310420
2025-04-22 13:58:00,CE,ATM,12.664777,12674325,24200.0,24180.4,88.6,89.35,87.65,88.95,349650,1745310480
2025-04-22 13:59:00,CE,ATM,12.583986,12674325,24200.0,24180.0,88.85,89.65,87.7,88.15,218100,1745310540
2025-04-22 14:00:00,CE,ATM,12.555439,12674325,24200.0,24180.05,87.9,88.9,87.25,87.95,227625,1745310600
2025-04-22 14:01:00,CE,ATM,12.586347,12651375,24200.0,24178.3,87.8,88.5,85.95,87.3,330450,1745310660
2025-04-22 14:02:00,CE,ATM,12.5638,12651375,24200.0,24180.1,87.15,89.1,87.15,88.0,285150,1745310720
2025-04-22 14:03:00,CE,ATM,12.602138,12651375,24200.0,24181.4,88.15,89.65,88.15,88.9,358275,1745310780
2025-04-22 14:04:00,CE,ATM,12.767806,12591375,24200.0,24182.85,88.75,91.0,88.75,90.8,391575,1745310840
2025-04-22 14:05:00,CE,ATM,12.608737,12591375,24200.0,24184.5,90.85,91.95,89.8,90.45,525225,1745310900
2025-04-22 14:06:00,CE,ATM,12.769953,12591375,24200.0,24185.6,90.15,92.15,89.75,92.15,413325,1745310960
2025-04-22 14:07:00,CE,ATM,12.682521,12525525,24200.0,24184.0,91.9,92.55,89.95,90.7,419775,1745311020
2025-04-22 14:08:00,CE,ATM,12.702426,12525525,24200.0,24185.25,91.3,92.7,91.0,91.45,347625,1745311080
2025-04-22 14:09:00,CE,ATM,12.680715,12525525,24200.0,24185.5,91.2,91.8,90.75,91.4,147300,1745311140
2025-04-22 14:10:00,CE,ATM,12.62232,12500475,24200.0,24181.05,91.3,91.3,88.75,88.75,302325,1745311200
2025-04-22 14:11:00,CE,ATM,12.664559,12500475,24200.0,24179.65,88.85,89.8,87.75,88.35,395175,1745311260
2025-04-22 14:12:00,CE,ATM,12.712033,12500475,24200.0,24177.55,88.3,88.9,87.1,87.65,243675,1745311320
2025-04-22 14:13:00,CE,ATM,12.678276,12421425,24200.0,24178.6,87.7,88.6,87.05,87.9,219825,1745311380
2025-04-22 14:14:00,CE,ATM,12.646472,12421425,24200.0,24178.8,87.85,88.5,87.5,87.75,171825,1745311440
2025-04-22 14:15:00,CE,ATM,12.62027,12421425,24200.0,24178.2,87.6,87.9,86.45,87.25,261825,1745311500
2025-04-22 14:16:00,CE,ATM,12.447859,12429450,24200.0,24179.15,86.85,87.95,86.3,86.45,151725,1745311560
2025-04-22 14:17:00,CE,ATM,12.446344,12429450,24200.0,24176.95,86.4,86.55,85.35,85.35,247200,1745311620
2025-04-22 14:18:00,CE,ATM,12.369667,12429450,24200.0,24177.2,85.6,86.25,84.9,84.9,325125,1745311680
2025-04-22 14:19:00,CE,ATM,12.325036,12585825,24200.0,24176.25,84.7,85.7,83.6,84.1,528900,1745311740
2025-04-22 14:20:00,CE,ATM,12.36651,12585825,24200.0,24176.7,83.9,85.3,83.8,84.6,251100,1745311800
2025-04-22 14:21:00,CE,ATM,12.305052,12585825,24200.0,24177.65,84.5,85.6,83.85,84.6,290400,1745311860
2025-04-22 14:22:00,CE,ATM,12.229527,12651900,24200.0,24178.6,84.6,84.9,83.8,84.5,304950,1745311920
2025-04-22 14:23:00,CE,ATM,12.287253,12651900,24200.0,24181.05,84.5,86.3,84.5,86.1,422700,1745311980
2025-04-22 14:24:00,CE,ATM,12.346685,12651900,24200.0,24179.6,86.35,86.65,84.85,85.8,267975,1745312040
2025-04-22 14:25:00,CE,ATM,12.280514,12681150,24200.0,24180.1,85.9,86.25,85.0,85.55,222375,1745312100
2025-04-22 14:26:00,CE,ATM,12.284687,12681150,24200.0,24178.95,85.15,86.5,84.85,85.0,259575,1745312160
2025-04-22 14:27:00,CE,ATM,11.919099,12681150,24200.0,24180.9,84.8,85.05,83.25,83.3,351750,1745312220
2025-04-22 14:28:00,CE,ATM,11.953709,12726975,24200.0,24181.95,83.1,84.55,82.85,84.05,405075,1745312280
2025-04-22 14:29:00,CE,ATM,11.992069,12726975,24200.0,24184.15,84.4,85.4,83.5,85.4,310050,1745312340
2025-04-22 14:30:00,CE,ATM,12.063129,12726975,24200.0,24182.95,85.35,85.35,83.05,85.3,305475,1745312400
2025-04-22 14:31:00,CE,ATM,12.005268,12785850,24200.0,24181.4,85.3,85.3,83.95,84.1,228075,1745312460
2025-04-22 14:32:00,CE,ATM,12.055488,12785850,24200.0,24180.8,84.05,84.6,83.2,84.15,201675,1745312520
2025-04-22 14:33:00,CE,ATM,11.981132,12785850,24200.0,24178.25,84.2,84.2,82.1,82.35,363825,1745312580
2025-04-22 14:34:00,CE,ATM,11.844811,12660600,24200.0,24175.25,82.25,82.25,79.4,79.9,1093575,1745312640
2025-04-22 14:35:00,CE,ATM,11.740401,12660600,24200.0,24175.6,79.65,80.6,78.75,79.3,650325,1745312700
2025-04-22 14:36:00,CE,ATM,11.944103,12660600,24200.0,24177.05,79.4,81.45,79.4,81.45,499050,1745312760
2025-04-22 14:37:00,CE,ATM,12.067872,12417375,24200.0,24177.0,81.6,82.7,81.5,82.3,389100,1745312820
2025-04-22 14:38:00,CE,ATM,12.060141,12417375,24200.0,24177.15,82.15,82.7,80.75,82.3,303150,1745312880
2025-04-22 14:39:00,CE,ATM,11.880425,12417375,24200.0,24180.25,82.65,83.3,80.6,82.5,321075,1745312940
2025-04-22 14:40:00,CE,ATM,11.941297,12344625,24200.0,24179.9,82.4,83.0,81.95,82.75,314100,1745313000
2025-04-22 14:41:00,CE,ATM,11.995613,12344625,24200.0,24177.8,82.3,82.9,81.95,82.1,245025,1745313060
2025-04-22 14:42:00,CE,ATM,11.893923,12344625,24200.0,24177.9,82.15,82.85,81.2,81.4,366825,1745313120
2025-04-22 14:43:00,CE,ATM,11.886704,12356775,24200.0,24178.35,81.6,82.2,81.15,81.55,155175,1745313180
2025-04-22 14:44:00,CE,ATM,12.061041,12356775,24200.0,24175.9,81.5,82.0,80.5,81.6,240450,1745313240
2025-04-22 14:45:00,CE,ATM,11.888257,4584900,24150.0,24172.1,106.7,106.7,103.8,104.4,197775,1745313300
2025-04-22 14:46:00,CE,ATM,11.725731,4567125,24150.0,24168.15,104.7,104.95,100.9,101.0,347175,1745313360
2025-04-22 14:47:00,CE,ATM,11.537615,4567125,24150.0,24155.8,99.65,99.65,91.8,92.85,934350,1745313420
2025-04-22 14:48:00,CE,ATM,11.578378,4567125,24150.0,24148.7,92.3,92.3,88.3,89.35,730125,1745313480
2025-04-22 14:49:00,CE,ATM,11.965301,4661550,24150.0,24152.1,88.2,93.9,88.2,93.9,535425,1745313540
2025-04-22 14:50:00,CE,ATM,11.940061,4661550,24150.0,24158.25,94.0,97.2,92.6,97.0,643650,1745313600
2025-04-22 14:51:00,CE,ATM,11.998964,4661550,24150.0,24159.9,97.4,99.1,97.4,98.3,482325,1745313660
2025-04-22 14:52:00,CE,ATM,12.156708,4668975,24150.0,24163.9,98.05,101.6,97.8,101.6,373500,1745313720
2025-04-22 14:53:00,CE,ATM,12.146232,4668975,24150.0,24170.7,101.8,105.65,101.8,105.3,599250,1745313780
2025-04-22 14:54:00,CE,ATM,12.205811,4668975,24150.0,24171.4,105.4,106.85,104.8,106.1,428100,1745313840
2025-04-22 14:55:00,CE,ATM,11.788534,4563300,24150.0,24174.25,105.85,107.2,104.75,104.75,370425,1745313900
2025-04-22 14:56:00,CE,ATM,12.692572,4563300,24150.0,24157.1,104.6,105.8,101.65,101.65,357825,1745313960
2025-04-22 14:57:00,CE,ATM,12.437238,4563300,24150.0,24163.7,100.5,104.25,99.65,103.4,319725,1745314020
2025-04-22 14:58:00,CE,ATM,12.418265,4461000,24150.0,24167.05,103.3,105.35,102.9,105.1,196650,1745314080
2025-04-22 14:59:00,CE,ATM,12.206143,4461000,24150.0,24171.55,105.55,107.45,105.1,106.1,278325,1745314140
2025-04-22 15:00:00,CE,ATM,11.826119,12107475,24200.0,24176.95,80.8,81.0,78.8,80.15,501450,1745314200
2025-04-22 15:01:00,CE,ATM,11.784945,4455600,24150.0,24171.4,103.85,103.95,102.3,103.0,204075,1745314260
2025-04-22 15:02:00,CE,ATM,11.880633,4455600,24150.0,24172.0,102.7,104.9,101.45,104.0,228975,1745314320
2025-04-22 15:03:00,CE,ATM,12.118443,11943225,24200.0,24178.3,79.9,82.85,79.9,82.85,568950,1745314380
2025-04-22 15:04:00,CE,ATM,12.069998,11808075,24200.0,24177.3,83.0,84.15,82.0,82.0,743700,1745314440
2025-04-22 15:05:00,CE,ATM,12.343971,4376025,24150.0,24174.6,106.9,108.7,104.55,108.7,347550,1745314500
2025-04-22 15:06:00,CE,ATM,12.130824,4376025,24150.0,24174.2,108.05,108.05,106.55,106.95,141000,1745314560
2025-04-22 15:07:00,CE,ATM,12.720863,4356525,24150.0,24166.35,106.8,106.95,104.85,106.7,215625,1745314620
2025-04-22 15:08:00,CE,ATM,12.77421,4356525,24150.0,24166.15,106.95,108.15,106.95,106.95,291900,1745314680
2025-04-22 15:09:00,CE,ATM,12.363037,4356525,24150.0,24172.55,106.85,107.6,105.6,107.6,260550,1745314740
2025-04-22 15:10:00,CE,ATM,12.784278,4233525,24150.0,24167.35,106.9,108.0,106.6,107.65,230475,1745314800
2025-04-22 15:11:00,CE,ATM,12.876575,4233525,24150.0,24164.75,107.5,108.75,106.35,106.85,212100,1745314860
2025-04-22 15:12:00,CE,ATM,12.699498,4233525,24150.0,24165.25,106.75,107.5,105.8,105.85,211725,1745314920
2025-04-22 15:13:00,CE,ATM,12.712268,4113300,24150.0,24163.3,106.1,106.6,104.2,104.85,232950,1745314980
2025-04-22 15:14:00,CE,ATM,13.041751,4113300,24150.0,24161.15,105.45,106.0,104.75,106.0,182700,1745315040
2025-04-22 15:15:00,CE,ATM,13.014993,4113300,24150.0,24161.35,105.75,107.0,104.3,105.9,439425,1745315100
2025-04-22 15:16:00,CE,ATM,13.285218,3877650,24150.0,24158.2,106.6,107.8,105.9,106.1,307575,1745315160
2025-04-22 15:17:00,CE,ATM,13.084277,3877650,24150.0,24155.4,106.5,107.15,102.95,103.15,276450,1745315220
2025-04-22 15:18:00,CE,ATM,13.161855,3877650,24150.0,24157.95,104.0,106.0,103.8,105.05,319500,1745315280
2025-04-22 15:19:00,CE,ATM,12.965226,3829425,24150.0,24164.6,105.0,107.5,105.0,107.25,293400,1745315340
2025-04-22 15:20:00,CE,ATM,12.544011,3829425,24150.0,24172.05,107.2,108.95,107.05,108.4,456525,1745315400
2025-04-22 15:21:00,CE,ATM,12.590871,3829425,24150.0,24171.85,108.6,108.9,108.0,108.6,196125,1745315460
2025-04-22 15:22:00,CE,ATM,12.49376,3745200,24150.0,24169.9,108.15,108.3,106.4,106.8,216450,1745315520
2025-04-22 15:23:00,CE,ATM,12.905423,3745200,24150.0,24165.05,107.0,108.0,105.65,107.0,158400,1745315580
2025-04-22 15:24:00,CE,ATM,12.801148,3745200,24150.0,24166.15,107.2,107.55,106.15,106.85,172500,1745315640
2025-04-22 15:25:00,CE,ATM,12.962943,3642375,24150.0,24162.55,107.6,107.6,105.75,106.0,304275,1745315700
2025-04-22 15:26:00,CE,ATM,12.618379,3642375,24150.0,24165.3,106.05,106.3,102.6,105.05,285900,1745315760
2025-04-22 15:27:00,CE,ATM,12.604083,3642375,24150.0,24162.15,105.25,105.25,103.0,103.2,188550,1745315820
2025-04-22 15:28:00,CE,ATM,12.565015,3545250,24150.0,24161.5,104.0,104.25,102.05,102.55,237450,1745315880
2025-04-22 15:29:00,CE,ATM,14.02823,3545250,24150.0,24134.05,102.6,102.8,98.65,98.65,455250,1745315940
2025-04-23 09:15:00,CE,ATM,13.460563,6800625,24300.0,24291.8,80.4,97.0,60.0,76.75,5123925,1745379900
2025-04-23 09:16:00,CE,ATM,15.136487,6800625,24300.0,24303.75,79.75,92.4,79.75,92.4,4825500,1745379960
2025-04-23 09:17:00,CE,ATM,14.279143,6800625,24300.0,24321.35,91.75,104.0,90.6,97.05,4458300,1745380020
2025-04-23 09:18:00,CE,ATM,14.005857,7688175,24300.0,24316.7,97.25,99.45,90.95,92.9,2528250,1745380080
2025-04-23 09:19:00,CE,ATM,13.277177,7688175,24300.0,24313.5,91.55,92.4,87.0,87.0,2459775,1745380140
2025-04-23 09:20:00,CE,ATM,14.37584,4210500,24350.0,24326.9,65.35,74.75,63.65,74.75,2186625,1745380200
2025-04-23 09:21:00,CE,ATM,14.484403,4866075,24350.0,24336.45,74.7,83.0,72.9,79.95,3372900,1745380260
2025-04-23 09:22:00,CE,ATM,14.493329,4866075,24350.0,24347.35,79.55,86.6,78.6,85.45,2768775,1745380320
2025-04-23 09:23:00,CE,ATM,14.376623,4866075,24350.0,24348.4,83.5,86.65,81.45,85.3,1967700,1745380380
2025-04-23 09:24:00,CE,ATM,14.417938,5336100,24350.0,24349.35,85.0,87.25,82.45,86.0,1715175,1745380440
2025-04-23 09:25:00,CE,ATM,14.38991,5336100,24350.0,24343.25,85.7,86.6,82.7,82.7,1905375,1745380500
2025-04-23 09:26:00,CE,ATM,14.356357,5336100,24350.0,24336.05,82.55,83.5,77.4,78.9,2312325,1745380560
2025-04-23 09:27:00,CE,ATM,13.840889,6150525,24350.0,24339.0,80.1,83.0,76.8,77.4,1526625,1745380620
2025-04-23 09:28:00,CE,ATM,13.144151,6150525,24350.0,24329.5,78.65,78.65,68.8,68.8,2091525,1745380680
2025-04-23 09:29:00,CE,ATM,13.176333,9041700,24300.0,24319.1,93.35,96.7,88.75,89.3,2248875,1745380740
2025-04-23 09:30:00,CE,ATM,13.523255,10215375,24300.0,24295.55,86.95,91.6,78.65,78.65,3551925,1745380800
2025-04-23 09:31:00,CE,ATM,13.981017,10215375,24300.0,24316.35,77.45,92.25,77.45,92.25,3504600,1745380860
2025-04-23 09:32:00,CE,ATM,13.433342,10215375,24300.0,24315.0,92.0,96.4,86.95,88.4,3251400,1745380920
2025-04-23 09:33:00,CE,ATM,13.777002,11546400,24300.0,24303.25,87.45,87.45,82.1,84.0,1869075,1745380980
2025-04-23 09:34:00,CE,ATM,14.236787,11546400,24300.0,24285.85,83.8,83.8,73.1,77.75,3789675,1745381040
2025-04-23 09:35:00,CE,ATM,14.559213,3249075,24250.0,24270.55,101.4,102.0,95.75,97.55,852225,1745381100
2025-04-23 09:36:00,CE,ATM,14.921306,12368475,24300.0,24277.2,75.25,77.75,71.5,77.4,2153850,1745381160
2025-04-23 09:37:00,CE,ATM,14.276362,12368475,24300.0,24275.75,75.5,77.25,72.0,73.05,1570350,1745381220
2025-04-23 09:38:00,CE,ATM,13.6507,3758850,24250.0,24266.7,96.8,98.65,90.0,90.25,1011975,1745381280
2025-04-23 09:39:00,CE,ATM,13.864697,4354725,24250.0,24274.6,91.3,97.4,91.3,95.85,720075,1745381340
2025-04-23 09:40:00,CE,ATM,13.871634,13420050,24300.0,24287.3,72.5,79.25,70.55,76.25,2159625,1745381400
2025-04-23 09:41:00,CE,ATM,13.857057,13420050,24300.0,24286.5,77.6,82.6,75.75,75.75,3871200,1745381460
2025-04-23 09:42:00,CE,ATM,13.586139,14295000,24300.0,24297.95,75.05,79.95,75.05,79.95,1499325,1745381520
2025-04-23 09:43:00,CE,ATM,13.316416,14295000,24300.0,24308.5,80.0,84.4,80.0,83.95,2581050,1745381580
2025-04-23 09:44:00,CE,ATM,12.948391,14295000,24300.0,24320.65,84.2,88.55,83.0,88.55,2925600,1745381640
2025-04-23 09:45:00,CE,ATM,13.220741,9057900,24350.0,24331.4,65.65,70.35,64.85,69.75,2412150,1745381700
2025-04-23 09:46:00,CE,ATM,13.126818,9057900,24350.0,24339.4,69.65,77.85,69.2,73.1,3703125,1745381760
2025-04-23 09:47:00,CE,ATM,13.311076,9057900,24350.0,24333.55,73.85,74.8,68.7,71.25,1787850,1745381820
2025-04-23 09:48:00,CE,ATM,13.116062,8775900,24350.0,24338.0,71.65,72.75,67.25,72.3,1203900,1745381880
2025-04-23 09:49:00,CE,ATM,12.586673,8775900,24350.0,24340.45,71.55,72.85,70.0,70.5,941400,1745381940
2025-04-23 09:50:00,CE,ATM,12.377382,13142475,24300.0,24319.0,94.55,94.95,80.7,84.3,3234750,1745382000
2025-04-23 09:51:00,CE,ATM,12.534466,13063425,24300.0,24323.4,85.6,89.35,84.6,87.65,1580100,1745382060
2025-04-23 09:52:00,CE,ATM,11.993812,13063425,24300.0,24323.35,86.4,88.3,83.4,84.6,1167975,1745382120
2025-04-23 09:53:00,CE,ATM,12.895586,13063425,24300.0,24319.05,85.1,87.6,82.25,87.15,1083900,1745382180
2025-04-23 09:54:00,CE,ATM,12.547663,9014175,24350.0,24326.75,64.1,67.0,63.0,63.55,1146900,1745382240
2025-04-23 09:55:00,CE,ATM,12.333793,13314075,24300.0,24313.35,86.6,88.0,78.7,80.8,2130450,1745382300
2025-04-23 09:56:00,CE,ATM,12.619909,13314075,24300.0,24308.8,82.25,83.75,79.55,79.9,1125600,1745382360
2025-04-23 09:57:00,CE,ATM,12.311144,13801500,24300.0,24313.75,79.05,81.6,78.75,80.85,1073550,1745382420
2025-04-23 09:58:00,CE,ATM,12.467025,13801500,24300.0,24306.85,79.8,80.15,75.15,77.95,1625700,1745382480
2025-04-23 09:59:00,CE,ATM,12.659549,13801500,24300.0,24305.9,77.7,78.7,76.0,78.5,843750,1745382540
2025-04-23 10:00:00,CE,ATM,12.680928,13946475,24300.0,24314.75,79.85,83.85,79.85,83.4,1599750,1745382600
2025-04-23 10:01:00,CE,ATM,12.696326,13946475,24300.0,24303.9,82.7,82.7,74.1,77.6,1796925,1745382660
2025-04-23 10:02:00,CE,ATM,13.062317,13946475,24300.0,24295.55,77.6,79.7,75.1,75.3,867525,1745382720
2025-04-23 10:03:00,CE,ATM,13.528449,14040000,24300.0,24291.4,76.35,77.8,74.3,75.8,954900,1745382780
2025-04-23 10:04:00,CE,ATM,13.592698,14040000,24300.0,24277.65,74.9,75.95,68.1,69.45,2492475,1745382840
2025-04-23 10:05:00,CE,ATM,13.936031,3852600,24250.0,24254.3,93.4,93.4,83.2,84.5,1476150,1745382900
2025-04-23 10:06:00,CE,ATM,14.097137,4465800,24250.0,24240.7,84.15,86.45,78.4,78.4,1213050,1745382960
2025-04-23 10:07:00,CE,ATM,14.549426,4465800,24250.0,24232.75,79.5,84.0,76.5,77.0,1499625,1745383020
2025-04-23 10:08:00,CE,ATM,14.752267,4465800,24250.0,24238.45,74.55,81.6,74.15,80.9,1459350,1745383080
2025-04-23 10:09:00,CE,ATM,14.701686,5450850,24250.0,24237.05,81.15,85.35,78.3,79.9,1470150,1745383140
2025-04-23 10:10:00,CE,ATM,15.270353,5450850,24250.0,24226.9,79.25,81.75,76.85,78.15,1013775,1745383200
2025-04-23 10:11:00,CE,ATM,15.174131,9150375,24200.0,24222.5,102.45,105.65,100.7,100.95,752400,1745383260
2025-04-23 10:12:00,CE,ATM,14.932324,6055125,24250.0,24228.35,76.4,78.55,74.8,76.9,888450,1745383320
2025-04-23 10:13:00,CE,ATM,14.832873,9671400,24200.0,24214.15,101.05,101.4,93.75,94.4,1417500,1745383380
2025-04-23 10:14:00,CE,ATM,14.911628,9671400,24200.0,24190.65,94.1,94.85,81.2,82.55,2625975,1745383440
2025-04-23 10:15:00,CE,ATM,15.897614,10519725,24200.0,24192.6,82.0,90.9,81.0,89.0,2435925,1745383500
2025-04-23 10:16:00,CE,ATM,15.589679,10519725,24200.0,24204.65,89.6,93.45,88.4,93.45,1570650,1745383560
2025-04-23 10:17:00,CE,ATM,15.464049,6613275,24250.0,24225.75,70.45,79.2,70.45,78.5,2075025,1745383620
2025-04-23 10:18:00,CE,ATM,14.997153,6645525,24250.0,24229.7,77.65,78.25,75.3,77.75,908850,1745383680
2025-04-23 10:19:00,CE,ATM,14.720724,10806375,24200.0,24218.3,101.95,101.95,95.1,95.9,1185675,1745383740
2025-04-23 10:20:00,CE,ATM,14.695364,10806375,24200.0,24218.6,96.2,102.4,95.9,95.9,995475,1745383800
2025-04-23 10:21:00,CE,ATM,15.329555,11001525,24200.0,24205.85,96.1,98.2,92.1,92.5,1237200,1745383860
2025-04-23 10:22:00,CE,ATM,15.466701,11001525,24200.0,24208.05,94.6,101.45,94.15,94.4,1063050,1745383920
2025-04-23 10:23:00,CE,ATM,15.16539,11001525,24200.0,24204.55,94.7,95.7,90.2,90.85,673725,1745383980
2025-04-23 10:24:00,CE,ATM,14.726999,11151675,24200.0,24211.7,90.65,93.85,87.1,92.2,1367025,1745384040
2025-04-23 10:25:00,CE,ATM,14.587301,11151675,24200.0,24206.75,92.85,92.85,88.5,88.75,882000,1745384100
2025-04-23 10:26:00,CE,ATM,14.971151,11151675,24200.0,24214.1,90.0,95.0,87.5,94.8,1039875,1745384160
2025-04-23 10:27:00,CE,ATM,14.617732,7225800,24250.0,24225.25,71.6,74.6,70.7,73.3,976425,1745384220
2025-04-23 10:28:00,CE,ATM,14.686473,7225800,24250.0,24230.3,74.0,76.05,73.1,76.05,951450,1745384280
2025-04-23 10:29:00,CE,ATM,14.78651,7225800,24250.0,24230.55,75.8,76.7,73.55,76.7,720150,1745384340
2025-04-23 10:30:00,CE,ATM,14.738432,7237050,24250.0,24240.15,75.3,81.1,74.3,81.1,1543950,1745384400
2025-04-23 10:31:00,CE,ATM,14.680763,7237050,24250.0,24226.0,79.85,81.7,73.6,73.9,1332450,1745384460
2025-04-23 10:32:00,CE,ATM,14.898561,11431425,24200.0,24222.0,99.3,100.5,94.7,98.6,1026225,1745384520
2025-04-23 10:33:00,CE,ATM,14.563921,11244150,24200.0,24210.65,97.05,97.4,90.5,90.5,1088625,1745384580
2025-04-23 10:34:00,CE,ATM,14.919413,11244150,24200.0,24192.8,91.45,93.3,83.15,83.15,1557225,1745384640
2025-04-23 10:35:00,CE,ATM,15.209887,11244150,24200.0,24181.15,83.4,83.4,72.0,79.0,2567100,1745384700
2025-04-23 10:36:00,CE,ATM,14.894047,11560500,24200.0,24207.1,79.0,90.35,78.4,90.35,2053650,1745384760
2025-04-23 10:37:00,CE,ATM,14.36471,11560500,24200.0,24200.15,89.95,89.95,82.45,83.75,1553400,1745384820
2025-04-23 10:38:00,CE,ATM,14.30614,11560500,24200.0,24198.6,83.2,85.0,79.8,82.6,997125,1745384880
2025-04-23 10:39:00,CE,ATM,14.524119,12126525,24200.0,24186.4,81.5,81.5,77.65,77.65,1062450,1745384940
2025-04-23 10:40:00,CE,ATM,14.607679,12126525,24200.0,24197.2,76.75,84.25,76.75,83.5,1160625,1745385000
2025-04-23 10:41:00,CE,ATM,14.696951,12126525,24200.0,24187.0,81.75,83.5,78.15,78.85,799050,1745385060
2025-04-23 10:42:00,CE,ATM,14.984725,12360300,24200.0,24183.9,79.9,83.05,77.95,78.9,756825,1745385120
2025-04-23 10:43:00,CE,ATM,15.237866,12360300,24200.0,24183.75,78.75,82.75,78.6,80.2,800550,1745385180
2025-04-23 10:44:00,CE,ATM,15.31572,3267000,24150.0,24169.5,106.45,106.45,99.0,99.0,361050,1745385240
2025-04-23 10:45:00,CE,ATM,15.482968,12744300,24200.0,24177.4,74.5,79.0,73.55,78.45,1460400,1745385300
2025-04-23 10:46:00,CE,ATM,15.337807,12744300,24200.0,24180.6,78.15,79.95,75.55,79.15,879225,1745385360
2025-04-23 10:47:00,CE,ATM,15.283717,3394650,24150.0,24174.35,104.95,106.6,101.15,101.45,312975,1745385420
2025-04-23 10:48:00,CE,ATM,15.021553,3558525,24150.0,24159.15,103.2,105.15,89.7,91.65,821475,1745385480
2025-04-23 10:49:00,CE,ATM,15.33796,3558525,24150.0,24147.85,92.5,94.35,85.6,87.45,956325,1745385540
2025-04-23 10:50:00,CE,ATM,14.642665,3558525,24150.0,24163.2,88.45,91.75,83.8,91.7,1285875,1745385600
2025-04-23 10:51:00,CE,ATM,14.283165,4150125,24150.0,24160.7,90.8,90.9,86.55,88.35,645075,1745385660
2025-04-23 10:52:00,CE,ATM,14.438725,4150125,24150.0,24156.25,88.0,90.85,86.55,86.8,472050,1745385720
2025-04-23 10:53:00,CE,ATM,14.681255,4150125,24150.0,24149.35,87.15,88.4,84.5,84.5,591675,1745385780
2025-04-23 10:54:00,CE,ATM,14.827851,4524675,24150.0,24129.55,84.4,88.15,75.45,75.45,1152750,1745385840
2025-04-23 10:55:00,CE,ATM,14.233753,4572675,24100.0,24124.6,103.9,106.25,95.5,95.5,929775,1745385900
2025-04-23 10:56:00,CE,ATM,15.249466,4524675,24150.0,24127.95,71.5,77.15,69.45,76.95,1144875,1745385960
2025-04-23 10:57:00,CE,ATM,15.339651,5101200,24150.0,24129.8,76.35,79.5,76.15,78.3,871125,1745386020
2025-04-23 10:58:00,CE,ATM,15.20704,5101200,24150.0,24143.15,78.8,84.75,77.35,84.1,958200,1745386080
2025-04-23 10:59:00,CE,ATM,14.853712,5101200,24150.0,24152.45,83.65,86.9,81.95,86.9,946275,1745386140
2025-04-23 11:00:00,CE,ATM,14.844112,5069925,24150.0,24165.05,86.45,94.7,86.45,93.55,1622850,1745386200
2025-04-23 11:01:00,CE,ATM,14.694134,5069925,24150.0,24164.4,93.1,93.6,87.1,92.35,1007175,1745386260
2025-04-23 11:02:00,CE,ATM,14.741715,14376300,24200.0,24176.5,68.2,73.5,67.4,73.5,1379550,1745386320
2025-04-23 11:03:00,CE,ATM,14.106152,14586900,24200.0,24183.65,74.1,74.85,71.65,73.4,2090250,1745386380
2025-04-23 11:04:00,CE,ATM,14.0951,5200275,24150.0,24174.35,98.1,99.65,91.15,94.55,895275,1745386440
2025-04-23 11:05:00,CE,ATM,13.775203,14586900,24200.0,24186.05,69.6,73.45,69.6,72.7,1334850,1745386500
2025-04-23 11:06:00,CE,ATM,14.24754,14731575,24200.0,24177.9,71.15,73.4,70.7,71.35,1068825,1745386560
2025-04-23 11:07:00,CE,ATM,14.413908,14731575,24200.0,24177.4,70.65,72.6,66.4,72.0,1500150,1745386620
2025-04-23 11:08:00,CE,ATM,14.139802,14731575,24200.0,24190.25,72.6,76.7,72.6,76.7,1837200,1745386680
2025-04-23 11:09:00,CE,ATM,14.412881,14565600,24200.0,24189.9,77.1,81.9,75.85,78.0,2582100,1745386740
2025-04-23 11:10:00,CE,ATM,14.280365,14565600,24200.0,24193.6,76.4,80.7,76.4,79.1,1357875,1745386800
2025-04-23 11:11:00,CE,ATM,14.522764,14565600,24200.0,24190.8,78.4,79.2,75.1,79.0,1249500,1745386860
2025-04-23 11:12:00,CE,ATM,14.060521,14562075,24200.0,24185.45,79.45,80.55,73.8,73.8,1260975,1745386920
2025-04-23 11:13:00,CE,ATM,14.208362,14562075,24200.0,24192.35,73.4,78.2,73.25,78.0,965850,1745386980
2025-04-23 11:14:00,CE,ATM,14.272401,14562075,24200.0,24191.7,79.2,80.6,76.25,78.0,1239300,1745387040
2025-04-23 11:15:00,CE,ATM,14.75027,13922325,24200.0,24209.0,78.6,92.8,77.2,89.55,3449100,1745387100
2025-04-23 11:16:00,CE,ATM,14.463946,13922325,24200.0,24212.6,89.05,92.6,87.7,89.9,2367075,1745387160
2025-04-23 11:17:00,CE,ATM,14.713578,13922325,24200.0,24208.35,89.35,89.5,81.15,88.95,2252775,1745387220
2025-04-23 11:18:00,CE,ATM,14.446644,13922325,24200.0,24210.65,89.45,90.65,85.7,88.7,1164150,1745387280
2025-04-23 11:19:00,CE,ATM,14.337324,14056350,24200.0,24214.65,88.8,91.6,86.6,90.25,1276125,1745387340
2025-04-23 11:20:00,CE,ATM,14.132994,14056350,24200.0,24214.9,90.0,92.5,86.85,89.25,1594725,1745387400
2025-04-23 11:21:00,CE,ATM,14.393412,14247900,24200.0,24212.9,90.1,91.9,86.9,89.55,933225,1745387460
2025-04-23 11:22:00,CE,ATM,14.062274,14247900,24200.0,24203.6,89.1,89.2,82.1,82.75,1475100,1745387520
2025-04-23 11:23:00,CE,ATM,13.845059,14247900,24200.0,24200.75,82.45,84.45,80.05,80.05,976950,1745387580
2025-04-23 11:24:00,CE,ATM,13.936914,14247900,24200.0,24180.0,79.45,79.45,68.55,70.2,2561400,1745387640
2025-04-23 11:25:00,CE,ATM,14.041609,13728600,24200.0,24195.35,70.7,80.3,70.7,78.3,1912800,1745387700
2025-04-23 11:26:00,CE,ATM,14.840621,13728600,24200.0,24205.7,79.9,88.5,79.55,88.0,1960725,1745387760
2025-04-23 11:27:00,CE,ATM,14.312872,13728600,24200.0,24205.8,87.9,87.9,83.85,85.15,1184400,1745387820
2025-04-23 11:28:00,CE,ATM,14.122047,14164950,24200.0,24200.1,85.05,85.05,79.9,81.1,948225,1745387880
2025-04-23 11:29:00,CE,ATM,13.683429,14164950,24200.0,24195.95,81.4,81.4,74.4,76.55,1164450,1745387940
2025-04-23 11:30:00,CE,ATM,14.172813,14164950,24200.0,24191.6,77.0,78.25,74.75,77.0,849675,1745388000
2025-04-23 11:31:00,CE,ATM,14.407943,14294175,24200.0,24199.65,76.45,85.55,76.45,82.35,1535025,1745388060
2025-04-23 11:32:00,CE,ATM,14.417294,14294175,24200.0,24197.95,80.5,82.75,78.05,81.5,816750,1745388120
2025-04-23 11:33:00,CE,ATM,14.890716,14294175,24200.0,24199.4,81.5,84.8,80.05,84.8,883425,1745388180
2025-04-23 11:34:00,CE,ATM,13.873701,14698950,24200.0,24207.9,83.7,86.0,83.5,83.7,1028625,1745388240
2025-04-23 11:35:00,CE,ATM,14.376775,14698950,24200.0,24203.25,83.15,87.5,81.7,83.95,1221375,1745388300
2025-04-23 11:36:00,CE,ATM,14.102182,14698950,24200.0,24212.65,83.7,88.25,81.55,87.45,1030575,1745388360
2025-04-23 11:37:00,CE,ATM,13.985401,14681475,24200.0,24206.15,87.25,88.65,82.5,83.3,1207950,1745388420
2025-04-23 11:38:00,CE,ATM,13.488396,14681475,24200.0,24196.7,84.25,85.5,75.65,75.65,1372950,1745388480
2025-04-23 11:39:00,CE,ATM,13.54734,14681475,24200.0,24200.3,75.8,80.3,75.8,77.8,1039650,1745388540
2025-04-23 11:40:00,CE,ATM,13.461954,14952825,24200.0,24207.4,77.45,85.9,77.05,81.05,1317000,1745388600
2025-04-23 11:41:00,CE,ATM,13.120483,14952825,24200.0,24204.25,81.35,83.1,76.35,77.5,963825,1745388660
2025-04-23 11:42:00,CE,ATM,13.802981,14952825,24200.0,24207.4,78.95,82.85,78.0,82.85,586125,1745388720
2025-04-23 11:43:00,CE,ATM,14.98002,7658025,24250.0,24227.45,61.55,74.35,61.1,74.35,1742025,1745388780
2025-04-23 11:44:00,CE,ATM,14.298132,7658025,24250.0,24239.2,73.4,81.95,71.65,76.3,2950200,1745388840
2025-04-23 11:45:00,CE,ATM,13.885313,7658025,24250.0,24236.4,76.25,76.5,72.55,72.65,1474050,1745388900
2025-04-23 11:46:00,CE,ATM,14.226488,6917775,24250.0,24236.95,71.1,75.35,70.5,74.75,1053225,1745388960
2025-04-23 11:47:00,CE,ATM,14.063915,6917775,24250.0,24244.1,75.7,77.85,74.35,77.4,1306650,1745389020
2025-04-23 11:48:00,CE,ATM,14.406111,6917775,24250.0,24249.9,77.95,82.2,76.6,82.2,1839750,1745389080
2025-04-23 11:49:00,CE,ATM,13.907316,7304475,24250.0,24247.25,80.4,80.4,77.5,78.1,1375425,1745389140
2025-04-23 11:50:00,CE,ATM,13.930589,7304475,24250.0,24231.5,77.2,77.2,70.4,70.4,1673175,1745389200
2025-04-23 11:51:00,CE,ATM,14.156386,7304475,24250.0,24230.35,69.8,72.9,69.75,71.05,1144350,1745389260
2025-04-23 11:52:00,CE,ATM,13.817452,12708900,24200.0,24212.45,98.55,98.65,85.4,85.4,1866450,1745389320
2025-04-23 11:53:00,CE,ATM,14.697348,12708900,24200.0,24218.35,87.1,94.05,87.1,93.35,1493850,1745389380
2025-04-23 11:54:00,CE,ATM,14.682883,12708900,24200.0,24224.7,94.0,99.35,93.4,96.8,1369275,1745389440
2025-04-23 11:55:00,CE,ATM,14.265246,12679350,24200.0,24221.35,95.85,97.7,92.65,92.65,813600,1745389500
2025-04-23 11:56:00,CE,ATM,14.902592,12679350,24200.0,24218.85,92.9,96.65,91.7,94.65,685725,1745389560
2025-04-23 11:57:00,CE,ATM,14.306079,12679350,24200.0,24214.0,94.4,95.25,88.55,88.75,805125,1745389620
2025-04-23 11:58:00,CE,ATM,14.418116,12748950,24200.0,24213.4,88.85,91.45,88.0,89.0,756000,1745389680
2025-04-23 11:59:00,CE,ATM,14.691153,12748950,24200.0,24205.1,88.9,90.3,84.65,86.0,1052250,1745389740
2025-04-23 12:00:00,CE,ATM,15.193341,12748950,24200.0,24211.05,88.25,92.2,88.25,91.85,904575,1745389800
2025-04-23 12:01:00,CE,ATM,14.884769,12770550,24200.0,24204.45,92.75,93.0,86.4,86.65,657450,1745389860
2025-04-23 12:02:00,CE,ATM,15.367727,12770550,24200.0,24217.7,86.9,96.35,86.7,96.35,1045800,1745389920
2025-04-23 12:03:00,CE,ATM,15.229823,12770550,24200.0,24217.55,96.8,97.45,93.85,95.5,1006050,1745389980
2025-04-23 12:04:00,CE,ATM,15.227433,12808050,24200.0,24215.8,95.2,96.1,91.7,94.5,642150,1745390040
2025-04-23 12:05:00,CE,ATM,15.266355,12808050,24200.0,24220.55,93.9,97.3,93.15,97.3,661650,1745390100
2025-04-23 12:06:00,CE,ATM,14.283816,12808050,24200.0,24215.1,96.6,98.2,88.3,89.0,1247100,1745390160
2025-04-23 12:07:00,CE,ATM,14.342309,12974775,24200.0,24210.8,88.3,91.3,86.95,86.95,732225,1745390220
2025-04-23 12:08:00,CE,ATM,14.343403,12974775,24200.0,24215.25,87.7,89.9,86.0,89.35,594300,1745390280
2025-04-23 12:09:00,CE,ATM,13.759383,12974775,24200.0,24199.9,89.25,89.55,76.2,78.0,2030700,1745390340
2025-04-23 12:10:00,CE,ATM,13.812211,13174650,24200.0,24204.95,78.2,80.9,77.05,80.9,1078425,1745390400
2025-04-23 12:11:00,CE,ATM,14.086582,13174650,24200.0,24207.4,81.15,83.65,78.75,83.65,906000,1745390460
2025-04-23 12:12:00,CE,ATM,13.559964,13174650,24200.0,24208.25,84.55,86.3,80.45,81.25,912150,1745390520
2025-04-23 12:13:00,CE,ATM,13.83538,13329075,24200.0,24215.7,82.9,86.75,82.1,86.75,659850,1745390580
2025-04-23 12:14:00,CE,ATM,13.392285,13329075,24200.0,24222.65,85.8,88.6,84.95,88.25,904200,1745390640
2025-04-23 12:15:00,CE,ATM,13.44433,13329075,24200.0,24215.5,87.7,88.1,81.15,84.5,1082250,1745390700
2025-04-23 12:16:00,CE,ATM,13.15528,13382925,24200.0,24209.4,84.3,85.3,79.2,79.6,746025,1745390760
2025-04-23 12:17:00,CE,ATM,13.512802,13382925,24200.0,24204.35,79.1,81.05,77.75,78.8,791475,1745390820
2025-04-23 12:18:00,CE,ATM,13.742802,13382925,24200.0,24205.75,79.2,81.6,79.2,80.75,516675,1745390880
2025-04-23 12:19:00,CE,ATM,13.516232,13631100,24200.0,24208.45,79.5,81.7,77.55,80.95,495525,1745390940
2025-04-23 12:20:00,CE,ATM,13.893161,13631100,24200.0,24207.15,81.25,83.0,79.85,82.25,575775,1745391000
2025-04-23 12:21:00,CE,ATM,13.847506,13631100,24200.0,24209.15,81.4,83.5,79.5,83.05,507375,1745391060
2025-04-23 12:22:00,CE,ATM,13.683337,13646475,24200.0,24213.4,83.95,84.7,80.95,84.45,462225,1745391120
2025-04-23 12:23:00,CE,ATM,13.61834,13646475,24200.0,24218.15,84.7,86.7,83.45,86.7,664425,1745391180
2025-04-23 12:24:00,CE,ATM,12.821192,13646475,24200.0,24215.3,86.2,87.1,80.85,80.85,767100,1745391240
2025-04-23 12:25:00,CE,ATM,12.710868,13705125,24200.0,24218.9,82.0,87.75,81.9,82.25,809250,1745391300
2025-04-23 12:26:00,CE,ATM,12.599184,13705125,24200.0,24216.25,82.2,83.9,80.15,80.15,616050,1745391360
2025-04-23 12:27:00,CE,ATM,12.65541,13705125,24200.0,24218.35,79.4,81.6,78.7,81.6,744225,1745391420
2025-04-23 12:28:00,CE,ATM,12.671747,13937325,24200.0,24216.0,81.5,83.0,79.2,80.35,516225,1745391480
2025-04-23 12:29:00,CE,ATM,12.481085,13937325,24200.0,24209.05,79.95,80.6,75.5,75.5,847200,1745391540
2025-04-23 12:30:00,CE,ATM,12.710694,13937325,24200.0,24211.9,76.65,80.15,76.4,78.25,927900,1745391600
2025-04-23 12:31:00,CE,ATM,13.112734,14050650,24200.0,24214.15,78.3,82.85,76.9,81.6,720000,1745391660
2025-04-23 12:32:00,CE,ATM,12.863513,14050650,24200.0,24217.75,82.3,82.8,81.15,82.25,576150,1745391720
2025-04-23 12:33:00,CE,ATM,12.818213,14050650,24200.0,24216.7,82.4,86.35,81.4,81.4,911775,1745391780
2025-04-23 12:34:00,CE,ATM,12.671987,13847100,24200.0,24224.2,80.35,84.85,79.75,84.85,615000,1745391840
2025-04-23 12:35:00,CE,ATM,12.023581,13847100,24200.0,24216.8,83.9,83.9,77.2,77.2,872700,1745391900
2025-04-23 12:36:00,CE,ATM,12.513703,13847100,24200.0,24216.85,77.35,79.8,77.3,79.8,585375,1745391960
2025-04-23 12:37:00,CE,ATM,11.931454,14068425,24200.0,24219.6,79.9,80.8,77.65,78.25,431325,1745392020
2025-04-23 12:38:00,CE,ATM,12.029215,14068425,24200.0,24217.4,77.5,77.65,74.1,77.5,1200300,1745392080
2025-04-23 12:39:00,CE,ATM,12.175441,14068425,24200.0,24216.15,77.6,78.45,75.5,77.55,515175,1745392140
2025-04-23 12:40:00,CE,ATM,12.395585,14167425,24200.0,24209.25,77.5,77.9,74.8,74.9,669675,1745392200
2025-04-23 12:41:00,CE,ATM,12.651342,14167425,24200.0,24210.75,74.85,77.35,74.5,77.05,683850,1745392260
2025-04-23 12:42:00,CE,ATM,13.068407,14167425,24200.0,24214.15,76.9,82.25,76.7,81.1,1116150,1745392320
2025-04-23 12:43:00,CE,ATM,12.818909,13975725,24200.0,24220.85,81.5,83.6,81.1,83.5,715125,1745392380
2025-04-23 12:44:00,CE,ATM,13.15767,8564175,24250.0,24229.35,59.05,64.4,58.95,63.9,1200300,1745392440
2025-04-23 12:45:00,CE,ATM,13.156674,8564175,24250.0,24229.2,63.6,65.65,62.6,63.8,1086000,1745392500
2025-04-23 12:46:00,CE,ATM,12.978392,8259000,24250.0,24234.7,63.1,66.2,62.4,65.45,786975,1745392560
2025-04-23 12:47:00,CE,ATM,12.485751,8259000,24250.0,24234.6,66.15,66.15,62.75,62.75,786600,1745392620
2025-04-23 12:48:00,CE,ATM,12.39255,8259000,24250.0,24230.45,62.15,62.9,59.6,60.25,847800,1745392680
2025-04-23 12:49:00,CE,ATM,12.66678,8299500,24250.0,24233.0,60.1,64.25,59.8,62.9,638400,1745392740
2025-04-23 12:50:00,CE,ATM,12.633717,8299500,24250.0,24237.85,62.65,65.4,61.9,65.05,608850,1745392800
2025-04-23 12:51:00,CE,ATM,12.403351,8299500,24250.0,24231.95,65.45,65.9,59.75,60.95,1000800,1745392860
2025-04-23 12:52:00,CE,ATM,12.406664,8534775,24250.0,24232.8,60.8,62.8,59.95,61.35,472425,1745392920
2025-04-23 12:53:00,CE,ATM,12.382597,8534775,24250.0,24233.95,61.1,62.9,61.1,61.75,433725,1745392980
2025-04-23 12:54:00,CE,ATM,12.279377,8534775,24250.0,24240.65,60.85,64.9,60.8,64.45,624225,1745393040
2025-04-23 12:55:00,CE,ATM,11.992983,8545125,24250.0,24243.05,64.1,64.95,63.45,64.1,571875,1745393100
2025-04-23 12:56:00,CE,ATM,12.137317,8545125,24250.0,24240.15,64.45,64.45,61.95,63.4,540750,1745393160
2025-04-23 12:57:00,CE,ATM,12.253867,8545125,24250.0,24239.75,62.8,63.8,61.55,63.8,456300,1745393220
2025-04-23 12:58:00,CE,ATM,12.241356,8447100,24250.0,24248.25,63.8,68.8,63.8,68.0,1508475,1745393280
2025-04-23 12:59:00,CE,ATM,12.291789,8447100,24250.0,24248.55,67.75,70.25,67.75,68.4,1069125,1745393340
2025-04-23 13:00:00,CE,ATM,12.164341,8447100,24250.0,24250.0,68.15,69.15,67.05,68.45,854550,1745393400
2025-04-23 13:01:00,CE,ATM,11.966658,8536650,24250.0,24254.8,68.15,72.4,67.0,69.9,1188450,1745393460
2025-04-23 13:02:00,CE,ATM,11.960551,8536650,24250.0,24259.0,70.6,73.3,70.6,72.1,1173525,1745393520
2025-04-23 13:03:00,CE,ATM,12.149323,8536650,24250.0,24260.7,72.6,74.85,70.8,74.0,1145400,1745393580
2025-04-23 13:04:00,CE,ATM,12.680653,8336100,24250.0,24265.1,73.45,79.9,73.2,79.2,1784100,1745393640
2025-04-23 13:05:00,CE,ATM,12.3758,8336100,24250.0,24262.8,78.7,79.65,75.7,76.3,1269075,1745393700
2025-04-23 13:06:00,CE,ATM,12.505859,8336100,24250.0,24257.25,75.75,75.85,72.25,73.95,1095225,1745393760
2025-04-23 13:07:00,CE,ATM,12.455235,7716750,24250.0,24251.95,74.3,74.3,70.05,70.85,999225,1745393820
2025-04-23 13:08:00,CE,ATM,12.0393,7716750,24250.0,24255.5,71.75,72.5,70.15,70.5,614625,1745393880
2025-04-23 13:09:00,CE,ATM,12.020248,7716750,24250.0,24255.45,70.0,71.55,68.1,70.35,777450,1745393940
2025-04-23 13:10:00,CE,ATM,12.307583,7983975,24250.0,24255.55,70.1,71.9,70.1,71.9,454575,1745394000
2025-04-23 13:11:00,CE,ATM,12.610425,7983975,24250.0,24251.8,71.3,73.0,71.2,71.5,603000,1745394060
2025-04-23 13:12:00,CE,ATM,12.48064,7983975,24250.0,24234.4,70.3,70.3,61.7,62.05,1774875,1745394120
2025-04-23 13:13:00,CE,ATM,12.367921,7737975,24250.0,24238.35,61.5,63.35,59.25,63.35,1292775,1745394180
2025-04-23 13:14:00,CE,ATM,12.125138,7737975,24250.0,24243.3,63.25,66.25,63.25,64.5,934125,1745394240
2025-04-23 13:15:00,CE,ATM,12.180848,7737975,24250.0,24244.05,64.45,67.5,64.45,65.15,781425,1745394300
2025-04-23 13:16:00,CE,ATM,12.627663,7964475,24250.0,24238.95,64.8,64.95,61.05,64.95,839700,1745394360
2025-04-23 13:17:00,CE,ATM,12.639168,7964475,24250.0,24233.0,65.1,66.0,62.1,62.1,548100,1745394420
2025-04-23 13:18:00,CE,ATM,12.980603,7964475,24250.0,24234.5,62.25,65.0,62.1,64.6,475125,1745394480
2025-04-23 13:19:00,CE,ATM,12.292814,7921800,24250.0,24240.55,63.9,65.5,63.55,63.9,397875,1745394540
2025-04-23 13:20:00,CE,ATM,12.371193,7921800,24250.0,24245.35,64.8,66.8,64.15,66.7,575775,1745394600
2025-04-23 13:21:00,CE,ATM,12.019653,7921800,24250.0,24246.0,66.8,67.05,64.6,65.15,646875,1745394660
2025-04-23 13:22:00,CE,ATM,11.897618,8207625,24250.0,24245.05,65.25,66.75,62.95,64.0,644100,1745394720
2025-04-23 13:23:00,CE,ATM,11.612231,8207625,24250.0,24245.6,64.05,64.5,61.5,62.75,559575,1745394780
2025-04-23 13:24:00,CE,ATM,11.526153,8207625,24250.0,24253.55,62.7,67.7,62.55,66.4,730725,1745394840
2025-04-23 13:25:00,CE,ATM,11.631545,8418525,24250.0,24252.35,66.45,67.65,65.0,66.3,744300,1745394900
2025-04-23 13:26:00,CE,ATM,12.2389,8418525,24250.0,24254.95,66.15,70.85,65.0,70.85,771825,1745394960
2025-04-23 13:27:00,CE,ATM,12.378856,8418525,24250.0,24259.4,70.4,75.1,70.4,73.95,1475550,1745395020
2025-04-23 13:28:00,CE,ATM,12.140287,8133375,24250.0,24258.8,73.1,74.3,72.35,72.35,808800,1745395080
2025-04-23 13:29:00,CE,ATM,11.777513,8133375,24250.0,24259.4,71.6,72.85,70.3,70.75,575025,1745395140
2025-04-23 13:30:00,CE,ATM,12.122001,8133375,24250.0,24260.35,71.4,73.75,70.3,73.05,714225,1745395200
2025-04-23 13:31:00,CE,ATM,11.905064,8137050,24250.0,24264.9,74.0,75.35,72.6,74.4,789075,1745395260
2025-04-23 13:32:00,CE,ATM,11.937098,8137050,24250.0,24260.65,74.1,74.1,71.25,72.2,634650,1745395320
2025-04-23 13:33:00,CE,ATM,12.0866,8137050,24250.0,24256.75,71.35,72.5,69.25,70.85,802800,1745395380
2025-04-23 13:34:00,CE,ATM,11.864628,8143875,24250.0,24252.3,70.45,71.15,67.3,67.3,650400,1745395440
2025-04-23 13:35:00,CE,ATM,11.856944,8143875,24250.0,24257.4,67.2,70.2,67.0,69.95,571050,1745395500
2025-04-23 13:36:00,CE,ATM,11.973521,8143875,24250.0,24257.05,69.6,71.4,68.55,70.35,456750,1745395560
2025-04-23 13:37:00,CE,ATM,12.028183,8154900,24250.0,24262.45,70.7,73.95,70.05,73.55,721350,1745395620
2025-04-23 13:38:00,CE,ATM,11.6487,8154900,24250.0,24261.0,75.2,75.2,69.4,70.75,793500,1745395680
2025-04-23 13:39:00,CE,ATM,12.032283,8154900,24250.0,24263.4,71.2,74.5,71.1,74.05,596475,1745395740
2025-04-23 13:40:00,CE,ATM,12.454705,8097075,24250.0,24261.8,73.5,75.7,73.5,75.35,713100,1745395800
2025-04-23 13:41:00,CE,ATM,12.074676,8097075,24250.0,24257.95,74.4,74.65,71.0,71.25,644325,1745395860
2025-04-23 13:42:00,CE,ATM,12.571831,8097075,24250.0,24261.5,71.4,75.75,70.4,75.75,560475,1745395920
2025-04-23 13:43:00,CE,ATM,13.0387,7791525,24250.0,24274.0,75.45,86.45,75.3,85.15,2520075,1745395980
2025-04-23 13:44:00,CE,ATM,12.864455,7791525,24250.0,24274.65,84.95,85.95,82.0,84.6,1608375,1745396040
2025-04-23 13:45:00,CE,ATM,12.036525,7791525,24250.0,24274.8,83.7,83.7,80.4,80.4,1114575,1745396100
2025-04-23 13:46:00,CE,ATM,12.059853,7601700,24250.0,24271.25,80.15,80.15,76.45,78.45,1004025,1745396160
2025-04-23 13:47:00,CE,ATM,12.383799,15783750,24300.0,24277.15,55.25,57.95,54.9,57.45,1290525,1745396220
2025-04-23 13:48:00,CE,ATM,11.796588,7601700,24250.0,24274.8,82.45,82.85,79.1,79.1,663525,1745396280
2025-04-23 13:49:00,CE,ATM,11.811427,7758075,24250.0,24270.55,78.85,79.65,74.65,76.7,1001475,1745396340
2025-04-23 13:50:00,CE,ATM,11.776999,7758075,24250.0,24270.2,76.8,77.35,73.95,76.3,781800,1745396400
2025-04-23 13:51:00,CE,ATM,12.241338,7758075,24250.0,24271.3,77.1,80.05,76.8,79.3,710250,1745396460
2025-04-23 13:52:00,CE,ATM,13.524894,15946500,24300.0,24284.55,56.25,66.85,56.25,66.8,3751350,1745396520
2025-04-23 13:53:00,CE,ATM,13.016286,15946500,24300.0,24283.9,67.3,68.0,62.95,63.8,3089400,1745396580
2025-04-23 13:54:00,CE,ATM,13.087472,15946500,24300.0,24289.55,64.15,67.4,63.35,66.9,2332275,1745396640
2025-04-23 13:55:00,CE,ATM,12.947953,15243825,24300.0,24288.85,67.15,67.15,64.8,65.8,1625550,1745396700
2025-04-23 13:56:00,CE,ATM,12.716402,15243825,24300.0,24291.55,66.0,66.4,63.7,65.9,1532400,1745396760
2025-04-23 13:57:00,CE,ATM,12.415409,15243825,24300.0,24292.65,65.7,66.2,63.75,64.85,1285500,1745396820
2025-04-23 13:58:00,CE,ATM,13.163521,15263775,24300.0,24295.15,65.55,70.0,65.55,70.0,2784825,1745396880
2025-04-23 13:59:00,CE,ATM,12.755141,15263775,24300.0,24298.5,70.5,72.5,69.05,69.55,2972700,1745396940
2025-04-23 14:00:00,CE,ATM,12.529287,15263775,24300.0,24292.0,68.75,69.0,64.4,65.05,2269425,1745397000
2025-04-23 14:01:00,CE,ATM,13.121887,14918850,24300.0,24291.25,65.9,67.75,64.6,67.75,1240125,1745397060
2025-04-23 14:02:00,CE,ATM,13.297703,14918850,24300.0,24294.85,67.6,70.45,67.05,70.45,1376850,1745397120
2025-04-23 14:03:00,CE,ATM,13.337296,14918850,24300.0,24300.45,70.75,74.75,70.75,73.5,2699325,1745397180
2025-04-23 14:04:00,CE,ATM,13.082473,14162550,24300.0,24301.9,74.45,77.9,72.7,72.9,3335925,1745397240
2025-04-23 14:05:00,CE,ATM,13.086342,14162550,24300.0,24295.4,72.85,74.0,66.0,69.55,2705025,1745397300
2025-04-23 14:06:00,CE,ATM,12.826594,14162550,24300.0,24296.05,69.1,69.1,65.5,68.5,1363800,1745397360
2025-04-23 14:07:00,CE,ATM,12.931288,14496450,24300.0,24296.4,68.7,69.2,66.95,69.2,1113525,1745397420
2025-04-23 14:08:00,CE,ATM,13.019777,14496450,24300.0,24299.35,68.85,72.9,68.85,71.15,1638750,1745397480
2025-04-23 14:09:00,CE,ATM,12.622729,14496450,24300.0,24304.5,70.8,72.85,70.35,71.75,1160700,1745397540
2025-04-23 14:10:00,CE,ATM,12.533026,14580150,24300.0,24299.9,70.85,71.3,68.55,68.85,1221525,1745397600
2025-04-23 14:11:00,CE,ATM,12.620782,14580150,24300.0,24295.25,67.9,70.45,66.0,66.9,1159950,1745397660
2025-04-23 14:12:00,CE,ATM,12.50423,14580150,24300.0,24301.05,66.4,70.75,66.4,69.25,1120275,1745397720
2025-04-23 14:13:00,CE,ATM,12.768501,14727225,24300.0,24299.7,69.6,70.9,67.8,69.9,942900,1745397780
2025-04-23 14:14:00,CE,ATM,12.877652,14727225,24300.0,24303.45,69.75,73.3,69.75,72.4,1354650,1745397840
2025-04-23 14:15:00,CE,ATM,12.836841,14727225,24300.0,24297.55,72.05,73.3,68.3,69.1,1181550,1745397900
2025-04-23 14:16:00,CE,ATM,12.842525,14406525,24300.0,24293.4,69.55,70.25,67.0,67.0,918975,1745397960
2025-04-23 14:17:00,CE,ATM,13.092281,14406525,24300.0,24297.2,67.5,70.2,67.2,70.2,809475,1745398020
2025-04-23 14:18:00,CE,ATM,12.98197,14406525,24300.0,24300.4,70.35,71.35,68.3,71.25,889125,1745398080
2025-04-23 14:19:00,CE,ATM,13.334989,14451300,24300.0,24303.45,70.7,74.65,69.5,74.65,1363875,1745398140
2025-04-23 14:20:00,CE,ATM,12.847599,14451300,24300.0,24306.85,74.55,76.5,72.85,73.9,2244675,1745398200
2025-04-23 14:21:00,CE,ATM,13.11652,14451300,24300.0,24300.45,72.5,72.8,70.05,71.9,1359150,1745398260
2025-04-23 14:22:00,CE,ATM,12.852788,14100825,24300.0,24302.45,71.7,72.35,69.8,71.55,711600,1745398320
2025-04-23 14:23:00,CE,ATM,12.783141,14100825,24300.0,24307.05,72.0,74.6,72.0,73.6,1153950,1745398380
2025-04-23 14:24:00,CE,ATM,12.576956,14100825,24300.0,24308.15,73.85,76.75,73.1,73.1,1799775,1745398440
2025-04-23 14:25:00,CE,ATM,12.452289,13973325,24300.0,24313.05,72.8,75.8,72.6,75.1,1372800,1745398500
2025-04-23 14:26:00,CE,ATM,12.315041,13973325,24300.0,24310.55,75.35,75.35,72.4,73.0,1295400,1745398560
2025-04-23 14:27:00,CE,ATM,12.588015,13973325,24300.0,24302.15,72.6,74.45,68.7,69.9,1709775,1745398620
2025-04-23 14:28:00,CE,ATM,12.419344,14243100,24300.0,24304.8,69.35,71.65,69.0,70.4,908400,1745398680
2025-04-23 14:29:00,CE,ATM,12.949898,14243100,24300.0,24309.35,70.7,75.85,70.3,75.55,1592400,1745398740
2025-04-23 14:30:00,CE,ATM,12.370782,14243100,24300.0,24306.3,75.7,75.7,69.5,70.9,1399200,1745398800
2025-04-23 14:31:00,CE,ATM,12.288311,13931175,24300.0,24311.75,71.0,73.4,71.0,73.4,752400,1745398860
2025-04-23 14:32:00,CE,ATM,12.38447,13931175,24300.0,24313.35,73.7,75.1,72.9,74.75,1038225,1745398920
2025-04-23 14:33:00,CE,ATM,12.085277,13931175,24300.0,24309.35,74.7,74.75,70.55,71.0,912525,1745398980
2025-04-23 14:34:00,CE,ATM,12.684882,13936425,24300.0,24309.05,71.8,74.3,71.8,73.9,677025,1745399040
2025-04-23 14:35:00,CE,ATM,12.336838,13936425,24300.0,24311.65,73.25,73.7,71.3,73.5,542775,1745399100
2025-04-23 14:36:00,CE,ATM,12.218544,13936425,24300.0,24311.25,74.05,74.75,72.45,72.65,689550,1745399160
2025-04-23 14:37:00,CE,ATM,12.537114,13915800,24300.0,24301.2,73.0,73.1,68.8,68.9,1486725,1745399220
2025-04-23 14:38:00,CE,ATM,12.895909,13915800,24300.0,24299.8,69.7,71.5,69.7,70.0,809100,1745399280
2025-04-23 14:39:00,CE,ATM,12.795246,13915800,24300.0,24304.85,69.5,72.7,69.5,72.1,907725,1745399340
2025-04-23 14:40:00,CE,ATM,12.67217,13860075,24300.0,24301.25,72.2,72.6,69.0,69.55,728700,1745399400
2025-04-23 14:41:00,CE,ATM,12.504023,13860075,24300.0,24295.2,69.1,69.25,61.6,65.55,3273150,1745399460
2025-04-23 14:42:00,CE,ATM,12.64554,13860075,24300.0,24286.0,66.2,66.4,61.7,61.7,1223550,1745399520
2025-04-23 14:43:00,CE,ATM,12.940122,13828425,24300.0,24280.15,62.65,64.5,60.4,60.4,1444950,1745399580
2025-04-23 14:44:00,CE,ATM,13.323859,13828425,24300.0,24290.3,60.65,67.25,60.65,67.25,1917300,1745399640
2025-04-23 14:45:00,CE,ATM,13.391558,13828425,24300.0,24295.05,67.9,70.65,66.9,69.95,2044800,1745399700
2025-04-23 14:46:00,CE,ATM,13.18138,13970550,24300.0,24296.15,68.5,71.4,68.5,69.4,1197975,1745399760
2025-04-23 14:47:00,CE,ATM,13.470456,13970550,24300.0,24297.4,68.8,71.5,68.8,71.5,1053225,1745399820
2025-04-23 14:48:00,CE,ATM,12.962524,13970550,24300.0,24301.35,71.6,72.4,69.4,70.9,1089600,1745399880
2025-04-23 14:49:00,CE,ATM,13.174687,13885125,24300.0,24299.1,70.4,71.75,69.05,70.8,818925,1745399940
2025-04-23 14:50:00,CE,ATM,12.823179,13885125,24300.0,24303.1,71.2,71.95,70.8,71.05,825450,1745400000
2025-04-23 14:51:00,CE,ATM,12.910864,13885125,24300.0,24308.6,70.8,74.4,70.7,74.4,1309725,1745400060
2025-04-23 14:52:00,CE,ATM,12.641054,13798875,24300.0,24310.55,74.15,74.2,72.65,74.05,1116675,1745400120
2025-04-23 14:53:00,CE,ATM,12.305723,13798875,24300.0,24309.7,73.6,73.65,71.1,71.85,1045875,1745400180
2025-04-23 14:54:00,CE,ATM,12.535419,13798875,24300.0,24309.7,72.25,73.3,71.4,73.0,686325,1745400240
2025-04-23 14:55:00,CE,ATM,12.6234,13608225,24300.0,24310.85,73.45,74.35,72.8,74.05,1049550,1745400300
2025-04-23 14:56:00,CE,ATM,12.584363,13608225,24300.0,24310.25,74.1,74.6,72.6,73.5,906825,1745400360
2025-04-23 14:57:00,CE,ATM,12.687955,13608225,24300.0,24312.35,73.2,76.0,73.2,75.15,1340400,1745400420
2025-04-23 14:58:00,CE,ATM,12.621589,12967125,24300.0,24316.35,75.65,81.35,75.25,77.0,3343875,1745400480
2025-04-23 14:59:00,CE,ATM,12.829902,12967125,24300.0,24317.9,78.05,78.9,76.15,78.9,1410150,1745400540
2025-04-23 15:00:00,CE,ATM,11.24803,12967125,24300.0,24323.85,79.3,82.3,73.15,74.3,3142350,1745400600
2025-04-23 15:01:00,CE,ATM,12.053288,7451925,24350.0,24326.45,52.6,54.35,52.35,53.85,1002750,1745400660
2025-04-23 15:02:00,CE,ATM,10.835588,13403850,24300.0,24323.95,74.85,75.55,70.45,72.25,1775775,1745400720
2025-04-23 15:03:00,CE,ATM,11.754492,7451925,24350.0,24328.45,51.85,53.45,51.8,53.2,730275,1745400780
2025-04-23 15:04:00,CE,ATM,11.532371,7368300,24350.0,24331.15,53.1,54.7,52.75,53.3,930450,1745400840
2025-04-23 15:05:00,CE,ATM,11.483885,7368300,24350.0,24332.15,53.6,55.55,52.9,53.5,1053225,1745400900
2025-04-23 15:06:00,CE,ATM,11.39361,7368300,24350.0,24331.05,53.65,53.65,52.0,52.5,725700,1745400960
2025-04-23 15:07:00,CE,ATM,11.129691,7461750,24350.0,24333.85,52.4,53.6,51.8,52.45,723750,1745401020
2025-04-23 15:08:00,CE,ATM,10.691626,7461750,24350.0,24332.6,52.65,52.95,48.7,49.6,1247625,1745401080
2025-04-23 15:09:00,CE,ATM,10.565485,7461750,24350.0,24334.85,50.1,51.0,49.7,50.0,711300,1745401140
2025-04-23 15:10:00,CE,ATM,10.267673,7523625,24350.0,24339.8,50.6,52.0,49.65,50.85,866250,1745401200
2025-04-23 15:11:00,CE,ATM,10.404456,7523625,24350.0,24336.55,51.15,51.35,48.7,49.95,1015500,1745401260
2025-04-23 15:12:00,CE,ATM,10.443975,7523625,24350.0,24336.9,49.65,50.75,49.65,50.3,548175,1745401320
2025-04-23 15:13:00,CE,ATM,10.478384,7422300,24350.0,24337.2,50.35,50.6,49.35,50.6,509550,1745401380
2025-04-23 15:14:00,CE,ATM,10.649249,7422300,24350.0,24334.8,50.8,50.9,50.05,50.3,527925,1745401440
2025-04-23 15:15:00,CE,ATM,9.285621,12264900,24300.0,24321.8,69.35,69.4,61.75,63.0,2450175,1745401500
2025-04-23 15:16:00,CE,ATM,10.003486,11693775,24300.0,24318.9,63.75,65.4,63.65,64.85,1026300,1745401560
2025-04-23 15:17:00,CE,ATM,10.940334,6881775,24350.0,24326.7,47.8,50.2,47.8,47.95,791850,1745401620
2025-04-23 15:18:00,CE,ATM,11.151641,6881775,24350.0,24328.45,48.0,50.1,48.0,49.8,502725,1745401680
2025-04-23 15:19:00,CE,ATM,11.052869,6687675,24350.0,24329.8,50.0,50.15,49.3,49.9,417975,1745401740
2025-04-23 15:20:00,CE,ATM,11.306526,6687675,24350.0,24326.5,49.4,50.55,49.4,49.65,572550,1745401800
2025-04-23 15:21:00,CE,ATM,11.204384,6687675,24350.0,24325.15,49.95,50.25,48.25,48.5,660600,1745401860
2025-04-23 15:22:00,CE,ATM,9.448304,11141400,24300.0,24323.85,64.95,65.4,63.05,64.9,922725,1745401920
2025-04-23 15:23:00,CE,ATM,9.270617,11141400,24300.0,24324.75,65.0,65.7,64.55,64.55,611775,1745401980
2025-04-23 15:24:00,CE,ATM,11.204811,6428625,24350.0,24325.4,48.6,48.95,48.05,48.55,502500,1745402040
2025-04-23 15:25:00,CE,ATM,9.313627,10940100,24300.0,24323.55,65.4,65.6,64.0,64.0,854775,1745402100
2025-04-23 15:26:00,CE,ATM,10.983369,6354000,24350.0,24326.2,47.6,47.85,45.7,47.75,679650,1745402160
2025-04-23 15:27:00,CE,ATM,9.987836,10940100,24300.0,24320.95,63.9,65.75,63.4,65.75,977700,1745402220
2025-04-23 15:28:00,CE,ATM,9.861261,10924950,24300.0,24318.55,65.75,65.75,63.25,63.7,1235325,1745402280
2025-04-23 15:29:00,CE,ATM,11.746738,10924950,24300.0,24300.85,64.75,64.8,62.95,63.45,1591200,1745402340
2025-04-24 09:15:00,CE,ATM,15.566075,11810850,24300.0,24279.15,49.8,54.4,27.0,31.45,5497350,1745466300
2025-04-24 09:16:00,CE,ATM,15.470177,11810850,24300.0,24283.3,30.2,37.65,29.25,32.95,6947325,1745466360
2025-04-24 09:17:00,CE,ATM,16.211669,11810850,24300.0,24279.55,32.4,35.15,31.65,33.15,4696350,1745466420
2025-04-24 09:18:00,CE,ATM,20.061753,14451300,24300.0,24277.3,33.2,47.1,32.7,41.9,7560450,1745466480
2025-04-24 09:19:00,CE,ATM,19.830197,4686825,24250.0,24272.05,68.9,74.2,62.6,63.75,2073150,1745466540
2025-04-24 09:20:00,CE,ATM,23.78222,4686825,24250.0,24273.85,61.05,75.55,60.25,74.7,2611650,1745466600
2025-04-24 09:21:00,CE,ATM,22.449089,4960350,24250.0,24272.45,74.0,74.0,69.05,70.45,1421775,1745466660
2025-04-24 09:22:00,CE,ATM,22.99987,4960350,24250.0,24273.75,69.8,72.65,67.2,72.5,1186350,1745466720
2025-04-24 09:23:00,CE,ATM,24.208072,4960350,24250.0,24272.75,73.85,75.95,70.7,74.9,1545975,1745466780
2025-04-24 09:24:00,CE,ATM,21.666992,5215950,24250.0,24272.2,74.7,74.7,68.1,68.1,1312125,1745466840
2025-04-24 09:25:00,CE,ATM,21.775948,5215950,24250.0,24262.3,68.1,68.8,59.9,62.8,2611950,1745466900
2025-04-24 09:26:00,CE,ATM,19.182419,5215950,24250.0,24259.15,62.35,63.0,53.95,54.45,1848450,1745466960
2025-04-24 09:27:00,CE,ATM,19.851375,6281100,24250.0,24256.75,53.45,56.0,52.4,54.8,1833150,1745467020
2025-04-24 09:28:00,CE,ATM,17.212499,6281100,24250.0,24256.1,54.9,54.9,46.2,47.7,2557200,1745467080
2025-04-24 09:29:00,CE,ATM,16.574472,6281100,24250.0,24253.1,46.15,47.15,43.0,44.45,2947575,1745467140
2025-04-24 09:30:00,CE,ATM,16.426681,8488350,24250.0,24252.2,44.4,47.8,43.45,43.55,2230050,1745467200
2025-04-24 09:31:00,CE,ATM,18.972267,8488350,24250.0,24250.0,45.0,48.8,42.75,48.8,1695525,1745467260
2025-04-24 09:32:00,CE,ATM,20.502976,8488350,24250.0,24256.5,51.1,59.2,50.45,55.95,4001025,1745467320
2025-04-24 09:33:00,CE,ATM,15.738876,22261575,24300.0,24288.45,31.65,35.6,31.65,35.0,5438325,1745467380
2025-04-24 09:34:00,CE,ATM,18.817704,22261575,24300.0,24319.3,33.75,62.5,33.75,58.7,16835025,1745467440
2025-04-24 09:35:00,CE,ATM,23.270393,9699450,24350.0,24345.45,39.0,57.3,39.0,57.3,9066450,1745467500
2025-04-24 09:36:00,CE,ATM,15.950066,15332400,24300.0,24299.9,84.3,87.6,40.0,40.9,8886525,1745467560
2025-04-24 09:37:00,CE,ATM,20.267113,15332400,24300.0,24306.8,41.2,56.45,41.1,55.25,5942475,1745467620
2025-04-24 09:38:00,CE,ATM,19.559127,15332400,24300.0,24294.5,58.0,60.35,47.05,47.15,4711950,1745467680
2025-04-24 09:39:00,CE,ATM,19.118294,16880775,24300.0,24294.45,46.7,49.2,42.8,45.95,3370800,1745467740
2025-04-24 09:40:00,CE,ATM,15.597154,5865450,24250.0,24267.15,75.25,75.25,48.8,49.05,3395850,1745467800
2025-04-24 09:41:00,CE,ATM,17.669485,16880775,24300.0,24276.3,30.4,36.25,28.15,33.95,5864925,1745467860
2025-04-24 09:42:00,CE,ATM,16.742905,7225050,24250.0,24273.0,54.95,57.6,52.75,55.15,1468350,1745467920
2025-04-24 09:43:00,CE,ATM,14.294528,7225050,24250.0,24267.4,55.15,55.15,45.3,45.85,2036175,1745467980
2025-04-24 09:44:00,CE,ATM,14.476804,7225050,24250.0,24263.95,46.0,50.75,44.05,44.25,2046675,1745468040
2025-04-24 09:45:00,CE,ATM,16.900516,8594700,24250.0,24256.85,44.6,46.6,37.7,46.25,3576450,1745468100
2025-04-24 09:46:00,CE,ATM,15.708941,8594700,24250.0,24243.05,45.35,46.9,36.25,36.25,2765550,1745468160
2025-04-24 09:47:00,CE,ATM,15.834857,8594700,24250.0,24247.15,37.0,39.85,35.0,38.5,2599875,1745468220
2025-04-24 09:48:00,CE,ATM,15.241807,10040175,24250.0,24248.0,38.15,40.3,37.4,37.4,1600500,1745468280
2025-04-24 09:49:00,CE,ATM,14.625779,10040175,24250.0,24248.65,37.1,39.85,36.15,36.15,1677450,1745468340
2025-04-24 09:50:00,CE,ATM,15.362943,10040175,24250.0,24258.4,36.0,46.95,36.0,43.0,3860850,1745468400
2025-04-24 09:51:00,CE,ATM,14.938375,10899525,24250.0,24258.85,40.4,44.2,38.4,42.15,2353800,1745468460
2025-04-24 09:52:00,CE,ATM,13.829686,10899525,24250.0,24262.45,41.35,43.4,40.35,41.4,1644225,1745468520
2025-04-24 09:53:00,CE,ATM,12.624773,10899525,24250.0,24273.55,41.35,45.85,41.35,45.1,2354025,1745468580
2025-04-24 09:54:00,CE,ATM,17.941857,23005875,24300.0,24287.7,29.35,40.65,28.65,38.8,9970350,1745468640
2025-04-24 09:55:00,CE,ATM,17.069368,23005875,24300.0,24279.7,37.2,37.2,31.35,33.05,5387775,1745468700
2025-04-24 09:56:00,CE,ATM,13.95352,9825300,24250.0,24263.35,54.5,55.2,39.9,42.0,3212550,1745468760
2025-04-24 09:57:00,CE,ATM,13.421262,9784350,24250.0,24273.05,40.9,48.7,38.35,46.45,2632425,1745468820
2025-04-24 09:58:00,CE,ATM,16.620851,24049350,24300.0,24279.5,31.05,38.65,29.9,31.7,5194725,1745468880
2025-04-24 09:59:00,CE,ATM,13.68204,9784350,24250.0,24270.75,49.35,53.95,45.55,45.55,1851375,1745468940
2025-04-24 10:00:00,CE,ATM,14.112528,9658350,24250.0,24271.4,46.1,49.0,44.2,46.9,1763100,1745469000
2025-04-24 10:01:00,CE,ATM,13.923285,9658350,24250.0,24267.55,47.05,50.3,41.95,44.1,1996275,1745469060
2025-04-24 10:02:00,CE,ATM,12.637021,9658350,24250.0,24264.55,44.55,47.65,39.25,39.25,1850025,1745469120
2025-04-24 10:03:00,CE,ATM,12.206636,10669350,24250.0,24269.9,39.75,41.8,39.3,41.4,1479600,1745469180
2025-04-24 10:04:00,CE,ATM,11.663246,10669350,24250.0,24263.85,40.45,41.9,36.45,36.45,1796850,1745469240
2025-04-24 10:05:00,CE,ATM,11.363352,10669350,24250.0,24270.75,37.7,41.2,36.7,39.9,1661025,1745469300
2025-04-24 10:06:00,CE,ATM,11.195022,11348475,24250.0,24274.0,40.85,44.95,40.5,41.55,2078025,1745469360
2025-04-24 10:07:00,CE,ATM,15.707468,25715325,24300.0,24277.25,27.35,28.75,26.15,28.05,2210025,1745469420
2025-04-24 10:08:00,CE,ATM,10.447824,11348475,24250.0,24271.45,42.7,43.85,38.15,38.15,1630275,1745469480
2025-04-24 10:09:00,CE,ATM,10.828092,11656050,24250.0,24266.05,39.15,40.9,34.75,35.6,1891125,1745469540
2025-04-24 10:10:00,CE,ATM,15.724913,26674725,24300.0,24275.5,24.05,27.95,23.1,27.2,3036825,1745469600
2025-04-24 10:11:00,CE,ATM,15.578782,26674725,24300.0,24285.85,27.5,31.3,26.95,31.2,3182700,1745469660
2025-04-24 10:12:00,CE,ATM,15.827606,24817275,24300.0,24286.9,30.3,36.65,30.3,32.2,6516525,1745469720
2025-04-24 10:13:00,CE,ATM,15.64853,24817275,24300.0,24295.8,32.25,35.9,28.25,35.9,4641975,1745469780
2025-04-24 10:14:00,CE,ATM,14.19598,24817275,24300.0,24297.35,36.0,36.0,32.0,33.15,3705375,1745469840
2025-04-24 10:15:00,CE,ATM,13.861007,24740850,24300.0,24297.25,31.85,36.2,31.85,32.25,4033725,1745469900
2025-04-24 10:16:00,CE,ATM,14.014649,24740850,24300.0,24292.15,31.9,34.55,30.1,30.1,3005400,1745469960
2025-04-24 10:17:00,CE,ATM,14.706069,24740850,24300.0,24294.3,30.55,33.65,28.8,32.7,3013425,1745470020
2025-04-24 10:18:00,CE,ATM,14.889407,24740850,24300.0,24292.15,32.7,33.5,30.8,32.05,1703025,1745470080
2025-04-24 10:19:00,CE,ATM,14.672727,24787350,24300.0,24296.55,32.3,34.1,30.0,33.6,2510475,1745470140
2025-04-24 10:20:00,CE,ATM,13.858842,24787350,24300.0,24285.5,32.95,32.95,26.5,26.5,3780375,1745470200
2025-04-24 10:21:00,CE,ATM,13.883213,24787350,24300.0,24293.7,27.0,33.35,27.0,30.25,3353700,1745470260
2025-04-24 10:22:00,CE,ATM,13.678017,25021275,24300.0,24290.25,29.6,29.6,26.95,28.1,2349150,1745470320
2025-04-24 10:23:00,CE,ATM,13.783333,25021275,24300.0,24291.35,27.4,29.7,27.4,28.8,1665900,1745470380
2025-04-24 10:24:00,CE,ATM,13.825582,25021275,24300.0,24301.95,29.0,34.05,29.0,34.05,2774100,1745470440
2025-04-24 10:25:00,CE,ATM,12.860733,25790625,24300.0,24312.75,32.85,39.05,32.2,37.65,6900300,1745470500
2025-04-24 10:26:00,CE,ATM,12.783366,25790625,24300.0,24302.6,37.2,37.2,31.85,31.85,4044300,1745470560
2025-04-24 10:27:00,CE,ATM,13.114861,25790625,24300.0,24298.25,32.15,35.25,30.0,30.35,3564075,1745470620
2025-04-24 10:28:00,CE,ATM,13.354135,25767150,24300.0,24301.4,30.7,33.6,30.15,32.45,2103675,1745470680
2025-04-24 10:29:00,CE,ATM,12.508384,25767150,24300.0,24302.2,32.6,32.9,30.85,30.85,1750425,1745470740
2025-04-24 10:30:00,CE,ATM,12.619222,25767150,24300.0,24292.25,31.3,31.3,24.0,26.15,6406050,1745470800
2025-04-24 10:31:00,CE,ATM,12.977922,26852100,24300.0,24290.9,26.55,27.95,25.4,26.3,2751075,1745470860
2025-04-24 10:32:00,CE,ATM,13.522237,26852100,24300.0,24294.1,26.6,31.3,25.65,29.0,3553350,1745470920
2025-04-24 10:33:00,CE,ATM,12.598122,26852100,24300.0,24293.0,29.6,29.9,25.75,26.3,2336625,1745470980
2025-04-24 10:34:00,CE,ATM,12.869387,27002100,24300.0,24289.15,26.35,26.95,24.4,25.1,2712450,1745471040
2025-04-24 10:35:00,CE,ATM,13.273886,27002100,24300.0,24282.3,25.15,25.25,21.45,23.0,4767750,1745471100
2025-04-24 10:36:00,CE,ATM,13.833858,27002100,24300.0,24282.65,22.95,25.0,22.9,24.35,2511825,1745471160
2025-04-24 10:37:00,CE,ATM,13.574008,27617925,24300.0,24282.5,24.75,26.4,23.65,23.65,2687475,1745471220
2025-04-24 10:38:00,CE,ATM,14.517932,27617925,24300.0,24277.0,23.4,24.15,22.5,23.45,2012925,1745471280
2025-04-24 10:39:00,CE,ATM,13.829871,27617925,24300.0,24281.75,23.5,24.25,23.5,23.8,1374000,1745471340
2025-04-24 10:40:00,CE,ATM,13.360903,28238250,24300.0,24280.4,23.95,24.45,22.15,22.15,2060400,1745471400
2025-04-24 10:41:00,CE,ATM,13.49289,28238250,24300.0,24277.55,22.45,22.95,21.1,21.25,2722875,1745471460
2025-04-24 10:42:00,CE,ATM,13.323094,28238250,24300.0,24278.5,21.2,22.25,21.05,21.2,1882425,1745471520
2025-04-24 10:43:00,CE,ATM,13.342482,28668525,24300.0,24275.3,21.2,21.8,19.7,19.95,3225075,1745471580
2025-04-24 10:44:00,CE,ATM,13.253996,28668525,24300.0,24276.85,19.85,20.7,19.25,20.3,2252250,1745471640
2025-04-24 10:45:00,CE,ATM,12.961824,28668525,24300.0,24282.7,20.35,22.4,20.15,21.95,2787450,1745471700
2025-04-24 10:46:00,CE,ATM,12.749261,28964775,24300.0,24283.35,21.8,22.2,20.9,21.7,2101575,1745471760
2025-04-24 10:47:00,CE,ATM,12.485148,28964775,24300.0,24280.6,21.55,21.75,19.95,19.95,1622475,1745471820
2025-04-24 10:48:00,CE,ATM,5.960878,11238525,24250.0,24273.8,35.15,36.0,28.75,29.5,3666900,1745471880
2025-04-24 10:49:00,CE,ATM,12.45225,29223225,24300.0,24278.1,17.05,18.9,16.95,18.8,2786325,1745471940
2025-04-24 10:50:00,CE,ATM,12.617557,29223225,24300.0,24276.25,18.6,18.9,17.65,18.4,1724100,1745472000
2025-04-24 10:51:00,CE,ATM,12.571052,29223225,24300.0,24279.5,18.5,19.9,18.15,19.5,2172825,1745472060
2025-04-24 10:52:00,CE,ATM,12.2217,29541150,24300.0,24276.75,19.45,19.55,17.65,17.65,2303175,1745472120
2025-04-24 10:53:00,CE,ATM,12.198468,29541150,24300.0,24275.8,18.1,18.45,17.0,17.2,2378625,1745472180
2025-04-24 10:54:00,CE,ATM,12.854024,29541150,24300.0,24275.45,17.4,18.5,17.2,18.4,1822875,1745472240
2025-04-24 10:55:00,CE,ATM,7.872643,12284700,24250.0,24272.95,32.45,32.45,30.65,32.15,1026075,1745472300
2025-04-24 10:56:00,CE,ATM,8.807675,12284700,24250.0,24270.5,32.1,33.25,31.25,32.25,989400,1745472360
2025-04-24 10:57:00,CE,ATM,8.851021,12284700,24250.0,24270.2,32.15,34.75,32.1,32.1,1220925,1745472420
2025-04-24 10:58:00,CE,ATM,8.944179,12252900,24250.0,24272.05,32.4,33.6,31.7,33.5,657525,1745472480
2025-04-24 10:59:00,CE,ATM,13.580884,29849625,24300.0,24276.2,18.0,20.0,18.0,19.95,1951875,1745472540
2025-04-24 11:00:00,CE,ATM,12.341847,29849625,24300.0,24281.75,19.8,21.6,18.9,19.45,3815775,1745472600
2025-04-24 11:01:00,CE,ATM,6.487623,12746775,24250.0,24271.8,35.75,35.75,28.05,28.6,2411175,1745472660
2025-04-24 11:02:00,CE,ATM,12.380867,30485850,24300.0,24275.55,16.25,17.35,15.65,17.05,2384625,1745472720
2025-04-24 11:03:00,CE,ATM,11.849078,30485850,24300.0,24281.1,17.1,18.15,16.95,18.0,1904625,1745472780
2025-04-24 11:04:00,CE,ATM,11.96414,30735300,24300.0,24278.0,18.1,18.1,17.0,17.0,1452075,1745472840
2025-04-24 11:05:00,CE,ATM,12.268636,30735300,24300.0,24277.65,17.0,17.55,16.45,17.45,1519500,1745472900
2025-04-24 11:06:00,CE,ATM,6.416236,12974475,24250.0,24272.6,31.5,32.8,28.95,28.95,1202025,1745472960
2025-04-24 11:07:00,CE,ATM,11.811592,31389150,24300.0,24275.15,16.25,16.85,15.45,15.5,1703850,1745473020
2025-04-24 11:08:00,CE,ATM,12.196632,31389150,24300.0,24281.4,15.8,18.7,15.8,18.6,2877075,1745473080
2025-04-24 11:09:00,CE,ATM,11.833655,31389150,24300.0,24282.8,18.3,18.45,17.5,18.35,1978575,1745473140
2025-04-24 11:10:00,CE,ATM,11.838568,31753050,24300.0,24280.75,18.1,18.2,17.1,17.5,1610700,1745473200
2025-04-24 11:11:00,CE,ATM,11.968075,31753050,24300.0,24277.55,17.65,17.65,16.0,16.5,2235000,1745473260
2025-04-24 11:12:00,CE,ATM,11.834568,31753050,24300.0,24280.25,16.55,17.2,15.55,17.2,1775850,1745473320
2025-04-24 11:13:00,CE,ATM,11.663523,32169375,24300.0,24280.25,17.25,17.35,16.65,16.8,1773300,1745473380
2025-04-24 11:14:00,CE,ATM,12.082823,32169375,24300.0,24279.05,16.9,17.75,16.9,17.15,1395150,1745473440
2025-04-24 11:15:00,CE,ATM,11.654014,32169375,24300.0,24279.9,17.1,17.55,16.55,16.55,1464450,1745473500
2025-04-24 11:16:00,CE,ATM,11.710251,32553825,24300.0,24278.8,16.45,16.7,15.85,16.2,1702650,1745473560
2025-04-24 11:17:00,CE,ATM,11.639896,32553825,24300.0,24281.65,16.3,17.15,15.8,17.1,1576050,1745473620
2025-04-24 11:18:00,CE,ATM,11.542673,32553825,24300.0,24276.15,17.15,17.3,14.8,14.8,2723250,1745473680
2025-04-24 11:19:00,CE,ATM,11.118627,32648325,24300.0,24277.65,15.0,15.15,14.15,14.45,2390625,1745473740
2025-04-24 11:20:00,CE,ATM,0.0,14305350,24250.0,24273.7,27.75,27.8,24.45,24.85,2374050,1745473800
2025-04-24 11:21:00,CE,ATM,5.610248,14305350,24250.0,24270.35,24.75,25.95,23.65,25.55,2263125,1745473860
2025-04-24 11:22:00,CE,ATM,4.651131,14642625,24250.0,24271.5,25.1,25.35,22.6,25.0,2469900,1745473920
2025-04-24 11:23:00,CE,ATM,4.981534,14642625,24250.0,24269.3,24.9,24.95,23.05,23.7,1590675,1745473980
2025-04-24 11:24:00,CE,ATM,2.288984,14642625,24250.0,24272.35,23.35,23.95,23.05,23.6,1225575,1745474040
2025-04-24 11:25:00,CE,ATM,5.444905,15254925,24250.0,24265.05,23.35,23.35,20.15,21.25,3215400,1745474100
2025-04-24 11:26:00,CE,ATM,4.141038,15254925,24250.0,24267.05,20.75,21.4,19.4,20.6,2497200,1745474160
2025-04-24 11:27:00,CE,ATM,6.590108,15254925,24250.0,24257.5,20.4,21.05,17.55,18.45,3876900,1745474220
2025-04-24 11:28:00,CE,ATM,7.039487,15954000,24250.0,24254.6,18.6,18.75,16.8,17.65,3628200,1745474280
2025-04-24 11:29:00,CE,ATM,6.545415,15954000,24250.0,24257.5,17.5,18.85,17.45,18.3,2912925,1745474340
2025-04-24 11:30:00,CE,ATM,6.702057,15954000,24250.0,24256.6,18.1,18.8,17.85,18.05,2669250,1745474400
2025-04-24 11:31:00,CE,ATM,7.13155,17214450,24250.0,24255.5,17.9,18.7,17.55,18.25,2058600,1745474460
2025-04-24 11:32:00,CE,ATM,6.595685,17214450,24250.0,24257.4,18.35,18.7,17.75,18.25,1717275,1745474520
2025-04-24 11:33:00,CE,ATM,6.491815,17214450,24250.0,24259.9,18.1,19.6,18.1,19.55,2274525,1745474580
2025-04-24 11:34:00,CE,ATM,5.065284,17541975,24250.0,24264.1,19.65,20.8,19.35,19.7,2585250,1745474640
2025-04-24 11:35:00,CE,ATM,4.735535,17541975,24250.0,24264.35,19.6,20.05,19.0,19.3,1743525,1745474700
2025-04-24 11:36:00,CE,ATM,5.220017,17541975,24250.0,24263.15,19.25,19.7,18.35,19.25,1662375,1745474760
2025-04-24 11:37:00,CE,ATM,5.961772,17825925,24250.0,24259.8,19.55,19.55,18.0,18.35,1794825,1745474820
2025-04-24 11:38:00,CE,ATM,6.432368,17825925,24250.0,24260.55,18.4,19.7,17.95,19.7,1519350,1745474880
2025-04-24 11:39:00,CE,ATM,4.819178,17825925,24250.0,24267.45,19.7,21.8,19.45,21.7,2440200,1745474940
2025-04-24 11:40:00,CE,ATM,4.216033,17520525,24250.0,24266.45,21.05,21.5,20.0,20.0,2371125,1745475000
2025-04-24 11:41:00,CE,ATM,6.524819,17520525,24250.0,24262.8,19.7,21.25,18.55,21.25,2429100,1745475060
2025-04-24 11:42:00,CE,ATM,7.285094,17520525,24250.0,24262.2,21.25,22.25,20.6,22.25,2112300,1745475120
2025-04-24 11:43:00,CE,ATM,5.080914,17004225,24250.0,24266.3,22.45,22.65,21.15,21.15,2041425,1745475180
2025-04-24 11:44:00,CE,ATM,4.81048,17004225,24250.0,24264.5,21.25,21.25,19.3,19.35,1888275,1745475240
2025-04-24 11:45:00,CE,ATM,4.554782,17004225,24250.0,24265.4,19.3,20.45,19.0,19.6,1690800,1745475300
2025-04-24 11:46:00,CE,ATM,0.0,17397450,24250.0,24270.95,19.6,20.35,18.4,20.35,1475250,1745475360
2025-04-24 11:47:00,CE,ATM,3.752157,17397450,24250.0,24267.05,20.05,21.35,19.5,19.75,1894425,1745475420
2025-04-24 11:48:00,CE,ATM,2.714202,17397450,24250.0,24268.85,19.7,20.9,19.45,20.3,1188150,1745475480
2025-04-24 11:49:00,CE,ATM,3.135487,17710950,24250.0,24267.65,20.2,20.25,19.05,19.55,1225500,1745475540
2025-04-24 11:50:00,CE,ATM,4.115789,17710950,24250.0,24264.5,19.35,19.7,18.15,18.15,1383975,1745475600
2025-04-24 11:51:00,CE,ATM,4.552883,17710950,24250.0,24264.9,17.75,19.5,17.75,19.1,1808775,1745475660
2025-04-24 11:52:00,CE,ATM,4.401418,17982675,24250.0,24264.9,19.0,19.0,18.0,18.85,1305375,1745475720
2025-04-24 11:53:00,CE,ATM,4.069066,17982675,24250.0,24265.1,18.7,19.05,18.0,18.5,1105950,1745475780
2025-04-24 11:54:00,CE,ATM,2.316059,17982675,24250.0,24265.8,18.4,18.85,17.15,17.15,1662975,1745475840
2025-04-24 11:55:00,CE,ATM,2.725635,18571350,24250.0,24266.4,16.75,18.1,16.35,18.0,2394375,1745475900
2025-04-24 11:56:00,CE,ATM,3.334709,18571350,24250.0,24263.05,17.9,17.95,15.55,15.8,2314950,1745475960
2025-04-24 11:57:00,CE,ATM,4.468654,18571350,24250.0,24259.6,15.75,16.5,15.0,15.0,2652900,1745476020
2025-04-24 11:58:00,CE,ATM,4.474308,18742050,24250.0,24261.4,15.0,16.5,14.95,16.25,1616175,1745476080
2025-04-24 11:59:00,CE,ATM,5.449464,18742050,24250.0,24259.55,16.35,16.75,15.45,16.65,1426275,1745476140
2025-04-24 12:00:00,CE,ATM,5.732553,18742050,24250.0,24257.85,16.05,16.8,15.9,16.05,1720200,1745476200
2025-04-24 12:01:00,CE,ATM,5.402342,18895875,24250.0,24259.3,15.95,16.35,15.4,16.35,1501050,1745476260
2025-04-24 12:02:00,CE,ATM,6.415553,18895875,24250.0,24258.9,16.6,18.4,16.25,17.9,2387625,1745476320
2025-04-24 12:03:00,CE,ATM,6.343214,18895875,24250.0,24257.3,18.0,18.0,16.55,16.75,1530375,1745476380
2025-04-24 12:04:00,CE,ATM,5.325129,18627900,24250.0,24261.7,16.7,17.95,16.4,17.75,1281000,1745476440
2025-04-24 12:05:00,CE,ATM,5.107863,18627900,24250.0,24263.1,17.9,18.35,17.65,18.35,1571400,1745476500
2025-04-24 12:06:00,CE,ATM,0.0,18627900,24250.0,24270.65,18.3,20.4,18.3,20.25,3578700,1745476560
2025-04-24 12:07:00,CE,ATM,0.0,18837525,24250.0,24269.65,20.2,20.2,18.45,18.95,2252400,1745476620
2025-04-24 12:08:00,CE,ATM,3.007735,18837525,24250.0,24267.0,19.3,19.7,18.5,18.65,1612350,1745476680
2025-04-24 12:09:00,CE,ATM,4.286439,18837525,24250.0,24263.65,18.2,19.45,17.4,17.4,1953150,1745476740
2025-04-24 12:10:00,CE,ATM,4.484213,19501875,24250.0,24262.75,17.0,17.55,16.65,17.0,1843125,1745476800
2025-04-24 12:11:00,CE,ATM,4.007125,19501875,24250.0,24261.4,16.8,17.05,15.15,15.25,2136825,1745476860
2025-04-24 12:12:00,CE,ATM,3.274919,19501875,24250.0,24261.5,15.35,15.35,13.8,14.25,3510525,1745476920
2025-04-24 12:13:00,CE,ATM,4.712338,20162400,24250.0,24257.25,14.15,14.3,13.35,13.5,2114100,1745476980
2025-04-24 12:14:00,CE,ATM,3.920043,20162400,24250.0,24260.3,13.25,14.4,13.15,14.25,1819950,1745477040
2025-04-24 12:15:00,CE,ATM,0.0,20162400,24250.0,24263.95,14.15,14.4,14.0,14.4,1283700,1745477100
2025-04-24 12:16:00,CE,ATM,0.0,20691825,24250.0,24264.95,14.35,14.75,14.2,14.6,1650675,1745477160
2025-04-24 12:17:00,CE,ATM,0.0,20691825,24250.0,24266.5,14.65,15.6,14.65,15.3,2103450,1745477220
2025-04-24 12:18:00,CE,ATM,0.0,20691825,24250.0,24267.2,15.15,15.35,14.85,15.1,1321575,1745477280
2025-04-24 12:19:00,CE,ATM,0.0,21090300,24250.0,24272.3,15.25,16.75,14.65,16.75,2337750,1745477340
2025-04-24 12:20:00,CE,ATM,0.0,21090300,24250.0,24271.0,16.85,16.85,15.7,16.2,2479200,1745477400
2025-04-24 12:21:00,CE,ATM,0.0,21090300,24250.0,24270.65,16.1,17.0,15.9,16.5,1773975,1745477460
2025-04-24 12:22:00,CE,ATM,0.0,21471000,24250.0,24270.4,16.7,17.25,15.6,15.6,1955100,1745477520
2025-04-24 12:23:00,CE,ATM,0.0,21471000,24250.0,24265.65,15.0,15.05,12.65,12.8,3879075,1745477580
2025-04-24 12:24:00,CE,ATM,230.980893,21471000,24250.0,24265.1,12.8,13.35,12.4,13.2,2144175,1745477640
2025-04-24 12:25:00,CE,ATM,0.0,21917550,24250.0,24262.0,13.25,13.8,12.7,12.75,1773825,1745477700
2025-04-24 12:26:00,CE,ATM,3.478765,21917550,24250.0,24258.85,12.65,12.65,11.75,12.3,3047475,1745477760
2025-04-24 12:27:00,CE,ATM,3.114986,21917550,24250.0,24259.7,12.25,12.85,12.15,12.4,1729350,1745477820
2025-04-24 12:28:00,CE,ATM,3.743436,22066575,24250.0,24258.9,12.45,12.85,12.45,12.7,1052775,1745477880
2025-04-24 12:29:00,CE,ATM,4.100179,22066575,24250.0,24257.25,12.65,12.7,12.0,12.1,1602300,1745477940
2025-04-24 12:30:00,CE,ATM,3.529018,22066575,24250.0,24258.5,11.55,12.7,11.55,12.05,2890575,1745478000
2025-04-24 12:31:00,CE,ATM,2.532312,22298625,24250.0,24262.05,12.2,13.6,12.2,13.6,2001225,1745478060
2025-04-24 12:32:00,CE,ATM,4.334764,22298625,24250.0,24257.15,13.55,13.6,12.35,12.35,1606500,1745478120
2025-04-24 12:33:00,CE,ATM,3.790258,22298625,24250.0,24257.15,12.3,12.55,11.2,11.45,2076975,1745478180
2025-04-24 12:34:00,CE,ATM,3.436553,22629000,24250.0,24257.75,11.55,11.8,11.3,11.3,1650975,1745478240
2025-04-24 12:35:00,CE,ATM,5.051402,22629000,24250.0,24251.0,11.35,11.35,9.6,9.85,5890800,1745478300
2025-04-24 12:36:00,CE,ATM,5.359737,22629000,24250.0,24250.5,9.75,10.15,9.5,10.1,3127200,1745478360
2025-04-24 12:37:00,CE,ATM,4.66032,23825700,24250.0,24253.4,10.1,10.5,10.0,10.45,2448525,1745478420
2025-04-24 12:38:00,CE,ATM,3.928475,23825700,24250.0,24256.0,10.35,10.8,10.25,10.8,2224500,1745478480
2025-04-24 12:39:00,CE,ATM,4.132999,23825700,24250.0,24256.9,10.9,11.85,10.65,11.7,3636225,1745478540
2025-04-24 12:40:00,CE,ATM,0.0,24141675,24250.0,24261.45,11.65,11.85,11.15,11.85,2271000,1745478600
2025-04-24 12:41:00,CE,ATM,0.0,24141675,24250.0,24263.05,11.75,12.15,11.5,11.5,2770950,1745478660
2025-04-24 12:42:00,CE,ATM,0.0,24141675,24250.0,24266.8,11.45,12.6,11.45,12.6,2516850,1745478720
2025-04-24 12:43:00,CE,ATM,0.0,24419850,24250.0,24266.15,12.6,13.8,12.4,13.55,3697350,1745478780
2025-04-24 12:44:00,CE,ATM,0.0,24419850,24250.0,24263.7,13.55,15.0,13.55,13.8,4213275,1745478840
2025-04-24 12:45:00,CE,ATM,0.0,24419850,24250.0,24265.4,14.5,15.5,14.25,15.35,3148125,1745478900
2025-04-24 12:46:00,CE,ATM,0.0,23252700,24250.0,24264.75,15.2,15.3,13.75,14.25,2529075,1745478960
2025-04-24 12:47:00,CE,ATM,0.0,23252700,24250.0,24268.65,14.0,16.0,12.85,16.0,3758400,1745479020
2025-04-24 12:48:00,CE,ATM,0.0,23252700,24250.0,24268.75,16.0,16.65,14.45,14.45,3767475,1745479080
2025-04-24 12:49:00,CE,ATM,0.0,23205525,24250.0,24271.75,14.3,15.1,14.2,14.85,2137875,1745479140
2025-04-24 12:50:00,CE,ATM,0.0,23205525,24250.0,24266.9,14.85,14.85,12.55,13.2,3516375,1745479200
2025-04-24 12:51:00,CE,ATM,0.0,23205525,24250.0,24268.05,13.0,14.8,12.65,14.75,2386125,1745479260
2025-04-24 12:52:00,CE,ATM,0.0,23585475,24250.0,24268.1,14.6,14.7,13.4,13.4,1474800,1745479320
2025-04-24 12:53:00,CE,ATM,0.0,23585475,24250.0,24267.45,13.25,13.4,12.6,13.05,1873500,1745479380
2025-04-24 12:54:00,CE,ATM,0.0,23585475,24250.0,24264.95,13.0,13.45,11.55,11.95,2880675,1745479440
2025-04-24 12:55:00,CE,ATM,0.0,24308700,24250.0,24267.3,11.75,12.9,11.55,12.9,1843725,1745479500
2025-04-24 12:56:00,CE,ATM,0.0,24308700,24250.0,24265.65,12.75,13.05,12.0,12.6,1563750,1745479560
2025-04-24 12:57:00,CE,ATM,0.0,24308700,24250.0,24263.85,12.7,13.1,12.15,12.2,1580250,1745479620
2025-04-24 12:58:00,CE,ATM,0.0,24485850,24250.0,24262.95,12.0,12.95,11.6,12.05,1746300,1745479680
2025-04-24 12:59:00,CE,ATM,0.0,24485850,24250.0,24265.5,12.1,12.7,11.0,11.0,1913325,1745479740
2025-04-24 13:00:00,CE,ATM,325.889375,24485850,24250.0,24261.8,11.3,11.6,10.35,10.35,3057150,1745479800
2025-04-24 13:01:00,CE,ATM,0.0,25347300,24250.0,24260.35,10.1,10.55,9.75,10.35,3822600,1745479860
2025-04-24 13:02:00,CE,ATM,0.0,25347300,24250.0,24266.8,10.65,12.45,10.65,12.0,3422925,1745479920
2025-04-24 13:03:00,CE,ATM,0.0,25347300,24250.0,24265.55,11.9,12.0,10.7,10.9,2272275,1745479980
2025-04-24 13:04:00,CE,ATM,0.0,25680300,24250.0,24266.85,10.6,10.95,10.45,10.95,1857300,1745480040
2025-04-24 13:05:00,CE,ATM,0.0,25680300,24250.0,24269.85,10.9,12.65,10.9,12.65,2612550,1745480100
2025-04-24 13:06:00,CE,ATM,0.0,25680300,24250.0,24267.45,12.7,13.1,12.3,12.7,2949675,1745480160
2025-04-24 13:07:00,CE,ATM,0.0,26148525,24250.0,24265.8,12.5,12.7,10.6,10.6,2839575,1745480220
2025-04-24 13:08:00,CE,ATM,0.0,26148525,24250.0,24261.25,10.6,11.15,10.35,10.9,1934025,1745480280
2025-04-24 13:09:00,CE,ATM,0.0,26148525,24250.0,24262.9,10.8,11.3,10.65,10.85,1444425,1745480340
2025-04-24 13:10:00,CE,ATM,0.0,26986950,24250.0,24263.05,10.5,11.3,10.5,10.8,1528650,1745480400
2025-04-24 13:11:00,CE,ATM,0.0,26986950,24250.0,24262.55,10.75,10.85,10.0,10.0,1408500,1745480460
2025-04-24 13:12:00,CE,ATM,0.0,26986950,24250.0,24264.2,10.05,11.1,9.4,10.9,3295875,1745480520
2025-04-24 13:13:00,CE,ATM,0.0,27090675,24250.0,24259.65,10.85,11.15,9.55,9.55,2126475,1745480580
2025-04-24 13:14:00,CE,ATM,2.82099,27090675,24250.0,24257.5,9.45,10.3,9.45,9.6,1722225,1745480640
2025-04-24 13:15:00,CE,ATM,1.875183,27090675,24250.0,24257.2,9.5,9.9,8.35,8.35,3712125,1745480700
2025-04-24 13:16:00,CE,ATM,0.0,28040625,24250.0,24260.0,8.55,9.0,8.55,9.0,2826975,1745480760
2025-04-24 13:17:00,CE,ATM,0.0,28040625,24250.0,24260.9,9.0,9.2,8.65,8.85,1966200,1745480820
2025-04-24 13:18:00,CE,ATM,0.0,28040625,24250.0,24262.0,9.0,9.15,8.8,9.1,1384425,1745480880
2025-04-24 13:19:00,CE,ATM,0.0,28526625,24250.0,24257.75,9.05,9.05,7.7,7.8,3384975,1745480940
2025-04-24 13:20:00,CE,ATM,1.418142,28526625,24250.0,24256.95,7.8,7.95,7.5,7.75,3117000,1745481000
2025-04-24 13:21:00,CE,ATM,1.951618,28526625,24250.0,24256.3,7.7,7.9,7.45,7.6,2483325,1745481060
2025-04-24 13:22:00,CE,ATM,3.016531,28908225,24250.0,24253.75,7.7,7.7,6.95,7.05,3450750,1745481120
2025-04-24 13:23:00,CE,ATM,0.0,28908225,24250.0,24258.7,7.1,7.85,7.05,7.8,3122625,1745481180
2025-04-24 13:24:00,CE,ATM,0.0,28908225,24250.0,24260.05,7.8,8.55,7.8,8.5,2478825,1745481240
2025-04-24 13:25:00,CE,ATM,0.0,28111200,24250.0,24258.65,8.55,8.6,8.15,8.25,2250825,1745481300
2025-04-24 13:26:00,CE,ATM,1.39293,28111200,24250.0,24256.85,8.2,8.35,7.6,7.6,1962225,1745481360
2025-04-24 13:27:00,CE,ATM,2.198841,28111200,24250.0,24255.95,7.6,7.75,7.25,7.5,2053425,1745481420
2025-04-24 13:28:00,CE,ATM,1.570126,28824075,24250.0,24256.75,7.4,7.75,7.4,7.6,1491525,1745481480
2025-04-24 13:29:00,CE,ATM,2.15693,28824075,24250.0,24255.85,7.55,7.6,6.75,7.35,2396925,1745481540
2025-04-24 13:30:00,CE,ATM,1.988255,28824075,24250.0,24256.2,7.4,7.55,7.1,7.45,1893750,1745481600
2025-04-24 13:31:00,CE,ATM,0.0,28893825,24250.0,24259.4,7.45,9.25,7.3,9.0,4393125,1745481660
2025-04-24 13:32:00,CE,ATM,0.0,28893825,24250.0,24258.05,8.8,9.2,8.05,8.1,2749950,1745481720
2025-04-24 13:33:00,CE,ATM,0.0,28893825,24250.0,24258.25,8.1,8.8,8.1,8.15,1951125,1745481780
2025-04-24 13:34:00,CE,ATM,3.021735,29190300,24250.0,24255.2,8.2,8.2,7.45,7.8,2948625,1745481840
2025-04-24 13:35:00,CE,ATM,3.77069,29190300,24250.0,24252.25,7.7,7.75,6.85,6.9,2919825,1745481900
2025-04-24 13:36:00,CE,ATM,3.759045,29190300,24250.0,24252.15,6.85,7.05,6.6,6.8,3377700,1745481960
2025-04-24 13:37:00,CE,ATM,4.856729,29767425,24250.0,24245.3,6.6,6.8,5.0,5.0,8445675,1745482020
2025-04-24 13:38:00,CE,ATM,5.477444,29767425,24250.0,24244.0,5.05,5.35,4.8,5.3,8277150,1745482080
2025-04-24 13:39:00,CE,ATM,5.686385,29767425,24250.0,24243.75,5.3,5.7,5.3,5.45,5159175,1745482140
2025-04-24 13:40:00,CE,ATM,4.266579,30792750,24250.0,24249.55,5.45,6.05,5.45,6.0,4130175,1745482200
2025-04-24 13:41:00,CE,ATM,4.866211,30792750,24250.0,24247.55,6.05,6.1,5.85,5.85,3364125,1745482260
2025-04-24 13:42:00,CE,ATM,5.045198,30792750,24250.0,24246.85,5.75,5.9,5.65,5.75,1986075,1745482320
2025-04-24 13:43:00,CE,ATM,4.563172,31014075,24250.0,24248.9,5.75,6.05,5.7,6.0,1815525,1745482380
2025-04-24 13:44:00,CE,ATM,4.230881,31014075,24250.0,24250.65,6.05,6.45,6.0,6.4,3177975,1745482440
2025-04-24 13:45:00,CE,ATM,5.083759,31014075,24250.0,24247.85,6.4,6.65,6.05,6.15,3731250,1745482500
2025-04-24 13:46:00,CE,ATM,4.947619,30568650,24250.0,24249.95,6.1,7.25,6.05,6.95,4905375,1745482560
2025-04-24 13:47:00,CE,ATM,4.272599,30568650,24250.0,24250.9,6.7,6.85,6.25,6.5,3081375,1745482620
2025-04-24 13:48:00,CE,ATM,4.591855,30568650,24250.0,24249.85,6.4,6.55,6.15,6.35,2374500,1745482680
2025-04-24 13:49:00,CE,ATM,4.643461,30628725,24250.0,24248.45,6.3,6.35,5.55,5.7,3564825,1745482740
2025-04-24 13:50:00,CE,ATM,4.847453,30628725,24250.0,24249.8,5.7,6.65,5.7,6.6,2800425,1745482800
2025-04-24 13:51:00,CE,ATM,4.979278,30628725,24250.0,24248.6,6.6,6.6,5.8,6.15,2172600,1745482860
2025-04-24 13:52:00,CE,ATM,5.4864,30909750,24250.0,24246.9,6.3,6.45,6.0,6.0,1515450,1745482920
2025-04-24 13:53:00,CE,ATM,5.961074,30909750,24250.0,24245.8,6.1,6.15,5.8,6.1,1800675,1745482980
2025-04-24 13:54:00,CE,ATM,5.720948,30909750,24250.0,24246.5,6.05,6.3,5.9,6.05,1626975,1745483040
2025-04-24 13:55:00,CE,ATM,5.886385,30941775,24250.0,24246.45,6.0,6.45,6.0,6.2,2005725,1745483100
2025-04-24 13:56:00,CE,ATM,5.511879,30941775,24250.0,24250.0,6.35,7.9,6.35,7.35,4883325,1745483160
2025-04-24 13:57:00,CE,ATM,5.709311,30941775,24250.0,24248.45,7.5,7.5,6.6,6.8,2869500,1745483220
2025-04-24 13:58:00,CE,ATM,6.221699,30297525,24250.0,24248.0,6.85,7.35,6.85,7.2,2558475,1745483280
2025-04-24 13:59:00,CE,ATM,5.804349,30297525,24250.0,24249.2,7.2,7.6,7.1,7.2,2110125,1745483340
2025-04-24 14:00:00,CE,ATM,5.382355,30297525,24250.0,24255.3,7.15,11.9,7.15,10.05,12514275,1745483400
2025-04-24 14:01:00,CE,ATM,6.911744,28658475,24250.0,24248.15,10.15,10.7,7.7,8.0,7683525,1745483460
2025-04-24 14:02:00,CE,ATM,6.572989,28658475,24250.0,24247.45,7.85,8.15,6.8,7.2,6132675,1745483520
2025-04-24 14:03:00,CE,ATM,5.700583,28658475,24250.0,24252.25,7.2,8.55,7.2,8.5,4737075,1745483580
2025-04-24 14:04:00,CE,ATM,6.825931,29297625,24250.0,24250.3,8.7,9.0,8.3,8.8,4289250,1745483640
2025-04-24 14:05:00,CE,ATM,7.216232,29297625,24250.0,24249.25,8.55,8.75,7.55,8.7,3916650,1745483700
2025-04-24 14:06:00,CE,ATM,6.600365,29297625,24250.0,24248.65,8.65,8.7,7.2,7.6,3243375,1745483760
2025-04-24 14:07:00,CE,ATM,6.722569,29841375,24250.0,24248.55,7.65,7.95,6.8,7.65,3501525,1745483820
2025-04-24 14:08:00,CE,ATM,6.142254,29841375,24250.0,24250.75,7.75,8.3,7.6,8.0,2559975,1745483880
2025-04-24 14:09:00,CE,ATM,5.817026,29841375,24250.0,24250.05,7.9,8.45,7.2,7.2,2794275,1745483940
2025-04-24 14:10:00,CE,ATM,6.6321,30061650,24250.0,24248.05,7.1,7.5,7.0,7.15,2551575,1745484000
2025-04-24 14:11:00,CE,ATM,6.633167,30061650,24250.0,24249.4,7.0,7.8,7.0,7.75,2356875,1745484060
2025-04-24 14:12:00,CE,ATM,7.089267,30061650,24250.0,24246.55,7.75,7.75,6.9,6.9,2112300,1745484120
2025-04-24 14:13:00,CE,ATM,7.030559,30370800,24250.0,24247.6,6.95,7.3,6.9,7.25,1887600,1745484180
2025-04-24 14:14:00,CE,ATM,7.102672,30370800,24250.0,24247.1,7.25,7.65,6.95,7.05,2484225,1745484240
2025-04-24 14:15:00,CE,ATM,6.583451,30370800,24250.0,24248.3,7.0,7.15,6.0,6.95,5318250,1745484300
2025-04-24 14:16:00,CE,ATM,6.51639,30330600,24250.0,24245.05,7.1,7.2,5.4,5.4,4922175,1745484360
2025-04-24 14:17:00,CE,ATM,6.465786,30330600,24250.0,24246.85,5.4,6.4,5.4,6.05,4423950,1745484420
2025-04-24 14:18:00,CE,ATM,5.036143,30330600,24250.0,24250.35,6.05,6.55,5.95,6.05,2944425,1745484480
2025-04-24 14:19:00,CE,ATM,5.109179,31112550,24250.0,24251.4,6.05,6.75,6.05,6.65,2654700,1745484540
2025-04-24 14:20:00,CE,ATM,5.040078,31112550,24250.0,24252.15,6.55,7.3,6.5,6.95,3699075,1745484600
2025-04-24 14:21:00,CE,ATM,5.46687,31112550,24250.0,24253.4,6.8,8.25,6.7,8.1,4705575,1745484660
2025-04-24 14:22:00,CE,ATM,4.52732,30659775,24250.0,24259.75,8.25,11.55,8.25,11.55,8821125,1745484720
2025-04-24 14:23:00,CE,ATM,0.0,30659775,24250.0,24259.95,10.65,11.0,9.2,9.45,8794425,1745484780
2025-04-24 14:24:00,CE,ATM,3.642471,30659775,24250.0,24254.85,9.25,9.25,7.05,7.05,5677650,1745484840
2025-04-24 14:25:00,CE,ATM,6.930568,30682800,24250.0,24247.15,7.15,7.75,6.05,6.25,5810475,1745484900
2025-04-24 14:26:00,CE,ATM,7.462504,30682800,24250.0,24248.65,6.0,7.45,6.0,7.45,4556700,1745484960
2025-04-24 14:27:00,CE,ATM,5.444241,30682800,24250.0,24251.85,7.55,7.95,6.9,6.9,4783275,1745485020
2025-04-24 14:28:00,CE,ATM,6.236444,31521900,24250.0,24250.3,7.0,7.1,6.35,6.85,2876775,1745485080
2025-04-24 14:29:00,CE,ATM,6.812428,31521900,24250.0,24248.8,6.75,7.05,6.35,6.65,2782050,1745485140
2025-04-24 14:30:00,CE,ATM,7.992109,31521900,24250.0,24244.6,6.65,7.55,5.95,5.95,5696550,1745485200
2025-04-24 14:31:00,CE,ATM,7.677606,32517150,24250.0,24245.05,5.75,5.9,5.5,5.75,3682125,1745485260
2025-04-24 14:32:00,CE,ATM,7.142532,32517150,24250.0,24243.6,5.8,5.85,4.45,4.6,7026300,1745485320
2025-04-24 14:33:00,CE,ATM,7.365791,32517150,24250.0,24241.6,4.55,4.9,4.0,4.05,7271400,1745485380
2025-04-24 14:34:00,CE,ATM,7.749815,34550550,24250.0,24242.5,4.05,4.75,3.65,4.65,9473175,1745485440
2025-04-24 14:35:00,CE,ATM,7.321933,34550550,24250.0,24244.7,4.65,5.15,4.55,5.0,5281050,1745485500
2025-04-24 14:36:00,CE,ATM,8.064161,34550550,24250.0,24240.1,4.95,4.95,4.0,4.0,6035700,1745485560
2025-04-24 14:37:00,CE,ATM,8.452378,36981000,24250.0,24238.05,4.05,4.05,3.4,3.65,11147550,1745485620
2025-04-24 14:38:00,CE,ATM,8.77722,36981000,24250.0,24237.35,3.75,3.8,3.5,3.65,4943175,1745485680
2025-04-24 14:39:00,CE,ATM,8.433354,36981000,24250.0,24238.75,3.8,4.05,3.55,3.7,5481375,1745485740
2025-04-24 14:40:00,CE,ATM,8.707617,38187375,24250.0,24239.4,3.75,4.1,3.5,4.05,4743375,1745485800
2025-04-24 14:41:00,CE,ATM,9.81407,38187375,24250.0,24235.9,4.0,4.1,3.55,3.85,4863975,1745485860
2025-04-24 14:42:00,CE,ATM,9.804877,38187375,24250.0,24235.85,3.8,3.95,3.6,3.75,4602600,1745485920
2025-04-24 14:43:00,CE,ATM,8.643305,38723100,24250.0,24240.45,3.55,4.35,3.3,4.1,7435950,1745485980
2025-04-24 14:44:00,CE,ATM,7.526031,38723100,24250.0,24243.15,4.05,4.2,3.85,4.0,4800450,1745486040
2025-04-24 14:45:00,CE,ATM,7.59188,38723100,24250.0,24240.55,3.9,4.5,2.7,3.15,10761825,1745486100
2025-04-24 14:46:00,CE,ATM,7.586367,39027675,24250.0,24240.45,3.1,3.1,2.85,3.05,5838000,1745486160
2025-04-24 14:47:00,CE,ATM,8.171488,39027675,24250.0,24239.15,3.15,3.3,2.95,3.05,4797900,1745486220
2025-04-24 14:48:00,CE,ATM,7.023919,39027675,24250.0,24243.25,3.0,3.4,2.95,3.35,5417100,1745486280
2025-04-24 14:49:00,CE,ATM,7.598104,38278200,24250.0,24240.95,3.3,3.5,2.65,3.0,5940000,1745486340
2025-04-24 14:50:00,CE,ATM,8.112133,38278200,24250.0,24237.8,3.1,3.3,2.35,2.45,8004825,1745486400
2025-04-24 14:51:00,CE,ATM,8.610047,38278200,24250.0,24234.9,2.5,2.75,2.05,2.05,8663850,1745486460
2025-04-24 14:52:00,CE,ATM,9.773942,39042600,24250.0,24229.5,2.05,2.15,1.65,1.65,12696600,1745486520
2025-04-24 14:53:00,CE,ATM,11.232162,39042600,24250.0,24225.3,1.95,2.0,1.6,1.65,13944375,1745486580
2025-04-24 14:54:00,CE,ATM,32.190752,10857975,24200.0,24223.3,40.45,40.8,33.35,39.15,4811850,1745486640
2025-04-24 14:55:00,CE,ATM,32.465649,11188275,24200.0,24223.9,39.85,42.3,37.8,39.4,2142975,1745486700
2025-04-24 14:56:00,CE,ATM,33.524461,11188275,24200.0,24224.1,39.3,41.45,38.4,39.95,1309125,1745486760
2025-04-24 14:57:00,CE,ATM,35.953231,11188275,24200.0,24223.35,39.85,40.85,39.0,40.85,1088550,1745486820
2025-04-24 14:58:00,CE,ATM,11.475446,37020300,24250.0,24227.45,1.35,1.9,1.3,1.7,8695050,1745486880
2025-04-24 14:59:00,CE,ATM,35.073272,11350275,24200.0,24221.25,42.8,42.8,36.35,38.1,2722425,1745486940
2025-04-24 15:00:00,CE,ATM,5.501286,37020300,24250.0,24243.25,0.85,2.15,0.8,1.55,24335475,1745487000
2025-04-24 15:01:00,CE,ATM,7.248164,39186675,24250.0,24235.9,1.4,1.55,0.65,0.95,17440200,1745487060
2025-04-24 15:02:00,CE,ATM,5.715952,39186675,24250.0,24240.4,1.0,1.3,0.85,0.95,12297675,1745487120
2025-04-24 15:03:00,CE,ATM,4.983683,39186675,24250.0,24242.75,0.9,1.25,0.85,1.0,9851400,1745487180
2025-04-24 15:04:00,CE,ATM,4.837355,39043275,24250.0,24243.55,1.05,1.25,1.0,1.05,8729550,1745487240
2025-04-24 15:05:00,CE,ATM,3.59507,39043275,24250.0,24246.75,1.15,1.35,1.05,1.15,12003900,1745487300
2025-04-24 15:06:00,CE,ATM,4.919782,39043275,24250.0,24241.0,1.25,1.3,0.45,0.55,14517825,1745487360
2025-04-24 15:07:00,CE,ATM,2.430624,37623825,24250.0,24248.75,0.7,1.35,0.65,1.05,19571325,1745487420
2025-04-24 15:08:00,CE,ATM,6.395075,37623825,24250.0,24238.95,1.0,1.0,0.5,0.7,12847800,1745487480
2025-04-24 15:09:00,CE,ATM,3.237134,37623825,24250.0,24247.15,0.7,1.05,0.7,0.9,9871200,1745487540
2025-04-24 15:10:00,CE,ATM,0.0,36408600,24250.0,24251.6,0.95,0.95,0.75,0.9,10617375,1745487600
2025-04-24 15:11:00,CE,ATM,1.359179,36408600,24250.0,24250.55,0.9,1.6,0.85,1.15,19421100,1745487660
2025-04-24 15:12:00,CE,ATM,1.508617,36408600,24250.0,24249.7,1.1,1.15,0.65,0.75,10462800,1745487720
2025-04-24 15:13:00,CE,ATM,0.0,35708850,24250.0,24251.85,0.7,0.9,0.7,0.8,8164425,1745487780
2025-04-24 15:14:00,CE,ATM,0.994049,35708850,24250.0,24250.15,0.9,0.95,0.65,0.65,6106725,1745487840
2025-04-24 15:15:00,CE,ATM,2.071848,35708850,24250.0,24248.65,0.7,0.8,0.55,0.55,8692350,1745487900
2025-04-24 15:16:00,CE,ATM,0.0,34266750,24250.0,24251.35,0.55,0.6,0.25,0.35,14762775,1745487960
2025-04-24 15:17:00,CE,ATM,0.0,34266750,24250.0,24252.65,0.45,0.55,0.35,0.45,10494300,1745488020
2025-04-24 15:18:00,CE,ATM,0.0,34266750,24250.0,24252.45,0.55,0.55,0.4,0.4,5326575,1745488080
2025-04-24 15:19:00,CE,ATM,0.0,32465700,24250.0,24252.4,0.4,0.5,0.3,0.3,7448400,1745488140
2025-04-24 15:20:00,CE,ATM,0.0,32465700,24250.0,24251.05,0.35,0.35,0.25,0.3,9596325,1745488200
2025-04-24 15:21:00,CE,ATM,0.0,32465700,24250.0,24250.4,0.3,0.3,0.1,0.15,10140750,1745488260
2025-04-24 15:22:00,CE,ATM,0.0,29630475,24250.0,24253.0,0.2,0.2,0.1,0.1,4642125,1745488320
2025-04-24 15:23:00,CE,ATM,0.0,29630475,24250.0,24250.2,0.1,0.15,0.05,0.15,6457275,1745488380
2025-04-24 15:24:00,CE,ATM,1.021415,29630475,24250.0,24249.3,0.15,0.15,0.05,0.1,3177600,1745488440
2025-04-24 15:25:00,CE,ATM,0.0,27693975,24250.0,24250.15,0.1,0.1,0.05,0.1,2483400,1745488500
2025-04-24 15:26:00,CE,ATM,0.878824,27693975,24250.0,24249.4,0.1,0.1,0.05,0.05,3456975,1745488560
2025-04-24 15:27:00,CE,ATM,0.373495,27693975,24250.0,24249.9,0.1,0.1,0.05,0.05,5862600,1745488620
2025-04-24 15:28:00,CE,ATM,7.536136,24967800,24250.0,24243.55,0.05,0.05,0.05,0.05,1103625,1745488680
2025-04-24 15:29:00,CE,ATM,8.594328,24967800,24250.0,24245.05,0.05,0.05,0.05,0.05,823650,1745488740
2025-04-21 09:15:00,PE,ATM,20.4661,2179650,24000.0,23983.6,211.0,260.7,182.55,182.55,923550,1745207100
2025-04-21 09:16:00,PE,ATM,21.500935,2179650,24000.0,23995.9,182.3,187.4,172.5,185.9,1000050,1745207160
2025-04-21 09:17:00,PE,ATM,21.422825,2179650,24000.0,23989.45,186.1,197.7,181.4,188.3,805950,1745207220
2025-04-21 09:18:00,PE,ATM,20.989491,761400,23950.0,23966.45,161.65,172.6,161.65,171.15,598125,1745207280
2025-04-21 09:19:00,PE,ATM,20.749978,761400,23950.0,23960.4,170.0,174.5,166.9,171.8,520125,1745207340
2025-04-21 09:20:00,PE,ATM,21.096065,761400,23950.0,23953.2,171.0,178.85,162.25,178.3,686325,1745207400
2025-04-21 09:21:00,PE,ATM,21.339144,1102050,23950.0,23933.1,178.5,194.3,176.65,190.2,852675,1745207460
2025-04-21 09:22:00,PE,ATM,22.208285,1714425,23900.0,23908.55,165.1,189.95,165.1,185.35,1485225,1745207520
2025-04-21 09:23:00,PE,ATM,22.04692,1714425,23900.0,23923.75,184.55,184.55,173.75,176.8,809175,1745207580
2025-04-21 09:24:00,PE,ATM,21.194018,951825,23950.0,23968.35,201.15,201.15,165.65,172.0,729000,1745207640
2025-04-21 09:25:00,PE,ATM,21.825843,951825,23950.0,23962.05,173.8,185.2,169.05,180.6,636825,1745207700
2025-04-21 09:26:00,PE,ATM,21.821794,951825,23950.0,23937.5,182.2,193.35,179.15,192.3,447675,1745207760
2025-04-21 09:27:00,PE,ATM,22.07493,1276575,23950.0,23929.9,193.45,198.3,188.8,198.3,377850,1745207820
2025-04-21 09:28:00,PE,ATM,21.372929,1276575,23950.0,23946.3,197.7,197.7,183.95,183.95,284550,1745207880
2025-04-21 09:29:00,PE,ATM,21.068029,1276575,23950.0,23959.3,181.6,181.6,168.0,175.0,448950,1745207940
2025-04-21 09:30:00,PE,ATM,21.392511,1421850,23950.0,23934.15,174.65,190.0,174.05,190.0,529725,1745208000
2025-04-21 09:31:00,PE,ATM,20.851559,1421850,23950.0,23964.25,190.65,194.0,170.7,170.7,518775,1745208060
2025-04-21 09:32:00,PE,ATM,20.934219,1421850,23950.0,23965.7,170.6,182.4,170.15,170.75,343425,1745208120
2025-04-21 09:33:00,PE,ATM,21.050411,3206625,24000.0,23977.55,196.0,198.7,183.85,190.5,597375,1745208180
2025-04-21 09:34:00,PE,ATM,20.816327,3206625,24000.0,23983.15,190.6,194.0,185.6,185.6,432675,1745208240
2025-04-21 09:35:00,PE,ATM,21.217041,3206625,24000.0,23988.45,184.6,188.65,180.75,186.6,561000,1745208300
2025-04-21 09:36:00,PE,ATM,21.085615,3612900,24000.0,23992.35,186.9,186.9,176.4,183.5,677550,1745208360
2025-04-21 09:37:00,PE,ATM,20.687978,3612900,24000.0,23995.55,183.55,183.55,170.0,178.35,742650,1745208420
2025-04-21 09:38:00,PE,ATM,20.546101,3612900,24000.0,24007.2,178.8,178.8,170.2,171.5,517500,1745208480
2025-04-21 09:39:00,PE,ATM,20.611301,4113675,24000.0,24021.85,171.9,172.95,162.55,165.25,860175,1745208540
2025-04-21 09:40:00,PE,ATM,20.012736,4113675,24000.0,24021.75,163.7,167.25,159.3,159.9,732525,1745208600
2025-04-21 09:41:00,PE,ATM,19.896654,4113675,24000.0,24013.5,159.85,165.8,158.05,162.65,616875,1745208660
2025-04-21 09:42:00,PE,ATM,19.877886,4646775,24000.0,24012.35,162.25,168.3,160.3,163.0,626850,1745208720
2025-04-21 09:43:00,PE,ATM,19.472308,4646775,24000.0,24019.45,163.85,163.85,155.6,156.05,634650,1745208780
2025-04-21 09:44:00,PE,ATM,19.875675,439575,24050.0,24030.0,181.9,182.5,175.0,178.85,176175,1745208840
2025-04-21 09:45:00,PE,ATM,19.675311,4866900,24000.0,24017.15,154.35,162.0,153.5,158.9,778875,1745208900
2025-04-21 09:46:00,PE,ATM,19.83831,4866900,24000.0,24005.8,159.0,169.0,157.85,165.65,1152450,1745208960
2025-04-21 09:47:00,PE,ATM,19.93803,4866900,24000.0,24006.5,167.6,167.6,163.35,166.2,511050,1745209020
2025-04-21 09:48:00,PE,ATM,20.128903,5110575,24000.0,23989.6,167.4,176.95,167.4,176.0,1352625,1745209080
2025-04-21 09:49:00,PE,ATM,20.086986,5110575,24000.0,23994.15,174.15,174.6,169.8,173.4,701700,1745209140
2025-04-21 09:50:00,PE,ATM,20.252936,5110575,24000.0,23984.35,172.75,180.9,167.9,179.65,984525,1745209200
2025-04-21 09:51:00,PE,ATM,19.667481,5246475,24000.0,24000.8,178.95,180.05,162.65,166.4,1030050,1745209260
2025-04-21 09:52:00,PE,ATM,19.621984,5246475,24000.0,24000.85,165.2,174.85,165.2,165.95,546150,1745209320
2025-04-21 09:53:00,PE,ATM,19.267939,5246475,24000.0,24003.9,165.5,165.5,158.55,161.3,627225,1745209380
2025-04-21 09:54:00,PE,ATM,19.124815,5313825,24000.0,24015.65,160.8,161.45,154.5,154.5,564600,1745209440
2025-04-21 09:55:00,PE,ATM,18.976847,604425,24050.0,24028.8,178.75,181.05,164.4,171.15,368400,1745209500
2025-04-21 09:56:00,PE,ATM,18.790915,604425,24050.0,24025.5,174.25,178.1,171.0,171.1,196875,1745209560
2025-04-21 09:57:00,PE,ATM,19.144357,682275,24050.0,24027.65,170.8,173.2,167.05,173.2,142350,1745209620
2025-04-21 09:58:00,PE,ATM,18.758012,682275,24050.0,24027.75,171.4,171.4,163.5,169.65,165225,1745209680
2025-04-21 09:59:00,PE,ATM,18.286618,682275,24050.0,24031.55,170.35,170.35,163.1,163.5,129300,1745209740
2025-04-21 10:00:00,PE,ATM,18.465153,5949450,24000.0,24020.3,139.6,146.35,136.6,146.35,676350,1745209800
2025-04-21 10:01:00,PE,ATM,18.277952,797550,24050.0,24027.9,173.3,174.05,164.5,165.2,321900,1745209860
2025-04-21 10:02:00,PE,ATM,18.367348,797550,24050.0,24030.4,165.35,169.2,162.2,164.75,164175,1745209920
2025-04-21 10:03:00,PE,ATM,18.102059,880350,24050.0,24031.6,164.2,164.25,157.6,161.75,245325,1745209980
2025-04-21 10:04:00,PE,ATM,17.891514,880350,24050.0,24051.3,161.35,161.75,148.45,150.3,424800,1745210040
2025-04-21 10:05:00,PE,ATM,17.951451,880350,24050.0,24048.2,151.0,154.65,151.0,152.3,340500,1745210100
2025-04-21 10:06:00,PE,ATM,17.754207,1135650,24050.0,24046.65,154.0,156.0,149.55,151.25,314625,1745210160
2025-04-21 10:07:00,PE,ATM,17.509511,1135650,24050.0,24053.45,151.05,151.05,143.5,145.8,349200,1745210220
2025-04-21 10:08:00,PE,ATM,17.758492,1135650,24050.0,24058.4,147.8,148.6,142.65,145.7,265575,1745210280
2025-04-21 10:09:00,PE,ATM,17.287647,1423725,24050.0,24057.55,145.0,146.25,140.85,141.85,209325,1745210340
2025-04-21 10:10:00,PE,ATM,17.270315,1423725,24050.0,24050.5,142.25,146.0,142.25,145.0,303300,1745210400
2025-04-21 10:11:00,PE,ATM,17.506174,1423725,24050.0,24045.8,145.95,149.35,144.25,149.35,295725,1745210460
2025-04-21 10:12:00,PE,ATM,17.690773,1664625,24050.0,24040.3,150.9,156.35,150.2,153.65,375375,1745210520
2025-04-21 10:13:00,PE,ATM,18.017041,1664625,24050.0,24043.55,154.9,156.2,151.3,155.0,198750,1745210580
2025-04-21 10:14:00,PE,ATM,18.344207,1664625,24050.0,24033.45,154.65,162.85,153.9,162.85,284625,1745210640
2025-04-21 10:15:00,PE,ATM,18.638083,1665000,24050.0,24032.8,165.05,167.25,161.3,165.8,433425,1745210700
2025-04-21 10:16:00,PE,ATM,18.550473,1665000,24050.0,24029.05,166.7,167.15,163.2,166.85,242325,1745210760
2025-04-21 10:17:00,PE,ATM,18.331904,6991500,24000.0,24024.35,143.15,150.45,142.5,143.05,1576350,1745210820
2025-04-21 10:18:00,PE,ATM,18.548363,7176225,24000.0,24021.75,141.95,149.1,141.95,146.15,682500,1745210880
2025-04-21 10:19:00,PE,ATM,18.70759,7176225,24000.0,24021.0,146.15,149.1,142.65,147.9,535575,1745210940
2025-04-21 10:20:00,PE,ATM,18.523945,1672950,24050.0,24029.45,172.45,173.95,163.2,166.35,292650,1745211000
2025-04-21 10:21:00,PE,ATM,19.065151,7244175,24000.0,24020.05,141.1,151.5,140.2,151.5,830325,1745211060
2025-04-21 10:22:00,PE,ATM,18.801525,7244175,24000.0,24015.0,152.8,156.1,149.1,151.45,1294125,1745211120
2025-04-21 10:23:00,PE,ATM,18.67939,7244175,24000.0,24023.05,152.55,152.55,143.6,146.65,747075,1745211180
2025-04-21 10:24:00,PE,ATM,18.838897,7321875,24000.0,24010.7,145.9,154.95,142.55,153.75,817500,1745211240
2025-04-21 10:25:00,PE,ATM,18.427231,7321875,24000.0,24024.85,152.6,152.6,143.55,143.55,726675,1745211300
2025-04-21 10:26:00,PE,ATM,18.663324,7321875,24000.0,24022.3,143.85,151.6,143.85,146.8,474225,1745211360
2025-04-21 10:27:00,PE,ATM,18.345899,1686450,24050.0,24037.25,173.0,173.0,158.3,160.8,381450,1745211420
2025-04-21 10:28:00,PE,ATM,18.076272,1686450,24050.0,24040.25,161.1,164.2,156.9,156.9,255525,1745211480
2025-04-21 10:29:00,PE,ATM,18.073224,1686450,24050.0,24045.65,158.25,159.7,150.45,154.25,273825,1745211540
2025-04-21 10:30:00,PE,ATM,18.123865,1741125,24050.0,24044.9,153.7,156.45,152.4,155.05,179775,1745211600
2025-04-21 10:31:00,PE,ATM,18.267839,1741125,24050.0,24047.25,154.0,155.2,150.2,155.2,181650,1745211660
2025-04-21 10:32:00,PE,ATM,18.337053,1741125,24050.0,24050.3,155.6,155.85,150.6,154.35,156900,1745211720
2025-04-21 10:33:00,PE,ATM,17.797611,1798725,24050.0,24056.85,154.25,154.25,146.4,146.4,241575,1745211780
2025-04-21 10:34:00,PE,ATM,17.861503,1798725,24050.0,24057.4,146.65,147.9,144.25,146.7,235125,1745211840
2025-04-21 10:35:00,PE,ATM,18.072632,1798725,24050.0,24051.1,147.05,154.3,146.65,151.55,309075,1745211900
2025-04-21 10:36:00,PE,ATM,18.098595,1871250,24050.0,24060.6,153.45,153.45,146.5,147.3,232350,1745211960
2025-04-21 10:37:00,PE,ATM,18.368317,1871250,24050.0,24050.2,146.75,154.6,146.5,154.6,204225,1745212020
2025-04-21 10:38:00,PE,ATM,17.788694,1871250,24050.0,24053.65,152.5,155.15,147.75,147.75,271125,1745212080
2025-04-21 10:39:00,PE,ATM,17.911468,1950900,24050.0,24043.25,147.45,155.9,147.45,153.8,312375,1745212140
2025-04-21 10:40:00,PE,ATM,17.739582,1950900,24050.0,24050.65,153.8,155.0,148.7,148.7,255525,1745212200
2025-04-21 10:41:00,PE,ATM,17.277723,1950900,24050.0,24064.0,148.2,148.8,134.2,138.3,598350,1745212260
2025-04-21 10:42:00,PE,ATM,17.323217,2027250,24050.0,24062.9,138.7,143.9,138.5,139.2,278700,1745212320
2025-04-21 10:43:00,PE,ATM,17.320843,2027250,24050.0,24065.1,138.9,140.55,136.55,138.15,227250,1745212380
2025-04-21 10:44:00,PE,ATM,17.330236,2027250,24050.0,24067.65,139.6,140.85,136.65,137.05,174975,1745212440
2025-04-21 10:45:00,PE,ATM,16.994232,2102625,24050.0,24073.9,137.15,138.3,131.2,131.2,301425,1745212500
2025-04-21 10:46:00,PE,ATM,16.909722,2102625,24050.0,24072.75,132.55,134.3,129.5,130.95,324975,1745212560
2025-04-21 10:47:00,PE,ATM,16.992405,2102625,24050.0,24070.15,131.55,133.9,131.55,132.85,113400,1745212620
2025-04-21 10:48:00,PE,ATM,16.835415,1524900,24100.0,24075.15,157.7,158.8,152.1,153.2,233550,1745212680
2025-04-21 10:49:00,PE,ATM,16.714708,2169900,24050.0,24071.35,129.15,131.4,129.1,129.8,151875,1745212740
2025-04-21 10:50:00,PE,ATM,16.197282,1524900,24100.0,24086.85,154.9,154.9,141.65,141.65,618300,1745212800
2025-04-21 10:51:00,PE,ATM,16.460337,1842675,24100.0,24095.95,143.0,143.85,138.0,139.6,642975,1745212860
2025-04-21 10:52:00,PE,ATM,16.584472,1842675,24100.0,24092.0,139.4,142.65,139.0,142.6,496050,1745212920
2025-04-21 10:53:00,PE,ATM,16.561443,1842675,24100.0,24091.75,141.85,143.0,141.25,142.5,274575,1745212980
2025-04-21 10:54:00,PE,ATM,16.520085,2157450,24100.0,24095.0,142.3,142.3,140.3,140.55,256875,1745213040
2025-04-21 10:55:00,PE,ATM,16.343836,2157450,24100.0,24094.8,140.9,141.25,137.1,139.05,360450,1745213100
2025-04-21 10:56:00,PE,ATM,16.361589,2157450,24100.0,24099.4,138.1,139.5,137.0,137.0,284400,1745213160
2025-04-21 10:57:00,PE,ATM,16.307481,2481825,24100.0,24098.35,137.0,139.1,135.65,137.0,307875,1745213220
2025-04-21 10:58:00,PE,ATM,16.510476,2481825,24100.0,24098.05,137.35,139.45,137.0,138.95,275550,1745213280
2025-04-21 10:59:00,PE,ATM,16.392659,2481825,24100.0,24099.9,138.7,138.7,135.2,137.0,223875,1745213340
2025-04-21 11:00:00,PE,ATM,16.436188,2768850,24100.0,24096.7,136.1,141.95,136.1,138.9,482625,1745213400
2025-04-21 11:01:00,PE,ATM,16.328611,2768850,24100.0,24093.2,137.9,139.6,134.9,139.6,370725,1745213460
2025-04-21 11:02:00,PE,ATM,16.324632,2768850,24100.0,24090.2,139.35,142.75,139.35,141.0,586275,1745213520
2025-04-21 11:03:00,PE,ATM,16.262167,3004575,24100.0,24091.7,139.75,142.95,139.35,139.7,275025,1745213580
2025-04-21 11:04:00,PE,ATM,16.356721,3004575,24100.0,24095.2,140.55,140.55,136.5,138.85,252225,1745213640
2025-04-21 11:05:00,PE,ATM,16.216952,3004575,24100.0,24096.0,138.95,140.9,136.8,137.2,228450,1745213700
2025-04-21 11:06:00,PE,ATM,16.624983,3124500,24100.0,24093.8,137.8,143.0,137.8,141.9,275625,1745213760
2025-04-21 11:07:00,PE,ATM,16.655329,3124500,24100.0,24095.9,142.0,142.0,138.75,141.15,216375,1745213820
2025-04-21 11:08:00,PE,ATM,16.226236,3124500,24100.0,24102.3,141.6,141.6,131.2,134.25,565050,1745213880
2025-04-21 11:09:00,PE,ATM,16.328906,3129375,24100.0,24102.1,133.1,137.4,131.4,135.25,397275,1745213940
2025-04-21 11:10:00,PE,ATM,16.552103,3129375,24100.0,24101.75,136.2,137.4,131.85,137.4,281400,1745214000
2025-04-21 11:11:00,PE,ATM,16.581989,3129375,24100.0,24098.7,136.3,139.4,136.25,139.1,435525,1745214060
2025-04-21 11:12:00,PE,ATM,16.229934,3309600,24100.0,24100.35,138.25,138.45,134.7,135.15,264075,1745214120
2025-04-21 11:13:00,PE,ATM,16.241874,3309600,24100.0,24097.6,135.15,138.4,135.15,136.55,224700,1745214180
2025-04-21 11:14:00,PE,ATM,15.737248,3309600,24100.0,24110.0,136.15,136.15,126.2,126.2,614025,1745214240
2025-04-21 11:15:00,PE,ATM,16.03284,3474675,24100.0,24111.25,127.0,128.65,126.0,128.25,391650,1745214300
2025-04-21 11:16:00,PE,ATM,15.610145,3474675,24100.0,24109.65,128.45,128.45,124.6,125.2,368475,1745214360
2025-04-21 11:17:00,PE,ATM,15.691579,3474675,24100.0,24116.0,125.2,128.0,123.0,123.0,461925,1745214420
2025-04-21 11:18:00,PE,ATM,15.641073,3712800,24100.0,24119.5,123.4,123.4,120.65,120.95,524850,1745214480
2025-04-21 11:19:00,PE,ATM,15.543639,3712800,24100.0,24124.9,120.05,121.5,117.65,117.65,495825,1745214540
2025-04-21 11:20:00,PE,ATM,15.831143,774075,24150.0,24125.8,142.0,144.05,141.45,143.7,184425,1745214600
2025-04-21 11:21:00,PE,ATM,15.889164,3910050,24100.0,24123.1,121.0,122.25,120.0,121.5,334800,1745214660
2025-04-21 11:22:00,PE,ATM,15.770017,957975,24150.0,24125.95,144.8,144.8,141.75,143.05,122850,1745214720
2025-04-21 11:23:00,PE,ATM,16.044626,3910050,24100.0,24122.0,120.25,123.35,118.7,123.35,280575,1745214780
2025-04-21 11:24:00,PE,ATM,16.206498,3940575,24100.0,24118.85,123.45,126.2,122.75,126.2,420000,1745214840
2025-04-21 11:25:00,PE,ATM,16.356695,1103175,24150.0,24128.2,149.5,149.7,147.15,147.15,145200,1745214900
2025-04-21 11:26:00,PE,ATM,16.5371,3940575,24100.0,24124.65,122.75,126.5,122.75,126.5,240825,1745214960
2025-04-21 11:27:00,PE,ATM,16.507025,1184775,24150.0,24129.65,150.6,151.45,147.75,147.75,130125,1745215020
2025-04-21 11:28:00,PE,ATM,16.319168,1184775,24150.0,24129.25,147.6,148.0,145.5,146.25,96675,1745215080
2025-04-21 11:29:00,PE,ATM,16.496829,1184775,24150.0,24125.1,146.25,151.2,145.65,149.9,108075,1745215140
2025-04-21 11:30:00,PE,ATM,16.59696,4021275,24100.0,24122.15,126.15,129.95,125.35,128.1,429675,1745215200
2025-04-21 11:31:00,PE,ATM,16.843404,4021275,24100.0,24112.9,127.8,134.5,127.8,134.5,515925,1745215260
2025-04-21 11:32:00,PE,ATM,16.85833,4021275,24100.0,24115.55,134.65,136.5,132.45,133.4,658950,1745215320
2025-04-21 11:33:00,PE,ATM,17.112529,3952950,24100.0,24119.6,132.6,134.0,131.1,133.8,287850,1745215380
2025-04-21 11:34:00,PE,ATM,17.475054,3952950,24100.0,24109.75,134.6,142.55,133.8,141.55,742275,1745215440
2025-04-21 11:35:00,PE,ATM,17.077664,3952950,24100.0,24112.75,141.1,141.65,136.6,136.6,563775,1745215500
2025-04-21 11:36:00,PE,ATM,17.055544,3855225,24100.0,24113.7,135.8,137.75,135.25,135.95,315450,1745215560
2025-04-21 11:37:00,PE,ATM,17.409903,3855225,24100.0,24100.55,134.05,145.75,133.75,145.25,639075,1745215620
2025-04-21 11:38:00,PE,ATM,16.996669,3855225,24100.0,24112.5,144.1,145.4,135.95,135.95,701100,1745215680
2025-04-21 11:39:00,PE,ATM,16.981423,3886350,24100.0,24113.8,136.5,139.15,134.6,135.2,364875,1745215740
2025-04-21 11:40:00,PE,ATM,16.855757,3886350,24100.0,24116.45,136.6,136.6,132.35,132.85,298575,1745215800
2025-04-21 11:41:00,PE,ATM,16.869435,3886350,24100.0,24112.55,134.0,137.45,134.0,134.75,350025,1745215860
2025-04-21 11:42:00,PE,ATM,17.006816,4000875,24100.0,24104.1,133.75,139.9,131.7,139.9,310875,1745215920
2025-04-21 11:43:00,PE,ATM,16.946409,4000875,24100.0,24105.05,139.6,142.0,136.55,138.9,620250,1745215980
2025-04-21 11:44:00,PE,ATM,16.665403,4000875,24100.0,24108.0,139.1,139.65,134.6,135.0,343350,1745216040
2025-04-21 11:45:00,PE,ATM,16.690083,4180800,24100.0,24111.35,134.1,137.65,133.5,133.65,262725,1745216100
2025-04-21 11:46:00,PE,ATM,16.451676,4180800,24100.0,24115.4,132.05,132.65,128.35,129.65,526800,1745216160
2025-04-21 11:47:00,PE,ATM,16.467654,4180800,24100.0,24113.5,128.95,132.05,128.95,130.65,232200,1745216220
2025-04-21 11:48:00,PE,ATM,16.739392,4180800,24100.0,24113.4,130.9,135.55,130.7,133.1,243300,1745216280
2025-04-21 11:49:00,PE,ATM,17.167832,4073550,24100.0,24111.45,134.0,137.8,133.7,137.8,226800,1745216340
2025-04-21 11:50:00,PE,ATM,17.200644,4073550,24100.0,24107.0,138.15,140.15,134.8,140.15,306150,1745216400
2025-04-21 11:51:00,PE,ATM,16.810866,4073550,24100.0,24117.2,139.5,139.5,131.55,131.95,402525,1745216460
2025-04-21 11:52:00,PE,ATM,16.879704,4143900,24100.0,24118.4,131.6,132.0,128.3,132.0,364125,1745216520
2025-04-21 11:53:00,PE,ATM,16.755509,4143900,24100.0,24122.0,131.25,131.4,128.8,129.25,191700,1745216580
2025-04-21 11:54:00,PE,ATM,16.827879,4143900,24100.0,24124.95,130.5,130.5,127.65,128.55,242625,1745216640
2025-04-21 11:55:00,PE,ATM,16.889462,1198500,24150.0,24128.2,153.05,153.4,150.15,151.5,142800,1745216700
2025-04-21 11:56:00,PE,ATM,16.671542,1198500,24150.0,24131.5,150.55,151.75,147.0,147.9,134775,1745216760
2025-04-21 11:57:00,PE,ATM,16.6135,1171425,24150.0,24142.9,147.85,147.85,141.75,141.8,265050,1745216820
2025-04-21 11:58:00,PE,ATM,16.737574,1171425,24150.0,24138.35,142.25,146.0,142.25,145.1,178500,1745216880
2025-04-21 11:59:00,PE,ATM,16.689955,1171425,24150.0,24135.2,144.85,147.9,144.85,146.2,152925,1745216940
2025-04-21 12:00:00,PE,ATM,16.776467,1259700,24150.0,24130.25,146.85,150.2,145.4,149.4,204150,1745217000
2025-04-21 12:01:00,PE,ATM,16.774833,1259700,24150.0,24134.65,150.4,150.4,146.6,147.2,106350,1745217060
2025-04-21 12:02:00,PE,ATM,16.835765,1259700,24150.0,24136.65,147.0,148.5,146.0,146.75,68325,1745217120
2025-04-21 12:03:00,PE,ATM,16.735225,1259700,24150.0,24132.35,146.3,149.55,146.0,147.95,88500,1745217180
2025-04-21 12:04:00,PE,ATM,16.785979,1271625,24150.0,24136.5,148.25,149.2,144.6,146.35,128550,1745217240
2025-04-21 12:05:00,PE,ATM,16.799782,1271625,24150.0,24142.9,145.6,145.9,142.95,143.35,123225,1745217300
2025-04-21 12:06:00,PE,ATM,16.714296,1271625,24150.0,24138.1,143.15,147.7,143.15,144.9,112500,1745217360
2025-04-21 12:07:00,PE,ATM,16.698965,1334475,24150.0,24126.45,144.95,152.0,144.2,150.5,250650,1745217420
2025-04-21 12:08:00,PE,ATM,16.643933,1334475,24150.0,24133.9,151.2,151.6,146.3,146.3,131925,1745217480
2025-04-21 12:09:00,PE,ATM,16.455957,1334475,24150.0,24139.85,145.85,147.9,141.7,141.7,171000,1745217540
2025-04-21 12:10:00,PE,ATM,16.47806,1386450,24150.0,24143.85,141.05,143.0,137.6,139.95,351300,1745217600
2025-04-21 12:11:00,PE,ATM,16.302142,1386450,24150.0,24141.5,140.75,141.3,138.5,139.5,137400,1745217660
2025-04-21 12:12:00,PE,ATM,16.549093,1386450,24150.0,24143.55,139.35,143.0,139.35,140.7,146100,1745217720
2025-04-21 12:13:00,PE,ATM,16.331817,1459050,24150.0,24146.15,141.05,141.05,136.25,137.5,170925,1745217780
2025-04-21 12:14:00,PE,ATM,16.305349,1459050,24150.0,24148.35,136.0,138.0,134.3,136.2,222150,1745217840
2025-04-21 12:15:00,PE,ATM,16.469535,1459050,24150.0,24146.15,136.7,138.95,136.5,138.7,197175,1745217900
2025-04-21 12:16:00,PE,ATM,16.345097,1578225,24150.0,24150.3,138.55,138.9,134.7,135.6,153750,1745217960
2025-04-21 12:17:00,PE,ATM,16.209012,1578225,24150.0,24157.05,132.4,133.3,129.3,131.2,345075,1745218020
2025-04-21 12:18:00,PE,ATM,15.823441,1578225,24150.0,24165.85,130.9,132.35,122.8,123.7,402900,1745218080
2025-04-21 12:19:00,PE,ATM,15.460849,1707375,24150.0,24166.0,124.4,125.75,120.4,120.4,277050,1745218140
2025-04-21 12:20:00,PE,ATM,15.829797,1707375,24150.0,24163.4,121.65,124.95,121.15,124.85,228075,1745218200
2025-04-21 12:21:00,PE,ATM,15.783219,1707375,24150.0,24160.3,125.1,126.5,125.1,125.85,187500,1745218260
2025-04-21 12:22:00,PE,ATM,15.777384,1892175,24150.0,24160.7,126.45,126.6,124.4,125.6,146175,1745218320
2025-04-21 12:23:00,PE,ATM,15.635587,1892175,24150.0,24163.15,125.2,125.45,123.05,123.2,152775,1745218380
2025-04-21 12:24:00,PE,ATM,15.353897,1892175,24150.0,24172.4,122.3,122.5,116.05,116.5,456075,1745218440
2025-04-21 12:25:00,PE,ATM,15.340369,1835700,24200.0,24176.85,139.4,141.45,137.2,138.2,384000,1745218500
2025-04-21 12:26:00,PE,ATM,15.769784,1835700,24200.0,24179.3,138.15,140.8,136.2,140.8,445050,1745218560
2025-04-21 12:27:00,PE,ATM,15.595517,2035350,24150.0,24168.4,116.2,120.95,116.0,120.4,271500,1745218620
2025-04-21 12:28:00,PE,ATM,15.567154,2176200,24150.0,24164.3,120.15,123.6,120.15,122.0,347400,1745218680
2025-04-21 12:29:00,PE,ATM,15.990964,2176200,24150.0,24166.7,122.35,124.65,120.5,124.65,247050,1745218740
2025-04-21 12:30:00,PE,ATM,15.762485,2176200,24150.0,24169.15,123.25,124.35,121.5,121.5,281775,1745218800
2025-04-21 12:31:00,PE,ATM,15.991772,2328225,24150.0,24172.85,121.55,122.9,120.55,121.85,215175,1745218860
2025-04-21 12:32:00,PE,ATM,16.361955,2223000,24200.0,24176.3,146.25,148.65,144.75,147.5,235050,1745218920
2025-04-21 12:33:00,PE,ATM,16.122446,2328225,24150.0,24174.7,122.6,123.55,121.8,122.15,171450,1745218980
2025-04-21 12:34:00,PE,ATM,16.115591,2323500,24200.0,24175.65,146.3,147.95,144.85,145.6,154350,1745219040
2025-04-21 12:35:00,PE,ATM,15.926505,2323500,24200.0,24177.85,145.05,145.75,141.95,142.8,239700,1745219100
2025-04-21 12:36:00,PE,ATM,16.334411,2323500,24200.0,24178.1,143.2,146.85,142.95,146.3,227850,1745219160
2025-04-21 12:37:00,PE,ATM,16.163222,2441175,24150.0,24174.6,121.35,123.2,120.05,122.5,204225,1745219220
2025-04-21 12:38:00,PE,ATM,15.650424,2358600,24200.0,24179.05,146.95,147.65,139.25,139.7,366000,1745219280
2025-04-21 12:39:00,PE,ATM,15.441292,2358600,24200.0,24184.15,138.75,138.8,133.0,135.3,541050,1745219340
2025-04-21 12:40:00,PE,ATM,15.636713,2512725,24200.0,24178.45,135.35,141.0,135.3,139.85,429525,1745219400
2025-04-21 12:41:00,PE,ATM,15.715454,2512725,24200.0,24181.55,139.3,140.45,138.55,139.0,230400,1745219460
2025-04-21 12:42:00,PE,ATM,15.576392,2512725,24200.0,24182.05,138.75,138.75,136.55,137.5,193425,1745219520
2025-04-21 12:43:00,PE,ATM,15.738977,2675775,24200.0,24179.7,137.25,140.1,136.6,140.1,166800,1745219580
2025-04-21 12:44:00,PE,ATM,15.710527,2604150,24150.0,24172.6,116.35,119.3,115.0,119.3,190350,1745219640
2025-04-21 12:45:00,PE,ATM,15.885146,2675775,24200.0,24179.45,143.3,145.25,141.5,141.5,384975,1745219700
2025-04-21 12:46:00,PE,ATM,15.572201,2777250,24200.0,24179.95,141.75,144.0,137.6,138.45,324675,1745219760
2025-04-21 12:47:00,PE,ATM,15.401051,2777250,24200.0,24185.55,138.55,138.55,133.65,134.15,370950,1745219820
2025-04-21 12:48:00,PE,ATM,15.607295,2777250,24200.0,24182.65,136.35,137.6,135.8,137.4,229200,1745219880
2025-04-21 12:49:00,PE,ATM,15.788707,2865225,24200.0,24182.25,138.35,141.75,138.35,139.2,249900,1745219940
2025-04-21 12:50:00,PE,ATM,15.979277,2865225,24200.0,24184.45,139.4,140.0,138.2,139.8,151350,1745220000
2025-04-21 12:51:00,PE,ATM,16.065681,2865225,24200.0,24178.8,139.55,143.5,138.7,143.35,260700,1745220060
2025-04-21 12:52:00,PE,ATM,15.865286,2919375,24200.0,24177.2,142.5,145.7,141.75,142.35,347625,1745220120
2025-04-21 12:53:00,PE,ATM,15.906108,2919375,24200.0,24177.3,143.0,144.55,141.85,142.65,147375,1745220180
2025-04-21 12:54:00,PE,ATM,15.652043,2919375,24200.0,24176.95,142.55,142.85,139.8,140.55,224925,1745220240
2025-04-21 12:55:00,PE,ATM,15.460249,2969775,24200.0,24182.85,140.45,141.15,135.8,135.9,295275,1745220300
2025-04-21 12:56:00,PE,ATM,15.495029,2969775,24200.0,24183.35,135.4,137.5,134.5,135.95,239250,1745220360
2025-04-21 12:57:00,PE,ATM,15.186757,2969775,24200.0,24184.15,135.9,136.95,130.5,132.8,373125,1745220420
2025-04-21 12:58:00,PE,ATM,15.48015,3076275,24200.0,24180.5,132.8,137.2,132.45,137.2,248925,1745220480
2025-04-21 12:59:00,PE,ATM,15.162042,3076275,24200.0,24177.6,137.2,137.65,134.35,135.8,240525,1745220540
2025-04-21 13:00:00,PE,ATM,15.246977,3076275,24200.0,24180.6,134.55,135.05,131.6,135.05,292725,1745220600
2025-04-21 13:01:00,PE,ATM,15.288177,3270600,24200.0,24179.6,134.7,139.05,134.35,135.9,321675,1745220660
2025-04-21 13:02:00,PE,ATM,15.457522,3270600,24200.0,24181.3,136.2,136.65,134.65,136.55,153675,1745220720
2025-04-21 13:03:00,PE,ATM,15.614026,2861550,24150.0,24172.7,113.0,118.15,112.25,118.15,239700,1745220780
2025-04-21 13:04:00,PE,ATM,15.394186,3370500,24200.0,24177.2,142.0,142.0,137.8,138.0,341550,1745220840
2025-04-21 13:05:00,PE,ATM,15.305326,3370500,24200.0,24179.3,136.9,136.9,135.25,136.15,227250,1745220900
2025-04-21 13:06:00,PE,ATM,15.427752,3370500,24200.0,24179.15,136.85,137.8,134.2,137.3,248850,1745220960
2025-04-21 13:07:00,PE,ATM,15.150491,3426300,24200.0,24180.0,136.05,138.6,134.4,134.4,207375,1745221020
2025-04-21 13:08:00,PE,ATM,15.196855,3426300,24200.0,24180.2,133.75,136.5,133.0,134.7,257475,1745221080
2025-04-21 13:09:00,PE,ATM,15.125679,3426300,24200.0,24188.45,135.2,135.2,127.65,130.0,453225,1745221140
2025-04-21 13:10:00,PE,ATM,15.165614,3366150,24200.0,24187.1,130.5,134.5,130.5,131.0,308175,1745221200
2025-04-21 13:11:00,PE,ATM,15.419938,3366150,24200.0,24185.05,131.4,135.3,130.8,134.25,256125,1745221260
2025-04-21 13:12:00,PE,ATM,15.569731,3366150,24200.0,24182.85,134.8,137.6,134.75,136.65,247125,1745221320
2025-04-21 13:13:00,PE,ATM,15.652202,3491250,24200.0,24176.15,137.05,140.9,137.05,140.7,350250,1745221380
2025-04-21 13:14:00,PE,ATM,15.649946,2977950,24150.0,24173.75,115.6,119.1,115.6,117.85,290775,1745221440
2025-04-21 13:15:00,PE,ATM,15.811842,2977950,24150.0,24171.1,117.8,120.45,117.1,120.45,294300,1745221500
2025-04-21 13:16:00,PE,ATM,15.471113,3036600,24150.0,24173.75,120.05,120.05,116.0,116.25,251400,1745221560
2025-04-21 13:17:00,PE,ATM,15.686288,3036600,24150.0,24170.25,116.7,119.7,116.2,119.7,169425,1745221620
2025-04-21 13:18:00,PE,ATM,15.708421,3036600,24150.0,24156.9,118.45,127.55,116.95,126.0,712200,1745221680
2025-04-21 13:19:00,PE,ATM,15.851781,3089925,24150.0,24156.05,126.25,127.65,123.15,127.65,585675,1745221740
2025-04-21 13:20:00,PE,ATM,15.508754,3089925,24150.0,24154.35,126.9,130.4,125.4,125.4,874725,1745221800
2025-04-21 13:21:00,PE,ATM,15.515786,3089925,24150.0,24152.75,124.2,127.8,123.8,126.2,423450,1745221860
2025-04-21 13:22:00,PE,ATM,15.309784,3208875,24150.0,24166.75,125.55,125.55,113.5,117.9,702450,1745221920
2025-04-21 13:23:00,PE,ATM,15.691254,3208875,24150.0,24163.35,117.55,123.55,117.55,122.8,367575,1745221980
2025-04-21 13:24:00,PE,ATM,15.645377,3208875,24150.0,24164.95,123.4,123.9,119.55,121.65,242325,1745222040
2025-04-21 13:25:00,PE,ATM,15.887807,3035850,24150.0,24169.4,121.3,122.2,118.7,121.75,204675,1745222100
2025-04-21 13:26:00,PE,ATM,16.373778,3035850,24150.0,24165.7,122.7,128.35,122.45,127.7,446550,1745222160
2025-04-21 13:27:00,PE,ATM,16.407486,3035850,24150.0,24160.45,127.8,130.95,126.25,130.4,475875,1745222220
2025-04-21 13:28:00,PE,ATM,16.355602,2890875,24150.0,24161.7,128.6,131.1,127.35,129.35,261450,1745222280
2025-04-21 13:29:00,PE,ATM,15.965487,2890875,24150.0,24154.7,130.2,131.6,129.0,129.15,321375,1745222340
2025-04-21 13:30:00,PE,ATM,16.156828,2890875,24150.0,24156.25,128.0,131.65,127.05,130.1,426750,1745222400
2025-04-21 13:31:00,PE,ATM,15.931247,2968350,24150.0,24154.85,130.6,130.7,127.9,128.75,267000,1745222460
2025-04-21 13:32:00,PE,ATM,15.593583,2968350,24150.0,24159.05,129.05,129.25,123.8,123.8,342975,1745222520
2025-04-21 13:33:00,PE,ATM,16.302881,2968350,24150.0,24148.3,124.1,137.4,122.85,135.1,859575,1745222580
2025-04-21 13:34:00,PE,ATM,15.956805,2952000,24150.0,24151.1,134.1,134.1,129.65,130.7,500925,1745222640
2025-04-21 13:35:00,PE,ATM,15.896345,2952000,24150.0,24155.25,128.0,129.75,125.8,128.2,312225,1745222700
2025-04-21 13:36:00,PE,ATM,15.837531,2952000,24150.0,24156.25,128.7,128.85,125.05,127.2,242775,1745222760
2025-04-21 13:37:00,PE,ATM,16.018978,3011250,24150.0,24154.3,125.6,129.7,125.6,129.7,158025,1745222820
2025-04-21 13:38:00,PE,ATM,16.056256,3011250,24150.0,24153.8,129.7,131.8,127.95,130.25,271575,1745222880
2025-04-21 13:39:00,PE,ATM,16.307456,3011250,24150.0,24154.55,130.6,132.1,127.6,132.1,191850,1745222940
2025-04-21 13:40:00,PE,ATM,16.506169,3003375,24150.0,24147.35,132.0,137.25,131.55,137.25,552000,1745223000
2025-04-21 13:41:00,PE,ATM,16.309216,3003375,24150.0,24130.7,138.35,147.9,137.35,143.6,1216050,1745223060
2025-04-21 13:42:00,PE,ATM,16.376192,3003375,24150.0,24129.95,142.5,147.65,142.1,144.55,581175,1745223120
2025-04-21 13:43:00,PE,ATM,16.651385,5941350,24100.0,24114.65,121.1,130.75,120.35,130.1,1105950,1745223180
2025-04-21 13:44:00,PE,ATM,16.468955,5941350,24100.0,24113.2,129.65,133.1,128.45,129.15,1126500,1745223240
2025-04-21 13:45:00,PE,ATM,16.806817,5941350,24100.0,24111.8,129.6,135.5,128.45,132.75,1186650,1745223300
2025-04-21 13:46:00,PE,ATM,16.476931,5675100,24100.0,24121.85,133.0,133.0,115.65,125.25,1265325,1745223360
2025-04-21 13:47:00,PE,ATM,16.335897,5675100,24100.0,24120.3,125.5,127.95,122.35,124.7,469125,1745223420
2025-04-21 13:48:00,PE,ATM,16.515334,5675100,24100.0,24123.2,124.05,127.6,121.9,124.95,448425,1745223480
2025-04-21 13:49:00,PE,ATM,16.292789,2674050,24150.0,24132.1,147.9,147.9,142.2,142.65,299925,1745223540
2025-04-21 13:50:00,PE,ATM,15.484719,2674050,24150.0,24142.55,142.75,144.8,130.4,130.4,455025,1745223600
2025-04-21 13:51:00,PE,ATM,15.694192,2674050,24150.0,24159.55,132.1,133.8,124.2,124.2,499425,1745223660
2025-04-21 13:52:00,PE,ATM,15.887615,2558400,24150.0,24171.35,124.85,126.25,118.8,120.5,652050,1745223720
2025-04-21 13:53:00,PE,ATM,16.249409,2558400,24150.0,24165.1,123.15,126.5,122.8,126.5,421950,1745223780
2025-04-21 13:54:00,PE,ATM,16.21393,2558400,24150.0,24163.3,126.8,129.1,126.2,127.0,330300,1745223840
2025-04-21 13:55:00,PE,ATM,16.127614,2668950,24150.0,24160.0,126.15,129.5,125.1,127.75,258750,1745223900
2025-04-21 13:56:00,PE,ATM,16.237782,2668950,24150.0,24152.95,127.1,132.0,126.65,132.0,256050,1745223960
2025-04-21 13:57:00,PE,ATM,15.836331,2668950,24150.0,24147.15,130.95,133.75,130.6,131.2,350925,1745224020
2025-04-21 13:58:00,PE,ATM,15.561843,2726175,24150.0,24150.45,130.8,131.85,126.95,127.2,305700,1745224080
2025-04-21 13:59:00,PE,ATM,15.439661,2726175,24150.0,24150.05,127.6,128.0,124.0,126.3,350025,1745224140
2025-04-21 14:00:00,PE,ATM,15.535798,2726175,24150.0,24148.75,126.85,130.4,126.05,127.75,294825,1745224200
2025-04-21 14:01:00,PE,ATM,15.549957,2718600,24150.0,24150.25,127.6,129.5,126.45,127.15,173550,1745224260
2025-04-21 14:02:00,PE,ATM,15.849782,2718600,24150.0,24138.75,128.25,137.85,127.55,135.3,417975,1745224320
2025-04-21 14:03:00,PE,ATM,15.822928,2718600,24150.0,24146.0,134.85,135.15,129.7,131.55,345000,1745224380
2025-04-21 14:04:00,PE,ATM,15.617565,2734200,24150.0,24147.0,131.5,134.5,129.25,129.25,238425,1745224440
2025-04-21 14:05:00,PE,ATM,15.432171,2734200,24150.0,24150.8,127.7,130.7,124.9,125.8,296100,1745224500
2025-04-21 14:06:00,PE,ATM,15.582651,2734200,24150.0,24152.2,126.0,127.7,126.0,126.45,173700,1745224560
2025-04-21 14:07:00,PE,ATM,15.444402,2733900,24150.0,24148.65,126.5,131.5,126.5,126.9,212250,1745224620
2025-04-21 14:08:00,PE,ATM,15.380181,2733900,24150.0,24154.1,127.85,127.85,123.6,123.75,221700,1745224680
2025-04-21 14:09:00,PE,ATM,15.408606,2733900,24150.0,24152.9,125.65,128.25,123.85,124.55,183825,1745224740
2025-04-21 14:10:00,PE,ATM,15.957689,2749650,24150.0,24152.4,123.95,129.6,123.0,129.6,227700,1745224800
2025-04-21 14:11:00,PE,ATM,15.842837,2749650,24150.0,24152.35,129.55,130.1,128.25,128.6,228900,1745224860
2025-04-21 14:12:00,PE,ATM,15.790026,2749650,24150.0,24147.65,128.0,132.45,126.65,130.35,306675,1745224920
2025-04-21 14:13:00,PE,ATM,16.222853,2797350,24150.0,24135.65,130.0,140.3,130.0,139.95,517275,1745224980
2025-04-21 14:14:00,PE,ATM,16.0531,2797350,24150.0,24143.45,139.05,140.1,133.15,134.65,475425,1745225040
2025-04-21 14:15:00,PE,ATM,16.08164,2797350,24150.0,24145.4,134.75,137.65,132.25,133.95,292725,1745225100
2025-04-21 14:16:00,PE,ATM,15.723372,2849100,24150.0,24148.3,133.95,135.05,127.65,129.4,284925,1745225160
2025-04-21 14:17:00,PE,ATM,15.957761,2849100,24150.0,24147.35,129.85,131.9,126.65,131.9,276525,1745225220
2025-04-21 14:18:00,PE,ATM,16.365323,2849100,24150.0,24143.95,134.8,137.55,134.5,137.1,396150,1745225280
2025-04-21 14:19:00,PE,ATM,16.57148,2843100,24150.0,24142.6,138.9,139.85,137.3,139.55,328800,1745225340
2025-04-21 14:20:00,PE,ATM,16.670939,2843100,24150.0,24136.25,140.25,145.55,140.2,143.5,642150,1745225400
2025-04-21 14:21:00,PE,ATM,15.795271,2843100,24150.0,24141.35,144.15,144.15,132.25,133.3,535275,1745225460
2025-04-21 14:22:00,PE,ATM,15.846053,2738400,24150.0,24145.05,132.7,134.45,128.8,131.95,363300,1745225520
2025-04-21 14:23:00,PE,ATM,15.709924,2738400,24150.0,24144.3,133.3,139.0,131.1,131.1,313575,1745225580
2025-04-21 14:24:00,PE,ATM,15.865849,2738400,24150.0,24146.4,130.35,132.8,130.15,131.45,194850,1745225640
2025-04-21 14:25:00,PE,ATM,15.810134,2820525,24150.0,24148.7,132.8,134.5,129.0,129.85,225000,1745225700
2025-04-21 14:26:00,PE,ATM,15.419142,2820525,24150.0,24152.3,128.75,129.8,124.05,124.7,371175,1745225760
2025-04-21 14:27:00,PE,ATM,15.95479,2820525,24150.0,24151.85,125.35,129.6,125.35,129.6,221025,1745225820
2025-04-21 14:28:00,PE,ATM,16.248733,2851575,24150.0,24140.4,129.15,137.65,129.15,137.65,294075,1745225880
2025-04-21 14:29:00,PE,ATM,16.364581,2851575,24150.0,24138.25,138.75,139.75,134.95,139.7,376650,1745225940
2025-04-21 14:30:00,PE,ATM,16.296598,2851575,24150.0,24139.15,140.25,141.25,137.35,138.65,417300,1745226000
2025-04-21 14:31:00,PE,ATM,16.000341,2917500,24150.0,24144.7,138.6,139.15,133.35,133.35,253575,1745226060
2025-04-21 14:32:00,PE,ATM,15.692567,2917500,24150.0,24144.25,133.55,136.5,130.7,130.85,277425,1745226120
2025-04-21 14:33:00,PE,ATM,15.634636,2917500,24150.0,24142.75,131.0,134.0,129.95,131.05,196650,1745226180
2025-04-21 14:34:00,PE,ATM,16.3831,2878425,24150.0,24128.2,130.9,144.8,130.9,144.75,594825,1745226240
2025-04-21 14:35:00,PE,ATM,15.991762,2878425,24150.0,24134.15,144.6,144.85,137.4,138.35,387375,1745226300
2025-04-21 14:36:00,PE,ATM,16.231146,2878425,24150.0,24132.1,139.5,143.6,139.5,141.45,306150,1745226360
2025-04-21 14:37:00,PE,ATM,16.307964,2964150,24150.0,24129.4,140.6,143.75,139.1,143.45,200925,1745226420
2025-04-21 14:38:00,PE,ATM,16.04336,2964150,24150.0,24135.7,143.25,144.7,135.25,138.0,429900,1745226480
2025-04-21 14:39:00,PE,ATM,16.105827,6046050,24100.0,24125.0,115.6,121.75,115.3,119.85,706275,1745226540
2025-04-21 14:40:00,PE,ATM,15.999711,2969025,24150.0,24126.8,146.8,147.0,141.15,142.0,361275,1745226600
2025-04-21 14:41:00,PE,ATM,16.368787,2969025,24150.0,24127.05,142.2,145.1,138.25,145.1,278025,1745226660
2025-04-21 14:42:00,PE,ATM,16.096342,2969025,24150.0,24130.25,144.35,145.7,141.05,141.1,203250,1745226720
2025-04-21 14:43:00,PE,ATM,15.723103,2931975,24150.0,24133.1,141.05,141.05,136.4,136.4,280800,1745226780
2025-04-21 14:44:00,PE,ATM,15.408681,2931975,24150.0,24143.0,137.25,137.25,128.8,128.8,542700,1745226840
2025-04-21 14:45:00,PE,ATM,15.421498,2931975,24150.0,24140.0,127.8,134.0,127.8,130.35,375150,1745226900
2025-04-21 14:46:00,PE,ATM,15.400321,3033000,24150.0,24135.8,129.9,135.3,129.9,132.2,236700,1745226960
2025-04-21 14:47:00,PE,ATM,15.600616,3033000,24150.0,24140.4,134.2,134.35,129.55,131.7,164625,1745227020
2025-04-21 14:48:00,PE,ATM,14.785321,3033000,24150.0,24153.6,131.8,131.85,118.1,118.25,592200,1745227080
2025-04-21 14:49:00,PE,ATM,15.279794,3032475,24150.0,24153.95,117.45,123.75,117.45,122.4,345450,1745227140
2025-04-21 14:50:00,PE,ATM,15.345159,3032475,24150.0,24156.0,122.35,125.75,121.5,122.0,280950,1745227200
2025-04-21 14:51:00,PE,ATM,15.436314,3032475,24150.0,24150.75,122.3,125.65,121.5,125.25,173925,1745227260
2025-04-21 14:52:00,PE,ATM,15.256174,3185250,24150.0,24148.45,125.6,125.85,123.0,124.75,223350,1745227320
2025-04-21 14:53:00,PE,ATM,15.261011,3185250,24150.0,24144.95,124.05,127.8,123.4,126.45,198900,1745227380
2025-04-21 14:54:00,PE,ATM,15.577598,3185250,24150.0,24146.85,127.2,128.9,124.65,128.3,185175,1745227440
2025-04-21 14:55:00,PE,ATM,15.34692,3176250,24150.0,24148.25,129.45,129.75,124.6,125.6,243225,1745227500
2025-04-21 14:56:00,PE,ATM,15.09746,3176250,24150.0,24149.1,125.1,125.1,120.8,123.0,241425,1745227560
2025-04-21 14:57:00,PE,ATM,14.896775,3176250,24150.0,24152.45,123.2,124.45,119.65,119.65,229050,1745227620
2025-04-21 14:58:00,PE,ATM,15.356734,3213375,24150.0,24149.4,121.4,125.1,121.1,125.1,210900,1745227680
2025-04-21 14:59:00,PE,ATM,15.686324,3213375,24150.0,24145.25,126.0,131.4,125.45,129.95,452475,1745227740
2025-04-21 15:00:00,PE,ATM,16.217288,3213375,24150.0,24133.4,129.25,140.35,128.9,140.35,521775,1745227800
2025-04-21 15:01:00,PE,ATM,15.292206,3268275,24150.0,24137.65,137.75,137.75,126.55,130.15,550275,1745227860
2025-04-21 15:02:00,PE,ATM,15.500305,3268275,24150.0,24128.15,130.5,137.05,130.15,136.65,405675,1745227920
2025-04-21 15:03:00,PE,ATM,15.149638,5963625,24100.0,24120.35,112.1,115.75,112.05,113.3,768900,1745227980
2025-04-21 15:04:00,PE,ATM,15.264888,6046575,24100.0,24117.55,112.65,115.55,110.45,115.55,632550,1745228040
2025-04-21 15:05:00,PE,ATM,15.115536,6046575,24100.0,24119.3,114.85,115.95,111.85,113.45,507225,1745228100
2025-04-21 15:06:00,PE,ATM,15.071807,6046575,24100.0,24123.9,114.0,114.55,110.65,111.0,433425,1745228160
2025-04-21 15:07:00,PE,ATM,14.955281,5923350,24100.0,24124.3,111.3,115.05,109.8,109.8,442875,1745228220
2025-04-21 15:08:00,PE,ATM,15.392167,5923350,24100.0,24121.55,112.05,114.8,110.4,114.8,278850,1745228280
2025-04-21 15:09:00,PE,ATM,15.356956,5923350,24100.0,24119.95,113.85,118.2,113.3,115.2,661650,1745228340
2025-04-21 15:10:00,PE,ATM,15.636668,5807700,24100.0,24113.6,115.7,120.5,115.55,120.5,677475,1745228400
2025-04-21 15:11:00,PE,ATM,15.446222,5807700,24100.0,24117.4,120.3,120.85,115.3,117.1,576150,1745228460
2025-04-21 15:12:00,PE,ATM,15.582255,5807700,24100.0,24113.6,118.25,121.65,118.25,120.0,499200,1745228520
2025-04-21 15:13:00,PE,ATM,15.432059,5660625,24100.0,24113.45,120.85,121.6,118.45,118.75,449025,1745228580
2025-04-21 15:14:00,PE,ATM,15.426054,5660625,24100.0,24114.4,119.55,120.05,116.6,118.25,417975,1745228640
2025-04-21 15:15:00,PE,ATM,14.373277,3154425,24150.0,24128.5,143.15,144.35,120.6,126.45,808275,1745228700
2025-04-21 15:16:00,PE,ATM,14.464237,5462925,24100.0,24124.95,105.9,106.9,104.5,105.15,478650,1745228760
2025-04-21 15:17:00,PE,ATM,14.317194,5462925,24100.0,24122.5,105.9,105.9,104.05,104.95,355575,1745228820
2025-04-21 15:18:00,PE,ATM,14.059813,3051000,24150.0,24129.35,128.25,128.6,122.35,123.25,285825,1745228880
2025-04-21 15:19:00,PE,ATM,14.019721,3021750,24150.0,24132.65,123.95,123.95,120.85,121.25,259650,1745228940
2025-04-21 15:20:00,PE,ATM,14.101447,3021750,24150.0,24132.25,121.1,122.6,120.0,122.15,375525,1745229000
2025-04-21 15:21:00,PE,ATM,14.316558,3021750,24150.0,24133.5,122.55,123.65,120.5,123.4,216075,1745229060
2025-04-21 15:22:00,PE,ATM,14.42557,3019800,24150.0,24130.45,124.4,126.75,123.8,125.85,238650,1745229120
2025-04-21 15:23:00,PE,ATM,14.415247,3019800,24150.0,24131.15,126.65,127.9,125.4,125.4,167925,1745229180
2025-04-21 15:24:00,PE,ATM,14.242278,3019800,24150.0,24125.7,125.8,127.5,124.0,126.6,186900,1745229240
2025-04-21 15:25:00,PE,ATM,14.209557,2972025,24150.0,24126.6,127.65,127.65,124.6,125.85,231900,1745229300
2025-04-21 15:26:00,PE,ATM,13.669811,2972025,24150.0,24129.45,126.0,126.0,117.0,119.7,307200,1745229360
2025-04-21 15:27:00,PE,ATM,13.453018,2972025,24150.0,24125.65,120.65,120.65,116.85,119.7,156075,1745229420
2025-04-21 15:28:00,PE,ATM,13.633381,5250300,24100.0,24122.75,96.95,98.8,96.5,98.8,334650,1745229480
2025-04-21 15:29:00,PE,ATM,13.138355,5250300,24100.0,24121.2,98.6,98.75,95.2,95.2,791325,1745229540
2025-04-22 09:15:00,PE,ATM,15.576312,2542875,24150.0,24139.85,110.0,115.65,94.1,115.65,1273050,1745293500
2025-04-22 09:16:00,PE,ATM,15.91472,5172225,24100.0,24117.25,89.75,105.0,87.0,105.0,1861125,1745293560
2025-04-22 09:17:00,PE,ATM,16.579272,5172225,24100.0,24119.85,104.2,111.75,100.75,108.8,1977375,1745293620
2025-04-22 09:18:00,PE,ATM,16.376698,5990925,24100.0,24104.95,106.8,116.2,105.35,114.15,1840425,1745293680
2025-04-22 09:19:00,PE,ATM,16.684433,5990925,24100.0,24089.1,110.8,127.8,110.55,124.1,2559675,1745293740
2025-04-22 09:20:00,PE,ATM,16.22277,5990925,24100.0,24097.2,123.05,133.7,116.65,116.65,2807700,1745293800
2025-04-22 09:21:00,PE,ATM,17.007168,6528000,24100.0,24114.6,116.2,120.05,111.25,114.35,1555425,1745293860
2025-04-22 09:22:00,PE,ATM,17.064042,2890425,24150.0,24135.9,141.45,141.45,124.4,128.75,735900,1745293920
2025-04-22 09:23:00,PE,ATM,16.723106,6528000,24100.0,24113.25,103.7,112.8,100.8,112.8,1215525,1745293980
2025-04-22 09:24:00,PE,ATM,15.868942,3084825,24150.0,24136.65,135.65,141.0,118.0,119.3,1068675,1745294040
2025-04-22 09:25:00,PE,ATM,16.449756,3084825,24150.0,24147.35,117.1,120.1,113.15,118.45,842625,1745294100
2025-04-22 09:26:00,PE,ATM,15.978864,3084825,24150.0,24129.55,119.3,123.65,110.25,123.65,763200,1745294160
2025-04-22 09:27:00,PE,ATM,15.743477,3427425,24150.0,24136.05,122.4,125.6,118.6,118.6,762750,1745294220
2025-04-22 09:28:00,PE,ATM,16.094439,3427425,24150.0,24138.35,118.2,124.5,116.2,120.1,504300,1745294280
2025-04-22 09:29:00,PE,ATM,15.543386,3427425,24150.0,24133.55,118.1,123.45,117.35,118.3,426000,1745294340
2025-04-22 09:30:00,PE,ATM,16.013009,3607650,24150.0,24141.1,119.15,121.0,113.2,118.1,605550,1745294400
2025-04-22 09:31:00,PE,ATM,15.846851,3607650,24150.0,24143.0,118.15,120.8,114.9,115.9,426150,1745294460
2025-04-22 09:32:00,PE,ATM,15.672121,3607650,24150.0,24157.7,116.5,117.15,105.35,107.55,722550,1745294520
2025-04-22 09:33:00,PE,ATM,15.880004,3795300,24150.0,24163.85,107.8,110.85,102.85,106.25,666150,1745294580
2025-04-22 09:34:00,PE,ATM,15.612313,3795300,24150.0,24168.5,105.9,109.4,102.1,102.1,473925,1745294640
2025-04-22 09:35:00,PE,ATM,15.704976,3323775,24200.0,24175.15,129.65,131.4,123.4,123.9,591375,1745294700
2025-04-22 09:36:00,PE,ATM,15.986933,3492000,24200.0,24184.7,123.6,123.6,117.8,121.2,937800,1745294760
2025-04-22 09:37:00,PE,ATM,15.809046,3492000,24200.0,24178.7,119.9,123.5,118.6,122.85,538800,1745294820
2025-04-22 09:38:00,PE,ATM,15.862559,3492000,24200.0,24183.75,123.9,126.05,118.1,120.7,653775,1745294880
2025-04-22 09:39:00,PE,ATM,15.797899,3939600,24200.0,24186.15,119.9,120.95,117.0,119.0,361500,1745294940
2025-04-22 09:40:00,PE,ATM,15.843527,4286325,24150.0,24173.7,94.6,105.0,94.6,101.4,734550,1745295000
2025-04-22 09:41:00,PE,ATM,15.765151,4286325,24150.0,24165.5,100.25,104.5,99.0,104.5,531675,1745295060
2025-04-22 09:42:00,PE,ATM,15.638674,4294200,24150.0,24163.5,105.0,107.1,101.7,104.45,704700,1745295120
2025-04-22 09:43:00,PE,ATM,15.542176,4294200,24150.0,24174.25,105.75,107.4,96.7,98.85,638700,1745295180
2025-04-22 09:44:00,PE,ATM,15.726123,4016775,24200.0,24180.9,124.35,127.9,119.8,121.0,455475,1745295240
2025-04-22 09:45:00,PE,ATM,15.467576,4548375,24150.0,24166.6,95.75,101.7,94.95,101.7,494100,1745295300
2025-04-22 09:46:00,PE,ATM,15.499231,4082850,24200.0,24177.25,129.9,129.9,120.6,121.1,501525,1745295360
2025-04-22 09:47:00,PE,ATM,15.871631,4082850,24200.0,24181.2,119.9,122.15,114.65,121.9,700725,1745295420
2025-04-22 09:48:00,PE,ATM,15.440302,4216425,24200.0,24181.55,120.95,122.0,116.75,118.45,363075,1745295480
2025-04-22 09:49:00,PE,ATM,15.742876,4216425,24200.0,24179.9,118.5,124.95,118.3,121.55,533550,1745295540
2025-04-22 09:50:00,PE,ATM,15.639334,4216425,24200.0,24180.4,121.6,123.9,119.6,120.5,348675,1745295600
2025-04-22 09:51:00,PE,ATM,15.666706,4486725,24200.0,24178.6,120.4,122.25,118.5,121.6,299625,1745295660
2025-04-22 09:52:00,PE,ATM,15.726342,4774500,24150.0,24162.95,95.9,107.65,95.15,105.2,822750,1745295720
2025-04-22 09:53:00,PE,ATM,16.106577,4774500,24150.0,24150.25,104.6,115.05,104.6,114.0,1128900,1745295780
2025-04-22 09:54:00,PE,ATM,16.20466,4767225,24150.0,24148.0,114.3,116.55,112.1,115.8,1125450,1745295840
2025-04-22 09:55:00,PE,ATM,16.215841,4767225,24150.0,24139.3,115.6,122.1,112.85,120.1,1130700,1745295900
2025-04-22 09:56:00,PE,ATM,15.719674,4767225,24150.0,24167.95,120.4,120.4,101.4,102.8,1037775,1745295960
2025-04-22 09:57:00,PE,ATM,16.121005,3883050,24200.0,24176.0,128.15,128.15,121.4,126.25,712350,1745296020
2025-04-22 09:58:00,PE,ATM,15.437413,4374225,24150.0,24167.85,97.3,102.15,97.3,100.7,382500,1745296080
2025-04-22 09:59:00,PE,ATM,15.499705,4374225,24150.0,24166.2,100.4,101.9,98.95,101.9,341850,1745296140
2025-04-22 10:00:00,PE,ATM,15.610147,4209375,24200.0,24176.1,127.45,130.8,122.3,122.3,516825,1745296200
2025-04-22 10:01:00,PE,ATM,15.442409,4209375,24200.0,24175.65,121.55,123.8,119.35,121.25,427275,1745296260
2025-04-22 10:02:00,PE,ATM,15.333481,4209375,24200.0,24177.05,121.5,124.2,117.45,119.7,405150,1745296320
2025-04-22 10:03:00,PE,ATM,15.569754,4358400,24200.0,24178.95,120.3,123.25,118.9,120.5,245925,1745296380
2025-04-22 10:04:00,PE,ATM,15.47716,4358400,24200.0,24181.6,121.2,123.7,117.45,118.45,285450,1745296440
2025-04-22 10:05:00,PE,ATM,15.268443,4358400,24200.0,24191.2,118.45,120.7,111.5,112.1,518325,1745296500
2025-04-22 10:06:00,PE,ATM,15.189507,4396200,24200.0,24195.6,111.4,114.0,107.6,109.35,870600,1745296560
2025-04-22 10:07:00,PE,ATM,15.069917,4396200,24200.0,24195.05,108.45,111.9,107.15,108.7,467925,1745296620
2025-04-22 10:08:00,PE,ATM,15.047649,4396200,24200.0,24196.95,107.8,110.8,106.55,107.6,383700,1745296680
2025-04-22 10:09:00,PE,ATM,15.149327,4708350,24200.0,24193.95,109.05,112.45,108.9,109.8,388425,1745296740
2025-04-22 10:10:00,PE,ATM,15.37377,4708350,24200.0,24195.65,110.55,111.45,107.8,110.65,425250,1745296800
2025-04-22 10:11:00,PE,ATM,15.185738,4708350,24200.0,24197.35,110.2,112.8,108.4,108.4,437925,1745296860
2025-04-22 10:12:00,PE,ATM,15.310153,5101875,24200.0,24190.8,108.5,112.95,105.75,112.5,738150,1745296920
2025-04-22 10:13:00,PE,ATM,15.48248,5101875,24200.0,24186.3,113.0,116.6,111.55,116.0,676125,1745296980
2025-04-22 10:14:00,PE,ATM,15.279029,5101875,24200.0,24195.7,115.8,115.8,109.25,109.85,581325,1745297040
2025-04-22 10:15:00,PE,ATM,15.307496,5242875,24200.0,24195.8,110.1,112.55,109.6,110.0,309975,1745297100
2025-04-22 10:16:00,PE,ATM,15.376974,5242875,24200.0,24196.85,109.5,110.0,107.8,110.0,363975,1745297160
2025-04-22 10:17:00,PE,ATM,15.184661,5242875,24200.0,24194.55,110.8,111.15,105.4,109.65,407325,1745297220
2025-04-22 10:18:00,PE,ATM,15.265602,5399100,24200.0,24196.5,109.35,111.45,108.15,109.3,380175,1745297280
2025-04-22 10:19:00,PE,ATM,15.057592,5399100,24200.0,24198.0,108.1,109.2,104.0,107.0,478275,1745297340
2025-04-22 10:20:00,PE,ATM,15.421163,5399100,24200.0,24189.9,106.45,113.65,106.45,113.65,641550,1745297400
2025-04-22 10:21:00,PE,ATM,15.329897,5512725,24200.0,24190.1,112.6,115.05,111.45,112.85,577650,1745297460
2025-04-22 10:22:00,PE,ATM,15.159392,5512725,24200.0,24198.35,113.05,113.05,107.55,107.55,451800,1745297520
2025-04-22 10:23:00,PE,ATM,15.18784,5512725,24200.0,24198.45,107.6,109.4,107.35,107.7,313275,1745297580
2025-04-22 10:24:00,PE,ATM,15.387549,5658900,24200.0,24203.35,107.95,110.95,106.65,106.85,422400,1745297640
2025-04-22 10:25:00,PE,ATM,15.444482,5658900,24200.0,24214.55,107.5,108.15,100.05,102.05,1026825,1745297700
2025-04-22 10:26:00,PE,ATM,15.196051,5658900,24200.0,24208.0,102.45,104.05,102.1,103.2,656700,1745297760
2025-04-22 10:27:00,PE,ATM,15.583026,5722575,24200.0,24210.65,103.4,105.0,101.1,104.85,575025,1745297820
2025-04-22 10:28:00,PE,ATM,15.599907,5722575,24200.0,24204.15,104.85,108.25,103.4,108.0,534675,1745297880
2025-04-22 10:29:00,PE,ATM,15.72778,5722575,24200.0,24195.35,108.4,113.55,106.85,113.15,769575,1745297940
2025-04-22 10:30:00,PE,ATM,15.944482,5972850,24200.0,24196.3,113.25,115.45,112.05,114.3,909600,1745298000
2025-04-22 10:31:00,PE,ATM,15.560536,5972850,24200.0,24204.8,114.95,114.95,107.35,107.35,686775,1745298060
2025-04-22 10:32:00,PE,ATM,15.680871,5972850,24200.0,24206.15,107.8,108.25,105.75,107.6,477975,1745298120
2025-04-22 10:33:00,PE,ATM,15.567139,6155100,24200.0,24207.5,107.15,108.5,105.95,106.1,278550,1745298180
2025-04-22 10:34:00,PE,ATM,15.434323,6155100,24200.0,24207.8,105.55,108.15,104.65,104.95,343725,1745298240
2025-04-22 10:35:00,PE,ATM,15.399278,6155100,24200.0,24209.35,104.3,106.75,103.6,103.95,276675,1745298300
2025-04-22 10:36:00,PE,ATM,15.388421,6250875,24200.0,24210.65,103.7,105.95,103.0,103.25,347025,1745298360
2025-04-22 10:37:00,PE,ATM,15.292461,6250875,24200.0,24209.5,102.25,104.25,101.55,103.05,404100,1745298420
2025-04-22 10:38:00,PE,ATM,14.955325,6250875,24200.0,24215.85,103.1,105.7,97.6,97.6,652950,1745298480
2025-04-22 10:39:00,PE,ATM,14.88397,6294900,24200.0,24217.4,97.8,99.9,95.6,96.35,812925,1745298540
2025-04-22 10:40:00,PE,ATM,14.887781,6294900,24200.0,24217.65,96.65,98.0,93.55,96.25,777075,1745298600
2025-04-22 10:41:00,PE,ATM,14.989035,6294900,24200.0,24218.4,96.5,97.3,94.9,96.65,508875,1745298660
2025-04-22 10:42:00,PE,ATM,15.095885,6683400,24200.0,24217.25,96.6,98.45,96.6,97.95,402750,1745298720
2025-04-22 10:43:00,PE,ATM,14.957462,6683400,24200.0,24217.7,97.7,98.65,96.55,96.7,331275,1745298780
2025-04-22 10:44:00,PE,ATM,14.858932,6683400,24200.0,24223.85,96.7,97.1,93.2,93.2,442125,1745298840
2025-04-22 10:45:00,PE,ATM,15.15109,1332300,24250.0,24227.5,119.55,122.0,117.65,117.65,192675,1745298900
2025-04-22 10:46:00,PE,ATM,15.109983,6858075,24200.0,24222.35,91.8,96.15,91.8,95.7,403125,1745298960
2025-04-22 10:47:00,PE,ATM,15.082612,6858075,24200.0,24219.85,95.8,96.6,94.2,96.6,312300,1745299020
2025-04-22 10:48:00,PE,ATM,15.090859,7065300,24200.0,24225.0,97.55,97.6,94.35,94.35,475500,1745299080
2025-04-22 10:49:00,PE,ATM,14.963759,7065300,24200.0,24219.15,95.2,96.1,95.0,96.0,254550,1745299140
2025-04-22 10:50:00,PE,ATM,14.970748,7065300,24200.0,24217.9,95.75,98.15,95.3,96.6,384225,1745299200
2025-04-22 10:51:00,PE,ATM,15.058247,7231500,24200.0,24213.8,96.5,100.2,95.6,99.1,488025,1745299260
2025-04-22 10:52:00,PE,ATM,14.860625,7231500,24200.0,24223.15,99.4,99.4,93.4,93.4,530625,1745299320
2025-04-22 10:53:00,PE,ATM,14.982521,7231500,24200.0,24222.45,93.05,94.7,91.0,94.6,541125,1745299380
2025-04-22 10:54:00,PE,ATM,15.084878,1510650,24250.0,24226.35,120.7,121.3,117.6,117.6,90900,1745299440
2025-04-22 10:55:00,PE,ATM,14.893832,7329000,24200.0,24223.15,91.8,93.6,90.7,93.6,346725,1745299500
2025-04-22 10:56:00,PE,ATM,14.954304,7329000,24200.0,24216.1,93.55,97.2,93.55,97.2,528375,1745299560
2025-04-22 10:57:00,PE,ATM,14.705676,7472925,24200.0,24217.95,96.45,97.8,93.9,94.5,386025,1745299620
2025-04-22 10:58:00,PE,ATM,14.611559,1564275,24250.0,24226.05,120.75,120.75,114.0,114.15,254175,1745299680
2025-04-22 10:59:00,PE,ATM,14.579532,1564275,24250.0,24228.1,114.6,114.7,110.65,112.85,299250,1745299740
2025-04-22 11:00:00,PE,ATM,14.706428,1574250,24250.0,24238.45,112.4,112.85,106.1,108.6,382050,1745299800
2025-04-22 11:01:00,PE,ATM,14.441516,1574250,24250.0,24241.1,108.15,108.25,104.45,105.3,351975,1745299860
2025-04-22 11:02:00,PE,ATM,14.287876,1574250,24250.0,24235.6,105.2,107.45,105.1,106.85,243900,1745299920
2025-04-22 11:03:00,PE,ATM,14.07374,1763625,24250.0,24229.1,106.6,108.75,106.6,108.5,211275,1745299980
2025-04-22 11:04:00,PE,ATM,14.295349,1763625,24250.0,24233.35,108.4,109.25,107.0,108.0,174825,1745300040
2025-04-22 11:05:00,PE,ATM,14.661041,1763625,24250.0,24236.6,107.4,109.2,106.9,109.1,161475,1745300100
2025-04-22 11:06:00,PE,ATM,14.837299,1850775,24250.0,24235.7,109.0,111.2,108.9,110.85,142950,1745300160
2025-04-22 11:07:00,PE,ATM,14.743958,1850775,24250.0,24229.3,111.15,113.35,110.3,113.35,222375,1745300220
2025-04-22 11:08:00,PE,ATM,14.833231,1850775,24250.0,24229.6,113.0,114.15,111.75,113.85,164850,1745300280
2025-04-22 11:09:00,PE,ATM,15.035232,1813050,24250.0,24228.7,113.6,116.8,112.35,115.8,223200,1745300340
2025-04-22 11:10:00,PE,ATM,15.323043,1813050,24250.0,24230.25,116.15,117.45,115.65,117.15,204225,1745300400
2025-04-22 11:11:00,PE,ATM,15.277753,7722075,24200.0,24221.9,90.85,96.75,90.6,96.75,737775,1745300460
2025-04-22 11:12:00,PE,ATM,14.909983,7861575,24200.0,24215.6,96.9,97.75,94.7,96.85,922800,1745300520
2025-04-22 11:13:00,PE,ATM,14.711291,7861575,24200.0,24222.75,96.3,96.3,92.1,92.15,558225,1745300580
2025-04-22 11:14:00,PE,ATM,15.046754,1857750,24250.0,24230.0,117.85,118.7,114.95,115.15,212775,1745300640
2025-04-22 11:15:00,PE,ATM,14.958945,7907550,24200.0,24223.65,89.7,93.8,89.7,93.55,399150,1745300700
2025-04-22 11:16:00,PE,ATM,15.02773,7907550,24200.0,24221.5,93.35,96.45,93.35,95.0,630225,1745300760
2025-04-22 11:17:00,PE,ATM,15.12851,7907550,24200.0,24222.35,94.75,96.6,93.4,95.35,311925,1745300820
2025-04-22 11:18:00,PE,ATM,15.339316,1907550,24250.0,24229.25,121.75,121.75,117.5,117.65,127650,1745300880
2025-04-22 11:19:00,PE,ATM,15.42062,1907550,24250.0,24227.95,117.25,120.1,117.15,118.9,119400,1745300940
2025-04-22 11:20:00,PE,ATM,15.319111,1907550,24250.0,24228.2,119.0,120.8,118.0,118.0,124575,1745301000
2025-04-22 11:21:00,PE,ATM,15.371822,1918875,24250.0,24225.8,118.75,120.55,118.05,119.6,78900,1745301060
2025-04-22 11:22:00,PE,ATM,15.430057,1918875,24250.0,24232.25,119.0,119.0,114.75,116.75,220575,1745301120
2025-04-22 11:23:00,PE,ATM,14.731093,7978725,24200.0,24223.75,90.25,92.1,89.2,91.7,314775,1745301180
2025-04-22 11:24:00,PE,ATM,14.86438,7994550,24200.0,24202.3,91.9,103.2,91.9,102.5,1457025,1745301240
2025-04-22 11:25:00,PE,ATM,14.666497,7994550,24200.0,24204.45,103.05,103.05,99.95,100.0,1071750,1745301300
2025-04-22 11:26:00,PE,ATM,15.056217,7994550,24200.0,24193.85,100.2,108.95,99.8,107.95,1508100,1745301360
2025-04-22 11:27:00,PE,ATM,14.601267,7901925,24200.0,24201.35,107.95,107.95,100.95,100.95,1030125,1745301420
2025-04-22 11:28:00,PE,ATM,15.001565,7901925,24200.0,24197.6,100.8,105.7,100.6,105.7,590250,1745301480
2025-04-22 11:29:00,PE,ATM,14.859711,7901925,24200.0,24190.15,104.35,108.25,102.45,108.25,849225,1745301540
2025-04-22 11:30:00,PE,ATM,14.500394,7932900,24200.0,24188.35,108.0,110.65,106.45,106.45,1513575,1745301600
2025-04-22 11:31:00,PE,ATM,14.471409,7932900,24200.0,24196.8,106.35,107.9,102.1,102.1,775950,1745301660
2025-04-22 11:32:00,PE,ATM,14.730964,7932900,24200.0,24197.45,101.25,103.7,99.55,103.7,713400,1745301720
2025-04-22 11:33:00,PE,ATM,15.144041,7802100,24200.0,24190.05,104.05,110.35,103.1,110.35,644175,1745301780
2025-04-22 11:34:00,PE,ATM,14.867392,5034750,24150.0,24173.8,87.5,92.8,86.35,92.3,1014450,1745301840
2025-04-22 11:35:00,PE,ATM,14.841557,5034750,24150.0,24167.75,90.55,94.8,88.8,94.8,1073925,1745301900
2025-04-22 11:36:00,PE,ATM,15.059578,7442625,24200.0,24183.45,120.15,120.95,111.0,112.95,1073775,1745301960
2025-04-22 11:37:00,PE,ATM,14.65069,7442625,24200.0,24190.2,112.25,114.2,106.55,106.55,754125,1745302020
2025-04-22 11:38:00,PE,ATM,14.905607,7442625,24200.0,24197.25,106.8,107.95,105.0,105.0,603600,1745302080
2025-04-22 11:39:00,PE,ATM,14.996891,7338825,24200.0,24199.15,105.0,105.95,103.5,104.75,624975,1745302140
2025-04-22 11:40:00,PE,ATM,15.137693,7338825,24200.0,24196.4,104.5,107.7,103.5,107.1,565650,1745302200
2025-04-22 11:41:00,PE,ATM,15.000619,7338825,24200.0,24210.3,106.35,107.4,99.5,99.5,946425,1745302260
2025-04-22 11:42:00,PE,ATM,15.233239,7176750,24200.0,24208.05,99.4,102.35,99.3,102.25,736275,1745302320
2025-04-22 11:43:00,PE,ATM,15.154034,7176750,24200.0,24212.8,102.55,104.4,99.45,99.45,418575,1745302380
2025-04-22 11:44:00,PE,ATM,14.955886,7176750,24200.0,24209.7,99.55,101.0,99.05,99.4,291975,1745302440
2025-04-22 11:45:00,PE,ATM,15.194821,7321650,24200.0,24205.95,100.05,103.05,99.05,102.9,407250,1745302500
2025-04-22 11:46:00,PE,ATM,15.108019,7321650,24200.0,24205.4,102.55,102.7,99.65,102.5,269025,1745302560
2025-04-22 11:47:00,PE,ATM,14.977179,7321650,24200.0,24207.25,102.75,102.75,100.45,100.65,276300,1745302620
2025-04-22 11:48:00,PE,ATM,14.964704,7381200,24200.0,24212.85,101.6,101.6,97.95,97.95,411825,1745302680
2025-04-22 11:49:00,PE,ATM,14.856166,7381200,24200.0,24213.25,97.3,98.4,95.4,96.95,585225,1745302740
2025-04-22 11:50:00,PE,ATM,14.866849,7381200,24200.0,24215.25,96.75,97.75,94.75,96.1,455700,1745302800
2025-04-22 11:51:00,PE,ATM,14.770417,7402950,24200.0,24206.2,96.6,100.75,96.6,99.55,531150,1745302860
2025-04-22 11:52:00,PE,ATM,14.684171,7402950,24200.0,24211.8,99.9,100.5,96.0,96.3,389175,1745302920
2025-04-22 11:53:00,PE,ATM,14.601974,7402950,24200.0,24210.45,96.0,96.55,95.0,96.3,351900,1745302980
2025-04-22 11:54:00,PE,ATM,14.654508,7546200,24200.0,24213.0,96.75,97.05,95.3,95.5,228675,1745303040
2025-04-22 11:55:00,PE,ATM,14.719217,7546200,24200.0,24213.9,94.75,95.55,92.8,95.55,585825,1745303100
2025-04-22 11:56:00,PE,ATM,14.767726,7546200,24200.0,24211.05,95.95,98.55,95.05,97.2,457350,1745303160
2025-04-22 11:57:00,PE,ATM,14.647235,7691625,24200.0,24211.15,97.2,97.2,94.8,96.25,248700,1745303220
2025-04-22 11:58:00,PE,ATM,14.502896,7691625,24200.0,24219.9,96.3,97.4,91.2,91.2,519900,1745303280
2025-04-22 11:59:00,PE,ATM,14.586888,7691625,24200.0,24217.9,91.05,92.75,90.65,92.7,410550,1745303340
2025-04-22 12:00:00,PE,ATM,14.211316,7725000,24200.0,24211.35,92.85,93.2,91.8,92.9,300375,1745303400
2025-04-22 12:01:00,PE,ATM,14.588858,7725000,24200.0,24208.25,93.1,98.25,92.3,97.1,649875,1745303460
2025-04-22 12:02:00,PE,ATM,14.515165,7725000,24200.0,24209.85,96.35,96.8,94.55,95.8,334800,1745303520
2025-04-22 12:03:00,PE,ATM,14.493218,7893675,24200.0,24209.9,95.6,97.55,95.6,95.6,294300,1745303580
2025-04-22 12:04:00,PE,ATM,14.37719,7893675,24200.0,24211.05,96.1,96.1,93.55,94.2,213450,1745303640
2025-04-22 12:05:00,PE,ATM,14.382875,7893675,24200.0,24209.05,94.75,96.35,94.0,95.15,234750,1745303700
2025-04-22 12:06:00,PE,ATM,14.413716,7998975,24200.0,24210.7,95.9,97.35,94.3,94.6,294525,1745303760
2025-04-22 12:07:00,PE,ATM,14.439099,7998975,24200.0,24206.65,95.0,97.2,94.55,96.65,220875,1745303820
2025-04-22 12:08:00,PE,ATM,14.425206,7998975,24200.0,24205.65,96.5,98.05,96.0,97.0,427950,1745303880
2025-04-22 12:09:00,PE,ATM,14.355519,8092350,24200.0,24199.35,97.3,99.95,96.3,99.45,493800,1745303940
2025-04-22 12:10:00,PE,ATM,14.383159,8092350,24200.0,24194.65,99.1,101.9,98.1,101.9,663000,1745304000
2025-04-22 12:11:00,PE,ATM,14.200564,8092350,24200.0,24195.45,101.85,104.0,99.35,100.15,969750,1745304060
2025-04-22 12:12:00,PE,ATM,14.366222,8240475,24200.0,24197.75,100.2,102.9,98.8,100.25,461250,1745304120
2025-04-22 12:13:00,PE,ATM,14.070441,8240475,24200.0,24203.65,100.1,100.1,95.25,95.25,545025,1745304180
2025-04-22 12:14:00,PE,ATM,14.061984,8240475,24200.0,24202.85,95.8,96.55,94.8,95.55,340125,1745304240
2025-04-22 12:15:00,PE,ATM,14.330165,8289000,24200.0,24201.5,95.5,98.25,95.35,98.15,399600,1745304300
2025-04-22 12:16:00,PE,ATM,14.323632,8289000,24200.0,24200.0,97.8,99.35,96.7,98.8,256275,1745304360
2025-04-22 12:17:00,PE,ATM,13.8915,8289000,24200.0,24196.45,98.8,99.5,95.6,97.3,330750,1745304420
2025-04-22 12:18:00,PE,ATM,13.965648,8451225,24200.0,24192.8,97.55,101.6,97.3,99.6,732000,1745304480
2025-04-22 12:19:00,PE,ATM,13.840728,8451225,24200.0,24191.6,99.8,101.25,99.0,99.25,393375,1745304540
2025-04-22 12:20:00,PE,ATM,13.955032,8451225,24200.0,24188.2,100.25,101.75,98.7,101.75,372300,1745304600
2025-04-22 12:21:00,PE,ATM,14.107466,8484525,24200.0,24183.2,101.95,105.5,100.45,105.35,832575,1745304660
2025-04-22 12:22:00,PE,ATM,14.014503,8484525,24200.0,24185.7,104.7,105.5,102.75,103.4,633075,1745304720
2025-04-22 12:23:00,PE,ATM,13.98013,8484525,24200.0,24192.05,103.3,104.6,98.85,100.0,638925,1745304780
2025-04-22 12:24:00,PE,ATM,13.516703,8484525,24200.0,24195.7,98.85,98.85,94.35,94.8,636000,1745304840
2025-04-22 12:25:00,PE,ATM,13.623864,8266875,24200.0,24192.35,95.0,98.1,94.75,97.2,404025,1745304900
2025-04-22 12:26:00,PE,ATM,13.933491,8266875,24200.0,24190.85,96.9,100.2,95.75,100.2,352275,1745304960
2025-04-22 12:27:00,PE,ATM,13.904881,8266875,24200.0,24187.35,100.7,102.7,100.05,101.7,427350,1745305020
2025-04-22 12:28:00,PE,ATM,13.853684,8406525,24200.0,24194.2,102.7,102.7,97.8,97.95,413700,1745305080
2025-04-22 12:29:00,PE,ATM,13.86874,8406525,24200.0,24192.65,97.65,99.65,96.9,98.8,291300,1745305140
2025-04-22 12:30:00,PE,ATM,14.153015,8406525,24200.0,24189.95,99.4,102.2,98.2,102.2,300600,1745305200
2025-04-22 12:31:00,PE,ATM,13.828628,8369475,24200.0,24184.7,102.7,103.65,101.55,102.4,473100,1745305260
2025-04-22 12:32:00,PE,ATM,14.092085,8369475,24200.0,24183.75,102.0,106.05,101.8,104.8,559800,1745305320
2025-04-22 12:33:00,PE,ATM,14.11423,8369475,24200.0,24182.85,105.0,106.2,103.4,105.4,459225,1745305380
2025-04-22 12:34:00,PE,ATM,14.033887,8255400,24200.0,24187.75,106.65,106.65,102.35,102.35,400425,1745305440
2025-04-22 12:35:00,PE,ATM,14.101202,8255400,24200.0,24182.8,103.6,107.95,102.65,105.3,578025,1745305500
2025-04-22 12:36:00,PE,ATM,14.207638,8255400,24200.0,24181.05,106.3,108.15,106.25,106.95,496800,1745305560
2025-04-22 12:37:00,PE,ATM,13.901137,8321175,24200.0,24182.7,106.65,106.9,103.15,103.85,437775,1745305620
2025-04-22 12:38:00,PE,ATM,13.993665,8321175,24200.0,24180.65,104.0,108.0,103.4,105.55,382050,1745305680
2025-04-22 12:39:00,PE,ATM,14.074002,8321175,24200.0,24180.8,105.55,106.5,104.1,106.05,218400,1745305740
2025-04-22 12:40:00,PE,ATM,14.383546,8325750,24200.0,24183.7,105.75,107.2,104.6,106.85,305775,1745305800
2025-04-22 12:41:00,PE,ATM,14.187741,8325750,24200.0,24178.35,106.75,109.35,106.25,108.1,534900,1745305860
2025-04-22 12:42:00,PE,ATM,14.274871,8325750,24200.0,24182.25,108.35,111.8,105.95,106.75,673125,1745305920
2025-04-22 12:43:00,PE,ATM,14.120202,8171625,24200.0,24187.15,106.45,107.2,103.0,103.15,493950,1745305980
2025-04-22 12:44:00,PE,ATM,14.164818,8171625,24200.0,24189.3,102.65,102.65,100.35,102.4,641400,1745306040
2025-04-22 12:45:00,PE,ATM,14.086441,8171625,24200.0,24187.7,102.8,103.5,101.1,102.6,291525,1745306100
2025-04-22 12:46:00,PE,ATM,14.4455,7872225,24200.0,24180.75,102.6,108.7,102.6,108.7,580050,1745306160
2025-04-22 12:47:00,PE,ATM,14.259917,7872225,24200.0,24180.4,109.15,109.7,107.15,107.5,474150,1745306220
2025-04-22 12:48:00,PE,ATM,14.28355,7872225,24200.0,24182.1,107.8,109.2,106.3,106.8,335400,1745306280
2025-04-22 12:49:00,PE,ATM,14.319823,8000325,24200.0,24178.45,106.8,109.05,106.15,108.9,226050,1745306340
2025-04-22 12:50:00,PE,ATM,14.38062,8000325,24200.0,24176.65,108.8,110.25,107.0,110.25,424725,1745306400
2025-04-22 12:51:00,PE,ATM,14.333528,8000325,24200.0,24178.0,109.45,110.1,106.7,109.2,396825,1745306460
2025-04-22 12:52:00,PE,ATM,14.225854,8038725,24200.0,24180.55,110.0,111.0,106.3,107.1,523125,1745306520
2025-04-22 12:53:00,PE,ATM,14.222447,8038725,24200.0,24182.85,107.5,107.65,104.55,105.9,345525,1745306580
2025-04-22 12:54:00,PE,ATM,14.005225,8038725,24200.0,24181.05,105.65,106.35,104.65,105.2,266325,1745306640
2025-04-22 12:55:00,PE,ATM,13.895686,8068575,24200.0,24182.8,105.5,105.5,103.2,103.5,314550,1745306700
2025-04-22 12:56:00,PE,ATM,13.75478,8068575,24200.0,24184.3,103.25,104.5,101.45,101.7,524550,1745306760
2025-04-22 12:57:00,PE,ATM,13.810548,8068575,24200.0,24187.4,101.25,102.3,99.5,100.55,510300,1745306820
2025-04-22 12:58:00,PE,ATM,13.65535,7831500,24200.0,24181.7,100.75,102.85,100.75,102.25,225300,1745306880
2025-04-22 12:59:00,PE,ATM,14.004295,7831500,24200.0,24180.3,102.4,106.3,102.4,105.5,534600,1745306940
2025-04-22 13:00:00,PE,ATM,14.042273,7831500,24200.0,24178.85,105.9,107.4,105.0,106.5,377850,1745307000
2025-04-22 13:01:00,PE,ATM,13.925511,8007900,24200.0,24179.5,105.5,105.5,103.2,105.3,279150,1745307060
2025-04-22 13:02:00,PE,ATM,13.918311,8007900,24200.0,24177.7,105.55,106.9,105.0,106.15,231300,1745307120
2025-04-22 13:03:00,PE,ATM,13.729967,8007900,24200.0,24178.4,105.85,108.75,104.4,104.4,329100,1745307180
2025-04-22 13:04:00,PE,ATM,13.703142,8063250,24200.0,24180.05,105.0,105.3,103.0,103.35,293175,1745307240
2025-04-22 13:05:00,PE,ATM,13.676616,8063250,24200.0,24179.05,103.45,104.9,102.7,103.65,215400,1745307300
2025-04-22 13:06:00,PE,ATM,13.597412,8063250,24200.0,24177.3,104.45,105.0,102.55,103.95,177900,1745307360
2025-04-22 13:07:00,PE,ATM,13.941958,8047650,24200.0,24175.75,104.5,107.7,102.65,107.25,299550,1745307420
2025-04-22 13:08:00,PE,ATM,13.759729,5268600,24150.0,24170.45,83.0,84.7,82.95,84.3,362775,1745307480
2025-04-22 13:09:00,PE,ATM,13.849198,5268600,24150.0,24170.75,84.3,85.65,83.05,84.8,337875,1745307540
2025-04-22 13:10:00,PE,ATM,13.635072,5258625,24150.0,24173.1,84.95,84.95,81.0,82.2,344400,1745307600
2025-04-22 13:11:00,PE,ATM,13.685249,7995675,24200.0,24175.2,106.95,106.95,105.2,105.6,227625,1745307660
2025-04-22 13:12:00,PE,ATM,13.701236,7995675,24200.0,24179.7,105.0,105.0,102.65,103.4,402750,1745307720
2025-04-22 13:13:00,PE,ATM,13.760351,7999800,24200.0,24182.9,103.5,104.7,101.65,102.2,346800,1745307780
2025-04-22 13:14:00,PE,ATM,13.358216,7999800,24200.0,24182.1,101.8,102.5,99.3,99.65,481800,1745307840
2025-04-22 13:15:00,PE,ATM,13.359698,7999800,24200.0,24181.5,99.65,100.95,99.5,99.95,297300,1745307900
2025-04-22 13:16:00,PE,ATM,13.300136,7852950,24200.0,24181.7,100.15,100.5,96.9,99.4,654825,1745307960
2025-04-22 13:17:00,PE,ATM,13.23189,7852950,24200.0,24179.9,100.4,101.15,99.6,99.8,411300,1745308020
2025-04-22 13:18:00,PE,ATM,13.351766,7852950,24200.0,24181.6,99.1,99.9,98.6,99.8,183000,1745308080
2025-04-22 13:19:00,PE,ATM,13.166436,7664325,24200.0,24183.75,99.35,99.35,96.6,97.35,355125,1745308140
2025-04-22 13:20:00,PE,ATM,13.187711,7664325,24200.0,24191.4,97.1,97.95,93.65,93.7,659025,1745308200
2025-04-22 13:21:00,PE,ATM,13.298575,7664325,24200.0,24193.75,93.3,94.0,92.45,93.35,439350,1745308260
2025-04-22 13:22:00,PE,ATM,13.192896,7525500,24200.0,24192.65,93.4,95.6,92.35,93.1,354150,1745308320
2025-04-22 13:23:00,PE,ATM,13.549363,7525500,24200.0,24191.6,93.0,96.7,93.0,96.2,291600,1745308380
2025-04-22 13:24:00,PE,ATM,13.411602,7525500,24200.0,24191.05,96.25,96.8,95.45,95.45,246750,1745308440
2025-04-22 13:25:00,PE,ATM,13.560537,7491825,24200.0,24191.3,95.25,96.4,94.1,96.4,190350,1745308500
2025-04-22 13:26:00,PE,ATM,13.65102,7491825,24200.0,24191.7,96.4,96.85,93.9,96.85,224550,1745308560
2025-04-22 13:27:00,PE,ATM,13.528534,7491825,24200.0,24189.85,97.15,97.2,96.0,96.85,200700,1745308620
2025-04-22 13:28:00,PE,ATM,13.7171,7554075,24200.0,24191.4,96.15,99.0,96.15,97.45,348675,1745308680
2025-04-22 13:29:00,PE,ATM,13.794165,7554075,24200.0,24188.65,97.55,99.5,97.4,99.35,233700,1745308740
2025-04-22 13:30:00,PE,ATM,13.727475,7554075,24200.0,24188.75,99.3,100.1,97.75,98.8,327975,1745308800
2025-04-22 13:31:00,PE,ATM,13.52017,7609275,24200.0,24188.8,98.9,100.15,97.2,97.25,227325,1745308860
2025-04-22 13:32:00,PE,ATM,13.702588,7609275,24200.0,24190.15,97.1,98.15,95.95,97.9,216225,1745308920
2025-04-22 13:33:00,PE,ATM,13.800082,7609275,24200.0,24183.8,98.5,102.25,97.75,101.75,382950,1745308980
2025-04-22 13:34:00,PE,ATM,13.980624,7597125,24200.0,24184.3,102.1,104.8,101.9,102.8,645600,1745309040
2025-04-22 13:35:00,PE,ATM,13.727944,7597125,24200.0,24178.75,102.35,103.85,101.05,103.75,339975,1745309100
2025-04-22 13:36:00,PE,ATM,13.719096,7597125,24200.0,24181.55,103.7,103.7,100.65,102.25,287025,1745309160
2025-04-22 13:37:00,PE,ATM,13.801235,7724325,24200.0,24179.25,102.4,104.0,102.35,104.0,222450,1745309220
2025-04-22 13:38:00,PE,ATM,13.795135,7724325,24200.0,24181.5,104.05,105.1,102.5,102.8,431175,1745309280
2025-04-22 13:39:00,PE,ATM,13.471313,7724325,24200.0,24182.35,103.15,103.15,99.5,100.0,576075,1745309340
2025-04-22 13:40:00,PE,ATM,13.3091,7590375,24200.0,24185.45,100.35,100.65,97.1,97.25,289650,1745309400
2025-04-22 13:41:00,PE,ATM,13.47236,7590375,24200.0,24183.8,97.65,100.45,97.05,99.25,247500,1745309460
2025-04-22 13:42:00,PE,ATM,13.532863,7590375,24200.0,24184.65,98.5,99.3,97.7,99.25,134850,1745309520
2025-04-22 13:43:00,PE,ATM,13.610051,7600425,24200.0,24186.85,99.3,100.5,98.7,98.7,168375,1745309580
2025-04-22 13:44:00,PE,ATM,13.804334,7600425,24200.0,24182.65,98.0,102.35,97.8,102.2,294150,1745309640
2025-04-22 13:45:00,PE,ATM,13.62443,7600425,24200.0,24183.5,102.05,102.25,100.05,100.45,229500,1745309700
2025-04-22 13:46:00,PE,ATM,13.846072,7632975,24200.0,24182.5,100.9,103.5,100.9,102.55,290400,1745309760
2025-04-22 13:47:00,PE,ATM,13.914541,7632975,24200.0,24179.7,103.0,105.2,103.0,104.45,343575,1745309820
2025-04-22 13:48:00,PE,ATM,13.856585,7632975,24200.0,24178.55,104.75,106.35,103.85,104.6,437475,1745309880
2025-04-22 13:49:00,PE,ATM,13.773512,7599075,24200.0,24179.3,104.5,104.65,102.95,103.6,246000,1745309940
2025-04-22 13:50:00,PE,ATM,13.708453,7599075,24200.0,24181.0,103.7,104.55,102.25,102.25,221175,1745310000
2025-04-22 13:51:00,PE,ATM,13.820327,7599075,24200.0,24180.7,101.95,103.45,101.6,103.2,189225,1745310060
2025-04-22 13:52:00,PE,ATM,13.676718,7597575,24200.0,24177.35,103.6,105.75,103.2,103.85,247275,1745310120
2025-04-22 13:53:00,PE,ATM,13.765707,7597575,24200.0,24175.95,103.9,106.3,103.3,105.2,334500,1745310180
2025-04-22 13:54:00,PE,ATM,13.591493,5102175,24150.0,24173.8,81.05,81.8,79.15,80.95,195900,1745310240
2025-04-22 13:55:00,PE,ATM,13.631346,7621275,24200.0,24177.6,105.75,105.75,102.85,103.35,238350,1745310300
2025-04-22 13:56:00,PE,ATM,13.413501,7621275,24200.0,24178.1,102.45,103.25,101.5,101.5,294150,1745310360
2025-04-22 13:57:00,PE,ATM,13.450017,7621275,24200.0,24180.95,101.5,102.4,100.15,100.3,287400,1745310420
2025-04-22 13:58:00,PE,ATM,13.516904,7609800,24200.0,24180.4,100.75,102.15,99.75,101.05,240525,1745310480
2025-04-22 13:59:00,PE,ATM,13.539105,7609800,24200.0,24180.0,101.4,102.35,100.05,101.4,229950,1745310540
2025-04-22 14:00:00,PE,ATM,13.489389,7609800,24200.0,24180.05,102.1,102.2,100.6,101.0,172050,1745310600
2025-04-22 14:01:00,PE,ATM,13.616654,7638825,24200.0,24178.3,101.35,104.5,100.7,102.8,265650,1745310660
2025-04-22 14:02:00,PE,ATM,13.34501,7638825,24200.0,24180.1,102.95,102.95,98.6,99.9,329925,1745310720
2025-04-22 14:03:00,PE,ATM,13.313729,7638825,24200.0,24181.4,99.45,99.55,98.05,99.0,282150,1745310780
2025-04-22 14:04:00,PE,ATM,13.051014,7574325,24200.0,24182.85,99.4,99.4,96.25,96.35,324975,1745310840
2025-04-22 14:05:00,PE,ATM,13.381216,7574325,24200.0,24184.5,96.45,98.05,95.75,97.9,334800,1745310900
2025-04-22 14:06:00,PE,ATM,13.203755,7574325,24200.0,24185.6,98.2,98.35,96.05,96.05,162075,1745310960
2025-04-22 14:07:00,PE,ATM,13.295258,7503450,24200.0,24184.0,96.45,98.65,95.85,97.5,230025,1745311020
2025-04-22 14:08:00,PE,ATM,13.286979,7503450,24200.0,24185.25,97.0,97.4,95.6,96.8,169125,1745311080
2025-04-22 14:09:00,PE,ATM,13.244013,7503450,24200.0,24185.5,97.05,97.15,95.85,96.35,121200,1745311140
2025-04-22 14:10:00,PE,ATM,13.302701,7429425,24200.0,24181.05,96.6,99.0,96.6,99.0,175275,1745311200
2025-04-22 14:11:00,PE,ATM,13.448191,7429425,24200.0,24179.65,99.2,101.2,98.2,100.75,358950,1745311260
2025-04-22 14:12:00,PE,ATM,13.419374,7429425,24200.0,24177.55,100.9,101.75,99.9,101.6,297450,1745311320
2025-04-22 14:13:00,PE,ATM,13.405717,7490775,24200.0,24178.6,101.4,102.2,100.3,100.95,243750,1745311380
2025-04-22 14:14:00,PE,ATM,13.45635,7490775,24200.0,24178.8,101.2,101.45,100.0,101.2,146325,1745311440
2025-04-22 14:15:00,PE,ATM,13.360569,7490775,24200.0,24178.2,100.9,102.4,100.5,100.8,243600,1745311500
2025-04-22 14:16:00,PE,ATM,13.616356,7495050,24200.0,24179.15,101.2,102.35,100.2,102.15,149775,1745311560
2025-04-22 14:17:00,PE,ATM,13.635602,7495050,24200.0,24176.95,102.05,103.4,102.05,103.4,224775,1745311620
2025-04-22 14:18:00,PE,ATM,13.766064,7495050,24200.0,24177.2,102.85,104.2,102.4,104.2,191250,1745311680
2025-04-22 14:19:00,PE,ATM,13.7213,7408950,24200.0,24176.25,104.1,104.95,102.05,104.35,315000,1745311740
2025-04-22 14:20:00,PE,ATM,13.637617,7408950,24200.0,24176.7,104.35,104.35,103.0,103.5,179025,1745311800
2025-04-22 14:21:00,PE,ATM,13.637834,7408950,24200.0,24177.65,103.6,104.4,102.55,103.0,215625,1745311860
2025-04-22 14:22:00,PE,ATM,13.637852,7435800,24200.0,24178.6,103.35,104.3,102.5,102.5,272550,1745311920
2025-04-22 14:23:00,PE,ATM,13.535464,7435800,24200.0,24181.05,102.55,102.55,99.7,100.5,311475,1745311980
2025-04-22 14:24:00,PE,ATM,13.29692,7435800,24200.0,24179.6,100.25,101.6,99.35,99.5,222975,1745312040
2025-04-22 14:25:00,PE,ATM,13.396434,7341975,24200.0,24180.1,99.65,100.05,99.2,99.95,165300,1745312100
2025-04-22 14:26:00,PE,ATM,13.351852,7341975,24200.0,24178.95,100.3,100.8,98.3,100.2,220650,1745312160
2025-04-22 14:27:00,PE,ATM,13.366557,7341975,24200.0,24180.9,100.4,100.95,99.3,99.3,144450,1745312220
2025-04-22 14:28:00,PE,ATM,13.116543,7422675,24200.0,24181.95,99.35,99.65,96.6,96.95,314850,1745312280
2025-04-22 14:29:00,PE,ATM,13.168097,7422675,24200.0,24184.15,96.95,98.4,95.6,96.2,373650,1745312340
2025-04-22 14:30:00,PE,ATM,13.093299,7422675,24200.0,24182.95,95.85,98.4,95.85,96.25,257025,1745312400
2025-04-22 14:31:00,PE,ATM,13.159922,7337250,24200.0,24181.4,96.4,97.95,96.05,97.5,154725,1745312460
2025-04-22 14:32:00,PE,ATM,13.057242,7337250,24200.0,24180.8,97.85,98.55,97.0,97.05,151875,1745312520
2025-04-22 14:33:00,PE,ATM,13.19095,7337250,24200.0,24178.25,97.3,99.55,97.3,99.3,187800,1745312580
2025-04-22 14:34:00,PE,ATM,13.346581,7361025,24200.0,24175.25,99.4,101.95,99.4,101.95,403200,1745312640
2025-04-22 14:35:00,PE,ATM,13.422217,7361025,24200.0,24175.6,102.15,103.15,101.55,102.3,426750,1745312700
2025-04-22 14:36:00,PE,ATM,13.152911,7361025,24200.0,24177.05,102.3,102.3,99.6,99.6,306675,1745312760
2025-04-22 14:37:00,PE,ATM,12.908217,7435575,24200.0,24177.0,99.8,100.0,97.85,97.85,314325,1745312820
2025-04-22 14:38:00,PE,ATM,12.93469,7435575,24200.0,24177.15,97.95,99.0,97.0,97.95,249750,1745312880
2025-04-22 14:39:00,PE,ATM,13.024787,7435575,24200.0,24180.25,97.45,99.0,96.15,97.0,286425,1745312940
2025-04-22 14:40:00,PE,ATM,12.856113,7461225,24200.0,24179.9,97.1,97.5,95.3,95.95,280200,1745313000
2025-04-22 14:41:00,PE,ATM,12.597623,7461225,24200.0,24177.8,96.45,96.45,94.45,95.15,420750,1745313060
2025-04-22 14:42:00,PE,ATM,12.821994,7461225,24200.0,24177.9,94.85,96.75,94.3,96.7,319650,1745313120
2025-04-22 14:43:00,PE,ATM,12.744721,7353450,24200.0,24178.35,96.55,97.0,95.65,95.9,189975,1745313180
2025-04-22 14:44:00,PE,ATM,12.710362,7353450,24200.0,24175.9,96.15,97.4,95.6,96.9,207375,1745313240
2025-04-22 14:45:00,PE,ATM,12.738774,5153625,24150.0,24172.1,72.85,75.65,72.8,74.9,356775,1745313300
2025-04-22 14:46:00,PE,ATM,12.924935,5129775,24150.0,24168.15,75.0,77.95,74.75,77.95,427800,1745313360
2025-04-22 14:47:00,PE,ATM,13.120316,5129775,24150.0,24155.8,78.95,84.95,78.95,84.95,988425,1745313420
2025-04-22 14:48:00,PE,ATM,13.150368,5129775,24150.0,24148.7,85.4,89.0,85.4,88.5,1126050,1745313480
2025-04-22 14:49:00,PE,ATM,12.868177,5142975,24150.0,24152.1,89.55,89.55,84.7,84.85,615825,1745313540
2025-04-22 14:50:00,PE,ATM,12.753494,5142975,24150.0,24158.25,84.8,86.3,80.65,81.15,565200,1745313600
2025-04-22 14:51:00,PE,ATM,12.798434,5142975,24150.0,24159.9,80.8,81.05,79.2,80.7,492975,1745313660
2025-04-22 14:52:00,PE,ATM,12.543219,5120400,24150.0,24163.9,80.9,81.1,77.05,77.05,380400,1745313720
2025-04-22 14:53:00,PE,ATM,12.639423,5120400,24150.0,24170.7,77.0,77.6,74.55,74.7,507000,1745313780
2025-04-22 14:54:00,PE,ATM,12.719757,5120400,24150.0,24171.4,74.5,75.65,73.6,74.95,344250,1745313840
2025-04-22 14:55:00,PE,ATM,13.045058,5081100,24150.0,24174.25,75.5,76.0,74.15,76.0,257550,1745313900
2025-04-22 14:56:00,PE,ATM,12.305532,5081100,24150.0,24157.1,76.0,78.4,75.3,78.4,435225,1745313960
2025-04-22 14:57:00,PE,ATM,12.532849,5081100,24150.0,24163.7,79.0,79.35,76.15,77.0,438150,1745314020
2025-04-22 14:58:00,PE,ATM,12.50639,5210700,24150.0,24167.05,77.1,77.5,75.05,75.3,238650,1745314080
2025-04-22 14:59:00,PE,ATM,12.879567,5210700,24150.0,24171.55,75.4,76.45,74.15,75.95,258600,1745314140
2025-04-22 15:00:00,PE,ATM,13.526513,7021050,24200.0,24176.95,101.55,103.6,101.35,102.0,404175,1745314200
2025-04-22 15:01:00,PE,ATM,13.247888,5120100,24150.0,24171.4,77.9,78.75,77.2,78.6,283275,1745314260
2025-04-22 15:02:00,PE,ATM,13.160113,5120100,24150.0,24172.0,78.95,79.9,76.7,77.7,322950,1745314320
2025-04-22 15:03:00,PE,ATM,13.350103,6854850,24200.0,24178.3,102.15,102.15,100.0,100.0,385500,1745314380
2025-04-22 15:04:00,PE,ATM,13.420056,6694125,24200.0,24177.3,99.8,101.0,98.45,101.0,394125,1745314440
2025-04-22 15:05:00,PE,ATM,13.241666,5008725,24150.0,24174.6,76.6,78.3,76.6,77.1,339450,1745314500
2025-04-22 15:06:00,PE,ATM,13.48759,5008725,24150.0,24174.2,77.5,79.0,77.5,79.0,184575,1745314560
2025-04-22 15:07:00,PE,ATM,13.239668,4876875,24150.0,24166.35,79.35,81.55,79.35,80.7,386250,1745314620
2025-04-22 15:08:00,PE,ATM,13.601966,4876875,24150.0,24166.15,81.85,83.35,80.75,83.35,468375,1745314680
2025-04-22 15:09:00,PE,ATM,13.998763,4876875,24150.0,24172.55,84.35,85.35,83.3,83.3,482925,1745314740
2025-04-22 15:10:00,PE,ATM,13.815709,4688550,24150.0,24167.35,83.6,84.65,82.5,84.3,398100,1745314800
2025-04-22 15:11:00,PE,ATM,13.93424,4688550,24150.0,24164.75,84.75,86.55,83.35,86.3,409800,1745314860
2025-04-22 15:12:00,PE,ATM,14.02448,4688550,24150.0,24165.25,86.7,87.1,85.75,86.7,454050,1745314920
2025-04-22 15:13:00,PE,ATM,13.951269,4593675,24150.0,24163.3,87.15,87.45,85.45,87.05,444375,1745314980
2025-04-22 15:14:00,PE,ATM,13.801175,4593675,24150.0,24161.15,87.4,87.8,86.55,86.95,311775,1745315040
2025-04-22 15:15:00,PE,ATM,13.991832,4593675,24150.0,24161.35,87.3,88.35,86.5,88.2,625425,1745315100
2025-04-22 15:16:00,PE,ATM,13.930335,4454475,24150.0,24158.2,88.35,89.5,87.05,89.2,447450,1745315160
2025-04-22 15:17:00,PE,ATM,13.882706,4454475,24150.0,24155.4,89.1,90.3,87.7,90.15,443850,1745315220
2025-04-22 15:18:00,PE,ATM,13.553048,4454475,24150.0,24157.95,90.05,90.15,85.2,86.6,463575,1745315280
2025-04-22 15:19:00,PE,ATM,13.356983,4408275,24150.0,24164.6,86.75,87.3,82.15,82.15,441675,1745315340
2025-04-22 15:20:00,PE,ATM,13.170655,4408275,24150.0,24172.05,82.05,82.55,77.5,77.5,525750,1745315400
2025-04-22 15:21:00,PE,ATM,13.59177,4408275,24150.0,24171.85,78.25,81.15,77.3,80.55,281100,1745315460
2025-04-22 15:22:00,PE,ATM,13.895849,4325100,24150.0,24169.9,81.3,83.95,81.0,83.55,316575,1745315520
2025-04-22 15:23:00,PE,ATM,13.901253,4325100,24150.0,24165.05,83.65,85.9,83.55,85.75,292575,1745315580
2025-04-22 15:24:00,PE,ATM,13.797148,4325100,24150.0,24166.15,85.6,85.6,83.25,84.5,259425,1745315640
2025-04-22 15:25:00,PE,ATM,13.886229,4254150,24150.0,24162.55,85.2,87.0,84.1,86.75,455850,1745315700
2025-04-22 15:26:00,PE,ATM,13.89534,4254150,24150.0,24165.3,86.75,86.75,84.75,85.55,253575,1745315760
2025-04-22 15:27:00,PE,ATM,13.653351,4254150,24150.0,24162.15,85.65,85.8,84.75,85.25,257025,1745315820
2025-04-22 15:28:00,PE,ATM,13.712184,4177575,24150.0,24161.5,85.4,86.0,85.05,85.95,317175,1745315880
2025-04-22 15:29:00,PE,ATM,11.942659,4177575,24150.0,24134.05,86.0,86.5,85.1,86.5,577875,1745315940
2025-04-23 09:15:00,PE,ATM,16.689824,2313825,24300.0,24291.8,95.0,98.65,60.0,94.95,3069300,1745379900
2025-04-23 09:16:00,PE,ATM,16.145111,2313825,24300.0,24303.75,92.55,92.55,81.95,86.0,2502600,1745379960
2025-04-23 09:17:00,PE,ATM,16.384685,2313825,24300.0,24321.35,83.65,86.15,77.55,79.2,2276850,1745380020
2025-04-23 09:18:00,PE,ATM,16.123932,4525275,24300.0,24316.7,79.6,81.15,77.2,79.8,1697550,1745380080
2025-04-23 09:19:00,PE,ATM,15.754825,4525275,24300.0,24313.5,80.5,83.15,78.0,79.15,1804800,1745380140
2025-04-23 09:20:00,PE,ATM,16.747972,1158825,24350.0,24326.9,107.45,111.3,102.15,102.95,556200,1745380200
2025-04-23 09:21:00,PE,ATM,16.754747,1604625,24350.0,24336.45,101.5,103.5,96.45,98.05,921825,1745380260
2025-04-23 09:22:00,PE,ATM,16.807019,1604625,24350.0,24347.35,97.3,97.9,92.1,92.9,902925,1745380320
2025-04-23 09:23:00,PE,ATM,16.444464,1604625,24350.0,24348.4,94.1,94.3,90.3,90.3,863400,1745380380
2025-04-23 09:24:00,PE,ATM,16.257317,2520150,24350.0,24349.35,90.1,91.4,87.35,88.75,925800,1745380440
2025-04-23 09:25:00,PE,ATM,16.01725,2520150,24350.0,24343.25,88.8,90.35,86.75,90.35,1125075,1745380500
2025-04-23 09:26:00,PE,ATM,15.843397,2520150,24350.0,24336.05,90.0,95.25,90.0,92.95,1399875,1745380560
2025-04-23 09:27:00,PE,ATM,16.039223,3227100,24350.0,24339.0,92.1,93.7,89.2,92.55,864375,1745380620
2025-04-23 09:28:00,PE,ATM,16.729396,3227100,24350.0,24329.5,92.55,101.3,92.5,101.3,1501125,1745380680
2025-04-23 09:29:00,PE,ATM,17.532114,7887750,24300.0,24319.1,73.9,86.4,72.35,86.4,4240425,1745380740
2025-04-23 09:30:00,PE,ATM,18.191154,7123050,24300.0,24295.55,87.95,101.25,81.9,101.25,5412375,1745380800
2025-04-23 09:31:00,PE,ATM,16.281932,7123050,24300.0,24316.35,100.25,100.25,80.55,80.55,3784125,1745380860
2025-04-23 09:32:00,PE,ATM,17.027362,7123050,24300.0,24315.0,79.25,86.2,72.3,85.35,3264450,1745380920
2025-04-23 09:33:00,PE,ATM,17.673876,7554675,24300.0,24303.25,86.3,97.45,86.3,94.5,3083775,1745380980
2025-04-23 09:34:00,PE,ATM,17.954717,7554675,24300.0,24285.85,94.45,114.9,94.45,104.65,5229300,1745381040
2025-04-23 09:35:00,PE,ATM,17.879987,2630850,24250.0,24270.55,80.2,91.0,80.2,87.35,2243850,1745381100
2025-04-23 09:36:00,PE,ATM,17.4516,7034475,24300.0,24277.2,113.1,119.4,106.2,106.2,2977575,1745381160
2025-04-23 09:37:00,PE,ATM,18.773893,7034475,24300.0,24275.75,108.15,117.0,107.95,114.4,1871025,1745381220
2025-04-23 09:38:00,PE,ATM,17.750756,2904525,24250.0,24266.7,85.3,89.45,82.6,88.3,1329150,1745381280
2025-04-23 09:39:00,PE,ATM,16.830462,3459525,24250.0,24274.6,87.4,87.4,78.45,79.55,1376475,1745381340
2025-04-23 09:40:00,PE,ATM,17.802519,7020450,24300.0,24287.3,105.9,111.95,97.8,102.9,1964850,1745381400
2025-04-23 09:41:00,PE,ATM,17.93014,7020450,24300.0,24286.5,102.05,104.0,93.2,104.0,2253750,1745381460
2025-04-23 09:42:00,PE,ATM,17.331732,7033125,24300.0,24297.95,104.2,104.2,94.9,94.9,1157850,1745381520
2025-04-23 09:43:00,PE,ATM,16.628066,7033125,24300.0,24308.5,95.0,95.0,85.85,85.85,1752000,1745381580
2025-04-23 09:44:00,PE,ATM,16.156788,7033125,24300.0,24320.65,85.8,85.8,77.6,77.6,2072850,1745381640
2025-04-23 09:45:00,PE,ATM,16.320768,2245350,24350.0,24331.4,106.65,108.9,97.6,97.6,840375,1745381700
2025-04-23 09:46:00,PE,ATM,16.134385,2245350,24350.0,24339.4,99.35,99.35,88.5,92.45,1366875,1745381760
2025-04-23 09:47:00,PE,ATM,15.648736,2245350,24350.0,24333.55,92.45,95.9,89.45,92.65,846300,1745381820
2025-04-23 09:48:00,PE,ATM,15.779127,2663100,24350.0,24338.0,91.6,96.45,90.55,91.1,767850,1745381880
2025-04-23 09:49:00,PE,ATM,16.009861,2663100,24350.0,24340.45,91.5,93.9,89.5,91.15,538500,1745381940
2025-04-23 09:50:00,PE,ATM,15.308394,8980275,24300.0,24319.0,66.45,75.85,66.45,73.45,2584875,1745382000
2025-04-23 09:51:00,PE,ATM,15.28625,9530550,24300.0,24323.4,72.85,74.0,69.3,71.35,1687350,1745382060
2025-04-23 09:52:00,PE,ATM,15.519165,9530550,24300.0,24323.35,72.0,74.3,70.15,72.65,1162950,1745382120
2025-04-23 09:53:00,PE,ATM,14.707204,9530550,24300.0,24319.05,72.15,74.4,69.9,70.0,1397250,1745382180
2025-04-23 09:54:00,PE,ATM,15.92882,3036600,24350.0,24326.75,97.3,99.6,92.55,97.6,736650,1745382240
2025-04-23 09:55:00,PE,ATM,15.165437,9636900,24300.0,24313.35,70.5,77.2,69.4,75.1,1976400,1745382300
2025-04-23 09:56:00,PE,ATM,15.09739,9636900,24300.0,24308.8,74.75,77.15,73.5,76.8,1635975,1745382360
2025-04-23 09:57:00,PE,ATM,15.384425,9678900,24300.0,24313.75,78.4,78.6,75.9,76.1,1699575,1745382420
2025-04-23 09:58:00,PE,ATM,15.298694,9678900,24300.0,24306.85,77.25,83.1,77.25,78.8,2199900,1745382480
2025-04-23 09:59:00,PE,ATM,15.196161,9678900,24300.0,24305.9,79.1,82.0,78.1,78.65,1308825,1745382540
2025-04-23 10:00:00,PE,ATM,15.040078,9715200,24300.0,24314.75,77.0,77.9,73.0,73.65,1800000,1745382600
2025-04-23 10:01:00,PE,ATM,15.667406,9715200,24300.0,24303.9,74.4,87.9,74.4,82.2,2645250,1745382660
2025-04-23 10:02:00,PE,ATM,15.744254,9715200,24300.0,24295.55,82.2,87.2,80.45,86.65,1609050,1745382720
2025-04-23 10:03:00,PE,ATM,15.293555,9621450,24300.0,24291.4,85.1,88.6,83.0,86.15,1752300,1745382780
2025-04-23 10:04:00,PE,ATM,15.835149,9621450,24300.0,24277.65,87.1,98.35,85.45,96.2,3539100,1745382840
2025-04-23 10:05:00,PE,ATM,15.53408,4601175,24250.0,24254.3,71.6,82.85,71.5,81.0,3011400,1745382900
2025-04-23 10:06:00,PE,ATM,16.120782,4289475,24250.0,24240.7,81.8,93.4,78.7,90.9,2907750,1745382960
2025-04-23 10:07:00,PE,ATM,17.387991,4289475,24250.0,24232.75,89.85,102.0,84.55,102.0,2908800,1745383020
2025-04-23 10:08:00,PE,ATM,16.67748,4289475,24250.0,24238.45,102.1,104.0,91.9,95.1,2154750,1745383080
2025-04-23 10:09:00,PE,ATM,16.912821,3750150,24250.0,24237.05,94.75,98.6,85.4,97.1,1721025,1745383140
2025-04-23 10:10:00,PE,ATM,17.074059,3750150,24250.0,24226.9,96.8,108.0,94.5,103.2,2032800,1745383200
2025-04-23 10:11:00,PE,ATM,16.799812,8305350,24200.0,24222.5,76.65,80.25,74.8,79.35,2282175,1745383260
2025-04-23 10:12:00,PE,ATM,16.734768,3930450,24250.0,24228.35,103.7,107.7,97.8,100.5,1395375,1745383320
2025-04-23 10:13:00,PE,ATM,16.532283,8526450,24200.0,24214.15,75.5,83.0,75.2,81.6,2365575,1745383380
2025-04-23 10:14:00,PE,ATM,16.63867,8526450,24200.0,24190.65,81.2,95.0,80.0,93.45,4189425,1745383440
2025-04-23 10:15:00,PE,ATM,15.831113,8685150,24200.0,24192.6,94.0,94.0,82.85,87.95,3207300,1745383500
2025-04-23 10:16:00,PE,ATM,16.043122,8685150,24200.0,24204.65,87.65,88.8,83.0,83.25,1516425,1745383560
2025-04-23 10:17:00,PE,ATM,15.793893,3507225,24250.0,24225.75,109.0,109.9,93.9,96.5,1315650,1745383620
2025-04-23 10:18:00,PE,ATM,15.855182,3484950,24250.0,24229.7,97.1,99.15,94.75,94.75,657600,1745383680
2025-04-23 10:19:00,PE,ATM,16.06944,8952750,24200.0,24218.3,71.75,77.55,71.75,77.0,1485525,1745383740
2025-04-23 10:20:00,PE,ATM,16.396292,8952750,24200.0,24218.6,76.65,78.65,71.6,78.65,1145250,1745383800
2025-04-23 10:21:00,PE,ATM,16.058549,9484050,24200.0,24205.85,78.45,82.8,76.85,82.65,2072250,1745383860
2025-04-23 10:22:00,PE,ATM,15.547194,9484050,24200.0,24208.05,80.4,80.4,72.6,78.75,1638975,1745383920
2025-04-23 10:23:00,PE,ATM,16.099884,9484050,24200.0,24204.55,78.9,83.55,78.2,83.45,1344000,1745383980
2025-04-23 10:24:00,PE,ATM,16.267662,9506025,24200.0,24211.7,83.35,87.05,78.8,81.0,2147325,1745384040
2025-04-23 10:25:00,PE,ATM,16.197041,9506025,24200.0,24206.75,80.65,85.5,80.4,82.9,1279200,1745384100
2025-04-23 10:26:00,PE,ATM,15.717421,9506025,24200.0,24214.1,80.9,84.5,76.35,76.8,1356825,1745384160
2025-04-23 10:27:00,PE,ATM,16.597686,3554625,24250.0,24225.25,102.9,104.3,98.8,101.0,559125,1745384220
2025-04-23 10:28:00,PE,ATM,15.646536,3554625,24250.0,24230.3,99.8,100.0,92.9,93.05,704100,1745384280
2025-04-23 10:29:00,PE,ATM,15.503002,3554625,24250.0,24230.55,93.6,96.8,92.1,92.1,396150,1745384340
2025-04-23 10:30:00,PE,ATM,15.210508,3618450,24250.0,24240.15,93.45,95.45,85.15,85.55,1094850,1745384400
2025-04-23 10:31:00,PE,ATM,15.397107,3618450,24250.0,24226.0,87.35,94.45,84.2,93.85,1079925,1745384460
2025-04-23 10:32:00,PE,ATM,15.044284,9979875,24200.0,24222.0,68.7,72.15,68.3,69.4,1479600,1745384520
2025-04-23 10:33:00,PE,ATM,15.567161,10411350,24200.0,24210.65,70.7,77.4,70.7,77.4,2022975,1745384580
2025-04-23 10:34:00,PE,ATM,15.305535,10411350,24200.0,24192.8,77.0,85.0,75.7,84.5,2548050,1745384640
2025-04-23 10:35:00,PE,ATM,14.837265,10411350,24200.0,24181.15,83.9,97.35,83.9,87.8,4584450,1745384700
2025-04-23 10:36:00,PE,ATM,14.420709,10065375,24200.0,24207.1,86.95,87.25,72.65,72.65,2742075,1745384760
2025-04-23 10:37:00,PE,ATM,15.416969,10065375,24200.0,24200.15,72.65,82.15,72.65,81.45,1850700,1745384820
2025-04-23 10:38:00,PE,ATM,15.646523,10065375,24200.0,24198.6,81.65,85.5,80.1,83.45,1308075,1745384880
2025-04-23 10:39:00,PE,ATM,15.638414,10215600,24200.0,24186.4,84.5,89.45,84.5,89.45,1522350,1745384940
2025-04-23 10:40:00,PE,ATM,15.477289,10215600,24200.0,24197.2,89.9,89.9,81.85,83.15,1404675,1745385000
2025-04-23 10:41:00,PE,ATM,15.674582,10215600,24200.0,24187.0,85.1,90.3,83.7,89.3,1139700,1745385060
2025-04-23 10:42:00,PE,ATM,15.799519,9992100,24200.0,24183.9,87.95,92.75,84.35,91.55,1431450,1745385120
2025-04-23 10:43:00,PE,ATM,15.536443,9992100,24200.0,24183.75,91.35,92.5,87.55,90.15,1199850,1745385180
2025-04-23 10:44:00,PE,ATM,15.174963,5269800,24150.0,24169.5,66.95,70.9,66.95,70.8,1236600,1745385240
2025-04-23 10:45:00,PE,ATM,14.76496,10076100,24200.0,24177.4,95.2,95.5,87.6,89.15,2110725,1745385300
2025-04-23 10:46:00,PE,ATM,15.136,10076100,24200.0,24180.6,88.9,92.75,87.4,89.5,1102500,1745385360
2025-04-23 10:47:00,PE,ATM,15.277384,5509350,24150.0,24174.35,66.55,69.15,65.1,69.15,597750,1745385420
2025-04-23 10:48:00,PE,ATM,15.614778,5369700,24150.0,24159.15,67.5,79.95,66.05,77.85,2147175,1745385480
2025-04-23 10:49:00,PE,ATM,15.2302,5369700,24150.0,24147.85,76.9,84.2,75.35,81.1,2368875,1745385540
2025-04-23 10:50:00,PE,ATM,15.563858,5369700,24150.0,24163.2,80.3,84.4,74.7,75.65,2041425,1745385600
2025-04-23 10:51:00,PE,ATM,16.095546,5530950,24150.0,24160.7,76.25,81.05,76.25,79.7,1162125,1745385660
2025-04-23 10:52:00,PE,ATM,15.838541,5530950,24150.0,24156.25,79.1,81.1,76.85,80.35,834375,1745385720
2025-04-23 10:53:00,PE,ATM,15.569595,5530950,24150.0,24149.35,80.5,82.25,78.6,82.15,976050,1745385780
2025-04-23 10:54:00,PE,ATM,15.553165,5369550,24150.0,24129.55,81.95,92.0,78.45,92.0,2197575,1745385840
2025-04-23 10:55:00,PE,ATM,16.014081,9093075,24100.0,24124.6,67.8,72.7,63.55,72.7,2392950,1745385900
2025-04-23 10:56:00,PE,ATM,14.98042,5369550,24150.0,24127.95,94.8,97.35,87.9,89.65,2007525,1745385960
2025-04-23 10:57:00,PE,ATM,14.805601,5405325,24150.0,24129.8,89.75,89.8,85.8,87.7,891975,1745386020
2025-04-23 10:58:00,PE,ATM,14.782235,5405325,24150.0,24143.15,87.0,89.1,79.05,80.75,1301250,1745386080
2025-04-23 10:59:00,PE,ATM,14.864704,5405325,24150.0,24152.45,80.45,83.2,76.65,76.65,989775,1745386140
2025-04-23 11:00:00,PE,ATM,15.110615,5440200,24150.0,24165.05,76.9,76.9,70.35,72.1,1656675,1745386200
2025-04-23 11:01:00,PE,ATM,15.115415,5440200,24150.0,24164.4,72.35,76.65,72.35,72.4,1156575,1745386260
2025-04-23 11:02:00,PE,ATM,15.154326,8379825,24200.0,24176.5,98.85,100.0,91.4,91.4,799125,1745386320
2025-04-23 11:03:00,PE,ATM,15.390788,8359575,24200.0,24183.65,90.0,93.15,88.9,88.95,1312050,1745386380
2025-04-23 11:04:00,PE,ATM,14.913832,5588400,24150.0,24174.35,64.5,69.0,62.55,66.8,1118550,1745386440
2025-04-23 11:05:00,PE,ATM,15.704508,8359575,24200.0,24186.05,93.15,93.95,89.4,89.4,902400,1745386500
2025-04-23 11:06:00,PE,ATM,15.560295,8692875,24200.0,24177.9,91.2,93.2,89.25,92.8,738000,1745386560
2025-04-23 11:07:00,PE,ATM,15.489109,8692875,24200.0,24177.4,93.6,98.15,91.4,92.65,1471650,1745386620
2025-04-23 11:08:00,PE,ATM,14.829075,8692875,24200.0,24190.25,91.4,91.4,82.4,82.4,1476225,1745386680
2025-04-23 11:09:00,PE,ATM,14.937595,8997450,24200.0,24189.9,82.65,85.45,77.8,83.15,1913625,1745386740
2025-04-23 11:10:00,PE,ATM,14.895429,8997450,24200.0,24193.6,84.65,84.65,79.5,81.05,863325,1745386800
2025-04-23 11:11:00,PE,ATM,14.809151,8997450,24200.0,24190.8,81.5,85.35,81.45,81.95,824400,1745386860
2025-04-23 11:12:00,PE,ATM,15.130763,9412200,24200.0,24185.45,81.2,86.4,79.65,86.4,857325,1745386920
2025-04-23 11:13:00,PE,ATM,14.730277,9412200,24200.0,24192.35,87.1,88.2,80.7,80.7,1197000,1745386980
2025-04-23 11:14:00,PE,ATM,14.757157,9412200,24200.0,24191.7,79.55,83.5,78.35,81.15,859350,1745387040
2025-04-23 11:15:00,PE,ATM,14.302361,9623175,24200.0,24209.0,80.75,82.5,68.55,70.3,2312850,1745387100
2025-04-23 11:16:00,PE,ATM,14.445306,9623175,24200.0,24212.6,70.3,71.35,66.5,69.4,1745025,1745387160
2025-04-23 11:17:00,PE,ATM,14.126478,9623175,24200.0,24208.35,69.35,75.6,69.35,69.6,1535475,1745387220
2025-04-23 11:18:00,PE,ATM,14.178792,9623175,24200.0,24210.65,69.3,71.25,67.9,68.8,955725,1745387280
2025-04-23 11:19:00,PE,ATM,13.902519,9963075,24200.0,24214.65,68.4,70.6,64.05,65.45,1297050,1745387340
2025-04-23 11:20:00,PE,ATM,14.17528,9963075,24200.0,24214.9,65.9,68.65,63.75,66.8,1121100,1745387400
2025-04-23 11:21:00,PE,ATM,14.058167,10275600,24200.0,24212.9,65.5,68.55,64.25,67.05,801450,1745387460
2025-04-23 11:22:00,PE,ATM,14.322419,10275600,24200.0,24203.6,67.5,73.25,67.5,72.8,1259400,1745387520
2025-04-23 11:23:00,PE,ATM,14.635048,10275600,24200.0,24200.75,73.35,75.85,72.35,75.85,1145250,1745387580
2025-04-23 11:24:00,PE,ATM,14.250738,10275600,24200.0,24180.0,76.3,85.25,76.05,84.15,2251500,1745387640
2025-04-23 11:25:00,PE,ATM,14.152685,10416750,24200.0,24195.35,84.15,84.15,73.6,75.8,2176800,1745387700
2025-04-23 11:26:00,PE,ATM,13.309256,10416750,24200.0,24205.7,74.1,74.1,66.15,66.2,1666650,1745387760
2025-04-23 11:27:00,PE,ATM,13.862864,10416750,24200.0,24205.8,66.95,70.5,66.8,69.15,884550,1745387820
2025-04-23 11:28:00,PE,ATM,13.964997,10525575,24200.0,24200.1,69.1,73.6,69.1,72.4,942150,1745387880
2025-04-23 11:29:00,PE,ATM,14.377619,10525575,24200.0,24195.95,72.2,79.0,72.2,76.65,1319475,1745387940
2025-04-23 11:30:00,PE,ATM,13.867467,10525575,24200.0,24191.6,75.6,77.9,74.7,76.0,975900,1745388000
2025-04-23 11:31:00,PE,ATM,13.844689,10711125,24200.0,24199.65,76.65,76.65,68.6,71.9,1218450,1745388060
2025-04-23 11:32:00,PE,ATM,13.64222,10711125,24200.0,24197.95,72.95,75.6,70.6,71.6,690450,1745388120
2025-04-23 11:33:00,PE,ATM,13.251794,10711125,24200.0,24199.4,71.6,72.7,68.75,68.75,595800,1745388180
2025-04-23 11:34:00,PE,ATM,13.96858,10738200,24200.0,24207.9,69.3,69.4,66.25,68.6,904050,1745388240
2025-04-23 11:35:00,PE,ATM,13.671144,10738200,24200.0,24203.25,68.65,71.3,65.65,69.15,948450,1745388300
2025-04-23 11:36:00,PE,ATM,13.734196,10738200,24200.0,24212.65,69.1,70.7,64.85,65.1,797325,1745388360
2025-04-23 11:37:00,PE,ATM,13.801625,10998075,24200.0,24206.15,65.2,69.0,63.15,68.45,1231500,1745388420
2025-04-23 11:38:00,PE,ATM,14.075833,10998075,24200.0,24196.7,67.8,74.45,66.75,74.45,960000,1745388480
2025-04-23 11:39:00,PE,ATM,14.0149,10998075,24200.0,24200.3,74.4,74.4,70.25,72.35,1061700,1745388540
2025-04-23 11:40:00,PE,ATM,14.040442,10950750,24200.0,24207.4,72.4,73.05,64.75,69.1,1056225,1745388600
2025-04-23 11:41:00,PE,ATM,14.452842,10950750,24200.0,24204.25,68.0,73.75,67.2,72.8,693450,1745388660
2025-04-23 11:42:00,PE,ATM,13.6607,10950750,24200.0,24207.4,71.3,72.85,67.0,67.0,630675,1745388720
2025-04-23 11:43:00,PE,ATM,13.136036,2825775,24250.0,24227.45,94.6,95.25,79.2,79.2,917625,1745388780
2025-04-23 11:44:00,PE,ATM,13.220823,2825775,24250.0,24239.2,80.3,80.95,69.9,73.55,1386150,1745388840
2025-04-23 11:45:00,PE,ATM,13.43139,2825775,24250.0,24236.4,73.7,76.1,73.1,76.1,854700,1745388900
2025-04-23 11:46:00,PE,ATM,13.201647,3370500,24250.0,24236.95,76.95,77.7,72.8,74.55,662625,1745388960
2025-04-23 11:47:00,PE,ATM,12.983299,3370500,24250.0,24244.1,73.0,73.7,69.55,69.75,766725,1745389020
2025-04-23 11:48:00,PE,ATM,12.725578,3370500,24250.0,24249.9,69.0,69.6,65.15,65.5,990675,1745389080
2025-04-23 11:49:00,PE,ATM,13.044862,3581850,24250.0,24247.25,66.75,69.2,66.7,68.5,714000,1745389140
2025-04-23 11:50:00,PE,ATM,12.752105,3581850,24250.0,24231.5,69.5,74.85,69.5,74.85,1018575,1745389200
2025-04-23 11:51:00,PE,ATM,12.348855,3581850,24250.0,24230.35,74.8,75.0,72.2,73.25,799425,1745389260
2025-04-23 11:52:00,PE,ATM,12.422385,12458025,24200.0,24212.45,49.85,57.8,49.7,57.8,2155275,1745389320
2025-04-23 11:53:00,PE,ATM,11.906995,12458025,24200.0,24218.35,56.35,56.35,52.15,52.4,1682100,1745389380
2025-04-23 11:54:00,PE,ATM,12.044334,12458025,24200.0,24224.7,51.8,51.8,48.4,50.4,1273650,1745389440
2025-04-23 11:55:00,PE,ATM,12.193458,12532425,24200.0,24221.35,50.85,52.6,49.5,52.6,747225,1745389500
2025-04-23 11:56:00,PE,ATM,11.835673,12532425,24200.0,24218.85,52.4,53.6,50.4,51.75,1167675,1745389560
2025-04-23 11:57:00,PE,ATM,12.159264,12532425,24200.0,24214.0,51.9,55.6,51.35,55.6,1033125,1745389620
2025-04-23 11:58:00,PE,ATM,12.028758,12724575,24200.0,24213.4,55.5,56.4,53.75,55.15,1141575,1745389680
2025-04-23 11:59:00,PE,ATM,11.902677,12724575,24200.0,24205.1,55.05,58.75,54.05,58.25,1716300,1745389740
2025-04-23 12:00:00,PE,ATM,11.568445,12724575,24200.0,24211.05,56.6,56.6,53.2,53.7,1213875,1745389800
2025-04-23 12:01:00,PE,ATM,11.750655,12785250,24200.0,24204.45,53.15,57.75,52.8,57.7,1085025,1745389860
2025-04-23 12:02:00,PE,ATM,11.508412,12785250,24200.0,24217.7,57.35,57.75,50.4,50.4,1363050,1745389920
2025-04-23 12:03:00,PE,ATM,11.583644,12785250,24200.0,24217.55,50.15,52.15,49.75,50.85,1096350,1745389980
2025-04-23 12:04:00,PE,ATM,11.434197,12899400,24200.0,24215.8,51.2,53.4,50.35,50.8,730050,1745390040
2025-04-23 12:05:00,PE,ATM,11.268917,12899400,24200.0,24220.55,51.35,52.15,47.85,47.85,967650,1745390100
2025-04-23 12:06:00,PE,ATM,11.85056,12899400,24200.0,24215.1,48.2,53.6,47.35,53.3,1151775,1745390160
2025-04-23 12:07:00,PE,ATM,11.821042,12987150,24200.0,24210.8,53.85,55.05,52.6,55.05,1097325,1745390220
2025-04-23 12:08:00,PE,ATM,11.803915,12987150,24200.0,24215.25,54.9,56.1,52.45,52.95,1002825,1745390280
2025-04-23 12:09:00,PE,ATM,12.219956,12987150,24200.0,24199.9,53.0,63.25,52.7,62.25,2435775,1745390340
2025-04-23 12:10:00,PE,ATM,12.334213,12751800,24200.0,24204.95,62.35,65.55,60.45,60.45,2619675,1745390400
2025-04-23 12:11:00,PE,ATM,12.093826,12751800,24200.0,24207.4,60.15,63.25,58.0,58.0,1511025,1745390460
2025-04-23 12:12:00,PE,ATM,12.505671,12751800,24200.0,24208.25,57.15,60.6,55.7,59.8,1369275,1745390520
2025-04-23 12:13:00,PE,ATM,11.979144,12849450,24200.0,24215.7,58.75,59.2,53.6,53.6,1117050,1745390580
2025-04-23 12:14:00,PE,ATM,12.201496,12849450,24200.0,24222.65,54.3,55.65,51.65,51.75,1062900,1745390640
2025-04-23 12:15:00,PE,ATM,12.428522,12849450,24200.0,24215.5,52.1,58.8,51.8,56.05,1247250,1745390700
2025-04-23 12:16:00,PE,ATM,12.543473,12934050,24200.0,24209.4,56.05,59.7,55.0,59.4,879975,1745390760
2025-04-23 12:17:00,PE,ATM,12.13761,12934050,24200.0,24204.35,59.9,61.55,58.8,59.55,1334625,1745390820
2025-04-23 12:18:00,PE,ATM,11.852809,12934050,24200.0,24205.75,59.8,59.8,56.8,57.35,817125,1745390880
2025-04-23 12:19:00,PE,ATM,12.163986,12984900,24200.0,24208.45,59.0,60.35,57.15,57.75,734250,1745390940
2025-04-23 12:20:00,PE,ATM,11.971239,12984900,24200.0,24207.15,57.5,59.3,56.5,57.3,695625,1745391000
2025-04-23 12:21:00,PE,ATM,11.763149,12984900,24200.0,24209.15,57.45,59.05,55.2,55.25,814425,1745391060
2025-04-23 12:22:00,PE,ATM,11.845044,13156875,24200.0,24213.4,54.85,57.4,53.75,53.75,710025,1745391120
2025-04-23 12:23:00,PE,ATM,12.007308,13156875,24200.0,24218.15,53.45,54.85,52.35,52.5,843975,1745391180
2025-04-23 12:24:00,PE,ATM,12.546043,13156875,24200.0,24215.3,52.85,56.6,51.75,56.6,942225,1745391240
2025-04-23 12:25:00,PE,ATM,12.87684,13056600,24200.0,24218.9,56.0,56.75,51.5,56.75,893850,1745391300
2025-04-23 12:26:00,PE,ATM,12.745197,13056600,24200.0,24216.25,56.65,57.3,54.75,57.2,810375,1745391360
2025-04-23 12:27:00,PE,ATM,12.621771,13056600,24200.0,24218.35,57.85,58.4,55.6,55.6,697875,1745391420
2025-04-23 12:28:00,PE,ATM,12.825482,12957000,24200.0,24216.0,55.6,58.35,54.1,57.7,659625,1745391480
2025-04-23 12:29:00,PE,ATM,12.93312,12957000,24200.0,24209.05,58.3,61.4,57.8,61.4,990300,1745391540
2025-04-23 12:30:00,PE,ATM,12.430473,12957000,24200.0,24211.9,60.0,60.1,56.15,57.4,1080375,1745391600
2025-04-23 12:31:00,PE,ATM,12.285651,13073850,24200.0,24214.15,57.2,59.85,55.0,55.6,1058775,1745391660
2025-04-23 12:32:00,PE,ATM,12.410317,13073850,24200.0,24217.75,55.1,55.65,54.25,54.65,676125,1745391720
2025-04-23 12:33:00,PE,ATM,12.477579,13073850,24200.0,24216.7,54.2,55.45,51.95,55.45,997350,1745391780
2025-04-23 12:34:00,PE,ATM,12.394359,13234275,24200.0,24224.2,56.2,56.7,51.75,51.75,721875,1745391840
2025-04-23 12:35:00,PE,ATM,12.936353,13234275,24200.0,24216.8,52.3,57.8,52.3,57.8,941550,1745391900
2025-04-23 12:36:00,PE,ATM,12.472181,13234275,24200.0,24216.85,57.6,57.95,55.3,55.3,611550,1745391960
2025-04-23 12:37:00,PE,ATM,12.88337,13130100,24200.0,24219.6,55.05,56.5,54.05,56.25,492900,1745392020
2025-04-23 12:38:00,PE,ATM,12.95014,13130100,24200.0,24217.4,56.9,60.3,56.65,57.55,881625,1745392080
2025-04-23 12:39:00,PE,ATM,12.783092,13130100,24200.0,24216.15,57.35,59.1,56.9,57.2,491025,1745392140
2025-04-23 12:40:00,PE,ATM,12.867925,13015500,24200.0,24209.25,57.35,60.75,57.1,60.75,890850,1745392200
2025-04-23 12:41:00,PE,ATM,12.407899,13015500,24200.0,24210.75,60.9,61.0,57.6,57.6,965250,1745392260
2025-04-23 12:42:00,PE,ATM,12.049425,13015500,24200.0,24214.15,57.4,57.8,52.9,54.15,1207425,1745392320
2025-04-23 12:43:00,PE,ATM,12.182136,13228500,24200.0,24220.85,53.75,53.75,51.6,51.9,868500,1745392380
2025-04-23 12:44:00,PE,ATM,12.249065,3950400,24250.0,24229.35,77.0,77.2,72.1,72.3,844800,1745392440
2025-04-23 12:45:00,PE,ATM,12.209292,3950400,24250.0,24229.2,72.6,73.6,70.2,72.15,711225,1745392500
2025-04-23 12:46:00,PE,ATM,12.209902,4255275,24250.0,24234.7,72.7,73.15,68.8,69.25,539925,1745392560
2025-04-23 12:47:00,PE,ATM,12.456646,4255275,24250.0,24234.6,68.3,71.2,68.3,70.6,404400,1745392620
2025-04-23 12:48:00,PE,ATM,12.559747,4255275,24250.0,24230.45,71.1,73.5,70.5,73.3,528600,1745392680
2025-04-23 12:49:00,PE,ATM,12.35437,4317525,24250.0,24233.0,73.3,73.5,69.45,70.85,458400,1745392740
2025-04-23 12:50:00,PE,ATM,12.40514,4317525,24250.0,24237.85,71.4,71.8,68.6,68.6,373950,1745392800
2025-04-23 12:51:00,PE,ATM,12.652545,4317525,24250.0,24231.95,68.4,73.9,67.7,72.95,745425,1745392860
2025-04-23 12:52:00,PE,ATM,12.504683,4398000,24250.0,24232.8,73.0,73.85,70.35,71.7,376125,1745392920
2025-04-23 12:53:00,PE,ATM,12.413987,4398000,24250.0,24233.95,71.55,71.55,69.6,70.6,314250,1745392980
2025-04-23 12:54:00,PE,ATM,12.488143,4398000,24250.0,24240.65,71.35,71.5,66.85,67.55,487500,1745393040
2025-04-23 12:55:00,PE,ATM,12.848479,4450875,24250.0,24243.05,67.85,68.85,67.4,68.25,338700,1745393100
2025-04-23 12:56:00,PE,ATM,12.729457,4450875,24250.0,24240.15,67.95,70.2,67.95,69.05,334200,1745393160
2025-04-23 12:57:00,PE,ATM,12.610535,4450875,24250.0,24239.75,69.15,70.75,68.6,68.6,376125,1745393220
2025-04-23 12:58:00,PE,ATM,12.616152,4624950,24250.0,24248.25,68.4,68.4,63.8,64.4,1047750,1745393280
2025-04-23 12:59:00,PE,ATM,12.534236,4624950,24250.0,24248.55,64.35,64.7,62.5,63.8,634650,1745393340
2025-04-23 13:00:00,PE,ATM,12.725924,4624950,24250.0,24250.0,64.7,64.95,63.05,64.1,513150,1745393400
2025-04-23 13:01:00,PE,ATM,12.801807,4671300,24250.0,24254.8,64.35,65.5,60.15,62.2,942150,1745393460
2025-04-23 13:02:00,PE,ATM,12.966867,4671300,24250.0,24259.0,61.95,61.95,59.45,61.1,599400,1745393520
2025-04-23 13:03:00,PE,ATM,12.541215,4671300,24250.0,24260.7,60.7,61.9,57.5,58.05,699675,1745393580
2025-04-23 13:04:00,PE,ATM,12.247065,4919025,24250.0,24265.1,58.45,58.9,54.4,54.5,1000050,1745393640
2025-04-23 13:05:00,PE,ATM,12.539183,4919025,24250.0,24262.8,54.9,57.1,54.5,57.05,853950,1745393700
2025-04-23 13:06:00,PE,ATM,12.384341,4919025,24250.0,24257.25,57.05,59.5,57.0,58.75,797025,1745393760
2025-04-23 13:07:00,PE,ATM,12.210435,5300475,24250.0,24251.95,58.75,61.15,58.6,60.3,713550,1745393820
2025-04-23 13:08:00,PE,ATM,12.586984,5300475,24250.0,24255.5,60.3,60.95,59.3,60.6,511350,1745393880
2025-04-23 13:09:00,PE,ATM,12.633383,5300475,24250.0,24255.45,61.05,62.35,59.65,60.85,656250,1745393940
2025-04-23 13:10:00,PE,ATM,12.447274,5384100,24250.0,24255.55,60.9,61.15,59.8,59.8,357750,1745394000
2025-04-23 13:11:00,PE,ATM,12.116275,5384100,24250.0,24251.8,60.4,60.4,58.65,59.8,388425,1745394060
2025-04-23 13:12:00,PE,ATM,12.05154,5384100,24250.0,24234.4,60.7,68.2,60.7,68.1,1452525,1745394120
2025-04-23 13:13:00,PE,ATM,12.363167,5386050,24250.0,24238.35,69.0,71.05,67.55,67.7,1370625,1745394180
2025-04-23 13:14:00,PE,ATM,12.46884,5386050,24250.0,24243.3,67.7,67.7,63.65,65.75,876375,1745394240
2025-04-23 13:15:00,PE,ATM,12.419904,5386050,24250.0,24244.05,65.7,65.7,62.8,65.1,573975,1745394300
2025-04-23 13:16:00,PE,ATM,12.034357,5240025,24250.0,24238.95,65.8,69.8,65.6,65.6,911250,1745394360
2025-04-23 13:17:00,PE,ATM,12.034364,5240025,24250.0,24233.0,65.45,68.65,64.65,68.65,453600,1745394420
2025-04-23 13:18:00,PE,ATM,11.721838,5240025,24250.0,24234.5,68.7,68.95,66.1,66.2,507225,1745394480
2025-04-23 13:19:00,PE,ATM,12.443597,5436525,24250.0,24240.55,67.4,67.4,65.2,66.9,436575,1745394540
2025-04-23 13:20:00,PE,ATM,12.190042,5436525,24250.0,24245.35,65.9,66.6,63.15,63.15,554025,1745394600
2025-04-23 13:21:00,PE,ATM,12.613572,5436525,24250.0,24246.0,63.75,66.1,63.45,65.05,489300,1745394660
2025-04-23 13:22:00,PE,ATM,12.651724,5404875,24250.0,24245.05,65.25,66.9,63.3,65.7,418575,1745394720
2025-04-23 13:23:00,PE,ATM,12.943358,5404875,24250.0,24245.6,65.8,67.3,64.55,66.95,426675,1745394780
2025-04-23 13:24:00,PE,ATM,12.773992,5404875,24250.0,24253.55,67.15,67.25,61.75,62.2,675900,1745394840
2025-04-23 13:25:00,PE,ATM,12.679067,5451750,24250.0,24252.35,62.7,64.65,61.45,62.25,469875,1745394900
2025-04-23 13:26:00,PE,ATM,12.460256,5451750,24250.0,24254.95,62.65,63.7,59.65,59.85,630000,1745394960
2025-04-23 13:27:00,PE,ATM,12.866546,5451750,24250.0,24259.4,60.3,60.55,58.5,59.9,630375,1745395020
2025-04-23 13:28:00,PE,ATM,12.808121,5673000,24250.0,24258.8,60.25,60.25,58.8,59.85,446325,1745395080
2025-04-23 13:29:00,PE,ATM,12.883501,5673000,24250.0,24259.4,59.85,60.75,59.25,59.95,330975,1745395140
2025-04-23 13:30:00,PE,ATM,12.617448,5673000,24250.0,24260.35,59.1,60.5,57.6,58.1,553275,1745395200
2025-04-23 13:31:00,PE,ATM,12.774903,5780175,24250.0,24264.9,57.6,58.6,56.05,56.85,656250,1745395260
2025-04-23 13:32:00,PE,ATM,12.603143,5780175,24250.0,24260.65,56.6,58.35,56.6,57.85,407250,1745395320
2025-04-23 13:33:00,PE,ATM,12.569353,5780175,24250.0,24256.75,58.4,59.8,58.2,59.45,617250,1745395380
2025-04-23 13:34:00,PE,ATM,12.50755,5926575,24250.0,24252.3,59.75,61.2,59.15,61.2,555225,1745395440
2025-04-23 13:35:00,PE,ATM,12.643736,5926575,24250.0,24257.4,61.8,62.4,59.45,59.5,698700,1745395500
2025-04-23 13:36:00,PE,ATM,12.520991,5926575,24250.0,24257.05,59.75,60.55,58.15,59.0,445050,1745395560
2025-04-23 13:37:00,PE,ATM,12.461878,5961300,24250.0,24262.45,58.6,59.3,56.15,56.2,594375,1745395620
2025-04-23 13:38:00,PE,ATM,12.63643,5961300,24250.0,24261.0,55.4,58.85,55.25,57.75,698550,1745395680
2025-04-23 13:39:00,PE,ATM,12.157927,5961300,24250.0,24263.4,57.45,57.45,54.15,54.15,629475,1745395740
2025-04-23 13:40:00,PE,ATM,11.841425,6156975,24250.0,24261.8,54.35,54.35,53.05,53.2,707325,1745395800
2025-04-23 13:41:00,PE,ATM,12.01647,6156975,24250.0,24257.95,53.9,56.35,53.55,55.85,606150,1745395860
2025-04-23 13:42:00,PE,ATM,11.783965,6156975,24250.0,24261.5,56.5,56.9,53.0,53.0,617100,1745395920
2025-04-23 13:43:00,PE,ATM,11.639211,6380775,24250.0,24274.0,53.3,53.3,46.8,46.8,1792650,1745395980
2025-04-23 13:44:00,PE,ATM,11.471491,6380775,24250.0,24274.65,46.45,47.7,45.1,45.65,1228800,1745396040
2025-04-23 13:45:00,PE,ATM,11.915373,6380775,24250.0,24274.8,46.25,48.3,46.1,47.85,770475,1745396100
2025-04-23 13:46:00,PE,ATM,11.870451,6461550,24250.0,24271.25,48.25,49.75,48.25,49.1,823125,1745396160
2025-04-23 13:47:00,PE,ATM,12.313497,6006600,24300.0,24277.15,75.25,75.55,72.65,72.8,565350,1745396220
2025-04-23 13:48:00,PE,ATM,12.110794,6461550,24250.0,24274.8,46.8,48.8,46.7,48.8,442125,1745396280
2025-04-23 13:49:00,PE,ATM,12.094188,6560550,24250.0,24270.55,48.85,51.25,48.45,50.5,771900,1745396340
2025-04-23 13:50:00,PE,ATM,12.12669,6560550,24250.0,24270.2,50.7,52.25,50.15,50.8,772275,1745396400
2025-04-23 13:51:00,PE,ATM,11.717154,6560550,24250.0,24271.3,50.4,50.65,48.0,48.2,649725,1745396460
2025-04-23 13:52:00,PE,ATM,11.377615,6203850,24300.0,24284.55,74.25,74.25,63.9,63.9,1914300,1745396520
2025-04-23 13:53:00,PE,ATM,11.526302,6203850,24300.0,24283.9,63.3,65.75,62.5,65.0,1484475,1745396580
2025-04-23 13:54:00,PE,ATM,11.49329,6203850,24300.0,24289.55,64.7,65.65,61.7,61.9,1112925,1745396640
2025-04-23 13:55:00,PE,ATM,11.696009,7139625,24300.0,24288.85,61.9,64.4,61.9,63.3,802275,1745396700
2025-04-23 13:56:00,PE,ATM,12.12257,7139625,24300.0,24291.55,63.15,65.2,63.15,64.15,675075,1745396760
2025-04-23 13:57:00,PE,ATM,12.374611,7139625,24300.0,24292.65,64.2,65.4,63.65,64.9,500475,1745396820
2025-04-23 13:58:00,PE,ATM,11.726566,7364550,24300.0,24295.15,64.25,64.25,60.25,60.25,1088025,1745396880
2025-04-23 13:59:00,PE,ATM,12.033502,7364550,24300.0,24298.5,59.7,60.4,57.5,60.2,1503450,1745396940
2025-04-23 14:00:00,PE,ATM,12.227604,7364550,24300.0,24292.0,60.65,64.55,60.6,64.4,1263975,1745397000
2025-04-23 14:01:00,PE,ATM,11.824309,7946325,24300.0,24291.25,63.75,64.85,62.65,62.65,886500,1745397060
2025-04-23 14:02:00,PE,ATM,11.893635,7946325,24300.0,24294.85,62.9,63.2,61.1,61.2,710250,1745397120
2025-04-23 14:03:00,PE,ATM,12.237281,7946325,24300.0,24300.45,61.15,61.15,59.35,60.25,1081650,1745397180
2025-04-23 14:04:00,PE,ATM,12.59434,8364600,24300.0,24301.9,59.7,61.4,58.1,61.4,1241850,1745397240
2025-04-23 14:05:00,PE,ATM,12.492374,8364600,24300.0,24295.4,61.25,65.8,61.25,64.0,1621800,1745397300
2025-04-23 14:06:00,PE,ATM,12.672296,8364600,24300.0,24296.05,64.4,66.5,64.3,64.6,1070925,1745397360
2025-04-23 14:07:00,PE,ATM,12.411792,8213775,24300.0,24296.4,64.4,65.6,63.05,63.05,697875,1745397420
2025-04-23 14:08:00,PE,ATM,12.585327,8213775,24300.0,24299.35,63.1,63.3,61.35,62.5,649500,1745397480
2025-04-23 14:09:00,PE,ATM,12.830527,8213775,24300.0,24304.5,62.65,62.8,60.75,61.3,557025,1745397540
2025-04-23 14:10:00,PE,ATM,12.854916,8380125,24300.0,24299.9,62.0,63.65,62.0,63.6,587850,1745397600
2025-04-23 14:11:00,PE,ATM,12.845697,8380125,24300.0,24295.25,63.8,66.2,62.45,65.8,860325,1745397660
2025-04-23 14:12:00,PE,ATM,13.103322,8380125,24300.0,24301.05,66.05,66.6,62.85,64.3,819975,1745397720
2025-04-23 14:13:00,PE,ATM,13.07841,8527200,24300.0,24299.7,63.65,66.55,62.65,64.8,710850,1745397780
2025-04-23 14:14:00,PE,ATM,13.090869,8527200,24300.0,24303.45,65.0,65.0,61.8,63.05,645600,1745397840
2025-04-23 14:15:00,PE,ATM,13.096997,8527200,24300.0,24297.55,63.05,66.1,62.35,65.9,745875,1745397900
2025-04-23 14:16:00,PE,ATM,12.948005,8619900,24300.0,24293.4,65.6,67.15,64.95,67.15,754425,1745397960
2025-04-23 14:17:00,PE,ATM,12.677556,8619900,24300.0,24297.2,66.75,66.85,63.8,63.85,787350,1745398020
2025-04-23 14:18:00,PE,ATM,12.614102,8619900,24300.0,24300.4,63.65,65.4,61.95,61.95,776325,1745398080
2025-04-23 14:19:00,PE,ATM,12.589885,8659200,24300.0,24303.45,62.25,63.95,60.35,60.35,731400,1745398140
2025-04-23 14:20:00,PE,ATM,13.017562,8659200,24300.0,24306.85,60.15,61.6,59.2,60.95,1070175,1745398200
2025-04-23 14:21:00,PE,ATM,12.976897,8659200,24300.0,24300.45,61.95,64.9,61.95,63.75,912225,1745398260
2025-04-23 14:22:00,PE,ATM,12.96292,8821200,24300.0,24302.45,64.1,64.7,62.7,62.7,509175,1745398320
2025-04-23 14:23:00,PE,ATM,12.969945,8821200,24300.0,24307.05,62.3,62.3,60.15,60.55,709725,1745398380
2025-04-23 14:24:00,PE,ATM,12.801756,8821200,24300.0,24308.15,60.45,60.45,56.7,59.15,1333425,1745398440
2025-04-23 14:25:00,PE,ATM,13.133177,9064125,24300.0,24313.05,59.7,59.7,57.3,58.6,797850,1745398500
2025-04-23 14:26:00,PE,ATM,13.343124,9064125,24300.0,24310.55,58.35,60.8,58.35,60.8,726000,1745398560
2025-04-23 14:27:00,PE,ATM,13.012651,9064125,24300.0,24302.15,60.95,63.6,59.15,63.0,1041900,1745398620
2025-04-23 14:28:00,PE,ATM,13.143491,9153525,24300.0,24304.8,62.75,63.3,61.5,62.4,874275,1745398680
2025-04-23 14:29:00,PE,ATM,12.86041,9153525,24300.0,24309.35,62.4,62.7,58.75,58.8,790425,1745398740
2025-04-23 14:30:00,PE,ATM,13.210315,9153525,24300.0,24306.3,58.2,62.55,58.2,62.0,844650,1745398800
2025-04-23 14:31:00,PE,ATM,13.217289,9380175,24300.0,24311.75,61.9,61.95,59.5,59.5,533775,1745398860
2025-04-23 14:32:00,PE,ATM,13.158145,9380175,24300.0,24313.35,59.4,60.15,58.2,58.45,645900,1745398920
2025-04-23 14:33:00,PE,ATM,13.322501,9380175,24300.0,24309.35,58.55,61.3,58.5,61.1,598275,1745398980
2025-04-23 14:34:00,PE,ATM,12.920971,9468000,24300.0,24309.05,60.8,60.8,59.0,59.15,499725,1745399040
2025-04-23 14:35:00,PE,ATM,13.136908,9468000,24300.0,24311.65,59.4,60.8,58.6,59.05,575475,1745399100
2025-04-23 14:36:00,PE,ATM,13.163798,9468000,24300.0,24311.25,58.6,59.65,58.1,59.35,481800,1745399160
2025-04-23 14:37:00,PE,ATM,12.886268,9622650,24300.0,24301.2,59.25,62.75,59.1,62.6,959475,1745399220
2025-04-23 14:38:00,PE,ATM,12.711214,9622650,24300.0,24299.8,62.5,62.5,60.8,62.35,755925,1745399280
2025-04-23 14:39:00,PE,ATM,12.570452,9622650,24300.0,24304.85,62.8,62.95,59.2,59.2,871650,1745399340
2025-04-23 14:40:00,PE,ATM,12.727989,9841950,24300.0,24301.25,59.2,62.0,59.2,61.7,671700,1745399400
2025-04-23 14:41:00,PE,ATM,12.859402,9841950,24300.0,24295.2,61.95,67.85,61.95,65.3,2583675,1745399460
2025-04-23 14:42:00,PE,ATM,12.816084,9841950,24300.0,24286.0,64.75,69.7,64.6,69.7,1777725,1745399520
2025-04-23 14:43:00,PE,ATM,12.136898,9710925,24300.0,24280.15,68.6,69.6,66.5,69.25,1954650,1745399580
2025-04-23 14:44:00,PE,ATM,11.862161,9710925,24300.0,24290.3,68.4,68.4,62.0,62.55,2026575,1745399640
2025-04-23 14:45:00,PE,ATM,11.773432,9710925,24300.0,24295.05,62.3,62.95,58.8,59.7,1711425,1745399700
2025-04-23 14:46:00,PE,ATM,12.037493,9747150,24300.0,24296.15,60.8,60.8,58.4,60.5,826500,1745399760
2025-04-23 14:47:00,PE,ATM,11.654772,9747150,24300.0,24297.4,60.7,60.8,57.9,57.9,1072875,1745399820
2025-04-23 14:48:00,PE,ATM,11.941342,9747150,24300.0,24301.35,58.1,59.65,55.8,57.45,1176600,1745399880
2025-04-23 14:49:00,PE,ATM,11.812488,9966225,24300.0,24299.1,57.85,58.8,56.95,57.85,890850,1745399940
2025-04-23 14:50:00,PE,ATM,12.188492,9966225,24300.0,24303.1,57.8,58.3,57.35,57.85,632325,1745400000
2025-04-23 14:51:00,PE,ATM,12.263695,9966225,24300.0,24308.6,58.1,58.35,55.0,55.65,1165875,1745400060
2025-04-23 14:52:00,PE,ATM,12.451727,9819525,24300.0,24310.55,55.35,56.45,55.15,55.7,797025,1745400120
2025-04-23 14:53:00,PE,ATM,12.496972,9819525,24300.0,24309.7,55.1,57.0,54.6,56.3,919050,1745400180
2025-04-23 14:54:00,PE,ATM,12.344239,9819525,24300.0,24309.7,56.2,56.9,55.35,55.5,441900,1745400240
2025-04-23 14:55:00,PE,ATM,12.205816,9927675,24300.0,24310.85,55.3,56.05,53.0,54.25,1146225,1745400300
2025-04-23 14:56:00,PE,ATM,12.06791,9927675,24300.0,24310.25,53.8,54.65,53.2,53.8,813075,1745400360
2025-04-23 14:57:00,PE,ATM,11.943947,9927675,24300.0,24312.35,54.1,54.1,51.05,52.2,1240125,1745400420
2025-04-23 14:58:00,PE,ATM,12.149792,10052400,24300.0,24316.35,51.8,52.15,48.25,51.45,1950525,1745400480
2025-04-23 14:59:00,PE,ATM,12.33681,10052400,24300.0,24317.9,51.0,52.6,50.7,51.7,1008525,1745400540
2025-04-23 15:00:00,PE,ATM,13.293968,10052400,24300.0,24323.85,51.4,54.3,50.1,53.95,1541325,1745400600
2025-04-23 15:01:00,PE,ATM,14.237427,2694375,24350.0,24326.45,83.25,83.45,80.7,81.75,407400,1745400660
2025-04-23 15:02:00,PE,ATM,13.578321,9678825,24300.0,24323.95,53.3,56.8,52.75,55.3,1374300,1745400720
2025-04-23 15:03:00,PE,ATM,14.444787,2694375,24350.0,24328.45,84.55,84.55,81.7,81.7,341625,1745400780
2025-04-23 15:04:00,PE,ATM,14.756751,2629725,24350.0,24331.15,82.1,82.45,80.05,81.85,354675,1745400840
2025-04-23 15:05:00,PE,ATM,14.521479,2629725,24350.0,24332.15,81.35,81.35,78.4,80.1,428250,1745400900
2025-04-23 15:06:00,PE,ATM,14.69696,2629725,24350.0,24331.05,80.15,82.05,80.15,81.55,306750,1745400960
2025-04-23 15:07:00,PE,ATM,14.840154,2688300,24350.0,24333.85,81.7,81.8,79.3,80.8,253275,1745401020
2025-04-23 15:08:00,PE,ATM,15.265403,2688300,24350.0,24332.6,80.4,84.15,80.0,83.6,371475,1745401080
2025-04-23 15:09:00,PE,ATM,15.468588,2688300,24350.0,24334.85,82.65,84.25,82.3,83.45,298800,1745401140
2025-04-23 15:10:00,PE,ATM,15.937676,2588025,24350.0,24339.8,82.8,84.35,81.5,83.3,410175,1745401200
2025-04-23 15:11:00,PE,ATM,16.186811,2588025,24350.0,24336.55,83.3,87.05,83.3,86.2,653775,1745401260
2025-04-23 15:12:00,PE,ATM,16.031245,2588025,24350.0,24336.9,86.3,86.4,85.1,85.2,274725,1745401320
2025-04-23 15:13:00,PE,ATM,16.007535,2491050,24350.0,24337.2,85.7,87.2,84.9,84.9,301275,1745401380
2025-04-23 15:14:00,PE,ATM,16.173189,2491050,24350.0,24334.8,85.5,87.35,85.35,86.95,288825,1745401440
2025-04-23 15:15:00,PE,ATM,15.007153,8836050,24300.0,24321.8,56.3,64.25,55.15,63.15,3112875,1745401500
2025-04-23 15:16:00,PE,ATM,14.787769,8247900,24300.0,24318.9,63.6,64.2,61.75,63.3,1626300,1745401560
2025-04-23 15:17:00,PE,ATM,16.978149,2287950,24350.0,24326.7,96.25,96.5,90.95,95.2,527550,1745401620
2025-04-23 15:18:00,PE,ATM,16.693237,2287950,24350.0,24328.45,95.1,95.1,92.35,92.8,250275,1745401680
2025-04-23 15:19:00,PE,ATM,17.07333,2198925,24350.0,24329.8,93.1,94.75,92.95,94.0,196950,1745401740
2025-04-23 15:20:00,PE,ATM,16.875092,2198925,24350.0,24326.5,94.6,94.8,91.15,94.7,375300,1745401800
2025-04-23 15:21:00,PE,ATM,16.946151,2198925,24350.0,24325.15,93.8,96.2,93.55,95.75,345900,1745401860
2025-04-23 15:22:00,PE,ATM,14.990101,7341300,24300.0,24323.85,62.35,63.4,61.65,62.0,861975,1745401920
2025-04-23 15:23:00,PE,ATM,15.072695,7341300,24300.0,24324.75,62.5,62.5,60.6,62.0,693375,1745401980
2025-04-23 15:24:00,PE,ATM,16.840636,2092725,24350.0,24325.4,95.35,95.6,93.45,95.0,250050,1745402040
2025-04-23 15:25:00,PE,ATM,14.340808,7139925,24300.0,24323.55,60.65,61.4,57.75,58.8,1203900,1745402100
2025-04-23 15:26:00,PE,ATM,16.599859,2020425,24350.0,24326.2,91.55,94.15,91.0,93.3,199950,1745402160
2025-04-23 15:27:00,PE,ATM,14.482766,7139925,24300.0,24320.95,59.9,60.85,59.1,60.6,698100,1745402220
2025-04-23 15:28:00,PE,ATM,14.018258,6849825,24300.0,24318.55,60.8,60.9,58.1,59.3,914250,1745402280
2025-04-23 15:29:00,PE,ATM,12.330896,6849825,24300.0,24300.85,59.8,59.95,58.6,58.9,1271700,1745402340
2025-04-24 09:15:00,PE,ATM,21.216525,6816000,24300.0,24279.15,60.95,77.4,60.95,65.0,3546075,1745466300
2025-04-24 09:16:00,PE,ATM,19.014409,6816000,24300.0,24283.3,62.15,62.15,54.35,57.0,3975450,1745466360
2025-04-24 09:17:00,PE,ATM,19.753718,6816000,24300.0,24279.55,54.15,60.9,52.6,60.9,2925000,1745466420
2025-04-24 09:18:00,PE,ATM,14.420124,9361425,24300.0,24277.3,59.2,60.05,47.05,48.6,3885975,1745466480
2025-04-24 09:19:00,PE,ATM,14.759931,8011200,24250.0,24272.05,26.65,28.25,25.3,27.25,3390825,1745466540
2025-04-24 09:20:00,PE,ATM,12.652638,8011200,24250.0,24273.85,27.35,27.35,20.75,21.3,4460400,1745466600
2025-04-24 09:21:00,PE,ATM,12.595172,10874925,24250.0,24272.45,20.55,22.3,20.35,21.65,2857425,1745466660
2025-04-24 09:22:00,PE,ATM,12.279951,10874925,24250.0,24273.75,21.3,22.0,20.1,20.35,2140950,1745466720
2025-04-24 09:23:00,PE,ATM,11.874628,10874925,24250.0,24272.75,20.0,20.7,18.9,19.7,2418750,1745466780
2025-04-24 09:24:00,PE,ATM,12.523538,11988900,24250.0,24272.2,19.25,21.45,19.0,21.45,2022825,1745466840
2025-04-24 09:25:00,PE,ATM,12.890216,11988900,24250.0,24262.3,21.0,28.3,21.0,26.35,8326425,1745466900
2025-04-24 09:26:00,PE,ATM,13.230131,11988900,24250.0,24259.15,26.0,29.45,25.2,28.55,3968775,1745466960
2025-04-24 09:27:00,PE,ATM,12.421397,12197925,24250.0,24256.75,28.45,29.45,26.7,27.55,3762900,1745467020
2025-04-24 09:28:00,PE,ATM,13.585618,12197925,24250.0,24256.1,27.55,32.15,27.55,30.75,5151000,1745467080
2025-04-24 09:29:00,PE,ATM,12.473227,12197925,24250.0,24253.1,30.05,31.15,27.5,29.3,3879675,1745467140
2025-04-24 09:30:00,PE,ATM,12.873259,12350700,24250.0,24252.2,28.55,31.25,27.0,30.7,4111275,1745467200
2025-04-24 09:31:00,PE,ATM,11.122306,12350700,24250.0,24250.0,29.4,30.05,27.3,27.3,3124050,1745467260
2025-04-24 09:32:00,PE,ATM,10.983874,12350700,24250.0,24256.5,25.1,27.0,22.45,23.85,4944075,1745467320
2025-04-24 09:33:00,PE,ATM,14.803776,12410925,24300.0,24288.45,48.45,48.45,41.5,42.55,3437175,1745467380
2025-04-24 09:34:00,PE,ATM,16.820511,12410925,24300.0,24319.3,42.8,42.8,29.0,32.8,6590775,1745467440
2025-04-24 09:35:00,PE,ATM,18.572708,2524800,24350.0,24345.45,58.15,61.85,48.35,48.35,3394575,1745467500
2025-04-24 09:36:00,PE,ATM,15.388181,13692825,24300.0,24299.9,26.55,39.7,25.8,37.95,7637325,1745467560
2025-04-24 09:37:00,PE,ATM,14.391366,13692825,24300.0,24306.8,38.0,38.25,32.0,32.1,6135375,1745467620
2025-04-24 09:38:00,PE,ATM,14.164466,13692825,24300.0,24294.5,31.0,37.5,30.15,37.5,3874800,1745467680
2025-04-24 09:39:00,PE,ATM,14.79273,14392875,24300.0,24294.45,37.45,40.1,34.85,39.05,4230150,1745467740
2025-04-24 09:40:00,PE,ATM,16.886247,12876525,24250.0,24267.15,19.7,34.35,19.7,33.45,10461900,1745467800
2025-04-24 09:41:00,PE,ATM,18.307861,14392875,24300.0,24276.3,63.1,68.3,53.2,57.6,6045975,1745467860
2025-04-24 09:42:00,PE,ATM,15.317295,10957950,24250.0,24273.0,28.8,30.3,26.8,27.1,3317925,1745467920
2025-04-24 09:43:00,PE,ATM,16.571117,10957950,24250.0,24267.4,27.2,33.1,27.2,32.4,4027950,1745467980
2025-04-24 09:44:00,PE,ATM,16.108082,10957950,24250.0,24263.95,31.85,34.15,28.05,32.7,4320300,1745468040
2025-04-24 09:45:00,PE,ATM,14.487782,11076075,24250.0,24256.85,32.55,38.15,31.05,31.85,6999225,1745468100
2025-04-24 09:46:00,PE,ATM,14.712033,11076075,24250.0,24243.05,32.35,40.75,31.25,39.15,5490075,1745468160
2025-04-24 09:47:00,PE,ATM,15.463531,11076075,24250.0,24247.15,39.2,39.9,36.35,38.85,4936350,1745468220
2025-04-24 09:48:00,PE,ATM,15.820457,10496625,24250.0,24248.0,39.0,39.25,36.3,39.25,2520825,1745468280
2025-04-24 09:49:00,PE,ATM,16.420918,10496625,24250.0,24248.65,38.7,40.35,36.65,40.35,2965275,1745468340
2025-04-24 09:50:00,PE,ATM,15.104935,10496625,24250.0,24258.4,40.35,40.35,26.35,32.4,5880150,1745468400
2025-04-24 09:51:00,PE,ATM,15.333139,10417425,24250.0,24258.85,34.8,35.35,31.35,32.7,2776875,1745468460
2025-04-24 09:52:00,PE,ATM,15.318717,10417425,24250.0,24262.45,33.75,33.75,31.0,31.0,1839450,1745468520
2025-04-24 09:53:00,PE,ATM,16.323416,10417425,24250.0,24273.55,30.95,32.2,28.0,28.7,2864550,1745468580
2025-04-24 09:54:00,PE,ATM,18.947598,9491250,24300.0,24287.7,61.8,63.25,50.75,52.0,3436725,1745468640
2025-04-24 09:55:00,PE,ATM,18.189291,9491250,24300.0,24279.7,52.6,56.9,50.9,54.5,2445375,1745468700
2025-04-24 09:56:00,PE,ATM,15.238442,10915050,24250.0,24263.35,24.9,31.05,24.3,30.2,4210800,1745468760
2025-04-24 09:57:00,PE,ATM,15.31552,11871000,24250.0,24273.05,30.45,32.15,24.7,26.3,3867150,1745468820
2025-04-24 09:58:00,PE,ATM,18.887095,10402875,24300.0,24279.5,56.85,58.55,49.75,56.1,2708625,1745468880
2025-04-24 09:59:00,PE,ATM,15.012247,11871000,24250.0,24270.75,25.35,26.6,24.05,26.4,1996275,1745468940
2025-04-24 10:00:00,PE,ATM,15.294067,12383100,24250.0,24271.4,26.6,28.2,25.25,26.75,2426775,1745469000
2025-04-24 10:01:00,PE,ATM,15.093625,12383100,24250.0,24267.55,26.8,29.5,25.2,27.8,3040500,1745469060
2025-04-24 10:02:00,PE,ATM,16.114761,12383100,24250.0,24264.55,27.7,31.45,25.5,31.45,2783550,1745469120
2025-04-24 10:03:00,PE,ATM,16.292901,12233175,24250.0,24269.9,30.85,31.5,29.3,29.55,2514150,1745469180
2025-04-24 10:04:00,PE,ATM,16.769324,12233175,24250.0,24263.85,30.25,33.8,28.9,33.2,2798775,1745469240
2025-04-24 10:05:00,PE,ATM,16.213372,12233175,24250.0,24270.75,31.95,32.9,28.85,28.9,2633475,1745469300
2025-04-24 10:06:00,PE,ATM,16.219981,12051525,24250.0,24274.0,28.45,29.25,25.8,27.55,2310450,1745469360
2025-04-24 10:07:00,PE,ATM,20.374174,9803625,24300.0,24277.25,61.95,63.95,58.2,60.3,1002375,1745469420
2025-04-24 10:08:00,PE,ATM,16.408779,12051525,24250.0,24271.45,26.75,29.25,26.05,28.9,1736475,1745469480
2025-04-24 10:09:00,PE,ATM,16.027017,12550275,24250.0,24266.05,28.2,30.7,25.7,30.2,2296950,1745469540
2025-04-24 10:10:00,PE,ATM,20.147303,9937725,24300.0,24275.5,66.5,68.3,60.1,60.55,1457475,1745469600
2025-04-24 10:11:00,PE,ATM,19.78721,9937725,24300.0,24285.85,60.4,60.85,53.85,53.85,1699950,1745469660
2025-04-24 10:12:00,PE,ATM,19.529276,9990075,24300.0,24286.9,55.7,55.7,48.65,52.6,3077775,1745469720
2025-04-24 10:13:00,PE,ATM,19.290027,9990075,24300.0,24295.8,52.5,56.9,47.3,47.3,2366700,1745469780
2025-04-24 10:14:00,PE,ATM,20.575097,9990075,24300.0,24297.35,47.2,50.75,47.2,49.5,1818600,1745469840
2025-04-24 10:15:00,PE,ATM,20.796259,10570725,24300.0,24297.25,50.3,50.3,46.5,50.0,1749375,1745469900
2025-04-24 10:16:00,PE,ATM,20.486781,10570725,24300.0,24292.15,49.9,52.35,46.5,51.8,1742775,1745469960
2025-04-24 10:17:00,PE,ATM,19.994068,10570725,24300.0,24294.3,52.0,53.4,48.8,49.45,1529475,1745470020
2025-04-24 10:18:00,PE,ATM,19.553696,10570725,24300.0,24292.15,49.45,50.75,48.2,49.45,819000,1745470080
2025-04-24 10:19:00,PE,ATM,19.100389,11017725,24300.0,24296.55,49.1,51.55,44.95,46.05,1845600,1745470140
2025-04-24 10:20:00,PE,ATM,19.618145,11017725,24300.0,24285.5,46.2,53.0,46.2,53.0,2139450,1745470200
2025-04-24 10:21:00,PE,ATM,19.306157,11017725,24300.0,24293.7,52.45,52.45,45.65,47.85,1877100,1745470260
2025-04-24 10:22:00,PE,ATM,19.228912,11284200,24300.0,24290.25,48.35,52.0,48.35,49.4,1275750,1745470320
2025-04-24 10:23:00,PE,ATM,18.95078,11284200,24300.0,24291.35,50.3,50.4,46.75,48.1,862350,1745470380
2025-04-24 10:24:00,PE,ATM,18.558886,11284200,24300.0,24301.95,48.3,48.3,41.75,41.75,2048250,1745470440
2025-04-24 10:25:00,PE,ATM,18.715282,11233275,24300.0,24312.75,42.95,43.35,35.5,37.0,3619050,1745470500
2025-04-24 10:26:00,PE,ATM,18.345631,11233275,24300.0,24302.6,36.7,41.2,36.7,40.8,2290950,1745470560
2025-04-24 10:27:00,PE,ATM,17.927374,11233275,24300.0,24298.25,40.35,41.95,37.7,41.9,2060625,1745470620
2025-04-24 10:28:00,PE,ATM,17.012215,11866350,24300.0,24301.4,41.35,42.0,38.0,38.15,1480500,1745470680
2025-04-24 10:29:00,PE,ATM,17.185725,11866350,24300.0,24302.2,38.0,39.05,37.0,38.1,1117050,1745470740
2025-04-24 10:30:00,PE,ATM,18.199032,11866350,24300.0,24292.25,38.1,47.7,38.1,45.4,3881025,1745470800
2025-04-24 10:31:00,PE,ATM,18.115738,12163125,24300.0,24290.9,44.35,45.9,42.75,45.85,1862400,1745470860
2025-04-24 10:32:00,PE,ATM,16.11589,12163125,24300.0,24294.1,45.2,46.1,38.0,39.5,2755050,1745470920
2025-04-24 10:33:00,PE,ATM,16.849316,12163125,24300.0,24293.0,38.75,42.0,37.6,41.7,1727850,1745470980
2025-04-24 10:34:00,PE,ATM,16.793219,12686400,24300.0,24289.15,41.75,44.2,41.3,43.55,1742100,1745471040
2025-04-24 10:35:00,PE,ATM,16.960639,12686400,24300.0,24282.3,43.95,50.45,43.55,47.65,3732525,1745471100
2025-04-24 10:36:00,PE,ATM,16.412149,12686400,24300.0,24282.65,48.05,49.15,45.3,46.15,2009175,1745471160
2025-04-24 10:37:00,PE,ATM,17.02189,12927600,24300.0,24282.5,45.65,47.55,43.5,47.55,1936350,1745471220
2025-04-24 10:38:00,PE,ATM,15.940468,12927600,24300.0,24277.0,47.7,50.25,47.1,48.25,1983225,1745471280
2025-04-24 10:39:00,PE,ATM,16.420967,12927600,24300.0,24281.75,48.2,48.2,46.0,46.5,1281750,1745471340
2025-04-24 10:40:00,PE,ATM,17.331808,12917025,24300.0,24280.4,46.45,49.25,44.9,49.25,1368150,1745471400
2025-04-24 10:41:00,PE,ATM,16.66305,12917025,24300.0,24277.55,48.4,49.45,47.55,49.35,1328025,1745471460
2025-04-24 10:42:00,PE,ATM,16.670916,12917025,24300.0,24278.5,49.65,49.65,46.7,48.75,1191150,1745471520
2025-04-24 10:43:00,PE,ATM,16.225544,12901500,24300.0,24275.3,48.9,50.45,47.35,49.6,1582575,1745471580
2025-04-24 10:44:00,PE,ATM,16.035998,12901500,24300.0,24276.85,49.85,50.35,47.3,48.2,1279650,1745471640
2025-04-24 10:45:00,PE,ATM,16.244134,12901500,24300.0,24282.7,47.8,48.35,44.1,45.2,1844100,1745471700
2025-04-24 10:46:00,PE,ATM,16.797304,12816975,24300.0,24283.35,45.2,47.0,44.3,46.0,1061775,1745471760
2025-04-24 10:47:00,PE,ATM,17.633417,12816975,24300.0,24280.6,46.4,49.35,45.25,49.35,1081650,1745471820
2025-04-24 10:48:00,PE,ATM,11.95459,20461650,24250.0,24273.8,14.3,16.55,13.9,16.1,3704625,1745471880
2025-04-24 10:49:00,PE,ATM,17.035962,12754800,24300.0,24278.1,52.7,53.7,49.25,49.35,1976175,1745471940
2025-04-24 10:50:00,PE,ATM,17.093478,12754800,24300.0,24276.25,49.9,52.0,49.5,50.5,1252275,1745472000
2025-04-24 10:51:00,PE,ATM,16.506397,12754800,24300.0,24279.5,50.15,50.55,46.2,47.25,1639425,1745472060
2025-04-24 10:52:00,PE,ATM,17.725624,12584925,24300.0,24276.75,47.35,51.45,47.3,51.45,1227000,1745472120
2025-04-24 10:53:00,PE,ATM,17.382337,12584925,24300.0,24275.8,50.95,53.4,50.95,51.2,1803225,1745472180
2025-04-24 10:54:00,PE,ATM,16.573311,12584925,24300.0,24275.45,50.8,51.75,49.4,49.6,1085775,1745472240
2025-04-24 10:55:00,PE,ATM,11.202399,21484200,24250.0,24272.95,14.4,15.3,14.35,14.55,1672575,1745472300
2025-04-24 10:56:00,PE,ATM,10.971273,21484200,24250.0,24270.5,14.5,15.35,14.05,14.9,1820175,1745472360
2025-04-24 10:57:00,PE,ATM,10.986598,21484200,24250.0,24270.2,14.8,15.2,14.0,15.0,1799775,1745472420
2025-04-24 10:58:00,PE,ATM,10.936632,22286175,24250.0,24272.05,14.9,14.95,14.2,14.2,1218375,1745472480
2025-04-24 10:59:00,PE,ATM,14.955714,12315300,24300.0,24276.2,49.6,49.65,44.9,45.4,1766550,1745472540
2025-04-24 11:00:00,PE,ATM,16.975592,12315300,24300.0,24281.75,45.4,47.45,42.85,46.4,2285625,1745472600
2025-04-24 11:01:00,PE,ATM,11.172927,21971175,24250.0,24271.8,12.4,14.8,12.4,14.65,2867625,1745472660
2025-04-24 11:02:00,PE,ATM,16.647868,12195225,24300.0,24275.55,51.8,52.2,48.6,49.2,1374600,1745472720
2025-04-24 11:03:00,PE,ATM,17.289582,12195225,24300.0,24281.1,49.2,49.2,46.0,47.25,1055250,1745472780
2025-04-24 11:04:00,PE,ATM,16.757813,12194475,24300.0,24278.0,47.1,48.3,46.6,47.85,674700,1745472840
2025-04-24 11:05:00,PE,ATM,16.052559,12194475,24300.0,24277.65,47.65,48.25,46.2,46.5,621675,1745472900
2025-04-24 11:06:00,PE,ATM,10.564947,22325550,24250.0,24272.6,12.2,12.95,11.75,12.95,1447275,1745472960
2025-04-24 11:07:00,PE,ATM,15.65552,12362850,24300.0,24275.15,48.5,49.4,46.7,47.05,768750,1745473020
2025-04-24 11:08:00,PE,ATM,15.29029,12362850,24300.0,24281.4,46.95,46.95,41.9,42.5,1947750,1745473080
2025-04-24 11:09:00,PE,ATM,15.865541,12362850,24300.0,24282.8,43.0,44.8,42.85,42.85,1158900,1745473140
2025-04-24 11:10:00,PE,ATM,16.210243,12396975,24300.0,24280.75,43.1,45.2,42.9,44.7,979125,1745473200
2025-04-24 11:11:00,PE,ATM,15.721709,12396975,24300.0,24277.55,44.65,46.6,44.6,45.5,1091100,1745473260
2025-04-24 11:12:00,PE,ATM,15.22503,12396975,24300.0,24280.25,45.65,46.6,42.8,42.8,966750,1745473320
2025-04-24 11:13:00,PE,ATM,16.304994,12300675,24300.0,24280.25,42.6,45.4,42.6,45.0,931125,1745473380
2025-04-24 11:14:00,PE,ATM,15.565562,12300675,24300.0,24279.05,44.8,45.25,43.25,44.1,614775,1745473440
2025-04-24 11:15:00,PE,ATM,15.90818,12300675,24300.0,24279.9,44.0,44.25,42.4,44.25,796500,1745473500
2025-04-24 11:16:00,PE,ATM,16.541415,12259125,24300.0,24278.8,44.3,46.45,44.05,46.15,915900,1745473560
2025-04-24 11:17:00,PE,ATM,16.290203,12259125,24300.0,24281.65,46.05,46.9,43.9,43.9,1004925,1745473620
2025-04-24 11:18:00,PE,ATM,16.883577,12259125,24300.0,24276.15,43.75,48.5,43.75,48.3,1294575,1745473680
2025-04-24 11:19:00,PE,ATM,17.203996,12360150,24300.0,24277.65,48.2,48.5,46.75,48.0,1043175,1745473740
2025-04-24 11:20:00,PE,ATM,10.516168,23219700,24250.0,24273.7,11.05,12.1,10.9,11.95,2025525,1745473800
2025-04-24 11:21:00,PE,ATM,10.442953,23219700,24250.0,24270.35,12.0,12.9,12.0,12.9,3142500,1745473860
2025-04-24 11:22:00,PE,ATM,10.512656,23455500,24250.0,24271.5,13.2,14.15,12.6,12.6,4201200,1745473920
2025-04-24 11:23:00,PE,ATM,10.652286,23455500,24250.0,24269.3,12.75,14.2,12.75,13.6,3102825,1745473980
2025-04-24 11:24:00,PE,ATM,11.093362,23455500,24250.0,24272.35,13.9,14.0,12.95,13.35,2490975,1745474040
2025-04-24 11:25:00,PE,ATM,11.053379,23483175,24250.0,24265.05,13.45,16.75,13.45,15.9,6398925,1745474100
2025-04-24 11:26:00,PE,ATM,11.108243,23483175,24250.0,24267.05,16.1,16.1,14.85,15.2,3353700,1745474160
2025-04-24 11:27:00,PE,ATM,11.907213,23483175,24250.0,24257.5,15.35,22.3,14.85,20.7,8051325,1745474220
2025-04-24 11:28:00,PE,ATM,11.70569,21706875,24250.0,24254.6,19.6,22.95,19.5,21.55,7555950,1745474280
2025-04-24 11:29:00,PE,ATM,11.466991,21706875,24250.0,24257.5,21.0,21.85,18.95,19.7,5103450,1745474340
2025-04-24 11:30:00,PE,ATM,11.684667,21706875,24250.0,24256.6,19.95,21.1,18.8,20.5,4231725,1745474400
2025-04-24 11:31:00,PE,ATM,11.099496,20520150,24250.0,24255.5,20.75,21.25,18.9,19.75,3547275,1745474460
2025-04-24 11:32:00,PE,ATM,11.17073,20520150,24250.0,24257.4,19.5,20.5,18.35,19.0,3254625,1745474520
2025-04-24 11:33:00,PE,ATM,10.61335,20520150,24250.0,24259.9,19.3,19.3,16.75,16.75,4248675,1745474580
2025-04-24 11:34:00,PE,ATM,11.695979,20488575,24250.0,24264.1,16.9,17.25,15.8,17.15,3498600,1745474640
2025-04-24 11:35:00,PE,ATM,12.022582,20488575,24250.0,24264.35,17.35,18.0,16.15,17.65,2530200,1745474700
2025-04-24 11:36:00,PE,ATM,11.601523,20488575,24250.0,24263.15,17.8,18.45,16.7,17.25,2435625,1745474760
2025-04-24 11:37:00,PE,ATM,11.55405,20829825,24250.0,24259.8,17.0,18.7,17.0,18.5,2383350,1745474820
2025-04-24 11:38:00,PE,ATM,11.034737,20829825,24250.0,24260.55,18.55,19.0,17.1,17.1,2409600,1745474880
2025-04-24 11:39:00,PE,ATM,11.404939,20829825,24250.0,24267.45,17.25,17.35,14.9,15.05,3335250,1745474940
2025-04-24 11:40:00,PE,ATM,11.775972,21020925,24250.0,24266.45,15.5,16.2,15.05,16.1,2515425,1745475000
2025-04-24 11:41:00,PE,ATM,10.527435,21020925,24250.0,24262.8,16.4,17.5,15.05,15.05,2442900,1745475060
2025-04-24 11:42:00,PE,ATM,9.913956,21020925,24250.0,24262.2,14.8,15.45,14.05,14.05,2700375,1745475120
2025-04-24 11:43:00,PE,ATM,10.988156,21805275,24250.0,24266.3,13.7,14.5,13.55,14.5,2419275,1745475180
2025-04-24 11:44:00,PE,ATM,10.575846,21805275,24250.0,24264.5,14.4,15.1,14.2,14.35,1786275,1745475240
2025-04-24 11:45:00,PE,ATM,10.7781,21805275,24250.0,24265.4,14.5,14.75,13.4,14.35,2126400,1745475300
2025-04-24 11:46:00,PE,ATM,11.398178,22064025,24250.0,24270.95,14.35,15.2,13.45,13.45,2006775,1745475360
2025-04-24 11:47:00,PE,ATM,10.913467,22064025,24250.0,24267.05,13.75,14.1,12.55,13.9,3022275,1745475420
2025-04-24 11:48:00,PE,ATM,10.993145,22064025,24250.0,24268.85,14.05,14.15,12.9,13.35,1642425,1745475480
2025-04-24 11:49:00,PE,ATM,11.132074,22022400,24250.0,24267.65,13.3,14.15,13.2,14.0,1375575,1745475540
2025-04-24 11:50:00,PE,ATM,11.108168,22022400,24250.0,24264.5,14.0,15.2,13.95,15.1,2006625,1745475600
2025-04-24 11:51:00,PE,ATM,10.632802,22022400,24250.0,24264.9,15.5,15.5,13.7,14.0,2330925,1745475660
2025-04-24 11:52:00,PE,ATM,10.177208,22312575,24250.0,24264.9,14.4,14.55,13.0,13.1,1491675,1745475720
2025-04-24 11:53:00,PE,ATM,10.18629,22312575,24250.0,24265.1,13.2,13.5,12.6,13.0,1595850,1745475780
2025-04-24 11:54:00,PE,ATM,10.429596,22312575,24250.0,24265.8,13.15,13.3,12.5,13.15,1556925,1745475840
2025-04-24 11:55:00,PE,ATM,10.410372,22493475,24250.0,24266.4,13.4,13.75,12.85,12.85,1917750,1745475900
2025-04-24 11:56:00,PE,ATM,10.184107,22493475,24250.0,24263.05,12.9,13.9,12.9,13.65,1581375,1745475960
2025-04-24 11:57:00,PE,ATM,10.607207,22493475,24250.0,24259.6,13.65,15.85,13.55,15.8,2765625,1745476020
2025-04-24 11:58:00,PE,ATM,10.441204,23001975,24250.0,24261.4,15.65,15.65,14.3,14.7,2306850,1745476080
2025-04-24 11:59:00,PE,ATM,9.720941,23001975,24250.0,24259.55,14.65,15.25,13.85,14.05,1721400,1745476140
2025-04-24 12:00:00,PE,ATM,9.447462,23001975,24250.0,24257.85,14.25,14.35,13.5,14.2,1986825,1745476200
2025-04-24 12:01:00,PE,ATM,9.843238,23767800,24250.0,24259.3,14.2,14.85,13.85,14.3,1655025,1745476260
2025-04-24 12:02:00,PE,ATM,9.006147,23767800,24250.0,24258.9,14.05,14.4,12.0,12.85,3838125,1745476320
2025-04-24 12:03:00,PE,ATM,8.991132,23767800,24250.0,24257.3,12.75,13.5,12.75,13.45,1331550,1745476380
2025-04-24 12:04:00,PE,ATM,9.706455,24212100,24250.0,24261.7,13.3,13.7,12.35,12.95,1810650,1745476440
2025-04-24 12:05:00,PE,ATM,9.86139,24212100,24250.0,24263.1,12.85,13.3,12.65,12.65,1360125,1745476500
2025-04-24 12:06:00,PE,ATM,10.528869,24212100,24250.0,24270.65,12.55,12.65,11.1,11.1,4825575,1745476560
2025-04-24 12:07:00,PE,ATM,10.389479,23905125,24250.0,24269.65,11.35,11.9,11.1,11.15,2289825,1745476620
2025-04-24 12:08:00,PE,ATM,9.836234,23905125,24250.0,24267.0,10.9,11.15,10.4,11.05,3065700,1745476680
2025-04-24 12:09:00,PE,ATM,9.265073,23905125,24250.0,24263.65,11.1,11.2,10.25,11.2,2060625,1745476740
2025-04-24 12:10:00,PE,ATM,9.016477,24168675,24250.0,24262.75,11.4,11.5,11.0,11.05,1971300,1745476800
2025-04-24 12:11:00,PE,ATM,9.14163,24168675,24250.0,24261.4,11.0,11.85,10.75,11.75,1951575,1745476860
2025-04-24 12:12:00,PE,ATM,9.683466,24168675,24250.0,24261.5,11.65,13.05,11.65,12.65,3197625,1745476920
2025-04-24 12:13:00,PE,ATM,9.0856,24602400,24250.0,24257.25,12.65,13.5,12.3,13.25,2644725,1745476980
2025-04-24 12:14:00,PE,ATM,9.412165,24602400,24250.0,24260.3,13.5,13.55,12.25,12.55,2406900,1745477040
2025-04-24 12:15:00,PE,ATM,9.94468,24602400,24250.0,24263.95,12.6,13.1,12.0,12.05,1996575,1745477100
2025-04-24 12:16:00,PE,ATM,9.322636,24751125,24250.0,24264.95,11.85,11.95,10.5,10.55,3299400,1745477160
2025-04-24 12:17:00,PE,ATM,9.458823,24751125,24250.0,24266.5,10.85,10.85,9.85,10.2,3924600,1745477220
2025-04-24 12:18:00,PE,ATM,9.417784,24751125,24250.0,24267.2,10.3,10.4,9.65,9.85,1979550,1745477280
2025-04-24 12:19:00,PE,ATM,10.226729,25299450,24250.0,24272.3,9.85,10.35,9.35,9.5,2530275,1745477340
2025-04-24 12:20:00,PE,ATM,10.124602,25299450,24250.0,24271.0,9.5,9.9,9.5,9.7,2652600,1745477400
2025-04-24 12:21:00,PE,ATM,9.686217,25299450,24250.0,24270.65,9.65,9.65,9.0,9.05,3225150,1745477460
2025-04-24 12:22:00,PE,ATM,9.907255,25885650,24250.0,24270.4,9.05,9.45,8.75,9.45,2494725,1745477520
2025-04-24 12:23:00,PE,ATM,9.605349,25885650,24250.0,24265.65,9.55,10.5,9.45,10.5,3572850,1745477580
2025-04-24 12:24:00,PE,ATM,9.338796,25885650,24250.0,24265.1,10.6,10.9,10.05,10.2,2696925,1745477640
2025-04-24 12:25:00,PE,ATM,8.878269,25342275,24250.0,24262.0,10.15,10.6,9.75,10.5,1890750,1745477700
2025-04-24 12:26:00,PE,ATM,8.572468,25342275,24250.0,24258.85,10.6,11.45,10.6,11.15,3358350,1745477760
2025-04-24 12:27:00,PE,ATM,8.673782,25342275,24250.0,24259.7,11.05,11.4,10.25,10.95,2553600,1745477820
2025-04-24 12:28:00,PE,ATM,8.514153,25540500,24250.0,24258.9,10.8,11.05,10.6,10.95,1477650,1745477880
2025-04-24 12:29:00,PE,ATM,8.466409,25540500,24250.0,24257.25,11.05,11.85,11.0,11.5,2378625,1745477940
2025-04-24 12:30:00,PE,ATM,8.610553,25540500,24250.0,24258.5,11.9,12.1,10.3,11.2,3932700,1745478000
2025-04-24 12:31:00,PE,ATM,8.439533,25923225,24250.0,24262.05,11.0,11.0,9.5,9.5,2633625,1745478060
2025-04-24 12:32:00,PE,ATM,8.452827,25923225,24250.0,24257.15,9.55,11.4,9.55,11.4,2880600,1745478120
2025-04-24 12:33:00,PE,ATM,8.792056,25923225,24250.0,24257.15,11.45,12.2,11.15,11.95,2842500,1745478180
2025-04-24 12:34:00,PE,ATM,8.670996,26119275,24250.0,24257.75,11.85,12.0,11.2,11.45,2323650,1745478240
2025-04-24 12:35:00,PE,ATM,8.999872,26119275,24250.0,24251.0,11.25,17.4,11.25,15.0,9561000,1745478300
2025-04-24 12:36:00,PE,ATM,8.744732,26119275,24250.0,24250.5,15.55,15.95,14.2,14.75,5750925,1745478360
2025-04-24 12:37:00,PE,ATM,8.606344,24976950,24250.0,24253.4,14.65,14.95,12.85,13.1,4238250,1745478420
2025-04-24 12:38:00,PE,ATM,8.397335,24976950,24250.0,24256.0,13.15,13.45,11.55,11.55,3521700,1745478480
2025-04-24 12:39:00,PE,ATM,8.496602,24976950,24250.0,24256.9,11.35,12.15,10.75,11.3,4179300,1745478540
2025-04-24 12:40:00,PE,ATM,9.481645,25747500,24250.0,24261.45,11.15,11.7,10.8,11.1,2562450,1745478600
2025-04-24 12:41:00,PE,ATM,10.14727,25747500,24250.0,24263.05,11.1,11.6,10.75,11.55,2326500,1745478660
2025-04-24 12:42:00,PE,ATM,10.209318,25747500,24250.0,24266.8,11.5,11.5,10.2,10.25,2566050,1745478720
2025-04-24 12:43:00,PE,ATM,10.003781,26148825,24250.0,24266.15,10.25,10.5,9.65,10.1,3443250,1745478780
2025-04-24 12:44:00,PE,ATM,9.460724,26148825,24250.0,24263.7,10.0,10.3,9.65,10.05,2940525,1745478840
2025-04-24 12:45:00,PE,ATM,9.646269,26148825,24250.0,24265.4,9.8,10.05,9.3,9.7,2714775,1745478900
2025-04-24 12:46:00,PE,ATM,9.751045,27014700,24250.0,24264.75,9.7,10.35,9.65,10.05,1976025,1745478960
2025-04-24 12:47:00,PE,ATM,10.019426,27014700,24250.0,24268.65,10.0,10.3,8.6,9.1,3570525,1745479020
2025-04-24 12:48:00,PE,ATM,10.265905,27014700,24250.0,24268.75,8.9,9.5,8.75,9.4,2867475,1745479080
2025-04-24 12:49:00,PE,ATM,10.596039,27232575,24250.0,24271.75,9.45,9.6,8.85,8.9,2437950,1745479140
2025-04-24 12:50:00,PE,ATM,10.057348,27232575,24250.0,24266.9,9.0,10.15,8.95,9.6,3249900,1745479200
2025-04-24 12:51:00,PE,ATM,10.1103,27232575,24250.0,24268.05,9.55,9.75,9.0,9.25,2572650,1745479260
2025-04-24 12:52:00,PE,ATM,10.217702,27914700,24250.0,24268.1,9.25,9.5,9.0,9.35,1480275,1745479320
2025-04-24 12:53:00,PE,ATM,10.172959,27914700,24250.0,24267.45,9.4,9.9,9.15,9.45,1718850,1745479380
2025-04-24 12:54:00,PE,ATM,9.97075,27914700,24250.0,24264.95,9.45,10.1,9.25,9.95,2384175,1745479440
2025-04-24 12:55:00,PE,ATM,10.071429,27628950,24250.0,24267.3,10.05,10.05,9.15,9.25,1919925,1745479500
2025-04-24 12:56:00,PE,ATM,9.866699,27628950,24250.0,24265.65,9.4,9.65,9.05,9.45,1771125,1745479560
2025-04-24 12:57:00,PE,ATM,9.616813,27628950,24250.0,24263.85,9.45,9.8,9.15,9.65,1604775,1745479620
2025-04-24 12:58:00,PE,ATM,9.30816,27981675,24250.0,24262.95,9.7,9.75,9.1,9.45,1542150,1745479680
2025-04-24 12:59:00,PE,ATM,10.025789,27981675,24250.0,24265.5,9.4,9.6,9.05,9.6,1717425,1745479740
2025-04-24 13:00:00,PE,ATM,9.353998,27981675,24250.0,24261.8,9.25,9.85,9.25,9.85,2263425,1745479800
2025-04-24 13:01:00,PE,ATM,9.063999,27818025,24250.0,24260.35,10.05,10.7,9.75,9.9,4505175,1745479860
2025-04-24 13:02:00,PE,ATM,9.815247,27818025,24250.0,24266.8,9.7,9.7,8.15,8.7,5701350,1745479920
2025-04-24 13:03:00,PE,ATM,9.900972,27818025,24250.0,24265.55,8.75,9.5,8.6,9.2,2181000,1745479980
2025-04-24 13:04:00,PE,ATM,10.129759,27772200,24250.0,24266.85,9.4,9.55,9.0,9.05,1785750,1745480040
2025-04-24 13:05:00,PE,ATM,10.732966,27772200,24250.0,24269.85,9.05,9.2,8.6,8.9,2687475,1745480100
2025-04-24 13:06:00,PE,ATM,10.231384,27772200,24250.0,24267.45,8.75,9.15,8.55,8.9,2507775,1745480160
2025-04-24 13:07:00,PE,ATM,10.22837,28034100,24250.0,24265.8,9.05,9.45,8.85,9.4,1885125,1745480220
2025-04-24 13:08:00,PE,ATM,8.805331,28034100,24250.0,24261.25,9.35,9.6,8.7,8.85,2522100,1745480280
2025-04-24 13:09:00,PE,ATM,9.066759,28034100,24250.0,24262.9,8.85,8.85,8.3,8.6,2292075,1745480340
2025-04-24 13:10:00,PE,ATM,8.997738,28459725,24250.0,24263.05,8.8,8.8,8.2,8.4,1925400,1745480400
2025-04-24 13:11:00,PE,ATM,9.14703,28459725,24250.0,24262.55,8.4,8.75,8.2,8.75,1496850,1745480460
2025-04-24 13:12:00,PE,ATM,8.883336,28459725,24250.0,24264.2,8.75,9.0,7.65,7.75,3549375,1745480520
2025-04-24 13:13:00,PE,ATM,8.085266,28513950,24250.0,24259.65,7.85,8.15,7.5,8.15,3275475,1745480580
2025-04-24 13:14:00,PE,ATM,7.562209,28513950,24250.0,24257.5,8.15,8.15,7.75,8.15,2175450,1745480640
2025-04-24 13:15:00,PE,ATM,8.076886,28513950,24250.0,24257.2,8.2,9.0,7.75,9.0,2834025,1745480700
2025-04-24 13:16:00,PE,ATM,8.226274,28473375,24250.0,24260.0,9.0,9.0,7.95,8.1,3706200,1745480760
2025-04-24 13:17:00,PE,ATM,8.448163,28473375,24250.0,24260.9,8.05,8.4,7.75,8.05,2242050,1745480820
2025-04-24 13:18:00,PE,ATM,8.437459,28473375,24250.0,24262.0,7.95,8.1,7.6,7.6,1860000,1745480880
2025-04-24 13:19:00,PE,ATM,8.003492,28938750,24250.0,24257.75,7.65,8.55,7.65,8.5,2454600,1745480940
2025-04-24 13:20:00,PE,ATM,8.190105,28938750,24250.0,24256.95,8.6,9.2,8.2,9.05,3317100,1745481000
2025-04-24 13:21:00,PE,ATM,7.803955,28938750,24250.0,24256.3,9.0,9.0,8.3,8.7,3092400,1745481060
2025-04-24 13:22:00,PE,ATM,7.610166,28987725,24250.0,24253.75,8.7,9.45,8.65,9.45,2983800,1745481120
2025-04-24 13:23:00,PE,ATM,8.065912,28987725,24250.0,24258.7,9.3,9.35,7.85,8.05,3634050,1745481180
2025-04-24 13:24:00,PE,ATM,7.920023,28987725,24250.0,24260.05,7.95,8.05,7.15,7.3,3786750,1745481240
2025-04-24 13:25:00,PE,ATM,7.550956,29849625,24250.0,24258.65,7.2,7.4,6.85,7.25,3616425,1745481300
2025-04-24 13:26:00,PE,ATM,6.99262,29849625,24250.0,24256.85,7.3,7.35,6.9,7.1,2704725,1745481360
2025-04-24 13:27:00,PE,ATM,6.876798,29849625,24250.0,24255.95,7.2,7.35,7.1,7.25,2068950,1745481420
2025-04-24 13:28:00,PE,ATM,7.055043,30353550,24250.0,24256.75,7.25,7.25,6.75,7.15,2543550,1745481480
2025-04-24 13:29:00,PE,ATM,6.867524,30353550,24250.0,24255.85,7.25,7.85,7.15,7.2,2945775,1745481540
2025-04-24 13:30:00,PE,ATM,6.993248,30353550,24250.0,24256.2,7.05,7.6,7.0,7.2,2230575,1745481600
2025-04-24 13:31:00,PE,ATM,7.199347,30284025,24250.0,24259.4,7.1,7.1,5.95,6.25,6189750,1745481660
2025-04-24 13:32:00,PE,ATM,7.091216,30284025,24250.0,24258.05,6.35,6.55,6.25,6.55,2592000,1745481720
2025-04-24 13:33:00,PE,ATM,7.210853,30284025,24250.0,24258.25,6.55,6.6,6.25,6.6,1991550,1745481780
2025-04-24 13:34:00,PE,ATM,6.640424,29482275,24250.0,24255.2,6.65,7.2,6.65,6.95,3426150,1745481840
2025-04-24 13:35:00,PE,ATM,6.163694,29482275,24250.0,24252.25,7.1,7.5,6.95,7.5,3072900,1745481900
2025-04-24 13:36:00,PE,ATM,6.121976,29482275,24250.0,24252.15,7.45,7.8,7.1,7.45,4380975,1745481960
2025-04-24 13:37:00,PE,ATM,7.316237,29630325,24250.0,24245.3,7.65,12.6,7.55,12.6,9984750,1745482020
2025-04-24 13:38:00,PE,ATM,5.747258,29630325,24250.0,24244.0,12.25,13.85,10.8,11.15,10888275,1745482080
2025-04-24 13:39:00,PE,ATM,6.028098,29630325,24250.0,24243.75,11.25,12.0,9.8,11.65,5792175,1745482140
2025-04-24 13:40:00,PE,ATM,6.844251,27692175,24250.0,24249.55,11.8,11.8,9.5,9.55,4967775,1745482200
2025-04-24 13:41:00,PE,ATM,6.527399,27692175,24250.0,24247.55,9.5,10.1,8.6,10.1,4772025,1745482260
2025-04-24 13:42:00,PE,ATM,6.825763,27692175,24250.0,24246.85,10.05,10.9,9.35,10.85,3583500,1745482320
2025-04-24 13:43:00,PE,ATM,6.769355,28097625,24250.0,24248.9,10.7,10.9,9.65,9.65,2687850,1745482380
2025-04-24 13:44:00,PE,ATM,6.33802,28097625,24250.0,24250.65,9.45,9.5,8.05,8.15,4854300,1745482440
2025-04-24 13:45:00,PE,ATM,5.439579,28097625,24250.0,24247.85,8.2,8.65,7.4,8.3,5227275,1745482500
2025-04-24 13:46:00,PE,ATM,5.410581,29296350,24250.0,24249.95,8.4,8.4,7.0,7.15,4785300,1745482560
2025-04-24 13:47:00,PE,ATM,5.809982,29296350,24250.0,24250.9,7.25,7.75,6.8,7.2,3848475,1745482620
2025-04-24 13:48:00,PE,ATM,5.27508,29296350,24250.0,24249.85,7.3,7.35,6.75,6.95,3050175,1745482680
2025-04-24 13:49:00,PE,ATM,5.477354,30142125,24250.0,24248.45,6.9,8.25,6.9,7.9,4261950,1745482740
2025-04-24 13:50:00,PE,ATM,5.268194,30142125,24250.0,24249.8,8.05,8.15,6.65,6.9,4361850,1745482800
2025-04-24 13:51:00,PE,ATM,5.286113,30142125,24250.0,24248.6,6.8,8.0,6.8,7.5,3543900,1745482860
2025-04-24 13:52:00,PE,ATM,4.529479,30998175,24250.0,24246.9,7.2,7.55,7.05,7.4,2398050,1745482920
2025-04-24 13:53:00,PE,ATM,4.35976,30998175,24250.0,24245.8,7.45,7.85,7.35,7.8,2292750,1745482980
2025-04-24 13:54:00,PE,ATM,4.314129,30998175,24250.0,24246.5,7.8,7.9,7.0,7.3,3056325,1745483040
2025-04-24 13:55:00,PE,ATM,4.390314,31693650,24250.0,24246.45,7.2,7.45,6.85,7.4,2948025,1745483100
2025-04-24 13:56:00,PE,ATM,5.267316,31693650,24250.0,24250.0,7.25,7.25,6.25,6.6,5100825,1745483160
2025-04-24 13:57:00,PE,ATM,5.070032,31693650,24250.0,24248.45,6.65,7.3,6.65,7.1,3464025,1745483220
2025-04-24 13:58:00,PE,ATM,4.475277,31787325,24250.0,24248.0,7.1,7.15,6.4,6.55,2848425,1745483280
2025-04-24 13:59:00,PE,ATM,5.073455,31787325,24250.0,24249.2,6.7,6.9,6.55,6.65,1859925,1745483340
2025-04-24 14:00:00,PE,ATM,5.68653,31787325,24250.0,24255.3,6.55,6.55,4.2,4.7,12795600,1745483400
2025-04-24 14:01:00,PE,ATM,3.969826,32578500,24250.0,24248.15,4.65,5.95,4.65,5.75,7814550,1745483460
2025-04-24 14:02:00,PE,ATM,3.83633,32578500,24250.0,24247.45,5.8,6.4,5.55,5.95,5897775,1745483520
2025-04-24 14:03:00,PE,ATM,5.213788,32578500,24250.0,24252.25,6.05,6.05,5.25,5.25,4263450,1745483580
2025-04-24 14:04:00,PE,ATM,4.397031,32717550,24250.0,24250.3,5.2,5.35,5.0,5.1,3680325,1745483640
2025-04-24 14:05:00,PE,ATM,4.079702,32717550,24250.0,24249.25,5.25,5.7,5.0,5.2,3766350,1745483700
2025-04-24 14:06:00,PE,ATM,4.050694,32717550,24250.0,24248.65,5.15,5.6,5.1,5.45,2940000,1745483760
2025-04-24 14:07:00,PE,ATM,3.73995,33058125,24250.0,24248.55,5.45,5.7,4.95,5.1,3821925,1745483820
2025-04-24 14:08:00,PE,ATM,4.423451,33058125,24250.0,24250.75,5.05,5.15,4.7,4.8,3839400,1745483880
2025-04-24 14:09:00,PE,ATM,4.420715,33058125,24250.0,24250.05,4.85,5.1,4.55,5.1,3369225,1745483940
2025-04-24 14:10:00,PE,ATM,3.741201,33562500,24250.0,24248.05,5.1,5.4,4.95,5.3,2761575,1745484000
2025-04-24 14:11:00,PE,ATM,3.862671,33562500,24250.0,24249.4,5.25,5.3,4.65,4.7,3208275,1745484060
2025-04-24 14:12:00,PE,ATM,3.051196,33562500,24250.0,24246.55,4.7,5.35,4.7,5.35,2522775,1745484120
2025-04-24 14:13:00,PE,ATM,3.28071,34009125,24250.0,24247.6,5.35,5.35,4.9,4.95,2511000,1745484180
2025-04-24 14:14:00,PE,ATM,2.854755,34009125,24250.0,24247.1,4.9,5.0,4.5,4.75,3614775,1745484240
2025-04-24 14:15:00,PE,ATM,3.40604,34009125,24250.0,24248.3,4.7,5.25,4.55,4.65,3998400,1745484300
2025-04-24 14:16:00,PE,ATM,2.289148,34815000,24250.0,24245.05,4.6,5.55,4.35,5.55,5630325,1745484360
2025-04-24 14:17:00,PE,ATM,3.083877,34815000,24250.0,24246.85,5.7,5.7,4.85,5.1,5544750,1745484420
2025-04-24 14:18:00,PE,ATM,4.534041,34815000,24250.0,24250.35,5.1,5.1,4.5,4.8,3785775,1745484480
2025-04-24 14:19:00,PE,ATM,4.685725,34748475,24250.0,24251.4,4.75,4.75,4.35,4.45,3081750,1745484540
2025-04-24 14:20:00,PE,ATM,4.605571,34748475,24250.0,24252.15,4.5,4.5,3.85,4.0,6398775,1745484600
2025-04-24 14:21:00,PE,ATM,4.877602,34748475,24250.0,24253.4,4.1,4.2,3.6,3.75,5199750,1745484660
2025-04-24 14:22:00,PE,ATM,6.425406,35541150,24250.0,24259.75,3.7,3.75,3.15,3.15,7044975,1745484720
2025-04-24 14:23:00,PE,ATM,6.854141,35541150,24250.0,24259.95,3.25,3.45,3.1,3.45,7149675,1745484780
2025-04-24 14:24:00,PE,ATM,5.610576,35541150,24250.0,24254.85,3.45,3.85,3.4,3.85,4557375,1745484840
2025-04-24 14:25:00,PE,ATM,2.445341,35725650,24250.0,24247.15,3.8,4.25,3.6,4.1,6288600,1745484900
2025-04-24 14:26:00,PE,ATM,2.709203,35725650,24250.0,24248.65,4.15,4.2,3.45,3.45,6157650,1745484960
2025-04-24 14:27:00,PE,ATM,4.334526,35725650,24250.0,24251.85,3.4,3.6,3.1,3.6,4918800,1745485020
2025-04-24 14:28:00,PE,ATM,3.698385,35582475,24250.0,24250.3,3.6,3.75,3.45,3.6,2674275,1745485080
2025-04-24 14:29:00,PE,ATM,3.089549,35582475,24250.0,24248.8,3.65,3.7,3.4,3.7,2769900,1745485140
2025-04-24 14:30:00,PE,ATM,0.0,35582475,24250.0,24244.6,3.5,4.1,3.05,4.0,6843525,1745485200
2025-04-24 14:31:00,PE,ATM,0.0,35380875,24250.0,24245.05,4.1,4.1,3.65,3.85,4099875,1745485260
2025-04-24 14:32:00,PE,ATM,0.0,35380875,24250.0,24243.6,3.85,4.95,3.85,4.95,6545775,1745485320
2025-04-24 14:33:00,PE,ATM,0.0,35380875,24250.0,24241.6,5.0,6.0,4.6,5.9,10428225,1745485380
2025-04-24 14:34:00,PE,ATM,0.0,32770500,24250.0,24242.5,5.95,7.6,5.1,5.35,13499250,1745485440
2025-04-24 14:35:00,PE,ATM,0.0,32770500,24250.0,24244.7,5.35,5.85,4.5,4.8,7390725,1745485500
2025-04-24 14:36:00,PE,ATM,0.0,32770500,24250.0,24240.1,4.9,7.3,4.9,7.3,9816450,1745485560
2025-04-24 14:37:00,PE,ATM,0.0,31007850,24250.0,24238.05,7.2,9.5,7.0,7.95,17678175,1745485620
2025-04-24 14:38:00,PE,ATM,0.0,31007850,24250.0,24237.35,7.5,8.2,6.8,7.5,7322400,1745485680
2025-04-24 14:39:00,PE,ATM,0.0,31007850,24250.0,24238.75,7.5,8.2,6.2,7.9,8584350,1745485740
2025-04-24 14:40:00,PE,ATM,0.0,30816375,24250.0,24239.4,7.8,8.65,6.6,6.95,7309725,1745485800
2025-04-24 14:41:00,PE,ATM,0.0,30816375,24250.0,24235.9,7.0,8.6,6.75,7.4,7303725,1745485860
2025-04-24 14:42:00,PE,ATM,0.0,30816375,24250.0,24235.85,7.5,7.7,6.6,6.8,5104050,1745485920
2025-04-24 14:43:00,PE,ATM,0.0,31227900,24250.0,24240.45,7.45,7.65,5.35,5.75,7895100,1745485980
2025-04-24 14:44:00,PE,ATM,0.0,31227900,24250.0,24243.15,5.85,6.1,5.1,5.2,6046350,1745486040
2025-04-24 14:45:00,PE,ATM,0.0,31227900,24250.0,24240.55,5.3,6.7,4.1,5.95,11432550,1745486100
2025-04-24 14:46:00,PE,ATM,0.0,30886725,24250.0,24240.45,5.9,6.6,5.75,5.9,5705550,1745486160
2025-04-24 14:47:00,PE,ATM,0.0,30886725,24250.0,24239.15,5.85,6.35,5.55,5.9,4316175,1745486220
2025-04-24 14:48:00,PE,ATM,0.0,30886725,24250.0,24243.25,5.95,6.0,4.65,4.7,5217225,1745486280
2025-04-24 14:49:00,PE,ATM,0.0,31266300,24250.0,24240.95,4.65,5.85,4.6,5.35,4563450,1745486340
2025-04-24 14:50:00,PE,ATM,0.0,31266300,24250.0,24237.8,5.4,7.1,5.25,7.1,7133100,1745486400
2025-04-24 14:51:00,PE,ATM,0.0,31266300,24250.0,24234.9,6.9,7.9,6.05,7.55,8322750,1745486460
2025-04-24 14:52:00,PE,ATM,0.0,29559225,24250.0,24229.5,7.55,14.85,7.25,14.85,14619900,1745486520
2025-04-24 14:53:00,PE,ATM,0.0,29559225,24250.0,24225.3,13.55,13.55,10.55,13.35,19140000,1745486580
2025-04-24 14:54:00,PE,ATM,13.89208,21698850,24200.0,24223.3,2.5,5.15,2.35,3.1,25703475,1745486640
2025-04-24 14:55:00,PE,ATM,13.272492,21908550,24200.0,24223.9,2.75,2.85,1.85,2.55,10130175,1745486700
2025-04-24 14:56:00,PE,ATM,13.136652,21908550,24200.0,24224.1,2.6,2.6,2.0,2.35,5977050,1745486760
2025-04-24 14:57:00,PE,ATM,13.665198,21908550,24200.0,24223.35,2.3,3.0,2.2,2.65,5663325,1745486820
2025-04-24 14:58:00,PE,ATM,0.0,24900150,24250.0,24227.45,11.3,13.15,8.6,11.0,10132425,1745486880
2025-04-24 14:59:00,PE,ATM,11.65499,24113700,24200.0,24221.25,2.0,2.3,1.85,1.85,8361450,1745486940
2025-04-24 15:00:00,PE,ATM,2.444449,24900150,24250.0,24243.25,15.5,15.5,6.45,6.75,20912550,1745487000
2025-04-24 15:01:00,PE,ATM,0.0,25140525,24250.0,24235.9,7.75,11.15,7.0,10.35,15461775,1745487060
2025-04-24 15:02:00,PE,ATM,3.542212,25140525,24250.0,24240.4,9.65,10.3,7.65,9.65,9779175,1745487120
2025-04-24 15:03:00,PE,ATM,5.70947,25140525,24250.0,24242.75,11.2,11.2,7.6,8.5,8883750,1745487180
2025-04-24 15:04:00,PE,ATM,5.261134,26353050,24250.0,24243.55,8.65,8.65,6.15,7.6,8202075,1745487240
2025-04-24 15:05:00,PE,ATM,7.92219,26353050,24250.0,24246.75,7.6,7.6,5.3,7.0,10497750,1745487300
2025-04-24 15:06:00,PE,ATM,0.0,26353050,24250.0,24241.0,6.8,9.05,6.35,8.05,9978225,1745487360
2025-04-24 15:07:00,PE,ATM,8.687149,25816200,24250.0,24248.75,7.35,8.1,5.1,6.15,10623975,1745487420
2025-04-24 15:08:00,PE,ATM,0.0,25816200,24250.0,24238.95,6.3,8.7,6.3,8.05,9498000,1745487480
2025-04-24 15:09:00,PE,ATM,7.25826,25816200,24250.0,24247.15,8.0,8.0,5.9,5.95,7786950,1745487540
2025-04-24 15:10:00,PE,ATM,9.730261,24913575,24250.0,24251.6,6.05,7.25,5.0,5.0,7704825,1745487600
2025-04-24 15:11:00,PE,ATM,7.067543,24913575,24250.0,24250.55,5.4,5.4,2.75,3.8,15663975,1745487660
2025-04-24 15:12:00,PE,ATM,6.872034,24913575,24250.0,24249.7,3.45,4.75,3.45,4.0,9367125,1745487720
2025-04-24 15:13:00,PE,ATM,7.529732,24921300,24250.0,24251.85,4.2,4.2,2.95,3.25,6640050,1745487780
2025-04-24 15:14:00,PE,ATM,6.296193,24921300,24250.0,24250.15,3.05,3.4,2.85,3.25,5974950,1745487840
2025-04-24 15:15:00,PE,ATM,4.357309,24921300,24250.0,24248.65,3.3,3.35,2.15,2.95,10740675,1745487900
2025-04-24 15:16:00,PE,ATM,6.932363,23040750,24250.0,24251.35,3.0,4.3,2.5,2.8,13451625,1745487960
2025-04-24 15:17:00,PE,ATM,8.010548,23040750,24250.0,24252.65,2.55,3.3,2.5,2.65,6863175,1745488020
2025-04-24 15:18:00,PE,ATM,7.030788,23040750,24250.0,24252.45,2.55,2.9,2.15,2.15,5807025,1745488080
2025-04-24 15:19:00,PE,ATM,7.294286,22518450,24250.0,24252.4,2.2,2.25,1.4,2.15,10441125,1745488140
2025-04-24 15:20:00,PE,ATM,5.103968,22518450,24250.0,24251.05,2.15,2.45,1.65,1.65,9410175,1745488200
2025-04-24 15:21:00,PE,ATM,6.782023,22518450,24250.0,24250.4,1.55,3.1,1.55,2.5,10366200,1745488260
2025-04-24 15:22:00,PE,ATM,8.311947,21037650,24250.0,24253.0,2.4,2.4,1.7,1.85,9246150,1745488320
2025-04-24 15:23:00,PE,ATM,7.121914,21037650,24250.0,24250.2,1.9,2.5,1.7,2.4,7071225,1745488380
2025-04-24 15:24:00,PE,ATM,7.339088,21037650,24250.0,24249.3,2.3,2.75,2.3,2.75,5861925,1745488440
2025-04-24 15:25:00,PE,ATM,9.671018,20055225,24250.0,24250.15,2.95,2.95,2.15,2.8,4655700,1745488500
2025-04-24 15:26:00,PE,ATM,11.241922,20055225,24250.0,24249.4,2.8,3.3,2.7,3.3,4415700,1745488560
2025-04-24 15:27:00,PE,ATM,13.008878,20055225,24250.0,24249.9,3.4,3.7,2.95,3.05,6303150,1745488620
2025-04-24 15:28:00,PE,ATM,0.0,18524400,24250.0,24243.55,3.1,3.35,2.85,3.2,3804525,1745488680
2025-04-24 15:29:00,PE,ATM,0.0,18524400,24250.0,24245.05,3.2,3.3,3.0,3.3,5744700,1745488740
