datetime,option_type,strike_relative,iv,oi,strike,spot,open,high,low,close,volume,timestamp
2025-01-31 09:15:00,CE,ATM+8,25.400256,792675,23700.0,23285.7,164.0,164.0,150.4,159.65,206400,1738295100
2025-01-31 09:16:00,CE,ATM+8,25.06597,792675,23700.0,23298.15,160.85,161.4,158.0,160.0,99150,1738295160
2025-01-31 09:17:00,CE,ATM+8,25.499419,792675,23700.0,23299.2,159.95,166.6,159.95,165.1,105450,1738295220
2025-01-31 09:18:00,CE,ATM+8,25.553776,850425,23700.0,23305.75,165.8,168.0,165.45,167.85,93750,1738295280
2025-01-31 09:19:00,CE,ATM+8,25.78049,850425,23700.0,23301.25,168.0,170.7,167.7,168.85,107475,1738295340
2025-01-31 09:20:00,CE,ATM+8,25.734929,850425,23700.0,23294.8,168.45,170.0,165.85,166.2,122100,1738295400
2025-01-31 09:21:00,CE,ATM+8,25.875751,918525,23700.0,23311.05,166.75,173.15,165.95,173.15,124275,1738295460
2025-01-31 09:22:00,CE,ATM+8,25.980962,918525,23700.0,23309.7,173.2,175.0,171.9,173.85,124725,1738295520
2025-01-31 09:23:00,CE,ATM+8,26.092758,918525,23700.0,23316.25,173.5,177.35,172.6,177.3,102750,1738295580
2025-01-31 09:24:00,CE,ATM+8,25.945308,967125,23700.0,23316.3,176.4,176.6,175.2,175.65,73425,1738295640
2025-01-31 09:25:00,CE,ATM+8,25.922652,967125,23700.0,23316.95,175.5,176.3,175.05,175.6,49425,1738295700
2025-01-31 09:26:00,CE,ATM+8,26.028068,967125,23700.0,23321.6,175.85,179.65,175.85,178.35,106650,1738295760
2025-01-31 09:27:00,CE,ATM+8,25.691997,369750,23750.0,23329.3,161.35,162.0,158.95,161.2,40650,1738295820
2025-01-31 09:28:00,CE,ATM+8,25.680818,994350,23700.0,23317.7,179.25,179.35,172.85,173.1,127275,1738295880
2025-01-31 09:29:00,CE,ATM+8,25.602732,369750,23750.0,23326.05,155.4,160.55,155.0,159.15,34800,1738295940
2025-01-31 09:30:00,CE,ATM+8,25.760749,1018575,23700.0,23319.15,177.65,178.15,173.7,174.45,54600,1738296000
2025-01-31 09:31:00,CE,ATM+8,25.760694,1018575,23700.0,23323.75,174.85,176.9,174.0,176.0,58200,1738296060
2025-01-31 09:32:00,CE,ATM+8,25.805468,1018575,23700.0,23319.4,175.85,176.0,172.5,175.0,46425,1738296120
2025-01-31 09:33:00,CE,ATM+8,25.80898,1032525,23700.0,23324.9,174.55,177.85,174.0,176.9,59400,1738296180
2025-01-31 09:34:00,CE,ATM+8,25.856823,1032525,23700.0,23318.55,176.45,177.15,174.65,175.25,32925,1738296240
2025-01-31 09:35:00,CE,ATM+8,25.652349,1032525,23700.0,23308.0,175.4,176.2,169.4,169.4,95625,1738296300
2025-01-31 09:36:00,CE,ATM+8,25.790537,1036500,23700.0,23301.65,169.4,172.05,168.6,168.8,76200,1738296360
2025-01-31 09:37:00,CE,ATM+8,25.758679,1036500,23700.0,23315.3,169.45,173.0,166.6,173.0,72900,1738296420
2025-01-31 09:38:00,CE,ATM+8,25.781338,1036500,23700.0,23314.9,172.35,174.05,172.35,173.1,48450,1738296480
2025-01-31 09:39:00,CE,ATM+8,25.919408,1053750,23700.0,23323.2,173.5,177.45,173.05,177.45,75675,1738296540
2025-01-31 09:40:00,CE,ATM+8,25.949984,1053750,23700.0,23312.4,176.85,177.5,173.35,174.1,53700,1738296600
2025-01-31 09:41:00,CE,ATM+8,26.037051,1053750,23700.0,23311.8,174.2,175.0,171.65,174.85,37425,1738296660
2025-01-31 09:42:00,CE,ATM+8,25.838151,390525,23750.0,23325.9,156.85,162.95,156.85,161.45,55875,1738296720
2025-01-31 09:43:00,CE,ATM+8,25.611139,390525,23750.0,23342.6,161.15,164.8,159.65,164.35,51525,1738296780
2025-01-31 09:44:00,CE,ATM+8,25.304841,390525,23750.0,23349.45,163.8,165.0,161.3,163.2,54750,1738296840
2025-01-31 09:45:00,CE,ATM+8,25.050514,403950,23750.0,23359.25,163.0,164.1,161.0,163.6,47775,1738296900
2025-01-31 09:46:00,CE,ATM+8,25.019386,403950,23750.0,23361.55,163.65,164.6,162.75,164.0,38925,1738296960
2025-01-31 09:47:00,CE,ATM+8,24.784859,403950,23750.0,23374.5,163.7,167.6,163.7,165.7,66975,1738297020
2025-01-31 09:48:00,CE,ATM+8,24.642678,422250,23750.0,23374.95,165.9,165.95,164.0,164.25,41400,1738297080
2025-01-31 09:49:00,CE,ATM+8,24.34273,1521900,23800.0,23377.8,147.0,147.55,145.7,146.3,67650,1738297140
2025-01-31 09:50:00,CE,ATM+8,24.380321,422250,23750.0,23371.35,163.9,163.95,159.25,160.1,67125,1738297200
2025-01-31 09:51:00,CE,ATM+8,24.180435,1506450,23800.0,23378.55,142.75,146.65,142.4,144.75,72675,1738297260
2025-01-31 09:52:00,CE,ATM+8,24.506532,429150,23750.0,23372.05,161.6,163.8,160.4,161.7,36750,1738297320
2025-01-31 09:53:00,CE,ATM+8,24.49143,429150,23750.0,23358.35,161.7,161.7,156.4,157.0,45750,1738297380
2025-01-31 09:54:00,CE,ATM+8,24.736,441450,23750.0,23350.6,156.65,157.15,153.8,157.15,46800,1738297440
2025-01-31 09:55:00,CE,ATM+8,24.495969,441450,23750.0,23374.35,157.1,162.55,157.1,162.3,56700,1738297500
2025-01-31 09:56:00,CE,ATM+8,24.258089,1533150,23800.0,23379.65,144.4,147.0,144.4,145.85,90300,1738297560
2025-01-31 09:57:00,CE,ATM+8,24.236018,1552200,23800.0,23381.75,146.0,146.5,145.35,146.25,40125,1738297620
2025-01-31 09:58:00,CE,ATM+8,24.091897,1552200,23800.0,23388.7,146.1,147.3,145.6,146.85,65625,1738297680
2025-01-31 09:59:00,CE,ATM+8,23.853283,1552200,23800.0,23389.5,146.7,147.3,143.6,144.5,100350,1738297740
2025-01-31 10:00:00,CE,ATM+8,23.902107,1557750,23800.0,23391.85,145.15,146.2,145.0,145.75,73650,1738297800
2025-01-31 10:01:00,CE,ATM+8,23.783693,1557750,23800.0,23393.6,145.95,146.2,144.6,145.0,41550,1738297860
2025-01-31 10:02:00,CE,ATM+8,23.69404,1557750,23800.0,23399.75,145.0,146.7,145.0,145.95,45975,1738297920
2025-01-31 10:03:00,CE,ATM+8,23.566971,1571325,23800.0,23399.9,146.15,146.55,144.6,144.6,72900,1738297980
2025-01-31 10:04:00,CE,ATM+8,23.619309,1571325,23800.0,23393.05,144.8,144.8,141.25,143.0,96900,1738298040
2025-01-31 10:05:00,CE,ATM+8,23.916338,462825,23750.0,23372.8,159.5,159.5,153.25,155.2,68700,1738298100
2025-01-31 10:06:00,CE,ATM+8,24.069902,468900,23750.0,23359.4,154.55,154.65,147.55,152.5,84600,1738298160
2025-01-31 10:07:00,CE,ATM+8,24.109835,468900,23750.0,23351.1,153.0,153.2,150.25,150.25,34725,1738298220
2025-01-31 10:08:00,CE,ATM+8,24.476454,468900,23750.0,23342.4,151.0,152.65,150.2,151.45,30750,1738298280
2025-01-31 10:09:00,CE,ATM+8,24.565391,482775,23750.0,23338.15,151.3,151.3,149.1,151.05,38775,1738298340
2025-01-31 10:10:00,CE,ATM+8,24.772983,482775,23750.0,23333.3,151.2,152.65,148.5,151.75,29400,1738298400
2025-01-31 10:11:00,CE,ATM+8,24.837413,482775,23750.0,23332.25,151.45,152.5,149.75,152.1,21975,1738298460
2025-01-31 10:12:00,CE,ATM+8,24.797747,480150,23750.0,23327.95,151.8,154.25,149.6,150.3,62100,1738298520
2025-01-31 10:13:00,CE,ATM+8,24.713069,480150,23750.0,23335.35,150.3,151.7,142.95,151.7,93525,1738298580
2025-01-31 10:14:00,CE,ATM+8,24.71536,480150,23750.0,23340.2,152.9,153.95,152.0,153.25,57225,1738298640
2025-01-31 10:15:00,CE,ATM+8,24.647168,483000,23750.0,23348.65,153.05,156.15,152.7,155.2,62475,1738298700
2025-01-31 10:16:00,CE,ATM+8,24.501654,483000,23750.0,23335.95,154.2,154.2,147.15,149.55,47400,1738298760
2025-01-31 10:17:00,CE,ATM+8,24.497287,483000,23750.0,23344.5,149.9,152.9,149.85,152.2,30750,1738298820
2025-01-31 10:18:00,CE,ATM+8,24.397274,497550,23750.0,23350.45,152.15,153.3,151.65,153.0,22950,1738298880
2025-01-31 10:19:00,CE,ATM+8,24.21573,497550,23750.0,23362.05,153.0,155.2,153.0,154.75,35025,1738298940
2025-01-31 10:20:00,CE,ATM+8,23.790465,1685325,23800.0,23375.6,137.6,139.3,136.45,139.2,88800,1738299000
2025-01-31 10:21:00,CE,ATM+8,23.927438,516000,23750.0,23372.15,156.4,156.4,153.65,154.85,51300,1738299060
2025-01-31 10:22:00,CE,ATM+8,23.600289,1718775,23800.0,23384.95,137.5,140.4,137.35,140.0,67950,1738299120
2025-01-31 10:23:00,CE,ATM+8,23.382331,1718775,23800.0,23391.45,139.55,140.95,139.25,139.65,66375,1738299180
2025-01-31 10:24:00,CE,ATM+8,23.461427,1726800,23800.0,23388.75,139.8,140.0,137.85,139.65,83925,1738299240
2025-01-31 10:25:00,CE,ATM+8,23.440808,1726800,23800.0,23386.6,140.05,140.45,138.6,138.75,51600,1738299300
2025-01-31 10:26:00,CE,ATM+8,23.352692,1726800,23800.0,23394.4,139.45,140.75,139.0,140.2,52200,1738299360
2025-01-31 10:27:00,CE,ATM+8,23.25651,1716600,23800.0,23395.05,139.1,140.3,138.2,139.35,44625,1738299420
2025-01-31 10:28:00,CE,ATM+8,23.158642,1716600,23800.0,23391.55,139.35,140.0,137.2,137.2,57675,1738299480
2025-01-31 10:29:00,CE,ATM+8,22.993435,1716600,23800.0,23390.2,136.35,137.1,134.75,135.0,89250,1738299540
2025-01-31 10:30:00,CE,ATM+8,22.977524,1723350,23800.0,23392.6,134.9,136.3,133.35,135.55,88650,1738299600
2025-01-31 10:31:00,CE,ATM+8,22.851711,1723350,23800.0,23402.85,135.75,138.0,135.4,137.35,119325,1738299660
2025-01-31 10:32:00,CE,ATM+8,22.92945,1723350,23800.0,23407.25,137.45,140.1,137.35,139.55,196725,1738299720
2025-01-31 10:33:00,CE,ATM+8,22.731153,1736475,23800.0,23412.7,139.6,140.05,138.15,139.1,94350,1738299780
2025-01-31 10:34:00,CE,ATM+8,22.7224,1736475,23800.0,23409.55,139.65,139.65,137.25,138.0,77400,1738299840
2025-01-31 10:35:00,CE,ATM+8,22.657259,1736475,23800.0,23412.8,138.0,140.05,137.9,138.3,83700,1738299900
2025-01-31 10:36:00,CE,ATM+8,22.678197,1735050,23800.0,23403.8,138.45,138.9,135.2,135.7,57750,1738299960
2025-01-31 10:37:00,CE,ATM+8,22.621465,1735050,23800.0,23396.9,135.35,136.0,132.95,132.95,71625,1738300020
2025-01-31 10:38:00,CE,ATM+8,22.715838,1735050,23800.0,23400.65,131.9,136.9,131.45,135.1,93825,1738300080
2025-01-31 10:39:00,CE,ATM+8,22.641447,1804800,23800.0,23393.35,134.0,134.2,131.85,132.05,223425,1738300140
2025-01-31 10:40:00,CE,ATM+8,22.696981,1804800,23800.0,23402.05,131.9,136.95,131.45,135.3,60675,1738300200
2025-01-31 10:41:00,CE,ATM+8,22.618903,1804800,23800.0,23398.0,135.15,135.15,132.35,133.2,49425,1738300260
2025-01-31 10:42:00,CE,ATM+8,22.435377,1819425,23800.0,23411.7,133.2,136.65,133.15,135.45,90000,1738300320
2025-01-31 10:43:00,CE,ATM+8,22.191043,1819425,23800.0,23413.95,135.75,136.7,132.65,133.5,165450,1738300380
2025-01-31 10:44:00,CE,ATM+8,22.321558,1819425,23800.0,23413.65,134.7,134.9,132.7,134.8,107325,1738300440
2025-01-31 10:45:00,CE,ATM+8,22.308446,1814325,23800.0,23413.35,134.65,135.0,133.55,134.55,102750,1738300500
2025-01-31 10:46:00,CE,ATM+8,22.312136,1814325,23800.0,23420.6,134.55,137.05,134.55,136.85,112950,1738300560
2025-01-31 10:47:00,CE,ATM+8,22.340391,1814325,23800.0,23415.7,136.8,136.8,135.0,135.6,72900,1738300620
2025-01-31 10:48:00,CE,ATM+8,22.337699,1817850,23800.0,23416.0,135.7,136.25,134.0,135.65,63000,1738300680
2025-01-31 10:49:00,CE,ATM+8,22.233052,1817850,23800.0,23418.7,135.85,137.75,134.65,135.35,84975,1738300740
2025-01-31 10:50:00,CE,ATM+8,22.386496,1817850,23800.0,23411.85,135.25,136.0,133.8,134.85,56325,1738300800
2025-01-31 10:51:00,CE,ATM+8,22.451278,1825650,23800.0,23411.1,135.35,136.2,134.45,135.3,36750,1738300860
2025-01-31 10:52:00,CE,ATM+8,22.251757,1825650,23800.0,23408.4,135.0,136.15,132.3,132.3,53400,1738300920
2025-01-31 10:53:00,CE,ATM+8,22.253193,1825650,23800.0,23416.6,132.4,135.35,132.4,134.85,51600,1738300980
2025-01-31 10:54:00,CE,ATM+8,22.145027,1824450,23800.0,23419.9,134.7,136.3,134.1,134.7,61500,1738301040
2025-01-31 10:55:00,CE,ATM+8,22.228226,1824450,23800.0,23422.8,134.6,136.85,134.6,136.5,47400,1738301100
2025-01-31 10:56:00,CE,ATM+8,22.198328,1824450,23800.0,23419.75,136.9,137.6,134.7,135.2,61950,1738301160
2025-01-31 10:57:00,CE,ATM+8,22.28193,1813725,23800.0,23418.35,135.6,136.65,134.6,135.65,41400,1738301220
2025-01-31 10:58:00,CE,ATM+8,21.945747,624375,23850.0,23426.7,119.35,120.25,119.3,120.0,12600,1738301280
2025-01-31 10:59:00,CE,ATM+8,21.847435,624375,23850.0,23430.8,119.75,120.7,119.05,120.15,31950,1738301340
2025-01-31 11:00:00,CE,ATM+8,21.955541,627225,23850.0,23426.1,120.0,120.65,118.65,119.9,27000,1738301400
2025-01-31 11:01:00,CE,ATM+8,21.869355,627225,23850.0,23429.25,120.0,120.7,119.65,119.9,19350,1738301460
2025-01-31 11:02:00,CE,ATM+8,21.7708,627225,23850.0,23429.4,119.9,120.35,118.5,118.9,13875,1738301520
2025-01-31 11:03:00,CE,ATM+8,21.846443,1817175,23800.0,23424.4,135.15,135.65,132.1,132.75,72675,1738301580
2025-01-31 11:04:00,CE,ATM+8,21.578527,624375,23850.0,23437.95,116.5,119.75,116.5,119.35,28725,1738301640
2025-01-31 11:05:00,CE,ATM+8,21.663284,624375,23850.0,23434.1,119.6,120.75,118.4,119.1,23700,1738301700
2025-01-31 11:06:00,CE,ATM+8,21.518374,619500,23850.0,23436.95,118.55,119.05,117.6,118.4,16050,1738301760
2025-01-31 11:07:00,CE,ATM+8,21.574541,619500,23850.0,23432.05,118.4,118.65,117.0,117.55,21300,1738301820
2025-01-31 11:08:00,CE,ATM+8,21.386867,619500,23850.0,23428.8,117.55,117.7,113.0,114.65,61650,1738301880
2025-01-31 11:09:00,CE,ATM+8,21.539214,1828050,23800.0,23420.05,130.6,130.6,127.1,128.0,127800,1738301940
2025-01-31 11:10:00,CE,ATM+8,21.743081,1828050,23800.0,23423.5,127.75,131.35,127.4,131.25,148575,1738302000
2025-01-31 11:11:00,CE,ATM+8,21.472751,621450,23850.0,23429.15,114.25,115.65,113.85,115.6,17700,1738302060
2025-01-31 11:12:00,CE,ATM+8,21.50297,615750,23850.0,23429.15,115.6,116.2,115.05,115.9,15825,1738302120
2025-01-31 11:13:00,CE,ATM+8,21.635256,1818900,23800.0,23424.0,132.5,132.5,130.0,130.2,34050,1738302180
2025-01-31 11:14:00,CE,ATM+8,21.81974,1818900,23800.0,23422.8,130.55,131.8,130.0,131.8,37125,1738302240
2025-01-31 11:15:00,CE,ATM+8,21.507099,619875,23850.0,23427.75,115.35,116.05,114.7,115.5,12900,1738302300
2025-01-31 11:16:00,CE,ATM+8,21.547043,619875,23850.0,23433.3,115.8,117.5,115.65,117.5,18525,1738302360
2025-01-31 11:17:00,CE,ATM+8,21.531562,619875,23850.0,23435.8,117.15,118.7,117.15,118.05,21600,1738302420
2025-01-31 11:18:00,CE,ATM+8,21.538008,621900,23850.0,23431.3,118.25,118.3,116.3,116.8,16200,1738302480
2025-01-31 11:19:00,CE,ATM+8,21.538659,621900,23850.0,23436.5,116.8,118.5,116.8,118.3,16425,1738302540
2025-01-31 11:20:00,CE,ATM+8,21.34027,621900,23850.0,23441.95,118.25,118.25,117.35,117.8,15225,1738302600
2025-01-31 11:21:00,CE,ATM+8,21.35862,618600,23850.0,23447.3,118.0,119.55,117.7,119.55,36075,1738302660
2025-01-31 11:22:00,CE,ATM+8,21.726649,1806300,23800.0,23421.9,136.6,137.85,129.75,130.4,93675,1738302720
2025-01-31 11:23:00,CE,ATM+8,21.725725,1806300,23800.0,23422.3,129.9,130.5,128.0,130.5,103800,1738302780
2025-01-31 11:24:00,CE,ATM+8,21.476341,626925,23850.0,23426.85,113.5,114.8,113.1,114.8,21600,1738302840
2025-01-31 11:25:00,CE,ATM+8,21.459727,626925,23850.0,23428.2,114.55,115.0,114.0,115.0,26325,1738302900
2025-01-31 11:26:00,CE,ATM+8,21.251243,626925,23850.0,23433.35,114.8,114.85,114.1,114.3,14325,1738302960
2025-01-31 11:27:00,CE,ATM+8,21.189222,632775,23850.0,23439.8,114.2,115.75,113.45,115.5,22125,1738303020
2025-01-31 11:28:00,CE,ATM+8,21.460235,632775,23850.0,23426.4,115.3,115.65,113.2,114.45,15525,1738303080
2025-01-31 11:29:00,CE,ATM+8,21.608464,1826025,23800.0,23403.45,130.7,130.7,122.5,123.4,144150,1738303140
2025-01-31 11:30:00,CE,ATM+8,21.939811,1813800,23800.0,23397.15,121.75,125.3,121.6,125.0,137475,1738303200
2025-01-31 11:31:00,CE,ATM+8,21.91059,1813800,23800.0,23409.45,125.6,128.5,125.4,128.4,59325,1738303260
2025-01-31 11:32:00,CE,ATM+8,21.953589,1813800,23800.0,23404.55,128.3,128.5,126.5,127.35,41325,1738303320
2025-01-31 11:33:00,CE,ATM+8,22.008517,1809525,23800.0,23399.2,127.1,128.05,125.7,126.3,40125,1738303380
2025-01-31 11:34:00,CE,ATM+8,22.08397,1809525,23800.0,23404.85,126.55,128.85,126.55,128.8,36450,1738303440
2025-01-31 11:35:00,CE,ATM+8,22.022445,1809525,23800.0,23407.7,128.6,129.45,128.25,129.0,33225,1738303500
2025-01-31 11:36:00,CE,ATM+8,22.112064,1818975,23800.0,23402.65,128.85,129.9,128.05,128.4,34275,1738303560
2025-01-31 11:37:00,CE,ATM+8,22.120864,1818975,23800.0,23397.6,127.1,129.0,125.75,126.95,50625,1738303620
2025-01-31 11:38:00,CE,ATM+8,22.097245,1818975,23800.0,23390.3,126.35,126.8,123.25,124.5,83025,1738303680
2025-01-31 11:39:00,CE,ATM+8,22.034974,1834350,23800.0,23400.05,123.75,127.7,123.75,126.75,53925,1738303740
2025-01-31 11:40:00,CE,ATM+8,22.038579,1834350,23800.0,23402.45,126.45,128.0,125.3,127.5,37875,1738303800
2025-01-31 11:41:00,CE,ATM+8,22.104771,1834350,23800.0,23395.7,127.6,127.9,125.5,126.15,20175,1738303860
2025-01-31 11:42:00,CE,ATM+8,22.116603,1836075,23800.0,23399.15,126.15,127.45,126.15,127.3,17925,1738303920
2025-01-31 11:43:00,CE,ATM+8,22.097032,1836075,23800.0,23400.05,127.0,127.8,126.4,127.35,20550,1738303980
2025-01-31 11:44:00,CE,ATM+8,22.154525,1836075,23800.0,23399.9,128.05,128.25,127.1,127.9,46050,1738304040
2025-01-31 11:45:00,CE,ATM+8,22.100773,1833000,23800.0,23406.1,127.8,129.7,127.8,129.2,60225,1738304100
2025-01-31 11:46:00,CE,ATM+8,22.134077,1833000,23800.0,23405.15,128.8,129.5,127.65,129.25,43125,1738304160
2025-01-31 11:47:00,CE,ATM+8,22.182963,1833000,23800.0,23403.0,129.1,129.7,128.2,129.1,32550,1738304220
2025-01-31 11:48:00,CE,ATM+8,22.116726,1834650,23800.0,23411.55,128.8,131.0,128.8,131.0,44400,1738304280
2025-01-31 11:49:00,CE,ATM+8,22.15643,1834650,23800.0,23415.55,130.7,133.4,130.7,132.65,97875,1738304340
2025-01-31 11:50:00,CE,ATM+8,22.095323,1834650,23800.0,23416.1,132.65,135.5,132.15,132.15,85125,1738304400
2025-01-31 11:51:00,CE,ATM+8,22.137649,1836600,23800.0,23422.05,132.4,134.6,131.3,134.45,62175,1738304460
2025-01-31 11:52:00,CE,ATM+8,22.083478,1836600,23800.0,23421.25,133.8,134.45,133.0,133.6,39825,1738304520
2025-01-31 11:53:00,CE,ATM+8,22.008757,1836600,23800.0,23422.75,133.7,134.25,133.0,133.25,38550,1738304580
2025-01-31 11:54:00,CE,ATM+8,22.005548,1846350,23800.0,23424.5,133.2,134.45,132.2,133.75,42900,1738304640
2025-01-31 11:55:00,CE,ATM+8,21.765615,652725,23850.0,23428.7,117.05,118.55,116.8,117.9,25350,1738304700
2025-01-31 11:56:00,CE,ATM+8,22.109208,1846350,23800.0,23424.85,135.1,135.8,134.1,134.95,43275,1738304760
2025-01-31 11:57:00,CE,ATM+8,21.801016,653550,23850.0,23427.35,117.8,118.0,116.75,117.85,10725,1738304820
2025-01-31 11:58:00,CE,ATM+8,22.069793,1828725,23800.0,23424.55,134.85,135.3,133.0,134.4,58125,1738304880
2025-01-31 11:59:00,CE,ATM+8,21.768622,653550,23850.0,23431.55,118.0,118.85,117.0,118.7,25875,1738304940
2025-01-31 12:00:00,CE,ATM+8,21.683998,649725,23850.0,23438.4,119.15,119.8,118.85,119.8,32550,1738305000
2025-01-31 12:01:00,CE,ATM+8,21.591965,649725,23850.0,23435.4,119.75,120.0,117.65,117.95,22950,1738305060
2025-01-31 12:02:00,CE,ATM+8,21.528381,649725,23850.0,23426.45,117.5,117.5,114.55,114.7,25650,1738305120
2025-01-31 12:03:00,CE,ATM+8,21.553853,652500,23850.0,23425.05,114.45,114.85,113.3,114.55,21900,1738305180
2025-01-31 12:04:00,CE,ATM+8,21.537945,652500,23850.0,23425.85,114.65,115.15,113.75,114.6,13500,1738305240
2025-01-31 12:05:00,CE,ATM+8,21.526185,652500,23850.0,23427.9,114.45,115.9,113.5,115.05,14175,1738305300
2025-01-31 12:06:00,CE,ATM+8,21.487405,655725,23850.0,23429.0,115.05,115.4,113.75,114.95,13650,1738305360
2025-01-31 12:07:00,CE,ATM+8,21.464483,655725,23850.0,23426.9,114.95,115.05,113.6,114.1,10500,1738305420
2025-01-31 12:08:00,CE,ATM+8,21.429556,655725,23850.0,23433.1,114.1,115.65,114.1,115.5,6750,1738305480
2025-01-31 12:09:00,CE,ATM+8,21.417855,652875,23850.0,23435.65,115.5,116.95,115.1,116.1,16200,1738305540
2025-01-31 12:10:00,CE,ATM+8,21.413321,652875,23850.0,23438.45,116.0,117.4,115.5,116.85,14625,1738305600
2025-01-31 12:11:00,CE,ATM+8,21.328271,652875,23850.0,23438.1,117.1,117.1,115.8,115.85,8325,1738305660
2025-01-31 12:12:00,CE,ATM+8,21.170387,653325,23850.0,23447.75,116.5,117.3,116.45,117.0,11100,1738305720
2025-01-31 12:13:00,CE,ATM+8,21.179052,653325,23850.0,23444.75,117.25,117.55,115.85,116.2,42225,1738305780
2025-01-31 12:14:00,CE,ATM+8,21.152571,653325,23850.0,23444.2,115.85,116.9,115.75,115.75,19575,1738305840
2025-01-31 12:15:00,CE,ATM+8,21.195021,656100,23850.0,23439.1,115.85,116.3,114.4,114.7,21300,1738305900
2025-01-31 12:16:00,CE,ATM+8,21.146395,656100,23850.0,23444.0,114.65,115.6,113.1,115.6,32625,1738305960
2025-01-31 12:17:00,CE,ATM+8,21.087914,656100,23850.0,23444.25,115.5,116.3,115.05,115.05,23400,1738306020
2025-01-31 12:18:00,CE,ATM+8,21.088001,667425,23850.0,23439.45,114.5,115.0,113.45,113.65,20400,1738306080
2025-01-31 12:19:00,CE,ATM+8,21.108947,667425,23850.0,23437.35,113.5,115.15,113.25,113.25,22725,1738306140
2025-01-31 12:20:00,CE,ATM+8,21.096041,667425,23850.0,23431.2,113.25,113.95,110.65,111.35,46350,1738306200
2025-01-31 12:21:00,CE,ATM+8,21.091983,665775,23850.0,23427.5,111.5,112.1,109.3,110.25,30900,1738306260
2025-01-31 12:22:00,CE,ATM+8,21.198563,665775,23850.0,23427.75,110.2,111.9,110.05,111.4,17250,1738306320
2025-01-31 12:23:00,CE,ATM+8,21.155801,665775,23850.0,23433.4,111.55,112.95,111.35,112.55,12600,1738306380
2025-01-31 12:24:00,CE,ATM+8,21.20902,666675,23850.0,23434.85,112.9,113.5,112.9,113.5,19425,1738306440
2025-01-31 12:25:00,CE,ATM+8,21.166756,666675,23850.0,23433.45,113.75,114.05,112.65,112.65,16500,1738306500
2025-01-31 12:26:00,CE,ATM+8,21.18608,666675,23850.0,23434.9,112.85,113.75,112.35,113.25,13050,1738306560
2025-01-31 12:27:00,CE,ATM+8,21.132391,664050,23850.0,23438.8,113.25,114.0,113.25,113.8,11925,1738306620
2025-01-31 12:28:00,CE,ATM+8,21.180399,664050,23850.0,23433.1,114.1,114.45,111.75,112.65,21900,1738306680
2025-01-31 12:29:00,CE,ATM+8,21.079966,664050,23850.0,23434.85,113.1,113.1,110.6,112.1,29550,1738306740
2025-01-31 12:30:00,CE,ATM+8,21.106933,663975,23850.0,23435.85,112.0,113.1,111.95,112.65,12750,1738306800
2025-01-31 12:31:00,CE,ATM+8,21.030021,663975,23850.0,23436.4,112.65,113.85,112.0,112.0,16500,1738306860
2025-01-31 12:32:00,CE,ATM+8,21.133091,663975,23850.0,23436.05,112.2,113.65,112.2,112.95,11025,1738306920
2025-01-31 12:33:00,CE,ATM+8,20.986036,663225,23850.0,23451.9,112.95,116.1,112.95,116.0,50700,1738306980
2025-01-31 12:34:00,CE,ATM+8,20.95712,663225,23850.0,23457.05,115.8,118.5,115.8,117.2,52050,1738307040
2025-01-31 12:35:00,CE,ATM+8,21.010862,663225,23850.0,23454.85,116.75,118.35,116.7,117.1,36525,1738307100
2025-01-31 12:36:00,CE,ATM+8,20.835889,672525,23850.0,23465.8,117.3,118.8,116.95,118.5,45900,1738307160
2025-01-31 12:37:00,CE,ATM+8,20.88026,672525,23850.0,23467.45,119.1,120.3,118.7,119.45,68025,1738307220
2025-01-31 12:38:00,CE,ATM+8,20.813455,672525,23850.0,23467.35,119.3,119.8,118.6,118.7,26850,1738307280
2025-01-31 12:39:00,CE,ATM+8,20.717267,669225,23850.0,23468.95,118.65,119.55,117.25,118.15,32550,1738307340
2025-01-31 12:40:00,CE,ATM+8,20.706262,669225,23850.0,23469.05,118.35,118.65,117.65,118.05,24225,1738307400
2025-01-31 12:41:00,CE,ATM+8,20.582618,669225,23850.0,23467.1,118.0,118.6,116.15,116.15,21825,1738307460
2025-01-31 12:42:00,CE,ATM+8,20.687082,664425,23850.0,23470.15,116.15,118.3,115.05,118.15,29250,1738307520
2025-01-31 12:43:00,CE,ATM+8,20.60602,664425,23850.0,23471.55,118.15,119.2,117.45,117.7,15825,1738307580
2025-01-31 12:44:00,CE,ATM+8,20.679762,664425,23850.0,23462.45,118.0,118.0,115.7,115.75,23325,1738307640
2025-01-31 12:45:00,CE,ATM+8,20.517217,666000,23850.0,23466.4,115.75,116.85,115.0,115.2,33300,1738307700
2025-01-31 12:46:00,CE,ATM+8,20.497343,666000,23850.0,23463.6,115.35,115.55,113.1,114.15,34500,1738307760
2025-01-31 12:47:00,CE,ATM+8,20.543542,666000,23850.0,23459.45,114.55,114.7,113.4,113.4,14850,1738307820
2025-01-31 12:48:00,CE,ATM+8,20.599479,663000,23850.0,23461.25,113.65,114.5,112.3,114.5,36825,1738307880
2025-01-31 12:49:00,CE,ATM+8,20.623622,663000,23850.0,23468.7,115.3,117.0,115.3,116.95,35250,1738307940
2025-01-31 12:50:00,CE,ATM+8,20.674648,663000,23850.0,23467.95,116.6,118.0,116.55,117.25,22350,1738308000
2025-01-31 12:51:00,CE,ATM+8,20.733305,650550,23850.0,23467.6,117.3,118.5,116.8,117.75,34800,1738308060
2025-01-31 12:52:00,CE,ATM+8,20.692692,650550,23850.0,23466.4,118.0,118.05,116.5,116.95,11250,1738308120
2025-01-31 12:53:00,CE,ATM+8,20.684815,650550,23850.0,23469.9,116.95,118.5,116.8,117.9,10200,1738308180
2025-01-31 12:54:00,CE,ATM+8,20.612045,667350,23850.0,23468.5,117.95,118.9,116.5,116.7,42750,1738308240
2025-01-31 12:55:00,CE,ATM+8,20.609233,667350,23850.0,23470.15,117.0,118.3,116.7,117.15,17100,1738308300
2025-01-31 12:56:00,CE,ATM+8,20.632275,667350,23850.0,23472.55,117.15,118.1,117.0,118.1,9525,1738308360
2025-01-31 12:57:00,CE,ATM+8,20.586752,667350,23850.0,23471.7,118.0,118.35,117.15,117.35,17850,1738308420
2025-01-31 12:58:00,CE,ATM+8,20.261842,1707150,23900.0,23476.45,100.9,101.8,100.35,101.5,37125,1738308480
2025-01-31 12:59:00,CE,ATM+8,20.242965,1707150,23900.0,23480.85,101.65,102.95,101.35,102.5,88950,1738308540
2025-01-31 13:00:00,CE,ATM+8,20.182385,1662150,23900.0,23488.55,102.3,104.55,102.3,104.0,154125,1738308600
2025-01-31 13:01:00,CE,ATM+8,20.060642,1662150,23900.0,23489.1,104.05,104.85,102.6,102.9,89100,1738308660
2025-01-31 13:02:00,CE,ATM+8,20.206515,1662150,23900.0,23476.85,103.1,103.3,100.1,101.0,90375,1738308720
2025-01-31 13:03:00,CE,ATM+8,20.558977,660600,23850.0,23472.95,117.2,118.5,117.05,117.35,13725,1738308780
2025-01-31 13:04:00,CE,ATM+8,20.707895,660600,23850.0,23466.75,116.7,117.75,115.8,117.05,33450,1738308840
2025-01-31 13:05:00,CE,ATM+8,20.769038,660600,23850.0,23466.65,117.1,117.9,116.3,117.65,14925,1738308900
2025-01-31 13:06:00,CE,ATM+8,20.708494,660600,23850.0,23466.15,117.5,117.9,116.8,116.85,12450,1738308960
2025-01-31 13:07:00,CE,ATM+8,20.724718,669075,23850.0,23471.8,117.3,118.7,116.9,118.7,11550,1738309020
2025-01-31 13:08:00,CE,ATM+8,20.646161,669075,23850.0,23474.6,118.7,119.4,118.0,118.7,26550,1738309080
2025-01-31 13:09:00,CE,ATM+8,20.300007,1711650,23900.0,23482.85,102.15,103.5,101.7,103.5,47475,1738309140
2025-01-31 13:10:00,CE,ATM+8,20.155709,1712550,23900.0,23490.35,103.5,104.25,103.0,104.1,82650,1738309200
2025-01-31 13:11:00,CE,ATM+8,20.172346,1712550,23900.0,23488.35,104.5,104.5,103.05,103.7,48225,1738309260
2025-01-31 13:12:00,CE,ATM+8,20.100233,1712550,23900.0,23492.65,103.5,104.15,102.6,104.15,38550,1738309320
2025-01-31 13:13:00,CE,ATM+8,19.988806,1716225,23900.0,23496.05,104.55,106.2,103.6,103.95,279525,1738309380
2025-01-31 13:14:00,CE,ATM+8,19.976502,1716225,23900.0,23500.1,104.0,105.15,103.15,104.95,81450,1738309440
2025-01-31 13:15:00,CE,ATM+8,19.890915,1716225,23900.0,23507.3,105.1,106.5,105.1,106.1,125175,1738309500
2025-01-31 13:16:00,CE,ATM+8,19.920537,1732650,23900.0,23507.85,107.15,107.3,105.65,106.55,97425,1738309560
2025-01-31 13:17:00,CE,ATM+8,19.842026,1732650,23900.0,23506.0,106.25,106.5,105.0,105.2,90225,1738309620
2025-01-31 13:18:00,CE,ATM+8,19.798173,1732650,23900.0,23506.05,105.3,105.75,104.25,104.75,83100,1738309680
2025-01-31 13:19:00,CE,ATM+8,19.747787,1742625,23900.0,23508.8,105.15,105.65,104.6,105.0,27825,1738309740
2025-01-31 13:20:00,CE,ATM+8,19.815541,1742625,23900.0,23509.55,105.1,105.95,105.0,105.9,79500,1738309800
2025-01-31 13:21:00,CE,ATM+8,19.881144,1742625,23900.0,23508.8,106.05,106.4,105.65,106.35,58275,1738309860
2025-01-31 13:22:00,CE,ATM+8,19.876003,1729800,23900.0,23505.7,106.1,106.1,104.8,105.4,39225,1738309920
2025-01-31 13:23:00,CE,ATM+8,19.76779,1729800,23900.0,23513.5,105.65,106.5,105.5,106.5,28650,1738309980
2025-01-31 13:24:00,CE,ATM+8,19.997128,1729800,23900.0,23513.1,106.65,109.2,106.65,108.75,167100,1738310040
2025-01-31 13:25:00,CE,ATM+8,20.261587,1702650,23900.0,23511.25,108.6,111.55,108.35,110.95,159375,1738310100
2025-01-31 13:26:00,CE,ATM+8,20.635654,1702650,23900.0,23517.85,111.5,117.7,110.55,116.8,365550,1738310160
2025-01-31 13:27:00,CE,ATM+8,20.409939,1702650,23900.0,23518.65,116.95,117.6,113.1,114.65,271950,1738310220
2025-01-31 13:28:00,CE,ATM+8,20.419632,1659675,23900.0,23522.55,115.15,116.7,114.55,115.9,102300,1738310280
2025-01-31 13:29:00,CE,ATM+8,20.37015,1659675,23900.0,23522.5,116.0,116.8,114.65,115.35,129300,1738310340
2025-01-31 13:30:00,CE,ATM+8,20.04147,774000,23950.0,23525.25,100.15,100.25,99.0,99.0,42975,1738310400
2025-01-31 13:31:00,CE,ATM+8,19.873395,784650,23950.0,23528.4,99.0,99.75,98.15,98.15,58200,1738310460
2025-01-31 13:32:00,CE,ATM+8,20.000523,1665450,23900.0,23521.05,115.0,115.15,110.55,111.0,122775,1738310520
2025-01-31 13:33:00,CE,ATM+8,20.208697,1665450,23900.0,23523.35,111.35,113.9,110.55,113.85,86400,1738310580
2025-01-31 13:34:00,CE,ATM+8,20.186836,1659300,23900.0,23524.0,114.2,114.4,111.4,113.8,82125,1738310640
2025-01-31 13:35:00,CE,ATM+8,20.153473,1659300,23900.0,23522.7,113.9,114.0,111.85,113.05,34200,1738310700
2025-01-31 13:36:00,CE,ATM+8,20.145177,1659300,23900.0,23521.35,113.25,113.4,112.35,112.55,23700,1738310760
2025-01-31 13:37:00,CE,ATM+8,20.141125,1650450,23900.0,23513.7,112.3,112.45,110.0,110.25,65325,1738310820
2025-01-31 13:38:00,CE,ATM+8,20.120988,1650450,23900.0,23513.95,110.0,111.5,110.0,110.1,57750,1738310880
2025-01-31 13:39:00,CE,ATM+8,20.041439,1650450,23900.0,23508.55,110.4,110.4,107.55,107.7,121875,1738310940
2025-01-31 13:40:00,CE,ATM+8,20.224193,1648125,23900.0,23513.1,108.0,110.95,107.25,110.9,70275,1738311000
2025-01-31 13:41:00,CE,ATM+8,20.205234,1648125,23900.0,23512.45,111.2,111.2,109.9,110.5,57225,1738311060
2025-01-31 13:42:00,CE,ATM+8,20.212342,1648125,23900.0,23513.1,110.85,110.85,110.0,110.75,31125,1738311120
2025-01-31 13:43:00,CE,ATM+8,20.053487,1655850,23900.0,23494.0,110.55,111.2,103.45,103.65,138600,1738311180
2025-01-31 13:44:00,CE,ATM+8,20.066665,1655850,23900.0,23506.65,103.5,108.4,102.1,107.35,135375,1738311240
2025-01-31 13:45:00,CE,ATM+8,20.020818,1655850,23900.0,23505.2,107.65,107.65,105.3,106.45,54900,1738311300
2025-01-31 13:46:00,CE,ATM+8,19.956451,1666050,23900.0,23511.75,106.6,107.65,104.2,107.65,65025,1738311360
2025-01-31 13:47:00,CE,ATM+8,19.996998,1666050,23900.0,23505.45,107.65,107.85,105.35,106.25,58050,1738311420
2025-01-31 13:48:00,CE,ATM+8,20.07321,1666050,23900.0,23500.45,106.55,106.55,104.7,105.6,35475,1738311480
2025-01-31 13:49:00,CE,ATM+8,20.053939,1668150,23900.0,23501.9,106.0,106.5,103.75,105.8,48375,1738311540
2025-01-31 13:50:00,CE,ATM+8,20.069473,1668150,23900.0,23505.6,106.3,107.0,105.75,107.0,36825,1738311600
2025-01-31 13:51:00,CE,ATM+8,20.059077,1668150,23900.0,23501.1,107.1,107.15,105.55,105.6,62850,1738311660
2025-01-31 13:52:00,CE,ATM+8,19.999102,1666350,23900.0,23494.25,105.2,106.3,102.4,103.05,85875,1738311720
2025-01-31 13:53:00,CE,ATM+8,20.001659,1666350,23900.0,23497.6,104.15,106.15,103.2,104.0,78900,1738311780
2025-01-31 13:54:00,CE,ATM+8,20.12887,1666350,23900.0,23494.8,104.6,104.6,101.25,104.5,72450,1738311840
2025-01-31 13:55:00,CE,ATM+8,20.098295,1633650,23900.0,23493.1,104.4,104.6,102.75,103.7,36000,1738311900
2025-01-31 13:56:00,CE,ATM+8,20.066057,1633650,23900.0,23488.2,103.95,103.95,101.8,102.0,70800,1738311960
2025-01-31 13:57:00,CE,ATM+8,20.099913,1633650,23900.0,23482.45,102.3,102.5,99.85,100.75,118500,1738312020
2025-01-31 13:58:00,CE,ATM+8,20.168061,1686975,23900.0,23484.55,100.75,102.0,100.75,102.0,42075,1738312080
2025-01-31 13:59:00,CE,ATM+8,20.254086,1686975,23900.0,23481.8,101.8,102.9,100.95,102.1,47850,1738312140
2025-01-31 14:00:00,CE,ATM+8,20.473413,593250,23850.0,23474.55,118.1,119.0,114.75,116.15,67125,1738312200
2025-01-31 14:01:00,CE,ATM+8,20.313002,1688325,23900.0,23481.55,99.6,103.15,99.6,102.6,78675,1738312260
2025-01-31 14:02:00,CE,ATM+8,20.419136,1688325,23900.0,23476.05,102.65,103.35,101.9,102.15,52875,1738312320
2025-01-31 14:03:00,CE,ATM+8,20.643236,618750,23850.0,23471.9,117.5,118.45,115.75,117.1,21450,1738312380
2025-01-31 14:04:00,CE,ATM+8,20.500441,625575,23850.0,23473.45,118.0,118.0,116.05,116.05,19425,1738312440
2025-01-31 14:05:00,CE,ATM+8,20.187291,625575,23850.0,23460.45,116.0,116.05,108.35,108.95,128100,1738312500
2025-01-31 14:06:00,CE,ATM+8,20.349099,625575,23850.0,23455.4,109.0,110.5,107.1,109.15,76950,1738312560
2025-01-31 14:07:00,CE,ATM+8,20.395435,672825,23850.0,23455.35,109.1,110.2,107.95,109.6,35325,1738312620
2025-01-31 14:08:00,CE,ATM+8,20.524146,672825,23850.0,23456.85,109.95,111.8,109.65,111.35,29400,1738312680
2025-01-31 14:09:00,CE,ATM+8,20.852489,672825,23850.0,23438.85,111.5,111.5,108.55,109.55,40125,1738312740
2025-01-31 14:10:00,CE,ATM+8,20.969192,684975,23850.0,23433.8,109.25,110.15,108.75,109.3,37425,1738312800
2025-01-31 14:11:00,CE,ATM+8,20.863132,684975,23850.0,23441.2,110.0,110.75,109.25,110.3,25050,1738312860
2025-01-31 14:12:00,CE,ATM+8,20.792738,684975,23850.0,23442.2,110.0,110.35,104.8,109.85,61500,1738312920
2025-01-31 14:13:00,CE,ATM+8,20.879366,696600,23850.0,23438.6,109.4,110.0,108.75,109.7,25500,1738312980
2025-01-31 14:14:00,CE,ATM+8,20.7888,696600,23850.0,23447.85,110.2,111.5,110.1,111.4,40725,1738313040
2025-01-31 14:15:00,CE,ATM+8,20.804371,696600,23850.0,23442.45,111.4,113.5,110.0,110.0,59100,1738313100
2025-01-31 14:16:00,CE,ATM+8,21.06691,717525,23850.0,23427.7,109.35,110.0,106.55,108.5,47625,1738313160
2025-01-31 14:17:00,CE,ATM+8,21.010134,717525,23850.0,23432.3,108.85,110.05,107.9,109.2,30825,1738313220
2025-01-31 14:18:00,CE,ATM+8,21.058877,717525,23850.0,23425.4,108.7,109.4,106.8,107.75,26475,1738313280
2025-01-31 14:19:00,CE,ATM+8,20.929551,717600,23850.0,23436.9,108.05,110.0,107.2,109.65,14925,1738313340
2025-01-31 14:20:00,CE,ATM+8,21.016143,717600,23850.0,23434.0,109.45,109.95,108.8,109.7,11100,1738313400
2025-01-31 14:21:00,CE,ATM+8,20.929777,717600,23850.0,23438.75,109.7,110.75,109.7,110.15,21000,1738313460
2025-01-31 14:22:00,CE,ATM+8,20.88894,728475,23850.0,23447.25,110.25,112.9,110.2,112.15,32925,1738313520
2025-01-31 14:23:00,CE,ATM+8,20.820786,728475,23850.0,23450.25,112.2,113.2,111.2,112.3,64725,1738313580
2025-01-31 14:24:00,CE,ATM+8,20.8461,728475,23850.0,23445.4,112.5,112.9,110.65,111.15,23850,1738313640
2025-01-31 14:25:00,CE,ATM+8,20.960419,751050,23850.0,23436.25,110.75,110.95,108.8,109.7,44775,1738313700
2025-01-31 14:26:00,CE,ATM+8,20.82521,751050,23850.0,23438.7,109.4,109.5,108.3,109.0,13350,1738313760
2025-01-31 14:27:00,CE,ATM+8,20.852534,751050,23850.0,23436.7,109.05,109.1,108.05,108.7,15075,1738313820
2025-01-31 14:28:00,CE,ATM+8,20.927945,752625,23850.0,23432.6,108.2,108.3,106.5,108.3,24600,1738313880
2025-01-31 14:29:00,CE,ATM+8,20.790117,752625,23850.0,23444.5,108.3,111.0,107.85,110.25,25725,1738313940
2025-01-31 14:30:00,CE,ATM+8,20.852424,752625,23850.0,23435.25,110.65,111.0,107.45,108.25,30300,1738314000
2025-01-31 14:31:00,CE,ATM+8,20.915717,759750,23850.0,23438.5,108.85,109.85,108.05,109.8,26625,1738314060
2025-01-31 14:32:00,CE,ATM+8,20.830233,759750,23850.0,23442.15,110.3,110.95,109.55,109.95,19200,1738314120
2025-01-31 14:33:00,CE,ATM+8,20.756027,759750,23850.0,23448.7,109.95,111.55,109.65,111.05,21900,1738314180
2025-01-31 14:34:00,CE,ATM+8,20.738887,762900,23850.0,23452.65,111.25,112.15,110.8,112.0,25800,1738314240
2025-01-31 14:35:00,CE,ATM+8,20.697452,762900,23850.0,23452.1,112.05,112.7,110.45,111.4,33525,1738314300
2025-01-31 14:36:00,CE,ATM+8,20.744146,762900,23850.0,23447.7,111.3,111.7,110.4,110.6,17550,1738314360
2025-01-31 14:37:00,CE,ATM+8,20.726624,766200,23850.0,23454.95,110.9,112.9,110.75,112.5,23850,1738314420
2025-01-31 14:38:00,CE,ATM+8,20.753768,766200,23850.0,23455.75,113.2,113.8,112.7,113.0,32925,1738314480
2025-01-31 14:39:00,CE,ATM+8,20.671935,766200,23850.0,23463.3,113.1,114.7,112.9,114.35,32700,1738314540
2025-01-31 14:40:00,CE,ATM+8,20.738454,770925,23850.0,23467.25,115.0,116.2,113.85,116.2,59925,1738314600
2025-01-31 14:41:00,CE,ATM+8,20.731501,770925,23850.0,23466.7,116.1,117.2,115.45,115.95,43350,1738314660
2025-01-31 14:42:00,CE,ATM+8,20.713268,770925,23850.0,23474.9,116.15,118.85,115.9,118.2,65025,1738314720
2025-01-31 14:43:00,CE,ATM+8,20.402423,1981650,23900.0,23485.15,102.25,104.45,101.85,103.95,168300,1738314780
2025-01-31 14:44:00,CE,ATM+8,20.36266,1981650,23900.0,23484.3,103.85,103.85,102.3,103.3,115200,1738314840
2025-01-31 14:45:00,CE,ATM+8,20.481239,1981650,23900.0,23479.1,103.05,104.65,101.55,103.05,163500,1738314900
2025-01-31 14:46:00,CE,ATM+8,20.247296,2030625,23900.0,23493.45,102.8,105.1,102.7,104.65,94275,1738314960
2025-01-31 14:47:00,CE,ATM+8,20.416975,2030625,23900.0,23486.25,104.8,105.7,104.0,104.35,156225,1738315020
2025-01-31 14:48:00,CE,ATM+8,20.447287,2030625,23900.0,23480.85,104.55,106.0,102.9,103.15,122400,1738315080
2025-01-31 14:49:00,CE,ATM+8,20.474179,2013150,23900.0,23485.7,103.5,105.1,103.5,104.75,67875,1738315140
2025-01-31 14:50:00,CE,ATM+8,20.335568,2013150,23900.0,23494.0,105.3,106.95,105.15,105.65,157200,1738315200
2025-01-31 14:51:00,CE,ATM+8,20.38067,2013150,23900.0,23488.3,105.85,106.15,104.5,104.5,69225,1738315260
2025-01-31 14:52:00,CE,ATM+8,20.436286,2007525,23900.0,23490.8,104.35,106.4,104.35,105.75,53100,1738315320
2025-01-31 14:53:00,CE,ATM+8,20.369881,2007525,23900.0,23491.65,105.8,106.0,104.85,105.3,54525,1738315380
2025-01-31 14:54:00,CE,ATM+8,20.384556,2007525,23900.0,23488.3,105.15,105.3,103.65,104.5,59250,1738315440
2025-01-31 14:55:00,CE,ATM+8,20.378453,2000250,23900.0,23486.05,104.5,104.8,102.35,103.8,98175,1738315500
2025-01-31 14:56:00,CE,ATM+8,20.419862,2000250,23900.0,23486.75,103.6,105.05,103.6,104.4,55425,1738315560
2025-01-31 14:57:00,CE,ATM+8,20.296864,2000250,23900.0,23493.95,104.45,105.3,104.15,105.15,58425,1738315620
2025-01-31 14:58:00,CE,ATM+8,20.278543,1975725,23900.0,23487.85,105.25,106.45,103.05,103.25,93150,1738315680
2025-01-31 14:59:00,CE,ATM+8,20.293928,1975725,23900.0,23494.15,103.25,105.9,101.0,105.15,150900,1738315740
2025-01-31 15:00:00,CE,ATM+8,20.06672,1975725,23900.0,23499.4,104.85,104.95,103.05,104.3,104550,1738315800
2025-01-31 15:01:00,CE,ATM+8,20.215329,2001975,23900.0,23486.5,103.85,104.65,102.0,102.2,95100,1738315860
2025-01-31 15:02:00,CE,ATM+8,20.061801,2001975,23900.0,23483.05,101.85,102.15,98.6,99.7,149400,1738315920
2025-01-31 15:03:00,CE,ATM+8,19.869232,2001975,23900.0,23495.25,100.15,101.1,99.4,101.1,98175,1738315980
2025-01-31 15:04:00,CE,ATM+8,19.720901,1983300,23900.0,23500.7,101.0,101.25,100.0,101.1,63300,1738316040
2025-01-31 15:05:00,CE,ATM+8,19.579897,1983300,23900.0,23492.65,101.5,101.65,97.35,97.45,134475,1738316100
2025-01-31 15:06:00,CE,ATM+8,19.633163,1983300,23900.0,23490.0,97.2,98.6,96.0,97.25,91875,1738316160
2025-01-31 15:07:00,CE,ATM+8,19.465084,1979700,23900.0,23486.8,97.4,97.55,93.9,94.7,114600,1738316220
2025-01-31 15:08:00,CE,ATM+8,19.583193,1979700,23900.0,23493.95,95.35,98.1,93.45,97.8,140625,1738316280
2025-01-31 15:09:00,CE,ATM+8,19.793876,1979700,23900.0,23505.6,98.05,103.15,98.05,103.15,199500,1738316340
2025-01-31 15:10:00,CE,ATM+8,19.640743,1890375,23900.0,23507.1,103.4,103.8,101.5,102.0,125325,1738316400
2025-01-31 15:11:00,CE,ATM+8,19.557724,1890375,23900.0,23508.55,102.0,102.85,99.1,101.55,116850,1738316460
2025-01-31 15:12:00,CE,ATM+8,19.290805,1890375,23900.0,23514.7,101.65,102.05,100.15,100.55,86700,1738316520
2025-01-31 15:13:00,CE,ATM+8,19.401588,1882350,23900.0,23510.2,100.9,102.15,100.0,100.4,62100,1738316580
2025-01-31 15:14:00,CE,ATM+8,19.35927,1882350,23900.0,23515.15,100.2,102.2,99.7,101.35,125325,1738316640
2025-01-31 15:15:00,CE,ATM+8,19.515284,1882350,23900.0,23509.2,100.65,101.25,100.2,101.25,117600,1738316700
2025-01-31 15:16:00,CE,ATM+8,19.686604,1852425,23900.0,23508.2,101.15,102.7,101.15,102.7,87900,1738316760
2025-01-31 15:17:00,CE,ATM+8,19.637568,1852425,23900.0,23500.55,102.3,102.6,99.35,100.05,131400,1738316820
2025-01-31 15:18:00,CE,ATM+8,19.411087,1852425,23900.0,23511.15,99.85,101.1,98.65,100.7,121275,1738316880
2025-01-31 15:19:00,CE,ATM+8,19.462795,1867425,23900.0,23515.7,101.4,102.6,101.4,102.5,101400,1738316940
2025-01-31 15:20:00,CE,ATM+8,19.437726,1867425,23900.0,23517.35,102.85,103.55,102.35,102.7,122925,1738317000
2025-01-31 15:21:00,CE,ATM+8,19.487112,1867425,23900.0,23518.25,102.95,103.95,102.7,103.45,77700,1738317060
2025-01-31 15:22:00,CE,ATM+8,19.463981,1823850,23900.0,23518.6,103.55,103.75,102.0,103.3,163950,1738317120
2025-01-31 15:23:00,CE,ATM+8,19.451989,1823850,23900.0,23519.25,102.95,103.8,102.95,103.35,67575,1738317180
2025-01-31 15:24:00,CE,ATM+8,19.480175,1823850,23900.0,23521.25,103.7,104.4,103.45,104.2,83550,1738317240
2025-01-31 15:25:00,CE,ATM+8,19.46353,1780200,23900.0,23519.45,104.0,104.0,102.75,103.5,101925,1738317300
2025-01-31 15:26:00,CE,ATM+8,19.39157,1780200,23900.0,23521.55,103.6,103.75,102.85,103.35,66750,1738317360
2025-01-31 15:27:00,CE,ATM+8,19.11649,918750,23950.0,23530.4,88.75,89.75,88.6,89.75,51750,1738317420
2025-01-31 15:28:00,CE,ATM+8,19.010663,918000,23950.0,23536.9,89.6,90.4,89.25,90.4,66300,1738317480
2025-01-31 15:29:00,CE,ATM+8,18.991444,918000,23950.0,23533.85,90.15,90.7,89.4,89.4,72000,1738317540
2025-02-01 09:15:00,CE,ATM+8,20.223869,888225,23950.0,23536.05,93.0,95.0,85.65,88.2,273075,1738381500
2025-02-01 09:16:00,CE,ATM+8,19.561935,1707000,23900.0,23522.2,101.5,101.5,89.6,91.25,292875,1738381560
2025-02-01 09:17:00,CE,ATM+8,18.828623,1707000,23900.0,23503.8,89.9,91.8,79.65,79.65,308925,1738381620
2025-02-01 09:18:00,CE,ATM+8,19.166531,1843200,23900.0,23505.55,79.65,85.45,78.1,83.15,285825,1738381680
2025-02-01 09:19:00,CE,ATM+8,19.032663,1843200,23900.0,23498.4,81.75,82.9,80.0,80.1,144225,1738381740
2025-02-01 09:20:00,CE,ATM+8,18.803741,1843200,23900.0,23487.1,79.35,79.75,72.2,75.25,250500,1738381800
2025-02-01 09:21:00,CE,ATM+8,19.326135,1883550,23900.0,23488.6,74.7,82.2,73.4,80.25,196350,1738381860
2025-02-01 09:22:00,CE,ATM+8,19.322891,1883550,23900.0,23496.5,78.65,82.35,78.65,82.2,147375,1738381920
2025-02-01 09:23:00,CE,ATM+8,19.800011,1883550,23900.0,23493.7,82.4,88.65,82.4,85.8,251400,1738381980
2025-02-01 09:24:00,CE,ATM+8,20.098778,1885125,23900.0,23494.4,85.3,89.6,85.3,88.7,148950,1738382040
2025-02-01 09:25:00,CE,ATM+8,19.771511,1885125,23900.0,23493.45,87.8,89.55,85.45,85.45,147450,1738382100
2025-02-01 09:26:00,CE,ATM+8,20.017593,1885125,23900.0,23500.95,85.55,89.7,85.35,89.65,87075,1738382160
2025-02-01 09:27:00,CE,ATM+8,20.217562,1894275,23900.0,23498.75,89.9,91.2,89.3,90.9,139125,1738382220
2025-02-01 09:28:00,CE,ATM+8,19.95847,1894275,23900.0,23503.3,90.2,90.3,87.95,89.7,114825,1738382280
2025-02-01 09:29:00,CE,ATM+8,20.308542,1894275,23900.0,23506.7,89.85,93.85,89.5,93.85,203925,1738382340
2025-02-01 09:30:00,CE,ATM+8,20.526722,975675,23950.0,23532.7,81.8,90.0,81.8,89.9,142500,1738382400
2025-02-01 09:31:00,CE,ATM+8,20.147102,8550375,24000.0,23583.95,79.35,93.0,79.35,87.15,1787775,1738382460
2025-02-01 09:32:00,CE,ATM+8,20.419985,975675,23950.0,23557.35,97.4,99.25,90.6,95.45,244575,1738382520
2025-02-01 09:33:00,CE,ATM+8,20.465319,1009050,23950.0,23558.95,94.8,97.65,94.75,96.3,123150,1738382580
2025-02-01 09:34:00,CE,ATM+8,20.559983,1009050,23950.0,23562.65,96.95,100.15,95.95,98.2,150675,1738382640
2025-02-01 09:35:00,CE,ATM+8,20.618166,1009050,23950.0,23553.8,98.25,99.1,95.3,96.3,98775,1738382700
2025-02-01 09:36:00,CE,ATM+8,20.871048,1046400,23950.0,23547.9,95.75,97.95,91.1,97.05,131325,1738382760
2025-02-01 09:37:00,CE,ATM+8,20.66622,1046400,23950.0,23558.45,97.7,98.55,97.05,98.0,84975,1738382820
2025-02-01 09:38:00,CE,ATM+8,20.783987,1046400,23950.0,23551.0,97.75,98.35,95.3,97.05,80100,1738382880
2025-02-01 09:39:00,CE,ATM+8,20.63877,1084425,23950.0,23549.8,96.55,96.55,93.75,95.35,96675,1738382940
2025-02-01 09:40:00,CE,ATM+8,20.821054,1084425,23950.0,23543.55,94.85,96.3,94.2,95.35,43050,1738383000
2025-02-01 09:41:00,CE,ATM+8,20.486826,1084425,23950.0,23565.5,95.05,100.1,95.05,98.2,153000,1738383060
2025-02-01 09:42:00,CE,ATM+8,20.577133,1148550,23950.0,23561.75,98.3,99.4,97.55,98.0,69675,1738383120
2025-02-01 09:43:00,CE,ATM+8,20.53198,1148550,23950.0,23567.65,98.25,99.3,97.45,99.2,72450,1738383180
2025-02-01 09:44:00,CE,ATM+8,20.56955,1148550,23950.0,23558.85,99.2,99.2,97.0,97.1,70200,1738383240
2025-02-01 09:45:00,CE,ATM+8,20.584072,1184925,23950.0,23560.4,97.0,97.95,94.35,97.65,99075,1738383300
2025-02-01 09:46:00,CE,ATM+8,20.430479,1184925,23950.0,23573.2,97.75,100.15,97.65,99.75,113025,1738383360
2025-02-01 09:47:00,CE,ATM+8,20.352936,1184925,23950.0,23574.1,100.05,100.6,99.0,99.25,85125,1738383420
2025-02-01 09:48:00,CE,ATM+8,20.309086,8535825,24000.0,23575.75,86.5,87.0,83.9,86.3,343650,1738383480
2025-02-01 09:49:00,CE,ATM+8,20.216222,1218150,23950.0,23573.85,99.3,99.3,97.85,97.85,43725,1738383540
2025-02-01 09:50:00,CE,ATM+8,20.325236,1218150,23950.0,23574.3,98.0,100.05,98.0,99.0,55650,1738383600
2025-02-01 09:51:00,CE,ATM+8,20.027991,1227225,23950.0,23569.75,99.05,99.75,94.9,94.9,79425,1738383660
2025-02-01 09:52:00,CE,ATM+8,20.163648,8535825,24000.0,23580.35,82.7,86.1,82.6,86.1,258225,1738383720
2025-02-01 09:53:00,CE,ATM+8,20.023503,8535825,24000.0,23578.3,85.5,86.1,84.05,84.3,218250,1738383780
2025-02-01 09:54:00,CE,ATM+8,19.881885,8681775,24000.0,23578.25,84.15,85.0,81.45,83.0,436650,1738383840
2025-02-01 09:55:00,CE,ATM+8,19.915777,8681775,24000.0,23582.25,83.4,84.75,83.25,84.3,210825,1738383900
2025-02-01 09:56:00,CE,ATM+8,20.079164,1257900,23950.0,23559.45,95.05,95.05,80.55,92.5,386775,1738383960
2025-02-01 09:57:00,CE,ATM+8,20.090409,1258800,23950.0,23562.8,92.45,94.95,89.85,93.5,146025,1738384020
2025-02-01 09:58:00,CE,ATM+8,20.143915,1258800,23950.0,23556.2,93.4,93.4,90.4,92.2,52125,1738384080
2025-02-01 09:59:00,CE,ATM+8,20.086263,1258800,23950.0,23560.65,92.15,93.6,90.7,92.85,47775,1738384140
2025-02-01 10:00:00,CE,ATM+8,20.263538,1257750,23950.0,23559.2,92.55,94.4,92.1,94.1,51150,1738384200
2025-02-01 10:01:00,CE,ATM+8,20.181857,1257750,23950.0,23552.8,94.1,94.1,90.95,91.6,46500,1738384260
2025-02-01 10:02:00,CE,ATM+8,20.190155,1257750,23950.0,23559.25,91.6,93.85,91.6,93.4,59250,1738384320
2025-02-01 10:03:00,CE,ATM+8,20.170965,1274100,23950.0,23563.45,93.6,94.45,93.0,94.35,55500,1738384380
2025-02-01 10:04:00,CE,ATM+8,20.248571,1274100,23950.0,23559.55,94.2,94.9,92.55,94.0,63375,1738384440
2025-02-01 10:05:00,CE,ATM+8,20.090875,1274100,23950.0,23554.85,93.95,99.05,84.5,91.25,281400,1738384500
2025-02-01 10:06:00,CE,ATM+8,19.931288,1298025,23950.0,23568.35,90.9,93.4,90.85,93.4,97800,1738384560
2025-02-01 10:07:00,CE,ATM+8,20.062136,1298025,23950.0,23561.7,92.45,93.4,90.2,92.8,87150,1738384620
2025-02-01 10:08:00,CE,ATM+8,19.975679,1298025,23950.0,23559.55,92.65,92.65,90.45,91.4,41325,1738384680
2025-02-01 10:09:00,CE,ATM+8,19.882914,1318500,23950.0,23558.15,91.3,92.2,89.9,90.15,49500,1738384740
2025-02-01 10:10:00,CE,ATM+8,19.996094,1318500,23950.0,23558.2,90.15,92.7,89.35,91.2,66525,1738384800
2025-02-01 10:11:00,CE,ATM+8,19.950264,1318500,23950.0,23559.65,90.65,91.7,90.0,91.15,29025,1738384860
2025-02-01 10:12:00,CE,ATM+8,20.08647,1332150,23950.0,23556.85,90.85,91.8,90.4,91.65,22350,1738384920
2025-02-01 10:13:00,CE,ATM+8,20.064806,1332150,23950.0,23553.35,91.15,91.35,90.15,90.5,31650,1738384980
2025-02-01 10:14:00,CE,ATM+8,20.100691,1332150,23950.0,23555.9,90.4,91.5,88.9,91.5,32400,1738385040
2025-02-01 10:15:00,CE,ATM+8,20.024272,1331025,23950.0,23562.3,91.4,92.5,90.45,92.5,54825,1738385100
2025-02-01 10:16:00,CE,ATM+8,19.879896,1331025,23950.0,23567.5,92.2,93.0,91.65,92.55,57975,1738385160
2025-02-01 10:17:00,CE,ATM+8,19.966866,1331025,23950.0,23559.75,92.65,92.65,90.95,91.25,40800,1738385220
2025-02-01 10:18:00,CE,ATM+8,19.92641,1336725,23950.0,23565.45,91.75,92.8,91.2,92.4,35850,1738385280
2025-02-01 10:19:00,CE,ATM+8,19.972044,1336725,23950.0,23572.15,92.6,95.8,92.0,94.65,112950,1738385340
2025-02-01 10:20:00,CE,ATM+8,19.818139,1336725,23950.0,23560.2,94.65,95.15,89.9,89.95,104475,1738385400
2025-02-01 10:21:00,CE,ATM+8,19.786129,1371900,23950.0,23560.05,90.05,91.35,87.2,89.6,100275,1738385460
2025-02-01 10:22:00,CE,ATM+8,19.758946,1371900,23950.0,23562.35,89.7,90.65,89.45,89.95,34650,1738385520
2025-02-01 10:23:00,CE,ATM+8,19.871593,1371900,23950.0,23567.4,89.15,93.25,89.05,92.35,124800,1738385580
2025-02-01 10:24:00,CE,ATM+8,19.723006,1335225,23950.0,23570.9,92.2,93.05,90.9,91.9,42225,1738385640
2025-02-01 10:25:00,CE,ATM+8,19.853435,1335225,23950.0,23566.1,91.8,92.3,91.2,91.8,25800,1738385700
2025-02-01 10:26:00,CE,ATM+8,19.835094,1335225,23950.0,23564.75,91.25,92.05,90.7,91.25,40275,1738385760
2025-02-01 10:27:00,CE,ATM+8,19.876572,1350300,23950.0,23564.85,91.25,91.95,90.55,91.65,31800,1738385820
2025-02-01 10:28:00,CE,ATM+8,19.793251,1350300,23950.0,23571.8,91.65,93.0,91.25,92.75,41625,1738385880
2025-02-01 10:29:00,CE,ATM+8,19.730979,1350300,23950.0,23568.3,92.6,92.8,90.9,91.2,41700,1738385940
2025-02-01 10:30:00,CE,ATM+8,19.767313,1359375,23950.0,23563.95,91.2,92.45,90.2,90.35,27450,1738386000
2025-02-01 10:31:00,CE,ATM+8,19.925943,1359375,23950.0,23563.35,90.4,92.15,90.4,91.65,36150,1738386060
2025-02-01 10:32:00,CE,ATM+8,20.019987,1359375,23950.0,23560.9,91.8,92.05,91.25,91.85,19275,1738386120
2025-02-01 10:33:00,CE,ATM+8,19.928206,1354350,23950.0,23564.85,92.1,93.3,91.9,92.05,26850,1738386180
2025-02-01 10:34:00,CE,ATM+8,20.023537,1354350,23950.0,23563.65,91.75,92.6,91.75,92.6,16725,1738386240
2025-02-01 10:35:00,CE,ATM+8,19.940482,1354350,23950.0,23563.05,92.6,92.6,90.9,91.65,30600,1738386300
2025-02-01 10:36:00,CE,ATM+8,19.895221,1367325,23950.0,23565.95,91.65,92.2,91.2,92.0,13800,1738386360
2025-02-01 10:37:00,CE,ATM+8,19.903035,1367325,23950.0,23563.7,92.0,92.2,91.45,91.45,16725,1738386420
2025-02-01 10:38:00,CE,ATM+8,19.815489,1367325,23950.0,23562.5,91.2,91.85,90.05,90.3,30525,1738386480
2025-02-01 10:39:00,CE,ATM+8,19.855068,1376400,23950.0,23562.3,90.3,91.15,90.3,90.6,9000,1738386540
2025-02-01 10:40:00,CE,ATM+8,19.851415,1376400,23950.0,23566.55,90.6,92.0,90.2,91.7,33150,1738386600
2025-02-01 10:41:00,CE,ATM+8,19.841083,9335625,24000.0,23592.55,80.0,88.85,80.0,85.65,934125,1738386660
2025-02-01 10:42:00,CE,ATM+8,20.007407,9238800,24000.0,23591.0,85.8,87.2,85.8,86.75,559875,1738386720
2025-02-01 10:43:00,CE,ATM+8,19.804592,9238800,24000.0,23582.55,86.4,86.85,81.2,82.75,525750,1738386780
2025-02-01 10:44:00,CE,ATM+8,19.957946,9238800,24000.0,23581.7,83.1,84.45,82.4,83.9,226950,1738386840
2025-02-01 10:45:00,CE,ATM+8,19.99691,9209250,24000.0,23581.75,84.05,85.65,83.8,84.25,236775,1738386900
2025-02-01 10:46:00,CE,ATM+8,20.026842,9209250,24000.0,23579.35,83.55,84.2,82.45,83.9,224400,1738386960
2025-02-01 10:47:00,CE,ATM+8,19.983729,9209250,24000.0,23583.9,83.7,85.65,83.5,84.65,226425,1738387020
2025-02-01 10:48:00,CE,ATM+8,20.030624,9286725,24000.0,23584.45,84.9,85.3,83.65,85.2,195975,1738387080
2025-02-01 10:49:00,CE,ATM+8,20.147491,9286725,24000.0,23580.75,85.05,85.6,84.3,85.3,221175,1738387140
2025-02-01 10:50:00,CE,ATM+8,20.110676,9286725,24000.0,23579.15,85.15,85.85,84.5,84.55,181350,1738387200
2025-02-01 10:51:00,CE,ATM+8,20.044245,9259575,24000.0,23582.55,84.55,85.45,84.35,84.8,202725,1738387260
2025-02-01 10:52:00,CE,ATM+8,20.060852,9259575,24000.0,23582.8,84.85,85.9,84.8,85.0,203850,1738387320
2025-02-01 10:53:00,CE,ATM+8,19.965132,9259575,24000.0,23582.9,84.85,85.15,83.75,84.15,209700,1738387380
2025-02-01 10:54:00,CE,ATM+8,20.010458,9300525,24000.0,23586.65,84.35,85.6,84.35,85.5,182100,1738387440
2025-02-01 10:55:00,CE,ATM+8,20.125215,9300525,24000.0,23582.05,85.75,86.0,85.15,85.35,173775,1738387500
2025-02-01 10:56:00,CE,ATM+8,20.152159,9300525,24000.0,23580.95,85.5,85.6,84.95,85.3,175650,1738387560
2025-02-01 10:57:00,CE,ATM+8,20.585959,9147750,24000.0,23590.65,85.55,97.0,85.4,91.75,1447650,1738387620
2025-02-01 10:58:00,CE,ATM+8,20.928333,9147750,24000.0,23584.65,91.9,93.3,88.45,93.3,615675,1738387680
2025-02-01 10:59:00,CE,ATM+8,20.73986,9147750,24000.0,23590.5,94.45,99.5,90.7,93.1,919125,1738387740
2025-02-01 11:00:00,CE,ATM+8,20.74542,9216300,24000.0,23591.3,92.5,94.65,91.7,93.35,515175,1738387800
2025-02-01 11:01:00,CE,ATM+8,20.831967,9216300,24000.0,23575.55,92.95,93.25,89.2,90.0,649125,1738387860
2025-02-01 11:02:00,CE,ATM+8,20.850364,1425225,23950.0,23536.9,103.55,103.65,81.3,92.7,383775,1738387920
2025-02-01 11:03:00,CE,ATM+8,20.798194,1450200,23950.0,23555.65,93.45,98.25,91.95,97.25,197400,1738387980
2025-02-01 11:04:00,CE,ATM+8,20.621361,1450200,23950.0,23561.0,97.35,98.9,95.3,97.05,97875,1738388040
2025-02-01 11:05:00,CE,ATM+8,20.727082,1450200,23950.0,23557.45,97.3,98.55,95.35,97.05,78750,1738388100
2025-02-01 11:06:00,CE,ATM+8,20.805597,1455900,23950.0,23556.1,97.3,98.0,96.35,97.4,45675,1738388160
2025-02-01 11:07:00,CE,ATM+8,20.802449,1455900,23950.0,23543.9,97.5,97.9,93.2,94.05,96075,1738388220
2025-02-01 11:08:00,CE,ATM+8,20.944883,1455900,23950.0,23546.3,93.55,96.0,91.15,96.0,91050,1738388280
2025-02-01 11:09:00,CE,ATM+8,20.650248,1457475,23950.0,23552.4,96.4,96.4,94.3,94.9,56625,1738388340
2025-02-01 11:10:00,CE,ATM+8,20.861169,1457475,23950.0,23553.5,95.4,99.1,95.4,97.15,119475,1738388400
2025-02-01 11:11:00,CE,ATM+8,20.726203,1457475,23950.0,23558.7,97.35,97.5,94.6,97.3,59175,1738388460
2025-02-01 11:12:00,CE,ATM+8,20.811939,1473975,23950.0,23570.55,96.4,103.9,96.35,101.4,168075,1738388520
2025-02-01 11:13:00,CE,ATM+8,20.87185,1473975,23950.0,23574.05,101.6,104.65,100.6,102.95,149775,1738388580
2025-02-01 11:14:00,CE,ATM+8,20.805213,9328800,24000.0,23582.95,90.5,93.75,89.35,91.5,817125,1738388640
2025-02-01 11:15:00,CE,ATM+8,20.79443,9064125,24000.0,23581.85,91.2,92.95,90.65,91.1,546675,1738388700
2025-02-01 11:16:00,CE,ATM+8,20.780367,1469400,23950.0,23570.4,103.6,103.75,100.05,101.0,96000,1738388760
2025-02-01 11:17:00,CE,ATM+8,20.821611,9064125,24000.0,23578.7,88.05,90.9,87.4,90.5,379575,1738388820
2025-02-01 11:18:00,CE,ATM+8,20.816578,8894025,24000.0,23597.25,90.25,96.5,89.8,95.35,892575,1738388880
2025-02-01 11:19:00,CE,ATM+8,20.563021,8894025,24000.0,23595.05,95.3,95.65,91.55,92.4,701400,1738388940
2025-02-01 11:20:00,CE,ATM+8,20.777151,8894025,24000.0,23597.6,93.45,95.05,90.55,95.05,408450,1738389000
2025-02-01 11:21:00,CE,ATM+8,20.551198,8910300,24000.0,23598.0,95.05,97.55,92.8,93.05,815100,1738389060
2025-02-01 11:22:00,CE,ATM+8,20.556837,8910300,24000.0,23590.7,93.25,93.75,91.0,91.15,385500,1738389120
2025-02-01 11:23:00,CE,ATM+8,20.50382,8910300,24000.0,23600.3,91.0,93.35,89.05,93.2,552075,1738389180
2025-02-01 11:24:00,CE,ATM+8,20.468281,9052200,24000.0,23599.9,93.65,93.9,91.95,92.75,260850,1738389240
2025-02-01 11:25:00,CE,ATM+8,20.414253,9052200,24000.0,23598.45,92.95,93.0,91.35,91.85,214200,1738389300
2025-02-01 11:26:00,CE,ATM+8,20.340161,9052200,24000.0,23596.55,92.0,92.7,89.5,90.65,421050,1738389360
2025-02-01 11:27:00,CE,ATM+8,20.115447,9155400,24000.0,23593.0,90.6,90.6,86.4,87.65,559050,1738389420
2025-02-01 11:28:00,CE,ATM+8,20.068056,9155400,24000.0,23593.75,87.1,88.5,83.85,87.4,569400,1738389480
2025-02-01 11:29:00,CE,ATM+8,20.183532,9155400,24000.0,23599.5,87.5,90.3,87.5,89.95,424125,1738389540
2025-02-01 11:30:00,CE,ATM+8,20.045083,9280050,24000.0,23594.85,89.25,89.25,86.3,87.45,289875,1738389600
2025-02-01 11:31:00,CE,ATM+8,20.027304,9280050,24000.0,23606.15,87.85,90.8,85.65,90.25,464475,1738389660
2025-02-01 11:32:00,CE,ATM+8,19.703531,9280050,24000.0,23609.9,89.5,90.8,87.65,88.25,485400,1738389720
2025-02-01 11:33:00,CE,ATM+8,19.538451,9442275,24000.0,23619.4,87.75,90.05,87.75,89.25,356775,1738389780
2025-02-01 11:34:00,CE,ATM+8,19.212554,9442275,24000.0,23624.55,89.65,89.75,86.3,87.6,615000,1738389840
2025-02-01 11:35:00,CE,ATM+8,19.347596,9442275,24000.0,23618.25,87.2,90.75,85.8,87.15,814500,1738389900
2025-02-01 11:36:00,CE,ATM+8,18.994664,1158825,24050.0,23626.4,74.85,75.75,73.55,73.8,72375,1738389960
2025-02-01 11:37:00,CE,ATM+8,19.032171,1158825,24050.0,23628.85,74.85,74.85,72.1,74.7,77775,1738390020
2025-02-01 11:38:00,CE,ATM+8,18.79269,9442200,24000.0,23622.75,86.45,86.55,81.25,83.2,774075,1738390080
2025-02-01 11:39:00,CE,ATM+8,19.671479,9377925,24000.0,23586.2,83.3,89.2,73.1,81.75,1851975,1738390140
2025-02-01 11:40:00,CE,ATM+8,19.218773,9377925,24000.0,23602.3,82.05,83.1,79.65,81.75,815550,1738390200
2025-02-01 11:41:00,CE,ATM+8,19.096018,9377925,24000.0,23614.6,81.25,85.6,81.1,83.8,551475,1738390260
2025-02-01 11:42:00,CE,ATM+8,19.209623,9467925,24000.0,23605.65,84.8,84.8,81.55,82.5,278850,1738390320
2025-02-01 11:43:00,CE,ATM+8,19.098639,9467925,24000.0,23603.95,82.55,82.9,80.45,81.05,265725,1738390380
2025-02-01 11:44:00,CE,ATM+8,19.005577,1210500,24050.0,23627.25,69.4,75.0,68.25,74.0,170850,1738390440
2025-02-01 11:45:00,CE,ATM+8,19.050397,9513150,24000.0,23613.9,86.45,86.65,81.35,83.15,434025,1738390500
2025-02-01 11:46:00,CE,ATM+8,19.542553,9513150,24000.0,23584.55,82.5,83.2,79.25,80.1,514425,1738390560
2025-02-01 11:47:00,CE,ATM+8,19.438981,9513150,24000.0,23588.9,80.7,81.9,76.55,80.25,736125,1738390620
2025-02-01 11:48:00,CE,ATM+8,19.692515,1526250,23950.0,23567.45,92.55,92.55,89.0,89.55,98325,1738390680
2025-02-01 11:49:00,CE,ATM+8,19.993358,1526250,23950.0,23539.7,89.0,90.0,80.3,85.0,268650,1738390740
2025-02-01 11:50:00,CE,ATM+8,19.326939,1145250,23850.0,23473.0,115.75,123.2,86.65,86.85,341250,1738390800
2025-02-01 11:51:00,CE,ATM+8,20.275784,3224925,23800.0,23402.3,106.65,106.65,88.5,89.6,1200300,1738390860
2025-02-01 11:52:00,CE,ATM+8,20.04672,1194975,23850.0,23458.5,75.95,91.2,74.2,89.55,384225,1738390920
2025-02-01 11:53:00,CE,ATM+8,20.080549,1194975,23850.0,23434.45,89.8,89.8,79.55,83.6,178500,1738390980
2025-02-01 11:54:00,CE,ATM+8,19.936006,3359775,23800.0,23396.6,96.1,96.1,78.65,85.0,855750,1738391040
2025-02-01 11:55:00,CE,ATM+8,19.72011,3359775,23800.0,23419.85,84.95,89.65,76.5,89.15,657675,1738391100
2025-02-01 11:56:00,CE,ATM+8,20.170617,3359775,23800.0,23416.4,88.5,92.35,85.2,92.35,508575,1738391160
2025-02-01 11:57:00,CE,ATM+8,19.807776,3498150,23800.0,23423.8,91.85,100.15,90.75,91.0,709050,1738391220
2025-02-01 11:58:00,CE,ATM+8,20.003889,3498150,23800.0,23415.15,91.2,91.2,86.2,90.45,465825,1738391280
2025-02-01 11:59:00,CE,ATM+8,19.777431,1284450,23850.0,23425.8,78.6,82.4,75.6,78.7,170775,1738391340
2025-02-01 12:00:00,CE,ATM+8,20.197658,1284450,23850.0,23428.9,74.85,84.15,74.85,83.15,148050,1738391400
2025-02-01 12:01:00,CE,ATM+8,19.751953,1314600,23850.0,23446.2,83.45,88.35,80.15,83.55,209025,1738391460
2025-02-01 12:02:00,CE,ATM+8,20.008204,1314600,23850.0,23433.5,82.9,84.3,77.35,82.6,121950,1738391520
2025-02-01 12:03:00,CE,ATM+8,19.88993,2826900,23900.0,23477.35,72.8,87.55,71.45,80.4,663000,1738391580
2025-02-01 12:04:00,CE,ATM+8,19.667754,1314675,23850.0,23467.8,89.9,98.8,88.4,88.4,228975,1738391640
2025-02-01 12:05:00,CE,ATM+8,19.519175,1314675,23850.0,23450.25,85.8,87.95,78.7,82.45,210375,1738391700
2025-02-01 12:06:00,CE,ATM+8,19.229495,1314675,23850.0,23453.0,83.2,85.4,79.15,80.55,150000,1738391760
2025-02-01 12:07:00,CE,ATM+8,19.141785,1370700,23850.0,23441.55,79.2,80.55,75.35,76.9,175500,1738391820
2025-02-01 12:08:00,CE,ATM+8,19.47385,3813975,23800.0,23409.5,88.5,89.25,80.75,84.0,493125,1738391880
2025-02-01 12:09:00,CE,ATM+8,19.137203,1370700,23850.0,23429.65,72.05,77.25,67.35,73.95,272325,1738391940
2025-02-01 12:10:00,CE,ATM+8,19.140115,3947850,23800.0,23406.45,85.0,85.2,80.0,80.2,319425,1738392000
2025-02-01 12:11:00,CE,ATM+8,19.490924,1392450,23850.0,23438.85,71.1,81.35,70.5,79.25,147600,1738392060
2025-02-01 12:12:00,CE,ATM+8,19.374189,3023325,23900.0,23521.55,68.4,89.9,67.75,87.0,1048950,1738392120
2025-02-01 12:13:00,CE,ATM+8,18.748142,2934675,23900.0,23506.95,90.15,96.05,70.0,77.55,1586925,1738392180
2025-02-01 12:14:00,CE,ATM+8,18.487508,1360800,23850.0,23447.05,89.8,91.4,69.3,72.45,435975,1738392240
2025-02-01 12:15:00,CE,ATM+8,17.814856,2934675,23900.0,23496.85,64.1,74.8,63.3,66.95,648825,1738392300
2025-02-01 12:16:00,CE,ATM+8,17.386165,1468875,23850.0,23468.3,77.35,81.2,68.0,68.0,245250,1738392360
2025-02-01 12:17:00,CE,ATM+8,17.338956,1468875,23850.0,23468.8,68.7,70.85,62.05,67.7,300750,1738392420
2025-02-01 12:18:00,CE,ATM+8,16.76995,1468875,23850.0,23459.65,67.55,67.55,51.65,60.7,415950,1738392480
2025-02-01 12:19:00,CE,ATM+8,16.827744,3232425,23900.0,23493.1,53.0,59.65,52.95,57.8,638625,1738392540
2025-02-01 12:20:00,CE,ATM+8,16.658011,1546200,23850.0,23472.75,66.45,69.25,59.75,62.75,227700,1738392600
2025-02-01 12:21:00,CE,ATM+8,16.718738,3232425,23900.0,23483.3,54.8,57.4,53.75,54.8,278250,1738392660
2025-02-01 12:22:00,CE,ATM+8,16.473057,3283500,23900.0,23488.45,54.6,57.9,53.8,53.9,413100,1738392720
2025-02-01 12:23:00,CE,ATM+8,16.036289,3283500,23900.0,23513.9,53.95,56.65,49.7,55.8,495000,1738392780
2025-02-01 12:24:00,CE,ATM+8,16.112062,3283500,23900.0,23521.0,56.95,68.85,56.95,58.0,781500,1738392840
2025-02-01 12:25:00,CE,ATM+8,15.990343,3161325,23900.0,23517.3,59.55,63.7,55.65,56.15,394200,1738392900
2025-02-01 12:26:00,CE,ATM+8,15.977526,3161325,23900.0,23506.1,56.3,57.8,52.15,53.6,297900,1738392960
2025-02-01 12:27:00,CE,ATM+8,16.003109,3161325,23900.0,23510.75,53.9,56.4,52.05,54.8,307425,1738393020
2025-02-01 12:28:00,CE,ATM+8,17.090956,3195075,23900.0,23482.9,53.95,57.65,52.65,57.65,298125,1738393080
2025-02-01 12:29:00,CE,ATM+8,17.053329,1584075,23850.0,23449.45,68.45,68.5,58.45,60.65,189075,1738393140
2025-02-01 12:30:00,CE,ATM+8,16.747746,1584075,23850.0,23463.0,60.85,62.7,58.35,61.15,179700,1738393200
2025-02-01 12:31:00,CE,ATM+8,16.730271,1608075,23850.0,23436.65,61.95,62.2,55.1,55.2,186450,1738393260
2025-02-01 12:32:00,CE,ATM+8,16.342383,1608075,23850.0,23456.0,54.85,59.2,53.4,56.2,144525,1738393320
2025-02-01 12:33:00,CE,ATM+8,15.883608,1608075,23850.0,23442.4,56.4,56.4,49.3,49.65,182925,1738393380
2025-02-01 12:34:00,CE,ATM+8,16.10055,4422825,23800.0,23414.9,58.15,59.9,54.3,55.85,605850,1738393440
2025-02-01 12:35:00,CE,ATM+8,16.394701,1878750,23750.0,23357.6,65.7,65.7,56.35,56.35,371700,1738393500
2025-02-01 12:36:00,CE,ATM+8,15.589235,4422825,23800.0,23412.9,47.3,51.25,44.0,51.25,1673625,1738393560
2025-02-01 12:37:00,CE,ATM+8,15.741982,1644000,23850.0,23427.55,44.0,47.25,43.65,45.6,223350,1738393620
2025-02-01 12:38:00,CE,ATM+8,15.520579,5015400,23800.0,23413.7,52.45,54.6,49.15,50.85,823950,1738393680
2025-02-01 12:39:00,CE,ATM+8,15.381507,5015400,23800.0,23413.55,50.65,51.1,48.3,49.7,665250,1738393740
2025-02-01 12:40:00,CE,ATM+8,15.686676,1723350,23850.0,23426.2,41.75,44.9,41.25,44.9,92475,1738393800
2025-02-01 12:41:00,CE,ATM+8,15.336525,5670450,23800.0,23412.95,51.7,53.4,48.6,49.2,645750,1738393860
2025-02-01 12:42:00,CE,ATM+8,15.379356,1723350,23850.0,23439.75,41.8,45.6,41.6,45.15,109500,1738393920
2025-02-01 12:43:00,CE,ATM+8,15.170223,6067425,23800.0,23424.85,52.85,53.5,50.2,50.35,568875,1738393980
2025-02-01 12:44:00,CE,ATM+8,15.152014,6067425,23800.0,23418.45,50.1,51.05,48.8,48.85,697950,1738394040
2025-02-01 12:45:00,CE,ATM+8,15.062219,6067425,23800.0,23422.4,49.65,50.2,47.8,48.95,620025,1738394100
2025-02-01 12:46:00,CE,ATM+8,15.273132,6800925,23800.0,23412.45,49.6,51.3,47.75,48.55,545775,1738394160
2025-02-01 12:47:00,CE,ATM+8,15.631659,6800925,23800.0,23398.45,49.05,50.15,48.4,48.5,368175,1738394220
2025-02-01 12:48:00,CE,ATM+8,15.635273,6800925,23800.0,23404.0,48.5,50.0,48.25,49.65,217200,1738394280
2025-02-01 12:49:00,CE,ATM+8,15.647901,6851475,23800.0,23399.15,49.65,51.95,48.5,48.75,387075,1738394340
2025-02-01 12:50:00,CE,ATM+8,15.651796,6851475,23800.0,23403.7,48.4,49.7,48.4,49.7,216150,1738394400
2025-02-01 12:51:00,CE,ATM+8,15.518119,6851475,23800.0,23410.55,49.6,50.85,48.6,50.05,162450,1738394460
2025-02-01 12:52:00,CE,ATM+8,15.639618,6775125,23800.0,23404.5,50.45,50.75,49.45,49.75,141750,1738394520
2025-02-01 12:53:00,CE,ATM+8,15.371935,6775125,23800.0,23409.7,48.9,49.75,48.0,48.7,176325,1738394580
2025-02-01 12:54:00,CE,ATM+8,15.089801,6775125,23800.0,23398.1,49.3,49.3,44.0,44.2,366675,1738394640
2025-02-01 12:55:00,CE,ATM+8,15.455391,6798300,23800.0,23397.65,44.5,46.9,44.25,46.9,253875,1738394700
2025-02-01 12:56:00,CE,ATM+8,15.419105,6798300,23800.0,23406.8,46.85,48.45,45.85,48.45,247425,1738394760
2025-02-01 12:57:00,CE,ATM+8,15.506569,6798300,23800.0,23413.65,48.35,51.15,48.35,50.55,193800,1738394820
2025-02-01 12:58:00,CE,ATM+8,15.321655,6737100,23800.0,23411.85,50.6,51.2,47.9,48.7,176025,1738394880
2025-02-01 12:59:00,CE,ATM+8,15.204424,6737100,23800.0,23421.65,48.45,50.95,48.45,49.8,150450,1738394940
2025-02-01 13:00:00,CE,ATM+8,15.309613,6737100,23800.0,23415.3,50.4,51.2,48.85,49.3,238800,1738395000
2025-02-01 13:01:00,CE,ATM+8,15.303277,6788925,23800.0,23410.25,49.55,51.8,48.2,48.2,283575,1738395060
2025-02-01 13:02:00,CE,ATM+8,15.394027,6788925,23800.0,23400.85,47.15,48.6,45.6,47.0,339450,1738395120
2025-02-01 13:03:00,CE,ATM+8,15.512547,6788925,23800.0,23390.7,47.3,47.3,44.9,45.9,344025,1738395180
2025-02-01 13:04:00,CE,ATM+8,15.251474,6861075,23800.0,23398.9,46.25,46.75,45.2,45.5,224550,1738395240
2025-02-01 13:05:00,CE,ATM+8,15.159823,6861075,23800.0,23390.6,45.55,46.4,42.8,43.2,339150,1738395300
2025-02-01 13:06:00,CE,ATM+8,15.047697,6861075,23800.0,23387.35,42.55,43.3,41.25,41.75,334200,1738395360
2025-02-01 13:07:00,CE,ATM+8,15.088258,6926775,23800.0,23378.1,42.1,42.1,39.45,40.35,405225,1738395420
2025-02-01 13:08:00,CE,ATM+8,15.242678,2124375,23750.0,23365.65,49.7,49.7,46.95,48.5,221100,1738395480
2025-02-01 13:09:00,CE,ATM+8,15.454207,2124375,23750.0,23359.8,48.7,49.5,48.15,48.95,123600,1738395540
2025-02-01 13:10:00,CE,ATM+8,15.78593,2116275,23750.0,23341.4,49.0,49.0,46.45,47.8,171825,1738395600
2025-02-01 13:11:00,CE,ATM+8,15.871294,2116275,23750.0,23339.4,47.85,48.8,45.7,48.05,195600,1738395660
2025-02-01 13:12:00,CE,ATM+8,15.67106,2116275,23750.0,23350.65,48.65,48.95,47.55,48.75,128700,1738395720
2025-02-01 13:13:00,CE,ATM+8,15.465911,2105400,23750.0,23368.4,48.85,50.9,48.7,50.8,102075,1738395780
2025-02-01 13:14:00,CE,ATM+8,15.365676,2105400,23750.0,23373.4,50.9,51.9,49.7,51.05,93000,1738395840
2025-02-01 13:15:00,CE,ATM+8,15.759592,2105400,23750.0,23342.9,50.8,50.8,47.85,47.85,128700,1738395900
2025-02-01 13:16:00,CE,ATM+8,15.660713,2146425,23750.0,23354.9,48.2,50.55,48.2,49.5,92100,1738395960
2025-02-01 13:17:00,CE,ATM+8,15.686762,2146425,23750.0,23353.95,49.75,50.0,49.05,49.5,49725,1738396020
2025-02-01 13:18:00,CE,ATM+8,15.744982,2146425,23750.0,23346.1,49.55,49.55,48.05,48.35,129975,1738396080
2025-02-01 13:19:00,CE,ATM+8,15.57241,2143725,23750.0,23354.75,48.0,49.15,48.0,48.75,70050,1738396140
2025-02-01 13:20:00,CE,ATM+8,15.519106,2143725,23750.0,23364.8,48.85,50.4,48.45,50.4,62175,1738396200
2025-02-01 13:21:00,CE,ATM+8,15.437332,2143725,23750.0,23372.65,50.55,51.4,50.0,51.4,96300,1738396260
2025-02-01 13:22:00,CE,ATM+8,14.986603,7065000,23800.0,23400.55,41.45,44.0,41.45,43.65,336600,1738396320
2025-02-01 13:23:00,CE,ATM+8,15.0035,7065000,23800.0,23388.8,44.25,44.25,41.55,41.55,285750,1738396380
2025-02-01 13:24:00,CE,ATM+8,15.028072,7065000,23800.0,23398.75,41.95,44.1,41.9,43.6,197850,1738396440
2025-02-01 13:25:00,CE,ATM+8,14.884384,7053000,23800.0,23414.85,43.65,46.9,43.55,45.65,379500,1738396500
2025-02-01 13:26:00,CE,ATM+8,15.042848,1993650,23850.0,23430.0,37.8,40.45,37.25,40.45,122850,1738396560
2025-02-01 13:27:00,CE,ATM+8,14.882029,1993650,23850.0,23444.1,41.9,45.35,41.55,41.85,446850,1738396620
2025-02-01 13:28:00,CE,ATM+8,14.927324,1856550,23850.0,23430.3,41.25,43.35,38.95,39.65,218850,1738396680
2025-02-01 13:29:00,CE,ATM+8,14.927823,1856550,23850.0,23442.1,39.7,42.05,39.7,41.8,91650,1738396740
2025-02-01 13:30:00,CE,ATM+8,14.883932,1856550,23850.0,23451.55,41.8,45.5,41.8,43.25,145575,1738396800
2025-02-01 13:31:00,CE,ATM+8,14.684708,1894500,23850.0,23465.55,43.0,45.8,42.65,44.45,119250,1738396860
2025-02-01 13:32:00,CE,ATM+8,14.558431,1894500,23850.0,23465.95,44.6,44.6,43.0,43.55,104850,1738396920
2025-02-01 13:33:00,CE,ATM+8,14.633693,1894500,23850.0,23447.0,43.8,43.95,40.2,40.5,138450,1738396980
2025-02-01 13:34:00,CE,ATM+8,14.640873,1902000,23850.0,23445.4,41.15,41.3,39.3,40.25,91425,1738397040
2025-02-01 13:35:00,CE,ATM+8,14.683367,1902000,23850.0,23436.0,40.55,40.55,36.55,38.85,148275,1738397100
2025-02-01 13:36:00,CE,ATM+8,14.701544,1902000,23850.0,23448.2,39.3,41.65,38.7,41.2,85050,1738397160
2025-02-01 13:37:00,CE,ATM+8,14.540215,1928625,23850.0,23458.35,41.35,43.45,41.05,41.9,134475,1738397220
2025-02-01 13:38:00,CE,ATM+8,14.477483,1928625,23850.0,23453.45,40.7,41.45,39.3,40.5,96825,1738397280
2025-02-01 13:39:00,CE,ATM+8,14.528974,1928625,23850.0,23461.75,40.75,42.45,40.75,42.45,72900,1738397340
2025-02-01 13:40:00,CE,ATM+8,14.49063,1979775,23850.0,23463.3,43.05,43.45,41.8,42.45,60075,1738397400
2025-02-01 13:41:00,CE,ATM+8,14.368116,1979775,23850.0,23470.2,42.8,43.1,41.75,42.85,61800,1738397460
2025-02-01 13:42:00,CE,ATM+8,14.712694,3867825,23900.0,23486.6,35.95,39.55,35.95,39.35,402975,1738397520
2025-02-01 13:43:00,CE,ATM+8,14.642665,3785475,23900.0,23482.45,39.35,40.4,37.25,38.1,370125,1738397580
2025-02-01 13:44:00,CE,ATM+8,14.824037,3785475,23900.0,23495.05,38.1,41.7,37.65,41.7,320100,1738397640
2025-02-01 13:45:00,CE,ATM+8,14.545601,3785475,23900.0,23504.3,42.25,44.8,41.15,41.35,613500,1738397700
2025-02-01 13:46:00,CE,ATM+8,14.486544,3599925,23900.0,23499.45,40.95,42.15,39.15,40.0,306075,1738397760
2025-02-01 13:47:00,CE,ATM+8,14.441297,3599925,23900.0,23490.25,40.0,40.1,38.0,38.0,218700,1738397820
2025-02-01 13:48:00,CE,ATM+8,14.339233,3599925,23900.0,23478.25,37.55,38.35,35.2,35.2,223425,1738397880
2025-02-01 13:49:00,CE,ATM+8,14.683361,3591075,23900.0,23488.1,35.15,39.65,35.1,39.35,180525,1738397940
2025-02-01 13:50:00,CE,ATM+8,14.694238,3591075,23900.0,23510.4,39.4,44.0,39.4,43.6,321000,1738398000
2025-02-01 13:51:00,CE,ATM+8,14.611921,3591075,23900.0,23508.25,43.5,43.5,40.8,42.55,214575,1738398060
2025-02-01 13:52:00,CE,ATM+8,14.57329,3579225,23900.0,23494.05,42.5,42.55,39.4,39.6,201225,1738398120
2025-02-01 13:53:00,CE,ATM+8,14.555816,3579225,23900.0,23486.15,40.5,40.5,38.05,38.05,147225,1738398180
2025-02-01 13:54:00,CE,ATM+8,14.737954,3579225,23900.0,23486.4,38.0,39.4,37.3,39.4,158250,1738398240
2025-02-01 13:55:00,CE,ATM+8,14.712921,3571575,23900.0,23496.75,39.8,42.1,38.7,41.1,148875,1738398300
2025-02-01 13:56:00,CE,ATM+8,14.583932,3571575,23900.0,23494.35,40.75,41.45,39.4,39.7,105975,1738398360
2025-02-01 13:57:00,CE,ATM+8,14.673627,3571575,23900.0,23496.25,40.1,41.05,39.55,40.7,73950,1738398420
2025-02-01 13:58:00,CE,ATM+8,14.699041,3599850,23900.0,23495.55,41.15,41.75,40.0,40.75,122325,1738398480
2025-02-01 13:59:00,CE,ATM+8,14.605772,3599850,23900.0,23495.25,41.15,41.15,39.3,40.0,87675,1738398540
2025-02-01 14:00:00,CE,ATM+8,14.55467,3599850,23900.0,23504.6,39.8,41.35,39.6,41.35,66600,1738398600
2025-02-01 14:01:00,CE,ATM+8,14.596306,3625425,23900.0,23492.7,42.4,42.4,39.45,39.45,192375,1738398660
2025-02-01 14:02:00,CE,ATM+8,14.692815,3625425,23900.0,23484.95,39.7,40.95,38.4,38.75,157350,1738398720
2025-02-01 14:03:00,CE,ATM+8,14.628036,3625425,23900.0,23478.5,38.95,40.2,36.7,37.15,221850,1738398780
2025-02-01 14:04:00,CE,ATM+8,14.63155,3576150,23900.0,23487.8,37.0,39.2,36.55,38.8,98250,1738398840
2025-02-01 14:05:00,CE,ATM+8,14.608488,3576150,23900.0,23490.45,38.55,39.15,37.75,39.1,92550,1738398900
2025-02-01 14:06:00,CE,ATM+8,14.540426,3576150,23900.0,23503.3,38.55,41.1,38.5,40.95,130800,1738398960
2025-02-01 14:07:00,CE,ATM+8,14.49679,3623850,23900.0,23518.35,40.9,44.15,40.9,43.5,330900,1738399020
2025-02-01 14:08:00,CE,ATM+8,14.445404,3623850,23900.0,23517.85,43.4,44.8,41.85,43.0,227775,1738399080
2025-02-01 14:09:00,CE,ATM+8,14.492301,2180775,23950.0,23526.0,35.7,36.5,35.45,35.95,98175,1738399140
2025-02-01 14:10:00,CE,ATM+8,14.363975,2117025,23950.0,23530.75,37.45,38.75,35.75,35.85,212550,1738399200
2025-02-01 14:11:00,CE,ATM+8,14.212624,3591375,23900.0,23523.5,43.1,44.55,42.0,42.3,228600,1738399260
2025-02-01 14:12:00,CE,ATM+8,14.296464,3591375,23900.0,23524.85,42.0,43.25,41.0,43.2,204525,1738399320
2025-02-01 14:13:00,CE,ATM+8,14.194649,3565650,23900.0,23522.75,43.35,43.8,41.75,42.0,142050,1738399380
2025-02-01 14:14:00,CE,ATM+8,14.252947,3565650,23900.0,23520.25,41.95,42.85,41.35,41.95,103350,1738399440
2025-02-01 14:15:00,CE,ATM+8,14.196992,3565650,23900.0,23518.6,42.1,43.05,40.6,41.2,114900,1738399500
2025-02-01 14:16:00,CE,ATM+8,14.055705,3575850,23900.0,23511.75,40.5,41.55,38.85,38.85,225825,1738399560
2025-02-01 14:17:00,CE,ATM+8,14.166381,3575850,23900.0,23514.1,38.65,41.65,38.65,40.1,167700,1738399620
2025-02-01 14:18:00,CE,ATM+8,14.361903,2070225,23950.0,23526.45,33.3,35.7,33.3,35.05,96675,1738399680
2025-02-01 14:19:00,CE,ATM+8,14.394354,2067300,23950.0,23525.15,35.3,35.75,34.6,35.05,83550,1738399740
2025-02-01 14:20:00,CE,ATM+8,14.445165,2067300,23950.0,23534.85,35.4,37.05,35.3,37.05,127200,1738399800
2025-02-01 14:21:00,CE,ATM+8,14.355416,2067300,23950.0,23537.7,37.3,37.65,36.05,36.9,146400,1738399860
2025-02-01 14:22:00,CE,ATM+8,14.304921,2059425,23950.0,23540.95,37.05,37.2,35.8,37.1,137175,1738399920
2025-02-01 14:23:00,CE,ATM+8,14.205302,2059425,23950.0,23545.9,37.65,38.0,36.4,37.25,169725,1738399980
2025-02-01 14:24:00,CE,ATM+8,14.173263,2059425,23950.0,23543.55,37.5,37.5,36.35,36.6,77175,1738400040
2025-02-01 14:25:00,CE,ATM+8,14.249942,2059125,23950.0,23539.6,36.8,37.6,35.9,36.45,173550,1738400100
2025-02-01 14:26:00,CE,ATM+8,14.130516,2059125,23950.0,23539.9,36.3,36.35,34.8,35.65,122175,1738400160
2025-02-01 14:27:00,CE,ATM+8,14.251048,2059125,23950.0,23530.85,36.6,36.7,34.95,34.95,86550,1738400220
2025-02-01 14:28:00,CE,ATM+8,14.312294,2015850,23950.0,23535.15,34.95,36.5,34.95,36.1,63075,1738400280
2025-02-01 14:29:00,CE,ATM+8,14.328393,2015850,23950.0,23533.95,35.9,36.0,35.15,36.0,49875,1738400340
2025-02-01 14:30:00,CE,ATM+8,14.185634,2015850,23950.0,23529.8,35.85,36.15,34.3,34.3,89550,1738400400
2025-02-01 14:31:00,CE,ATM+8,13.884041,3511500,23900.0,23522.7,41.6,41.6,39.4,39.5,264825,1738400460
2025-02-01 14:32:00,CE,ATM+8,13.972824,3511500,23900.0,23489.1,39.2,39.2,33.2,34.15,499200,1738400520
2025-02-01 14:33:00,CE,ATM+8,14.210801,3511500,23900.0,23482.6,33.9,34.95,31.1,34.7,432900,1738400580
2025-02-01 14:34:00,CE,ATM+8,14.206585,3502800,23900.0,23478.0,34.15,35.15,32.1,33.9,241800,1738400640
2025-02-01 14:35:00,CE,ATM+8,14.123732,3502800,23900.0,23490.7,33.85,35.65,33.6,35.45,181950,1738400700
2025-02-01 14:36:00,CE,ATM+8,14.164884,3502800,23900.0,23493.7,35.45,36.25,34.45,36.25,129150,1738400760
2025-02-01 14:37:00,CE,ATM+8,14.09815,3543900,23900.0,23505.2,36.8,38.85,36.55,37.8,220350,1738400820
2025-02-01 14:38:00,CE,ATM+8,14.200607,3543900,23900.0,23486.8,38.0,38.0,35.0,35.3,184500,1738400880
2025-02-01 14:39:00,CE,ATM+8,13.998929,1859775,23850.0,23473.95,42.65,43.15,39.45,40.3,149325,1738400940
2025-02-01 14:40:00,CE,ATM+8,14.185221,1888425,23850.0,23464.8,40.25,40.5,38.0,39.95,165675,1738401000
2025-02-01 14:41:00,CE,ATM+8,14.259466,3501375,23900.0,23480.95,33.45,34.75,32.8,34.7,226500,1738401060
2025-02-01 14:42:00,CE,ATM+8,13.982886,1888425,23850.0,23467.55,42.0,42.4,38.55,38.95,130200,1738401120
2025-02-01 14:43:00,CE,ATM+8,13.981308,1906125,23850.0,23474.55,39.8,41.1,39.7,40.25,92775,1738401180
2025-02-01 14:44:00,CE,ATM+8,14.072046,1906125,23850.0,23471.55,40.1,40.9,38.7,40.35,109950,1738401240
2025-02-01 14:45:00,CE,ATM+8,14.155719,3542400,23900.0,23480.0,33.35,34.2,32.9,33.8,100875,1738401300
2025-02-01 14:46:00,CE,ATM+8,14.037541,3543300,23900.0,23498.75,33.75,36.3,33.75,36.15,203250,1738401360
2025-02-01 14:47:00,CE,ATM+8,13.959642,3543300,23900.0,23497.65,36.35,37.4,34.85,35.4,206700,1738401420
2025-02-01 14:48:00,CE,ATM+8,13.882079,3543300,23900.0,23493.25,35.5,35.55,33.45,34.1,148575,1738401480
2025-02-01 14:49:00,CE,ATM+8,13.843312,3541950,23900.0,23497.25,33.7,35.0,33.5,34.5,86775,1738401540
2025-02-01 14:50:00,CE,ATM+8,13.898035,3541950,23900.0,23503.45,34.95,36.15,34.8,35.95,135675,1738401600
2025-02-01 14:51:00,CE,ATM+8,13.889545,3541950,23900.0,23497.2,35.95,36.2,34.0,34.8,109425,1738401660
2025-02-01 14:52:00,CE,ATM+8,13.916552,3576300,23900.0,23492.6,34.8,34.8,33.75,34.2,130425,1738401720
2025-02-01 14:53:00,CE,ATM+8,13.984021,3576300,23900.0,23480.15,34.45,34.55,32.25,32.6,173250,1738401780
2025-02-01 14:54:00,CE,ATM+8,13.845656,3576300,23900.0,23495.9,32.8,34.25,32.55,34.25,111450,1738401840
2025-02-01 14:55:00,CE,ATM+8,13.85048,3572700,23900.0,23495.45,34.85,34.9,33.9,34.2,86025,1738401900
2025-02-01 14:56:00,CE,ATM+8,13.762842,3572700,23900.0,23502.6,34.15,35.0,33.6,34.8,68175,1738401960
2025-02-01 14:57:00,CE,ATM+8,13.71388,3572700,23900.0,23497.6,34.95,34.95,33.25,33.6,83550,1738402020
2025-02-01 14:58:00,CE,ATM+8,13.62019,3596625,23900.0,23501.5,33.6,34.15,32.2,33.6,160275,1738402080
2025-02-01 14:59:00,CE,ATM+8,13.668525,3596625,23900.0,23506.0,33.55,34.75,33.5,34.7,169875,1738402140
2025-02-01 15:00:00,CE,ATM+8,13.551706,3596625,23900.0,23511.95,34.95,35.15,33.6,34.9,196950,1738402200
2025-02-01 15:01:00,CE,ATM+8,13.517197,3579300,23900.0,23511.1,35.2,36.15,34.15,34.5,141825,1738402260
2025-02-01 15:02:00,CE,ATM+8,13.472987,3579300,23900.0,23498.45,34.1,34.1,31.9,32.05,151875,1738402320
2025-02-01 15:03:00,CE,ATM+8,13.49313,3579300,23900.0,23487.7,31.8,31.8,29.3,30.45,373125,1738402380
2025-02-01 15:04:00,CE,ATM+8,13.401754,3539625,23900.0,23496.9,30.7,31.45,30.5,31.3,203175,1738402440
2025-02-01 15:05:00,CE,ATM+8,13.295994,3539625,23900.0,23497.95,31.0,31.2,29.85,30.75,152250,1738402500
2025-02-01 15:06:00,CE,ATM+8,13.254892,3539625,23900.0,23490.85,30.55,30.7,29.2,29.35,161025,1738402560
2025-02-01 15:07:00,CE,ATM+8,13.166756,3569100,23900.0,23494.3,28.9,29.45,28.4,29.3,195000,1738402620
2025-02-01 15:08:00,CE,ATM+8,13.369981,3569100,23900.0,23488.0,29.25,29.95,29.05,29.65,183150,1738402680
2025-02-01 15:09:00,CE,ATM+8,13.372323,3569100,23900.0,23494.3,29.3,30.65,29.15,30.65,179550,1738402740
2025-02-01 15:10:00,CE,ATM+8,13.453381,3491325,23900.0,23493.45,31.0,32.0,30.8,31.05,209625,1738402800
2025-02-01 15:11:00,CE,ATM+8,13.674387,3491325,23900.0,23488.3,31.05,32.45,31.05,31.7,149100,1738402860
2025-02-01 15:12:00,CE,ATM+8,13.661002,3491325,23900.0,23485.15,31.55,31.85,31.1,31.1,110550,1738402920
2025-02-01 15:13:00,CE,ATM+8,13.680045,3498000,23900.0,23480.9,31.15,31.35,30.35,30.55,150150,1738402980
2025-02-01 15:14:00,CE,ATM+8,13.651214,3498000,23900.0,23481.2,30.85,31.1,29.75,30.4,162150,1738403040
2025-02-01 15:15:00,CE,ATM+8,13.598518,3498000,23900.0,23478.95,30.5,30.5,29.65,29.7,183675,1738403100
2025-02-01 15:16:00,CE,ATM+8,13.613192,3508425,23900.0,23475.75,29.9,30.1,28.8,29.3,129375,1738403160
2025-02-01 15:17:00,CE,ATM+8,13.421164,3508425,23900.0,23477.35,29.55,29.55,28.3,28.3,138225,1738403220
2025-02-01 15:18:00,CE,ATM+8,13.463883,3508425,23900.0,23475.9,28.5,28.55,27.75,28.35,204150,1738403280
2025-02-01 15:19:00,CE,ATM+8,13.414048,3482025,23900.0,23476.4,28.25,28.5,27.6,28.1,167100,1738403340
2025-02-01 15:20:00,CE,ATM+8,13.234516,1780275,23850.0,23467.4,34.55,34.65,32.8,33.25,134775,1738403400
2025-02-01 15:21:00,CE,ATM+8,13.198956,1780275,23850.0,23468.6,33.15,33.9,32.9,33.2,70050,1738403460
2025-02-01 15:22:00,CE,ATM+8,13.147097,1741200,23850.0,23467.25,33.3,33.3,31.45,32.6,163350,1738403520
2025-02-01 15:23:00,CE,ATM+8,13.025019,1741200,23850.0,23468.75,32.55,32.55,31.55,32.0,80400,1738403580
2025-02-01 15:24:00,CE,ATM+8,13.002092,1741200,23850.0,23471.5,32.05,32.3,31.1,32.3,93825,1738403640
2025-02-01 15:25:00,CE,ATM+8,13.088818,1725675,23850.0,23470.05,32.35,32.7,31.5,32.65,115500,1738403700
2025-02-01 15:26:00,CE,ATM+8,13.192577,3340425,23900.0,23479.1,26.55,27.15,26.35,27.05,158475,1738403760
2025-02-01 15:27:00,CE,ATM+8,13.390149,3340425,23900.0,23478.45,27.15,28.2,26.9,28.2,194775,1738403820
2025-02-01 15:28:00,CE,ATM+8,13.209065,3335925,23900.0,23485.9,28.25,28.45,27.5,28.15,152475,1738403880
2025-02-01 15:29:00,CE,ATM+8,12.950774,3335925,23900.0,23495.3,28.25,28.6,26.7,27.9,245925,1738403940
2025-02-03 09:15:00,CE,ATM+8,17.12379,2209950,23650.0,23271.85,43.6,47.95,30.95,35.35,528150,1738554300
2025-02-03 09:16:00,CE,ATM+8,17.234266,2209950,23650.0,23253.3,33.9,35.0,32.25,32.8,288075,1738554360
2025-02-03 09:17:00,CE,ATM+8,17.170429,2209950,23650.0,23251.2,32.75,33.35,31.7,32.1,421050,1738554420
2025-02-03 09:18:00,CE,ATM+8,16.909551,2450550,23650.0,23258.7,31.45,32.6,31.3,31.9,263700,1738554480
2025-02-03 09:19:00,CE,ATM+8,16.836747,2450550,23650.0,23263.0,31.4,33.1,31.2,32.2,303300,1738554540
2025-02-03 09:20:00,CE,ATM+8,17.19542,2450550,23650.0,23247.15,32.05,32.65,31.35,31.55,293550,1738554600
2025-02-03 09:21:00,CE,ATM+8,16.850169,2646075,23650.0,23250.9,31.35,31.65,29.95,30.3,356850,1738554660
2025-02-03 09:22:00,CE,ATM+8,16.595198,2646075,23650.0,23263.25,30.45,31.5,29.9,30.9,260250,1738554720
2025-02-03 09:23:00,CE,ATM+8,16.617604,5705475,23700.0,23276.7,25.1,26.0,25.05,25.7,397200,1738554780
2025-02-03 09:24:00,CE,ATM+8,16.56814,5900925,23700.0,23275.25,25.7,26.0,25.25,25.25,262950,1738554840
2025-02-03 09:25:00,CE,ATM+8,16.100871,5900925,23700.0,23293.8,25.2,25.8,23.35,25.55,575025,1738554900
2025-02-03 09:26:00,CE,ATM+8,15.565948,5900925,23700.0,23317.15,25.55,26.5,25.25,26.25,438225,1738554960
2025-02-03 09:27:00,CE,ATM+8,15.378419,6146025,23700.0,23318.25,26.4,26.75,24.6,25.45,694350,1738555020
2025-02-03 09:28:00,CE,ATM+8,15.49689,2513250,23750.0,23330.1,20.55,21.4,20.55,21.0,190800,1738555080
2025-02-03 09:29:00,CE,ATM+8,15.437368,2513250,23750.0,23335.1,20.9,21.35,20.6,21.35,161100,1738555140
2025-02-03 09:30:00,CE,ATM+8,15.439756,2544450,23750.0,23331.5,21.4,21.4,20.15,20.9,154125,1738555200
2025-02-03 09:31:00,CE,ATM+8,15.271445,2544450,23750.0,23341.6,20.85,21.5,20.45,21.4,159450,1738555260
2025-02-03 09:32:00,CE,ATM+8,15.214324,2544450,23750.0,23337.0,21.3,21.5,20.45,20.55,223050,1738555320
2025-02-03 09:33:00,CE,ATM+8,14.855931,6597375,23700.0,23323.55,25.35,25.65,23.5,23.55,380775,1738555380
2025-02-03 09:34:00,CE,ATM+8,14.483245,6597375,23700.0,23317.35,23.4,23.8,20.9,20.9,963450,1738555440
2025-02-03 09:35:00,CE,ATM+8,14.519317,6597375,23700.0,23305.15,20.75,21.05,19.1,19.5,658425,1738555500
2025-02-03 09:36:00,CE,ATM+8,14.807147,6514275,23700.0,23289.35,19.95,20.1,18.5,18.85,384525,1738555560
2025-02-03 09:37:00,CE,ATM+8,14.932037,6514275,23700.0,23288.6,18.95,19.6,18.95,19.3,288825,1738555620
2025-02-03 09:38:00,CE,ATM+8,14.736629,3035325,23650.0,23273.1,24.5,24.5,22.7,22.7,260550,1738555680
2025-02-03 09:39:00,CE,ATM+8,14.732956,6643050,23700.0,23288.45,17.9,18.5,17.75,18.4,288450,1738555740
2025-02-03 09:40:00,CE,ATM+8,14.564741,6643050,23700.0,23308.2,18.6,20.05,18.4,20.05,356550,1738555800
2025-02-03 09:41:00,CE,ATM+8,14.904619,6643050,23700.0,23283.1,20.4,20.6,18.4,18.5,475500,1738555860
2025-02-03 09:42:00,CE,ATM+8,14.526167,6723825,23700.0,23298.35,18.4,19.15,18.3,18.65,259575,1738555920
2025-02-03 09:43:00,CE,ATM+8,15.183887,6723825,23700.0,23275.5,18.75,18.9,18.1,18.8,262275,1738555980
2025-02-03 09:44:00,CE,ATM+8,14.852218,3116325,23650.0,23257.1,23.6,23.7,21.05,21.05,344775,1738556040
2025-02-03 09:45:00,CE,ATM+8,15.077949,3172425,23650.0,23250.65,20.85,21.45,20.0,21.25,235725,1738556100
2025-02-03 09:46:00,CE,ATM+8,15.082462,3172425,23650.0,23254.0,21.3,21.8,21.25,21.7,145125,1738556160
2025-02-03 09:47:00,CE,ATM+8,15.342209,3172425,23650.0,23234.15,21.45,21.55,20.3,20.35,159825,1738556220
2025-02-03 09:48:00,CE,ATM+8,15.398578,3225375,23650.0,23234.6,20.15,20.65,19.55,20.65,255675,1738556280
2025-02-03 09:49:00,CE,ATM+8,15.510403,3225375,23650.0,23225.3,20.65,20.65,19.75,20.0,221700,1738556340
2025-02-03 09:50:00,CE,ATM+8,15.454891,3225375,23650.0,23233.5,19.9,20.75,19.75,20.75,296700,1738556400
2025-02-03 09:51:00,CE,ATM+8,15.443397,3319050,23650.0,23231.15,20.5,21.05,20.35,20.4,206700,1738556460
2025-02-03 09:52:00,CE,ATM+8,15.587296,3319050,23650.0,23226.0,20.35,21.35,20.15,20.4,335625,1738556520
2025-02-03 09:53:00,CE,ATM+8,15.31444,3319050,23650.0,23239.15,20.45,21.2,20.45,20.8,300825,1738556580
2025-02-03 09:54:00,CE,ATM+8,15.208016,3565125,23650.0,23241.05,20.95,21.4,20.55,20.55,152925,1738556640
2025-02-03 09:55:00,CE,ATM+8,15.266313,3565125,23650.0,23237.0,20.25,21.25,20.25,20.3,142950,1738556700
2025-02-03 09:56:00,CE,ATM+8,15.046676,3565125,23650.0,23250.9,20.5,21.4,20.35,21.05,150450,1738556760
2025-02-03 09:57:00,CE,ATM+8,15.139361,3589950,23650.0,23244.9,21.35,21.35,20.35,20.7,120975,1738556820
2025-02-03 09:58:00,CE,ATM+8,15.227511,3589950,23650.0,23239.8,20.6,20.6,20.05,20.45,123600,1738556880
2025-02-03 09:59:00,CE,ATM+8,15.151759,3589950,23650.0,23246.55,20.8,21.05,20.15,20.95,101025,1738556940
2025-02-03 10:00:00,CE,ATM+8,15.148642,3575775,23650.0,23239.95,21.05,21.05,20.05,20.1,127875,1738557000
2025-02-03 10:01:00,CE,ATM+8,15.031353,3575775,23650.0,23246.65,20.2,21.55,20.1,20.4,314025,1738557060
2025-02-03 10:02:00,CE,ATM+8,15.129995,3575775,23650.0,23245.55,20.3,21.2,20.3,20.7,147750,1738557120
2025-02-03 10:03:00,CE,ATM+8,15.078518,3511425,23650.0,23254.05,20.55,21.55,20.5,21.55,138750,1738557180
2025-02-03 10:04:00,CE,ATM+8,15.226361,3511425,23650.0,23243.8,21.5,21.5,20.7,20.9,90900,1738557240
2025-02-03 10:05:00,CE,ATM+8,15.17843,3511425,23650.0,23248.7,20.8,21.55,20.8,21.3,87750,1738557300
2025-02-03 10:06:00,CE,ATM+8,14.976906,3511125,23650.0,23259.35,21.6,22.0,21.15,21.75,144225,1738557360
2025-02-03 10:07:00,CE,ATM+8,14.923756,3511125,23650.0,23268.3,21.4,22.75,21.4,22.7,249000,1738557420
2025-02-03 10:08:00,CE,ATM+8,14.955647,3511125,23650.0,23263.95,22.75,22.85,21.6,22.25,251775,1738557480
2025-02-03 10:09:00,CE,ATM+8,15.017145,3534975,23650.0,23261.85,22.4,22.55,21.6,22.25,124950,1738557540
2025-02-03 10:10:00,CE,ATM+8,14.828807,3534975,23650.0,23267.05,22.6,22.75,22.05,22.05,126300,1738557600
2025-02-03 10:11:00,CE,ATM+8,14.839132,3534975,23650.0,23273.65,22.1,23.2,22.0,23.0,133650,1738557660
2025-02-03 10:12:00,CE,ATM+8,14.883169,3555075,23650.0,23261.9,22.95,23.2,21.5,21.6,170775,1738557720
2025-02-03 10:13:00,CE,ATM+8,14.807452,3555075,23650.0,23262.75,21.6,21.8,20.85,21.35,160950,1738557780
2025-02-03 10:14:00,CE,ATM+8,14.803676,3555075,23650.0,23263.7,21.6,21.95,21.25,21.45,73425,1738557840
2025-02-03 10:15:00,CE,ATM+8,14.979096,3576150,23650.0,23249.4,21.25,21.45,20.2,20.4,152100,1738557900
2025-02-03 10:16:00,CE,ATM+8,15.102921,3576150,23650.0,23249.75,20.3,21.4,20.15,21.0,130875,1738557960
2025-02-03 10:17:00,CE,ATM+8,15.153907,3576150,23650.0,23243.65,20.75,21.1,20.4,20.45,93300,1738558020
2025-02-03 10:18:00,CE,ATM+8,15.152605,3600600,23650.0,23245.35,20.35,20.85,20.3,20.65,73650,1738558080
2025-02-03 10:19:00,CE,ATM+8,15.172257,3600600,23650.0,23245.5,20.6,21.2,20.45,20.75,83925,1738558140
2025-02-03 10:20:00,CE,ATM+8,15.141274,3600600,23650.0,23249.8,20.75,21.35,20.6,21.15,73050,1738558200
2025-02-03 10:21:00,CE,ATM+8,14.921577,3637200,23650.0,23259.2,21.45,21.9,21.35,21.35,116025,1738558260
2025-02-03 10:22:00,CE,ATM+8,14.851809,3637200,23650.0,23266.6,21.35,22.0,21.1,22.0,206250,1738558320
2025-02-03 10:23:00,CE,ATM+8,15.042321,7098975,23700.0,23278.1,17.6,18.55,17.55,18.2,265350,1738558380
2025-02-03 10:24:00,CE,ATM+8,15.108375,7068300,23700.0,23276.6,18.25,18.35,17.95,18.3,131025,1738558440
2025-02-03 10:25:00,CE,ATM+8,14.64676,3690225,23650.0,23273.6,22.9,23.05,21.85,21.95,181800,1738558500
2025-02-03 10:26:00,CE,ATM+8,14.707897,3690225,23650.0,23273.35,21.95,23.05,21.75,22.2,103125,1738558560
2025-02-03 10:27:00,CE,ATM+8,14.915832,7068300,23700.0,23280.4,17.8,18.0,17.55,17.9,148050,1738558620
2025-02-03 10:28:00,CE,ATM+8,14.529292,3723075,23650.0,23274.95,22.4,23.0,21.55,21.55,165000,1738558680
2025-02-03 10:29:00,CE,ATM+8,14.729759,7068300,23700.0,23282.1,17.3,17.95,16.7,17.3,258450,1738558740
2025-02-03 10:30:00,CE,ATM+8,14.812098,7143525,23700.0,23280.0,17.4,17.7,17.0,17.4,157500,1738558800
2025-02-03 10:31:00,CE,ATM+8,14.64146,7143525,23700.0,23285.95,17.4,17.95,17.35,17.35,112800,1738558860
2025-02-03 10:32:00,CE,ATM+8,14.806959,7143525,23700.0,23276.25,17.45,17.45,16.7,16.95,118800,1738558920
2025-02-03 10:33:00,CE,ATM+8,14.519101,3750750,23650.0,23271.5,21.1,21.25,20.7,21.0,94350,1738558980
2025-02-03 10:34:00,CE,ATM+8,14.833728,7140525,23700.0,23279.9,16.95,17.6,16.75,17.45,101100,1738559040
2025-02-03 10:35:00,CE,ATM+8,14.793853,7140525,23700.0,23285.85,17.4,18.1,17.4,17.95,178800,1738559100
2025-02-03 10:36:00,CE,ATM+8,14.907081,7120425,23700.0,23278.2,18.0,18.1,17.5,17.55,148350,1738559160
2025-02-03 10:37:00,CE,ATM+8,14.653831,3726075,23650.0,23272.6,21.8,22.0,21.25,21.75,64500,1738559220
2025-02-03 10:38:00,CE,ATM+8,14.994693,7120425,23700.0,23277.75,17.15,17.85,17.15,17.85,124800,1738559280
2025-02-03 10:39:00,CE,ATM+8,14.766914,3705975,23650.0,23272.8,22.35,22.45,21.95,22.3,75150,1738559340
2025-02-03 10:40:00,CE,ATM+8,14.681969,3705975,23650.0,23274.0,22.3,22.6,21.7,22.05,92625,1738559400
2025-02-03 10:41:00,CE,ATM+8,15.07022,7110825,23700.0,23275.15,17.6,17.95,17.3,17.85,88650,1738559460
2025-02-03 10:42:00,CE,ATM+8,15.066424,7004925,23700.0,23301.1,17.95,21.6,17.8,20.95,905175,1738559520
2025-02-03 10:43:00,CE,ATM+8,14.943098,7004925,23700.0,23311.65,20.95,21.85,20.55,21.75,497700,1738559580
2025-02-03 10:44:00,CE,ATM+8,14.871391,7004925,23700.0,23309.7,21.9,22.35,20.75,21.15,330675,1738559640
2025-02-03 10:45:00,CE,ATM+8,14.65512,6880350,23700.0,23312.05,20.7,21.65,20.45,20.45,349650,1738559700
2025-02-03 10:46:00,CE,ATM+8,14.69349,6880350,23700.0,23313.45,20.4,21.1,20.1,20.8,479700,1738559760
2025-02-03 10:47:00,CE,ATM+8,14.525785,6880350,23700.0,23316.0,20.9,20.95,19.85,20.35,322950,1738559820
2025-02-03 10:48:00,CE,ATM+8,14.329636,7059300,23700.0,23316.8,20.05,20.45,19.35,19.55,288600,1738559880
2025-02-03 10:49:00,CE,ATM+8,14.362252,7059300,23700.0,23314.1,19.65,20.35,19.2,19.35,356625,1738559940
2025-02-03 10:50:00,CE,ATM+8,14.369051,7059300,23700.0,23316.3,19.5,19.75,19.35,19.65,174750,1738560000
2025-02-03 10:51:00,CE,ATM+8,14.442646,7071150,23700.0,23304.8,19.45,19.45,18.0,18.55,320325,1738560060
2025-02-03 10:52:00,CE,ATM+8,14.446128,7071150,23700.0,23305.15,18.5,18.7,17.95,18.6,141075,1738560120
2025-02-03 10:53:00,CE,ATM+8,14.50144,7071150,23700.0,23299.0,18.7,18.7,18.1,18.1,89625,1738560180
2025-02-03 10:54:00,CE,ATM+8,14.53428,7033200,23700.0,23300.4,18.0,18.5,17.6,18.4,160125,1738560240
2025-02-03 10:55:00,CE,ATM+8,14.507873,7033200,23700.0,23304.75,18.45,19.0,18.4,18.8,115800,1738560300
2025-02-03 10:56:00,CE,ATM+8,14.553374,7033200,23700.0,23302.75,18.75,19.2,18.55,18.75,87825,1738560360
2025-02-03 10:57:00,CE,ATM+8,14.552874,7050975,23700.0,23302.0,18.7,18.95,18.35,18.65,81075,1738560420
2025-02-03 10:58:00,CE,ATM+8,14.482978,7050975,23700.0,23309.1,18.65,19.3,18.65,19.2,123975,1738560480
2025-02-03 10:59:00,CE,ATM+8,14.459011,7050975,23700.0,23317.55,19.25,20.15,19.05,20.15,125850,1738560540
2025-02-03 11:00:00,CE,ATM+8,14.604933,2910450,23750.0,23326.05,15.85,16.5,15.85,16.05,127950,1738560600
2025-02-03 11:01:00,CE,ATM+8,14.293365,7059600,23700.0,23320.45,20.35,20.35,19.35,19.75,114225,1738560660
2025-02-03 11:02:00,CE,ATM+8,14.167401,7059600,23700.0,23316.25,19.7,19.75,18.5,18.65,157725,1738560720
2025-02-03 11:03:00,CE,ATM+8,14.226615,7086075,23700.0,23315.8,18.65,19.0,18.55,18.85,81675,1738560780
2025-02-03 11:04:00,CE,ATM+8,14.252812,7086075,23700.0,23320.9,18.9,19.65,18.85,19.6,102975,1738560840
2025-02-03 11:05:00,CE,ATM+8,14.271743,7086075,23700.0,23321.85,19.55,19.8,19.3,19.8,115425,1738560900
2025-02-03 11:06:00,CE,ATM+8,14.210111,7105500,23700.0,23322.15,19.95,19.95,19.1,19.55,81225,1738560960
2025-02-03 11:07:00,CE,ATM+8,14.257628,7105500,23700.0,23321.3,19.6,19.8,19.25,19.65,69000,1738561020
2025-02-03 11:08:00,CE,ATM+8,14.272334,7105500,23700.0,23314.05,19.6,19.65,18.8,18.8,103050,1738561080
2025-02-03 11:09:00,CE,ATM+8,14.344988,7108200,23700.0,23311.9,18.75,19.25,18.65,18.85,85650,1738561140
2025-02-03 11:10:00,CE,ATM+8,14.267955,7108200,23700.0,23317.95,19.15,19.4,18.85,19.25,66000,1738561200
2025-02-03 11:11:00,CE,ATM+8,14.304824,7108200,23700.0,23320.25,19.35,20.05,19.25,19.7,113250,1738561260
2025-02-03 11:12:00,CE,ATM+8,14.311889,7115700,23700.0,23320.45,19.6,20.25,19.35,19.75,148650,1738561320
2025-02-03 11:13:00,CE,ATM+8,14.391279,7115700,23700.0,23316.5,19.8,20.0,19.5,19.6,114525,1738561380
2025-02-03 11:14:00,CE,ATM+8,14.329904,7115700,23700.0,23322.65,19.65,20.15,19.55,20.1,115800,1738561440
2025-02-03 11:15:00,CE,ATM+8,14.31647,7066875,23700.0,23322.8,20.2,21.7,20.05,20.05,344925,1738561500
2025-02-03 11:16:00,CE,ATM+8,14.752744,2907825,23750.0,23325.75,15.9,16.5,15.7,16.5,112350,1738561560
2025-02-03 11:17:00,CE,ATM+8,14.72745,2907825,23750.0,23332.7,16.7,18.3,16.7,17.15,372525,1738561620
2025-02-03 11:18:00,CE,ATM+8,14.634646,2889450,23750.0,23333.5,17.0,17.6,16.75,16.85,134250,1738561680
2025-02-03 11:19:00,CE,ATM+8,14.649811,2889450,23750.0,23333.0,16.85,17.25,16.7,16.85,69375,1738561740
2025-02-03 11:20:00,CE,ATM+8,14.732544,2889450,23750.0,23326.3,16.85,16.95,16.3,16.45,137025,1738561800
2025-02-03 11:21:00,CE,ATM+8,14.436648,7131075,23700.0,23321.6,20.85,21.4,20.3,20.4,127575,1738561860
2025-02-03 11:22:00,CE,ATM+8,14.449546,7131075,23700.0,23320.05,20.3,20.75,20.1,20.25,140100,1738561920
2025-02-03 11:23:00,CE,ATM+8,14.409303,7131075,23700.0,23319.6,20.4,20.8,20.0,20.0,110625,1738561980
2025-02-03 11:24:00,CE,ATM+8,14.349971,7229175,23700.0,23313.85,19.85,19.95,18.7,19.0,457800,1738562040
2025-02-03 11:25:00,CE,ATM+8,14.435109,7229175,23700.0,23305.5,18.95,19.0,18.2,18.35,302175,1738562100
2025-02-03 11:26:00,CE,ATM+8,14.436356,7229175,23700.0,23306.35,17.95,18.95,17.7,18.45,282225,1738562160
2025-02-03 11:27:00,CE,ATM+8,14.555939,7273725,23700.0,23300.4,18.55,18.85,18.05,18.25,102150,1738562220
2025-02-03 11:28:00,CE,ATM+8,14.573161,7273725,23700.0,23292.95,18.25,18.3,17.45,17.45,178500,1738562280
2025-02-03 11:29:00,CE,ATM+8,14.677443,7273725,23700.0,23290.5,17.55,17.6,17.15,17.6,273225,1738562340
2025-02-03 11:30:00,CE,ATM+8,14.698607,7182975,23700.0,23285.8,17.5,17.55,17.0,17.15,168450,1738562400
2025-02-03 11:31:00,CE,ATM+8,14.65823,7182975,23700.0,23287.8,17.05,17.2,16.5,17.2,404625,1738562460
2025-02-03 11:32:00,CE,ATM+8,14.511723,7182975,23700.0,23293.7,17.25,17.55,17.0,17.25,162300,1738562520
2025-02-03 11:33:00,CE,ATM+8,14.544205,7152975,23700.0,23293.45,17.3,17.4,16.9,17.35,99075,1738562580
2025-02-03 11:34:00,CE,ATM+8,14.62166,7152975,23700.0,23286.2,17.4,17.4,16.55,16.85,123900,1738562640
2025-02-03 11:35:00,CE,ATM+8,14.632842,7152975,23700.0,23285.85,16.65,17.25,16.65,16.85,95175,1738562700
2025-02-03 11:36:00,CE,ATM+8,14.508688,7188150,23700.0,23291.4,16.9,16.95,16.3,16.95,138900,1738562760
2025-02-03 11:37:00,CE,ATM+8,14.618378,7188150,23700.0,23282.4,16.95,16.95,16.2,16.4,109725,1738562820
2025-02-03 11:38:00,CE,ATM+8,14.204095,3739425,23650.0,23275.0,20.75,20.75,19.5,19.5,225300,1738562880
2025-02-03 11:39:00,CE,ATM+8,14.15364,3796350,23650.0,23270.9,19.7,19.7,18.75,18.75,201825,1738562940
2025-02-03 11:40:00,CE,ATM+8,14.409178,3796350,23650.0,23264.65,18.8,19.2,18.55,19.1,165075,1738563000
2025-02-03 11:41:00,CE,ATM+8,14.491029,3796350,23650.0,23257.7,18.95,18.95,18.4,18.6,138075,1738563060
2025-02-03 11:42:00,CE,ATM+8,14.277676,3847500,23650.0,23267.05,18.6,19.2,17.9,18.8,226725,1738563120
2025-02-03 11:43:00,CE,ATM+8,14.309085,3847500,23650.0,23269.6,18.75,19.25,18.75,19.25,67275,1738563180
2025-02-03 11:44:00,CE,ATM+8,14.302265,3847500,23650.0,23270.3,19.3,19.65,19.2,19.3,78300,1738563240
2025-02-03 11:45:00,CE,ATM+8,14.635755,7369275,23700.0,23275.2,15.25,15.7,15.05,15.65,178575,1738563300
2025-02-03 11:46:00,CE,ATM+8,14.349834,3843225,23650.0,23271.1,19.9,19.9,19.4,19.6,91650,1738563360
2025-02-03 11:47:00,CE,ATM+8,14.568041,7369275,23700.0,23278.35,15.75,15.75,15.55,15.7,76200,1738563420
2025-02-03 11:48:00,CE,ATM+8,14.511736,7385700,23700.0,23281.0,15.65,15.9,15.6,15.75,83925,1738563480
2025-02-03 11:49:00,CE,ATM+8,14.570859,7385700,23700.0,23278.85,15.85,15.85,15.45,15.75,78300,1738563540
2025-02-03 11:50:00,CE,ATM+8,14.278212,3840900,23650.0,23272.7,19.7,19.9,19.45,19.45,40875,1738563600
2025-02-03 11:51:00,CE,ATM+8,14.570128,7387350,23700.0,23280.9,15.55,16.0,15.55,15.95,86175,1738563660
2025-02-03 11:52:00,CE,ATM+8,14.662748,7387350,23700.0,23275.6,15.95,16.0,15.65,15.75,66300,1738563720
2025-02-03 11:53:00,CE,ATM+8,14.668481,7387350,23700.0,23275.45,15.85,15.95,15.7,15.75,33000,1738563780
2025-02-03 11:54:00,CE,ATM+8,14.716427,7381950,23700.0,23275.15,15.75,16.0,15.75,15.9,60150,1738563840
2025-02-03 11:55:00,CE,ATM+8,14.581041,7381950,23700.0,23280.75,15.85,16.1,15.85,15.95,56100,1738563900
2025-02-03 11:56:00,CE,ATM+8,14.52164,7381950,23700.0,23283.5,16.0,16.1,15.9,16.0,53625,1738563960
2025-02-03 11:57:00,CE,ATM+8,14.638121,7384800,23700.0,23277.8,16.0,16.15,15.75,15.85,75000,1738564020
2025-02-03 11:58:00,CE,ATM+8,14.562134,7384800,23700.0,23284.45,15.9,16.25,15.85,16.25,64200,1738564080
2025-02-03 11:59:00,CE,ATM+8,14.609634,7384800,23700.0,23281.35,16.1,16.35,16.1,16.1,73950,1738564140
2025-02-03 12:00:00,CE,ATM+8,14.550255,7390875,23700.0,23281.75,16.0,16.3,15.9,15.9,137100,1738564200
2025-02-03 12:01:00,CE,ATM+8,14.459234,7390875,23700.0,23290.75,15.85,16.75,15.75,16.5,202650,1738564260
2025-02-03 12:02:00,CE,ATM+8,14.472081,7390875,23700.0,23292.6,16.65,16.95,16.6,16.75,115650,1738564320
2025-02-03 12:03:00,CE,ATM+8,14.437941,7349475,23700.0,23296.15,16.9,17.1,16.65,17.0,123900,1738564380
2025-02-03 12:04:00,CE,ATM+8,14.486491,7349475,23700.0,23296.2,17.0,17.3,16.9,17.2,114075,1738564440
2025-02-03 12:05:00,CE,ATM+8,14.389561,7349475,23700.0,23298.05,17.15,17.3,16.9,17.0,93825,1738564500
2025-02-03 12:06:00,CE,ATM+8,14.310864,7373400,23700.0,23304.05,16.95,17.5,16.95,17.35,113700,1738564560
2025-02-03 12:07:00,CE,ATM+8,14.32965,7373400,23700.0,23298.6,17.35,17.35,16.6,16.8,104925,1738564620
2025-02-03 12:08:00,CE,ATM+8,14.271715,7373400,23700.0,23299.9,16.75,16.85,16.4,16.7,116475,1738564680
2025-02-03 12:09:00,CE,ATM+8,14.291277,7373400,23700.0,23298.35,16.7,17.0,16.6,16.6,58350,1738564740
2025-02-03 12:10:00,CE,ATM+8,14.306599,7332000,23700.0,23297.4,16.55,16.8,16.1,16.55,86025,1738564800
2025-02-03 12:11:00,CE,ATM+8,14.306944,7332000,23700.0,23297.45,16.65,16.8,16.4,16.55,36375,1738564860
2025-02-03 12:12:00,CE,ATM+8,14.334243,7332000,23700.0,23291.95,16.6,16.6,15.9,16.05,91500,1738564920
2025-02-03 12:13:00,CE,ATM+8,14.248524,7333425,23700.0,23301.95,16.0,16.85,16.0,16.8,138375,1738564980
2025-02-03 12:14:00,CE,ATM+8,14.258975,7333425,23700.0,23299.85,16.85,17.15,16.35,16.6,128400,1738565040
2025-02-03 12:15:00,CE,ATM+8,14.286574,7333425,23700.0,23298.45,16.6,16.75,16.25,16.55,96900,1738565100
2025-02-03 12:16:00,CE,ATM+8,14.41444,7325925,23700.0,23292.9,16.45,16.8,16.2,16.45,71925,1738565160
2025-02-03 12:17:00,CE,ATM+8,14.409472,7325925,23700.0,23293.6,16.4,16.7,16.35,16.5,44400,1738565220
2025-02-03 12:18:00,CE,ATM+8,14.470169,7325925,23700.0,23284.95,16.55,16.6,15.8,15.8,107250,1738565280
2025-02-03 12:19:00,CE,ATM+8,14.60449,7300350,23700.0,23278.1,15.8,16.0,15.5,15.6,125025,1738565340
2025-02-03 12:20:00,CE,ATM+8,14.694135,7300350,23700.0,23280.5,15.7,16.3,15.55,16.2,107550,1738565400
2025-02-03 12:21:00,CE,ATM+8,14.802386,7300350,23700.0,23275.6,16.2,16.3,15.65,16.1,127800,1738565460
2025-02-03 12:22:00,CE,ATM+8,14.729115,7291275,23700.0,23275.55,16.05,16.15,15.8,15.8,54600,1738565520
2025-02-03 12:23:00,CE,ATM+8,14.401255,3970125,23650.0,23274.25,20.15,20.25,19.85,19.95,36750,1738565580
2025-02-03 12:24:00,CE,ATM+8,14.646654,7291275,23700.0,23280.65,15.75,16.0,15.6,16.0,88125,1738565640
2025-02-03 12:25:00,CE,ATM+8,14.596399,7296525,23700.0,23284.45,16.15,16.7,16.15,16.2,122025,1738565700
2025-02-03 12:26:00,CE,ATM+8,14.589224,7296525,23700.0,23288.0,16.35,16.55,16.3,16.55,69750,1738565760
2025-02-03 12:27:00,CE,ATM+8,14.346238,7296525,23700.0,23298.8,16.5,17.05,16.4,16.75,106275,1738565820
2025-02-03 12:28:00,CE,ATM+8,14.490935,7326225,23700.0,23291.75,16.8,16.85,16.45,16.55,115500,1738565880
2025-02-03 12:29:00,CE,ATM+8,14.491269,7326225,23700.0,23288.6,16.35,16.45,16.1,16.2,68850,1738565940
2025-02-03 12:30:00,CE,ATM+8,14.447948,7326225,23700.0,23287.95,16.25,16.35,15.8,15.95,73050,1738566000
2025-02-03 12:31:00,CE,ATM+8,14.423478,7337100,23700.0,23289.85,15.95,16.25,15.95,16.05,66300,1738566060
2025-02-03 12:32:00,CE,ATM+8,14.432183,7337100,23700.0,23292.35,16.05,16.55,15.85,16.35,104775,1738566120
2025-02-03 12:33:00,CE,ATM+8,14.499821,7337100,23700.0,23287.15,16.25,16.4,16.0,16.05,136350,1738566180
2025-02-03 12:34:00,CE,ATM+8,14.505328,7339500,23700.0,23288.4,16.05,16.3,15.95,16.2,39825,1738566240
2025-02-03 12:35:00,CE,ATM+8,14.382297,7339500,23700.0,23292.55,16.1,16.4,16.0,16.15,45075,1738566300
2025-02-03 12:36:00,CE,ATM+8,14.563817,7339500,23700.0,23281.2,16.15,16.15,15.55,15.65,73350,1738566360
2025-02-03 12:37:00,CE,ATM+8,14.608463,7344675,23700.0,23279.6,15.55,15.75,15.35,15.65,121200,1738566420
2025-02-03 12:38:00,CE,ATM+8,14.343995,3961200,23650.0,23274.45,19.8,20.05,19.55,19.6,174825,1738566480
2025-02-03 12:39:00,CE,ATM+8,14.363746,3961200,23650.0,23271.85,19.6,19.7,19.3,19.35,56700,1738566540
2025-02-03 12:40:00,CE,ATM+8,14.690861,7371075,23700.0,23277.2,15.4,15.75,15.4,15.7,78975,1738566600
2025-02-03 12:41:00,CE,ATM+8,14.700901,7371075,23700.0,23275.45,15.7,15.8,15.5,15.55,25650,1738566660
2025-02-03 12:42:00,CE,ATM+8,14.391582,3972600,23650.0,23273.8,19.75,19.9,19.55,19.7,26325,1738566720
2025-02-03 12:43:00,CE,ATM+8,14.395255,3985725,23650.0,23272.95,19.8,19.95,19.5,19.6,46950,1738566780
2025-02-03 12:44:00,CE,ATM+8,14.405267,3985725,23650.0,23273.05,19.55,19.65,19.2,19.65,41400,1738566840
2025-02-03 12:45:00,CE,ATM+8,14.593797,7385250,23700.0,23278.75,15.6,15.7,15.4,15.45,83625,1738566900
2025-02-03 12:46:00,CE,ATM+8,14.408296,3976500,23650.0,23271.1,19.6,19.75,19.15,19.4,49425,1738566960
2025-02-03 12:47:00,CE,ATM+8,14.417477,3976500,23650.0,23268.05,19.4,19.45,18.95,19.05,81000,1738567020
2025-02-03 12:48:00,CE,ATM+8,14.368259,3976500,23650.0,23271.05,19.2,19.55,19.1,19.2,31800,1738567080
2025-02-03 12:49:00,CE,ATM+8,14.392634,3975150,23650.0,23270.25,19.35,19.4,19.15,19.2,27300,1738567140
2025-02-03 12:50:00,CE,ATM+8,14.383125,3975150,23650.0,23269.45,19.25,19.55,19.05,19.05,31200,1738567200
2025-02-03 12:51:00,CE,ATM+8,14.453798,3975150,23650.0,23265.8,19.05,19.05,18.7,18.9,65775,1738567260
2025-02-03 12:52:00,CE,ATM+8,14.331887,3971100,23650.0,23265.3,18.8,18.95,18.2,18.3,79350,1738567320
2025-02-03 12:53:00,CE,ATM+8,14.384618,3971100,23650.0,23261.4,18.35,18.4,17.8,18.05,91650,1738567380
2025-02-03 12:54:00,CE,ATM+8,14.368173,3971100,23650.0,23263.3,18.05,18.5,18.05,18.2,63975,1738567440
2025-02-03 12:55:00,CE,ATM+8,14.271955,3971250,23650.0,23268.85,18.2,18.55,18.15,18.45,39675,1738567500
2025-02-03 12:56:00,CE,ATM+8,14.216748,3971250,23650.0,23273.7,18.55,18.9,18.55,18.8,76200,1738567560
2025-02-03 12:57:00,CE,ATM+8,14.527343,7453950,23700.0,23277.15,14.7,15.0,14.7,14.95,119625,1738567620
2025-02-03 12:58:00,CE,ATM+8,14.526598,7444500,23700.0,23276.75,14.95,15.1,14.85,14.9,87300,1738567680
2025-02-03 12:59:00,CE,ATM+8,14.47896,7444500,23700.0,23281.05,14.95,15.25,14.7,15.15,135300,1738567740
2025-02-03 13:00:00,CE,ATM+8,14.473156,7444500,23700.0,23284.7,15.25,15.65,15.05,15.5,203775,1738567800
2025-02-03 13:01:00,CE,ATM+8,14.447336,7401825,23700.0,23286.2,15.35,15.95,15.35,15.55,228675,1738567860
2025-02-03 13:02:00,CE,ATM+8,14.34967,7401825,23700.0,23292.7,15.6,15.85,15.3,15.85,105300,1738567920
2025-02-03 13:03:00,CE,ATM+8,14.661144,2969700,23750.0,23331.45,12.35,16.0,12.3,16.0,473325,1738567980
2025-02-03 13:04:00,CE,ATM+8,14.488426,2938650,23750.0,23328.85,15.55,16.05,14.7,15.05,318975,1738568040
2025-02-03 13:05:00,CE,ATM+8,14.153432,7310100,23700.0,23322.15,19.5,19.5,18.15,18.4,344850,1738568100
2025-02-03 13:06:00,CE,ATM+8,14.280859,7310100,23700.0,23315.2,18.3,18.7,17.8,18.1,264525,1738568160
2025-02-03 13:07:00,CE,ATM+8,14.544813,2950500,23750.0,23332.25,14.1,15.8,14.1,15.6,160650,1738568220
2025-02-03 13:08:00,CE,ATM+8,14.669123,2950500,23750.0,23331.95,15.75,17.4,15.6,16.05,539775,1738568280
2025-02-03 13:09:00,CE,ATM+8,14.492198,2950500,23750.0,23351.55,16.25,17.8,16.25,17.5,319425,1738568340
2025-02-03 13:10:00,CE,ATM+8,14.360186,2822700,23750.0,23346.7,17.65,18.25,16.4,16.4,402375,1738568400
2025-02-03 13:11:00,CE,ATM+8,14.416249,2822700,23750.0,23344.25,16.35,16.85,15.85,16.35,228075,1738568460
2025-02-03 13:12:00,CE,ATM+8,14.367623,2822700,23750.0,23356.25,16.6,17.55,16.55,17.5,132000,1738568520
2025-02-03 13:13:00,CE,ATM+8,14.227581,2838900,23750.0,23355.75,17.6,17.6,16.75,16.85,159975,1738568580
2025-02-03 13:14:00,CE,ATM+8,14.129112,2838900,23750.0,23360.7,16.8,17.1,16.6,17.0,148200,1738568640
2025-02-03 13:15:00,CE,ATM+8,14.062629,2838900,23750.0,23358.8,17.25,17.4,15.85,16.5,175500,1738568700
2025-02-03 13:16:00,CE,ATM+8,14.010559,2842650,23750.0,23365.55,16.45,17.6,16.45,17.05,205950,1738568760
2025-02-03 13:17:00,CE,ATM+8,13.994147,2842650,23750.0,23362.3,17.2,17.5,16.4,16.6,166500,1738568820
2025-02-03 13:18:00,CE,ATM+8,13.99059,2842650,23750.0,23358.5,16.7,16.7,16.0,16.15,173025,1738568880
2025-02-03 13:19:00,CE,ATM+8,14.048516,2873850,23750.0,23348.15,16.25,16.25,15.15,15.25,147375,1738568940
2025-02-03 13:20:00,CE,ATM+8,14.035521,2873850,23750.0,23351.5,15.55,15.8,15.4,15.55,160125,1738569000
2025-02-03 13:21:00,CE,ATM+8,13.948839,2873850,23750.0,23354.3,15.55,15.6,14.8,15.5,144750,1738569060
2025-02-03 13:22:00,CE,ATM+8,13.936748,2890050,23750.0,23347.25,15.4,15.4,14.45,14.7,136125,1738569120
2025-02-03 13:23:00,CE,ATM+8,13.911177,2890050,23750.0,23345.35,14.75,15.0,14.2,14.4,107250,1738569180
2025-02-03 13:24:00,CE,ATM+8,13.885819,2890050,23750.0,23343.4,14.5,14.85,13.8,14.1,121725,1738569240
2025-02-03 13:25:00,CE,ATM+8,13.832925,2901600,23750.0,23339.9,14.0,14.6,13.55,13.55,107625,1738569300
2025-02-03 13:26:00,CE,ATM+8,13.829345,2901600,23750.0,23343.15,13.65,13.9,13.25,13.85,90975,1738569360
2025-02-03 13:27:00,CE,ATM+8,13.921417,2901600,23750.0,23341.75,14.0,14.35,13.9,14.05,104925,1738569420
2025-02-03 13:28:00,CE,ATM+8,13.897751,2905050,23750.0,23332.4,13.95,13.95,12.85,13.05,176250,1738569480
2025-02-03 13:29:00,CE,ATM+8,13.986937,2905050,23750.0,23331.7,13.1,13.3,12.85,13.3,79800,1738569540
2025-02-03 13:30:00,CE,ATM+8,13.97744,2905050,23750.0,23335.25,13.25,13.85,13.25,13.6,75000,1738569600
2025-02-03 13:31:00,CE,ATM+8,14.033377,2942625,23750.0,23329.0,13.5,13.5,12.9,13.2,121050,1738569660
2025-02-03 13:32:00,CE,ATM+8,14.027255,2942625,23750.0,23332.45,13.1,13.85,13.1,13.5,75675,1738569720
2025-02-03 13:33:00,CE,ATM+8,14.088777,2942625,23750.0,23332.25,13.5,13.7,13.15,13.7,102225,1738569780
2025-02-03 13:34:00,CE,ATM+8,14.233166,2929950,23750.0,23328.9,13.75,13.95,13.6,13.9,100350,1738569840
2025-02-03 13:35:00,CE,ATM+8,14.15751,2929950,23750.0,23332.85,13.9,14.3,13.55,14.0,84750,1738569900
2025-02-03 13:36:00,CE,ATM+8,14.193377,2929950,23750.0,23338.55,13.95,14.95,13.8,14.7,148950,1738569960
2025-02-03 13:37:00,CE,ATM+8,14.17169,2892375,23750.0,23340.4,14.65,14.8,14.1,14.8,82275,1738570020
2025-02-03 13:38:00,CE,ATM+8,14.203434,2892375,23750.0,23340.25,14.8,15.2,14.6,14.9,86925,1738570080
2025-02-03 13:39:00,CE,ATM+8,14.256099,2892375,23750.0,23338.35,15.0,15.1,14.65,14.9,48150,1738570140
2025-02-03 13:40:00,CE,ATM+8,14.162431,2883975,23750.0,23346.2,14.9,15.35,14.8,15.35,86850,1738570200
2025-02-03 13:41:00,CE,ATM+8,14.179263,2883975,23750.0,23347.05,15.35,15.55,15.05,15.5,65550,1738570260
2025-02-03 13:42:00,CE,ATM+8,14.24481,2883975,23750.0,23343.75,15.65,15.65,15.3,15.4,54225,1738570320
2025-02-03 13:43:00,CE,ATM+8,14.324489,2895300,23750.0,23342.75,15.45,15.95,15.35,15.6,105900,1738570380
2025-02-03 13:44:00,CE,ATM+8,14.382993,2895300,23750.0,23352.05,15.85,17.5,15.8,16.85,203175,1738570440
2025-02-03 13:45:00,CE,ATM+8,14.361762,2895300,23750.0,23352.0,16.95,17.6,16.65,16.75,145350,1738570500
2025-02-03 13:46:00,CE,ATM+8,14.385854,2871825,23750.0,23347.6,16.6,16.65,15.75,16.35,109800,1738570560
2025-02-03 13:47:00,CE,ATM+8,14.31169,2871825,23750.0,23357.45,16.25,17.35,15.9,17.15,131550,1738570620
2025-02-03 13:48:00,CE,ATM+8,14.250681,2871825,23750.0,23358.85,17.15,17.3,16.85,17.05,114150,1738570680
2025-02-03 13:49:00,CE,ATM+8,14.262104,2863200,23750.0,23350.05,17.0,17.1,16.1,16.1,102000,1738570740
2025-02-03 13:50:00,CE,ATM+8,14.174777,2863200,23750.0,23343.05,15.9,16.1,15.0,15.0,180000,1738570800
2025-02-03 13:51:00,CE,ATM+8,13.95702,7756875,23700.0,23319.45,19.15,19.2,16.15,16.9,842100,1738570860
2025-02-03 13:52:00,CE,ATM+8,14.060933,7714875,23700.0,23313.6,16.95,17.15,15.7,16.65,629550,1738570920
2025-02-03 13:53:00,CE,ATM+8,13.940583,7714875,23700.0,23324.4,16.7,17.65,16.7,17.4,416025,1738570980
2025-02-03 13:54:00,CE,ATM+8,13.964357,7714875,23700.0,23322.35,17.55,17.65,17.0,17.25,210525,1738571040
2025-02-03 13:55:00,CE,ATM+8,13.990578,7559700,23700.0,23320.2,17.25,17.6,17.05,17.1,119100,1738571100
2025-02-03 13:56:00,CE,ATM+8,14.025684,7559700,23700.0,23324.05,17.3,18.0,17.2,17.7,256650,1738571160
2025-02-03 13:57:00,CE,ATM+8,14.090181,7559700,23700.0,23319.3,17.7,18.1,17.1,17.4,118425,1738571220
2025-02-03 13:58:00,CE,ATM+8,14.36145,2886975,23750.0,23325.1,13.8,14.0,13.5,13.85,47100,1738571280
2025-02-03 13:59:00,CE,ATM+8,14.446501,2886975,23750.0,23325.55,13.9,14.2,13.9,14.2,51900,1738571340
2025-02-03 14:00:00,CE,ATM+8,14.377069,2886975,23750.0,23335.2,14.05,15.05,13.9,14.9,245925,1738571400
2025-02-03 14:01:00,CE,ATM+8,14.275867,2874750,23750.0,23331.6,15.0,15.45,14.15,14.15,170475,1738571460
2025-02-03 14:02:00,CE,ATM+8,14.303914,2874750,23750.0,23336.1,14.1,15.1,13.95,14.7,79425,1738571520
2025-02-03 14:03:00,CE,ATM+8,14.334372,2874750,23750.0,23332.05,14.6,15.15,14.3,14.4,82650,1738571580
2025-02-03 14:04:00,CE,ATM+8,14.309431,2871900,23750.0,23332.55,14.45,14.65,14.35,14.35,27000,1738571640
2025-02-03 14:05:00,CE,ATM+8,14.277382,2871900,23750.0,23338.75,14.5,15.0,14.4,14.85,30525,1738571700
2025-02-03 14:06:00,CE,ATM+8,14.223438,2871900,23750.0,23342.75,14.75,15.4,14.5,15.05,100725,1738571760
2025-02-03 14:07:00,CE,ATM+8,14.285508,2871525,23750.0,23341.95,15.0,15.6,14.95,15.2,74325,1738571820
2025-02-03 14:08:00,CE,ATM+8,14.137865,2871525,23750.0,23347.0,15.05,15.5,15.0,15.15,79875,1738571880
2025-02-03 14:09:00,CE,ATM+8,14.115699,2871525,23750.0,23344.05,15.15,15.2,14.7,14.75,82875,1738571940
2025-02-03 14:10:00,CE,ATM+8,14.166785,2881650,23750.0,23342.7,14.85,15.2,14.7,14.8,48525,1738572000
2025-02-03 14:11:00,CE,ATM+8,14.146398,2881650,23750.0,23347.35,15.0,15.2,14.9,15.2,39975,1738572060
2025-02-03 14:12:00,CE,ATM+8,14.121893,2881650,23750.0,23353.9,15.15,16.05,15.15,15.8,180900,1738572120
2025-02-03 14:13:00,CE,ATM+8,14.180498,2832225,23750.0,23343.35,15.8,16.1,14.9,14.9,141525,1738572180
2025-02-03 14:14:00,CE,ATM+8,14.159054,2832225,23750.0,23346.6,14.9,15.35,14.6,15.15,87600,1738572240
2025-02-03 14:15:00,CE,ATM+8,14.228109,2832225,23750.0,23348.35,15.1,15.75,15.0,15.6,47400,1738572300
2025-02-03 14:16:00,CE,ATM+8,14.218958,2869050,23750.0,23348.75,15.6,15.8,15.25,15.6,51300,1738572360
2025-02-03 14:17:00,CE,ATM+8,14.206156,2869050,23750.0,23352.05,15.6,16.25,15.4,15.9,87075,1738572420
2025-02-03 14:18:00,CE,ATM+8,14.209201,2869050,23750.0,23349.7,15.85,15.85,15.5,15.65,44625,1738572480
2025-02-03 14:19:00,CE,ATM+8,14.22902,2840925,23750.0,23349.5,15.6,15.85,15.45,15.7,35925,1738572540
2025-02-03 14:20:00,CE,ATM+8,14.169699,2840925,23750.0,23344.2,15.6,15.7,14.9,14.9,102825,1738572600
2025-02-03 14:21:00,CE,ATM+8,14.243295,2840925,23750.0,23342.5,14.85,15.05,14.65,15.0,86700,1738572660
2025-02-03 14:22:00,CE,ATM+8,14.29326,2852475,23750.0,23350.1,14.95,17.1,14.9,16.0,177825,1738572720
2025-02-03 14:23:00,CE,ATM+8,14.258159,2852475,23750.0,23349.15,16.05,16.05,15.1,15.75,67575,1738572780
2025-02-03 14:24:00,CE,ATM+8,14.217862,2852475,23750.0,23351.15,15.75,15.9,15.6,15.8,49275,1738572840
2025-02-03 14:25:00,CE,ATM+8,14.216562,2824350,23750.0,23355.8,15.75,16.5,15.75,16.3,99975,1738572900
2025-02-03 14:26:00,CE,ATM+8,14.128509,2824350,23750.0,23355.0,16.35,16.45,15.75,15.85,83400,1738572960
2025-02-03 14:27:00,CE,ATM+8,14.175875,2824350,23750.0,23357.85,16.1,16.9,16.0,16.35,110850,1738573020
2025-02-03 14:28:00,CE,ATM+8,14.123742,2847900,23750.0,23362.45,16.45,17.05,16.25,16.65,99750,1738573080
2025-02-03 14:29:00,CE,ATM+8,14.139921,2847900,23750.0,23361.05,16.8,17.2,16.2,16.55,109350,1738573140
2025-02-03 14:30:00,CE,ATM+8,14.185961,2847900,23750.0,23348.05,16.65,16.65,15.2,15.3,169725,1738573200
2025-02-03 14:31:00,CE,ATM+8,14.150597,2869650,23750.0,23344.65,15.25,15.25,14.65,14.8,141075,1738573260
2025-02-03 14:32:00,CE,ATM+8,14.217299,2869650,23750.0,23344.65,14.9,15.3,14.65,15.05,72675,1738573320
2025-02-03 14:33:00,CE,ATM+8,14.003363,2869650,23750.0,23354.95,14.85,15.4,14.65,15.3,80850,1738573380
2025-02-03 14:34:00,CE,ATM+8,13.948685,2856000,23750.0,23355.15,15.4,15.4,14.8,15.1,115200,1738573440
2025-02-03 14:35:00,CE,ATM+8,13.95992,2856000,23750.0,23354.8,15.0,15.45,14.8,15.1,78900,1738573500
2025-02-03 14:36:00,CE,ATM+8,13.917477,2856000,23750.0,23358.75,15.1,15.4,14.85,15.35,39675,1738573560
2025-02-03 14:37:00,CE,ATM+8,13.970355,2833275,23750.0,23353.6,15.3,15.9,15.0,15.0,129000,1738573620
2025-02-03 14:38:00,CE,ATM+8,14.037725,2833275,23750.0,23355.4,15.0,15.45,14.7,15.45,113325,1738573680
2025-02-03 14:39:00,CE,ATM+8,14.121733,2833275,23750.0,23349.1,15.45,15.65,14.95,15.1,62025,1738573740
2025-02-03 14:40:00,CE,ATM+8,14.008732,2862450,23750.0,23352.85,14.9,15.4,14.85,15.05,40500,1738573800
2025-02-03 14:41:00,CE,ATM+8,14.163144,2862450,23750.0,23346.75,15.05,15.05,14.8,15.0,68400,1738573860
2025-02-03 14:42:00,CE,ATM+8,14.083683,2862450,23750.0,23347.35,14.9,15.1,14.65,14.75,86700,1738573920
2025-02-03 14:43:00,CE,ATM+8,14.049952,2841525,23750.0,23351.05,14.75,15.2,14.65,15.0,139650,1738573980
2025-02-03 14:44:00,CE,ATM+8,14.068491,2841525,23750.0,23351.85,14.95,15.3,14.9,15.15,45675,1738574040
2025-02-03 14:45:00,CE,ATM+8,14.055442,2841525,23750.0,23350.5,15.2,15.3,14.95,14.95,74775,1738574100
2025-02-03 14:46:00,CE,ATM+8,14.072899,2877300,23750.0,23344.6,14.85,15.05,14.35,14.4,94800,1738574160
2025-02-03 14:47:00,CE,ATM+8,13.998874,2877300,23750.0,23342.45,14.4,14.5,13.9,13.9,151800,1738574220
2025-02-03 14:48:00,CE,ATM+8,14.147879,2877300,23750.0,23337.95,13.9,14.0,13.6,14.0,94350,1738574280
2025-02-03 14:49:00,CE,ATM+8,14.180776,2813025,23750.0,23331.65,14.05,14.05,13.35,13.5,124725,1738574340
2025-02-03 14:50:00,CE,ATM+8,14.206456,2813025,23750.0,23329.7,13.55,13.8,13.25,13.4,85425,1738574400
2025-02-03 14:51:00,CE,ATM+8,14.128176,2813025,23750.0,23334.8,13.4,13.9,13.4,13.6,98325,1738574460
2025-02-03 14:52:00,CE,ATM+8,14.201623,2821950,23750.0,23333.65,13.55,13.9,13.55,13.75,128250,1738574520
2025-02-03 14:53:00,CE,ATM+8,14.064506,2821950,23750.0,23338.35,13.65,14.0,13.55,13.7,96750,1738574580
2025-02-03 14:54:00,CE,ATM+8,14.1047,2821950,23750.0,23339.45,13.75,14.0,13.7,13.95,105750,1738574640
2025-02-03 14:55:00,CE,ATM+8,14.040769,2900100,23750.0,23341.4,14.05,14.35,13.9,13.9,97275,1738574700
2025-02-03 14:56:00,CE,ATM+8,13.990201,2900100,23750.0,23345.85,13.9,14.25,13.85,14.15,101550,1738574760
2025-02-03 14:57:00,CE,ATM+8,14.037188,2900100,23750.0,23345.65,14.1,14.6,14.1,14.3,85350,1738574820
2025-02-03 14:58:00,CE,ATM+8,13.959427,2911425,23750.0,23348.6,14.4,14.7,14.3,14.3,75600,1738574880
2025-02-03 14:59:00,CE,ATM+8,13.891341,2911425,23750.0,23355.05,14.45,14.7,14.4,14.7,59625,1738574940
2025-02-03 15:00:00,CE,ATM+8,13.883365,2911425,23750.0,23354.45,14.7,15.85,14.6,14.6,345000,1738575000
2025-02-03 15:01:00,CE,ATM+8,13.972682,2909175,23750.0,23351.7,14.7,15.1,14.2,14.65,232275,1738575060
2025-02-03 15:02:00,CE,ATM+8,13.890394,2909175,23750.0,23359.05,14.5,15.45,14.5,15.1,73875,1738575120
2025-02-03 15:03:00,CE,ATM+8,13.973925,2909175,23750.0,23351.3,15.0,15.25,14.5,14.6,138225,1738575180
2025-02-03 15:04:00,CE,ATM+8,13.985011,2936325,23750.0,23353.35,14.45,14.85,14.4,14.85,96900,1738575240
2025-02-03 15:05:00,CE,ATM+8,13.951932,2936325,23750.0,23358.85,15.0,15.45,14.75,15.3,141525,1738575300
2025-02-03 15:06:00,CE,ATM+8,13.903597,2936325,23750.0,23359.75,15.35,15.55,15.0,15.2,101400,1738575360
2025-02-03 15:07:00,CE,ATM+8,13.850529,2908050,23750.0,23361.75,15.15,15.4,15.05,15.2,113775,1738575420
2025-02-03 15:08:00,CE,ATM+8,13.734575,2908050,23750.0,23361.85,15.2,15.65,14.75,14.75,131925,1738575480
2025-02-03 15:09:00,CE,ATM+8,14.066724,6175350,23800.0,23375.4,11.7,12.5,11.7,12.5,161550,1738575540
2025-02-03 15:10:00,CE,ATM+8,13.707453,2838975,23750.0,23373.9,16.45,17.1,15.75,15.95,296025,1738575600
2025-02-03 15:11:00,CE,ATM+8,13.668443,2838975,23750.0,23370.0,16.2,16.4,15.35,15.35,112725,1738575660
2025-02-03 15:12:00,CE,ATM+8,13.974325,2838975,23750.0,23363.5,15.5,15.95,15.5,15.85,122550,1738575720
2025-02-03 15:13:00,CE,ATM+8,13.833575,2841300,23750.0,23368.65,15.95,16.45,15.85,15.85,103575,1738575780
2025-02-03 15:14:00,CE,ATM+8,13.846483,2841300,23750.0,23366.9,15.95,16.1,15.65,15.7,173400,1738575840
2025-02-03 15:15:00,CE,ATM+8,13.919436,2841300,23750.0,23357.4,16.0,16.05,14.95,14.95,207375,1738575900
2025-02-03 15:16:00,CE,ATM+8,13.865489,2817150,23750.0,23357.55,14.75,15.15,14.75,14.75,175725,1738575960
2025-02-03 15:17:00,CE,ATM+8,13.970696,2817150,23750.0,23353.75,14.85,15.1,14.55,14.75,166350,1738576020
2025-02-03 15:18:00,CE,ATM+8,14.023379,2817150,23750.0,23356.6,14.8,15.3,14.8,15.25,144525,1738576080
2025-02-03 15:19:00,CE,ATM+8,14.026272,2864775,23750.0,23357.95,15.05,15.45,15.0,15.4,62700,1738576140
2025-02-03 15:20:00,CE,ATM+8,14.069773,2864775,23750.0,23355.5,15.5,15.5,15.05,15.3,226650,1738576200
2025-02-03 15:21:00,CE,ATM+8,14.00195,2864775,23750.0,23358.5,15.1,15.5,15.1,15.35,111000,1738576260
2025-02-03 15:22:00,CE,ATM+8,14.001527,2854800,23750.0,23356.25,15.45,15.5,15.05,15.1,147750,1738576320
2025-02-03 15:23:00,CE,ATM+8,13.999557,2854800,23750.0,23354.5,15.1,15.1,14.8,14.9,117075,1738576380
2025-02-03 15:24:00,CE,ATM+8,14.05392,2854800,23750.0,23355.4,15.05,15.2,14.8,15.2,113250,1738576440
2025-02-03 15:25:00,CE,ATM+8,14.138317,2843925,23750.0,23356.1,15.35,15.7,15.25,15.6,253050,1738576500
2025-02-03 15:26:00,CE,ATM+8,14.205535,2843925,23750.0,23355.1,15.75,15.9,15.6,15.75,155100,1738576560
2025-02-03 15:27:00,CE,ATM+8,14.170415,2843925,23750.0,23354.6,15.7,15.7,15.4,15.55,125325,1738576620
2025-02-03 15:28:00,CE,ATM+8,14.120636,2800425,23750.0,23355.55,15.5,15.6,15.35,15.45,104100,1738576680
2025-02-03 15:29:00,CE,ATM+8,13.842107,2800425,23750.0,23359.7,15.3,15.4,14.8,14.8,160200,1738576740
2025-02-04 09:15:00,CE,ATM+8,14.832917,5130675,23900.0,23495.7,10.25,11.75,8.9,9.95,915675,1738640700
2025-02-04 09:16:00,CE,ATM+8,15.0072,5130675,23900.0,23497.15,10.1,11.1,10.1,10.55,675600,1738640760
2025-02-04 09:17:00,CE,ATM+8,14.71219,5130675,23900.0,23506.65,10.15,10.6,10.15,10.5,468000,1738640820
2025-02-04 09:18:00,CE,ATM+8,14.662565,5115825,23900.0,23509.0,10.5,10.75,10.35,10.55,362700,1738640880
2025-02-04 09:19:00,CE,ATM+8,14.815935,5115825,23900.0,23502.7,10.35,10.5,10.15,10.45,373800,1738640940
2025-02-04 09:20:00,CE,ATM+8,14.912071,5115825,23900.0,23514.35,10.3,11.75,10.3,11.75,488700,1738641000
2025-02-04 09:21:00,CE,ATM+8,15.11393,5019825,23900.0,23510.45,11.65,12.0,10.9,12.0,391800,1738641060
2025-02-04 09:22:00,CE,ATM+8,16.028659,2469300,23950.0,23528.35,9.2,12.6,9.05,11.95,709050,1738641120
2025-02-04 09:23:00,CE,ATM+8,15.482732,5019825,23900.0,23522.85,15.55,15.55,14.0,14.4,488700,1738641180
2025-02-04 09:24:00,CE,ATM+8,15.649595,4876575,23900.0,23522.3,14.1,15.25,14.1,14.9,354525,1738641240
2025-02-04 09:25:00,CE,ATM+8,16.147474,2408700,23950.0,23530.25,11.7,13.45,11.4,12.45,403875,1738641300
2025-02-04 09:26:00,CE,ATM+8,16.05402,4876575,23900.0,23517.45,16.25,16.5,15.4,15.75,354225,1738641360
2025-02-04 09:27:00,CE,ATM+8,16.078961,4838475,23900.0,23518.1,15.45,16.1,15.4,15.9,235650,1738641420
2025-02-04 09:28:00,CE,ATM+8,16.313384,4838475,23900.0,23511.7,15.8,16.4,15.75,16.0,309000,1738641480
2025-02-04 09:29:00,CE,ATM+8,16.145705,4838475,23900.0,23514.35,15.95,15.95,14.85,15.7,255300,1738641540
2025-02-04 09:30:00,CE,ATM+8,16.507316,4847025,23900.0,23503.45,15.6,16.35,15.6,15.75,312975,1738641600
2025-02-04 09:31:00,CE,ATM+8,16.917799,4847025,23900.0,23495.15,15.7,16.5,15.15,16.25,426075,1738641660
2025-02-04 09:32:00,CE,ATM+8,16.718367,4847025,23900.0,23503.8,16.15,16.75,16.15,16.5,233850,1738641720
2025-02-04 09:33:00,CE,ATM+8,16.823574,4970475,23900.0,23509.4,16.6,17.7,16.3,17.5,324000,1738641780
2025-02-04 09:34:00,CE,ATM+8,16.980033,4970475,23900.0,23510.6,17.7,18.7,17.6,18.2,346275,1738641840
2025-02-04 09:35:00,CE,ATM+8,17.143694,4970475,23900.0,23512.7,18.15,19.35,17.85,19.05,319875,1738641900
2025-02-04 09:36:00,CE,ATM+8,17.17885,5006550,23900.0,23516.95,19.05,20.25,18.35,19.7,456675,1738641960
2025-02-04 09:37:00,CE,ATM+8,18.193398,2350575,23950.0,23539.0,15.35,20.2,15.35,20.2,627225,1738642020
2025-02-04 09:38:00,CE,ATM+8,17.999989,2350575,23950.0,23549.8,19.6,20.95,18.55,20.8,431175,1738642080
2025-02-04 09:39:00,CE,ATM+8,18.026907,2231025,23950.0,23550.65,20.75,23.1,20.35,21.0,562350,1738642140
2025-02-04 09:40:00,CE,ATM+8,17.9723,2231025,23950.0,23562.7,21.15,23.6,21.15,22.35,405225,1738642200
2025-02-04 09:41:00,CE,ATM+8,18.063615,2231025,23950.0,23562.3,22.15,24.0,22.15,22.65,315975,1738642260
2025-02-04 09:42:00,CE,ATM+8,18.049332,2202300,23950.0,23567.2,22.9,23.7,22.55,23.25,246750,1738642320
2025-02-04 09:43:00,CE,ATM+8,17.941379,2202300,23950.0,23566.1,23.1,23.15,22.35,22.65,161175,1738642380
2025-02-04 09:44:00,CE,ATM+8,17.719052,2202300,23950.0,23572.4,22.45,23.25,22.45,22.6,178875,1738642440
2025-02-04 09:45:00,CE,ATM+8,17.585549,2158650,23950.0,23560.2,22.9,23.85,19.65,20.45,481650,1738642500
2025-02-04 09:46:00,CE,ATM+8,17.544394,2158650,23950.0,23560.35,20.4,21.0,20.15,20.3,233325,1738642560
2025-02-04 09:47:00,CE,ATM+8,17.547957,2158650,23950.0,23563.85,20.15,21.4,19.95,20.75,148050,1738642620
2025-02-04 09:48:00,CE,ATM+8,17.390133,2073225,23950.0,23569.45,20.9,22.2,20.7,20.85,156375,1738642680
2025-02-04 09:49:00,CE,ATM+8,17.494867,2073225,23950.0,23569.45,21.0,21.7,21.0,21.25,137025,1738642740
2025-02-04 09:50:00,CE,ATM+8,17.579283,2073225,23950.0,23568.15,21.1,21.4,20.5,21.4,114825,1738642800
2025-02-04 09:51:00,CE,ATM+8,17.535425,2102325,23950.0,23566.5,21.4,21.8,20.25,21.0,151500,1738642860
2025-02-04 09:52:00,CE,ATM+8,17.368452,2102325,23950.0,23565.4,20.75,21.45,20.1,20.2,243000,1738642920
2025-02-04 09:53:00,CE,ATM+8,17.31089,2102325,23950.0,23565.65,19.95,21.15,19.8,20.0,253800,1738642980
2025-02-04 09:54:00,CE,ATM+8,17.209235,2070600,23950.0,23561.6,20.0,20.15,18.3,19.1,342375,1738643040
2025-02-04 09:55:00,CE,ATM+8,17.157525,2070600,23950.0,23559.15,19.35,19.35,18.45,18.6,193275,1738643100
2025-02-04 09:56:00,CE,ATM+8,17.272664,2070600,23950.0,23556.95,18.65,18.95,18.4,18.75,145350,1738643160
2025-02-04 09:57:00,CE,ATM+8,17.040309,2097825,23950.0,23560.0,18.7,19.3,18.2,18.25,108675,1738643220
2025-02-04 09:58:00,CE,ATM+8,16.9963,2097825,23950.0,23560.6,18.0,18.5,17.55,18.15,245250,1738643280
2025-02-04 09:59:00,CE,ATM+8,17.153474,2097825,23950.0,23557.95,18.65,18.65,18.1,18.4,92850,1738643340
2025-02-04 10:00:00,CE,ATM+8,16.94827,2068650,23950.0,23562.25,18.4,19.35,17.75,18.15,319650,1738643400
2025-02-04 10:01:00,CE,ATM+8,16.879188,2068650,23950.0,23563.2,18.2,18.3,17.65,18.0,53400,1738643460
2025-02-04 10:02:00,CE,ATM+8,16.887841,2068650,23950.0,23553.95,17.9,17.9,16.95,16.95,205350,1738643520
2025-02-04 10:03:00,CE,ATM+8,16.880003,2083050,23950.0,23546.6,16.2,17.45,16.1,16.1,296925,1738643580
2025-02-04 10:04:00,CE,ATM+8,16.942015,2083050,23950.0,23550.2,16.0,16.9,16.0,16.7,97275,1738643640
2025-02-04 10:05:00,CE,ATM+8,17.016546,2083050,23950.0,23547.5,16.6,16.8,16.2,16.65,87000,1738643700
2025-02-04 10:06:00,CE,ATM+8,17.191096,2102025,23950.0,23541.65,16.6,17.6,16.6,16.6,187050,1738643760
2025-02-04 10:07:00,CE,ATM+8,17.210442,2102025,23950.0,23544.75,16.65,17.3,16.55,17.0,77025,1738643820
2025-02-04 10:08:00,CE,ATM+8,17.313521,2102025,23950.0,23535.2,16.85,16.85,16.3,16.3,96075,1738643880
2025-02-04 10:09:00,CE,ATM+8,17.266934,2123775,23950.0,23540.9,16.2,16.8,16.2,16.75,84450,1738643940
2025-02-04 10:10:00,CE,ATM+8,17.30322,2123775,23950.0,23550.9,16.45,18.15,16.45,18.0,173475,1738644000
2025-02-04 10:11:00,CE,ATM+8,17.526415,2123775,23950.0,23552.15,18.05,19.25,17.7,18.95,147675,1738644060
2025-02-04 10:12:00,CE,ATM+8,17.616779,2121075,23950.0,23546.95,18.9,19.1,18.4,18.65,83100,1738644120
2025-02-04 10:13:00,CE,ATM+8,17.816433,2121075,23950.0,23533.5,18.75,18.9,17.55,17.8,127725,1738644180
2025-02-04 10:14:00,CE,ATM+8,17.859132,7362825,23900.0,23512.65,22.55,22.85,20.65,21.35,696075,1738644240
2025-02-04 10:15:00,CE,ATM+8,18.104839,7381425,23900.0,23514.85,21.3,22.7,21.3,22.6,314700,1738644300
2025-02-04 10:16:00,CE,ATM+8,18.167016,7381425,23900.0,23510.5,22.6,22.6,22.05,22.25,215550,1738644360
2025-02-04 10:17:00,CE,ATM+8,17.977279,2160150,23950.0,23525.25,17.05,17.55,16.35,17.4,210525,1738644420
2025-02-04 10:18:00,CE,ATM+8,17.865367,7391925,23900.0,23519.95,22.45,23.25,22.2,22.3,297375,1738644480
2025-02-04 10:19:00,CE,ATM+8,18.008984,2188125,23950.0,23525.35,17.2,17.6,16.95,17.5,162225,1738644540
2025-02-04 10:20:00,CE,ATM+8,17.994292,2188125,23950.0,23528.6,17.55,18.2,17.45,17.8,86625,1738644600
2025-02-04 10:21:00,CE,ATM+8,18.009148,2193900,23950.0,23530.45,17.65,18.15,17.65,18.05,63750,1738644660
2025-02-04 10:22:00,CE,ATM+8,17.947392,2193900,23950.0,23529.8,18.1,18.2,17.55,17.75,88350,1738644720
2025-02-04 10:23:00,CE,ATM+8,18.04016,2193900,23950.0,23527.0,17.65,17.9,17.5,17.75,59025,1738644780
2025-02-04 10:24:00,CE,ATM+8,17.859284,7440600,23900.0,23522.85,23.05,23.05,22.35,22.6,148650,1738644840
2025-02-04 10:25:00,CE,ATM+8,18.084794,7440600,23900.0,23515.95,22.55,22.65,22.1,22.55,218550,1738644900
2025-02-04 10:26:00,CE,ATM+8,18.180911,7440600,23900.0,23513.95,22.5,23.05,22.2,22.65,258975,1738644960
2025-02-04 10:27:00,CE,ATM+8,18.263602,7464525,23900.0,23513.45,22.55,23.3,22.5,22.9,166875,1738645020
2025-02-04 10:28:00,CE,ATM+8,18.501765,7464525,23900.0,23507.65,22.95,23.25,22.7,23.05,187800,1738645080
2025-02-04 10:29:00,CE,ATM+8,18.541706,7464525,23900.0,23500.95,23.15,23.2,21.3,22.3,1100400,1738645140
2025-02-04 10:30:00,CE,ATM+8,18.803833,6756450,23900.0,23505.2,22.15,24.25,21.95,23.9,1167975,1738645200
2025-02-04 10:31:00,CE,ATM+8,18.864755,6756450,23900.0,23500.95,24.0,24.1,23.4,23.55,433800,1738645260
2025-02-04 10:32:00,CE,ATM+8,19.035697,6756450,23900.0,23497.5,23.45,23.75,23.2,23.75,374700,1738645320
2025-02-04 10:33:00,CE,ATM+8,18.938384,6307875,23900.0,23496.0,23.5,23.95,23.05,23.15,414600,1738645380
2025-02-04 10:34:00,CE,ATM+8,18.980623,6307875,23900.0,23489.15,23.15,23.15,22.35,22.4,254325,1738645440
2025-02-04 10:35:00,CE,ATM+8,19.197876,6307875,23900.0,23479.65,22.05,22.8,21.15,22.0,468600,1738645500
2025-02-04 10:36:00,CE,ATM+8,19.420984,2842125,23850.0,23473.25,29.4,29.6,28.2,28.9,232200,1738645560
2025-02-04 10:37:00,CE,ATM+8,19.624747,2842125,23850.0,23463.1,28.85,28.85,26.8,28.2,269250,1738645620
2025-02-04 10:38:00,CE,ATM+8,19.926783,2842125,23850.0,23452.0,28.2,28.35,27.55,27.8,184950,1738645680
2025-02-04 10:39:00,CE,ATM+8,20.356987,2761950,23850.0,23427.25,27.2,27.55,25.35,26.0,462075,1738645740
2025-02-04 10:40:00,CE,ATM+8,19.982984,2761950,23850.0,23452.6,26.35,28.1,26.0,28.1,296250,1738645800
2025-02-04 10:41:00,CE,ATM+8,20.144094,2761950,23850.0,23449.8,28.15,28.95,27.8,28.35,176400,1738645860
2025-02-04 10:42:00,CE,ATM+8,20.436566,2708700,23850.0,23438.9,28.55,28.55,27.35,27.95,188625,1738645920
2025-02-04 10:43:00,CE,ATM+8,20.015983,2708700,23850.0,23454.6,27.95,28.5,27.85,28.5,259500,1738645980
2025-02-04 10:44:00,CE,ATM+8,19.785986,2708700,23850.0,23459.2,28.45,28.7,28.0,28.2,132825,1738646040
2025-02-04 10:45:00,CE,ATM+8,19.838523,2714850,23850.0,23457.15,28.1,28.35,27.1,28.1,114975,1738646100
2025-02-04 10:46:00,CE,ATM+8,19.303138,5730000,23900.0,23477.55,21.35,22.2,20.8,22.0,864000,1738646160
2025-02-04 10:47:00,CE,ATM+8,19.481766,2714850,23850.0,23470.3,28.7,29.25,28.3,28.55,180675,1738646220
2025-02-04 10:48:00,CE,ATM+8,19.405631,2726850,23850.0,23467.65,28.45,28.8,27.2,27.8,100275,1738646280
2025-02-04 10:49:00,CE,ATM+8,19.56483,2726850,23850.0,23461.6,27.95,28.45,27.15,27.55,157050,1738646340
2025-02-04 10:50:00,CE,ATM+8,19.464621,2726850,23850.0,23466.5,27.5,28.0,27.3,27.85,60225,1738646400
2025-02-04 10:51:00,CE,ATM+8,19.617645,2714325,23850.0,23445.85,28.2,28.2,25.3,25.45,260100,1738646460
2025-02-04 10:52:00,CE,ATM+8,19.781735,2714325,23850.0,23447.55,25.4,27.1,25.35,26.35,147900,1738646520
2025-02-04 10:53:00,CE,ATM+8,19.980091,2714325,23850.0,23440.2,26.4,26.4,25.85,26.1,100800,1738646580
2025-02-04 10:54:00,CE,ATM+8,20.089949,2717025,23850.0,23440.65,26.05,26.65,26.05,26.6,78525,1738646640
2025-02-04 10:55:00,CE,ATM+8,19.811091,2717025,23850.0,23452.15,27.0,27.2,26.5,27.1,53475,1738646700
2025-02-04 10:56:00,CE,ATM+8,19.541562,2717025,23850.0,23462.9,26.85,27.75,26.85,27.55,62400,1738646760
2025-02-04 10:57:00,CE,ATM+8,19.571886,2726700,23850.0,23462.8,27.4,27.7,27.0,27.65,66000,1738646820
2025-02-04 10:58:00,CE,ATM+8,19.357185,2726700,23850.0,23454.7,27.55,27.75,25.55,25.55,162000,1738646880
2025-02-04 10:59:00,CE,ATM+8,18.910036,2726700,23850.0,23466.55,25.5,26.05,25.05,25.4,119700,1738646940
2025-02-04 11:00:00,CE,ATM+8,18.657517,2627175,23850.0,23473.5,25.35,25.35,24.0,25.35,331875,1738647000
2025-02-04 11:01:00,CE,ATM+8,18.875981,5403825,23900.0,23478.9,18.95,20.5,18.95,20.4,302175,1738647060
2025-02-04 11:02:00,CE,ATM+8,18.752067,5403825,23900.0,23481.5,20.6,21.4,20.05,20.25,387975,1738647120
2025-02-04 11:03:00,CE,ATM+8,18.518953,5499900,23900.0,23484.5,20.6,20.6,19.05,19.75,232050,1738647180
2025-02-04 11:04:00,CE,ATM+8,18.428825,5499900,23900.0,23488.15,20.05,20.35,19.4,19.85,219000,1738647240
2025-02-04 11:05:00,CE,ATM+8,18.312357,5499900,23900.0,23501.0,19.7,21.0,19.55,21.0,259800,1738647300
2025-02-04 11:06:00,CE,ATM+8,18.139185,5590200,23900.0,23499.1,21.0,21.1,19.9,20.1,318000,1738647360
2025-02-04 11:07:00,CE,ATM+8,18.226885,5590200,23900.0,23493.7,20.0,20.3,19.5,19.75,196800,1738647420
2025-02-04 11:08:00,CE,ATM+8,18.103205,5590200,23900.0,23496.7,19.85,20.15,19.3,19.65,126525,1738647480
2025-02-04 11:09:00,CE,ATM+8,18.148289,5544675,23900.0,23499.1,19.5,20.25,19.45,20.1,146175,1738647540
2025-02-04 11:10:00,CE,ATM+8,18.133724,5544675,23900.0,23497.6,20.15,20.15,19.3,19.85,192075,1738647600
2025-02-04 11:11:00,CE,ATM+8,18.264786,5544675,23900.0,23492.1,19.95,20.5,19.4,19.65,184950,1738647660
2025-02-04 11:12:00,CE,ATM+8,18.303215,5486025,23900.0,23485.15,19.65,19.7,18.7,18.95,250275,1738647720
2025-02-04 11:13:00,CE,ATM+8,18.096053,5486025,23900.0,23496.55,19.05,19.95,18.85,19.55,152400,1738647780
2025-02-04 11:14:00,CE,ATM+8,17.942991,5486025,23900.0,23506.5,19.5,20.3,19.5,20.2,129825,1738647840
2025-02-04 11:15:00,CE,ATM+8,17.996175,5487000,23900.0,23503.8,20.4,21.0,19.9,20.05,358425,1738647900
2025-02-04 11:16:00,CE,ATM+8,17.968746,5487000,23900.0,23503.1,19.8,20.0,19.2,19.85,166575,1738647960
2025-02-04 11:17:00,CE,ATM+8,17.702537,5487000,23900.0,23517.45,20.0,20.65,19.95,20.65,184425,1738648020
2025-02-04 11:18:00,CE,ATM+8,17.547211,5438700,23900.0,23520.2,20.75,21.1,20.05,20.4,221475,1738648080
2025-02-04 11:19:00,CE,ATM+8,17.332753,5438700,23900.0,23522.75,20.45,20.7,19.8,19.9,154800,1738648140
2025-02-04 11:20:00,CE,ATM+8,17.410637,2593725,23950.0,23525.2,15.2,15.45,14.9,14.9,73725,1738648200
2025-02-04 11:21:00,CE,ATM+8,17.093575,2591625,23950.0,23538.3,15.05,15.2,14.55,15.2,168525,1738648260
2025-02-04 11:22:00,CE,ATM+8,17.183884,2591625,23950.0,23535.05,15.55,15.75,14.9,15.15,257925,1738648320
2025-02-04 11:23:00,CE,ATM+8,17.215573,2591625,23950.0,23533.65,14.95,15.2,14.9,15.1,66525,1738648380
2025-02-04 11:24:00,CE,ATM+8,17.161285,2570775,23950.0,23540.75,15.25,15.8,15.25,15.65,136425,1738648440
2025-02-04 11:25:00,CE,ATM+8,17.271934,2570775,23950.0,23535.45,15.7,15.8,15.2,15.45,88350,1738648500
2025-02-04 11:26:00,CE,ATM+8,17.487851,2570775,23950.0,23532.1,15.5,15.8,15.5,15.8,129525,1738648560
2025-02-04 11:27:00,CE,ATM+8,17.41986,2570775,23950.0,23535.75,15.75,16.3,15.75,15.95,118050,1738648620
2025-02-04 11:28:00,CE,ATM+8,17.387702,2537550,23950.0,23534.0,15.75,16.15,15.5,15.65,82500,1738648680
2025-02-04 11:29:00,CE,ATM+8,17.420012,2537550,23950.0,23529.2,15.65,15.65,14.95,15.25,85950,1738648740
2025-02-04 11:30:00,CE,ATM+8,17.311667,2537550,23950.0,23537.05,15.25,15.75,15.25,15.7,61125,1738648800
2025-02-04 11:31:00,CE,ATM+8,17.176301,2517375,23950.0,23544.2,15.85,16.0,15.6,16.0,47400,1738648860
2025-02-04 11:32:00,CE,ATM+8,17.109307,2517375,23950.0,23545.45,16.05,16.05,15.65,15.9,47550,1738648920
2025-02-04 11:33:00,CE,ATM+8,17.080403,2517375,23950.0,23544.1,16.0,16.0,15.4,15.65,30900,1738648980
2025-02-04 11:34:00,CE,ATM+8,16.978212,2513550,23950.0,23542.15,15.6,16.05,15.0,15.1,96900,1738649040
2025-02-04 11:35:00,CE,ATM+8,16.780888,2513550,23950.0,23551.3,15.2,15.6,15.05,15.4,28725,1738649100
2025-02-04 11:36:00,CE,ATM+8,16.862793,2513550,23950.0,23547.4,15.45,15.6,15.2,15.25,55125,1738649160
2025-02-04 11:37:00,CE,ATM+8,16.740827,2508225,23950.0,23553.2,15.1,15.6,15.1,15.45,49950,1738649220
2025-02-04 11:38:00,CE,ATM+8,16.61182,2508225,23950.0,23556.85,15.45,15.55,15.25,15.4,43275,1738649280
2025-02-04 11:39:00,CE,ATM+8,16.623169,2508225,23950.0,23557.05,15.4,15.55,15.1,15.45,51375,1738649340
2025-02-04 11:40:00,CE,ATM+8,16.677771,2495100,23950.0,23550.7,15.3,15.7,14.95,14.95,67275,1738649400
2025-02-04 11:41:00,CE,ATM+8,16.498677,2495100,23950.0,23553.05,14.8,15.15,14.45,14.6,98325,1738649460
2025-02-04 11:42:00,CE,ATM+8,16.384134,2495100,23950.0,23548.85,14.55,14.6,13.55,13.8,205725,1738649520
2025-02-04 11:43:00,CE,ATM+8,16.497974,2473350,23950.0,23544.8,13.8,14.05,13.65,13.75,127950,1738649580
2025-02-04 11:44:00,CE,ATM+8,16.612589,2473350,23950.0,23540.2,13.65,13.75,13.1,13.65,143100,1738649640
2025-02-04 11:45:00,CE,ATM+8,16.663306,2473350,23950.0,23545.75,13.9,14.5,13.65,14.35,194850,1738649700
2025-02-04 11:46:00,CE,ATM+8,16.653503,2440425,23950.0,23546.15,14.4,14.55,14.25,14.35,26475,1738649760
2025-02-04 11:47:00,CE,ATM+8,16.712632,2440425,23950.0,23545.85,14.3,14.6,14.2,14.5,50025,1738649820
2025-02-04 11:48:00,CE,ATM+8,16.691001,2440425,23950.0,23549.55,14.5,14.95,14.45,14.8,33600,1738649880
2025-02-04 11:49:00,CE,ATM+8,16.611196,15535500,24000.0,23598.1,11.35,14.5,11.25,14.5,1145550,1738649940
2025-02-04 11:50:00,CE,ATM+8,16.732744,15535500,24000.0,23593.35,14.65,16.05,13.8,14.4,2874750,1738650000
2025-02-04 11:51:00,CE,ATM+8,17.02782,14936025,24000.0,23587.55,14.55,15.2,12.45,14.75,938175,1738650060
2025-02-04 11:52:00,CE,ATM+8,17.186548,2427900,23950.0,23559.2,19.8,19.8,17.5,17.5,281400,1738650120
2025-02-04 11:53:00,CE,ATM+8,17.181259,2427900,23950.0,23559.45,15.85,17.55,15.85,17.5,344925,1738650180
2025-02-04 11:54:00,CE,ATM+8,17.150518,2427900,23950.0,23565.15,17.8,18.4,17.4,18.05,177450,1738650240
2025-02-04 11:55:00,CE,ATM+8,17.140147,2448975,23950.0,23559.15,18.05,18.05,16.6,17.3,93525,1738650300
2025-02-04 11:56:00,CE,ATM+8,17.036759,2448975,23950.0,23558.9,17.45,17.8,16.9,16.9,78825,1738650360
2025-02-04 11:57:00,CE,ATM+8,17.16031,2448975,23950.0,23547.05,16.7,16.8,15.35,16.0,159600,1738650420
2025-02-04 11:58:00,CE,ATM+8,16.894891,2444775,23950.0,23551.2,15.85,15.9,15.1,15.55,121425,1738650480
2025-02-04 11:59:00,CE,ATM+8,16.873504,2444775,23950.0,23546.25,15.35,15.45,14.55,14.95,154800,1738650540
2025-02-04 12:00:00,CE,ATM+8,16.846423,2444775,23950.0,23541.8,14.8,15.15,14.25,14.4,179400,1738650600
2025-02-04 12:01:00,CE,ATM+8,16.893331,2472900,23950.0,23538.4,14.45,14.45,13.7,14.2,156450,1738650660
2025-02-04 12:02:00,CE,ATM+8,16.913666,2472900,23950.0,23538.35,14.4,14.55,13.9,14.25,80400,1738650720
2025-02-04 12:03:00,CE,ATM+8,16.886457,2472900,23950.0,23541.8,14.4,14.55,14.0,14.5,120525,1738650780
2025-02-04 12:04:00,CE,ATM+8,16.737365,2471325,23950.0,23553.35,14.6,15.25,14.4,15.2,108150,1738650840
2025-02-04 12:05:00,CE,ATM+8,16.758239,2471325,23950.0,23557.0,15.2,15.95,15.2,15.65,121650,1738650900
2025-02-04 12:06:00,CE,ATM+8,16.80302,2471325,23950.0,23550.05,15.7,15.8,14.95,15.05,71400,1738650960
2025-02-04 12:07:00,CE,ATM+8,16.898941,2484000,23950.0,23543.25,14.85,15.15,14.55,14.65,99525,1738651020
2025-02-04 12:08:00,CE,ATM+8,16.976861,2484000,23950.0,23539.4,14.55,14.55,14.1,14.5,74100,1738651080
2025-02-04 12:09:00,CE,ATM+8,16.785764,2484000,23950.0,23549.9,14.45,15.05,14.4,14.95,51600,1738651140
2025-02-04 12:10:00,CE,ATM+8,16.712814,2462850,23950.0,23554.65,14.9,15.2,14.7,15.2,42000,1738651200
2025-02-04 12:11:00,CE,ATM+8,16.683664,2462850,23950.0,23560.3,15.35,15.8,15.25,15.7,89550,1738651260
2025-02-04 12:12:00,CE,ATM+8,16.69402,2462850,23950.0,23562.35,15.75,16.0,15.45,15.95,121125,1738651320
2025-02-04 12:13:00,CE,ATM+8,16.888302,2478825,23950.0,23570.1,16.05,17.5,15.95,17.5,101250,1738651380
2025-02-04 12:14:00,CE,ATM+8,16.832968,2478825,23950.0,23565.4,17.6,17.6,16.7,16.75,102975,1738651440
2025-02-04 12:15:00,CE,ATM+8,16.862473,2478825,23950.0,23571.9,16.6,17.6,16.4,17.6,137550,1738651500
2025-02-04 12:16:00,CE,ATM+8,16.954241,2462175,23950.0,23565.8,17.7,17.8,16.85,17.2,92400,1738651560
2025-02-04 12:17:00,CE,ATM+8,16.905273,2462175,23950.0,23573.3,17.15,18.3,17.05,17.9,136875,1738651620
2025-02-04 12:18:00,CE,ATM+8,16.834937,14926650,24000.0,23590.65,13.25,14.4,13.0,14.2,718200,1738651680
2025-02-04 12:19:00,CE,ATM+8,16.855043,14810925,24000.0,23589.6,14.05,14.45,13.7,14.15,442425,1738651740
2025-02-04 12:20:00,CE,ATM+8,16.920152,14810925,24000.0,23586.1,14.3,14.35,13.9,14.0,429375,1738651800
2025-02-04 12:21:00,CE,ATM+8,17.052991,14810925,24000.0,23575.15,13.95,14.0,12.8,13.35,404175,1738651860
2025-02-04 12:22:00,CE,ATM+8,17.071965,14684025,24000.0,23575.7,13.1,13.6,12.7,13.45,250800,1738651920
2025-02-04 12:23:00,CE,ATM+8,17.001055,14684025,24000.0,23578.6,13.7,13.75,13.35,13.5,187350,1738651980
2025-02-04 12:24:00,CE,ATM+8,17.108365,14684025,24000.0,23575.25,13.6,13.7,13.15,13.5,170025,1738652040
2025-02-04 12:25:00,CE,ATM+8,16.96072,2459700,23950.0,23572.75,18.3,18.4,17.25,17.95,73050,1738652100
2025-02-04 12:26:00,CE,ATM+8,17.100921,2459700,23950.0,23571.95,18.05,18.7,17.95,18.35,64350,1738652160
2025-02-04 12:27:00,CE,ATM+8,17.181585,2459700,23950.0,23565.45,18.15,18.15,17.4,17.85,65325,1738652220
2025-02-04 12:28:00,CE,ATM+8,17.112661,2465475,23950.0,23570.95,17.8,18.75,17.8,18.25,82800,1738652280
2025-02-04 12:29:00,CE,ATM+8,17.197168,14660625,24000.0,23577.6,13.65,13.95,13.45,13.95,240750,1738652340
2025-02-04 12:30:00,CE,ATM+8,17.062518,14660625,24000.0,23580.95,14.05,14.3,13.8,13.85,520875,1738652400
2025-02-04 12:31:00,CE,ATM+8,17.042504,14606775,24000.0,23584.25,13.9,14.2,13.7,14.1,323700,1738652460
2025-02-04 12:32:00,CE,ATM+8,16.630522,14606775,24000.0,23602.8,14.1,14.95,14.0,14.65,602175,1738652520
2025-02-04 12:33:00,CE,ATM+8,16.794037,14606775,24000.0,23595.8,14.85,14.85,14.2,14.45,584250,1738652580
2025-02-04 12:34:00,CE,ATM+8,16.906585,14551800,24000.0,23591.85,14.4,14.45,13.9,14.4,406275,1738652640
2025-02-04 12:35:00,CE,ATM+8,16.855688,14551800,24000.0,23592.55,14.5,14.65,14.25,14.3,210300,1738652700
2025-02-04 12:36:00,CE,ATM+8,16.916935,14551800,24000.0,23592.7,14.15,14.6,14.15,14.5,212925,1738652760
2025-02-04 12:37:00,CE,ATM+8,16.874227,14485800,24000.0,23596.1,14.5,14.85,14.45,14.7,362625,1738652820
2025-02-04 12:38:00,CE,ATM+8,16.677759,14485800,24000.0,23611.3,14.7,15.85,14.7,15.65,949725,1738652880
2025-02-04 12:39:00,CE,ATM+8,16.849494,14485800,24000.0,23586.5,16.05,16.05,13.55,13.65,1061925,1738652940
2025-02-04 12:40:00,CE,ATM+8,16.915932,14316825,24000.0,23589.6,13.55,14.45,13.05,14.15,637125,1738653000
2025-02-04 12:41:00,CE,ATM+8,16.80806,14316825,24000.0,23594.6,13.9,14.55,13.65,14.3,342375,1738653060
2025-02-04 12:42:00,CE,ATM+8,16.947053,14316825,24000.0,23595.25,14.55,14.85,14.05,14.8,378150,1738653120
2025-02-04 12:43:00,CE,ATM+8,17.030663,14249850,24000.0,23591.25,14.6,15.0,14.5,14.65,298050,1738653180
2025-02-04 12:44:00,CE,ATM+8,16.951648,14249850,24000.0,23590.85,14.6,14.9,14.1,14.35,313725,1738653240
2025-02-04 12:45:00,CE,ATM+8,16.975943,14249850,24000.0,23583.55,14.35,14.5,13.7,13.7,296175,1738653300
2025-02-04 12:46:00,CE,ATM+8,16.943851,14232150,24000.0,23594.25,13.65,14.65,13.65,14.65,263325,1738653360
2025-02-04 12:47:00,CE,ATM+8,16.799021,14232150,24000.0,23599.85,14.75,14.85,14.45,14.75,306675,1738653420
2025-02-04 12:48:00,CE,ATM+8,16.746729,14232150,24000.0,23604.45,14.65,15.1,14.5,15.05,380400,1738653480
2025-02-04 12:49:00,CE,ATM+8,16.723799,14137275,24000.0,23606.2,14.95,15.4,14.9,15.15,352350,1738653540
2025-02-04 12:50:00,CE,ATM+8,16.75453,14137275,24000.0,23597.6,15.4,15.4,14.35,14.35,371175,1738653600
2025-02-04 12:51:00,CE,ATM+8,16.78192,14137275,24000.0,23603.15,14.3,15.05,14.3,15.0,259575,1738653660
2025-02-04 12:52:00,CE,ATM+8,16.466158,14006850,24000.0,23611.15,15.15,17.2,14.6,14.8,1636350,1738653720
2025-02-04 12:53:00,CE,ATM+8,16.441977,14006850,24000.0,23609.6,14.7,15.0,14.35,14.55,513825,1738653780
2025-02-04 12:54:00,CE,ATM+8,16.402617,14006850,24000.0,23613.3,14.5,14.95,14.4,14.8,309525,1738653840
2025-02-04 12:55:00,CE,ATM+8,16.463368,14160900,24000.0,23612.45,14.85,15.4,14.75,14.9,329325,1738653900
2025-02-04 12:56:00,CE,ATM+8,16.425611,14160900,24000.0,23616.05,14.8,15.3,14.8,15.15,246375,1738653960
2025-02-04 12:57:00,CE,ATM+8,16.453856,14160900,24000.0,23611.5,14.9,15.4,14.45,14.75,394500,1738654020
2025-02-04 12:58:00,CE,ATM+8,16.346087,14176125,24000.0,23617.75,14.55,15.2,14.25,15.05,452100,1738654080
2025-02-04 12:59:00,CE,ATM+8,16.381836,14176125,24000.0,23619.05,15.0,15.55,15.0,15.3,391425,1738654140
2025-02-04 13:00:00,CE,ATM+8,16.403826,14176125,24000.0,23618.0,15.15,15.65,15.15,15.25,442125,1738654200
2025-02-04 13:01:00,CE,ATM+8,16.310576,14076150,24000.0,23615.35,15.0,15.45,14.45,14.65,373800,1738654260
2025-02-04 13:02:00,CE,ATM+8,16.400031,14076150,24000.0,23605.35,14.55,14.55,13.75,13.9,421575,1738654320
2025-02-04 13:03:00,CE,ATM+8,16.301908,14076150,24000.0,23610.0,13.65,14.1,13.6,14.05,379650,1738654380
2025-02-04 13:04:00,CE,ATM+8,16.379011,14028375,24000.0,23601.65,14.0,14.2,13.4,13.45,384375,1738654440
2025-02-04 13:05:00,CE,ATM+8,16.497107,14028375,24000.0,23592.25,13.45,13.45,12.6,12.9,584325,1738654500
2025-02-04 13:06:00,CE,ATM+8,16.431981,14028375,24000.0,23594.95,12.85,12.95,12.05,12.95,414150,1738654560
2025-02-04 13:07:00,CE,ATM+8,16.079637,13993650,24000.0,23614.85,13.1,13.95,13.05,13.8,544425,1738654620
2025-02-04 13:08:00,CE,ATM+8,16.064659,13993650,24000.0,23619.3,13.75,14.35,13.75,14.2,349350,1738654680
2025-02-04 13:09:00,CE,ATM+8,16.092777,2311200,24050.0,23626.5,9.9,10.45,9.9,10.45,84900,1738654740
2025-02-04 13:10:00,CE,ATM+8,16.107655,2316450,24050.0,23633.4,10.3,11.15,10.25,11.05,260850,1738654800
2025-02-04 13:11:00,CE,ATM+8,15.953677,2316450,24050.0,23638.55,11.0,11.5,10.55,11.05,272850,1738654860
2025-02-04 13:12:00,CE,ATM+8,16.000147,2316450,24050.0,23641.2,11.1,11.4,10.7,11.4,172050,1738654920
2025-02-04 13:13:00,CE,ATM+8,16.01861,2336475,24050.0,23638.95,11.3,11.5,11.0,11.25,127425,1738654980
2025-02-04 13:14:00,CE,ATM+8,16.023279,2336475,24050.0,23640.05,11.25,11.45,10.9,11.35,153075,1738655040
2025-02-04 13:15:00,CE,ATM+8,16.033592,2336475,24050.0,23635.7,11.3,11.65,10.95,11.0,171900,1738655100
2025-02-04 13:16:00,CE,ATM+8,15.962966,2296275,24050.0,23642.2,10.95,11.55,10.95,11.35,171300,1738655160
2025-02-04 13:17:00,CE,ATM+8,15.928844,2296275,24050.0,23644.55,11.35,11.6,11.25,11.45,181800,1738655220
2025-02-04 13:18:00,CE,ATM+8,15.873251,2296275,24050.0,23636.45,11.35,11.55,10.45,10.6,166875,1738655280
2025-02-04 13:19:00,CE,ATM+8,15.9045,2310225,24050.0,23634.9,10.6,10.7,9.95,10.55,185550,1738655340
2025-02-04 13:20:00,CE,ATM+8,15.868802,2310225,24050.0,23643.9,10.6,11.3,10.6,11.2,58950,1738655400
2025-02-04 13:21:00,CE,ATM+8,15.628358,2310225,24050.0,23658.0,11.35,12.2,11.25,11.75,262650,1738655460
2025-02-04 13:22:00,CE,ATM+8,15.664153,2283225,24050.0,23650.75,11.65,11.9,11.2,11.2,183825,1738655520
2025-02-04 13:23:00,CE,ATM+8,15.814904,2283225,24050.0,23645.35,11.0,11.3,10.75,11.15,108900,1738655580
2025-02-04 13:24:00,CE,ATM+8,15.838146,2283225,24050.0,23644.1,11.0,11.35,10.85,11.1,63300,1738655640
2025-02-04 13:25:00,CE,ATM+8,15.898642,2304300,24050.0,23640.45,11.05,11.3,10.95,10.95,38025,1738655700
2025-02-04 13:26:00,CE,ATM+8,15.782373,2304300,24050.0,23649.55,11.4,11.55,11.2,11.4,59250,1738655760
2025-02-04 13:27:00,CE,ATM+8,15.850435,2304300,24050.0,23648.0,11.35,11.55,11.2,11.45,78825,1738655820
2025-02-04 13:28:00,CE,ATM+8,15.831053,2305050,24050.0,23648.15,11.4,11.55,11.2,11.4,75150,1738655880
2025-02-04 13:29:00,CE,ATM+8,15.757088,2305050,24050.0,23649.5,11.3,11.5,11.2,11.3,48075,1738655940
2025-02-04 13:30:00,CE,ATM+8,15.764313,2305050,24050.0,23645.3,11.4,11.55,10.8,10.95,116625,1738656000
2025-02-04 13:31:00,CE,ATM+8,15.774779,2340825,24050.0,23646.8,10.95,11.2,10.75,11.1,110025,1738656060
2025-02-04 13:32:00,CE,ATM+8,15.68394,2340825,24050.0,23645.75,11.1,11.1,10.6,10.75,75675,1738656120
2025-02-04 13:33:00,CE,ATM+8,15.660153,2340825,24050.0,23647.8,10.8,10.95,10.65,10.85,56100,1738656180
2025-02-04 13:34:00,CE,ATM+8,15.298579,4756800,24100.0,23688.2,7.6,9.2,7.45,9.2,577800,1738656240
2025-02-04 13:35:00,CE,ATM+8,15.346738,4756800,24100.0,23686.0,9.25,9.6,8.05,9.15,1232550,1738656300
2025-02-04 13:36:00,CE,ATM+8,15.26685,4756800,24100.0,23687.45,9.35,9.35,8.5,9.05,592650,1738656360
2025-02-04 13:37:00,CE,ATM+8,15.392011,4858500,24100.0,23681.95,8.85,9.05,8.55,8.95,308550,1738656420
2025-02-04 13:38:00,CE,ATM+8,15.487573,4858500,24100.0,23685.5,8.9,9.65,8.9,9.45,617550,1738656480
2025-02-04 13:39:00,CE,ATM+8,15.523103,4858500,24100.0,23681.75,9.5,9.65,9.25,9.25,278475,1738656540
2025-02-04 13:40:00,CE,ATM+8,15.449175,2231025,24050.0,23668.65,13.35,13.7,12.05,12.05,198900,1738656600
2025-02-04 13:41:00,CE,ATM+8,15.548036,2231025,24050.0,23665.05,12.0,12.65,11.8,12.0,204975,1738656660
2025-02-04 13:42:00,CE,ATM+8,15.616624,2231025,24050.0,23667.2,12.0,12.55,12.0,12.4,196050,1738656720
2025-02-04 13:43:00,CE,ATM+8,15.229125,4667925,24100.0,23675.3,8.7,8.9,8.05,8.05,1206000,1738656780
2025-02-04 13:44:00,CE,ATM+8,15.111996,2273700,24050.0,23670.55,11.95,11.95,11.05,11.2,257100,1738656840
2025-02-04 13:45:00,CE,ATM+8,15.245244,4667925,24100.0,23676.4,7.65,8.15,7.35,8.15,357750,1738656900
2025-02-04 13:46:00,CE,ATM+8,15.08134,5331300,24100.0,23682.85,8.05,8.2,7.95,8.2,433950,1738656960
2025-02-04 13:47:00,CE,ATM+8,15.054885,5331300,24100.0,23686.7,8.25,8.4,8.2,8.4,150600,1738657020
2025-02-04 13:48:00,CE,ATM+8,14.929952,5331300,24100.0,23691.75,8.25,8.45,8.15,8.45,123450,1738657080
2025-02-04 13:49:00,CE,ATM+8,14.907028,5487000,24100.0,23698.75,8.45,8.9,8.45,8.9,251700,1738657140
2025-02-04 13:50:00,CE,ATM+8,14.963981,5487000,24100.0,23696.25,8.8,9.15,8.6,8.85,337800,1738657200
2025-02-04 13:51:00,CE,ATM+8,14.82376,5487000,24100.0,23703.05,8.9,9.0,8.6,9.0,207675,1738657260
2025-02-04 13:52:00,CE,ATM+8,14.832184,5650800,24100.0,23708.65,9.1,9.5,8.95,9.45,668475,1738657320
2025-02-04 13:53:00,CE,ATM+8,14.770868,5650800,24100.0,23705.0,9.55,9.55,8.85,9.0,535500,1738657380
2025-02-04 13:54:00,CE,ATM+8,14.721657,5650800,24100.0,23704.1,8.85,9.15,8.55,8.8,324075,1738657440
2025-02-04 13:55:00,CE,ATM+8,14.885266,5750700,24100.0,23692.5,8.8,8.95,8.35,8.35,245775,1738657500
2025-02-04 13:56:00,CE,ATM+8,15.218096,5750700,24100.0,23681.95,8.25,8.45,8.15,8.4,291150,1738657560
2025-02-04 13:57:00,CE,ATM+8,14.827582,5750700,24100.0,23691.1,8.3,8.85,8.1,8.1,521850,1738657620
2025-02-04 13:58:00,CE,ATM+8,15.034336,5973150,24100.0,23682.65,8.0,8.35,7.9,8.0,301950,1738657680
2025-02-04 13:59:00,CE,ATM+8,15.072564,5973150,24100.0,23679.95,8.0,8.2,7.85,7.9,199950,1738657740
2025-02-04 14:00:00,CE,ATM+8,15.01447,5973150,24100.0,23688.55,7.9,8.45,7.9,8.35,184575,1738657800
2025-02-04 14:01:00,CE,ATM+8,15.02722,6037350,24100.0,23685.35,8.3,8.5,8.15,8.15,160350,1738657860
2025-02-04 14:02:00,CE,ATM+8,15.030661,6037350,24100.0,23684.6,8.05,8.2,7.9,8.1,202350,1738657920
2025-02-04 14:03:00,CE,ATM+8,15.035913,2313375,24050.0,23672.4,11.7,11.9,10.8,11.0,183225,1738657980
2025-02-04 14:04:00,CE,ATM+8,14.854737,2289150,24050.0,23673.8,10.75,11.0,10.5,10.6,190650,1738658040
2025-02-04 14:05:00,CE,ATM+8,14.847465,2289150,24050.0,23670.65,10.5,10.5,9.8,10.3,183450,1738658100
2025-02-04 14:06:00,CE,ATM+8,14.676862,6102600,24100.0,23689.0,7.0,7.75,6.85,7.55,458250,1738658160
2025-02-04 14:07:00,CE,ATM+8,14.625891,6210375,24100.0,23691.6,7.55,7.6,7.1,7.6,288825,1738658220
2025-02-04 14:08:00,CE,ATM+8,14.566175,6210375,24100.0,23689.2,7.5,7.65,7.2,7.3,230700,1738658280
2025-02-04 14:09:00,CE,ATM+8,14.47733,6210375,24100.0,23690.05,7.25,7.5,7.15,7.15,177075,1738658340
2025-02-04 14:10:00,CE,ATM+8,14.430996,6377550,24100.0,23676.05,7.05,7.05,6.1,6.2,501225,1738658400
2025-02-04 14:11:00,CE,ATM+8,14.182197,2320650,24050.0,23672.7,8.9,9.1,8.4,8.65,491400,1738658460
2025-02-04 14:12:00,CE,ATM+8,14.260817,2320650,24050.0,23659.25,8.4,8.4,7.85,7.85,302400,1738658520
2025-02-04 14:13:00,CE,ATM+8,14.478245,2233425,24050.0,23639.1,7.9,7.9,6.65,7.0,447675,1738658580
2025-02-04 14:14:00,CE,ATM+8,14.232034,2233425,24050.0,23651.6,7.0,7.45,6.8,7.25,316650,1738658640
2025-02-04 14:15:00,CE,ATM+8,14.42881,2233425,24050.0,23643.35,6.7,7.15,6.55,7.15,322125,1738658700
2025-02-04 14:16:00,CE,ATM+8,14.303554,2205300,24050.0,23653.8,7.15,7.55,7.15,7.55,191250,1738658760
2025-02-04 14:17:00,CE,ATM+8,14.249401,2205300,24050.0,23657.2,7.5,8.0,7.5,7.65,183000,1738658820
2025-02-04 14:18:00,CE,ATM+8,14.248761,2205300,24050.0,23655.85,7.55,7.85,7.4,7.55,175200,1738658880
2025-02-04 14:19:00,CE,ATM+8,14.292598,2197500,24050.0,23649.95,7.5,7.6,7.2,7.25,103500,1738658940
2025-02-04 14:20:00,CE,ATM+8,14.187411,2197500,24050.0,23658.85,7.1,7.7,6.95,7.6,196350,1738659000
2025-02-04 14:21:00,CE,ATM+8,14.356247,2197500,24050.0,23650.95,7.6,7.8,7.35,7.45,86850,1738659060
2025-02-04 14:22:00,CE,ATM+8,14.31649,2178450,24050.0,23643.15,7.3,7.35,6.85,6.85,146400,1738659120
2025-02-04 14:23:00,CE,ATM+8,14.31183,2178450,24050.0,23642.6,6.85,7.0,6.5,6.8,153000,1738659180
2025-02-04 14:24:00,CE,ATM+8,14.262376,2178450,24050.0,23642.8,6.75,6.8,6.6,6.7,145650,1738659240
2025-02-04 14:25:00,CE,ATM+8,14.437543,2167725,24050.0,23639.2,6.6,6.9,6.5,6.85,85875,1738659300
2025-02-04 14:26:00,CE,ATM+8,14.456812,2167725,24050.0,23641.8,6.85,7.1,6.75,7.05,141450,1738659360
2025-02-04 14:27:00,CE,ATM+8,14.382245,2167725,24050.0,23646.8,7.0,7.2,6.8,7.2,82800,1738659420
2025-02-04 14:28:00,CE,ATM+8,14.474502,2147250,24050.0,23642.15,7.15,7.3,7.1,7.1,57675,1738659480
2025-02-04 14:29:00,CE,ATM+8,14.357838,2147250,24050.0,23647.05,7.2,7.3,7.05,7.15,63750,1738659540
2025-02-04 14:30:00,CE,ATM+8,13.975371,6509625,24100.0,23676.65,5.0,5.3,4.95,5.25,223875,1738659600
2025-02-04 14:31:00,CE,ATM+8,13.929661,6547950,24100.0,23680.35,5.25,5.45,5.15,5.35,240750,1738659660
2025-02-04 14:32:00,CE,ATM+8,13.845719,2206050,24050.0,23671.5,7.85,8.2,7.45,7.6,173400,1738659720
2025-02-04 14:33:00,CE,ATM+8,13.906076,2206050,24050.0,23663.7,7.6,7.6,7.05,7.2,148950,1738659780
2025-02-04 14:34:00,CE,ATM+8,13.994082,2176575,24050.0,23663.0,7.15,7.6,7.15,7.35,81975,1738659840
2025-02-04 14:35:00,CE,ATM+8,13.864784,2176575,24050.0,23667.5,7.35,7.55,7.3,7.35,93975,1738659900
2025-02-04 14:36:00,CE,ATM+8,13.862443,6520425,24100.0,23681.3,4.95,5.25,4.95,5.25,320100,1738659960
2025-02-04 14:37:00,CE,ATM+8,13.763704,6550125,24100.0,23693.4,5.2,5.7,5.15,5.7,314850,1738660020
2025-02-04 14:38:00,CE,ATM+8,13.70995,6550125,24100.0,23691.75,5.55,5.7,5.3,5.5,231525,1738660080
2025-02-04 14:39:00,CE,ATM+8,13.652442,6550125,24100.0,23696.65,5.45,5.7,5.4,5.65,349275,1738660140
2025-02-04 14:40:00,CE,ATM+8,13.710964,6617400,24100.0,23699.1,5.6,5.95,5.55,5.9,369675,1738660200
2025-02-04 14:41:00,CE,ATM+8,13.371722,6617400,24100.0,23705.95,5.9,5.9,5.55,5.6,380550,1738660260
2025-02-04 14:42:00,CE,ATM+8,13.63742,6617400,24100.0,23698.35,5.65,5.8,5.5,5.7,299475,1738660320
2025-02-04 14:43:00,CE,ATM+8,13.398963,6656925,24100.0,23704.25,5.55,5.65,5.35,5.55,439650,1738660380
2025-02-04 14:44:00,CE,ATM+8,13.513448,6656925,24100.0,23701.15,5.6,5.7,5.5,5.6,292350,1738660440
2025-02-04 14:45:00,CE,ATM+8,13.438437,6656925,24100.0,23692.6,5.5,5.5,4.9,5.0,307500,1738660500
2025-02-04 14:46:00,CE,ATM+8,13.047324,6641325,24100.0,23708.8,5.0,5.1,4.85,5.1,276450,1738660560
2025-02-04 14:47:00,CE,ATM+8,12.90848,6641325,24100.0,23719.4,5.1,5.45,5.1,5.4,297075,1738660620
2025-02-04 14:48:00,CE,ATM+8,12.851907,6641325,24100.0,23721.5,5.45,5.5,5.35,5.4,216750,1738660680
2025-02-04 14:49:00,CE,ATM+8,13.04576,6735450,24100.0,23719.1,5.4,5.65,5.2,5.65,1192500,1738660740
2025-02-04 14:50:00,CE,ATM+8,12.959361,6735450,24100.0,23720.5,5.7,5.7,5.25,5.55,1067025,1738660800
2025-02-04 14:51:00,CE,ATM+8,13.316319,2291475,24150.0,23726.1,4.0,4.1,4.0,4.05,63975,1738660860
2025-02-04 14:52:00,CE,ATM+8,12.913925,5669850,24100.0,23723.15,5.65,5.9,5.6,5.6,569025,1738660920
2025-02-04 14:53:00,CE,ATM+8,13.406092,2206125,24150.0,23726.4,4.0,4.2,3.95,4.2,92925,1738660980
2025-02-04 14:54:00,CE,ATM+8,13.439076,2206125,24150.0,23726.4,4.15,4.25,4.1,4.25,83925,1738661040
2025-02-04 14:55:00,CE,ATM+8,13.320128,2239875,24150.0,23729.8,4.2,4.35,4.2,4.2,157875,1738661100
2025-02-04 14:56:00,CE,ATM+8,13.273219,2239875,24150.0,23730.5,4.3,4.4,4.15,4.15,113400,1738661160
2025-02-04 14:57:00,CE,ATM+8,13.349405,2239875,24150.0,23731.15,4.25,4.35,4.2,4.3,90225,1738661220
2025-02-04 14:58:00,CE,ATM+8,13.100941,2243775,24150.0,23743.75,4.35,4.45,4.3,4.45,81750,1738661280
2025-02-04 14:59:00,CE,ATM+8,12.909981,2243775,24150.0,23748.75,4.5,4.5,4.25,4.35,101775,1738661340
2025-02-04 15:00:00,CE,ATM+8,13.027762,2243775,24150.0,23738.9,4.4,4.4,4.1,4.1,130800,1738661400
2025-02-04 15:01:00,CE,ATM+8,12.919131,2209350,24150.0,23747.5,4.15,4.45,4.15,4.3,119550,1738661460
2025-02-04 15:02:00,CE,ATM+8,13.081337,2209350,24150.0,23743.75,4.3,4.4,4.2,4.4,69900,1738661520
2025-02-04 15:03:00,CE,ATM+8,12.892782,2209350,24150.0,23748.65,4.3,4.4,4.3,4.3,110250,1738661580
2025-02-04 15:04:00,CE,ATM+8,12.687005,2225550,24150.0,23756.35,4.3,4.35,4.2,4.3,150975,1738661640
2025-02-04 15:05:00,CE,ATM+8,13.004858,2225550,24150.0,23739.05,4.35,4.4,4.0,4.05,188775,1738661700
2025-02-04 15:06:00,CE,ATM+8,12.987246,2225550,24150.0,23743.2,4.05,4.3,4.05,4.2,116475,1738661760
2025-02-04 15:07:00,CE,ATM+8,12.931975,2268525,24150.0,23746.45,4.2,4.35,4.15,4.25,73050,1738661820
2025-02-04 15:08:00,CE,ATM+8,12.966604,2268525,24150.0,23746.35,4.3,4.4,4.25,4.3,136275,1738661880
2025-02-04 15:09:00,CE,ATM+8,12.88522,2268525,24150.0,23749.45,4.35,4.35,4.2,4.3,97875,1738661940
2025-02-04 15:10:00,CE,ATM+8,13.037677,2250375,24150.0,23740.55,4.25,4.3,4.15,4.15,112275,1738662000
2025-02-04 15:11:00,CE,ATM+8,13.20224,2250375,24150.0,23734.5,4.2,4.25,4.15,4.15,87225,1738662060
2025-02-04 15:12:00,CE,ATM+8,13.019602,2250375,24150.0,23741.4,4.15,4.3,4.15,4.15,116925,1738662120
2025-02-04 15:13:00,CE,ATM+8,13.162385,2301750,24150.0,23737.3,4.25,4.25,4.15,4.2,105600,1738662180
2025-02-04 15:14:00,CE,ATM+8,13.103102,2301750,24150.0,23744.0,4.2,4.4,4.2,4.4,154575,1738662240
2025-02-04 15:15:00,CE,ATM+8,13.249087,2301750,24150.0,23734.25,4.45,4.45,4.2,4.2,158925,1738662300
2025-02-04 15:16:00,CE,ATM+8,13.321418,2344050,24150.0,23733.9,4.3,4.3,4.2,4.3,67650,1738662360
2025-02-04 15:17:00,CE,ATM+8,13.383085,2344050,24150.0,23731.7,4.35,4.35,4.25,4.3,76275,1738662420
2025-02-04 15:18:00,CE,ATM+8,13.438713,2344050,24150.0,23731.95,4.4,4.4,4.3,4.4,108225,1738662480
2025-02-04 15:19:00,CE,ATM+8,13.292085,2348100,24150.0,23738.55,4.45,4.45,4.35,4.45,49125,1738662540
2025-02-04 15:20:00,CE,ATM+8,13.351689,2348100,24150.0,23735.35,4.45,4.55,4.35,4.4,124950,1738662600
2025-02-04 15:21:00,CE,ATM+8,13.194644,2348100,24150.0,23740.15,4.4,4.45,4.25,4.35,105900,1738662660
2025-02-04 15:22:00,CE,ATM+8,13.251493,2269050,24150.0,23733.65,4.45,4.45,4.1,4.15,186600,1738662720
2025-02-04 15:23:00,CE,ATM+8,13.569829,2269050,24150.0,23727.55,4.25,4.4,4.2,4.4,153975,1738662780
2025-02-04 15:24:00,CE,ATM+8,13.384752,4356525,24100.0,23721.85,6.25,6.35,6.15,6.35,222000,1738662840
2025-02-04 15:25:00,CE,ATM+8,13.648451,4223475,24100.0,23716.8,6.35,7.05,6.35,6.6,450600,1738662900
2025-02-04 15:26:00,CE,ATM+8,13.864063,4223475,24100.0,23709.45,6.55,6.7,6.55,6.6,174450,1738662960
2025-02-04 15:27:00,CE,ATM+8,13.957663,4223475,24100.0,23705.5,6.6,6.75,6.5,6.55,219675,1738663020
2025-02-04 15:28:00,CE,ATM+8,13.995052,4207275,24100.0,23705.1,6.55,6.7,6.55,6.6,166275,1738663080
2025-02-04 15:29:00,CE,ATM+8,13.922358,4207275,24100.0,23707.7,6.6,6.7,6.35,6.6,212325,1738663140
2025-02-05 09:15:00,CE,ATM+8,16.696481,2439825,24150.0,23768.1,5.2,6.0,5.0,5.6,716400,1738727100
2025-02-05 09:16:00,CE,ATM+8,16.424004,2439825,24150.0,23769.6,5.5,5.55,5.1,5.25,752250,1738727160
2025-02-05 09:17:00,CE,ATM+8,16.43368,2439825,24150.0,23767.6,5.15,5.25,5.05,5.15,515025,1738727220
2025-02-05 09:18:00,CE,ATM+8,16.573259,2744100,24150.0,23773.7,5.05,5.8,5.05,5.7,377475,1738727280
2025-02-05 09:19:00,CE,ATM+8,16.674553,2744100,24150.0,23769.25,5.55,5.65,5.45,5.6,483000,1738727340
2025-02-05 09:20:00,CE,ATM+8,17.1401,2744100,24150.0,23751.7,5.55,5.55,5.35,5.35,526050,1738727400
2025-02-05 09:21:00,CE,ATM+8,17.114011,3061500,24150.0,23759.85,5.3,5.95,5.3,5.75,297450,1738727460
2025-02-05 09:22:00,CE,ATM+8,17.148522,3061500,24150.0,23759.9,5.75,5.8,5.5,5.8,253800,1738727520
2025-02-05 09:23:00,CE,ATM+8,16.813419,3061500,24150.0,23770.25,5.75,5.9,5.6,5.85,199875,1738727580
2025-02-05 09:24:00,CE,ATM+8,16.682878,3110175,24150.0,23768.8,5.8,5.9,5.55,5.55,292125,1738727640
2025-02-05 09:25:00,CE,ATM+8,17.01146,3110175,24150.0,23761.5,5.55,5.7,5.4,5.65,320850,1738727700
2025-02-05 09:26:00,CE,ATM+8,16.868892,3110175,24150.0,23763.85,5.6,5.7,5.55,5.55,348000,1738727760
2025-02-05 09:27:00,CE,ATM+8,17.262576,7257300,24200.0,23777.55,4.2,4.4,4.15,4.35,335025,1738727820
2025-02-05 09:28:00,CE,ATM+8,16.917699,3255600,24150.0,23761.85,5.9,5.9,5.5,5.5,285825,1738727880
2025-02-05 09:29:00,CE,ATM+8,16.906378,3255600,24150.0,23764.1,5.45,5.85,5.45,5.6,188025,1738727940
2025-02-05 09:30:00,CE,ATM+8,17.004543,3401925,24150.0,23757.85,5.5,5.65,5.35,5.4,264900,1738728000
2025-02-05 09:31:00,CE,ATM+8,17.210147,7446000,24200.0,23777.4,4.0,4.25,4.0,4.25,193950,1738728060
2025-02-05 09:32:00,CE,ATM+8,16.619346,3401925,24150.0,23771.65,5.7,5.7,5.45,5.55,163125,1738728120
2025-02-05 09:33:00,CE,ATM+8,16.647495,3498825,24150.0,23767.4,5.55,5.7,5.35,5.35,147450,1738728180
2025-02-05 09:34:00,CE,ATM+8,16.683274,3498825,24150.0,23763.75,5.3,5.45,5.15,5.2,303600,1738728240
2025-02-05 09:35:00,CE,ATM+8,16.990784,7499625,24200.0,23776.2,3.8,3.9,3.8,3.9,434550,1738728300
2025-02-05 09:36:00,CE,ATM+8,16.689554,7290375,24200.0,23784.1,3.85,3.9,3.8,3.85,443775,1738728360
2025-02-05 09:37:00,CE,ATM+8,16.679244,7290375,24200.0,23784.55,3.85,3.9,3.8,3.85,347325,1738728420
2025-02-05 09:38:00,CE,ATM+8,16.618668,7290375,24200.0,23787.7,3.9,3.95,3.8,3.9,327825,1738728480
2025-02-05 09:39:00,CE,ATM+8,16.629921,7304700,24200.0,23788.7,3.9,3.95,3.85,3.95,204000,1738728540
2025-02-05 09:40:00,CE,ATM+8,16.387345,7304700,24200.0,23793.65,3.9,3.95,3.8,3.85,419625,1738728600
2025-02-05 09:41:00,CE,ATM+8,16.265421,7304700,24200.0,23795.0,3.9,3.9,3.7,3.75,371175,1738728660
2025-02-05 09:42:00,CE,ATM+8,16.186043,7534425,24200.0,23795.05,3.75,3.8,3.6,3.65,417750,1738728720
2025-02-05 09:43:00,CE,ATM+8,16.075274,7534425,24200.0,23796.0,3.65,3.65,3.55,3.55,496575,1738728780
2025-02-05 09:44:00,CE,ATM+8,16.070026,7534425,24200.0,23797.55,3.55,3.6,3.5,3.6,466125,1738728840
2025-02-05 09:45:00,CE,ATM+8,16.274877,7415925,24200.0,23790.3,3.6,3.6,3.5,3.55,379650,1738728900
2025-02-05 09:46:00,CE,ATM+8,16.165252,7415925,24200.0,23792.45,3.5,3.55,3.4,3.5,390300,1738728960
2025-02-05 09:47:00,CE,ATM+8,16.396397,7415925,24200.0,23785.65,3.45,3.55,3.4,3.5,482775,1738729020
2025-02-05 09:48:00,CE,ATM+8,15.897092,3845175,24150.0,23774.35,4.9,4.9,4.45,4.5,495225,1738729080
2025-02-05 09:49:00,CE,ATM+8,15.965214,3845175,24150.0,23774.55,4.55,4.75,4.55,4.6,153750,1738729140
2025-02-05 09:50:00,CE,ATM+8,16.651839,7478850,24200.0,23778.4,3.35,3.5,3.3,3.5,354075,1738729200
2025-02-05 09:51:00,CE,ATM+8,16.049465,3772950,24150.0,23774.4,4.75,4.85,4.65,4.7,334350,1738729260
2025-02-05 09:52:00,CE,ATM+8,16.178891,3772950,24150.0,23770.85,4.7,4.75,4.6,4.7,198600,1738729320
2025-02-05 09:53:00,CE,ATM+8,16.274855,3772950,24150.0,23767.25,4.65,4.65,4.5,4.65,197250,1738729380
2025-02-05 09:54:00,CE,ATM+8,16.479118,3747000,24150.0,23759.5,4.65,4.75,4.55,4.55,322800,1738729440
2025-02-05 09:55:00,CE,ATM+8,16.437325,3747000,24150.0,23758.75,4.6,4.65,4.4,4.45,319425,1738729500
2025-02-05 09:56:00,CE,ATM+8,16.536374,3747000,24150.0,23753.9,4.45,4.45,4.25,4.35,237675,1738729560
2025-02-05 09:57:00,CE,ATM+8,16.712417,3692700,24150.0,23746.75,4.35,4.35,4.2,4.25,221400,1738729620
2025-02-05 09:58:00,CE,ATM+8,16.597682,3692700,24150.0,23754.55,4.3,4.55,4.3,4.45,205125,1738729680
2025-02-05 09:59:00,CE,ATM+8,16.65319,3692700,24150.0,23754.15,4.45,4.6,4.4,4.5,110025,1738729740
2025-02-05 10:00:00,CE,ATM+8,16.381861,3748650,24150.0,23767.15,4.5,4.9,4.5,4.75,259425,1738729800
2025-02-05 10:01:00,CE,ATM+8,16.303766,3748650,24150.0,23764.45,4.75,4.75,4.5,4.5,254700,1738729860
2025-02-05 10:02:00,CE,ATM+8,16.444697,3748650,24150.0,23760.55,4.5,4.65,4.5,4.5,84000,1738729920
2025-02-05 10:03:00,CE,ATM+8,16.853742,3806025,24150.0,23746.8,4.5,4.5,4.3,4.4,279675,1738729980
2025-02-05 10:04:00,CE,ATM+8,17.127542,3806025,24150.0,23734.55,4.35,4.65,4.15,4.2,491175,1738730040
2025-02-05 10:05:00,CE,ATM+8,17.233538,3806025,24150.0,23732.75,4.2,4.3,4.2,4.25,181950,1738730100
2025-02-05 10:06:00,CE,ATM+8,17.321042,3866850,24150.0,23730.35,4.25,4.35,4.2,4.25,198225,1738730160
2025-02-05 10:07:00,CE,ATM+8,17.271295,3866850,24150.0,23730.8,4.2,4.35,4.2,4.2,166425,1738730220
2025-02-05 10:08:00,CE,ATM+8,17.298525,3866850,24150.0,23731.3,4.2,4.3,4.2,4.25,157125,1738730280
2025-02-05 10:09:00,CE,ATM+8,16.953399,3894150,24150.0,23749.05,4.25,4.6,4.25,4.6,172725,1738730340
2025-02-05 10:10:00,CE,ATM+8,16.872796,3894150,24150.0,23750.45,4.65,4.8,4.35,4.55,522300,1738730400
2025-02-05 10:11:00,CE,ATM+8,17.181779,3894150,24150.0,23743.85,4.55,4.65,4.35,4.65,330900,1738730460
2025-02-05 10:12:00,CE,ATM+8,16.983236,3942075,24150.0,23750.7,4.6,4.75,4.55,4.7,137775,1738730520
2025-02-05 10:13:00,CE,ATM+8,17.051228,3942075,24150.0,23744.7,4.8,4.8,4.5,4.5,128175,1738730580
2025-02-05 10:14:00,CE,ATM+8,17.034109,3942075,24150.0,23746.4,4.5,4.65,4.45,4.55,160875,1738730640
2025-02-05 10:15:00,CE,ATM+8,16.860727,3952125,24150.0,23752.55,4.55,4.75,4.55,4.6,254475,1738730700
2025-02-05 10:16:00,CE,ATM+8,16.953957,3952125,24150.0,23746.85,4.6,4.65,4.4,4.45,126300,1738730760
2025-02-05 10:17:00,CE,ATM+8,17.19328,3952125,24150.0,23741.2,4.5,4.5,4.35,4.5,163800,1738730820
2025-02-05 10:18:00,CE,ATM+8,17.179177,3943950,24150.0,23741.75,4.55,4.55,4.5,4.5,62400,1738730880
2025-02-05 10:19:00,CE,ATM+8,17.295737,3943950,24150.0,23738.55,4.5,4.55,4.45,4.5,73125,1738730940
2025-02-05 10:20:00,CE,ATM+8,17.408189,3943950,24150.0,23736.55,4.5,4.55,4.5,4.55,52875,1738731000
2025-02-05 10:21:00,CE,ATM+8,17.328983,3918150,24150.0,23735.7,4.55,4.55,4.4,4.4,114675,1738731060
2025-02-05 10:22:00,CE,ATM+8,17.466092,3918150,24150.0,23729.65,4.4,4.5,4.25,4.3,125625,1738731120
2025-02-05 10:23:00,CE,ATM+8,17.283372,3918150,24150.0,23736.2,4.25,4.5,4.25,4.35,71400,1738731180
2025-02-05 10:24:00,CE,ATM+8,17.13628,3939150,24150.0,23743.85,4.35,4.55,4.35,4.5,131700,1738731240
2025-02-05 10:25:00,CE,ATM+8,16.788539,3939150,24150.0,23757.05,4.55,4.65,4.45,4.65,188400,1738731300
2025-02-05 10:26:00,CE,ATM+8,16.494739,3939150,24150.0,23764.5,4.7,4.8,4.6,4.6,267600,1738731360
2025-02-05 10:27:00,CE,ATM+8,16.577243,3963675,24150.0,23762.3,4.55,4.75,4.55,4.6,123075,1738731420
2025-02-05 10:28:00,CE,ATM+8,16.359422,3963675,24150.0,23771.6,4.65,4.85,4.6,4.75,161475,1738731480
2025-02-05 10:29:00,CE,ATM+8,16.301201,3963675,24150.0,23774.35,4.75,4.8,4.6,4.8,107250,1738731540
2025-02-05 10:30:00,CE,ATM+8,16.261111,3959025,24150.0,23770.65,4.65,4.75,4.5,4.55,173325,1738731600
2025-02-05 10:31:00,CE,ATM+8,16.81248,8594175,24200.0,23775.6,3.35,3.45,3.3,3.35,172275,1738731660
2025-02-05 10:32:00,CE,ATM+8,16.183373,3959025,24150.0,23769.0,4.7,4.7,4.35,4.35,116475,1738731720
2025-02-05 10:33:00,CE,ATM+8,16.358439,3888525,24150.0,23764.15,4.35,4.4,4.2,4.35,259275,1738731780
2025-02-05 10:34:00,CE,ATM+8,16.33333,3888525,24150.0,23767.1,4.4,4.55,4.35,4.45,100200,1738731840
2025-02-05 10:35:00,CE,ATM+8,16.386693,3888525,24150.0,23768.8,4.45,4.6,4.4,4.6,182475,1738731900
2025-02-05 10:36:00,CE,ATM+8,16.387118,3917400,24150.0,23765.85,4.6,4.65,4.45,4.45,140775,1738731960
2025-02-05 10:37:00,CE,ATM+8,16.546153,3917400,24150.0,23763.55,4.45,4.55,4.3,4.55,182475,1738732020
2025-02-05 10:38:00,CE,ATM+8,16.366339,3917400,24150.0,23767.75,4.55,4.6,4.45,4.5,138600,1738732080
2025-02-05 10:39:00,CE,ATM+8,16.394195,3931125,24150.0,23767.1,4.45,4.6,4.45,4.5,117825,1738732140
2025-02-05 10:40:00,CE,ATM+8,16.477254,3931125,24150.0,23762.8,4.45,4.55,4.4,4.4,179625,1738732200
2025-02-05 10:41:00,CE,ATM+8,16.418804,3931125,24150.0,23764.6,4.35,4.5,4.3,4.4,181275,1738732260
2025-02-05 10:42:00,CE,ATM+8,16.365481,3984450,24150.0,23769.35,4.4,4.55,4.3,4.55,75375,1738732320
2025-02-05 10:43:00,CE,ATM+8,16.203121,3984450,24150.0,23773.05,4.5,4.6,4.5,4.5,323850,1738732380
2025-02-05 10:44:00,CE,ATM+8,16.349697,3984450,24150.0,23769.05,4.55,4.6,4.45,4.5,232875,1738732440
2025-02-05 10:45:00,CE,ATM+8,16.264828,3997350,24150.0,23772.6,4.5,4.6,4.45,4.55,191700,1738732500
2025-02-05 10:46:00,CE,ATM+8,16.921491,9223500,24200.0,23775.95,3.4,3.45,3.35,3.4,171450,1738732560
2025-02-05 10:47:00,CE,ATM+8,16.404696,3997350,24150.0,23769.95,4.6,4.75,4.55,4.6,210750,1738732620
2025-02-05 10:48:00,CE,ATM+8,16.432801,4033425,24150.0,23771.3,4.55,4.7,4.55,4.7,148275,1738732680
2025-02-05 10:49:00,CE,ATM+8,16.355593,4033425,24150.0,23773.6,4.65,4.75,4.6,4.7,126600,1738732740
2025-02-05 10:50:00,CE,ATM+8,16.93297,9285075,24200.0,23777.55,3.55,3.55,3.4,3.45,149325,1738732800
2025-02-05 10:51:00,CE,ATM+8,16.911467,9350250,24200.0,23782.25,3.45,3.6,3.45,3.6,285000,1738732860
2025-02-05 10:52:00,CE,ATM+8,16.986193,9350250,24200.0,23780.2,3.5,3.65,3.5,3.6,446475,1738732920
2025-02-05 10:53:00,CE,ATM+8,17.132216,9350250,24200.0,23776.05,3.6,3.75,3.55,3.6,258000,1738732980
2025-02-05 10:54:00,CE,ATM+8,16.357273,4070400,24150.0,23773.25,4.7,4.7,4.55,4.65,351150,1738733040
2025-02-05 10:55:00,CE,ATM+8,16.374409,4070400,24150.0,23773.9,4.65,4.75,4.6,4.7,334575,1738733100
2025-02-05 10:56:00,CE,ATM+8,16.366814,4070400,24150.0,23774.25,4.7,4.9,4.65,4.7,329475,1738733160
2025-02-05 10:57:00,CE,ATM+8,16.810532,4185150,24150.0,23755.75,4.65,4.65,4.25,4.4,465000,1738733220
2025-02-05 10:58:00,CE,ATM+8,16.736453,4185150,24150.0,23759.05,4.4,4.55,4.35,4.45,272475,1738733280
2025-02-05 10:59:00,CE,ATM+8,16.819342,4185150,24150.0,23756.85,4.45,4.5,4.3,4.45,141225,1738733340
2025-02-05 11:00:00,CE,ATM+8,16.696816,4253025,24150.0,23761.5,4.4,4.55,4.4,4.5,196800,1738733400
2025-02-05 11:01:00,CE,ATM+8,16.6415,4253025,24150.0,23763.2,4.5,4.55,4.45,4.5,446475,1738733460
2025-02-05 11:02:00,CE,ATM+8,16.572128,4253025,24150.0,23769.35,4.55,4.75,4.55,4.7,350550,1738733520
2025-02-05 11:03:00,CE,ATM+8,16.698766,4476150,24150.0,23766.95,4.7,4.85,4.6,4.75,479025,1738733580
2025-02-05 11:04:00,CE,ATM+8,16.731681,4476150,24150.0,23763.15,4.75,4.8,4.55,4.6,138900,1738733640
2025-02-05 11:05:00,CE,ATM+8,16.906727,4476150,24150.0,23756.3,4.55,4.55,4.4,4.5,190875,1738733700
2025-02-05 11:06:00,CE,ATM+8,17.357171,4442850,24150.0,23739.35,4.45,4.5,4.3,4.3,191325,1738733760
2025-02-05 11:07:00,CE,ATM+8,17.472942,4442850,24150.0,23736.2,4.25,4.45,4.25,4.3,148050,1738733820
2025-02-05 11:08:00,CE,ATM+8,17.716541,4442850,24150.0,23729.4,4.3,4.3,4.15,4.3,244875,1738733880
2025-02-05 11:09:00,CE,ATM+8,17.624308,4485075,24150.0,23731.05,4.3,4.35,4.25,4.25,69675,1738733940
2025-02-05 11:10:00,CE,ATM+8,17.647206,4485075,24150.0,23729.4,4.25,4.35,4.2,4.2,75975,1738734000
2025-02-05 11:11:00,CE,ATM+8,17.469032,4485075,24150.0,23734.65,4.2,4.3,4.15,4.2,151575,1738734060
2025-02-05 11:12:00,CE,ATM+8,17.379216,4426650,24150.0,23738.5,4.2,4.25,4.2,4.25,85200,1738734120
2025-02-05 11:13:00,CE,ATM+8,17.523384,4426650,24150.0,23733.4,4.2,4.25,4.15,4.2,26325,1738734180
2025-02-05 11:14:00,CE,ATM+8,17.539207,4426650,24150.0,23733.1,4.2,4.25,4.15,4.2,34725,1738734240
2025-02-05 11:15:00,CE,ATM+8,17.448311,4506975,24150.0,23734.7,4.2,4.25,4.1,4.15,136050,1738734300
2025-02-05 11:16:00,CE,ATM+8,17.634942,4506975,24150.0,23732.95,4.15,4.3,4.1,4.3,178725,1738734360
2025-02-05 11:17:00,CE,ATM+8,17.40047,6572700,24100.0,23718.35,5.9,5.9,5.65,5.7,471600,1738734420
2025-02-05 11:18:00,CE,ATM+8,17.135098,6562125,24100.0,23720.35,5.7,5.8,5.35,5.4,426000,1738734480
2025-02-05 11:19:00,CE,ATM+8,17.11461,6562125,24100.0,23715.5,5.4,5.4,5.05,5.1,498300,1738734540
2025-02-05 11:20:00,CE,ATM+8,17.084358,6562125,24100.0,23718.35,5.1,5.35,5.1,5.2,490200,1738734600
2025-02-05 11:21:00,CE,ATM+8,16.986585,6578025,24100.0,23723.0,5.2,5.35,5.15,5.3,392250,1738734660
2025-02-05 11:22:00,CE,ATM+8,17.556566,4537725,24150.0,23725.5,4.0,4.0,3.8,3.85,286050,1738734720
2025-02-05 11:23:00,CE,ATM+8,17.329951,4537725,24150.0,23735.8,3.9,4.05,3.9,4.0,94800,1738734780
2025-02-05 11:24:00,CE,ATM+8,16.997357,4555575,24150.0,23748.9,4.05,4.3,4.0,4.15,229200,1738734840
2025-02-05 11:25:00,CE,ATM+8,16.959186,4555575,24150.0,23753.45,4.2,4.3,4.15,4.3,161850,1738734900
2025-02-05 11:26:00,CE,ATM+8,16.985823,4555575,24150.0,23747.25,4.3,4.3,4.0,4.05,165000,1738734960
2025-02-05 11:27:00,CE,ATM+8,17.07545,4555575,24150.0,23748.25,4.1,4.3,4.1,4.2,87000,1738735020
2025-02-05 11:28:00,CE,ATM+8,17.028045,4543050,24150.0,23750.85,4.2,4.35,4.15,4.25,330675,1738735080
2025-02-05 11:29:00,CE,ATM+8,16.97995,4543050,24150.0,23751.25,4.25,4.3,4.15,4.2,377025,1738735140
2025-02-05 11:30:00,CE,ATM+8,17.034558,4439475,24150.0,23747.6,4.25,4.25,4.1,4.1,111825,1738735200
2025-02-05 11:31:00,CE,ATM+8,17.117219,4439475,24150.0,23745.4,4.15,4.2,4.05,4.1,174150,1738735260
2025-02-05 11:32:00,CE,ATM+8,17.044992,4439475,24150.0,23742.95,4.05,4.1,3.85,3.9,179025,1738735320
2025-02-05 11:33:00,CE,ATM+8,16.98155,4439475,24150.0,23749.55,3.9,4.1,3.85,4.1,144300,1738735380
2025-02-05 11:34:00,CE,ATM+8,16.888667,4390725,24150.0,23750.05,4.05,4.05,4.0,4.0,56250,1738735440
2025-02-05 11:35:00,CE,ATM+8,16.737311,4390725,24150.0,23753.35,4.05,4.1,3.95,3.95,159075,1738735500
2025-02-05 11:36:00,CE,ATM+8,16.816397,4390725,24150.0,23752.4,4.0,4.05,3.95,4.0,87225,1738735560
2025-02-05 11:37:00,CE,ATM+8,16.795075,4426425,24150.0,23752.0,3.95,4.0,3.85,3.95,128550,1738735620
2025-02-05 11:38:00,CE,ATM+8,16.676134,4426425,24150.0,23753.2,3.9,3.95,3.7,3.85,250125,1738735680
2025-02-05 11:39:00,CE,ATM+8,16.552687,4426425,24150.0,23754.5,3.85,3.9,3.75,3.75,39600,1738735740
2025-02-05 11:40:00,CE,ATM+8,16.650383,4269225,24150.0,23751.85,3.8,3.9,3.75,3.75,85425,1738735800
2025-02-05 11:41:00,CE,ATM+8,16.712016,4269225,24150.0,23746.55,3.75,3.75,3.6,3.6,154050,1738735860
2025-02-05 11:42:00,CE,ATM+8,17.050308,4269225,24150.0,23738.2,3.6,3.7,3.6,3.65,60300,1738735920
2025-02-05 11:43:00,CE,ATM+8,17.032913,4255950,24150.0,23740.1,3.65,3.75,3.65,3.7,165825,1738735980
2025-02-05 11:44:00,CE,ATM+8,16.900706,4255950,24150.0,23744.05,3.75,3.8,3.6,3.7,307350,1738736040
2025-02-05 11:45:00,CE,ATM+8,16.700242,4255950,24150.0,23749.95,3.65,3.8,3.65,3.7,163575,1738736100
2025-02-05 11:46:00,CE,ATM+8,16.556982,4215450,24150.0,23754.2,3.75,3.85,3.7,3.7,201225,1738736160
2025-02-05 11:47:00,CE,ATM+8,16.663742,4215450,24150.0,23752.5,3.75,3.85,3.7,3.75,150825,1738736220
2025-02-05 11:48:00,CE,ATM+8,16.647657,4215450,24150.0,23757.8,3.75,3.95,3.75,3.95,209550,1738736280
2025-02-05 11:49:00,CE,ATM+8,16.749365,4270875,24150.0,23750.35,3.9,3.9,3.75,3.75,138075,1738736340
2025-02-05 11:50:00,CE,ATM+8,16.936848,4270875,24150.0,23746.35,3.75,3.8,3.7,3.8,114900,1738736400
2025-02-05 11:51:00,CE,ATM+8,16.962735,4270875,24150.0,23744.55,3.75,3.9,3.7,3.75,86325,1738736460
2025-02-05 11:52:00,CE,ATM+8,17.071774,4211925,24150.0,23740.35,3.75,3.75,3.7,3.7,94425,1738736520
2025-02-05 11:53:00,CE,ATM+8,17.063051,4211925,24150.0,23743.2,3.75,3.85,3.75,3.8,104175,1738736580
2025-02-05 11:54:00,CE,ATM+8,17.066608,4211925,24150.0,23743.25,3.8,3.85,3.75,3.8,30675,1738736640
2025-02-05 11:55:00,CE,ATM+8,16.993022,4152825,24150.0,23745.5,3.8,3.85,3.8,3.8,40500,1738736700
2025-02-05 11:56:00,CE,ATM+8,17.113979,4152825,24150.0,23739.75,3.8,3.8,3.7,3.7,78000,1738736760
2025-02-05 11:57:00,CE,ATM+8,16.95859,4152825,24150.0,23744.35,3.7,3.7,3.65,3.7,79125,1738736820
2025-02-05 11:58:00,CE,ATM+8,16.916693,4212300,24150.0,23741.95,3.7,3.7,3.55,3.55,310050,1738736880
2025-02-05 11:59:00,CE,ATM+8,16.901842,4212300,24150.0,23741.25,3.55,3.6,3.45,3.5,500700,1738736940
2025-02-05 12:00:00,CE,ATM+8,16.808165,4212300,24150.0,23744.1,3.5,3.5,3.45,3.5,108450,1738737000
2025-02-05 12:01:00,CE,ATM+8,16.820751,4450050,24150.0,23742.6,3.5,3.5,3.45,3.45,30600,1738737060
2025-02-05 12:02:00,CE,ATM+8,16.832575,4450050,24150.0,23743.7,3.45,3.5,3.45,3.5,60600,1738737120
2025-02-05 12:03:00,CE,ATM+8,16.757804,4450050,24150.0,23742.1,3.5,3.5,3.35,3.35,144525,1738737180
2025-02-05 12:04:00,CE,ATM+8,16.772301,4404150,24150.0,23743.15,3.35,3.45,3.35,3.4,135225,1738737240
2025-02-05 12:05:00,CE,ATM+8,16.739523,4404150,24150.0,23741.6,3.4,3.45,3.3,3.3,93750,1738737300
2025-02-05 12:06:00,CE,ATM+8,16.721675,4404150,24150.0,23743.6,3.3,3.35,3.25,3.35,77025,1738737360
2025-02-05 12:07:00,CE,ATM+8,16.703413,4368825,24150.0,23742.95,3.35,3.4,3.3,3.3,135375,1738737420
2025-02-05 12:08:00,CE,ATM+8,16.872609,4368825,24150.0,23738.2,3.3,3.35,3.2,3.3,287175,1738737480
2025-02-05 12:09:00,CE,ATM+8,17.022146,4368825,24150.0,23736.7,3.3,3.45,3.3,3.4,440400,1738737540
2025-02-05 12:10:00,CE,ATM+8,16.982902,4177125,24150.0,23739.3,3.4,3.45,3.4,3.45,104925,1738737600
2025-02-05 12:11:00,CE,ATM+8,17.10629,4177125,24150.0,23735.9,3.45,3.45,3.4,3.45,33975,1738737660
2025-02-05 12:12:00,CE,ATM+8,17.05435,4177125,24150.0,23734.9,3.45,3.45,3.3,3.35,70275,1738737720
2025-02-05 12:13:00,CE,ATM+8,17.243028,4139325,24150.0,23725.45,3.3,3.3,3.2,3.2,87750,1738737780
2025-02-05 12:14:00,CE,ATM+8,17.099549,4139325,24150.0,23732.55,3.2,3.35,3.2,3.3,98250,1738737840
2025-02-05 12:15:00,CE,ATM+8,17.189464,4139325,24150.0,23730.1,3.3,3.4,3.3,3.3,111750,1738737900
2025-02-05 12:16:00,CE,ATM+8,17.226105,4149600,24150.0,23731.9,3.35,3.4,3.3,3.4,112050,1738737960
2025-02-05 12:17:00,CE,ATM+8,17.126456,4149600,24150.0,23736.25,3.4,3.5,3.35,3.45,77250,1738738020
2025-02-05 12:18:00,CE,ATM+8,16.796865,4149600,24150.0,23747.15,3.5,3.55,3.4,3.5,162525,1738738080
2025-02-05 12:19:00,CE,ATM+8,16.699849,4120350,24150.0,23748.8,3.45,3.55,3.4,3.45,77625,1738738140
2025-02-05 12:20:00,CE,ATM+8,16.626517,4120350,24150.0,23751.05,3.45,3.5,3.35,3.45,112800,1738738200
2025-02-05 12:21:00,CE,ATM+8,16.647831,4120350,24150.0,23748.0,3.45,3.5,3.35,3.35,78900,1738738260
2025-02-05 12:22:00,CE,ATM+8,16.738949,4101375,24150.0,23741.5,3.3,3.35,3.2,3.2,170475,1738738320
2025-02-05 12:23:00,CE,ATM+8,16.779166,4101375,24150.0,23743.2,3.2,3.35,3.2,3.3,35700,1738738380
2025-02-05 12:24:00,CE,ATM+8,16.95417,4101375,24150.0,23736.95,3.35,3.35,3.2,3.25,47700,1738738440
2025-02-05 12:25:00,CE,ATM+8,16.957744,4104450,24150.0,23739.7,3.2,3.35,3.2,3.35,69075,1738738500
2025-02-05 12:26:00,CE,ATM+8,16.954429,4104450,24150.0,23739.95,3.4,3.4,3.3,3.35,68625,1738738560
2025-02-05 12:27:00,CE,ATM+8,17.05194,4104450,24150.0,23737.3,3.3,3.4,3.3,3.35,47400,1738738620
2025-02-05 12:28:00,CE,ATM+8,17.11298,4103025,24150.0,23734.35,3.3,3.35,3.3,3.3,16050,1738738680
2025-02-05 12:29:00,CE,ATM+8,17.022771,4103025,24150.0,23738.45,3.3,3.4,3.3,3.35,101100,1738738740
2025-02-05 12:30:00,CE,ATM+8,17.253838,4103025,24150.0,23733.3,3.35,3.4,3.2,3.4,100950,1738738800
2025-02-05 12:31:00,CE,ATM+8,17.064918,4099725,24150.0,23737.55,3.35,3.4,3.3,3.35,66075,1738738860
2025-02-05 12:32:00,CE,ATM+8,17.261657,4099725,24150.0,23732.05,3.35,3.4,3.3,3.35,64950,1738738920
2025-02-05 12:33:00,CE,ATM+8,17.221943,4099725,24150.0,23733.35,3.35,3.4,3.3,3.35,48075,1738738980
2025-02-05 12:34:00,CE,ATM+8,17.072088,4103925,24150.0,23740.45,3.35,3.45,3.35,3.45,77475,1738739040
2025-02-05 12:35:00,CE,ATM+8,17.098532,4103925,24150.0,23739.85,3.45,3.5,3.4,3.45,75600,1738739100
2025-02-05 12:36:00,CE,ATM+8,17.166971,4103925,24150.0,23739.35,3.45,3.5,3.35,3.5,87525,1738739160
2025-02-05 12:37:00,CE,ATM+8,17.210962,4109925,24150.0,23736.95,3.5,3.5,3.45,3.45,14175,1738739220
2025-02-05 12:38:00,CE,ATM+8,17.210763,4109925,24150.0,23739.7,3.5,3.6,3.45,3.55,41475,1738739280
2025-02-05 12:39:00,CE,ATM+8,17.316464,4109925,24150.0,23736.85,3.55,3.6,3.5,3.55,135825,1738739340
2025-02-05 12:40:00,CE,ATM+8,17.24539,4136025,24150.0,23740.3,3.5,3.65,3.5,3.6,153900,1738739400
2025-02-05 12:41:00,CE,ATM+8,17.212109,4136025,24150.0,23741.4,3.55,3.6,3.55,3.6,63975,1738739460
2025-02-05 12:42:00,CE,ATM+8,17.215706,4136025,24150.0,23737.6,3.6,3.6,3.45,3.45,100650,1738739520
2025-02-05 12:43:00,CE,ATM+8,17.33252,4129950,24150.0,23733.1,3.55,3.55,3.4,3.4,39450,1738739580
2025-02-05 12:44:00,CE,ATM+8,17.407242,4129950,24150.0,23732.45,3.4,3.45,3.4,3.45,66375,1738739640
2025-02-05 12:45:00,CE,ATM+8,17.467151,4129950,24150.0,23726.85,3.4,3.45,3.3,3.3,69675,1738739700
2025-02-05 12:46:00,CE,ATM+8,17.532738,4151775,24150.0,23727.85,3.35,3.4,3.25,3.4,101475,1738739760
2025-02-05 12:47:00,CE,ATM+8,17.464306,4151775,24150.0,23731.3,3.35,3.45,3.35,3.45,89325,1738739820
2025-02-05 12:48:00,CE,ATM+8,16.967261,7798800,24100.0,23724.7,4.8,4.8,4.6,4.7,210375,1738739880
2025-02-05 12:49:00,CE,ATM+8,17.022968,7808700,24100.0,23721.35,4.7,4.75,4.55,4.6,146775,1738739940
2025-02-05 12:50:00,CE,ATM+8,17.080221,7808700,24100.0,23719.95,4.65,4.7,4.6,4.6,128025,1738740000
2025-02-05 12:51:00,CE,ATM+8,17.336012,7808700,24100.0,23716.2,4.65,4.8,4.6,4.75,162375,1738740060
2025-02-05 12:52:00,CE,ATM+8,17.268622,7793475,24100.0,23721.1,4.75,4.9,4.75,4.9,247050,1738740120
2025-02-05 12:53:00,CE,ATM+8,17.134654,7793475,24100.0,23722.9,4.85,4.9,4.75,4.8,196950,1738740180
2025-02-05 12:54:00,CE,ATM+8,17.177454,7793475,24100.0,23721.9,4.75,4.85,4.65,4.8,229200,1738740240
2025-02-05 12:55:00,CE,ATM+8,17.219334,7806900,24100.0,23721.9,4.75,4.85,4.65,4.85,135600,1738740300
2025-02-05 12:56:00,CE,ATM+8,17.183686,7806900,24100.0,23718.05,4.75,4.8,4.6,4.6,172725,1738740360
2025-02-05 12:57:00,CE,ATM+8,17.1022,7806900,24100.0,23722.4,4.6,4.7,4.55,4.7,148125,1738740420
2025-02-05 12:58:00,CE,ATM+8,17.649668,4122075,24150.0,23726.45,3.35,3.4,3.3,3.4,61500,1738740480
2025-02-05 12:59:00,CE,ATM+8,17.163091,7829850,24100.0,23722.05,4.75,4.85,4.7,4.75,105000,1738740540
2025-02-05 13:00:00,CE,ATM+8,17.294866,7829850,24100.0,23715.65,4.7,4.75,4.6,4.6,91950,1738740600
2025-02-05 13:01:00,CE,ATM+8,17.211855,7847925,24100.0,23720.05,4.6,4.7,4.5,4.7,164025,1738740660
2025-02-05 13:02:00,CE,ATM+8,17.503937,4118325,24150.0,23731.25,3.3,3.4,3.3,3.4,38925,1738740720
2025-02-05 13:03:00,CE,ATM+8,17.47779,4118325,24150.0,23729.45,3.4,3.4,3.3,3.3,51000,1738740780
2025-02-05 13:04:00,CE,ATM+8,17.493959,4116525,24150.0,23729.15,3.35,3.4,3.25,3.3,67875,1738740840
2025-02-05 13:05:00,CE,ATM+8,17.021187,7868475,24100.0,23721.75,4.75,4.75,4.5,4.5,207000,1738740900
2025-02-05 13:06:00,CE,ATM+8,17.223011,4116525,24150.0,23737.2,3.15,3.35,3.15,3.3,76575,1738740960
2025-02-05 13:07:00,CE,ATM+8,17.161866,4122900,24150.0,23739.1,3.35,3.35,3.25,3.3,55200,1738741020
2025-02-05 13:08:00,CE,ATM+8,17.149873,4122900,24150.0,23739.6,3.25,3.35,3.25,3.3,53775,1738741080
2025-02-05 13:09:00,CE,ATM+8,17.072697,4122900,24150.0,23744.6,3.3,3.45,3.3,3.4,69300,1738741140
2025-02-05 13:10:00,CE,ATM+8,16.950652,4120125,24150.0,23746.9,3.45,3.5,3.35,3.35,141075,1738741200
2025-02-05 13:11:00,CE,ATM+8,16.958187,4120125,24150.0,23748.15,3.35,3.45,3.3,3.4,89775,1738741260
2025-02-05 13:12:00,CE,ATM+8,17.076927,4120125,24150.0,23746.25,3.45,3.5,3.35,3.45,124350,1738741320
2025-02-05 13:13:00,CE,ATM+8,17.107406,4107750,24150.0,23749.35,3.5,3.6,3.45,3.6,151275,1738741380
2025-02-05 13:14:00,CE,ATM+8,16.966125,4107750,24150.0,23755.9,3.55,3.7,3.5,3.7,202200,1738741440
2025-02-05 13:15:00,CE,ATM+8,16.825885,4107750,24150.0,23758.75,3.65,3.75,3.6,3.65,387225,1738741500
2025-02-05 13:16:00,CE,ATM+8,16.783023,4120725,24150.0,23757.65,3.6,3.7,3.5,3.55,231000,1738741560
2025-02-05 13:17:00,CE,ATM+8,16.81544,4120725,24150.0,23755.65,3.6,3.7,3.5,3.5,120900,1738741620
2025-02-05 13:18:00,CE,ATM+8,16.903127,4120725,24150.0,23754.6,3.5,3.55,3.45,3.55,115875,1738741680
2025-02-05 13:19:00,CE,ATM+8,16.903928,4107300,24150.0,23758.4,3.55,3.7,3.55,3.7,75600,1738741740
2025-02-05 13:20:00,CE,ATM+8,16.877898,4107300,24150.0,23756.85,3.7,3.7,3.55,3.6,100425,1738741800
2025-02-05 13:21:00,CE,ATM+8,16.914394,4107300,24150.0,23754.75,3.55,3.6,3.45,3.55,90450,1738741860
2025-02-05 13:22:00,CE,ATM+8,16.909206,4098000,24150.0,23755.05,3.55,3.65,3.5,3.55,83250,1738741920
2025-02-05 13:23:00,CE,ATM+8,16.852144,4098000,24150.0,23755.55,3.55,3.55,3.5,3.5,6000,1738741980
2025-02-05 13:24:00,CE,ATM+8,17.089161,4098000,24150.0,23746.5,3.55,3.55,3.3,3.4,213975,1738742040
2025-02-05 13:25:00,CE,ATM+8,16.975884,4102725,24150.0,23752.4,3.35,3.55,3.35,3.5,87675,1738742100
2025-02-05 13:26:00,CE,ATM+8,16.986661,4102725,24150.0,23754.75,3.5,3.6,3.4,3.6,128250,1738742160
2025-02-05 13:27:00,CE,ATM+8,16.971105,4102725,24150.0,23754.1,3.55,3.6,3.45,3.55,64950,1738742220
2025-02-05 13:28:00,CE,ATM+8,17.044532,4091175,24150.0,23750.95,3.55,3.6,3.45,3.5,84675,1738742280
2025-02-05 13:29:00,CE,ATM+8,17.154385,4091175,24150.0,23749.3,3.5,3.55,3.45,3.55,57750,1738742340
2025-02-05 13:30:00,CE,ATM+8,17.095351,4091175,24150.0,23752.35,3.55,3.65,3.55,3.6,62400,1738742400
2025-02-05 13:31:00,CE,ATM+8,17.062456,4072500,24150.0,23754.65,3.6,3.7,3.6,3.65,42375,1738742460
2025-02-05 13:32:00,CE,ATM+8,17.004989,4072500,24150.0,23756.4,3.65,3.7,3.6,3.65,351450,1738742520
2025-02-05 13:33:00,CE,ATM+8,17.052931,4072500,24150.0,23754.0,3.7,3.7,3.6,3.6,139050,1738742580
2025-02-05 13:34:00,CE,ATM+8,17.063149,4075050,24150.0,23755.1,3.6,3.7,3.6,3.65,90450,1738742640
2025-02-05 13:35:00,CE,ATM+8,17.017796,4075050,24150.0,23754.05,3.6,3.7,3.55,3.55,120450,1738742700
2025-02-05 13:36:00,CE,ATM+8,17.147421,4075050,24150.0,23750.6,3.55,3.6,3.5,3.55,112050,1738742760
2025-02-05 13:37:00,CE,ATM+8,17.025477,4065300,24150.0,23754.15,3.55,3.6,3.5,3.55,39825,1738742820
2025-02-05 13:38:00,CE,ATM+8,17.082213,4065300,24150.0,23750.2,3.55,3.55,3.4,3.45,92325,1738742880
2025-02-05 13:39:00,CE,ATM+8,17.175597,4065300,24150.0,23747.75,3.45,3.5,3.35,3.45,56250,1738742940
2025-02-05 13:40:00,CE,ATM+8,17.280844,4073550,24150.0,23742.35,3.45,3.45,3.3,3.35,108150,1738743000
2025-02-05 13:41:00,CE,ATM+8,17.490729,4073550,24150.0,23733.9,3.3,3.4,3.25,3.25,159225,1738743060
2025-02-05 13:42:00,CE,ATM+8,17.480314,4073550,24150.0,23738.4,3.25,3.4,3.25,3.4,126750,1738743120
2025-02-05 13:43:00,CE,ATM+8,17.393339,4054725,24150.0,23741.0,3.4,3.4,3.35,3.4,35400,1738743180
2025-02-05 13:44:00,CE,ATM+8,17.503413,4054725,24150.0,23735.4,3.4,3.4,3.3,3.3,31050,1738743240
2025-02-05 13:45:00,CE,ATM+8,17.562567,4054725,24150.0,23735.25,3.25,3.4,3.25,3.35,56025,1738743300
2025-02-05 13:46:00,CE,ATM+8,17.508941,4050975,24150.0,23738.25,3.35,3.45,3.35,3.4,33750,1738743360
2025-02-05 13:47:00,CE,ATM+8,17.57191,4050975,24150.0,23736.65,3.45,3.45,3.35,3.4,36825,1738743420
2025-02-05 13:48:00,CE,ATM+8,17.59806,4050975,24150.0,23737.4,3.35,3.45,3.35,3.45,36900,1738743480
2025-02-05 13:49:00,CE,ATM+8,17.496075,4045500,24150.0,23739.1,3.45,3.45,3.4,3.4,10500,1738743540
2025-02-05 13:50:00,CE,ATM+8,17.507699,4045500,24150.0,23740.25,3.4,3.45,3.4,3.45,32250,1738743600
2025-02-05 13:51:00,CE,ATM+8,17.49562,4045500,24150.0,23740.75,3.45,3.45,3.35,3.45,125625,1738743660
2025-02-05 13:52:00,CE,ATM+8,17.383045,4010550,24150.0,23744.05,3.45,3.5,3.4,3.45,144675,1738743720
2025-02-05 13:53:00,CE,ATM+8,17.125122,4010550,24150.0,23755.15,3.4,3.6,3.4,3.6,116250,1738743780
2025-02-05 13:54:00,CE,ATM+8,17.12666,4010550,24150.0,23757.7,3.55,3.7,3.5,3.7,350025,1738743840
2025-02-05 13:55:00,CE,ATM+8,17.839669,4025325,24150.0,23764.6,3.7,5.0,3.65,4.9,1244325,1738743900
2025-02-05 13:56:00,CE,ATM+8,17.565874,4025325,24150.0,23765.0,4.95,4.95,4.45,4.55,625650,1738743960
2025-02-05 13:57:00,CE,ATM+8,17.439781,4025325,24150.0,23766.45,4.5,4.65,4.3,4.45,398700,1738744020
2025-02-05 13:58:00,CE,ATM+8,17.29549,3937125,24150.0,23772.5,4.35,4.6,4.25,4.55,269850,1738744080
2025-02-05 13:59:00,CE,ATM+8,17.369116,3937125,24150.0,23770.7,4.6,4.8,4.5,4.55,394875,1738744140
2025-02-05 14:00:00,CE,ATM+8,17.360166,3937125,24150.0,23768.0,4.5,4.6,4.3,4.4,344700,1738744200
2025-02-05 14:01:00,CE,ATM+8,17.462717,3949950,24150.0,23767.5,4.4,4.65,4.3,4.5,171750,1738744260
2025-02-05 14:02:00,CE,ATM+8,17.569971,3949950,24150.0,23761.65,4.45,4.45,4.15,4.35,218175,1738744320
2025-02-05 14:03:00,CE,ATM+8,17.464007,3949950,24150.0,23762.5,4.3,4.4,4.25,4.25,96825,1738744380
2025-02-05 14:04:00,CE,ATM+8,17.468033,3957900,24150.0,23762.55,4.2,4.3,4.15,4.25,78525,1738744440
2025-02-05 14:05:00,CE,ATM+8,17.492567,3957900,24150.0,23762.05,4.2,4.4,4.2,4.25,80625,1738744500
2025-02-05 14:06:00,CE,ATM+8,17.438421,3957900,24150.0,23759.25,4.3,4.3,4.05,4.05,190425,1738744560
2025-02-05 14:07:00,CE,ATM+8,17.492435,3998025,24150.0,23757.95,4.0,4.1,3.95,4.05,271500,1738744620
2025-02-05 14:08:00,CE,ATM+8,17.406037,3998025,24150.0,23755.85,4.05,4.1,3.85,3.85,130350,1738744680
2025-02-05 14:09:00,CE,ATM+8,17.50195,3998025,24150.0,23753.4,3.9,3.95,3.85,3.85,73125,1738744740
2025-02-05 14:10:00,CE,ATM+8,17.590738,3948900,24150.0,23748.75,3.8,3.8,3.7,3.75,192000,1738744800
2025-02-05 14:11:00,CE,ATM+8,17.627645,3948900,24150.0,23745.45,3.75,3.8,3.6,3.65,103425,1738744860
2025-02-05 14:12:00,CE,ATM+8,17.595366,3948900,24150.0,23746.5,3.6,3.65,3.55,3.65,102450,1738744920
2025-02-05 14:13:00,CE,ATM+8,17.623796,3954900,24150.0,23740.8,3.6,3.65,3.45,3.45,168825,1738744980
2025-02-05 14:14:00,CE,ATM+8,17.593352,3954900,24150.0,23743.1,3.5,3.55,3.45,3.5,198600,1738745040
2025-02-05 14:15:00,CE,ATM+8,17.644265,3954900,24150.0,23745.65,3.45,3.7,3.45,3.65,123300,1738745100
2025-02-05 14:16:00,CE,ATM+8,17.69351,3991575,24150.0,23745.7,3.7,3.75,3.65,3.7,86175,1738745160
2025-02-05 14:17:00,CE,ATM+8,17.856756,3991575,24150.0,23740.15,3.7,3.9,3.55,3.65,155925,1738745220
2025-02-05 14:18:00,CE,ATM+8,17.899172,3991575,24150.0,23740.4,3.65,3.75,3.6,3.7,59250,1738745280
2025-02-05 14:19:00,CE,ATM+8,17.937575,4000125,24150.0,23740.75,3.7,3.75,3.65,3.75,48300,1738745340
2025-02-05 14:20:00,CE,ATM+8,17.857639,4000125,24150.0,23743.1,3.7,3.8,3.65,3.75,39900,1738745400
2025-02-05 14:21:00,CE,ATM+8,17.836239,4000125,24150.0,23743.85,3.8,3.85,3.7,3.75,83700,1738745460
2025-02-05 14:22:00,CE,ATM+8,18.00933,4045950,24150.0,23736.8,3.8,3.8,3.6,3.65,82875,1738745520
2025-02-05 14:23:00,CE,ATM+8,17.935541,4045950,24150.0,23736.45,3.65,3.65,3.5,3.55,72600,1738745580
2025-02-05 14:24:00,CE,ATM+8,18.046442,4045950,24150.0,23734.85,3.6,3.6,3.5,3.6,70350,1738745640
2025-02-05 14:25:00,CE,ATM+8,18.117184,4030350,24150.0,23736.85,3.65,3.75,3.65,3.75,185775,1738745700
2025-02-05 14:26:00,CE,ATM+8,17.994056,4030350,24150.0,23741.6,3.75,3.85,3.65,3.8,83250,1738745760
2025-02-05 14:27:00,CE,ATM+8,17.961813,4030350,24150.0,23743.85,3.85,3.9,3.8,3.85,203550,1738745820
2025-02-05 14:28:00,CE,ATM+8,18.086266,3971325,24150.0,23738.2,3.85,3.9,3.7,3.75,204300,1738745880
2025-02-05 14:29:00,CE,ATM+8,18.172434,3971325,24150.0,23737.25,3.75,3.85,3.7,3.8,56700,1738745940
2025-02-05 14:30:00,CE,ATM+8,17.948909,3971325,24150.0,23744.7,3.85,3.9,3.8,3.85,154575,1738746000
2025-02-05 14:31:00,CE,ATM+8,17.897375,3883350,24150.0,23747.45,3.9,3.9,3.85,3.9,85350,1738746060
2025-02-05 14:32:00,CE,ATM+8,17.823916,3883350,24150.0,23749.6,3.9,4.0,3.85,3.9,109275,1738746120
2025-02-05 14:33:00,CE,ATM+8,18.04219,3883350,24150.0,23745.05,3.95,4.0,3.9,3.95,54975,1738746180
2025-02-05 14:34:00,CE,ATM+8,18.060225,3889725,24150.0,23745.9,3.95,4.0,3.95,4.0,21825,1738746240
2025-02-05 14:35:00,CE,ATM+8,18.015643,3889725,24150.0,23746.1,3.95,4.05,3.95,3.95,50700,1738746300
2025-02-05 14:36:00,CE,ATM+8,17.982216,3889725,24150.0,23744.8,4.0,4.0,3.85,3.85,146250,1738746360
2025-02-05 14:37:00,CE,ATM+8,17.979159,3908775,24150.0,23745.05,3.9,3.9,3.8,3.85,55500,1738746420
2025-02-05 14:38:00,CE,ATM+8,17.89699,3908775,24150.0,23752.1,3.85,4.05,3.85,4.05,185850,1738746480
2025-02-05 14:39:00,CE,ATM+8,18.156088,3908775,24150.0,23741.8,4.05,4.05,3.9,3.9,111525,1738746540
2025-02-05 14:40:00,CE,ATM+8,18.358556,3975300,24150.0,23736.5,3.9,4.0,3.85,3.9,120600,1738746600
2025-02-05 14:41:00,CE,ATM+8,18.290636,3975300,24150.0,23737.3,3.9,3.9,3.8,3.85,97425,1738746660
2025-02-05 14:42:00,CE,ATM+8,18.365309,3975300,24150.0,23735.45,3.85,3.9,3.75,3.85,72000,1738746720
2025-02-05 14:43:00,CE,ATM+8,18.290516,3973425,24150.0,23738.85,3.75,3.9,3.75,3.9,134475,1738746780
2025-02-05 14:44:00,CE,ATM+8,18.478411,3973425,24150.0,23735.15,3.9,4.0,3.8,3.95,256800,1738746840
2025-02-05 14:45:00,CE,ATM+8,18.502634,3973425,24150.0,23732.25,3.9,3.95,3.8,3.85,336600,1738746900
2025-02-05 14:46:00,CE,ATM+8,18.610633,3968625,24150.0,23729.5,3.9,3.9,3.85,3.85,46950,1738746960
2025-02-05 14:47:00,CE,ATM+8,18.639237,3968625,24150.0,23728.9,3.9,3.95,3.85,3.85,71625,1738747020
2025-02-05 14:48:00,CE,ATM+8,18.679348,3968625,24150.0,23726.75,3.85,3.9,3.75,3.8,136575,1738747080
2025-02-05 14:49:00,CE,ATM+8,18.685413,3981375,24150.0,23728.0,3.75,3.85,3.75,3.85,92850,1738747140
2025-02-05 14:50:00,CE,ATM+8,18.588346,3981375,24150.0,23730.8,3.85,3.95,3.8,3.85,109275,1738747200
2025-02-05 14:51:00,CE,ATM+8,18.637879,3981375,24150.0,23728.4,3.85,3.9,3.8,3.8,58200,1738747260
2025-02-05 14:52:00,CE,ATM+8,18.142333,7679100,24100.0,23723.45,5.4,5.4,5.25,5.25,231750,1738747320
2025-02-05 14:53:00,CE,ATM+8,18.763158,3993975,24150.0,23726.6,3.75,3.9,3.75,3.85,110400,1738747380
2025-02-05 14:54:00,CE,ATM+8,18.62604,3993975,24150.0,23731.7,3.85,3.9,3.85,3.9,34725,1738747440
2025-02-05 14:55:00,CE,ATM+8,18.677068,3985350,24150.0,23730.5,3.9,3.95,3.8,3.9,77325,1738747500
2025-02-05 14:56:00,CE,ATM+8,18.693849,3985350,24150.0,23729.0,3.9,3.95,3.8,3.85,67950,1738747560
2025-02-05 14:57:00,CE,ATM+8,18.594688,3985350,24150.0,23731.85,3.8,3.9,3.8,3.85,56025,1738747620
2025-02-05 14:58:00,CE,ATM+8,18.481476,3984675,24150.0,23733.85,3.8,3.9,3.75,3.8,165150,1738747680
2025-02-05 14:59:00,CE,ATM+8,18.575265,3984675,24150.0,23730.25,3.8,3.8,3.75,3.75,99900,1738747740
2025-02-05 15:00:00,CE,ATM+8,18.452406,7666500,24100.0,23721.4,5.35,5.55,5.3,5.5,704850,1738747800
2025-02-05 15:01:00,CE,ATM+8,19.026427,7559400,24100.0,23701.4,5.45,5.55,4.95,5.2,1303575,1738747860
2025-02-05 15:02:00,CE,ATM+8,19.024725,7559400,24100.0,23700.65,5.2,5.3,5.05,5.15,1049400,1738747920
2025-02-05 15:03:00,CE,ATM+8,18.737076,7559400,24100.0,23701.3,5.05,5.2,4.8,4.8,1049625,1738747980
2025-02-05 15:04:00,CE,ATM+8,18.796835,7530375,24100.0,23698.9,4.75,4.85,4.7,4.75,623775,1738748040
2025-02-05 15:05:00,CE,ATM+8,18.757444,7530375,24100.0,23694.85,4.95,4.95,4.45,4.5,886575,1738748100
2025-02-05 15:06:00,CE,ATM+8,19.018242,7530375,24100.0,23686.0,4.5,4.6,4.2,4.4,854025,1738748160
2025-02-05 15:07:00,CE,ATM+8,18.940203,7502100,24100.0,23686.0,4.4,4.45,4.25,4.3,444450,1738748220
2025-02-05 15:08:00,CE,ATM+8,18.862903,7502100,24100.0,23684.8,4.3,4.4,4.05,4.15,847425,1738748280
2025-02-05 15:09:00,CE,ATM+8,18.57248,7502100,24100.0,23699.3,4.25,4.45,4.2,4.45,734700,1738748340
2025-02-05 15:10:00,CE,ATM+8,18.62227,7534125,24100.0,23700.3,4.55,4.6,4.4,4.55,916575,1738748400
2025-02-05 15:11:00,CE,ATM+8,18.655264,7534125,24100.0,23698.55,4.55,4.65,4.45,4.5,666750,1738748460
2025-02-05 15:12:00,CE,ATM+8,18.642792,7534125,24100.0,23694.7,4.55,4.6,4.25,4.3,487800,1738748520
2025-02-05 15:13:00,CE,ATM+8,18.784078,7630650,24100.0,23696.6,4.3,4.55,4.3,4.55,920400,1738748580
2025-02-05 15:14:00,CE,ATM+8,18.778545,7630650,24100.0,23695.85,4.55,4.55,4.4,4.5,488475,1738748640
2025-02-05 15:15:00,CE,ATM+8,18.691086,7630650,24100.0,23693.95,4.5,4.6,4.3,4.3,729150,1738748700
2025-02-05 15:16:00,CE,ATM+8,18.671008,7604250,24100.0,23694.65,4.3,4.45,4.25,4.3,483075,1738748760
2025-02-05 15:17:00,CE,ATM+8,18.498287,7604250,24100.0,23699.35,4.35,4.4,4.25,4.3,561450,1738748820
2025-02-05 15:18:00,CE,ATM+8,18.392809,7604250,24100.0,23698.95,4.3,4.3,4.05,4.15,781725,1738748880
2025-02-05 15:19:00,CE,ATM+8,18.447758,7649325,24100.0,23698.8,4.25,4.25,4.05,4.2,747000,1738748940
2025-02-05 15:20:00,CE,ATM+8,18.57685,7649325,24100.0,23694.45,4.3,4.3,4.1,4.15,1141275,1738749000
2025-02-05 15:21:00,CE,ATM+8,18.565567,7649325,24100.0,23696.05,4.2,4.3,4.15,4.2,582150,1738749060
2025-02-05 15:22:00,CE,ATM+8,18.41888,7616475,24100.0,23698.95,4.25,4.25,4.05,4.15,989550,1738749120
2025-02-05 15:23:00,CE,ATM+8,18.414634,7616475,24100.0,23698.1,4.1,4.2,4.0,4.1,809925,1738749180
2025-02-05 15:24:00,CE,ATM+8,18.483355,7616475,24100.0,23697.6,4.1,4.15,4.0,4.15,594675,1738749240
2025-02-05 15:25:00,CE,ATM+8,18.515145,7592700,24100.0,23694.65,4.25,4.3,4.05,4.05,965475,1738749300
2025-02-05 15:26:00,CE,ATM+8,18.690753,7592700,24100.0,23691.35,4.15,4.15,4.0,4.1,757800,1738749360
2025-02-05 15:27:00,CE,ATM+8,18.790051,7592700,24100.0,23691.2,4.15,4.2,4.05,4.2,764325,1738749420
2025-02-05 15:28:00,CE,ATM+8,18.733189,7693800,24100.0,23688.25,4.15,4.2,3.95,4.0,480975,1738749480
2025-02-05 15:29:00,CE,ATM+8,17.932509,7693800,24100.0,23686.75,3.9,3.9,3.1,3.1,1074075,1738749540
2025-02-05 15:30:00,CE,ATM+8,17.990491,7693800,24100.0,23686.75,3.15,3.15,3.15,3.15,75,1738749600
2025-02-06 09:15:00,CE,ATM+8,33.496443,7753950,24100.0,23723.65,2.8,4.55,2.5,3.45,1993425,1738813500
2025-02-06 09:16:00,CE,ATM+8,33.488368,3418875,24150.0,23726.35,2.4,2.4,1.9,1.95,1225200,1738813560
2025-02-06 09:17:00,CE,ATM+8,33.11671,3418875,24150.0,23726.25,1.95,2.0,1.8,1.8,1194225,1738813620
2025-02-06 09:18:00,CE,ATM+8,33.086141,3799500,24150.0,23731.6,1.85,1.95,1.75,1.9,918750,1738813680
2025-02-06 09:19:00,CE,ATM+8,32.983169,3799500,24150.0,23727.4,1.9,1.9,1.7,1.75,903075,1738813740
2025-02-06 09:20:00,CE,ATM+8,32.440578,8369325,24100.0,23718.0,2.65,2.8,2.6,2.6,1283775,1738813800
2025-02-06 09:21:00,CE,ATM+8,32.986028,9254250,24100.0,23715.5,2.6,2.85,2.6,2.75,1502700,1738813860
2025-02-06 09:22:00,CE,ATM+8,33.949284,9254250,24100.0,23701.15,2.75,2.85,2.65,2.7,1156950,1738813920
2025-02-06 09:23:00,CE,ATM+8,34.137849,9254250,24100.0,23702.2,2.8,2.95,2.75,2.8,1073025,1738813980
2025-02-06 09:24:00,CE,ATM+8,34.144792,9911175,24100.0,23701.25,2.8,2.85,2.7,2.75,1181625,1738814040
2025-02-06 09:25:00,CE,ATM+8,35.107886,9911175,24100.0,23690.0,2.8,2.95,2.7,2.8,1117050,1738814100
2025-02-06 09:26:00,CE,ATM+8,35.550419,9911175,24100.0,23696.15,2.8,3.2,2.8,3.2,838725,1738814160
2025-02-06 09:27:00,CE,ATM+8,35.596019,10444575,24100.0,23696.2,3.15,3.25,3.1,3.2,807225,1738814220
2025-02-06 09:28:00,CE,ATM+8,35.650135,10444575,24100.0,23693.35,3.15,3.3,3.1,3.1,845250,1738814280
2025-02-06 09:29:00,CE,ATM+8,35.465808,10444575,24100.0,23696.55,3.1,3.2,3.05,3.1,699375,1738814340
2025-02-06 09:30:00,CE,ATM+8,35.888408,10767075,24100.0,23694.25,3.15,3.3,3.1,3.2,585450,1738814400
2025-02-06 09:31:00,CE,ATM+8,36.379818,10767075,24100.0,23686.85,3.2,3.3,3.15,3.15,887325,1738814460
2025-02-06 09:32:00,CE,ATM+8,36.506334,10767075,24100.0,23680.0,3.15,3.15,2.95,2.95,631125,1738814520
2025-02-06 09:33:00,CE,ATM+8,36.554675,6654525,24050.0,23666.25,4.5,4.6,4.25,4.35,881250,1738814580
2025-02-06 09:34:00,CE,ATM+8,37.166171,6654525,24050.0,23656.85,4.4,4.5,4.2,4.25,874350,1738814640
2025-02-06 09:35:00,CE,ATM+8,36.576793,6654525,24050.0,23664.05,4.15,4.25,4.15,4.2,770850,1738814700
2025-02-06 09:36:00,CE,ATM+8,36.665789,6977625,24050.0,23661.35,4.25,4.25,3.95,4.1,549825,1738814760
2025-02-06 09:37:00,CE,ATM+8,36.492742,6977625,24050.0,23659.7,4.1,4.1,3.85,3.9,992100,1738814820
2025-02-06 09:38:00,CE,ATM+8,35.730779,6977625,24050.0,23665.6,3.9,3.9,3.5,3.7,878175,1738814880
2025-02-06 09:39:00,CE,ATM+8,36.262713,7134075,24050.0,23654.35,3.7,3.85,3.45,3.5,722175,1738814940
2025-02-06 09:40:00,CE,ATM+8,36.021274,7134075,24050.0,23656.95,3.45,3.55,3.35,3.45,955050,1738815000
2025-02-06 09:41:00,CE,ATM+8,36.29122,7134075,24050.0,23655.35,3.45,3.6,3.45,3.5,716625,1738815060
2025-02-06 09:42:00,CE,ATM+8,35.652047,7518075,24050.0,23656.65,3.5,3.5,3.1,3.2,1184775,1738815120
2025-02-06 09:43:00,CE,ATM+8,35.392242,7518075,24050.0,23666.0,3.2,3.6,3.2,3.4,932250,1738815180
2025-02-06 09:44:00,CE,ATM+8,35.283572,7518075,24050.0,23660.2,3.45,3.5,3.05,3.1,774975,1738815240
2025-02-06 09:45:00,CE,ATM+8,34.801323,7532850,24050.0,23672.55,3.1,3.35,3.0,3.3,924000,1738815300
2025-02-06 09:46:00,CE,ATM+8,35.370424,7532850,24050.0,23665.75,3.3,3.45,3.25,3.3,575475,1738815360
2025-02-06 09:47:00,CE,ATM+8,35.999632,7532850,24050.0,23663.3,3.25,3.65,3.25,3.5,524325,1738815420
2025-02-06 09:48:00,CE,ATM+8,35.787155,7586100,24050.0,23666.75,3.45,3.55,3.35,3.5,452400,1738815480
2025-02-06 09:49:00,CE,ATM+8,36.04956,7586100,24050.0,23661.5,3.5,3.65,3.35,3.4,366450,1738815540
2025-02-06 09:50:00,CE,ATM+8,36.154868,7586100,24050.0,23656.9,3.3,3.5,3.25,3.25,403800,1738815600
2025-02-06 09:51:00,CE,ATM+8,36.887158,7602600,24050.0,23643.85,3.05,3.25,2.95,3.1,827850,1738815660
2025-02-06 09:52:00,CE,ATM+8,36.498583,7602600,24050.0,23643.95,3.1,3.1,2.85,2.9,908850,1738815720
2025-02-06 09:53:00,CE,ATM+8,35.878675,7602600,24050.0,23649.95,2.95,2.95,2.7,2.8,840225,1738815780
2025-02-06 09:54:00,CE,ATM+8,35.603389,7737900,24050.0,23651.3,2.8,2.8,2.6,2.7,955050,1738815840
2025-02-06 09:55:00,CE,ATM+8,36.025521,7737900,24050.0,23639.95,2.75,2.75,2.5,2.5,1200675,1738815900
2025-02-06 09:56:00,CE,ATM+8,36.11476,7737900,24050.0,23637.8,2.55,2.55,2.4,2.45,1096275,1738815960
2025-02-06 09:57:00,CE,ATM+8,36.562381,7781700,24050.0,23629.0,2.45,2.5,2.25,2.35,1000125,1738816020
2025-02-06 09:58:00,CE,ATM+8,36.300276,7781700,24050.0,23638.45,2.4,2.55,2.4,2.5,1145625,1738816080
2025-02-06 09:59:00,CE,ATM+8,35.689465,7781700,24050.0,23640.6,2.5,2.5,2.2,2.3,1254900,1738816140
2025-02-06 10:00:00,CE,ATM+8,35.417034,7741050,24050.0,23637.75,2.25,2.25,2.0,2.1,1414500,1738816200
2025-02-06 10:01:00,CE,ATM+8,35.8066,7741050,24050.0,23633.15,2.1,2.15,1.95,2.1,1641150,1738816260
2025-02-06 10:02:00,CE,ATM+8,35.922854,7741050,24050.0,23628.4,2.05,2.1,2.0,2.0,636750,1738816320
2025-02-06 10:03:00,CE,ATM+8,35.569128,8037075,24050.0,23637.9,2.0,2.15,2.0,2.1,504900,1738816380
2025-02-06 10:04:00,CE,ATM+8,34.651066,8037075,24050.0,23651.15,2.15,2.25,2.1,2.1,495750,1738816440
2025-02-06 10:05:00,CE,ATM+8,34.888095,8037075,24050.0,23652.3,2.1,2.35,2.1,2.2,697800,1738816500
2025-02-06 10:06:00,CE,ATM+8,35.11387,8028675,24050.0,23653.5,2.2,2.45,2.2,2.3,430425,1738816560
2025-02-06 10:07:00,CE,ATM+8,35.584977,8028675,24050.0,23649.65,2.35,2.4,2.25,2.35,479850,1738816620
2025-02-06 10:08:00,CE,ATM+8,36.013768,8028675,24050.0,23639.35,2.3,2.35,2.1,2.2,552225,1738816680
2025-02-06 10:09:00,CE,ATM+8,36.634445,8208675,24050.0,23631.75,2.15,2.3,2.1,2.2,603150,1738816740
2025-02-06 10:10:00,CE,ATM+8,35.84367,8208675,24050.0,23639.45,2.15,2.25,2.1,2.1,284100,1738816800
2025-02-06 10:11:00,CE,ATM+8,35.819092,8208675,24050.0,23634.7,2.1,2.15,1.95,1.95,436725,1738816860
2025-02-06 10:12:00,CE,ATM+8,34.907668,20655600,24000.0,23624.25,2.85,2.9,2.6,2.7,1607925,1738816920
2025-02-06 10:13:00,CE,ATM+8,36.566546,8175825,24050.0,23628.1,1.9,2.0,1.9,2.0,614325,1738816980
2025-02-06 10:14:00,CE,ATM+8,36.49805,8175825,24050.0,23627.8,2.0,2.0,1.9,1.95,316425,1738817040
2025-02-06 10:15:00,CE,ATM+8,36.822353,7626300,24050.0,23628.2,2.0,2.1,2.0,2.05,599700,1738817100
2025-02-06 10:16:00,CE,ATM+8,36.728924,7626300,24050.0,23630.25,2.05,2.1,2.0,2.05,354150,1738817160
2025-02-06 10:17:00,CE,ATM+8,36.388641,7626300,24050.0,23631.65,2.05,2.05,1.95,1.95,400725,1738817220
2025-02-06 10:18:00,CE,ATM+8,36.731515,7555425,24050.0,23631.8,2.0,2.15,2.0,2.05,423225,1738817280
2025-02-06 10:19:00,CE,ATM+8,36.596522,7555425,24050.0,23634.4,2.05,2.1,2.0,2.05,185700,1738817340
2025-02-06 10:20:00,CE,ATM+8,36.070682,7555425,24050.0,23644.1,2.1,2.15,2.05,2.1,391800,1738817400
2025-02-06 10:21:00,CE,ATM+8,36.28069,7630125,24050.0,23638.25,2.1,2.15,1.95,2.0,319350,1738817460
2025-02-06 10:22:00,CE,ATM+8,36.449307,7630125,24050.0,23634.8,2.0,2.1,1.9,1.95,452475,1738817520
2025-02-06 10:23:00,CE,ATM+8,36.448159,7630125,24050.0,23637.6,2.0,2.05,1.95,2.0,273600,1738817580
2025-02-06 10:24:00,CE,ATM+8,36.030309,7772775,24050.0,23647.75,2.0,2.1,2.0,2.1,736125,1738817640
2025-02-06 10:25:00,CE,ATM+8,36.336726,7772775,24050.0,23646.35,2.15,2.25,2.05,2.15,575925,1738817700
2025-02-06 10:26:00,CE,ATM+8,36.290063,7772775,24050.0,23645.9,2.15,2.15,2.0,2.1,613125,1738817760
2025-02-06 10:27:00,CE,ATM+8,36.666108,7873425,24050.0,23639.85,2.05,2.15,2.0,2.05,305325,1738817820
2025-02-06 10:28:00,CE,ATM+8,37.205371,7873425,24050.0,23633.55,2.05,2.15,2.0,2.05,516975,1738817880
2025-02-06 10:29:00,CE,ATM+8,37.316848,7873425,24050.0,23632.9,2.05,2.2,2.05,2.05,472725,1738817940
2025-02-06 10:30:00,CE,ATM+8,37.056596,7910400,24050.0,23639.05,2.05,2.15,1.95,2.1,476250,1738818000
2025-02-06 10:31:00,CE,ATM+8,36.866905,7910400,24050.0,23644.2,2.15,2.2,2.1,2.15,456825,1738818060
2025-02-06 10:32:00,CE,ATM+8,37.025051,7910400,24050.0,23635.25,2.15,2.15,1.95,1.95,182625,1738818120
2025-02-06 10:33:00,CE,ATM+8,36.986206,7951200,24050.0,23630.35,1.95,2.05,1.8,1.8,577200,1738818180
2025-02-06 10:34:00,CE,ATM+8,36.788789,7951200,24050.0,23633.8,1.85,1.9,1.8,1.8,376350,1738818240
2025-02-06 10:35:00,CE,ATM+8,36.939735,7951200,24050.0,23634.75,1.85,1.85,1.8,1.85,287850,1738818300
2025-02-06 10:36:00,CE,ATM+8,36.30548,7858950,24050.0,23639.7,1.85,1.85,1.75,1.75,346500,1738818360
2025-02-06 10:37:00,CE,ATM+8,36.07241,7858950,24050.0,23643.6,1.75,1.8,1.7,1.75,237675,1738818420
2025-02-06 10:38:00,CE,ATM+8,36.129904,7858950,24050.0,23647.85,1.8,1.9,1.75,1.85,328050,1738818480
2025-02-06 10:39:00,CE,ATM+8,36.069687,7893450,24050.0,23649.45,1.9,1.9,1.85,1.85,208200,1738818540
2025-02-06 10:40:00,CE,ATM+8,36.204324,7893450,24050.0,23652.5,1.85,2.0,1.85,1.95,541350,1738818600
2025-02-06 10:41:00,CE,ATM+8,36.387267,7893450,24050.0,23650.95,1.95,2.05,1.85,1.95,618375,1738818660
2025-02-06 10:42:00,CE,ATM+8,36.695752,7916100,24050.0,23645.8,1.95,2.0,1.85,1.9,435525,1738818720
2025-02-06 10:43:00,CE,ATM+8,36.566564,7916100,24050.0,23648.3,1.9,1.95,1.85,1.9,246825,1738818780
2025-02-06 10:44:00,CE,ATM+8,36.329502,7916100,24050.0,23646.0,1.95,1.95,1.75,1.75,312375,1738818840
2025-02-06 10:45:00,CE,ATM+8,36.232083,7914900,24050.0,23648.1,1.8,1.85,1.75,1.75,119325,1738818900
2025-02-06 10:46:00,CE,ATM+8,36.73109,7914900,24050.0,23642.45,1.75,1.85,1.7,1.75,498150,1738818960
2025-02-06 10:47:00,CE,ATM+8,36.863779,7914900,24050.0,23637.15,1.7,1.7,1.6,1.65,639075,1738819020
2025-02-06 10:48:00,CE,ATM+8,37.074871,7788225,24050.0,23635.25,1.65,1.7,1.6,1.65,886650,1738819080
2025-02-06 10:49:00,CE,ATM+8,37.209117,7788225,24050.0,23632.05,1.65,1.7,1.6,1.6,311850,1738819140
2025-02-06 10:50:00,CE,ATM+8,36.871975,7788225,24050.0,23641.85,1.6,1.7,1.6,1.7,205125,1738819200
2025-02-06 10:51:00,CE,ATM+8,36.438774,7831725,24050.0,23646.1,1.7,1.7,1.55,1.65,318975,1738819260
2025-02-06 10:52:00,CE,ATM+8,36.501341,7831725,24050.0,23641.55,1.6,1.65,1.55,1.55,169950,1738819320
2025-02-06 10:53:00,CE,ATM+8,36.437182,7831725,24050.0,23638.4,1.6,1.6,1.45,1.45,431775,1738819380
2025-02-06 10:54:00,CE,ATM+8,36.682653,7816425,24050.0,23636.05,1.45,1.5,1.4,1.45,400950,1738819440
2025-02-06 10:55:00,CE,ATM+8,36.342711,7816425,24050.0,23636.25,1.45,1.45,1.35,1.35,314400,1738819500
2025-02-06 10:56:00,CE,ATM+8,36.120724,7816425,24050.0,23640.05,1.35,1.4,1.35,1.35,166575,1738819560
2025-02-06 10:57:00,CE,ATM+8,36.145304,7763100,24050.0,23640.6,1.35,1.4,1.35,1.35,140025,1738819620
2025-02-06 10:58:00,CE,ATM+8,36.130342,7763100,24050.0,23644.25,1.35,1.4,1.35,1.4,273000,1738819680
2025-02-06 10:59:00,CE,ATM+8,36.191266,7763100,24050.0,23641.75,1.4,1.4,1.35,1.35,98325,1738819740
2025-02-06 11:00:00,CE,ATM+8,36.283819,7658625,24050.0,23644.0,1.35,1.4,1.3,1.4,381525,1738819800
2025-02-06 11:01:00,CE,ATM+8,37.019607,7658625,24050.0,23632.7,1.4,1.45,1.35,1.35,284325,1738819860
2025-02-06 11:02:00,CE,ATM+8,37.157019,7658625,24050.0,23629.1,1.35,1.4,1.3,1.3,422175,1738819920
2025-02-06 11:03:00,CE,ATM+8,37.366018,7655550,24050.0,23630.0,1.35,1.4,1.3,1.35,196200,1738819980
2025-02-06 11:04:00,CE,ATM+8,37.367304,7655550,24050.0,23630.9,1.35,1.4,1.3,1.35,155175,1738820040
2025-02-06 11:05:00,CE,ATM+8,36.247107,20903475,24000.0,23615.75,1.7,1.9,1.7,1.75,1650750,1738820100
2025-02-06 11:06:00,CE,ATM+8,35.689356,21002100,24000.0,23617.2,1.75,1.75,1.6,1.6,1674150,1738820160
2025-02-06 11:07:00,CE,ATM+8,35.979079,21002100,24000.0,23616.6,1.65,1.75,1.65,1.65,1383000,1738820220
2025-02-06 11:08:00,CE,ATM+8,35.79533,21002100,24000.0,23619.75,1.65,1.7,1.65,1.65,783675,1738820280
2025-02-06 11:09:00,CE,ATM+8,36.045065,21132000,24000.0,23617.5,1.6,1.65,1.6,1.65,878775,1738820340
2025-02-06 11:10:00,CE,ATM+8,35.867991,21132000,24000.0,23618.4,1.6,1.7,1.6,1.6,865500,1738820400
2025-02-06 11:11:00,CE,ATM+8,36.021932,21132000,24000.0,23617.35,1.6,1.7,1.6,1.6,464325,1738820460
2025-02-06 11:12:00,CE,ATM+8,36.578577,20788650,24000.0,23609.05,1.6,1.65,1.55,1.55,584025,1738820520
2025-02-06 11:13:00,CE,ATM+8,36.497219,20788650,24000.0,23613.2,1.6,1.6,1.55,1.6,472125,1738820580
2025-02-06 11:14:00,CE,ATM+8,36.314298,20788650,24000.0,23616.35,1.55,1.6,1.55,1.6,434850,1738820640
2025-02-06 11:15:00,CE,ATM+8,36.455744,20808600,24000.0,23610.95,1.6,1.6,1.5,1.5,570075,1738820700
2025-02-06 11:16:00,CE,ATM+8,36.410143,20808600,24000.0,23610.05,1.5,1.5,1.45,1.45,529650,1738820760
2025-02-06 11:17:00,CE,ATM+8,36.229512,20808600,24000.0,23613.2,1.45,1.5,1.45,1.45,496350,1738820820
2025-02-06 11:18:00,CE,ATM+8,36.800198,19886100,24000.0,23607.0,1.5,1.5,1.4,1.45,535275,1738820880
2025-02-06 11:19:00,CE,ATM+8,37.234167,19886100,24000.0,23600.05,1.45,1.5,1.4,1.4,930900,1738820940
2025-02-06 11:20:00,CE,ATM+8,37.572599,19886100,24000.0,23604.0,1.45,1.6,1.4,1.55,802050,1738821000
2025-02-06 11:21:00,CE,ATM+8,37.223318,19523625,24000.0,23606.9,1.6,1.6,1.5,1.5,426075,1738821060
2025-02-06 11:22:00,CE,ATM+8,37.157966,19523625,24000.0,23606.25,1.55,1.55,1.45,1.45,449325,1738821120
2025-02-06 11:23:00,CE,ATM+8,37.525438,19523625,24000.0,23602.65,1.45,1.5,1.45,1.45,344625,1738821180
2025-02-06 11:24:00,CE,ATM+8,37.333824,19363425,24000.0,23605.95,1.4,1.5,1.4,1.45,323550,1738821240
2025-02-06 11:25:00,CE,ATM+8,37.092444,19363425,24000.0,23609.85,1.45,1.5,1.45,1.45,506700,1738821300
2025-02-06 11:26:00,CE,ATM+8,37.638227,19363425,24000.0,23604.1,1.45,1.5,1.4,1.45,642450,1738821360
2025-02-06 11:27:00,CE,ATM+8,37.230252,19476525,24000.0,23607.6,1.5,1.5,1.4,1.4,1000125,1738821420
2025-02-06 11:28:00,CE,ATM+8,37.433487,19476525,24000.0,23608.5,1.4,1.45,1.4,1.45,359025,1738821480
2025-02-06 11:29:00,CE,ATM+8,37.725055,19476525,24000.0,23605.9,1.45,1.45,1.4,1.45,460575,1738821540
2025-02-06 11:30:00,CE,ATM+8,38.030198,19435350,24000.0,23603.15,1.5,1.5,1.4,1.45,602325,1738821600
2025-02-06 11:31:00,CE,ATM+8,37.780195,19435350,24000.0,23607.15,1.45,1.5,1.4,1.45,893025,1738821660
2025-02-06 11:32:00,CE,ATM+8,38.099526,19435350,24000.0,23604.25,1.5,1.5,1.4,1.45,264675,1738821720
2025-02-06 11:33:00,CE,ATM+8,38.055981,19400475,24000.0,23605.75,1.45,1.5,1.45,1.45,342225,1738821780
2025-02-06 11:34:00,CE,ATM+8,37.954251,19400475,24000.0,23607.95,1.5,1.5,1.45,1.45,117450,1738821840
2025-02-06 11:35:00,CE,ATM+8,37.882493,19400475,24000.0,23612.15,1.45,1.55,1.45,1.5,225000,1738821900
2025-02-06 11:36:00,CE,ATM+8,38.198984,19293075,24000.0,23611.65,1.5,1.6,1.45,1.55,556350,1738821960
2025-02-06 11:37:00,CE,ATM+8,38.095727,19293075,24000.0,23613.85,1.6,1.6,1.5,1.55,424725,1738822020
2025-02-06 11:38:00,CE,ATM+8,38.241513,19293075,24000.0,23613.1,1.6,1.6,1.45,1.55,459825,1738822080
2025-02-06 11:39:00,CE,ATM+8,38.242959,19332150,24000.0,23609.4,1.55,1.55,1.45,1.45,194325,1738822140
2025-02-06 11:40:00,CE,ATM+8,38.496764,19332150,24000.0,23609.75,1.45,1.55,1.45,1.5,172575,1738822200
2025-02-06 11:41:00,CE,ATM+8,38.595829,19332150,24000.0,23607.2,1.55,1.55,1.45,1.45,304050,1738822260
2025-02-06 11:42:00,CE,ATM+8,38.950148,19370475,24000.0,23606.4,1.5,1.55,1.45,1.5,257775,1738822320
2025-02-06 11:43:00,CE,ATM+8,38.596885,19370475,24000.0,23609.2,1.5,1.5,1.45,1.45,110775,1738822380
2025-02-06 11:44:00,CE,ATM+8,38.795209,19370475,24000.0,23612.55,1.5,1.55,1.45,1.55,463650,1738822440
2025-02-06 11:45:00,CE,ATM+8,38.794605,19370475,24000.0,23615.8,1.55,1.65,1.5,1.6,664875,1738822500
2025-02-06 11:46:00,CE,ATM+8,38.613569,19284225,24000.0,23618.9,1.55,1.65,1.55,1.6,337050,1738822560
2025-02-06 11:47:00,CE,ATM+8,38.830394,19284225,24000.0,23617.4,1.6,1.65,1.55,1.6,752325,1738822620
2025-02-06 11:48:00,CE,ATM+8,38.575122,19284225,24000.0,23623.5,1.65,1.7,1.6,1.65,468075,1738822680
2025-02-06 11:49:00,CE,ATM+8,38.965048,19402725,24000.0,23615.65,1.65,1.65,1.5,1.55,507825,1738822740
2025-02-06 11:50:00,CE,ATM+8,38.923599,19402725,24000.0,23617.15,1.55,1.6,1.5,1.55,517050,1738822800
2025-02-06 11:51:00,CE,ATM+8,38.979414,19402725,24000.0,23612.9,1.55,1.6,1.45,1.45,561675,1738822860
2025-02-06 11:52:00,CE,ATM+8,39.319883,19511175,24000.0,23610.0,1.5,1.5,1.4,1.45,237825,1738822920
2025-02-06 11:53:00,CE,ATM+8,39.403259,19511175,24000.0,23607.65,1.45,1.45,1.35,1.4,763425,1738822980
2025-02-06 11:54:00,CE,ATM+8,39.710641,19511175,24000.0,23607.6,1.45,1.5,1.4,1.45,657450,1738823040
2025-02-06 11:55:00,CE,ATM+8,39.51659,19557225,24000.0,23605.95,1.4,1.45,1.35,1.35,278925,1738823100
2025-02-06 11:56:00,CE,ATM+8,39.688339,19557225,24000.0,23607.55,1.35,1.4,1.3,1.4,513450,1738823160
2025-02-06 11:57:00,CE,ATM+8,39.530381,19557225,24000.0,23605.35,1.35,1.4,1.3,1.3,314925,1738823220
2025-02-06 11:58:00,CE,ATM+8,39.411971,19444125,24000.0,23607.8,1.3,1.4,1.3,1.3,636750,1738823280
2025-02-06 11:59:00,CE,ATM+8,39.677589,19444125,24000.0,23608.4,1.35,1.4,1.3,1.35,504375,1738823340
2025-02-06 12:00:00,CE,ATM+8,39.252394,19444125,24000.0,23614.35,1.35,1.35,1.3,1.35,294375,1738823400
2025-02-06 12:01:00,CE,ATM+8,39.241568,19437975,24000.0,23613.0,1.3,1.35,1.3,1.3,319425,1738823460
2025-02-06 12:02:00,CE,ATM+8,39.318684,19437975,24000.0,23613.2,1.3,1.35,1.3,1.3,371325,1738823520
2025-02-06 12:03:00,CE,ATM+8,39.615537,19437975,24000.0,23610.9,1.3,1.35,1.25,1.3,392325,1738823580
2025-02-06 12:04:00,CE,ATM+8,40.003879,19346475,24000.0,23610.15,1.25,1.35,1.25,1.35,317400,1738823640
2025-02-06 12:05:00,CE,ATM+8,39.856559,19346475,24000.0,23615.4,1.3,1.45,1.3,1.4,1254900,1738823700
2025-02-06 12:06:00,CE,ATM+8,40.172805,19346475,24000.0,23612.95,1.35,1.45,1.35,1.4,403050,1738823760
2025-02-06 12:07:00,CE,ATM+8,40.501803,19147200,24000.0,23612.8,1.45,1.45,1.35,1.45,276075,1738823820
2025-02-06 12:08:00,CE,ATM+8,40.03869,19147200,24000.0,23614.2,1.4,1.45,1.35,1.35,306375,1738823880
2025-02-06 12:09:00,CE,ATM+8,40.134097,19147200,24000.0,23614.25,1.35,1.4,1.25,1.35,477000,1738823940
2025-02-06 12:10:00,CE,ATM+8,39.748034,19271250,24000.0,23617.15,1.35,1.35,1.3,1.3,481500,1738824000
2025-02-06 12:11:00,CE,ATM+8,40.192317,19271250,24000.0,23615.85,1.35,1.35,1.3,1.35,299100,1738824060
2025-02-06 12:12:00,CE,ATM+8,39.947056,19271250,24000.0,23619.7,1.3,1.4,1.3,1.35,513825,1738824120
2025-02-06 12:13:00,CE,ATM+8,40.084884,19196250,24000.0,23619.3,1.35,1.4,1.3,1.35,309825,1738824180
2025-02-06 12:14:00,CE,ATM+8,39.94569,19196250,24000.0,23619.45,1.3,1.35,1.3,1.3,143325,1738824240
2025-02-06 12:15:00,CE,ATM+8,39.740637,19196250,24000.0,23622.85,1.3,1.35,1.3,1.3,755025,1738824300
2025-02-06 12:16:00,CE,ATM+8,40.130572,18935700,24000.0,23622.2,1.3,1.4,1.3,1.35,316500,1738824360
2025-02-06 12:17:00,CE,ATM+8,40.636751,18935700,24000.0,23617.8,1.4,1.4,1.3,1.35,262650,1738824420
2025-02-06 12:18:00,CE,ATM+8,40.564999,18935700,24000.0,23614.6,1.35,1.35,1.25,1.25,233700,1738824480
2025-02-06 12:19:00,CE,ATM+8,40.534916,18883275,24000.0,23613.4,1.3,1.3,1.2,1.2,403275,1738824540
2025-02-06 12:20:00,CE,ATM+8,40.569074,18883275,24000.0,23616.9,1.3,1.3,1.15,1.25,641475,1738824600
2025-02-06 12:21:00,CE,ATM+8,40.514069,18883275,24000.0,23613.2,1.2,1.25,1.15,1.15,441675,1738824660
2025-02-06 12:22:00,CE,ATM+8,40.306252,18813075,24000.0,23619.45,1.2,1.25,1.15,1.2,417225,1738824720
2025-02-06 12:23:00,CE,ATM+8,40.531168,18813075,24000.0,23620.85,1.15,1.25,1.15,1.25,844200,1738824780
2025-02-06 12:24:00,CE,ATM+8,43.343213,8536050,24050.0,23625.1,1.0,1.0,0.95,1.0,188400,1738824840
2025-02-06 12:25:00,CE,ATM+8,40.246169,18581175,24000.0,23623.65,1.3,1.3,1.2,1.2,282225,1738824900
2025-02-06 12:26:00,CE,ATM+8,40.762121,18581175,24000.0,23619.25,1.25,1.25,1.15,1.2,1012200,1738824960
2025-02-06 12:27:00,CE,ATM+8,40.758054,18581175,24000.0,23620.5,1.15,1.25,1.15,1.2,321900,1738825020
2025-02-06 12:28:00,CE,ATM+8,41.167225,18746775,24000.0,23617.3,1.2,1.25,1.2,1.2,442125,1738825080
2025-02-06 12:29:00,CE,ATM+8,41.342927,18746775,24000.0,23613.85,1.2,1.25,1.15,1.15,673725,1738825140
2025-02-06 12:30:00,CE,ATM+8,41.949265,18746775,24000.0,23608.55,1.2,1.2,1.15,1.15,382275,1738825200
2025-02-06 12:31:00,CE,ATM+8,42.272034,18615750,24000.0,23603.4,1.2,1.2,1.05,1.1,1257450,1738825260
2025-02-06 12:32:00,CE,ATM+8,41.635277,18615750,24000.0,23605.4,1.05,1.1,1.0,1.0,1006275,1738825320
2025-02-06 12:33:00,CE,ATM+8,41.638228,18615750,24000.0,23606.65,1.05,1.05,0.95,1.0,1016925,1738825380
2025-02-06 12:34:00,CE,ATM+8,41.602918,18473775,24000.0,23605.05,1.0,1.0,0.9,0.95,702900,1738825440
2025-02-06 12:35:00,CE,ATM+8,42.034588,18473775,24000.0,23598.2,0.9,0.95,0.9,0.9,1498575,1738825500
2025-02-06 12:36:00,CE,ATM+8,41.489497,18473775,24000.0,23601.9,0.95,0.95,0.85,0.85,683925,1738825560
2025-02-06 12:37:00,CE,ATM+8,42.084927,18273150,24000.0,23600.3,0.85,0.9,0.8,0.9,761850,1738825620
2025-02-06 12:38:00,CE,ATM+8,41.378217,18273150,24000.0,23605.75,0.85,0.9,0.8,0.85,1040850,1738825680
2025-02-06 12:39:00,CE,ATM+8,41.485309,18273150,24000.0,23609.45,0.9,0.9,0.85,0.9,298950,1738825740
2025-02-06 12:40:00,CE,ATM+8,41.895168,17884200,24000.0,23606.35,0.85,0.9,0.85,0.9,1175850,1738825800
2025-02-06 12:41:00,CE,ATM+8,41.470178,17884200,24000.0,23612.25,0.9,0.95,0.9,0.9,275475,1738825860
2025-02-06 12:42:00,CE,ATM+8,41.617191,17884200,24000.0,23612.0,0.9,0.95,0.9,0.9,189675,1738825920
2025-02-06 12:43:00,CE,ATM+8,42.373971,17604600,24000.0,23605.25,0.9,0.95,0.85,0.9,225225,1738825980
2025-02-06 12:44:00,CE,ATM+8,42.337596,17604600,24000.0,23607.0,0.85,0.9,0.85,0.9,124650,1738826040
2025-02-06 12:45:00,CE,ATM+8,42.616735,17604600,24000.0,23605.4,0.9,0.9,0.85,0.9,391425,1738826100
2025-02-06 12:46:00,CE,ATM+8,42.846002,17495700,24000.0,23604.35,0.9,0.95,0.85,0.9,303750,1738826160
2025-02-06 12:47:00,CE,ATM+8,42.984064,17495700,24000.0,23600.7,0.85,0.9,0.85,0.85,579150,1738826220
2025-02-06 12:48:00,CE,ATM+8,43.469616,17495700,24000.0,23604.0,0.85,1.0,0.85,0.95,1051575,1738826280
2025-02-06 12:49:00,CE,ATM+8,43.654031,17190450,24000.0,23600.05,0.95,1.0,0.9,0.9,802275,1738826340
2025-02-06 12:50:00,CE,ATM+8,44.000629,17190450,24000.0,23597.85,0.95,0.95,0.9,0.9,102825,1738826400
2025-02-06 12:51:00,CE,ATM+8,44.583205,17190450,24000.0,23589.55,0.9,0.95,0.85,0.85,309900,1738826460
2025-02-06 12:52:00,CE,ATM+8,44.762598,17097975,24000.0,23589.15,0.9,0.95,0.85,0.85,1154625,1738826520
2025-02-06 12:53:00,CE,ATM+8,44.534258,17097975,24000.0,23589.2,0.9,0.9,0.8,0.8,701550,1738826580
2025-02-06 12:54:00,CE,ATM+8,44.37903,17097975,24000.0,23588.3,0.85,0.85,0.75,0.75,845400,1738826640
2025-02-06 12:55:00,CE,ATM+8,45.161433,17162100,24000.0,23589.5,0.8,0.85,0.75,0.85,1058325,1738826700
2025-02-06 12:56:00,CE,ATM+8,44.530806,17162100,24000.0,23593.75,0.8,0.85,0.8,0.8,682050,1738826760
2025-02-06 12:57:00,CE,ATM+8,45.683898,17162100,24000.0,23587.15,0.85,0.85,0.8,0.85,1040325,1738826820
2025-02-06 12:58:00,CE,ATM+8,45.894637,17153625,24000.0,23582.65,0.8,0.85,0.8,0.8,759375,1738826880
2025-02-06 12:59:00,CE,ATM+8,46.516791,17153625,24000.0,23581.7,0.85,0.9,0.8,0.85,1486350,1738826940
2025-02-06 13:00:00,CE,ATM+8,46.427941,17153625,24000.0,23584.2,0.9,0.9,0.8,0.85,450150,1738827000
2025-02-06 13:01:00,CE,ATM+8,46.224234,17687175,24000.0,23584.0,0.85,0.85,0.8,0.8,297075,1738827060
2025-02-06 13:02:00,CE,ATM+8,46.245528,17687175,24000.0,23581.3,0.8,0.85,0.75,0.75,407475,1738827120
2025-02-06 13:03:00,CE,ATM+8,46.359199,17687175,24000.0,23581.75,0.75,0.8,0.7,0.75,568500,1738827180
2025-02-06 13:04:00,CE,ATM+8,46.127502,17672550,24000.0,23581.45,0.75,0.75,0.7,0.7,273900,1738827240
2025-02-06 13:05:00,CE,ATM+8,45.75624,17672550,24000.0,23586.9,0.75,0.75,0.65,0.7,1297200,1738827300
2025-02-06 13:06:00,CE,ATM+8,46.629481,17672550,24000.0,23583.9,0.75,0.75,0.7,0.75,335475,1738827360
2025-02-06 13:07:00,CE,ATM+8,46.392728,17617650,24000.0,23587.95,0.75,0.75,0.7,0.75,347475,1738827420
2025-02-06 13:08:00,CE,ATM+8,46.908059,17617650,24000.0,23584.4,0.7,0.75,0.7,0.75,174825,1738827480
2025-02-06 13:09:00,CE,ATM+8,47.099403,17617650,24000.0,23584.15,0.65,0.75,0.65,0.75,1093875,1738827540
2025-02-06 13:10:00,CE,ATM+8,47.113094,17274000,24000.0,23585.7,0.7,0.75,0.7,0.75,402675,1738827600
2025-02-06 13:11:00,CE,ATM+8,47.138677,17274000,24000.0,23582.85,0.75,0.75,0.7,0.7,124050,1738827660
2025-02-06 13:12:00,CE,ATM+8,47.135011,17274000,24000.0,23584.6,0.7,0.75,0.65,0.7,469050,1738827720
2025-02-06 13:13:00,CE,ATM+8,46.909032,17167350,24000.0,23584.05,0.65,0.7,0.65,0.65,540075,1738827780
2025-02-06 13:14:00,CE,ATM+8,47.320371,17167350,24000.0,23586.2,0.7,0.7,0.65,0.7,433425,1738827840
2025-02-06 13:15:00,CE,ATM+8,47.86903,17167350,24000.0,23582.5,0.65,0.7,0.65,0.7,300225,1738827900
2025-02-06 13:16:00,CE,ATM+8,47.32202,17005950,24000.0,23585.15,0.65,0.75,0.65,0.65,692925,1738827960
2025-02-06 13:17:00,CE,ATM+8,47.77741,17005950,24000.0,23582.4,0.7,0.75,0.65,0.65,526575,1738828020
2025-02-06 13:18:00,CE,ATM+8,48.533719,17005950,24000.0,23585.6,0.7,0.75,0.65,0.75,440325,1738828080
2025-02-06 13:19:00,CE,ATM+8,48.543652,17448375,24000.0,23587.3,0.7,0.75,0.7,0.75,113175,1738828140
2025-02-06 13:20:00,CE,ATM+8,48.248533,17448375,24000.0,23587.7,0.7,0.75,0.7,0.7,424275,1738828200
2025-02-06 13:21:00,CE,ATM+8,48.445971,17448375,24000.0,23587.6,0.75,0.75,0.65,0.7,225675,1738828260
2025-02-06 13:22:00,CE,ATM+8,48.823425,17389875,24000.0,23590.05,0.65,0.75,0.65,0.75,608325,1738828320
2025-02-06 13:23:00,CE,ATM+8,48.480572,17389875,24000.0,23595.15,0.7,0.8,0.7,0.75,572850,1738828380
2025-02-06 13:24:00,CE,ATM+8,49.382889,17389875,24000.0,23596.25,0.75,0.85,0.75,0.85,254100,1738828440
2025-02-06 13:25:00,CE,ATM+8,49.105956,17412825,24000.0,23592.9,0.8,0.8,0.7,0.75,339975,1738828500
2025-02-06 13:26:00,CE,ATM+8,49.107529,17412825,24000.0,23594.75,0.75,0.8,0.75,0.75,171900,1738828560
2025-02-06 13:27:00,CE,ATM+8,49.181585,17412825,24000.0,23599.9,0.8,0.85,0.75,0.8,928425,1738828620
2025-02-06 13:28:00,CE,ATM+8,49.856616,17576700,24000.0,23599.3,0.8,0.95,0.75,0.85,1738950,1738828680
2025-02-06 13:29:00,CE,ATM+8,50.150664,17576700,24000.0,23594.7,0.85,0.9,0.8,0.8,477075,1738828740
2025-02-06 13:30:00,CE,ATM+8,50.266617,17576700,24000.0,23591.55,0.8,0.85,0.75,0.75,492900,1738828800
2025-02-06 13:31:00,CE,ATM+8,50.434515,17450325,24000.0,23591.95,0.8,0.8,0.75,0.75,316350,1738828860
2025-02-06 13:32:00,CE,ATM+8,50.533962,17450325,24000.0,23593.0,0.75,0.8,0.7,0.75,803175,1738828920
2025-02-06 13:33:00,CE,ATM+8,51.017738,17450325,24000.0,23590.55,0.7,0.75,0.7,0.75,404400,1738828980
2025-02-06 13:34:00,CE,ATM+8,50.14658,17477625,24000.0,23596.3,0.7,0.75,0.7,0.7,114300,1738829040
2025-02-06 13:35:00,CE,ATM+8,51.212383,17477625,24000.0,23592.8,0.75,0.75,0.7,0.75,252750,1738829100
2025-02-06 13:36:00,CE,ATM+8,52.029232,17477625,24000.0,23587.45,0.7,0.75,0.65,0.75,1779300,1738829160
2025-02-06 13:37:00,CE,ATM+8,51.466655,17406900,24000.0,23590.35,0.75,0.75,0.65,0.7,1403625,1738829220
2025-02-06 13:38:00,CE,ATM+8,51.667849,17406900,24000.0,23586.1,0.7,0.7,0.6,0.65,1122750,1738829280
2025-02-06 13:39:00,CE,ATM+8,51.480672,17406900,24000.0,23589.9,0.65,0.7,0.6,0.65,705150,1738829340
2025-02-06 13:40:00,CE,ATM+8,51.137011,17832075,24000.0,23590.35,0.65,0.7,0.6,0.6,376800,1738829400
2025-02-06 13:41:00,CE,ATM+8,52.124697,17832075,24000.0,23588.35,0.6,0.65,0.6,0.65,135525,1738829460
2025-02-06 13:42:00,CE,ATM+8,52.237082,17832075,24000.0,23584.7,0.65,0.65,0.55,0.6,549675,1738829520
2025-02-06 13:43:00,CE,ATM+8,52.458801,17800425,24000.0,23584.9,0.55,0.65,0.55,0.6,713775,1738829580
2025-02-06 13:44:00,CE,ATM+8,52.274449,17800425,24000.0,23588.75,0.55,0.6,0.55,0.6,137175,1738829640
2025-02-06 13:45:00,CE,ATM+8,52.135226,17800425,24000.0,23581.55,0.55,0.6,0.5,0.5,1451250,1738829700
2025-02-06 13:46:00,CE,ATM+8,53.729954,17653200,24000.0,23575.1,0.55,0.6,0.5,0.55,1238775,1738829760
2025-02-06 13:47:00,CE,ATM+8,53.242359,17653200,24000.0,23576.15,0.55,0.6,0.5,0.5,375675,1738829820
2025-02-06 13:48:00,CE,ATM+8,53.469633,17653200,24000.0,23576.45,0.5,0.55,0.45,0.5,605625,1738829880
2025-02-06 13:49:00,CE,ATM+8,48.570908,6153675,23950.0,23573.0,0.6,0.6,0.5,0.5,254175,1738829940
2025-02-06 13:50:00,CE,ATM+8,48.985339,6153675,23950.0,23571.5,0.5,0.6,0.5,0.5,935475,1738830000
2025-02-06 13:51:00,CE,ATM+8,49.669468,6153675,23950.0,23567.7,0.55,0.55,0.5,0.5,123300,1738830060
2025-02-06 13:52:00,CE,ATM+8,50.228729,5966175,23950.0,23565.05,0.5,0.55,0.5,0.5,725175,1738830120
2025-02-06 13:53:00,CE,ATM+8,51.083878,5966175,23950.0,23565.15,0.55,0.6,0.5,0.55,1202775,1738830180
2025-02-06 13:54:00,CE,ATM+8,50.990555,5966175,23950.0,23568.2,0.6,0.6,0.55,0.55,1179675,1738830240
2025-02-06 13:55:00,CE,ATM+8,51.187688,6556125,23950.0,23568.8,0.55,0.6,0.55,0.55,268200,1738830300
2025-02-06 13:56:00,CE,ATM+8,53.419434,17248800,24000.0,23583.55,0.4,0.45,0.35,0.4,4128450,1738830360
2025-02-06 13:57:00,CE,ATM+8,53.344019,17248800,24000.0,23586.7,0.4,0.45,0.4,0.4,174525,1738830420
2025-02-06 13:58:00,CE,ATM+8,54.276067,18056025,24000.0,23587.7,0.4,0.45,0.4,0.45,159600,1738830480
2025-02-06 13:59:00,CE,ATM+8,54.695258,18056025,24000.0,23580.1,0.4,0.45,0.4,0.4,286950,1738830540
2025-02-06 14:00:00,CE,ATM+8,53.911409,18056025,24000.0,23589.4,0.45,0.45,0.4,0.4,853050,1738830600
2025-02-06 14:01:00,CE,ATM+8,53.89026,17755650,24000.0,23592.15,0.4,0.45,0.35,0.4,1849725,1738830660
2025-02-06 14:02:00,CE,ATM+8,54.255321,17755650,24000.0,23591.65,0.45,0.45,0.35,0.4,872775,1738830720
2025-02-06 14:03:00,CE,ATM+8,53.92643,17755650,24000.0,23589.9,0.4,0.45,0.35,0.35,1596525,1738830780
2025-02-06 14:04:00,CE,ATM+8,55.123129,17527050,24000.0,23589.65,0.35,0.4,0.35,0.4,579075,1738830840
2025-02-06 14:05:00,CE,ATM+8,56.12701,17527050,24000.0,23584.0,0.4,0.4,0.35,0.4,338700,1738830900
2025-02-06 14:06:00,CE,ATM+8,55.53422,17527050,24000.0,23584.45,0.35,0.4,0.35,0.35,118650,1738830960
2025-02-06 14:07:00,CE,ATM+8,57.238526,17476725,24000.0,23580.4,0.4,0.4,0.35,0.4,270975,1738831020
2025-02-06 14:08:00,CE,ATM+8,56.76472,17476725,24000.0,23579.85,0.4,0.4,0.35,0.35,136275,1738831080
2025-02-06 14:09:00,CE,ATM+8,57.029515,17476725,24000.0,23580.55,0.4,0.4,0.3,0.35,723525,1738831140
2025-02-06 14:10:00,CE,ATM+8,56.847236,17453250,24000.0,23576.75,0.3,0.35,0.3,0.3,684750,1738831200
2025-02-06 14:11:00,CE,ATM+8,58.055681,17453250,24000.0,23578.05,0.3,0.35,0.3,0.35,158175,1738831260
2025-02-06 14:12:00,CE,ATM+8,53.602422,6077175,23950.0,23574.5,0.45,0.45,0.4,0.4,829650,1738831320
2025-02-06 14:13:00,CE,ATM+8,54.083863,6933900,23950.0,23573.45,0.45,0.45,0.4,0.4,56025,1738831380
2025-02-06 14:14:00,CE,ATM+8,55.281391,6933900,23950.0,23573.0,0.45,0.45,0.4,0.45,127950,1738831440
2025-02-06 14:15:00,CE,ATM+8,58.795157,16568925,24000.0,23576.1,0.3,0.35,0.3,0.3,448050,1738831500
2025-02-06 14:16:00,CE,ATM+8,55.021263,6917850,23950.0,23574.6,0.45,0.45,0.4,0.4,60525,1738831560
2025-02-06 14:17:00,CE,ATM+8,56.553489,6917850,23950.0,23571.9,0.4,0.45,0.4,0.45,110250,1738831620
2025-02-06 14:18:00,CE,ATM+8,56.091595,6917850,23950.0,23572.25,0.4,0.45,0.4,0.4,169425,1738831680
2025-02-06 14:19:00,CE,ATM+8,55.821099,6070275,23950.0,23570.55,0.4,0.45,0.35,0.35,764400,1738831740
2025-02-06 14:20:00,CE,ATM+8,60.44266,15494250,24000.0,23579.35,0.3,0.35,0.3,0.3,248175,1738831800
2025-02-06 14:21:00,CE,ATM+8,56.18629,6070275,23950.0,23573.85,0.4,0.4,0.35,0.35,103425,1738831860
2025-02-06 14:22:00,CE,ATM+8,56.85334,6055650,23950.0,23571.95,0.35,0.4,0.35,0.35,106575,1738831920
2025-02-06 14:23:00,CE,ATM+8,57.512917,6055650,23950.0,23570.2,0.35,0.4,0.35,0.35,97050,1738831980
2025-02-06 14:24:00,CE,ATM+8,57.85236,6055650,23950.0,23570.9,0.35,0.4,0.35,0.35,138750,1738832040
2025-02-06 14:25:00,CE,ATM+8,58.268873,6110925,23950.0,23571.1,0.35,0.4,0.35,0.35,64800,1738832100
2025-02-06 14:26:00,CE,ATM+8,59.562112,6110925,23950.0,23571.8,0.35,0.4,0.35,0.4,88050,1738832160
2025-02-06 14:27:00,CE,ATM+8,59.779638,6110925,23950.0,23573.6,0.35,0.4,0.35,0.4,66300,1738832220
2025-02-06 14:28:00,CE,ATM+8,60.2889,6140850,23950.0,23573.4,0.35,0.4,0.35,0.4,86775,1738832280
2025-02-06 14:29:00,CE,ATM+8,60.695682,6140850,23950.0,23574.0,0.4,0.4,0.35,0.4,107100,1738832340
2025-02-06 14:30:00,CE,ATM+8,59.847054,6140850,23950.0,23569.2,0.4,0.4,0.3,0.3,498900,1738832400
2025-02-06 14:31:00,CE,ATM+8,61.358761,6301950,23950.0,23562.1,0.3,0.35,0.3,0.3,708825,1738832460
2025-02-06 14:32:00,CE,ATM+8,61.628982,6301950,23950.0,23563.9,0.3,0.35,0.3,0.3,239775,1738832520
2025-02-06 14:33:00,CE,ATM+8,60.875771,6301950,23950.0,23564.15,0.35,0.35,0.25,0.25,680850,1738832580
2025-02-06 14:34:00,CE,ATM+8,62.408487,6389625,23950.0,23566.05,0.25,0.3,0.25,0.3,367650,1738832640
2025-02-06 14:35:00,CE,ATM+8,62.423345,6389625,23950.0,23569.8,0.25,0.3,0.25,0.3,116700,1738832700
2025-02-06 14:36:00,CE,ATM+8,61.525755,6389625,23950.0,23571.15,0.3,0.3,0.25,0.25,106575,1738832760
2025-02-06 14:37:00,CE,ATM+8,63.067728,6314775,23950.0,23573.3,0.25,0.3,0.25,0.3,74925,1738832820
2025-02-06 14:38:00,CE,ATM+8,68.977656,15570150,24000.0,23577.75,0.2,0.3,0.2,0.25,467550,1738832880
2025-02-06 14:39:00,CE,ATM+8,62.861256,6314775,23950.0,23574.15,0.25,0.3,0.25,0.25,130725,1738832940
2025-02-06 14:40:00,CE,ATM+8,68.888334,15603900,24000.0,23576.4,0.2,0.25,0.2,0.2,512775,1738833000
2025-02-06 14:41:00,CE,ATM+8,70.400338,15603900,24000.0,23582.1,0.25,0.25,0.2,0.25,130125,1738833060
2025-02-06 14:42:00,CE,ATM+8,69.9121,15603900,24000.0,23579.05,0.25,0.25,0.2,0.2,140550,1738833120
2025-02-06 14:43:00,CE,ATM+8,70.348937,15464250,24000.0,23581.05,0.2,0.25,0.2,0.2,210450,1738833180
2025-02-06 14:44:00,CE,ATM+8,73.655394,15464250,24000.0,23575.75,0.25,0.25,0.2,0.25,471450,1738833240
2025-02-06 14:45:00,CE,ATM+8,68.401596,6195000,23950.0,23573.6,0.25,0.3,0.2,0.3,363225,1738833300
2025-02-06 14:46:00,CE,ATM+8,73.462847,15323550,24000.0,23576.25,0.2,0.25,0.2,0.2,141225,1738833360
2025-02-06 14:47:00,CE,ATM+8,74.376327,15323550,24000.0,23575.85,0.2,0.25,0.2,0.2,507750,1738833420
2025-02-06 14:48:00,CE,ATM+8,67.752953,6060525,23950.0,23573.3,0.2,0.25,0.2,0.2,24375,1738833480
2025-02-06 14:49:00,CE,ATM+8,70.074976,6102900,23950.0,23574.4,0.25,0.25,0.2,0.25,71550,1738833540
2025-02-06 14:50:00,CE,ATM+8,67.812572,6102900,23950.0,23570.6,0.25,0.25,0.15,0.15,438450,1738833600
2025-02-06 14:51:00,CE,ATM+8,68.521187,6102900,23950.0,23571.55,0.2,0.2,0.15,0.15,229575,1738833660
2025-02-06 14:52:00,CE,ATM+8,69.525748,6029550,23950.0,23570.9,0.15,0.2,0.15,0.15,113925,1738833720
2025-02-06 14:53:00,CE,ATM+8,70.072159,6029550,23950.0,23573.2,0.15,0.2,0.15,0.15,214125,1738833780
2025-02-06 14:54:00,CE,ATM+8,71.193272,6029550,23950.0,23572.3,0.15,0.2,0.1,0.15,599475,1738833840
2025-02-06 14:55:00,CE,ATM+8,71.761957,5925600,23950.0,23574.85,0.1,0.15,0.1,0.15,151350,1738833900
2025-02-06 14:56:00,CE,ATM+8,77.801409,15057525,24000.0,23577.55,0.15,0.15,0.1,0.1,167550,1738833960
2025-02-06 14:57:00,CE,ATM+8,82.453488,15057525,24000.0,23575.8,0.1,0.15,0.1,0.15,240375,1738834020
2025-02-06 14:58:00,CE,ATM+8,83.759601,14948475,24000.0,23575.65,0.1,0.15,0.1,0.15,404025,1738834080
2025-02-06 14:59:00,CE,ATM+8,84.133894,14948475,24000.0,23580.95,0.1,0.15,0.1,0.15,354300,1738834140
2025-02-06 15:00:00,CE,ATM+8,82.299771,14948475,24000.0,23580.5,0.15,0.15,0.1,0.1,316200,1738834200
2025-02-06 15:01:00,CE,ATM+8,86.507191,14771100,24000.0,23583.5,0.15,0.15,0.1,0.15,530850,1738834260
2025-02-06 15:02:00,CE,ATM+8,82.409552,14771100,24000.0,23595.45,0.15,0.15,0.1,0.1,267300,1738834320
2025-02-06 15:03:00,CE,ATM+8,83.837257,14771100,24000.0,23595.9,0.1,0.15,0.1,0.1,458100,1738834380
2025-02-06 15:04:00,CE,ATM+8,87.321464,14677200,24000.0,23603.75,0.1,0.15,0.1,0.15,326400,1738834440
2025-02-06 15:05:00,CE,ATM+8,80.097247,14677200,24000.0,23605.25,0.15,0.15,0.05,0.05,781050,1738834500
2025-02-06 15:06:00,CE,ATM+8,86.22767,14677200,24000.0,23609.3,0.05,0.1,0.05,0.1,216900,1738834560
2025-02-06 15:07:00,CE,ATM+8,83.752802,14273700,24000.0,23604.0,0.05,0.1,0.05,0.05,213225,1738834620
2025-02-06 15:08:00,CE,ATM+8,84.937892,14273700,24000.0,23607.5,0.05,0.1,0.05,0.05,123450,1738834680
2025-02-06 15:09:00,CE,ATM+8,0.0,14273700,24000.0,23607.45,0.05,0.1,0.05,0.1,800550,1738834740
2025-02-06 15:10:00,CE,ATM+8,0.0,13782525,24000.0,23605.0,0.1,0.1,0.05,0.1,176475,1738834800
2025-02-06 15:11:00,CE,ATM+8,0.0,13782525,24000.0,23598.15,0.05,0.1,0.05,0.05,177900,1738834860
2025-02-06 15:12:00,CE,ATM+8,0.0,13782525,24000.0,23595.5,0.05,0.1,0.05,0.05,461850,1738834920
2025-02-06 15:13:00,CE,ATM+8,0.0,13732275,24000.0,23588.4,0.1,0.1,0.05,0.1,203700,1738834980
2025-02-06 15:14:00,CE,ATM+8,0.0,13732275,24000.0,23595.9,0.1,0.1,0.05,0.05,278925,1738835040
2025-02-06 15:15:00,CE,ATM+8,0.0,13732275,24000.0,23592.85,0.05,0.1,0.05,0.05,285450,1738835100
2025-02-06 15:16:00,CE,ATM+8,0.0,13606950,24000.0,23607.45,0.1,0.1,0.05,0.05,172725,1738835160
2025-02-06 15:17:00,CE,ATM+8,0.0,13606950,24000.0,23609.8,0.05,0.1,0.05,0.05,253800,1738835220
2025-02-06 15:18:00,CE,ATM+8,0.0,13606950,24000.0,23610.8,0.05,0.1,0.05,0.05,237225,1738835280
2025-02-06 15:19:00,CE,ATM+8,0.0,13591800,24000.0,23614.65,0.05,0.1,0.05,0.05,240225,1738835340
2025-02-06 15:20:00,CE,ATM+8,0.0,13591800,24000.0,23615.25,0.05,0.1,0.05,0.05,308925,1738835400
2025-02-06 15:21:00,CE,ATM+8,0.0,13591800,24000.0,23618.9,0.05,0.1,0.05,0.05,392625,1738835460
2025-02-06 15:22:00,CE,ATM+8,0.0,12976125,24000.0,23624.65,0.05,0.1,0.05,0.05,505425,1738835520
2025-02-06 15:23:00,CE,ATM+8,0.0,12976125,24000.0,23619.45,0.05,0.1,0.05,0.1,204375,1738835580
2025-02-06 15:24:00,CE,ATM+8,0.0,12976125,24000.0,23616.85,0.05,0.1,0.05,0.05,976425,1738835640
2025-02-06 15:25:00,CE,ATM+8,0.0,11871750,24000.0,23620.75,0.05,0.05,0.05,0.05,813450,1738835700
2025-02-06 15:26:00,CE,ATM+8,0.0,11871750,24000.0,23616.15,0.05,0.05,0.05,0.05,45450,1738835760
2025-02-06 15:27:00,CE,ATM+8,0.0,5019150,24050.0,23626.65,0.05,0.05,0.05,0.05,31350,1738835820
2025-02-06 15:28:00,CE,ATM+8,0.0,4973250,24050.0,23627.95,0.05,0.05,0.05,0.05,16575,1738835880
2025-02-06 15:29:00,CE,ATM+8,0.0,4973250,24050.0,23628.05,0.05,0.05,0.05,0.05,3750,1738835940
2025-01-31 09:15:00,PE,ATM+8,23.635365,237075,23700.0,23285.7,506.95,522.15,506.95,514.2,8175,1738295100
2025-01-31 09:16:00,PE,ATM+8,24.848305,237075,23700.0,23298.15,508.2,518.85,508.2,518.85,6000,1738295160
2025-01-31 09:17:00,PE,ATM+8,24.530879,237075,23700.0,23299.2,517.7,517.7,510.45,514.65,3825,1738295220
2025-01-31 09:18:00,PE,ATM+8,24.511862,240225,23700.0,23305.75,514.65,514.65,508.3,510.0,3000,1738295280
2025-01-31 09:19:00,PE,ATM+8,24.381268,240225,23700.0,23301.25,510.0,514.5,507.85,511.6,2775,1738295340
2025-01-31 09:20:00,PE,ATM+8,24.039088,240225,23700.0,23294.8,511.6,515.0,510.0,512.25,3600,1738295400
2025-01-31 09:21:00,PE,ATM+8,23.555561,242325,23700.0,23311.05,512.25,512.25,495.05,495.9,4725,1738295460
2025-01-31 09:22:00,PE,ATM+8,23.307286,242325,23700.0,23309.7,494.7,496.9,492.0,494.1,3000,1738295520
2025-01-31 09:23:00,PE,ATM+8,23.523426,242325,23700.0,23316.25,494.1,495.0,492.0,492.0,2400,1738295580
2025-01-31 09:24:00,PE,ATM+8,23.618748,244650,23700.0,23316.3,492.0,494.75,491.85,493.0,6000,1738295640
2025-01-31 09:25:00,PE,ATM+8,23.239909,244650,23700.0,23316.95,493.8,494.1,487.65,488.4,6600,1738295700
2025-01-31 09:26:00,PE,ATM+8,23.395867,244650,23700.0,23321.6,488.65,489.0,484.1,486.95,1125,1738295760
2025-01-31 09:27:00,PE,ATM+8,23.46432,99900,23750.0,23329.3,517.45,519.95,517.15,517.15,225,1738295820
2025-01-31 09:28:00,PE,ATM+8,23.627075,249300,23700.0,23317.7,484.4,492.55,484.4,492.1,1500,1738295880
2025-01-31 09:29:00,PE,ATM+8,23.483937,99900,23750.0,23326.05,519.6,524.6,519.6,519.6,1125,1738295940
2025-01-31 09:30:00,PE,ATM+8,23.840923,252450,23700.0,23319.15,489.0,494.55,487.95,493.45,1350,1738296000
2025-01-31 09:31:00,PE,ATM+8,24.080992,252450,23700.0,23323.75,493.45,495.45,490.8,493.0,2025,1738296060
2025-01-31 09:32:00,PE,ATM+8,24.089684,252450,23700.0,23319.4,493.0,500.5,493.0,496.0,3450,1738296120
2025-01-31 09:33:00,PE,ATM+8,23.89952,254700,23700.0,23324.9,495.8,495.8,489.0,490.2,3300,1738296180
2025-01-31 09:34:00,PE,ATM+8,23.548886,254700,23700.0,23318.55,490.2,494.2,490.0,490.6,1050,1738296240
2025-01-31 09:35:00,PE,ATM+8,23.979987,254700,23700.0,23308.0,490.6,503.25,490.6,502.45,4500,1738296300
2025-01-31 09:36:00,PE,ATM+8,23.887899,257700,23700.0,23301.65,502.45,507.7,500.6,505.75,2700,1738296360
2025-01-31 09:37:00,PE,ATM+8,24.198889,257700,23700.0,23315.3,506.4,508.95,499.65,499.9,4125,1738296420
2025-01-31 09:38:00,PE,ATM+8,24.397942,257700,23700.0,23314.9,498.55,502.35,497.3,502.35,1275,1738296480
2025-01-31 09:39:00,PE,ATM+8,23.811577,258450,23700.0,23323.2,502.35,502.35,487.25,490.3,6225,1738296540
2025-01-31 09:40:00,PE,ATM+8,24.010536,258450,23700.0,23312.4,492.1,499.75,491.2,499.75,4425,1738296600
2025-01-31 09:41:00,PE,ATM+8,23.723367,258450,23700.0,23311.8,499.75,504.0,497.0,497.0,825,1738296660
2025-01-31 09:42:00,PE,ATM+8,23.341602,108675,23750.0,23325.9,532.7,532.7,518.05,518.05,525,1738296720
2025-01-31 09:43:00,PE,ATM+8,23.369545,108675,23750.0,23342.6,517.4,520.85,506.75,506.75,1575,1738296780
2025-01-31 09:44:00,PE,ATM+8,24.025303,108675,23750.0,23349.45,506.75,509.15,503.85,509.15,4875,1738296840
2025-01-31 09:45:00,PE,ATM+8,24.767017,111000,23750.0,23359.25,509.15,510.95,507.45,510.65,450,1738296900
2025-01-31 09:46:00,PE,ATM+8,24.771967,111000,23750.0,23361.55,505.45,509.8,505.45,509.15,1350,1738296960
2025-01-31 09:47:00,PE,ATM+8,24.646313,111000,23750.0,23374.5,509.15,509.15,497.8,499.1,2250,1738297020
2025-01-31 09:48:00,PE,ATM+8,24.728106,111900,23750.0,23374.95,499.1,501.6,499.1,499.7,1800,1738297080
2025-01-31 09:49:00,PE,ATM+8,24.49845,314625,23800.0,23377.8,531.3,532.85,526.75,529.55,5025,1738297140
2025-01-31 09:50:00,PE,ATM+8,24.514876,111900,23750.0,23371.35,495.0,502.7,494.55,499.7,1125,1738297200
2025-01-31 09:51:00,PE,ATM+8,24.654435,321525,23800.0,23378.55,532.0,533.95,527.1,530.7,1650,1738297260
2025-01-31 09:52:00,PE,ATM+8,24.437501,116700,23750.0,23372.05,495.4,498.35,491.1,498.35,2700,1738297320
2025-01-31 09:53:00,PE,ATM+8,24.221159,116700,23750.0,23358.35,498.35,505.15,498.35,505.15,750,1738297380
2025-01-31 09:54:00,PE,ATM+8,24.185524,117975,23750.0,23350.6,509.2,510.65,509.2,510.0,450,1738297440
2025-01-31 09:55:00,PE,ATM+8,24.322236,117975,23750.0,23374.35,510.0,510.0,495.5,495.5,675,1738297500
2025-01-31 09:56:00,PE,ATM+8,24.109859,322950,23800.0,23379.65,529.45,529.45,521.0,524.0,1425,1738297560
2025-01-31 09:57:00,PE,ATM+8,24.106075,327300,23800.0,23381.75,524.0,525.5,522.5,522.5,6525,1738297620
2025-01-31 09:58:00,PE,ATM+8,24.077324,327300,23800.0,23388.7,522.5,522.65,517.4,517.4,3600,1738297680
2025-01-31 09:59:00,PE,ATM+8,24.01369,327300,23800.0,23389.5,517.95,519.6,513.25,516.15,5325,1738297740
2025-01-31 10:00:00,PE,ATM+8,24.245703,330150,23800.0,23391.85,515.1,518.0,514.75,517.05,3900,1738297800
2025-01-31 10:01:00,PE,ATM+8,24.30592,330150,23800.0,23393.6,517.05,518.6,515.0,516.5,1275,1738297860
2025-01-31 10:02:00,PE,ATM+8,24.17757,330150,23800.0,23399.75,516.25,516.25,508.95,510.9,6150,1738297920
2025-01-31 10:03:00,PE,ATM+8,24.128496,333225,23800.0,23399.9,510.9,513.1,507.0,510.25,5250,1738297980
2025-01-31 10:04:00,PE,ATM+8,24.320587,333225,23800.0,23393.05,510.25,518.25,510.25,517.0,3300,1738298040
2025-01-31 10:05:00,PE,ATM+8,24.022703,127350,23750.0,23372.8,484.05,495.0,484.05,493.1,375,1738298100
2025-01-31 10:06:00,PE,ATM+8,23.47707,127875,23750.0,23359.4,493.0,501.2,493.0,496.15,375,1738298160
2025-01-31 10:07:00,PE,ATM+8,22.985931,127875,23750.0,23351.1,496.15,497.2,495.0,496.5,1575,1738298220
2025-01-31 10:08:00,PE,ATM+8,22.695725,127875,23750.0,23342.4,500.0,500.05,499.4,499.4,1050,1738298280
2025-01-31 10:09:00,PE,ATM+8,22.257045,126450,23750.0,23338.15,499.4,502.2,497.7,497.7,1575,1738298340
2025-01-31 10:10:00,PE,ATM+8,21.995512,126450,23750.0,23333.3,497.7,502.15,497.7,498.35,300,1738298400
2025-01-31 10:11:00,PE,ATM+8,22.044897,126450,23750.0,23332.25,498.35,503.65,498.35,499.6,300,1738298460
2025-01-31 10:12:00,PE,ATM+8,22.247258,126450,23750.0,23327.95,498.55,507.15,492.1,504.75,3600,1738298520
2025-01-31 10:13:00,PE,ATM+8,21.773943,126450,23750.0,23335.35,504.75,513.4,494.55,494.55,1875,1738298580
2025-01-31 10:14:00,PE,ATM+8,21.596255,126450,23750.0,23340.2,487.1,490.25,487.1,489.25,3225,1738298640
2025-01-31 10:15:00,PE,ATM+8,21.724853,127050,23750.0,23348.65,490.2,490.2,478.9,484.65,3000,1738298700
2025-01-31 10:16:00,PE,ATM+8,22.49133,127050,23750.0,23335.95,484.65,502.3,484.65,501.65,3150,1738298760
2025-01-31 10:17:00,PE,ATM+8,22.16511,127050,23750.0,23344.5,501.65,501.65,490.9,492.2,2250,1738298820
2025-01-31 10:18:00,PE,ATM+8,22.24584,127050,23750.0,23350.45,492.2,492.2,488.9,488.9,225,1738298880
2025-01-31 10:19:00,PE,ATM+8,22.249742,128925,23750.0,23362.05,488.9,488.9,480.8,480.9,1500,1738298940
2025-01-31 10:20:00,PE,ATM+8,21.819627,341400,23800.0,23375.6,509.45,513.6,497.0,502.3,9900,1738299000
2025-01-31 10:21:00,PE,ATM+8,22.102727,128925,23750.0,23372.15,470.0,472.35,470.0,472.35,225,1738299060
2025-01-31 10:22:00,PE,ATM+8,21.624047,343650,23800.0,23384.95,508.35,508.35,493.6,493.6,8025,1738299120
2025-01-31 10:23:00,PE,ATM+8,21.956113,343650,23800.0,23391.45,496.0,496.0,490.6,492.5,6150,1738299180
2025-01-31 10:24:00,PE,ATM+8,22.070884,345825,23800.0,23388.75,492.5,499.1,492.5,495.6,4575,1738299240
2025-01-31 10:25:00,PE,ATM+8,22.255337,345825,23800.0,23386.6,494.9,499.05,493.4,499.05,2625,1738299300
2025-01-31 10:26:00,PE,ATM+8,21.69608,345825,23800.0,23394.4,497.4,497.4,487.4,487.65,1725,1738299360
2025-01-31 10:27:00,PE,ATM+8,22.244478,348750,23800.0,23395.05,487.65,493.0,487.65,493.0,1800,1738299420
2025-01-31 10:28:00,PE,ATM+8,21.953182,348750,23800.0,23391.55,493.0,493.0,490.0,492.35,525,1738299480
2025-01-31 10:29:00,PE,ATM+8,22.31795,348750,23800.0,23390.2,492.35,498.0,492.35,497.15,1425,1738299540
2025-01-31 10:30:00,PE,ATM+8,22.180303,350025,23800.0,23392.6,497.15,498.6,494.0,494.0,2775,1738299600
2025-01-31 10:31:00,PE,ATM+8,21.017744,350025,23800.0,23402.85,491.6,491.6,474.5,474.5,6750,1738299660
2025-01-31 10:32:00,PE,ATM+8,21.070213,350025,23800.0,23407.25,475.35,475.35,468.0,471.95,9750,1738299720
2025-01-31 10:33:00,PE,ATM+8,21.340338,352575,23800.0,23412.7,471.95,477.95,471.0,471.0,3225,1738299780
2025-01-31 10:34:00,PE,ATM+8,21.763275,352575,23800.0,23409.55,470.85,477.7,470.85,477.7,2850,1738299840
2025-01-31 10:35:00,PE,ATM+8,21.470401,352575,23800.0,23412.8,477.7,477.7,470.85,472.3,3300,1738299900
2025-01-31 10:36:00,PE,ATM+8,21.605049,353100,23800.0,23403.8,472.3,480.0,472.3,480.0,4425,1738299960
2025-01-31 10:37:00,PE,ATM+8,21.374988,353100,23800.0,23396.9,480.0,482.4,477.3,482.4,7575,1738300020
2025-01-31 10:38:00,PE,ATM+8,20.828299,353100,23800.0,23400.65,482.4,482.8,468.35,474.0,4875,1738300080
2025-01-31 10:39:00,PE,ATM+8,20.840532,357375,23800.0,23393.35,474.0,480.0,474.0,479.3,2475,1738300140
2025-01-31 10:40:00,PE,ATM+8,20.542499,357375,23800.0,23402.05,479.3,482.8,470.0,470.0,1200,1738300200
2025-01-31 10:41:00,PE,ATM+8,20.842571,357375,23800.0,23398.0,470.0,477.05,470.0,476.0,2775,1738300260
2025-01-31 10:42:00,PE,ATM+8,20.461022,357675,23800.0,23411.7,476.0,476.0,456.45,462.3,6000,1738300320
2025-01-31 10:43:00,PE,ATM+8,20.080011,357675,23800.0,23413.95,462.6,462.6,455.0,456.7,9825,1738300380
2025-01-31 10:44:00,PE,ATM+8,20.027136,357675,23800.0,23413.65,453.4,460.95,453.4,456.35,2325,1738300440
2025-01-31 10:45:00,PE,ATM+8,20.426807,363525,23800.0,23413.35,456.35,461.55,455.4,460.75,17100,1738300500
2025-01-31 10:46:00,PE,ATM+8,20.129334,363525,23800.0,23420.6,460.75,460.75,452.3,452.5,3375,1738300560
2025-01-31 10:47:00,PE,ATM+8,20.552029,363525,23800.0,23415.7,453.05,460.4,453.05,460.4,5025,1738300620
2025-01-31 10:48:00,PE,ATM+8,20.088838,365925,23800.0,23416.0,458.65,459.9,455.3,455.3,2925,1738300680
2025-01-31 10:49:00,PE,ATM+8,20.137697,365925,23800.0,23418.7,455.3,458.0,449.6,453.9,8100,1738300740
2025-01-31 10:50:00,PE,ATM+8,20.034285,365925,23800.0,23411.85,456.0,460.0,455.45,457.65,4425,1738300800
2025-01-31 10:51:00,PE,ATM+8,20.055946,368400,23800.0,23411.1,455.8,460.15,455.25,458.4,1350,1738300860
2025-01-31 10:52:00,PE,ATM+8,20.504625,368400,23800.0,23408.4,458.6,465.0,455.4,465.0,13200,1738300920
2025-01-31 10:53:00,PE,ATM+8,20.313835,368400,23800.0,23416.6,465.0,465.0,456.9,457.2,10650,1738300980
2025-01-31 10:54:00,PE,ATM+8,20.533923,367050,23800.0,23419.9,457.2,458.25,451.25,457.2,6600,1738301040
2025-01-31 10:55:00,PE,ATM+8,20.636178,367050,23800.0,23422.8,456.05,457.35,453.8,456.25,5175,1738301100
2025-01-31 10:56:00,PE,ATM+8,20.765937,367050,23800.0,23419.75,456.1,460.75,454.15,459.75,1575,1738301160
2025-01-31 10:57:00,PE,ATM+8,20.797111,371475,23800.0,23418.35,459.75,464.1,458.8,461.05,5700,1738301220
2025-01-31 10:58:00,PE,ATM+8,20.51812,101925,23850.0,23426.7,496.0,497.0,488.15,488.15,3150,1738301280
2025-01-31 10:59:00,PE,ATM+8,20.855878,101925,23850.0,23430.8,488.15,490.5,484.1,488.65,2475,1738301340
2025-01-31 11:00:00,PE,ATM+8,20.936553,105675,23850.0,23426.1,488.65,492.85,485.5,492.85,1350,1738301400
2025-01-31 11:01:00,PE,ATM+8,20.802774,105675,23850.0,23429.25,492.85,493.1,489.2,489.2,1050,1738301460
2025-01-31 11:02:00,PE,ATM+8,20.802774,105675,23850.0,23429.25,489.2,489.2,489.2,489.2,0,1738301520
2025-01-31 11:03:00,PE,ATM+8,21.224347,388125,23800.0,23424.4,459.0,461.85,459.0,461.35,8400,1738301580
2025-01-31 11:04:00,PE,ATM+8,20.49946,105750,23850.0,23437.95,496.2,496.2,479.8,479.8,525,1738301640
2025-01-31 11:05:00,PE,ATM+8,20.833561,105750,23850.0,23434.1,480.15,486.0,479.25,486.0,1200,1738301700
2025-01-31 11:06:00,PE,ATM+8,20.780319,106950,23850.0,23436.95,485.05,485.05,483.4,483.4,150,1738301760
2025-01-31 11:07:00,PE,ATM+8,20.755643,106950,23850.0,23432.05,483.4,486.65,483.4,486.65,225,1738301820
2025-01-31 11:08:00,PE,ATM+8,20.981408,106950,23850.0,23428.8,486.65,493.0,485.5,491.3,1425,1738301880
2025-01-31 11:09:00,PE,ATM+8,21.097339,396975,23800.0,23420.05,458.0,464.4,458.0,462.95,28050,1738301940
2025-01-31 11:10:00,PE,ATM+8,20.877892,396975,23800.0,23423.5,462.95,464.0,458.0,458.2,7650,1738302000
2025-01-31 11:11:00,PE,ATM+8,20.638472,107550,23850.0,23429.15,490.1,490.1,486.1,487.5,1800,1738302060
2025-01-31 11:12:00,PE,ATM+8,20.580684,107550,23850.0,23429.15,487.5,487.5,486.9,486.9,75,1738302120
2025-01-31 11:13:00,PE,ATM+8,21.179509,394350,23800.0,23424.0,455.5,461.05,455.5,461.05,900,1738302180
2025-01-31 11:14:00,PE,ATM+8,21.340812,394350,23800.0,23422.8,460.9,463.6,459.7,463.6,2100,1738302240
2025-01-31 11:15:00,PE,ATM+8,20.753189,108675,23850.0,23427.75,496.0,496.0,489.65,489.65,75,1738302300
2025-01-31 11:16:00,PE,ATM+8,20.753189,108675,23850.0,23427.75,489.65,489.65,489.65,489.65,0,1738302360
2025-01-31 11:17:00,PE,ATM+8,20.700202,108525,23850.0,23435.8,489.65,489.65,481.0,483.3,525,1738302420
2025-01-31 11:18:00,PE,ATM+8,20.940884,108525,23850.0,23431.3,484.2,489.0,484.2,489.0,150,1738302480
2025-01-31 11:19:00,PE,ATM+8,21.179966,108525,23850.0,23436.5,489.0,489.0,486.5,487.75,1050,1738302540
2025-01-31 11:20:00,PE,ATM+8,20.615922,108525,23850.0,23441.95,487.75,487.75,476.55,478.0,1050,1738302600
2025-01-31 11:21:00,PE,ATM+8,20.819752,109650,23850.0,23447.3,478.0,480.1,476.3,476.3,1350,1738302660
2025-01-31 11:22:00,PE,ATM+8,20.482225,402600,23800.0,23421.9,438.6,455.4,438.0,455.0,17550,1738302720
2025-01-31 11:23:00,PE,ATM+8,21.10631,402600,23800.0,23422.3,456.6,461.6,456.6,461.35,21450,1738302780
2025-01-31 11:24:00,PE,ATM+8,20.824394,109650,23850.0,23426.85,490.95,490.95,490.95,490.95,75,1738302840
2025-01-31 11:25:00,PE,ATM+8,20.636944,110100,23850.0,23428.2,490.95,490.95,488.05,488.05,1200,1738302900
2025-01-31 11:26:00,PE,ATM+8,20.799288,110100,23850.0,23433.35,486.0,486.0,486.0,486.0,300,1738302960
2025-01-31 11:27:00,PE,ATM+8,20.883811,110100,23850.0,23439.8,486.9,486.9,482.25,482.25,600,1738303020
2025-01-31 11:28:00,PE,ATM+8,20.59528,110100,23850.0,23426.4,482.25,489.0,482.25,488.9,450,1738303080
2025-01-31 11:29:00,PE,ATM+8,20.817782,400875,23800.0,23403.45,456.25,471.45,455.65,471.45,4875,1738303140
2025-01-31 11:30:00,PE,ATM+8,20.397536,397950,23800.0,23397.15,472.1,474.25,469.15,471.55,18675,1738303200
2025-01-31 11:31:00,PE,ATM+8,20.335973,397950,23800.0,23409.45,471.55,471.55,461.1,462.15,5850,1738303260
2025-01-31 11:32:00,PE,ATM+8,20.184773,397950,23800.0,23404.55,462.15,465.1,460.4,464.05,1875,1738303320
2025-01-31 11:33:00,PE,ATM+8,19.935794,397950,23800.0,23399.2,464.05,466.75,464.05,465.3,900,1738303380
2025-01-31 11:34:00,PE,ATM+8,19.883186,395700,23800.0,23404.85,465.3,465.7,460.7,460.7,525,1738303440
2025-01-31 11:35:00,PE,ATM+8,19.737552,395700,23800.0,23407.7,460.7,462.25,456.75,457.15,5100,1738303500
2025-01-31 11:36:00,PE,ATM+8,19.575419,396825,23800.0,23402.65,457.15,459.7,454.0,459.1,1575,1738303560
2025-01-31 11:37:00,PE,ATM+8,19.424433,396825,23800.0,23397.6,459.05,465.05,459.05,461.2,3000,1738303620
2025-01-31 11:38:00,PE,ATM+8,19.58836,396825,23800.0,23390.3,461.2,470.4,461.2,468.15,6825,1738303680
2025-01-31 11:39:00,PE,ATM+8,19.354521,403350,23800.0,23400.05,468.15,469.15,455.0,458.7,13275,1738303740
2025-01-31 11:40:00,PE,ATM+8,19.299868,403350,23800.0,23402.45,458.7,462.65,455.6,456.4,2175,1738303800
2025-01-31 11:41:00,PE,ATM+8,19.355641,403350,23800.0,23395.7,456.1,462.85,456.1,461.85,1875,1738303860
2025-01-31 11:42:00,PE,ATM+8,19.336946,402375,23800.0,23399.15,461.85,461.85,459.15,459.15,2400,1738303920
2025-01-31 11:43:00,PE,ATM+8,19.229497,402375,23800.0,23400.05,459.25,460.25,456.55,457.4,1500,1738303980
2025-01-31 11:44:00,PE,ATM+8,18.907676,402375,23800.0,23399.9,457.4,457.4,452.45,454.25,900,1738304040
2025-01-31 11:45:00,PE,ATM+8,18.716475,402075,23800.0,23406.1,454.25,454.25,446.15,447.8,7050,1738304100
2025-01-31 11:46:00,PE,ATM+8,18.539293,402075,23800.0,23405.15,447.8,450.0,446.7,446.7,3450,1738304160
2025-01-31 11:47:00,PE,ATM+8,18.707209,402075,23800.0,23403.0,446.7,451.35,446.7,449.95,900,1738304220
2025-01-31 11:48:00,PE,ATM+8,18.452703,407025,23800.0,23411.55,449.95,449.95,441.15,441.15,3750,1738304280
2025-01-31 11:49:00,PE,ATM+8,18.483383,407025,23800.0,23415.55,441.15,441.15,432.65,438.55,4125,1738304340
2025-01-31 11:50:00,PE,ATM+8,17.779922,407025,23800.0,23416.1,438.3,438.3,428.5,431.05,6750,1738304400
2025-01-31 11:51:00,PE,ATM+8,18.022725,406200,23800.0,23422.05,436.45,438.5,428.45,429.15,4950,1738304460
2025-01-31 11:52:00,PE,ATM+8,17.970927,406200,23800.0,23421.25,429.75,431.1,426.85,429.2,3300,1738304520
2025-01-31 11:53:00,PE,ATM+8,17.936028,406200,23800.0,23422.75,429.2,430.75,424.0,427.75,4200,1738304580
2025-01-31 11:54:00,PE,ATM+8,17.889384,407850,23800.0,23424.5,427.75,428.35,424.95,426.0,4725,1738304640
2025-01-31 11:55:00,PE,ATM+8,17.26191,113775,23850.0,23428.7,460.7,460.7,454.2,454.2,300,1738304700
2025-01-31 11:56:00,PE,ATM+8,18.102912,407850,23800.0,23424.85,424.25,427.9,422.2,427.9,6525,1738304760
2025-01-31 11:57:00,PE,ATM+8,17.666637,113400,23850.0,23427.35,460.65,460.65,459.05,459.05,150,1738304820
2025-01-31 11:58:00,PE,ATM+8,18.122295,408825,23800.0,23424.55,425.0,429.8,423.95,428.3,4050,1738304880
2025-01-31 11:59:00,PE,ATM+8,17.867986,113400,23850.0,23431.55,459.7,459.7,457.8,457.8,975,1738304940
2025-01-31 12:00:00,PE,ATM+8,17.738121,114525,23850.0,23438.4,457.8,457.8,451.4,451.4,150,1738305000
2025-01-31 12:01:00,PE,ATM+8,17.629747,114525,23850.0,23435.4,451.15,452.8,451.15,452.6,450,1738305060
2025-01-31 12:02:00,PE,ATM+8,17.876189,114525,23850.0,23426.45,452.6,461.7,452.6,461.7,1200,1738305120
2025-01-31 12:03:00,PE,ATM+8,17.980703,115350,23850.0,23425.05,462.8,463.75,462.8,463.75,450,1738305180
2025-01-31 12:04:00,PE,ATM+8,17.667359,115350,23850.0,23425.85,463.75,463.75,460.15,460.15,75,1738305240
2025-01-31 12:05:00,PE,ATM+8,17.667359,115350,23850.0,23425.85,460.15,460.15,460.15,460.15,0,1738305300
2025-01-31 12:06:00,PE,ATM+8,17.917519,115275,23850.0,23429.0,460.15,462.0,460.15,460.15,1800,1738305360
2025-01-31 12:07:00,PE,ATM+8,18.050352,115275,23850.0,23426.9,460.15,463.0,460.15,463.0,75,1738305420
2025-01-31 12:08:00,PE,ATM+8,18.097593,115275,23850.0,23433.1,463.0,463.0,458.8,458.8,75,1738305480
2025-01-31 12:09:00,PE,ATM+8,18.097593,115275,23850.0,23433.1,458.8,458.8,458.8,458.8,0,1738305540
2025-01-31 12:10:00,PE,ATM+8,18.097593,115275,23850.0,23433.1,458.8,458.8,458.8,458.8,0,1738305600
2025-01-31 12:11:00,PE,ATM+8,18.097593,115275,23850.0,23433.1,458.8,458.8,458.8,458.8,0,1738305660
2025-01-31 12:12:00,PE,ATM+8,18.097593,115275,23850.0,23433.1,458.8,458.8,458.8,458.8,0,1738305720
2025-01-31 12:13:00,PE,ATM+8,17.740965,114825,23850.0,23444.75,442.8,446.95,442.8,446.6,2175,1738305780
2025-01-31 12:14:00,PE,ATM+8,17.576027,114825,23850.0,23444.2,446.6,446.6,444.5,445.4,375,1738305840
2025-01-31 12:15:00,PE,ATM+8,17.177902,114825,23850.0,23439.1,445.4,445.4,445.4,445.4,75,1738305900
2025-01-31 12:16:00,PE,ATM+8,17.577353,115200,23850.0,23444.0,448.45,448.6,445.55,445.55,600,1738305960
2025-01-31 12:17:00,PE,ATM+8,17.333619,115200,23850.0,23444.25,445.55,445.55,440.15,443.0,2400,1738306020
2025-01-31 12:18:00,PE,ATM+8,17.333619,115200,23850.0,23444.25,443.0,443.0,443.0,443.0,0,1738306080
2025-01-31 12:19:00,PE,ATM+8,17.538925,116700,23850.0,23437.35,443.0,450.15,443.0,450.15,1350,1738306140
2025-01-31 12:20:00,PE,ATM+8,17.519683,116700,23850.0,23431.2,450.15,454.6,450.15,454.6,75,1738306200
2025-01-31 12:21:00,PE,ATM+8,17.16437,116700,23850.0,23427.5,454.6,454.6,453.4,454.05,450,1738306260
2025-01-31 12:22:00,PE,ATM+8,16.896094,117825,23850.0,23427.75,454.05,454.05,451.35,451.35,2175,1738306320
2025-01-31 12:23:00,PE,ATM+8,17.064095,117825,23850.0,23433.4,451.35,451.35,448.6,448.6,375,1738306380
2025-01-31 12:24:00,PE,ATM+8,16.863017,119025,23850.0,23434.85,448.6,448.6,445.0,445.6,150,1738306440
2025-01-31 12:25:00,PE,ATM+8,16.59326,119025,23850.0,23433.45,445.25,445.25,444.15,444.15,2550,1738306500
2025-01-31 12:26:00,PE,ATM+8,16.713246,119025,23850.0,23434.9,444.15,445.2,444.15,444.15,150,1738306560
2025-01-31 12:27:00,PE,ATM+8,16.679578,119025,23850.0,23438.8,442.95,442.95,440.85,440.85,750,1738306620
2025-01-31 12:28:00,PE,ATM+8,16.657599,120075,23850.0,23433.1,440.85,445.0,440.85,445.0,150,1738306680
2025-01-31 12:29:00,PE,ATM+8,16.581941,120075,23850.0,23434.85,445.0,445.0,442.8,442.95,300,1738306740
2025-01-31 12:30:00,PE,ATM+8,16.63799,120075,23850.0,23435.85,442.95,442.95,442.7,442.7,75,1738306800
2025-01-31 12:31:00,PE,ATM+8,16.571026,120150,23850.0,23436.4,442.7,442.7,436.25,441.65,1050,1738306860
2025-01-31 12:32:00,PE,ATM+8,16.332101,120150,23850.0,23436.05,441.65,441.65,439.7,439.7,75,1738306920
2025-01-31 12:33:00,PE,ATM+8,16.250165,120150,23850.0,23451.9,439.7,439.7,426.8,426.8,2775,1738306980
2025-01-31 12:34:00,PE,ATM+8,16.430467,120150,23850.0,23457.05,426.8,428.7,424.6,424.6,1350,1738307040
2025-01-31 12:35:00,PE,ATM+8,16.430467,120150,23850.0,23457.05,424.6,424.6,424.6,424.6,0,1738307100
2025-01-31 12:36:00,PE,ATM+8,16.430033,121650,23850.0,23465.8,424.6,424.6,415.05,418.0,1800,1738307160
2025-01-31 12:37:00,PE,ATM+8,16.455009,121650,23850.0,23467.45,418.0,421.15,417.0,417.0,13125,1738307220
2025-01-31 12:38:00,PE,ATM+8,16.370334,121650,23850.0,23467.35,417.0,418.35,415.0,416.25,750,1738307280
2025-01-31 12:39:00,PE,ATM+8,16.427514,121650,23850.0,23468.95,416.25,416.25,410.75,415.6,1200,1738307340
2025-01-31 12:40:00,PE,ATM+8,16.399711,131700,23850.0,23469.05,415.6,416.5,413.7,415.25,1425,1738307400
2025-01-31 12:41:00,PE,ATM+8,16.009038,131700,23850.0,23467.1,415.25,415.25,412.95,412.95,300,1738307460
2025-01-31 12:42:00,PE,ATM+8,16.325847,132750,23850.0,23470.15,416.35,420.0,413.15,413.7,1200,1738307520
2025-01-31 12:43:00,PE,ATM+8,16.284895,132750,23850.0,23471.55,413.7,414.25,411.0,412.25,900,1738307580
2025-01-31 12:44:00,PE,ATM+8,15.935024,132750,23850.0,23462.45,413.15,418.2,413.15,415.75,825,1738307640
2025-01-31 12:45:00,PE,ATM+8,15.935024,132750,23850.0,23462.45,415.75,415.75,415.75,415.75,0,1738307700
2025-01-31 12:46:00,PE,ATM+8,16.47203,134025,23850.0,23463.6,415.75,420.0,415.75,420.0,1350,1738307760
2025-01-31 12:47:00,PE,ATM+8,16.234621,134025,23850.0,23459.45,420.0,420.85,420.0,420.85,225,1738307820
2025-01-31 12:48:00,PE,ATM+8,16.314908,134025,23850.0,23461.25,420.85,424.4,420.25,420.25,975,1738307880
2025-01-31 12:49:00,PE,ATM+8,16.429498,135000,23850.0,23468.7,420.25,420.25,415.75,415.75,2850,1738307940
2025-01-31 12:50:00,PE,ATM+8,16.23202,135000,23850.0,23467.95,415.75,415.75,414.4,414.4,1500,1738308000
2025-01-31 12:51:00,PE,ATM+8,16.536645,136200,23850.0,23467.6,414.4,417.6,414.4,417.6,600,1738308060
2025-01-31 12:52:00,PE,ATM+8,16.454796,136200,23850.0,23466.4,417.6,417.7,417.6,417.7,75,1738308120
2025-01-31 12:53:00,PE,ATM+8,16.631996,136200,23850.0,23469.9,417.7,419.0,416.8,416.8,450,1738308180
2025-01-31 12:54:00,PE,ATM+8,16.46341,136200,23850.0,23468.5,416.8,417.15,415.0,416.2,1200,1738308240
2025-01-31 12:55:00,PE,ATM+8,16.46341,136200,23850.0,23468.5,416.2,416.2,416.2,416.2,0,1738308300
2025-01-31 12:56:00,PE,ATM+8,16.549034,137175,23850.0,23472.55,416.2,416.2,414.0,414.0,675,1738308360
2025-01-31 12:57:00,PE,ATM+8,16.294174,137175,23850.0,23471.7,414.0,414.0,412.15,412.15,150,1738308420
2025-01-31 12:58:00,PE,ATM+8,16.530517,180525,23900.0,23476.45,448.45,449.05,448.45,449.05,225,1738308480
2025-01-31 12:59:00,PE,ATM+8,15.855491,180525,23900.0,23480.85,444.0,444.2,438.15,439.5,2325,1738308540
2025-01-31 13:00:00,PE,ATM+8,16.268303,180525,23900.0,23488.55,439.5,439.5,433.4,437.3,5700,1738308600
2025-01-31 13:01:00,PE,ATM+8,16.58304,183525,23900.0,23489.1,437.3,439.8,433.65,439.8,825,1738308660
2025-01-31 13:02:00,PE,ATM+8,16.121517,183525,23900.0,23476.85,439.8,447.7,439.8,445.0,375,1738308720
2025-01-31 13:03:00,PE,ATM+8,16.604109,140100,23850.0,23472.95,411.95,414.2,410.75,414.2,2775,1738308780
2025-01-31 13:04:00,PE,ATM+8,16.604109,140100,23850.0,23472.95,414.2,414.2,414.2,414.2,0,1738308840
2025-01-31 13:05:00,PE,ATM+8,16.604109,140100,23850.0,23472.95,414.2,414.2,414.2,414.2,0,1738308900
2025-01-31 13:06:00,PE,ATM+8,16.214613,143775,23850.0,23466.15,414.2,416.0,414.2,415.5,900,1738308960
2025-01-31 13:07:00,PE,ATM+8,16.738907,142950,23850.0,23471.8,415.5,416.35,415.5,416.35,75,1738309020
2025-01-31 13:08:00,PE,ATM+8,16.28167,142950,23850.0,23474.6,412.0,412.0,409.8,409.8,225,1738309080
2025-01-31 13:09:00,PE,ATM+8,15.96103,184275,23900.0,23482.85,442.8,443.35,438.85,438.85,1350,1738309140
2025-01-31 13:10:00,PE,ATM+8,16.465608,185250,23900.0,23490.35,438.85,438.85,436.35,437.7,300,1738309200
2025-01-31 13:11:00,PE,ATM+8,16.408917,185250,23900.0,23488.35,437.7,439.4,436.65,438.7,525,1738309260
2025-01-31 13:12:00,PE,ATM+8,16.739035,185250,23900.0,23492.65,438.7,439.7,438.5,438.5,150,1738309320
2025-01-31 13:13:00,PE,ATM+8,16.531262,185625,23900.0,23496.05,438.5,438.5,428.5,433.95,5850,1738309380
2025-01-31 13:14:00,PE,ATM+8,16.797415,185625,23900.0,23500.1,433.95,438.5,432.65,433.4,2325,1738309440
2025-01-31 13:15:00,PE,ATM+8,17.375973,185625,23900.0,23507.3,433.4,433.6,431.65,433.6,1425,1738309500
2025-01-31 13:16:00,PE,ATM+8,17.40808,188175,23900.0,23507.85,433.6,433.6,431.65,433.5,450,1738309560
2025-01-31 13:17:00,PE,ATM+8,17.324415,188175,23900.0,23506.0,433.5,435.6,433.5,434.05,1575,1738309620
2025-01-31 13:18:00,PE,ATM+8,17.670452,188175,23900.0,23506.05,434.05,437.9,434.05,437.4,6450,1738309680
2025-01-31 13:19:00,PE,ATM+8,17.841082,190425,23900.0,23508.8,437.4,437.4,437.05,437.05,375,1738309740
2025-01-31 13:20:00,PE,ATM+8,18.168068,190425,23900.0,23509.55,437.05,439.75,434.4,439.75,1950,1738309800
2025-01-31 13:21:00,PE,ATM+8,18.213859,190425,23900.0,23508.8,439.75,440.75,439.75,440.75,750,1738309860
2025-01-31 13:22:00,PE,ATM+8,18.187255,191700,23900.0,23505.7,440.75,442.75,440.7,442.75,150,1738309920
2025-01-31 13:23:00,PE,ATM+8,18.357631,191700,23900.0,23513.5,440.7,441.35,438.75,438.75,450,1738309980
2025-01-31 13:24:00,PE,ATM+8,18.269873,191700,23900.0,23513.1,438.5,438.5,433.85,438.15,3825,1738310040
2025-01-31 13:25:00,PE,ATM+8,18.509085,190950,23900.0,23511.25,438.15,441.9,438.15,441.9,300,1738310100
2025-01-31 13:26:00,PE,ATM+8,18.281691,190950,23900.0,23517.85,439.65,441.65,434.8,434.8,1125,1738310160
2025-01-31 13:27:00,PE,ATM+8,18.551337,190950,23900.0,23518.65,434.8,436.95,434.0,436.95,450,1738310220
2025-01-31 13:28:00,PE,ATM+8,18.918891,191250,23900.0,23522.55,436.95,437.9,435.95,437.9,750,1738310280
2025-01-31 13:29:00,PE,ATM+8,18.867562,191250,23900.0,23522.5,437.9,438.45,435.4,437.4,4575,1738310340
2025-01-31 13:30:00,PE,ATM+8,18.736376,32625,23950.0,23525.25,470.0,470.95,470.0,470.95,75,1738310400
2025-01-31 13:31:00,PE,ATM+8,18.751793,34575,23950.0,23528.4,470.95,470.95,468.75,468.75,900,1738310460
2025-01-31 13:32:00,PE,ATM+8,18.938982,192225,23900.0,23521.05,432.95,439.15,432.9,439.15,450,1738310520
2025-01-31 13:33:00,PE,ATM+8,18.808245,192225,23900.0,23523.35,439.15,442.35,436.15,436.15,975,1738310580
2025-01-31 13:34:00,PE,ATM+8,18.781356,195300,23900.0,23524.0,436.15,438.0,434.8,435.4,3075,1738310640
2025-01-31 13:35:00,PE,ATM+8,18.929795,195300,23900.0,23522.7,435.4,441.4,435.0,437.85,2775,1738310700
2025-01-31 13:36:00,PE,ATM+8,18.904554,195300,23900.0,23521.35,437.85,438.55,437.85,438.55,75,1738310760
2025-01-31 13:37:00,PE,ATM+8,18.959011,197250,23900.0,23513.7,438.55,444.6,438.55,444.6,3450,1738310820
2025-01-31 13:38:00,PE,ATM+8,18.918596,197250,23900.0,23513.95,445.0,445.0,444.0,444.0,1800,1738310880
2025-01-31 13:39:00,PE,ATM+8,18.79054,197250,23900.0,23508.55,444.0,448.1,444.0,446.6,2550,1738310940
2025-01-31 13:40:00,PE,ATM+8,18.904065,197100,23900.0,23513.1,446.6,446.6,443.65,444.45,225,1738311000
2025-01-31 13:41:00,PE,ATM+8,18.829109,197100,23900.0,23512.45,444.45,444.45,442.0,444.15,1200,1738311060
2025-01-31 13:42:00,PE,ATM+8,18.728389,197100,23900.0,23513.1,443.0,444.15,442.65,442.65,2025,1738311120
2025-01-31 13:43:00,PE,ATM+8,18.122181,195300,23900.0,23494.0,442.65,450.6,440.35,450.6,1650,1738311180
2025-01-31 13:44:00,PE,ATM+8,18.597445,195300,23900.0,23506.65,450.6,453.85,446.0,446.0,525,1738311240
2025-01-31 13:45:00,PE,ATM+8,18.50251,195300,23900.0,23505.2,446.1,446.1,445.85,446.1,375,1738311300
2025-01-31 13:46:00,PE,ATM+8,18.644574,195225,23900.0,23511.75,446.1,448.25,442.75,442.75,675,1738311360
2025-01-31 13:47:00,PE,ATM+8,18.716648,195225,23900.0,23505.45,442.75,449.35,442.75,448.05,375,1738311420
2025-01-31 13:48:00,PE,ATM+8,18.546918,195225,23900.0,23500.45,448.05,450.0,448.05,450.0,75,1738311480
2025-01-31 13:49:00,PE,ATM+8,18.684113,195150,23900.0,23501.9,450.0,454.45,449.0,450.3,1950,1738311540
2025-01-31 13:50:00,PE,ATM+8,18.953075,195150,23900.0,23505.6,450.3,450.3,450.3,450.3,300,1738311600
2025-01-31 13:51:00,PE,ATM+8,18.797046,195150,23900.0,23501.1,450.3,452.0,450.3,452.0,75,1738311660
2025-01-31 13:52:00,PE,ATM+8,19.042096,196275,23900.0,23494.25,452.0,459.45,451.65,459.45,3150,1738311720
2025-01-31 13:53:00,PE,ATM+8,19.047577,196275,23900.0,23497.6,459.45,459.45,454.5,457.05,2550,1738311780
2025-01-31 13:54:00,PE,ATM+8,19.103836,196275,23900.0,23494.8,457.05,467.0,457.05,459.65,5775,1738311840
2025-01-31 13:55:00,PE,ATM+8,19.210354,195675,23900.0,23493.1,459.65,464.05,459.65,461.95,525,1738311900
2025-01-31 13:56:00,PE,ATM+8,19.272813,195675,23900.0,23488.2,461.95,466.95,461.95,466.15,675,1738311960
2025-01-31 13:57:00,PE,ATM+8,18.936929,195675,23900.0,23482.45,466.15,469.0,465.65,467.05,1125,1738312020
2025-01-31 13:58:00,PE,ATM+8,18.897219,195000,23900.0,23484.55,467.05,468.0,464.55,465.1,2400,1738312080
2025-01-31 13:59:00,PE,ATM+8,19.123292,195000,23900.0,23481.8,465.1,469.35,465.1,469.35,1050,1738312140
2025-01-31 14:00:00,PE,ATM+8,19.42681,145950,23850.0,23474.55,432.1,441.1,432.1,441.1,675,1738312200
2025-01-31 14:01:00,PE,ATM+8,18.780064,196350,23900.0,23481.55,472.7,472.7,464.1,466.15,1800,1738312260
2025-01-31 14:02:00,PE,ATM+8,18.446018,196350,23900.0,23476.05,466.15,467.0,465.7,467.0,1125,1738312320
2025-01-31 14:03:00,PE,ATM+8,19.002663,146325,23850.0,23471.9,433.1,441.3,433.1,438.6,1500,1738312380
2025-01-31 14:04:00,PE,ATM+8,19.130991,147375,23850.0,23473.45,438.6,440.0,438.6,438.8,600,1738312440
2025-01-31 14:05:00,PE,ATM+8,19.887265,147375,23850.0,23460.45,438.8,455.85,438.8,455.85,1575,1738312500
2025-01-31 14:06:00,PE,ATM+8,19.906374,147375,23850.0,23455.4,455.85,460.05,455.8,459.65,2700,1738312560
2025-01-31 14:07:00,PE,ATM+8,19.845001,146925,23850.0,23455.35,459.65,459.65,456.65,459.05,1050,1738312620
2025-01-31 14:08:00,PE,ATM+8,19.789635,146925,23850.0,23456.85,459.05,459.05,455.35,457.4,675,1738312680
2025-01-31 14:09:00,PE,ATM+8,19.007174,146925,23850.0,23438.85,457.4,463.1,457.4,462.6,825,1738312740
2025-01-31 14:10:00,PE,ATM+8,18.601388,146400,23850.0,23433.8,462.6,463.9,460.35,462.35,1725,1738312800
2025-01-31 14:11:00,PE,ATM+8,18.575059,146400,23850.0,23441.2,462.35,462.35,456.6,456.6,450,1738312860
2025-01-31 14:12:00,PE,ATM+8,18.160083,146400,23850.0,23442.2,457.7,469.0,451.8,451.8,2175,1738312920
2025-01-31 14:13:00,PE,ATM+8,18.332876,147150,23850.0,23438.6,451.8,457.6,451.8,456.15,825,1738312980
2025-01-31 14:14:00,PE,ATM+8,18.349322,147150,23850.0,23447.85,454.6,454.95,448.25,449.45,2400,1738313040
2025-01-31 14:15:00,PE,ATM+8,17.528172,147150,23850.0,23442.45,449.45,449.45,443.35,445.5,1500,1738313100
2025-01-31 14:16:00,PE,ATM+8,18.173814,148575,23850.0,23427.7,455.35,465.25,455.35,462.75,2850,1738313160
2025-01-31 14:17:00,PE,ATM+8,17.750596,148575,23850.0,23432.3,462.75,462.75,455.25,455.25,225,1738313220
2025-01-31 14:18:00,PE,ATM+8,17.971647,148575,23850.0,23425.4,455.25,462.55,455.25,462.55,2100,1738313280
2025-01-31 14:19:00,PE,ATM+8,18.453985,148275,23850.0,23436.9,462.55,462.55,458.55,458.55,75,1738313340
2025-01-31 14:20:00,PE,ATM+8,18.007386,148275,23850.0,23434.0,458.55,458.55,454.15,456.4,1500,1738313400
2025-01-31 14:21:00,PE,ATM+8,17.696259,148275,23850.0,23438.75,456.4,456.4,449.85,449.85,825,1738313460
2025-01-31 14:22:00,PE,ATM+8,17.853616,149475,23850.0,23447.25,449.85,449.85,444.05,445.0,600,1738313520
2025-01-31 14:23:00,PE,ATM+8,17.454882,149475,23850.0,23450.25,445.0,445.35,437.55,438.9,1650,1738313580
2025-01-31 14:24:00,PE,ATM+8,17.623955,149475,23850.0,23445.4,438.9,446.05,438.9,444.15,750,1738313640
2025-01-31 14:25:00,PE,ATM+8,17.737635,149325,23850.0,23436.25,445.45,454.4,445.45,452.1,900,1738313700
2025-01-31 14:26:00,PE,ATM+8,17.836695,149325,23850.0,23438.7,452.1,453.35,450.95,451.2,1500,1738313760
2025-01-31 14:27:00,PE,ATM+8,17.758726,149325,23850.0,23436.7,451.2,454.5,451.2,451.95,825,1738313820
2025-01-31 14:28:00,PE,ATM+8,17.802721,149850,23850.0,23432.6,455.0,458.35,454.5,455.45,2775,1738313880
2025-01-31 14:29:00,PE,ATM+8,17.997831,149850,23850.0,23444.5,455.45,455.5,445.4,448.4,750,1738313940
2025-01-31 14:30:00,PE,ATM+8,18.111855,149850,23850.0,23435.25,447.3,457.45,446.75,456.4,4200,1738314000
2025-01-31 14:31:00,PE,ATM+8,17.813927,150825,23850.0,23438.5,455.1,456.35,451.1,451.1,2400,1738314060
2025-01-31 14:32:00,PE,ATM+8,17.49459,150825,23850.0,23442.15,451.1,451.1,445.3,445.3,150,1738314120
2025-01-31 14:33:00,PE,ATM+8,17.827976,150825,23850.0,23448.7,445.3,449.55,443.6,443.6,2250,1738314180
2025-01-31 14:34:00,PE,ATM+8,18.092947,150825,23850.0,23452.65,443.15,443.25,443.15,443.25,225,1738314240
2025-01-31 14:35:00,PE,ATM+8,17.579814,150075,23850.0,23452.1,439.2,440.05,438.65,438.65,825,1738314300
2025-01-31 14:36:00,PE,ATM+8,17.851205,150075,23850.0,23447.7,438.65,444.55,438.65,444.55,75,1738314360
2025-01-31 14:37:00,PE,ATM+8,17.732313,150300,23850.0,23454.95,444.55,444.55,438.0,438.0,1125,1738314420
2025-01-31 14:38:00,PE,ATM+8,17.428907,150300,23850.0,23455.75,435.3,435.3,432.05,434.45,2175,1738314480
2025-01-31 14:39:00,PE,ATM+8,17.137804,150300,23850.0,23463.3,434.45,434.45,426.0,426.0,1200,1738314540
2025-01-31 14:40:00,PE,ATM+8,17.590318,149325,23850.0,23467.25,426.0,430.3,426.0,427.5,600,1738314600
2025-01-31 14:41:00,PE,ATM+8,17.519429,149325,23850.0,23466.7,427.5,427.5,426.8,427.2,600,1738314660
2025-01-31 14:42:00,PE,ATM+8,17.042009,149325,23850.0,23474.9,427.2,427.2,414.6,416.45,1875,1738314720
2025-01-31 14:43:00,PE,ATM+8,16.508386,196575,23900.0,23485.15,451.95,451.95,439.3,441.6,10275,1738314780
2025-01-31 14:44:00,PE,ATM+8,16.839254,196575,23900.0,23484.3,441.6,447.6,441.6,445.3,4575,1738314840
2025-01-31 14:45:00,PE,ATM+8,16.987577,196575,23900.0,23479.1,445.3,452.0,444.5,450.65,1350,1738314900
2025-01-31 14:46:00,PE,ATM+8,17.297965,199725,23900.0,23493.45,450.65,450.65,441.95,442.65,3750,1738314960
2025-01-31 14:47:00,PE,ATM+8,16.866965,199725,23900.0,23486.25,442.65,445.35,442.65,444.05,1050,1738315020
2025-01-31 14:48:00,PE,ATM+8,16.641,199725,23900.0,23480.85,444.05,446.6,441.7,446.1,825,1738315080
2025-01-31 14:49:00,PE,ATM+8,16.655458,199725,23900.0,23485.7,446.1,447.85,442.5,442.5,1500,1738315140
2025-01-31 14:50:00,PE,ATM+8,16.343621,199725,23900.0,23494.0,441.5,441.5,432.0,433.25,4575,1738315200
2025-01-31 14:51:00,PE,ATM+8,16.574723,199725,23900.0,23488.3,433.25,439.75,433.25,439.75,1425,1738315260
2025-01-31 14:52:00,PE,ATM+8,16.333302,200625,23900.0,23490.8,439.75,439.75,432.4,435.6,1650,1738315320
2025-01-31 14:53:00,PE,ATM+8,16.48578,200625,23900.0,23491.65,435.6,436.35,433.65,436.35,3525,1738315380
2025-01-31 14:54:00,PE,ATM+8,16.16773,200625,23900.0,23488.3,436.35,437.1,436.0,436.0,525,1738315440
2025-01-31 14:55:00,PE,ATM+8,16.465325,203325,23900.0,23486.05,436.0,441.8,436.0,440.45,750,1738315500
2025-01-31 14:56:00,PE,ATM+8,16.180048,203325,23900.0,23486.75,440.45,440.45,436.35,437.3,450,1738315560
2025-01-31 14:57:00,PE,ATM+8,16.148034,203325,23900.0,23493.95,437.3,437.3,429.2,431.45,2550,1738315620
2025-01-31 14:58:00,PE,ATM+8,16.170165,206925,23900.0,23487.85,431.45,436.35,425.0,436.35,7425,1738315680
2025-01-31 14:59:00,PE,ATM+8,16.100505,206925,23900.0,23494.15,436.35,439.85,426.75,430.85,3225,1738315740
2025-01-31 15:00:00,PE,ATM+8,16.480886,206925,23900.0,23499.4,430.55,433.65,428.0,430.35,4575,1738315800
2025-01-31 15:01:00,PE,ATM+8,16.441045,207375,23900.0,23486.5,432.9,439.85,432.9,439.85,1950,1738315860
2025-01-31 15:02:00,PE,ATM+8,16.735303,207375,23900.0,23483.05,439.85,447.6,439.85,445.2,4650,1738315920
2025-01-31 15:03:00,PE,ATM+8,16.940235,207375,23900.0,23495.25,445.2,445.2,437.8,437.8,975,1738315980
2025-01-31 15:04:00,PE,ATM+8,17.330151,205200,23900.0,23500.7,437.8,440.5,436.8,437.4,3450,1738316040
2025-01-31 15:05:00,PE,ATM+8,17.686796,205200,23900.0,23492.65,437.4,447.95,437.4,446.85,1125,1738316100
2025-01-31 15:06:00,PE,ATM+8,17.610148,205200,23900.0,23490.0,448.5,450.35,445.9,448.1,3225,1738316160
2025-01-31 15:07:00,PE,ATM+8,17.578178,203925,23900.0,23486.8,448.1,450.2,446.9,450.2,975,1738316220
2025-01-31 15:08:00,PE,ATM+8,16.565402,203925,23900.0,23493.95,450.2,450.2,434.6,435.25,2025,1738316280
2025-01-31 15:09:00,PE,ATM+8,17.262301,203925,23900.0,23505.6,435.25,435.8,429.0,433.05,5175,1738316340
2025-01-31 15:10:00,PE,ATM+8,17.666436,203850,23900.0,23507.1,432.1,436.45,431.75,435.85,4875,1738316400
2025-01-31 15:11:00,PE,ATM+8,18.09169,203850,23900.0,23508.55,435.5,440.8,433.65,438.95,5475,1738316460
2025-01-31 15:12:00,PE,ATM+8,17.982739,203850,23900.0,23514.7,438.95,438.95,432.6,433.35,3750,1738316520
2025-01-31 15:13:00,PE,ATM+8,18.11454,205125,23900.0,23510.2,433.35,439.0,433.35,437.95,3300,1738316580
2025-01-31 15:14:00,PE,ATM+8,18.517742,205125,23900.0,23515.15,437.95,439.6,437.95,438.35,1350,1738316640
2025-01-31 15:15:00,PE,ATM+8,18.480115,205125,23900.0,23509.2,438.35,442.3,436.3,442.3,4725,1738316700
2025-01-31 15:16:00,PE,ATM+8,18.099527,207600,23900.0,23508.2,442.3,442.3,439.1,439.25,750,1738316760
2025-01-31 15:17:00,PE,ATM+8,17.803375,207600,23900.0,23500.55,439.25,442.0,437.9,442.0,2775,1738316820
2025-01-31 15:18:00,PE,ATM+8,17.696991,207600,23900.0,23511.15,442.0,442.6,433.1,433.1,1125,1738316880
2025-01-31 15:19:00,PE,ATM+8,18.0764,208725,23900.0,23515.7,434.35,434.9,430.6,433.5,1050,1738316940
2025-01-31 15:20:00,PE,ATM+8,18.11777,208725,23900.0,23517.35,430.8,433.35,430.3,432.7,4575,1738317000
2025-01-31 15:21:00,PE,ATM+8,17.923531,208725,23900.0,23518.25,432.1,432.1,428.45,430.1,12825,1738317060
2025-01-31 15:22:00,PE,ATM+8,17.510913,205500,23900.0,23518.6,429.6,431.7,425.0,425.75,1575,1738317120
2025-01-31 15:23:00,PE,ATM+8,17.260301,205500,23900.0,23519.25,425.75,425.75,422.8,422.8,6150,1738317180
2025-01-31 15:24:00,PE,ATM+8,17.764211,205500,23900.0,23521.25,422.8,426.8,422.8,426.3,2100,1738317240
2025-01-31 15:25:00,PE,ATM+8,17.813464,204225,23900.0,23519.45,426.3,429.0,426.3,428.1,5625,1738317300
2025-01-31 15:26:00,PE,ATM+8,17.083676,204225,23900.0,23521.55,428.1,428.1,419.1,419.35,5325,1738317360
2025-01-31 15:27:00,PE,ATM+8,17.236325,39600,23950.0,23530.4,454.85,457.1,452.0,452.0,900,1738317420
2025-01-31 15:28:00,PE,ATM+8,18.034661,39000,23950.0,23536.9,452.0,454.65,452.0,454.65,825,1738317480
2025-01-31 15:29:00,PE,ATM+8,17.015624,39000,23950.0,23533.85,454.65,454.65,447.3,447.3,1650,1738317540
2025-02-01 09:16:00,PE,ATM+8,19.37666,204900,23900.0,23522.2,440.95,442.05,432.9,432.9,1575,1738381560
2025-02-01 09:17:00,PE,ATM+8,19.967249,204900,23900.0,23503.8,435.85,456.1,430.0,451.85,11850,1738381620
2025-02-01 09:18:00,PE,ATM+8,20.588087,201675,23900.0,23505.55,448.25,461.2,448.25,456.35,13500,1738381680
2025-02-01 09:19:00,PE,ATM+8,20.700616,201675,23900.0,23498.4,456.35,464.9,456.35,462.6,10275,1738381740
2025-02-01 09:20:00,PE,ATM+8,20.464383,201675,23900.0,23487.1,466.0,470.25,462.15,468.7,5400,1738381800
2025-02-01 09:21:00,PE,ATM+8,20.400774,197850,23900.0,23488.6,468.7,469.0,463.85,467.0,2925,1738381860
2025-02-01 09:22:00,PE,ATM+8,21.255345,197850,23900.0,23496.5,471.2,477.2,469.15,469.15,5625,1738381920
2025-02-01 09:23:00,PE,ATM+8,20.57674,197850,23900.0,23493.7,467.95,467.95,460.65,464.85,1350,1738381980
2025-02-01 09:24:00,PE,ATM+8,20.292323,200175,23900.0,23494.4,464.85,465.25,461.7,461.7,825,1738382040
2025-02-01 09:25:00,PE,ATM+8,19.977089,200175,23900.0,23493.45,461.7,461.7,459.5,459.5,525,1738382100
2025-02-01 09:26:00,PE,ATM+8,20.537268,200175,23900.0,23500.95,459.5,462.9,457.15,459.15,1200,1738382160
2025-02-01 09:27:00,PE,ATM+8,20.483684,200475,23900.0,23498.75,458.95,461.95,457.9,460.25,900,1738382220
2025-02-01 09:28:00,PE,ATM+8,19.835045,200475,23900.0,23503.3,460.25,460.35,449.6,450.9,1500,1738382280
2025-02-01 09:29:00,PE,ATM+8,20.544306,200475,23900.0,23506.7,450.9,456.0,450.9,455.0,1875,1738382340
2025-02-01 09:30:00,PE,ATM+8,20.260966,40875,23950.0,23532.7,486.4,486.4,470.35,470.35,450,1738382400
2025-02-01 09:31:00,PE,ATM+8,19.181716,726825,24000.0,23583.95,506.4,506.4,450.25,460.0,43950,1738382460
2025-02-01 09:32:00,PE,ATM+8,20.676543,40875,23950.0,23557.35,429.9,462.5,429.9,456.1,975,1738382520
2025-02-01 09:33:00,PE,ATM+8,21.000319,42000,23950.0,23558.95,456.1,458.0,453.6,458.0,375,1738382580
2025-02-01 09:34:00,PE,ATM+8,20.839852,42000,23950.0,23562.65,458.0,458.0,453.8,453.8,375,1738382640
2025-02-01 09:35:00,PE,ATM+8,21.259203,42000,23950.0,23553.8,456.95,464.15,456.95,464.15,1125,1738382700
2025-02-01 09:36:00,PE,ATM+8,21.64981,42000,23950.0,23547.9,464.15,472.1,464.15,472.1,225,1738382760
2025-02-01 09:39:00,PE,ATM+8,21.470686,42525,23950.0,23549.8,472.1,472.1,469.0,469.0,225,1738382940
2025-02-01 09:43:00,PE,ATM+8,22.297395,42600,23950.0,23567.65,469.0,469.0,464.2,464.2,75,1738383180
2025-02-01 09:44:00,PE,ATM+8,21.397953,42600,23950.0,23558.85,464.2,464.2,461.75,461.75,75,1738383240
2025-02-01 09:48:00,PE,ATM+8,21.180874,741000,24000.0,23575.75,487.15,490.0,481.9,484.1,7500,1738383480
2025-02-01 09:50:00,PE,ATM+8,21.229656,42750,23950.0,23574.3,448.0,449.05,448.0,449.05,300,1738383600
2025-02-01 09:51:00,PE,ATM+8,20.804871,42600,23950.0,23569.75,449.05,449.05,448.2,448.2,450,1738383660
2025-02-01 09:52:00,PE,ATM+8,20.820235,745725,24000.0,23580.35,486.35,486.35,477.35,477.35,11400,1738383720
2025-02-01 09:53:00,PE,ATM+8,21.307923,745725,24000.0,23578.3,479.0,483.65,476.0,483.35,4875,1738383780
2025-02-01 09:54:00,PE,ATM+8,21.520569,754200,24000.0,23578.25,482.0,486.0,482.0,485.35,3525,1738383840
2025-02-01 09:55:00,PE,ATM+8,21.54032,754200,24000.0,23582.25,486.15,486.15,482.0,482.6,6225,1738383900
2025-02-01 09:56:00,PE,ATM+8,21.156946,43125,23950.0,23559.45,448.3,479.95,448.3,458.9,825,1738383960
2025-02-01 09:57:00,PE,ATM+8,21.26327,42675,23950.0,23562.8,458.9,465.95,457.5,457.5,150,1738384020
2025-02-01 09:58:00,PE,ATM+8,21.112651,42675,23950.0,23556.2,460.8,460.8,460.8,460.8,75,1738384080
2025-02-01 09:59:00,PE,ATM+8,21.746821,42675,23950.0,23560.65,463.65,463.65,463.65,463.65,75,1738384140
2025-02-01 10:00:00,PE,ATM+8,21.142259,42675,23950.0,23559.2,463.65,463.65,458.9,458.9,150,1738384200
2025-02-01 10:01:00,PE,ATM+8,20.732389,42750,23950.0,23552.8,458.9,459.65,458.9,459.65,75,1738384260
2025-02-01 10:02:00,PE,ATM+8,21.084983,42750,23950.0,23559.25,459.65,459.65,458.3,458.3,450,1738384320
2025-02-01 10:03:00,PE,ATM+8,21.438396,42750,23950.0,23563.45,458.3,458.65,458.3,458.65,75,1738384380
2025-02-01 10:04:00,PE,ATM+8,20.266654,42975,23950.0,23559.55,458.65,458.65,450.35,450.35,75,1738384440
2025-02-01 10:05:00,PE,ATM+8,21.291738,42975,23950.0,23554.85,450.35,463.4,437.65,463.4,3000,1738384500
2025-02-01 10:06:00,PE,ATM+8,20.446577,42000,23950.0,23568.35,463.4,463.4,445.65,445.65,600,1738384560
2025-02-01 10:07:00,PE,ATM+8,21.049453,42000,23950.0,23561.7,445.65,456.15,445.65,456.15,975,1738384620
2025-02-01 10:10:00,PE,ATM+8,20.509433,42075,23950.0,23558.2,453.55,453.55,453.55,453.55,75,1738384800
2025-02-01 10:11:00,PE,ATM+8,20.532002,42075,23950.0,23559.65,453.55,456.3,451.45,452.7,300,1738384860
2025-02-01 10:12:00,PE,ATM+8,20.790393,42075,23950.0,23556.85,452.7,457.15,452.7,457.15,75,1738384920
2025-02-01 10:14:00,PE,ATM+8,19.952155,42150,23950.0,23555.9,455.8,455.8,450.0,450.0,150,1738385040
2025-02-01 10:15:00,PE,ATM+8,20.272191,42150,23950.0,23562.3,450.0,450.0,448.3,448.3,75,1738385100
2025-02-01 10:16:00,PE,ATM+8,20.439426,42150,23950.0,23567.5,448.3,448.3,441.25,446.1,450,1738385160
2025-02-01 10:17:00,PE,ATM+8,19.827862,42150,23950.0,23559.75,446.1,446.1,446.0,446.0,75,1738385220
2025-02-01 10:18:00,PE,ATM+8,19.905588,41400,23950.0,23565.45,446.0,446.0,442.3,442.55,900,1738385280
2025-02-01 10:19:00,PE,ATM+8,19.716811,41400,23950.0,23572.15,442.55,442.55,430.0,435.9,1425,1738385340
2025-02-01 10:20:00,PE,ATM+8,20.006222,41400,23950.0,23560.2,435.9,447.3,432.0,447.3,3225,1738385400
2025-02-01 10:21:00,PE,ATM+8,19.84461,41400,23950.0,23560.05,447.3,447.3,445.9,445.9,150,1738385460
2025-02-01 10:23:00,PE,ATM+8,19.90716,42450,23950.0,23567.4,445.9,445.9,441.1,441.1,600,1738385580
2025-02-01 10:24:00,PE,ATM+8,19.237604,42450,23950.0,23570.9,441.1,441.1,430.8,432.3,450,1738385640
2025-02-01 10:25:00,PE,ATM+8,19.149128,42675,23950.0,23566.1,432.3,435.0,432.3,435.0,75,1738385700
2025-02-01 10:27:00,PE,ATM+8,19.066906,42675,23950.0,23564.85,435.0,435.15,435.0,435.15,75,1738385820
2025-02-01 10:28:00,PE,ATM+8,18.809106,42600,23950.0,23571.8,435.15,435.15,424.35,427.65,300,1738385880
2025-02-01 10:29:00,PE,ATM+8,19.187319,42600,23950.0,23568.3,427.65,433.7,427.65,433.7,300,1738385940
2025-02-01 10:35:00,PE,ATM+8,18.812981,42825,23950.0,23563.05,433.7,434.1,433.7,434.1,675,1738386300
2025-02-01 10:37:00,PE,ATM+8,18.856775,43425,23950.0,23563.7,434.1,434.1,434.0,434.0,150,1738386420
2025-02-01 10:41:00,PE,ATM+8,19.611884,767025,24000.0,23592.55,471.4,471.4,443.6,456.85,26850,1738386660
2025-02-01 10:42:00,PE,ATM+8,19.054488,780300,24000.0,23591.0,454.15,455.7,451.95,453.0,7725,1738386720
2025-02-01 10:43:00,PE,ATM+8,19.688807,780300,24000.0,23582.55,454.3,465.45,453.7,465.0,18600,1738386780
2025-02-01 10:44:00,PE,ATM+8,19.841935,780300,24000.0,23581.7,465.7,468.15,464.75,467.0,4350,1738386840
2025-02-01 10:45:00,PE,ATM+8,19.511178,772275,24000.0,23581.75,467.0,467.0,460.0,464.0,1575,1738386900
2025-02-01 10:46:00,PE,ATM+8,19.758585,772275,24000.0,23579.35,467.0,471.35,467.0,468.0,4200,1738386960
2025-02-01 10:47:00,PE,ATM+8,19.301268,772275,24000.0,23583.9,468.0,469.45,456.25,460.5,3150,1738387020
2025-02-01 10:48:00,PE,ATM+8,19.517238,772050,24000.0,23584.45,459.25,464.75,459.25,462.0,4125,1738387080
2025-02-01 10:49:00,PE,ATM+8,19.186638,772050,24000.0,23580.75,462.0,462.0,458.15,461.85,3600,1738387140
2025-02-01 10:50:00,PE,ATM+8,18.831738,772050,24000.0,23579.15,461.85,461.85,456.75,459.95,7200,1738387200
2025-02-01 10:51:00,PE,ATM+8,18.601709,779250,24000.0,23582.55,459.95,460.3,453.0,455.35,6075,1738387260
2025-02-01 10:52:00,PE,ATM+8,18.584213,779250,24000.0,23582.8,455.35,456.5,451.0,455.0,4500,1738387320
2025-02-01 10:53:00,PE,ATM+8,18.708745,779250,24000.0,23582.9,455.6,457.1,455.0,456.0,2025,1738387380
2025-02-01 10:54:00,PE,ATM+8,18.082124,783675,24000.0,23586.65,456.0,456.0,447.7,447.7,8325,1738387440
2025-02-01 10:55:00,PE,ATM+8,18.189897,783675,24000.0,23582.05,449.25,453.35,449.0,452.15,4050,1738387500
2025-02-01 10:56:00,PE,ATM+8,18.296206,783675,24000.0,23580.95,452.15,453.9,451.7,453.9,2175,1738387560
2025-02-01 10:57:00,PE,ATM+8,18.143768,789150,24000.0,23590.65,453.9,453.9,437.5,445.15,15225,1738387620
2025-02-01 10:58:00,PE,ATM+8,17.676339,789150,24000.0,23584.65,444.85,455.0,444.85,445.75,15075,1738387680
2025-02-01 10:59:00,PE,ATM+8,18.189838,789150,24000.0,23590.5,441.35,447.35,433.6,445.65,8400,1738387740
2025-02-01 11:00:00,PE,ATM+8,18.71756,790125,24000.0,23591.3,445.65,450.0,444.85,449.65,2850,1738387800
2025-02-01 11:01:00,PE,ATM+8,18.416995,790125,24000.0,23575.55,448.5,463.1,448.5,459.05,7800,1738387860
2025-02-01 11:02:00,PE,ATM+8,18.270442,50550,23950.0,23536.9,423.75,458.65,423.75,448.8,2250,1738387920
2025-02-01 11:03:00,PE,ATM+8,18.791905,51375,23950.0,23555.65,449.9,450.45,435.05,439.2,1650,1738387980
2025-02-01 11:04:00,PE,ATM+8,17.890269,51375,23950.0,23561.0,439.2,439.2,427.15,427.15,525,1738388040
2025-02-01 11:05:00,PE,ATM+8,18.586714,51375,23950.0,23557.45,427.15,436.0,427.15,436.0,525,1738388100
2025-02-01 11:06:00,PE,ATM+8,18.882078,51000,23950.0,23556.1,436.0,439.65,435.15,439.65,1575,1738388160
2025-02-01 11:07:00,PE,ATM+8,18.060291,51000,23950.0,23543.9,439.65,444.0,439.65,441.6,1500,1738388220
2025-02-01 11:08:00,PE,ATM+8,18.912906,51000,23950.0,23546.3,443.45,447.25,442.95,447.25,525,1738388280
2025-02-01 11:09:00,PE,ATM+8,17.690843,51075,23950.0,23552.4,447.25,447.25,429.6,431.9,1725,1738388340
2025-02-01 11:10:00,PE,ATM+8,17.342694,51075,23950.0,23553.5,431.9,435.2,428.05,428.05,375,1738388400
2025-02-01 11:11:00,PE,ATM+8,18.618189,51075,23950.0,23558.7,428.05,436.45,428.05,435.3,300,1738388460
2025-02-01 11:12:00,PE,ATM+8,17.917234,51075,23950.0,23570.55,435.3,435.3,416.0,420.15,1275,1738388520
2025-02-01 11:13:00,PE,ATM+8,17.875443,51675,23950.0,23574.05,420.15,420.15,417.15,417.15,75,1738388580
2025-02-01 11:14:00,PE,ATM+8,18.355552,784275,24000.0,23582.95,455.05,458.1,445.9,452.75,7350,1738388640
2025-02-01 11:15:00,PE,ATM+8,18.692928,789450,24000.0,23581.85,454.25,456.6,450.6,456.5,8475,1738388700
2025-02-01 11:16:00,PE,ATM+8,18.83731,52275,23950.0,23570.4,414.3,429.45,414.3,428.55,375,1738388760
2025-02-01 11:17:00,PE,ATM+8,18.549039,789450,24000.0,23578.7,460.15,465.0,455.05,457.65,3525,1738388820
2025-02-01 11:18:00,PE,ATM+8,18.255579,794925,24000.0,23597.25,457.65,457.65,436.25,440.95,10500,1738388880
2025-02-01 11:19:00,PE,ATM+8,18.505144,794925,24000.0,23595.05,440.7,445.9,439.0,444.8,8025,1738388940
2025-02-01 11:20:00,PE,ATM+8,18.030005,794925,24000.0,23597.6,444.8,447.5,438.05,438.7,6525,1738389000
2025-02-01 11:21:00,PE,ATM+8,18.191709,806250,24000.0,23598.0,437.35,440.0,431.6,439.8,10650,1738389060
2025-02-01 11:22:00,PE,ATM+8,18.151114,806250,24000.0,23590.7,439.75,446.5,439.7,445.0,8250,1738389120
2025-02-01 11:23:00,PE,ATM+8,18.578124,806250,24000.0,23600.3,445.0,451.55,440.0,441.45,7650,1738389180
2025-02-01 11:24:00,PE,ATM+8,18.380844,806700,24000.0,23599.9,441.45,443.15,438.75,440.0,2625,1738389240
2025-02-01 11:25:00,PE,ATM+8,18.484246,806700,24000.0,23598.45,440.0,443.5,440.0,442.0,3300,1738389300
2025-02-01 11:26:00,PE,ATM+8,18.321462,806700,24000.0,23596.55,441.45,445.0,439.5,442.0,3675,1738389360
2025-02-01 11:27:00,PE,ATM+8,17.813987,806700,24000.0,23593.0,442.0,446.0,440.3,440.3,5475,1738389420
2025-02-01 11:28:00,PE,ATM+8,18.066941,808650,24000.0,23593.75,440.3,449.8,440.3,441.9,3000,1738389480
2025-02-01 11:29:00,PE,ATM+8,17.760531,808650,24000.0,23599.5,441.9,441.9,426.05,434.85,10575,1738389540
2025-02-01 11:30:00,PE,ATM+8,17.550106,806850,24000.0,23594.85,436.0,441.0,435.9,436.6,5250,1738389600
2025-02-01 11:31:00,PE,ATM+8,17.574549,806850,24000.0,23606.15,436.6,438.35,424.15,428.15,9450,1738389660
2025-02-01 11:32:00,PE,ATM+8,17.684334,806850,24000.0,23609.9,428.15,431.4,421.6,426.25,7575,1738389720
2025-02-01 11:33:00,PE,ATM+8,17.365838,806850,24000.0,23619.4,425.0,425.0,415.0,416.25,22275,1738389780
2025-02-01 11:34:00,PE,ATM+8,16.595528,810450,24000.0,23624.55,414.0,417.25,405.6,405.6,9825,1738389840
2025-02-01 11:35:00,PE,ATM+8,16.715758,810450,24000.0,23618.25,406.0,414.05,402.4,411.45,19275,1738389900
2025-02-01 11:38:00,PE,ATM+8,17.973211,816150,24000.0,23622.75,410.35,420.5,408.85,419.1,17250,1738390080
2025-02-01 11:39:00,PE,ATM+8,18.171314,807600,24000.0,23586.2,417.55,473.55,416.4,448.5,64200,1738390140
2025-02-01 11:40:00,PE,ATM+8,17.204048,807600,24000.0,23602.3,449.75,449.75,425.0,427.85,8175,1738390200
2025-02-01 11:41:00,PE,ATM+8,17.890318,807600,24000.0,23614.6,429.3,432.25,420.0,424.45,16575,1738390260
2025-02-01 11:42:00,PE,ATM+8,18.185348,817725,24000.0,23605.65,430.0,436.8,430.0,433.8,3150,1738390320
2025-02-01 11:43:00,PE,ATM+8,18.510376,817725,24000.0,23603.95,433.8,437.95,427.0,437.95,6825,1738390380
2025-02-01 11:44:00,PE,ATM+8,17.687876,31575,24050.0,23627.25,475.6,479.35,451.55,451.55,1350,1738390440
2025-02-01 11:45:00,PE,ATM+8,18.517974,817725,24000.0,23613.9,413.65,434.0,413.25,430.55,16425,1738390500
2025-02-01 11:46:00,PE,ATM+8,17.507517,816150,24000.0,23584.55,430.55,450.0,430.55,444.1,30750,1738390560
2025-02-01 11:47:00,PE,ATM+8,16.929828,816150,24000.0,23588.9,444.1,465.15,430.0,435.9,47775,1738390620
2025-02-01 11:48:00,PE,ATM+8,16.394495,62625,23950.0,23567.45,397.05,415.0,397.05,409.0,1050,1738390680
2025-02-01 11:49:00,PE,ATM+8,15.496888,62625,23950.0,23539.7,409.0,432.2,409.0,423.55,5700,1738390740
2025-02-01 11:50:00,PE,ATM+8,15.800968,158025,23850.0,23473.0,352.5,400.2,332.4,399.25,15075,1738390800
2025-02-01 11:51:00,PE,ATM+8,16.72773,533400,23800.0,23402.3,363.55,427.0,363.55,422.8,143850,1738390860
2025-02-01 11:52:00,PE,ATM+8,18.062465,153750,23850.0,23458.5,459.9,459.95,408.4,429.65,19575,1738390920
2025-02-01 11:53:00,PE,ATM+8,18.537904,153750,23850.0,23434.45,432.35,457.25,432.35,452.05,4125,1738390980
2025-02-01 11:54:00,PE,ATM+8,18.824823,511200,23800.0,23396.6,417.9,457.1,417.9,445.0,82800,1738391040
2025-02-01 11:55:00,PE,ATM+8,16.79664,511200,23800.0,23419.85,442.0,467.6,402.4,409.8,63225,1738391100
2025-02-01 11:56:00,PE,ATM+8,18.30254,511200,23800.0,23416.4,419.7,434.2,410.45,425.5,22200,1738391160
2025-02-01 11:57:00,PE,ATM+8,18.99406,502500,23800.0,23423.8,420.05,426.2,385.85,426.2,28650,1738391220
2025-02-01 11:58:00,PE,ATM+8,18.435624,502500,23800.0,23415.15,421.4,439.6,421.4,427.6,28350,1738391280
2025-02-01 11:59:00,PE,ATM+8,18.42526,152175,23850.0,23425.8,472.45,475.4,448.6,457.7,2625,1738391340
2025-02-01 12:00:00,PE,ATM+8,18.418961,152175,23850.0,23428.9,471.7,474.35,448.1,455.25,2175,1738391400
2025-02-01 12:01:00,PE,ATM+8,19.723567,152625,23850.0,23446.2,457.1,460.9,432.2,453.5,1875,1738391460
2025-02-01 12:02:00,PE,ATM+8,19.450768,152625,23850.0,23433.5,453.6,464.7,449.5,460.6,2025,1738391520
2025-02-01 12:03:00,PE,ATM+8,18.72548,226725,23900.0,23477.35,490.0,490.0,439.45,459.3,9000,1738391580
2025-02-01 12:04:00,PE,ATM+8,19.354035,153600,23850.0,23467.8,423.75,434.15,402.95,434.15,7950,1738391640
2025-02-01 12:05:00,PE,ATM+8,19.359935,153600,23850.0,23450.25,436.65,451.5,436.45,447.2,1575,1738391700
2025-02-01 12:06:00,PE,ATM+8,19.372037,153600,23850.0,23453.0,442.55,450.85,430.5,445.25,3300,1738391760
2025-02-01 12:07:00,PE,ATM+8,18.644437,152925,23850.0,23441.55,445.35,454.2,445.35,447.45,1575,1738391820
2025-02-01 12:08:00,PE,ATM+8,19.256234,498300,23800.0,23409.5,411.9,440.65,400.3,439.05,11775,1738391880
2025-02-01 12:09:00,PE,ATM+8,19.300333,152925,23850.0,23429.65,479.35,493.5,444.8,462.15,7050,1738391940
2025-02-01 12:10:00,PE,ATM+8,19.579671,498600,23800.0,23406.45,422.05,444.2,421.75,444.2,19350,1738392000
2025-02-01 12:11:00,PE,ATM+8,18.502011,155250,23850.0,23438.85,479.45,480.0,448.25,448.25,4950,1738392060
2025-02-01 12:12:00,PE,ATM+8,20.390115,228525,23900.0,23521.55,487.0,498.0,439.05,441.25,4950,1738392120
2025-02-01 12:13:00,PE,ATM+8,18.996426,228675,23900.0,23506.95,443.25,459.45,400.7,439.2,21150,1738392180
2025-02-01 12:14:00,PE,ATM+8,18.225653,154050,23850.0,23447.05,405.0,441.9,402.75,439.6,9300,1738392240
2025-02-01 12:15:00,PE,ATM+8,19.526081,228675,23900.0,23496.85,477.0,477.0,438.0,451.45,4200,1738392300
2025-02-01 12:16:00,PE,ATM+8,17.041526,152850,23850.0,23468.3,414.45,427.65,412.4,413.2,2325,1738392360
2025-02-01 12:17:00,PE,ATM+8,18.365895,152850,23850.0,23468.8,413.2,429.0,413.2,424.4,5775,1738392420
2025-02-01 12:18:00,PE,ATM+8,18.131938,152850,23850.0,23459.65,422.2,457.15,422.2,429.2,12750,1738392480
2025-02-01 12:19:00,PE,ATM+8,18.480426,223050,23900.0,23493.1,473.2,473.2,428.9,445.05,3900,1738392540
2025-02-01 12:20:00,PE,ATM+8,18.317584,157200,23850.0,23472.75,404.1,421.0,404.1,421.0,7575,1738392600
2025-02-01 12:21:00,PE,ATM+8,18.266356,223050,23900.0,23483.3,462.35,462.35,450.0,450.7,975,1738392660
2025-02-01 12:22:00,PE,ATM+8,18.402099,225150,23900.0,23488.45,450.7,450.7,430.95,447.9,2400,1738392720
2025-02-01 12:23:00,PE,ATM+8,18.946669,225150,23900.0,23513.9,447.9,452.0,433.5,433.5,2475,1738392780
2025-02-01 12:24:00,PE,ATM+8,18.788281,225150,23900.0,23521.0,433.5,433.55,408.3,426.8,10725,1738392840
2025-02-01 12:25:00,PE,ATM+8,19.055869,226425,23900.0,23517.3,426.8,431.95,417.6,431.95,3150,1738392900
2025-02-01 12:26:00,PE,ATM+8,18.660745,226425,23900.0,23506.1,431.95,436.75,422.95,436.75,2325,1738392960
2025-02-01 12:27:00,PE,ATM+8,18.9679,226425,23900.0,23510.75,437.35,441.75,436.0,436.0,900,1738393020
2025-02-01 12:28:00,PE,ATM+8,19.042555,226275,23900.0,23482.9,436.0,462.15,436.0,457.6,2175,1738393080
2025-02-01 12:29:00,PE,ATM+8,19.331815,157725,23850.0,23449.45,428.0,449.55,420.7,447.35,3375,1738393140
2025-02-01 12:30:00,PE,ATM+8,17.88192,157725,23850.0,23463.0,447.35,447.35,422.0,424.4,3675,1738393200
2025-02-01 12:31:00,PE,ATM+8,18.474253,156450,23850.0,23436.65,424.4,453.05,424.4,449.55,4350,1738393260
2025-02-01 12:32:00,PE,ATM+8,19.771943,156450,23850.0,23456.0,449.55,449.55,425.2,446.4,6300,1738393320
2025-02-01 12:33:00,PE,ATM+8,17.242226,156450,23850.0,23442.4,446.4,446.4,433.35,434.75,150,1738393380
2025-02-01 12:34:00,PE,ATM+8,17.690811,504825,23800.0,23414.9,403.05,428.35,401.7,421.0,32175,1738393440
2025-02-01 12:35:00,PE,ATM+8,17.487546,261975,23750.0,23357.6,380.55,425.7,380.55,424.55,19950,1738393500
2025-02-01 12:36:00,PE,ATM+8,16.862911,504825,23800.0,23412.9,465.0,470.0,415.45,415.45,23250,1738393560
2025-02-01 12:37:00,PE,ATM+8,17.636773,149700,23850.0,23427.55,459.85,463.85,443.0,449.55,5775,1738393620
2025-02-01 12:38:00,PE,ATM+8,16.615795,486150,23800.0,23413.7,411.3,431.0,403.45,412.75,17925,1738393680
2025-02-01 12:39:00,PE,ATM+8,17.720931,486150,23800.0,23413.55,415.3,430.65,411.45,422.25,11550,1738393740
2025-02-01 12:40:00,PE,ATM+8,18.650516,149775,23850.0,23426.2,463.95,475.45,459.0,459.0,375,1738393800
2025-02-01 12:41:00,PE,ATM+8,17.337425,491550,23800.0,23412.95,415.25,427.65,413.0,419.4,4575,1738393860
2025-02-01 12:42:00,PE,ATM+8,18.573389,149775,23850.0,23439.75,465.5,465.5,442.4,447.95,1125,1738393920
2025-02-01 12:43:00,PE,ATM+8,18.254036,487500,23800.0,23424.85,402.6,420.0,402.6,418.4,4800,1738393980
2025-02-01 12:44:00,PE,ATM+8,17.881069,487500,23800.0,23418.45,416.15,424.65,411.5,419.9,4350,1738394040
2025-02-01 12:45:00,PE,ATM+8,17.764786,487500,23800.0,23422.4,419.9,425.0,408.95,415.9,5025,1738394100
2025-02-01 12:46:00,PE,ATM+8,18.114668,487200,23800.0,23412.45,415.9,432.4,415.9,426.45,7125,1738394160
2025-02-01 12:47:00,PE,ATM+8,17.437888,487200,23800.0,23398.45,426.45,441.05,426.45,431.35,17025,1738394220
2025-02-01 12:48:00,PE,ATM+8,16.84931,487200,23800.0,23404.0,431.35,435.35,420.0,422.15,7875,1738394280
2025-02-01 12:49:00,PE,ATM+8,17.26455,490875,23800.0,23399.15,422.15,431.0,409.65,429.35,9300,1738394340
2025-02-01 12:50:00,PE,ATM+8,17.159653,490875,23800.0,23403.7,429.35,432.0,424.95,424.95,4725,1738394400
2025-02-01 12:51:00,PE,ATM+8,17.222882,490875,23800.0,23410.55,424.95,430.7,419.5,420.2,2550,1738394460
2025-02-01 12:52:00,PE,ATM+8,17.437065,492750,23800.0,23404.5,420.2,432.95,420.2,426.65,19500,1738394520
2025-02-01 12:53:00,PE,ATM+8,17.856991,492750,23800.0,23409.7,430.55,433.4,422.35,426.25,7125,1738394580
2025-02-01 12:54:00,PE,ATM+8,17.833393,492750,23800.0,23398.1,425.0,434.9,425.0,434.9,4800,1738394640
2025-02-01 12:55:00,PE,ATM+8,17.303731,494250,23800.0,23397.65,434.9,439.5,430.8,430.8,9150,1738394700
2025-02-01 12:56:00,PE,ATM+8,17.922782,494250,23800.0,23406.8,430.0,432.9,424.15,429.0,3300,1738394760
2025-02-01 12:57:00,PE,ATM+8,17.761557,494250,23800.0,23413.65,429.0,429.0,419.5,422.4,2775,1738394820
2025-02-01 12:58:00,PE,ATM+8,17.673232,496650,23800.0,23411.85,422.4,425.1,415.0,423.0,3150,1738394880
2025-02-01 12:59:00,PE,ATM+8,17.625411,496650,23800.0,23421.65,423.0,423.0,413.35,415.15,1650,1738394940
2025-02-01 13:00:00,PE,ATM+8,17.514763,496650,23800.0,23415.3,414.4,420.9,408.0,419.0,23700,1738395000
2025-02-01 13:01:00,PE,ATM+8,17.766747,502050,23800.0,23410.25,419.0,425.0,411.0,425.0,2700,1738395060
2025-02-01 13:02:00,PE,ATM+8,17.312105,502050,23800.0,23400.85,426.0,430.65,422.35,428.35,6300,1738395120
2025-02-01 13:03:00,PE,ATM+8,16.543765,502050,23800.0,23390.7,428.35,439.4,428.35,430.0,13275,1738395180
2025-02-01 13:04:00,PE,ATM+8,17.077298,496875,23800.0,23398.9,426.0,432.4,426.0,427.9,5475,1738395240
2025-02-01 13:05:00,PE,ATM+8,17.185733,496875,23800.0,23390.6,427.9,437.0,423.2,435.25,6675,1738395300
2025-02-01 13:06:00,PE,ATM+8,16.671736,496875,23800.0,23387.35,437.6,437.6,429.2,433.65,5325,1738395360
2025-02-01 13:07:00,PE,ATM+8,16.026884,496575,23800.0,23378.1,433.65,437.2,431.0,436.0,3975,1738395420
2025-02-01 13:08:00,PE,ATM+8,15.533134,245850,23750.0,23365.65,391.3,412.0,391.3,402.0,14175,1738395480
2025-02-01 13:09:00,PE,ATM+8,14.821329,245850,23750.0,23359.8,402.0,404.35,401.1,401.1,2250,1738395540
2025-02-01 13:10:00,PE,ATM+8,14.765373,241425,23750.0,23341.4,401.65,418.3,401.65,415.6,3825,1738395600
2025-02-01 13:11:00,PE,ATM+8,13.957051,241425,23750.0,23339.4,415.6,428.0,405.75,411.5,4050,1738395660
2025-02-01 13:12:00,PE,ATM+8,14.184532,241425,23750.0,23350.65,410.0,413.0,399.4,403.8,2100,1738395720
2025-02-01 13:13:00,PE,ATM+8,15.078573,239025,23750.0,23368.4,403.8,406.1,396.2,396.2,1575,1738395780
2025-02-01 13:14:00,PE,ATM+8,14.525689,239025,23750.0,23373.4,396.2,396.2,386.25,387.9,525,1738395840
2025-02-01 13:15:00,PE,ATM+8,12.979507,239025,23750.0,23342.9,387.9,403.2,387.9,402.0,1800,1738395900
2025-02-01 13:16:00,PE,ATM+8,13.532178,240300,23750.0,23354.9,402.0,402.0,393.9,395.65,1875,1738395960
2025-02-01 13:17:00,PE,ATM+8,13.251359,240300,23750.0,23353.95,395.65,397.65,394.5,394.5,150,1738396020
2025-02-01 13:18:00,PE,ATM+8,13.645354,240300,23750.0,23346.1,394.5,403.8,393.45,403.75,1875,1738396080
2025-02-01 13:19:00,PE,ATM+8,13.508291,240000,23750.0,23354.75,403.75,405.65,395.6,395.6,1275,1738396140
2025-02-01 13:20:00,PE,ATM+8,14.997109,240000,23750.0,23364.8,395.6,398.55,394.2,398.4,975,1738396200
2025-02-01 13:21:00,PE,ATM+8,13.936873,240000,23750.0,23372.65,386.45,390.6,384.0,384.0,1725,1738396260
2025-02-01 13:22:00,PE,ATM+8,16.013977,480150,23800.0,23400.55,425.0,425.3,412.75,417.9,5925,1738396320
2025-02-01 13:23:00,PE,ATM+8,15.637777,480150,23800.0,23388.8,414.0,424.35,411.1,424.35,3150,1738396380
2025-02-01 13:24:00,PE,ATM+8,15.467388,480150,23800.0,23398.75,424.35,424.35,411.0,415.05,5925,1738396440
2025-02-01 13:25:00,PE,ATM+8,15.431845,479700,23800.0,23414.85,415.05,415.05,399.0,401.95,10800,1738396500
2025-02-01 13:26:00,PE,ATM+8,15.956828,141525,23850.0,23430.0,444.8,444.8,434.05,434.05,150,1738396560
2025-02-01 13:27:00,PE,ATM+8,14.903028,141525,23850.0,23444.1,414.9,417.15,412.1,414.7,1425,1738396620
2025-02-01 13:28:00,PE,ATM+8,16.755338,142050,23850.0,23430.3,414.7,440.0,414.7,440.0,75,1738396680
2025-02-01 13:29:00,PE,ATM+8,16.558912,142050,23850.0,23442.1,440.0,440.0,429.1,429.1,150,1738396740
2025-02-01 13:30:00,PE,ATM+8,17.320012,142050,23850.0,23451.55,429.1,429.1,423.95,427.95,150,1738396800
2025-02-01 13:31:00,PE,ATM+8,16.973401,142125,23850.0,23465.55,427.95,427.95,414.25,414.25,450,1738396860
2025-02-01 13:33:00,PE,ATM+8,17.916744,142125,23850.0,23447.0,414.25,436.45,414.25,436.45,1050,1738396980
2025-02-01 13:34:00,PE,ATM+8,17.109479,141525,23850.0,23445.4,436.45,436.45,430.95,430.95,225,1738397040
2025-02-01 13:35:00,PE,ATM+8,17.153534,141525,23850.0,23436.0,430.95,438.65,430.95,438.65,75,1738397100
2025-02-01 13:36:00,PE,ATM+8,17.205172,141525,23850.0,23448.2,434.0,434.0,429.55,429.55,150,1738397160
2025-02-01 13:37:00,PE,ATM+8,17.27039,141375,23850.0,23458.35,429.55,429.55,421.2,422.25,600,1738397220
2025-02-01 13:38:00,PE,ATM+8,17.624943,141375,23850.0,23453.45,422.25,429.0,422.25,429.0,450,1738397280
2025-02-01 13:40:00,PE,ATM+8,17.16028,141375,23850.0,23463.3,429.0,429.0,417.5,417.5,75,1738397400
2025-02-01 13:41:00,PE,ATM+8,17.379702,141225,23850.0,23470.2,417.5,417.5,414.1,414.1,300,1738397460
2025-02-01 13:42:00,PE,ATM+8,17.782965,204675,23900.0,23486.6,457.25,457.25,437.0,443.55,3525,1738397520
2025-02-01 13:43:00,PE,ATM+8,18.124633,206175,23900.0,23482.45,444.5,451.1,440.15,449.6,6375,1738397580
2025-02-01 13:44:00,PE,ATM+8,17.489254,206175,23900.0,23495.05,449.4,449.4,434.55,434.55,1950,1738397640
2025-02-01 13:45:00,PE,ATM+8,18.027175,206175,23900.0,23504.3,429.0,433.55,421.0,432.0,6150,1738397700
2025-02-01 13:46:00,PE,ATM+8,18.06921,205350,23900.0,23499.45,430.9,440.0,430.0,436.05,1725,1738397760
2025-02-01 13:47:00,PE,ATM+8,18.23576,205350,23900.0,23490.25,436.05,444.5,436.05,444.5,2325,1738397820
2025-02-01 13:48:00,PE,ATM+8,18.506291,205350,23900.0,23478.25,444.5,456.0,444.5,456.0,2775,1738397880
2025-02-01 13:49:00,PE,ATM+8,17.500114,205425,23900.0,23488.1,456.0,456.0,440.0,440.0,825,1738397940
2025-02-01 13:50:00,PE,ATM+8,18.413623,205425,23900.0,23510.4,440.0,440.0,426.25,430.7,2850,1738398000
2025-02-01 13:51:00,PE,ATM+8,18.377885,205425,23900.0,23508.25,430.7,437.35,430.7,432.0,4125,1738398060
2025-02-01 13:52:00,PE,ATM+8,17.863104,205200,23900.0,23494.05,432.0,444.5,432.0,438.4,2625,1738398120
2025-02-01 13:53:00,PE,ATM+8,18.518945,205200,23900.0,23486.15,438.4,450.0,438.4,450.0,2025,1738398180
2025-02-01 13:54:00,PE,ATM+8,17.948171,205200,23900.0,23486.4,448.15,452.35,443.25,445.0,2475,1738398240
2025-02-01 13:55:00,PE,ATM+8,17.228818,205425,23900.0,23496.75,445.0,445.0,431.0,431.0,975,1738398300
2025-02-01 13:56:00,PE,ATM+8,18.318371,205425,23900.0,23494.35,431.0,442.0,431.0,442.0,1350,1738398360
2025-02-01 13:57:00,PE,ATM+8,17.860215,205425,23900.0,23496.25,442.0,442.0,436.65,436.65,600,1738398420
2025-02-01 13:59:00,PE,ATM+8,18.27839,205500,23900.0,23495.25,436.65,440.95,435.9,440.95,1725,1738398540
2025-02-01 14:00:00,PE,ATM+8,17.83268,205500,23900.0,23504.6,440.95,440.95,430.0,430.0,2850,1738398600
2025-02-01 14:01:00,PE,ATM+8,17.578266,204525,23900.0,23492.7,425.0,437.0,425.0,437.0,2100,1738398660
2025-02-01 14:02:00,PE,ATM+8,17.23351,204525,23900.0,23484.95,437.0,443.45,437.0,440.2,1050,1738398720
2025-02-01 14:03:00,PE,ATM+8,17.695719,204525,23900.0,23478.5,440.6,449.0,433.85,449.0,1200,1738398780
2025-02-01 14:04:00,PE,ATM+8,18.151127,203700,23900.0,23487.8,445.5,447.35,443.0,445.55,1500,1738398840
2025-02-01 14:05:00,PE,ATM+8,17.8407,203700,23900.0,23490.45,445.55,445.55,440.9,440.9,75,1738398900
2025-02-01 14:06:00,PE,ATM+8,17.773702,203700,23900.0,23503.3,440.9,440.9,429.25,430.45,1800,1738398960
2025-02-01 14:07:00,PE,ATM+8,17.310588,204225,23900.0,23518.35,430.45,430.45,415.0,415.0,4800,1738399020
2025-02-01 14:08:00,PE,ATM+8,17.926797,204225,23900.0,23517.85,415.0,420.7,413.0,420.7,975,1738399080
2025-02-01 14:09:00,PE,ATM+8,18.517053,57900,23950.0,23526.0,460.0,460.0,457.95,457.95,225,1738399140
2025-02-01 14:10:00,PE,ATM+8,17.726137,58200,23950.0,23530.75,457.95,457.95,446.0,447.7,600,1738399200
2025-02-01 14:11:00,PE,ATM+8,17.523148,203550,23900.0,23523.5,405.7,413.0,405.0,412.9,525,1738399260
2025-02-01 14:12:00,PE,ATM+8,17.595057,203550,23900.0,23524.85,412.9,415.65,412.5,412.5,825,1738399320
2025-02-01 14:13:00,PE,ATM+8,17.470908,203175,23900.0,23522.75,412.5,413.0,408.45,413.0,300,1738399380
2025-02-01 14:14:00,PE,ATM+8,17.134735,203175,23900.0,23520.25,413.0,414.95,410.75,412.0,525,1738399440
2025-02-01 14:15:00,PE,ATM+8,17.134364,203175,23900.0,23518.6,412.0,413.25,410.55,413.25,375,1738399500
2025-02-01 14:16:00,PE,ATM+8,17.442191,203475,23900.0,23511.75,418.8,421.1,415.5,421.1,1650,1738399560
2025-02-01 14:17:00,PE,ATM+8,16.988438,203475,23900.0,23514.1,421.1,422.1,410.0,415.45,900,1738399620
2025-02-01 14:18:00,PE,ATM+8,17.975873,58500,23950.0,23526.45,462.0,462.0,453.05,453.05,75,1738399680
2025-02-01 14:19:00,PE,ATM+8,16.066863,58200,23950.0,23525.15,453.05,453.05,438.95,438.95,150,1738399740
2025-02-01 14:20:00,PE,ATM+8,16.227375,58200,23950.0,23534.85,438.95,438.95,432.4,432.4,75,1738399800
2025-02-01 14:21:00,PE,ATM+8,15.8578,58200,23950.0,23537.7,432.4,432.4,427.25,427.25,75,1738399860
2025-02-01 14:22:00,PE,ATM+8,16.153188,58350,23950.0,23540.95,427.25,427.25,426.95,426.95,150,1738399920
2025-02-01 14:23:00,PE,ATM+8,16.526434,58350,23950.0,23545.9,420.0,426.0,420.0,426.0,825,1738399980
2025-02-01 14:24:00,PE,ATM+8,15.598902,58350,23950.0,23543.55,426.0,426.0,420.55,420.55,150,1738400040
2025-02-01 14:25:00,PE,ATM+8,15.635733,58275,23950.0,23539.6,420.55,424.0,417.0,424.0,150,1738400100
2025-02-01 14:26:00,PE,ATM+8,16.436507,58275,23950.0,23539.9,424.0,430.0,424.0,430.0,450,1738400160
2025-02-01 14:27:00,PE,ATM+8,15.495526,58275,23950.0,23530.85,430.0,430.0,430.0,430.0,75,1738400220
2025-02-01 14:31:00,PE,ATM+8,16.297836,206175,23900.0,23522.7,390.3,402.95,390.3,402.95,3825,1738400460
2025-02-01 14:32:00,PE,ATM+8,15.86772,206175,23900.0,23489.1,402.95,435.75,402.95,425.95,15600,1738400520
2025-02-01 14:33:00,PE,ATM+8,15.845597,206175,23900.0,23482.6,429.85,445.5,429.15,431.0,13575,1738400580
2025-02-01 14:34:00,PE,ATM+8,16.023243,200475,23900.0,23478.0,431.0,444.0,430.1,436.05,3825,1738400640
2025-02-01 14:35:00,PE,ATM+8,16.550194,200475,23900.0,23490.7,436.05,436.05,427.35,430.0,2325,1738400700
2025-02-01 14:36:00,PE,ATM+8,16.758866,200475,23900.0,23493.7,430.0,431.8,425.3,429.3,825,1738400760
2025-02-01 14:37:00,PE,ATM+8,15.549739,198900,23900.0,23505.2,420.0,420.0,410.6,410.6,6375,1738400820
2025-02-01 14:38:00,PE,ATM+8,15.780435,198900,23900.0,23486.8,410.6,430.45,410.6,427.1,3975,1738400880
2025-02-01 14:39:00,PE,ATM+8,15.40427,136650,23850.0,23473.95,383.05,394.4,383.05,394.4,300,1738400940
2025-02-01 14:40:00,PE,ATM+8,14.262566,136725,23850.0,23464.8,394.75,404.45,392.85,392.85,3075,1738401000
2025-02-01 14:41:00,PE,ATM+8,14.679639,198150,23900.0,23480.95,432.2,432.2,423.2,423.75,5025,1738401060
2025-02-01 14:42:00,PE,ATM+8,13.258245,136725,23850.0,23467.55,384.0,384.0,383.3,383.3,225,1738401120
2025-02-01 14:43:00,PE,ATM+8,14.240912,137025,23850.0,23474.55,383.3,386.25,383.3,384.8,375,1738401180
2025-02-01 14:44:00,PE,ATM+8,14.966516,137025,23850.0,23471.55,384.8,392.8,384.8,392.8,375,1738401240
2025-02-01 14:46:00,PE,ATM+8,16.099444,198300,23900.0,23498.75,427.6,427.6,420.0,420.0,1575,1738401360
2025-02-01 14:47:00,PE,ATM+8,16.078332,198300,23900.0,23497.65,420.0,421.4,415.0,420.7,750,1738401420
2025-02-01 14:48:00,PE,ATM+8,15.796256,198300,23900.0,23493.25,420.7,426.45,420.7,422.0,1050,1738401480
2025-02-01 14:49:00,PE,ATM+8,15.693185,198600,23900.0,23497.25,423.0,423.0,418.0,418.0,825,1738401540
2025-02-01 14:50:00,PE,ATM+8,15.558396,198600,23900.0,23503.45,415.0,415.0,411.35,412.0,1725,1738401600
2025-02-01 14:51:00,PE,ATM+8,15.402968,198600,23900.0,23497.2,412.0,417.8,410.0,415.8,600,1738401660
2025-02-01 14:52:00,PE,ATM+8,15.150052,198600,23900.0,23492.6,415.8,419.0,415.8,417.6,375,1738401720
2025-02-01 14:53:00,PE,ATM+8,14.740386,199050,23900.0,23480.15,417.6,427.0,416.05,424.8,1800,1738401780
2025-02-01 14:54:00,PE,ATM+8,14.469683,199050,23900.0,23495.9,424.8,424.8,409.9,409.9,1050,1738401840
2025-02-01 14:55:00,PE,ATM+8,14.965368,199050,23900.0,23495.45,409.9,413.9,409.9,413.9,75,1738401900
2025-02-01 14:56:00,PE,ATM+8,15.481068,199050,23900.0,23502.6,413.9,419.5,411.65,412.05,750,1738401960
2025-02-01 14:57:00,PE,ATM+8,16.588952,199050,23900.0,23497.6,412.05,424.75,412.05,424.75,2025,1738402020
2025-02-01 14:58:00,PE,ATM+8,16.254999,197625,23900.0,23501.5,424.75,424.75,417.0,419.0,825,1738402080
2025-02-01 14:59:00,PE,ATM+8,16.322704,197625,23900.0,23506.0,419.0,419.0,408.75,416.0,1050,1738402140
2025-02-01 15:00:00,PE,ATM+8,15.972224,197625,23900.0,23511.95,416.0,420.9,408.0,408.5,1275,1738402200
2025-02-01 15:01:00,PE,ATM+8,16.585787,198300,23900.0,23511.1,408.5,415.0,408.4,414.15,975,1738402260
2025-02-01 15:02:00,PE,ATM+8,16.569789,198300,23900.0,23498.45,414.15,423.9,414.15,423.9,375,1738402320
2025-02-01 15:03:00,PE,ATM+8,16.837653,198300,23900.0,23487.7,427.0,434.5,427.0,434.5,3150,1738402380
2025-02-01 15:04:00,PE,ATM+8,16.493874,198375,23900.0,23496.9,434.5,434.5,424.5,424.5,2775,1738402440
2025-02-01 15:05:00,PE,ATM+8,16.659818,198375,23900.0,23497.95,424.5,431.25,424.5,425.0,750,1738402500
2025-02-01 15:06:00,PE,ATM+8,16.837459,198375,23900.0,23490.85,425.0,432.0,424.35,432.0,375,1738402560
2025-02-01 15:07:00,PE,ATM+8,16.319132,199500,23900.0,23494.3,435.0,435.0,425.15,425.15,525,1738402620
2025-02-01 15:08:00,PE,ATM+8,16.158636,199500,23900.0,23488.0,425.15,429.3,425.0,428.9,375,1738402680
2025-02-01 15:09:00,PE,ATM+8,16.865756,199500,23900.0,23494.3,428.9,429.5,426.85,429.5,1050,1738402740
2025-02-01 15:10:00,PE,ATM+8,16.152534,199050,23900.0,23493.45,429.5,429.5,421.4,424.5,1425,1738402800
2025-02-01 15:11:00,PE,ATM+8,16.042734,199050,23900.0,23488.3,424.5,429.45,424.5,427.75,750,1738402860
2025-02-01 15:12:00,PE,ATM+8,15.711292,199050,23900.0,23485.15,427.75,429.7,427.75,427.75,525,1738402920
2025-02-01 15:13:00,PE,ATM+8,15.820555,199125,23900.0,23480.9,427.75,433.7,427.75,432.0,975,1738402980
2025-02-01 15:14:00,PE,ATM+8,15.806839,199125,23900.0,23481.2,432.0,432.8,427.25,431.65,1875,1738403040
2025-02-01 15:15:00,PE,ATM+8,14.509512,199125,23900.0,23478.95,431.25,433.0,423.0,424.1,3675,1738403100
2025-02-01 15:16:00,PE,ATM+8,14.252263,197400,23900.0,23475.75,424.1,427.9,424.1,425.0,750,1738403160
2025-02-01 15:17:00,PE,ATM+8,14.621378,197400,23900.0,23477.35,425.0,428.55,423.75,426.2,1425,1738403220
2025-02-01 15:18:00,PE,ATM+8,14.359815,197400,23900.0,23475.9,426.2,430.0,425.6,425.6,1200,1738403280
2025-02-01 15:19:00,PE,ATM+8,14.237889,197475,23900.0,23476.4,425.2,425.2,423.1,424.35,300,1738403340
2025-02-01 15:20:00,PE,ATM+8,13.481524,138900,23850.0,23467.4,381.45,386.4,381.45,384.9,300,1738403400
2025-02-01 15:21:00,PE,ATM+8,13.806019,138900,23850.0,23468.6,384.9,386.25,384.9,386.25,75,1738403460
2025-02-01 15:22:00,PE,ATM+8,14.004466,138750,23850.0,23467.25,386.25,388.8,386.25,388.8,1875,1738403520
2025-02-01 15:23:00,PE,ATM+8,13.933034,138750,23850.0,23468.75,388.8,388.8,385.95,387.05,1200,1738403580
2025-02-01 15:24:00,PE,ATM+8,14.797678,138750,23850.0,23471.5,387.05,391.35,387.05,391.35,1350,1738403640
2025-02-01 15:25:00,PE,ATM+8,13.445887,138525,23850.0,23470.05,391.35,391.35,382.45,382.45,2250,1738403700
2025-02-01 15:26:00,PE,ATM+8,14.438692,196875,23900.0,23479.1,426.6,426.8,421.1,423.45,7275,1738403760
2025-02-01 15:27:00,PE,ATM+8,14.250754,196875,23900.0,23478.45,423.45,425.0,422.7,422.7,1500,1738403820
2025-02-01 15:28:00,PE,ATM+8,15.601843,198300,23900.0,23485.9,423.15,426.7,423.15,426.25,2850,1738403880
2025-02-01 15:29:00,PE,ATM+8,16.728986,198300,23900.0,23495.3,426.25,431.1,423.35,427.5,4275,1738403940
2025-02-03 09:15:00,PE,ATM+8,0.0,350550,23650.0,23271.85,325.0,361.95,324.95,354.65,52500,1738554300
2025-02-03 09:16:00,PE,ATM+8,7.802548,350550,23650.0,23253.3,362.0,377.65,362.0,376.5,23700,1738554360
2025-02-03 09:17:00,PE,ATM+8,8.309594,350550,23650.0,23251.2,375.0,380.0,366.9,379.05,20475,1738554420
2025-02-03 09:18:00,PE,ATM+8,11.079096,333825,23650.0,23258.7,380.1,381.2,375.0,377.25,22500,1738554480
2025-02-03 09:19:00,PE,ATM+8,11.908807,333825,23650.0,23263.0,378.45,378.45,371.5,375.85,6525,1738554540
2025-02-03 09:20:00,PE,ATM+8,0.0,333825,23650.0,23247.15,375.15,380.0,374.0,379.8,5025,1738554600
2025-02-03 09:21:00,PE,ATM+8,12.473108,326400,23650.0,23250.9,384.05,390.7,381.5,388.85,7725,1738554660
2025-02-03 09:22:00,PE,ATM+8,13.724414,326400,23650.0,23263.25,388.85,388.85,382.0,382.6,2850,1738554720
2025-02-03 09:23:00,PE,ATM+8,14.312533,709125,23700.0,23276.7,426.45,426.45,415.85,417.65,9675,1738554780
2025-02-03 09:24:00,PE,ATM+8,14.325665,700350,23700.0,23275.25,417.65,420.45,413.7,419.0,4500,1738554840
2025-02-03 09:25:00,PE,ATM+8,15.848939,700350,23700.0,23293.8,421.2,424.9,404.9,409.4,12150,1738554900
2025-02-03 09:26:00,PE,ATM+8,16.256112,700350,23700.0,23317.15,408.35,408.35,390.0,391.6,14250,1738554960
2025-02-03 09:27:00,PE,ATM+8,17.017728,703725,23700.0,23318.25,390.0,400.0,389.55,394.85,18075,1738555020
2025-02-03 09:28:00,PE,ATM+8,17.632332,204675,23750.0,23330.1,439.5,439.5,430.0,430.25,1950,1738555080
2025-02-03 09:29:00,PE,ATM+8,17.81245,204675,23750.0,23335.1,430.9,432.65,427.0,427.0,675,1738555140
2025-02-03 09:30:00,PE,ATM+8,18.344148,202275,23750.0,23331.5,425.0,434.5,425.0,432.9,825,1738555200
2025-02-03 09:31:00,PE,ATM+8,17.415861,202275,23750.0,23341.6,432.9,432.9,419.4,419.4,2325,1738555260
2025-02-03 09:32:00,PE,ATM+8,17.786787,202275,23750.0,23337.0,417.55,426.9,417.55,425.25,10950,1738555320
2025-02-03 09:33:00,PE,ATM+8,17.491284,713550,23700.0,23323.55,380.05,393.15,378.15,393.15,8325,1738555380
2025-02-03 09:34:00,PE,ATM+8,17.293113,713550,23700.0,23317.35,396.25,397.1,382.05,397.1,9450,1738555440
2025-02-03 09:35:00,PE,ATM+8,16.951044,713550,23700.0,23305.15,398.8,412.55,397.25,405.35,25275,1738555500
2025-02-03 09:36:00,PE,ATM+8,16.333531,716100,23700.0,23289.35,404.65,415.55,400.7,415.55,7200,1738555560
2025-02-03 09:37:00,PE,ATM+8,15.596394,716100,23700.0,23288.6,410.85,413.55,408.0,412.65,13425,1738555620
2025-02-03 09:38:00,PE,ATM+8,14.759846,323625,23650.0,23273.1,367.45,380.6,367.45,378.7,9150,1738555680
2025-02-03 09:39:00,PE,ATM+8,16.830478,714675,23700.0,23288.45,423.65,425.05,417.0,418.8,16725,1738555740
2025-02-03 09:40:00,PE,ATM+8,16.678592,714675,23700.0,23308.2,418.8,418.8,400.0,401.3,7125,1738555800
2025-02-03 09:41:00,PE,ATM+8,14.995868,714675,23700.0,23283.1,398.95,414.75,397.0,414.75,10725,1738555860
2025-02-03 09:42:00,PE,ATM+8,16.553125,717075,23700.0,23298.35,415.9,417.0,406.8,408.95,18150,1738555920
2025-02-03 09:43:00,PE,ATM+8,16.279341,717075,23700.0,23275.5,408.75,427.2,408.75,427.2,18975,1738555980
2025-02-03 09:44:00,PE,ATM+8,15.479937,312825,23650.0,23257.1,383.2,395.95,378.45,395.95,12450,1738556040
2025-02-03 09:45:00,PE,ATM+8,14.218507,303450,23650.0,23250.65,397.1,407.5,394.6,395.8,10200,1738556100
2025-02-03 09:46:00,PE,ATM+8,14.839619,303450,23650.0,23254.0,395.2,395.95,390.05,395.6,1650,1738556160
2025-02-03 09:47:00,PE,ATM+8,13.284595,303450,23650.0,23234.15,395.15,410.15,393.45,406.95,2850,1738556220
2025-02-03 09:48:00,PE,ATM+8,10.477662,302025,23650.0,23234.6,410.0,412.75,398.6,398.6,6075,1738556280
2025-02-03 09:49:00,PE,ATM+8,10.939775,302025,23650.0,23225.3,398.6,408.45,398.6,408.45,450,1738556340
2025-02-03 09:50:00,PE,ATM+8,12.744953,302025,23650.0,23233.5,408.45,408.9,402.75,405.7,1350,1738556400
2025-02-03 09:51:00,PE,ATM+8,11.785577,302400,23650.0,23231.15,405.7,405.7,400.25,405.0,3675,1738556460
2025-02-03 09:52:00,PE,ATM+8,11.035567,302400,23650.0,23226.0,405.0,408.0,395.3,408.0,1500,1738556520
2025-02-03 09:53:00,PE,ATM+8,11.634317,302400,23650.0,23239.15,409.6,413.25,395.0,397.1,6675,1738556580
2025-02-03 09:54:00,PE,ATM+8,9.809544,300900,23650.0,23241.05,397.1,397.1,388.1,391.15,1200,1738556640
2025-02-03 09:55:00,PE,ATM+8,10.369805,300900,23650.0,23237.0,397.1,400.95,386.9,396.1,1800,1738556700
2025-02-03 09:56:00,PE,ATM+8,11.286016,300900,23650.0,23250.9,396.1,396.1,384.0,385.15,1875,1738556760
2025-02-03 09:57:00,PE,ATM+8,10.699253,300675,23650.0,23244.9,383.0,390.5,382.1,389.3,675,1738556820
2025-02-03 09:58:00,PE,ATM+8,9.498118,300675,23650.0,23239.8,389.3,395.4,389.3,391.85,1275,1738556880
2025-02-03 09:59:00,PE,ATM+8,9.87927,300675,23650.0,23246.55,391.85,393.65,386.0,386.0,300,1738556940
2025-02-03 10:00:00,PE,ATM+8,10.301036,300675,23650.0,23239.95,382.05,393.15,382.05,393.15,1500,1738557000
2025-02-03 10:01:00,PE,ATM+8,0.0,300900,23650.0,23246.65,393.15,393.15,378.5,378.5,1800,1738557060
2025-02-03 10:02:00,PE,ATM+8,6.95458,300900,23650.0,23245.55,378.5,388.6,378.5,383.85,600,1738557120
2025-02-03 10:03:00,PE,ATM+8,12.572775,301725,23650.0,23254.05,383.85,388.2,383.85,386.3,825,1738557180
2025-02-03 10:04:00,PE,ATM+8,7.801426,301725,23650.0,23243.8,386.3,387.15,386.05,386.05,150,1738557240
2025-02-03 10:05:00,PE,ATM+8,10.755766,301725,23650.0,23248.7,386.05,386.05,383.0,385.85,675,1738557300
2025-02-03 10:06:00,PE,ATM+8,11.012547,301950,23650.0,23259.35,385.85,385.85,375.0,376.5,1200,1738557360
2025-02-03 10:07:00,PE,ATM+8,11.628055,301950,23650.0,23268.3,377.95,377.95,369.4,370.05,4725,1738557420
2025-02-03 10:08:00,PE,ATM+8,10.831334,301950,23650.0,23263.95,370.05,380.0,370.05,371.7,3525,1738557480
2025-02-03 10:09:00,PE,ATM+8,10.89831,302175,23650.0,23261.85,372.3,376.2,372.3,373.85,975,1738557540
2025-02-03 10:10:00,PE,ATM+8,10.296271,302175,23650.0,23267.05,373.3,373.3,367.4,367.4,1125,1738557600
2025-02-03 10:11:00,PE,ATM+8,11.979047,302175,23650.0,23273.65,367.4,367.4,364.0,366.35,1500,1738557660
2025-02-03 10:12:00,PE,ATM+8,8.33825,303225,23650.0,23261.9,366.4,369.6,364.9,368.8,1425,1738557720
2025-02-03 10:13:00,PE,ATM+8,11.195045,303225,23650.0,23262.75,368.8,381.0,368.8,373.85,1275,1738557780
2025-02-03 10:14:00,PE,ATM+8,10.202361,303225,23650.0,23263.7,371.2,371.95,369.6,370.35,975,1738557840
2025-02-03 10:15:00,PE,ATM+8,8.390273,303150,23650.0,23249.4,373.95,383.05,371.0,381.1,2100,1738557900
2025-02-03 10:16:00,PE,ATM+8,0.0,303150,23650.0,23249.75,381.1,381.8,370.6,373.5,450,1738557960
2025-02-03 10:17:00,PE,ATM+8,0.0,303150,23650.0,23243.65,373.5,379.55,373.5,379.55,150,1738558020
2025-02-03 10:18:00,PE,ATM+8,0.0,303675,23650.0,23245.35,379.9,382.35,375.85,375.85,375,1738558080
2025-02-03 10:19:00,PE,ATM+8,0.0,303675,23650.0,23245.5,375.85,377.0,373.0,376.35,525,1738558140
2025-02-03 10:20:00,PE,ATM+8,0.0,303675,23650.0,23249.8,376.35,376.35,367.8,371.1,375,1738558200
2025-02-03 10:21:00,PE,ATM+8,0.0,303675,23650.0,23259.2,368.7,369.3,364.0,365.4,2025,1738558260
2025-02-03 10:22:00,PE,ATM+8,0.0,303675,23650.0,23266.6,365.4,367.25,360.05,360.65,2925,1738558320
2025-02-03 10:23:00,PE,ATM+8,6.103422,727125,23700.0,23278.1,406.45,406.45,394.85,401.1,18000,1738558380
2025-02-03 10:24:00,PE,ATM+8,0.0,735750,23700.0,23276.6,400.15,401.5,397.0,400.15,3225,1738558440
2025-02-03 10:25:00,PE,ATM+8,8.238021,305250,23650.0,23273.6,353.45,358.0,351.9,357.3,1800,1738558500
2025-02-03 10:26:00,PE,ATM+8,6.0235,305250,23650.0,23273.35,357.3,358.0,352.65,356.0,1500,1738558560
2025-02-03 10:27:00,PE,ATM+8,0.0,739650,23700.0,23280.4,402.7,402.7,397.0,397.0,4725,1738558620
2025-02-03 10:28:00,PE,ATM+8,0.0,306150,23650.0,23274.95,352.0,355.0,350.0,352.95,5775,1738558680
2025-02-03 10:29:00,PE,ATM+8,7.103354,739650,23700.0,23282.1,397.8,409.9,394.6,397.35,3150,1738558740
2025-02-03 10:30:00,PE,ATM+8,8.778214,740550,23700.0,23280.0,397.35,406.35,397.35,400.55,3150,1738558800
2025-02-03 10:31:00,PE,ATM+8,9.95276,740550,23700.0,23285.95,400.55,402.95,396.0,396.4,1875,1738558860
2025-02-03 10:32:00,PE,ATM+8,10.154089,740550,23700.0,23276.25,396.4,406.85,396.4,406.1,1275,1738558920
2025-02-03 10:33:00,PE,ATM+8,8.177546,305625,23650.0,23271.5,358.6,362.95,358.6,359.3,975,1738558980
2025-02-03 10:34:00,PE,ATM+8,0.0,741750,23700.0,23279.9,405.0,405.1,396.7,398.75,3450,1738559040
2025-02-03 10:35:00,PE,ATM+8,10.089145,741750,23700.0,23285.85,398.75,398.75,393.0,396.75,2100,1738559100
2025-02-03 10:36:00,PE,ATM+8,0.0,742200,23700.0,23278.2,396.75,399.5,395.0,397.5,1125,1738559160
2025-02-03 10:37:00,PE,ATM+8,0.0,305025,23650.0,23272.6,352.05,358.5,352.05,356.6,4575,1738559220
2025-02-03 10:38:00,PE,ATM+8,0.0,742200,23700.0,23277.75,402.75,402.75,400.25,400.75,1425,1738559280
2025-02-03 10:39:00,PE,ATM+8,7.008878,307350,23650.0,23272.8,354.45,357.95,352.8,357.0,900,1738559340
2025-02-03 10:40:00,PE,ATM+8,8.938051,307350,23650.0,23274.0,357.0,358.0,354.45,358.0,450,1738559400
2025-02-03 10:41:00,PE,ATM+8,0.0,743550,23700.0,23275.15,401.0,403.0,398.0,398.0,1725,1738559460
2025-02-03 10:42:00,PE,ATM+8,0.0,741075,23700.0,23301.1,398.0,398.0,366.35,372.25,27900,1738559520
2025-02-03 10:43:00,PE,ATM+8,0.0,741075,23700.0,23311.65,372.25,374.1,366.0,366.0,7500,1738559580
2025-02-03 10:44:00,PE,ATM+8,7.918352,741075,23700.0,23309.7,366.0,372.95,365.1,370.6,12000,1738559640
2025-02-03 10:45:00,PE,ATM+8,9.412817,746025,23700.0,23312.05,370.6,371.65,365.0,370.35,7275,1738559700
2025-02-03 10:46:00,PE,ATM+8,9.568197,746025,23700.0,23313.45,372.85,373.15,368.0,369.3,6975,1738559760
2025-02-03 10:47:00,PE,ATM+8,9.638592,746025,23700.0,23316.0,368.0,372.0,367.0,367.0,12075,1738559820
2025-02-03 10:48:00,PE,ATM+8,11.149114,760650,23700.0,23316.8,368.55,370.0,364.85,370.0,5100,1738559880
2025-02-03 10:49:00,PE,ATM+8,10.986352,760650,23700.0,23314.1,370.0,374.4,362.4,372.05,11850,1738559940
2025-02-03 10:50:00,PE,ATM+8,11.922449,760650,23700.0,23316.3,372.05,373.05,370.0,372.9,3225,1738560000
2025-02-03 10:51:00,PE,ATM+8,9.747152,766725,23700.0,23304.8,372.9,383.75,372.9,377.95,12825,1738560060
2025-02-03 10:52:00,PE,ATM+8,9.942376,766725,23700.0,23305.15,377.95,382.0,377.0,378.0,3375,1738560120
2025-02-03 10:53:00,PE,ATM+8,8.241666,766725,23700.0,23299.0,378.0,381.45,378.0,381.45,3225,1738560180
2025-02-03 10:54:00,PE,ATM+8,0.0,763950,23700.0,23300.4,381.45,383.0,377.2,377.2,6750,1738560240
2025-02-03 10:55:00,PE,ATM+8,8.625124,763950,23700.0,23304.75,377.2,378.0,373.6,376.25,12675,1738560300
2025-02-03 10:56:00,PE,ATM+8,7.542639,763950,23700.0,23302.75,376.15,380.0,373.75,377.2,1800,1738560360
2025-02-03 10:57:00,PE,ATM+8,0.0,757425,23700.0,23302.0,377.2,378.85,376.0,376.0,1125,1738560420
2025-02-03 10:58:00,PE,ATM+8,0.0,757425,23700.0,23309.1,376.0,376.0,369.25,369.95,7275,1738560480
2025-02-03 10:59:00,PE,ATM+8,9.438664,757425,23700.0,23317.55,370.65,371.2,364.0,365.15,5175,1738560540
2025-02-03 11:00:00,PE,ATM+8,8.823789,205950,23750.0,23326.05,413.4,413.4,403.0,404.55,450,1738560600
2025-02-03 11:01:00,PE,ATM+8,10.576322,753900,23700.0,23320.45,362.1,368.95,362.1,365.0,6150,1738560660
2025-02-03 11:02:00,PE,ATM+8,10.616236,753900,23700.0,23316.25,365.0,372.0,362.7,369.05,1725,1738560720
2025-02-03 11:03:00,PE,ATM+8,10.568091,751200,23700.0,23315.8,369.05,371.75,369.0,369.35,3150,1738560780
2025-02-03 11:04:00,PE,ATM+8,10.838852,751200,23700.0,23320.9,369.35,369.45,365.3,365.3,4575,1738560840
2025-02-03 11:05:00,PE,ATM+8,11.17526,751200,23700.0,23321.85,365.3,367.35,364.85,365.4,975,1738560900
2025-02-03 11:06:00,PE,ATM+8,12.572971,751200,23700.0,23322.15,365.0,369.9,364.95,369.9,1875,1738560960
2025-02-03 11:07:00,PE,ATM+8,11.632841,754500,23700.0,23321.3,369.9,369.9,366.0,367.35,2625,1738561020
2025-02-03 11:08:00,PE,ATM+8,10.150573,754500,23700.0,23314.05,367.35,370.0,366.0,370.0,825,1738561080
2025-02-03 11:09:00,PE,ATM+8,10.13119,756450,23700.0,23311.9,370.0,372.0,368.85,372.0,2025,1738561140
2025-02-03 11:10:00,PE,ATM+8,10.274156,756450,23700.0,23317.95,368.95,370.0,366.6,366.6,2025,1738561200
2025-02-03 11:11:00,PE,ATM+8,10.137949,756450,23700.0,23320.25,366.6,367.65,359.4,364.1,6375,1738561260
2025-02-03 11:12:00,PE,ATM+8,8.810601,759975,23700.0,23320.45,365.0,365.4,359.3,361.3,2250,1738561320
2025-02-03 11:13:00,PE,ATM+8,0.0,759975,23700.0,23316.5,361.4,362.15,358.4,362.15,2550,1738561380
2025-02-03 11:14:00,PE,ATM+8,8.596306,759975,23700.0,23322.65,362.15,364.5,358.85,358.85,3300,1738561440
2025-02-03 11:15:00,PE,ATM+8,10.754653,757725,23700.0,23322.8,358.0,363.3,350.4,363.3,16200,1738561500
2025-02-03 11:16:00,PE,ATM+8,0.0,203475,23750.0,23325.75,409.3,409.3,402.3,402.3,3675,1738561560
2025-02-03 11:17:00,PE,ATM+8,0.0,203475,23750.0,23332.7,402.3,402.3,391.65,395.9,9450,1738561620
2025-02-03 11:18:00,PE,ATM+8,7.518655,203475,23750.0,23333.5,395.9,398.65,394.3,396.3,750,1738561680
2025-02-03 11:19:00,PE,ATM+8,8.097635,198900,23750.0,23333.0,396.3,397.15,396.3,397.15,150,1738561740
2025-02-03 11:20:00,PE,ATM+8,0.0,198900,23750.0,23326.3,397.15,401.55,397.15,401.55,225,1738561800
2025-02-03 11:21:00,PE,ATM+8,8.671319,759750,23700.0,23321.6,355.65,360.0,354.45,360.0,4125,1738561860
2025-02-03 11:22:00,PE,ATM+8,6.897286,759750,23700.0,23320.05,360.0,361.4,358.3,359.8,5250,1738561920
2025-02-03 11:23:00,PE,ATM+8,9.055893,759750,23700.0,23319.6,359.8,362.55,358.0,362.55,2925,1738561980
2025-02-03 11:24:00,PE,ATM+8,10.337087,758325,23700.0,23313.85,362.55,372.15,362.55,370.65,9975,1738562040
2025-02-03 11:25:00,PE,ATM+8,10.75361,758325,23700.0,23305.5,370.6,379.55,370.1,379.55,16800,1738562100
2025-02-03 11:26:00,PE,ATM+8,10.733592,758325,23700.0,23306.35,381.55,385.0,375.0,378.7,14325,1738562160
2025-02-03 11:27:00,PE,ATM+8,9.598236,753375,23700.0,23300.4,378.7,385.0,378.0,382.0,2925,1738562220
2025-02-03 11:28:00,PE,ATM+8,10.55865,753375,23700.0,23292.95,382.0,391.0,381.65,391.0,6000,1738562280
2025-02-03 11:29:00,PE,ATM+8,8.256571,753375,23700.0,23290.5,390.4,392.65,386.2,389.95,11400,1738562340
2025-02-03 11:30:00,PE,ATM+8,0.0,750450,23700.0,23285.8,389.95,392.45,388.6,390.95,4575,1738562400
2025-02-03 11:31:00,PE,ATM+8,0.0,750450,23700.0,23287.8,389.05,396.0,388.05,388.55,33150,1738562460
2025-02-03 11:32:00,PE,ATM+8,0.0,750450,23700.0,23293.7,388.75,391.45,385.45,385.5,8400,1738562520
2025-02-03 11:33:00,PE,ATM+8,9.963223,750450,23700.0,23293.45,385.5,391.55,385.5,389.35,9300,1738562580
2025-02-03 11:34:00,PE,ATM+8,10.408917,754125,23700.0,23286.2,389.35,397.95,389.35,397.15,3675,1738562640
2025-02-03 11:35:00,PE,ATM+8,0.0,754125,23700.0,23285.85,397.0,400.0,391.4,392.85,7200,1738562700
2025-02-03 11:36:00,PE,ATM+8,10.609514,754125,23700.0,23291.4,392.85,402.35,392.4,392.6,16875,1738562760
2025-02-03 11:37:00,PE,ATM+8,10.513562,747225,23700.0,23282.4,392.6,404.5,391.15,401.0,4875,1738562820
2025-02-03 11:38:00,PE,ATM+8,12.564117,303900,23650.0,23275.0,356.8,367.2,356.3,367.2,3375,1738562880
2025-02-03 11:39:00,PE,ATM+8,12.523934,301050,23650.0,23270.9,367.2,370.75,364.25,370.75,2475,1738562940
2025-02-03 11:40:00,PE,ATM+8,13.228547,301050,23650.0,23264.65,370.75,379.95,370.75,379.05,3675,1738563000
2025-02-03 11:41:00,PE,ATM+8,12.866891,301050,23650.0,23257.7,379.25,387.3,379.25,383.95,3750,1738563060
2025-02-03 11:42:00,PE,ATM+8,13.391846,301050,23650.0,23267.05,383.95,390.25,377.55,377.55,1725,1738563120
2025-02-03 11:43:00,PE,ATM+8,13.458723,299325,23650.0,23269.6,377.55,377.55,375.55,375.55,150,1738563180
2025-02-03 11:44:00,PE,ATM+8,12.715831,299325,23650.0,23270.3,375.55,375.55,367.65,372.0,525,1738563240
2025-02-03 11:45:00,PE,ATM+8,13.953942,741300,23700.0,23275.2,420.7,422.8,415.95,417.4,4725,1738563300
2025-02-03 11:46:00,PE,ATM+8,12.615282,298950,23650.0,23271.1,369.65,373.05,368.8,370.9,750,1738563360
2025-02-03 11:47:00,PE,ATM+8,13.520077,741675,23700.0,23278.35,415.5,415.5,411.6,413.0,3300,1738563420
2025-02-03 11:48:00,PE,ATM+8,13.735906,741675,23700.0,23281.0,413.0,414.2,410.0,411.35,2175,1738563480
2025-02-03 11:49:00,PE,ATM+8,13.493457,738900,23700.0,23278.85,411.35,417.3,411.35,412.45,1575,1738563540
2025-02-03 11:50:00,PE,ATM+8,11.672214,299175,23650.0,23272.7,366.65,368.4,366.15,366.15,375,1738563600
2025-02-03 11:51:00,PE,ATM+8,12.993856,738900,23700.0,23280.9,415.0,415.0,407.65,408.9,1575,1738563660
2025-02-03 11:52:00,PE,ATM+8,13.459566,739800,23700.0,23275.6,408.9,415.3,408.25,415.3,2400,1738563720
2025-02-03 11:53:00,PE,ATM+8,12.71227,739800,23700.0,23275.45,415.3,415.3,412.0,413.05,825,1738563780
2025-02-03 11:54:00,PE,ATM+8,12.3239,739800,23700.0,23275.15,413.05,414.35,412.2,412.2,825,1738563840
2025-02-03 11:55:00,PE,ATM+8,13.135887,741675,23700.0,23280.75,412.2,412.2,409.5,409.5,375,1738563900
2025-02-03 11:56:00,PE,ATM+8,13.319004,741675,23700.0,23283.5,409.0,409.75,406.4,407.6,3075,1738563960
2025-02-03 11:57:00,PE,ATM+8,13.087523,741675,23700.0,23277.8,407.6,412.05,405.0,412.05,2625,1738564020
2025-02-03 11:58:00,PE,ATM+8,12.205828,742575,23700.0,23284.45,412.05,412.05,402.75,403.2,5400,1738564080
2025-02-03 11:59:00,PE,ATM+8,11.633849,742575,23700.0,23281.35,403.2,404.55,401.85,404.55,2700,1738564140
2025-02-03 12:00:00,PE,ATM+8,11.663455,742575,23700.0,23281.75,404.55,406.1,402.0,404.25,4950,1738564200
2025-02-03 12:01:00,PE,ATM+8,11.276153,741900,23700.0,23290.75,404.25,404.25,392.5,394.8,4575,1738564260
2025-02-03 12:02:00,PE,ATM+8,10.94294,741900,23700.0,23292.6,394.8,395.0,390.2,392.25,5250,1738564320
2025-02-03 12:03:00,PE,ATM+8,11.268671,741900,23700.0,23296.15,392.25,393.6,387.35,389.7,8550,1738564380
2025-02-03 12:04:00,PE,ATM+8,11.027415,740400,23700.0,23296.2,390.0,390.0,385.15,389.05,6300,1738564440
2025-02-03 12:05:00,PE,ATM+8,10.901697,740400,23700.0,23298.05,389.05,389.05,387.0,387.0,450,1738564500
2025-02-03 12:06:00,PE,ATM+8,12.825294,741525,23700.0,23304.05,387.0,388.0,384.2,387.15,2400,1738564560
2025-02-03 12:07:00,PE,ATM+8,12.492346,741525,23700.0,23298.6,387.15,393.0,387.15,391.0,2400,1738564620
2025-02-03 12:08:00,PE,ATM+8,12.974925,741525,23700.0,23299.9,391.0,392.5,391.0,391.45,1350,1738564680
2025-02-03 12:09:00,PE,ATM+8,12.312037,741525,23700.0,23298.35,390.0,391.3,389.2,390.65,1650,1738564740
2025-02-03 12:10:00,PE,ATM+8,11.098266,742725,23700.0,23297.4,390.65,395.95,388.1,388.1,5550,1738564800
2025-02-03 12:11:00,PE,ATM+8,11.407314,742725,23700.0,23297.45,388.1,389.0,387.2,388.85,1200,1738564860
2025-02-03 12:12:00,PE,ATM+8,11.498289,742725,23700.0,23291.95,388.85,394.9,387.65,394.25,6675,1738564920
2025-02-03 12:13:00,PE,ATM+8,10.82872,742800,23700.0,23301.95,394.25,394.25,380.45,383.15,2775,1738564980
2025-02-03 12:14:00,PE,ATM+8,11.405752,742800,23700.0,23299.85,383.15,386.6,378.35,386.6,2250,1738565040
2025-02-03 12:15:00,PE,ATM+8,10.150202,742800,23700.0,23298.45,386.6,387.5,384.05,385.0,750,1738565100
2025-02-03 12:16:00,PE,ATM+8,0.0,741825,23700.0,23292.9,385.0,388.65,384.95,386.25,1950,1738565160
2025-02-03 12:17:00,PE,ATM+8,0.0,741825,23700.0,23293.6,385.0,385.15,382.0,384.0,1575,1738565220
2025-02-03 12:18:00,PE,ATM+8,0.0,741825,23700.0,23284.95,384.0,390.0,382.0,390.0,1500,1738565280
2025-02-03 12:19:00,PE,ATM+8,0.0,741525,23700.0,23278.1,391.9,397.7,390.5,396.35,3000,1738565340
2025-02-03 12:20:00,PE,ATM+8,0.0,741525,23700.0,23280.5,396.0,396.0,392.5,392.5,2175,1738565400
2025-02-03 12:21:00,PE,ATM+8,0.0,741525,23700.0,23275.6,392.5,403.55,390.0,394.0,17550,1738565460
2025-02-03 12:22:00,PE,ATM+8,0.0,739425,23700.0,23275.55,393.65,393.85,391.75,391.75,2100,1738565520
2025-02-03 12:23:00,PE,ATM+8,0.0,303450,23650.0,23274.25,346.15,348.7,346.15,348.7,300,1738565580
2025-02-03 12:24:00,PE,ATM+8,0.0,739425,23700.0,23280.65,393.45,397.55,391.45,393.25,1725,1738565640
2025-02-03 12:25:00,PE,ATM+8,0.0,743250,23700.0,23284.45,391.2,391.2,384.0,389.2,4050,1738565700
2025-02-03 12:26:00,PE,ATM+8,0.0,743250,23700.0,23288.0,389.2,389.2,385.05,385.05,1575,1738565760
2025-02-03 12:27:00,PE,ATM+8,7.755995,743250,23700.0,23298.8,385.05,385.05,377.0,381.6,4575,1738565820
2025-02-03 12:28:00,PE,ATM+8,0.0,742500,23700.0,23291.75,381.6,385.25,381.4,385.25,4800,1738565880
2025-02-03 12:29:00,PE,ATM+8,0.0,742500,23700.0,23288.6,385.25,389.2,385.25,388.6,2100,1738565940
2025-02-03 12:30:00,PE,ATM+8,0.0,742500,23700.0,23287.95,387.0,390.95,386.45,389.05,2550,1738566000
2025-02-03 12:31:00,PE,ATM+8,0.0,743550,23700.0,23289.85,389.05,389.05,385.9,385.9,300,1738566060
2025-02-03 12:32:00,PE,ATM+8,0.0,743550,23700.0,23292.35,385.9,385.9,381.3,385.9,1125,1738566120
2025-02-03 12:33:00,PE,ATM+8,0.0,743550,23700.0,23287.15,385.9,386.05,385.9,386.0,5700,1738566180
2025-02-03 12:34:00,PE,ATM+8,0.0,740325,23700.0,23288.4,386.0,386.0,385.0,386.0,450,1738566240
2025-02-03 12:35:00,PE,ATM+8,0.0,740325,23700.0,23292.55,386.0,386.0,383.0,383.0,75,1738566300
2025-02-03 12:36:00,PE,ATM+8,0.0,740325,23700.0,23281.2,383.0,392.7,383.0,392.7,5325,1738566360
2025-02-03 12:37:00,PE,ATM+8,0.0,740700,23700.0,23279.6,392.7,396.1,392.4,393.55,3075,1738566420
2025-02-03 12:38:00,PE,ATM+8,0.0,302625,23650.0,23274.45,346.95,351.9,346.45,351.3,1200,1738566480
2025-02-03 12:39:00,PE,ATM+8,0.0,302625,23650.0,23271.85,351.3,351.5,351.15,351.5,300,1738566540
2025-02-03 12:40:00,PE,ATM+8,0.0,739275,23700.0,23277.2,397.65,397.65,395.0,395.0,3675,1738566600
2025-02-03 12:41:00,PE,ATM+8,0.0,739275,23700.0,23275.45,395.0,397.95,392.95,397.05,6375,1738566660
2025-02-03 12:42:00,PE,ATM+8,0.0,302775,23650.0,23273.8,352.05,352.05,349.65,349.65,300,1738566720
2025-02-03 12:43:00,PE,ATM+8,0.0,302625,23650.0,23272.95,349.65,352.75,349.6,352.75,750,1738566780
2025-02-03 12:44:00,PE,ATM+8,0.0,302625,23650.0,23273.05,352.75,354.0,350.95,350.95,300,1738566840
2025-02-03 12:45:00,PE,ATM+8,0.0,737775,23700.0,23278.75,394.7,394.7,391.0,391.0,1200,1738566900
2025-02-03 12:46:00,PE,ATM+8,0.0,302625,23650.0,23271.1,346.45,350.5,346.45,350.5,300,1738566960
2025-02-03 12:47:00,PE,ATM+8,0.0,302625,23650.0,23268.05,351.25,356.4,350.4,353.1,750,1738567020
2025-02-03 12:48:00,PE,ATM+8,0.0,302625,23650.0,23271.05,353.1,353.1,349.65,352.8,675,1738567080
2025-02-03 12:49:00,PE,ATM+8,0.0,302850,23650.0,23270.25,352.8,354.85,352.8,353.35,525,1738567140
2025-02-03 12:50:00,PE,ATM+8,0.0,302850,23650.0,23269.45,353.35,354.0,348.6,354.0,675,1738567200
2025-02-03 12:51:00,PE,ATM+8,0.0,302850,23650.0,23265.8,354.0,356.35,354.0,355.9,225,1738567260
2025-02-03 12:52:00,PE,ATM+8,0.0,302925,23650.0,23265.3,355.9,363.6,355.9,360.5,2850,1738567320
2025-02-03 12:53:00,PE,ATM+8,0.0,302925,23650.0,23261.4,360.5,360.5,359.25,359.65,225,1738567380
2025-02-03 12:54:00,PE,ATM+8,0.0,302925,23650.0,23263.3,359.65,359.65,355.8,357.1,1050,1738567440
2025-02-03 12:55:00,PE,ATM+8,0.0,302625,23650.0,23268.85,357.1,357.1,353.55,353.55,150,1738567500
2025-02-03 12:56:00,PE,ATM+8,0.0,302625,23650.0,23273.7,353.55,353.55,346.85,346.85,750,1738567560
2025-02-03 12:57:00,PE,ATM+8,0.0,734850,23700.0,23277.15,392.0,392.0,389.25,391.0,1950,1738567620
2025-02-03 12:58:00,PE,ATM+8,0.0,734775,23700.0,23276.75,388.0,390.0,387.2,389.85,1650,1738567680
2025-02-03 12:59:00,PE,ATM+8,0.0,734775,23700.0,23281.05,389.85,390.0,381.3,381.3,2850,1738567740
2025-02-03 13:00:00,PE,ATM+8,0.0,734775,23700.0,23284.7,381.6,383.2,376.55,376.55,3450,1738567800
2025-02-03 13:01:00,PE,ATM+8,0.0,736050,23700.0,23286.2,379.85,380.2,373.95,380.05,11775,1738567860
2025-02-03 13:02:00,PE,ATM+8,0.0,736050,23700.0,23292.7,380.05,381.75,376.4,376.4,4950,1738567920
2025-02-03 13:03:00,PE,ATM+8,0.0,195000,23750.0,23331.45,422.9,422.9,384.45,384.45,1950,1738567980
2025-02-03 13:04:00,PE,ATM+8,0.0,196350,23750.0,23328.85,384.45,396.0,384.45,396.0,2325,1738568040
2025-02-03 13:05:00,PE,ATM+8,0.0,740850,23700.0,23322.15,348.35,354.35,348.3,353.8,6600,1738568100
2025-02-03 13:06:00,PE,ATM+8,0.0,740850,23700.0,23315.2,353.8,358.25,352.5,357.45,24525,1738568160
2025-02-03 13:07:00,PE,ATM+8,0.0,195450,23750.0,23332.25,403.0,403.0,394.25,394.25,225,1738568220
2025-02-03 13:08:00,PE,ATM+8,0.0,195450,23750.0,23331.95,394.25,394.25,380.55,384.8,2250,1738568280
2025-02-03 13:09:00,PE,ATM+8,0.0,195450,23750.0,23351.55,384.8,384.8,370.0,371.75,2550,1738568340
2025-02-03 13:10:00,PE,ATM+8,0.0,196125,23750.0,23346.7,371.75,380.3,366.5,380.3,1350,1738568400
2025-02-03 13:11:00,PE,ATM+8,0.0,196125,23750.0,23344.25,380.3,383.05,379.15,381.3,825,1738568460
2025-02-03 13:12:00,PE,ATM+8,9.890549,196125,23750.0,23356.25,381.3,381.3,377.15,377.15,75,1738568520
2025-02-03 13:13:00,PE,ATM+8,9.288258,195975,23750.0,23355.75,375.7,377.45,375.0,376.6,525,1738568580
2025-02-03 13:14:00,PE,ATM+8,12.025756,195975,23750.0,23360.7,376.6,380.25,376.6,378.4,600,1738568640
2025-02-03 13:15:00,PE,ATM+8,12.381389,195975,23750.0,23358.8,378.4,381.3,378.4,381.3,225,1738568700
2025-02-03 13:16:00,PE,ATM+8,11.310711,196350,23750.0,23365.55,380.85,380.85,371.75,371.75,150,1738568760
2025-02-03 13:17:00,PE,ATM+8,11.228798,196350,23750.0,23362.3,371.75,374.55,370.85,374.55,3300,1738568820
2025-02-03 13:18:00,PE,ATM+8,12.769937,196350,23750.0,23358.5,374.55,382.9,374.55,382.9,450,1738568880
2025-02-03 13:19:00,PE,ATM+8,12.025402,195900,23750.0,23348.15,382.9,391.0,382.9,390.0,675,1738568940
2025-02-03 13:20:00,PE,ATM+8,12.702368,195900,23750.0,23351.5,390.0,390.0,389.05,389.05,375,1738569000
2025-02-03 13:21:00,PE,ATM+8,13.615479,195900,23750.0,23354.3,389.05,389.95,387.85,389.8,450,1738569060
2025-02-03 13:22:00,PE,ATM+8,13.496127,195375,23750.0,23347.25,389.8,395.7,389.8,395.7,600,1738569120
2025-02-03 13:23:00,PE,ATM+8,13.29623,195375,23750.0,23345.35,395.7,397.45,395.7,396.7,300,1738569180
2025-02-03 13:24:00,PE,ATM+8,14.15458,195375,23750.0,23343.4,396.7,401.65,395.0,401.65,675,1738569240
2025-02-03 13:25:00,PE,ATM+8,12.719734,195375,23750.0,23339.9,401.65,401.65,399.75,399.75,525,1738569300
2025-02-03 13:26:00,PE,ATM+8,14.926517,194775,23750.0,23343.15,399.75,405.0,399.75,405.0,675,1738569360
2025-02-03 13:27:00,PE,ATM+8,13.93943,194775,23750.0,23341.75,405.0,405.0,397.05,402.3,300,1738569420
2025-02-03 13:28:00,PE,ATM+8,14.846466,194850,23750.0,23332.4,402.3,414.2,402.3,414.2,825,1738569480
2025-02-03 13:29:00,PE,ATM+8,14.40589,194850,23750.0,23331.7,414.2,415.85,412.55,413.1,1200,1738569540
2025-02-03 13:30:00,PE,ATM+8,14.607193,194850,23750.0,23335.25,413.1,413.1,408.1,410.7,225,1738569600
2025-02-03 13:31:00,PE,ATM+8,13.620152,194775,23750.0,23329.0,410.7,417.0,410.7,412.7,825,1738569660
2025-02-03 13:32:00,PE,ATM+8,13.874014,194775,23750.0,23332.45,412.7,412.7,410.45,410.45,150,1738569720
2025-02-03 13:33:00,PE,ATM+8,14.180931,194775,23750.0,23332.25,410.45,416.25,410.0,411.75,675,1738569780
2025-02-03 13:34:00,PE,ATM+8,13.122661,194550,23750.0,23328.9,411.75,411.75,411.15,411.15,4125,1738569840
2025-02-03 13:35:00,PE,ATM+8,13.270036,194550,23750.0,23332.85,411.15,411.15,404.95,408.0,225,1738569900
2025-02-03 13:36:00,PE,ATM+8,14.055467,194550,23750.0,23338.55,408.0,408.0,405.6,405.6,225,1738569960
2025-02-03 13:37:00,PE,ATM+8,13.457775,196350,23750.0,23340.4,405.6,406.75,401.75,401.75,1275,1738570020
2025-02-03 13:38:00,PE,ATM+8,13.931224,196350,23750.0,23340.25,403.15,403.6,398.9,403.6,1425,1738570080
2025-02-03 13:39:00,PE,ATM+8,12.631528,196350,23750.0,23338.35,403.6,403.6,400.9,400.9,1950,1738570140
2025-02-03 13:40:00,PE,ATM+8,13.997717,198000,23750.0,23346.2,400.9,400.9,396.65,398.5,900,1738570200
2025-02-03 13:41:00,PE,ATM+8,13.258083,198000,23750.0,23347.05,398.5,398.5,395.0,395.0,1125,1738570260
2025-02-03 13:42:00,PE,ATM+8,12.561687,198000,23750.0,23343.75,393.2,395.7,393.2,395.7,300,1738570320
2025-02-03 13:43:00,PE,ATM+8,11.68812,198375,23750.0,23342.75,395.7,395.7,394.1,394.1,300,1738570380
2025-02-03 13:44:00,PE,ATM+8,13.199201,198375,23750.0,23352.05,394.1,395.3,390.25,390.25,1200,1738570440
2025-02-03 13:45:00,PE,ATM+8,13.002599,198375,23750.0,23352.0,390.25,390.25,389.6,389.6,375,1738570500
2025-02-03 13:46:00,PE,ATM+8,13.385978,198600,23750.0,23347.6,389.6,394.95,389.6,394.95,375,1738570560
2025-02-03 13:47:00,PE,ATM+8,13.889095,198600,23750.0,23357.45,394.95,394.95,388.0,388.0,225,1738570620
2025-02-03 13:48:00,PE,ATM+8,14.256216,198600,23750.0,23358.85,388.0,388.25,386.15,388.25,450,1738570680
2025-02-03 13:49:00,PE,ATM+8,15.191769,198450,23750.0,23350.05,388.25,400.0,388.25,400.0,75,1738570740
2025-02-03 13:50:00,PE,ATM+8,15.12426,198450,23750.0,23343.05,400.0,405.85,400.0,405.85,600,1738570800
2025-02-03 13:51:00,PE,ATM+8,16.165337,725025,23700.0,23319.45,361.95,388.1,361.65,387.75,25350,1738570860
2025-02-03 13:52:00,PE,ATM+8,15.89614,708825,23700.0,23313.6,385.0,400.15,384.6,391.4,14325,1738570920
2025-02-03 13:53:00,PE,ATM+8,15.555282,708825,23700.0,23324.4,391.4,391.4,379.35,380.5,20100,1738570980
2025-02-03 13:54:00,PE,ATM+8,15.504225,708825,23700.0,23322.35,378.0,382.0,376.9,382.0,4650,1738571040
2025-02-03 13:55:00,PE,ATM+8,14.612457,707325,23700.0,23320.2,380.75,382.0,376.0,379.7,2850,1738571100
2025-02-03 13:56:00,PE,ATM+8,14.602864,707325,23700.0,23324.05,379.7,379.7,374.9,376.3,2100,1738571160
2025-02-03 13:57:00,PE,ATM+8,14.181949,707325,23700.0,23319.3,376.3,379.75,374.0,378.6,2400,1738571220
2025-02-03 13:58:00,PE,ATM+8,14.912248,195675,23750.0,23325.1,421.65,421.65,420.9,420.9,600,1738571280
2025-02-03 13:59:00,PE,ATM+8,14.874987,195675,23750.0,23325.55,420.9,420.9,420.35,420.35,75,1738571340
2025-02-03 14:00:00,PE,ATM+8,14.878715,195675,23750.0,23335.2,420.35,420.35,411.75,411.75,2850,1738571400
2025-02-03 14:01:00,PE,ATM+8,15.392989,195375,23750.0,23331.6,411.75,417.05,411.75,417.05,2775,1738571460
2025-02-03 14:02:00,PE,ATM+8,16.325608,195375,23750.0,23336.1,417.05,417.2,417.05,417.2,150,1738571520
2025-02-03 14:03:00,PE,ATM+8,12.272186,195375,23750.0,23332.05,417.2,417.2,405.7,405.7,1950,1738571580
2025-02-03 14:04:00,PE,ATM+8,14.174981,195150,23750.0,23332.55,405.7,411.4,405.7,411.4,75,1738571640
2025-02-03 14:05:00,PE,ATM+8,15.501654,195150,23750.0,23338.75,411.4,411.4,411.2,411.2,150,1738571700
2025-02-03 14:06:00,PE,ATM+8,14.773712,195150,23750.0,23342.75,411.2,411.2,404.6,404.6,750,1738571760
2025-02-03 14:07:00,PE,ATM+8,14.698287,195300,23750.0,23341.95,404.6,406.0,401.45,405.0,300,1738571820
2025-02-03 14:08:00,PE,ATM+8,14.411686,195300,23750.0,23347.0,405.0,405.0,399.35,399.35,1050,1738571880
2025-02-03 14:09:00,PE,ATM+8,14.739915,195300,23750.0,23344.05,399.35,404.2,399.35,403.3,375,1738571940
2025-02-03 14:10:00,PE,ATM+8,13.840952,194925,23750.0,23342.7,403.3,404.0,401.0,401.0,375,1738572000
2025-02-03 14:11:00,PE,ATM+8,13.840952,194925,23750.0,23342.7,401.0,401.0,401.0,401.0,0,1738572060
2025-02-03 14:12:00,PE,ATM+8,14.45736,194925,23750.0,23353.9,398.0,398.0,392.65,393.4,2775,1738572120
2025-02-03 14:13:00,PE,ATM+8,14.337665,195225,23750.0,23343.35,394.05,402.3,394.05,402.3,3150,1738572180
2025-02-03 14:14:00,PE,ATM+8,14.096027,195225,23750.0,23346.6,402.3,407.25,398.45,398.45,525,1738572240
2025-02-03 14:15:00,PE,ATM+8,14.126509,195225,23750.0,23348.35,398.45,398.45,397.0,397.0,450,1738572300
2025-02-03 14:16:00,PE,ATM+8,13.961219,195300,23750.0,23348.75,397.0,398.4,395.35,396.0,450,1738572360
2025-02-03 14:17:00,PE,ATM+8,14.254107,195300,23750.0,23352.05,396.0,396.0,390.0,394.2,225,1738572420
2025-02-03 14:18:00,PE,ATM+8,14.770365,195300,23750.0,23349.7,394.35,398.4,394.2,398.4,300,1738572480
2025-02-03 14:19:00,PE,ATM+8,13.916506,195375,23750.0,23349.5,398.4,398.4,395.15,395.15,75,1738572540
2025-02-03 14:20:00,PE,ATM+8,14.006731,195375,23750.0,23344.2,395.15,403.6,395.15,400.25,600,1738572600
2025-02-03 14:21:00,PE,ATM+8,14.492688,195375,23750.0,23342.5,400.25,405.0,400.25,403.65,150,1738572660
2025-02-03 14:22:00,PE,ATM+8,11.832265,195000,23750.0,23350.1,403.65,403.65,385.9,387.65,1275,1738572720
2025-02-03 14:23:00,PE,ATM+8,14.083697,195000,23750.0,23349.15,387.65,400.65,387.65,396.1,375,1738572780
2025-02-03 14:24:00,PE,ATM+8,14.030047,195000,23750.0,23351.15,396.1,396.1,394.1,394.1,150,1738572840
2025-02-03 14:25:00,PE,ATM+8,14.106355,194925,23750.0,23355.8,394.1,394.1,390.25,390.25,525,1738572900
2025-02-03 14:26:00,PE,ATM+8,14.178741,194925,23750.0,23355.0,390.25,391.25,390.25,391.25,75,1738572960
2025-02-03 14:27:00,PE,ATM+8,14.525369,194925,23750.0,23357.85,391.25,391.25,383.9,390.15,1350,1738573020
2025-02-03 14:28:00,PE,ATM+8,14.085417,195750,23750.0,23362.45,390.15,390.15,383.85,384.25,1500,1738573080
2025-02-03 14:29:00,PE,ATM+8,14.900052,195750,23750.0,23361.05,384.25,388.95,380.0,388.95,375,1738573140
2025-02-03 14:30:00,PE,ATM+8,13.81563,195750,23750.0,23348.05,388.95,397.45,384.15,396.05,600,1738573200
2025-02-03 14:31:00,PE,ATM+8,14.066456,194775,23750.0,23344.65,396.05,401.7,396.05,400.05,1050,1738573260
2025-02-03 14:32:00,PE,ATM+8,13.785818,194775,23750.0,23344.65,400.05,400.05,399.0,399.0,450,1738573320
2025-02-03 14:33:00,PE,ATM+8,15.557877,194775,23750.0,23354.95,399.0,403.25,396.4,397.2,450,1738573380
2025-02-03 14:34:00,PE,ATM+8,15.845421,194775,23750.0,23355.15,395.45,398.35,395.45,398.35,225,1738573440
2025-02-03 14:35:00,PE,ATM+8,15.037295,194925,23750.0,23354.8,398.35,398.35,394.1,395.0,225,1738573500
2025-02-03 14:36:00,PE,ATM+8,15.118224,194925,23750.0,23358.75,395.0,395.0,391.9,391.9,150,1738573560
2025-02-03 14:37:00,PE,ATM+8,14.99231,194850,23750.0,23353.6,391.9,395.85,391.9,395.85,1950,1738573620
2025-02-03 14:38:00,PE,ATM+8,14.396859,194850,23750.0,23355.4,395.85,399.75,391.75,391.75,525,1738573680
2025-02-03 14:39:00,PE,ATM+8,12.701628,194850,23750.0,23349.1,391.75,391.75,391.2,391.2,150,1738573740
2025-02-03 14:40:00,PE,ATM+8,14.793471,194850,23750.0,23352.85,391.2,398.05,391.2,395.65,225,1738573800
2025-02-03 14:41:00,PE,ATM+8,14.675276,194775,23750.0,23346.75,395.65,401.0,395.65,400.55,225,1738573860
2025-02-03 14:42:00,PE,ATM+8,14.523627,194775,23750.0,23347.35,400.55,400.7,399.4,399.4,225,1738573920
2025-02-03 14:43:00,PE,ATM+8,14.483978,194775,23750.0,23351.05,399.4,399.4,395.95,395.95,225,1738573980
2025-02-03 14:44:00,PE,ATM+8,14.511551,194775,23750.0,23351.85,395.95,397.7,395.35,395.35,300,1738574040
2025-02-03 14:45:00,PE,ATM+8,13.029365,194775,23750.0,23350.5,395.35,395.35,391.0,391.0,75,1738574100
2025-02-03 14:46:00,PE,ATM+8,13.779942,194625,23750.0,23344.6,391.0,400.0,391.0,399.0,975,1738574160
2025-02-03 14:47:00,PE,ATM+8,13.118203,194625,23750.0,23342.45,399.0,399.7,398.65,398.65,900,1738574220
2025-02-03 14:48:00,PE,ATM+8,13.860103,194625,23750.0,23337.95,398.65,407.75,398.65,405.3,1875,1738574280
2025-02-03 14:49:00,PE,ATM+8,12.182418,194475,23750.0,23331.65,405.3,405.85,402.55,405.85,225,1738574340
2025-02-03 14:50:00,PE,ATM+8,12.851025,194475,23750.0,23329.7,405.85,412.55,404.55,409.55,450,1738574400
2025-02-03 14:51:00,PE,ATM+8,12.571696,194475,23750.0,23334.8,409.55,409.55,404.0,404.0,300,1738574460
2025-02-03 14:52:00,PE,ATM+8,11.516085,194550,23750.0,23333.65,404.0,404.0,402.3,402.3,525,1738574520
2025-02-03 14:53:00,PE,ATM+8,12.552086,194550,23750.0,23338.35,402.3,405.0,400.0,400.65,900,1738574580
2025-02-03 14:54:00,PE,ATM+8,12.104085,194550,23750.0,23339.45,400.65,400.65,397.55,398.35,375,1738574640
2025-02-03 14:55:00,PE,ATM+8,12.339951,195075,23750.0,23341.4,398.35,398.35,394.7,397.2,525,1738574700
2025-02-03 14:56:00,PE,ATM+8,12.108639,195075,23750.0,23345.85,397.2,397.2,392.4,392.4,75,1738574760
2025-02-03 14:57:00,PE,ATM+8,11.439494,195075,23750.0,23345.65,392.4,392.4,390.0,390.8,300,1738574820
2025-02-03 14:58:00,PE,ATM+8,11.970538,194775,23750.0,23348.6,390.8,390.8,388.7,389.45,600,1738574880
2025-02-03 14:59:00,PE,ATM+8,12.69136,194775,23750.0,23355.05,389.45,389.45,385.0,385.7,450,1738574940
2025-02-03 15:00:00,PE,ATM+8,11.966097,194775,23750.0,23354.45,385.7,385.7,372.1,384.0,5475,1738575000
2025-02-03 15:01:00,PE,ATM+8,11.393575,194850,23750.0,23351.7,382.3,390.7,382.3,385.0,5400,1738575060
2025-02-03 15:02:00,PE,ATM+8,11.351522,194850,23750.0,23359.05,385.0,385.0,378.0,378.0,375,1738575120
2025-02-03 15:03:00,PE,ATM+8,9.576235,194850,23750.0,23351.3,378.0,381.65,378.0,381.65,75,1738575180
2025-02-03 15:04:00,PE,ATM+8,11.525643,194700,23750.0,23353.35,381.65,385.1,381.65,383.8,300,1738575240
2025-02-03 15:05:00,PE,ATM+8,12.008751,194700,23750.0,23358.85,383.8,383.8,379.45,380.05,300,1738575300
2025-02-03 15:06:00,PE,ATM+8,9.725182,194700,23750.0,23359.75,380.05,380.05,373.75,373.75,375,1738575360
2025-02-03 15:07:00,PE,ATM+8,10.893889,194625,23750.0,23361.75,373.75,374.3,373.6,374.3,300,1738575420
2025-02-03 15:08:00,PE,ATM+8,11.11042,194625,23750.0,23361.85,374.3,374.75,371.75,374.75,1875,1738575480
2025-02-03 15:09:00,PE,ATM+8,14.180884,432075,23800.0,23375.4,422.0,422.65,417.85,417.85,375,1738575540
2025-02-03 15:10:00,PE,ATM+8,13.020286,193950,23750.0,23373.9,370.0,370.0,364.0,369.75,2775,1738575600
2025-02-03 15:11:00,PE,ATM+8,12.233501,193950,23750.0,23370.0,369.75,370.5,368.35,370.5,1575,1738575660
2025-02-03 15:12:00,PE,ATM+8,11.585887,193950,23750.0,23363.5,370.5,374.5,370.5,374.5,450,1738575720
2025-02-03 15:13:00,PE,ATM+8,12.06848,193950,23750.0,23368.65,374.5,374.5,370.0,371.2,150,1738575780
2025-02-03 15:14:00,PE,ATM+8,11.396195,193050,23750.0,23366.9,371.2,371.2,370.8,370.8,75,1738575840
2025-02-03 15:15:00,PE,ATM+8,10.714767,193050,23750.0,23357.4,370.8,378.0,370.8,378.0,375,1738575900
2025-02-03 15:16:00,PE,ATM+8,11.495991,193125,23750.0,23357.55,378.0,381.0,378.0,379.8,375,1738575960
2025-02-03 15:17:00,PE,ATM+8,10.375728,193125,23750.0,23353.75,379.8,383.8,379.8,380.75,600,1738576020
2025-02-03 15:18:00,PE,ATM+8,11.030079,193125,23750.0,23356.6,380.75,381.85,379.5,379.5,375,1738576080
2025-02-03 15:19:00,PE,ATM+8,11.48559,192750,23750.0,23357.95,381.95,382.35,379.4,379.4,600,1738576140
2025-02-03 15:20:00,PE,ATM+8,11.600153,192750,23750.0,23355.5,379.3,383.15,379.3,382.0,2025,1738576200
2025-02-03 15:21:00,PE,ATM+8,12.050689,192750,23750.0,23358.5,382.0,382.0,380.05,380.5,1350,1738576260
2025-02-03 15:22:00,PE,ATM+8,10.889183,192375,23750.0,23356.25,380.5,380.5,377.6,379.5,750,1738576320
2025-02-03 15:23:00,PE,ATM+8,12.032129,192375,23750.0,23354.5,379.5,384.15,379.5,384.15,3750,1738576380
2025-02-03 15:24:00,PE,ATM+8,12.293194,192375,23750.0,23355.4,384.15,384.15,381.95,384.1,600,1738576440
2025-02-03 15:25:00,PE,ATM+8,10.265392,193500,23750.0,23356.1,382.25,382.25,378.3,378.3,2775,1738576500
2025-02-03 15:26:00,PE,ATM+8,10.624474,193500,23750.0,23355.1,378.3,382.3,378.3,380.0,3375,1738576560
2025-02-03 15:27:00,PE,ATM+8,10.681073,193500,23750.0,23354.6,380.0,381.1,380.0,380.6,1575,1738576620
2025-02-03 15:28:00,PE,ATM+8,10.011867,191775,23750.0,23355.55,380.6,381.15,378.35,378.35,2025,1738576680
2025-02-03 15:29:00,PE,ATM+8,10.889454,191775,23750.0,23359.7,377.95,378.3,374.2,376.25,13500,1738576740
2025-02-04 09:15:00,PE,ATM+8,20.825435,181725,23900.0,23495.7,410.35,427.4,410.35,421.65,4275,1738640700
2025-02-04 09:16:00,PE,ATM+8,18.202841,181725,23900.0,23497.15,420.0,420.0,406.2,409.4,3975,1738640760
2025-02-04 09:17:00,PE,ATM+8,19.376206,181725,23900.0,23506.65,409.4,410.7,404.2,406.0,2025,1738640820
2025-02-04 09:18:00,PE,ATM+8,19.516077,186825,23900.0,23509.0,405.9,406.5,402.0,404.6,2925,1738640880
2025-02-04 09:19:00,PE,ATM+8,18.982909,186825,23900.0,23502.7,404.6,409.45,404.55,407.7,1875,1738640940
2025-02-04 09:20:00,PE,ATM+8,19.149239,186825,23900.0,23514.35,407.7,407.7,397.2,398.45,2625,1738641000
2025-02-04 09:21:00,PE,ATM+8,18.661764,188775,23900.0,23510.45,398.45,403.2,397.6,399.7,2175,1738641060
2025-02-04 09:22:00,PE,ATM+8,20.050458,49500,23950.0,23528.35,444.1,444.1,432.0,433.15,225,1738641120
2025-02-04 09:23:00,PE,ATM+8,18.133067,188775,23900.0,23522.85,385.6,390.2,385.6,386.85,2625,1738641180
2025-02-04 09:24:00,PE,ATM+8,18.461993,188775,23900.0,23522.3,389.35,390.0,388.7,388.7,750,1738641240
2025-02-04 09:25:00,PE,ATM+8,20.786415,49650,23950.0,23530.25,436.8,437.8,430.0,434.6,675,1738641300
2025-02-04 09:26:00,PE,ATM+8,18.190643,189825,23900.0,23517.45,385.3,393.0,385.3,391.7,1725,1738641360
2025-02-04 09:27:00,PE,ATM+8,18.636584,191325,23900.0,23518.1,391.7,393.0,391.0,393.0,450,1738641420
2025-02-04 09:28:00,PE,ATM+8,18.031575,191325,23900.0,23511.7,393.0,396.4,393.0,396.0,3375,1738641480
2025-02-04 09:29:00,PE,ATM+8,18.686993,191325,23900.0,23514.35,396.5,401.5,396.4,396.4,5700,1738641540
2025-02-04 09:30:00,PE,ATM+8,18.500327,189675,23900.0,23503.45,396.4,405.0,393.35,405.0,2250,1738641600
2025-02-04 09:31:00,PE,ATM+8,18.844303,189675,23900.0,23495.15,403.1,420.0,403.1,413.55,14250,1738641660
2025-02-04 09:32:00,PE,ATM+8,18.739621,189675,23900.0,23503.8,415.0,415.0,404.1,405.65,1875,1738641720
2025-02-04 09:33:00,PE,ATM+8,18.230473,189075,23900.0,23509.4,405.65,405.65,398.75,398.75,750,1738641780
2025-02-04 09:34:00,PE,ATM+8,19.493931,189075,23900.0,23510.6,403.0,403.5,401.75,403.0,900,1738641840
2025-02-04 09:35:00,PE,ATM+8,19.272526,189075,23900.0,23512.7,403.0,405.35,399.1,400.25,2925,1738641900
2025-02-04 09:36:00,PE,ATM+8,19.286603,187875,23900.0,23516.95,400.25,402.2,396.7,396.7,675,1738641960
2025-02-04 09:37:00,PE,ATM+8,19.104681,49650,23950.0,23539.0,446.85,446.85,420.0,420.0,600,1738642020
2025-02-04 09:38:00,PE,ATM+8,21.080585,49650,23950.0,23549.8,420.0,425.55,419.25,419.3,900,1738642080
2025-02-04 09:39:00,PE,ATM+8,20.070521,49950,23950.0,23550.65,419.3,419.3,411.15,414.05,300,1738642140
2025-02-04 09:40:00,PE,ATM+8,21.004507,49950,23950.0,23562.7,414.05,414.05,401.95,408.2,975,1738642200
2025-02-04 09:41:00,PE,ATM+8,21.31668,49950,23950.0,23562.3,408.2,410.0,404.5,410.0,825,1738642260
2025-02-04 09:42:00,PE,ATM+8,20.611157,50475,23950.0,23567.2,410.0,410.0,402.6,402.6,675,1738642320
2025-02-04 09:43:00,PE,ATM+8,21.108428,50475,23950.0,23566.1,402.6,405.85,402.6,405.85,300,1738642380
2025-02-04 09:44:00,PE,ATM+8,21.607415,50475,23950.0,23572.4,406.65,406.65,402.4,403.1,3300,1738642440
2025-02-04 09:45:00,PE,ATM+8,21.414553,54600,23950.0,23560.2,403.1,412.15,394.6,412.15,5325,1738642500
2025-02-04 09:46:00,PE,ATM+8,20.391976,54600,23950.0,23560.35,412.15,412.15,407.15,407.25,2700,1738642560
2025-02-04 09:47:00,PE,ATM+8,21.264159,54600,23950.0,23563.85,409.0,409.0,408.4,408.4,825,1738642620
2025-02-04 09:48:00,PE,ATM+8,21.122433,53850,23950.0,23569.45,408.4,408.4,397.15,403.1,1050,1738642680
2025-02-04 09:49:00,PE,ATM+8,20.630933,53850,23950.0,23569.45,403.1,403.1,400.75,400.75,975,1738642740
2025-02-04 09:50:00,PE,ATM+8,21.081617,53850,23950.0,23568.15,400.75,408.6,400.75,403.95,1800,1738642800
2025-02-04 09:51:00,PE,ATM+8,21.040033,53850,23950.0,23566.5,403.3,405.1,399.6,405.1,600,1738642860
2025-02-04 09:52:00,PE,ATM+8,20.807511,53700,23950.0,23565.4,405.1,407.45,402.95,404.9,1725,1738642920
2025-02-04 09:53:00,PE,ATM+8,19.897644,53700,23950.0,23565.65,406.15,406.15,400.5,400.5,1500,1738642980
2025-02-04 09:54:00,PE,ATM+8,19.615395,52500,23950.0,23561.6,400.5,414.0,400.5,402.65,675,1738643040
2025-02-04 09:55:00,PE,ATM+8,19.251865,52500,23950.0,23559.15,402.65,403.65,401.45,403.15,1350,1738643100
2025-02-04 09:56:00,PE,ATM+8,19.656835,52500,23950.0,23556.95,403.15,408.75,403.15,406.75,1650,1738643160
2025-02-04 09:57:00,PE,ATM+8,18.882752,52500,23950.0,23560.0,406.75,406.75,400.85,400.85,675,1738643220
2025-02-04 09:58:00,PE,ATM+8,18.804124,52350,23950.0,23560.6,407.15,408.05,400.0,400.0,975,1738643280
2025-02-04 09:59:00,PE,ATM+8,18.909268,52350,23950.0,23557.95,400.0,402.95,400.0,402.7,450,1738643340
2025-02-04 10:00:00,PE,ATM+8,19.832619,51600,23950.0,23562.25,402.7,403.0,392.35,403.0,2025,1738643400
2025-02-04 10:01:00,PE,ATM+8,19.832619,51600,23950.0,23562.25,403.0,403.0,403.0,403.0,0,1738643460
2025-02-04 10:02:00,PE,ATM+8,19.600146,51600,23950.0,23553.95,403.0,409.0,403.0,409.0,300,1738643520
2025-02-04 10:03:00,PE,ATM+8,19.536681,51600,23950.0,23546.6,420.0,421.1,408.6,415.0,3300,1738643580
2025-02-04 10:04:00,PE,ATM+8,20.518182,51150,23950.0,23550.2,415.0,416.15,415.0,416.15,75,1738643640
2025-02-04 10:05:00,PE,ATM+8,19.145434,51150,23950.0,23547.5,416.15,416.15,412.6,412.6,150,1738643700
2025-02-04 10:06:00,PE,ATM+8,15.556023,51150,23950.0,23541.65,412.6,412.6,405.15,405.15,150,1738643760
2025-02-04 10:07:00,PE,ATM+8,19.43926,50925,23950.0,23544.75,405.15,423.75,405.15,416.15,975,1738643820
2025-02-04 10:08:00,PE,ATM+8,18.554139,50925,23950.0,23535.2,416.15,420.95,416.15,420.95,75,1738643880
2025-02-04 10:09:00,PE,ATM+8,18.554139,50925,23950.0,23535.2,420.95,420.95,420.95,420.95,0,1738643940
2025-02-04 10:10:00,PE,ATM+8,18.554139,50925,23950.0,23535.2,420.95,420.95,420.95,420.95,0,1738644000
2025-02-04 10:11:00,PE,ATM+8,18.554139,50925,23950.0,23535.2,420.95,420.95,420.95,420.95,0,1738644060
2025-02-04 10:12:00,PE,ATM+8,18.554139,50925,23950.0,23535.2,420.95,420.95,420.95,420.95,0,1738644120
2025-02-04 10:13:00,PE,ATM+8,19.63842,50625,23950.0,23533.5,420.95,426.6,420.95,426.6,375,1738644180
2025-02-04 10:14:00,PE,ATM+8,18.810691,202425,23900.0,23512.65,380.35,405.0,380.35,398.0,17250,1738644240
2025-02-04 10:15:00,PE,ATM+8,18.579433,200400,23900.0,23514.85,397.1,400.0,392.85,395.15,4500,1738644300
2025-02-04 10:16:00,PE,ATM+8,18.633176,200400,23900.0,23510.5,395.15,400.0,395.15,399.1,750,1738644360
2025-02-04 10:17:00,PE,ATM+8,18.776207,49800,23950.0,23525.25,443.05,443.05,427.2,430.45,525,1738644420
2025-02-04 10:18:00,PE,ATM+8,19.131048,202425,23900.0,23519.95,387.1,395.35,380.9,393.1,3675,1738644480
2025-02-04 10:19:00,PE,ATM+8,18.445648,48375,23950.0,23525.35,432.5,434.75,427.3,429.15,11100,1738644540
2025-02-04 10:20:00,PE,ATM+8,19.718671,48375,23950.0,23528.6,429.15,431.1,429.15,431.1,75,1738644600
2025-02-04 10:21:00,PE,ATM+8,18.572413,55350,23950.0,23530.45,431.1,431.1,425.1,425.1,225,1738644660
2025-02-04 10:22:00,PE,ATM+8,19.350381,55350,23950.0,23529.8,425.1,428.6,425.1,428.6,75,1738644720
2025-02-04 10:23:00,PE,ATM+8,19.600745,55350,23950.0,23527.0,428.6,432.0,428.6,432.0,75,1738644780
2025-02-04 10:24:00,PE,ATM+8,19.96659,198375,23900.0,23522.85,392.3,395.3,392.3,394.3,900,1738644840
2025-02-04 10:25:00,PE,ATM+8,18.718436,198375,23900.0,23515.95,394.3,397.7,394.25,394.7,1200,1738644900
2025-02-04 10:26:00,PE,ATM+8,17.610815,198375,23900.0,23513.95,394.7,398.0,392.0,392.0,900,1738644960
2025-02-04 10:27:00,PE,ATM+8,19.143944,198150,23900.0,23513.45,392.0,398.75,392.0,398.6,1950,1738645020
2025-02-04 10:28:00,PE,ATM+8,18.975272,198150,23900.0,23507.65,398.6,402.85,397.9,402.85,1275,1738645080
2025-02-04 10:29:00,PE,ATM+8,19.306147,198150,23900.0,23500.95,404.3,428.0,404.3,409.95,7650,1738645140
2025-02-04 10:30:00,PE,ATM+8,20.505634,197475,23900.0,23505.2,413.4,414.4,402.1,411.45,3975,1738645200
2025-02-04 10:31:00,PE,ATM+8,20.501152,197475,23900.0,23500.95,410.35,415.0,408.05,415.0,1275,1738645260
2025-02-04 10:32:00,PE,ATM+8,20.407557,197475,23900.0,23497.5,415.0,419.0,413.4,417.5,1275,1738645320
2025-02-04 10:33:00,PE,ATM+8,19.275451,193050,23900.0,23496.0,417.5,439.0,410.25,414.05,11025,1738645380
2025-02-04 10:34:00,PE,ATM+8,20.413182,193050,23900.0,23489.15,414.05,425.15,414.05,424.6,3150,1738645440
2025-02-04 10:35:00,PE,ATM+8,19.812886,193050,23900.0,23479.65,432.0,449.0,424.4,430.3,14475,1738645500
2025-02-04 10:36:00,PE,ATM+8,21.535655,134250,23850.0,23473.25,392.35,401.0,392.35,401.0,1575,1738645560
2025-02-04 10:37:00,PE,ATM+8,20.229917,134250,23850.0,23463.1,401.0,416.75,401.0,403.35,8250,1738645620
2025-02-04 10:38:00,PE,ATM+8,20.124073,134250,23850.0,23452.0,403.35,412.25,403.35,412.25,3000,1738645680
2025-02-04 10:39:00,PE,ATM+8,19.759326,132675,23850.0,23427.25,412.25,435.1,412.25,432.0,14250,1738645740
2025-02-04 10:40:00,PE,ATM+8,22.089594,132675,23850.0,23452.6,432.0,434.8,414.35,420.55,3750,1738645800
2025-02-04 10:41:00,PE,ATM+8,22.024906,132675,23850.0,23449.8,420.55,426.65,416.45,422.55,2475,1738645860
2025-02-04 10:42:00,PE,ATM+8,22.657848,132450,23850.0,23438.9,419.8,437.75,419.8,434.5,8100,1738645920
2025-02-04 10:43:00,PE,ATM+8,24.07337,132450,23850.0,23454.6,435.0,435.45,428.55,428.55,825,1738645980
2025-02-04 10:44:00,PE,ATM+8,21.705024,132450,23850.0,23459.2,420.45,420.45,407.0,413.25,750,1738646040
2025-02-04 10:45:00,PE,ATM+8,20.867841,135000,23850.0,23457.15,413.25,423.95,411.1,411.1,750,1738646100
2025-02-04 10:46:00,PE,ATM+8,22.014374,193500,23900.0,23477.55,464.2,464.2,440.85,441.2,2475,1738646160
2025-02-04 10:47:00,PE,ATM+8,21.873242,135000,23850.0,23470.3,400.2,404.9,392.9,404.9,2925,1738646220
2025-02-04 10:48:00,PE,ATM+8,20.798746,133200,23850.0,23467.65,404.9,414.3,401.55,402.0,3000,1738646280
2025-02-04 10:49:00,PE,ATM+8,21.956974,133200,23850.0,23461.6,402.0,413.05,396.75,412.4,5475,1738646340
2025-02-04 10:50:00,PE,ATM+8,21.45885,133200,23850.0,23466.5,412.4,413.9,406.0,406.0,3900,1738646400
2025-02-04 10:51:00,PE,ATM+8,20.756944,137775,23850.0,23445.85,403.1,423.0,403.1,420.05,2700,1738646460
2025-02-04 10:52:00,PE,ATM+8,21.290176,137775,23850.0,23447.55,420.05,423.0,420.05,420.95,975,1738646520
2025-02-04 10:53:00,PE,ATM+8,22.303555,137775,23850.0,23440.2,425.35,435.0,425.35,431.65,1275,1738646580
2025-02-04 10:54:00,PE,ATM+8,21.814965,137325,23850.0,23440.65,431.65,431.65,429.05,429.05,1350,1738646640
2025-02-04 10:55:00,PE,ATM+8,22.874453,137325,23850.0,23452.15,429.1,429.1,421.3,424.45,975,1738646700
2025-02-04 10:56:00,PE,ATM+8,21.459434,137325,23850.0,23462.9,424.45,424.45,408.9,408.9,1125,1738646760
2025-02-04 10:57:00,PE,ATM+8,21.217686,137325,23850.0,23462.8,408.9,411.2,407.85,407.85,225,1738646820
2025-02-04 10:58:00,PE,ATM+8,21.563296,138075,23850.0,23454.7,407.85,416.15,404.0,416.15,1500,1738646880
2025-02-04 10:59:00,PE,ATM+8,21.083784,138075,23850.0,23466.55,416.15,416.15,404.1,404.1,525,1738646940
2025-02-04 11:00:00,PE,ATM+8,21.411773,138075,23850.0,23473.5,403.8,411.55,399.9,399.9,525,1738647000
2025-02-04 11:01:00,PE,ATM+8,21.346624,195825,23900.0,23478.9,440.0,443.6,437.0,437.0,2175,1738647060
2025-02-04 11:02:00,PE,ATM+8,21.350244,195825,23900.0,23481.5,437.0,437.0,422.8,434.8,6975,1738647120
2025-02-04 11:03:00,PE,ATM+8,22.211612,195825,23900.0,23484.5,434.8,442.15,434.8,436.05,1200,1738647180
2025-02-04 11:04:00,PE,ATM+8,21.542469,194625,23900.0,23488.15,436.05,436.05,429.7,430.0,2550,1738647240
2025-02-04 11:05:00,PE,ATM+8,21.336465,194625,23900.0,23501.0,430.0,430.0,415.85,418.3,8175,1738647300
2025-02-04 11:06:00,PE,ATM+8,20.753713,197325,23900.0,23499.1,418.3,418.55,411.6,417.3,2400,1738647360
2025-02-04 11:07:00,PE,ATM+8,20.834263,197325,23900.0,23493.7,417.3,425.0,417.3,422.2,1875,1738647420
2025-02-04 11:08:00,PE,ATM+8,20.213683,197325,23900.0,23496.7,422.2,422.2,417.0,417.0,225,1738647480
2025-02-04 11:09:00,PE,ATM+8,20.213683,197325,23900.0,23496.7,417.0,417.0,417.0,417.0,0,1738647540
2025-02-04 11:10:00,PE,ATM+8,20.620911,195825,23900.0,23497.6,417.0,426.55,417.0,417.95,3075,1738647600
2025-02-04 11:11:00,PE,ATM+8,20.226903,195825,23900.0,23492.1,417.95,420.95,405.0,420.95,4125,1738647660
2025-02-04 11:12:00,PE,ATM+8,18.989388,196050,23900.0,23485.15,420.95,424.3,420.95,422.05,600,1738647720
2025-02-04 11:13:00,PE,ATM+8,19.563657,196050,23900.0,23496.55,422.05,422.05,414.4,414.4,300,1738647780
2025-02-04 11:14:00,PE,ATM+8,19.667177,196050,23900.0,23506.5,414.4,415.4,405.0,406.3,1800,1738647840
2025-02-04 11:15:00,PE,ATM+8,19.377468,204975,23900.0,23503.8,403.75,407.4,400.0,407.4,15525,1738647900
2025-02-04 11:16:00,PE,ATM+8,19.379479,204975,23900.0,23503.1,409.8,414.0,407.35,408.0,3300,1738647960
2025-02-04 11:17:00,PE,ATM+8,19.856247,204975,23900.0,23517.45,404.0,404.0,397.8,397.8,2400,1738648020
2025-02-04 11:18:00,PE,ATM+8,20.510452,203475,23900.0,23520.2,397.8,398.85,395.25,398.4,6300,1738648080
2025-02-04 11:19:00,PE,ATM+8,20.757,203475,23900.0,23522.75,398.4,398.4,394.05,397.4,975,1738648140
2025-02-04 11:20:00,PE,ATM+8,20.443239,51525,23950.0,23525.2,440.35,440.35,436.4,436.4,225,1738648200
2025-02-04 11:21:00,PE,ATM+8,19.793857,51525,23950.0,23538.3,436.4,436.4,422.5,422.5,1350,1738648260
2025-02-04 11:22:00,PE,ATM+8,19.94559,51900,23950.0,23535.05,420.6,425.9,420.6,425.9,2175,1738648320
2025-02-04 11:23:00,PE,ATM+8,19.94559,51900,23950.0,23535.05,425.9,425.9,425.9,425.9,0,1738648380
2025-02-04 11:24:00,PE,ATM+8,19.324836,51900,23950.0,23540.75,425.9,425.9,418.15,418.5,1200,1738648440
2025-02-04 11:25:00,PE,ATM+8,19.494871,50325,23950.0,23535.45,418.5,424.65,418.5,423.75,750,1738648500
2025-02-04 11:26:00,PE,ATM+8,19.494871,50325,23950.0,23535.45,423.75,423.75,423.75,423.75,0,1738648560
2025-02-04 11:27:00,PE,ATM+8,19.242656,50325,23950.0,23535.75,423.75,423.75,422.5,422.5,75,1738648620
2025-02-04 11:28:00,PE,ATM+8,20.007579,50625,23950.0,23534.0,427.0,427.0,427.0,427.0,75,1738648680
2025-02-04 11:29:00,PE,ATM+8,19.71604,50625,23950.0,23529.2,427.0,435.05,427.0,430.0,2175,1738648740
2025-02-04 11:30:00,PE,ATM+8,19.71604,50625,23950.0,23529.2,430.0,430.0,430.0,430.0,0,1738648800
2025-02-04 11:31:00,PE,ATM+8,21.567192,50850,23950.0,23544.2,418.4,424.9,418.4,424.9,1200,1738648860
2025-02-04 11:32:00,PE,ATM+8,21.567192,50850,23950.0,23544.2,424.9,424.9,424.9,424.9,0,1738648920
2025-02-04 11:33:00,PE,ATM+8,21.463488,50850,23950.0,23544.1,424.9,424.9,423.3,424.5,150,1738648980
2025-02-04 11:34:00,PE,ATM+8,18.751126,50250,23950.0,23542.15,424.5,424.5,415.0,415.0,1050,1738649040
2025-02-04 11:35:00,PE,ATM+8,18.751126,50250,23950.0,23542.15,415.0,415.0,415.0,415.0,0,1738649100
2025-02-04 11:36:00,PE,ATM+8,20.734209,50250,23950.0,23547.4,415.0,418.5,415.0,418.5,75,1738649160
2025-02-04 11:37:00,PE,ATM+8,22.128388,50850,23950.0,23553.2,418.5,419.9,418.5,419.9,75,1738649220
2025-02-04 11:38:00,PE,ATM+8,21.736364,50850,23950.0,23556.85,419.9,419.9,415.05,415.05,75,1738649280
2025-02-04 11:39:00,PE,ATM+8,20.804584,50850,23950.0,23557.05,415.05,415.05,410.65,410.65,450,1738649340
2025-02-04 11:40:00,PE,ATM+8,19.04252,51150,23950.0,23550.7,410.65,410.65,408.65,408.65,150,1738649400
2025-02-04 11:41:00,PE,ATM+8,20.988974,51150,23950.0,23553.05,408.65,414.8,408.65,414.8,75,1738649460
2025-02-04 11:42:00,PE,ATM+8,21.814515,51150,23950.0,23548.85,414.8,423.9,414.8,422.0,525,1738649520
2025-02-04 11:43:00,PE,ATM+8,20.468231,51600,23950.0,23544.8,422.0,422.0,419.5,419.5,75,1738649580
2025-02-04 11:44:00,PE,ATM+8,21.359628,51600,23950.0,23540.2,419.5,427.2,419.5,427.2,75,1738649640
2025-02-04 11:45:00,PE,ATM+8,21.359628,51600,23950.0,23540.2,427.2,427.2,427.2,427.2,0,1738649700
2025-02-04 11:46:00,PE,ATM+8,21.359628,51600,23950.0,23540.2,427.2,427.2,427.2,427.2,0,1738649760
2025-02-04 11:47:00,PE,ATM+8,21.359628,51600,23950.0,23540.2,427.2,427.2,427.2,427.2,0,1738649820
2025-02-04 11:48:00,PE,ATM+8,21.359628,51600,23950.0,23540.2,427.2,427.2,427.2,427.2,0,1738649880
2025-02-04 11:49:00,PE,ATM+8,24.30454,724575,24000.0,23598.1,466.25,468.0,434.6,434.6,13200,1738649940
2025-02-04 11:50:00,PE,ATM+8,21.630399,724575,24000.0,23593.35,430.4,432.0,409.85,425.85,22200,1738650000
2025-02-04 11:51:00,PE,ATM+8,21.097148,722625,24000.0,23587.55,424.15,439.0,421.85,428.4,10650,1738650060
2025-02-04 11:52:00,PE,ATM+8,15.390176,52875,23950.0,23559.2,380.0,389.0,380.0,388.35,450,1738650120
2025-02-04 11:53:00,PE,ATM+8,20.547785,52875,23950.0,23559.45,417.4,417.4,407.35,407.35,1425,1738650180
2025-02-04 11:54:00,PE,ATM+8,21.067149,52875,23950.0,23565.15,407.35,407.35,403.0,404.9,300,1738650240
2025-02-04 11:55:00,PE,ATM+8,20.733882,52200,23950.0,23559.15,404.9,408.4,404.9,408.4,600,1738650300
2025-02-04 11:56:00,PE,ATM+8,20.756794,52200,23950.0,23558.9,408.4,408.7,403.3,408.7,750,1738650360
2025-02-04 11:57:00,PE,ATM+8,20.539988,52200,23950.0,23547.05,408.7,421.15,408.7,417.75,1200,1738650420
2025-02-04 11:58:00,PE,ATM+8,21.246405,52950,23950.0,23551.2,417.75,421.0,417.3,417.3,150,1738650480
2025-02-04 11:59:00,PE,ATM+8,20.203066,52950,23950.0,23546.25,417.3,417.3,417.0,417.0,75,1738650540
2025-02-04 12:00:00,PE,ATM+8,20.093895,52950,23950.0,23541.8,417.0,421.4,417.0,420.35,150,1738650600
2025-02-04 12:01:00,PE,ATM+8,21.305833,52875,23950.0,23538.4,420.35,435.5,420.35,428.3,3150,1738650660
2025-02-04 12:02:00,PE,ATM+8,21.04032,52875,23950.0,23538.35,428.3,430.0,427.2,427.2,750,1738650720
2025-02-04 12:03:00,PE,ATM+8,21.817899,52875,23950.0,23541.8,427.2,427.85,427.2,427.65,150,1738650780
2025-02-04 12:04:00,PE,ATM+8,21.250688,51975,23950.0,23553.35,427.65,427.65,415.45,415.45,450,1738650840
2025-02-04 12:05:00,PE,ATM+8,21.694438,51975,23950.0,23557.0,415.45,415.45,412.8,414.4,675,1738650900
2025-02-04 12:06:00,PE,ATM+8,22.488546,51975,23950.0,23550.05,414.4,423.8,414.4,423.8,150,1738650960
2025-02-04 12:07:00,PE,ATM+8,20.4004,52050,23950.0,23543.25,423.8,423.8,420.3,420.3,150,1738651020
2025-02-04 12:08:00,PE,ATM+8,21.438646,52050,23950.0,23539.4,420.3,429.8,420.3,427.95,225,1738651080
2025-02-04 12:09:00,PE,ATM+8,21.438646,52050,23950.0,23539.4,427.95,427.95,427.95,427.95,0,1738651140
2025-02-04 12:10:00,PE,ATM+8,21.397589,51975,23950.0,23554.65,427.95,427.95,414.95,414.95,75,1738651200
2025-02-04 12:11:00,PE,ATM+8,20.595244,51975,23950.0,23560.3,414.95,414.95,406.2,406.65,1125,1738651260
2025-02-04 12:12:00,PE,ATM+8,21.217622,51975,23950.0,23562.35,406.65,407.7,406.65,407.7,375,1738651320
2025-02-04 12:13:00,PE,ATM+8,22.294629,52350,23950.0,23570.1,407.7,407.7,406.35,406.35,450,1738651380
2025-02-04 12:14:00,PE,ATM+8,19.377981,52350,23950.0,23565.4,397.1,397.1,397.1,397.1,75,1738651440
2025-02-04 12:15:00,PE,ATM+8,19.816364,52350,23950.0,23571.9,397.1,402.0,393.45,393.45,1350,1738651500
2025-02-04 12:16:00,PE,ATM+8,20.845308,52575,23950.0,23565.8,393.45,403.1,393.45,403.1,1125,1738651560
2025-02-04 12:17:00,PE,ATM+8,20.258328,52575,23950.0,23573.3,403.1,403.1,394.2,394.2,1275,1738651620
2025-02-04 12:18:00,PE,ATM+8,22.218547,710175,24000.0,23590.65,440.45,441.05,424.65,430.4,18825,1738651680
2025-02-04 12:19:00,PE,ATM+8,22.602775,708375,24000.0,23589.6,431.7,435.5,431.7,433.0,3750,1738651740
2025-02-04 12:20:00,PE,ATM+8,22.436681,708375,24000.0,23586.1,433.0,437.05,431.7,435.15,9150,1738651800
2025-02-04 12:21:00,PE,ATM+8,21.424525,708375,24000.0,23575.15,435.15,444.0,435.15,440.0,6675,1738651860
2025-02-04 12:22:00,PE,ATM+8,21.030753,712875,24000.0,23575.7,440.0,446.4,437.9,437.9,3675,1738651920
2025-02-04 12:23:00,PE,ATM+8,20.647181,712875,24000.0,23578.6,436.8,437.0,433.85,433.85,2100,1738651980
2025-02-04 12:24:00,PE,ATM+8,20.039455,712875,24000.0,23575.25,433.85,434.35,433.85,434.35,300,1738652040
2025-02-04 12:25:00,PE,ATM+8,20.984119,53625,23950.0,23572.75,389.9,398.0,389.9,397.85,225,1738652100
2025-02-04 12:26:00,PE,ATM+8,19.805693,53625,23950.0,23571.95,397.85,397.85,393.25,393.25,300,1738652160
2025-02-04 12:27:00,PE,ATM+8,19.892023,53625,23950.0,23565.45,393.25,400.5,393.25,399.1,300,1738652220
2025-02-04 12:28:00,PE,ATM+8,19.927502,54000,23950.0,23570.95,399.1,399.1,392.0,394.6,450,1738652280
2025-02-04 12:29:00,PE,ATM+8,20.771181,713775,24000.0,23577.6,439.7,439.7,434.0,435.15,1575,1738652340
2025-02-04 12:30:00,PE,ATM+8,20.45683,713775,24000.0,23580.95,433.0,436.55,430.0,431.0,4575,1738652400
2025-02-04 12:31:00,PE,ATM+8,20.493152,716850,24000.0,23584.25,432.0,434.35,427.0,428.3,6300,1738652460
2025-02-04 12:32:00,PE,ATM+8,21.993477,716850,24000.0,23602.8,427.3,427.3,417.7,419.1,21900,1738652520
2025-02-04 12:33:00,PE,ATM+8,21.935688,716850,24000.0,23595.8,417.55,426.9,417.55,424.65,9000,1738652580
2025-02-04 12:34:00,PE,ATM+8,21.308335,733725,24000.0,23591.85,426.0,429.4,425.2,425.2,3975,1738652640
2025-02-04 12:35:00,PE,ATM+8,22.083685,733725,24000.0,23592.55,423.0,428.0,422.4,428.0,3075,1738652700
2025-02-04 12:36:00,PE,ATM+8,21.878417,733725,24000.0,23592.7,428.0,428.0,425.25,426.95,600,1738652760
2025-02-04 12:37:00,PE,ATM+8,21.631664,734400,24000.0,23596.1,426.95,426.95,421.75,423.0,4275,1738652820
2025-02-04 12:38:00,PE,ATM+8,22.420683,734400,24000.0,23611.3,423.0,423.0,410.75,414.0,15300,1738652880
2025-02-04 12:39:00,PE,ATM+8,20.933654,734400,24000.0,23586.5,412.9,430.0,409.0,428.1,16050,1738652940
2025-02-04 12:40:00,PE,ATM+8,20.717171,734175,24000.0,23589.6,428.1,436.0,420.05,424.55,10575,1738653000
2025-02-04 12:41:00,PE,ATM+8,21.354045,734175,24000.0,23594.6,424.55,430.0,423.0,423.0,3375,1738653060
2025-02-04 12:42:00,PE,ATM+8,21.48242,734175,24000.0,23595.25,423.0,427.35,420.0,423.0,2550,1738653120
2025-02-04 12:43:00,PE,ATM+8,21.283391,738150,24000.0,23591.25,423.05,426.15,419.0,425.5,2925,1738653180
2025-02-04 12:44:00,PE,ATM+8,21.241873,738150,24000.0,23590.85,424.9,427.0,422.0,425.65,525,1738653240
2025-02-04 12:45:00,PE,ATM+8,20.3007,738150,24000.0,23583.55,424.05,428.0,420.05,428.0,2625,1738653300
2025-02-04 12:46:00,PE,ATM+8,20.710141,738450,24000.0,23594.25,430.0,430.0,420.5,420.5,5475,1738653360
2025-02-04 12:47:00,PE,ATM+8,21.543045,738450,24000.0,23599.85,420.0,422.7,417.0,419.35,2625,1738653420
2025-02-04 12:48:00,PE,ATM+8,21.677986,738450,24000.0,23604.45,419.75,420.1,416.0,416.1,4050,1738653480
2025-02-04 12:49:00,PE,ATM+8,22.519201,742425,24000.0,23606.2,416.1,418.6,416.1,418.5,4275,1738653540
2025-02-04 12:50:00,PE,ATM+8,22.446877,742425,24000.0,23597.6,416.0,425.25,416.0,425.25,1350,1738653600
2025-02-04 12:51:00,PE,ATM+8,22.306317,742425,24000.0,23603.15,426.05,426.05,420.0,420.0,2175,1738653660
2025-02-04 12:52:00,PE,ATM+8,22.328684,750075,24000.0,23611.15,418.0,421.05,393.75,413.5,27525,1738653720
2025-02-04 12:53:00,PE,ATM+8,22.014284,750075,24000.0,23609.6,416.0,417.0,411.25,413.3,4050,1738653780
2025-02-04 12:54:00,PE,ATM+8,22.464379,750075,24000.0,23613.3,413.3,413.3,409.4,412.35,3525,1738653840
2025-02-04 12:55:00,PE,ATM+8,22.56321,753750,24000.0,23612.45,412.35,413.5,409.0,413.5,2325,1738653900
2025-02-04 12:56:00,PE,ATM+8,22.86572,753750,24000.0,23616.05,413.5,413.5,408.0,412.0,2100,1738653960
2025-02-04 12:57:00,PE,ATM+8,22.467988,753750,24000.0,23611.5,412.0,414.85,406.0,413.8,2700,1738654020
2025-02-04 12:58:00,PE,ATM+8,21.579302,754275,24000.0,23617.75,413.8,416.15,404.5,404.5,3900,1738654080
2025-02-04 12:59:00,PE,ATM+8,21.812558,754275,24000.0,23619.05,404.5,408.0,401.8,404.5,4125,1738654140
2025-02-04 13:00:00,PE,ATM+8,22.015474,754275,24000.0,23618.0,404.5,407.1,400.0,406.3,9225,1738654200
2025-02-04 13:01:00,PE,ATM+8,23.165844,759000,24000.0,23615.35,410.0,413.95,406.3,413.95,3750,1738654260
2025-02-04 13:02:00,PE,ATM+8,22.535662,759000,24000.0,23605.35,414.0,420.0,413.0,419.1,4725,1738654320
2025-02-04 13:03:00,PE,ATM+8,23.370485,759000,24000.0,23610.0,422.1,422.1,417.0,419.25,6525,1738654380
2025-02-04 13:04:00,PE,ATM+8,22.843513,753225,24000.0,23601.65,418.6,428.0,418.05,423.55,10425,1738654440
2025-02-04 13:05:00,PE,ATM+8,22.910715,753225,24000.0,23592.25,425.4,432.0,425.4,431.6,14475,1738654500
2025-02-04 13:06:00,PE,ATM+8,22.393561,753225,24000.0,23594.95,431.6,437.6,427.0,427.0,16275,1738654560
2025-02-04 13:07:00,PE,ATM+8,23.521021,742500,24000.0,23614.85,427.0,427.0,413.2,416.0,17025,1738654620
2025-02-04 13:08:00,PE,ATM+8,23.931811,742500,24000.0,23619.3,416.0,417.45,410.9,414.45,24975,1738654680
2025-02-04 13:09:00,PE,ATM+8,25.865192,22125,24050.0,23626.5,462.65,462.65,458.65,458.65,75,1738654740
2025-02-04 13:10:00,PE,ATM+8,24.219338,22650,24050.0,23633.4,452.7,452.7,445.0,445.1,675,1738654800
2025-02-04 13:11:00,PE,ATM+8,24.692624,22650,24050.0,23638.55,445.1,445.1,436.2,443.15,825,1738654860
2025-02-04 13:12:00,PE,ATM+8,24.240226,22650,24050.0,23641.2,443.15,443.15,438.0,438.8,750,1738654920
2025-02-04 13:13:00,PE,ATM+8,23.878088,22950,24050.0,23638.95,438.8,438.9,435.6,438.9,225,1738654980
2025-02-04 13:14:00,PE,ATM+8,25.115089,22950,24050.0,23640.05,438.9,443.95,438.9,443.95,675,1738655040
2025-02-04 13:15:00,PE,ATM+8,23.569314,22950,24050.0,23635.7,443.95,443.95,435.75,440.1,450,1738655100
2025-02-04 13:16:00,PE,ATM+8,23.569314,22950,24050.0,23635.7,440.1,440.1,440.1,440.1,0,1738655160
2025-02-04 13:17:00,PE,ATM+8,23.569314,22950,24050.0,23635.7,440.1,440.1,440.1,440.1,0,1738655220
2025-02-04 13:18:00,PE,ATM+8,23.569314,22950,24050.0,23635.7,440.1,440.1,440.1,440.1,0,1738655280
2025-02-04 13:19:00,PE,ATM+8,25.109468,22725,24050.0,23634.9,440.1,449.5,440.1,448.0,450,1738655340
2025-02-04 13:20:00,PE,ATM+8,24.55461,22725,24050.0,23643.9,448.0,448.0,438.0,438.0,225,1738655400
2025-02-04 13:21:00,PE,ATM+8,23.262663,22725,24050.0,23658.0,438.0,438.0,420.1,420.3,825,1738655460
2025-02-04 13:22:00,PE,ATM+8,23.640944,23250,24050.0,23650.75,420.3,428.0,420.3,428.0,1500,1738655520
2025-02-04 13:23:00,PE,ATM+8,23.663508,23250,24050.0,23645.35,428.0,438.3,428.0,432.5,1125,1738655580
2025-02-04 13:24:00,PE,ATM+8,23.978268,23250,24050.0,23644.1,432.5,435.0,432.5,435.0,75,1738655640
2025-02-04 13:25:00,PE,ATM+8,23.978268,23250,24050.0,23644.1,435.0,435.0,435.0,435.0,0,1738655700
2025-02-04 13:26:00,PE,ATM+8,24.11612,22950,24050.0,23649.55,435.0,435.0,431.2,431.2,75,1738655760
2025-02-04 13:27:00,PE,ATM+8,24.11612,22950,24050.0,23649.55,431.2,431.2,431.2,431.2,0,1738655820
2025-02-04 13:28:00,PE,ATM+8,24.094484,22950,24050.0,23648.15,431.2,436.0,431.2,432.2,225,1738655880
2025-02-04 13:29:00,PE,ATM+8,24.094484,22950,24050.0,23648.15,432.2,432.2,432.2,432.2,0,1738655940
2025-02-04 13:30:00,PE,ATM+8,24.522603,22950,24050.0,23645.3,432.2,436.55,432.2,436.55,150,1738656000
2025-02-04 13:31:00,PE,ATM+8,23.696133,22875,24050.0,23646.8,436.55,436.55,431.35,431.35,150,1738656060
2025-02-04 13:32:00,PE,ATM+8,24.211519,22875,24050.0,23645.75,431.35,434.65,431.35,434.65,75,1738656120
2025-02-04 13:33:00,PE,ATM+8,24.863346,22875,24050.0,23647.8,434.65,436.15,432.3,436.15,150,1738656180
2025-02-04 13:34:00,PE,ATM+8,25.044995,111975,24100.0,23688.2,483.15,483.15,445.0,445.0,3900,1738656240
2025-02-04 13:35:00,PE,ATM+8,25.644217,111975,24100.0,23686.0,443.25,458.65,435.0,449.7,3300,1738656300
2025-02-04 13:36:00,PE,ATM+8,24.302291,111975,24100.0,23687.45,444.75,445.4,439.7,442.0,2700,1738656360
2025-02-04 13:37:00,PE,ATM+8,23.703107,112200,24100.0,23681.95,442.45,445.0,442.45,443.7,675,1738656420
2025-02-04 13:38:00,PE,ATM+8,24.636159,112200,24100.0,23685.5,448.05,448.05,445.0,445.15,1425,1738656480
2025-02-04 13:39:00,PE,ATM+8,24.266737,112200,24100.0,23681.75,445.15,447.65,445.0,446.45,1950,1738656540
2025-02-04 13:40:00,PE,ATM+8,24.51287,23100,24050.0,23668.65,400.0,417.6,399.85,417.6,675,1738656600
2025-02-04 13:41:00,PE,ATM+8,23.483746,23100,24050.0,23665.05,417.6,421.95,413.4,415.35,3525,1738656660
2025-02-04 13:42:00,PE,ATM+8,24.220778,23100,24050.0,23667.2,415.35,417.25,415.35,417.25,75,1738656720
2025-02-04 13:43:00,PE,ATM+8,26.106404,110775,24100.0,23675.3,466.1,466.1,459.1,460.45,450,1738656780
2025-02-04 13:44:00,PE,ATM+8,26.106404,110775,24100.0,23675.3,460.45,460.45,460.45,460.45,0,1738656840
2025-02-04 13:45:00,PE,ATM+8,26.202499,110775,24100.0,23676.4,464.1,469.95,460.0,460.0,525,1738656900
2025-02-04 13:46:00,PE,ATM+8,26.312352,110325,24100.0,23682.85,460.0,460.0,453.95,455.35,1950,1738656960
2025-02-04 13:47:00,PE,ATM+8,25.860936,110325,24100.0,23686.7,455.35,455.35,450.0,450.0,1350,1738657020
2025-02-04 13:48:00,PE,ATM+8,26.022391,110325,24100.0,23691.75,450.0,452.75,446.75,446.75,1200,1738657080
2025-02-04 13:49:00,PE,ATM+8,26.449115,112050,24100.0,23698.75,446.75,446.8,439.65,443.35,3975,1738657140
2025-02-04 13:50:00,PE,ATM+8,25.907794,112050,24100.0,23696.25,443.35,445.3,430.35,442.55,2550,1738657200
2025-02-04 13:51:00,PE,ATM+8,26.086557,112050,24100.0,23703.05,442.55,442.55,438.05,438.05,675,1738657260
2025-02-04 13:52:00,PE,ATM+8,26.314097,112875,24100.0,23708.65,438.05,438.05,430.85,434.8,1350,1738657320
2025-02-04 13:53:00,PE,ATM+8,25.965629,112875,24100.0,23705.0,430.0,440.6,429.9,435.85,1800,1738657380
2025-02-04 13:54:00,PE,ATM+8,26.633952,112875,24100.0,23704.1,435.85,442.15,435.85,440.0,450,1738657440
2025-02-04 13:55:00,PE,ATM+8,25.698063,113775,24100.0,23692.5,440.0,444.4,440.0,444.4,1350,1738657500
2025-02-04 13:56:00,PE,ATM+8,25.294068,113775,24100.0,23681.95,444.4,451.95,444.4,450.9,5325,1738657560
2025-02-04 13:57:00,PE,ATM+8,24.6273,113775,24100.0,23691.1,450.9,450.9,431.85,440.25,2775,1738657620
2025-02-04 13:58:00,PE,ATM+8,24.454312,112575,24100.0,23682.65,440.25,446.3,440.0,446.3,675,1738657680
2025-02-04 13:59:00,PE,ATM+8,23.914102,112575,24100.0,23679.95,446.3,446.3,444.4,446.0,225,1738657740
2025-02-04 14:00:00,PE,ATM+8,24.147728,112575,24100.0,23688.55,446.0,446.0,436.3,440.0,300,1738657800
2025-02-04 14:01:00,PE,ATM+8,23.242501,112425,24100.0,23685.35,440.0,441.65,438.45,438.45,300,1738657860
2025-02-04 14:02:00,PE,ATM+8,25.11745,112425,24100.0,23684.6,438.45,450.0,438.45,447.8,300,1738657920
2025-02-04 14:03:00,PE,ATM+8,24.051455,23700,24050.0,23672.4,405.1,411.9,405.1,411.9,825,1738657980
2025-02-04 14:04:00,PE,ATM+8,24.513446,23850,24050.0,23673.8,411.9,413.45,411.9,413.1,150,1738658040
2025-02-04 14:05:00,PE,ATM+8,24.881009,23850,24050.0,23670.65,413.1,417.45,413.1,417.45,150,1738658100
2025-02-04 14:06:00,PE,ATM+8,24.885689,112725,24100.0,23689.0,461.65,461.65,439.9,443.05,2100,1738658160
2025-02-04 14:07:00,PE,ATM+8,24.662236,112125,24100.0,23691.6,443.05,444.85,439.85,439.85,150,1738658220
2025-02-04 14:08:00,PE,ATM+8,24.707582,112125,24100.0,23689.2,439.85,442.0,438.25,442.0,1650,1738658280
2025-02-04 14:09:00,PE,ATM+8,24.478616,112125,24100.0,23690.05,443.8,443.8,440.2,440.2,300,1738658340
2025-02-04 14:10:00,PE,ATM+8,26.643383,113550,24100.0,23676.05,440.2,462.0,440.2,462.0,1650,1738658400
2025-02-04 14:11:00,PE,ATM+8,26.643383,113550,24100.0,23676.05,462.0,462.0,462.0,462.0,0,1738658460
2025-02-04 14:12:00,PE,ATM+8,25.988995,24075,24050.0,23659.25,405.0,432.0,405.0,432.0,2250,1738658520
2025-02-04 14:13:00,PE,ATM+8,25.85777,23475,24050.0,23639.1,432.0,449.5,432.0,447.35,1350,1738658580
2025-02-04 14:14:00,PE,ATM+8,26.37936,23475,24050.0,23651.6,447.35,450.2,432.5,440.0,675,1738658640
2025-02-04 14:15:00,PE,ATM+8,26.435166,23475,24050.0,23643.35,449.4,449.4,446.8,446.8,1050,1738658700
2025-02-04 14:16:00,PE,ATM+8,26.723846,23250,24050.0,23653.8,446.8,446.8,440.0,440.0,750,1738658760
2025-02-04 14:17:00,PE,ATM+8,26.723846,23250,24050.0,23653.8,440.0,440.0,440.0,440.0,0,1738658820
2025-02-04 14:18:00,PE,ATM+8,27.676727,23250,24050.0,23655.85,440.0,443.35,440.0,443.35,75,1738658880
2025-02-04 14:19:00,PE,ATM+8,27.501389,23025,24050.0,23649.95,443.35,447.0,435.7,447.0,225,1738658940
2025-02-04 14:20:00,PE,ATM+8,27.605013,23025,24050.0,23658.85,447.0,447.0,440.6,440.6,375,1738659000
2025-02-04 14:21:00,PE,ATM+8,27.275912,23025,24050.0,23650.95,440.6,445.0,440.6,445.0,300,1738659060
2025-02-04 14:22:00,PE,ATM+8,27.749356,23400,24050.0,23643.15,445.0,454.0,445.0,453.55,450,1738659120
2025-02-04 14:23:00,PE,ATM+8,28.302691,23400,24050.0,23642.6,453.55,462.0,453.55,456.85,1125,1738659180
2025-02-04 14:24:00,PE,ATM+8,28.52624,23400,24050.0,23642.8,456.85,457.85,456.85,457.85,75,1738659240
2025-02-04 14:25:00,PE,ATM+8,27.868049,23400,24050.0,23639.2,457.85,457.85,457.2,457.2,75,1738659300
2025-02-04 14:26:00,PE,ATM+8,27.647879,23100,24050.0,23641.8,457.2,457.2,454.0,454.0,75,1738659360
2025-02-04 14:27:00,PE,ATM+8,27.647879,23100,24050.0,23641.8,454.0,454.0,454.0,454.0,0,1738659420
2025-02-04 14:28:00,PE,ATM+8,26.622435,23100,24050.0,23642.15,454.0,454.0,448.25,448.45,225,1738659480
2025-02-04 14:29:00,PE,ATM+8,28.631349,23100,24050.0,23647.05,448.45,455.0,448.45,455.0,75,1738659540
2025-02-04 14:30:00,PE,ATM+8,30.308419,109725,24100.0,23676.65,499.15,499.15,480.0,480.0,975,1738659600
2025-02-04 14:31:00,PE,ATM+8,27.765795,110775,24100.0,23680.35,480.0,480.0,463.8,463.8,1575,1738659660
2025-02-04 14:32:00,PE,ATM+8,25.720199,23100,24050.0,23671.5,415.3,420.6,415.0,420.6,1350,1738659720
2025-02-04 14:33:00,PE,ATM+8,25.687497,23100,24050.0,23663.7,420.6,426.55,420.6,426.55,750,1738659780
2025-02-04 14:34:00,PE,ATM+8,25.687497,23100,24050.0,23663.7,426.55,426.55,426.55,426.55,0,1738659840
2025-02-04 14:35:00,PE,ATM+8,24.194908,23025,24050.0,23667.5,426.55,426.55,416.0,416.0,75,1738659900
2025-02-04 14:36:00,PE,ATM+8,24.954381,109200,24100.0,23681.3,464.7,464.7,445.45,449.15,3750,1738659960
2025-02-04 14:37:00,PE,ATM+8,21.993668,108825,24100.0,23693.4,449.15,449.15,424.8,425.75,3900,1738660020
2025-02-04 14:38:00,PE,ATM+8,21.706429,108825,24100.0,23691.75,422.5,429.3,420.9,425.9,1500,1738660080
2025-02-04 14:39:00,PE,ATM+8,22.370535,108825,24100.0,23696.65,425.9,425.9,420.0,424.65,2100,1738660140
2025-02-04 14:40:00,PE,ATM+8,21.522775,109350,24100.0,23699.1,424.65,425.45,418.9,418.9,975,1738660200
2025-02-04 14:41:00,PE,ATM+8,21.259841,109350,24100.0,23705.95,418.9,419.9,412.0,412.0,1800,1738660260
2025-02-04 14:42:00,PE,ATM+8,21.961913,109350,24100.0,23698.35,412.3,423.6,407.5,421.4,2475,1738660320
2025-02-04 14:43:00,PE,ATM+8,21.857816,111300,24100.0,23704.25,421.4,425.0,416.0,416.0,4650,1738660380
2025-02-04 14:44:00,PE,ATM+8,22.850537,111300,24100.0,23701.15,416.0,423.0,416.0,423.0,525,1738660440
2025-02-04 14:45:00,PE,ATM+8,23.783333,111300,24100.0,23692.6,424.95,439.0,424.95,434.3,2400,1738660500
2025-02-04 14:46:00,PE,ATM+8,24.392287,109800,24100.0,23708.8,433.15,438.9,424.0,424.0,3525,1738660560
2025-02-04 14:47:00,PE,ATM+8,24.294643,109800,24100.0,23719.4,424.0,424.0,415.0,415.0,1200,1738660620
2025-02-04 14:48:00,PE,ATM+8,24.533435,109800,24100.0,23721.5,414.5,416.15,412.7,414.5,1200,1738660680
2025-02-04 14:49:00,PE,ATM+8,25.189596,109200,24100.0,23719.1,414.5,423.15,414.5,419.7,1350,1738660740
2025-02-04 14:50:00,PE,ATM+8,23.763187,109200,24100.0,23720.5,419.7,423.3,411.45,411.45,2025,1738660800
2025-02-04 14:51:00,PE,ATM+8,25.140675,13650,24150.0,23726.1,455.75,455.75,453.35,454.25,900,1738660860
2025-02-04 14:52:00,PE,ATM+8,25.072761,111675,24100.0,23723.15,407.75,416.2,407.75,415.85,1200,1738660920
2025-02-04 14:53:00,PE,ATM+8,25.072761,111675,24100.0,23723.15,415.85,415.85,415.85,415.85,0,1738660980
2025-02-04 14:54:00,PE,ATM+8,27.38085,13650,24150.0,23726.4,454.25,464.8,454.25,464.8,975,1738661040
2025-02-04 14:55:00,PE,ATM+8,27.38085,13650,24150.0,23726.4,464.8,464.8,464.8,464.8,0,1738661100
2025-02-04 14:56:00,PE,ATM+8,27.480551,13650,24150.0,23730.5,464.8,464.8,462.0,462.0,75,1738661160
2025-02-04 14:57:00,PE,ATM+8,27.480551,13650,24150.0,23730.5,462.0,462.0,462.0,462.0,0,1738661220
2025-02-04 14:58:00,PE,ATM+8,25.796856,13650,24150.0,23743.75,462.0,462.0,443.0,443.0,1650,1738661280
2025-02-04 14:59:00,PE,ATM+8,27.691373,13650,24150.0,23748.75,443.0,448.65,443.0,448.65,75,1738661340
2025-02-04 15:00:00,PE,ATM+8,27.778573,13650,24150.0,23738.9,448.65,456.8,448.65,456.8,150,1738661400
2025-02-04 15:01:00,PE,ATM+8,26.168499,13650,24150.0,23747.5,456.8,456.8,441.8,441.8,975,1738661460
2025-02-04 15:02:00,PE,ATM+8,27.332153,13050,24150.0,23743.75,441.8,450.65,441.8,450.65,450,1738661520
2025-02-04 15:03:00,PE,ATM+8,27.332153,13050,24150.0,23743.75,450.65,450.65,450.65,450.65,0,1738661580
2025-02-04 15:04:00,PE,ATM+8,27.332153,13050,24150.0,23743.75,450.65,450.65,450.65,450.65,0,1738661640
2025-02-04 15:05:00,PE,ATM+8,26.927558,13125,24150.0,23739.05,450.65,452.25,450.65,452.25,75,1738661700
2025-02-04 15:06:00,PE,ATM+8,27.546293,13125,24150.0,23743.2,452.25,452.25,450.9,452.1,375,1738661760
2025-02-04 15:07:00,PE,ATM+8,27.546293,13125,24150.0,23743.2,452.1,452.1,452.1,452.1,0,1738661820
2025-02-04 15:08:00,PE,ATM+8,27.626454,13350,24150.0,23746.35,452.1,452.1,450.0,450.0,225,1738661880
2025-02-04 15:09:00,PE,ATM+8,27.626454,13350,24150.0,23746.35,450.0,450.0,450.0,450.0,0,1738661940
2025-02-04 15:10:00,PE,ATM+8,25.591535,13350,24150.0,23740.55,450.0,450.0,444.35,444.35,75,1738662000
2025-02-04 15:11:00,PE,ATM+8,26.08477,13425,24150.0,23734.5,444.35,451.6,444.35,451.6,450,1738662060
2025-02-04 15:12:00,PE,ATM+8,26.529272,13425,24150.0,23741.4,451.6,451.6,447.8,448.25,675,1738662120
2025-02-04 15:13:00,PE,ATM+8,25.463082,13425,24150.0,23737.3,448.25,448.25,446.3,446.3,450,1738662180
2025-02-04 15:14:00,PE,ATM+8,25.463082,13425,24150.0,23737.3,446.3,446.3,446.3,446.3,0,1738662240
2025-02-04 15:15:00,PE,ATM+8,25.463082,13425,24150.0,23737.3,446.3,446.3,446.3,446.3,0,1738662300
2025-02-04 15:16:00,PE,ATM+8,26.648336,12975,24150.0,23733.9,446.3,454.75,446.3,454.75,75,1738662360
2025-02-04 15:17:00,PE,ATM+8,26.822582,12975,24150.0,23731.7,454.75,457.35,454.75,457.35,75,1738662420
2025-02-04 15:18:00,PE,ATM+8,26.684344,12975,24150.0,23731.95,457.35,460.3,456.45,456.45,150,1738662480
2025-02-04 15:19:00,PE,ATM+8,27.812204,12975,24150.0,23738.55,456.45,456.85,456.45,456.85,75,1738662540
2025-02-04 15:20:00,PE,ATM+8,27.772741,12825,24150.0,23735.35,456.85,459.35,456.85,459.15,375,1738662600
2025-02-04 15:21:00,PE,ATM+8,28.065156,12825,24150.0,23740.15,459.15,459.15,456.85,456.85,75,1738662660
2025-02-04 15:22:00,PE,ATM+8,28.065156,12825,24150.0,23740.15,456.85,456.85,456.85,456.85,0,1738662720
2025-02-04 15:23:00,PE,ATM+8,25.877018,12450,24150.0,23727.55,456.85,456.85,456.0,456.0,375,1738662780
2025-02-04 15:24:00,PE,ATM+8,23.955826,302175,24100.0,23721.85,405.0,411.0,405.0,410.75,2475,1738662840
2025-02-04 15:25:00,PE,ATM+8,22.946124,297075,24100.0,23716.8,410.75,410.75,409.35,410.0,1500,1738662900
2025-02-04 15:26:00,PE,ATM+8,20.562709,297075,24100.0,23709.45,410.0,410.0,405.6,405.6,2175,1738662960
2025-02-04 15:27:00,PE,ATM+8,19.825663,297075,24100.0,23705.5,405.6,407.0,405.6,406.0,2625,1738663020
2025-02-04 15:28:00,PE,ATM+8,19.069597,294675,24100.0,23705.1,406.0,406.3,403.45,403.45,900,1738663080
2025-02-04 15:29:00,PE,ATM+8,19.206699,294675,24100.0,23707.7,403.45,404.3,400.9,401.7,2400,1738663140
2025-02-05 09:15:00,PE,ATM+8,29.326978,13650,24150.0,23768.1,411.85,416.85,403.2,414.65,5475,1738727100
2025-02-05 09:16:00,PE,ATM+8,28.391472,13650,24150.0,23769.6,414.0,414.0,409.95,409.95,600,1738727160
2025-02-05 09:17:00,PE,ATM+8,28.247307,13650,24150.0,23767.6,409.95,414.6,409.95,411.05,450,1738727220
2025-02-05 09:18:00,PE,ATM+8,29.862635,14850,24150.0,23773.7,411.05,412.05,408.8,412.05,1050,1738727280
2025-02-05 09:19:00,PE,ATM+8,30.745379,14850,24150.0,23769.25,412.05,419.0,412.05,419.0,10725,1738727340
2025-02-05 09:20:00,PE,ATM+8,30.486174,14850,24150.0,23751.7,420.0,432.2,420.0,432.2,600,1738727400
2025-02-05 09:21:00,PE,ATM+8,32.419783,23700,24150.0,23759.85,432.2,433.0,429.35,433.0,300,1738727460
2025-02-05 09:22:00,PE,ATM+8,33.117455,23700,24150.0,23759.9,433.0,435.7,433.0,435.7,75,1738727520
2025-02-05 09:23:00,PE,ATM+8,33.725272,23700,24150.0,23770.25,435.0,435.0,430.0,430.0,525,1738727580
2025-02-05 09:24:00,PE,ATM+8,29.96906,23700,24150.0,23768.8,430.0,430.0,412.0,416.25,900,1738727640
2025-02-05 09:25:00,PE,ATM+8,31.302056,23475,24150.0,23761.5,416.25,427.2,416.25,427.2,75,1738727700
2025-02-05 09:26:00,PE,ATM+8,32.113642,23475,24150.0,23763.85,427.2,428.45,427.2,428.45,75,1738727760
2025-02-05 09:27:00,PE,ATM+8,34.214447,112500,24200.0,23777.55,480.15,480.15,465.9,465.9,1500,1738727820
2025-02-05 09:28:00,PE,ATM+8,32.2838,23175,24150.0,23761.85,417.2,430.65,417.2,430.65,975,1738727880
2025-02-05 09:29:00,PE,ATM+8,33.018067,23175,24150.0,23764.1,430.65,431.75,430.65,431.75,75,1738727940
2025-02-05 09:30:00,PE,ATM+8,32.874954,23175,24150.0,23757.85,431.75,436.1,431.65,436.1,150,1738728000
2025-02-05 09:31:00,PE,ATM+8,35.483682,112200,24200.0,23777.4,487.15,487.15,470.85,470.85,1950,1738728060
2025-02-05 09:32:00,PE,ATM+8,35.483682,112200,24200.0,23777.4,470.85,470.85,470.85,470.85,0,1738728120
2025-02-05 09:33:00,PE,ATM+8,35.483682,112200,24200.0,23777.4,470.85,470.85,470.85,470.85,0,1738728180
2025-02-05 09:34:00,PE,ATM+8,35.483682,112200,24200.0,23777.4,470.85,470.85,470.85,470.85,0,1738728240
2025-02-05 09:35:00,PE,ATM+8,35.56918,111900,24200.0,23776.2,482.0,482.0,472.0,472.0,375,1738728300
2025-02-05 09:36:00,PE,ATM+8,35.618332,111600,24200.0,23784.1,472.0,473.5,461.45,465.9,2775,1738728360
2025-02-05 09:37:00,PE,ATM+8,35.391094,111600,24200.0,23784.55,465.9,466.4,464.6,464.6,900,1738728420
2025-02-05 09:38:00,PE,ATM+8,35.633915,111600,24200.0,23787.7,464.6,464.6,460.0,463.05,1425,1738728480
2025-02-05 09:39:00,PE,ATM+8,35.34143,111825,24200.0,23788.7,463.05,466.95,460.0,461.05,6450,1738728540
2025-02-05 09:40:00,PE,ATM+8,34.313517,111825,24200.0,23793.65,461.05,461.05,452.0,453.0,2775,1738728600
2025-02-05 09:41:00,PE,ATM+8,34.553532,111825,24200.0,23795.0,450.0,453.15,450.0,452.85,2850,1738728660
2025-02-05 09:42:00,PE,ATM+8,34.194713,114900,24200.0,23795.05,450.0,454.5,446.1,451.35,3375,1738728720
2025-02-05 09:43:00,PE,ATM+8,34.0527,114900,24200.0,23796.0,451.35,451.35,444.85,450.0,1200,1738728780
2025-02-05 09:44:00,PE,ATM+8,31.833121,114900,24200.0,23797.55,449.75,449.75,440.15,440.15,2700,1738728840
2025-02-05 09:45:00,PE,ATM+8,30.473963,115425,24200.0,23790.3,440.15,449.05,440.0,441.05,2625,1738728900
2025-02-05 09:46:00,PE,ATM+8,32.106484,115425,24200.0,23792.45,441.05,448.15,441.05,445.25,1500,1738728960
2025-02-05 09:47:00,PE,ATM+8,31.246073,115425,24200.0,23785.65,443.0,449.8,443.0,447.6,4275,1738729020
2025-02-05 09:48:00,PE,ATM+8,28.761855,22875,24150.0,23774.35,397.55,406.6,397.55,406.6,900,1738729080
2025-02-05 09:49:00,PE,ATM+8,28.704223,22875,24150.0,23774.55,406.6,408.0,405.55,406.2,2325,1738729140
2025-02-05 09:50:00,PE,ATM+8,29.957808,117675,24200.0,23778.4,456.0,456.0,449.0,449.0,1275,1738729200
2025-02-05 09:51:00,PE,ATM+8,27.225491,22875,24150.0,23774.4,406.2,406.2,401.0,401.0,300,1738729260
2025-02-05 09:52:00,PE,ATM+8,27.225491,22875,24150.0,23774.4,401.0,401.0,401.0,401.0,0,1738729320
2025-02-05 09:53:00,PE,ATM+8,30.248786,22500,24150.0,23767.25,401.0,417.75,401.0,417.75,225,1738729380
2025-02-05 09:54:00,PE,ATM+8,27.847767,22500,24150.0,23759.5,417.75,417.75,415.5,415.5,75,1738729440
2025-02-05 09:55:00,PE,ATM+8,30.720229,22500,24150.0,23758.75,415.5,426.35,415.5,426.35,300,1738729500
2025-02-05 09:56:00,PE,ATM+8,30.097463,22500,24150.0,23753.9,426.35,428.0,426.35,428.0,75,1738729560
2025-02-05 09:57:00,PE,ATM+8,29.755979,22500,24150.0,23746.75,428.0,432.65,427.05,432.65,1350,1738729620
2025-02-05 09:58:00,PE,ATM+8,29.423366,22800,24150.0,23754.55,432.65,432.65,425.0,425.0,225,1738729680
2025-02-05 09:59:00,PE,ATM+8,28.765271,22800,24150.0,23754.15,425.0,425.0,423.0,423.0,300,1738729740
2025-02-05 10:00:00,PE,ATM+8,28.465801,22800,24150.0,23767.15,423.0,423.0,411.15,411.15,1125,1738729800
2025-02-05 10:01:00,PE,ATM+8,30.838382,23025,24150.0,23764.45,411.15,425.95,411.15,422.0,675,1738729860
2025-02-05 10:02:00,PE,ATM+8,29.114685,23025,24150.0,23760.55,422.0,422.3,418.85,418.85,150,1738729920
2025-02-05 10:03:00,PE,ATM+8,31.384248,23325,24150.0,23746.8,418.85,438.3,418.85,438.3,3825,1738729980
2025-02-05 10:04:00,PE,ATM+8,29.423981,23325,24150.0,23734.55,438.3,442.4,438.3,441.5,1125,1738730040
2025-02-05 10:05:00,PE,ATM+8,28.594622,23325,24150.0,23732.75,441.5,442.8,437.9,440.25,750,1738730100
2025-02-05 10:06:00,PE,ATM+8,26.370813,23325,24150.0,23730.35,440.25,440.25,435.4,435.4,1125,1738730160
2025-02-05 10:07:00,PE,ATM+8,26.370813,23325,24150.0,23730.35,435.4,435.4,435.4,435.4,0,1738730220
2025-02-05 10:08:00,PE,ATM+8,27.191554,21150,24150.0,23731.3,435.4,437.0,435.4,437.0,150,1738730280
2025-02-05 10:09:00,PE,ATM+8,27.252547,21225,24150.0,23749.05,437.0,437.0,422.0,422.0,375,1738730340
2025-02-05 10:10:00,PE,ATM+8,26.975192,21225,24150.0,23750.45,422.0,422.0,409.6,419.9,1200,1738730400
2025-02-05 10:11:00,PE,ATM+8,26.975192,21225,24150.0,23750.45,419.9,419.9,419.9,419.9,0,1738730460
2025-02-05 10:12:00,PE,ATM+8,27.287632,21225,24150.0,23750.7,419.9,420.65,419.9,420.65,75,1738730520
2025-02-05 10:13:00,PE,ATM+8,25.631522,20700,24150.0,23744.7,420.65,420.65,420.65,420.65,75,1738730580
2025-02-05 10:14:00,PE,ATM+8,25.631522,20700,24150.0,23744.7,420.65,420.65,420.65,420.65,0,1738730640
2025-02-05 10:15:00,PE,ATM+8,25.631522,20700,24150.0,23744.7,420.65,420.65,420.65,420.65,0,1738730700
2025-02-05 10:16:00,PE,ATM+8,25.631522,20700,24150.0,23744.7,420.65,420.65,420.65,420.65,0,1738730760
2025-02-05 10:17:00,PE,ATM+8,28.643391,20700,24150.0,23741.2,420.65,433.0,420.65,433.0,150,1738730820
2025-02-05 10:18:00,PE,ATM+8,28.643391,20700,24150.0,23741.2,433.0,433.0,433.0,433.0,0,1738730880
2025-02-05 10:19:00,PE,ATM+8,27.967633,20625,24150.0,23738.55,433.0,433.0,433.0,433.0,225,1738730940
2025-02-05 10:20:00,PE,ATM+8,26.747962,20625,24150.0,23736.55,433.0,433.0,430.9,430.9,150,1738731000
2025-02-05 10:21:00,PE,ATM+8,27.846832,20625,24150.0,23735.7,430.9,435.0,430.9,435.0,75,1738731060
2025-02-05 10:22:00,PE,ATM+8,26.75638,20625,24150.0,23729.65,435.0,436.85,435.0,436.85,75,1738731120
2025-02-05 10:23:00,PE,ATM+8,25.323306,20625,24150.0,23736.2,436.85,436.85,427.0,427.0,150,1738731180
2025-02-05 10:24:00,PE,ATM+8,24.138688,20700,24150.0,23743.85,427.0,430.65,417.0,417.0,300,1738731240
2025-02-05 10:25:00,PE,ATM+8,26.352317,20700,24150.0,23757.05,417.0,417.0,412.0,412.0,75,1738731300
2025-02-05 10:26:00,PE,ATM+8,26.94021,20700,24150.0,23764.5,412.0,412.0,406.85,407.55,300,1738731360
2025-02-05 10:27:00,PE,ATM+8,26.990603,20700,24150.0,23762.3,407.55,409.55,407.55,409.55,75,1738731420
2025-02-05 10:28:00,PE,ATM+8,27.09345,20700,24150.0,23771.6,409.55,410.2,402.0,402.05,375,1738731480
2025-02-05 10:29:00,PE,ATM+8,27.466473,20700,24150.0,23774.35,402.05,402.25,401.0,401.0,150,1738731540
2025-02-05 10:30:00,PE,ATM+8,28.10363,20700,24150.0,23770.65,400.0,406.25,400.0,406.25,300,1738731600
2025-02-05 10:31:00,PE,ATM+8,29.689909,114525,24200.0,23775.6,454.45,454.45,449.45,449.45,975,1738731660
2025-02-05 10:32:00,PE,ATM+8,28.270863,20775,24150.0,23769.0,400.0,408.15,399.35,408.15,525,1738731720
2025-02-05 10:33:00,PE,ATM+8,28.284372,20775,24150.0,23764.15,408.15,412.2,408.15,412.2,225,1738731780
2025-02-05 10:34:00,PE,ATM+8,27.869274,20925,24150.0,23767.1,412.2,412.2,408.3,408.3,75,1738731840
2025-02-05 10:35:00,PE,ATM+8,28.287432,20925,24150.0,23768.8,408.3,408.4,408.3,408.3,300,1738731900
2025-02-05 10:36:00,PE,ATM+8,28.287432,20925,24150.0,23768.8,408.3,408.3,408.3,408.3,0,1738731960
2025-02-05 10:37:00,PE,ATM+8,28.603605,20700,24150.0,23763.55,408.3,416.0,408.3,413.7,150,1738732020
2025-02-05 10:38:00,PE,ATM+8,28.603605,20700,24150.0,23763.55,413.7,413.7,413.7,413.7,0,1738732080
2025-02-05 10:39:00,PE,ATM+8,28.603605,20700,24150.0,23763.55,413.7,413.7,413.7,413.7,0,1738732140
2025-02-05 10:40:00,PE,ATM+8,29.108344,20775,24150.0,23762.8,413.7,416.0,413.7,416.0,375,1738732200
2025-02-05 10:41:00,PE,ATM+8,29.054773,20775,24150.0,23764.6,416.0,418.8,414.3,414.3,225,1738732260
2025-02-05 10:42:00,PE,ATM+8,29.054773,20775,24150.0,23764.6,414.3,414.3,414.3,414.3,0,1738732320
2025-02-05 10:43:00,PE,ATM+8,28.591416,20550,24150.0,23773.05,414.3,414.3,405.65,405.65,300,1738732380
2025-02-05 10:44:00,PE,ATM+8,27.458377,20550,24150.0,23769.05,405.65,405.65,405.05,405.05,75,1738732440
2025-02-05 10:45:00,PE,ATM+8,27.247865,20550,24150.0,23772.6,405.05,406.85,401.35,401.35,225,1738732500
2025-02-05 10:46:00,PE,ATM+8,30.058326,112650,24200.0,23775.95,451.4,451.95,450.0,450.0,3150,1738732560
2025-02-05 10:47:00,PE,ATM+8,26.121742,20625,24150.0,23769.95,402.65,402.65,399.5,399.85,225,1738732620
2025-02-05 10:48:00,PE,ATM+8,29.012588,20625,24150.0,23771.3,408.45,408.45,408.45,408.45,150,1738732680
2025-02-05 10:49:00,PE,ATM+8,29.393984,20775,24150.0,23773.6,408.45,408.45,407.9,407.9,75,1738732740
2025-02-05 10:50:00,PE,ATM+8,31.665116,113925,24200.0,23777.55,456.0,457.9,454.0,454.0,300,1738732800
2025-02-05 10:51:00,PE,ATM+8,30.122381,113925,24200.0,23782.25,454.0,454.0,444.0,444.8,3525,1738732860
2025-02-05 10:52:00,PE,ATM+8,31.434442,114000,24200.0,23780.2,444.8,451.0,444.8,450.95,1575,1738732920
2025-02-05 10:53:00,PE,ATM+8,31.6193,114000,24200.0,23776.05,450.95,455.0,450.95,455.0,1800,1738732980
2025-02-05 10:54:00,PE,ATM+8,31.6193,114000,24200.0,23776.05,455.0,455.0,455.0,455.0,0,1738733040
2025-02-05 10:55:00,PE,ATM+8,31.0036,20925,24150.0,23773.9,404.65,413.4,404.65,413.4,150,1738733100
2025-02-05 10:56:00,PE,ATM+8,30.102613,20925,24150.0,23774.25,413.4,413.4,409.45,409.75,225,1738733160
2025-02-05 10:57:00,PE,ATM+8,32.886849,20925,24150.0,23755.75,409.75,435.0,409.75,435.0,825,1738733220
2025-02-05 10:58:00,PE,ATM+8,30.688767,20625,24150.0,23759.05,432.85,432.85,424.0,424.2,1125,1738733280
2025-02-05 10:59:00,PE,ATM+8,32.070459,20625,24150.0,23756.85,424.2,431.0,424.2,431.0,225,1738733340
2025-02-05 11:00:00,PE,ATM+8,31.295498,21225,24150.0,23761.5,431.0,431.0,424.35,424.35,900,1738733400
2025-02-05 11:01:00,PE,ATM+8,31.295498,21225,24150.0,23761.5,424.35,424.35,424.35,424.35,0,1738733460
2025-02-05 11:02:00,PE,ATM+8,31.295498,21225,24150.0,23761.5,424.35,424.35,424.35,424.35,0,1738733520
2025-02-05 11:03:00,PE,ATM+8,31.295498,21225,24150.0,23761.5,424.35,424.35,424.35,424.35,0,1738733580
2025-02-05 11:04:00,PE,ATM+8,31.147306,20925,24150.0,23763.15,424.35,424.35,422.35,422.35,75,1738733640
2025-02-05 11:05:00,PE,ATM+8,30.420217,20925,24150.0,23756.3,422.35,425.3,422.35,425.3,150,1738733700
2025-02-05 11:06:00,PE,ATM+8,28.882154,20925,24150.0,23739.35,425.3,436.0,425.3,434.2,150,1738733760
2025-02-05 11:07:00,PE,ATM+8,28.882154,20925,24150.0,23739.35,434.2,434.2,434.2,434.2,0,1738733820
2025-02-05 11:08:00,PE,ATM+8,27.775737,20850,24150.0,23729.4,434.2,443.4,434.2,439.2,1125,1738733880
2025-02-05 11:09:00,PE,ATM+8,26.787251,20850,24150.0,23731.05,439.2,439.2,434.85,434.85,75,1738733940
2025-02-05 11:10:00,PE,ATM+8,27.368078,20850,24150.0,23729.4,434.85,437.95,434.85,437.95,225,1738734000
2025-02-05 11:11:00,PE,ATM+8,27.368078,20850,24150.0,23729.4,437.95,437.95,437.95,437.95,0,1738734060
2025-02-05 11:12:00,PE,ATM+8,28.857669,20850,24150.0,23738.5,437.95,437.95,433.35,434.7,450,1738734120
2025-02-05 11:13:00,PE,ATM+8,27.95434,20925,24150.0,23733.4,434.7,436.2,431.7,436.2,225,1738734180
2025-02-05 11:14:00,PE,ATM+8,27.95434,20925,24150.0,23733.4,436.2,436.2,436.2,436.2,0,1738734240
2025-02-05 11:15:00,PE,ATM+8,29.652434,20925,24150.0,23734.7,436.2,440.4,436.2,440.4,75,1738734300
2025-02-05 11:16:00,PE,ATM+8,27.005018,20925,24150.0,23732.95,440.4,440.4,433.7,433.7,75,1738734360
2025-02-05 11:17:00,PE,ATM+8,26.489889,297525,24100.0,23718.35,386.0,410.0,386.0,401.6,9300,1738734420
2025-02-05 11:18:00,PE,ATM+8,25.446722,297525,24100.0,23720.35,402.05,402.05,394.15,396.65,2325,1738734480
2025-02-05 11:19:00,PE,ATM+8,25.597446,294825,24100.0,23715.5,396.65,401.7,396.65,401.25,5475,1738734540
2025-02-05 11:20:00,PE,ATM+8,25.067506,294825,24100.0,23718.35,401.25,401.9,396.85,397.2,2400,1738734600
2025-02-05 11:21:00,PE,ATM+8,24.344926,295050,24100.0,23723.0,397.2,397.2,388.7,391.05,4275,1738734660
2025-02-05 11:22:00,PE,ATM+8,24.344926,295050,24100.0,23723.0,391.05,391.05,391.05,391.05,0,1738734720
2025-02-05 11:23:00,PE,ATM+8,24.344926,295050,24100.0,23723.0,391.05,391.05,391.05,391.05,0,1738734780
2025-02-05 11:24:00,PE,ATM+8,24.344926,295050,24100.0,23723.0,391.05,391.05,391.05,391.05,0,1738734840
2025-02-05 11:25:00,PE,ATM+8,27.729046,20925,24150.0,23753.45,439.35,439.35,418.15,418.15,75,1738734900
2025-02-05 11:26:00,PE,ATM+8,27.729046,20925,24150.0,23753.45,418.15,418.15,418.15,418.15,0,1738734960
2025-02-05 11:27:00,PE,ATM+8,29.020309,20925,24150.0,23748.25,418.15,427.0,418.15,426.65,150,1738735020
2025-02-05 11:28:00,PE,ATM+8,30.125805,20925,24150.0,23750.85,426.65,428.15,426.65,428.15,75,1738735080
2025-02-05 11:29:00,PE,ATM+8,29.357227,20925,24150.0,23751.25,428.15,428.15,425.2,425.2,75,1738735140
2025-02-05 11:30:00,PE,ATM+8,29.028531,20925,24150.0,23747.6,425.2,427.15,425.2,427.15,225,1738735200
2025-02-05 11:31:00,PE,ATM+8,29.6917,21000,24150.0,23745.4,427.15,431.15,427.15,431.15,150,1738735260
2025-02-05 11:32:00,PE,ATM+8,29.638334,21000,24150.0,23742.95,431.15,433.0,430.85,433.0,225,1738735320
2025-02-05 11:33:00,PE,ATM+8,29.638334,21000,24150.0,23742.95,433.0,433.0,433.0,433.0,0,1738735380
2025-02-05 11:34:00,PE,ATM+8,29.58979,20925,24150.0,23750.05,433.0,433.0,425.2,426.85,225,1738735440
2025-02-05 11:35:00,PE,ATM+8,30.113862,20925,24150.0,23753.35,426.85,426.85,425.85,425.85,75,1738735500
2025-02-05 11:36:00,PE,ATM+8,30.113862,20925,24150.0,23753.35,425.85,425.85,425.85,425.85,0,1738735560
2025-02-05 11:37:00,PE,ATM+8,31.008766,21075,24150.0,23752.0,425.85,430.0,425.85,430.0,150,1738735620
2025-02-05 11:38:00,PE,ATM+8,31.008766,21075,24150.0,23752.0,430.0,430.0,430.0,430.0,0,1738735680
2025-02-05 11:39:00,PE,ATM+8,31.605592,21075,24150.0,23754.5,430.0,430.0,430.0,430.0,75,1738735740
2025-02-05 11:40:00,PE,ATM+8,31.605592,21075,24150.0,23754.5,430.0,430.0,430.0,430.0,0,1738735800
2025-02-05 11:41:00,PE,ATM+8,31.605592,21075,24150.0,23754.5,430.0,430.0,430.0,430.0,0,1738735860
2025-02-05 11:42:00,PE,ATM+8,30.571537,21000,24150.0,23738.2,430.0,439.8,430.0,439.8,525,1738735920
2025-02-05 11:43:00,PE,ATM+8,29.894112,20850,24150.0,23740.1,439.8,442.25,435.95,435.95,375,1738735980
2025-02-05 11:44:00,PE,ATM+8,29.369532,20850,24150.0,23744.05,435.95,435.95,430.9,430.9,225,1738736040
2025-02-05 11:45:00,PE,ATM+8,29.369532,20850,24150.0,23744.05,430.9,430.9,430.9,430.9,0,1738736100
2025-02-05 11:46:00,PE,ATM+8,27.745603,21000,24150.0,23754.2,430.9,430.9,417.1,417.1,150,1738736160
2025-02-05 11:47:00,PE,ATM+8,27.285628,21000,24150.0,23752.5,417.1,417.1,417.1,417.1,150,1738736220
2025-02-05 11:48:00,PE,ATM+8,29.101144,21000,24150.0,23757.8,417.1,418.6,417.1,418.4,675,1738736280
2025-02-05 11:49:00,PE,ATM+8,26.61953,21525,24150.0,23750.35,418.4,418.4,413.8,416.9,375,1738736340
2025-02-05 11:50:00,PE,ATM+8,26.61953,21525,24150.0,23750.35,416.9,416.9,416.9,416.9,0,1738736400
2025-02-05 11:51:00,PE,ATM+8,26.61953,21525,24150.0,23750.35,416.9,416.9,416.9,416.9,0,1738736460
2025-02-05 11:52:00,PE,ATM+8,28.74596,21675,24150.0,23740.35,416.9,432.35,416.9,431.85,825,1738736520
2025-02-05 11:53:00,PE,ATM+8,28.695191,21675,24150.0,23743.2,431.85,431.85,429.25,429.25,300,1738736580
2025-02-05 11:54:00,PE,ATM+8,28.087691,21675,24150.0,23743.25,429.25,429.25,427.3,427.3,225,1738736640
2025-02-05 11:55:00,PE,ATM+8,28.087691,21675,24150.0,23743.25,427.3,427.3,427.3,427.3,0,1738736700
2025-02-05 11:56:00,PE,ATM+8,30.319089,21225,24150.0,23739.75,427.3,437.3,427.3,437.3,150,1738736760
2025-02-05 11:57:00,PE,ATM+8,30.624239,21225,24150.0,23744.35,437.3,437.3,434.45,434.45,75,1738736820
2025-02-05 11:58:00,PE,ATM+8,30.678242,21150,24150.0,23741.95,434.45,437.3,434.45,436.6,300,1738736880
2025-02-05 11:59:00,PE,ATM+8,31.521736,21150,24150.0,23741.25,436.6,440.0,436.35,440.0,975,1738736940
2025-02-05 12:00:00,PE,ATM+8,31.047203,21150,24150.0,23744.1,440.0,440.0,436.0,436.0,675,1738737000
2025-02-05 12:01:00,PE,ATM+8,31.047203,21150,24150.0,23744.1,436.0,436.0,436.0,436.0,0,1738737060
2025-02-05 12:02:00,PE,ATM+8,31.047203,21150,24150.0,23744.1,436.0,436.0,436.0,436.0,0,1738737120
2025-02-05 12:03:00,PE,ATM+8,31.047203,21150,24150.0,23744.1,436.0,436.0,436.0,436.0,0,1738737180
2025-02-05 12:04:00,PE,ATM+8,31.047203,21150,24150.0,23744.1,436.0,436.0,436.0,436.0,0,1738737240
2025-02-05 12:05:00,PE,ATM+8,31.047203,21150,24150.0,23744.1,436.0,436.0,436.0,436.0,0,1738737300
2025-02-05 12:06:00,PE,ATM+8,31.047203,21150,24150.0,23744.1,436.0,436.0,436.0,436.0,0,1738737360
2025-02-05 12:07:00,PE,ATM+8,29.444914,20625,24150.0,23742.95,436.0,436.0,431.5,431.5,75,1738737420
2025-02-05 12:08:00,PE,ATM+8,29.444914,20625,24150.0,23742.95,431.5,431.5,431.5,431.5,0,1738737480
2025-02-05 12:09:00,PE,ATM+8,29.444914,20625,24150.0,23742.95,431.5,431.5,431.5,431.5,0,1738737540
2025-02-05 12:10:00,PE,ATM+8,29.444914,20625,24150.0,23742.95,431.5,431.5,431.5,431.5,0,1738737600
2025-02-05 12:11:00,PE,ATM+8,31.058848,20550,24150.0,23735.9,431.5,442.55,431.5,442.55,75,1738737660
2025-02-05 12:12:00,PE,ATM+8,31.058848,20550,24150.0,23735.9,442.55,442.55,442.55,442.55,0,1738737720
2025-02-05 12:13:00,PE,ATM+8,30.668741,20550,24150.0,23725.45,442.55,450.0,442.55,450.0,300,1738737780
2025-02-05 12:14:00,PE,ATM+8,31.959108,20550,24150.0,23732.55,450.0,450.9,447.6,448.25,1575,1738737840
2025-02-05 12:15:00,PE,ATM+8,31.108045,20550,24150.0,23730.1,448.25,448.25,447.45,447.45,150,1738737900
2025-02-05 12:16:00,PE,ATM+8,30.499931,21600,24150.0,23731.9,447.45,447.45,443.95,443.95,75,1738737960
2025-02-05 12:17:00,PE,ATM+8,30.499931,21600,24150.0,23731.9,443.95,443.95,443.95,443.95,0,1738738020
2025-02-05 12:18:00,PE,ATM+8,30.499931,21600,24150.0,23731.9,443.95,443.95,443.95,443.95,0,1738738080
2025-02-05 12:19:00,PE,ATM+8,30.936648,20550,24150.0,23748.8,443.95,443.95,426.6,431.2,1500,1738738140
2025-02-05 12:20:00,PE,ATM+8,31.503859,20550,24150.0,23751.05,431.2,431.25,426.6,431.25,300,1738738200
2025-02-05 12:21:00,PE,ATM+8,30.395539,20550,24150.0,23748.0,431.25,431.25,430.0,430.0,375,1738738260
2025-02-05 12:22:00,PE,ATM+8,31.18439,20775,24150.0,23741.5,430.0,438.0,430.0,438.0,75,1738738320
2025-02-05 12:23:00,PE,ATM+8,31.18439,20775,24150.0,23741.5,438.0,438.0,438.0,438.0,0,1738738380
2025-02-05 12:24:00,PE,ATM+8,28.577677,20775,24150.0,23736.95,438.0,438.0,433.5,433.5,600,1738738440
2025-02-05 12:25:00,PE,ATM+8,28.577677,20775,24150.0,23736.95,433.5,433.5,433.5,433.5,0,1738738500
2025-02-05 12:26:00,PE,ATM+8,28.577677,20775,24150.0,23736.95,433.5,433.5,433.5,433.5,0,1738738560
2025-02-05 12:27:00,PE,ATM+8,28.577677,20775,24150.0,23736.95,433.5,433.5,433.5,433.5,0,1738738620
2025-02-05 12:28:00,PE,ATM+8,28.948904,20100,24150.0,23734.35,433.5,436.75,433.5,436.75,75,1738738680
2025-02-05 12:29:00,PE,ATM+8,29.521346,20100,24150.0,23738.45,436.75,436.75,435.0,435.0,75,1738738740
2025-02-05 12:30:00,PE,ATM+8,29.521346,20100,24150.0,23738.45,435.0,435.0,435.0,435.0,0,1738738800
2025-02-05 12:31:00,PE,ATM+8,29.521346,20100,24150.0,23738.45,435.0,435.0,435.0,435.0,0,1738738860
2025-02-05 12:32:00,PE,ATM+8,29.521346,20100,24150.0,23738.45,435.0,435.0,435.0,435.0,0,1738738920
2025-02-05 12:33:00,PE,ATM+8,27.048564,20100,24150.0,23733.35,435.0,435.0,432.0,432.0,75,1738738980
2025-02-05 12:34:00,PE,ATM+8,27.048564,20100,24150.0,23733.35,432.0,432.0,432.0,432.0,0,1738739040
2025-02-05 12:35:00,PE,ATM+8,27.862602,20100,24150.0,23739.85,432.0,432.0,428.65,428.65,75,1738739100
2025-02-05 12:36:00,PE,ATM+8,26.426634,20100,24150.0,23739.35,428.65,429.65,425.0,425.0,525,1738739160
2025-02-05 12:37:00,PE,ATM+8,26.654368,20100,24150.0,23736.95,425.0,427.7,425.0,427.7,75,1738739220
2025-02-05 12:38:00,PE,ATM+8,28.130005,20325,24150.0,23739.7,427.7,429.5,427.7,429.5,375,1738739280
2025-02-05 12:39:00,PE,ATM+8,28.130005,20325,24150.0,23739.7,429.5,429.5,429.5,429.5,0,1738739340
2025-02-05 12:40:00,PE,ATM+8,26.754535,20550,24150.0,23740.3,429.5,429.5,425.0,425.0,675,1738739400
2025-02-05 12:41:00,PE,ATM+8,27.102214,20550,24150.0,23741.4,425.0,427.0,425.0,425.0,825,1738739460
2025-02-05 12:42:00,PE,ATM+8,27.102214,20550,24150.0,23741.4,425.0,425.0,425.0,425.0,0,1738739520
2025-02-05 12:43:00,PE,ATM+8,26.689541,19575,24150.0,23733.1,427.3,431.05,427.3,431.05,975,1738739580
2025-02-05 12:44:00,PE,ATM+8,27.203321,19575,24150.0,23732.45,431.05,433.0,431.05,433.0,75,1738739640
2025-02-05 12:45:00,PE,ATM+8,25.597313,19575,24150.0,23726.85,433.0,433.7,433.0,433.7,1350,1738739700
2025-02-05 12:46:00,PE,ATM+8,27.595589,18900,24150.0,23727.85,433.7,438.05,433.7,438.05,75,1738739760
2025-02-05 12:47:00,PE,ATM+8,27.595589,18900,24150.0,23727.85,438.05,438.05,438.05,438.05,0,1738739820
2025-02-05 12:48:00,PE,ATM+8,24.286433,283425,24100.0,23724.7,387.45,393.35,387.45,387.95,375,1738739880
2025-02-05 12:49:00,PE,ATM+8,23.925093,284025,24100.0,23721.35,387.95,389.9,387.95,389.9,1800,1738739940
2025-02-05 12:50:00,PE,ATM+8,24.127916,284025,24100.0,23719.95,389.9,392.3,389.9,391.65,525,1738740000
2025-02-05 12:51:00,PE,ATM+8,23.108685,284025,24100.0,23716.2,391.65,392.35,391.65,392.35,375,1738740060
2025-02-05 12:52:00,PE,ATM+8,23.315402,284025,24100.0,23721.1,392.35,392.4,388.2,388.5,1725,1738740120
2025-02-05 12:53:00,PE,ATM+8,23.744273,284025,24100.0,23722.9,388.5,390.6,388.0,388.0,450,1738740180
2025-02-05 12:54:00,PE,ATM+8,23.01167,284025,24100.0,23721.9,388.0,390.2,387.0,387.0,300,1738740240
2025-02-05 12:55:00,PE,ATM+8,22.190237,283800,24100.0,23721.9,387.0,387.65,385.0,385.0,225,1738740300
2025-02-05 12:56:00,PE,ATM+8,22.278904,283800,24100.0,23718.05,385.0,388.65,385.0,388.65,225,1738740360
2025-02-05 12:57:00,PE,ATM+8,22.884727,283800,24100.0,23722.4,388.65,390.2,386.2,386.2,1500,1738740420
2025-02-05 12:58:00,PE,ATM+8,22.884727,283800,24100.0,23722.4,386.2,386.2,386.2,386.2,0,1738740480
2025-02-05 12:59:00,PE,ATM+8,21.391252,285225,24100.0,23722.05,381.9,383.0,381.7,383.0,600,1738740540
2025-02-05 13:00:00,PE,ATM+8,22.165025,285225,24100.0,23715.65,383.0,392.0,383.0,390.5,375,1738740600
2025-02-05 13:01:00,PE,ATM+8,24.303183,283650,24100.0,23720.05,390.5,391.85,390.15,391.85,1050,1738740660
2025-02-05 13:02:00,PE,ATM+8,25.160898,18375,24150.0,23731.25,438.1,438.1,428.45,428.45,150,1738740720
2025-02-05 13:03:00,PE,ATM+8,25.160898,18375,24150.0,23731.25,428.45,428.45,428.45,428.45,0,1738740780
2025-02-05 13:04:00,PE,ATM+8,25.79652,18375,24150.0,23729.15,428.45,431.85,428.45,431.85,225,1738740840
2025-02-05 13:05:00,PE,ATM+8,21.29591,283350,24100.0,23721.75,381.85,383.0,381.85,383.0,375,1738740900
2025-02-05 13:06:00,PE,ATM+8,21.29591,283350,24100.0,23721.75,383.0,383.0,383.0,383.0,0,1738740960
2025-02-05 13:07:00,PE,ATM+8,21.29591,283350,24100.0,23721.75,383.0,383.0,383.0,383.0,0,1738741020
2025-02-05 13:08:00,PE,ATM+8,21.29591,283350,24100.0,23721.75,383.0,383.0,383.0,383.0,0,1738741080
2025-02-05 13:09:00,PE,ATM+8,21.29591,283350,24100.0,23721.75,383.0,383.0,383.0,383.0,0,1738741140
2025-02-05 13:10:00,PE,ATM+8,27.206008,18375,24150.0,23746.9,431.85,431.85,419.95,419.95,300,1738741200
2025-02-05 13:11:00,PE,ATM+8,27.206008,18375,24150.0,23746.9,419.95,419.95,419.95,419.95,0,1738741260
2025-02-05 13:12:00,PE,ATM+8,27.206008,18375,24150.0,23746.9,419.95,419.95,419.95,419.95,0,1738741320
2025-02-05 13:13:00,PE,ATM+8,27.206008,18375,24150.0,23746.9,419.95,419.95,419.95,419.95,0,1738741380
2025-02-05 13:14:00,PE,ATM+8,29.613002,18375,24150.0,23755.9,419.95,419.95,418.1,419.45,150,1738741440
2025-02-05 13:15:00,PE,ATM+8,29.398082,18375,24150.0,23758.75,419.45,419.45,416.35,416.35,75,1738741500
2025-02-05 13:16:00,PE,ATM+8,29.113977,18375,24150.0,23757.65,416.35,416.35,415.2,416.35,1275,1738741560
2025-02-05 13:17:00,PE,ATM+8,28.998587,18375,24150.0,23755.65,417.65,417.65,417.65,417.65,150,1738741620
2025-02-05 13:18:00,PE,ATM+8,28.998587,18375,24150.0,23755.65,417.65,417.65,417.65,417.65,0,1738741680
2025-02-05 13:19:00,PE,ATM+8,29.854675,18375,24150.0,23758.4,418.0,418.0,418.0,418.0,150,1738741740
2025-02-05 13:20:00,PE,ATM+8,29.854675,18375,24150.0,23758.4,418.0,418.0,418.0,418.0,0,1738741800
2025-02-05 13:21:00,PE,ATM+8,29.854675,18375,24150.0,23758.4,418.0,418.0,418.0,418.0,0,1738741860
2025-02-05 13:22:00,PE,ATM+8,28.987951,18750,24150.0,23755.05,418.0,418.0,418.0,418.0,75,1738741920
2025-02-05 13:23:00,PE,ATM+8,28.987951,18750,24150.0,23755.05,418.0,418.0,418.0,418.0,0,1738741980
2025-02-05 13:24:00,PE,ATM+8,28.265739,18750,24150.0,23746.5,418.0,423.05,418.0,423.05,75,1738742040
2025-02-05 13:25:00,PE,ATM+8,29.913048,18675,24150.0,23752.4,423.05,423.05,423.05,423.05,75,1738742100
2025-02-05 13:26:00,PE,ATM+8,29.913048,18675,24150.0,23752.4,423.05,423.05,423.05,423.05,0,1738742160
2025-02-05 13:27:00,PE,ATM+8,30.974558,18675,24150.0,23754.1,423.05,425.0,423.05,425.0,75,1738742220
2025-02-05 13:28:00,PE,ATM+8,30.974558,18675,24150.0,23754.1,425.0,425.0,425.0,425.0,0,1738742280
2025-02-05 13:29:00,PE,ATM+8,30.974558,18675,24150.0,23754.1,425.0,425.0,425.0,425.0,0,1738742340
2025-02-05 13:30:00,PE,ATM+8,29.655153,18750,24150.0,23752.35,425.0,425.0,421.85,422.15,825,1738742400
2025-02-05 13:31:00,PE,ATM+8,30.115946,18375,24150.0,23754.65,422.15,422.15,421.65,421.65,150,1738742460
2025-02-05 13:32:00,PE,ATM+8,30.115946,18375,24150.0,23754.65,421.65,421.65,421.65,421.65,0,1738742520
2025-02-05 13:33:00,PE,ATM+8,30.115946,18375,24150.0,23754.65,421.65,421.65,421.65,421.65,0,1738742580
2025-02-05 13:34:00,PE,ATM+8,30.115946,18375,24150.0,23754.65,421.65,421.65,421.65,421.65,0,1738742640
2025-02-05 13:35:00,PE,ATM+8,30.115946,18375,24150.0,23754.65,421.65,421.65,421.65,421.65,0,1738742700
2025-02-05 13:36:00,PE,ATM+8,30.350106,18450,24150.0,23750.6,421.65,425.65,421.65,425.65,225,1738742760
2025-02-05 13:37:00,PE,ATM+8,30.350106,18450,24150.0,23750.6,425.65,425.65,425.65,425.65,0,1738742820
2025-02-05 13:38:00,PE,ATM+8,30.350106,18450,24150.0,23750.6,425.65,425.65,425.65,425.65,0,1738742880
2025-02-05 13:39:00,PE,ATM+8,30.350106,18450,24150.0,23750.6,425.65,425.65,425.65,425.65,0,1738742940
2025-02-05 13:40:00,PE,ATM+8,30.350106,18450,24150.0,23750.6,425.65,425.65,425.65,425.65,0,1738743000
2025-02-05 13:41:00,PE,ATM+8,31.310207,18375,24150.0,23733.9,425.65,445.45,425.65,442.55,150,1738743060
2025-02-05 13:42:00,PE,ATM+8,31.057532,18375,24150.0,23738.4,442.55,442.55,437.95,437.95,75,1738743120
2025-02-05 13:43:00,PE,ATM+8,30.725896,18375,24150.0,23741.0,437.95,437.95,434.7,434.7,150,1738743180
2025-02-05 13:44:00,PE,ATM+8,30.725896,18375,24150.0,23741.0,434.7,434.7,434.7,434.7,0,1738743240
2025-02-05 13:45:00,PE,ATM+8,30.725896,18375,24150.0,23741.0,434.7,434.7,434.7,434.7,0,1738743300
2025-02-05 13:46:00,PE,ATM+8,30.725896,18375,24150.0,23741.0,434.7,434.7,434.7,434.7,0,1738743360
2025-02-05 13:47:00,PE,ATM+8,30.966269,18225,24150.0,23736.65,434.7,439.0,434.7,439.0,75,1738743420
2025-02-05 13:48:00,PE,ATM+8,31.479856,18225,24150.0,23737.4,439.0,440.6,439.0,439.95,150,1738743480
2025-02-05 13:49:00,PE,ATM+8,31.479856,18225,24150.0,23737.4,439.95,439.95,439.95,439.95,0,1738743540
2025-02-05 13:50:00,PE,ATM+8,31.208599,18225,24150.0,23740.25,439.95,439.95,434.35,436.65,150,1738743600
2025-02-05 13:51:00,PE,ATM+8,31.080484,18225,24150.0,23740.75,436.65,436.65,435.8,435.8,75,1738743660
2025-02-05 13:52:00,PE,ATM+8,29.504113,18300,24150.0,23744.05,435.8,435.8,428.15,428.15,675,1738743720
2025-02-05 13:53:00,PE,ATM+8,29.504113,18300,24150.0,23744.05,428.15,428.15,428.15,428.15,0,1738743780
2025-02-05 13:54:00,PE,ATM+8,28.536069,18300,24150.0,23757.7,428.15,428.15,413.35,413.6,750,1738743840
2025-02-05 13:55:00,PE,ATM+8,28.263757,35550,24150.0,23764.6,413.6,413.6,405.05,406.9,20625,1738743900
2025-02-05 13:56:00,PE,ATM+8,29.982013,35550,24150.0,23765.0,406.9,411.9,406.9,411.9,525,1738743960
2025-02-05 13:57:00,PE,ATM+8,29.75925,35550,24150.0,23766.45,411.9,411.95,409.95,409.95,375,1738744020
2025-02-05 13:58:00,PE,ATM+8,30.823415,36225,24150.0,23772.5,409.95,409.95,407.85,408.4,225,1738744080
2025-02-05 13:59:00,PE,ATM+8,29.927082,36225,24150.0,23770.7,408.4,408.4,406.9,406.9,75,1738744140
2025-02-05 14:00:00,PE,ATM+8,30.840293,36225,24150.0,23768.0,406.9,412.8,406.9,412.1,450,1738744200
2025-02-05 14:01:00,PE,ATM+8,30.72433,36675,24150.0,23767.5,412.1,415.7,412.1,412.1,375,1738744260
2025-02-05 14:02:00,PE,ATM+8,29.591596,36675,24150.0,23761.65,412.1,417.95,412.1,413.3,150,1738744320
2025-02-05 14:03:00,PE,ATM+8,29.588196,36675,24150.0,23762.5,413.3,413.3,412.55,412.55,150,1738744380
2025-02-05 14:04:00,PE,ATM+8,29.588196,36675,24150.0,23762.5,412.55,412.55,412.55,412.55,0,1738744440
2025-02-05 14:05:00,PE,ATM+8,30.447302,36900,24150.0,23762.05,412.55,415.6,412.55,415.6,75,1738744500
2025-02-05 14:06:00,PE,ATM+8,29.956643,36900,24150.0,23759.25,415.6,416.45,415.6,416.35,150,1738744560
2025-02-05 14:07:00,PE,ATM+8,31.113533,36900,24150.0,23757.95,416.35,422.0,416.35,421.1,375,1738744620
2025-02-05 14:08:00,PE,ATM+8,31.78462,36900,24150.0,23755.85,421.1,425.0,421.1,425.0,150,1738744680
2025-02-05 14:09:00,PE,ATM+8,31.78462,36900,24150.0,23755.85,425.0,425.0,425.0,425.0,0,1738744740
2025-02-05 14:10:00,PE,ATM+8,30.900809,36900,24150.0,23748.75,425.0,428.0,425.0,428.0,75,1738744800
2025-02-05 14:11:00,PE,ATM+8,31.618585,36975,24150.0,23745.45,428.0,433.0,428.0,433.0,75,1738744860
2025-02-05 14:12:00,PE,ATM+8,31.618585,36975,24150.0,23745.45,433.0,433.0,433.0,433.0,0,1738744920
2025-02-05 14:13:00,PE,ATM+8,31.033184,36825,24150.0,23740.8,428.65,435.0,428.4,435.0,225,1738744980
2025-02-05 14:14:00,PE,ATM+8,31.658652,36825,24150.0,23743.1,435.0,435.0,435.0,435.0,75,1738745040
2025-02-05 14:15:00,PE,ATM+8,31.658652,36825,24150.0,23743.1,435.0,435.0,435.0,435.0,0,1738745100
2025-02-05 14:16:00,PE,ATM+8,32.351624,36825,24150.0,23745.7,435.0,435.0,435.0,435.0,75,1738745160
2025-02-05 14:17:00,PE,ATM+8,31.473551,36825,24150.0,23740.15,435.0,436.8,432.0,436.8,300,1738745220
2025-02-05 14:18:00,PE,ATM+8,30.968655,36825,24150.0,23740.4,436.8,436.8,435.0,435.0,75,1738745280
2025-02-05 14:19:00,PE,ATM+8,31.652651,36825,24150.0,23740.75,435.0,436.8,435.0,436.8,75,1738745340
2025-02-05 14:20:00,PE,ATM+8,30.586268,36900,24150.0,23743.1,436.8,436.8,431.5,431.5,225,1738745400
2025-02-05 14:21:00,PE,ATM+8,30.586268,36900,24150.0,23743.1,431.5,431.5,431.5,431.5,0,1738745460
2025-02-05 14:22:00,PE,ATM+8,31.156915,37200,24150.0,23736.8,431.5,438.5,429.7,438.5,150,1738745520
2025-02-05 14:23:00,PE,ATM+8,31.558919,37200,24150.0,23736.45,438.5,440.0,438.5,440.0,75,1738745580
2025-02-05 14:24:00,PE,ATM+8,30.526225,37200,24150.0,23734.85,440.0,440.0,438.2,438.2,225,1738745640
2025-02-05 14:25:00,PE,ATM+8,31.03349,37200,24150.0,23736.85,438.0,438.0,438.0,438.0,75,1738745700
2025-02-05 14:26:00,PE,ATM+8,31.03349,37200,24150.0,23736.85,438.0,438.0,438.0,438.0,0,1738745760
2025-02-05 14:27:00,PE,ATM+8,31.03349,37200,24150.0,23736.85,438.0,438.0,438.0,438.0,0,1738745820
2025-02-05 14:28:00,PE,ATM+8,31.03349,37200,24150.0,23736.85,438.0,438.0,438.0,438.0,0,1738745880
2025-02-05 14:29:00,PE,ATM+8,30.983014,37050,24150.0,23737.25,438.0,438.0,437.4,437.4,75,1738745940
2025-02-05 14:30:00,PE,ATM+8,30.983014,37050,24150.0,23737.25,437.4,437.4,437.4,437.4,0,1738746000
2025-02-05 14:31:00,PE,ATM+8,31.061837,37050,24150.0,23747.45,437.4,437.4,427.0,429.0,150,1738746060
2025-02-05 14:32:00,PE,ATM+8,31.061837,37050,24150.0,23747.45,429.0,429.0,429.0,429.0,0,1738746120
2025-02-05 14:33:00,PE,ATM+8,31.061837,37050,24150.0,23747.45,429.0,429.0,429.0,429.0,0,1738746180
2025-02-05 14:34:00,PE,ATM+8,31.061837,37050,24150.0,23747.45,429.0,429.0,429.0,429.0,0,1738746240
2025-02-05 14:35:00,PE,ATM+8,32.636551,37050,24150.0,23746.1,429.0,435.0,429.0,435.0,75,1738746300
2025-02-05 14:36:00,PE,ATM+8,32.66918,37050,24150.0,23744.8,435.0,436.15,435.0,436.15,300,1738746360
2025-02-05 14:37:00,PE,ATM+8,33.3716,37350,24150.0,23745.05,436.15,438.2,434.4,438.2,225,1738746420
2025-02-05 14:38:00,PE,ATM+8,32.955593,37350,24150.0,23752.1,438.2,438.2,431.0,431.0,150,1738746480
2025-02-05 14:39:00,PE,ATM+8,32.955593,37350,24150.0,23752.1,431.0,431.0,431.0,431.0,0,1738746540
2025-02-05 14:40:00,PE,ATM+8,32.955593,37350,24150.0,23752.1,431.0,431.0,431.0,431.0,0,1738746600
2025-02-05 14:41:00,PE,ATM+8,32.955593,37350,24150.0,23752.1,431.0,431.0,431.0,431.0,0,1738746660
2025-02-05 14:42:00,PE,ATM+8,32.955593,37350,24150.0,23752.1,431.0,431.0,431.0,431.0,0,1738746720
2025-02-05 14:43:00,PE,ATM+8,30.389597,37575,24150.0,23738.85,431.0,433.9,431.0,433.9,525,1738746780
2025-02-05 14:44:00,PE,ATM+8,30.389597,37575,24150.0,23738.85,433.9,433.9,433.9,433.9,0,1738746840
2025-02-05 14:45:00,PE,ATM+8,30.389597,37575,24150.0,23738.85,433.9,433.9,433.9,433.9,0,1738746900
2025-02-05 14:46:00,PE,ATM+8,29.31965,37125,24150.0,23729.5,433.9,438.8,433.9,438.8,75,1738746960
2025-02-05 14:47:00,PE,ATM+8,29.31965,37125,24150.0,23729.5,438.8,438.8,438.8,438.8,0,1738747020
2025-02-05 14:48:00,PE,ATM+8,27.722467,37125,24150.0,23726.75,438.8,438.8,436.95,436.95,75,1738747080
2025-02-05 14:49:00,PE,ATM+8,27.722467,37125,24150.0,23726.75,436.95,436.95,436.95,436.95,0,1738747140
2025-02-05 14:50:00,PE,ATM+8,29.050835,37125,24150.0,23730.8,436.95,436.95,436.85,436.85,75,1738747200
2025-02-05 14:51:00,PE,ATM+8,27.14473,37125,24150.0,23728.4,436.85,436.85,434.0,434.0,225,1738747260
2025-02-05 14:52:00,PE,ATM+8,25.94999,280425,24100.0,23723.45,389.35,392.4,389.35,391.3,1275,1738747320
2025-02-05 14:53:00,PE,ATM+8,25.94999,280425,24100.0,23723.45,391.3,391.3,391.3,391.3,0,1738747380
2025-02-05 14:54:00,PE,ATM+8,28.705558,36900,24150.0,23731.7,440.0,440.0,435.05,435.05,150,1738747440
2025-02-05 14:55:00,PE,ATM+8,29.799187,37050,24150.0,23730.5,435.05,439.05,435.05,439.05,75,1738747500
2025-02-05 14:56:00,PE,ATM+8,29.799187,37050,24150.0,23730.5,439.05,439.05,439.05,439.05,0,1738747560
2025-02-05 14:57:00,PE,ATM+8,29.799187,37050,24150.0,23730.5,439.05,439.05,439.05,439.05,0,1738747620
2025-02-05 14:58:00,PE,ATM+8,29.799187,37050,24150.0,23730.5,439.05,439.05,439.05,439.05,0,1738747680
2025-02-05 14:59:00,PE,ATM+8,30.096961,36975,24150.0,23730.25,439.05,440.0,439.05,440.0,75,1738747740
2025-02-05 15:00:00,PE,ATM+8,28.007366,278100,24100.0,23721.4,392.5,401.0,392.5,398.65,6675,1738747800
2025-02-05 15:01:00,PE,ATM+8,31.177042,274350,24100.0,23701.4,398.65,425.0,398.65,425.0,9075,1738747860
2025-02-05 15:02:00,PE,ATM+8,28.672891,274350,24100.0,23700.65,420.2,428.25,418.25,418.25,4950,1738747920
2025-02-05 15:03:00,PE,ATM+8,27.3824,274350,24100.0,23701.3,416.4,416.4,412.05,414.15,4050,1738747980
2025-02-05 15:04:00,PE,ATM+8,28.938343,268050,24100.0,23698.9,418.0,422.0,418.0,420.45,4350,1738748040
2025-02-05 15:05:00,PE,ATM+8,29.32915,268050,24100.0,23694.85,420.45,425.0,418.0,425.0,4125,1738748100
2025-02-05 15:06:00,PE,ATM+8,26.92873,268050,24100.0,23686.0,425.0,430.45,424.0,426.35,2325,1738748160
2025-02-05 15:07:00,PE,ATM+8,26.376382,268050,24100.0,23686.0,426.35,426.35,423.8,425.0,2400,1738748220
2025-02-05 15:08:00,PE,ATM+8,26.774526,268050,24100.0,23684.8,425.0,432.5,425.0,427.0,1725,1738748280
2025-02-05 15:09:00,PE,ATM+8,28.942731,268050,24100.0,23699.3,425.15,425.15,420.0,420.0,975,1738748340
2025-02-05 15:10:00,PE,ATM+8,29.948563,259800,24100.0,23700.3,418.0,422.6,418.0,422.0,13350,1738748400
2025-02-05 15:11:00,PE,ATM+8,29.086814,259800,24100.0,23698.55,422.0,422.0,421.0,421.0,7200,1738748460
2025-02-05 15:12:00,PE,ATM+8,29.290231,259800,24100.0,23694.7,421.0,424.9,421.0,424.85,900,1738748520
2025-02-05 15:13:00,PE,ATM+8,29.398283,254775,24100.0,23696.6,424.85,425.45,423.5,423.5,675,1738748580
2025-02-05 15:14:00,PE,ATM+8,28.889337,254775,24100.0,23695.85,423.5,423.5,421.15,422.7,1350,1738748640
2025-02-05 15:15:00,PE,ATM+8,27.952757,254775,24100.0,23693.95,423.35,423.35,419.7,421.8,3075,1738748700
2025-02-05 15:16:00,PE,ATM+8,28.115687,252750,24100.0,23694.65,421.8,421.8,420.35,421.6,600,1738748760
2025-02-05 15:17:00,PE,ATM+8,28.300339,252750,24100.0,23699.35,421.6,421.6,418.0,418.0,600,1738748820
2025-02-05 15:18:00,PE,ATM+8,28.291682,252750,24100.0,23698.95,418.0,420.0,415.6,418.3,43650,1738748880
2025-02-05 15:19:00,PE,ATM+8,28.3997,214950,24100.0,23698.8,417.05,418.7,415.05,418.7,37875,1738748940
2025-02-05 15:20:00,PE,ATM+8,27.172685,214950,24100.0,23694.45,417.0,419.25,417.0,419.25,20025,1738749000
2025-02-05 15:21:00,PE,ATM+8,27.319138,214950,24100.0,23696.05,420.15,420.15,418.2,418.2,2175,1738749060
2025-02-05 15:22:00,PE,ATM+8,29.107559,175875,24100.0,23698.95,418.2,420.45,415.9,420.45,19275,1738749120
2025-02-05 15:23:00,PE,ATM+8,28.997415,175875,24100.0,23698.1,420.45,422.15,418.7,420.85,2100,1738749180
2025-02-05 15:24:00,PE,ATM+8,29.407894,175875,24100.0,23697.6,420.85,422.4,419.95,422.4,675,1738749240
2025-02-05 15:25:00,PE,ATM+8,29.602684,174525,24100.0,23694.65,421.15,425.45,420.65,425.45,1275,1738749300
2025-02-05 15:26:00,PE,ATM+8,30.450991,174525,24100.0,23691.35,425.45,432.4,425.45,430.65,4650,1738749360
2025-02-05 15:27:00,PE,ATM+8,31.395188,174525,24100.0,23691.2,430.65,434.95,430.65,433.5,46725,1738749420
2025-02-05 15:28:00,PE,ATM+8,32.59294,144525,24100.0,23688.25,433.5,441.4,433.5,439.55,5925,1738749480
2025-02-05 15:29:00,PE,ATM+8,32.035581,144525,24100.0,23686.75,435.65,439.3,435.65,439.1,4275,1738749540
2025-02-06 09:15:00,PE,ATM+8,54.983902,139350,24100.0,23723.65,395.95,400.35,389.8,400.35,3975,1738813500
2025-02-06 09:16:00,PE,ATM+8,60.856371,41925,24150.0,23726.35,449.35,449.35,449.35,449.35,75,1738813560
2025-02-06 09:17:00,PE,ATM+8,55.140719,41925,24150.0,23726.25,449.35,449.35,440.0,441.75,1950,1738813620
2025-02-06 09:18:00,PE,ATM+8,56.051714,45825,24150.0,23731.6,441.75,441.75,438.1,438.1,2250,1738813680
2025-02-06 09:19:00,PE,ATM+8,58.811162,45825,24150.0,23727.4,438.1,445.3,438.1,445.3,75,1738813740
2025-02-06 09:20:00,PE,ATM+8,54.121097,124425,24100.0,23718.0,393.6,403.95,393.6,403.5,23925,1738813800
2025-02-06 09:21:00,PE,ATM+8,54.876549,117975,24100.0,23715.5,403.5,410.3,403.4,406.6,3675,1738813860
2025-02-06 09:22:00,PE,ATM+8,51.902392,117975,24100.0,23701.15,406.6,418.65,406.6,415.2,1800,1738813920
2025-02-06 09:23:00,PE,ATM+8,54.265236,117975,24100.0,23702.2,415.2,427.1,415.2,417.15,23475,1738813980
2025-02-06 09:24:00,PE,ATM+8,53.52595,92400,24100.0,23701.25,415.5,418.35,415.5,416.95,20625,1738814040
2025-02-06 09:25:00,PE,ATM+8,54.997688,92400,24100.0,23690.0,416.95,430.0,416.95,428.6,3825,1738814100
2025-02-06 09:26:00,PE,ATM+8,53.061467,92400,24100.0,23696.15,424.7,426.8,419.8,420.7,3375,1738814160
2025-02-06 09:27:00,PE,ATM+8,56.141776,93525,24100.0,23696.2,420.7,425.8,419.15,424.45,750,1738814220
2025-02-06 09:28:00,PE,ATM+8,55.288827,93525,24100.0,23693.35,424.45,425.75,422.85,425.75,1275,1738814280
2025-02-06 09:29:00,PE,ATM+8,53.521663,93525,24100.0,23696.55,425.75,425.75,420.0,420.65,750,1738814340
2025-02-06 09:30:00,PE,ATM+8,58.516624,92475,24100.0,23694.25,420.65,429.0,419.7,429.0,2175,1738814400
2025-02-06 09:31:00,PE,ATM+8,55.942638,92475,24100.0,23686.85,427.65,444.5,427.65,432.0,5025,1738814460
2025-02-06 09:32:00,PE,ATM+8,58.076974,92475,24100.0,23680.0,432.0,440.6,432.0,440.6,1725,1738814520
2025-02-06 09:33:00,PE,ATM+8,57.537242,55875,24050.0,23666.25,390.55,410.4,388.75,408.25,3900,1738814580
2025-02-06 09:34:00,PE,ATM+8,53.843718,55875,24050.0,23656.85,408.25,415.0,407.4,411.4,1425,1738814640
2025-02-06 09:35:00,PE,ATM+8,55.381815,55875,24050.0,23664.05,414.85,414.85,407.0,407.0,3150,1738814700
2025-02-06 09:36:00,PE,ATM+8,54.885149,58050,24050.0,23661.35,407.65,410.3,403.9,408.6,675,1738814760
2025-02-06 09:37:00,PE,ATM+8,59.210017,58050,24050.0,23659.7,408.6,417.0,408.6,415.75,900,1738814820
2025-02-06 09:38:00,PE,ATM+8,58.853391,58050,24050.0,23665.6,415.75,415.75,405.6,410.1,375,1738814880
2025-02-06 09:39:00,PE,ATM+8,51.682487,57900,24050.0,23654.35,410.1,410.6,404.5,410.6,450,1738814940
2025-02-06 09:40:00,PE,ATM+8,55.272794,57900,24050.0,23656.95,410.6,416.8,410.6,412.55,450,1738815000
2025-02-06 09:41:00,PE,ATM+8,52.11922,57900,24050.0,23655.35,412.55,412.55,409.35,410.05,600,1738815060
2025-02-06 09:42:00,PE,ATM+8,56.395208,60000,24050.0,23656.65,410.05,426.65,410.05,414.05,3450,1738815120
2025-02-06 09:43:00,PE,ATM+8,57.296957,60000,24050.0,23666.0,414.05,414.05,402.3,407.05,825,1738815180
2025-02-06 09:44:00,PE,ATM+8,54.734434,60000,24050.0,23660.2,407.05,409.45,406.85,408.65,375,1738815240
2025-02-06 09:45:00,PE,ATM+8,56.776958,61050,24050.0,23672.55,411.2,411.2,399.5,400.5,675,1738815300
2025-02-06 09:46:00,PE,ATM+8,52.194391,61050,24050.0,23665.75,400.5,400.5,394.45,400.5,225,1738815360
2025-02-06 09:47:00,PE,ATM+8,56.266434,61050,24050.0,23663.3,400.5,407.6,400.5,407.6,675,1738815420
2025-02-06 09:48:00,PE,ATM+8,57.322589,61875,24050.0,23666.75,407.6,407.6,404.6,405.9,225,1738815480
2025-02-06 09:49:00,PE,ATM+8,56.258491,61875,24050.0,23661.5,405.9,411.4,405.9,408.95,1875,1738815540
2025-02-06 09:50:00,PE,ATM+8,57.858916,61875,24050.0,23656.9,408.95,416.0,408.95,414.9,675,1738815600
2025-02-06 09:51:00,PE,ATM+8,56.919181,63075,24050.0,23643.85,414.9,425.0,414.9,425.0,1125,1738815660
2025-02-06 09:52:00,PE,ATM+8,57.277885,63075,24050.0,23643.95,426.35,431.6,425.25,425.25,2475,1738815720
2025-02-06 09:53:00,PE,ATM+8,60.471075,63075,24050.0,23649.95,425.25,426.0,421.4,424.0,825,1738815780
2025-02-06 09:54:00,PE,ATM+8,52.704939,63075,24050.0,23651.3,424.0,424.0,413.25,413.25,3000,1738815840
2025-02-06 09:55:00,PE,ATM+8,57.721036,60075,24050.0,23639.95,413.25,429.0,413.25,429.0,1200,1738815900
2025-02-06 09:56:00,PE,ATM+8,60.137892,60075,24050.0,23637.8,429.0,435.0,429.0,433.75,5100,1738815960
2025-02-06 09:57:00,PE,ATM+8,59.495457,54975,24050.0,23629.0,433.0,444.7,433.0,440.55,1125,1738816020
2025-02-06 09:58:00,PE,ATM+8,61.114244,54975,24050.0,23638.45,440.55,440.55,434.2,434.2,1350,1738816080
2025-02-06 09:59:00,PE,ATM+8,59.347024,54975,24050.0,23640.6,434.2,436.85,427.7,430.0,750,1738816140
2025-02-06 10:00:00,PE,ATM+8,60.85247,54375,24050.0,23637.75,430.0,434.75,430.0,434.25,600,1738816200
2025-02-06 10:01:00,PE,ATM+8,61.778587,54375,24050.0,23633.15,434.25,440.25,434.25,439.3,1200,1738816260
2025-02-06 10:02:00,PE,ATM+8,61.778587,54375,24050.0,23633.15,439.3,439.3,439.3,439.3,0,1738816320
2025-02-06 10:03:00,PE,ATM+8,61.02588,53925,24050.0,23637.9,439.3,440.0,434.0,434.0,825,1738816380
2025-02-06 10:04:00,PE,ATM+8,59.45039,53925,24050.0,23651.15,434.0,434.0,420.4,420.4,450,1738816440
2025-02-06 10:05:00,PE,ATM+8,56.202783,53925,24050.0,23652.3,420.4,420.4,409.15,415.35,1950,1738816500
2025-02-06 10:06:00,PE,ATM+8,57.053793,53850,24050.0,23653.5,415.35,416.85,415.2,415.2,225,1738816560
2025-02-06 10:07:00,PE,ATM+8,57.053793,53850,24050.0,23653.5,415.2,415.2,415.2,415.2,0,1738816620
2025-02-06 10:08:00,PE,ATM+8,59.103694,53850,24050.0,23639.35,415.2,429.85,415.2,429.85,450,1738816680
2025-02-06 10:09:00,PE,ATM+8,62.099192,53625,24050.0,23631.75,429.85,440.0,429.85,440.0,675,1738816740
2025-02-06 10:10:00,PE,ATM+8,57.13978,53625,24050.0,23639.45,440.0,440.0,427.3,427.3,150,1738816800
2025-02-06 10:11:00,PE,ATM+8,57.13978,53625,24050.0,23639.45,427.3,427.3,427.3,427.3,0,1738816860
2025-02-06 10:12:00,PE,ATM+8,56.749286,648900,24000.0,23624.25,385.9,399.4,385.9,395.95,27750,1738816920
2025-02-06 10:13:00,PE,ATM+8,64.200432,52425,24050.0,23628.1,447.0,447.0,445.3,445.3,1125,1738816980
2025-02-06 10:14:00,PE,ATM+8,60.536177,52425,24050.0,23627.8,445.3,445.3,441.0,441.05,1500,1738817040
2025-02-06 10:15:00,PE,ATM+8,64.185639,52425,24050.0,23628.2,441.05,444.95,441.05,444.95,375,1738817100
2025-02-06 10:16:00,PE,ATM+8,64.185639,52425,24050.0,23628.2,444.95,444.95,444.95,444.95,0,1738817160
2025-02-06 10:17:00,PE,ATM+8,64.185639,52425,24050.0,23628.2,444.95,444.95,444.95,444.95,0,1738817220
2025-02-06 10:18:00,PE,ATM+8,56.119396,50325,24050.0,23631.8,444.95,444.95,431.75,432.3,375,1738817280
2025-02-06 10:19:00,PE,ATM+8,56.119396,50325,24050.0,23631.8,432.3,432.3,432.3,432.3,0,1738817340
2025-02-06 10:20:00,PE,ATM+8,62.887032,50100,24050.0,23644.1,432.3,432.3,428.7,428.95,150,1738817400
2025-02-06 10:21:00,PE,ATM+8,63.091368,50025,24050.0,23638.25,428.95,435.15,426.6,434.15,525,1738817460
2025-02-06 10:22:00,PE,ATM+8,59.894678,50025,24050.0,23634.8,434.15,435.0,432.55,433.3,375,1738817520
2025-02-06 10:23:00,PE,ATM+8,62.408368,50025,24050.0,23637.6,433.3,433.65,433.3,433.65,75,1738817580
2025-02-06 10:24:00,PE,ATM+8,60.958029,49725,24050.0,23647.75,433.65,433.65,422.85,422.95,525,1738817640
2025-02-06 10:25:00,PE,ATM+8,62.119518,49725,24050.0,23646.35,420.0,425.45,420.0,425.45,825,1738817700
2025-02-06 10:26:00,PE,ATM+8,57.803737,49725,24050.0,23645.9,425.45,425.45,420.75,420.75,300,1738817760
2025-02-06 10:27:00,PE,ATM+8,61.501318,50550,24050.0,23639.85,420.75,430.3,420.75,430.15,1950,1738817820
2025-02-06 10:28:00,PE,ATM+8,56.42372,50550,24050.0,23633.55,430.15,430.15,430.15,430.15,150,1738817880
2025-02-06 10:29:00,PE,ATM+8,60.308157,50550,24050.0,23632.9,430.15,436.25,430.15,434.7,2475,1738817940
2025-02-06 10:30:00,PE,ATM+8,65.544741,50550,24050.0,23639.05,434.7,435.35,434.7,435.35,150,1738818000
2025-02-06 10:31:00,PE,ATM+8,59.851466,48450,24050.0,23644.2,435.35,435.35,424.0,424.0,225,1738818060
2025-02-06 10:32:00,PE,ATM+8,58.528615,48450,24050.0,23635.25,424.0,430.4,424.0,430.4,75,1738818120
2025-02-06 10:33:00,PE,ATM+8,60.176584,48450,24050.0,23630.35,430.4,436.4,430.4,436.4,375,1738818180
2025-02-06 10:34:00,PE,ATM+8,63.027332,48075,24050.0,23633.8,436.4,438.4,436.4,436.4,900,1738818240
2025-02-06 10:35:00,PE,ATM+8,60.792089,48075,24050.0,23634.75,436.4,436.4,431.6,432.95,1050,1738818300
2025-02-06 10:36:00,PE,ATM+8,64.092677,48075,24050.0,23639.7,432.95,432.95,431.35,432.25,150,1738818360
2025-02-06 10:37:00,PE,ATM+8,63.978265,46425,24050.0,23643.6,432.25,432.25,428.6,428.6,150,1738818420
2025-02-06 10:38:00,PE,ATM+8,61.998833,46425,24050.0,23647.85,428.6,428.6,422.0,422.45,975,1738818480
2025-02-06 10:39:00,PE,ATM+8,56.792792,45750,24050.0,23649.45,422.45,422.45,415.25,415.25,1425,1738818540
2025-02-06 10:40:00,PE,ATM+8,57.817623,45750,24050.0,23652.5,415.25,415.85,413.5,413.5,675,1738818600
2025-02-06 10:41:00,PE,ATM+8,57.068546,45750,24050.0,23650.95,413.5,414.0,408.05,414.0,1650,1738818660
2025-02-06 10:42:00,PE,ATM+8,61.580958,45750,24050.0,23645.8,414.0,423.3,414.0,423.3,1350,1738818720
2025-02-06 10:43:00,PE,ATM+8,62.338539,45150,24050.0,23648.3,423.3,423.75,421.85,421.85,525,1738818780
2025-02-06 10:44:00,PE,ATM+8,61.722021,45150,24050.0,23646.0,421.85,423.05,421.85,423.05,75,1738818840
2025-02-06 10:45:00,PE,ATM+8,59.484914,45150,24050.0,23648.1,423.05,423.05,418.2,418.65,150,1738818900
2025-02-06 10:46:00,PE,ATM+8,59.484914,45150,24050.0,23648.1,418.65,418.65,418.65,418.65,0,1738818960
2025-02-06 10:47:00,PE,ATM+8,61.054522,45150,24050.0,23637.15,418.65,431.65,418.65,429.8,1425,1738819020
2025-02-06 10:48:00,PE,ATM+8,58.283163,45150,24050.0,23635.25,429.8,429.8,428.6,428.6,525,1738819080
2025-02-06 10:49:00,PE,ATM+8,62.385361,43950,24050.0,23632.05,428.6,435.5,428.6,435.5,525,1738819140
2025-02-06 10:50:00,PE,ATM+8,64.249935,43950,24050.0,23641.85,435.5,435.5,428.8,428.8,450,1738819200
2025-02-06 10:51:00,PE,ATM+8,67.416777,43950,24050.0,23646.1,428.8,428.8,427.1,428.7,225,1738819260
2025-02-06 10:52:00,PE,ATM+8,61.674262,43800,24050.0,23641.55,428.7,428.7,426.0,426.0,75,1738819320
2025-02-06 10:53:00,PE,ATM+8,61.674262,43800,24050.0,23641.55,426.0,426.0,426.0,426.0,0,1738819380
2025-02-06 10:54:00,PE,ATM+8,65.7078,43800,24050.0,23636.05,426.0,435.0,426.0,435.0,675,1738819440
2025-02-06 10:55:00,PE,ATM+8,65.7078,43800,24050.0,23636.05,435.0,435.0,435.0,435.0,0,1738819500
2025-02-06 10:56:00,PE,ATM+8,63.120942,43500,24050.0,23640.05,435.0,435.0,428.4,428.4,375,1738819560
2025-02-06 10:57:00,PE,ATM+8,63.683108,43500,24050.0,23640.6,428.4,428.4,428.4,428.4,75,1738819620
2025-02-06 10:58:00,PE,ATM+8,65.420939,43425,24050.0,23644.25,428.4,428.75,425.7,427.0,375,1738819680
2025-02-06 10:59:00,PE,ATM+8,63.920341,43425,24050.0,23641.75,425.6,427.4,425.6,427.4,975,1738819740
2025-02-06 11:00:00,PE,ATM+8,66.170585,43425,24050.0,23644.0,427.4,427.8,427.4,427.8,600,1738819800
2025-02-06 11:01:00,PE,ATM+8,59.298999,42450,24050.0,23632.7,427.8,430.6,426.65,430.6,1725,1738819860
2025-02-06 11:02:00,PE,ATM+8,66.988857,42450,24050.0,23629.1,436.1,441.5,436.05,441.45,1500,1738819920
2025-02-06 11:03:00,PE,ATM+8,62.174405,42450,24050.0,23630.0,441.45,441.45,435.55,435.55,2100,1738819980
2025-02-06 11:04:00,PE,ATM+8,62.174405,42450,24050.0,23630.0,435.55,435.55,435.55,435.55,0,1738820040
2025-02-06 11:05:00,PE,ATM+8,62.286498,585825,24000.0,23615.75,389.95,406.0,387.05,403.7,44625,1738820100
2025-02-06 11:06:00,PE,ATM+8,61.868615,565650,24000.0,23617.2,406.4,408.0,399.65,401.85,19275,1738820160
2025-02-06 11:07:00,PE,ATM+8,62.189061,565650,24000.0,23616.6,401.85,411.0,401.85,402.6,18375,1738820220
2025-02-06 11:08:00,PE,ATM+8,62.486115,565650,24000.0,23619.75,402.6,404.0,397.3,400.05,8325,1738820280
2025-02-06 11:09:00,PE,ATM+8,61.90014,566700,24000.0,23617.5,400.05,402.4,398.65,401.25,4350,1738820340
2025-02-06 11:10:00,PE,ATM+8,62.28125,566700,24000.0,23618.4,402.5,403.85,400.75,400.75,2550,1738820400
2025-02-06 11:11:00,PE,ATM+8,65.345955,566700,24000.0,23617.35,400.75,405.0,400.45,404.95,4275,1738820460
2025-02-06 11:12:00,PE,ATM+8,64.843986,564375,24000.0,23609.05,402.6,415.0,402.55,411.45,11550,1738820520
2025-02-06 11:13:00,PE,ATM+8,64.660275,564375,24000.0,23613.2,411.45,411.45,404.6,407.5,15300,1738820580
2025-02-06 11:14:00,PE,ATM+8,63.036688,564375,24000.0,23616.35,407.5,407.5,402.55,402.85,3525,1738820640
2025-02-06 11:15:00,PE,ATM+8,62.744986,564375,24000.0,23610.95,402.85,410.0,402.85,407.15,4950,1738820700
2025-02-06 11:16:00,PE,ATM+8,63.208247,556575,24000.0,23610.05,407.15,410.0,407.0,408.3,4425,1738820760
2025-02-06 11:17:00,PE,ATM+8,64.419784,556575,24000.0,23613.2,410.0,410.0,405.2,406.7,2700,1738820820
2025-02-06 11:18:00,PE,ATM+8,65.600764,556200,24000.0,23607.0,406.7,415.25,406.7,413.25,8025,1738820880
2025-02-06 11:19:00,PE,ATM+8,65.460681,556200,24000.0,23600.05,413.45,421.5,413.45,419.05,14625,1738820940
2025-02-06 11:20:00,PE,ATM+8,66.583155,556200,24000.0,23604.0,420.25,421.0,414.4,416.65,12750,1738821000
2025-02-06 11:21:00,PE,ATM+8,65.902022,554100,24000.0,23606.9,416.0,416.8,413.05,413.25,6825,1738821060
2025-02-06 11:22:00,PE,ATM+8,67.129604,554100,24000.0,23606.25,413.25,417.25,413.25,415.0,12750,1738821120
2025-02-06 11:23:00,PE,ATM+8,65.231297,554100,24000.0,23602.65,415.0,416.0,413.1,416.0,7350,1738821180
2025-02-06 11:24:00,PE,ATM+8,66.216036,554100,24000.0,23605.95,416.95,418.0,414.0,414.0,11250,1738821240
2025-02-06 11:25:00,PE,ATM+8,66.72342,549900,24000.0,23609.85,414.1,414.1,408.8,411.0,8175,1738821300
2025-02-06 11:26:00,PE,ATM+8,64.808862,549900,24000.0,23604.1,411.0,415.6,410.5,413.9,1950,1738821360
2025-02-06 11:27:00,PE,ATM+8,67.727259,548175,24000.0,23607.6,413.9,418.6,411.7,413.75,2175,1738821420
2025-02-06 11:28:00,PE,ATM+8,65.040157,548175,24000.0,23608.5,413.75,413.8,410.0,410.0,2475,1738821480
2025-02-06 11:29:00,PE,ATM+8,67.786386,548175,24000.0,23605.9,410.0,418.8,410.0,415.0,7725,1738821540
2025-02-06 11:30:00,PE,ATM+8,67.497177,547275,24000.0,23603.15,414.0,416.95,414.0,416.95,1725,1738821600
2025-02-06 11:31:00,PE,ATM+8,65.69511,547275,24000.0,23607.15,417.6,425.4,410.4,411.45,11550,1738821660
2025-02-06 11:32:00,PE,ATM+8,66.71776,547275,24000.0,23604.25,411.45,415.3,411.45,414.9,2775,1738821720
2025-02-06 11:33:00,PE,ATM+8,66.673602,548100,24000.0,23605.75,414.9,415.0,413.4,413.4,900,1738821780
2025-02-06 11:34:00,PE,ATM+8,68.277697,548100,24000.0,23607.95,413.8,413.8,411.5,413.0,1800,1738821840
2025-02-06 11:35:00,PE,ATM+8,67.522761,548100,24000.0,23612.15,412.45,415.35,407.0,408.4,10500,1738821900
2025-02-06 11:36:00,PE,ATM+8,66.664158,548025,24000.0,23611.65,408.4,409.95,406.5,407.8,3450,1738821960
2025-02-06 11:37:00,PE,ATM+8,68.116755,548025,24000.0,23613.85,407.8,409.5,405.9,407.25,4275,1738822020
2025-02-06 11:38:00,PE,ATM+8,67.876861,548025,24000.0,23613.1,406.2,412.1,406.2,407.5,14025,1738822080
2025-02-06 11:39:00,PE,ATM+8,68.813684,535500,24000.0,23609.4,407.5,412.0,407.5,411.55,11100,1738822140
2025-02-06 11:40:00,PE,ATM+8,67.753774,535500,24000.0,23609.75,411.55,412.7,409.7,410.0,14550,1738822200
2025-02-06 11:41:00,PE,ATM+8,68.79936,535500,24000.0,23607.2,410.0,415.45,410.0,413.15,22050,1738822260
2025-02-06 11:42:00,PE,ATM+8,67.810805,535500,24000.0,23606.4,413.15,413.75,412.0,412.7,1500,1738822320
2025-02-06 11:43:00,PE,ATM+8,69.136747,522450,24000.0,23609.2,412.7,414.1,410.05,411.45,900,1738822380
2025-02-06 11:44:00,PE,ATM+8,69.731212,522450,24000.0,23612.55,411.75,411.75,407.7,409.0,1575,1738822440
2025-02-06 11:45:00,PE,ATM+8,67.580529,522225,24000.0,23615.8,409.0,410.0,400.0,403.8,4500,1738822500
2025-02-06 11:46:00,PE,ATM+8,69.560388,522225,24000.0,23618.9,403.8,403.8,400.0,403.0,5700,1738822560
2025-02-06 11:47:00,PE,ATM+8,68.167207,522225,24000.0,23617.4,403.0,405.0,401.75,402.7,4050,1738822620
2025-02-06 11:48:00,PE,ATM+8,70.260929,522225,24000.0,23623.5,402.7,403.4,395.65,399.45,6225,1738822680
2025-02-06 11:49:00,PE,ATM+8,67.992598,524325,24000.0,23615.65,399.45,405.8,398.15,403.75,3000,1738822740
2025-02-06 11:50:00,PE,ATM+8,70.495255,524325,24000.0,23617.15,403.75,404.85,402.0,404.85,3600,1738822800
2025-02-06 11:51:00,PE,ATM+8,68.791904,524325,24000.0,23612.9,404.85,409.2,404.0,406.65,5100,1738822860
2025-02-06 11:52:00,PE,ATM+8,70.312874,520875,24000.0,23610.0,406.65,411.5,406.65,410.55,7125,1738822920
2025-02-06 11:53:00,PE,ATM+8,71.167588,520875,24000.0,23607.65,410.55,415.0,410.55,413.3,3900,1738822980
2025-02-06 11:54:00,PE,ATM+8,71.581953,520875,24000.0,23607.6,413.3,417.0,413.3,413.6,27450,1738823040
2025-02-06 11:55:00,PE,ATM+8,69.678935,522750,24000.0,23605.95,415.2,415.2,413.0,413.0,3375,1738823100
2025-02-06 11:56:00,PE,ATM+8,72.260372,522750,24000.0,23607.55,413.75,416.05,411.0,414.0,4875,1738823160
2025-02-06 11:57:00,PE,ATM+8,71.00096,522750,24000.0,23605.35,414.0,414.5,411.5,414.5,2325,1738823220
2025-02-06 11:58:00,PE,ATM+8,71.761978,520875,24000.0,23607.8,414.5,414.7,412.65,412.95,2175,1738823280
2025-02-06 11:59:00,PE,ATM+8,70.370535,520875,24000.0,23608.4,413.3,413.45,410.0,410.9,2550,1738823340
2025-02-06 12:00:00,PE,ATM+8,72.972081,520875,24000.0,23614.35,412.0,412.0,408.0,408.15,2100,1738823400
2025-02-06 12:01:00,PE,ATM+8,70.825648,520425,24000.0,23613.0,405.9,409.15,405.65,407.0,4875,1738823460
2025-02-06 12:02:00,PE,ATM+8,70.140708,520425,24000.0,23613.2,407.0,407.0,403.75,406.0,4200,1738823520
2025-02-06 12:03:00,PE,ATM+8,72.349683,520425,24000.0,23610.9,406.0,410.0,406.0,410.0,1275,1738823580
2025-02-06 12:04:00,PE,ATM+8,71.956108,519300,24000.0,23610.15,410.0,410.9,409.75,410.1,1875,1738823640
2025-02-06 12:05:00,PE,ATM+8,72.604286,519300,24000.0,23615.4,410.0,410.0,404.0,406.0,3000,1738823700
2025-02-06 12:06:00,PE,ATM+8,70.577546,519300,24000.0,23612.95,406.0,406.05,404.65,406.0,375,1738823760
2025-02-06 12:07:00,PE,ATM+8,69.858935,517575,24000.0,23612.8,406.9,406.9,404.7,405.3,3300,1738823820
2025-02-06 12:08:00,PE,ATM+8,68.423456,517575,24000.0,23614.2,405.3,405.3,400.2,402.6,900,1738823880
2025-02-06 12:09:00,PE,ATM+8,74.516103,517575,24000.0,23614.25,402.6,408.2,402.6,408.2,3000,1738823940
2025-02-06 12:10:00,PE,ATM+8,72.99744,517050,24000.0,23617.15,408.2,408.2,402.75,404.0,5850,1738824000
2025-02-06 12:11:00,PE,ATM+8,70.249993,517050,24000.0,23615.85,404.0,404.0,399.6,402.35,26625,1738824060
2025-02-06 12:12:00,PE,ATM+8,70.828166,517050,24000.0,23619.7,403.15,403.15,398.0,399.35,16425,1738824120
2025-02-06 12:13:00,PE,ATM+8,73.197634,508200,24000.0,23619.3,399.65,403.8,399.65,401.8,3675,1738824180
2025-02-06 12:14:00,PE,ATM+8,72.843786,508200,24000.0,23619.45,401.8,401.8,399.7,401.15,1425,1738824240
2025-02-06 12:15:00,PE,ATM+8,72.618416,508200,24000.0,23622.85,401.15,401.15,396.25,397.8,1800,1738824300
2025-02-06 12:16:00,PE,ATM+8,73.044873,507675,24000.0,23622.2,397.8,399.35,396.15,398.6,2325,1738824360
2025-02-06 12:17:00,PE,ATM+8,71.702412,507675,24000.0,23617.8,397.75,401.0,397.75,401.0,1200,1738824420
2025-02-06 12:18:00,PE,ATM+8,70.819285,507675,24000.0,23614.6,401.0,404.4,400.3,402.85,4575,1738824480
2025-02-06 12:19:00,PE,ATM+8,73.094676,507450,24000.0,23613.4,402.85,407.0,402.85,405.8,3975,1738824540
2025-02-06 12:20:00,PE,ATM+8,73.134536,507450,24000.0,23616.9,405.75,405.75,400.8,402.6,3150,1738824600
2025-02-06 12:21:00,PE,ATM+8,73.988007,507450,24000.0,23613.2,402.6,407.5,402.6,406.45,3750,1738824660
2025-02-06 12:22:00,PE,ATM+8,76.271536,507000,24000.0,23619.45,406.45,406.45,403.0,403.0,450,1738824720
2025-02-06 12:23:00,PE,ATM+8,73.705075,507000,24000.0,23620.85,403.0,403.0,397.85,399.15,3675,1738824780
2025-02-06 12:24:00,PE,ATM+8,73.705075,507000,24000.0,23620.85,399.15,399.15,399.15,399.15,0,1738824840
2025-02-06 12:25:00,PE,ATM+8,75.088287,505875,24000.0,23623.65,395.0,397.65,394.0,397.65,3600,1738824900
2025-02-06 12:26:00,PE,ATM+8,72.862686,505875,24000.0,23619.25,397.65,399.65,397.2,399.25,1425,1738824960
2025-02-06 12:27:00,PE,ATM+8,72.885862,505875,24000.0,23620.5,399.25,400.65,396.75,398.0,2250,1738825020
2025-02-06 12:28:00,PE,ATM+8,68.368982,505575,24000.0,23617.3,398.0,398.0,394.7,396.85,2025,1738825080
2025-02-06 12:29:00,PE,ATM+8,69.508118,505575,24000.0,23613.85,396.85,401.0,396.85,400.7,600,1738825140
2025-02-06 12:30:00,PE,ATM+8,68.533198,505575,24000.0,23608.55,400.7,404.55,399.7,404.55,4650,1738825200
2025-02-06 12:31:00,PE,ATM+8,65.852765,505125,24000.0,23603.4,404.55,409.3,404.55,407.15,11250,1738825260
2025-02-06 12:32:00,PE,ATM+8,69.051637,505125,24000.0,23605.4,407.15,407.75,405.3,407.5,1425,1738825320
2025-02-06 12:33:00,PE,ATM+8,70.199256,505125,24000.0,23606.65,407.5,407.55,405.15,407.1,3000,1738825380
2025-02-06 12:34:00,PE,ATM+8,71.125076,503325,24000.0,23605.05,406.25,409.1,406.25,409.1,2475,1738825440
2025-02-06 12:35:00,PE,ATM+8,66.715584,503325,24000.0,23598.2,409.1,412.0,406.2,412.0,5400,1738825500
2025-02-06 12:36:00,PE,ATM+8,67.026848,503325,24000.0,23601.9,411.4,412.2,408.7,408.7,5250,1738825560
2025-02-06 12:37:00,PE,ATM+8,64.06776,503400,24000.0,23600.3,408.7,410.6,408.15,408.15,4200,1738825620
2025-02-06 12:38:00,PE,ATM+8,68.072802,503400,24000.0,23605.75,408.5,410.0,405.65,405.65,1350,1738825680
2025-02-06 12:39:00,PE,ATM+8,69.32604,503400,24000.0,23609.45,405.65,406.8,403.05,403.05,8625,1738825740
2025-02-06 12:40:00,PE,ATM+8,64.503842,502500,24000.0,23606.35,403.05,403.7,400.0,402.5,6825,1738825800
2025-02-06 12:41:00,PE,ATM+8,69.003926,502500,24000.0,23612.25,402.8,403.9,400.0,400.0,10350,1738825860
2025-02-06 12:42:00,PE,ATM+8,72.071195,502500,24000.0,23612.0,400.0,402.35,400.0,402.35,225,1738825920
2025-02-06 12:43:00,PE,ATM+8,68.384508,495975,24000.0,23605.25,402.35,405.65,401.65,405.65,7575,1738825980
2025-02-06 12:44:00,PE,ATM+8,71.080973,495975,24000.0,23607.0,405.6,406.0,405.6,405.8,1275,1738826040
2025-02-06 12:45:00,PE,ATM+8,72.403496,495975,24000.0,23605.4,405.8,409.0,405.8,408.05,7875,1738826100
2025-02-06 12:46:00,PE,ATM+8,67.100889,495000,24000.0,23604.35,408.05,408.25,404.6,405.25,7500,1738826160
2025-02-06 12:47:00,PE,ATM+8,69.492429,495000,24000.0,23600.7,405.25,411.25,405.25,410.0,750,1738826220
2025-02-06 12:48:00,PE,ATM+8,73.038371,495000,24000.0,23604.0,410.0,410.65,408.0,409.3,8775,1738826280
2025-02-06 12:49:00,PE,ATM+8,73.167729,491550,24000.0,23600.05,409.3,414.55,409.3,412.8,1650,1738826340
2025-02-06 12:50:00,PE,ATM+8,73.18866,491550,24000.0,23597.85,412.8,415.0,411.75,414.65,8850,1738826400
2025-02-06 12:51:00,PE,ATM+8,71.031059,491550,24000.0,23589.55,414.65,420.75,414.65,420.65,12600,1738826460
2025-02-06 12:52:00,PE,ATM+8,67.575519,488250,24000.0,23589.15,424.95,424.95,418.3,418.85,5175,1738826520
2025-02-06 12:53:00,PE,ATM+8,65.729629,488250,24000.0,23589.2,419.95,421.0,417.7,417.7,6900,1738826580
2025-02-06 12:54:00,PE,ATM+8,70.370169,488250,24000.0,23588.3,419.0,421.0,418.0,421.0,5850,1738826640
2025-02-06 12:55:00,PE,ATM+8,63.346139,487950,24000.0,23589.5,419.65,420.95,415.6,416.05,3375,1738826700
2025-02-06 12:56:00,PE,ATM+8,71.818535,487950,24000.0,23593.75,416.05,417.95,413.75,416.6,6975,1738826760
2025-02-06 12:57:00,PE,ATM+8,66.217239,487950,24000.0,23587.15,416.6,420.0,415.8,419.45,525,1738826820
2025-02-06 12:58:00,PE,ATM+8,70.607137,484875,24000.0,23582.65,420.0,426.6,420.0,425.85,5625,1738826880
2025-02-06 12:59:00,PE,ATM+8,63.756163,484875,24000.0,23581.7,429.0,429.0,423.05,423.25,9525,1738826940
2025-02-06 13:00:00,PE,ATM+8,64.675908,484875,24000.0,23584.2,423.25,423.25,420.6,421.2,2925,1738827000
2025-02-06 13:01:00,PE,ATM+8,62.057741,483000,24000.0,23584.0,421.2,422.15,419.0,420.2,2400,1738827060
2025-02-06 13:02:00,PE,ATM+8,59.727795,483000,24000.0,23581.3,420.2,421.85,420.2,421.85,1875,1738827120
2025-02-06 13:03:00,PE,ATM+8,63.607234,483000,24000.0,23581.75,421.85,423.15,421.85,422.8,1425,1738827180
2025-02-06 13:04:00,PE,ATM+8,64.580317,481725,24000.0,23581.45,422.8,423.6,420.75,423.4,3600,1738827240
2025-02-06 13:05:00,PE,ATM+8,67.250676,481725,24000.0,23586.9,423.4,423.4,419.35,419.35,3675,1738827300
2025-02-06 13:06:00,PE,ATM+8,69.11384,481725,24000.0,23583.9,419.35,422.95,417.75,422.95,1200,1738827360
2025-02-06 13:07:00,PE,ATM+8,69.016952,482925,24000.0,23587.95,422.95,422.95,419.0,419.0,1275,1738827420
2025-02-06 13:08:00,PE,ATM+8,61.25806,482925,24000.0,23584.4,419.0,420.1,419.0,419.0,375,1738827480
2025-02-06 13:09:00,PE,ATM+8,66.96925,482925,24000.0,23584.15,419.0,423.0,419.0,421.4,1500,1738827540
2025-02-06 13:10:00,PE,ATM+8,68.335502,482775,24000.0,23585.7,421.4,421.4,420.0,420.45,375,1738827600
2025-02-06 13:11:00,PE,ATM+8,64.412384,482775,24000.0,23582.85,420.45,421.4,420.25,421.4,375,1738827660
2025-02-06 13:12:00,PE,ATM+8,65.440393,482775,24000.0,23584.6,421.45,422.75,420.0,420.05,900,1738827720
2025-02-06 13:13:00,PE,ATM+8,64.441275,482325,24000.0,23584.05,420.05,420.4,418.6,420.1,1050,1738827780
2025-02-06 13:14:00,PE,ATM+8,69.118078,482325,24000.0,23586.2,420.1,422.05,418.0,419.9,1275,1738827840
2025-02-06 13:15:00,PE,ATM+8,67.522414,482325,24000.0,23582.5,419.0,422.6,419.0,422.6,2550,1738827900
2025-02-06 13:16:00,PE,ATM+8,67.172301,482550,24000.0,23585.15,422.6,422.6,418.5,419.85,750,1738827960
2025-02-06 13:17:00,PE,ATM+8,67.896721,482550,24000.0,23582.4,420.6,422.8,420.6,422.65,3000,1738828020
2025-02-06 13:18:00,PE,ATM+8,70.08646,482550,24000.0,23585.6,422.65,423.4,420.45,420.45,3750,1738828080
2025-02-06 13:19:00,PE,ATM+8,70.452729,478800,24000.0,23587.3,420.45,420.9,417.2,418.9,3825,1738828140
2025-02-06 13:20:00,PE,ATM+8,66.798135,478800,24000.0,23587.7,418.9,418.9,414.9,416.9,6075,1738828200
2025-02-06 13:21:00,PE,ATM+8,70.017293,478800,24000.0,23587.6,416.9,420.8,416.9,418.2,2250,1738828260
2025-02-06 13:22:00,PE,ATM+8,77.211961,476850,24000.0,23590.05,418.2,419.45,417.25,419.25,900,1738828320
2025-02-06 13:23:00,PE,ATM+8,76.482967,476850,24000.0,23595.15,419.25,419.25,412.55,414.0,2925,1738828380
2025-02-06 13:24:00,PE,ATM+8,75.174499,476850,24000.0,23596.25,413.85,415.8,412.15,412.15,11325,1738828440
2025-02-06 13:25:00,PE,ATM+8,75.453236,476400,24000.0,23592.9,412.15,416.35,412.15,415.25,750,1738828500
2025-02-06 13:26:00,PE,ATM+8,78.932847,476400,24000.0,23594.75,415.25,415.75,414.2,415.2,1050,1738828560
2025-02-06 13:27:00,PE,ATM+8,83.314039,476400,24000.0,23599.9,415.1,415.1,411.2,412.85,1650,1738828620
2025-02-06 13:28:00,PE,ATM+8,83.161622,475125,24000.0,23599.3,412.85,413.1,409.5,413.1,5400,1738828680
2025-02-06 13:29:00,PE,ATM+8,84.046975,475125,24000.0,23594.7,413.1,417.6,412.95,417.6,3750,1738828740
2025-02-06 13:30:00,PE,ATM+8,83.586632,475125,24000.0,23591.55,417.6,420.0,417.55,420.0,2925,1738828800
2025-02-06 13:31:00,PE,ATM+8,84.305078,477450,24000.0,23591.95,421.75,422.9,419.85,419.85,23025,1738828860
2025-02-06 13:32:00,PE,ATM+8,80.850502,477450,24000.0,23593.0,419.85,419.85,416.8,416.8,1200,1738828920
2025-02-06 13:33:00,PE,ATM+8,84.607907,477450,24000.0,23590.55,416.8,420.9,416.8,420.9,15000,1738828980
2025-02-06 13:34:00,PE,ATM+8,90.709768,475875,24000.0,23596.3,420.9,420.9,418.0,419.15,3150,1738829040
2025-02-06 13:35:00,PE,ATM+8,85.327966,475875,24000.0,23592.8,418.25,418.85,416.6,418.85,900,1738829100
2025-02-06 13:36:00,PE,ATM+8,83.0831,475875,24000.0,23587.45,418.85,423.45,418.85,422.35,2475,1738829160
2025-02-06 13:37:00,PE,ATM+8,87.08261,476100,24000.0,23590.35,422.35,423.25,420.45,421.65,525,1738829220
2025-02-06 13:38:00,PE,ATM+8,85.371976,476100,24000.0,23586.1,421.65,424.4,421.65,424.4,9900,1738829280
2025-02-06 13:39:00,PE,ATM+8,87.921446,476100,24000.0,23589.9,424.4,424.85,421.6,422.1,1350,1738829340
2025-02-06 13:40:00,PE,ATM+8,87.052342,475950,24000.0,23590.35,422.1,422.15,421.0,421.0,750,1738829400
2025-02-06 13:41:00,PE,ATM+8,83.775174,475950,24000.0,23588.35,421.0,421.3,420.0,420.95,975,1738829460
2025-02-06 13:42:00,PE,ATM+8,81.845824,475950,24000.0,23584.7,421.5,423.25,421.3,423.25,1050,1738829520
2025-02-06 13:43:00,PE,ATM+8,88.17573,474750,24000.0,23584.9,424.4,425.95,423.4,425.95,2175,1738829580
2025-02-06 13:44:00,PE,ATM+8,87.080232,474750,24000.0,23588.75,426.05,426.05,421.65,421.65,1725,1738829640
2025-02-06 13:45:00,PE,ATM+8,81.257376,474750,24000.0,23581.55,421.65,425.45,421.65,425.45,2400,1738829700
2025-02-06 13:46:00,PE,ATM+8,83.824877,473025,24000.0,23575.1,425.2,432.4,424.8,432.4,7650,1738829760
2025-02-06 13:47:00,PE,ATM+8,75.158027,473025,24000.0,23576.15,432.4,432.4,427.4,428.05,4350,1738829820
2025-02-06 13:48:00,PE,ATM+8,81.826649,473025,24000.0,23576.45,428.05,431.5,428.05,430.0,2400,1738829880
2025-02-06 13:49:00,PE,ATM+8,68.533213,70275,23950.0,23573.0,379.05,381.0,379.05,381.0,75,1738829940
2025-02-06 13:50:00,PE,ATM+8,78.668841,70275,23950.0,23571.5,381.0,397.8,381.0,386.2,4575,1738830000
2025-02-06 13:51:00,PE,ATM+8,77.931995,70275,23950.0,23567.7,388.05,390.0,388.0,389.25,1725,1738830060
2025-02-06 13:52:00,PE,ATM+8,63.997463,69750,23950.0,23565.05,388.15,388.15,386.0,387.1,2550,1738830120
2025-02-06 13:53:00,PE,ATM+8,70.575496,69750,23950.0,23565.15,387.1,388.7,387.1,388.7,1800,1738830180
2025-02-06 13:54:00,PE,ATM+8,71.576975,69750,23950.0,23568.2,388.7,388.7,386.0,386.0,375,1738830240
2025-02-06 13:55:00,PE,ATM+8,69.056118,68250,23950.0,23568.8,386.0,387.2,384.55,384.55,600,1738830300
2025-02-06 13:56:00,PE,ATM+8,99.30329,471150,24000.0,23583.55,435.3,437.05,429.35,429.9,4050,1738830360
2025-02-06 13:57:00,PE,ATM+8,99.074999,471150,24000.0,23586.7,430.0,430.95,424.85,426.65,3000,1738830420
2025-02-06 13:58:00,PE,ATM+8,101.9257,471600,24000.0,23587.7,427.4,429.25,424.0,427.0,25950,1738830480
2025-02-06 13:59:00,PE,ATM+8,90.243301,471600,24000.0,23580.1,427.0,428.8,423.8,428.05,6150,1738830540
2025-02-06 14:00:00,PE,ATM+8,103.451012,471600,24000.0,23589.4,428.05,429.3,423.3,425.7,2700,1738830600
2025-02-06 14:01:00,PE,ATM+8,97.698915,468900,24000.0,23592.15,425.7,425.7,418.6,419.9,4500,1738830660
2025-02-06 14:02:00,PE,ATM+8,99.433665,468900,24000.0,23591.65,419.9,422.95,419.75,420.95,1725,1738830720
2025-02-06 14:03:00,PE,ATM+8,95.741226,468900,24000.0,23589.9,420.95,423.0,420.5,420.5,1500,1738830780
2025-02-06 14:04:00,PE,ATM+8,91.85693,468525,24000.0,23589.65,420.5,421.95,416.8,418.8,4200,1738830840
2025-02-06 14:05:00,PE,ATM+8,92.258262,468525,24000.0,23584.0,418.8,424.0,418.8,424.0,7125,1738830900
2025-02-06 14:06:00,PE,ATM+8,89.155507,468525,24000.0,23584.45,424.6,425.0,422.0,422.2,3300,1738830960
2025-02-06 14:07:00,PE,ATM+8,89.665083,463800,24000.0,23580.4,422.2,427.1,422.2,426.0,1950,1738831020
2025-02-06 14:08:00,PE,ATM+8,81.853717,463800,24000.0,23579.85,426.0,426.0,422.0,423.95,3525,1738831080
2025-02-06 14:09:00,PE,ATM+8,86.58839,463800,24000.0,23580.55,423.95,424.9,421.6,424.5,3450,1738831140
2025-02-06 14:10:00,PE,ATM+8,74.248315,461550,24000.0,23576.75,424.5,425.55,424.3,425.05,1425,1738831200
2025-02-06 14:11:00,PE,ATM+8,89.366703,461550,24000.0,23578.05,425.05,427.4,424.0,427.4,1950,1738831260
2025-02-06 14:12:00,PE,ATM+8,79.092293,68325,23950.0,23574.5,377.0,380.0,377.0,380.0,375,1738831320
2025-02-06 14:13:00,PE,ATM+8,79.432663,67650,23950.0,23573.45,380.0,381.7,379.6,380.95,450,1738831380
2025-02-06 14:14:00,PE,ATM+8,79.432663,67650,23950.0,23573.45,380.95,380.95,380.95,380.95,0,1738831440
2025-02-06 14:15:00,PE,ATM+8,94.071975,460950,24000.0,23576.1,433.05,433.45,428.5,430.0,3300,1738831500
2025-02-06 14:16:00,PE,ATM+8,77.495823,68475,23950.0,23574.6,379.0,379.0,378.9,378.9,375,1738831560
2025-02-06 14:17:00,PE,ATM+8,82.480102,68475,23950.0,23571.9,378.9,382.7,378.9,382.7,300,1738831620
2025-02-06 14:18:00,PE,ATM+8,94.711733,68475,23950.0,23572.25,382.7,386.4,382.7,386.4,225,1738831680
2025-02-06 14:19:00,PE,ATM+8,84.699505,68175,23950.0,23570.55,386.4,386.4,384.1,384.3,1275,1738831740
2025-02-06 14:20:00,PE,ATM+8,98.122126,459900,24000.0,23579.35,434.45,434.45,427.2,427.2,5100,1738831800
2025-02-06 14:21:00,PE,ATM+8,83.172601,68175,23950.0,23573.85,379.75,380.9,379.5,380.4,375,1738831860
2025-02-06 14:22:00,PE,ATM+8,83.172601,68175,23950.0,23573.85,380.4,380.4,380.4,380.4,0,1738831920
2025-02-06 14:23:00,PE,ATM+8,80.830554,68025,23950.0,23570.2,380.4,383.0,380.4,383.0,150,1738831980
2025-02-06 14:24:00,PE,ATM+8,84.188358,68025,23950.0,23570.9,383.0,383.0,383.0,383.0,150,1738832040
2025-02-06 14:25:00,PE,ATM+8,81.199963,68025,23950.0,23571.1,383.0,383.0,381.95,381.95,75,1738832100
2025-02-06 14:26:00,PE,ATM+8,92.422279,68025,23950.0,23571.8,381.95,384.1,381.95,384.1,600,1738832160
2025-02-06 14:27:00,PE,ATM+8,92.422279,68025,23950.0,23571.8,384.1,384.1,384.1,384.1,0,1738832220
2025-02-06 14:28:00,PE,ATM+8,91.36855,67500,23950.0,23573.4,384.1,384.1,380.0,381.85,450,1738832280
2025-02-06 14:29:00,PE,ATM+8,93.18643,67500,23950.0,23574.0,381.85,381.85,381.6,381.6,75,1738832340
2025-02-06 14:30:00,PE,ATM+8,87.883289,67500,23950.0,23569.2,381.6,385.7,381.6,384.55,2325,1738832400
2025-02-06 14:31:00,PE,ATM+8,87.713012,66300,23950.0,23562.1,384.55,392.0,384.55,391.15,1575,1738832460
2025-02-06 14:32:00,PE,ATM+8,95.005302,66300,23950.0,23563.9,391.15,395.7,391.0,391.0,375,1738832520
2025-02-06 14:33:00,PE,ATM+8,91.733215,66300,23950.0,23564.15,391.0,391.0,389.75,389.75,675,1738832580
2025-02-06 14:34:00,PE,ATM+8,91.282743,66225,23950.0,23566.05,389.75,390.2,387.65,387.65,525,1738832640
2025-02-06 14:35:00,PE,ATM+8,108.698442,66225,23950.0,23569.8,387.65,388.85,387.65,388.85,300,1738832700
2025-02-06 14:36:00,PE,ATM+8,98.053168,66225,23950.0,23571.15,388.85,388.85,383.35,384.05,525,1738832760
2025-02-06 14:37:00,PE,ATM+8,98.053168,66225,23950.0,23571.15,384.05,384.05,384.05,384.05,0,1738832820
2025-02-06 14:38:00,PE,ATM+8,114.269648,466875,24000.0,23577.75,431.2,433.75,428.9,428.9,13350,1738832880
2025-02-06 14:39:00,PE,ATM+8,87.210588,65625,23950.0,23574.15,380.7,380.7,378.25,378.25,225,1738832940
2025-02-06 14:40:00,PE,ATM+8,110.943462,455325,24000.0,23576.4,431.45,431.45,424.3,428.75,7575,1738833000
2025-02-06 14:41:00,PE,ATM+8,113.866497,455325,24000.0,23582.1,428.75,428.75,423.6,423.8,18300,1738833060
2025-02-06 14:42:00,PE,ATM+8,0.0,455325,24000.0,23579.05,423.8,428.15,423.8,427.15,30825,1738833120
2025-02-06 14:43:00,PE,ATM+8,123.342141,441750,24000.0,23581.05,427.15,427.15,425.0,426.7,15600,1738833180
2025-02-06 14:44:00,PE,ATM+8,122.79905,441750,24000.0,23575.75,426.7,432.1,426.7,431.15,3975,1738833240
2025-02-06 14:45:00,PE,ATM+8,96.583808,65625,23950.0,23573.6,380.65,380.65,378.95,379.45,225,1738833300
2025-02-06 14:46:00,PE,ATM+8,114.93454,435150,24000.0,23576.25,432.95,433.65,428.2,428.2,4575,1738833360
2025-02-06 14:47:00,PE,ATM+8,126.742058,435150,24000.0,23575.85,428.2,432.6,428.2,431.0,4725,1738833420
2025-02-06 14:48:00,PE,ATM+8,105.940179,64725,23950.0,23573.3,378.75,380.9,378.75,380.9,75,1738833480
2025-02-06 14:49:00,PE,ATM+8,110.862252,64725,23950.0,23574.4,380.65,380.65,380.65,380.65,300,1738833540
2025-02-06 14:50:00,PE,ATM+8,111.067444,64725,23950.0,23570.6,380.65,384.0,380.65,384.0,300,1738833600
2025-02-06 14:51:00,PE,ATM+8,113.174449,64725,23950.0,23571.55,384.0,384.0,383.25,383.25,75,1738833660
2025-02-06 14:52:00,PE,ATM+8,113.174449,64725,23950.0,23571.55,383.25,383.25,383.25,383.25,0,1738833720
2025-02-06 14:53:00,PE,ATM+8,125.597797,64425,23950.0,23573.2,383.25,383.9,383.25,383.9,75,1738833780
2025-02-06 14:54:00,PE,ATM+8,107.424438,64425,23950.0,23572.3,383.9,383.9,380.65,380.65,75,1738833840
2025-02-06 14:55:00,PE,ATM+8,135.101055,64425,23950.0,23574.85,380.65,383.95,380.65,383.95,75,1738833900
2025-02-06 14:56:00,PE,ATM+8,0.0,417825,24000.0,23577.55,431.0,432.1,425.05,425.55,6225,1738833960
2025-02-06 14:57:00,PE,ATM+8,0.0,417825,24000.0,23575.8,426.45,429.85,426.45,429.85,2475,1738834020
2025-02-06 14:58:00,PE,ATM+8,0.0,411300,24000.0,23575.65,429.2,432.4,428.5,429.4,3525,1738834080
2025-02-06 14:59:00,PE,ATM+8,0.0,411300,24000.0,23580.95,429.4,429.4,424.0,424.0,13725,1738834140
2025-02-06 15:00:00,PE,ATM+8,0.0,411300,24000.0,23580.5,422.25,424.15,415.6,422.8,35850,1738834200
2025-02-06 15:01:00,PE,ATM+8,0.0,380400,24000.0,23583.5,422.75,422.75,416.8,419.55,12750,1738834260
2025-02-06 15:02:00,PE,ATM+8,0.0,380400,24000.0,23595.45,418.1,418.5,407.9,408.05,32625,1738834320
2025-02-06 15:03:00,PE,ATM+8,0.0,380400,24000.0,23595.9,408.05,411.85,405.5,409.15,18750,1738834380
2025-02-06 15:04:00,PE,ATM+8,0.0,362700,24000.0,23603.75,409.15,409.15,399.75,401.45,44250,1738834440
2025-02-06 15:05:00,PE,ATM+8,0.0,362700,24000.0,23605.25,400.25,400.85,395.85,399.9,21750,1738834500
2025-02-06 15:06:00,PE,ATM+8,0.0,362700,24000.0,23609.3,399.9,400.6,396.25,396.25,18825,1738834560
2025-02-06 15:07:00,PE,ATM+8,0.0,361575,24000.0,23604.0,396.25,402.8,396.15,401.0,8700,1738834620
2025-02-06 15:08:00,PE,ATM+8,0.0,361575,24000.0,23607.5,400.7,401.85,399.2,399.7,10725,1738834680
2025-02-06 15:09:00,PE,ATM+8,0.0,361575,24000.0,23607.45,399.55,401.2,399.0,400.0,4350,1738834740
2025-02-06 15:10:00,PE,ATM+8,0.0,363300,24000.0,23605.0,399.05,401.0,398.45,400.55,6525,1738834800
2025-02-06 15:11:00,PE,ATM+8,0.0,363300,24000.0,23598.15,400.35,405.95,400.35,405.95,10425,1738834860
2025-02-06 15:12:00,PE,ATM+8,0.0,363300,24000.0,23595.5,405.0,406.8,403.05,406.8,9000,1738834920
2025-02-06 15:13:00,PE,ATM+8,0.0,360900,24000.0,23588.4,408.25,412.5,405.5,412.1,8850,1738834980
2025-02-06 15:14:00,PE,ATM+8,0.0,360900,24000.0,23595.9,412.0,412.8,407.0,407.0,26925,1738835040
2025-02-06 15:15:00,PE,ATM+8,0.0,360900,24000.0,23592.85,407.05,409.05,406.3,408.0,15450,1738835100
2025-02-06 15:16:00,PE,ATM+8,0.0,355425,24000.0,23607.45,408.0,408.95,403.7,403.7,9150,1738835160
2025-02-06 15:17:00,PE,ATM+8,0.0,355425,24000.0,23609.8,403.5,403.65,400.25,402.85,16050,1738835220
2025-02-06 15:18:00,PE,ATM+8,0.0,355425,24000.0,23610.8,402.85,403.55,402.0,402.0,5175,1738835280
2025-02-06 15:19:00,PE,ATM+8,0.0,340575,24000.0,23614.65,402.0,402.0,399.35,399.35,18300,1738835340
2025-02-06 15:20:00,PE,ATM+8,0.0,340575,24000.0,23615.25,399.35,400.95,399.35,399.55,12075,1738835400
2025-02-06 15:21:00,PE,ATM+8,0.0,340575,24000.0,23618.9,399.5,399.5,398.35,398.35,13200,1738835460
2025-02-06 15:22:00,PE,ATM+8,0.0,335100,24000.0,23624.65,398.0,398.4,396.0,396.0,7575,1738835520
2025-02-06 15:23:00,PE,ATM+8,0.0,335100,24000.0,23619.45,395.85,397.25,393.9,397.0,8850,1738835580
2025-02-06 15:24:00,PE,ATM+8,0.0,335100,24000.0,23616.85,397.0,397.9,397.0,397.4,3150,1738835640
2025-02-06 15:25:00,PE,ATM+8,0.0,323325,24000.0,23620.75,398.25,398.25,396.25,397.65,13050,1738835700
2025-02-06 15:26:00,PE,ATM+8,0.0,323325,24000.0,23616.15,397.35,397.75,397.0,397.0,3000,1738835760
2025-02-06 15:27:00,PE,ATM+8,0.0,23925,24050.0,23626.65,447.3,448.0,447.1,447.65,675,1738835820
2025-02-06 15:28:00,PE,ATM+8,0.0,23325,24050.0,23627.95,447.65,447.65,446.35,447.15,750,1738835880
2025-02-06 15:29:00,PE,ATM+8,0.0,23325,24050.0,23628.05,446.3,447.0,446.05,446.05,1725,1738835940
