datetime,option_type,strike_relative,iv,oi,strike,spot,open,high,low,close,volume,timestamp
2025-03-20 09:15:00,CE,ATM+6,29.255372,14715600,23300.0,23007.85,3.8,4.85,2.75,4.15,3722325,1742442300
2025-03-20 09:16:00,CE,ATM+6,28.240888,14715600,23300.0,23013.5,3.95,4.0,3.5,3.75,2823150,1742442360
2025-03-20 09:17:00,CE,ATM+6,27.870341,14715600,23300.0,23021.45,3.75,4.2,3.6,3.9,2986125,1742442420
2025-03-20 09:18:00,CE,ATM+6,27.553824,15294525,23300.0,23024.0,3.85,3.95,3.7,3.8,2013900,1742442480
2025-03-20 09:19:00,CE,ATM+6,27.523052,15294525,23300.0,23022.0,3.8,4.0,3.6,3.65,1834950,1742442540
2025-03-20 09:20:00,CE,ATM+6,28.288624,15294525,23300.0,23018.6,3.65,4.05,3.6,3.95,1653975,1742442600
2025-03-20 09:21:00,CE,ATM+6,27.779412,16006350,23300.0,23022.6,3.85,3.95,3.7,3.8,1388625,1742442660
2025-03-20 09:22:00,CE,ATM+6,28.816865,3886050,23350.0,23036.1,2.5,2.85,2.4,2.75,2535375,1742442720
2025-03-20 09:23:00,CE,ATM+6,28.742476,3886050,23350.0,23048.35,2.7,3.2,2.65,3.2,1879950,1742442780
2025-03-20 09:24:00,CE,ATM+6,29.503287,3997800,23350.0,23058.45,3.15,4.5,3.15,4.15,4010250,1742442840
2025-03-20 09:25:00,CE,ATM+6,29.48699,3997800,23350.0,23046.4,3.95,4.05,3.35,3.5,1862550,1742442900
2025-03-20 09:26:00,CE,ATM+6,29.741152,3997800,23350.0,23040.45,3.5,3.5,3.1,3.35,1342800,1742442960
2025-03-20 09:27:00,CE,ATM+6,29.454893,4315950,23350.0,23052.95,3.3,3.8,3.15,3.75,1085925,1742443020
2025-03-20 09:28:00,CE,ATM+6,29.60302,4315950,23350.0,23049.6,3.75,3.9,3.6,3.65,1510350,1742443080
2025-03-20 09:29:00,CE,ATM+6,29.156269,4315950,23350.0,23065.2,3.6,4.25,3.6,4.15,1881975,1742443140
2025-03-20 09:30:00,CE,ATM+6,29.251756,4441125,23350.0,23058.95,4.15,4.15,3.8,3.85,1161225,1742443200
2025-03-20 09:31:00,CE,ATM+6,29.076886,4441125,23350.0,23065.35,3.85,4.05,3.85,4.05,710175,1742443260
2025-03-20 09:32:00,CE,ATM+6,29.029084,4441125,23350.0,23063.65,4.0,4.2,3.8,3.9,1268100,1742443320
2025-03-20 09:33:00,CE,ATM+6,29.106592,4639275,23350.0,23058.35,3.95,4.0,3.6,3.65,880050,1742443380
2025-03-20 09:34:00,CE,ATM+6,28.396611,4639275,23350.0,23065.65,3.5,3.55,3.2,3.55,1101900,1742443440
2025-03-20 09:35:00,CE,ATM+6,28.073019,4639275,23350.0,23069.15,3.6,3.75,3.5,3.5,1036800,1742443500
2025-03-20 09:36:00,CE,ATM+6,27.894044,4646925,23350.0,23065.65,3.4,3.45,3.2,3.2,1157475,1742443560
2025-03-20 09:37:00,CE,ATM+6,27.869913,4646925,23350.0,23066.45,3.2,3.25,3.0,3.2,1045350,1742443620
2025-03-20 09:38:00,CE,ATM+6,28.233823,4646925,23350.0,23052.0,3.2,3.2,2.7,2.75,766500,1742443680
2025-03-20 09:39:00,CE,ATM+6,28.479202,4882650,23350.0,23046.85,2.7,2.9,2.6,2.65,1147875,1742443740
2025-03-20 09:40:00,CE,ATM+6,28.455461,4882650,23350.0,23041.0,2.65,2.65,2.4,2.4,1221000,1742443800
2025-03-20 09:41:00,CE,ATM+6,27.73517,4882650,23350.0,23053.6,2.35,2.5,2.25,2.5,810150,1742443860
2025-03-20 09:42:00,CE,ATM+6,28.232049,4884075,23350.0,23047.7,2.55,2.55,2.4,2.5,1354800,1742443920
2025-03-20 09:43:00,CE,ATM+6,28.071524,4884075,23350.0,23047.6,2.5,2.5,2.3,2.4,597675,1742443980
2025-03-20 09:44:00,CE,ATM+6,27.961806,4884075,23350.0,23053.55,2.4,2.6,2.35,2.55,636675,1742444040
2025-03-20 09:45:00,CE,ATM+6,28.788592,5030100,23350.0,23037.95,2.5,2.55,2.3,2.35,755850,1742444100
2025-03-20 09:46:00,CE,ATM+6,28.97313,5030100,23350.0,23034.65,2.35,2.4,2.3,2.3,496275,1742444160
2025-03-20 09:47:00,CE,ATM+6,28.970692,5030100,23350.0,23038.1,2.45,2.45,2.25,2.4,518775,1742444220
2025-03-20 09:48:00,CE,ATM+6,29.564571,5182575,23350.0,23028.05,2.35,2.4,2.3,2.3,631275,1742444280
2025-03-20 09:49:00,CE,ATM+6,27.855205,17456775,23300.0,23021.25,3.3,3.4,3.1,3.1,2071200,1742444340
2025-03-20 09:50:00,CE,ATM+6,28.165655,17456775,23300.0,23020.1,3.05,3.2,2.95,3.2,2013000,1742444400
2025-03-20 09:51:00,CE,ATM+6,29.061517,17472375,23300.0,23009.65,3.25,3.45,3.1,3.2,2451375,1742444460
2025-03-20 09:52:00,CE,ATM+6,29.543761,5210250,23350.0,23030.6,2.3,2.3,2.15,2.3,933600,1742444520
2025-03-20 09:53:00,CE,ATM+6,29.761946,5210250,23350.0,23026.85,2.3,2.3,2.1,2.25,501150,1742444580
2025-03-20 09:54:00,CE,ATM+6,29.396854,5133825,23350.0,23027.55,2.25,2.25,2.05,2.1,511200,1742444640
2025-03-20 09:55:00,CE,ATM+6,28.566379,5133825,23350.0,23037.4,2.1,2.15,2.0,2.05,883200,1742444700
2025-03-20 09:56:00,CE,ATM+6,28.548765,5133825,23350.0,23036.6,2.0,2.1,1.95,2.0,891075,1742444760
2025-03-20 09:57:00,CE,ATM+6,28.974095,5534925,23350.0,23031.6,2.0,2.05,1.9,2.0,432075,1742444820
2025-03-20 09:58:00,CE,ATM+6,29.163095,5534925,23350.0,23028.05,1.95,2.05,1.9,1.95,725025,1742444880
2025-03-20 09:59:00,CE,ATM+6,28.993186,5534925,23350.0,23025.7,1.95,2.0,1.8,1.8,633375,1742444940
2025-03-20 10:00:00,CE,ATM+6,28.950587,5667750,23350.0,23025.05,1.8,1.8,1.7,1.75,684375,1742445000
2025-03-20 10:01:00,CE,ATM+6,27.758098,17522475,23300.0,23014.55,2.6,2.75,2.45,2.5,1966425,1742445060
2025-03-20 10:02:00,CE,ATM+6,27.937397,17522475,23300.0,23020.2,2.5,2.8,2.5,2.8,1178025,1742445120
2025-03-20 10:03:00,CE,ATM+6,28.109552,5577900,23350.0,23044.65,1.9,1.95,1.8,1.95,1416075,1742445180
2025-03-20 10:04:00,CE,ATM+6,28.234137,5577900,23350.0,23040.3,2.0,2.0,1.75,1.85,1560450,1742445240
2025-03-20 10:05:00,CE,ATM+6,28.590458,5577900,23350.0,23027.15,1.9,1.9,1.6,1.6,790200,1742445300
2025-03-20 10:06:00,CE,ATM+6,29.599107,17571450,23300.0,22993.0,2.5,2.75,2.3,2.45,3085875,1742445360
2025-03-20 10:07:00,CE,ATM+6,29.280477,17571450,23300.0,22988.95,2.4,2.4,2.05,2.15,3591675,1742445420
2025-03-20 10:08:00,CE,ATM+6,28.529576,17571450,23300.0,22997.55,2.1,2.25,2.1,2.1,1331625,1742445480
2025-03-20 10:09:00,CE,ATM+6,29.522035,17465625,23300.0,22987.05,2.15,2.2,2.1,2.15,1424175,1742445540
2025-03-20 10:10:00,CE,ATM+6,29.226129,17465625,23300.0,22988.3,2.15,2.2,2.05,2.05,980325,1742445600
2025-03-20 10:11:00,CE,ATM+6,30.213758,17465625,23300.0,22977.9,2.05,2.2,2.05,2.1,1183500,1742445660
2025-03-20 10:12:00,CE,ATM+6,30.055508,17168025,23300.0,22977.3,2.1,2.15,2.0,2.0,1237425,1742445720
2025-03-20 10:13:00,CE,ATM+6,30.121801,17168025,23300.0,22975.4,2.05,2.05,1.95,1.95,1256250,1742445780
2025-03-20 10:14:00,CE,ATM+6,29.337792,17168025,23300.0,22987.65,1.9,2.05,1.85,2.0,1564800,1742445840
2025-03-20 10:15:00,CE,ATM+6,29.053234,17088600,23300.0,22991.85,2.05,2.1,1.95,2.0,992025,1742445900
2025-03-20 10:16:00,CE,ATM+6,28.28233,17088600,23300.0,23003.7,2.05,2.1,1.95,2.05,1417425,1742445960
2025-03-20 10:17:00,CE,ATM+6,28.28393,17088600,23300.0,23005.75,2.05,2.15,2.0,2.1,1344600,1742446020
2025-03-20 10:18:00,CE,ATM+6,29.195864,5544075,23350.0,23027.0,1.4,1.65,1.4,1.6,1949325,1742446080
2025-03-20 10:19:00,CE,ATM+6,27.552888,17224575,23300.0,23024.15,2.7,2.7,2.4,2.4,2252475,1742446140
2025-03-20 10:20:00,CE,ATM+6,29.41739,5544075,23350.0,23025.35,1.55,1.65,1.5,1.6,1138725,1742446200
2025-03-20 10:21:00,CE,ATM+6,28.619198,5368575,23350.0,23034.4,1.6,1.6,1.45,1.55,723675,1742446260
2025-03-20 10:22:00,CE,ATM+6,28.355479,5368575,23350.0,23034.45,1.5,1.55,1.4,1.45,770850,1742446320
2025-03-20 10:23:00,CE,ATM+6,28.522527,5368575,23350.0,23034.9,1.45,1.55,1.4,1.5,615900,1742446380
2025-03-20 10:24:00,CE,ATM+6,28.260757,5427825,23350.0,23036.9,1.5,1.5,1.4,1.45,912525,1742446440
2025-03-20 10:25:00,CE,ATM+6,28.253581,5427825,23350.0,23037.6,1.45,1.5,1.35,1.45,311175,1742446500
2025-03-20 10:26:00,CE,ATM+6,28.048868,5427825,23350.0,23036.7,1.45,1.5,1.35,1.35,607275,1742446560
2025-03-20 10:27:00,CE,ATM+6,28.113589,5482800,23350.0,23044.55,1.4,1.55,1.35,1.55,510225,1742446620
2025-03-20 10:28:00,CE,ATM+6,28.095932,5482800,23350.0,23047.25,1.45,1.65,1.45,1.6,1960875,1742446680
2025-03-20 10:29:00,CE,ATM+6,27.925859,5482800,23350.0,23048.15,1.65,1.65,1.55,1.55,553725,1742446740
2025-03-20 10:30:00,CE,ATM+6,27.812192,5464050,23350.0,23053.85,1.55,1.65,1.5,1.65,999675,1742446800
2025-03-20 10:31:00,CE,ATM+6,27.929919,5464050,23350.0,23051.15,1.65,1.7,1.6,1.6,959025,1742446860
2025-03-20 10:32:00,CE,ATM+6,27.966779,5464050,23350.0,23045.55,1.65,1.7,1.45,1.45,420225,1742446920
2025-03-20 10:33:00,CE,ATM+6,27.819113,5528850,23350.0,23050.0,1.45,1.5,1.4,1.5,585900,1742446980
2025-03-20 10:34:00,CE,ATM+6,28.191114,5528850,23350.0,23049.65,1.5,1.65,1.5,1.6,945750,1742447040
2025-03-20 10:35:00,CE,ATM+6,28.192328,5528850,23350.0,23052.05,1.6,1.65,1.55,1.65,436350,1742447100
2025-03-20 10:36:00,CE,ATM+6,28.123517,5478375,23350.0,23047.95,1.6,1.65,1.5,1.5,471000,1742447160
2025-03-20 10:37:00,CE,ATM+6,28.06058,5478375,23350.0,23047.4,1.45,1.55,1.45,1.45,349425,1742447220
2025-03-20 10:38:00,CE,ATM+6,28.022359,5478375,23350.0,23050.45,1.45,1.5,1.45,1.5,548325,1742447280
2025-03-20 10:39:00,CE,ATM+6,28.296905,5535525,23350.0,23047.6,1.45,1.55,1.45,1.5,315150,1742447340
2025-03-20 10:40:00,CE,ATM+6,28.502246,5535525,23350.0,23047.55,1.55,1.55,1.45,1.55,263775,1742447400
2025-03-20 10:41:00,CE,ATM+6,28.817363,5535525,23350.0,23040.3,1.5,1.5,1.35,1.45,382725,1742447460
2025-03-20 10:42:00,CE,ATM+6,28.504777,5466450,23350.0,23042.85,1.4,1.45,1.35,1.4,236550,1742447520
2025-03-20 10:43:00,CE,ATM+6,28.862764,5466450,23350.0,23041.0,1.45,1.5,1.4,1.45,463350,1742447580
2025-03-20 10:44:00,CE,ATM+6,29.15074,5466450,23350.0,23035.95,1.4,1.5,1.4,1.4,584700,1742447640
2025-03-20 10:45:00,CE,ATM+6,29.214054,5521275,23350.0,23035.8,1.4,1.45,1.35,1.4,181350,1742447700
2025-03-20 10:46:00,CE,ATM+6,29.3509,5521275,23350.0,23028.1,1.4,1.4,1.25,1.25,376725,1742447760
2025-03-20 10:47:00,CE,ATM+6,29.024217,5521275,23350.0,23035.2,1.25,1.35,1.25,1.3,355500,1742447820
2025-03-20 10:48:00,CE,ATM+6,29.003228,5500350,23350.0,23038.3,1.3,1.35,1.25,1.35,470475,1742447880
2025-03-20 10:49:00,CE,ATM+6,28.938357,5500350,23350.0,23037.6,1.35,1.35,1.3,1.3,425700,1742447940
2025-03-20 10:50:00,CE,ATM+6,29.121841,5500350,23350.0,23031.35,1.3,1.3,1.2,1.2,167175,1742448000
2025-03-20 10:51:00,CE,ATM+6,29.96117,5517225,23350.0,23026.0,1.2,1.35,1.2,1.3,370500,1742448060
2025-03-20 10:52:00,CE,ATM+6,29.317449,5517225,23350.0,23030.2,1.2,1.25,1.15,1.2,265725,1742448120
2025-03-20 10:53:00,CE,ATM+6,29.239204,5517225,23350.0,23029.45,1.2,1.2,1.1,1.15,650175,1742448180
2025-03-20 10:54:00,CE,ATM+6,29.680263,5577075,23350.0,23026.95,1.2,1.2,1.1,1.2,684000,1742448240
2025-03-20 10:55:00,CE,ATM+6,29.114115,5577075,23350.0,23032.4,1.2,1.2,1.15,1.15,171450,1742448300
2025-03-20 10:56:00,CE,ATM+6,29.21139,5577075,23350.0,23034.25,1.15,1.2,1.15,1.2,220275,1742448360
2025-03-20 10:57:00,CE,ATM+6,28.577655,5775225,23350.0,23042.9,1.15,1.2,1.15,1.2,373275,1742448420
2025-03-20 10:58:00,CE,ATM+6,28.582626,5775225,23350.0,23038.7,1.15,1.2,1.1,1.1,188175,1742448480
2025-03-20 10:59:00,CE,ATM+6,28.341338,5775225,23350.0,23039.9,1.1,1.15,1.0,1.05,586650,1742448540
2025-03-20 11:00:00,CE,ATM+6,27.787061,5790450,23350.0,23047.6,1.0,1.05,1.0,1.05,431100,1742448600
2025-03-20 11:01:00,CE,ATM+6,27.887413,5790450,23350.0,23044.4,1.05,1.1,0.95,1.0,614025,1742448660
2025-03-20 11:02:00,CE,ATM+6,28.148232,5790450,23350.0,23041.75,1.0,1.0,0.95,1.0,194400,1742448720
2025-03-20 11:03:00,CE,ATM+6,28.312889,5694525,23350.0,23037.6,0.95,1.0,0.95,0.95,249450,1742448780
2025-03-20 11:04:00,CE,ATM+6,28.217433,5694525,23350.0,23039.5,0.95,0.95,0.9,0.95,424875,1742448840
2025-03-20 11:05:00,CE,ATM+6,28.137352,5694525,23350.0,23041.2,0.95,0.95,0.9,0.95,68925,1742448900
2025-03-20 11:06:00,CE,ATM+6,27.990001,5689575,23350.0,23043.75,0.95,1.0,0.95,0.95,186600,1742448960
2025-03-20 11:07:00,CE,ATM+6,27.77896,5689575,23350.0,23044.3,0.95,1.0,0.9,0.9,351825,1742449020
2025-03-20 11:08:00,CE,ATM+6,27.911294,5689575,23350.0,23046.1,0.95,0.95,0.9,0.95,49125,1742449080
2025-03-20 11:09:00,CE,ATM+6,27.941446,5575650,23350.0,23040.65,0.9,0.95,0.85,0.85,330150,1742449140
2025-03-20 11:10:00,CE,ATM+6,28.066117,5575650,23350.0,23042.7,0.85,0.95,0.85,0.9,180300,1742449200
2025-03-20 11:11:00,CE,ATM+6,27.851571,5575650,23350.0,23046.1,0.95,0.95,0.9,0.9,72600,1742449260
2025-03-20 11:12:00,CE,ATM+6,27.82479,5639550,23350.0,23049.9,0.9,1.0,0.9,0.95,230550,1742449320
2025-03-20 11:13:00,CE,ATM+6,27.32508,5639550,23350.0,23064.3,1.0,1.15,0.95,1.1,2090700,1742449380
2025-03-20 11:14:00,CE,ATM+6,27.629703,5639550,23350.0,23063.55,1.1,1.15,1.05,1.15,1760025,1742449440
2025-03-20 11:15:00,CE,ATM+6,27.486012,5632125,23350.0,23065.95,1.1,1.15,1.1,1.15,1075125,1742449500
2025-03-20 11:16:00,CE,ATM+6,27.197416,5632125,23350.0,23060.4,1.1,1.15,0.95,0.95,645825,1742449560
2025-03-20 11:17:00,CE,ATM+6,27.636832,5632125,23350.0,23058.25,1.0,1.05,0.95,1.0,372000,1742449620
2025-03-20 11:18:00,CE,ATM+6,27.792133,5713275,23350.0,23054.4,1.0,1.05,0.95,0.95,91575,1742449680
2025-03-20 11:19:00,CE,ATM+6,28.290178,5713275,23350.0,23051.6,0.95,1.05,0.95,1.0,483150,1742449740
2025-03-20 11:20:00,CE,ATM+6,28.516759,5713275,23350.0,23046.85,1.0,1.05,0.95,0.95,275100,1742449800
2025-03-20 11:21:00,CE,ATM+6,28.461338,5783850,23350.0,23045.45,1.0,1.0,0.9,0.9,179475,1742449860
2025-03-20 11:22:00,CE,ATM+6,28.617628,5783850,23350.0,23049.7,0.95,1.0,0.9,1.0,234525,1742449920
2025-03-20 11:23:00,CE,ATM+6,28.523195,5783850,23350.0,23048.9,1.0,1.0,0.9,0.95,178050,1742449980
2025-03-20 11:24:00,CE,ATM+6,28.122975,5828775,23350.0,23054.5,0.9,0.95,0.9,0.95,38775,1742450040
2025-03-20 11:25:00,CE,ATM+6,27.86272,5828775,23350.0,23055.65,0.95,0.95,0.9,0.9,263250,1742450100
2025-03-20 11:26:00,CE,ATM+6,28.053502,5828775,23350.0,23051.15,0.95,0.95,0.8,0.85,409125,1742450160
2025-03-20 11:27:00,CE,ATM+6,28.162068,5805375,23350.0,23047.5,0.85,0.85,0.8,0.8,124575,1742450220
2025-03-20 11:28:00,CE,ATM+6,28.002093,5805375,23350.0,23050.2,0.8,0.85,0.8,0.8,96975,1742450280
2025-03-20 11:29:00,CE,ATM+6,27.55867,5805375,23350.0,23053.25,0.85,0.85,0.75,0.75,200400,1742450340
2025-03-20 11:30:00,CE,ATM+6,27.338055,5791875,23350.0,23053.4,0.8,0.8,0.7,0.7,242850,1742450400
2025-03-20 11:31:00,CE,ATM+6,27.84827,5791875,23350.0,23054.25,0.75,0.8,0.7,0.8,805200,1742450460
2025-03-20 11:32:00,CE,ATM+6,27.793715,5791875,23350.0,23052.5,0.8,0.8,0.75,0.75,406350,1742450520
2025-03-20 11:33:00,CE,ATM+6,27.826107,5810025,23350.0,23049.5,0.75,0.8,0.7,0.7,218850,1742450580
2025-03-20 11:34:00,CE,ATM+6,27.90967,5810025,23350.0,23045.65,0.7,0.7,0.65,0.65,209250,1742450640
2025-03-20 11:35:00,CE,ATM+6,27.796844,5810025,23350.0,23047.8,0.65,0.7,0.65,0.65,113925,1742450700
2025-03-20 11:36:00,CE,ATM+6,27.639282,5809875,23350.0,23050.5,0.65,0.7,0.65,0.65,803550,1742450760
2025-03-20 11:37:00,CE,ATM+6,27.963733,5809875,23350.0,23050.75,0.65,0.7,0.65,0.7,90525,1742450820
2025-03-20 11:38:00,CE,ATM+6,27.988625,5809875,23350.0,23054.5,0.7,0.75,0.65,0.75,334125,1742450880
2025-03-20 11:39:00,CE,ATM+6,28.288287,5820375,23350.0,23051.6,0.75,0.75,0.7,0.75,149700,1742450940
2025-03-20 11:40:00,CE,ATM+6,28.003318,5820375,23350.0,23052.5,0.75,0.75,0.7,0.7,80700,1742451000
2025-03-20 11:41:00,CE,ATM+6,28.399871,5820375,23350.0,23051.75,0.75,0.75,0.7,0.75,171225,1742451060
2025-03-20 11:42:00,CE,ATM+6,28.064896,5777775,23350.0,23053.25,0.75,0.75,0.7,0.7,239400,1742451120
2025-03-20 11:43:00,CE,ATM+6,28.621095,5777775,23350.0,23053.75,0.75,0.8,0.7,0.8,153000,1742451180
2025-03-20 11:44:00,CE,ATM+6,28.619758,5777775,23350.0,23057.5,0.8,0.85,0.75,0.85,293475,1742451240
2025-03-20 11:45:00,CE,ATM+6,28.319789,5757375,23350.0,23058.85,0.8,0.85,0.8,0.8,160125,1742451300
2025-03-20 11:46:00,CE,ATM+6,28.79043,5757375,23350.0,23057.0,0.85,0.85,0.8,0.85,252750,1742451360
2025-03-20 11:47:00,CE,ATM+6,28.700787,5757375,23350.0,23055.85,0.8,0.85,0.75,0.8,213600,1742451420
2025-03-20 11:48:00,CE,ATM+6,28.094211,5865900,23350.0,23060.7,0.8,0.8,0.7,0.75,122625,1742451480
2025-03-20 11:49:00,CE,ATM+6,28.055703,5865900,23350.0,23055.2,0.75,0.75,0.65,0.65,220725,1742451540
2025-03-20 11:50:00,CE,ATM+6,28.492884,5865900,23350.0,23057.5,0.7,0.75,0.65,0.75,662250,1742451600
2025-03-20 11:51:00,CE,ATM+6,28.342192,5956125,23350.0,23060.05,0.7,0.75,0.7,0.75,75750,1742451660
2025-03-20 11:52:00,CE,ATM+6,28.258786,5956125,23350.0,23061.8,0.7,0.75,0.65,0.75,644625,1742451720
2025-03-20 11:53:00,CE,ATM+6,28.754608,5956125,23350.0,23053.45,0.7,0.75,0.65,0.7,514050,1742451780
2025-03-20 11:54:00,CE,ATM+6,28.381562,5971950,23350.0,23058.65,0.7,0.7,0.65,0.7,98400,1742451840
2025-03-20 11:55:00,CE,ATM+6,27.874395,5971950,23350.0,23065.4,0.65,0.75,0.65,0.7,617550,1742451900
2025-03-20 11:56:00,CE,ATM+6,27.529576,5971950,23350.0,23066.85,0.75,0.75,0.65,0.65,230175,1742451960
2025-03-20 11:57:00,CE,ATM+6,27.81067,5858925,23350.0,23064.3,0.7,0.7,0.65,0.65,133500,1742452020
2025-03-20 11:58:00,CE,ATM+6,27.999234,5858925,23350.0,23066.25,0.65,0.75,0.65,0.7,595275,1742452080
2025-03-20 11:59:00,CE,ATM+6,28.331968,5858925,23350.0,23063.15,0.75,0.75,0.7,0.7,296175,1742452140
2025-03-20 12:00:00,CE,ATM+6,28.552442,5492700,23350.0,23064.6,0.75,0.75,0.7,0.75,63075,1742452200
2025-03-20 12:01:00,CE,ATM+6,27.997741,5492700,23350.0,23068.6,0.7,0.75,0.7,0.7,70275,1742452260
2025-03-20 12:02:00,CE,ATM+6,28.367671,5492700,23350.0,23068.3,0.75,0.8,0.7,0.75,289725,1742452320
2025-03-20 12:03:00,CE,ATM+6,27.803475,5464125,23350.0,23072.4,0.7,0.8,0.7,0.7,215250,1742452380
2025-03-20 12:04:00,CE,ATM+6,28.162865,5464125,23350.0,23069.05,0.7,0.7,0.65,0.7,434325,1742452440
2025-03-20 12:05:00,CE,ATM+6,28.21722,5464125,23350.0,23065.85,0.7,0.75,0.65,0.65,285525,1742452500
2025-03-20 12:06:00,CE,ATM+6,28.388753,5434125,23350.0,23068.05,0.7,0.75,0.65,0.7,647250,1742452560
2025-03-20 12:07:00,CE,ATM+6,28.109013,5434125,23350.0,23068.7,0.7,0.7,0.65,0.65,54675,1742452620
2025-03-20 12:08:00,CE,ATM+6,28.039418,5434125,23350.0,23070.3,0.65,0.7,0.65,0.65,28875,1742452680
2025-03-20 12:09:00,CE,ATM+6,28.209961,5399925,23350.0,23069.15,0.7,0.7,0.6,0.65,484800,1742452740
2025-03-20 12:10:00,CE,ATM+6,28.243825,5399925,23350.0,23066.0,0.65,0.65,0.6,0.6,91200,1742452800
2025-03-20 12:11:00,CE,ATM+6,28.088858,5399925,23350.0,23068.6,0.65,0.65,0.6,0.6,57150,1742452860
2025-03-20 12:12:00,CE,ATM+6,27.738926,5395275,23350.0,23069.65,0.6,0.65,0.55,0.55,341850,1742452920
2025-03-20 12:13:00,CE,ATM+6,27.631788,5395275,23350.0,23071.7,0.55,0.6,0.5,0.55,236100,1742452980
2025-03-20 12:14:00,CE,ATM+6,27.957475,5395275,23350.0,23072.55,0.55,0.6,0.55,0.6,446250,1742453040
2025-03-20 12:15:00,CE,ATM+6,27.621211,5528475,23350.0,23073.45,0.6,0.6,0.55,0.55,55950,1742453100
2025-03-20 12:16:00,CE,ATM+6,27.894454,5528475,23350.0,23074.9,0.55,0.6,0.55,0.6,366900,1742453160
2025-03-20 12:17:00,CE,ATM+6,27.317632,5528475,23350.0,23074.55,0.6,0.6,0.5,0.5,152550,1742453220
2025-03-20 12:18:00,CE,ATM+6,30.410526,8523450,23400.0,23078.8,0.4,0.45,0.4,0.4,69675,1742453280
2025-03-20 12:19:00,CE,ATM+6,30.347446,8523450,23400.0,23080.5,0.45,0.45,0.4,0.4,144675,1742453340
2025-03-20 12:20:00,CE,ATM+6,30.58775,8523450,23400.0,23078.6,0.45,0.45,0.4,0.4,79500,1742453400
2025-03-20 12:21:00,CE,ATM+6,31.315838,8490150,23400.0,23076.35,0.4,0.45,0.4,0.45,73800,1742453460
2025-03-20 12:22:00,CE,ATM+6,30.437268,8490150,23400.0,23076.4,0.4,0.45,0.35,0.35,1036950,1742453520
2025-03-20 12:23:00,CE,ATM+6,27.334247,5672325,23350.0,23075.0,0.5,0.5,0.4,0.45,284250,1742453580
2025-03-20 12:24:00,CE,ATM+6,30.693643,8402325,23400.0,23075.3,0.35,0.4,0.35,0.35,26475,1742453640
2025-03-20 12:25:00,CE,ATM+6,27.578934,5588850,23350.0,23073.9,0.5,0.5,0.45,0.45,411375,1742453700
2025-03-20 12:26:00,CE,ATM+6,27.715758,5588850,23350.0,23073.2,0.45,0.5,0.45,0.45,223725,1742453760
2025-03-20 12:27:00,CE,ATM+6,30.96658,8391675,23400.0,23075.05,0.4,0.4,0.35,0.35,51375,1742453820
2025-03-20 12:28:00,CE,ATM+6,30.699172,8391675,23400.0,23079.2,0.35,0.4,0.35,0.35,47850,1742453880
2025-03-20 12:29:00,CE,ATM+6,31.186891,8391675,23400.0,23080.4,0.35,0.4,0.35,0.4,71250,1742453940
2025-03-20 12:30:00,CE,ATM+6,30.609148,8391675,23400.0,23082.25,0.4,0.4,0.35,0.35,61425,1742454000
2025-03-20 12:31:00,CE,ATM+6,32.169359,8357550,23400.0,23076.5,0.35,0.45,0.35,0.45,798900,1742454060
2025-03-20 12:32:00,CE,ATM+6,31.292983,8357550,23400.0,23076.3,0.4,0.4,0.35,0.35,234750,1742454120
2025-03-20 12:33:00,CE,ATM+6,28.953131,5585400,23350.0,23073.95,0.5,0.55,0.5,0.55,85425,1742454180
2025-03-20 12:34:00,CE,ATM+6,31.172852,8463675,23400.0,23079.75,0.4,0.4,0.35,0.35,41550,1742454240
2025-03-20 12:35:00,CE,ATM+6,31.363271,8463675,23400.0,23084.45,0.35,0.4,0.35,0.4,79650,1742454300
2025-03-20 12:36:00,CE,ATM+6,30.986813,8463675,23400.0,23083.95,0.4,0.45,0.35,0.35,630525,1742454360
2025-03-20 12:37:00,CE,ATM+6,31.810104,8407875,23400.0,23081.45,0.35,0.4,0.35,0.4,105300,1742454420
2025-03-20 12:38:00,CE,ATM+6,31.075254,8407875,23400.0,23085.0,0.35,0.4,0.35,0.35,151875,1742454480
2025-03-20 12:39:00,CE,ATM+6,30.836805,8407875,23400.0,23088.75,0.35,0.4,0.35,0.35,234075,1742454540
2025-03-20 12:40:00,CE,ATM+6,31.738307,8569200,23400.0,23085.4,0.4,0.4,0.35,0.4,84150,1742454600
2025-03-20 12:41:00,CE,ATM+6,31.377511,8569200,23400.0,23084.7,0.35,0.4,0.35,0.35,26250,1742454660
2025-03-20 12:42:00,CE,ATM+6,31.129807,8569200,23400.0,23088.55,0.35,0.4,0.35,0.35,58425,1742454720
2025-03-20 12:43:00,CE,ATM+6,31.365576,8594775,23400.0,23086.95,0.35,0.4,0.35,0.35,122175,1742454780
2025-03-20 12:44:00,CE,ATM+6,31.369382,8594775,23400.0,23093.7,0.35,0.45,0.35,0.4,1794825,1742454840
2025-03-20 12:45:00,CE,ATM+6,31.718869,8594775,23400.0,23090.9,0.45,0.45,0.4,0.4,241050,1742454900
2025-03-20 12:46:00,CE,ATM+6,32.483995,8660550,23400.0,23093.55,0.4,0.5,0.4,0.5,1510425,1742454960
2025-03-20 12:47:00,CE,ATM+6,31.691941,8660550,23400.0,23098.45,0.45,0.5,0.4,0.45,797700,1742455020
2025-03-20 12:48:00,CE,ATM+6,31.28353,8660550,23400.0,23103.9,0.45,0.55,0.4,0.45,1308600,1742455080
2025-03-20 12:49:00,CE,ATM+6,31.64206,8632125,23400.0,23101.1,0.45,0.5,0.4,0.45,650850,1742455140
2025-03-20 12:50:00,CE,ATM+6,31.80755,8632125,23400.0,23105.0,0.4,0.5,0.4,0.5,479700,1742455200
2025-03-20 12:51:00,CE,ATM+6,31.216868,8632125,23400.0,23107.75,0.5,0.5,0.45,0.45,723975,1742455260
2025-03-20 12:52:00,CE,ATM+6,31.381904,8618175,23400.0,23107.05,0.45,0.5,0.45,0.45,223425,1742455320
2025-03-20 12:53:00,CE,ATM+6,31.786303,8618175,23400.0,23108.4,0.45,0.5,0.4,0.5,723675,1742455380
2025-03-20 12:54:00,CE,ATM+6,31.483634,8618175,23400.0,23108.1,0.45,0.5,0.4,0.45,676500,1742455440
2025-03-20 12:55:00,CE,ATM+6,31.111247,8536800,23400.0,23108.15,0.5,0.5,0.4,0.4,386475,1742455500
2025-03-20 12:56:00,CE,ATM+6,31.516285,8536800,23400.0,23109.9,0.45,0.5,0.4,0.45,786375,1742455560
2025-03-20 12:57:00,CE,ATM+6,31.413334,8536800,23400.0,23112.05,0.45,0.5,0.45,0.45,363675,1742455620
2025-03-20 12:58:00,CE,ATM+6,31.603535,8603250,23400.0,23111.15,0.5,0.5,0.4,0.45,264225,1742455680
2025-03-20 12:59:00,CE,ATM+6,31.433163,8603250,23400.0,23114.0,0.45,0.45,0.4,0.45,92175,1742455740
2025-03-20 13:00:00,CE,ATM+6,31.771031,8603250,23400.0,23106.65,0.45,0.45,0.4,0.4,86325,1742455800
2025-03-20 13:01:00,CE,ATM+6,32.026522,8530875,23400.0,23105.1,0.45,0.45,0.4,0.4,548325,1742455860
2025-03-20 13:02:00,CE,ATM+6,32.721098,8530875,23400.0,23104.05,0.45,0.45,0.4,0.45,235650,1742455920
2025-03-20 13:03:00,CE,ATM+6,33.369217,8530875,23400.0,23098.55,0.4,0.45,0.4,0.45,72900,1742455980
2025-03-20 13:04:00,CE,ATM+6,32.790712,8603475,23400.0,23100.6,0.45,0.45,0.4,0.4,110775,1742456040
2025-03-20 13:05:00,CE,ATM+6,32.695272,8603475,23400.0,23102.75,0.45,0.45,0.4,0.4,125700,1742456100
2025-03-20 13:06:00,CE,ATM+6,33.001491,8603475,23400.0,23105.8,0.45,0.45,0.4,0.45,151050,1742456160
2025-03-20 13:07:00,CE,ATM+6,32.419946,8598975,23400.0,23107.9,0.45,0.45,0.4,0.4,106050,1742456220
2025-03-20 13:08:00,CE,ATM+6,32.552401,8598975,23400.0,23112.65,0.4,0.45,0.4,0.45,260175,1742456280
2025-03-20 13:09:00,CE,ATM+6,32.121812,8598975,23400.0,23113.25,0.4,0.45,0.4,0.4,180075,1742456340
2025-03-20 13:10:00,CE,ATM+6,35.886906,3344025,23450.0,23125.45,0.35,0.4,0.3,0.4,479850,1742456400
2025-03-20 13:11:00,CE,ATM+6,35.750839,3344025,23450.0,23128.15,0.35,0.45,0.35,0.4,899925,1742456460
2025-03-20 13:12:00,CE,ATM+6,35.677782,3355950,23450.0,23135.5,0.4,0.5,0.4,0.45,949350,1742456520
2025-03-20 13:13:00,CE,ATM+6,36.091463,3355950,23450.0,23137.5,0.4,0.5,0.4,0.5,465075,1742456580
2025-03-20 13:14:00,CE,ATM+6,36.496661,3355950,23450.0,23143.35,0.5,0.6,0.45,0.6,1917825,1742456640
2025-03-20 13:15:00,CE,ATM+6,36.974149,3231600,23450.0,23135.95,0.6,0.7,0.55,0.55,1038675,1742456700
2025-03-20 13:16:00,CE,ATM+6,37.924707,3231600,23450.0,23136.2,0.55,0.65,0.55,0.65,603525,1742456760
2025-03-20 13:17:00,CE,ATM+6,38.231473,3231600,23450.0,23134.65,0.6,0.7,0.6,0.65,639375,1742456820
2025-03-20 13:18:00,CE,ATM+6,37.499291,3231600,23450.0,23142.9,0.65,0.7,0.6,0.65,348075,1742456880
2025-03-20 13:19:00,CE,ATM+6,37.923456,3219225,23450.0,23156.3,0.65,0.9,0.65,0.9,2552625,1742456940
2025-03-20 13:20:00,CE,ATM+6,37.272532,3219225,23450.0,23154.55,0.9,0.9,0.75,0.75,943800,1742457000
2025-03-20 13:21:00,CE,ATM+6,37.68786,3219225,23450.0,23158.2,0.75,0.85,0.7,0.85,638250,1742457060
2025-03-20 13:22:00,CE,ATM+6,37.211882,3446550,23450.0,23166.55,0.85,1.0,0.8,0.9,1282875,1742457120
2025-03-20 13:23:00,CE,ATM+6,39.254422,3446550,23450.0,23174.75,0.85,1.5,0.85,1.45,3440775,1742457180
2025-03-20 13:24:00,CE,ATM+6,39.703144,3446550,23450.0,23164.35,1.55,1.55,1.2,1.25,2218200,1742457240
2025-03-20 13:25:00,CE,ATM+6,39.695859,3915375,23450.0,23161.35,1.3,1.4,1.15,1.15,1164600,1742457300
2025-03-20 13:26:00,CE,ATM+6,38.095945,3915375,23450.0,23161.25,1.1,1.2,0.85,0.85,1530975,1742457360
2025-03-20 13:27:00,CE,ATM+6,39.066742,3915375,23450.0,23156.95,0.8,1.05,0.8,0.9,1229250,1742457420
2025-03-20 13:28:00,CE,ATM+6,38.377519,4057950,23450.0,23155.45,0.9,0.9,0.7,0.75,968850,1742457480
2025-03-20 13:29:00,CE,ATM+6,38.572585,4057950,23450.0,23161.2,0.75,0.85,0.75,0.85,371550,1742457540
2025-03-20 13:30:00,CE,ATM+6,37.641754,4057950,23450.0,23167.75,0.85,0.85,0.65,0.8,1035525,1742457600
2025-03-20 13:31:00,CE,ATM+6,38.054262,4199550,23450.0,23165.55,0.9,0.9,0.8,0.8,695475,1742457660
2025-03-20 13:32:00,CE,ATM+6,37.472524,4199550,23450.0,23165.75,0.85,0.85,0.6,0.7,710025,1742457720
2025-03-20 13:33:00,CE,ATM+6,37.406105,4199550,23450.0,23170.9,0.65,0.75,0.65,0.75,447300,1742457780
2025-03-20 13:34:00,CE,ATM+6,37.776877,4261575,23450.0,23169.1,0.75,0.75,0.65,0.75,440625,1742457840
2025-03-20 13:35:00,CE,ATM+6,37.606333,4261575,23450.0,23168.8,0.75,0.75,0.7,0.7,152400,1742457900
2025-03-20 13:36:00,CE,ATM+6,41.105865,11219100,23500.0,23177.5,0.45,0.6,0.45,0.55,1593975,1742457960
2025-03-20 13:37:00,CE,ATM+6,40.961989,11244600,23500.0,23180.4,0.55,0.6,0.5,0.55,824700,1742458020
2025-03-20 13:38:00,CE,ATM+6,40.844959,11244600,23500.0,23178.55,0.55,0.6,0.5,0.5,721275,1742458080
2025-03-20 13:39:00,CE,ATM+6,40.4094,11244600,23500.0,23179.2,0.5,0.55,0.45,0.45,1013025,1742458140
2025-03-20 13:40:00,CE,ATM+6,41.176123,11346150,23500.0,23178.9,0.5,0.5,0.45,0.5,370875,1742458200
2025-03-20 13:41:00,CE,ATM+6,37.203291,4481175,23450.0,23174.0,0.7,0.7,0.6,0.6,523050,1742458260
2025-03-20 13:42:00,CE,ATM+6,40.436573,11346150,23500.0,23178.6,0.4,0.45,0.4,0.4,203250,1742458320
2025-03-20 13:43:00,CE,ATM+6,41.335116,11403150,23500.0,23177.65,0.4,0.45,0.4,0.45,191625,1742458380
2025-03-20 13:44:00,CE,ATM+6,41.524453,11403150,23500.0,23177.7,0.4,0.45,0.4,0.45,99150,1742458440
2025-03-20 13:45:00,CE,ATM+6,40.738246,11403150,23500.0,23175.1,0.45,0.45,0.35,0.35,293925,1742458500
2025-03-20 13:46:00,CE,ATM+6,42.03181,11343225,23500.0,23176.75,0.35,0.45,0.35,0.45,416850,1742458560
2025-03-20 13:47:00,CE,ATM+6,37.552388,4408800,23450.0,23172.25,0.55,0.55,0.5,0.5,192000,1742458620
2025-03-20 13:48:00,CE,ATM+6,37.712764,4408800,23450.0,23172.45,0.5,0.55,0.5,0.5,133800,1742458680
2025-03-20 13:49:00,CE,ATM+6,41.385833,11416350,23500.0,23176.45,0.35,0.4,0.35,0.35,140775,1742458740
2025-03-20 13:50:00,CE,ATM+6,41.427255,11416350,23500.0,23177.9,0.4,0.4,0.35,0.35,102825,1742458800
2025-03-20 13:51:00,CE,ATM+6,42.512208,11416350,23500.0,23181.6,0.4,0.45,0.4,0.45,490350,1742458860
2025-03-20 13:52:00,CE,ATM+6,42.557496,11376375,23500.0,23183.05,0.45,0.45,0.4,0.45,343500,1742458920
2025-03-20 13:53:00,CE,ATM+6,42.372165,11376375,23500.0,23186.45,0.45,0.5,0.4,0.45,866250,1742458980
2025-03-20 13:54:00,CE,ATM+6,42.210447,11376375,23500.0,23184.4,0.4,0.45,0.35,0.4,316950,1742459040
2025-03-20 13:55:00,CE,ATM+6,42.919184,11438925,23500.0,23185.6,0.35,0.45,0.35,0.45,377550,1742459100
2025-03-20 13:56:00,CE,ATM+6,42.849316,11438925,23500.0,23182.8,0.45,0.45,0.35,0.4,324150,1742459160
2025-03-20 13:57:00,CE,ATM+6,42.701211,11438925,23500.0,23185.95,0.4,0.45,0.4,0.4,77550,1742459220
2025-03-20 13:58:00,CE,ATM+6,42.801335,11427150,23500.0,23192.25,0.45,0.45,0.4,0.45,442275,1742459280
2025-03-20 13:59:00,CE,ATM+6,42.688843,11427150,23500.0,23189.9,0.45,0.45,0.4,0.4,135750,1742459340
2025-03-20 14:00:00,CE,ATM+6,43.553878,11427150,23500.0,23190.0,0.45,0.45,0.4,0.45,128475,1742459400
2025-03-20 14:01:00,CE,ATM+6,41.850998,11409450,23500.0,23194.95,0.45,0.45,0.35,0.35,582675,1742459460
2025-03-20 14:02:00,CE,ATM+6,43.439814,11409450,23500.0,23194.85,0.4,0.45,0.35,0.45,1089150,1742459520
2025-03-20 14:03:00,CE,ATM+6,42.746231,11409450,23500.0,23197.25,0.45,0.5,0.4,0.4,201150,1742459580
2025-03-20 14:04:00,CE,ATM+6,43.270837,11117925,23500.0,23200.15,0.45,0.5,0.4,0.45,405300,1742459640
2025-03-20 14:05:00,CE,ATM+6,43.901718,11117925,23500.0,23197.2,0.45,0.5,0.45,0.45,284625,1742459700
2025-03-20 14:06:00,CE,ATM+6,42.48039,11117925,23500.0,23199.75,0.4,0.45,0.35,0.35,245325,1742459760
2025-03-20 14:07:00,CE,ATM+6,42.099195,11276100,23500.0,23204.8,0.35,0.4,0.35,0.35,182700,1742459820
2025-03-20 14:08:00,CE,ATM+6,43.427334,11276100,23500.0,23196.35,0.35,0.4,0.3,0.35,625425,1742459880
2025-03-20 14:09:00,CE,ATM+6,44.109455,11276100,23500.0,23186.65,0.3,0.35,0.25,0.3,930600,1742459940
2025-03-20 14:10:00,CE,ATM+6,43.870275,11320350,23500.0,23183.3,0.25,0.3,0.25,0.25,324375,1742460000
2025-03-20 14:11:00,CE,ATM+6,44.995092,11320350,23500.0,23184.05,0.3,0.35,0.25,0.3,977475,1742460060
2025-03-20 14:12:00,CE,ATM+6,44.855653,11320350,23500.0,23187.4,0.35,0.35,0.3,0.3,134325,1742460120
2025-03-20 14:13:00,CE,ATM+6,45.307145,11178450,23500.0,23186.15,0.3,0.3,0.25,0.3,226875,1742460180
2025-03-20 14:14:00,CE,ATM+6,45.126497,11178450,23500.0,23182.4,0.3,0.3,0.25,0.25,121575,1742460240
2025-03-20 14:15:00,CE,ATM+6,45.036855,11178450,23500.0,23185.45,0.25,0.3,0.25,0.25,373725,1742460300
2025-03-20 14:16:00,CE,ATM+6,46.539099,11158875,23500.0,23183.7,0.3,0.3,0.25,0.3,179550,1742460360
2025-03-20 14:17:00,CE,ATM+6,43.160495,4428000,23450.0,23173.65,0.4,0.4,0.35,0.4,218175,1742460420
2025-03-20 14:18:00,CE,ATM+6,47.911846,11158875,23500.0,23178.2,0.3,0.35,0.25,0.3,547200,1742460480
2025-03-20 14:19:00,CE,ATM+6,46.757034,11154150,23500.0,23181.9,0.25,0.3,0.25,0.25,213150,1742460540
2025-03-20 14:20:00,CE,ATM+6,47.368167,11154150,23500.0,23179.8,0.25,0.3,0.25,0.25,166950,1742460600
2025-03-20 14:21:00,CE,ATM+6,47.438799,11154150,23500.0,23189.3,0.3,0.3,0.25,0.3,90075,1742460660
2025-03-20 14:22:00,CE,ATM+6,47.424295,11148975,23500.0,23191.95,0.25,0.3,0.25,0.3,172050,1742460720
2025-03-20 14:23:00,CE,ATM+6,47.90161,11148975,23500.0,23191.05,0.25,0.3,0.25,0.3,114075,1742460780
2025-03-20 14:24:00,CE,ATM+6,47.137284,11148975,23500.0,23199.15,0.3,0.3,0.25,0.3,133425,1742460840
2025-03-20 14:25:00,CE,ATM+6,46.683622,11083650,23500.0,23197.8,0.25,0.3,0.25,0.25,81750,1742460900
2025-03-20 14:26:00,CE,ATM+6,46.380289,11083650,23500.0,23202.6,0.25,0.3,0.25,0.25,109350,1742460960
2025-03-20 14:27:00,CE,ATM+6,46.892949,11083650,23500.0,23208.65,0.3,0.35,0.25,0.3,1294200,1742461020
2025-03-20 14:28:00,CE,ATM+6,47.126195,11127000,23500.0,23209.65,0.3,0.35,0.25,0.3,363450,1742461080
2025-03-20 14:29:00,CE,ATM+6,47.467969,11127000,23500.0,23209.95,0.3,0.3,0.25,0.3,127425,1742461140
2025-03-20 14:30:00,CE,ATM+6,46.688512,11127000,23500.0,23211.05,0.3,0.3,0.25,0.25,203475,1742461200
2025-03-20 14:31:00,CE,ATM+6,46.85076,11147175,23500.0,23212.65,0.3,0.3,0.25,0.25,287325,1742461260
2025-03-20 14:32:00,CE,ATM+6,47.700252,11147175,23500.0,23209.6,0.25,0.3,0.25,0.25,117000,1742461320
2025-03-20 14:33:00,CE,ATM+6,48.867454,11147175,23500.0,23211.55,0.25,0.3,0.25,0.3,114075,1742461380
2025-03-20 14:34:00,CE,ATM+6,48.99151,11162700,23500.0,23213.6,0.3,0.3,0.25,0.3,106800,1742461440
2025-03-20 14:35:00,CE,ATM+6,50.720322,11162700,23500.0,23205.2,0.3,0.3,0.25,0.3,141900,1742461500
2025-03-20 14:36:00,CE,ATM+6,49.574052,11162700,23500.0,23200.35,0.3,0.3,0.2,0.2,303600,1742461560
2025-03-20 14:37:00,CE,ATM+6,50.683493,11157750,23500.0,23204.5,0.25,0.25,0.2,0.25,301725,1742461620
2025-03-20 14:38:00,CE,ATM+6,50.381174,11157750,23500.0,23209.6,0.2,0.25,0.2,0.25,97500,1742461680
2025-03-20 14:39:00,CE,ATM+6,50.081806,11157750,23500.0,23206.45,0.2,0.25,0.2,0.2,211500,1742461740
2025-03-20 14:40:00,CE,ATM+6,52.89202,11132475,23500.0,23200.0,0.2,0.25,0.2,0.25,304425,1742461800
2025-03-20 14:41:00,CE,ATM+6,51.913007,11132475,23500.0,23201.2,0.2,0.25,0.2,0.2,187725,1742461860
2025-03-20 14:42:00,CE,ATM+6,52.860583,11132475,23500.0,23198.6,0.25,0.25,0.2,0.2,235800,1742461920
2025-03-20 14:43:00,CE,ATM+6,55.01008,11101950,23500.0,23197.2,0.2,0.25,0.2,0.25,272025,1742461980
2025-03-20 14:44:00,CE,ATM+6,55.965875,11101950,23500.0,23195.0,0.25,0.25,0.2,0.25,293250,1742462040
2025-03-20 14:45:00,CE,ATM+6,54.742393,11101950,23500.0,23197.7,0.25,0.25,0.2,0.2,273600,1742462100
2025-03-20 14:46:00,CE,ATM+6,55.008656,10703550,23500.0,23199.85,0.2,0.25,0.2,0.2,530250,1742462160
2025-03-20 14:47:00,CE,ATM+6,56.575211,10703550,23500.0,23194.25,0.2,0.25,0.2,0.2,295425,1742462220
2025-03-20 14:48:00,CE,ATM+6,58.496208,10703550,23500.0,23195.45,0.25,0.25,0.2,0.25,113550,1742462280
2025-03-20 14:49:00,CE,ATM+6,58.763569,10739250,23500.0,23198.0,0.25,0.25,0.2,0.25,207450,1742462340
2025-03-20 14:50:00,CE,ATM+6,60.023779,10739250,23500.0,23202.2,0.25,0.3,0.2,0.3,506325,1742462400
2025-03-20 14:51:00,CE,ATM+6,59.30024,10739250,23500.0,23203.35,0.25,0.3,0.25,0.25,115200,1742462460
2025-03-20 14:52:00,CE,ATM+6,60.279708,10733700,23500.0,23209.3,0.25,0.3,0.25,0.3,178800,1742462520
2025-03-20 14:53:00,CE,ATM+6,61.238999,10733700,23500.0,23208.5,0.3,0.3,0.25,0.3,430500,1742462580
2025-03-20 14:54:00,CE,ATM+6,61.848093,10733700,23500.0,23209.75,0.3,0.3,0.25,0.3,145125,1742462640
2025-03-20 14:55:00,CE,ATM+6,62.687913,10988400,23500.0,23209.95,0.25,0.3,0.25,0.3,199200,1742462700
2025-03-20 14:56:00,CE,ATM+6,61.69,10988400,23500.0,23212.9,0.3,0.3,0.25,0.25,226500,1742462760
2025-03-20 14:57:00,CE,ATM+6,63.395192,10988400,23500.0,23208.9,0.3,0.3,0.2,0.25,351600,1742462820
2025-03-20 14:58:00,CE,ATM+6,62.391988,10970850,23500.0,23210.85,0.25,0.25,0.2,0.2,310725,1742462880
2025-03-20 14:59:00,CE,ATM+6,64.528495,10970850,23500.0,23205.05,0.25,0.25,0.15,0.2,669375,1742462940
2025-03-20 15:00:00,CE,ATM+6,63.734643,10970850,23500.0,23204.25,0.2,0.2,0.15,0.15,235800,1742463000
2025-03-20 15:01:00,CE,ATM+6,65.97928,10869225,23500.0,23198.4,0.2,0.2,0.15,0.15,340425,1742463060
2025-03-20 15:02:00,CE,ATM+6,65.146412,10869225,23500.0,23194.65,0.15,0.2,0.1,0.1,915300,1742463120
2025-03-20 15:03:00,CE,ATM+6,69.167518,10869225,23500.0,23194.55,0.1,0.15,0.1,0.15,432600,1742463180
2025-03-20 15:04:00,CE,ATM+6,68.039529,10589475,23500.0,23192.5,0.1,0.15,0.1,0.1,388125,1742463240
2025-03-20 15:05:00,CE,ATM+6,71.73424,10589475,23500.0,23195.25,0.1,0.15,0.1,0.15,212250,1742463300
2025-03-20 15:06:00,CE,ATM+6,72.369424,10589475,23500.0,23199.15,0.15,0.15,0.1,0.15,141750,1742463360
2025-03-20 15:07:00,CE,ATM+6,71.103813,10553250,23500.0,23198.3,0.1,0.15,0.1,0.1,288225,1742463420
2025-03-20 15:08:00,CE,ATM+6,73.675845,10553250,23500.0,23193.85,0.1,0.15,0.1,0.1,203175,1742463480
2025-03-20 15:09:00,CE,ATM+6,74.314146,10553250,23500.0,23198.75,0.1,0.15,0.1,0.1,131250,1742463540
2025-03-20 15:10:00,CE,ATM+6,77.651786,10404600,23500.0,23192.2,0.1,0.15,0.1,0.1,267075,1742463600
2025-03-20 15:11:00,CE,ATM+6,80.104832,10404600,23500.0,23190.35,0.15,0.15,0.05,0.1,943650,1742463660
2025-03-20 15:12:00,CE,ATM+6,82.228536,10404600,23500.0,23190.65,0.05,0.1,0.05,0.1,558000,1742463720
2025-03-20 15:13:00,CE,ATM+6,80.334329,9714825,23500.0,23186.2,0.05,0.1,0.05,0.05,279450,1742463780
2025-03-20 15:14:00,CE,ATM+6,83.376949,9714825,23500.0,23183.85,0.05,0.1,0.05,0.05,348000,1742463840
2025-03-20 15:15:00,CE,ATM+6,85.674735,9714825,23500.0,23185.6,0.05,0.1,0.05,0.05,324300,1742463900
2025-03-20 15:16:00,CE,ATM+6,0.0,9610575,23500.0,23182.35,0.05,0.1,0.05,0.1,256125,1742463960
2025-03-20 15:17:00,CE,ATM+6,0.0,9610575,23500.0,23183.25,0.05,0.1,0.05,0.05,314850,1742464020
2025-03-20 15:18:00,CE,ATM+6,0.0,9610575,23500.0,23184.15,0.05,0.1,0.05,0.05,422175,1742464080
2025-03-20 15:19:00,CE,ATM+6,0.0,9304575,23500.0,23188.15,0.05,0.1,0.05,0.05,1090425,1742464140
2025-03-20 15:20:00,CE,ATM+6,0.0,9304575,23500.0,23185.9,0.05,0.1,0.05,0.05,344025,1742464200
2025-03-20 15:21:00,CE,ATM+6,0.0,9304575,23500.0,23185.55,0.05,0.1,0.05,0.05,842550,1742464260
2025-03-20 15:22:00,CE,ATM+6,0.0,8310450,23500.0,23185.55,0.05,0.05,0.05,0.05,178350,1742464320
2025-03-20 15:23:00,CE,ATM+6,0.0,8310450,23500.0,23185.9,0.05,0.05,0.05,0.05,230850,1742464380
2025-03-20 15:24:00,CE,ATM+6,0.0,8310450,23500.0,23183.4,0.05,0.05,0.05,0.05,251250,1742464440
2025-03-20 15:25:00,CE,ATM+6,0.0,7663800,23500.0,23186.55,0.05,0.05,0.05,0.05,184875,1742464500
2025-03-20 15:26:00,CE,ATM+6,0.0,7663800,23500.0,23182.3,0.05,0.05,0.05,0.05,26325,1742464560
2025-03-20 15:27:00,CE,ATM+6,0.0,7663800,23500.0,23177.75,0.05,0.05,0.05,0.05,50625,1742464620
2025-03-20 15:28:00,CE,ATM+6,0.0,2533950,23450.0,23172.45,0.05,0.05,0.05,0.05,511950,1742464680
2025-03-20 15:29:00,CE,ATM+6,0.0,2533950,23450.0,23165.7,0.05,0.05,0.05,0.05,98775,1742464740
2025-03-21 09:15:00,CE,ATM+6,10.316384,1063575,23450.0,23156.2,40.0,44.95,31.65,37.4,495675,1742528700
2025-03-21 09:16:00,CE,ATM+6,10.547164,1063575,23450.0,23169.25,37.95,42.95,37.95,42.35,533550,1742528760
2025-03-21 09:17:00,CE,ATM+6,10.575127,1063575,23450.0,23172.7,42.8,44.45,42.25,43.4,381600,1742528820
2025-03-21 09:18:00,CE,ATM+6,10.305849,8715300,23500.0,23187.8,32.2,33.85,31.1,33.75,922050,1742528880
2025-03-21 09:19:00,CE,ATM+6,10.206281,8715300,23500.0,23197.85,33.1,36.1,33.1,34.9,1030875,1742528940
2025-03-21 09:20:00,CE,ATM+6,10.269723,8715300,23500.0,23187.1,33.4,36.15,33.25,33.3,834075,1742529000
2025-03-21 09:21:00,CE,ATM+6,10.220366,9118650,23500.0,23176.3,33.05,33.3,30.5,30.85,922500,1742529060
2025-03-21 09:22:00,CE,ATM+6,10.222141,1586775,23450.0,23169.7,40.0,40.25,37.5,39.45,331425,1742529120
2025-03-21 09:23:00,CE,ATM+6,10.358476,1586775,23450.0,23158.2,39.25,40.35,38.0,38.15,143100,1742529180
2025-03-21 09:24:00,CE,ATM+6,10.185429,1710750,23450.0,23162.8,38.15,39.35,37.6,37.6,142125,1742529240
2025-03-21 09:25:00,CE,ATM+6,10.249311,1710750,23450.0,23173.8,37.75,40.6,36.65,40.6,322800,1742529300
2025-03-21 09:26:00,CE,ATM+6,10.19552,9438600,23500.0,23179.7,30.6,31.45,29.55,31.25,533250,1742529360
2025-03-21 09:27:00,CE,ATM+6,10.207913,9741075,23500.0,23176.75,30.8,31.2,29.7,30.8,504900,1742529420
2025-03-21 09:28:00,CE,ATM+6,10.149209,9741075,23500.0,23176.35,30.6,30.7,29.5,30.25,323850,1742529480
2025-03-21 09:29:00,CE,ATM+6,9.996925,9741075,23500.0,23194.45,30.85,33.7,30.6,32.4,1028175,1742529540
2025-03-21 09:30:00,CE,ATM+6,9.991461,9966825,23500.0,23189.5,31.5,31.75,30.0,31.4,706425,1742529600
2025-03-21 09:31:00,CE,ATM+6,10.042453,9966825,23500.0,23194.35,31.2,32.75,30.5,32.75,470325,1742529660
2025-03-21 09:32:00,CE,ATM+6,9.945032,9966825,23500.0,23212.35,33.1,37.65,32.75,35.55,1716600,1742529720
2025-03-21 09:33:00,CE,ATM+6,10.01357,9924375,23500.0,23210.95,36.5,36.6,34.4,35.85,707925,1742529780
2025-03-21 09:34:00,CE,ATM+6,9.836903,1754475,23550.0,23225.6,27.5,28.9,26.95,27.8,320025,1742529840
2025-03-21 09:35:00,CE,ATM+6,9.82884,1754475,23550.0,23226.85,28.05,28.05,26.7,27.95,240075,1742529900
2025-03-21 09:36:00,CE,ATM+6,9.898018,1825050,23550.0,23231.95,28.6,29.4,27.65,29.4,285075,1742529960
2025-03-21 09:37:00,CE,ATM+6,9.769264,1825050,23550.0,23244.65,29.25,30.8,29.25,30.7,508275,1742530020
2025-03-21 09:38:00,CE,ATM+6,9.755041,1825050,23550.0,23246.35,30.55,31.1,29.95,30.9,297900,1742530080
2025-03-21 09:39:00,CE,ATM+6,9.801511,1724325,23550.0,23247.5,31.05,32.55,30.1,31.5,329625,1742530140
2025-03-21 09:40:00,CE,ATM+6,9.883293,1724325,23550.0,23239.5,31.4,31.6,30.5,30.65,200100,1742530200
2025-03-21 09:41:00,CE,ATM+6,9.968091,1724325,23550.0,23266.1,30.6,36.7,30.6,36.7,799350,1742530260
2025-03-21 09:42:00,CE,ATM+6,9.885787,1772700,23550.0,23265.55,36.3,37.35,34.5,35.85,524625,1742530320
2025-03-21 09:43:00,CE,ATM+6,9.9644,1772700,23550.0,23268.4,35.75,37.75,35.2,37.15,326925,1742530380
2025-03-21 09:44:00,CE,ATM+6,9.832709,1772700,23550.0,23273.85,37.85,37.95,36.6,37.15,287250,1742530440
2025-03-21 09:45:00,CE,ATM+6,9.987447,1820550,23550.0,23269.35,36.85,37.55,34.95,37.55,361275,1742530500
2025-03-21 09:46:00,CE,ATM+6,10.04427,1820550,23550.0,23264.95,38.0,39.35,36.1,37.1,365700,1742530560
2025-03-21 09:47:00,CE,ATM+6,9.992845,1820550,23550.0,23261.7,36.75,37.5,35.7,35.95,198825,1742530620
2025-03-21 09:48:00,CE,ATM+6,9.99803,1884600,23550.0,23259.6,35.65,36.15,34.25,35.55,275175,1742530680
2025-03-21 09:49:00,CE,ATM+6,9.932169,1884600,23550.0,23255.1,35.85,36.35,33.75,34.05,210525,1742530740
2025-03-21 09:50:00,CE,ATM+6,10.03152,1884600,23550.0,23252.65,34.15,35.05,33.35,34.4,192975,1742530800
2025-03-21 09:51:00,CE,ATM+6,10.133473,1936800,23550.0,23252.3,35.0,35.5,33.6,35.2,147225,1742530860
2025-03-21 09:52:00,CE,ATM+6,10.056398,1936800,23550.0,23251.9,35.2,36.35,34.35,34.45,213000,1742530920
2025-03-21 09:53:00,CE,ATM+6,10.072892,1936800,23550.0,23255.15,33.65,35.25,33.65,35.25,165675,1742530980
2025-03-21 09:54:00,CE,ATM+6,9.958553,1967175,23550.0,23257.8,35.2,36.4,34.65,34.8,183075,1742531040
2025-03-21 09:55:00,CE,ATM+6,9.994539,1967175,23550.0,23259.7,34.8,36.1,34.1,35.5,168900,1742531100
2025-03-21 09:56:00,CE,ATM+6,10.023004,1967175,23550.0,23250.2,35.1,36.05,33.3,33.8,261075,1742531160
2025-03-21 09:57:00,CE,ATM+6,9.947857,2068950,23550.0,23263.85,33.65,36.3,33.55,35.95,189075,1742531220
2025-03-21 09:58:00,CE,ATM+6,9.892419,2068950,23550.0,23264.05,35.8,36.25,34.75,35.5,176100,1742531280
2025-03-21 09:59:00,CE,ATM+6,9.895472,2068950,23550.0,23263.95,35.45,35.6,34.75,35.5,86925,1742531340
2025-03-21 10:00:00,CE,ATM+6,9.891831,2111925,23550.0,23259.8,35.4,36.0,34.45,34.6,139125,1742531400
2025-03-21 10:01:00,CE,ATM+6,9.91808,2111925,23550.0,23252.05,34.9,34.9,33.2,33.25,238875,1742531460
2025-03-21 10:02:00,CE,ATM+6,9.805196,2111925,23550.0,23250.05,32.9,33.2,31.45,31.9,255900,1742531520
2025-03-21 10:03:00,CE,ATM+6,9.913705,2171550,23550.0,23242.8,32.5,33.55,31.4,31.4,189150,1742531580
2025-03-21 10:04:00,CE,ATM+6,9.889263,2171550,23550.0,23251.6,31.35,32.95,30.9,32.9,247875,1742531640
2025-03-21 10:05:00,CE,ATM+6,9.859546,2171550,23550.0,23253.65,33.35,33.5,31.75,33.05,198150,1742531700
2025-03-21 10:06:00,CE,ATM+6,9.762568,2198325,23550.0,23256.05,33.0,33.35,32.55,32.7,91800,1742531760
2025-03-21 10:07:00,CE,ATM+6,9.796188,2198325,23550.0,23255.65,32.7,33.05,32.05,32.9,84600,1742531820
2025-03-21 10:08:00,CE,ATM+6,9.724271,2198325,23550.0,23274.35,32.85,36.15,32.85,36.15,269100,1742531880
2025-03-21 10:09:00,CE,ATM+6,9.695291,2256900,23550.0,23269.95,35.85,36.1,34.95,34.95,334950,1742531940
2025-03-21 10:10:00,CE,ATM+6,9.766432,2256900,23550.0,23267.25,34.65,35.45,33.95,35.0,242100,1742532000
2025-03-21 10:11:00,CE,ATM+6,9.783263,2256900,23550.0,23263.45,35.3,35.3,33.9,34.35,119925,1742532060
2025-03-21 10:12:00,CE,ATM+6,9.634696,2304825,23550.0,23259.4,34.15,34.3,32.25,32.25,199050,1742532120
2025-03-21 10:13:00,CE,ATM+6,9.811698,2304825,23550.0,23254.15,32.35,33.3,32.1,32.7,201225,1742532180
2025-03-21 10:14:00,CE,ATM+6,9.826474,2304825,23550.0,23257.3,32.55,33.8,32.55,33.45,94350,1742532240
2025-03-21 10:15:00,CE,ATM+6,9.821089,2327925,23550.0,23253.3,33.0,33.0,31.9,32.6,225450,1742532300
2025-03-21 10:16:00,CE,ATM+6,9.820551,2327925,23550.0,23248.75,32.45,32.45,31.4,31.7,113775,1742532360
2025-03-21 10:17:00,CE,ATM+6,9.822394,2327925,23550.0,23250.5,32.25,32.5,31.65,32.05,60975,1742532420
2025-03-21 10:18:00,CE,ATM+6,9.794853,2358000,23550.0,23254.25,32.05,33.65,31.95,32.55,132900,1742532480
2025-03-21 10:19:00,CE,ATM+6,9.830321,2358000,23550.0,23259.25,32.1,33.85,32.05,33.85,82200,1742532540
2025-03-21 10:20:00,CE,ATM+6,9.764912,2358000,23550.0,23261.3,33.5,34.2,33.3,33.7,132150,1742532600
2025-03-21 10:21:00,CE,ATM+6,9.670882,2411550,23550.0,23261.85,33.6,33.6,32.75,33.0,98850,1742532660
2025-03-21 10:22:00,CE,ATM+6,9.728226,2411550,23550.0,23259.2,32.9,33.15,32.15,32.95,108375,1742532720
2025-03-21 10:23:00,CE,ATM+6,9.733228,2411550,23550.0,23265.15,33.1,34.25,32.7,34.2,139200,1742532780
2025-03-21 10:24:00,CE,ATM+6,9.692168,2413725,23550.0,23263.25,34.4,34.4,33.0,33.45,79125,1742532840
2025-03-21 10:25:00,CE,ATM+6,9.713606,2413725,23550.0,23266.75,33.45,34.45,33.4,34.35,152100,1742532900
2025-03-21 10:26:00,CE,ATM+6,9.78619,5128575,23600.0,23276.05,25.85,27.5,25.8,27.4,359100,1742532960
2025-03-21 10:27:00,CE,ATM+6,9.738403,5071725,23600.0,23278.8,27.2,27.7,26.4,27.5,340800,1742533020
2025-03-21 10:28:00,CE,ATM+6,9.758073,5071725,23600.0,23290.5,27.75,30.5,27.55,29.75,900525,1742533080
2025-03-21 10:29:00,CE,ATM+6,9.754572,5071725,23600.0,23298.9,30.2,31.3,29.6,31.3,1088925,1742533140
2025-03-21 10:30:00,CE,ATM+6,9.687173,4636875,23600.0,23304.15,30.7,32.45,29.05,31.75,711000,1742533200
2025-03-21 10:31:00,CE,ATM+6,9.795935,4636875,23600.0,23305.1,32.0,33.25,30.95,32.85,702225,1742533260
2025-03-21 10:32:00,CE,ATM+6,9.78868,4636875,23600.0,23298.55,32.7,33.5,31.45,31.5,643050,1742533320
2025-03-21 10:33:00,CE,ATM+6,9.887316,4559325,23600.0,23298.2,31.85,32.65,30.3,32.25,373350,1742533380
2025-03-21 10:34:00,CE,ATM+6,9.743589,4559325,23600.0,23300.55,32.05,32.3,31.4,31.5,274575,1742533440
2025-03-21 10:35:00,CE,ATM+6,9.830219,4559325,23600.0,23294.75,31.6,31.6,30.65,31.1,245925,1742533500
2025-03-21 10:36:00,CE,ATM+6,9.774438,4604400,23600.0,23301.85,31.25,32.0,30.3,32.0,227925,1742533560
2025-03-21 10:37:00,CE,ATM+6,9.735195,4604400,23600.0,23306.85,31.95,32.65,31.2,32.65,250050,1742533620
2025-03-21 10:38:00,CE,ATM+6,9.960034,4604400,23600.0,23314.45,32.85,37.2,32.25,36.15,1169550,1742533680
2025-03-21 10:39:00,CE,ATM+6,10.033697,4503300,23600.0,23311.65,36.2,36.55,34.35,36.2,596925,1742533740
2025-03-21 10:40:00,CE,ATM+6,9.935563,4503300,23600.0,23315.05,36.35,37.65,35.15,36.05,766200,1742533800
2025-03-21 10:41:00,CE,ATM+6,10.046308,4503300,23600.0,23312.6,35.8,37.05,35.65,36.5,285375,1742533860
2025-03-21 10:42:00,CE,ATM+6,10.000283,4669725,23600.0,23312.65,36.55,37.0,35.7,36.1,264975,1742533920
2025-03-21 10:43:00,CE,ATM+6,10.031741,4669725,23600.0,23307.05,35.75,36.3,35.05,35.2,259950,1742533980
2025-03-21 10:44:00,CE,ATM+6,9.978769,4669725,23600.0,23309.3,34.7,35.75,34.35,35.2,282225,1742534040
2025-03-21 10:45:00,CE,ATM+6,9.942922,4746900,23600.0,23311.55,35.25,35.95,34.85,35.35,261600,1742534100
2025-03-21 10:46:00,CE,ATM+6,10.036461,4746900,23600.0,23321.7,35.35,38.8,35.35,38.35,664200,1742534160
2025-03-21 10:47:00,CE,ATM+6,10.329453,1935000,23650.0,23335.0,28.85,33.5,28.85,33.5,770550,1742534220
2025-03-21 10:48:00,CE,ATM+6,10.335356,1820175,23650.0,23334.0,33.8,35.45,32.0,33.35,676875,1742534280
2025-03-21 10:49:00,CE,ATM+6,10.438662,1820175,23650.0,23341.5,33.85,36.4,32.9,35.7,428475,1742534340
2025-03-21 10:50:00,CE,ATM+6,10.446566,1820175,23650.0,23343.9,35.95,37.8,35.35,36.25,426525,1742534400
2025-03-21 10:51:00,CE,ATM+6,10.603675,1822650,23650.0,23344.35,36.45,37.7,35.15,37.7,245325,1742534460
2025-03-21 10:52:00,CE,ATM+6,10.941605,1822650,23650.0,23352.9,37.8,42.55,37.3,42.55,622275,1742534520
2025-03-21 10:53:00,CE,ATM+6,10.624815,1822650,23650.0,23347.1,42.25,43.5,38.35,38.45,709950,1742534580
2025-03-21 10:54:00,CE,ATM+6,10.719733,1842300,23650.0,23346.25,38.55,40.4,38.45,39.1,246300,1742534640
2025-03-21 10:55:00,CE,ATM+6,10.676671,1842300,23650.0,23341.65,39.05,40.1,37.75,37.75,227925,1742534700
2025-03-21 10:56:00,CE,ATM+6,10.581382,1842300,23650.0,23340.1,37.85,37.85,36.6,36.6,268050,1742534760
2025-03-21 10:57:00,CE,ATM+6,10.504156,1922700,23650.0,23335.2,36.4,37.2,34.55,34.95,319725,1742534820
2025-03-21 10:58:00,CE,ATM+6,10.467656,1922700,23650.0,23334.0,34.8,36.35,34.4,34.4,214125,1742534880
2025-03-21 10:59:00,CE,ATM+6,10.58735,1922700,23650.0,23339.2,34.4,36.5,34.4,36.45,134400,1742534940
2025-03-21 11:00:00,CE,ATM+6,10.506988,1973400,23650.0,23346.5,36.65,37.65,36.4,37.25,253050,1742535000
2025-03-21 11:01:00,CE,ATM+6,10.564098,1973400,23650.0,23349.15,37.1,38.5,36.65,38.3,159375,1742535060
2025-03-21 11:02:00,CE,ATM+6,10.576449,1973400,23650.0,23346.05,38.35,38.35,37.15,37.75,140775,1742535120
2025-03-21 11:03:00,CE,ATM+6,10.5136,1991625,23650.0,23343.65,37.55,37.75,36.1,36.7,129150,1742535180
2025-03-21 11:04:00,CE,ATM+6,10.506413,1991625,23650.0,23346.4,37.35,37.9,36.65,37.2,95550,1742535240
2025-03-21 11:05:00,CE,ATM+6,10.59397,1991625,23650.0,23347.55,37.1,38.4,36.85,38.2,132825,1742535300
2025-03-21 11:06:00,CE,ATM+6,10.730641,1980825,23650.0,23351.5,38.3,40.25,38.2,40.25,276750,1742535360
2025-03-21 11:07:00,CE,ATM+6,10.636394,1980825,23650.0,23351.25,40.55,40.95,39.25,39.35,210900,1742535420
2025-03-21 11:08:00,CE,ATM+6,10.628501,1980825,23650.0,23348.8,39.75,41.4,38.55,38.75,240975,1742535480
2025-03-21 11:09:00,CE,ATM+6,10.591131,2041725,23650.0,23338.35,38.15,38.7,35.8,36.25,344025,1742535540
2025-03-21 11:10:00,CE,ATM+6,10.631193,2041725,23650.0,23329.9,36.0,36.35,34.8,34.9,204975,1742535600
2025-03-21 11:11:00,CE,ATM+6,10.639306,2041725,23650.0,23326.5,34.55,34.75,33.15,34.3,248775,1742535660
2025-03-21 11:12:00,CE,ATM+6,10.63261,2083125,23650.0,23327.85,34.45,35.3,33.7,34.5,134625,1742535720
2025-03-21 11:13:00,CE,ATM+6,10.581978,2083125,23650.0,23332.35,34.15,35.2,33.8,34.95,124125,1742535780
2025-03-21 11:14:00,CE,ATM+6,10.628562,2083125,23650.0,23331.15,35.05,36.15,34.65,35.1,181200,1742535840
2025-03-21 11:15:00,CE,ATM+6,10.64419,2158125,23650.0,23327.7,34.8,35.4,34.3,34.55,101775,1742535900
2025-03-21 11:16:00,CE,ATM+6,10.63523,2158125,23650.0,23335.45,34.35,36.2,34.35,36.0,129900,1742535960
2025-03-21 11:17:00,CE,ATM+6,10.578274,2158125,23650.0,23336.9,36.0,36.0,35.15,35.8,94575,1742536020
2025-03-21 11:18:00,CE,ATM+6,10.565344,2181525,23650.0,23342.4,36.05,37.45,35.95,36.8,176700,1742536080
2025-03-21 11:19:00,CE,ATM+6,10.600981,2181525,23650.0,23343.6,36.7,37.45,36.35,37.35,96525,1742536140
2025-03-21 11:20:00,CE,ATM+6,10.649884,2181525,23650.0,23352.0,37.4,39.55,37.4,39.55,172200,1742536200
2025-03-21 11:21:00,CE,ATM+6,10.583651,2156925,23650.0,23353.6,39.4,39.8,38.9,39.3,228675,1742536260
2025-03-21 11:22:00,CE,ATM+6,10.524707,2156925,23650.0,23360.4,39.9,41.75,39.9,40.25,303225,1742536320
2025-03-21 11:23:00,CE,ATM+6,10.470551,2156925,23650.0,23345.8,40.2,40.2,36.45,36.65,354375,1742536380
2025-03-21 11:24:00,CE,ATM+6,10.524189,2152200,23650.0,23342.6,36.5,37.15,35.75,36.45,135375,1742536440
2025-03-21 11:25:00,CE,ATM+6,10.51523,2152200,23650.0,23340.55,36.7,37.15,35.95,35.95,81300,1742536500
2025-03-21 11:26:00,CE,ATM+6,10.628907,2152200,23650.0,23340.45,35.95,36.9,35.7,36.9,89775,1742536560
2025-03-21 11:27:00,CE,ATM+6,10.602418,2146725,23650.0,23343.05,36.6,37.95,36.6,37.2,77700,1742536620
2025-03-21 11:28:00,CE,ATM+6,10.639516,2146725,23650.0,23350.1,37.5,39.6,37.5,39.0,191100,1742536680
2025-03-21 11:29:00,CE,ATM+6,10.570463,2146725,23650.0,23349.7,39.2,39.25,38.0,38.3,123000,1742536740
2025-03-21 11:30:00,CE,ATM+6,10.565553,2187375,23650.0,23348.75,38.3,39.0,37.85,38.05,75600,1742536800
2025-03-21 11:31:00,CE,ATM+6,10.619856,2187375,23650.0,23351.7,38.05,39.15,37.8,39.15,94500,1742536860
2025-03-21 11:32:00,CE,ATM+6,10.639274,2187375,23650.0,23358.05,38.95,40.9,38.85,40.7,256875,1742536920
2025-03-21 11:33:00,CE,ATM+6,10.527182,2119575,23650.0,23368.85,40.65,43.0,40.1,42.1,343875,1742536980
2025-03-21 11:34:00,CE,ATM+6,10.59092,2119575,23650.0,23362.1,41.5,42.0,41.1,41.15,209850,1742537040
2025-03-21 11:35:00,CE,ATM+6,10.410902,2119575,23650.0,23361.1,40.85,41.0,38.9,39.3,259050,1742537100
2025-03-21 11:36:00,CE,ATM+6,10.490034,2159025,23650.0,23360.4,39.45,39.85,38.55,39.85,129975,1742537160
2025-03-21 11:37:00,CE,ATM+6,10.351265,2159025,23650.0,23358.3,39.9,39.95,38.1,38.15,153975,1742537220
2025-03-21 11:38:00,CE,ATM+6,10.481027,2159025,23650.0,23357.85,38.6,39.35,38.0,39.2,111450,1742537280
2025-03-21 11:39:00,CE,ATM+6,10.309962,2220525,23650.0,23356.55,39.3,39.35,37.4,37.4,125175,1742537340
2025-03-21 11:40:00,CE,ATM+6,10.26191,2220525,23650.0,23353.1,37.1,37.45,36.25,36.25,146925,1742537400
2025-03-21 11:41:00,CE,ATM+6,10.275637,2220525,23650.0,23349.4,36.25,36.45,35.35,35.6,151350,1742537460
2025-03-21 11:42:00,CE,ATM+6,10.340781,2270175,23650.0,23336.9,35.25,35.55,33.65,33.65,283650,1742537520
2025-03-21 11:43:00,CE,ATM+6,10.38477,2270175,23650.0,23335.3,33.75,33.8,32.25,33.7,218325,1742537580
2025-03-21 11:44:00,CE,ATM+6,10.506243,2270175,23650.0,23336.25,33.7,35.0,33.7,34.9,165900,1742537640
2025-03-21 11:45:00,CE,ATM+6,10.55505,2310300,23650.0,23334.2,34.2,35.15,33.65,34.9,126675,1742537700
2025-03-21 11:46:00,CE,ATM+6,10.558014,2310300,23650.0,23333.85,34.7,35.65,34.35,34.85,138375,1742537760
2025-03-21 11:47:00,CE,ATM+6,10.528843,2310300,23650.0,23342.1,34.65,36.4,34.65,36.25,168825,1742537820
2025-03-21 11:48:00,CE,ATM+6,10.496254,2367150,23650.0,23337.8,36.35,37.2,35.05,35.1,200175,1742537880
2025-03-21 11:49:00,CE,ATM+6,10.474572,2367150,23650.0,23340.0,35.45,36.3,35.35,35.35,68400,1742537940
2025-03-21 11:50:00,CE,ATM+6,10.526883,2367150,23650.0,23343.25,35.5,36.65,35.4,36.45,63300,1742538000
2025-03-21 11:51:00,CE,ATM+6,10.479967,2403000,23650.0,23345.25,36.3,36.95,36.2,36.45,82125,1742538060
2025-03-21 11:52:00,CE,ATM+6,10.56346,2403000,23650.0,23340.05,36.55,36.55,35.35,36.1,83850,1742538120
2025-03-21 11:53:00,CE,ATM+6,10.471926,2403000,23650.0,23343.2,36.0,36.5,35.5,35.95,64650,1742538180
2025-03-21 11:54:00,CE,ATM+6,10.474419,2422350,23650.0,23347.75,36.0,37.25,36.0,36.9,105675,1742538240
2025-03-21 11:55:00,CE,ATM+6,10.471527,2422350,23650.0,23347.9,36.9,37.65,36.9,36.9,95325,1742538300
2025-03-21 11:56:00,CE,ATM+6,10.367157,2422350,23650.0,23354.9,36.75,37.55,36.5,37.45,119250,1742538360
2025-03-21 11:57:00,CE,ATM+6,10.349248,2459700,23650.0,23350.9,37.3,37.5,36.3,36.45,106575,1742538420
2025-03-21 11:58:00,CE,ATM+6,10.404319,2459700,23650.0,23349.35,35.9,36.65,35.65,36.6,94800,1742538480
2025-03-21 11:59:00,CE,ATM+6,10.3104,2459700,23650.0,23345.5,36.8,37.15,34.75,35.0,121125,1742538540
2025-03-21 12:00:00,CE,ATM+6,10.361859,2469675,23650.0,23354.05,35.45,37.2,35.25,37.2,74400,1742538600
2025-03-21 12:01:00,CE,ATM+6,10.276495,2469675,23650.0,23351.4,37.05,37.2,35.4,35.9,82875,1742538660
2025-03-21 12:02:00,CE,ATM+6,10.297642,2469675,23650.0,23355.35,36.2,37.2,36.2,36.9,102525,1742538720
2025-03-21 12:03:00,CE,ATM+6,10.240326,2397450,23650.0,23361.75,37.2,38.35,37.2,37.75,237825,1742538780
2025-03-21 12:04:00,CE,ATM+6,10.308919,2397450,23650.0,23359.65,37.9,37.95,37.15,37.9,76725,1742538840
2025-03-21 12:05:00,CE,ATM+6,10.313525,2397450,23650.0,23357.85,37.75,37.75,37.1,37.55,50550,1742538900
2025-03-21 12:06:00,CE,ATM+6,10.33373,2403000,23650.0,23358.45,37.6,37.85,37.0,37.85,62025,1742538960
2025-03-21 12:07:00,CE,ATM+6,10.309213,2403000,23650.0,23355.25,38.15,38.55,36.95,36.95,98775,1742539020
2025-03-21 12:08:00,CE,ATM+6,10.30926,2403000,23650.0,23362.3,36.7,38.75,36.7,38.45,92475,1742539080
2025-03-21 12:09:00,CE,ATM+6,10.366727,2372475,23650.0,23360.2,38.85,38.9,37.65,38.5,172050,1742539140
2025-03-21 12:10:00,CE,ATM+6,10.32326,2372475,23650.0,23363.85,38.5,39.1,38.35,38.9,104550,1742539200
2025-03-21 12:11:00,CE,ATM+6,10.304116,2372475,23650.0,23365.8,39.15,39.45,38.75,39.15,125025,1742539260
2025-03-21 12:12:00,CE,ATM+6,10.300252,2378625,23650.0,23360.7,39.0,39.95,37.9,38.0,210525,1742539320
2025-03-21 12:13:00,CE,ATM+6,10.286548,2378625,23650.0,23356.6,37.5,38.45,37.0,37.0,143850,1742539380
2025-03-21 12:14:00,CE,ATM+6,10.249593,2378625,23650.0,23356.5,37.1,37.5,36.65,36.65,81525,1742539440
2025-03-21 12:15:00,CE,ATM+6,10.291021,2402775,23650.0,23360.7,36.55,37.9,36.55,37.9,89400,1742539500
2025-03-21 12:16:00,CE,ATM+6,10.347478,2402775,23650.0,23359.8,37.8,38.2,36.8,38.2,64875,1742539560
2025-03-21 12:17:00,CE,ATM+6,10.386637,2402775,23650.0,23351.6,38.1,38.1,36.25,36.8,130200,1742539620
2025-03-21 12:18:00,CE,ATM+6,10.388429,2377950,23650.0,23352.75,36.25,37.4,36.25,37.05,76575,1742539680
2025-03-21 12:19:00,CE,ATM+6,10.33138,2377950,23650.0,23358.45,36.85,38.15,36.85,37.75,58200,1742539740
2025-03-21 12:20:00,CE,ATM+6,10.310421,2377950,23650.0,23361.9,37.8,38.4,37.6,38.3,81300,1742539800
2025-03-21 12:21:00,CE,ATM+6,10.514504,7219500,23700.0,23384.95,29.05,34.7,29.0,34.7,869475,1742539860
2025-03-21 12:22:00,CE,ATM+6,10.347521,7219500,23700.0,23386.25,33.75,35.2,32.6,33.55,1526700,1742539920
2025-03-21 12:23:00,CE,ATM+6,10.350336,7219500,23700.0,23383.05,33.9,34.75,32.8,32.95,844425,1742539980
2025-03-21 12:24:00,CE,ATM+6,10.332685,7748025,23700.0,23378.3,33.15,33.15,31.55,31.9,473700,1742540040
2025-03-21 12:25:00,CE,ATM+6,10.412234,7748025,23700.0,23379.65,31.4,32.85,31.4,32.8,277500,1742540100
2025-03-21 12:26:00,CE,ATM+6,10.45687,7748025,23700.0,23387.05,33.3,35.2,33.0,34.6,650700,1742540160
2025-03-21 12:27:00,CE,ATM+6,10.379751,8017050,23700.0,23386.3,34.4,34.55,33.35,33.8,676125,1742540220
2025-03-21 12:28:00,CE,ATM+6,10.460841,8017050,23700.0,23377.9,33.7,33.85,32.2,32.85,883275,1742540280
2025-03-21 12:29:00,CE,ATM+6,10.508,2316300,23650.0,23374.45,43.8,44.0,42.4,42.85,150000,1742540340
2025-03-21 12:30:00,CE,ATM+6,10.566389,2350800,23650.0,23372.8,43.0,43.95,42.35,43.0,158475,1742540400
2025-03-21 12:31:00,CE,ATM+6,10.531438,8920125,23700.0,23378.35,32.25,33.5,32.25,33.5,281700,1742540460
2025-03-21 12:32:00,CE,ATM+6,10.507606,2350800,23650.0,23374.55,44.25,44.3,42.75,42.85,142800,1742540520
2025-03-21 12:33:00,CE,ATM+6,10.539376,2400150,23650.0,23372.45,42.9,43.3,42.3,42.65,98625,1742540580
2025-03-21 12:34:00,CE,ATM+6,10.568489,2400150,23650.0,23371.1,42.95,43.6,42.4,42.6,149700,1742540640
2025-03-21 12:35:00,CE,ATM+6,10.641053,2400150,23650.0,23369.75,42.65,43.6,42.4,42.95,104475,1742540700
2025-03-21 12:36:00,CE,ATM+6,10.608718,2418225,23650.0,23371.5,42.8,43.05,41.7,43.05,147600,1742540760
2025-03-21 12:37:00,CE,ATM+6,10.554706,8952675,23700.0,23378.05,32.85,33.8,32.85,33.6,595800,1742540820
2025-03-21 12:38:00,CE,ATM+6,10.590506,8952675,23700.0,23378.1,33.85,34.15,33.35,33.9,340050,1742540880
2025-03-21 12:39:00,CE,ATM+6,10.588191,8784825,23700.0,23377.45,34.0,34.15,33.35,33.75,192900,1742540940
2025-03-21 12:40:00,CE,ATM+6,10.544195,8784825,23700.0,23376.5,33.8,34.1,33.2,33.2,186750,1742541000
2025-03-21 12:41:00,CE,ATM+6,10.57844,8784825,23700.0,23378.45,33.3,34.15,32.75,33.85,237825,1742541060
2025-03-21 12:42:00,CE,ATM+6,10.64377,8603700,23700.0,23376.45,33.65,34.0,32.8,34.0,433500,1742541120
2025-03-21 12:43:00,CE,ATM+6,10.687408,8603700,23700.0,23384.05,34.05,36.55,34.05,35.85,624600,1742541180
2025-03-21 12:44:00,CE,ATM+6,10.60532,8603700,23700.0,23388.3,35.75,36.9,35.4,36.0,575175,1742541240
2025-03-21 12:45:00,CE,ATM+6,10.552682,8385675,23700.0,23384.8,35.7,35.7,34.25,34.85,294450,1742541300
2025-03-21 12:46:00,CE,ATM+6,10.495197,8385675,23700.0,23381.4,34.6,34.85,33.6,33.7,422850,1742541360
2025-03-21 12:47:00,CE,ATM+6,10.637227,2306775,23650.0,23374.75,44.7,44.7,43.6,44.0,206700,1742541420
2025-03-21 12:48:00,CE,ATM+6,10.608467,7983000,23700.0,23376.85,33.1,33.9,33.1,33.75,547350,1742541480
2025-03-21 12:49:00,CE,ATM+6,10.580353,7983000,23700.0,23378.35,33.7,33.85,32.85,33.8,207675,1742541540
2025-03-21 12:50:00,CE,ATM+6,10.63149,7983000,23700.0,23382.1,33.9,34.95,33.55,34.95,463275,1742541600
2025-03-21 12:51:00,CE,ATM+6,10.557201,7983000,23700.0,23386.05,34.95,35.45,34.5,35.1,277500,1742541660
2025-03-21 12:52:00,CE,ATM+6,10.557702,7838550,23700.0,23394.95,35.3,38.55,35.2,36.9,792375,1742541720
2025-03-21 12:53:00,CE,ATM+6,10.553131,7838550,23700.0,23394.2,37.35,37.35,35.9,36.7,558075,1742541780
2025-03-21 12:54:00,CE,ATM+6,10.491068,7619550,23700.0,23396.1,36.8,36.9,35.8,36.55,371325,1742541840
2025-03-21 12:55:00,CE,ATM+6,10.344627,7619550,23700.0,23396.9,36.65,37.3,35.25,35.45,926925,1742541900
2025-03-21 12:56:00,CE,ATM+6,10.356176,7619550,23700.0,23395.95,35.6,35.85,34.9,35.35,746250,1742541960
2025-03-21 12:57:00,CE,ATM+6,10.358403,7022475,23700.0,23399.8,35.2,36.15,34.05,36.15,662700,1742542020
2025-03-21 12:58:00,CE,ATM+6,10.366908,7022475,23700.0,23400.2,36.5,36.5,35.55,36.3,355350,1742542080
2025-03-21 12:59:00,CE,ATM+6,10.449116,7022475,23700.0,23399.45,36.4,36.9,35.75,36.85,439500,1742542140
2025-03-21 13:00:00,CE,ATM+6,10.360992,7022475,23700.0,23399.05,36.8,36.8,35.9,36.0,301800,1742542200
2025-03-21 13:01:00,CE,ATM+6,10.348476,7176450,23700.0,23397.65,35.75,36.55,35.2,35.6,239250,1742542260
2025-03-21 13:02:00,CE,ATM+6,10.37346,7176450,23700.0,23395.15,35.6,36.15,34.95,35.3,304725,1742542320
2025-03-21 13:03:00,CE,ATM+6,10.386268,7176450,23700.0,23392.9,35.3,35.3,34.4,34.95,233700,1742542380
2025-03-21 13:04:00,CE,ATM+6,10.392937,7269450,23700.0,23387.6,34.55,34.65,33.4,33.95,299625,1742542440
2025-03-21 13:05:00,CE,ATM+6,10.420334,7269450,23700.0,23388.75,34.0,34.8,33.65,34.4,174975,1742542500
2025-03-21 13:06:00,CE,ATM+6,10.46503,7269450,23700.0,23391.9,34.5,35.4,34.0,35.4,217200,1742542560
2025-03-21 13:07:00,CE,ATM+6,10.465818,7281300,23700.0,23391.15,35.6,35.7,34.4,35.25,225525,1742542620
2025-03-21 13:08:00,CE,ATM+6,10.397928,7281300,23700.0,23390.8,35.25,35.5,34.6,34.6,161325,1742542680
2025-03-21 13:09:00,CE,ATM+6,10.476251,7281300,23700.0,23387.25,34.35,34.95,34.0,34.55,163800,1742542740
2025-03-21 13:10:00,CE,ATM+6,10.408704,7339125,23700.0,23390.15,34.7,34.7,34.2,34.55,93750,1742542800
2025-03-21 13:11:00,CE,ATM+6,10.449338,7339125,23700.0,23385.4,34.65,34.7,33.35,33.95,255300,1742542860
2025-03-21 13:12:00,CE,ATM+6,10.320836,7339125,23700.0,23388.1,33.8,33.8,33.15,33.4,222000,1742542920
2025-03-21 13:13:00,CE,ATM+6,10.345581,7345725,23700.0,23390.9,33.7,34.2,33.2,34.15,237375,1742542980
2025-03-21 13:14:00,CE,ATM+6,10.4261,2417625,23650.0,23371.15,45.2,45.2,39.95,41.05,513300,1742543040
2025-03-21 13:15:00,CE,ATM+6,10.320655,2417625,23650.0,23357.2,41.45,41.75,37.05,37.05,358800,1742543100
2025-03-21 13:16:00,CE,ATM+6,10.424915,2409300,23650.0,23356.7,36.65,38.85,36.15,37.85,295125,1742543160
2025-03-21 13:17:00,CE,ATM+6,10.584297,2409300,23650.0,23355.55,37.75,39.0,37.35,39.0,178425,1742543220
2025-03-21 13:18:00,CE,ATM+6,10.528788,2409300,23650.0,23360.15,38.9,40.3,38.3,39.5,131625,1742543280
2025-03-21 13:19:00,CE,ATM+6,10.627302,2421075,23650.0,23362.75,39.3,40.95,39.05,40.95,107025,1742543340
2025-03-21 13:20:00,CE,ATM+6,10.622479,2421075,23650.0,23374.35,41.15,43.7,41.15,43.55,343125,1742543400
2025-03-21 13:21:00,CE,ATM+6,10.599105,8154225,23700.0,23376.95,33.25,33.75,32.4,33.5,399600,1742543460
2025-03-21 13:22:00,CE,ATM+6,10.540644,8234625,23700.0,23377.4,33.5,33.8,32.55,33.1,282825,1742543520
2025-03-21 13:23:00,CE,ATM+6,10.658538,2405100,23650.0,23373.65,43.45,44.3,43.45,43.7,95400,1742543580
2025-03-21 13:24:00,CE,ATM+6,10.525196,8234625,23700.0,23375.75,32.95,33.7,32.55,32.65,191850,1742543640
2025-03-21 13:25:00,CE,ATM+6,10.556029,8253450,23700.0,23381.0,32.65,34.35,32.65,33.9,413850,1742543700
2025-03-21 13:26:00,CE,ATM+6,10.581539,8253450,23700.0,23378.9,33.75,33.95,33.15,33.7,142725,1742543760
2025-03-21 13:27:00,CE,ATM+6,10.584882,8253450,23700.0,23380.6,33.65,34.45,33.4,34.05,176700,1742543820
2025-03-21 13:28:00,CE,ATM+6,10.595,8228250,23700.0,23385.05,34.1,35.0,33.65,35.0,230325,1742543880
2025-03-21 13:29:00,CE,ATM+6,10.582146,8228250,23700.0,23381.55,34.85,34.85,33.8,34.2,229875,1742543940
2025-03-21 13:30:00,CE,ATM+6,10.684877,2411775,23650.0,23371.95,45.25,45.25,42.95,43.5,273000,1742544000
2025-03-21 13:31:00,CE,ATM+6,10.557734,2422650,23650.0,23365.9,43.45,43.45,40.85,40.95,246525,1742544060
2025-03-21 13:32:00,CE,ATM+6,10.460455,2422650,23650.0,23359.2,40.7,40.7,38.5,38.6,340725,1742544120
2025-03-21 13:33:00,CE,ATM+6,10.383557,2422650,23650.0,23346.15,38.85,38.95,35.1,35.2,403650,1742544180
2025-03-21 13:34:00,CE,ATM+6,10.50709,2536725,23650.0,23346.65,35.05,36.5,33.75,36.35,420075,1742544240
2025-03-21 13:35:00,CE,ATM+6,10.548732,2536725,23650.0,23341.25,36.25,36.25,34.2,35.6,227025,1742544300
2025-03-21 13:36:00,CE,ATM+6,10.509009,2536725,23650.0,23326.8,35.5,35.5,32.35,32.45,276300,1742544360
2025-03-21 13:37:00,CE,ATM+6,10.523233,2591625,23650.0,23325.95,32.2,33.05,30.55,32.4,372300,1742544420
2025-03-21 13:38:00,CE,ATM+6,10.5058,2591625,23650.0,23330.95,32.7,34.6,32.55,33.2,257475,1742544480
2025-03-21 13:39:00,CE,ATM+6,10.625868,2591625,23650.0,23327.4,33.1,34.4,32.5,33.5,191850,1742544540
2025-03-21 13:40:00,CE,ATM+6,10.627046,6306450,23600.0,23324.0,43.5,43.5,40.9,43.15,487425,1742544600
2025-03-21 13:41:00,CE,ATM+6,10.699277,2648250,23650.0,23329.25,32.9,34.45,32.7,34.45,175050,1742544660
2025-03-21 13:42:00,CE,ATM+6,10.702417,2648250,23650.0,23331.45,34.5,35.15,33.65,34.9,144150,1742544720
2025-03-21 13:43:00,CE,ATM+6,10.705948,2660100,23650.0,23343.0,35.45,37.4,35.15,37.25,291825,1742544780
2025-03-21 13:44:00,CE,ATM+6,10.645048,2660100,23650.0,23334.45,37.1,37.1,35.0,35.0,243000,1742544840
2025-03-21 13:45:00,CE,ATM+6,10.797501,2660100,23650.0,23325.7,35.25,35.25,33.05,34.55,239400,1742544900
2025-03-21 13:46:00,CE,ATM+6,10.706402,2687400,23650.0,23327.55,34.4,35.35,33.95,34.15,115725,1742544960
2025-03-21 13:47:00,CE,ATM+6,10.671859,2687400,23650.0,23330.6,33.8,35.55,33.8,34.45,98925,1742545020
2025-03-21 13:48:00,CE,ATM+6,10.616277,2687400,23650.0,23327.3,34.65,34.65,33.05,33.35,132900,1742545080
2025-03-21 13:49:00,CE,ATM+6,10.525879,6459900,23600.0,23306.85,43.75,44.35,37.95,38.35,1375050,1742545140
2025-03-21 13:50:00,CE,ATM+6,10.486611,6459900,23600.0,23306.85,38.0,38.6,34.3,38.0,1649400,1742545200
2025-03-21 13:51:00,CE,ATM+6,10.453555,6459900,23600.0,23304.7,37.5,37.85,36.05,37.25,1120950,1742545260
2025-03-21 13:52:00,CE,ATM+6,10.468962,7312200,23600.0,23299.05,37.8,38.75,36.2,36.2,527025,1742545320
2025-03-21 13:53:00,CE,ATM+6,10.295788,7312200,23600.0,23295.45,35.55,35.55,33.7,34.0,1562475,1742545380
2025-03-21 13:54:00,CE,ATM+6,10.199152,7312200,23600.0,23283.2,33.7,34.05,30.45,30.85,1797600,1742545440
2025-03-21 13:55:00,CE,ATM+6,10.257642,8683500,23600.0,23292.55,30.75,33.15,29.55,33.1,1387650,1742545500
2025-03-21 13:56:00,CE,ATM+6,10.328888,8683500,23600.0,23295.4,33.35,34.45,33.1,34.25,726975,1742545560
2025-03-21 13:57:00,CE,ATM+6,10.351029,8683500,23600.0,23295.75,34.35,34.8,33.45,34.5,436350,1742545620
2025-03-21 13:58:00,CE,ATM+6,10.297326,8957925,23600.0,23308.25,34.45,36.85,34.2,36.6,559200,1742545680
2025-03-21 13:59:00,CE,ATM+6,10.386524,8957925,23600.0,23319.2,36.65,39.75,36.65,39.75,663150,1742545740
2025-03-21 14:00:00,CE,ATM+6,10.492033,2676600,23650.0,23335.05,31.0,34.5,30.2,33.75,605250,1742545800
2025-03-21 14:01:00,CE,ATM+6,10.329651,2785050,23650.0,23332.1,34.3,34.8,31.85,31.85,317925,1742545860
2025-03-21 14:02:00,CE,ATM+6,10.176853,8906400,23600.0,23320.05,40.0,41.05,37.1,38.05,845175,1742545920
2025-03-21 14:03:00,CE,ATM+6,10.427061,2785050,23650.0,23327.15,29.7,32.45,29.7,31.7,230625,1742545980
2025-03-21 14:04:00,CE,ATM+6,10.37458,2739075,23650.0,23329.45,32.0,32.25,31.15,31.7,108750,1742546040
2025-03-21 14:05:00,CE,ATM+6,10.361929,2739075,23650.0,23339.45,31.65,34.35,31.5,33.5,219600,1742546100
2025-03-21 14:06:00,CE,ATM+6,10.291415,2739075,23650.0,23333.1,33.7,34.85,31.7,31.7,318975,1742546160
2025-03-21 14:07:00,CE,ATM+6,10.431396,2782575,23650.0,23342.65,32.1,34.7,32.1,34.7,192375,1742546220
2025-03-21 14:08:00,CE,ATM+6,10.342806,2782575,23650.0,23343.4,35.1,35.1,33.25,34.1,211425,1742546280
2025-03-21 14:09:00,CE,ATM+6,10.338825,2782575,23650.0,23340.55,34.1,34.4,33.3,33.5,102525,1742546340
2025-03-21 14:10:00,CE,ATM+6,10.2844,2724300,23650.0,23350.4,33.35,35.35,32.9,35.0,181650,1742546400
2025-03-21 14:11:00,CE,ATM+6,10.275027,2724300,23650.0,23346.85,34.9,34.9,33.4,34.2,187350,1742546460
2025-03-21 14:12:00,CE,ATM+6,10.207985,2724300,23650.0,23340.8,33.85,34.0,32.3,32.45,165150,1742546520
2025-03-21 14:13:00,CE,ATM+6,10.162642,2781375,23650.0,23339.9,32.55,33.6,31.9,31.9,130500,1742546580
2025-03-21 14:14:00,CE,ATM+6,10.218453,2781375,23650.0,23335.95,32.15,32.15,30.2,31.6,193725,1742546640
2025-03-21 14:15:00,CE,ATM+6,10.199964,2781375,23650.0,23345.85,31.8,33.65,31.65,33.35,167400,1742546700
2025-03-21 14:16:00,CE,ATM+6,10.208352,2724675,23650.0,23348.05,33.2,33.85,32.05,33.85,132525,1742546760
2025-03-21 14:17:00,CE,ATM+6,10.224615,2724675,23650.0,23344.1,33.65,33.8,32.05,33.2,88500,1742546820
2025-03-21 14:18:00,CE,ATM+6,10.162047,2724675,23650.0,23348.3,32.6,33.6,32.5,33.5,93450,1742546880
2025-03-21 14:19:00,CE,ATM+6,10.104068,2723250,23650.0,23355.25,33.3,34.55,33.25,34.4,235350,1742546940
2025-03-21 14:20:00,CE,ATM+6,10.123187,2723250,23650.0,23352.25,34.05,34.55,33.25,33.95,224400,1742547000
2025-03-21 14:21:00,CE,ATM+6,10.080238,2723250,23650.0,23363.55,34.1,36.7,33.65,35.9,467550,1742547060
2025-03-21 14:22:00,CE,ATM+6,10.206792,2708700,23650.0,23358.35,36.4,36.4,34.25,35.9,254700,1742547120
2025-03-21 14:23:00,CE,ATM+6,10.132244,2708700,23650.0,23362.65,36.1,36.55,35.3,36.15,171375,1742547180
2025-03-21 14:24:00,CE,ATM+6,10.094184,2708700,23650.0,23367.3,36.3,37.7,36.0,36.8,416625,1742547240
2025-03-21 14:25:00,CE,ATM+6,10.10965,2625825,23650.0,23369.25,36.65,38.3,36.65,37.35,312000,1742547300
2025-03-21 14:26:00,CE,ATM+6,10.10852,2625825,23650.0,23371.85,37.4,38.85,36.85,37.9,201600,1742547360
2025-03-21 14:27:00,CE,ATM+6,10.147907,2625825,23650.0,23364.95,37.95,37.95,36.3,36.75,240675,1742547420
2025-03-21 14:28:00,CE,ATM+6,10.158461,2604900,23650.0,23371.25,36.7,38.3,36.5,38.2,131100,1742547480
2025-03-21 14:29:00,CE,ATM+6,10.132776,6884175,23700.0,23378.8,29.15,30.35,28.55,29.7,580050,1742547540
2025-03-21 14:30:00,CE,ATM+6,10.084828,2604900,23650.0,23373.15,38.95,39.25,37.4,37.95,249150,1742547600
2025-03-21 14:31:00,CE,ATM+6,10.080178,2521650,23650.0,23369.0,38.05,38.05,36.5,37.0,160125,1742547660
2025-03-21 14:32:00,CE,ATM+6,10.103213,2521650,23650.0,23370.4,36.85,38.65,36.7,37.5,135300,1742547720
2025-03-21 14:33:00,CE,ATM+6,10.08853,2521650,23650.0,23366.85,37.55,37.55,36.6,36.6,72675,1742547780
2025-03-21 14:34:00,CE,ATM+6,9.989045,2523150,23650.0,23361.45,37.0,37.0,34.6,34.6,293400,1742547840
2025-03-21 14:35:00,CE,ATM+6,10.096325,2523150,23650.0,23354.8,34.5,35.15,33.7,34.15,187800,1742547900
2025-03-21 14:36:00,CE,ATM+6,10.087203,2523150,23650.0,23355.95,34.45,35.8,34.3,34.3,151725,1742547960
2025-03-21 14:37:00,CE,ATM+6,10.202198,2519550,23650.0,23358.25,34.2,36.0,34.2,35.75,159600,1742548020
2025-03-21 14:38:00,CE,ATM+6,10.148352,2519550,23650.0,23362.65,35.55,36.6,34.85,36.2,132750,1742548080
2025-03-21 14:39:00,CE,ATM+6,10.161454,2519550,23650.0,23362.85,35.85,36.65,35.6,36.35,85575,1742548140
2025-03-21 14:40:00,CE,ATM+6,10.18968,2546025,23650.0,23357.65,36.25,36.5,34.3,35.5,138225,1742548200
2025-03-21 14:41:00,CE,ATM+6,10.072273,2546025,23650.0,23348.45,35.5,35.6,32.65,32.65,194250,1742548260
2025-03-21 14:42:00,CE,ATM+6,10.200221,2546025,23650.0,23349.65,32.7,34.05,31.75,33.95,390225,1742548320
2025-03-21 14:43:00,CE,ATM+6,10.203293,2557350,23650.0,23349.8,33.7,34.3,33.1,34.0,168975,1742548380
2025-03-21 14:44:00,CE,ATM+6,10.172948,2557350,23650.0,23351.85,34.2,35.55,33.75,34.15,200625,1742548440
2025-03-21 14:45:00,CE,ATM+6,10.240326,2557350,23650.0,23347.8,33.85,34.0,32.5,33.9,132150,1742548500
2025-03-21 14:46:00,CE,ATM+6,10.164877,2586975,23650.0,23342.6,34.0,34.0,32.25,32.25,118050,1742548560
2025-03-21 14:47:00,CE,ATM+6,10.116091,2586975,23650.0,23343.15,32.1,32.3,30.35,31.95,207300,1742548620
2025-03-21 14:48:00,CE,ATM+6,10.092169,2586975,23650.0,23344.2,31.95,32.55,31.3,31.95,105075,1742548680
2025-03-21 14:49:00,CE,ATM+6,10.135943,2599725,23650.0,23340.0,31.8,32.1,31.15,31.5,78525,1742548740
2025-03-21 14:50:00,CE,ATM+6,10.125373,2599725,23650.0,23344.4,31.35,32.5,30.6,32.25,173550,1742548800
2025-03-21 14:51:00,CE,ATM+6,10.123636,2599725,23650.0,23346.05,32.35,32.55,31.55,32.55,64425,1742548860
2025-03-21 14:52:00,CE,ATM+6,10.195129,2573175,23650.0,23348.65,32.9,33.95,32.3,33.65,176700,1742548920
2025-03-21 14:53:00,CE,ATM+6,10.260198,2573175,23650.0,23347.7,33.65,34.6,33.2,34.0,147225,1742548980
2025-03-21 14:54:00,CE,ATM+6,10.177159,2573175,23650.0,23345.15,33.85,33.85,32.6,32.8,104100,1742549040
2025-03-21 14:55:00,CE,ATM+6,10.174514,2597775,23650.0,23348.85,32.65,34.05,32.65,33.5,102450,1742549100
2025-03-21 14:56:00,CE,ATM+6,10.200812,2597775,23650.0,23346.25,33.4,33.4,32.25,33.2,92475,1742549160
2025-03-21 14:57:00,CE,ATM+6,10.165216,2597775,23650.0,23346.0,32.8,32.95,32.3,32.85,58425,1742549220
2025-03-21 14:58:00,CE,ATM+6,10.149449,2625150,23650.0,23343.35,33.0,33.2,31.85,32.2,102750,1742549280
2025-03-21 14:59:00,CE,ATM+6,10.212078,2625150,23650.0,23341.75,32.2,32.6,31.7,32.4,103500,1742549340
2025-03-21 15:00:00,CE,ATM+6,9.96697,2625150,23650.0,23344.4,32.1,32.1,30.3,30.9,302925,1742549400
2025-03-21 15:01:00,CE,ATM+6,9.967578,2625225,23650.0,23347.55,30.8,31.55,30.2,31.5,115950,1742549460
2025-03-21 15:02:00,CE,ATM+6,9.985327,2625225,23650.0,23346.3,31.85,31.85,31.0,31.4,90075,1742549520
2025-03-21 15:03:00,CE,ATM+6,10.008509,2625225,23650.0,23339.5,31.3,31.6,30.05,30.3,166500,1742549580
2025-03-21 15:04:00,CE,ATM+6,9.902747,2601825,23650.0,23339.5,30.2,30.7,29.45,29.45,136200,1742549640
2025-03-21 15:05:00,CE,ATM+6,9.930637,2601825,23650.0,23344.25,29.2,30.55,29.05,30.55,184725,1742549700
2025-03-21 15:06:00,CE,ATM+6,9.864978,2601825,23650.0,23343.9,30.5,30.5,29.15,29.95,186600,1742549760
2025-03-21 15:07:00,CE,ATM+6,9.884454,2521500,23650.0,23342.55,30.1,30.45,29.8,29.85,181050,1742549820
2025-03-21 15:08:00,CE,ATM+6,9.830735,2521500,23650.0,23349.15,29.9,30.75,29.7,30.65,93750,1742549880
2025-03-21 15:09:00,CE,ATM+6,9.796956,2521500,23650.0,23358.6,30.7,32.25,30.5,32.2,182850,1742549940
2025-03-21 15:10:00,CE,ATM+6,9.912548,2471550,23650.0,23353.75,32.15,32.25,31.1,32.2,186225,1742550000
2025-03-21 15:11:00,CE,ATM+6,9.837841,2471550,23650.0,23359.45,31.95,32.9,31.75,32.7,148200,1742550060
2025-03-21 15:12:00,CE,ATM+6,9.90165,2471550,23650.0,23357.55,32.8,32.85,31.95,32.85,114825,1742550120
2025-03-21 15:13:00,CE,ATM+6,9.89755,2423850,23650.0,23358.75,32.8,33.3,32.65,33.05,143400,1742550180
2025-03-21 15:14:00,CE,ATM+6,9.971439,2423850,23650.0,23348.8,32.85,32.95,31.6,31.7,157125,1742550240
2025-03-21 15:15:00,CE,ATM+6,10.048824,2423850,23650.0,23347.35,31.7,32.35,31.4,32.05,160500,1742550300
2025-03-21 15:16:00,CE,ATM+6,10.086253,2320650,23650.0,23344.75,32.0,32.2,31.6,31.85,105675,1742550360
2025-03-21 15:17:00,CE,ATM+6,10.036425,2320650,23650.0,23345.6,31.8,31.95,31.45,31.6,89700,1742550420
2025-03-21 15:18:00,CE,ATM+6,9.981322,2320650,23650.0,23342.45,31.5,31.5,29.75,30.55,233850,1742550480
2025-03-21 15:19:00,CE,ATM+6,9.99109,2252475,23650.0,23345.5,30.75,31.35,30.65,31.2,191100,1742550540
2025-03-21 15:20:00,CE,ATM+6,9.729346,2252475,23650.0,23355.9,31.05,31.2,30.35,31.05,138600,1742550600
2025-03-21 15:21:00,CE,ATM+6,9.851861,2252475,23650.0,23355.1,31.0,32.0,30.75,31.9,96600,1742550660
2025-03-21 15:22:00,CE,ATM+6,9.69387,2198250,23650.0,23363.3,32.0,32.45,31.3,32.2,265050,1742550720
2025-03-21 15:23:00,CE,ATM+6,9.713606,2198250,23650.0,23362.75,32.4,32.55,32.05,32.25,102075,1742550780
2025-03-21 15:24:00,CE,ATM+6,9.784532,2198250,23650.0,23360.05,32.3,32.35,31.25,32.3,145500,1742550840
2025-03-21 15:25:00,CE,ATM+6,9.732192,2207100,23650.0,23359.25,32.0,32.15,31.65,31.7,174750,1742550900
2025-03-21 15:26:00,CE,ATM+6,9.672912,2207100,23650.0,23360.0,31.8,31.9,30.8,31.35,153225,1742550960
2025-03-21 15:27:00,CE,ATM+6,9.597496,2207100,23650.0,23362.45,31.45,32.0,31.2,31.2,131175,1742551020
2025-03-21 15:28:00,CE,ATM+6,9.574655,2133525,23650.0,23361.4,31.35,31.35,30.7,30.8,144150,1742551080
2025-03-21 15:29:00,CE,ATM+6,9.606692,2133525,23650.0,23355.65,30.85,30.85,29.5,29.95,283275,1742551140
2025-03-24 09:15:00,CE,ATM+6,13.130025,5650350,23800.0,23489.0,23.7,25.6,19.35,25.0,2058600,1742787900
2025-03-24 09:16:00,CE,ATM+6,13.42364,5650350,23800.0,23509.5,24.75,31.15,24.75,30.25,2121450,1742787960
2025-03-24 09:17:00,CE,ATM+6,13.32378,5650350,23800.0,23501.5,30.2,30.35,28.2,28.2,1187925,1742788020
2025-03-24 09:18:00,CE,ATM+6,13.431002,5661000,23800.0,23505.3,28.3,30.1,27.45,29.5,1017150,1742788080
2025-03-24 09:19:00,CE,ATM+6,13.542701,5661000,23800.0,23514.05,28.6,32.6,28.5,31.8,946800,1742788140
2025-03-24 09:20:00,CE,ATM+6,13.61677,5661000,23800.0,23504.6,31.15,31.15,29.05,30.45,1097400,1742788200
2025-03-24 09:21:00,CE,ATM+6,13.802567,5875575,23800.0,23489.5,29.9,30.1,28.05,28.8,1034400,1742788260
2025-03-24 09:22:00,CE,ATM+6,13.681031,5875575,23800.0,23506.4,28.85,31.15,28.15,31.15,642300,1742788320
2025-03-24 09:23:00,CE,ATM+6,13.619553,5875575,23800.0,23509.2,31.1,32.45,30.25,31.3,1032525,1742788380
2025-03-24 09:24:00,CE,ATM+6,13.428924,6165450,23800.0,23518.4,31.2,32.9,30.65,31.9,713325,1742788440
2025-03-24 09:25:00,CE,ATM+6,13.557857,6165450,23800.0,23506.2,31.9,31.9,28.65,30.35,788175,1742788500
2025-03-24 09:26:00,CE,ATM+6,13.556061,6165450,23800.0,23503.05,30.4,31.15,29.5,29.75,441900,1742788560
2025-03-24 09:27:00,CE,ATM+6,13.562209,6477450,23800.0,23503.45,29.2,30.6,29.05,29.85,511725,1742788620
2025-03-24 09:28:00,CE,ATM+6,13.527901,6477450,23800.0,23509.45,29.55,31.6,29.55,30.75,440325,1742788680
2025-03-24 09:29:00,CE,ATM+6,13.638496,6477450,23800.0,23500.0,30.5,30.7,29.45,29.65,443400,1742788740
2025-03-24 09:30:00,CE,ATM+6,13.898858,2999025,23750.0,23472.55,38.25,38.25,33.4,35.4,1023375,1742788800
2025-03-24 09:31:00,CE,ATM+6,14.012402,2999025,23750.0,23467.15,35.1,35.3,33.95,35.0,366750,1742788860
2025-03-24 09:32:00,CE,ATM+6,14.059759,6630600,23800.0,23487.65,27.05,29.85,26.85,29.85,526575,1742788920
2025-03-24 09:33:00,CE,ATM+6,13.957556,3127050,23750.0,23470.9,38.75,38.75,35.25,35.4,285225,1742788980
2025-03-24 09:34:00,CE,ATM+6,14.242053,3127050,23750.0,23454.9,35.05,35.25,33.3,33.95,763275,1742789040
2025-03-24 09:35:00,CE,ATM+6,14.127381,3127050,23750.0,23470.65,33.75,36.4,33.75,36.4,251475,1742789100
2025-03-24 09:36:00,CE,ATM+6,14.159735,3306075,23750.0,23466.8,36.65,36.85,35.3,35.8,240225,1742789160
2025-03-24 09:37:00,CE,ATM+6,14.315386,3306075,23750.0,23463.05,36.05,36.55,34.65,36.0,199950,1742789220
2025-03-24 09:38:00,CE,ATM+6,14.326824,3306075,23750.0,23462.75,35.95,36.75,35.1,36.0,104925,1742789280
2025-03-24 09:39:00,CE,ATM+6,14.611091,3384300,23750.0,23439.65,35.7,35.7,33.2,33.2,351000,1742789340
2025-03-24 09:40:00,CE,ATM+6,14.461084,3384300,23750.0,23448.1,32.9,34.25,32.35,33.9,414375,1742789400
2025-03-24 09:41:00,CE,ATM+6,14.431495,3384300,23750.0,23468.4,33.4,37.8,33.4,37.8,365625,1742789460
2025-03-24 09:42:00,CE,ATM+6,14.401419,7438575,23800.0,23483.0,29.4,31.4,29.05,30.9,1959225,1742789520
2025-03-24 09:43:00,CE,ATM+6,14.233154,7438575,23800.0,23480.05,30.7,31.4,29.4,29.4,1878225,1742789580
2025-03-24 09:44:00,CE,ATM+6,14.404593,3366150,23750.0,23472.9,38.5,40.2,37.95,38.55,217275,1742789640
2025-03-24 09:45:00,CE,ATM+6,14.261862,8719050,23800.0,23483.2,29.2,31.35,29.2,30.1,1072650,1742789700
2025-03-24 09:46:00,CE,ATM+6,14.345257,8719050,23800.0,23484.75,30.1,30.85,28.7,30.85,957075,1742789760
2025-03-24 09:47:00,CE,ATM+6,14.205323,8719050,23800.0,23487.65,30.75,30.8,29.45,30.55,638625,1742789820
2025-03-24 09:48:00,CE,ATM+6,14.007975,9096450,23800.0,23501.6,30.6,32.0,30.05,31.95,927450,1742789880
2025-03-24 09:49:00,CE,ATM+6,13.909548,9096450,23800.0,23502.65,31.75,32.65,31.0,31.55,942300,1742789940
2025-03-24 09:50:00,CE,ATM+6,14.07503,9096450,23800.0,23519.15,31.45,37.65,31.15,35.8,1736625,1742790000
2025-03-24 09:51:00,CE,ATM+6,14.214246,8781075,23800.0,23507.45,35.9,37.4,33.0,34.3,1447425,1742790060
2025-03-24 09:52:00,CE,ATM+6,14.321445,8781075,23800.0,23509.2,33.9,35.3,32.55,35.3,719475,1742790120
2025-03-24 09:53:00,CE,ATM+6,14.290374,8781075,23800.0,23506.45,35.45,35.95,34.15,34.55,658275,1742790180
2025-03-24 09:54:00,CE,ATM+6,14.290751,8834850,23800.0,23507.5,34.45,36.2,34.1,34.75,486525,1742790240
2025-03-24 09:55:00,CE,ATM+6,14.172573,8834850,23800.0,23520.05,34.75,36.55,34.75,36.55,387300,1742790300
2025-03-24 09:56:00,CE,ATM+6,14.356318,3003525,23850.0,23528.0,27.95,30.5,27.7,29.8,682950,1742790360
2025-03-24 09:57:00,CE,ATM+6,14.422238,3007800,23850.0,23531.0,29.75,30.7,29.05,30.7,554325,1742790420
2025-03-24 09:58:00,CE,ATM+6,14.466363,3007800,23850.0,23541.1,30.6,34.8,30.15,32.8,913125,1742790480
2025-03-24 09:59:00,CE,ATM+6,14.50342,3007800,23850.0,23542.1,33.3,34.35,32.9,33.2,402300,1742790540
2025-03-24 10:00:00,CE,ATM+6,14.524386,2929050,23850.0,23535.05,33.05,34.2,32.0,32.0,394800,1742790600
2025-03-24 10:01:00,CE,ATM+6,14.588033,2929050,23850.0,23547.35,32.4,35.95,32.4,34.7,519450,1742790660
2025-03-24 10:02:00,CE,ATM+6,14.723653,2929050,23850.0,23547.5,34.05,35.55,33.8,35.55,302850,1742790720
2025-03-24 10:03:00,CE,ATM+6,14.650968,2859675,23850.0,23555.55,35.65,38.7,35.45,36.7,645000,1742790780
2025-03-24 10:04:00,CE,ATM+6,14.777758,2859675,23850.0,23550.2,36.85,37.7,36.3,36.4,296400,1742790840
2025-03-24 10:05:00,CE,ATM+6,14.789194,2859675,23850.0,23549.4,36.9,37.15,34.95,36.3,366150,1742790900
2025-03-24 10:06:00,CE,ATM+6,14.771107,2984025,23850.0,23547.25,36.6,36.7,34.8,35.75,320850,1742790960
2025-03-24 10:07:00,CE,ATM+6,14.768019,2984025,23850.0,23547.4,36.25,37.1,35.75,35.75,233550,1742791020
2025-03-24 10:08:00,CE,ATM+6,14.871038,2984025,23850.0,23551.5,35.4,37.45,35.2,37.2,314925,1742791080
2025-03-24 10:09:00,CE,ATM+6,14.80649,3016500,23850.0,23545.55,37.45,37.5,35.2,35.6,250725,1742791140
2025-03-24 10:10:00,CE,ATM+6,14.85589,3016500,23850.0,23549.6,35.65,36.7,35.05,36.7,181050,1742791200
2025-03-24 10:11:00,CE,ATM+6,14.734284,3016500,23850.0,23547.4,36.9,37.35,35.5,35.5,219975,1742791260
2025-03-24 10:12:00,CE,ATM+6,14.831361,3074700,23850.0,23541.35,35.45,35.5,33.9,34.9,272175,1742791320
2025-03-24 10:13:00,CE,ATM+6,14.917662,3074700,23850.0,23542.3,35.2,36.7,34.7,35.6,380400,1742791380
2025-03-24 10:14:00,CE,ATM+6,14.961087,3074700,23850.0,23544.05,35.5,36.2,35.3,36.2,80850,1742791440
2025-03-24 10:15:00,CE,ATM+6,15.077196,3146775,23850.0,23541.0,36.25,37.05,35.05,36.3,185925,1742791500
2025-03-24 10:16:00,CE,ATM+6,15.003204,3146775,23850.0,23542.85,36.1,36.9,35.6,36.2,197625,1742791560
2025-03-24 10:17:00,CE,ATM+6,15.000466,3146775,23850.0,23547.75,36.0,37.2,36.0,37.15,164850,1742791620
2025-03-24 10:18:00,CE,ATM+6,14.913398,3174600,23850.0,23549.25,37.15,38.2,36.2,36.9,239400,1742791680
2025-03-24 10:19:00,CE,ATM+6,15.037964,3174600,23850.0,23559.05,37.15,39.9,37.15,39.7,373425,1742791740
2025-03-24 10:20:00,CE,ATM+6,14.863274,3174600,23850.0,23554.1,40.1,41.1,37.4,37.55,546375,1742791800
2025-03-24 10:21:00,CE,ATM+6,15.064213,3204450,23850.0,23555.75,37.7,39.4,37.7,39.15,233100,1742791860
2025-03-24 10:22:00,CE,ATM+6,15.035616,3204450,23850.0,23549.9,38.7,39.05,37.5,37.75,162900,1742791920
2025-03-24 10:23:00,CE,ATM+6,14.984839,3204450,23850.0,23549.3,37.65,37.8,36.65,37.3,155850,1742791980
2025-03-24 10:24:00,CE,ATM+6,15.000086,3218025,23850.0,23545.4,37.7,37.7,36.15,36.6,117525,1742792040
2025-03-24 10:25:00,CE,ATM+6,14.990137,3218025,23850.0,23553.65,36.85,38.35,36.65,38.2,128700,1742792100
2025-03-24 10:26:00,CE,ATM+6,15.166771,3218025,23850.0,23554.1,38.75,39.5,38.0,39.4,129975,1742792160
2025-03-24 10:27:00,CE,ATM+6,15.001106,3186300,23850.0,23562.0,39.2,41.45,38.75,40.0,431925,1742792220
2025-03-24 10:28:00,CE,ATM+6,15.170473,3186300,23850.0,23565.3,40.05,42.1,39.25,41.8,335025,1742792280
2025-03-24 10:29:00,CE,ATM+6,15.136517,3186300,23850.0,23559.2,41.85,41.85,40.25,40.25,280050,1742792340
2025-03-24 10:30:00,CE,ATM+6,15.116735,3186300,23850.0,23563.8,40.05,41.45,40.05,41.1,143775,1742792400
2025-03-24 10:31:00,CE,ATM+6,15.065312,3188400,23850.0,23565.85,41.35,42.95,41.1,41.2,246825,1742792460
2025-03-24 10:32:00,CE,ATM+6,15.285005,3188400,23850.0,23563.7,41.5,42.5,40.9,42.15,230775,1742792520
2025-03-24 10:33:00,CE,ATM+6,15.436682,3188400,23850.0,23566.7,42.0,45.0,41.7,43.8,419850,1742792580
2025-03-24 10:34:00,CE,ATM+6,15.512548,3153525,23850.0,23560.0,44.1,44.75,42.8,42.8,323625,1742792640
2025-03-24 10:35:00,CE,ATM+6,15.666647,3153525,23850.0,23566.25,42.7,45.25,42.7,45.2,300750,1742792700
2025-03-24 10:36:00,CE,ATM+6,15.885174,4783500,23900.0,23577.65,36.05,40.45,36.05,38.6,1037550,1742792760
2025-03-24 10:37:00,CE,ATM+6,16.103803,4703100,23900.0,23576.2,38.75,41.25,38.65,39.65,498375,1742792820
2025-03-24 10:38:00,CE,ATM+6,16.285342,4703100,23900.0,23578.8,40.85,42.0,40.55,41.3,597150,1742792880
2025-03-24 10:39:00,CE,ATM+6,16.036837,3014475,23850.0,23572.5,50.85,50.85,48.5,49.1,254175,1742792940
2025-03-24 10:40:00,CE,ATM+6,16.252593,4821075,23900.0,23576.25,39.85,41.0,39.85,40.55,255600,1742793000
2025-03-24 10:41:00,CE,ATM+6,16.287863,4821075,23900.0,23581.8,40.7,44.0,40.7,41.9,576225,1742793060
2025-03-24 10:42:00,CE,ATM+6,16.560467,4821075,23900.0,23580.75,42.0,43.4,41.5,43.4,506175,1742793120
2025-03-24 10:43:00,CE,ATM+6,16.56306,4937025,23900.0,23578.35,43.85,44.25,42.65,42.9,375975,1742793180
2025-03-24 10:44:00,CE,ATM+6,16.674901,4937025,23900.0,23576.45,42.95,45.3,42.8,43.2,464850,1742793240
2025-03-24 10:45:00,CE,ATM+6,16.284976,3094800,23850.0,23573.65,52.9,54.5,51.0,51.0,203700,1742793300
2025-03-24 10:46:00,CE,ATM+6,16.548025,5016825,23900.0,23580.65,41.25,43.85,41.25,43.25,295200,1742793360
2025-03-24 10:47:00,CE,ATM+6,16.667635,5016825,23900.0,23584.85,43.85,45.65,43.65,44.9,275700,1742793420
2025-03-24 10:48:00,CE,ATM+6,16.699137,5016825,23900.0,23583.5,45.6,46.55,44.35,44.8,300750,1742793480
2025-03-24 10:49:00,CE,ATM+6,16.784717,5106450,23900.0,23590.85,44.7,46.95,43.7,46.95,240450,1742793540
2025-03-24 10:50:00,CE,ATM+6,16.90272,5106450,23900.0,23592.35,46.05,48.7,45.0,48.05,563325,1742793600
2025-03-24 10:51:00,CE,ATM+6,16.903221,5106450,23900.0,23595.05,47.8,49.45,46.65,48.65,362475,1742793660
2025-03-24 10:52:00,CE,ATM+6,16.922966,5279175,23900.0,23594.75,48.55,50.2,48.35,48.7,521775,1742793720
2025-03-24 10:53:00,CE,ATM+6,17.063788,5279175,23900.0,23597.25,48.65,51.25,48.6,50.2,462675,1742793780
2025-03-24 10:54:00,CE,ATM+6,17.151584,5279175,23900.0,23594.1,50.3,50.95,49.25,50.05,406650,1742793840
2025-03-24 10:55:00,CE,ATM+6,17.353859,5427825,23900.0,23599.25,50.15,52.6,49.9,52.6,386100,1742793900
2025-03-24 10:56:00,CE,ATM+6,17.368867,5427825,23900.0,23599.3,52.7,55.2,52.65,52.7,656250,1742793960
2025-03-24 10:57:00,CE,ATM+6,17.826616,5427825,23900.0,23605.75,52.9,57.4,52.9,57.4,657150,1742794020
2025-03-24 10:58:00,CE,ATM+6,18.143453,5467875,23900.0,23609.1,57.05,61.45,57.05,60.45,693525,1742794080
2025-03-24 10:59:00,CE,ATM+6,18.817491,5467875,23900.0,23624.45,60.7,69.35,60.45,69.35,627525,1742794140
2025-03-24 11:00:00,CE,ATM+6,18.377824,5467875,23900.0,23618.2,69.45,70.7,62.0,64.45,773700,1742794200
2025-03-24 11:01:00,CE,ATM+6,18.306223,5451975,23900.0,23615.65,64.35,64.35,60.1,63.25,546525,1742794260
2025-03-24 11:02:00,CE,ATM+6,18.122716,5451975,23900.0,23614.6,63.5,63.55,60.85,61.65,274350,1742794320
2025-03-24 11:03:00,CE,ATM+6,18.059747,1761525,23950.0,23628.8,50.3,53.7,49.55,52.75,237525,1742794380
2025-03-24 11:04:00,CE,ATM+6,18.095783,1785900,23950.0,23630.2,52.8,55.6,52.65,53.3,295575,1742794440
2025-03-24 11:05:00,CE,ATM+6,17.755469,5569275,23900.0,23619.3,64.25,64.7,60.2,60.2,367650,1742794500
2025-03-24 11:06:00,CE,ATM+6,17.315745,5569275,23900.0,23620.2,60.25,60.8,54.9,57.3,641250,1742794560
2025-03-24 11:07:00,CE,ATM+6,17.123852,5648250,23900.0,23621.45,57.55,59.3,56.2,56.25,326400,1742794620
2025-03-24 11:08:00,CE,ATM+6,17.319205,5648250,23900.0,23621.6,56.3,58.0,56.3,57.65,188625,1742794680
2025-03-24 11:09:00,CE,ATM+6,16.938624,5648250,23900.0,23611.75,57.4,59.2,52.5,52.55,379050,1742794740
2025-03-24 11:10:00,CE,ATM+6,16.745402,5696850,23900.0,23605.1,53.4,53.8,49.65,49.65,432300,1742794800
2025-03-24 11:11:00,CE,ATM+6,16.960319,5696850,23900.0,23604.3,49.85,50.9,46.1,50.9,502725,1742794860
2025-03-24 11:12:00,CE,ATM+6,17.112496,5696850,23900.0,23603.8,50.7,52.0,48.45,51.8,239325,1742794920
2025-03-24 11:13:00,CE,ATM+6,17.262183,5732550,23900.0,23614.7,51.8,55.85,51.0,55.45,280575,1742794980
2025-03-24 11:14:00,CE,ATM+6,17.191968,5732550,23900.0,23614.1,56.05,56.6,54.4,54.8,288225,1742795040
2025-03-24 11:15:00,CE,ATM+6,17.24901,5732550,23900.0,23610.5,54.15,56.0,52.4,54.3,222975,1742795100
2025-03-24 11:16:00,CE,ATM+6,17.121111,5776050,23900.0,23602.3,54.55,54.55,50.8,51.45,344325,1742795160
2025-03-24 11:17:00,CE,ATM+6,17.117219,5776050,23900.0,23600.55,51.65,52.15,48.65,51.0,430425,1742795220
2025-03-24 11:18:00,CE,ATM+6,17.016591,5776050,23900.0,23601.8,50.2,50.6,48.65,50.6,213600,1742795280
2025-03-24 11:19:00,CE,ATM+6,16.936162,5670150,23900.0,23602.25,51.15,51.45,49.3,50.15,166650,1742795340
2025-03-24 11:20:00,CE,ATM+6,16.827093,5670150,23900.0,23610.55,50.35,52.6,50.3,51.35,230550,1742795400
2025-03-24 11:21:00,CE,ATM+6,16.827841,5670150,23900.0,23616.0,51.4,53.6,51.4,52.65,215625,1742795460
2025-03-24 11:22:00,CE,ATM+6,16.974999,5733150,23900.0,23619.05,52.85,54.5,51.35,54.4,166500,1742795520
2025-03-24 11:23:00,CE,ATM+6,16.982972,5733150,23900.0,23620.7,54.2,55.4,53.6,54.85,338925,1742795580
2025-03-24 11:24:00,CE,ATM+6,17.02054,5733150,23900.0,23619.5,54.5,54.95,53.0,54.8,194400,1742795640
2025-03-24 11:25:00,CE,ATM+6,17.031913,5618775,23900.0,23621.85,55.1,55.7,53.95,55.45,222600,1742795700
2025-03-24 11:26:00,CE,ATM+6,17.048221,5618775,23900.0,23622.25,55.65,56.55,55.3,55.65,188325,1742795760
2025-03-24 11:27:00,CE,ATM+6,16.942998,5618775,23900.0,23622.65,55.0,56.5,55.0,55.0,147600,1742795820
2025-03-24 11:28:00,CE,ATM+6,17.166541,2004375,23950.0,23633.7,45.15,47.9,44.8,47.6,176850,1742795880
2025-03-24 11:29:00,CE,ATM+6,17.067387,2004375,23950.0,23631.0,47.8,48.4,46.1,46.35,171675,1742795940
2025-03-24 11:30:00,CE,ATM+6,17.233855,2004375,23950.0,23629.55,46.45,47.1,45.85,47.1,97725,1742796000
2025-03-24 11:31:00,CE,ATM+6,17.154155,2000925,23950.0,23635.6,46.6,48.0,46.1,47.9,119100,1742796060
2025-03-24 11:32:00,CE,ATM+6,17.018498,2000925,23950.0,23640.55,47.45,48.85,46.7,48.1,240900,1742796120
2025-03-24 11:33:00,CE,ATM+6,17.005129,2000925,23950.0,23629.4,48.0,48.35,45.55,45.55,315450,1742796180
2025-03-24 11:34:00,CE,ATM+6,17.019377,2043150,23950.0,23626.7,45.65,45.95,44.45,45.05,140925,1742796240
2025-03-24 11:35:00,CE,ATM+6,16.857096,5691900,23900.0,23623.5,54.9,55.3,53.0,54.5,270675,1742796300
2025-03-24 11:36:00,CE,ATM+6,16.796833,5691900,23900.0,23615.25,54.65,55.75,52.05,52.05,213750,1742796360
2025-03-24 11:37:00,CE,ATM+6,16.612104,5659500,23900.0,23613.25,52.65,52.75,50.0,50.3,286425,1742796420
2025-03-24 11:38:00,CE,ATM+6,16.225334,5659500,23900.0,23606.55,49.45,50.0,44.6,46.15,520050,1742796480
2025-03-24 11:39:00,CE,ATM+6,16.182965,5659500,23900.0,23600.9,46.5,46.5,43.2,44.6,382875,1742796540
2025-03-24 11:40:00,CE,ATM+6,16.451463,5652975,23900.0,23601.6,45.2,47.75,44.9,46.5,317400,1742796600
2025-03-24 11:41:00,CE,ATM+6,16.294099,5652975,23900.0,23600.0,46.8,47.8,44.7,45.1,313650,1742796660
2025-03-24 11:42:00,CE,ATM+6,16.058991,5652975,23900.0,23592.25,45.25,45.25,39.0,41.9,540900,1742796720
2025-03-24 11:43:00,CE,ATM+6,15.569829,5432100,23900.0,23581.9,41.95,41.95,36.4,36.75,896775,1742796780
2025-03-24 11:44:00,CE,ATM+6,15.972587,5432100,23900.0,23590.2,36.3,40.9,36.3,40.9,368175,1742796840
2025-03-24 11:45:00,CE,ATM+6,16.301141,5432100,23900.0,23597.75,40.9,44.6,40.9,44.6,611100,1742796900
2025-03-24 11:46:00,CE,ATM+6,16.313813,5423100,23900.0,23609.7,44.95,47.45,44.5,47.35,307725,1742796960
2025-03-24 11:47:00,CE,ATM+6,16.318239,5423100,23900.0,23611.8,47.55,48.25,46.35,47.85,295650,1742797020
2025-03-24 11:48:00,CE,ATM+6,16.469443,5423100,23900.0,23611.8,47.75,48.85,45.45,48.85,244800,1742797080
2025-03-24 11:49:00,CE,ATM+6,16.21835,5436075,23900.0,23609.8,48.45,48.45,46.55,46.7,158175,1742797140
2025-03-24 11:50:00,CE,ATM+6,16.270841,5436075,23900.0,23605.9,46.3,47.2,45.8,46.15,184200,1742797200
2025-03-24 11:51:00,CE,ATM+6,16.362108,5436075,23900.0,23608.8,46.05,47.4,44.55,47.4,221325,1742797260
2025-03-24 11:52:00,CE,ATM+6,16.205889,5453475,23900.0,23603.0,47.55,47.55,44.45,45.05,171225,1742797320
2025-03-24 11:53:00,CE,ATM+6,16.372867,5453475,23900.0,23600.85,45.2,46.5,44.65,45.65,103650,1742797380
2025-03-24 11:54:00,CE,ATM+6,16.27299,5453475,23900.0,23610.9,45.8,47.5,45.6,47.25,105825,1742797440
2025-03-24 11:55:00,CE,ATM+6,16.312694,5483025,23900.0,23609.15,47.45,47.45,45.95,47.1,135150,1742797500
2025-03-24 11:56:00,CE,ATM+6,16.408488,5483025,23900.0,23613.15,47.3,48.65,46.05,48.65,108975,1742797560
2025-03-24 11:57:00,CE,ATM+6,16.357966,5483025,23900.0,23615.3,49.05,49.5,47.35,48.8,151650,1742797620
2025-03-24 11:58:00,CE,ATM+6,16.284923,5500875,23900.0,23616.6,48.75,49.95,47.8,48.6,166425,1742797680
2025-03-24 11:59:00,CE,ATM+6,16.239252,5500875,23900.0,23621.35,49.0,49.9,48.0,49.4,102975,1742797740
2025-03-24 12:00:00,CE,ATM+6,16.242228,5500875,23900.0,23620.9,49.55,49.55,47.9,49.3,235500,1742797800
2025-03-24 12:01:00,CE,ATM+6,16.144213,5505750,23900.0,23622.7,49.15,49.6,48.5,49.05,188625,1742797860
2025-03-24 12:02:00,CE,ATM+6,16.025561,5505750,23900.0,23615.25,49.0,49.25,46.45,46.5,185850,1742797920
2025-03-24 12:03:00,CE,ATM+6,16.050209,5505750,23900.0,23609.75,46.2,47.2,44.95,45.4,268950,1742797980
2025-03-24 12:04:00,CE,ATM+6,16.089343,5474850,23900.0,23613.95,45.6,47.8,44.85,46.6,126750,1742798040
2025-03-24 12:05:00,CE,ATM+6,16.10212,5474850,23900.0,23609.9,46.05,46.4,44.9,45.75,167700,1742798100
2025-03-24 12:06:00,CE,ATM+6,16.038383,5474850,23900.0,23611.15,45.5,46.25,44.5,45.6,96375,1742798160
2025-03-24 12:07:00,CE,ATM+6,16.088574,5480325,23900.0,23619.75,45.95,48.2,45.95,47.9,139725,1742798220
2025-03-24 12:08:00,CE,ATM+6,16.012479,5480325,23900.0,23622.2,47.85,48.9,46.8,47.95,179175,1742798280
2025-03-24 12:09:00,CE,ATM+6,16.161296,5480325,23900.0,23616.7,47.8,48.9,47.35,47.65,125550,1742798340
2025-03-24 12:10:00,CE,ATM+6,16.087569,5490825,23900.0,23623.55,47.85,49.2,47.7,48.75,118875,1742798400
2025-03-24 12:11:00,CE,ATM+6,16.355627,2311050,23950.0,23626.15,39.6,41.0,38.9,40.3,165600,1742798460
2025-03-24 12:12:00,CE,ATM+6,16.477683,2311050,23950.0,23625.2,40.5,41.3,39.85,40.85,178650,1742798520
2025-03-24 12:13:00,CE,ATM+6,16.281259,2295600,23950.0,23630.5,40.75,41.55,40.45,40.7,110625,1742798580
2025-03-24 12:14:00,CE,ATM+6,16.323442,2295600,23950.0,23628.05,40.85,41.1,40.15,40.45,70500,1742798640
2025-03-24 12:15:00,CE,ATM+6,16.288801,2295600,23950.0,23626.2,40.6,40.85,39.75,39.85,86775,1742798700
2025-03-24 12:16:00,CE,ATM+6,16.356037,2305350,23950.0,23628.65,39.75,40.9,39.7,40.75,51750,1742798760
2025-03-24 12:17:00,CE,ATM+6,16.471534,2305350,23950.0,23635.1,40.8,43.0,40.75,42.8,185925,1742798820
2025-03-24 12:18:00,CE,ATM+6,16.442542,2305350,23950.0,23641.65,42.55,44.1,41.95,44.0,183300,1742798880
2025-03-24 12:19:00,CE,ATM+6,16.317138,2275575,23950.0,23638.9,44.05,44.4,42.2,42.6,173100,1742798940
2025-03-24 12:20:00,CE,ATM+6,16.227517,2275575,23950.0,23637.85,42.7,43.9,41.5,41.8,117375,1742799000
2025-03-24 12:21:00,CE,ATM+6,16.25269,2275575,23950.0,23633.3,42.0,42.7,40.75,41.0,125325,1742799060
2025-03-24 12:22:00,CE,ATM+6,16.216622,2284125,23950.0,23632.75,40.35,41.0,39.3,40.65,131625,1742799120
2025-03-24 12:23:00,CE,ATM+6,16.106789,2284125,23950.0,23633.7,41.0,41.5,39.75,40.15,83475,1742799180
2025-03-24 12:24:00,CE,ATM+6,16.231835,2284125,23950.0,23634.35,40.05,41.4,39.85,41.05,49275,1742799240
2025-03-24 12:25:00,CE,ATM+6,16.237634,2303700,23950.0,23637.6,41.1,41.75,40.15,41.75,78375,1742799300
2025-03-24 12:26:00,CE,ATM+6,16.161247,2303700,23950.0,23643.5,41.75,43.25,41.75,42.5,222675,1742799360
2025-03-24 12:27:00,CE,ATM+6,16.208656,2303700,23950.0,23644.95,42.65,43.2,41.9,43.1,89700,1742799420
2025-03-24 12:28:00,CE,ATM+6,16.108777,2322150,23950.0,23646.35,42.85,43.6,42.4,42.75,99525,1742799480
2025-03-24 12:29:00,CE,ATM+6,16.067624,2322150,23950.0,23646.7,42.85,43.3,42.0,42.55,65850,1742799540
2025-03-24 12:30:00,CE,ATM+6,15.889244,2322150,23950.0,23648.8,42.55,43.0,41.55,41.85,102075,1742799600
2025-03-24 12:31:00,CE,ATM+6,15.892076,2347875,23950.0,23643.8,42.0,42.0,39.75,40.8,133050,1742799660
2025-03-24 12:32:00,CE,ATM+6,15.790138,2347875,23950.0,23642.6,40.9,41.1,39.9,39.9,111825,1742799720
2025-03-24 12:33:00,CE,ATM+6,15.698862,2347875,23950.0,23640.3,39.95,40.5,38.3,38.85,143025,1742799780
2025-03-24 12:34:00,CE,ATM+6,15.687006,2311425,23950.0,23635.5,39.15,39.35,37.7,37.8,126975,1742799840
2025-03-24 12:35:00,CE,ATM+6,15.781616,2311425,23950.0,23637.65,37.85,38.8,37.45,38.8,105225,1742799900
2025-03-24 12:36:00,CE,ATM+6,15.93189,2311425,23950.0,23641.45,38.7,40.5,38.7,40.5,98775,1742799960
2025-03-24 12:37:00,CE,ATM+6,15.886564,2337525,23950.0,23644.55,40.45,40.95,39.5,40.85,77325,1742800020
2025-03-24 12:38:00,CE,ATM+6,15.834415,2337525,23950.0,23641.85,40.8,40.8,39.4,39.95,120300,1742800080
2025-03-24 12:39:00,CE,ATM+6,15.750157,2337525,23950.0,23633.35,39.85,39.85,37.65,37.7,90825,1742800140
2025-03-24 12:40:00,CE,ATM+6,15.799078,2331975,23950.0,23631.4,37.65,37.65,35.85,37.6,202575,1742800200
2025-03-24 12:41:00,CE,ATM+6,15.901335,2331975,23950.0,23634.35,37.1,38.8,37.0,38.8,170100,1742800260
2025-03-24 12:42:00,CE,ATM+6,16.049284,2331975,23950.0,23638.5,38.55,40.8,38.55,40.55,223050,1742800320
2025-03-24 12:43:00,CE,ATM+6,16.047947,2270025,23950.0,23634.7,40.55,40.75,39.45,39.75,168600,1742800380
2025-03-24 12:44:00,CE,ATM+6,16.043707,2270025,23950.0,23636.6,39.4,40.65,39.4,40.1,166725,1742800440
2025-03-24 12:45:00,CE,ATM+6,16.076631,2270025,23950.0,23636.15,39.75,40.5,39.45,40.2,114675,1742800500
2025-03-24 12:46:00,CE,ATM+6,16.076339,2268525,23950.0,23630.3,40.25,40.25,37.75,39.0,155625,1742800560
2025-03-24 12:47:00,CE,ATM+6,15.906289,2268525,23950.0,23634.55,39.05,39.7,38.8,38.8,82875,1742800620
2025-03-24 12:48:00,CE,ATM+6,15.952815,2268525,23950.0,23640.55,38.8,40.3,38.8,40.3,88800,1742800680
2025-03-24 12:49:00,CE,ATM+6,16.029948,2240475,23950.0,23642.85,40.75,41.65,40.35,41.25,157875,1742800740
2025-03-24 12:50:00,CE,ATM+6,15.941135,2240475,23950.0,23640.05,41.15,41.15,39.2,40.1,123600,1742800800
2025-03-24 12:51:00,CE,ATM+6,15.864264,2240475,23950.0,23637.3,39.85,40.4,38.3,39.05,102300,1742800860
2025-03-24 12:52:00,CE,ATM+6,15.878133,2259150,23950.0,23635.7,38.9,39.05,38.2,38.8,44025,1742800920
2025-03-24 12:53:00,CE,ATM+6,15.757193,2259150,23950.0,23641.4,38.7,39.2,38.4,39.2,75825,1742800980
2025-03-24 12:54:00,CE,ATM+6,15.823151,2259150,23950.0,23644.8,39.15,40.45,39.0,40.3,62625,1742801040
2025-03-24 12:55:00,CE,ATM+6,15.808755,2295000,23950.0,23645.05,40.25,40.75,39.9,40.25,51525,1742801100
2025-03-24 12:56:00,CE,ATM+6,15.806583,2295000,23950.0,23629.05,40.05,40.05,37.0,37.0,124800,1742801160
2025-03-24 12:57:00,CE,ATM+6,15.567217,5558175,23900.0,23622.8,45.65,46.2,42.4,44.5,389850,1742801220
2025-03-24 12:58:00,CE,ATM+6,15.649536,5545425,23900.0,23622.45,43.85,45.3,43.35,44.95,187275,1742801280
2025-03-24 12:59:00,CE,ATM+6,15.690565,5545425,23900.0,23622.85,45.65,46.1,45.05,45.3,132150,1742801340
2025-03-24 13:00:00,CE,ATM+6,15.984478,2237250,23950.0,23625.6,36.05,37.6,36.05,37.35,192975,1742801400
2025-03-24 13:01:00,CE,ATM+6,15.690027,5584050,23900.0,23620.35,46.25,46.35,44.7,44.7,110400,1742801460
2025-03-24 13:02:00,CE,ATM+6,15.870822,2147850,23950.0,23625.1,35.95,36.75,35.1,36.55,125550,1742801520
2025-03-24 13:03:00,CE,ATM+6,15.871351,2147850,23950.0,23632.05,36.5,37.9,36.1,37.9,80850,1742801580
2025-03-24 13:04:00,CE,ATM+6,15.912855,2193675,23950.0,23632.35,37.6,39.1,37.6,38.2,126450,1742801640
2025-03-24 13:05:00,CE,ATM+6,15.895184,2193675,23950.0,23633.45,38.35,39.0,38.1,38.3,72225,1742801700
2025-03-24 13:06:00,CE,ATM+6,15.795028,2193675,23950.0,23638.3,38.55,38.9,37.7,38.65,62625,1742801760
2025-03-24 13:07:00,CE,ATM+6,15.70407,2184300,23950.0,23644.3,38.75,39.5,38.45,39.3,64575,1742801820
2025-03-24 13:08:00,CE,ATM+6,15.71509,2184300,23950.0,23643.05,39.4,39.65,38.45,39.1,104400,1742801880
2025-03-24 13:09:00,CE,ATM+6,15.763565,2184300,23950.0,23647.45,39.25,40.4,39.2,40.3,76725,1742801940
2025-03-24 13:10:00,CE,ATM+6,15.754948,2206500,23950.0,23642.45,40.05,40.65,39.0,39.2,128700,1742802000
2025-03-24 13:11:00,CE,ATM+6,15.79439,2206500,23950.0,23648.55,39.5,40.8,39.35,40.7,55200,1742802060
2025-03-24 13:12:00,CE,ATM+6,15.716769,2206500,23950.0,23650.45,40.75,41.0,39.5,40.6,117450,1742802120
2025-03-24 13:13:00,CE,ATM+6,15.710764,2229825,23950.0,23653.75,40.55,41.8,40.2,41.25,144675,1742802180
2025-03-24 13:14:00,CE,ATM+6,15.650801,2229825,23950.0,23654.65,41.15,41.25,40.0,41.05,121800,1742802240
2025-03-24 13:15:00,CE,ATM+6,15.609035,2229825,23950.0,23659.2,41.1,42.0,40.6,41.75,149775,1742802300
2025-03-24 13:16:00,CE,ATM+6,15.558793,2188275,23950.0,23664.85,42.0,42.65,41.3,42.65,175800,1742802360
2025-03-24 13:17:00,CE,ATM+6,15.517476,2188275,23950.0,23662.7,42.35,42.35,40.85,41.9,195000,1742802420
2025-03-24 13:18:00,CE,ATM+6,15.4547,2188275,23950.0,23661.15,41.9,41.9,41.0,41.15,70050,1742802480
2025-03-24 13:19:00,CE,ATM+6,15.459274,2186550,23950.0,23650.9,41.35,41.35,38.65,39.0,228300,1742802540
2025-03-24 13:20:00,CE,ATM+6,15.562112,2186550,23950.0,23656.45,39.2,40.8,39.2,40.8,140025,1742802600
2025-03-24 13:21:00,CE,ATM+6,15.492559,2186550,23950.0,23655.75,40.6,41.1,39.8,40.2,51375,1742802660
2025-03-24 13:22:00,CE,ATM+6,15.466795,2211450,23950.0,23657.75,39.9,40.45,39.55,40.45,45450,1742802720
2025-03-24 13:23:00,CE,ATM+6,15.45741,2211450,23950.0,23656.2,40.45,40.45,39.75,40.05,47100,1742802780
2025-03-24 13:24:00,CE,ATM+6,15.418641,2211450,23950.0,23654.8,40.0,40.0,38.55,39.5,89850,1742802840
2025-03-24 13:25:00,CE,ATM+6,15.583501,2273475,23950.0,23656.8,39.7,41.1,39.7,40.95,160575,1742802900
2025-03-24 13:26:00,CE,ATM+6,15.569408,2273475,23950.0,23659.6,40.95,41.45,40.1,41.45,117225,1742802960
2025-03-24 13:27:00,CE,ATM+6,15.510197,2273475,23950.0,23658.85,41.4,41.4,40.1,40.9,101850,1742803020
2025-03-24 13:28:00,CE,ATM+6,15.434932,2257350,23950.0,23659.5,40.8,41.05,40.45,40.55,46875,1742803080
2025-03-24 13:29:00,CE,ATM+6,15.391792,2257350,23950.0,23660.6,40.45,41.0,40.2,40.5,48450,1742803140
2025-03-24 13:30:00,CE,ATM+6,15.358743,2257350,23950.0,23657.4,40.15,40.5,39.5,39.6,76200,1742803200
2025-03-24 13:31:00,CE,ATM+6,15.449072,2262450,23950.0,23659.95,39.6,40.75,39.55,40.7,30675,1742803260
2025-03-24 13:32:00,CE,ATM+6,15.429429,2262450,23950.0,23658.95,40.75,40.9,40.25,40.35,50400,1742803320
2025-03-24 13:33:00,CE,ATM+6,15.422213,2262450,23950.0,23657.1,40.15,40.9,39.55,39.9,120000,1742803380
2025-03-24 13:34:00,CE,ATM+6,15.333917,2229825,23950.0,23658.6,40.2,40.2,38.25,39.65,176625,1742803440
2025-03-24 13:35:00,CE,ATM+6,15.463762,2229825,23950.0,23658.1,40.0,40.85,39.9,40.35,72600,1742803500
2025-03-24 13:36:00,CE,ATM+6,15.412397,2229825,23950.0,23655.9,40.2,40.55,39.55,39.55,124125,1742803560
2025-03-24 13:37:00,CE,ATM+6,15.43107,2232675,23950.0,23651.8,38.75,39.35,37.8,38.8,112725,1742803620
2025-03-24 13:38:00,CE,ATM+6,15.337373,2232675,23950.0,23653.7,38.8,38.95,38.15,38.6,116625,1742803680
2025-03-24 13:39:00,CE,ATM+6,15.475217,2232675,23950.0,23657.75,38.5,40.75,38.15,40.3,136200,1742803740
2025-03-24 13:40:00,CE,ATM+6,15.493105,2329125,23950.0,23658.45,40.25,41.4,40.25,40.55,168600,1742803800
2025-03-24 13:41:00,CE,ATM+6,15.51292,2329125,23950.0,23657.45,40.35,40.75,39.6,40.45,86550,1742803860
2025-03-24 13:42:00,CE,ATM+6,15.516494,2329125,23950.0,23655.75,40.45,40.8,39.65,40.1,70050,1742803920
2025-03-24 13:43:00,CE,ATM+6,15.461368,2357850,23950.0,23653.4,39.95,40.45,39.2,39.25,57975,1742803980
2025-03-24 13:44:00,CE,ATM+6,15.48933,2357850,23950.0,23650.45,39.0,39.05,38.45,38.8,105225,1742804040
2025-03-24 13:45:00,CE,ATM+6,15.413133,2357850,23950.0,23639.9,38.9,38.9,36.0,36.2,201600,1742804100
2025-03-24 13:46:00,CE,ATM+6,15.30009,2347875,23950.0,23629.05,36.0,36.0,33.2,33.45,227850,1742804160
2025-03-24 13:47:00,CE,ATM+6,15.443062,2347875,23950.0,23639.1,33.7,36.25,33.7,36.2,162825,1742804220
2025-03-24 13:48:00,CE,ATM+6,15.438574,2347875,23950.0,23639.55,36.15,36.45,35.15,36.25,73350,1742804280
2025-03-24 13:49:00,CE,ATM+6,15.533095,2354700,23950.0,23638.5,36.05,36.9,35.8,36.6,77775,1742804340
2025-03-24 13:50:00,CE,ATM+6,15.504577,2354700,23950.0,23641.7,36.35,37.25,36.2,37.05,85350,1742804400
2025-03-24 13:51:00,CE,ATM+6,15.529858,2354700,23950.0,23646.95,36.7,38.45,36.7,38.25,134025,1742804460
2025-03-24 13:52:00,CE,ATM+6,15.491875,2439375,23950.0,23655.15,38.55,39.7,38.4,39.7,176775,1742804520
2025-03-24 13:53:00,CE,ATM+6,15.402134,2439375,23950.0,23657.4,39.5,39.85,38.6,39.6,93975,1742804580
2025-03-24 13:54:00,CE,ATM+6,15.419273,2439375,23950.0,23654.8,39.95,39.95,38.8,39.15,110100,1742804640
2025-03-24 13:55:00,CE,ATM+6,15.321266,2496225,23950.0,23657.3,39.2,39.75,38.75,39.05,66000,1742804700
2025-03-24 13:56:00,CE,ATM+6,15.368443,2496225,23950.0,23655.95,39.15,39.3,38.65,39.05,56325,1742804760
2025-03-24 13:57:00,CE,ATM+6,15.411819,2496225,23950.0,23657.1,39.3,39.55,38.7,39.55,63075,1742804820
2025-03-24 13:58:00,CE,ATM+6,15.411062,2465850,23950.0,23658.6,39.35,39.85,39.0,39.85,62175,1742804880
2025-03-24 13:59:00,CE,ATM+6,15.402047,2465850,23950.0,23670.0,39.9,42.25,39.45,42.25,387000,1742804940
2025-03-24 14:00:00,CE,ATM+6,15.261925,2465850,23950.0,23674.35,41.75,42.3,40.9,42.3,267975,1742805000
2025-03-24 14:01:00,CE,ATM+6,15.142287,2344425,23950.0,23671.1,41.95,42.15,40.6,40.8,186150,1742805060
2025-03-24 14:02:00,CE,ATM+6,15.083222,2344425,23950.0,23671.05,40.85,40.85,38.8,40.4,188400,1742805120
2025-03-24 14:03:00,CE,ATM+6,15.17786,2344425,23950.0,23669.25,40.25,41.25,39.8,40.6,109575,1742805180
2025-03-24 14:04:00,CE,ATM+6,15.067482,2402325,23950.0,23671.85,40.7,41.3,39.9,40.45,178050,1742805240
2025-03-24 14:05:00,CE,ATM+6,15.056678,2402325,23950.0,23672.45,40.4,40.9,40.1,40.5,108450,1742805300
2025-03-24 14:06:00,CE,ATM+6,15.168737,2402325,23950.0,23670.6,40.5,41.0,40.4,40.8,63300,1742805360
2025-03-24 14:07:00,CE,ATM+6,15.118475,2482425,23950.0,23670.75,41.25,41.6,40.5,40.5,87300,1742805420
2025-03-24 14:08:00,CE,ATM+6,15.129822,2482425,23950.0,23663.95,40.85,41.0,38.75,39.1,99225,1742805480
2025-03-24 14:09:00,CE,ATM+6,15.244104,2482425,23950.0,23666.25,39.2,40.6,39.2,40.3,76650,1742805540
2025-03-24 14:10:00,CE,ATM+6,15.175634,2468775,23950.0,23669.7,40.5,40.6,39.85,40.6,61575,1742805600
2025-03-24 14:11:00,CE,ATM+6,15.276107,13341750,24000.0,23678.6,32.1,33.5,32.1,33.15,988650,1742805660
2025-03-24 14:12:00,CE,ATM+6,15.24185,13341750,24000.0,23680.0,33.3,33.4,32.45,33.2,418050,1742805720
2025-03-24 14:13:00,CE,ATM+6,15.076429,13188150,24000.0,23687.35,33.2,33.75,32.95,33.6,513900,1742805780
2025-03-24 14:14:00,CE,ATM+6,15.026939,13188150,24000.0,23687.35,33.65,34.05,32.9,33.3,652575,1742805840
2025-03-24 14:15:00,CE,ATM+6,15.095259,13188150,24000.0,23685.55,33.3,34.45,33.2,33.35,554025,1742805900
2025-03-24 14:16:00,CE,ATM+6,15.083039,13111975,24000.0,23684.65,33.35,33.45,32.6,33.1,340050,1742805960
2025-03-24 14:17:00,CE,ATM+6,15.057613,13111975,24000.0,23685.5,33.05,33.3,32.65,33.1,285825,1742806020
2025-03-24 14:18:00,CE,ATM+6,15.154879,13111975,24000.0,23688.9,33.2,34.3,33.15,34.3,358800,1742806080
2025-03-24 14:19:00,CE,ATM+6,15.145842,13128775,24000.0,23688.45,34.15,34.35,33.7,34.15,437025,1742806140
2025-03-24 14:20:00,CE,ATM+6,15.198133,13128775,24000.0,23686.1,34.1,34.15,33.35,34.0,330225,1742806200
2025-03-24 14:21:00,CE,ATM+6,15.294803,13128775,24000.0,23686.85,34.0,34.9,33.8,34.7,469200,1742806260
2025-03-24 14:22:00,CE,ATM+6,15.221869,13056475,24000.0,23686.8,34.8,35.1,33.55,34.25,756600,1742806320
2025-03-24 14:23:00,CE,ATM+6,15.144937,13056475,24000.0,23690.8,34.15,35.35,34.15,34.55,599100,1742806380
2025-03-24 14:24:00,CE,ATM+6,15.134253,13056475,24000.0,23697.85,34.55,36.5,34.55,35.85,797100,1742806440
2025-03-24 14:25:00,CE,ATM+6,15.225446,12874300,24000.0,23700.4,35.6,36.95,35.35,36.9,717975,1742806500
2025-03-24 14:26:00,CE,ATM+6,15.319535,12874300,24000.0,23704.25,36.85,39.1,36.6,38.25,1294800,1742806560
2025-03-24 14:27:00,CE,ATM+6,15.306522,12874300,24000.0,23702.75,38.25,38.35,37.25,37.85,822375,1742806620
2025-03-24 14:28:00,CE,ATM+6,15.38635,12779475,24000.0,23697.2,37.95,38.75,36.65,37.2,714600,1742806680
2025-03-24 14:29:00,CE,ATM+6,15.471433,12779475,24000.0,23687.85,37.0,37.25,34.7,35.85,1135875,1742806740
2025-03-24 14:30:00,CE,ATM+6,15.589785,12779475,24000.0,23684.8,35.6,36.3,35.15,35.95,422475,1742806800
2025-03-24 14:31:00,CE,ATM+6,15.449492,12774825,24000.0,23682.4,36.05,36.05,33.95,34.65,582225,1742806860
2025-03-24 14:32:00,CE,ATM+6,15.562435,12774825,24000.0,23687.55,34.65,36.35,34.4,36.3,460350,1742806920
2025-03-24 14:33:00,CE,ATM+6,15.549084,12774825,24000.0,23685.45,36.3,36.3,35.5,35.8,253275,1742806980
2025-03-24 14:34:00,CE,ATM+6,15.521621,2424375,23950.0,23674.95,45.6,46.55,43.7,43.7,159225,1742807040
2025-03-24 14:35:00,CE,ATM+6,15.778221,2424375,23950.0,23672.05,43.85,44.7,43.45,44.7,120225,1742807100
2025-03-24 14:36:00,CE,ATM+6,15.802582,12668175,24000.0,23676.8,35.3,35.6,34.65,35.6,252750,1742807160
2025-03-24 14:37:00,CE,ATM+6,15.853589,2470950,23950.0,23672.85,45.6,45.6,44.55,45.35,128850,1742807220
2025-03-24 14:38:00,CE,ATM+6,15.984426,12708975,24000.0,23678.35,35.65,37.3,35.2,36.95,415275,1742807280
2025-03-24 14:39:00,CE,ATM+6,15.985417,12708975,24000.0,23677.35,37.5,37.55,36.55,36.75,579000,1742807340
2025-03-24 14:40:00,CE,ATM+6,15.925256,2362950,23950.0,23669.0,46.75,47.6,44.9,44.9,204225,1742807400
2025-03-24 14:41:00,CE,ATM+6,15.899438,2362950,23950.0,23666.7,44.8,45.6,43.6,44.2,177825,1742807460
2025-03-24 14:42:00,CE,ATM+6,15.881458,2362950,23950.0,23671.9,44.3,45.3,44.15,45.25,94875,1742807520
2025-03-24 14:43:00,CE,ATM+6,15.875567,2390100,23950.0,23671.25,45.25,46.25,45.05,45.05,65775,1742807580
2025-03-24 14:44:00,CE,ATM+6,15.930012,2390100,23950.0,23668.65,45.2,45.6,44.35,44.8,86625,1742807640
2025-03-24 14:45:00,CE,ATM+6,15.888861,2390100,23950.0,23664.55,44.35,45.25,43.55,43.6,113550,1742807700
2025-03-24 14:46:00,CE,ATM+6,15.894629,2409525,23950.0,23666.9,43.7,44.75,43.65,44.15,87600,1742807760
2025-03-24 14:47:00,CE,ATM+6,15.929334,2409525,23950.0,23669.5,44.65,45.65,44.4,44.95,79275,1742807820
2025-03-24 14:48:00,CE,ATM+6,15.961721,2409525,23950.0,23668.85,45.0,45.5,44.85,45.0,50025,1742807880
2025-03-24 14:49:00,CE,ATM+6,16.019776,2388150,23950.0,23670.75,45.4,46.1,45.2,45.8,88875,1742807940
2025-03-24 14:50:00,CE,ATM+6,15.995324,2388150,23950.0,23670.85,45.6,45.8,45.1,45.65,55275,1742808000
2025-03-24 14:51:00,CE,ATM+6,16.023263,2388150,23950.0,23671.85,45.45,46.6,45.4,46.05,97275,1742808060
2025-03-24 14:52:00,CE,ATM+6,16.000568,2381925,23950.0,23673.2,46.1,46.45,45.7,46.2,55875,1742808120
2025-03-24 14:53:00,CE,ATM+6,16.039185,2381925,23950.0,23674.1,46.25,47.4,46.05,46.65,132375,1742808180
2025-03-24 14:54:00,CE,ATM+6,16.047869,12862925,24000.0,23680.45,36.75,37.55,36.5,37.55,361125,1742808240
2025-03-24 14:55:00,CE,ATM+6,15.945505,12734375,24000.0,23676.95,37.6,37.6,36.15,36.25,329025,1742808300
2025-03-24 14:56:00,CE,ATM+6,16.029082,12734375,24000.0,23675.75,36.0,36.5,35.45,36.5,317550,1742808360
2025-03-24 14:57:00,CE,ATM+6,15.719426,2387175,23950.0,23671.0,45.85,45.85,43.1,43.8,143325,1742808420
2025-03-24 14:58:00,CE,ATM+6,15.905468,2365500,23950.0,23671.9,43.9,45.2,43.9,45.2,73350,1742808480
2025-03-24 14:59:00,CE,ATM+6,15.897377,2365500,23950.0,23671.75,44.8,45.2,44.35,45.1,78525,1742808540
2025-03-24 15:00:00,CE,ATM+6,16.121802,2365500,23950.0,23648.5,44.85,44.85,39.85,41.4,465600,1742808600
2025-03-24 15:01:00,CE,ATM+6,16.229565,2243700,23950.0,23638.9,40.25,40.85,38.8,40.05,272550,1742808660
2025-03-24 15:02:00,CE,ATM+6,16.320789,2243700,23950.0,23632.55,39.1,39.4,37.95,39.3,179925,1742808720
2025-03-24 15:03:00,CE,ATM+6,16.389882,2243700,23950.0,23637.65,39.0,41.35,38.8,40.75,204825,1742808780
2025-03-24 15:04:00,CE,ATM+6,16.387747,2312550,23950.0,23635.1,40.6,41.4,40.2,40.2,131925,1742808840
2025-03-24 15:05:00,CE,ATM+6,16.567932,2312550,23950.0,23640.4,40.05,42.4,39.9,42.4,151875,1742808900
2025-03-24 15:06:00,CE,ATM+6,16.51493,2312550,23950.0,23644.6,42.35,42.95,41.7,42.95,170175,1742808960
2025-03-24 15:07:00,CE,ATM+6,16.618399,2428725,23950.0,23643.5,43.2,43.75,42.4,43.35,199425,1742809020
2025-03-24 15:08:00,CE,ATM+6,16.680345,2428725,23950.0,23646.15,43.15,45.25,43.15,44.3,225525,1742809080
2025-03-24 15:09:00,CE,ATM+6,16.451755,2428725,23950.0,23656.45,44.6,45.1,43.6,45.1,158025,1742809140
2025-03-24 15:10:00,CE,ATM+6,16.464671,2407875,23950.0,23649.55,45.35,45.35,43.25,43.65,180375,1742809200
2025-03-24 15:11:00,CE,ATM+6,16.492487,2407875,23950.0,23651.55,43.65,44.4,43.5,44.25,110400,1742809260
2025-03-24 15:12:00,CE,ATM+6,16.477874,2407875,23950.0,23654.3,44.35,44.85,43.75,44.75,130875,1742809320
2025-03-24 15:13:00,CE,ATM+6,16.3801,2368350,23950.0,23656.05,44.65,45.1,44.5,44.5,162075,1742809380
2025-03-24 15:14:00,CE,ATM+6,16.467718,2368350,23950.0,23652.9,44.45,45.2,44.15,44.35,202500,1742809440
2025-03-24 15:15:00,CE,ATM+6,16.413471,2368350,23950.0,23663.0,43.95,46.5,43.95,46.25,356775,1742809500
2025-03-24 15:16:00,CE,ATM+6,16.415089,2225325,23950.0,23665.85,46.1,47.0,45.6,46.9,188175,1742809560
2025-03-24 15:17:00,CE,ATM+6,16.521553,2225325,23950.0,23662.45,46.8,46.8,45.75,46.8,178500,1742809620
2025-03-24 15:18:00,CE,ATM+6,16.484722,2225325,23950.0,23662.9,46.65,46.9,46.2,46.65,132300,1742809680
2025-03-24 15:19:00,CE,ATM+6,16.500284,2138400,23950.0,23661.2,46.75,46.75,45.85,46.35,121275,1742809740
2025-03-24 15:20:00,CE,ATM+6,16.490314,2138400,23950.0,23660.0,46.2,46.35,45.45,46.0,184125,1742809800
2025-03-24 15:21:00,CE,ATM+6,16.333269,2138400,23950.0,23665.85,45.95,46.5,45.6,46.3,179400,1742809860
2025-03-24 15:22:00,CE,ATM+6,16.313144,2051550,23950.0,23671.45,46.35,47.5,46.35,47.45,342375,1742809920
2025-03-24 15:23:00,CE,ATM+6,16.300727,2051550,23950.0,23671.0,47.5,47.6,46.8,47.25,206250,1742809980
2025-03-24 15:24:00,CE,ATM+6,16.275637,2051550,23950.0,23673.9,47.4,47.85,47.35,47.75,184275,1742810040
2025-03-24 15:25:00,CE,ATM+6,16.330683,2176350,23950.0,23670.7,47.55,47.85,46.85,47.35,244875,1742810100
2025-03-24 15:26:00,CE,ATM+6,16.316245,2176350,23950.0,23670.95,47.75,47.95,47.2,47.3,123450,1742810160
2025-03-24 15:27:00,CE,ATM+6,16.313393,2176350,23950.0,23673.65,47.3,47.9,47.1,47.9,140625,1742810220
2025-03-24 15:28:00,CE,ATM+6,16.431253,10946150,24000.0,23677.25,38.2,39.0,38.15,38.8,590325,1742810280
2025-03-24 15:29:00,CE,ATM+6,16.503408,2170425,23950.0,23674.15,48.85,51.5,48.65,49.25,423900,1742810340
2025-03-25 09:15:00,CE,ATM+6,18.769381,2449275,24050.0,23762.75,35.0,44.6,34.8,44.6,782475,1742874300
2025-03-25 09:16:00,CE,ATM+6,18.933102,2449275,24050.0,23738.25,43.25,45.85,40.0,40.25,791775,1742874360
2025-03-25 09:17:00,CE,ATM+6,19.204598,2449275,24050.0,23745.25,40.15,44.15,39.4,43.15,541800,1742874420
2025-03-25 09:18:00,CE,ATM+6,19.425839,2411775,24050.0,23741.1,43.05,44.25,42.95,43.45,571350,1742874480
2025-03-25 09:19:00,CE,ATM+6,19.825215,2411775,24050.0,23727.6,42.6,43.45,42.45,42.75,269100,1742874540
2025-03-25 09:20:00,CE,ATM+6,19.939895,10376825,24000.0,23717.4,52.1,53.75,52.0,52.0,1089000,1742874600
2025-03-25 09:21:00,CE,ATM+6,20.556533,10466975,24000.0,23703.35,51.45,53.5,50.55,52.2,1010850,1742874660
2025-03-25 09:22:00,CE,ATM+6,20.162039,10466975,24000.0,23717.6,51.45,54.45,51.0,53.3,1241700,1742874720
2025-03-25 09:23:00,CE,ATM+6,20.552344,10466975,24000.0,23710.35,52.8,54.5,52.8,53.8,811275,1742874780
2025-03-25 09:24:00,CE,ATM+6,20.75777,10651475,24000.0,23685.75,53.2,53.2,49.25,49.25,1146150,1742874840
2025-03-25 09:25:00,CE,ATM+6,19.92584,10651475,24000.0,23692.15,48.8,50.2,45.6,46.05,1354950,1742874900
2025-03-25 09:26:00,CE,ATM+6,19.89692,2607525,23950.0,23673.05,56.1,56.1,51.25,52.75,468225,1742874960
2025-03-25 09:27:00,CE,ATM+6,19.886406,10950575,24000.0,23680.2,43.6,44.3,41.6,43.25,1045350,1742875020
2025-03-25 09:28:00,CE,ATM+6,20.220436,10950575,24000.0,23688.2,43.4,46.75,43.4,46.75,975075,1742875080
2025-03-25 09:29:00,CE,ATM+6,19.853514,10950575,24000.0,23723.5,46.5,54.25,46.5,52.8,1912050,1742875140
2025-03-25 09:30:00,CE,ATM+6,20.371107,2675325,24050.0,23729.3,43.6,48.0,43.6,45.85,656025,1742875200
2025-03-25 09:31:00,CE,ATM+6,19.392555,2675325,24050.0,23744.4,46.3,46.95,43.7,43.75,457575,1742875260
2025-03-25 09:32:00,CE,ATM+6,19.438047,2675325,24050.0,23750.25,44.4,45.35,42.0,45.25,255150,1742875320
2025-03-25 09:33:00,CE,ATM+6,19.400819,2767875,24050.0,23743.65,45.25,46.6,43.5,43.6,254925,1742875380
2025-03-25 09:34:00,CE,ATM+6,19.081878,2767875,24050.0,23760.0,44.0,45.95,43.8,45.4,213525,1742875440
2025-03-25 09:35:00,CE,ATM+6,18.909943,2767875,24050.0,23761.9,45.3,45.9,43.85,44.85,161400,1742875500
2025-03-25 09:36:00,CE,ATM+6,18.907501,11248800,24100.0,23775.9,36.5,37.55,36.1,37.55,417600,1742875560
2025-03-25 09:37:00,CE,ATM+6,18.754661,11248800,24100.0,23781.55,38.0,38.8,37.15,37.85,616800,1742875620
2025-03-25 09:38:00,CE,ATM+6,18.512267,11248800,24100.0,23788.75,38.15,38.65,37.5,38.0,595725,1742875680
2025-03-25 09:39:00,CE,ATM+6,18.234086,11274075,24100.0,23786.2,38.45,38.45,35.55,36.05,682875,1742875740
2025-03-25 09:40:00,CE,ATM+6,18.188718,11274075,24100.0,23790.05,36.05,36.95,34.85,36.55,413100,1742875800
2025-03-25 09:41:00,CE,ATM+6,18.288712,11274075,24100.0,23787.75,36.5,37.55,36.25,36.6,351075,1742875860
2025-03-25 09:42:00,CE,ATM+6,18.28816,11237550,24100.0,23788.1,36.6,37.6,35.95,36.65,353625,1742875920
2025-03-25 09:43:00,CE,ATM+6,18.134472,11237550,24100.0,23794.25,37.1,37.65,36.5,37.05,312600,1742875980
2025-03-25 09:44:00,CE,ATM+6,18.284442,11237550,24100.0,23788.1,37.25,37.3,36.1,36.6,273900,1742876040
2025-03-25 09:45:00,CE,ATM+6,18.299409,11188050,24100.0,23781.55,36.6,36.7,33.9,35.4,642750,1742876100
2025-03-25 09:46:00,CE,ATM+6,18.113827,11188050,24100.0,23793.0,35.1,37.1,35.1,36.65,307650,1742876160
2025-03-25 09:47:00,CE,ATM+6,17.920634,11188050,24100.0,23799.9,36.6,37.55,35.65,37.0,402150,1742876220
2025-03-25 09:48:00,CE,ATM+6,17.948509,11229375,24100.0,23799.75,37.4,37.75,36.45,37.1,489900,1742876280
2025-03-25 09:49:00,CE,ATM+6,17.741373,11229375,24100.0,23810.85,37.2,38.6,36.85,38.25,531525,1742876340
2025-03-25 09:50:00,CE,ATM+6,18.083565,2860425,24150.0,23831.9,29.95,35.0,29.45,34.5,681150,1742876400
2025-03-25 09:51:00,CE,ATM+6,18.206466,2715975,24150.0,23838.65,34.7,38.7,34.7,36.4,881625,1742876460
2025-03-25 09:52:00,CE,ATM+6,18.285483,2715975,24150.0,23844.0,36.15,38.3,35.9,37.85,373050,1742876520
2025-03-25 09:53:00,CE,ATM+6,18.311085,2715975,24150.0,23838.1,37.4,37.65,36.8,36.8,255300,1742876580
2025-03-25 09:54:00,CE,ATM+6,18.22448,2708325,24150.0,23845.25,36.85,38.05,36.85,37.75,243750,1742876640
2025-03-25 09:55:00,CE,ATM+6,18.125947,2708325,24150.0,23845.9,37.55,37.85,36.85,37.35,236475,1742876700
2025-03-25 09:56:00,CE,ATM+6,18.218804,2708325,24150.0,23843.55,37.1,37.85,36.7,37.35,191175,1742876760
2025-03-25 09:57:00,CE,ATM+6,18.222014,2638350,24150.0,23845.05,37.35,38.0,36.9,37.65,172500,1742876820
2025-03-25 09:58:00,CE,ATM+6,19.008698,2638350,24150.0,23865.65,37.8,46.3,37.8,46.3,832950,1742876880
2025-03-25 09:59:00,CE,ATM+6,18.75428,2638350,24150.0,23863.6,46.35,47.0,43.8,44.4,434925,1742876940
2025-03-25 10:00:00,CE,ATM+6,18.740727,2555250,24150.0,23859.25,44.3,44.3,42.85,43.35,277050,1742877000
2025-03-25 10:01:00,CE,ATM+6,18.778318,2555250,24150.0,23855.15,43.55,43.65,42.1,42.65,320850,1742877060
2025-03-25 10:02:00,CE,ATM+6,18.988297,2555250,24150.0,23835.95,42.25,42.25,39.1,39.75,304950,1742877120
2025-03-25 10:03:00,CE,ATM+6,19.086443,2542950,24150.0,23827.2,38.75,40.3,38.5,38.5,289875,1742877180
2025-03-25 10:04:00,CE,ATM+6,19.165458,2542950,24150.0,23833.0,38.05,41.2,38.05,40.05,237000,1742877240
2025-03-25 10:05:00,CE,ATM+6,19.247071,2542950,24150.0,23835.15,39.9,41.3,39.6,40.9,204750,1742877300
2025-03-25 10:06:00,CE,ATM+6,19.165897,2605575,24150.0,23842.15,40.6,42.6,40.2,41.9,197025,1742877360
2025-03-25 10:07:00,CE,ATM+6,19.200503,2605575,24150.0,23838.7,42.4,42.4,40.25,41.35,119250,1742877420
2025-03-25 10:08:00,CE,ATM+6,19.285395,2605575,24150.0,23838.05,41.5,41.9,40.7,41.65,94275,1742877480
2025-03-25 10:09:00,CE,ATM+6,19.463857,11115000,24100.0,23813.75,52.65,52.75,47.2,48.0,620475,1742877540
2025-03-25 10:10:00,CE,ATM+6,19.578299,11115000,24100.0,23799.65,47.55,48.45,45.45,45.45,553500,1742877600
2025-03-25 10:11:00,CE,ATM+6,19.666844,11115000,24100.0,23804.95,45.0,47.45,44.2,47.1,553575,1742877660
2025-03-25 10:12:00,CE,ATM+6,19.69661,11217075,24100.0,23808.05,47.2,48.75,46.7,47.95,330600,1742877720
2025-03-25 10:13:00,CE,ATM+6,19.7375,11217075,24100.0,23800.45,47.2,48.2,46.45,46.45,251775,1742877780
2025-03-25 10:14:00,CE,ATM+6,19.644868,2762475,24050.0,23770.4,57.35,57.8,50.25,50.25,403200,1742877840
2025-03-25 10:15:00,CE,ATM+6,19.916051,2701200,24050.0,23762.85,48.95,50.4,46.15,50.0,698625,1742877900
2025-03-25 10:16:00,CE,ATM+6,19.843768,11207775,24100.0,23807.6,40.25,48.75,40.25,48.6,813975,1742877960
2025-03-25 10:17:00,CE,ATM+6,19.474766,11207775,24100.0,23814.55,48.45,48.95,45.25,48.1,654075,1742878020
2025-03-25 10:18:00,CE,ATM+6,19.760394,11357700,24100.0,23803.2,48.1,48.7,46.75,47.1,292875,1742878080
2025-03-25 10:19:00,CE,ATM+6,19.729364,11357700,24100.0,23798.2,46.45,46.65,44.9,45.8,348600,1742878140
2025-03-25 10:20:00,CE,ATM+6,19.50021,11357700,24100.0,23818.9,46.35,49.95,45.85,49.2,519750,1742878200
2025-03-25 10:21:00,CE,ATM+6,19.306632,11323350,24100.0,23823.25,49.85,49.85,48.05,49.1,351000,1742878260
2025-03-25 10:22:00,CE,ATM+6,19.281934,11323350,24100.0,23820.3,49.55,49.55,47.85,48.25,272100,1742878320
2025-03-25 10:23:00,CE,ATM+6,19.385542,11323350,24100.0,23820.0,48.55,49.35,47.45,48.75,231600,1742878380
2025-03-25 10:24:00,CE,ATM+6,19.501449,11314800,24100.0,23813.8,48.6,48.65,47.4,47.95,148875,1742878440
2025-03-25 10:25:00,CE,ATM+6,19.458943,11314800,24100.0,23810.1,48.0,48.05,45.15,46.85,297375,1742878500
2025-03-25 10:26:00,CE,ATM+6,19.546854,11314800,24100.0,23813.5,46.15,48.75,46.15,48.1,188250,1742878560
2025-03-25 10:27:00,CE,ATM+6,19.126356,11306325,24100.0,23821.9,48.25,48.45,46.9,47.65,180975,1742878620
2025-03-25 10:28:00,CE,ATM+6,19.158154,11306325,24100.0,23823.35,47.9,48.45,47.6,48.15,152850,1742878680
2025-03-25 10:29:00,CE,ATM+6,19.030337,11306325,24100.0,23813.0,48.3,48.3,45.05,45.05,295800,1742878740
2025-03-25 10:30:00,CE,ATM+6,18.98434,11291400,24100.0,23795.7,45.05,45.15,40.75,41.05,463200,1742878800
2025-03-25 10:31:00,CE,ATM+6,19.19731,11291400,24100.0,23793.95,40.35,41.85,38.2,41.8,549075,1742878860
2025-03-25 10:32:00,CE,ATM+6,19.182966,11291400,24100.0,23792.0,41.95,43.95,40.75,41.3,358200,1742878920
2025-03-25 10:33:00,CE,ATM+6,19.257249,11361675,24100.0,23791.15,40.75,42.25,40.75,41.5,156750,1742878980
2025-03-25 10:34:00,CE,ATM+6,19.39721,11361675,24100.0,23781.05,41.1,42.0,39.85,40.15,228000,1742879040
2025-03-25 10:35:00,CE,ATM+6,19.336971,11361675,24100.0,23779.95,39.4,39.95,37.55,39.6,372675,1742879100
2025-03-25 10:36:00,CE,ATM+6,19.112312,2993850,24050.0,23755.5,49.2,49.2,42.85,43.5,349125,1742879160
2025-03-25 10:37:00,CE,ATM+6,19.061365,2993850,24050.0,23733.55,42.1,43.0,38.0,38.65,441900,1742879220
2025-03-25 10:38:00,CE,ATM+6,19.025945,11791725,24000.0,23713.6,48.2,48.8,43.7,44.55,1185075,1742879280
2025-03-25 10:39:00,CE,ATM+6,19.425754,2983725,24050.0,23737.2,35.2,41.25,34.5,41.25,447375,1742879340
2025-03-25 10:40:00,CE,ATM+6,19.257794,12100075,24000.0,23720.0,50.65,50.8,46.25,47.25,1140975,1742879400
2025-03-25 10:41:00,CE,ATM+6,19.423437,12100075,24000.0,23716.05,47.6,48.6,46.55,47.25,505575,1742879460
2025-03-25 10:42:00,CE,ATM+6,19.546899,3059100,24050.0,23736.3,38.05,41.85,37.75,41.65,143700,1742879520
2025-03-25 10:43:00,CE,ATM+6,19.15561,3059100,24050.0,23764.7,41.9,46.3,41.9,45.65,438450,1742879580
2025-03-25 10:44:00,CE,ATM+6,19.086875,3059100,24050.0,23761.1,45.85,46.35,43.25,44.45,168750,1742879640
2025-03-25 10:45:00,CE,ATM+6,19.420953,3029400,24050.0,23739.75,44.95,45.6,40.25,41.65,215775,1742879700
2025-03-25 10:46:00,CE,ATM+6,19.356741,3029400,24050.0,23740.5,41.0,42.9,40.8,41.45,107250,1742879760
2025-03-25 10:47:00,CE,ATM+6,19.293035,3029400,24050.0,23739.3,41.45,42.15,40.85,40.85,73125,1742879820
2025-03-25 10:48:00,CE,ATM+6,19.097242,3056025,24050.0,23739.25,40.2,41.85,39.8,39.8,116400,1742879880
2025-03-25 10:49:00,CE,ATM+6,19.038704,3056025,24050.0,23739.6,40.15,41.2,39.55,39.55,88500,1742879940
2025-03-25 10:50:00,CE,ATM+6,19.053441,3056025,24050.0,23732.3,39.25,41.15,38.15,38.15,89550,1742880000
2025-03-25 10:51:00,CE,ATM+6,19.302488,3044025,24050.0,23725.15,38.25,39.45,37.55,38.0,137625,1742880060
2025-03-25 10:52:00,CE,ATM+6,19.075885,12506875,24000.0,23720.35,46.8,48.95,46.0,46.1,409875,1742880120
2025-03-25 10:53:00,CE,ATM+6,19.013196,12506875,24000.0,23720.2,45.85,47.0,44.8,45.7,543225,1742880180
2025-03-25 10:54:00,CE,ATM+6,19.160698,12479875,24000.0,23718.0,45.7,46.9,45.55,46.0,225900,1742880240
2025-03-25 10:55:00,CE,ATM+6,18.80538,12479875,24000.0,23687.9,45.5,45.75,37.7,37.7,1575750,1742880300
2025-03-25 10:56:00,CE,ATM+6,19.144198,12479875,24000.0,23680.75,37.6,40.3,37.05,38.0,1269450,1742880360
2025-03-25 10:57:00,CE,ATM+6,19.286723,3526650,23950.0,23661.5,45.75,45.9,40.75,44.95,542100,1742880420
2025-03-25 10:58:00,CE,ATM+6,19.306207,12471025,24000.0,23683.05,35.9,39.6,34.95,39.25,1030200,1742880480
2025-03-25 10:59:00,CE,ATM+6,19.416989,12471025,24000.0,23701.25,38.65,44.4,38.25,43.6,1266150,1742880540
2025-03-25 11:00:00,CE,ATM+6,19.56977,12711850,24000.0,23693.3,42.9,43.8,40.75,42.7,705150,1742880600
2025-03-25 11:01:00,CE,ATM+6,19.463844,12711850,24000.0,23675.45,42.35,42.35,38.5,38.5,712050,1742880660
2025-03-25 11:02:00,CE,ATM+6,19.38897,12711850,24000.0,23698.7,38.3,42.85,38.3,42.85,638175,1742880720
2025-03-25 11:03:00,CE,ATM+6,19.37112,12711850,24000.0,23681.8,42.25,42.4,38.65,39.25,449250,1742880780
2025-03-25 11:04:00,CE,ATM+6,19.103033,12913075,24000.0,23698.95,39.7,41.65,39.7,41.35,464925,1742880840
2025-03-25 11:05:00,CE,ATM+6,19.242317,12913075,24000.0,23715.55,41.75,45.7,40.75,45.7,841875,1742880900
2025-03-25 11:06:00,CE,ATM+6,19.120851,12879175,24000.0,23716.6,46.0,46.65,43.2,45.25,1006425,1742880960
2025-03-25 11:07:00,CE,ATM+6,19.167309,12879175,24000.0,23719.3,45.15,47.25,44.4,46.1,754500,1742881020
2025-03-25 11:08:00,CE,ATM+6,18.968865,12879175,24000.0,23707.1,45.95,46.35,42.3,42.3,574125,1742881080
2025-03-25 11:09:00,CE,ATM+6,19.105814,12879175,24000.0,23686.1,41.55,41.85,38.05,38.65,731925,1742881140
2025-03-25 11:10:00,CE,ATM+6,19.20645,12902050,24000.0,23697.55,38.45,42.45,38.45,41.5,714225,1742881200
2025-03-25 11:11:00,CE,ATM+6,19.154813,12902050,24000.0,23708.95,41.25,43.65,41.25,43.65,411225,1742881260
2025-03-25 11:12:00,CE,ATM+6,18.973598,12902050,24000.0,23705.2,43.7,43.7,40.85,41.85,286050,1742881320
2025-03-25 11:13:00,CE,ATM+6,19.247428,13065100,24000.0,23691.95,42.35,42.75,40.05,40.5,374925,1742881380
2025-03-25 11:14:00,CE,ATM+6,19.162859,13065100,24000.0,23701.1,40.05,42.45,40.05,41.95,236100,1742881440
2025-03-25 11:15:00,CE,ATM+6,18.975284,13065100,24000.0,23706.8,41.8,43.35,41.2,42.15,415050,1742881500
2025-03-25 11:16:00,CE,ATM+6,18.906437,13166650,24000.0,23717.05,43.05,45.5,42.3,44.0,480600,1742881560
2025-03-25 11:17:00,CE,ATM+6,18.958115,13166650,24000.0,23702.45,43.85,44.8,41.1,41.1,435375,1742881620
2025-03-25 11:18:00,CE,ATM+6,19.051218,13166650,24000.0,23697.8,41.15,41.15,38.95,40.6,479400,1742881680
2025-03-25 11:19:00,CE,ATM+6,18.916249,13182775,24000.0,23712.05,41.0,43.35,41.0,42.9,396225,1742881740
2025-03-25 11:20:00,CE,ATM+6,18.892621,13182775,24000.0,23709.95,42.6,42.65,41.15,42.3,226575,1742881800
2025-03-25 11:21:00,CE,ATM+6,19.004017,13182775,24000.0,23695.85,42.1,42.45,39.2,39.9,403875,1742881860
2025-03-25 11:22:00,CE,ATM+6,19.174748,13287175,24000.0,23691.85,39.9,40.45,38.75,39.95,322350,1742881920
2025-03-25 11:23:00,CE,ATM+6,19.230524,13287175,24000.0,23679.75,40.1,40.65,37.8,37.8,516225,1742881980
2025-03-25 11:24:00,CE,ATM+6,18.798842,4074150,23950.0,23671.75,45.85,47.45,44.1,44.1,219600,1742882040
2025-03-25 11:25:00,CE,ATM+6,18.973801,4125975,23950.0,23673.55,44.15,46.2,43.55,45.45,298500,1742882100
2025-03-25 11:26:00,CE,ATM+6,18.844016,4125975,23950.0,23666.3,45.65,45.75,42.7,43.1,304950,1742882160
2025-03-25 11:27:00,CE,ATM+6,18.873758,4125975,23950.0,23674.15,43.65,45.45,43.15,45.0,105075,1742882220
2025-03-25 11:28:00,CE,ATM+6,18.665718,4126800,23950.0,23656.2,44.65,44.85,39.1,39.95,428025,1742882280
2025-03-25 11:29:00,CE,ATM+6,18.376536,4126800,23950.0,23662.8,39.3,40.05,36.15,39.8,500250,1742882340
2025-03-25 11:30:00,CE,ATM+6,18.407,4126800,23950.0,23665.65,39.75,41.95,39.55,40.55,202350,1742882400
2025-03-25 11:31:00,CE,ATM+6,18.704868,4006650,23950.0,23669.65,40.0,43.0,39.9,43.0,122325,1742882460
2025-03-25 11:32:00,CE,ATM+6,18.560693,4006650,23950.0,23674.6,43.2,44.3,42.15,43.3,126075,1742882520
2025-03-25 11:33:00,CE,ATM+6,18.789759,13182100,24000.0,23685.8,34.7,36.6,34.4,36.6,524700,1742882580
2025-03-25 11:34:00,CE,ATM+6,18.728173,13387900,24000.0,23683.85,36.85,37.35,35.55,35.9,490650,1742882640
2025-03-25 11:35:00,CE,ATM+6,18.932898,13387900,24000.0,23678.35,35.55,36.7,34.65,35.85,390000,1742882700
2025-03-25 11:36:00,CE,ATM+6,18.944271,13387900,24000.0,23679.45,35.5,36.75,35.35,36.1,281475,1742882760
2025-03-25 11:37:00,CE,ATM+6,18.872979,13518925,24000.0,23680.6,35.75,36.4,35.0,35.95,285450,1742882820
2025-03-25 11:38:00,CE,ATM+6,18.401631,4011375,23950.0,23663.35,44.2,44.2,39.75,39.9,181875,1742882880
2025-03-25 11:39:00,CE,ATM+6,18.325066,4011375,23950.0,23645.7,39.4,40.3,35.9,35.9,372750,1742882940
2025-03-25 11:40:00,CE,ATM+6,18.703501,3985275,23950.0,23655.25,36.35,40.0,35.85,39.75,285300,1742883000
2025-03-25 11:41:00,CE,ATM+6,18.847224,3985275,23950.0,23651.0,39.3,40.85,39.2,39.6,130350,1742883060
2025-03-25 11:42:00,CE,ATM+6,18.645053,3985275,23950.0,23647.85,39.0,39.0,37.1,37.9,202050,1742883120
2025-03-25 11:43:00,CE,ATM+6,18.248953,4029900,23950.0,23637.55,38.15,38.15,33.5,33.9,330300,1742883180
2025-03-25 11:44:00,CE,ATM+6,18.31285,4029900,23950.0,23642.55,34.15,35.15,33.55,35.15,313875,1742883240
2025-03-25 11:45:00,CE,ATM+6,18.263248,4029900,23950.0,23661.15,35.65,38.7,35.25,38.6,153225,1742883300
2025-03-25 11:46:00,CE,ATM+6,18.323386,4033350,23950.0,23653.85,38.75,39.8,36.95,37.4,230400,1742883360
2025-03-25 11:47:00,CE,ATM+6,18.452732,4033350,23950.0,23650.15,37.25,38.55,37.0,37.3,93450,1742883420
2025-03-25 11:48:00,CE,ATM+6,18.466554,4033350,23950.0,23655.55,37.25,38.45,36.85,38.45,85425,1742883480
2025-03-25 11:49:00,CE,ATM+6,18.247389,4024650,23950.0,23644.9,39.05,39.1,35.2,35.2,126600,1742883540
2025-03-25 11:50:00,CE,ATM+6,18.455578,4024650,23950.0,23640.65,35.5,35.9,34.6,35.4,134925,1742883600
2025-03-25 11:51:00,CE,ATM+6,18.484976,4024650,23950.0,23648.4,34.95,37.25,34.15,37.05,140325,1742883660
2025-03-25 11:52:00,CE,ATM+6,18.479855,3982800,23950.0,23662.5,37.15,39.9,37.15,39.9,134175,1742883720
2025-03-25 11:53:00,CE,ATM+6,18.347384,3982800,23950.0,23673.75,40.25,42.15,39.95,41.6,232350,1742883780
2025-03-25 11:54:00,CE,ATM+6,18.603377,13738575,24000.0,23677.6,33.8,33.9,32.4,33.8,409275,1742883840
2025-03-25 11:55:00,CE,ATM+6,18.5681,13704075,24000.0,23679.15,34.05,34.1,32.2,33.9,382425,1742883900
2025-03-25 11:56:00,CE,ATM+6,18.300543,3985500,23950.0,23673.3,42.35,42.45,39.6,41.2,157875,1742883960
2025-03-25 11:57:00,CE,ATM+6,18.488113,13704075,24000.0,23689.35,33.0,35.4,32.0,35.4,415725,1742884020
2025-03-25 11:58:00,CE,ATM+6,18.383071,13768275,24000.0,23693.95,35.3,36.35,34.5,35.75,827025,1742884080
2025-03-25 11:59:00,CE,ATM+6,18.349827,13768275,24000.0,23710.05,35.95,38.8,34.8,38.8,857625,1742884140
2025-03-25 12:00:00,CE,ATM+6,18.245095,13768275,24000.0,23715.85,39.2,40.1,37.15,39.45,936900,1742884200
2025-03-25 12:01:00,CE,ATM+6,18.349341,13811025,24000.0,23711.9,39.35,40.1,38.0,39.15,631575,1742884260
2025-03-25 12:02:00,CE,ATM+6,18.2576,13811025,24000.0,23709.7,38.8,38.85,37.1,38.2,553650,1742884320
2025-03-25 12:03:00,CE,ATM+6,18.396032,13811025,24000.0,23703.1,38.55,38.95,37.25,37.55,349200,1742884380
2025-03-25 12:04:00,CE,ATM+6,18.36833,13841250,24000.0,23705.85,37.85,38.85,37.1,37.95,293850,1742884440
2025-03-25 12:05:00,CE,ATM+6,18.326087,13841250,24000.0,23702.55,38.05,38.65,37.05,37.05,257325,1742884500
2025-03-25 12:06:00,CE,ATM+6,18.126564,13841250,24000.0,23703.95,36.75,37.8,36.2,36.3,425700,1742884560
2025-03-25 12:07:00,CE,ATM+6,18.0998,13824075,24000.0,23724.2,37.25,40.9,36.65,40.35,731250,1742884620
2025-03-25 12:08:00,CE,ATM+6,18.418061,3040050,24050.0,23729.05,32.3,33.35,31.2,33.15,251025,1742884680
2025-03-25 12:09:00,CE,ATM+6,18.532145,3040050,24050.0,23726.95,33.3,33.4,32.2,33.3,200325,1742884740
2025-03-25 12:10:00,CE,ATM+6,18.160803,13803975,24000.0,23722.0,40.55,41.25,39.5,40.15,467325,1742884800
2025-03-25 12:11:00,CE,ATM+6,18.061966,13803975,24000.0,23701.95,39.8,39.9,35.5,35.5,752550,1742884860
2025-03-25 12:12:00,CE,ATM+6,18.018944,13803975,24000.0,23691.4,35.7,36.45,33.25,33.25,690975,1742884920
2025-03-25 12:13:00,CE,ATM+6,18.169193,13659150,24000.0,23688.1,33.35,35.3,33.35,33.35,391800,1742884980
2025-03-25 12:14:00,CE,ATM+6,18.192443,13659150,24000.0,23693.15,33.85,35.8,33.85,34.4,355200,1742885040
2025-03-25 12:15:00,CE,ATM+6,18.508039,13659150,24000.0,23695.45,34.55,36.55,34.55,36.4,295425,1742885100
2025-03-25 12:16:00,CE,ATM+6,18.445274,13712175,24000.0,23684.1,36.45,36.45,33.75,33.9,382425,1742885160
2025-03-25 12:17:00,CE,ATM+6,17.987378,4129200,23950.0,23674.05,42.9,43.05,39.35,39.35,182325,1742885220
2025-03-25 12:18:00,CE,ATM+6,17.911208,4129200,23950.0,23666.25,38.95,40.25,37.2,37.3,209850,1742885280
2025-03-25 12:19:00,CE,ATM+6,18.071717,4046100,23950.0,23659.6,36.75,37.25,35.0,36.75,234750,1742885340
2025-03-25 12:20:00,CE,ATM+6,18.358939,4046100,23950.0,23658.6,36.55,39.05,36.55,38.0,186825,1742885400
2025-03-25 12:21:00,CE,ATM+6,18.360932,4046100,23950.0,23662.5,37.65,40.35,37.65,38.8,139950,1742885460
2025-03-25 12:22:00,CE,ATM+6,18.439057,13649275,24000.0,23681.25,31.45,33.4,31.3,33.25,376875,1742885520
2025-03-25 12:23:00,CE,ATM+6,18.418016,13649275,24000.0,23691.2,33.65,35.05,33.45,35.0,426225,1742885580
2025-03-25 12:24:00,CE,ATM+6,18.405276,13649275,24000.0,23687.4,34.95,34.95,33.3,34.2,431250,1742885640
2025-03-25 12:25:00,CE,ATM+6,18.489949,13641325,24000.0,23676.6,34.65,34.65,32.6,32.6,265875,1742885700
2025-03-25 12:26:00,CE,ATM+6,18.329511,13641325,24000.0,23680.35,31.95,32.9,31.3,32.5,355875,1742885760
2025-03-25 12:27:00,CE,ATM+6,18.306304,4086750,23950.0,23668.6,40.0,40.55,39.3,39.7,60000,1742885820
2025-03-25 12:28:00,CE,ATM+6,18.286009,4081350,23950.0,23671.05,39.55,40.55,39.15,40.1,48750,1742885880
2025-03-25 12:29:00,CE,ATM+6,18.588909,13632175,24000.0,23680.9,31.95,33.8,31.95,33.8,227025,1742885940
2025-03-25 12:30:00,CE,ATM+6,18.369695,13632175,24000.0,23688.55,33.25,34.15,32.0,34.15,325425,1742886000
2025-03-25 12:31:00,CE,ATM+6,18.29818,13658575,24000.0,23692.85,34.4,35.25,34.4,34.6,430800,1742886060
2025-03-25 12:32:00,CE,ATM+6,18.24491,13658575,24000.0,23687.95,34.4,34.4,33.3,33.4,221025,1742886120
2025-03-25 12:33:00,CE,ATM+6,18.24299,13658575,24000.0,23683.2,33.2,34.05,32.4,32.5,232050,1742886180
2025-03-25 12:34:00,CE,ATM+6,18.038698,4071075,23950.0,23672.45,40.2,40.35,38.8,39.0,132225,1742886240
2025-03-25 12:35:00,CE,ATM+6,18.195283,4071075,23950.0,23667.95,39.05,39.4,38.25,38.85,91050,1742886300
2025-03-25 12:36:00,CE,ATM+6,18.303521,4071075,23950.0,23673.1,39.55,40.5,39.15,40.5,88125,1742886360
2025-03-25 12:37:00,CE,ATM+6,18.464686,13651525,24000.0,23689.05,32.25,34.85,32.25,34.6,338925,1742886420
2025-03-25 12:38:00,CE,ATM+6,18.365033,13651525,24000.0,23688.0,34.45,34.45,33.4,33.9,223950,1742886480
2025-03-25 12:39:00,CE,ATM+6,18.238152,13651525,24000.0,23694.0,33.9,34.45,33.3,34.4,256950,1742886540
2025-03-25 12:40:00,CE,ATM+6,18.087947,13714075,24000.0,23682.6,34.3,34.35,31.35,31.55,291000,1742886600
2025-03-25 12:41:00,CE,ATM+6,18.021726,13714075,24000.0,23678.8,31.0,31.9,30.25,30.55,479100,1742886660
2025-03-25 12:42:00,CE,ATM+6,17.873857,13714075,24000.0,23686.45,30.55,32.3,30.25,31.2,314925,1742886720
2025-03-25 12:43:00,CE,ATM+6,18.186566,13771300,24000.0,23690.9,31.0,33.5,31.0,33.5,222975,1742886780
2025-03-25 12:44:00,CE,ATM+6,18.039341,13771300,24000.0,23696.9,33.25,34.45,33.2,33.9,331050,1742886840
2025-03-25 12:45:00,CE,ATM+6,17.962016,13771300,24000.0,23691.25,33.85,34.0,32.4,32.45,242250,1742886900
2025-03-25 12:46:00,CE,ATM+6,18.056257,13725025,24000.0,23696.1,32.75,33.9,31.85,33.8,185250,1742886960
2025-03-25 12:47:00,CE,ATM+6,17.988836,13725025,24000.0,23696.6,33.45,34.8,33.1,33.55,344175,1742887020
2025-03-25 12:48:00,CE,ATM+6,18.058894,13725025,24000.0,23703.45,32.9,35.5,32.7,35.2,342825,1742887080
2025-03-25 12:49:00,CE,ATM+6,18.078001,13668025,24000.0,23701.25,35.45,35.5,34.1,34.85,389925,1742887140
2025-03-25 12:50:00,CE,ATM+6,18.128055,13668025,24000.0,23701.85,34.45,35.45,34.45,35.2,280050,1742887200
2025-03-25 12:51:00,CE,ATM+6,18.0686,13668025,24000.0,23696.45,35.15,35.45,33.85,33.85,337725,1742887260
2025-03-25 12:52:00,CE,ATM+6,18.02199,13678000,24000.0,23692.15,34.05,34.85,32.8,32.8,323025,1742887320
2025-03-25 12:53:00,CE,ATM+6,17.978116,13678000,24000.0,23684.05,32.7,32.85,31.1,31.1,437775,1742887380
2025-03-25 12:54:00,CE,ATM+6,18.301778,13678000,24000.0,23681.2,31.2,32.15,31.2,32.1,272100,1742887440
2025-03-25 12:55:00,CE,ATM+6,18.195863,13681150,24000.0,23689.5,32.05,33.25,32.05,33.1,255675,1742887500
2025-03-25 12:56:00,CE,ATM+6,18.240308,13681150,24000.0,23682.7,33.1,34.0,32.05,32.05,205200,1742887560
2025-03-25 12:57:00,CE,ATM+6,18.33409,13681150,24000.0,23684.45,31.95,32.9,31.25,32.8,367350,1742887620
2025-03-25 12:58:00,CE,ATM+6,18.390008,13739875,24000.0,23679.5,32.75,32.9,31.6,32.15,147975,1742887680
2025-03-25 12:59:00,CE,ATM+6,18.253678,13739875,24000.0,23684.8,32.35,33.0,32.0,32.45,157500,1742887740
2025-03-25 13:00:00,CE,ATM+6,18.29128,13739875,24000.0,23684.45,32.05,32.7,31.95,32.55,191625,1742887800
2025-03-25 13:01:00,CE,ATM+6,18.087764,4171725,23950.0,23673.1,41.6,42.0,38.9,38.95,143175,1742887860
2025-03-25 13:02:00,CE,ATM+6,18.086857,4171725,23950.0,23673.2,39.0,39.2,37.85,38.95,119475,1742887920
2025-03-25 13:03:00,CE,ATM+6,18.399963,13759000,24000.0,23677.15,31.0,31.7,30.75,31.7,167550,1742887980
2025-03-25 13:04:00,CE,ATM+6,18.317655,13829650,24000.0,23677.15,31.95,32.05,31.3,31.3,152775,1742888040
2025-03-25 13:05:00,CE,ATM+6,18.201716,4198425,23950.0,23670.85,39.55,39.7,38.8,39.0,84450,1742888100
2025-03-25 13:06:00,CE,ATM+6,18.376425,13829650,24000.0,23680.25,30.85,32.35,30.7,32.1,186450,1742888160
2025-03-25 13:07:00,CE,ATM+6,18.286366,13749475,24000.0,23686.25,32.25,32.9,31.9,32.75,228000,1742888220
2025-03-25 13:08:00,CE,ATM+6,18.18838,13749475,24000.0,23686.7,33.0,33.0,31.95,32.35,175725,1742888280
2025-03-25 13:09:00,CE,ATM+6,18.278647,13749475,24000.0,23685.8,32.6,32.8,31.45,32.6,135750,1742888340
2025-03-25 13:10:00,CE,ATM+6,18.058341,13790725,24000.0,23693.75,32.6,33.0,32.15,33.0,127875,1742888400
2025-03-25 13:11:00,CE,ATM+6,18.163722,13790725,24000.0,23688.95,32.9,32.9,31.6,32.6,154875,1742888460
2025-03-25 13:12:00,CE,ATM+6,18.151381,13790725,24000.0,23681.35,32.6,32.6,31.15,31.15,109275,1742888520
2025-03-25 13:13:00,CE,ATM+6,18.15718,13837225,24000.0,23681.0,31.2,32.15,31.1,31.1,179850,1742888580
2025-03-25 13:14:00,CE,ATM+6,18.264102,13837225,24000.0,23676.0,30.85,31.4,30.65,30.7,247350,1742888640
2025-03-25 13:15:00,CE,ATM+6,17.956128,4048650,23950.0,23674.35,38.65,39.0,38.3,38.3,61500,1742888700
2025-03-25 13:16:00,CE,ATM+6,18.079025,4054275,23950.0,23659.45,37.85,38.45,35.6,35.85,291150,1742888760
2025-03-25 13:17:00,CE,ATM+6,18.016493,4054275,23950.0,23650.1,35.15,35.85,33.15,33.7,262875,1742888820
2025-03-25 13:18:00,CE,ATM+6,18.223003,4054275,23950.0,23657.5,33.65,36.15,33.65,36.15,155325,1742888880
2025-03-25 13:19:00,CE,ATM+6,18.091545,3969975,23950.0,23656.35,36.25,37.05,35.0,35.25,110325,1742888940
2025-03-25 13:20:00,CE,ATM+6,18.151519,3969975,23950.0,23659.95,35.2,36.25,35.1,36.25,79350,1742889000
2025-03-25 13:21:00,CE,ATM+6,17.960282,3969975,23950.0,23669.45,36.15,37.2,35.85,37.2,67050,1742889060
2025-03-25 13:22:00,CE,ATM+6,17.948793,4017750,23950.0,23673.65,37.25,38.4,37.1,38.0,105600,1742889120
2025-03-25 13:23:00,CE,ATM+6,18.020594,13912125,24000.0,23683.45,30.45,31.4,30.45,30.75,330000,1742889180
2025-03-25 13:24:00,CE,ATM+6,18.173624,13912125,24000.0,23682.05,30.8,31.65,30.8,31.2,271350,1742889240
2025-03-25 13:25:00,CE,ATM+6,17.892687,13913550,24000.0,23687.25,31.2,31.2,30.1,30.8,191700,1742889300
2025-03-25 13:26:00,CE,ATM+6,17.870625,13913550,24000.0,23687.35,31.2,31.2,30.1,30.7,251175,1742889360
2025-03-25 13:27:00,CE,ATM+6,17.999118,13913550,24000.0,23683.5,30.7,31.1,30.5,30.6,172350,1742889420
2025-03-25 13:28:00,CE,ATM+6,17.766813,4095225,23950.0,23668.45,38.7,38.7,35.9,35.9,85050,1742889480
2025-03-25 13:29:00,CE,ATM+6,17.837821,4095225,23950.0,23667.5,35.95,36.75,35.85,36.05,101925,1742889540
2025-03-25 13:30:00,CE,ATM+6,17.842149,4095225,23950.0,23673.55,36.6,37.3,36.4,37.3,75825,1742889600
2025-03-25 13:31:00,CE,ATM+6,18.152033,13909725,24000.0,23680.1,29.5,30.75,29.2,30.65,167700,1742889660
2025-03-25 13:32:00,CE,ATM+6,18.146328,13909725,24000.0,23680.05,30.75,31.25,29.9,30.6,251175,1742889720
2025-03-25 13:33:00,CE,ATM+6,18.073174,13909725,24000.0,23680.35,30.75,30.8,30.15,30.3,122400,1742889780
2025-03-25 13:34:00,CE,ATM+6,18.065187,13842625,24000.0,23679.5,30.45,30.7,29.8,30.1,182400,1742889840
2025-03-25 13:35:00,CE,ATM+6,18.034652,13842625,24000.0,23686.6,29.9,31.45,29.9,31.2,323250,1742889900
2025-03-25 13:36:00,CE,ATM+6,18.098299,13842625,24000.0,23694.85,31.35,33.0,31.0,33.0,374550,1742889960
2025-03-25 13:37:00,CE,ATM+6,17.753282,13854175,24000.0,23702.45,33.45,34.6,32.65,32.75,710550,1742890020
2025-03-25 13:38:00,CE,ATM+6,17.821491,13854175,24000.0,23710.65,32.3,34.65,32.3,34.65,379050,1742890080
2025-03-25 13:39:00,CE,ATM+6,17.661271,13854175,24000.0,23713.75,34.35,35.0,34.0,34.45,487725,1742890140
2025-03-25 13:40:00,CE,ATM+6,17.450135,13954075,24000.0,23712.25,34.8,34.8,33.1,33.1,432825,1742890200
2025-03-25 13:41:00,CE,ATM+6,17.691583,13954075,24000.0,23710.85,33.25,34.15,32.4,34.0,359025,1742890260
2025-03-25 13:42:00,CE,ATM+6,17.496381,13954075,24000.0,23705.45,33.9,34.1,31.25,32.0,373575,1742890320
2025-03-25 13:43:00,CE,ATM+6,17.55868,13932250,24000.0,23717.65,32.1,35.0,32.0,34.65,330675,1742890380
2025-03-25 13:44:00,CE,ATM+6,17.661167,13932250,24000.0,23711.6,34.8,35.0,33.75,33.95,302775,1742890440
2025-03-25 13:45:00,CE,ATM+6,17.682608,13932250,24000.0,23708.3,33.95,33.95,32.3,33.4,329550,1742890500
2025-03-25 13:46:00,CE,ATM+6,17.505155,13849750,24000.0,23707.4,33.45,33.9,32.35,32.35,260325,1742890560
2025-03-25 13:47:00,CE,ATM+6,17.659147,13849750,24000.0,23712.4,32.6,34.05,32.6,34.05,306225,1742890620
2025-03-25 13:48:00,CE,ATM+6,17.653641,13849750,24000.0,23720.15,33.95,35.8,33.95,35.55,515550,1742890680
2025-03-25 13:49:00,CE,ATM+6,17.954508,2835150,24050.0,23729.2,27.9,30.0,27.5,29.5,181650,1742890740
2025-03-25 13:50:00,CE,ATM+6,18.173129,2835150,24050.0,23733.5,30.25,32.7,30.25,31.25,403950,1742890800
2025-03-25 13:51:00,CE,ATM+6,17.94544,2835150,24050.0,23732.2,31.4,31.4,29.4,29.95,228750,1742890860
2025-03-25 13:52:00,CE,ATM+6,17.510794,13662625,24000.0,23720.55,38.0,38.25,34.2,34.85,621375,1742890920
2025-03-25 13:53:00,CE,ATM+6,17.862893,2789550,24050.0,23730.8,27.35,29.6,27.35,29.3,83625,1742890980
2025-03-25 13:54:00,CE,ATM+6,17.768506,2789550,24050.0,23732.8,29.15,30.15,28.95,29.2,86400,1742891040
2025-03-25 13:55:00,CE,ATM+6,17.599378,2793375,24050.0,23741.9,29.5,30.15,29.25,30.0,115050,1742891100
2025-03-25 13:56:00,CE,ATM+6,17.716147,2793375,24050.0,23734.35,29.75,29.75,28.55,29.2,96450,1742891160
2025-03-25 13:57:00,CE,ATM+6,17.585627,2793375,24050.0,23734.4,29.2,29.65,28.6,28.6,89025,1742891220
2025-03-25 13:58:00,CE,ATM+6,17.707294,2802150,24050.0,23728.3,28.4,28.9,27.3,28.1,141975,1742891280
2025-03-25 13:59:00,CE,ATM+6,17.563508,2802150,24050.0,23733.1,28.6,28.85,27.65,28.25,61950,1742891340
2025-03-25 14:00:00,CE,ATM+6,17.284663,13803250,24000.0,23718.0,36.35,36.35,32.95,33.1,590625,1742891400
2025-03-25 14:01:00,CE,ATM+6,17.533191,2778750,24050.0,23727.5,25.9,27.8,25.9,27.15,84225,1742891460
2025-03-25 14:02:00,CE,ATM+6,17.14007,13683850,24000.0,23716.9,35.0,35.0,32.15,32.15,364275,1742891520
2025-03-25 14:03:00,CE,ATM+6,17.469095,13683850,24000.0,23720.7,31.8,34.6,31.8,34.5,411300,1742891580
2025-03-25 14:04:00,CE,ATM+6,17.42746,13734850,24000.0,23724.3,34.6,35.75,34.35,35.0,379950,1742891640
2025-03-25 14:05:00,CE,ATM+6,17.255958,13734850,24000.0,23721.15,35.6,35.6,33.05,33.5,325350,1742891700
2025-03-25 14:06:00,CE,ATM+6,17.287957,13734850,24000.0,23724.45,33.6,35.35,33.45,34.3,248700,1742891760
2025-03-25 14:07:00,CE,ATM+6,17.413313,2815125,24050.0,23729.7,26.3,27.1,25.85,26.9,49350,1742891820
2025-03-25 14:08:00,CE,ATM+6,17.493802,2815125,24050.0,23726.4,27.0,27.0,26.3,26.7,39300,1742891880
2025-03-25 14:09:00,CE,ATM+6,17.459919,2815125,24050.0,23725.55,26.6,26.6,25.8,26.4,40500,1742891940
2025-03-25 14:10:00,CE,ATM+6,17.315029,2829150,24050.0,23730.15,26.05,26.75,26.0,26.5,42750,1742892000
2025-03-25 14:11:00,CE,ATM+6,17.431775,2829150,24050.0,23727.4,26.65,26.85,25.75,26.55,34650,1742892060
2025-03-25 14:12:00,CE,ATM+6,17.251377,2829150,24050.0,23740.1,26.3,28.05,26.1,27.85,96600,1742892120
2025-03-25 14:13:00,CE,ATM+6,17.254285,2854200,24050.0,23733.55,27.85,28.3,26.75,26.75,146850,1742892180
2025-03-25 14:14:00,CE,ATM+6,17.242933,2854200,24050.0,23739.9,26.75,27.75,26.7,27.75,69225,1742892240
2025-03-25 14:15:00,CE,ATM+6,17.243637,2854200,24050.0,23740.55,27.65,28.2,27.35,27.85,94950,1742892300
2025-03-25 14:16:00,CE,ATM+6,17.246626,2877600,24050.0,23733.7,27.9,28.0,26.4,26.7,124650,1742892360
2025-03-25 14:17:00,CE,ATM+6,17.156041,2877600,24050.0,23739.2,26.75,27.85,26.55,27.2,43725,1742892420
2025-03-25 14:18:00,CE,ATM+6,17.333207,2877600,24050.0,23729.1,27.1,27.4,25.75,26.3,83400,1742892480
2025-03-25 14:19:00,CE,ATM+6,16.944072,13773900,24000.0,23722.65,33.75,34.05,31.55,32.05,642600,1742892540
2025-03-25 14:20:00,CE,ATM+6,16.861137,13773900,24000.0,23716.95,31.9,32.85,30.5,30.55,388275,1742892600
2025-03-25 14:21:00,CE,ATM+6,16.719258,13773900,24000.0,23712.8,30.45,30.65,29.1,29.1,724725,1742892660
2025-03-25 14:22:00,CE,ATM+6,16.74548,13647075,24000.0,23713.85,29.0,30.1,29.0,29.4,373575,1742892720
2025-03-25 14:23:00,CE,ATM+6,16.708267,13647075,24000.0,23723.45,29.3,31.15,29.05,31.0,339900,1742892780
2025-03-25 14:24:00,CE,ATM+6,16.750976,13647075,24000.0,23715.5,30.8,30.8,29.55,29.7,303825,1742892840
2025-03-25 14:25:00,CE,ATM+6,16.620299,13780500,24000.0,23712.9,29.75,30.25,28.3,28.6,349650,1742892900
2025-03-25 14:26:00,CE,ATM+6,16.523884,13780500,24000.0,23716.85,28.55,29.15,27.9,28.85,605250,1742892960
2025-03-25 14:27:00,CE,ATM+6,16.651089,13780500,24000.0,23710.3,28.85,29.2,28.05,28.25,297525,1742893020
2025-03-25 14:28:00,CE,ATM+6,16.598447,13756800,24000.0,23704.9,28.2,28.7,27.05,27.05,456675,1742893080
2025-03-25 14:29:00,CE,ATM+6,16.578256,13756800,24000.0,23702.0,27.2,27.4,26.4,26.45,483975,1742893140
2025-03-25 14:30:00,CE,ATM+6,16.658336,13756800,24000.0,23707.8,26.55,28.0,26.55,27.8,328500,1742893200
2025-03-25 14:31:00,CE,ATM+6,16.800139,13752600,24000.0,23702.45,27.8,28.4,27.5,27.5,304800,1742893260
2025-03-25 14:32:00,CE,ATM+6,16.779048,13752600,24000.0,23706.8,27.45,29.15,27.35,28.15,329850,1742893320
2025-03-25 14:33:00,CE,ATM+6,16.645206,13752600,24000.0,23720.25,28.25,29.95,28.15,29.95,359625,1742893380
2025-03-25 14:34:00,CE,ATM+6,16.693549,13898400,24000.0,23724.4,29.85,30.95,29.1,30.95,465150,1742893440
2025-03-25 14:35:00,CE,ATM+6,16.699077,13898400,24000.0,23721.7,30.85,30.85,30.05,30.45,255600,1742893500
2025-03-25 14:36:00,CE,ATM+6,16.689727,13898400,24000.0,23713.9,30.1,30.55,28.95,28.95,288000,1742893560
2025-03-25 14:37:00,CE,ATM+6,16.6724,13954800,24000.0,23720.4,29.2,30.05,29.2,30.05,194850,1742893620
2025-03-25 14:38:00,CE,ATM+6,16.68899,13954800,24000.0,23717.9,29.75,29.75,28.85,29.65,191100,1742893680
2025-03-25 14:39:00,CE,ATM+6,16.665377,13954800,24000.0,23721.0,30.05,30.4,29.85,30.1,194325,1742893740
2025-03-25 14:40:00,CE,ATM+6,16.751827,13956075,24000.0,23717.8,30.2,30.2,29.0,29.9,251475,1742893800
2025-03-25 14:41:00,CE,ATM+6,16.717412,13956075,24000.0,23713.3,30.15,30.3,28.9,28.9,195525,1742893860
2025-03-25 14:42:00,CE,ATM+6,16.642619,13956075,24000.0,23712.25,28.75,29.15,28.05,28.35,301350,1742893920
2025-03-25 14:43:00,CE,ATM+6,16.781692,13882875,24000.0,23711.8,28.35,28.95,27.6,28.9,249600,1742893980
2025-03-25 14:44:00,CE,ATM+6,16.865565,13882875,24000.0,23695.9,29.15,29.2,26.5,26.5,372075,1742894040
2025-03-25 14:45:00,CE,ATM+6,17.05248,13882875,24000.0,23685.55,26.65,26.75,25.0,25.6,726075,1742894100
2025-03-25 14:46:00,CE,ATM+6,16.943384,13774200,24000.0,23691.9,25.2,26.9,25.2,26.15,627375,1742894160
2025-03-25 14:47:00,CE,ATM+6,17.042443,13774200,24000.0,23693.85,26.2,27.45,26.0,26.9,513750,1742894220
2025-03-25 14:48:00,CE,ATM+6,17.274129,13774200,24000.0,23689.6,27.0,27.6,26.85,27.2,224625,1742894280
2025-03-25 14:49:00,CE,ATM+6,17.139357,13832375,24000.0,23692.05,26.9,27.35,26.5,27.0,252525,1742894340
2025-03-25 14:50:00,CE,ATM+6,17.122482,13832375,24000.0,23694.35,27.2,27.7,26.85,27.3,283650,1742894400
2025-03-25 14:51:00,CE,ATM+6,17.361195,13832375,24000.0,23685.15,27.45,27.75,26.55,26.8,267150,1742894460
2025-03-25 14:52:00,CE,ATM+6,17.204714,3928050,23950.0,23673.45,34.7,34.7,32.8,32.8,174000,1742894520
2025-03-25 14:53:00,CE,ATM+6,17.006929,3928050,23950.0,23669.4,32.3,32.9,31.05,31.05,198375,1742894580
2025-03-25 14:54:00,CE,ATM+6,17.191499,3928050,23950.0,23667.2,30.45,31.5,30.15,31.5,167925,1742894640
2025-03-25 14:55:00,CE,ATM+6,17.134889,3867675,23950.0,23674.4,31.3,33.0,31.25,32.6,221325,1742894700
2025-03-25 14:56:00,CE,ATM+6,17.411421,13662725,24000.0,23678.1,24.95,25.8,24.6,25.8,314700,1742894760
2025-03-25 14:57:00,CE,ATM+6,16.735942,13662725,24000.0,23707.05,25.85,28.4,25.8,27.65,693975,1742894820
2025-03-25 14:58:00,CE,ATM+6,16.948298,13683875,24000.0,23693.35,27.75,27.85,26.15,26.25,362550,1742894880
2025-03-25 14:59:00,CE,ATM+6,17.248824,13683875,24000.0,23682.7,26.15,26.25,24.85,25.8,375525,1742894940
2025-03-25 15:00:00,CE,ATM+6,17.149081,13683875,24000.0,23683.9,26.0,27.0,25.25,25.55,322425,1742895000
2025-03-25 15:01:00,CE,ATM+6,17.18993,13701800,24000.0,23687.8,25.5,26.85,25.35,26.35,232725,1742895060
2025-03-25 15:02:00,CE,ATM+6,17.045703,13701800,24000.0,23693.5,26.35,26.9,26.3,26.65,230250,1742895120
2025-03-25 15:03:00,CE,ATM+6,17.203465,13701800,24000.0,23681.45,26.75,26.75,25.15,25.35,313050,1742895180
2025-03-25 15:04:00,CE,ATM+6,17.217042,13642100,24000.0,23679.6,25.5,25.5,24.6,25.1,399825,1742895240
2025-03-25 15:05:00,CE,ATM+6,17.391165,13642100,24000.0,23676.9,25.45,25.7,24.65,25.4,376350,1742895300
2025-03-25 15:06:00,CE,ATM+6,17.400639,13642100,24000.0,23676.1,25.3,25.55,24.9,25.3,274050,1742895360
2025-03-25 15:07:00,CE,ATM+6,17.220848,13701350,24000.0,23679.75,25.4,25.65,24.5,25.1,249225,1742895420
2025-03-25 15:08:00,CE,ATM+6,17.239996,13701350,24000.0,23679.95,25.05,25.3,24.4,25.2,233925,1742895480
2025-03-25 15:09:00,CE,ATM+6,16.945462,13701350,24000.0,23689.15,25.1,25.4,24.45,25.4,338925,1742895540
2025-03-25 15:10:00,CE,ATM+6,17.294844,13591850,24000.0,23677.7,25.55,25.7,24.65,25.05,459000,1742895600
2025-03-25 15:11:00,CE,ATM+6,17.332092,3772725,23950.0,23666.85,32.8,32.8,31.65,31.85,140850,1742895660
2025-03-25 15:12:00,CE,ATM+6,17.406631,13591850,24000.0,23675.5,24.3,25.3,24.3,25.15,394875,1742895720
2025-03-25 15:13:00,CE,ATM+6,17.451051,3736200,23950.0,23665.6,33.0,33.05,32.15,32.15,87375,1742895780
2025-03-25 15:14:00,CE,ATM+6,17.411111,3736200,23950.0,23670.3,32.5,33.15,32.1,32.85,216075,1742895840
2025-03-25 15:15:00,CE,ATM+6,18.059638,3736200,23950.0,23651.8,33.0,33.7,32.25,32.4,257700,1742895900
2025-03-25 15:16:00,CE,ATM+6,17.448157,3667575,23950.0,23668.25,32.25,32.9,32.25,32.6,136800,1742895960
2025-03-25 15:17:00,CE,ATM+6,17.578601,3667575,23950.0,23660.35,32.55,32.65,31.55,31.7,123750,1742896020
2025-03-25 15:18:00,CE,ATM+6,17.24632,3667575,23950.0,23670.85,31.85,32.2,31.5,32.1,127875,1742896080
2025-03-25 15:19:00,CE,ATM+6,17.302818,3669300,23950.0,23669.0,32.35,32.4,31.85,32.0,74550,1742896140
2025-03-25 15:20:00,CE,ATM+6,17.459223,3669300,23950.0,23670.35,32.15,33.0,32.15,33.0,213750,1742896200
2025-03-25 15:21:00,CE,ATM+6,17.303401,3669300,23950.0,23670.7,33.2,33.2,31.8,32.3,125700,1742896260
2025-03-25 15:22:00,CE,ATM+6,17.157581,3628800,23950.0,23671.3,32.5,32.5,31.65,31.7,159900,1742896320
2025-03-25 15:23:00,CE,ATM+6,17.314541,3628800,23950.0,23662.95,31.9,31.95,30.65,30.85,297900,1742896380
2025-03-25 15:24:00,CE,ATM+6,17.279448,3628800,23950.0,23650.95,31.0,31.1,28.5,28.5,412050,1742896440
2025-03-25 15:25:00,CE,ATM+6,17.03455,3429450,23950.0,23645.15,28.45,28.45,25.55,26.4,656175,1742896500
2025-03-25 15:26:00,CE,ATM+6,17.306106,3429450,23950.0,23626.25,26.45,26.45,22.75,24.5,390075,1742896560
2025-03-25 15:27:00,CE,ATM+6,17.753045,6914400,23900.0,23615.6,32.2,33.8,31.75,33.2,381600,1742896620
2025-03-25 15:28:00,CE,ATM+6,18.021513,6823425,23900.0,23611.35,33.35,33.85,32.9,33.65,499350,1742896680
2025-03-25 15:29:00,CE,ATM+6,17.756157,6823425,23900.0,23605.95,33.6,33.9,31.05,31.35,528900,1742896740
2025-03-26 09:15:00,CE,ATM+6,19.855963,13141600,24000.0,23685.85,22.0,24.8,17.0,19.1,2393400,1742960700
2025-03-26 09:16:00,CE,ATM+6,19.121324,13141600,24000.0,23699.05,18.55,19.6,18.1,18.65,2015100,1742960760
2025-03-26 09:17:00,CE,ATM+6,19.240124,13141600,24000.0,23690.25,18.5,19.05,17.6,17.8,1297650,1742960820
2025-03-26 09:18:00,CE,ATM+6,19.253324,14185175,24000.0,23691.95,17.85,18.9,17.85,18.05,960975,1742960880
2025-03-26 09:19:00,CE,ATM+6,19.094579,14185175,24000.0,23701.8,18.3,19.3,18.15,18.9,1152975,1742960940
2025-03-26 09:20:00,CE,ATM+6,20.166713,14185175,24000.0,23720.6,19.25,27.65,19.0,25.35,3780675,1742961000
2025-03-26 09:21:00,CE,ATM+6,19.924164,14466275,24000.0,23702.8,24.55,24.55,21.65,21.65,1616175,1742961060
2025-03-26 09:22:00,CE,ATM+6,19.985392,14466275,24000.0,23711.9,21.2,25.25,21.2,23.25,1553175,1742961120
2025-03-26 09:23:00,CE,ATM+6,20.04395,14466275,24000.0,23717.25,22.65,25.1,22.35,24.3,867900,1742961180
2025-03-26 09:24:00,CE,ATM+6,19.608165,14917125,24000.0,23722.85,24.2,24.6,23.1,23.7,815175,1742961240
2025-03-26 09:25:00,CE,ATM+6,19.471479,14917125,24000.0,23720.0,23.65,24.8,22.4,22.75,1531125,1742961300
2025-03-26 09:26:00,CE,ATM+6,19.524648,14917125,24000.0,23720.55,22.4,24.2,21.8,23.0,1254225,1742961360
2025-03-26 09:27:00,CE,ATM+6,19.957636,3594675,24050.0,23726.3,17.15,18.05,16.75,18.05,280650,1742961420
2025-03-26 09:28:00,CE,ATM+6,19.38295,15386550,24000.0,23720.35,23.5,24.1,22.45,22.45,779175,1742961480
2025-03-26 09:29:00,CE,ATM+6,19.522678,15386550,24000.0,23699.95,22.2,22.45,17.85,19.8,2177625,1742961540
2025-03-26 09:30:00,CE,ATM+6,19.589595,15418150,24000.0,23684.4,20.3,20.35,16.6,17.85,1617975,1742961600
2025-03-26 09:31:00,CE,ATM+6,19.3083,15418150,24000.0,23694.55,18.2,20.7,17.75,18.35,1218825,1742961660
2025-03-26 09:32:00,CE,ATM+6,19.24539,15418150,24000.0,23694.6,18.05,18.6,17.45,18.15,990150,1742961720
2025-03-26 09:33:00,CE,ATM+6,19.166242,15858500,24000.0,23687.4,17.85,17.9,16.5,16.95,1066425,1742961780
2025-03-26 09:34:00,CE,ATM+6,18.965455,15858500,24000.0,23684.15,17.0,17.8,15.95,15.95,871275,1742961840
2025-03-26 09:35:00,CE,ATM+6,18.439309,4457475,23950.0,23668.6,21.45,21.7,18.7,18.85,791475,1742961900
2025-03-26 09:36:00,CE,ATM+6,18.851942,15756325,24000.0,23689.0,14.2,16.4,13.8,16.2,1241775,1742961960
2025-03-26 09:37:00,CE,ATM+6,18.887501,15756325,24000.0,23680.55,16.05,16.7,15.1,15.25,1157175,1742962020
2025-03-26 09:38:00,CE,ATM+6,18.633007,4448925,23950.0,23669.2,20.4,21.15,19.4,19.5,309825,1742962080
2025-03-26 09:39:00,CE,ATM+6,18.674728,4456425,23950.0,23657.9,19.8,19.8,17.8,18.0,565200,1742962140
2025-03-26 09:40:00,CE,ATM+6,19.013251,4456425,23950.0,23647.95,18.1,19.2,17.65,17.65,427725,1742962200
2025-03-26 09:41:00,CE,ATM+6,18.943025,4456425,23950.0,23651.85,17.65,18.0,16.85,17.95,737475,1742962260
2025-03-26 09:42:00,CE,ATM+6,18.741486,4611675,23950.0,23658.95,18.2,19.4,18.1,18.3,395250,1742962320
2025-03-26 09:43:00,CE,ATM+6,18.621491,4611675,23950.0,23659.55,18.15,18.75,17.5,18.0,293625,1742962380
2025-03-26 09:44:00,CE,ATM+6,18.790857,4611675,23950.0,23646.2,18.1,18.4,16.6,16.7,449250,1742962440
2025-03-26 09:45:00,CE,ATM+6,18.721472,8739000,23900.0,23622.0,22.9,23.25,19.6,19.95,1448475,1742962500
2025-03-26 09:46:00,CE,ATM+6,18.739942,4664475,23950.0,23629.65,14.45,14.75,13.55,14.5,811875,1742962560
2025-03-26 09:47:00,CE,ATM+6,18.652997,4664475,23950.0,23632.65,14.45,14.8,14.3,14.6,434400,1742962620
2025-03-26 09:48:00,CE,ATM+6,18.599547,4726425,23950.0,23652.5,14.65,16.9,14.65,16.9,474825,1742962680
2025-03-26 09:49:00,CE,ATM+6,18.422198,4726425,23950.0,23653.15,17.0,17.85,16.45,16.45,526725,1742962740
2025-03-26 09:50:00,CE,ATM+6,18.450692,4726425,23950.0,23646.35,16.25,17.45,15.5,15.65,401925,1742962800
2025-03-26 09:51:00,CE,ATM+6,18.230611,4799100,23950.0,23651.85,15.5,16.7,14.65,15.7,400050,1742962860
2025-03-26 09:52:00,CE,ATM+6,18.430878,4799100,23950.0,23637.55,15.65,16.3,14.5,14.5,255900,1742962920
2025-03-26 09:53:00,CE,ATM+6,18.364533,4799100,23950.0,23640.05,14.3,14.75,13.7,14.6,552375,1742962980
2025-03-26 09:54:00,CE,ATM+6,18.260213,4803825,23950.0,23650.35,14.6,15.55,14.6,15.55,250875,1742963040
2025-03-26 09:55:00,CE,ATM+6,18.282275,4803825,23950.0,23662.25,15.65,17.15,15.35,17.15,545700,1742963100
2025-03-26 09:56:00,CE,ATM+6,17.993637,4803825,23950.0,23674.45,17.3,19.9,17.2,17.95,1087650,1742963160
2025-03-26 09:57:00,CE,ATM+6,18.227781,18134375,24000.0,23682.8,12.65,13.7,11.95,13.45,1031700,1742963220
2025-03-26 09:58:00,CE,ATM+6,18.203973,18134375,24000.0,23686.15,13.25,14.25,13.0,13.75,1022550,1742963280
2025-03-26 09:59:00,CE,ATM+6,17.859057,4824675,23950.0,23674.9,18.9,18.9,17.15,17.55,355050,1742963340
2025-03-26 10:00:00,CE,ATM+6,18.076725,4861425,23950.0,23665.9,17.55,18.95,16.6,16.95,391425,1742963400
2025-03-26 10:01:00,CE,ATM+6,18.051222,4861425,23950.0,23651.5,16.9,16.9,14.8,15.0,625500,1742963460
2025-03-26 10:02:00,CE,ATM+6,17.905597,4861425,23950.0,23666.2,15.0,16.95,15.0,16.45,437475,1742963520
2025-03-26 10:03:00,CE,ATM+6,17.96658,4956000,23950.0,23672.3,16.55,18.45,16.55,17.45,385800,1742963580
2025-03-26 10:04:00,CE,ATM+6,17.938639,4956000,23950.0,23666.45,17.25,18.05,16.55,16.55,207075,1742963640
2025-03-26 10:05:00,CE,ATM+6,18.314445,4956000,23950.0,23651.65,16.7,16.7,15.6,15.7,232800,1742963700
2025-03-26 10:06:00,CE,ATM+6,18.140294,5018025,23950.0,23651.3,15.7,16.45,15.15,15.15,470025,1742963760
2025-03-26 10:07:00,CE,ATM+6,18.066239,5018025,23950.0,23653.9,15.05,15.35,14.3,15.25,355875,1742963820
2025-03-26 10:08:00,CE,ATM+6,18.186435,5018025,23950.0,23654.1,15.5,16.3,15.15,15.6,219825,1742963880
2025-03-26 10:09:00,CE,ATM+6,18.178761,5029350,23950.0,23669.8,15.95,17.65,15.9,17.65,283800,1742963940
2025-03-26 10:10:00,CE,ATM+6,17.940135,5029350,23950.0,23672.25,17.45,18.0,16.75,17.25,321675,1742964000
2025-03-26 10:11:00,CE,ATM+6,18.196335,18361200,24000.0,23675.1,12.15,12.45,11.6,12.35,645375,1742964060
2025-03-26 10:12:00,CE,ATM+6,18.107848,5069025,23950.0,23672.05,17.3,18.0,16.9,17.7,417225,1742964120
2025-03-26 10:13:00,CE,ATM+6,18.433546,18412125,24000.0,23681.35,13.0,13.7,12.85,13.6,955125,1742964180
2025-03-26 10:14:00,CE,ATM+6,18.358707,18412125,24000.0,23679.15,13.6,13.75,12.55,13.15,634050,1742964240
2025-03-26 10:15:00,CE,ATM+6,18.170221,4989600,23950.0,23662.25,18.25,18.75,16.3,16.5,274425,1742964300
2025-03-26 10:16:00,CE,ATM+6,18.132659,4989600,23950.0,23663.95,16.45,17.55,16.4,16.6,155775,1742964360
2025-03-26 10:17:00,CE,ATM+6,18.49226,18361650,24000.0,23676.4,12.2,13.15,12.15,13.15,520650,1742964420
2025-03-26 10:18:00,CE,ATM+6,18.365476,18412875,24000.0,23679.5,13.05,13.35,12.75,13.15,465900,1742964480
2025-03-26 10:19:00,CE,ATM+6,18.38839,18412875,24000.0,23684.05,13.35,14.05,13.1,13.7,1062450,1742964540
2025-03-26 10:20:00,CE,ATM+6,18.323577,18412875,24000.0,23682.1,13.7,14.25,13.3,13.3,736275,1742964600
2025-03-26 10:21:00,CE,ATM+6,18.344708,18319300,24000.0,23679.45,13.25,13.5,12.45,13.05,738900,1742964660
2025-03-26 10:22:00,CE,ATM+6,17.962857,4977075,23950.0,23661.95,17.75,17.75,15.75,15.75,303150,1742964720
2025-03-26 10:23:00,CE,ATM+6,18.184945,4977075,23950.0,23659.45,15.65,16.9,15.65,16.05,257175,1742964780
2025-03-26 10:24:00,CE,ATM+6,18.410702,4993350,23950.0,23657.25,16.4,16.9,16.2,16.4,105075,1742964840
2025-03-26 10:25:00,CE,ATM+6,18.187894,4993350,23950.0,23664.55,16.65,17.25,16.3,16.7,145200,1742964900
2025-03-26 10:26:00,CE,ATM+6,18.138537,4993350,23950.0,23671.95,17.1,18.1,17.1,17.55,175425,1742964960
2025-03-26 10:27:00,CE,ATM+6,18.426248,18406300,24000.0,23676.45,12.6,13.2,12.6,12.85,363525,1742965020
2025-03-26 10:28:00,CE,ATM+6,17.906227,4999200,23950.0,23669.6,17.9,18.0,16.5,16.5,143025,1742965080
2025-03-26 10:29:00,CE,ATM+6,18.031577,4999200,23950.0,23662.8,16.65,17.35,15.9,15.95,208800,1742965140
2025-03-26 10:30:00,CE,ATM+6,18.214472,4962825,23950.0,23661.55,16.0,16.3,15.4,16.3,239625,1742965200
2025-03-26 10:31:00,CE,ATM+6,18.257797,4962825,23950.0,23659.95,16.3,16.9,15.75,16.2,132975,1742965260
2025-03-26 10:32:00,CE,ATM+6,18.194733,4962825,23950.0,23670.0,16.6,17.35,16.55,17.35,199275,1742965320
2025-03-26 10:33:00,CE,ATM+6,18.228731,4959600,23950.0,23672.6,17.25,18.1,17.2,17.8,240000,1742965380
2025-03-26 10:34:00,CE,ATM+6,18.869134,18278950,24000.0,23698.2,12.85,16.5,12.7,16.5,1785450,1742965440
2025-03-26 10:35:00,CE,ATM+6,18.630647,18278950,24000.0,23708.15,16.5,18.7,16.3,17.1,3198225,1742965500
2025-03-26 10:36:00,CE,ATM+6,18.488095,18002575,24000.0,23707.65,17.45,19.3,16.4,16.6,2249025,1742965560
2025-03-26 10:37:00,CE,ATM+6,18.485609,18002575,24000.0,23700.45,16.25,16.3,15.3,15.65,1261800,1742965620
2025-03-26 10:38:00,CE,ATM+6,18.411786,18002575,24000.0,23694.5,15.65,16.45,14.7,14.7,890850,1742965680
2025-03-26 10:39:00,CE,ATM+6,18.403499,17797375,24000.0,23681.75,14.65,14.9,13.05,13.2,1060050,1742965740
2025-03-26 10:40:00,CE,ATM+6,18.339775,4674975,23950.0,23673.15,18.8,19.3,17.9,18.1,295650,1742965800
2025-03-26 10:41:00,CE,ATM+6,18.518985,4674975,23950.0,23668.0,18.2,18.6,17.35,17.9,540825,1742965860
2025-03-26 10:42:00,CE,ATM+6,18.662116,4774500,23950.0,23673.75,17.5,19.35,17.5,19.15,267675,1742965920
2025-03-26 10:43:00,CE,ATM+6,19.009872,17914600,24000.0,23678.95,13.75,14.55,13.65,14.4,516000,1742965980
2025-03-26 10:44:00,CE,ATM+6,18.729402,4774500,23950.0,23670.85,19.95,20.15,18.2,18.9,272775,1742966040
2025-03-26 10:45:00,CE,ATM+6,18.653786,17874850,24000.0,23688.2,13.9,14.95,13.85,14.5,586275,1742966100
2025-03-26 10:46:00,CE,ATM+6,18.805623,17874850,24000.0,23690.75,14.5,15.2,14.2,15.2,520050,1742966160
2025-03-26 10:47:00,CE,ATM+6,18.603289,17874850,24000.0,23690.45,15.25,15.45,14.6,14.6,622575,1742966220
2025-03-26 10:48:00,CE,ATM+6,18.657009,18063450,24000.0,23694.35,14.35,15.45,14.35,15.2,884850,1742966280
2025-03-26 10:49:00,CE,ATM+6,18.338336,18063450,24000.0,23697.95,15.2,15.9,14.75,14.75,614100,1742966340
2025-03-26 10:50:00,CE,ATM+6,18.394047,18063450,24000.0,23689.6,14.4,14.45,13.9,13.9,926400,1742966400
2025-03-26 10:51:00,CE,ATM+6,18.597251,18151500,24000.0,23699.3,14.15,15.6,14.15,15.6,523575,1742966460
2025-03-26 10:52:00,CE,ATM+6,18.541676,18151500,24000.0,23697.85,15.35,15.6,14.6,15.25,678225,1742966520
2025-03-26 10:53:00,CE,ATM+6,18.395537,18151500,24000.0,23702.85,15.2,15.55,14.85,15.45,337425,1742966580
2025-03-26 10:54:00,CE,ATM+6,18.602429,18210075,24000.0,23687.95,15.4,15.4,14.2,14.2,968400,1742966640
2025-03-26 10:55:00,CE,ATM+6,18.857239,18210075,24000.0,23682.7,14.35,14.7,13.85,14.25,516750,1742966700
2025-03-26 10:56:00,CE,ATM+6,18.70212,18210075,24000.0,23680.65,14.15,14.6,13.6,13.6,431400,1742966760
2025-03-26 10:57:00,CE,ATM+6,18.648963,4707900,23950.0,23672.4,18.55,18.75,17.75,18.65,366975,1742966820
2025-03-26 10:58:00,CE,ATM+6,18.763392,18083050,24000.0,23679.05,13.45,14.15,13.45,13.55,547500,1742966880
2025-03-26 10:59:00,CE,ATM+6,18.800887,18083050,24000.0,23681.0,13.6,14.05,13.5,13.85,337275,1742966940
2025-03-26 11:00:00,CE,ATM+6,18.81382,18086500,24000.0,23678.15,13.7,13.8,13.05,13.55,398025,1742967000
2025-03-26 11:01:00,CE,ATM+6,18.72331,18086500,24000.0,23675.8,13.35,13.75,12.95,13.05,295575,1742967060
2025-03-26 11:02:00,CE,ATM+6,19.180919,4805925,23950.0,23643.0,18.05,18.05,16.05,16.15,669675,1742967120
2025-03-26 11:03:00,CE,ATM+6,19.239386,4735350,23950.0,23644.2,16.0,16.45,15.2,16.45,620700,1742967180
2025-03-26 11:04:00,CE,ATM+6,18.957829,4735350,23950.0,23638.05,15.95,15.95,14.9,14.9,806025,1742967240
2025-03-26 11:05:00,CE,ATM+6,19.157151,4735350,23950.0,23637.45,14.9,15.4,14.75,15.35,446025,1742967300
2025-03-26 11:06:00,CE,ATM+6,18.975403,4735350,23950.0,23638.75,15.2,15.45,14.75,15.0,284850,1742967360
2025-03-26 11:07:00,CE,ATM+6,19.069326,4944600,23950.0,23640.9,14.95,15.75,14.9,15.5,230775,1742967420
2025-03-26 11:08:00,CE,ATM+6,18.755817,4944600,23950.0,23648.0,15.55,15.9,15.45,15.5,197025,1742967480
2025-03-26 11:09:00,CE,ATM+6,18.833462,4944600,23950.0,23649.2,15.45,15.9,15.3,15.85,161400,1742967540
2025-03-26 11:10:00,CE,ATM+6,18.833413,5052975,23950.0,23641.2,16.0,16.0,14.85,14.85,212925,1742967600
2025-03-26 11:11:00,CE,ATM+6,19.077883,5052975,23950.0,23638.35,14.75,15.65,14.75,15.15,384450,1742967660
2025-03-26 11:12:00,CE,ATM+6,19.045329,5052975,23950.0,23644.9,15.15,15.85,15.15,15.85,157950,1742967720
2025-03-26 11:13:00,CE,ATM+6,18.752878,4883625,23950.0,23649.5,15.9,15.9,15.3,15.6,400275,1742967780
2025-03-26 11:14:00,CE,ATM+6,18.63607,4883625,23950.0,23653.0,15.75,15.95,15.55,15.7,164325,1742967840
2025-03-26 11:15:00,CE,ATM+6,18.416864,4883625,23950.0,23657.95,15.85,16.3,15.6,15.7,211575,1742967900
2025-03-26 11:16:00,CE,ATM+6,18.616326,4976025,23950.0,23651.7,15.6,16.1,15.25,15.45,347850,1742967960
2025-03-26 11:17:00,CE,ATM+6,18.709982,4976025,23950.0,23648.95,15.55,16.05,14.95,15.35,135750,1742968020
2025-03-26 11:18:00,CE,ATM+6,18.525921,4976025,23950.0,23653.15,15.35,15.8,15.3,15.35,154275,1742968080
2025-03-26 11:19:00,CE,ATM+6,18.633795,4925925,23950.0,23648.05,15.3,15.45,14.85,15.0,114750,1742968140
2025-03-26 11:20:00,CE,ATM+6,18.697167,4925925,23950.0,23644.7,15.05,15.1,14.6,14.75,233175,1742968200
2025-03-26 11:21:00,CE,ATM+6,18.781806,4925925,23950.0,23646.65,14.5,15.25,14.45,15.2,206925,1742968260
2025-03-26 11:22:00,CE,ATM+6,18.687403,4927125,23950.0,23654.45,15.2,16.1,15.2,15.9,279975,1742968320
2025-03-26 11:23:00,CE,ATM+6,18.866628,4927125,23950.0,23646.65,16.05,16.05,15.35,15.4,105150,1742968380
2025-03-26 11:24:00,CE,ATM+6,18.908739,4927125,23950.0,23649.45,15.15,15.95,14.85,15.85,121950,1742968440
2025-03-26 11:25:00,CE,ATM+6,18.96451,4937250,23950.0,23645.55,15.8,15.85,15.25,15.5,67800,1742968500
2025-03-26 11:26:00,CE,ATM+6,18.974035,4937250,23950.0,23651.8,15.7,16.55,15.6,16.3,231750,1742968560
2025-03-26 11:27:00,CE,ATM+6,18.83901,4937250,23950.0,23660.55,16.25,17.05,16.25,17.05,194250,1742968620
2025-03-26 11:28:00,CE,ATM+6,18.696634,4861500,23950.0,23663.0,17.25,17.35,16.6,16.95,210600,1742968680
2025-03-26 11:29:00,CE,ATM+6,18.658798,4861500,23950.0,23662.45,16.75,16.85,16.15,16.75,167850,1742968740
2025-03-26 11:30:00,CE,ATM+6,18.805804,4861500,23950.0,23663.85,16.75,17.35,16.3,17.35,125325,1742968800
2025-03-26 11:31:00,CE,ATM+6,18.800191,4907700,23950.0,23665.55,17.0,17.85,16.5,17.55,243075,1742968860
2025-03-26 11:32:00,CE,ATM+6,18.58,4907700,23950.0,23669.65,17.55,17.95,17.05,17.45,565800,1742968920
2025-03-26 11:33:00,CE,ATM+6,18.639819,4907700,23950.0,23661.1,17.2,17.5,16.4,16.45,241275,1742968980
2025-03-26 11:34:00,CE,ATM+6,18.730318,5057700,23950.0,23662.65,16.3,17.2,16.3,16.9,93675,1742969040
2025-03-26 11:35:00,CE,ATM+6,18.773436,5057700,23950.0,23661.1,16.75,17.0,15.85,16.8,208050,1742969100
2025-03-26 11:36:00,CE,ATM+6,18.676341,5057700,23950.0,23664.8,16.8,17.55,16.45,17.0,411150,1742969160
2025-03-26 11:37:00,CE,ATM+6,18.626745,5062275,23950.0,23656.1,17.05,17.1,15.7,15.7,207075,1742969220
2025-03-26 11:38:00,CE,ATM+6,18.694527,5062275,23950.0,23654.35,15.75,16.3,15.65,15.65,175425,1742969280
2025-03-26 11:39:00,CE,ATM+6,18.819546,5062275,23950.0,23646.9,15.6,15.65,15.0,15.05,243900,1742969340
2025-03-26 11:40:00,CE,ATM+6,19.18794,5080875,23950.0,23638.45,15.05,15.35,14.55,15.0,512250,1742969400
2025-03-26 11:41:00,CE,ATM+6,19.207965,5080875,23950.0,23637.3,14.85,15.0,14.3,14.9,625575,1742969460
2025-03-26 11:42:00,CE,ATM+6,18.860957,5080875,23950.0,23635.75,14.9,14.9,13.8,13.8,582150,1742969520
2025-03-26 11:43:00,CE,ATM+6,19.01288,5183925,23950.0,23637.25,13.8,14.4,13.7,14.35,171600,1742969580
2025-03-26 11:44:00,CE,ATM+6,18.987059,5183925,23950.0,23641.35,14.3,15.0,14.25,14.75,303225,1742969640
2025-03-26 11:45:00,CE,ATM+6,19.450808,5183925,23950.0,23629.0,14.75,14.95,14.25,14.5,392025,1742969700
2025-03-26 11:46:00,CE,ATM+6,19.384722,5114175,23950.0,23629.75,14.4,14.6,14.3,14.4,180675,1742969760
2025-03-26 11:47:00,CE,ATM+6,19.295786,5114175,23950.0,23629.7,14.4,14.6,14.05,14.15,193650,1742969820
2025-03-26 11:48:00,CE,ATM+6,19.0932,9676500,23900.0,23623.9,19.45,19.85,19.15,19.2,192525,1742969880
2025-03-26 11:49:00,CE,ATM+6,19.27758,5089875,23950.0,23629.5,13.85,14.3,13.85,14.05,304350,1742969940
2025-03-26 11:50:00,CE,ATM+6,19.425739,5089875,23950.0,23628.5,14.0,14.3,13.9,14.3,197475,1742970000
2025-03-26 11:51:00,CE,ATM+6,19.224742,9722550,23900.0,23617.05,20.1,20.1,18.5,18.55,589800,1742970060
2025-03-26 11:52:00,CE,ATM+6,19.043682,9652875,23900.0,23622.35,18.35,19.05,18.35,18.75,345900,1742970120
2025-03-26 11:53:00,CE,ATM+6,19.294066,5114325,23950.0,23627.45,13.6,13.85,13.55,13.8,133275,1742970180
2025-03-26 11:54:00,CE,ATM+6,19.16072,5114325,23950.0,23632.8,13.8,14.1,13.65,14.05,251775,1742970240
2025-03-26 11:55:00,CE,ATM+6,19.129054,5093625,23950.0,23628.3,14.05,14.05,13.45,13.45,207750,1742970300
2025-03-26 11:56:00,CE,ATM+6,19.1324,5093625,23950.0,23627.45,13.4,13.7,13.25,13.35,105750,1742970360
2025-03-26 11:57:00,CE,ATM+6,18.957135,9796950,23900.0,23620.25,18.8,18.95,17.9,18.1,565800,1742970420
2025-03-26 11:58:00,CE,ATM+6,19.193591,9859275,23900.0,23599.3,17.85,17.85,15.75,15.95,1777200,1742970480
2025-03-26 11:59:00,CE,ATM+6,19.31148,9859275,23900.0,23589.15,15.6,15.7,14.9,15.0,1413750,1742970540
2025-03-26 12:00:00,CE,ATM+6,19.306186,9859275,23900.0,23589.4,15.05,15.35,14.95,15.0,1185525,1742970600
2025-03-26 12:01:00,CE,ATM+6,18.736924,9822900,23900.0,23591.5,14.85,15.05,13.65,13.75,1025550,1742970660
2025-03-26 12:02:00,CE,ATM+6,19.024813,9822900,23900.0,23577.95,13.6,13.8,12.95,12.95,1238475,1742970720
2025-03-26 12:03:00,CE,ATM+6,19.117501,9822900,23900.0,23578.75,12.95,13.25,12.65,13.25,702600,1742970780
2025-03-26 12:04:00,CE,ATM+6,19.106408,9668625,23900.0,23582.3,13.3,13.65,13.05,13.6,580800,1742970840
2025-03-26 12:05:00,CE,ATM+6,18.811211,9668625,23900.0,23589.05,13.7,13.85,13.3,13.6,446025,1742970900
2025-03-26 12:06:00,CE,ATM+6,18.717661,9668625,23900.0,23592.15,13.6,14.15,13.55,13.7,920475,1742970960
2025-03-26 12:07:00,CE,ATM+6,18.780261,9513600,23900.0,23596.05,13.65,14.4,13.65,14.3,583125,1742971020
2025-03-26 12:08:00,CE,ATM+6,18.93763,9513600,23900.0,23596.9,14.4,14.85,14.3,14.8,557625,1742971080
2025-03-26 12:09:00,CE,ATM+6,19.002139,9513600,23900.0,23595.2,14.8,14.95,14.1,14.75,536475,1742971140
2025-03-26 12:10:00,CE,ATM+6,18.888976,9419850,23900.0,23596.15,14.95,15.0,14.55,14.55,429375,1742971200
2025-03-26 12:11:00,CE,ATM+6,19.004275,9419850,23900.0,23595.0,14.55,15.05,14.25,14.7,465975,1742971260
2025-03-26 12:12:00,CE,ATM+6,18.698137,9419850,23900.0,23605.1,14.7,15.3,14.5,15.1,527700,1742971320
2025-03-26 12:13:00,CE,ATM+6,18.630189,9663750,23900.0,23605.9,15.3,15.3,14.55,15.0,398325,1742971380
2025-03-26 12:14:00,CE,ATM+6,18.509676,9663750,23900.0,23603.75,14.9,15.25,14.4,14.4,375375,1742971440
2025-03-26 12:15:00,CE,ATM+6,18.578299,9663750,23900.0,23600.7,14.45,14.85,14.2,14.2,198975,1742971500
2025-03-26 12:16:00,CE,ATM+6,18.608414,9666825,23900.0,23605.95,14.2,15.1,14.1,14.9,281250,1742971560
2025-03-26 12:17:00,CE,ATM+6,18.93501,9666825,23900.0,23593.95,15.0,15.15,14.3,14.3,378375,1742971620
2025-03-26 12:18:00,CE,ATM+6,19.081211,9666825,23900.0,23587.4,14.3,14.85,13.8,13.9,455250,1742971680
2025-03-26 12:19:00,CE,ATM+6,19.031996,9515775,23900.0,23591.65,14.15,14.7,14.15,14.25,215100,1742971740
2025-03-26 12:20:00,CE,ATM+6,19.195917,9515775,23900.0,23587.3,14.3,14.55,14.0,14.15,230925,1742971800
2025-03-26 12:21:00,CE,ATM+6,18.974232,9515775,23900.0,23599.45,14.3,15.0,14.25,15.0,215775,1742971860
2025-03-26 12:22:00,CE,ATM+6,18.950777,9444900,23900.0,23598.45,14.85,15.05,14.55,14.8,239775,1742971920
2025-03-26 12:23:00,CE,ATM+6,18.872927,9444900,23900.0,23601.1,14.85,15.15,14.6,14.9,152700,1742971980
2025-03-26 12:24:00,CE,ATM+6,18.927876,9444900,23900.0,23598.8,14.85,15.1,14.7,14.75,144825,1742972040
2025-03-26 12:25:00,CE,ATM+6,19.081163,9421950,23900.0,23594.75,14.65,14.75,14.2,14.65,270300,1742972100
2025-03-26 12:26:00,CE,ATM+6,18.862576,9421950,23900.0,23604.55,14.6,15.3,14.6,15.25,255600,1742972160
2025-03-26 12:27:00,CE,ATM+6,18.877259,9421950,23900.0,23602.75,15.3,15.4,15.0,15.05,270450,1742972220
2025-03-26 12:28:00,CE,ATM+6,18.916157,9405675,23900.0,23603.25,15.0,15.25,14.5,15.2,164475,1742972280
2025-03-26 12:29:00,CE,ATM+6,18.801832,9405675,23900.0,23599.3,15.25,15.35,14.35,14.4,189150,1742972340
2025-03-26 12:30:00,CE,ATM+6,18.879561,9405675,23900.0,23603.9,14.35,15.2,14.3,15.15,288900,1742972400
2025-03-26 12:31:00,CE,ATM+6,18.769486,9426750,23900.0,23608.4,15.15,15.55,15.15,15.4,407475,1742972460
2025-03-26 12:32:00,CE,ATM+6,18.691577,9426750,23900.0,23612.55,15.45,16.1,15.45,15.7,442500,1742972520
2025-03-26 12:33:00,CE,ATM+6,18.771371,9426750,23900.0,23615.95,15.55,16.6,15.25,16.35,358350,1742972580
2025-03-26 12:34:00,CE,ATM+6,18.660392,9469950,23900.0,23618.05,16.5,16.55,16.0,16.3,352425,1742972640
2025-03-26 12:35:00,CE,ATM+6,18.884619,5082825,23950.0,23625.2,11.4,12.0,11.2,11.95,419475,1742972700
2025-03-26 12:36:00,CE,ATM+6,18.515698,9469950,23900.0,23623.95,16.95,17.15,16.35,16.65,372225,1742972760
2025-03-26 12:37:00,CE,ATM+6,18.533982,9553725,23900.0,23617.7,16.75,17.1,15.85,15.85,356550,1742972820
2025-03-26 12:38:00,CE,ATM+6,18.588185,9553725,23900.0,23621.2,15.85,16.85,15.75,16.45,309900,1742972880
2025-03-26 12:39:00,CE,ATM+6,18.487125,9553725,23900.0,23617.8,16.4,16.6,15.7,15.7,250125,1742972940
2025-03-26 12:40:00,CE,ATM+6,18.652307,9537375,23900.0,23615.95,15.75,16.3,15.4,15.9,266325,1742973000
2025-03-26 12:41:00,CE,ATM+6,18.472042,9537375,23900.0,23619.9,15.95,16.3,15.6,15.9,142200,1742973060
2025-03-26 12:42:00,CE,ATM+6,18.480697,9537375,23900.0,23622.85,16.05,16.45,15.95,16.3,143475,1742973120
2025-03-26 12:43:00,CE,ATM+6,18.328576,9479775,23900.0,23618.2,16.45,16.45,15.25,15.25,258150,1742973180
2025-03-26 12:44:00,CE,ATM+6,18.375342,9479775,23900.0,23624.2,15.25,16.35,15.25,16.15,150750,1742973240
2025-03-26 12:45:00,CE,ATM+6,18.723935,5171775,23950.0,23626.8,11.35,11.6,11.25,11.6,124575,1742973300
2025-03-26 12:46:00,CE,ATM+6,18.478672,9551400,23900.0,23621.9,16.45,16.45,15.5,16.1,226425,1742973360
2025-03-26 12:47:00,CE,ATM+6,18.674403,5179950,23950.0,23625.2,11.4,11.45,11.1,11.3,53925,1742973420
2025-03-26 12:48:00,CE,ATM+6,18.915877,5179950,23950.0,23636.2,11.3,13.15,11.3,13.0,444600,1742973480
2025-03-26 12:49:00,CE,ATM+6,18.996806,5107275,23950.0,23633.15,12.8,12.95,12.35,12.85,390825,1742973540
2025-03-26 12:50:00,CE,ATM+6,18.803446,5107275,23950.0,23633.9,12.75,12.8,12.3,12.45,170175,1742973600
2025-03-26 12:51:00,CE,ATM+6,19.056699,5107275,23950.0,23626.9,12.55,12.95,12.2,12.3,276900,1742973660
2025-03-26 12:52:00,CE,ATM+6,19.074919,5124975,23950.0,23631.35,12.25,13.15,12.2,12.8,133575,1742973720
2025-03-26 12:53:00,CE,ATM+6,19.062665,5124975,23950.0,23628.0,12.65,12.75,12.3,12.4,120150,1742973780
2025-03-26 12:54:00,CE,ATM+6,19.167248,5124975,23950.0,23625.3,12.25,12.45,11.95,12.35,141225,1742973840
2025-03-26 12:55:00,CE,ATM+6,18.863414,9475350,23900.0,23617.95,17.35,17.45,15.85,16.5,342225,1742973900
2025-03-26 12:56:00,CE,ATM+6,18.689166,9475350,23900.0,23624.3,16.55,17.15,16.55,16.85,158625,1742973960
2025-03-26 12:57:00,CE,ATM+6,18.899492,9475350,23900.0,23611.35,16.8,16.8,15.7,15.7,348975,1742974020
2025-03-26 12:58:00,CE,ATM+6,19.02365,9440550,23900.0,23610.4,15.7,16.1,15.5,15.9,250275,1742974080
2025-03-26 12:59:00,CE,ATM+6,18.839147,9440550,23900.0,23615.2,15.95,16.45,15.75,16.0,216975,1742974140
2025-03-26 13:00:00,CE,ATM+6,18.742651,9440550,23900.0,23618.5,15.95,16.5,15.95,16.15,355800,1742974200
2025-03-26 13:01:00,CE,ATM+6,18.821355,9422025,23900.0,23614.3,16.1,16.25,15.6,15.8,144000,1742974260
2025-03-26 13:02:00,CE,ATM+6,18.969455,9422025,23900.0,23604.15,15.75,16.0,14.9,14.9,374325,1742974320
2025-03-26 13:03:00,CE,ATM+6,18.622403,9422025,23900.0,23609.7,14.95,15.1,14.3,14.65,601500,1742974380
2025-03-26 13:04:00,CE,ATM+6,18.972274,9455025,23900.0,23596.85,14.9,15.05,14.0,14.0,578175,1742974440
2025-03-26 13:05:00,CE,ATM+6,19.359455,9455025,23900.0,23580.5,13.95,14.0,13.05,13.1,1036050,1742974500
2025-03-26 13:06:00,CE,ATM+6,19.115981,9455025,23900.0,23580.95,13.3,13.35,12.25,12.55,1684575,1742974560
2025-03-26 13:07:00,CE,ATM+6,18.856641,6385275,23850.0,23570.85,18.0,18.15,16.55,16.55,457500,1742974620
2025-03-26 13:08:00,CE,ATM+6,18.898926,6385275,23850.0,23567.1,16.55,16.6,15.9,16.15,732300,1742974680
2025-03-26 13:09:00,CE,ATM+6,18.981522,6385275,23850.0,23565.5,16.15,16.35,15.6,16.15,512400,1742974740
2025-03-26 13:10:00,CE,ATM+6,19.092965,6415725,23850.0,23553.85,16.15,16.3,14.95,14.95,691425,1742974800
2025-03-26 13:11:00,CE,ATM+6,19.029208,6415725,23850.0,23558.55,14.85,15.5,14.75,15.35,360375,1742974860
2025-03-26 13:12:00,CE,ATM+6,18.880665,6415725,23850.0,23568.0,15.4,16.15,15.4,16.15,321225,1742974920
2025-03-26 13:13:00,CE,ATM+6,18.753183,6401100,23850.0,23568.9,16.25,16.4,15.65,15.9,364725,1742974980
2025-03-26 13:14:00,CE,ATM+6,18.746241,6401100,23850.0,23566.1,16.0,16.1,15.4,15.5,344400,1742975040
2025-03-26 13:15:00,CE,ATM+6,19.170066,6401100,23850.0,23560.8,15.4,16.05,15.15,15.95,194850,1742975100
2025-03-26 13:16:00,CE,ATM+6,19.172247,6468150,23850.0,23560.5,15.8,16.15,15.65,15.9,263250,1742975160
2025-03-26 13:17:00,CE,ATM+6,19.273697,6468150,23850.0,23556.15,15.95,16.25,15.6,15.6,362775,1742975220
2025-03-26 13:18:00,CE,ATM+6,19.709583,6468150,23850.0,23537.95,15.55,15.55,14.05,14.5,1060875,1742975280
2025-03-26 13:19:00,CE,ATM+6,19.172288,6180750,23850.0,23545.0,14.25,14.25,13.2,13.95,873450,1742975340
2025-03-26 13:20:00,CE,ATM+6,18.956096,6180750,23850.0,23558.5,14.05,15.0,14.0,15.0,413700,1742975400
2025-03-26 13:21:00,CE,ATM+6,18.609356,6180750,23850.0,23570.65,14.95,16.15,14.95,15.6,388125,1742975460
2025-03-26 13:22:00,CE,ATM+6,19.463838,6067425,23850.0,23555.95,15.7,16.15,15.4,16.0,406275,1742975520
2025-03-26 13:23:00,CE,ATM+6,19.568261,6067425,23850.0,23547.1,15.9,15.95,15.1,15.15,206625,1742975580
2025-03-26 13:24:00,CE,ATM+6,19.226444,6067425,23850.0,23556.9,14.95,15.55,14.65,15.45,345900,1742975640
2025-03-26 13:25:00,CE,ATM+6,19.195809,5975250,23850.0,23561.2,15.4,16.35,15.35,15.9,473475,1742975700
2025-03-26 13:26:00,CE,ATM+6,19.044036,5975250,23850.0,23567.55,15.9,16.4,15.75,16.3,149400,1742975760
2025-03-26 13:27:00,CE,ATM+6,19.051588,5975250,23850.0,23567.9,16.25,16.6,16.05,16.35,215175,1742975820
2025-03-26 13:28:00,CE,ATM+6,19.069675,5963625,23850.0,23559.95,16.5,16.5,15.35,15.35,269475,1742975880
2025-03-26 13:29:00,CE,ATM+6,19.200047,5963625,23850.0,23559.7,15.45,16.1,15.35,15.65,153975,1742975940
2025-03-26 13:30:00,CE,ATM+6,19.35725,5963625,23850.0,23560.8,15.9,16.2,15.2,16.2,219600,1742976000
2025-03-26 13:31:00,CE,ATM+6,19.318607,5940225,23850.0,23555.5,16.45,16.45,15.4,15.4,217200,1742976060
2025-03-26 13:32:00,CE,ATM+6,19.358202,5940225,23850.0,23554.8,15.5,15.5,14.85,15.4,184650,1742976120
2025-03-26 13:33:00,CE,ATM+6,19.32475,5940225,23850.0,23548.3,15.4,15.5,14.35,14.5,220350,1742976180
2025-03-26 13:34:00,CE,ATM+6,19.537998,5917800,23850.0,23545.55,14.6,15.05,14.55,14.7,215100,1742976240
2025-03-26 13:35:00,CE,ATM+6,19.805526,5917800,23850.0,23533.95,14.7,14.7,13.75,14.0,493350,1742976300
2025-03-26 13:36:00,CE,ATM+6,19.551874,5917800,23850.0,23536.95,14.0,14.15,13.65,13.7,375450,1742976360
2025-03-26 13:37:00,CE,ATM+6,19.458711,5879175,23850.0,23539.55,13.75,13.9,13.5,13.75,372450,1742976420
2025-03-26 13:38:00,CE,ATM+6,19.256056,5879175,23850.0,23545.8,13.85,14.3,13.75,13.95,258675,1742976480
2025-03-26 13:39:00,CE,ATM+6,19.636244,5879175,23850.0,23535.1,13.85,14.25,13.6,13.65,211200,1742976540
2025-03-26 13:40:00,CE,ATM+6,19.534582,5911050,23850.0,23532.5,13.85,13.85,13.0,13.1,225000,1742976600
2025-03-26 13:41:00,CE,ATM+6,19.411573,5911050,23850.0,23533.5,13.0,13.35,12.75,12.9,246825,1742976660
2025-03-26 13:42:00,CE,ATM+6,19.480653,11676675,23800.0,23520.0,18.5,18.5,16.65,17.45,1420725,1742976720
2025-03-26 13:43:00,CE,ATM+6,19.32876,5841000,23850.0,23526.6,12.3,12.4,11.95,11.95,445800,1742976780
2025-03-26 13:44:00,CE,ATM+6,18.863604,11469975,23800.0,23516.85,16.45,16.8,15.2,15.3,1053675,1742976840
2025-03-26 13:45:00,CE,ATM+6,18.871519,11469975,23800.0,23514.85,15.45,15.8,14.75,15.05,1239375,1742976900
2025-03-26 13:46:00,CE,ATM+6,19.089491,11642025,23800.0,23512.4,15.35,15.45,14.7,15.3,545625,1742976960
2025-03-26 13:47:00,CE,ATM+6,18.849614,11642025,23800.0,23522.9,15.3,16.15,15.1,16.0,769725,1742977020
2025-03-26 13:48:00,CE,ATM+6,18.883708,11642025,23800.0,23513.4,16.05,16.05,14.85,14.85,782100,1742977080
2025-03-26 13:49:00,CE,ATM+6,19.015069,11659950,23800.0,23505.45,14.8,14.8,13.95,14.2,1030200,1742977140
2025-03-26 13:50:00,CE,ATM+6,18.78192,11659950,23800.0,23518.95,14.1,15.35,14.1,15.25,847800,1742977200
2025-03-26 13:51:00,CE,ATM+6,19.101656,5719875,23850.0,23525.85,10.65,11.25,10.65,11.25,293100,1742977260
2025-03-26 13:52:00,CE,ATM+6,18.94988,5778375,23850.0,23530.4,11.3,11.5,10.95,11.35,259125,1742977320
2025-03-26 13:53:00,CE,ATM+6,19.016519,5778375,23850.0,23528.55,11.4,11.55,11.2,11.3,270375,1742977380
2025-03-26 13:54:00,CE,ATM+6,18.928985,5778375,23850.0,23531.65,11.35,11.65,11.25,11.4,241800,1742977440
2025-03-26 13:55:00,CE,ATM+6,18.916163,5877975,23850.0,23539.35,11.35,12.35,11.35,12.15,344475,1742977500
2025-03-26 13:56:00,CE,ATM+6,19.298548,5877975,23850.0,23531.55,12.25,12.4,11.95,12.2,438900,1742977560
2025-03-26 13:57:00,CE,ATM+6,19.125032,5877975,23850.0,23532.15,12.1,12.35,11.6,11.85,358950,1742977620
2025-03-26 13:58:00,CE,ATM+6,19.209215,5869050,23850.0,23529.45,11.8,12.1,11.7,11.75,102375,1742977680
2025-03-26 13:59:00,CE,ATM+6,19.254125,5869050,23850.0,23532.0,11.6,12.2,11.55,12.1,224100,1742977740
2025-03-26 14:00:00,CE,ATM+6,19.329145,5869050,23850.0,23538.45,12.1,13.15,12.1,12.95,366825,1742977800
2025-03-26 14:01:00,CE,ATM+6,19.322277,5821125,23850.0,23540.1,13.05,13.3,12.6,13.1,219375,1742977860
2025-03-26 14:02:00,CE,ATM+6,19.472,5821125,23850.0,23534.25,13.0,13.2,12.65,12.8,245475,1742977920
2025-03-26 14:03:00,CE,ATM+6,19.388124,5821125,23850.0,23545.15,12.9,13.85,12.85,13.8,240000,1742977980
2025-03-26 14:04:00,CE,ATM+6,19.568494,5812950,23850.0,23551.95,13.9,15.05,13.85,15.05,467325,1742978040
2025-03-26 14:05:00,CE,ATM+6,19.321438,5812950,23850.0,23560.45,14.7,15.5,14.3,15.45,443175,1742978100
2025-03-26 14:06:00,CE,ATM+6,19.548984,5812950,23850.0,23553.85,15.7,16.0,15.15,15.2,593100,1742978160
2025-03-26 14:07:00,CE,ATM+6,19.460281,5781075,23850.0,23547.6,15.35,15.35,13.65,14.2,407775,1742978220
2025-03-26 14:08:00,CE,ATM+6,19.581213,5781075,23850.0,23553.05,14.25,15.15,14.25,15.15,275925,1742978280
2025-03-26 14:09:00,CE,ATM+6,19.551445,5781075,23850.0,23550.55,15.1,15.35,14.35,14.75,206625,1742978340
2025-03-26 14:10:00,CE,ATM+6,19.358763,5849775,23850.0,23551.85,14.75,14.95,14.3,14.4,173025,1742978400
2025-03-26 14:11:00,CE,ATM+6,19.42438,5849775,23850.0,23545.5,14.55,14.55,13.35,13.8,325575,1742978460
2025-03-26 14:12:00,CE,ATM+6,19.449862,5849775,23850.0,23556.35,13.9,15.15,13.75,15.15,310650,1742978520
2025-03-26 14:13:00,CE,ATM+6,19.353609,5712900,23850.0,23548.15,15.05,15.05,13.9,13.9,376125,1742978580
2025-03-26 14:14:00,CE,ATM+6,19.409445,5712900,23850.0,23550.5,13.8,14.6,13.7,14.3,130500,1742978640
2025-03-26 14:15:00,CE,ATM+6,19.267836,5712900,23850.0,23551.95,14.3,14.6,13.8,14.1,162675,1742978700
2025-03-26 14:16:00,CE,ATM+6,19.169076,5725575,23850.0,23561.55,14.1,15.0,14.1,15.0,282825,1742978760
2025-03-26 14:17:00,CE,ATM+6,19.077553,5725575,23850.0,23552.0,15.05,15.05,13.6,13.6,244125,1742978820
2025-03-26 14:18:00,CE,ATM+6,19.032099,5725575,23850.0,23538.15,13.55,13.55,11.95,11.95,459000,1742978880
2025-03-26 14:19:00,CE,ATM+6,19.266418,5674050,23850.0,23534.6,12.0,12.25,11.8,12.1,294975,1742978940
2025-03-26 14:20:00,CE,ATM+6,19.250593,5674050,23850.0,23533.65,12.15,12.6,11.95,11.95,110400,1742979000
2025-03-26 14:21:00,CE,ATM+6,19.331897,5674050,23850.0,23539.55,12.0,12.75,11.8,12.75,180375,1742979060
2025-03-26 14:22:00,CE,ATM+6,19.346393,5743500,23850.0,23540.75,12.8,13.15,12.55,12.9,285525,1742979120
2025-03-26 14:23:00,CE,ATM+6,19.262864,5743500,23850.0,23547.15,12.85,13.5,12.85,13.4,209850,1742979180
2025-03-26 14:24:00,CE,ATM+6,19.189939,5743500,23850.0,23545.75,13.45,13.45,12.55,13.05,283125,1742979240
2025-03-26 14:25:00,CE,ATM+6,19.343223,5775975,23850.0,23541.7,13.0,13.4,12.8,12.95,151125,1742979300
2025-03-26 14:26:00,CE,ATM+6,19.386824,5775975,23850.0,23543.6,12.95,13.55,12.95,13.25,112125,1742979360
2025-03-26 14:27:00,CE,ATM+6,19.500219,5775975,23850.0,23542.65,13.25,13.5,12.8,13.4,119700,1742979420
2025-03-26 14:28:00,CE,ATM+6,19.33366,5745525,23850.0,23550.25,13.45,13.95,13.35,13.85,197850,1742979480
2025-03-26 14:29:00,CE,ATM+6,19.337217,5745525,23850.0,23542.4,13.85,13.95,12.75,12.95,187575,1742979540
2025-03-26 14:30:00,CE,ATM+6,19.221736,5745525,23850.0,23533.3,12.8,12.8,11.45,11.7,368400,1742979600
2025-03-26 14:31:00,CE,ATM+6,19.415965,5776125,23850.0,23533.55,11.95,12.15,11.45,12.15,279300,1742979660
2025-03-26 14:32:00,CE,ATM+6,19.382404,5776125,23850.0,23535.85,12.2,12.4,11.95,12.3,179400,1742979720
2025-03-26 14:33:00,CE,ATM+6,19.431105,5776125,23850.0,23528.65,12.25,12.25,11.5,11.65,154275,1742979780
2025-03-26 14:34:00,CE,ATM+6,19.250619,5705550,23850.0,23527.25,11.45,11.45,11.1,11.1,445200,1742979840
2025-03-26 14:35:00,CE,ATM+6,19.167636,5705550,23850.0,23525.1,11.05,11.2,10.65,10.7,309000,1742979900
2025-03-26 14:36:00,CE,ATM+6,19.226715,5705550,23850.0,23531.1,10.7,11.4,10.55,11.4,211575,1742979960
2025-03-26 14:37:00,CE,ATM+6,19.103886,5687175,23850.0,23532.95,11.35,11.55,11.05,11.3,195900,1742980020
2025-03-26 14:38:00,CE,ATM+6,19.146807,5687175,23850.0,23537.55,11.25,11.85,11.15,11.85,210525,1742980080
2025-03-26 14:39:00,CE,ATM+6,19.131581,5687175,23850.0,23535.6,11.85,12.0,11.55,11.6,287550,1742980140
2025-03-26 14:40:00,CE,ATM+6,19.036244,5753625,23850.0,23536.85,11.6,11.8,11.4,11.5,206475,1742980200
2025-03-26 14:41:00,CE,ATM+6,18.986833,5753625,23850.0,23534.1,11.65,11.75,11.05,11.1,120750,1742980260
2025-03-26 14:42:00,CE,ATM+6,18.723057,11362575,23800.0,23524.7,15.8,15.8,14.75,14.95,568650,1742980320
2025-03-26 14:43:00,CE,ATM+6,18.625161,11239725,23800.0,23522.5,15.0,15.0,14.3,14.4,413175,1742980380
2025-03-26 14:44:00,CE,ATM+6,19.147406,5678850,23850.0,23525.3,10.4,10.8,10.4,10.55,263775,1742980440
2025-03-26 14:45:00,CE,ATM+6,18.557911,11239725,23800.0,23522.95,15.0,15.05,14.25,14.25,536850,1742980500
2025-03-26 14:46:00,CE,ATM+6,18.557167,11218275,23800.0,23523.5,14.3,14.55,13.8,14.3,470850,1742980560
2025-03-26 14:47:00,CE,ATM+6,18.680298,5738025,23850.0,23533.5,10.05,10.35,9.9,10.3,199950,1742980620
2025-03-26 14:48:00,CE,ATM+6,18.770104,5738025,23850.0,23533.75,10.45,10.65,10.3,10.5,186225,1742980680
2025-03-26 14:49:00,CE,ATM+6,18.657467,5711700,23850.0,23530.55,10.55,10.6,9.95,9.95,242550,1742980740
2025-03-26 14:50:00,CE,ATM+6,18.45018,11270925,23800.0,23514.6,14.55,14.55,12.55,12.9,1186275,1742980800
2025-03-26 14:51:00,CE,ATM+6,18.489389,11270925,23800.0,23509.05,12.8,12.95,12.15,12.35,681600,1742980860
2025-03-26 14:52:00,CE,ATM+6,18.402472,11204175,23800.0,23507.4,12.4,12.65,11.85,11.95,1124100,1742980920
2025-03-26 14:53:00,CE,ATM+6,18.83156,11204175,23800.0,23495.5,11.9,12.1,11.3,11.65,1322625,1742980980
2025-03-26 14:54:00,CE,ATM+6,19.017819,11204175,23800.0,23487.7,11.65,11.8,11.15,11.25,1032525,1742981040
2025-03-26 14:55:00,CE,ATM+6,19.040646,11591475,23800.0,23479.15,11.25,11.6,10.15,10.45,2642550,1742981100
2025-03-26 14:56:00,CE,ATM+6,19.326779,11591475,23800.0,23475.6,10.4,10.95,10.4,10.7,1757775,1742981160
2025-03-26 14:57:00,CE,ATM+6,19.035245,6414750,23750.0,23467.6,15.35,15.35,14.3,14.5,820125,1742981220
2025-03-26 14:58:00,CE,ATM+6,19.371414,6136725,23750.0,23457.95,14.4,14.75,14.05,14.15,497250,1742981280
2025-03-26 14:59:00,CE,ATM+6,18.879673,12532125,23800.0,23480.65,9.95,10.35,9.6,10.2,1186275,1742981340
2025-03-26 15:00:00,CE,ATM+6,18.90875,12532125,23800.0,23476.9,10.0,10.5,9.8,9.9,1358250,1742981400
2025-03-26 15:01:00,CE,ATM+6,18.406532,12264600,23800.0,23477.6,9.9,9.9,8.95,8.95,1181925,1742981460
2025-03-26 15:02:00,CE,ATM+6,18.463343,12264600,23800.0,23479.35,8.85,9.35,8.4,9.2,1161075,1742981520
2025-03-26 15:03:00,CE,ATM+6,18.299163,12264600,23800.0,23486.0,9.3,9.45,9.2,9.45,668700,1742981580
2025-03-26 15:04:00,CE,ATM+6,18.311256,12121575,23800.0,23489.7,9.35,9.85,9.1,9.8,1061400,1742981640
2025-03-26 15:05:00,CE,ATM+6,18.628778,12121575,23800.0,23486.55,10.0,10.15,9.7,10.15,1050525,1742981700
2025-03-26 15:06:00,CE,ATM+6,18.714951,12121575,23800.0,23485.85,10.05,10.25,9.5,10.25,738900,1742981760
2025-03-26 15:07:00,CE,ATM+6,18.614986,12094650,23800.0,23490.8,10.3,10.65,10.25,10.5,991725,1742981820
2025-03-26 15:08:00,CE,ATM+6,18.791095,12094650,23800.0,23489.65,10.8,10.8,10.1,10.75,598425,1742981880
2025-03-26 15:09:00,CE,ATM+6,18.378245,12094650,23800.0,23507.95,10.75,11.8,10.75,11.7,894150,1742981940
2025-03-26 15:10:00,CE,ATM+6,18.877044,11969925,23800.0,23509.7,12.05,13.05,11.3,13.05,1619325,1742982000
2025-03-26 15:11:00,CE,ATM+6,18.847121,11969925,23800.0,23506.5,13.15,13.75,12.5,12.6,1500750,1742982060
2025-03-26 15:12:00,CE,ATM+6,19.015215,11969925,23800.0,23495.7,12.85,12.95,11.55,11.8,1059300,1742982120
2025-03-26 15:13:00,CE,ATM+6,18.907238,11870775,23800.0,23496.25,11.9,12.1,11.6,11.6,501675,1742982180
2025-03-26 15:14:00,CE,ATM+6,18.956084,11870775,23800.0,23501.45,11.65,12.35,11.65,12.25,797775,1742982240
2025-03-26 15:15:00,CE,ATM+6,19.446793,11870775,23800.0,23489.75,12.55,12.55,11.75,12.1,1091325,1742982300
2025-03-26 15:16:00,CE,ATM+6,19.479441,11383050,23800.0,23482.4,11.95,12.3,11.05,11.4,965025,1742982360
2025-03-26 15:17:00,CE,ATM+6,19.45033,11383050,23800.0,23487.1,11.55,11.95,11.35,11.8,550650,1742982420
2025-03-26 15:18:00,CE,ATM+6,19.40078,11383050,23800.0,23484.4,11.85,11.85,11.0,11.4,528075,1742982480
2025-03-26 15:19:00,CE,ATM+6,19.606076,11205675,23800.0,23478.6,11.45,11.55,10.65,11.25,851775,1742982540
2025-03-26 15:20:00,CE,ATM+6,19.846304,11205675,23800.0,23480.5,11.5,11.95,11.5,11.95,852900,1742982600
2025-03-26 15:21:00,CE,ATM+6,19.764013,11205675,23800.0,23482.9,12.25,12.35,11.75,12.0,724800,1742982660
2025-03-26 15:22:00,CE,ATM+6,19.736847,11104275,23800.0,23483.15,12.05,12.15,11.7,11.95,684750,1742982720
2025-03-26 15:23:00,CE,ATM+6,19.779944,11104275,23800.0,23476.95,12.1,12.15,11.2,11.4,675525,1742982780
2025-03-26 15:24:00,CE,ATM+6,19.56944,11104275,23800.0,23480.15,11.45,11.65,11.25,11.25,549825,1742982840
2025-03-26 15:25:00,CE,ATM+6,19.919114,11079975,23800.0,23476.25,11.45,11.75,11.4,11.6,1114950,1742982900
2025-03-26 15:26:00,CE,ATM+6,19.775506,11079975,23800.0,23477.0,11.7,11.75,11.0,11.35,658050,1742982960
2025-03-26 15:27:00,CE,ATM+6,19.592915,11079975,23800.0,23481.1,11.45,11.6,11.1,11.35,734925,1742983020
2025-03-26 15:28:00,CE,ATM+6,19.448413,5290725,23750.0,23472.15,15.8,15.9,15.55,15.6,359475,1742983080
2025-03-26 15:29:00,CE,ATM+6,19.214081,5290725,23750.0,23464.3,15.75,15.9,14.0,14.0,510000,1742983140
2025-03-27 09:15:00,CE,ATM+6,32.633788,5309550,23750.0,23452.7,9.0,9.0,4.5,6.95,2131725,1743047100
2025-03-27 09:16:00,CE,ATM+6,33.456232,5309550,23750.0,23440.8,6.5,7.75,6.5,6.75,2030475,1743047160
2025-03-27 09:17:00,CE,ATM+6,32.955363,5309550,23750.0,23447.95,6.45,7.0,6.2,6.8,1522950,1743047220
2025-03-27 09:18:00,CE,ATM+6,32.182235,5309550,23750.0,23466.45,6.75,8.1,6.75,7.5,1666050,1743047280
2025-03-27 09:19:00,CE,ATM+6,33.926561,10638825,23800.0,23506.85,5.55,8.4,5.55,8.4,2239350,1743047340
2025-03-27 09:20:00,CE,ATM+6,34.542783,10638825,23800.0,23512.6,8.55,10.8,6.9,9.5,2275350,1743047400
2025-03-27 09:21:00,CE,ATM+6,34.014759,10924575,23800.0,23506.9,9.5,9.95,7.65,8.4,2030175,1743047460
2025-03-27 09:22:00,CE,ATM+6,34.424421,4884900,23850.0,23529.45,6.5,7.45,6.05,6.65,1395900,1743047520
2025-03-27 09:23:00,CE,ATM+6,34.02868,4884900,23850.0,23526.7,6.5,6.75,6.1,6.1,872250,1743047580
2025-03-27 09:24:00,CE,ATM+6,33.090956,11423250,23800.0,23507.65,8.85,8.95,7.4,7.45,1668750,1743047640
2025-03-27 09:25:00,CE,ATM+6,33.190234,11423250,23800.0,23509.5,7.35,7.8,6.65,7.65,1715475,1743047700
2025-03-27 09:26:00,CE,ATM+6,33.713314,5096475,23850.0,23527.6,5.4,6.15,5.4,5.8,696000,1743047760
2025-03-27 09:27:00,CE,ATM+6,32.54616,5287125,23850.0,23543.0,5.9,6.1,5.4,5.85,786450,1743047820
2025-03-27 09:28:00,CE,ATM+6,32.388901,5287125,23850.0,23551.95,5.9,6.55,5.55,6.3,1096725,1743047880
2025-03-27 09:29:00,CE,ATM+6,32.937363,5287125,23850.0,23543.85,6.25,6.4,5.95,6.15,1528125,1743047940
2025-03-27 09:30:00,CE,ATM+6,33.119845,5397150,23850.0,23541.5,6.1,6.6,5.8,6.1,649875,1743048000
2025-03-27 09:31:00,CE,ATM+6,32.631299,5397150,23850.0,23552.1,6.0,6.6,5.8,6.4,872625,1743048060
2025-03-27 09:32:00,CE,ATM+6,32.820175,5397150,23850.0,23541.7,6.4,6.55,5.8,5.8,484800,1743048120
2025-03-27 09:33:00,CE,ATM+6,31.238292,11799825,23800.0,23524.1,8.1,8.3,6.6,6.7,1432650,1743048180
2025-03-27 09:34:00,CE,ATM+6,33.32207,5451675,23850.0,23525.5,5.15,5.55,5.1,5.1,485100,1743048240
2025-03-27 09:35:00,CE,ATM+6,31.587793,11799825,23800.0,23522.4,6.8,7.2,6.35,6.8,1162650,1743048300
2025-03-27 09:36:00,CE,ATM+6,31.053492,11730600,23800.0,23522.5,6.95,6.95,5.9,6.3,1155675,1743048360
2025-03-27 09:37:00,CE,ATM+6,30.851596,11730600,23800.0,23513.3,6.2,6.5,5.45,5.45,990075,1743048420
2025-03-27 09:38:00,CE,ATM+6,30.75427,11730600,23800.0,23522.2,5.3,5.95,5.3,5.95,980325,1743048480
2025-03-27 09:39:00,CE,ATM+6,31.067654,12117750,23800.0,23509.5,6.1,6.1,5.3,5.3,1146150,1743048540
2025-03-27 09:40:00,CE,ATM+6,30.661565,12117750,23800.0,23522.9,5.35,5.9,5.3,5.85,786675,1743048600
2025-03-27 09:41:00,CE,ATM+6,32.104158,5412975,23850.0,23530.1,4.3,4.4,4.1,4.3,816450,1743048660
2025-03-27 09:42:00,CE,ATM+6,32.089613,5524125,23850.0,23529.9,4.3,4.4,4.1,4.25,465075,1743048720
2025-03-27 09:43:00,CE,ATM+6,31.150043,5524125,23850.0,23538.25,4.15,4.45,4.0,4.05,721350,1743048780
2025-03-27 09:44:00,CE,ATM+6,30.311658,5524125,23850.0,23554.7,4.05,4.55,4.0,4.35,872025,1743048840
2025-03-27 09:45:00,CE,ATM+6,30.803541,5659650,23850.0,23550.15,4.35,4.55,4.05,4.4,1094700,1743048900
2025-03-27 09:46:00,CE,ATM+6,31.04066,5659650,23850.0,23549.6,4.35,4.95,4.35,4.5,1950150,1743048960
2025-03-27 09:47:00,CE,ATM+6,31.640281,5659650,23850.0,23537.35,4.45,4.55,4.1,4.2,806250,1743049020
2025-03-27 09:48:00,CE,ATM+6,31.831251,5723250,23850.0,23533.65,4.25,4.3,3.95,4.1,860775,1743049080
2025-03-27 09:49:00,CE,ATM+6,31.613649,5723250,23850.0,23527.75,4.1,4.1,3.65,3.65,956550,1743049140
2025-03-27 09:50:00,CE,ATM+6,30.303936,12349125,23800.0,23521.2,5.0,5.15,4.8,5.1,1297950,1743049200
2025-03-27 09:51:00,CE,ATM+6,32.084866,5884725,23850.0,23530.3,3.8,4.0,3.8,4.0,419025,1743049260
2025-03-27 09:52:00,CE,ATM+6,31.34709,5884725,23850.0,23546.55,4.1,4.35,3.95,4.35,529650,1743049320
2025-03-27 09:53:00,CE,ATM+6,30.148115,5884725,23850.0,23558.85,4.2,4.45,4.1,4.2,1032975,1743049380
2025-03-27 09:54:00,CE,ATM+6,29.655865,5790450,23850.0,23566.2,4.35,4.55,4.05,4.25,936150,1743049440
2025-03-27 09:55:00,CE,ATM+6,30.127316,5790450,23850.0,23566.3,4.25,4.55,4.15,4.55,600675,1743049500
2025-03-27 09:56:00,CE,ATM+6,30.445923,5790450,23850.0,23559.6,4.65,4.65,4.25,4.35,788700,1743049560
2025-03-27 09:57:00,CE,ATM+6,30.154644,5736225,23850.0,23561.85,4.4,4.55,4.25,4.25,409050,1743049620
2025-03-27 09:58:00,CE,ATM+6,30.008306,5736225,23850.0,23570.15,4.25,4.65,4.2,4.6,634575,1743049680
2025-03-27 09:59:00,CE,ATM+6,31.569383,8506875,23900.0,23585.45,3.55,3.85,3.55,3.75,1156350,1743049740
2025-03-27 10:00:00,CE,ATM+6,31.475056,8506875,23900.0,23581.9,3.8,3.9,3.45,3.5,927375,1743049800
2025-03-27 10:01:00,CE,ATM+6,31.768873,8682375,23900.0,23577.75,3.5,3.55,3.3,3.45,529725,1743049860
2025-03-27 10:02:00,CE,ATM+6,31.458018,8682375,23900.0,23581.1,3.4,3.55,3.25,3.4,493275,1743049920
2025-03-27 10:03:00,CE,ATM+6,31.393193,8682375,23900.0,23580.25,3.4,3.45,3.2,3.3,374775,1743049980
2025-03-27 10:04:00,CE,ATM+6,30.457792,8776875,23900.0,23594.65,3.35,3.5,3.25,3.4,772350,1743050040
2025-03-27 10:05:00,CE,ATM+6,29.89063,8776875,23900.0,23603.25,3.4,3.65,3.25,3.45,1006275,1743050100
2025-03-27 10:06:00,CE,ATM+6,30.340503,8776875,23900.0,23597.25,3.35,3.55,3.35,3.4,695550,1743050160
2025-03-27 10:07:00,CE,ATM+6,30.616729,8714400,23900.0,23592.25,3.45,3.55,3.2,3.3,577425,1743050220
2025-03-27 10:08:00,CE,ATM+6,30.19489,8714400,23900.0,23602.3,3.25,3.55,3.25,3.5,636150,1743050280
2025-03-27 10:09:00,CE,ATM+6,29.616945,8714400,23900.0,23611.9,3.5,3.85,3.5,3.6,1119000,1743050340
2025-03-27 10:10:00,CE,ATM+6,30.178377,8567175,23900.0,23603.65,3.6,3.7,3.35,3.5,878025,1743050400
2025-03-27 10:11:00,CE,ATM+6,29.910286,8567175,23900.0,23610.5,3.5,3.75,3.45,3.65,812100,1743050460
2025-03-27 10:12:00,CE,ATM+6,29.492752,8567175,23900.0,23609.95,3.65,3.7,3.25,3.35,841425,1743050520
2025-03-27 10:13:00,CE,ATM+6,29.346928,8580450,23900.0,23606.85,3.3,3.45,3.1,3.1,680100,1743050580
2025-03-27 10:14:00,CE,ATM+6,29.737117,8580450,23900.0,23600.35,3.1,3.15,2.95,3.0,821475,1743050640
2025-03-27 10:15:00,CE,ATM+6,29.756765,8580450,23900.0,23601.85,3.05,3.1,2.8,3.05,667200,1743050700
2025-03-27 10:16:00,CE,ATM+6,29.319533,8480100,23900.0,23613.25,3.05,3.3,3.0,3.3,549525,1743050760
2025-03-27 10:17:00,CE,ATM+6,29.127719,8480100,23900.0,23609.55,3.35,3.35,3.0,3.0,337500,1743050820
2025-03-27 10:18:00,CE,ATM+6,29.641611,8480100,23900.0,23597.85,3.0,3.05,2.7,2.75,1036275,1743050880
2025-03-27 10:19:00,CE,ATM+6,29.811003,8395875,23900.0,23592.5,2.75,2.75,2.45,2.6,1327575,1743050940
2025-03-27 10:20:00,CE,ATM+6,29.722923,8395875,23900.0,23594.2,2.6,2.75,2.6,2.6,694950,1743051000
2025-03-27 10:21:00,CE,ATM+6,29.263043,8395875,23900.0,23603.05,2.6,2.8,2.6,2.7,720975,1743051060
2025-03-27 10:22:00,CE,ATM+6,29.246172,8336175,23900.0,23606.3,2.7,2.85,2.7,2.8,592650,1743051120
2025-03-27 10:23:00,CE,ATM+6,28.388084,8336175,23900.0,23614.95,2.8,2.85,2.6,2.7,564825,1743051180
2025-03-27 10:24:00,CE,ATM+6,28.640416,8336175,23900.0,23613.65,2.85,2.85,2.65,2.75,745350,1743051240
2025-03-27 10:25:00,CE,ATM+6,28.600685,8371725,23900.0,23613.5,2.75,2.8,2.65,2.7,547950,1743051300
2025-03-27 10:26:00,CE,ATM+6,28.85592,8371725,23900.0,23607.2,2.75,2.75,2.55,2.55,565800,1743051360
2025-03-27 10:27:00,CE,ATM+6,29.404707,8371725,23900.0,23606.1,2.55,2.85,2.5,2.75,491025,1743051420
2025-03-27 10:28:00,CE,ATM+6,29.334412,8295375,23900.0,23609.95,2.8,2.9,2.65,2.85,491700,1743051480
2025-03-27 10:29:00,CE,ATM+6,28.73067,8295375,23900.0,23617.8,2.9,2.9,2.75,2.85,333450,1743051540
2025-03-27 10:30:00,CE,ATM+6,28.289271,8295375,23900.0,23620.15,2.8,3.1,2.7,2.7,959775,1743051600
2025-03-27 10:31:00,CE,ATM+6,29.03653,8182500,23900.0,23607.95,2.75,2.85,2.55,2.55,501675,1743051660
2025-03-27 10:32:00,CE,ATM+6,29.618821,8182500,23900.0,23601.45,2.55,2.65,2.5,2.55,669825,1743051720
2025-03-27 10:33:00,CE,ATM+6,30.354823,8182500,23900.0,23594.4,2.55,2.65,2.55,2.6,391350,1743051780
2025-03-27 10:34:00,CE,ATM+6,30.39804,8177625,23900.0,23595.8,2.6,2.7,2.55,2.65,229875,1743051840
2025-03-27 10:35:00,CE,ATM+6,30.682228,8177625,23900.0,23590.35,2.7,2.75,2.55,2.55,299250,1743051900
2025-03-27 10:36:00,CE,ATM+6,30.328931,8177625,23900.0,23593.95,2.5,2.6,2.5,2.5,400650,1743051960
2025-03-27 10:37:00,CE,ATM+6,30.922681,8172900,23900.0,23587.35,2.45,2.55,2.45,2.5,470475,1743052020
2025-03-27 10:38:00,CE,ATM+6,31.494773,8172900,23900.0,23582.4,2.55,2.65,2.45,2.55,356100,1743052080
2025-03-27 10:39:00,CE,ATM+6,32.003765,8172900,23900.0,23583.5,2.55,2.8,2.55,2.8,395625,1743052140
2025-03-27 10:40:00,CE,ATM+6,32.261271,7884975,23900.0,23582.35,2.8,2.95,2.8,2.85,607725,1743052200
2025-03-27 10:41:00,CE,ATM+6,32.246048,7884975,23900.0,23584.45,2.9,2.95,2.85,2.9,341925,1743052260
2025-03-27 10:42:00,CE,ATM+6,31.956814,7884975,23900.0,23588.55,2.9,2.95,2.85,2.9,297675,1743052320
2025-03-27 10:43:00,CE,ATM+6,31.230617,8035050,23900.0,23594.1,2.95,2.95,2.75,2.75,287925,1743052380
2025-03-27 10:44:00,CE,ATM+6,32.084553,8035050,23900.0,23583.3,2.75,2.75,2.65,2.7,274725,1743052440
2025-03-27 10:45:00,CE,ATM+6,31.889555,8035050,23900.0,23586.3,2.65,2.7,2.6,2.7,402450,1743052500
2025-03-27 10:46:00,CE,ATM+6,31.984564,7994925,23900.0,23588.4,2.7,2.8,2.7,2.8,399750,1743052560
2025-03-27 10:47:00,CE,ATM+6,32.360441,7994925,23900.0,23583.35,2.8,2.85,2.7,2.75,297000,1743052620
2025-03-27 10:48:00,CE,ATM+6,32.567436,7994925,23900.0,23578.95,2.7,2.7,2.6,2.65,295350,1743052680
2025-03-27 10:49:00,CE,ATM+6,29.011387,5472675,23850.0,23573.5,2.9,2.9,2.65,2.7,629625,1743052740
2025-03-27 10:50:00,CE,ATM+6,29.921617,5472675,23850.0,23571.6,2.7,3.05,2.7,3.05,928050,1743052800
2025-03-27 10:51:00,CE,ATM+6,30.544526,5472675,23850.0,23565.1,2.95,3.1,2.9,3.05,476400,1743052860
2025-03-27 10:52:00,CE,ATM+6,32.948743,7921725,23900.0,23578.55,2.7,2.75,2.6,2.7,620325,1743052920
2025-03-27 10:53:00,CE,ATM+6,33.263038,7921725,23900.0,23575.55,2.7,2.75,2.65,2.7,287700,1743052980
2025-03-27 10:54:00,CE,ATM+6,32.959967,7921725,23900.0,23577.15,2.65,2.75,2.6,2.6,600750,1743053040
2025-03-27 10:55:00,CE,ATM+6,33.073191,7926375,23900.0,23575.15,2.6,2.65,2.55,2.55,456000,1743053100
2025-03-27 10:56:00,CE,ATM+6,30.002331,5243925,23850.0,23568.75,2.9,2.9,2.8,2.8,594600,1743053160
2025-03-27 10:57:00,CE,ATM+6,29.545521,5243925,23850.0,23572.25,2.85,2.9,2.65,2.7,700275,1743053220
2025-03-27 10:58:00,CE,ATM+6,29.713684,5212950,23850.0,23570.95,2.75,2.9,2.7,2.7,655950,1743053280
2025-03-27 10:59:00,CE,ATM+6,32.737881,7738875,23900.0,23576.3,2.35,2.4,2.25,2.35,598875,1743053340
2025-03-27 11:00:00,CE,ATM+6,31.061683,7738875,23900.0,23600.9,2.4,2.55,2.3,2.5,648675,1743053400
2025-03-27 11:01:00,CE,ATM+6,30.479855,7768500,23900.0,23597.1,2.45,2.5,2.1,2.1,555300,1743053460
2025-03-27 11:02:00,CE,ATM+6,30.598193,7768500,23900.0,23599.35,2.1,2.25,2.05,2.2,698925,1743053520
2025-03-27 11:03:00,CE,ATM+6,30.505833,7768500,23900.0,23599.65,2.2,2.2,2.05,2.15,499575,1743053580
2025-03-27 11:04:00,CE,ATM+6,30.178071,7706550,23900.0,23601.2,2.15,2.15,2.05,2.05,466650,1743053640
2025-03-27 11:05:00,CE,ATM+6,29.974774,7706550,23900.0,23602.75,2.05,2.1,1.95,2.0,884925,1743053700
2025-03-27 11:06:00,CE,ATM+6,30.215451,7706550,23900.0,23594.05,2.0,2.0,1.7,1.8,1059750,1743053760
2025-03-27 11:07:00,CE,ATM+6,29.886076,7743600,23900.0,23598.7,1.75,1.8,1.65,1.8,561450,1743053820
2025-03-27 11:08:00,CE,ATM+6,29.24722,7743600,23900.0,23605.35,1.8,1.85,1.7,1.75,522675,1743053880
2025-03-27 11:09:00,CE,ATM+6,29.487162,7743600,23900.0,23599.65,1.75,1.8,1.6,1.65,356925,1743053940
2025-03-27 11:10:00,CE,ATM+6,29.548332,7637775,23900.0,23599.6,1.6,1.65,1.55,1.65,522825,1743054000
2025-03-27 11:11:00,CE,ATM+6,29.306346,7637775,23900.0,23603.2,1.6,1.7,1.5,1.65,799575,1743054060
2025-03-27 11:12:00,CE,ATM+6,29.482258,7637775,23900.0,23598.1,1.65,1.65,1.55,1.55,409350,1743054120
2025-03-27 11:13:00,CE,ATM+6,29.653157,7650600,23900.0,23598.6,1.6,1.6,1.5,1.6,678375,1743054180
2025-03-27 11:14:00,CE,ATM+6,29.353186,7650600,23900.0,23602.9,1.55,1.65,1.5,1.6,297600,1743054240
2025-03-27 11:15:00,CE,ATM+6,29.469713,7650600,23900.0,23604.0,1.65,1.7,1.6,1.65,224400,1743054300
2025-03-27 11:16:00,CE,ATM+6,29.380935,7682700,23900.0,23609.2,1.7,1.75,1.6,1.75,528000,1743054360
2025-03-27 11:17:00,CE,ATM+6,29.908303,7682700,23900.0,23601.95,1.75,1.95,1.65,1.7,733125,1743054420
2025-03-27 11:18:00,CE,ATM+6,29.983774,7682700,23900.0,23596.3,1.7,1.7,1.55,1.55,572700,1743054480
2025-03-27 11:19:00,CE,ATM+6,30.029267,7720275,23900.0,23594.55,1.55,1.6,1.5,1.5,435075,1743054540
2025-03-27 11:20:00,CE,ATM+6,30.294232,7720275,23900.0,23588.05,1.5,1.55,1.4,1.4,500025,1743054600
2025-03-27 11:21:00,CE,ATM+6,30.542774,7720275,23900.0,23587.85,1.45,1.5,1.4,1.45,288900,1743054660
2025-03-27 11:22:00,CE,ATM+6,31.031234,7680825,23900.0,23584.75,1.45,1.55,1.45,1.5,318750,1743054720
2025-03-27 11:23:00,CE,ATM+6,30.844069,7680825,23900.0,23583.65,1.5,1.5,1.35,1.4,420825,1743054780
2025-03-27 11:24:00,CE,ATM+6,30.774024,7680825,23900.0,23585.25,1.4,1.45,1.35,1.4,227025,1743054840
2025-03-27 11:25:00,CE,ATM+6,30.888906,7611525,23900.0,23586.7,1.4,1.45,1.35,1.45,123150,1743054900
2025-03-27 11:26:00,CE,ATM+6,31.03221,7611525,23900.0,23585.75,1.45,1.45,1.4,1.45,41550,1743054960
2025-03-27 11:27:00,CE,ATM+6,31.152415,7611525,23900.0,23587.1,1.4,1.5,1.4,1.5,254325,1743055020
2025-03-27 11:28:00,CE,ATM+6,31.217427,7634625,23900.0,23583.0,1.5,1.55,1.4,1.4,360075,1743055080
2025-03-27 11:29:00,CE,ATM+6,32.039779,7634625,23900.0,23580.15,1.4,1.55,1.35,1.55,497325,1743055140
2025-03-27 11:30:00,CE,ATM+6,31.929443,7634625,23900.0,23586.05,1.55,1.7,1.55,1.65,222750,1743055200
2025-03-27 11:31:00,CE,ATM+6,32.76095,7673775,23900.0,23580.85,1.7,1.75,1.65,1.75,351000,1743055260
2025-03-27 11:32:00,CE,ATM+6,32.684364,7673775,23900.0,23584.3,1.7,1.8,1.7,1.8,183600,1743055320
2025-03-27 11:33:00,CE,ATM+6,32.246641,7673775,23900.0,23590.1,1.75,1.8,1.75,1.8,147000,1743055380
2025-03-27 11:34:00,CE,ATM+6,31.862346,7632300,23900.0,23589.95,1.75,1.8,1.65,1.65,371475,1743055440
2025-03-27 11:35:00,CE,ATM+6,31.857604,7632300,23900.0,23592.6,1.7,1.75,1.65,1.7,210975,1743055500
2025-03-27 11:36:00,CE,ATM+6,32.158696,7632300,23900.0,23593.45,1.75,1.8,1.65,1.8,216075,1743055560
2025-03-27 11:37:00,CE,ATM+6,31.379048,7656750,23900.0,23596.0,1.8,1.8,1.55,1.6,233700,1743055620
2025-03-27 11:38:00,CE,ATM+6,31.756902,7656750,23900.0,23592.45,1.6,1.65,1.5,1.6,225750,1743055680
2025-03-27 11:39:00,CE,ATM+6,31.412488,7656750,23900.0,23599.0,1.55,1.65,1.5,1.65,283800,1743055740
2025-03-27 11:40:00,CE,ATM+6,31.048162,7727700,23900.0,23600.25,1.65,1.65,1.55,1.55,252375,1743055800
2025-03-27 11:41:00,CE,ATM+6,31.229157,7727700,23900.0,23597.05,1.55,1.55,1.45,1.5,270750,1743055860
2025-03-27 11:42:00,CE,ATM+6,30.404221,7727700,23900.0,23607.25,1.45,1.5,1.4,1.5,327300,1743055920
2025-03-27 11:43:00,CE,ATM+6,29.62918,7706100,23900.0,23613.0,1.5,1.55,1.4,1.4,301425,1743055980
2025-03-27 11:44:00,CE,ATM+6,29.826455,7706100,23900.0,23611.5,1.45,1.45,1.4,1.4,278550,1743056040
2025-03-27 11:45:00,CE,ATM+6,30.112384,7706100,23900.0,23609.0,1.4,1.55,1.4,1.4,518250,1743056100
2025-03-27 11:46:00,CE,ATM+6,30.179918,7637925,23900.0,23609.0,1.4,1.5,1.4,1.4,244875,1743056160
2025-03-27 11:47:00,CE,ATM+6,29.838747,7637925,23900.0,23611.65,1.4,1.45,1.35,1.35,341175,1743056220
2025-03-27 11:48:00,CE,ATM+6,29.874537,7637925,23900.0,23614.0,1.4,1.45,1.35,1.4,520050,1743056280
2025-03-27 11:49:00,CE,ATM+6,30.118571,7607775,23900.0,23613.95,1.4,1.5,1.4,1.45,456600,1743056340
2025-03-27 11:50:00,CE,ATM+6,30.628753,7607775,23900.0,23612.75,1.4,1.55,1.4,1.55,170775,1743056400
2025-03-27 11:51:00,CE,ATM+6,30.225479,7607775,23900.0,23608.3,1.55,1.55,1.25,1.3,648000,1743056460
2025-03-27 11:52:00,CE,ATM+6,31.006522,7721025,23900.0,23606.35,1.35,1.45,1.25,1.45,480000,1743056520
2025-03-27 11:53:00,CE,ATM+6,30.966281,7721025,23900.0,23607.6,1.45,1.45,1.4,1.45,49800,1743056580
2025-03-27 11:54:00,CE,ATM+6,31.121471,7721025,23900.0,23604.7,1.45,1.5,1.35,1.4,242400,1743056640
2025-03-27 11:55:00,CE,ATM+6,31.158335,7627950,23900.0,23605.1,1.4,1.45,1.35,1.4,123825,1743056700
2025-03-27 11:56:00,CE,ATM+6,31.107069,7627950,23900.0,23608.45,1.4,1.45,1.4,1.45,166800,1743056760
2025-03-27 11:57:00,CE,ATM+6,30.989893,7627950,23900.0,23608.6,1.4,1.55,1.4,1.4,320850,1743056820
2025-03-27 11:58:00,CE,ATM+6,31.478444,7608225,23900.0,23604.0,1.45,1.45,1.35,1.4,234675,1743056880
2025-03-27 11:59:00,CE,ATM+6,32.054919,7608225,23900.0,23600.45,1.45,1.45,1.4,1.45,144375,1743056940
2025-03-27 12:00:00,CE,ATM+6,32.855902,7608225,23900.0,23594.45,1.45,1.5,1.4,1.5,236100,1743057000
2025-03-27 12:01:00,CE,ATM+6,33.216631,7662750,23900.0,23593.3,1.45,1.6,1.45,1.55,443250,1743057060
2025-03-27 12:02:00,CE,ATM+6,33.831818,7662750,23900.0,23585.5,1.55,1.6,1.5,1.5,291675,1743057120
2025-03-27 12:03:00,CE,ATM+6,33.665764,7662750,23900.0,23586.2,1.5,1.55,1.45,1.45,313425,1743057180
2025-03-27 12:04:00,CE,ATM+6,33.861882,7575900,23900.0,23584.95,1.45,1.5,1.45,1.45,105150,1743057240
2025-03-27 12:05:00,CE,ATM+6,33.93289,7575900,23900.0,23583.0,1.45,1.45,1.4,1.4,278400,1743057300
2025-03-27 12:06:00,CE,ATM+6,34.544136,7575900,23900.0,23583.35,1.4,1.55,1.4,1.55,185775,1743057360
2025-03-27 12:07:00,CE,ATM+6,34.015868,7481400,23900.0,23586.0,1.5,1.6,1.4,1.45,219300,1743057420
2025-03-27 12:08:00,CE,ATM+6,33.749191,7481400,23900.0,23587.75,1.45,1.45,1.4,1.4,67425,1743057480
2025-03-27 12:09:00,CE,ATM+6,33.185575,7481400,23900.0,23596.8,1.4,1.45,1.4,1.45,97350,1743057540
2025-03-27 12:10:00,CE,ATM+6,33.143576,7513725,23900.0,23594.05,1.4,1.45,1.35,1.35,116850,1743057600
2025-03-27 12:11:00,CE,ATM+6,33.126095,7513725,23900.0,23593.0,1.35,1.35,1.25,1.3,104400,1743057660
2025-03-27 12:12:00,CE,ATM+6,32.933513,7513725,23900.0,23596.0,1.3,1.35,1.25,1.3,162825,1743057720
2025-03-27 12:13:00,CE,ATM+6,32.547754,7518600,23900.0,23598.9,1.35,1.35,1.25,1.25,213150,1743057780
2025-03-27 12:14:00,CE,ATM+6,32.065058,7518600,23900.0,23600.5,1.25,1.25,1.1,1.15,525000,1743057840
2025-03-27 12:15:00,CE,ATM+6,32.60856,7518600,23900.0,23600.05,1.15,1.25,1.1,1.25,342000,1743057900
2025-03-27 12:16:00,CE,ATM+6,32.803995,7481025,23900.0,23596.6,1.25,1.25,1.2,1.2,189450,1743057960
2025-03-27 12:17:00,CE,ATM+6,33.368543,7481025,23900.0,23593.7,1.2,1.3,1.2,1.25,119175,1743058020
2025-03-27 12:18:00,CE,ATM+6,33.753676,7481025,23900.0,23590.5,1.3,1.3,1.2,1.25,174375,1743058080
2025-03-27 12:19:00,CE,ATM+6,34.16226,7444725,23900.0,23584.75,1.2,1.25,1.15,1.2,246600,1743058140
2025-03-27 12:20:00,CE,ATM+6,34.230875,7444725,23900.0,23587.3,1.2,1.35,1.2,1.25,179400,1743058200
2025-03-27 12:21:00,CE,ATM+6,34.012388,7444725,23900.0,23590.6,1.3,1.35,1.25,1.25,149025,1743058260
2025-03-27 12:22:00,CE,ATM+6,34.100274,7412325,23900.0,23592.85,1.25,1.35,1.25,1.3,59550,1743058320
2025-03-27 12:23:00,CE,ATM+6,34.175774,7412325,23900.0,23590.8,1.35,1.35,1.25,1.25,97950,1743058380
2025-03-27 12:24:00,CE,ATM+6,34.717922,7412325,23900.0,23590.45,1.3,1.35,1.3,1.35,54900,1743058440
2025-03-27 12:25:00,CE,ATM+6,35.129115,7437900,23900.0,23589.25,1.3,1.5,1.3,1.4,504075,1743058500
2025-03-27 12:26:00,CE,ATM+6,34.988472,7437900,23900.0,23589.6,1.4,1.45,1.35,1.35,96300,1743058560
2025-03-27 12:27:00,CE,ATM+6,35.854546,7437900,23900.0,23585.8,1.35,1.5,1.35,1.45,184425,1743058620
2025-03-27 12:28:00,CE,ATM+6,36.016458,7435350,23900.0,23585.15,1.5,1.5,1.45,1.45,34950,1743058680
2025-03-27 12:29:00,CE,ATM+6,35.837078,7435350,23900.0,23585.95,1.45,1.5,1.35,1.4,128325,1743058740
2025-03-27 12:30:00,CE,ATM+6,36.27708,7435350,23900.0,23582.45,1.35,1.45,1.35,1.4,182475,1743058800
2025-03-27 12:31:00,CE,ATM+6,36.807414,7407750,23900.0,23580.15,1.4,1.5,1.4,1.45,238800,1743058860
2025-03-27 12:32:00,CE,ATM+6,37.387483,7407750,23900.0,23577.35,1.5,1.6,1.5,1.5,395850,1743058920
2025-03-27 12:33:00,CE,ATM+6,37.276399,7407750,23900.0,23579.55,1.5,1.55,1.5,1.5,137325,1743058980
2025-03-27 12:34:00,CE,ATM+6,37.392045,7071525,23900.0,23577.4,1.55,1.6,1.45,1.45,226200,1743059040
2025-03-27 12:35:00,CE,ATM+6,37.866526,7071525,23900.0,23575.75,1.5,1.55,1.45,1.5,213675,1743059100
2025-03-27 12:36:00,CE,ATM+6,37.47329,7071525,23900.0,23580.8,1.5,1.55,1.5,1.5,107625,1743059160
2025-03-27 12:37:00,CE,ATM+6,36.580484,7053900,23900.0,23586.75,1.5,1.55,1.4,1.4,350100,1743059220
2025-03-27 12:38:00,CE,ATM+6,36.24896,7053900,23900.0,23591.15,1.4,1.45,1.35,1.4,170325,1743059280
2025-03-27 12:39:00,CE,ATM+6,36.235283,7053900,23900.0,23592.35,1.4,1.45,1.35,1.4,234075,1743059340
2025-03-27 12:40:00,CE,ATM+6,36.391045,7061775,23900.0,23593.9,1.4,1.45,1.3,1.45,138375,1743059400
2025-03-27 12:41:00,CE,ATM+6,35.964173,7061775,23900.0,23595.1,1.4,1.4,1.3,1.35,187200,1743059460
2025-03-27 12:42:00,CE,ATM+6,36.021227,7061775,23900.0,23595.6,1.35,1.35,1.3,1.35,100800,1743059520
2025-03-27 12:43:00,CE,ATM+6,36.415428,7006425,23900.0,23594.85,1.35,1.4,1.3,1.4,127650,1743059580
2025-03-27 12:44:00,CE,ATM+6,36.436755,7006425,23900.0,23599.7,1.35,1.5,1.35,1.5,123525,1743059640
2025-03-27 12:45:00,CE,ATM+6,36.228593,7006425,23900.0,23598.85,1.45,1.45,1.4,1.4,46050,1743059700
2025-03-27 12:46:00,CE,ATM+6,36.637761,7040550,23900.0,23597.95,1.45,1.45,1.4,1.45,22950,1743059760
2025-03-27 12:47:00,CE,ATM+6,36.745283,7040550,23900.0,23598.0,1.4,1.5,1.4,1.45,154425,1743059820
2025-03-27 12:48:00,CE,ATM+6,36.471207,7040550,23900.0,23599.75,1.45,1.45,1.35,1.4,97275,1743059880
2025-03-27 12:49:00,CE,ATM+6,36.455595,7054425,23900.0,23601.0,1.4,1.45,1.35,1.4,151050,1743059940
2025-03-27 12:50:00,CE,ATM+6,36.637185,7054425,23900.0,23600.35,1.35,1.45,1.35,1.4,155025,1743060000
2025-03-27 12:51:00,CE,ATM+6,36.994631,7054425,23900.0,23595.95,1.4,1.45,1.35,1.35,71100,1743060060
2025-03-27 12:52:00,CE,ATM+6,37.516124,7043025,23900.0,23592.05,1.4,1.4,1.3,1.35,170250,1743060120
2025-03-27 12:53:00,CE,ATM+6,37.781153,7043025,23900.0,23592.75,1.4,1.45,1.35,1.4,140100,1743060180
2025-03-27 12:54:00,CE,ATM+6,38.784602,7043025,23900.0,23588.4,1.45,1.55,1.45,1.5,152775,1743060240
2025-03-27 12:55:00,CE,ATM+6,38.687841,7072950,23900.0,23590.5,1.55,1.65,1.5,1.5,167550,1743060300
2025-03-27 12:56:00,CE,ATM+6,38.893336,7072950,23900.0,23589.75,1.5,1.55,1.45,1.5,118200,1743060360
2025-03-27 12:57:00,CE,ATM+6,38.903554,7072950,23900.0,23590.85,1.55,1.6,1.5,1.5,160875,1743060420
2025-03-27 12:58:00,CE,ATM+6,38.843099,7152450,23900.0,23594.55,1.5,1.6,1.5,1.55,230625,1743060480
2025-03-27 12:59:00,CE,ATM+6,38.097537,7152450,23900.0,23598.8,1.6,1.6,1.4,1.45,175125,1743060540
2025-03-27 13:00:00,CE,ATM+6,37.079308,7152450,23900.0,23601.2,1.4,1.4,1.25,1.25,275850,1743060600
2025-03-27 13:01:00,CE,ATM+6,36.71956,7168425,23900.0,23603.55,1.2,1.25,1.1,1.2,256350,1743060660
2025-03-27 13:02:00,CE,ATM+6,37.394282,7168425,23900.0,23598.35,1.2,1.3,1.15,1.2,383400,1743060720
2025-03-27 13:03:00,CE,ATM+6,37.196374,7168425,23900.0,23596.7,1.2,1.2,1.1,1.1,277800,1743060780
2025-03-27 13:04:00,CE,ATM+6,37.376681,7018950,23900.0,23596.2,1.15,1.2,1.05,1.1,185925,1743060840
2025-03-27 13:05:00,CE,ATM+6,37.563942,7018950,23900.0,23595.65,1.1,1.15,1.1,1.1,209325,1743060900
2025-03-27 13:06:00,CE,ATM+6,37.304356,7018950,23900.0,23594.25,1.1,1.1,0.95,1.0,416325,1743060960
2025-03-27 13:07:00,CE,ATM+6,37.61951,7045800,23900.0,23595.1,1.0,1.05,1.0,1.05,158925,1743061020
2025-03-27 13:08:00,CE,ATM+6,37.730692,7045800,23900.0,23592.7,1.05,1.05,0.95,1.0,210375,1743061080
2025-03-27 13:09:00,CE,ATM+6,37.859429,7045800,23900.0,23592.75,1.0,1.05,1.0,1.0,47400,1743061140
2025-03-27 13:10:00,CE,ATM+6,37.771608,7053975,23900.0,23594.85,1.0,1.05,1.0,1.0,81675,1743061200
2025-03-27 13:11:00,CE,ATM+6,38.276923,7053975,23900.0,23594.0,1.0,1.1,1.0,1.05,172950,1743061260
2025-03-27 13:12:00,CE,ATM+6,37.905998,7053975,23900.0,23596.15,1.05,1.05,1.0,1.0,89100,1743061320
2025-03-27 13:13:00,CE,ATM+6,38.280552,7047075,23900.0,23596.55,1.0,1.05,1.0,1.05,253575,1743061380
2025-03-27 13:14:00,CE,ATM+6,38.91863,7047075,23900.0,23586.6,1.0,1.05,0.95,0.95,140325,1743061440
2025-03-27 13:15:00,CE,ATM+6,39.343268,7047075,23900.0,23586.75,0.95,1.05,0.95,1.0,230625,1743061500
2025-03-27 13:16:00,CE,ATM+6,38.773913,7052775,23900.0,23593.35,0.95,1.0,0.9,1.0,337050,1743061560
2025-03-27 13:17:00,CE,ATM+6,39.313281,7052775,23900.0,23587.0,1.0,1.0,0.95,0.95,137175,1743061620
2025-03-27 13:18:00,CE,ATM+6,39.822076,7052775,23900.0,23586.45,1.0,1.0,0.95,1.0,91800,1743061680
2025-03-27 13:19:00,CE,ATM+6,38.76925,7071450,23900.0,23588.95,1.0,1.0,0.85,0.85,317250,1743061740
2025-03-27 13:20:00,CE,ATM+6,39.107823,7071450,23900.0,23587.2,0.85,0.9,0.8,0.85,264450,1743061800
2025-03-27 13:21:00,CE,ATM+6,39.075029,7071450,23900.0,23588.9,0.85,0.9,0.85,0.85,110400,1743061860
2025-03-27 13:22:00,CE,ATM+6,39.547519,6930225,23900.0,23588.95,0.85,0.9,0.85,0.9,64200,1743061920
2025-03-27 13:23:00,CE,ATM+6,39.211696,6930225,23900.0,23587.35,0.85,0.9,0.8,0.8,160050,1743061980
2025-03-27 13:24:00,CE,ATM+6,38.290172,6930225,23900.0,23594.0,0.85,0.85,0.75,0.75,441825,1743062040
2025-03-27 13:25:00,CE,ATM+6,38.993472,7002675,23900.0,23592.2,0.75,0.8,0.75,0.8,49725,1743062100
2025-03-27 13:26:00,CE,ATM+6,39.064674,7002675,23900.0,23596.05,0.8,0.85,0.75,0.85,317625,1743062160
2025-03-27 13:27:00,CE,ATM+6,39.36295,7002675,23900.0,23594.8,0.8,0.85,0.8,0.85,75600,1743062220
2025-03-27 13:28:00,CE,ATM+6,38.965881,6993375,23900.0,23596.75,0.8,0.85,0.8,0.8,129825,1743062280
2025-03-27 13:29:00,CE,ATM+6,39.480777,6993375,23900.0,23599.55,0.85,0.9,0.8,0.9,445950,1743062340
2025-03-27 13:30:00,CE,ATM+6,39.70229,6993375,23900.0,23599.05,0.9,0.9,0.8,0.9,421875,1743062400
2025-03-27 13:31:00,CE,ATM+6,39.355205,6946875,23900.0,23603.55,0.9,0.95,0.85,0.9,389100,1743062460
2025-03-27 13:32:00,CE,ATM+6,40.063082,6946875,23900.0,23604.25,0.95,1.0,0.9,1.0,162525,1743062520
2025-03-27 13:33:00,CE,ATM+6,40.059356,6946875,23900.0,23605.75,1.0,1.0,0.9,1.0,315525,1743062580
2025-03-27 13:34:00,CE,ATM+6,40.647352,6874800,23900.0,23604.75,1.0,1.1,0.95,1.05,226800,1743062640
2025-03-27 13:35:00,CE,ATM+6,40.701551,6874800,23900.0,23603.25,1.1,1.1,1.0,1.0,160350,1743062700
2025-03-27 13:36:00,CE,ATM+6,41.585572,6874800,23900.0,23599.85,1.0,1.1,0.95,1.05,284700,1743062760
2025-03-27 13:37:00,CE,ATM+6,41.67431,6966150,23900.0,23600.65,1.0,1.15,1.0,1.05,373875,1743062820
2025-03-27 13:38:00,CE,ATM+6,42.429052,6966150,23900.0,23595.9,1.05,1.15,1.05,1.05,148950,1743062880
2025-03-27 13:39:00,CE,ATM+6,41.862591,6966150,23900.0,23602.2,1.1,1.1,1.05,1.05,83550,1743062940
2025-03-27 13:40:00,CE,ATM+6,43.148634,6947025,23900.0,23602.6,1.1,1.3,1.1,1.25,569475,1743063000
2025-03-27 13:41:00,CE,ATM+6,43.659099,6947025,23900.0,23602.25,1.25,1.35,1.2,1.3,492450,1743063060
2025-03-27 13:42:00,CE,ATM+6,43.661058,6947025,23900.0,23603.85,1.3,1.35,1.3,1.3,146925,1743063120
2025-03-27 13:43:00,CE,ATM+6,43.813589,6996000,23900.0,23602.1,1.3,1.35,1.15,1.25,203700,1743063180
2025-03-27 13:44:00,CE,ATM+6,43.302294,6996000,23900.0,23605.6,1.25,1.25,1.15,1.2,171825,1743063240
2025-03-27 13:45:00,CE,ATM+6,43.51308,6996000,23900.0,23609.9,1.2,1.3,1.15,1.3,223725,1743063300
2025-03-27 13:46:00,CE,ATM+6,44.188816,6930900,23900.0,23606.25,1.3,1.3,1.25,1.3,227325,1743063360
2025-03-27 13:47:00,CE,ATM+6,44.760577,6930900,23900.0,23601.3,1.25,1.3,1.2,1.25,243000,1743063420
2025-03-27 13:48:00,CE,ATM+6,45.213652,6930900,23900.0,23601.65,1.3,1.3,1.25,1.3,213225,1743063480
2025-03-27 13:49:00,CE,ATM+6,44.45524,7020375,23900.0,23607.1,1.25,1.3,1.25,1.25,138000,1743063540
2025-03-27 13:50:00,CE,ATM+6,45.368645,7020375,23900.0,23611.9,1.25,1.55,1.25,1.5,437625,1743063600
2025-03-27 13:51:00,CE,ATM+6,45.297458,7020375,23900.0,23608.3,1.5,1.5,1.3,1.35,417300,1743063660
2025-03-27 13:52:00,CE,ATM+6,45.700424,6885825,23900.0,23607.0,1.35,1.4,1.3,1.35,158700,1743063720
2025-03-27 13:53:00,CE,ATM+6,46.088722,6885825,23900.0,23605.85,1.35,1.4,1.35,1.35,231750,1743063780
2025-03-27 13:54:00,CE,ATM+6,45.938048,6885825,23900.0,23606.7,1.35,1.35,1.3,1.3,142200,1743063840
2025-03-27 13:55:00,CE,ATM+6,46.160231,6921150,23900.0,23604.7,1.35,1.35,1.25,1.25,221925,1743063900
2025-03-27 13:56:00,CE,ATM+6,46.620107,6921150,23900.0,23605.25,1.3,1.3,1.25,1.3,101100,1743063960
2025-03-27 13:57:00,CE,ATM+6,46.625256,6921150,23900.0,23602.7,1.25,1.3,1.15,1.2,256500,1743064020
2025-03-27 13:58:00,CE,ATM+6,46.038576,6922275,23900.0,23599.3,1.2,1.2,0.95,1.0,213825,1743064080
2025-03-27 13:59:00,CE,ATM+6,45.203676,6922275,23900.0,23604.9,1.05,1.05,0.9,0.95,208500,1743064140
2025-03-27 14:00:00,CE,ATM+6,45.448078,6922275,23900.0,23604.95,0.9,0.95,0.85,0.95,132900,1743064200
2025-03-27 14:01:00,CE,ATM+6,46.568555,6962775,23900.0,23608.45,1.0,1.15,0.95,1.15,346725,1743064260
2025-03-27 14:02:00,CE,ATM+6,47.301934,6962775,23900.0,23609.5,1.2,1.25,1.1,1.25,438075,1743064320
2025-03-27 14:03:00,CE,ATM+6,47.583521,6962775,23900.0,23611.55,1.25,1.35,1.2,1.3,294750,1743064380
2025-03-27 14:04:00,CE,ATM+6,47.899021,7010550,23900.0,23609.15,1.3,1.3,1.2,1.25,162600,1743064440
2025-03-27 14:05:00,CE,ATM+6,48.208732,7010550,23900.0,23608.95,1.25,1.25,1.2,1.25,146175,1743064500
2025-03-27 14:06:00,CE,ATM+6,47.96566,7010550,23900.0,23608.25,1.25,1.25,1.1,1.15,165375,1743064560
2025-03-27 14:07:00,CE,ATM+6,47.369492,7030050,23900.0,23609.8,1.1,1.15,1.05,1.05,167625,1743064620
2025-03-27 14:08:00,CE,ATM+6,47.729753,7030050,23900.0,23611.7,1.1,1.1,1.05,1.1,92775,1743064680
2025-03-27 14:09:00,CE,ATM+6,48.088079,7030050,23900.0,23611.25,1.05,1.15,1.0,1.1,232125,1743064740
2025-03-27 14:10:00,CE,ATM+6,48.201641,7058925,23900.0,23610.15,1.1,1.1,1.0,1.05,168075,1743064800
2025-03-27 14:11:00,CE,ATM+6,47.86591,7058925,23900.0,23609.55,1.05,1.05,0.9,0.95,217125,1743064860
2025-03-27 14:12:00,CE,ATM+6,48.243571,7058925,23900.0,23609.05,0.95,1.0,0.85,0.95,176250,1743064920
2025-03-27 14:13:00,CE,ATM+6,48.589146,7023525,23900.0,23606.1,0.95,0.95,0.9,0.9,200025,1743064980
2025-03-27 14:14:00,CE,ATM+6,48.868316,7023525,23900.0,23609.1,0.9,0.95,0.9,0.95,117525,1743065040
2025-03-27 14:15:00,CE,ATM+6,49.930306,7023525,23900.0,23606.65,0.95,1.05,0.95,1.0,391950,1743065100
2025-03-27 14:16:00,CE,ATM+6,50.036775,7094175,23900.0,23605.6,1.0,1.0,0.9,0.95,216150,1743065160
2025-03-27 14:17:00,CE,ATM+6,50.276056,7094175,23900.0,23606.3,0.95,0.95,0.9,0.95,99675,1743065220
2025-03-27 14:18:00,CE,ATM+6,49.529938,7094175,23900.0,23611.0,0.9,0.9,0.85,0.9,265950,1743065280
2025-03-27 14:19:00,CE,ATM+6,49.87464,6973575,23900.0,23608.2,0.85,0.95,0.85,0.85,294825,1743065340
2025-03-27 14:20:00,CE,ATM+6,50.119029,6973575,23900.0,23608.95,0.85,0.9,0.85,0.85,420750,1743065400
2025-03-27 14:21:00,CE,ATM+6,49.522862,6973575,23900.0,23609.35,0.9,0.9,0.75,0.75,292050,1743065460
2025-03-27 14:22:00,CE,ATM+6,49.804656,7012725,23900.0,23609.9,0.8,0.8,0.75,0.75,337125,1743065520
2025-03-27 14:23:00,CE,ATM+6,50.836418,7012725,23900.0,23608.6,0.8,0.8,0.75,0.8,290925,1743065580
2025-03-27 14:24:00,CE,ATM+6,50.44192,7012725,23900.0,23610.65,0.8,0.85,0.75,0.75,452925,1743065640
2025-03-27 14:25:00,CE,ATM+6,51.606266,6916575,23900.0,23608.65,0.8,0.85,0.75,0.8,294450,1743065700
2025-03-27 14:26:00,CE,ATM+6,52.64484,6916575,23900.0,23607.5,0.8,0.85,0.8,0.85,138975,1743065760
2025-03-27 14:27:00,CE,ATM+6,52.093794,6916575,23900.0,23607.65,0.85,0.85,0.75,0.75,321825,1743065820
2025-03-27 14:28:00,CE,ATM+6,51.648993,6919950,23900.0,23606.5,0.75,0.8,0.65,0.65,323550,1743065880
2025-03-27 14:29:00,CE,ATM+6,51.726615,6919950,23900.0,23605.05,0.65,0.65,0.55,0.6,712275,1743065940
2025-03-27 14:30:00,CE,ATM+6,52.450824,6919950,23900.0,23599.15,0.55,0.6,0.5,0.55,415350,1743066000
2025-03-27 14:31:00,CE,ATM+6,51.996553,6891525,23900.0,23596.05,0.5,0.55,0.45,0.45,879900,1743066060
2025-03-27 14:32:00,CE,ATM+6,53.781129,6891525,23900.0,23592.0,0.5,0.55,0.45,0.5,768000,1743066120
2025-03-27 14:33:00,CE,ATM+6,54.917071,6891525,23900.0,23592.1,0.55,0.75,0.5,0.55,1466400,1743066180
2025-03-27 14:34:00,CE,ATM+6,54.617434,6919725,23900.0,23592.75,0.55,0.6,0.5,0.5,304425,1743066240
2025-03-27 14:35:00,CE,ATM+6,57.569165,6919725,23900.0,23585.8,0.45,0.65,0.45,0.6,498000,1743066300
2025-03-27 14:36:00,CE,ATM+6,55.462241,6919725,23900.0,23593.75,0.55,0.55,0.45,0.5,240525,1743066360
2025-03-27 14:37:00,CE,ATM+6,53.712919,6832200,23900.0,23603.3,0.5,0.5,0.45,0.45,113775,1743066420
2025-03-27 14:38:00,CE,ATM+6,54.540705,6832200,23900.0,23601.35,0.5,0.5,0.4,0.45,140625,1743066480
2025-03-27 14:39:00,CE,ATM+6,53.697649,6832200,23900.0,23604.85,0.45,0.45,0.4,0.4,160500,1743066540
2025-03-27 14:40:00,CE,ATM+6,55.227764,6759900,23900.0,23598.7,0.4,0.45,0.4,0.4,354825,1743066600
2025-03-27 14:41:00,CE,ATM+6,55.642198,6759900,23900.0,23599.6,0.4,0.45,0.4,0.4,157875,1743066660
2025-03-27 14:42:00,CE,ATM+6,56.068555,6759900,23900.0,23605.55,0.4,0.5,0.4,0.45,256575,1743066720
2025-03-27 14:43:00,CE,ATM+6,55.905494,6906075,23900.0,23605.05,0.45,0.45,0.4,0.4,73425,1743066780
2025-03-27 14:44:00,CE,ATM+6,56.789219,6906075,23900.0,23603.4,0.45,0.45,0.4,0.4,129450,1743066840
2025-03-27 14:45:00,CE,ATM+6,57.170035,6906075,23900.0,23604.85,0.45,0.45,0.4,0.4,211350,1743066900
2025-03-27 14:46:00,CE,ATM+6,58.940386,6908400,23900.0,23603.4,0.4,0.45,0.35,0.45,259575,1743066960
2025-03-27 14:47:00,CE,ATM+6,58.712991,6908400,23900.0,23603.55,0.4,0.45,0.4,0.4,129825,1743067020
2025-03-27 14:48:00,CE,ATM+6,59.320308,6908400,23900.0,23604.05,0.4,0.45,0.4,0.4,106275,1743067080
2025-03-27 14:49:00,CE,ATM+6,60.6087,6854925,23900.0,23605.9,0.4,0.45,0.4,0.45,99000,1743067140
2025-03-27 14:50:00,CE,ATM+6,60.868321,6854925,23900.0,23603.6,0.4,0.45,0.35,0.4,401775,1743067200
2025-03-27 14:51:00,CE,ATM+6,60.054063,6854925,23900.0,23606.8,0.4,0.4,0.35,0.35,88575,1743067260
2025-03-27 14:52:00,CE,ATM+6,61.41766,6809550,23900.0,23603.65,0.4,0.4,0.35,0.35,121575,1743067320
2025-03-27 14:53:00,CE,ATM+6,62.480611,6809550,23900.0,23607.9,0.35,0.4,0.35,0.4,150900,1743067380
2025-03-27 14:54:00,CE,ATM+6,60.722535,6809550,23900.0,23610.2,0.4,0.4,0.3,0.3,294900,1743067440
2025-03-27 14:55:00,CE,ATM+6,62.375947,6822375,23900.0,23606.0,0.3,0.35,0.3,0.3,180975,1743067500
2025-03-27 14:56:00,CE,ATM+6,62.933947,6822375,23900.0,23607.85,0.35,0.35,0.3,0.3,179100,1743067560
2025-03-27 14:57:00,CE,ATM+6,61.993261,6822375,23900.0,23610.65,0.35,0.35,0.25,0.25,453000,1743067620
2025-03-27 14:58:00,CE,ATM+6,64.655953,6629475,23900.0,23608.95,0.25,0.3,0.25,0.3,99225,1743067680
2025-03-27 14:59:00,CE,ATM+6,65.448626,6629475,23900.0,23603.1,0.3,0.35,0.25,0.25,452475,1743067740
2025-03-27 15:00:00,CE,ATM+6,69.38999,6629475,23900.0,23579.95,0.3,0.3,0.2,0.2,384750,1743067800
2025-03-27 15:01:00,CE,ATM+6,65.305466,6749100,23900.0,23606.5,0.25,0.25,0.2,0.2,477150,1743067860
2025-03-27 15:02:00,CE,ATM+6,68.335492,6749100,23900.0,23597.25,0.25,0.25,0.15,0.2,576150,1743067920
2025-03-27 15:03:00,CE,ATM+6,73.156474,6749100,23900.0,23579.9,0.2,0.2,0.15,0.2,329475,1743067980
2025-03-27 15:04:00,CE,ATM+6,68.019134,6550200,23900.0,23600.8,0.2,0.2,0.15,0.15,240300,1743068040
2025-03-27 15:05:00,CE,ATM+6,70.181299,6550200,23900.0,23596.9,0.2,0.2,0.1,0.15,311700,1743068100
2025-03-27 15:06:00,CE,ATM+6,68.875537,6550200,23900.0,23596.15,0.1,0.15,0.1,0.1,199875,1743068160
2025-03-27 15:07:00,CE,ATM+6,71.576207,6264150,23900.0,23590.35,0.1,0.15,0.1,0.1,192825,1743068220
2025-03-27 15:08:00,CE,ATM+6,77.215822,6264150,23900.0,23586.1,0.15,0.15,0.1,0.15,319950,1743068280
2025-03-27 15:09:00,CE,ATM+6,72.192137,6264150,23900.0,23602.7,0.15,0.15,0.1,0.1,75075,1743068340
2025-03-27 15:10:00,CE,ATM+6,74.348517,6180675,23900.0,23601.05,0.1,0.15,0.1,0.1,171750,1743068400
2025-03-27 15:11:00,CE,ATM+6,77.495543,6180675,23900.0,23595.8,0.15,0.15,0.1,0.1,125325,1743068460
2025-03-27 15:12:00,CE,ATM+6,84.302119,6180675,23900.0,23590.45,0.1,0.15,0.1,0.15,314475,1743068520
2025-03-27 15:13:00,CE,ATM+6,87.353531,5985225,23900.0,23588.05,0.1,0.15,0.1,0.15,85800,1743068580
2025-03-27 15:14:00,CE,ATM+6,89.730698,5985225,23900.0,23589.25,0.1,0.15,0.1,0.15,84075,1743068640
2025-03-27 15:15:00,CE,ATM+6,89.225458,5985225,23900.0,23588.1,0.1,0.15,0.1,0.1,178800,1743068700
2025-03-27 15:16:00,CE,ATM+6,0.0,5921025,23900.0,23590.1,0.1,0.15,0.1,0.1,146100,1743068760
2025-03-27 15:17:00,CE,ATM+6,0.0,5921025,23900.0,23587.8,0.1,0.15,0.1,0.1,185400,1743068820
2025-03-27 15:18:00,CE,ATM+6,0.0,5921025,23900.0,23593.2,0.1,0.15,0.1,0.15,563700,1743068880
2025-03-27 15:19:00,CE,ATM+6,0.0,5520075,23900.0,23587.25,0.1,0.15,0.05,0.1,209925,1743068940
2025-03-27 15:20:00,CE,ATM+6,0.0,5520075,23900.0,23587.05,0.1,0.1,0.05,0.05,275100,1743069000
2025-03-27 15:21:00,CE,ATM+6,0.0,5520075,23900.0,23588.55,0.1,0.1,0.05,0.05,72600,1743069060
2025-03-27 15:22:00,CE,ATM+6,0.0,5274150,23900.0,23586.5,0.05,0.1,0.05,0.05,168825,1743069120
2025-03-27 15:23:00,CE,ATM+6,0.0,5274150,23900.0,23589.95,0.1,0.1,0.05,0.1,138000,1743069180
2025-03-27 15:24:00,CE,ATM+6,0.0,5274150,23900.0,23584.95,0.05,0.1,0.05,0.05,67050,1743069240
2025-03-27 15:25:00,CE,ATM+6,0.0,5215125,23900.0,23589.9,0.05,0.1,0.05,0.05,159000,1743069300
2025-03-27 15:26:00,CE,ATM+6,0.0,5215125,23900.0,23591.35,0.1,0.1,0.05,0.05,247350,1743069360
2025-03-27 15:27:00,CE,ATM+6,0.0,5215125,23900.0,23602.9,0.05,0.1,0.05,0.05,497625,1743069420
2025-03-27 15:28:00,CE,ATM+6,0.0,4574025,23900.0,23599.8,0.05,0.05,0.05,0.05,96600,1743069480
2025-03-27 15:29:00,CE,ATM+6,0.0,4574025,23900.0,23601.05,0.05,0.05,0.05,0.05,34800,1743069540
2025-03-20 09:15:00,PE,ATM+6,41.254781,65775,23300.0,23007.85,290.05,320.0,290.05,306.7,62100,1742442300
2025-03-20 09:16:00,PE,ATM+6,36.562063,65775,23300.0,23013.5,301.95,304.15,296.0,296.0,41175,1742442360
2025-03-20 09:17:00,PE,ATM+6,40.674293,65775,23300.0,23021.45,293.7,300.6,292.65,294.0,27450,1742442420
2025-03-20 09:18:00,PE,ATM+6,38.586138,107250,23300.0,23024.0,294.0,295.95,287.6,289.0,26475,1742442480
2025-03-20 09:19:00,PE,ATM+6,40.834044,107250,23300.0,23022.0,287.9,293.75,284.85,293.6,59625,1742442540
2025-03-20 09:20:00,PE,ATM+6,41.233569,107250,23300.0,23018.6,290.05,302.15,285.75,297.0,37950,1742442600
2025-03-20 09:21:00,PE,ATM+6,36.062096,149250,23300.0,23022.6,298.7,300.8,284.3,287.05,20775,1742442660
2025-03-20 09:22:00,PE,ATM+6,42.01234,7350,23350.0,23036.1,338.0,338.0,322.35,326.4,2325,1742442720
2025-03-20 09:23:00,PE,ATM+6,33.801984,7350,23350.0,23048.35,326.4,326.4,306.85,306.85,1950,1742442780
2025-03-20 09:24:00,PE,ATM+6,29.241949,10200,23350.0,23058.45,306.85,308.75,290.0,293.9,9525,1742442840
2025-03-20 09:25:00,PE,ATM+6,26.159031,10200,23350.0,23046.4,293.9,309.0,291.0,303.8,9300,1742442900
2025-03-20 09:26:00,PE,ATM+6,19.326048,10200,23350.0,23040.45,303.8,315.05,301.8,308.1,18525,1742442960
2025-03-20 09:27:00,PE,ATM+6,27.55905,29925,23350.0,23052.95,308.1,316.85,297.6,298.1,8175,1742443020
2025-03-20 09:28:00,PE,ATM+6,26.92206,29925,23350.0,23049.6,298.1,301.0,292.25,301.0,19875,1742443080
2025-03-20 09:29:00,PE,ATM+6,25.885064,29925,23350.0,23065.2,303.7,303.7,280.0,285.45,12750,1742443140
2025-03-20 09:30:00,PE,ATM+6,0.0,18675,23350.0,23058.95,281.75,288.75,280.0,288.3,4275,1742443200
2025-03-20 09:31:00,PE,ATM+6,24.805239,18675,23350.0,23065.35,288.3,288.3,283.15,284.8,2625,1742443260
2025-03-20 09:32:00,PE,ATM+6,28.380569,18675,23350.0,23063.65,284.8,292.3,282.65,288.25,4125,1742443320
2025-03-20 09:33:00,PE,ATM+6,0.0,18525,23350.0,23058.35,288.25,290.0,283.2,290.0,6600,1742443380
2025-03-20 09:34:00,PE,ATM+6,18.772585,18525,23350.0,23065.65,294.55,296.0,283.0,283.0,6900,1742443440
2025-03-20 09:35:00,PE,ATM+6,21.724513,18525,23350.0,23069.15,279.45,283.75,278.0,280.05,9750,1742443500
2025-03-20 09:36:00,PE,ATM+6,27.405893,20100,23350.0,23065.65,280.05,285.7,277.0,285.7,4950,1742443560
2025-03-20 09:37:00,PE,ATM+6,25.685216,20100,23350.0,23066.45,285.7,290.85,283.6,284.05,9300,1742443620
2025-03-20 09:38:00,PE,ATM+6,27.766858,20100,23350.0,23052.0,284.05,300.0,284.05,298.95,7725,1742443680
2025-03-20 09:39:00,PE,ATM+6,27.330761,23925,23350.0,23046.85,298.8,305.15,298.8,303.7,7650,1742443740
2025-03-20 09:40:00,PE,ATM+6,0.0,23925,23350.0,23041.0,299.3,308.1,295.5,305.7,3075,1742443800
2025-03-20 09:41:00,PE,ATM+6,0.0,23925,23350.0,23053.6,308.25,310.2,288.05,288.15,17550,1742443860
2025-03-20 09:42:00,PE,ATM+6,0.0,26025,23350.0,23047.7,288.15,303.25,283.1,297.15,17850,1742443920
2025-03-20 09:43:00,PE,ATM+6,0.0,26025,23350.0,23047.6,297.15,298.7,294.0,294.55,4800,1742443980
2025-03-20 09:44:00,PE,ATM+6,0.0,26025,23350.0,23053.55,294.55,298.2,288.25,289.6,2925,1742444040
2025-03-20 09:45:00,PE,ATM+6,22.650569,25725,23350.0,23037.95,289.6,311.0,289.6,311.0,3825,1742444100
2025-03-20 09:46:00,PE,ATM+6,0.0,25725,23350.0,23034.65,311.0,317.35,309.1,312.25,20700,1742444160
2025-03-20 09:47:00,PE,ATM+6,0.0,25725,23350.0,23038.1,305.0,309.3,304.25,304.25,1425,1742444220
2025-03-20 09:48:00,PE,ATM+6,0.0,34050,23350.0,23028.05,304.25,316.7,301.85,313.55,4875,1742444280
2025-03-20 09:49:00,PE,ATM+6,0.0,312150,23300.0,23021.25,265.05,273.15,263.25,269.0,52650,1742444340
2025-03-20 09:50:00,PE,ATM+6,0.0,312150,23300.0,23020.1,267.8,275.05,266.4,271.65,66075,1742444400
2025-03-20 09:51:00,PE,ATM+6,0.0,255825,23300.0,23009.65,276.0,287.1,266.75,280.85,71700,1742444460
2025-03-20 09:52:00,PE,ATM+6,0.0,29550,23350.0,23030.6,329.65,333.4,308.35,310.55,3225,1742444520
2025-03-20 09:53:00,PE,ATM+6,27.942294,29550,23350.0,23026.85,308.35,324.2,305.6,323.2,5175,1742444580
2025-03-20 09:54:00,PE,ATM+6,27.919699,28425,23350.0,23027.55,317.5,322.5,313.75,322.5,1575,1742444640
2025-03-20 09:55:00,PE,ATM+6,24.373685,28425,23350.0,23037.4,322.5,322.5,311.85,311.85,1500,1742444700
2025-03-20 09:56:00,PE,ATM+6,0.0,28425,23350.0,23036.6,309.8,316.05,309.8,311.8,1125,1742444760
2025-03-20 09:57:00,PE,ATM+6,0.0,30075,23350.0,23031.6,311.8,321.35,311.8,316.6,750,1742444820
2025-03-20 09:58:00,PE,ATM+6,33.848154,30075,23350.0,23028.05,317.2,331.85,317.2,324.8,3600,1742444880
2025-03-20 09:59:00,PE,ATM+6,28.494892,30075,23350.0,23025.7,322.95,326.35,321.2,324.45,1800,1742444940
2025-03-20 10:00:00,PE,ATM+6,34.51234,31575,23350.0,23025.05,324.45,328.0,324.0,328.0,975,1742445000
2025-03-20 10:01:00,PE,ATM+6,0.0,237600,23300.0,23014.55,274.1,282.0,265.5,280.8,36000,1742445060
2025-03-20 10:02:00,PE,ATM+6,0.0,237600,23300.0,23020.2,283.0,283.0,272.7,273.0,17775,1742445120
2025-03-20 10:03:00,PE,ATM+6,0.0,37425,23350.0,23044.65,323.95,323.95,294.4,298.15,4275,1742445180
2025-03-20 10:04:00,PE,ATM+6,0.0,37425,23350.0,23040.3,297.55,304.05,297.1,298.5,13425,1742445240
2025-03-20 10:05:00,PE,ATM+6,0.0,37425,23350.0,23027.15,298.5,317.2,298.5,317.2,5475,1742445300
2025-03-20 10:06:00,PE,ATM+6,0.0,245250,23300.0,22993.0,271.25,307.85,270.65,300.55,122100,1742445360
2025-03-20 10:07:00,PE,ATM+6,0.0,245250,23300.0,22988.95,308.1,313.35,298.3,304.15,101925,1742445420
2025-03-20 10:08:00,PE,ATM+6,0.0,245250,23300.0,22997.55,307.65,307.65,284.45,293.8,53250,1742445480
2025-03-20 10:09:00,PE,ATM+6,0.0,181425,23300.0,22987.05,296.0,303.7,289.8,303.7,33075,1742445540
2025-03-20 10:10:00,PE,ATM+6,0.0,181425,23300.0,22988.3,308.8,310.7,296.95,303.85,31050,1742445600
2025-03-20 10:11:00,PE,ATM+6,0.0,181425,23300.0,22977.9,304.35,319.1,304.0,315.65,53100,1742445660
2025-03-20 10:12:00,PE,ATM+6,0.0,160200,23300.0,22977.3,321.3,322.0,309.6,311.5,24000,1742445720
2025-03-20 10:13:00,PE,ATM+6,0.0,160200,23300.0,22975.4,312.45,320.35,307.55,317.45,13650,1742445780
2025-03-20 10:14:00,PE,ATM+6,0.0,160200,23300.0,22987.65,317.45,317.45,300.2,305.65,16950,1742445840
2025-03-20 10:15:00,PE,ATM+6,0.0,158025,23300.0,22991.85,306.65,308.9,296.3,296.3,15675,1742445900
2025-03-20 10:16:00,PE,ATM+6,0.0,158025,23300.0,23003.7,294.2,298.0,287.4,287.75,33675,1742445960
2025-03-20 10:17:00,PE,ATM+6,0.0,158025,23300.0,23005.75,285.0,291.0,283.25,286.2,16050,1742446020
2025-03-20 10:18:00,PE,ATM+6,0.0,34125,23350.0,23027.0,335.55,335.55,311.55,311.55,5700,1742446080
2025-03-20 10:19:00,PE,ATM+6,0.0,155175,23300.0,23024.15,257.75,269.6,257.75,268.05,35250,1742446140
2025-03-20 10:20:00,PE,ATM+6,0.0,34125,23350.0,23025.35,317.25,317.25,308.1,314.85,6000,1742446200
2025-03-20 10:21:00,PE,ATM+6,0.0,34500,23350.0,23034.4,314.85,319.8,306.15,309.45,4350,1742446260
2025-03-20 10:22:00,PE,ATM+6,0.0,34500,23350.0,23034.45,309.45,309.45,299.6,304.05,1650,1742446320
2025-03-20 10:23:00,PE,ATM+6,0.0,34500,23350.0,23034.45,304.05,304.05,304.05,304.05,0,1742446380
2025-03-20 10:24:00,PE,ATM+6,0.0,34800,23350.0,23036.9,304.05,308.85,304.0,305.85,1275,1742446440
2025-03-20 10:25:00,PE,ATM+6,23.944173,34800,23350.0,23037.6,305.85,311.5,305.85,311.5,1875,1742446500
2025-03-20 10:26:00,PE,ATM+6,0.0,34800,23350.0,23036.7,306.85,311.7,302.85,310.35,1950,1742446560
2025-03-20 10:27:00,PE,ATM+6,31.066152,34800,23350.0,23044.55,311.95,311.95,306.85,306.85,225,1742446620
2025-03-20 10:28:00,PE,ATM+6,0.0,35400,23350.0,23047.25,297.95,300.65,295.6,300.45,4725,1742446680
2025-03-20 10:29:00,PE,ATM+6,0.0,35400,23350.0,23048.15,300.45,301.45,297.0,297.0,750,1742446740
2025-03-20 10:30:00,PE,ATM+6,0.0,33600,23350.0,23053.85,297.0,297.0,289.5,291.4,6750,1742446800
2025-03-20 10:31:00,PE,ATM+6,0.0,33600,23350.0,23051.15,290.0,296.55,286.45,296.55,4650,1742446860
2025-03-20 10:32:00,PE,ATM+6,29.822911,33600,23350.0,23045.55,296.55,305.25,294.6,305.25,3825,1742446920
2025-03-20 10:33:00,PE,ATM+6,0.0,35100,23350.0,23050.0,303.0,306.6,294.9,294.9,1575,1742446980
2025-03-20 10:34:00,PE,ATM+6,0.0,35100,23350.0,23049.65,294.9,299.0,294.9,296.5,5400,1742447040
2025-03-20 10:35:00,PE,ATM+6,28.636882,35100,23350.0,23052.05,296.5,300.0,295.9,298.45,1050,1742447100
2025-03-20 10:36:00,PE,ATM+6,26.805092,40575,23350.0,23047.95,298.45,301.85,298.0,301.85,2925,1742447160
2025-03-20 10:37:00,PE,ATM+6,29.994165,40575,23350.0,23047.4,301.85,303.45,300.0,303.45,1350,1742447220
2025-03-20 10:38:00,PE,ATM+6,30.714257,40575,23350.0,23050.45,303.15,303.15,298.0,300.8,1125,1742447280
2025-03-20 10:39:00,PE,ATM+6,23.741048,40425,23350.0,23047.6,301.6,308.15,301.55,301.55,3300,1742447340
2025-03-20 10:40:00,PE,ATM+6,0.0,40425,23350.0,23047.55,301.55,304.1,296.8,296.8,3225,1742447400
2025-03-20 10:41:00,PE,ATM+6,0.0,40425,23350.0,23040.3,296.8,307.7,296.8,302.7,2850,1742447460
2025-03-20 10:42:00,PE,ATM+6,0.0,42075,23350.0,23042.85,302.7,305.6,299.9,299.9,1275,1742447520
2025-03-20 10:43:00,PE,ATM+6,0.0,42075,23350.0,23041.0,299.9,304.0,297.3,301.75,2100,1742447580
2025-03-20 10:44:00,PE,ATM+6,0.0,42075,23350.0,23035.95,301.75,308.0,301.75,306.6,1275,1742447640
2025-03-20 10:45:00,PE,ATM+6,0.0,36525,23350.0,23035.8,306.6,310.1,303.05,306.4,7725,1742447700
2025-03-20 10:46:00,PE,ATM+6,0.0,36525,23350.0,23028.1,306.4,317.8,306.4,316.0,5475,1742447760
2025-03-20 10:47:00,PE,ATM+6,0.0,36525,23350.0,23035.2,313.7,313.7,303.4,303.4,3075,1742447820
2025-03-20 10:48:00,PE,ATM+6,0.0,37050,23350.0,23038.3,303.4,306.9,299.2,300.75,2775,1742447880
2025-03-20 10:49:00,PE,ATM+6,0.0,37050,23350.0,23037.6,301.45,303.25,300.3,303.25,1125,1742447940
2025-03-20 10:50:00,PE,ATM+6,0.0,37050,23350.0,23031.35,303.25,309.65,303.25,307.3,600,1742448000
2025-03-20 10:51:00,PE,ATM+6,0.0,37125,23350.0,23026.0,312.4,319.65,310.5,319.4,4350,1742448060
2025-03-20 10:52:00,PE,ATM+6,0.0,37125,23350.0,23030.2,319.4,324.65,313.25,314.4,4350,1742448120
2025-03-20 10:53:00,PE,ATM+6,0.0,37125,23350.0,23029.45,312.65,313.95,311.8,313.95,750,1742448180
2025-03-20 10:54:00,PE,ATM+6,0.0,34200,23350.0,23026.95,313.95,317.55,313.95,317.55,375,1742448240
2025-03-20 10:55:00,PE,ATM+6,0.0,34200,23350.0,23032.4,317.55,317.55,309.65,309.7,450,1742448300
2025-03-20 10:56:00,PE,ATM+6,0.0,34200,23350.0,23034.25,308.0,308.0,305.25,306.5,1275,1742448360
2025-03-20 10:57:00,PE,ATM+6,0.0,33525,23350.0,23042.9,306.5,306.5,295.45,297.6,2925,1742448420
2025-03-20 10:58:00,PE,ATM+6,0.0,33525,23350.0,23038.7,297.6,302.55,295.7,302.55,3075,1742448480
2025-03-20 10:59:00,PE,ATM+6,0.0,33525,23350.0,23039.9,300.8,301.75,295.8,301.75,750,1742448540
2025-03-20 11:00:00,PE,ATM+6,0.0,34275,23350.0,23047.6,301.75,301.75,295.35,295.65,1350,1742448600
2025-03-20 11:01:00,PE,ATM+6,0.0,34275,23350.0,23044.4,295.65,298.8,292.0,298.8,525,1742448660
2025-03-20 11:02:00,PE,ATM+6,0.0,34275,23350.0,23041.75,298.8,302.5,298.35,302.5,1500,1742448720
2025-03-20 11:03:00,PE,ATM+6,0.0,35625,23350.0,23037.6,302.5,305.0,300.0,305.0,2700,1742448780
2025-03-20 11:04:00,PE,ATM+6,0.0,35625,23350.0,23039.5,305.0,308.4,302.45,302.45,750,1742448840
2025-03-20 11:05:00,PE,ATM+6,0.0,35625,23350.0,23041.2,302.45,302.45,300.05,300.05,825,1742448900
2025-03-20 11:06:00,PE,ATM+6,0.0,35550,23350.0,23043.75,300.05,300.05,295.0,295.0,300,1742448960
2025-03-20 11:07:00,PE,ATM+6,0.0,35550,23350.0,23044.3,297.5,297.5,294.65,294.65,450,1742449020
2025-03-20 11:08:00,PE,ATM+6,0.0,35550,23350.0,23046.1,294.65,297.75,294.65,296.65,450,1742449080
2025-03-20 11:09:00,PE,ATM+6,0.0,35925,23350.0,23040.65,296.65,304.2,296.65,304.2,975,1742449140
2025-03-20 11:10:00,PE,ATM+6,0.0,35925,23350.0,23042.7,304.2,304.6,300.0,300.0,375,1742449200
2025-03-20 11:11:00,PE,ATM+6,0.0,35925,23350.0,23046.1,300.0,300.0,292.95,292.95,825,1742449260
2025-03-20 11:12:00,PE,ATM+6,0.0,36675,23350.0,23049.9,292.95,295.95,290.0,290.2,1275,1742449320
2025-03-20 11:13:00,PE,ATM+6,0.0,36675,23350.0,23064.3,290.2,291.8,272.5,273.3,5025,1742449380
2025-03-20 11:14:00,PE,ATM+6,0.0,36675,23350.0,23063.55,270.65,279.65,270.65,279.0,6150,1742449440
2025-03-20 11:15:00,PE,ATM+6,0.0,38325,23350.0,23065.95,277.85,279.35,275.5,278.85,2550,1742449500
2025-03-20 11:16:00,PE,ATM+6,0.0,38325,23350.0,23060.4,278.85,282.6,276.0,281.8,2175,1742449560
2025-03-20 11:17:00,PE,ATM+6,0.0,38325,23350.0,23058.25,281.8,284.2,281.7,283.05,1350,1742449620
2025-03-20 11:18:00,PE,ATM+6,0.0,39375,23350.0,23054.4,283.05,286.25,283.05,285.65,2550,1742449680
2025-03-20 11:19:00,PE,ATM+6,0.0,39375,23350.0,23051.6,286.0,287.0,283.4,283.55,1650,1742449740
2025-03-20 11:20:00,PE,ATM+6,0.0,39375,23350.0,23046.85,287.4,297.0,287.4,295.65,2850,1742449800
2025-03-20 11:21:00,PE,ATM+6,0.0,38550,23350.0,23045.45,295.65,300.0,293.95,296.75,1275,1742449860
2025-03-20 11:22:00,PE,ATM+6,0.0,38550,23350.0,23049.7,296.75,299.1,293.45,293.45,675,1742449920
2025-03-20 11:23:00,PE,ATM+6,0.0,38550,23350.0,23048.9,293.45,297.75,290.4,296.8,2700,1742449980
2025-03-20 11:24:00,PE,ATM+6,0.0,36375,23350.0,23054.5,296.8,296.8,287.15,287.15,750,1742450040
2025-03-20 11:25:00,PE,ATM+6,0.0,36375,23350.0,23055.65,287.15,290.9,286.2,287.65,600,1742450100
2025-03-20 11:26:00,PE,ATM+6,0.0,36375,23350.0,23051.15,287.65,293.5,287.65,293.5,525,1742450160
2025-03-20 11:27:00,PE,ATM+6,0.0,36525,23350.0,23047.5,293.5,297.55,293.5,297.05,1050,1742450220
2025-03-20 11:28:00,PE,ATM+6,0.0,36525,23350.0,23050.2,297.05,297.95,291.95,291.95,1500,1742450280
2025-03-20 11:29:00,PE,ATM+6,0.0,36525,23350.0,23053.25,291.95,291.95,288.65,289.0,3900,1742450340
2025-03-20 11:30:00,PE,ATM+6,0.0,38850,23350.0,23053.4,289.0,294.4,288.05,288.05,825,1742450400
2025-03-20 11:31:00,PE,ATM+6,0.0,38850,23350.0,23054.25,288.0,288.8,285.0,287.85,2250,1742450460
2025-03-20 11:32:00,PE,ATM+6,0.0,38850,23350.0,23052.5,287.85,288.15,285.55,288.15,750,1742450520
2025-03-20 11:33:00,PE,ATM+6,0.0,38925,23350.0,23049.5,290.15,293.75,289.2,293.75,1800,1742450580
2025-03-20 11:34:00,PE,ATM+6,0.0,38925,23350.0,23045.65,293.3,297.75,293.3,297.75,2250,1742450640
2025-03-20 11:35:00,PE,ATM+6,0.0,38925,23350.0,23047.8,298.5,299.4,292.0,292.0,4725,1742450700
2025-03-20 11:36:00,PE,ATM+6,0.0,38925,23350.0,23050.5,292.0,292.9,287.55,292.45,600,1742450760
2025-03-20 11:37:00,PE,ATM+6,0.0,36600,23350.0,23050.75,292.45,292.45,289.45,289.45,75,1742450820
2025-03-20 11:38:00,PE,ATM+6,0.0,36600,23350.0,23054.5,289.45,289.45,285.9,285.9,1125,1742450880
2025-03-20 11:39:00,PE,ATM+6,0.0,36600,23350.0,23051.6,285.9,291.45,285.9,291.45,1275,1742450940
2025-03-20 11:40:00,PE,ATM+6,0.0,34875,23350.0,23052.5,291.45,291.95,290.5,290.65,900,1742451000
2025-03-20 11:41:00,PE,ATM+6,0.0,34875,23350.0,23051.75,290.65,294.5,287.05,294.5,975,1742451060
2025-03-20 11:42:00,PE,ATM+6,0.0,34875,23350.0,23053.25,295.0,295.65,294.2,294.6,900,1742451120
2025-03-20 11:43:00,PE,ATM+6,0.0,35025,23350.0,23053.75,294.6,294.6,292.85,292.85,1050,1742451180
2025-03-20 11:44:00,PE,ATM+6,0.0,35025,23350.0,23057.5,292.85,292.85,289.35,289.8,675,1742451240
2025-03-20 11:45:00,PE,ATM+6,0.0,35025,23350.0,23058.85,289.8,290.55,289.45,289.65,300,1742451300
2025-03-20 11:46:00,PE,ATM+6,0.0,35850,23350.0,23057.0,289.65,289.75,286.25,289.75,450,1742451360
2025-03-20 11:47:00,PE,ATM+6,0.0,35850,23350.0,23055.85,289.75,293.6,289.75,292.25,1875,1742451420
2025-03-20 11:48:00,PE,ATM+6,37.781861,35850,23350.0,23060.7,292.25,292.5,292.25,292.5,225,1742451480
2025-03-20 11:49:00,PE,ATM+6,31.385316,37500,23350.0,23055.2,292.5,295.2,286.8,295.2,14625,1742451540
2025-03-20 11:50:00,PE,ATM+6,32.421304,37500,23350.0,23057.5,295.2,296.1,293.25,293.25,750,1742451600
2025-03-20 11:51:00,PE,ATM+6,31.236532,31500,23350.0,23060.05,290.25,292.1,289.05,290.4,900,1742451660
2025-03-20 11:52:00,PE,ATM+6,37.592169,31500,23350.0,23061.8,290.4,291.2,289.05,291.2,600,1742451720
2025-03-20 11:53:00,PE,ATM+6,25.921709,31500,23350.0,23053.45,291.2,295.9,288.15,295.9,1125,1742451780
2025-03-20 11:54:00,PE,ATM+6,0.0,31500,23350.0,23058.65,298.0,298.95,287.25,288.1,1725,1742451840
2025-03-20 11:55:00,PE,ATM+6,0.0,30900,23350.0,23065.4,288.1,288.1,283.55,283.6,3375,1742451900
2025-03-20 11:56:00,PE,ATM+6,26.21174,30900,23350.0,23066.85,283.6,283.6,280.1,282.65,6300,1742451960
2025-03-20 11:57:00,PE,ATM+6,30.623598,30900,23350.0,23064.3,282.65,286.0,282.65,286.0,2400,1742452020
2025-03-20 11:58:00,PE,ATM+6,38.831207,31425,23350.0,23066.25,286.0,289.35,284.9,287.4,3300,1742452080
2025-03-20 11:59:00,PE,ATM+6,37.080656,31425,23350.0,23063.15,287.4,289.4,287.1,289.4,600,1742452140
2025-03-20 12:00:00,PE,ATM+6,34.277451,31425,23350.0,23064.6,289.6,290.15,286.8,286.8,825,1742452200
2025-03-20 12:01:00,PE,ATM+6,35.789019,29850,23350.0,23068.6,286.8,286.8,282.95,283.55,2100,1742452260
2025-03-20 12:02:00,PE,ATM+6,36.233889,29850,23350.0,23068.3,283.55,284.25,281.35,284.0,1200,1742452320
2025-03-20 12:03:00,PE,ATM+6,25.085461,30900,23350.0,23072.4,284.0,284.0,277.0,277.0,4725,1742452380
2025-03-20 12:04:00,PE,ATM+6,35.019692,30900,23350.0,23069.05,277.6,282.7,276.95,282.7,4500,1742452440
2025-03-20 12:05:00,PE,ATM+6,28.281287,30900,23350.0,23065.85,282.7,283.9,280.5,283.9,1125,1742452500
2025-03-20 12:06:00,PE,ATM+6,33.364075,31200,23350.0,23068.05,283.9,283.9,281.75,283.0,450,1742452560
2025-03-20 12:07:00,PE,ATM+6,34.5031,31200,23350.0,23068.7,283.0,286.1,282.75,282.75,1200,1742452620
2025-03-20 12:08:00,PE,ATM+6,34.5031,31200,23350.0,23068.7,282.75,282.75,282.75,282.75,0,1742452680
2025-03-20 12:09:00,PE,ATM+6,41.910367,31200,23350.0,23069.15,282.75,286.35,282.75,285.9,300,1742452740
2025-03-20 12:10:00,PE,ATM+6,37.457667,31950,23350.0,23066.0,283.4,287.6,283.4,286.45,675,1742452800
2025-03-20 12:11:00,PE,ATM+6,35.344281,31950,23350.0,23068.6,286.45,288.85,283.05,283.05,2250,1742452860
2025-03-20 12:12:00,PE,ATM+6,39.688285,31950,23350.0,23069.65,284.0,284.0,284.0,284.0,75,1742452920
2025-03-20 12:13:00,PE,ATM+6,35.934722,30900,23350.0,23071.7,284.0,284.0,280.25,280.25,975,1742452980
2025-03-20 12:14:00,PE,ATM+6,38.370636,30900,23350.0,23072.55,280.25,281.05,279.8,280.5,3750,1742453040
2025-03-20 12:15:00,PE,ATM+6,41.160776,33000,23350.0,23073.45,280.5,281.1,279.0,281.1,2325,1742453100
2025-03-20 12:16:00,PE,ATM+6,35.840006,33000,23350.0,23074.9,281.85,281.85,274.35,277.05,2925,1742453160
2025-03-20 12:17:00,PE,ATM+6,40.344552,33000,23350.0,23074.55,277.05,280.9,276.4,279.5,2850,1742453220
2025-03-20 12:18:00,PE,ATM+6,41.198919,51750,23400.0,23078.8,330.0,330.0,321.5,323.3,4200,1742453280
2025-03-20 12:19:00,PE,ATM+6,45.200826,51750,23400.0,23080.5,321.55,324.8,321.55,323.4,1575,1742453340
2025-03-20 12:20:00,PE,ATM+6,45.220556,51750,23400.0,23078.6,322.05,326.5,322.0,325.15,1425,1742453400
2025-03-20 12:21:00,PE,ATM+6,44.95307,51750,23400.0,23076.35,325.15,328.0,325.15,327.1,1050,1742453460
2025-03-20 12:22:00,PE,ATM+6,45.271735,53175,23400.0,23076.4,327.1,329.05,327.1,327.15,4050,1742453520
2025-03-20 12:23:00,PE,ATM+6,43.392633,34050,23350.0,23075.0,278.4,280.5,278.4,280.5,1125,1742453580
2025-03-20 12:24:00,PE,ATM+6,45.833697,53175,23400.0,23075.3,330.0,330.0,328.35,328.35,2625,1742453640
2025-03-20 12:25:00,PE,ATM+6,42.74242,36525,23350.0,23073.9,279.0,281.0,278.0,281.0,825,1742453700
2025-03-20 12:26:00,PE,ATM+6,45.375306,36525,23350.0,23073.2,281.0,283.2,278.4,283.2,1425,1742453760
2025-03-20 12:27:00,PE,ATM+6,46.527429,49800,23400.0,23075.05,332.95,332.95,328.6,328.75,4725,1742453820
2025-03-20 12:28:00,PE,ATM+6,50.646324,49800,23400.0,23079.2,328.75,329.0,327.0,327.0,750,1742453880
2025-03-20 12:29:00,PE,ATM+6,48.603621,49800,23400.0,23080.4,327.0,327.7,324.45,324.65,3225,1742453940
2025-03-20 12:30:00,PE,ATM+6,52.326989,49800,23400.0,23082.25,324.65,325.2,322.95,325.05,1875,1742454000
2025-03-20 12:31:00,PE,ATM+6,44.451604,48975,23400.0,23076.5,325.05,326.5,322.05,326.25,3525,1742454060
2025-03-20 12:32:00,PE,ATM+6,38.670534,48975,23400.0,23076.3,327.0,327.6,324.5,324.5,1050,1742454120
2025-03-20 12:33:00,PE,ATM+6,33.77621,36675,23350.0,23073.95,275.0,276.8,275.0,276.8,3300,1742454180
2025-03-20 12:34:00,PE,ATM+6,48.660425,50775,23400.0,23079.75,327.5,327.5,324.95,324.95,525,1742454240
2025-03-20 12:35:00,PE,ATM+6,49.895589,50775,23400.0,23084.45,323.35,325.3,320.75,321.15,1350,1742454300
2025-03-20 12:36:00,PE,ATM+6,52.071131,50775,23400.0,23083.95,321.15,323.35,318.5,322.8,8175,1742454360
2025-03-20 12:37:00,PE,ATM+6,50.267425,52125,23400.0,23081.45,322.8,324.0,322.55,324.0,1350,1742454420
2025-03-20 12:38:00,PE,ATM+6,52.637025,52125,23400.0,23085.0,325.0,325.0,320.05,322.0,4050,1742454480
2025-03-20 12:39:00,PE,ATM+6,56.317802,52125,23400.0,23088.75,322.0,322.0,318.9,320.9,5475,1742454540
2025-03-20 12:40:00,PE,ATM+6,52.715795,53550,23400.0,23085.4,319.2,322.0,319.1,321.5,1650,1742454600
2025-03-20 12:41:00,PE,ATM+6,52.620773,53550,23400.0,23084.7,321.5,323.5,320.9,322.0,3600,1742454660
2025-03-20 12:42:00,PE,ATM+6,57.113738,53550,23400.0,23088.55,322.0,322.4,321.3,321.3,1800,1742454720
2025-03-20 12:43:00,PE,ATM+6,54.026584,52050,23400.0,23086.95,321.3,321.7,320.6,320.6,975,1742454780
2025-03-20 12:44:00,PE,ATM+6,56.380103,52050,23400.0,23093.7,319.05,319.05,313.65,315.9,11250,1742454840
2025-03-20 12:45:00,PE,ATM+6,55.902009,52050,23400.0,23090.9,314.55,318.0,314.55,318.0,1800,1742454900
2025-03-20 12:46:00,PE,ATM+6,40.908844,52200,23400.0,23093.55,318.0,319.05,308.0,308.0,4050,1742454960
2025-03-20 12:47:00,PE,ATM+6,53.908857,52200,23400.0,23098.45,308.0,309.6,307.0,309.6,6000,1742455020
2025-03-20 12:48:00,PE,ATM+6,44.505146,52200,23400.0,23103.9,307.95,307.95,298.6,299.35,17625,1742455080
2025-03-20 12:49:00,PE,ATM+6,45.766653,63750,23400.0,23101.1,299.35,303.5,298.1,302.5,11025,1742455140
2025-03-20 12:50:00,PE,ATM+6,47.312143,63750,23400.0,23105.0,301.55,302.0,298.8,299.5,3225,1742455200
2025-03-20 12:51:00,PE,ATM+6,54.196482,63750,23400.0,23107.75,301.5,302.0,300.0,300.9,6675,1742455260
2025-03-20 12:52:00,PE,ATM+6,56.075744,69525,23400.0,23107.05,299.65,303.0,297.1,302.7,6525,1742455320
2025-03-20 12:53:00,PE,ATM+6,56.976814,69525,23400.0,23108.4,303.0,303.0,300.65,302.0,2100,1742455380
2025-03-20 12:54:00,PE,ATM+6,59.705561,69525,23400.0,23108.1,302.0,304.15,301.6,304.15,2100,1742455440
2025-03-20 12:55:00,PE,ATM+6,58.545452,71700,23400.0,23108.15,304.15,305.0,300.3,303.1,3375,1742455500
2025-03-20 12:56:00,PE,ATM+6,56.582798,71700,23400.0,23109.9,303.1,303.6,300.0,300.0,1650,1742455560
2025-03-20 12:57:00,PE,ATM+6,59.54959,71700,23400.0,23112.05,300.0,300.7,299.05,300.1,3075,1742455620
2025-03-20 12:58:00,PE,ATM+6,60.989539,75150,23400.0,23111.15,300.1,302.15,300.0,301.85,4725,1742455680
2025-03-20 12:59:00,PE,ATM+6,61.963896,75150,23400.0,23114.0,301.85,302.65,298.55,299.95,8925,1742455740
2025-03-20 13:00:00,PE,ATM+6,58.292185,75150,23400.0,23106.65,298.55,303.6,298.55,303.6,4200,1742455800
2025-03-20 13:01:00,PE,ATM+6,55.431998,80250,23400.0,23105.1,305.0,305.0,303.0,303.0,7875,1742455860
2025-03-20 13:02:00,PE,ATM+6,52.69858,80250,23400.0,23104.05,303.0,306.0,302.25,302.25,7275,1742455920
2025-03-20 13:03:00,PE,ATM+6,47.486875,80250,23400.0,23098.55,302.25,305.85,302.25,304.8,5475,1742455980
2025-03-20 13:04:00,PE,ATM+6,55.709707,81300,23400.0,23100.6,304.8,308.75,303.55,306.95,9450,1742456040
2025-03-20 13:05:00,PE,ATM+6,57.547401,81300,23400.0,23102.75,306.95,306.95,304.1,306.0,2700,1742456100
2025-03-20 13:06:00,PE,ATM+6,54.916081,81300,23400.0,23105.8,306.0,306.0,301.3,301.5,7200,1742456160
2025-03-20 13:07:00,PE,ATM+6,53.127872,80250,23400.0,23107.9,300.65,300.65,298.0,298.45,3750,1742456220
2025-03-20 13:08:00,PE,ATM+6,46.920865,80250,23400.0,23112.65,296.0,296.3,286.75,290.9,16125,1742456280
2025-03-20 13:09:00,PE,ATM+6,47.919683,80250,23400.0,23113.25,290.0,292.75,290.0,290.7,7875,1742456340
2025-03-20 13:10:00,PE,ATM+6,50.794538,3825,23450.0,23125.45,342.2,342.2,323.55,327.65,1725,1742456400
2025-03-20 13:11:00,PE,ATM+6,38.964976,3825,23450.0,23128.15,327.65,327.65,318.4,322.0,2025,1742456460
2025-03-20 13:12:00,PE,ATM+6,0.0,3825,23450.0,23135.5,322.0,322.0,311.35,311.4,1200,1742456520
2025-03-20 13:13:00,PE,ATM+6,0.0,6600,23450.0,23137.5,311.4,313.05,309.95,310.0,2475,1742456580
2025-03-20 13:14:00,PE,ATM+6,0.0,6600,23450.0,23143.35,310.0,310.0,299.4,305.15,2925,1742456640
2025-03-20 13:15:00,PE,ATM+6,0.0,6600,23450.0,23135.95,303.0,308.6,303.0,308.6,375,1742456700
2025-03-20 13:16:00,PE,ATM+6,0.0,9525,23450.0,23136.2,306.0,310.5,306.0,309.65,825,1742456760
2025-03-20 13:17:00,PE,ATM+6,0.0,9525,23450.0,23134.65,309.65,310.5,306.4,306.4,825,1742456820
2025-03-20 13:18:00,PE,ATM+6,0.0,9525,23450.0,23142.9,310.0,310.0,305.0,305.55,675,1742456880
2025-03-20 13:19:00,PE,ATM+6,40.281661,11325,23450.0,23156.3,305.55,305.55,287.05,294.45,1500,1742456940
2025-03-20 13:20:00,PE,ATM+6,26.31385,11325,23450.0,23154.55,294.45,295.45,289.4,294.9,3675,1742457000
2025-03-20 13:21:00,PE,ATM+6,0.0,11325,23450.0,23158.2,294.9,294.9,291.0,291.0,1425,1742457060
2025-03-20 13:22:00,PE,ATM+6,0.0,16125,23450.0,23166.55,291.0,291.0,278.8,282.1,2850,1742457120
2025-03-20 13:23:00,PE,ATM+6,0.0,16125,23450.0,23174.75,279.35,280.95,264.3,266.3,6975,1742457180
2025-03-20 13:24:00,PE,ATM+6,0.0,16125,23450.0,23164.35,264.85,283.3,264.85,277.9,8925,1742457240
2025-03-20 13:25:00,PE,ATM+6,0.0,19050,23450.0,23161.35,277.9,280.9,275.0,280.25,1500,1742457300
2025-03-20 13:26:00,PE,ATM+6,0.0,19050,23450.0,23161.25,280.25,283.8,276.4,278.95,2175,1742457360
2025-03-20 13:27:00,PE,ATM+6,0.0,19050,23450.0,23156.95,278.95,286.0,273.0,286.0,5775,1742457420
2025-03-20 13:28:00,PE,ATM+6,0.0,23325,23450.0,23155.45,286.0,288.15,282.25,287.4,2175,1742457480
2025-03-20 13:29:00,PE,ATM+6,0.0,23325,23450.0,23161.2,287.4,287.4,274.9,278.3,1650,1742457540
2025-03-20 13:30:00,PE,ATM+6,0.0,23325,23450.0,23167.75,278.3,278.3,272.05,272.05,1875,1742457600
2025-03-20 13:31:00,PE,ATM+6,0.0,23850,23450.0,23165.55,272.05,274.35,271.0,274.0,1575,1742457660
2025-03-20 13:32:00,PE,ATM+6,0.0,23850,23450.0,23165.75,274.0,280.2,272.15,272.95,1875,1742457720
2025-03-20 13:33:00,PE,ATM+6,0.0,23850,23450.0,23170.9,272.5,272.5,266.6,270.1,4050,1742457780
2025-03-20 13:34:00,PE,ATM+6,0.0,23775,23450.0,23169.1,270.35,273.9,270.35,271.15,4650,1742457840
2025-03-20 13:35:00,PE,ATM+6,0.0,23775,23450.0,23168.8,271.15,274.45,271.15,273.2,5850,1742457900
2025-03-20 13:36:00,PE,ATM+6,0.0,139950,23500.0,23177.5,323.15,323.15,311.0,315.75,30675,1742457960
2025-03-20 13:37:00,PE,ATM+6,0.0,138900,23500.0,23180.4,315.75,316.35,307.25,311.95,16725,1742458020
2025-03-20 13:38:00,PE,ATM+6,0.0,138900,23500.0,23178.55,311.65,313.55,309.9,310.0,20400,1742458080
2025-03-20 13:39:00,PE,ATM+6,0.0,138900,23500.0,23179.2,310.0,312.85,310.0,310.4,5775,1742458140
2025-03-20 13:40:00,PE,ATM+6,0.0,138150,23500.0,23178.9,311.45,313.0,309.25,310.7,11100,1742458200
2025-03-20 13:41:00,PE,ATM+6,0.0,28800,23450.0,23174.0,261.45,264.6,261.0,264.1,2250,1742458260
2025-03-20 13:42:00,PE,ATM+6,0.0,138150,23500.0,23178.6,317.2,319.55,312.0,312.0,12900,1742458320
2025-03-20 13:43:00,PE,ATM+6,0.0,142500,23500.0,23177.65,310.0,313.95,304.35,313.95,12900,1742458380
2025-03-20 13:44:00,PE,ATM+6,0.0,142500,23500.0,23177.7,311.0,313.25,311.0,313.0,5100,1742458440
2025-03-20 13:45:00,PE,ATM+6,0.0,142500,23500.0,23175.1,313.0,315.7,311.3,315.7,6750,1742458500
2025-03-20 13:46:00,PE,ATM+6,0.0,137550,23500.0,23176.75,315.7,315.7,311.0,313.85,2775,1742458560
2025-03-20 13:47:00,PE,ATM+6,0.0,30150,23450.0,23172.25,262.1,272.0,262.1,267.7,7575,1742458620
2025-03-20 13:48:00,PE,ATM+6,0.0,30150,23450.0,23172.45,267.9,269.4,267.05,267.05,2025,1742458680
2025-03-20 13:49:00,PE,ATM+6,0.0,132675,23500.0,23176.45,317.25,319.0,312.75,313.65,5100,1742458740
2025-03-20 13:50:00,PE,ATM+6,0.0,132675,23500.0,23177.9,314.25,315.7,310.05,310.4,6825,1742458800
2025-03-20 13:51:00,PE,ATM+6,0.0,132675,23500.0,23181.6,310.0,310.0,302.8,306.5,11325,1742458860
2025-03-20 13:52:00,PE,ATM+6,0.0,133500,23500.0,23183.05,307.35,307.65,305.0,307.05,9675,1742458920
2025-03-20 13:53:00,PE,ATM+6,0.0,133500,23500.0,23186.45,305.95,305.95,298.0,303.9,23625,1742458980
2025-03-20 13:54:00,PE,ATM+6,0.0,133500,23500.0,23184.4,303.9,304.85,302.0,303.9,6750,1742459040
2025-03-20 13:55:00,PE,ATM+6,0.0,140325,23500.0,23185.6,303.9,305.1,302.6,304.9,8925,1742459100
2025-03-20 13:56:00,PE,ATM+6,0.0,140325,23500.0,23182.8,304.0,307.3,303.8,307.0,12825,1742459160
2025-03-20 13:57:00,PE,ATM+6,0.0,140325,23500.0,23185.95,305.45,306.7,303.4,304.85,11025,1742459220
2025-03-20 13:58:00,PE,ATM+6,0.0,150300,23500.0,23192.25,304.85,304.85,295.25,296.1,15450,1742459280
2025-03-20 13:59:00,PE,ATM+6,0.0,150300,23500.0,23189.9,296.05,299.45,295.65,299.45,10650,1742459340
2025-03-20 14:00:00,PE,ATM+6,0.0,150300,23500.0,23190.0,299.4,301.7,297.4,300.05,7350,1742459400
2025-03-20 14:01:00,PE,ATM+6,0.0,156000,23500.0,23194.95,300.05,301.3,295.55,296.95,15750,1742459460
2025-03-20 14:02:00,PE,ATM+6,0.0,156000,23500.0,23194.85,296.95,297.0,292.85,297.0,16800,1742459520
2025-03-20 14:03:00,PE,ATM+6,0.0,156000,23500.0,23197.25,297.0,297.0,292.7,294.25,12975,1742459580
2025-03-20 14:04:00,PE,ATM+6,0.0,164025,23500.0,23200.15,294.5,295.75,293.5,295.45,8025,1742459640
2025-03-20 14:05:00,PE,ATM+6,0.0,164025,23500.0,23197.2,295.45,297.0,293.9,297.0,2625,1742459700
2025-03-20 14:06:00,PE,ATM+6,0.0,164025,23500.0,23199.75,297.0,298.5,295.05,295.9,3600,1742459760
2025-03-20 14:07:00,PE,ATM+6,0.0,162000,23500.0,23204.8,295.6,295.6,286.8,288.85,18975,1742459820
2025-03-20 14:08:00,PE,ATM+6,0.0,162000,23500.0,23196.35,289.2,295.0,288.85,295.0,7575,1742459880
2025-03-20 14:09:00,PE,ATM+6,0.0,162000,23500.0,23186.65,295.15,304.05,294.85,302.15,19650,1742459940
2025-03-20 14:10:00,PE,ATM+6,0.0,159525,23500.0,23183.3,303.2,308.85,301.0,308.85,24750,1742460000
2025-03-20 14:11:00,PE,ATM+6,0.0,159525,23500.0,23184.05,308.45,308.55,301.65,306.0,20550,1742460060
2025-03-20 14:12:00,PE,ATM+6,0.0,159525,23500.0,23187.4,306.6,306.6,301.15,302.0,7425,1742460120
2025-03-20 14:13:00,PE,ATM+6,0.0,149625,23500.0,23186.15,302.0,303.25,299.0,302.5,10575,1742460180
2025-03-20 14:14:00,PE,ATM+6,0.0,149625,23500.0,23182.4,303.55,305.85,302.85,305.5,5775,1742460240
2025-03-20 14:15:00,PE,ATM+6,0.0,149625,23500.0,23185.45,305.5,305.5,303.4,304.5,4275,1742460300
2025-03-20 14:16:00,PE,ATM+6,0.0,145200,23500.0,23183.7,304.5,307.9,302.55,307.9,3675,1742460360
2025-03-20 14:17:00,PE,ATM+6,0.0,44175,23450.0,23173.65,257.15,270.3,257.15,270.0,11625,1742460420
2025-03-20 14:18:00,PE,ATM+6,0.0,145200,23500.0,23178.2,320.85,322.2,312.15,314.55,21525,1742460480
2025-03-20 14:19:00,PE,ATM+6,0.0,135450,23500.0,23181.9,314.55,314.55,307.85,309.4,6525,1742460540
2025-03-20 14:20:00,PE,ATM+6,0.0,135450,23500.0,23179.8,309.0,313.25,308.05,308.1,6600,1742460600
2025-03-20 14:21:00,PE,ATM+6,0.0,135450,23500.0,23189.3,308.1,308.25,301.6,301.6,5775,1742460660
2025-03-20 14:22:00,PE,ATM+6,0.0,134700,23500.0,23191.95,300.5,302.15,296.95,299.8,15000,1742460720
2025-03-20 14:23:00,PE,ATM+6,0.0,134700,23500.0,23191.05,298.5,300.0,298.0,299.0,5625,1742460780
2025-03-20 14:24:00,PE,ATM+6,0.0,134700,23500.0,23199.15,299.0,299.2,293.3,294.2,8475,1742460840
2025-03-20 14:25:00,PE,ATM+6,0.0,135900,23500.0,23197.8,294.2,296.25,292.35,292.35,10575,1742460900
2025-03-20 14:26:00,PE,ATM+6,0.0,135900,23500.0,23202.6,293.0,295.45,288.0,288.0,12900,1742460960
2025-03-20 14:27:00,PE,ATM+6,0.0,135900,23500.0,23208.65,285.05,287.35,281.7,284.25,32025,1742461020
2025-03-20 14:28:00,PE,ATM+6,0.0,143775,23500.0,23209.65,284.25,288.8,282.0,285.65,13875,1742461080
2025-03-20 14:29:00,PE,ATM+6,0.0,143775,23500.0,23209.95,285.65,287.7,284.75,285.75,2850,1742461140
2025-03-20 14:30:00,PE,ATM+6,0.0,143775,23500.0,23211.05,285.25,285.85,282.8,285.35,7425,1742461200
2025-03-20 14:31:00,PE,ATM+6,0.0,147000,23500.0,23212.65,286.0,288.6,282.7,283.3,12450,1742461260
2025-03-20 14:32:00,PE,ATM+6,0.0,147000,23500.0,23209.6,283.3,288.0,282.6,288.0,8925,1742461320
2025-03-20 14:33:00,PE,ATM+6,0.0,147000,23500.0,23211.55,288.0,288.0,285.95,287.8,7125,1742461380
2025-03-20 14:34:00,PE,ATM+6,0.0,152700,23500.0,23213.6,287.85,287.85,284.45,286.0,3000,1742461440
2025-03-20 14:35:00,PE,ATM+6,0.0,152700,23500.0,23205.2,286.0,292.2,285.5,292.2,12225,1742461500
2025-03-20 14:36:00,PE,ATM+6,0.0,152700,23500.0,23200.35,293.45,298.55,291.4,298.55,13500,1742461560
2025-03-20 14:37:00,PE,ATM+6,0.0,150975,23500.0,23204.5,298.15,298.15,292.05,294.3,9900,1742461620
2025-03-20 14:38:00,PE,ATM+6,0.0,150975,23500.0,23209.6,293.8,293.8,286.25,286.55,10800,1742461680
2025-03-20 14:39:00,PE,ATM+6,0.0,150975,23500.0,23206.45,286.55,290.2,286.55,290.2,4200,1742461740
2025-03-20 14:40:00,PE,ATM+6,0.0,156750,23500.0,23200.0,290.2,295.75,290.2,295.75,9225,1742461800
2025-03-20 14:41:00,PE,ATM+6,0.0,156750,23500.0,23201.2,294.2,294.2,289.35,292.9,10425,1742461860
2025-03-20 14:42:00,PE,ATM+6,0.0,156750,23500.0,23198.6,295.0,297.2,293.65,296.05,10050,1742461920
2025-03-20 14:43:00,PE,ATM+6,0.0,162525,23500.0,23197.2,294.5,295.05,292.0,292.8,3300,1742461980
2025-03-20 14:44:00,PE,ATM+6,0.0,162525,23500.0,23195.0,292.85,296.0,292.2,295.9,6000,1742462040
2025-03-20 14:45:00,PE,ATM+6,0.0,162525,23500.0,23197.7,297.45,298.0,293.0,293.1,27900,1742462100
2025-03-20 14:46:00,PE,ATM+6,0.0,176475,23500.0,23199.85,293.1,293.4,290.15,293.4,7875,1742462160
2025-03-20 14:47:00,PE,ATM+6,0.0,176475,23500.0,23194.25,294.3,297.0,293.5,297.0,5850,1742462220
2025-03-20 14:48:00,PE,ATM+6,0.0,176475,23500.0,23195.45,297.0,297.0,294.45,294.45,4200,1742462280
2025-03-20 14:49:00,PE,ATM+6,0.0,178050,23500.0,23198.0,294.45,299.0,294.0,294.0,8100,1742462340
2025-03-20 14:50:00,PE,ATM+6,0.0,178050,23500.0,23202.2,294.0,294.0,291.3,292.0,1950,1742462400
2025-03-20 14:51:00,PE,ATM+6,0.0,178050,23500.0,23203.35,292.0,292.75,288.1,291.55,8775,1742462460
2025-03-20 14:52:00,PE,ATM+6,0.0,174000,23500.0,23209.3,290.8,290.8,285.55,287.95,11175,1742462520
2025-03-20 14:53:00,PE,ATM+6,0.0,174000,23500.0,23208.5,287.95,288.0,285.45,287.0,3300,1742462580
2025-03-20 14:54:00,PE,ATM+6,0.0,174000,23500.0,23209.75,287.0,290.0,287.0,287.95,5325,1742462640
2025-03-20 14:55:00,PE,ATM+6,0.0,179175,23500.0,23209.95,289.0,289.6,286.95,289.25,9525,1742462700
2025-03-20 14:56:00,PE,ATM+6,61.747541,179175,23500.0,23212.9,289.25,289.25,286.7,287.2,1125,1742462760
2025-03-20 14:57:00,PE,ATM+6,0.0,179175,23500.0,23208.9,287.2,289.95,287.2,289.0,3000,1742462820
2025-03-20 14:58:00,PE,ATM+6,0.0,179625,23500.0,23210.85,289.0,293.5,288.85,289.0,9900,1742462880
2025-03-20 14:59:00,PE,ATM+6,0.0,179625,23500.0,23205.05,289.0,293.0,288.4,291.85,23625,1742462940
2025-03-20 15:00:00,PE,ATM+6,0.0,179625,23500.0,23204.25,292.7,297.6,291.9,292.65,23250,1742463000
2025-03-20 15:01:00,PE,ATM+6,0.0,159075,23500.0,23198.4,293.75,301.5,293.75,299.6,11400,1742463060
2025-03-20 15:02:00,PE,ATM+6,0.0,159075,23500.0,23194.65,299.1,302.0,298.1,302.0,10125,1742463120
2025-03-20 15:03:00,PE,ATM+6,0.0,159075,23500.0,23194.55,302.0,303.4,297.0,299.2,12975,1742463180
2025-03-20 15:04:00,PE,ATM+6,0.0,154200,23500.0,23192.5,299.2,301.55,299.2,301.55,6225,1742463240
2025-03-20 15:05:00,PE,ATM+6,0.0,154200,23500.0,23195.25,301.85,303.0,299.45,299.45,8250,1742463300
2025-03-20 15:06:00,PE,ATM+6,0.0,154200,23500.0,23199.15,299.45,299.7,297.2,297.2,7050,1742463360
2025-03-20 15:07:00,PE,ATM+6,0.0,152175,23500.0,23198.3,297.0,299.8,297.0,299.3,22650,1742463420
2025-03-20 15:08:00,PE,ATM+6,0.0,152175,23500.0,23193.85,299.3,301.85,299.3,301.6,4875,1742463480
2025-03-20 15:09:00,PE,ATM+6,96.6423,152175,23500.0,23198.75,301.0,302.65,301.0,302.05,6000,1742463540
2025-03-20 15:10:00,PE,ATM+6,0.0,137250,23500.0,23192.2,300.0,303.0,300.0,302.25,8175,1742463600
2025-03-20 15:11:00,PE,ATM+6,0.0,137250,23500.0,23190.35,302.25,305.85,302.2,304.75,29025,1742463660
2025-03-20 15:12:00,PE,ATM+6,0.0,137250,23500.0,23190.65,304.75,305.95,304.0,304.0,6000,1742463720
2025-03-20 15:13:00,PE,ATM+6,0.0,130800,23500.0,23186.2,304.0,307.0,304.0,307.0,5400,1742463780
2025-03-20 15:14:00,PE,ATM+6,0.0,130800,23500.0,23183.85,307.6,309.0,307.2,308.85,9525,1742463840
2025-03-20 15:15:00,PE,ATM+6,0.0,130800,23500.0,23185.6,310.65,310.65,307.25,307.5,12225,1742463900
2025-03-20 15:16:00,PE,ATM+6,0.0,118425,23500.0,23182.35,307.5,309.6,307.5,308.25,5850,1742463960
2025-03-20 15:17:00,PE,ATM+6,0.0,118425,23500.0,23183.25,309.0,309.0,307.55,308.0,3750,1742464020
2025-03-20 15:18:00,PE,ATM+6,0.0,118425,23500.0,23184.15,308.25,309.0,307.85,308.2,1950,1742464080
2025-03-20 15:19:00,PE,ATM+6,0.0,114225,23500.0,23188.15,308.2,308.4,307.0,307.0,4200,1742464140
2025-03-20 15:20:00,PE,ATM+6,0.0,114225,23500.0,23185.9,307.0,307.95,307.0,307.6,7950,1742464200
2025-03-20 15:21:00,PE,ATM+6,0.0,114225,23500.0,23185.55,308.0,308.8,308.0,308.75,1725,1742464260
2025-03-20 15:22:00,PE,ATM+6,0.0,108375,23500.0,23185.55,308.75,309.0,307.9,308.4,4950,1742464320
2025-03-20 15:23:00,PE,ATM+6,0.0,108375,23500.0,23185.9,308.4,308.8,306.95,307.35,8325,1742464380
2025-03-20 15:24:00,PE,ATM+6,0.0,108375,23500.0,23183.4,307.35,308.0,307.15,308.0,3300,1742464440
2025-03-20 15:25:00,PE,ATM+6,0.0,99075,23500.0,23186.55,308.0,308.8,307.75,307.75,14250,1742464500
2025-03-20 15:26:00,PE,ATM+6,0.0,99075,23500.0,23182.3,307.7,308.8,307.6,308.8,5775,1742464560
2025-03-20 15:27:00,PE,ATM+6,0.0,99075,23500.0,23177.75,308.05,309.15,308.05,309.15,7350,1742464620
2025-03-20 15:28:00,PE,ATM+6,0.0,24600,23450.0,23172.45,258.3,259.8,258.3,259.45,2175,1742464680
2025-03-20 15:29:00,PE,ATM+6,0.0,24600,23450.0,23165.7,259.45,259.6,258.7,258.75,2775,1742464740
2025-03-21 09:15:00,PE,ATM+6,10.923834,32325,23450.0,23156.2,312.1,316.2,294.45,296.45,14850,1742528700
2025-03-21 09:16:00,PE,ATM+6,10.782928,32325,23450.0,23169.25,291.45,291.45,279.35,285.1,24300,1742528760
2025-03-21 09:17:00,PE,ATM+6,11.229965,32325,23450.0,23172.7,286.4,287.0,281.7,286.7,4200,1742528820
2025-03-21 09:18:00,PE,ATM+6,12.462517,1465425,23500.0,23187.8,330.0,336.45,325.0,325.0,29325,1742528880
2025-03-21 09:19:00,PE,ATM+6,13.125152,1465425,23500.0,23197.85,325.0,328.4,321.4,323.85,28650,1742528940
2025-03-21 09:20:00,PE,ATM+6,13.11971,1465425,23500.0,23187.1,328.85,331.8,322.9,331.8,24375,1742529000
2025-03-21 09:21:00,PE,ATM+6,13.315797,1481175,23500.0,23176.3,333.35,344.55,332.65,341.8,66825,1742529060
2025-03-21 09:22:00,PE,ATM+6,12.581368,42150,23450.0,23169.7,301.35,309.4,301.1,302.15,6150,1742529120
2025-03-21 09:23:00,PE,ATM+6,12.405682,42150,23450.0,23158.2,302.15,311.95,299.8,308.9,3975,1742529180
2025-03-21 09:24:00,PE,ATM+6,12.620644,40125,23450.0,23162.8,310.3,310.3,302.4,307.6,4350,1742529240
2025-03-21 09:25:00,PE,ATM+6,13.006375,40125,23450.0,23173.8,307.7,312.65,298.45,303.45,8400,1742529300
2025-03-21 09:26:00,PE,ATM+6,12.883225,1488825,23500.0,23179.7,339.35,346.1,334.6,335.1,25575,1742529360
2025-03-21 09:27:00,PE,ATM+6,12.847022,1492575,23500.0,23176.75,337.4,339.35,330.35,337.0,27750,1742529420
2025-03-21 09:28:00,PE,ATM+6,12.926723,1492575,23500.0,23176.35,334.0,342.55,334.0,338.05,18000,1742529480
2025-03-21 09:29:00,PE,ATM+6,12.469974,1492575,23500.0,23194.45,335.0,335.0,317.05,320.0,58575,1742529540
2025-03-21 09:30:00,PE,ATM+6,12.660328,1502775,23500.0,23189.5,324.2,333.3,323.05,325.55,43425,1742529600
2025-03-21 09:31:00,PE,ATM+6,12.785529,1502775,23500.0,23194.35,323.85,332.0,321.3,323.1,18675,1742529660
2025-03-21 09:32:00,PE,ATM+6,12.559325,1502775,23500.0,23212.35,321.85,321.85,302.0,307.5,62775,1742529720
2025-03-21 09:33:00,PE,ATM+6,12.469956,1534425,23500.0,23210.95,304.8,312.65,304.35,307.65,29100,1742529780
2025-03-21 09:34:00,PE,ATM+6,13.26994,22800,23550.0,23225.6,348.0,348.0,339.45,342.05,4425,1742529840
2025-03-21 09:35:00,PE,ATM+6,13.206847,22800,23550.0,23226.85,342.05,342.2,340.5,340.5,675,1742529900
2025-03-21 09:36:00,PE,ATM+6,12.650127,26475,23550.0,23231.95,335.0,340.4,331.35,331.35,600,1742529960
2025-03-21 09:37:00,PE,ATM+6,12.676499,26475,23550.0,23244.65,331.35,331.35,322.0,322.0,2550,1742530020
2025-03-21 09:38:00,PE,ATM+6,12.601822,26475,23550.0,23246.35,321.85,325.55,319.0,320.0,1800,1742530080
2025-03-21 09:39:00,PE,ATM+6,12.629263,28200,23550.0,23247.5,320.0,324.35,317.6,319.4,1275,1742530140
2025-03-21 09:40:00,PE,ATM+6,12.247756,28200,23550.0,23239.5,319.4,322.4,317.3,321.8,750,1742530200
2025-03-21 09:41:00,PE,ATM+6,12.703273,28200,23550.0,23266.1,323.3,323.3,305.65,306.35,3825,1742530260
2025-03-21 09:42:00,PE,ATM+6,12.432578,29325,23550.0,23265.55,305.1,310.6,302.65,304.05,2625,1742530320
2025-03-21 09:43:00,PE,ATM+6,12.033967,29325,23550.0,23268.4,304.05,306.25,298.0,298.0,5400,1742530380
2025-03-21 09:44:00,PE,ATM+6,12.267691,29325,23550.0,23273.85,298.0,298.0,294.0,296.3,1125,1742530440
2025-03-21 09:45:00,PE,ATM+6,11.892621,36300,23550.0,23269.35,296.3,301.0,295.9,295.9,5100,1742530500
2025-03-21 09:46:00,PE,ATM+6,11.874546,36300,23550.0,23264.95,295.9,301.05,290.0,299.0,2400,1742530560
2025-03-21 09:47:00,PE,ATM+6,11.892047,36300,23550.0,23261.7,299.0,303.0,297.35,301.6,2175,1742530620
2025-03-21 09:48:00,PE,ATM+6,11.998437,36000,23550.0,23259.6,301.6,308.45,301.05,304.2,4425,1742530680
2025-03-21 09:49:00,PE,ATM+6,12.000474,36000,23550.0,23255.1,304.2,310.1,304.0,307.6,825,1742530740
2025-03-21 09:50:00,PE,ATM+6,11.827173,36000,23550.0,23252.65,307.6,311.85,306.75,307.8,7575,1742530800
2025-03-21 09:51:00,PE,ATM+6,11.741062,37800,23550.0,23252.3,307.8,308.85,303.9,307.25,900,1742530860
2025-03-21 09:52:00,PE,ATM+6,11.904924,37800,23550.0,23251.9,307.25,309.3,300.6,309.1,3525,1742530920
2025-03-21 09:53:00,PE,ATM+6,12.063007,37800,23550.0,23255.15,309.1,312.2,308.15,308.15,4275,1742530980
2025-03-21 09:54:00,PE,ATM+6,12.356166,37800,23550.0,23257.8,305.2,309.0,303.0,309.0,3750,1742531040
2025-03-21 09:55:00,PE,ATM+6,12.080768,37800,23550.0,23259.7,308.65,310.35,302.45,304.9,4200,1742531100
2025-03-21 09:56:00,PE,ATM+6,11.954719,37800,23550.0,23250.2,304.9,314.8,304.5,310.85,3900,1742531160
2025-03-21 09:57:00,PE,ATM+6,11.709956,38475,23550.0,23263.85,310.85,310.85,298.2,298.2,1650,1742531220
2025-03-21 09:58:00,PE,ATM+6,12.331252,38475,23550.0,23264.05,298.2,305.25,297.6,304.1,2400,1742531280
2025-03-21 09:59:00,PE,ATM+6,12.440624,38475,23550.0,23263.95,304.1,305.6,303.95,305.25,1275,1742531340
2025-03-21 10:00:00,PE,ATM+6,11.893318,38475,23550.0,23259.8,305.25,305.25,300.5,303.0,300,1742531400
2025-03-21 10:01:00,PE,ATM+6,12.631899,39600,23550.0,23252.05,303.0,315.95,303.0,315.95,2775,1742531460
2025-03-21 10:02:00,PE,ATM+6,12.379588,39600,23550.0,23250.05,315.95,318.9,313.9,315.0,3750,1742531520
2025-03-21 10:03:00,PE,ATM+6,12.356708,38325,23550.0,23242.8,314.4,320.25,311.2,320.25,5625,1742531580
2025-03-21 10:04:00,PE,ATM+6,11.847471,38325,23550.0,23251.6,322.6,322.6,308.6,308.75,6825,1742531640
2025-03-21 10:05:00,PE,ATM+6,12.157604,38325,23550.0,23253.65,307.7,313.85,306.4,310.15,1275,1742531700
2025-03-21 10:06:00,PE,ATM+6,12.07519,38175,23550.0,23256.05,308.95,310.0,307.55,307.55,900,1742531760
2025-03-21 10:07:00,PE,ATM+6,12.303487,38175,23550.0,23255.65,307.55,312.9,307.55,310.05,900,1742531820
2025-03-21 10:08:00,PE,ATM+6,11.839819,38175,23550.0,23274.35,310.05,310.05,289.45,291.6,3450,1742531880
2025-03-21 10:09:00,PE,ATM+6,11.792533,38250,23550.0,23269.95,291.6,296.25,290.75,294.4,3675,1742531940
2025-03-21 10:10:00,PE,ATM+6,12.417644,38250,23550.0,23267.25,294.4,303.15,294.4,302.55,2325,1742532000
2025-03-21 10:11:00,PE,ATM+6,12.382087,38250,23550.0,23263.45,302.55,305.0,300.65,305.0,1425,1742532060
2025-03-21 10:12:00,PE,ATM+6,12.484052,37950,23550.0,23259.4,305.0,309.0,304.8,309.0,975,1742532120
2025-03-21 10:13:00,PE,ATM+6,12.800859,37950,23550.0,23254.15,309.0,317.6,308.6,316.0,3450,1742532180
2025-03-21 10:14:00,PE,ATM+6,12.401795,37950,23550.0,23257.3,316.0,316.0,309.75,309.75,3450,1742532240
2025-03-21 10:15:00,PE,ATM+6,12.675984,38550,23550.0,23253.3,309.75,318.7,309.75,315.4,3225,1742532300
2025-03-21 10:16:00,PE,ATM+6,12.516696,38550,23550.0,23248.75,313.4,321.25,313.4,317.25,5400,1742532360
2025-03-21 10:17:00,PE,ATM+6,12.595754,38550,23550.0,23250.5,315.15,317.5,315.15,316.7,2400,1742532420
2025-03-21 10:18:00,PE,ATM+6,12.70836,37125,23550.0,23254.25,316.7,316.7,311.15,315.0,2775,1742532480
2025-03-21 10:19:00,PE,ATM+6,12.413911,37125,23550.0,23259.25,315.0,317.1,308.4,308.4,900,1742532540
2025-03-21 10:20:00,PE,ATM+6,12.700394,37125,23550.0,23261.3,308.4,309.7,306.6,309.7,1650,1742532600
2025-03-21 10:21:00,PE,ATM+6,12.817014,38025,23550.0,23261.85,309.7,313.1,309.7,310.45,1125,1742532660
2025-03-21 10:22:00,PE,ATM+6,12.888057,38025,23550.0,23259.2,310.45,314.75,310.1,313.1,1875,1742532720
2025-03-21 10:23:00,PE,ATM+6,12.714568,38025,23550.0,23265.15,313.1,313.1,304.7,307.0,825,1742532780
2025-03-21 10:24:00,PE,ATM+6,12.845948,38175,23550.0,23263.25,307.0,311.2,307.0,309.7,750,1742532840
2025-03-21 10:25:00,PE,ATM+6,12.471617,38175,23550.0,23266.75,309.7,309.7,302.8,303.4,2700,1742532900
2025-03-21 10:26:00,PE,ATM+6,12.630224,130575,23600.0,23276.05,344.95,344.95,334.75,335.7,10125,1742532960
2025-03-21 10:27:00,PE,ATM+6,12.822905,133200,23600.0,23278.8,335.7,338.4,335.15,335.4,6075,1742533020
2025-03-21 10:28:00,PE,ATM+6,12.734545,133200,23600.0,23290.5,335.4,335.4,318.8,325.7,18075,1742533080
2025-03-21 10:29:00,PE,ATM+6,12.564542,133200,23600.0,23298.9,322.25,323.0,317.4,317.75,17475,1742533140
2025-03-21 10:30:00,PE,ATM+6,12.376993,144825,23600.0,23304.15,315.0,322.15,309.75,312.0,9225,1742533200
2025-03-21 10:31:00,PE,ATM+6,12.409245,144825,23600.0,23305.1,310.35,315.2,310.35,311.6,13950,1742533260
2025-03-21 10:32:00,PE,ATM+6,12.273091,144825,23600.0,23298.55,312.65,315.85,308.9,315.2,10350,1742533320
2025-03-21 10:33:00,PE,ATM+6,12.266704,158475,23600.0,23298.2,315.2,321.65,314.0,315.4,8775,1742533380
2025-03-21 10:34:00,PE,ATM+6,12.300578,158475,23600.0,23300.55,313.75,315.75,311.8,313.95,5550,1742533440
2025-03-21 10:35:00,PE,ATM+6,12.303193,158475,23600.0,23294.75,314.25,318.8,314.25,318.35,4650,1742533500
2025-03-21 10:36:00,PE,ATM+6,12.304101,161400,23600.0,23301.85,318.35,321.0,313.0,313.0,2850,1742533560
2025-03-21 10:37:00,PE,ATM+6,12.733029,161400,23600.0,23306.85,314.65,316.45,313.45,313.45,2850,1742533620
2025-03-21 10:38:00,PE,ATM+6,12.607722,161400,23600.0,23314.45,312.6,313.05,302.6,306.6,22350,1742533680
2025-03-21 10:39:00,PE,ATM+6,12.271625,168600,23600.0,23311.65,307.05,311.7,303.8,305.35,14400,1742533740
2025-03-21 10:40:00,PE,ATM+6,12.213311,168600,23600.0,23315.05,305.35,308.35,299.0,302.25,15375,1742533800
2025-03-21 10:41:00,PE,ATM+6,12.262721,168600,23600.0,23312.6,304.05,306.7,302.8,304.55,4575,1742533860
2025-03-21 10:42:00,PE,ATM+6,12.261754,181200,23600.0,23312.65,304.4,305.35,302.0,304.5,4950,1742533920
2025-03-21 10:43:00,PE,ATM+6,12.145975,181200,23600.0,23307.05,304.85,308.35,303.5,307.55,9150,1742533980
2025-03-21 10:44:00,PE,ATM+6,12.257964,181200,23600.0,23309.3,309.0,310.8,306.45,306.95,8025,1742534040
2025-03-21 10:45:00,PE,ATM+6,12.454658,180900,23600.0,23311.55,306.95,310.8,306.25,307.2,5025,1742534100
2025-03-21 10:46:00,PE,ATM+6,11.984308,180900,23600.0,23321.7,307.65,307.65,295.05,295.05,11625,1742534160
2025-03-21 10:47:00,PE,ATM+6,12.204849,18075,23650.0,23335.0,336.55,336.55,325.0,325.0,1875,1742534220
2025-03-21 10:48:00,PE,ATM+6,12.251727,19725,23650.0,23334.0,325.0,326.65,321.6,326.2,2475,1742534280
2025-03-21 10:49:00,PE,ATM+6,12.036861,19725,23650.0,23341.5,322.75,325.4,318.45,318.45,2250,1742534340
2025-03-21 10:50:00,PE,ATM+6,12.268283,19725,23650.0,23343.9,318.45,319.05,318.45,318.8,600,1742534400
2025-03-21 10:51:00,PE,ATM+6,12.498269,21825,23650.0,23344.35,318.8,324.5,318.8,320.65,675,1742534460
2025-03-21 10:52:00,PE,ATM+6,12.319772,21825,23650.0,23352.9,320.65,320.9,312.5,312.5,5775,1742534520
2025-03-21 10:53:00,PE,ATM+6,12.397005,21825,23650.0,23347.1,312.5,317.6,309.4,317.6,375,1742534580
2025-03-21 10:54:00,PE,ATM+6,12.408756,29400,23650.0,23346.25,318.4,319.4,316.25,318.35,10800,1742534640
2025-03-21 10:55:00,PE,ATM+6,12.427326,29400,23650.0,23341.65,318.35,322.0,318.35,322.0,375,1742534700
2025-03-21 10:56:00,PE,ATM+6,12.68225,29400,23650.0,23340.1,322.0,325.6,321.95,325.6,525,1742534760
2025-03-21 10:57:00,PE,ATM+6,12.50218,29400,23650.0,23335.2,325.6,327.6,321.75,327.6,975,1742534820
2025-03-21 10:58:00,PE,ATM+6,12.51164,29400,23650.0,23334.0,327.6,328.6,323.35,328.6,3225,1742534880
2025-03-21 10:59:00,PE,ATM+6,12.722104,29400,23650.0,23339.2,330.0,330.0,326.65,326.65,600,1742534940
2025-03-21 11:00:00,PE,ATM+6,12.982688,27375,23650.0,23346.5,326.65,326.65,323.7,323.7,600,1742535000
2025-03-21 11:01:00,PE,ATM+6,12.944218,27375,23650.0,23349.15,323.7,326.7,320.15,321.35,750,1742535060
2025-03-21 11:02:00,PE,ATM+6,13.153335,27375,23650.0,23346.05,321.35,325.7,321.35,325.7,300,1742535120
2025-03-21 11:03:00,PE,ATM+6,13.196414,27375,23650.0,23343.65,325.7,327.9,325.3,327.9,525,1742535180
2025-03-21 11:04:00,PE,ATM+6,13.068537,27525,23650.0,23346.4,327.9,328.3,324.6,324.6,675,1742535240
2025-03-21 11:05:00,PE,ATM+6,13.068537,27525,23650.0,23346.4,324.6,324.6,324.6,324.6,0,1742535300
2025-03-21 11:06:00,PE,ATM+6,12.985958,28725,23650.0,23351.5,324.6,324.6,318.95,320.0,2025,1742535360
2025-03-21 11:07:00,PE,ATM+6,12.835318,28725,23650.0,23351.25,320.0,320.0,314.0,318.7,2175,1742535420
2025-03-21 11:08:00,PE,ATM+6,13.032487,28725,23650.0,23348.8,320.0,322.45,312.9,322.45,900,1742535480
2025-03-21 11:09:00,PE,ATM+6,13.434892,28500,23650.0,23338.35,322.45,334.15,322.45,334.15,2700,1742535540
2025-03-21 11:10:00,PE,ATM+6,12.879793,28500,23650.0,23329.9,334.15,336.9,332.3,335.15,2400,1742535600
2025-03-21 11:11:00,PE,ATM+6,12.597961,28500,23650.0,23326.5,335.15,340.0,335.0,335.1,2550,1742535660
2025-03-21 11:12:00,PE,ATM+6,12.698484,28725,23650.0,23327.85,335.1,338.7,332.5,335.0,1350,1742535720
2025-03-21 11:13:00,PE,ATM+6,12.675496,28725,23650.0,23332.35,338.9,342.5,331.35,331.35,1125,1742535780
2025-03-21 11:14:00,PE,ATM+6,12.615787,28725,23650.0,23331.15,331.35,332.8,331.35,331.7,300,1742535840
2025-03-21 11:15:00,PE,ATM+6,13.206496,28425,23650.0,23327.7,331.7,339.9,331.7,339.9,375,1742535900
2025-03-21 11:16:00,PE,ATM+6,13.426609,28425,23650.0,23335.45,339.9,339.9,334.75,336.2,225,1742535960
2025-03-21 11:17:00,PE,ATM+6,13.450627,28425,23650.0,23336.9,336.2,336.2,335.35,335.35,150,1742536020
2025-03-21 11:18:00,PE,ATM+6,13.117418,28350,23650.0,23342.4,335.35,335.35,328.0,328.0,525,1742536080
2025-03-21 11:19:00,PE,ATM+6,13.178561,28350,23650.0,23343.6,328.0,330.15,327.7,327.7,1275,1742536140
2025-03-21 11:20:00,PE,ATM+6,13.130046,28350,23650.0,23352.0,327.7,327.7,321.0,321.0,1725,1742536200
2025-03-21 11:21:00,PE,ATM+6,13.158498,29775,23650.0,23353.6,321.0,322.0,320.0,320.1,1800,1742536260
2025-03-21 11:22:00,PE,ATM+6,13.06247,29775,23650.0,23360.4,320.0,320.0,312.0,314.15,2850,1742536320
2025-03-21 11:23:00,PE,ATM+6,13.066184,29775,23650.0,23345.8,314.95,325.0,314.95,324.95,900,1742536380
2025-03-21 11:24:00,PE,ATM+6,13.047736,29175,23650.0,23342.6,324.95,327.15,324.95,327.15,1500,1742536440
2025-03-21 11:25:00,PE,ATM+6,12.873925,29175,23650.0,23340.55,327.15,327.15,326.6,327.0,750,1742536500
2025-03-21 11:26:00,PE,ATM+6,12.861291,29175,23650.0,23340.45,327.0,329.8,326.75,326.95,1350,1742536560
2025-03-21 11:27:00,PE,ATM+6,12.742422,29175,23650.0,23343.05,326.95,326.95,323.1,323.85,450,1742536620
2025-03-21 11:28:00,PE,ATM+6,12.658015,29175,23650.0,23350.1,323.85,323.85,315.0,317.75,825,1742536680
2025-03-21 11:29:00,PE,ATM+6,12.373571,29175,23650.0,23349.7,317.75,318.0,315.3,315.3,2175,1742536740
2025-03-21 11:30:00,PE,ATM+6,12.314885,29475,23650.0,23348.75,315.3,315.45,315.0,315.45,1350,1742536800
2025-03-21 11:31:00,PE,ATM+6,12.550418,29475,23650.0,23351.7,315.45,317.45,315.45,315.5,375,1742536860
2025-03-21 11:32:00,PE,ATM+6,12.266805,29475,23650.0,23358.05,315.5,315.5,304.2,308.0,2175,1742536920
2025-03-21 11:33:00,PE,ATM+6,12.061055,28650,23650.0,23368.85,306.6,306.8,296.65,297.95,3900,1742536980
2025-03-21 11:34:00,PE,ATM+6,12.064078,28650,23650.0,23362.1,298.45,303.0,298.45,303.0,1050,1742537040
2025-03-21 11:35:00,PE,ATM+6,12.530433,28650,23650.0,23361.1,303.0,308.3,303.0,308.3,900,1742537100
2025-03-21 11:36:00,PE,ATM+6,12.273642,29250,23650.0,23360.4,308.3,310.0,306.2,306.3,825,1742537160
2025-03-21 11:37:00,PE,ATM+6,12.492863,29250,23650.0,23358.3,306.3,310.0,305.75,310.0,1425,1742537220
2025-03-21 11:38:00,PE,ATM+6,11.905554,29250,23650.0,23357.85,310.0,310.0,304.55,304.65,975,1742537280
2025-03-21 11:39:00,PE,ATM+6,11.823874,29250,23650.0,23356.55,304.65,304.85,304.65,304.85,150,1742537340
2025-03-21 11:40:00,PE,ATM+6,13.012752,29775,23650.0,23353.1,304.85,318.95,304.85,318.95,525,1742537400
2025-03-21 11:41:00,PE,ATM+6,13.494992,29775,23650.0,23349.4,318.95,326.45,318.95,326.45,1575,1742537460
2025-03-21 11:42:00,PE,ATM+6,13.301467,29775,23650.0,23336.9,327.0,333.8,327.0,333.8,2025,1742537520
2025-03-21 11:43:00,PE,ATM+6,13.559749,28500,23650.0,23335.3,336.35,342.3,336.25,337.5,2775,1742537580
2025-03-21 11:44:00,PE,ATM+6,13.586429,28500,23650.0,23336.25,337.05,337.05,334.7,337.05,1575,1742537640
2025-03-21 11:45:00,PE,ATM+6,13.875587,28500,23650.0,23334.2,338.8,341.4,337.55,341.4,1050,1742537700
2025-03-21 11:46:00,PE,ATM+6,13.133266,28950,23650.0,23333.85,341.4,341.4,333.9,334.45,1800,1742537760
2025-03-21 11:47:00,PE,ATM+6,13.20858,28950,23650.0,23342.1,334.45,336.9,329.0,329.0,1200,1742537820
2025-03-21 11:48:00,PE,ATM+6,13.326746,28200,23650.0,23337.8,329.0,333.35,326.3,333.35,750,1742537880
2025-03-21 11:49:00,PE,ATM+6,13.464244,28200,23650.0,23340.0,333.35,333.4,331.3,333.05,450,1742537940
2025-03-21 11:50:00,PE,ATM+6,13.904459,28200,23650.0,23343.25,333.05,336.0,333.05,335.0,975,1742538000
2025-03-21 11:51:00,PE,ATM+6,13.7359,28200,23650.0,23345.25,335.0,335.0,331.85,331.85,75,1742538060
2025-03-21 11:52:00,PE,ATM+6,13.7359,28200,23650.0,23345.25,331.85,331.85,331.85,331.85,0,1742538120
2025-03-21 11:53:00,PE,ATM+6,13.700913,27750,23650.0,23343.2,331.85,333.0,331.85,333.0,75,1742538180
2025-03-21 11:54:00,PE,ATM+6,13.190382,27750,23650.0,23347.75,333.0,333.0,324.6,324.6,225,1742538240
2025-03-21 11:55:00,PE,ATM+6,13.278289,27825,23650.0,23347.9,324.6,325.35,324.4,325.35,300,1742538300
2025-03-21 11:56:00,PE,ATM+6,13.24874,27825,23650.0,23354.9,325.35,325.35,319.9,319.9,525,1742538360
2025-03-21 11:57:00,PE,ATM+6,13.24874,27825,23650.0,23354.9,319.9,319.9,319.9,319.9,0,1742538420
2025-03-21 11:58:00,PE,ATM+6,13.24874,27825,23650.0,23354.9,319.9,319.9,319.9,319.9,0,1742538480
2025-03-21 11:59:00,PE,ATM+6,13.500773,27825,23650.0,23345.5,319.9,329.3,319.9,329.3,150,1742538540
2025-03-21 12:00:00,PE,ATM+6,13.398584,27225,23650.0,23354.05,329.3,330.8,322.0,322.0,750,1742538600
2025-03-21 12:01:00,PE,ATM+6,13.48515,27225,23650.0,23351.4,322.0,324.8,322.0,324.8,225,1742538660
2025-03-21 12:02:00,PE,ATM+6,13.153686,27225,23650.0,23355.35,324.8,324.8,318.6,318.6,375,1742538720
2025-03-21 12:03:00,PE,ATM+6,12.977764,27225,23650.0,23361.75,316.9,316.9,309.3,312.15,2025,1742538780
2025-03-21 12:04:00,PE,ATM+6,12.954038,27900,23650.0,23359.65,312.15,314.15,312.0,313.45,1575,1742538840
2025-03-21 12:05:00,PE,ATM+6,12.693537,27900,23650.0,23357.85,313.45,313.45,312.2,312.2,75,1742538900
2025-03-21 12:06:00,PE,ATM+6,12.427636,28575,23650.0,23358.45,312.2,312.7,309.15,309.15,1575,1742538960
2025-03-21 12:07:00,PE,ATM+6,12.522154,28575,23650.0,23355.25,309.15,312.45,307.05,312.45,1350,1742539020
2025-03-21 12:08:00,PE,ATM+6,12.352764,28575,23650.0,23362.3,312.45,312.45,305.0,305.55,975,1742539080
2025-03-21 12:09:00,PE,ATM+6,12.602348,28575,23650.0,23360.2,305.55,309.55,303.55,309.55,750,1742539140
2025-03-21 12:10:00,PE,ATM+6,12.500946,29850,23650.0,23363.85,309.55,309.55,302.95,305.85,3300,1742539200
2025-03-21 12:11:00,PE,ATM+6,12.133804,29850,23650.0,23365.8,302.0,302.85,300.0,300.8,1350,1742539260
2025-03-21 12:12:00,PE,ATM+6,12.149414,29850,23650.0,23360.7,300.8,304.75,295.7,304.75,4800,1742539320
2025-03-21 12:13:00,PE,ATM+6,12.473513,33450,23650.0,23356.6,304.75,310.95,304.65,310.95,2850,1742539380
2025-03-21 12:14:00,PE,ATM+6,12.67646,33450,23650.0,23356.5,310.95,313.0,309.55,313.0,3000,1742539440
2025-03-21 12:15:00,PE,ATM+6,12.768894,33450,23650.0,23360.7,313.0,313.0,310.8,310.8,300,1742539500
2025-03-21 12:16:00,PE,ATM+6,12.452141,31275,23650.0,23359.8,308.75,313.0,308.35,308.35,375,1742539560
2025-03-21 12:17:00,PE,ATM+6,12.335692,31275,23650.0,23351.6,308.35,316.0,308.35,313.35,1800,1742539620
2025-03-21 12:18:00,PE,ATM+6,12.038858,31275,23650.0,23352.75,313.35,316.9,309.65,309.65,1050,1742539680
2025-03-21 12:19:00,PE,ATM+6,12.028536,31275,23650.0,23358.45,309.65,310.7,305.25,305.25,525,1742539740
2025-03-21 12:20:00,PE,ATM+6,12.079437,31275,23650.0,23361.9,305.25,305.25,303.15,303.15,2100,1742539800
2025-03-21 12:21:00,PE,ATM+6,11.265835,171225,23700.0,23384.95,342.85,343.15,316.45,316.45,21675,1742539860
2025-03-21 12:22:00,PE,ATM+6,12.054396,171225,23700.0,23386.25,319.05,323.0,315.0,322.55,16725,1742539920
2025-03-21 12:23:00,PE,ATM+6,11.677754,171225,23700.0,23383.05,320.45,321.6,315.7,321.6,5400,1742539980
2025-03-21 12:24:00,PE,ATM+6,11.642761,171225,23700.0,23378.3,321.6,326.85,321.6,325.0,8625,1742540040
2025-03-21 12:25:00,PE,ATM+6,11.772796,178950,23700.0,23379.65,326.0,328.5,324.25,325.1,3825,1742540100
2025-03-21 12:26:00,PE,ATM+6,11.67438,178950,23700.0,23387.05,324.0,324.9,317.75,318.45,6900,1742540160
2025-03-21 12:27:00,PE,ATM+6,11.951239,185325,23700.0,23386.3,318.65,321.9,318.65,321.55,9000,1742540220
2025-03-21 12:28:00,PE,ATM+6,11.664809,185325,23700.0,23377.9,321.55,326.75,321.0,325.5,8325,1742540280
2025-03-21 12:29:00,PE,ATM+6,11.293858,40425,23650.0,23374.45,285.5,289.7,285.5,286.15,1350,1742540340
2025-03-21 12:30:00,PE,ATM+6,11.441057,40425,23650.0,23372.8,286.15,290.15,286.15,288.8,1950,1742540400
2025-03-21 12:31:00,PE,ATM+6,11.421971,185625,23700.0,23378.35,327.55,328.0,322.6,323.0,20700,1742540460
2025-03-21 12:32:00,PE,ATM+6,11.494578,39075,23650.0,23374.55,284.15,291.65,284.15,288.0,450,1742540520
2025-03-21 12:33:00,PE,ATM+6,11.642738,39075,23650.0,23372.45,288.0,293.2,288.0,291.0,1275,1742540580
2025-03-21 12:34:00,PE,ATM+6,11.329635,38775,23650.0,23371.1,291.0,291.1,286.0,289.0,1200,1742540640
2025-03-21 12:35:00,PE,ATM+6,11.116685,38775,23650.0,23369.75,289.0,289.0,285.9,288.0,2025,1742540700
2025-03-21 12:36:00,PE,ATM+6,11.256906,38775,23650.0,23371.5,288.0,293.0,288.0,288.0,2175,1742540760
2025-03-21 12:37:00,PE,ATM+6,11.28712,207525,23700.0,23378.05,325.0,325.0,319.85,322.05,7500,1742540820
2025-03-21 12:38:00,PE,ATM+6,11.187844,207525,23700.0,23378.1,320.25,323.5,318.15,321.15,6675,1742540880
2025-03-21 12:39:00,PE,ATM+6,11.075375,212625,23700.0,23377.45,321.15,323.3,319.0,320.7,3900,1742540940
2025-03-21 12:40:00,PE,ATM+6,11.098124,212625,23700.0,23376.5,320.7,321.85,319.8,321.65,4350,1742541000
2025-03-21 12:41:00,PE,ATM+6,11.057889,212625,23700.0,23378.45,321.65,325.2,319.25,319.75,10500,1742541060
2025-03-21 12:42:00,PE,ATM+6,11.123142,212625,23700.0,23376.45,319.75,324.8,319.75,321.9,14775,1742541120
2025-03-21 12:43:00,PE,ATM+6,10.708486,225975,23700.0,23384.05,322.05,322.05,311.1,312.3,14925,1742541180
2025-03-21 12:44:00,PE,ATM+6,11.002153,225975,23700.0,23388.3,312.75,314.1,308.0,311.45,20175,1742541240
2025-03-21 12:45:00,PE,ATM+6,10.919149,232500,23700.0,23384.8,313.35,317.45,313.0,313.5,5250,1742541300
2025-03-21 12:46:00,PE,ATM+6,11.459947,232500,23700.0,23381.4,313.5,320.9,313.5,320.9,10200,1742541360
2025-03-21 12:47:00,PE,ATM+6,11.27558,36600,23650.0,23374.75,281.3,285.7,281.3,285.7,1725,1742541420
2025-03-21 12:48:00,PE,ATM+6,11.219866,232500,23700.0,23376.85,326.85,326.85,322.4,322.4,3000,1742541480
2025-03-21 12:49:00,PE,ATM+6,11.334503,229950,23700.0,23378.35,322.4,328.4,322.2,322.2,11025,1742541540
2025-03-21 12:50:00,PE,ATM+6,11.307424,229950,23700.0,23382.1,321.75,323.65,319.0,319.0,1950,1742541600
2025-03-21 12:51:00,PE,ATM+6,11.544639,229950,23700.0,23386.05,319.0,320.1,316.95,318.0,2325,1742541660
2025-03-21 12:52:00,PE,ATM+6,11.248162,231675,23700.0,23394.95,318.0,318.0,303.0,308.4,16425,1742541720
2025-03-21 12:53:00,PE,ATM+6,11.222286,231675,23700.0,23394.2,308.4,310.6,305.8,308.75,5175,1742541780
2025-03-21 12:54:00,PE,ATM+6,11.413793,231675,23700.0,23396.1,308.6,312.55,308.0,309.0,4875,1742541840
2025-03-21 12:55:00,PE,ATM+6,11.699651,235050,23700.0,23396.9,308.8,311.0,305.7,311.0,11775,1742541900
2025-03-21 12:56:00,PE,ATM+6,11.89117,235050,23700.0,23395.95,311.0,314.8,310.8,313.5,8100,1742541960
2025-03-21 12:57:00,PE,ATM+6,12.076418,235050,23700.0,23399.8,313.5,318.0,312.3,312.3,4950,1742542020
2025-03-21 12:58:00,PE,ATM+6,12.277338,238050,23700.0,23400.2,311.4,316.2,310.7,313.9,10950,1742542080
2025-03-21 12:59:00,PE,ATM+6,11.803551,238050,23700.0,23399.45,313.75,315.0,310.0,310.0,19500,1742542140
2025-03-21 13:00:00,PE,ATM+6,12.207616,238050,23700.0,23399.05,309.45,314.15,309.45,314.1,6300,1742542200
2025-03-21 13:01:00,PE,ATM+6,12.116759,252075,23700.0,23397.65,314.1,315.85,310.55,314.3,3750,1742542260
2025-03-21 13:02:00,PE,ATM+6,12.009923,252075,23700.0,23395.15,314.3,316.95,313.0,315.2,5775,1742542320
2025-03-21 13:03:00,PE,ATM+6,12.163733,252075,23700.0,23392.9,315.75,319.5,315.75,318.35,5850,1742542380
2025-03-21 13:04:00,PE,ATM+6,12.255352,250575,23700.0,23387.6,320.0,325.65,320.0,323.25,19650,1742542440
2025-03-21 13:05:00,PE,ATM+6,12.274991,250575,23700.0,23388.75,323.55,325.0,321.8,322.55,11925,1742542500
2025-03-21 13:06:00,PE,ATM+6,12.012619,250575,23700.0,23391.9,322.55,322.55,317.7,317.7,12900,1742542560
2025-03-21 13:07:00,PE,ATM+6,12.273685,231000,23700.0,23391.15,317.7,324.35,316.0,320.7,1800,1742542620
2025-03-21 13:08:00,PE,ATM+6,12.218642,231000,23700.0,23390.8,320.7,320.7,318.1,320.45,2400,1742542680
2025-03-21 13:09:00,PE,ATM+6,12.384109,231000,23700.0,23387.25,320.45,325.5,320.45,324.7,4725,1742542740
2025-03-21 13:10:00,PE,ATM+6,12.57153,227625,23700.0,23390.15,324.0,325.75,324.0,324.25,4800,1742542800
2025-03-21 13:11:00,PE,ATM+6,12.485357,227625,23700.0,23385.4,324.25,331.0,324.0,327.05,7125,1742542860
2025-03-21 13:12:00,PE,ATM+6,12.704205,227625,23700.0,23388.1,327.05,329.95,326.8,327.05,3450,1742542920
2025-03-21 13:13:00,PE,ATM+6,12.600918,229350,23700.0,23390.9,327.05,329.0,323.5,323.95,7800,1742542980
2025-03-21 13:14:00,PE,ATM+6,12.126677,41925,23650.0,23371.15,285.2,303.8,285.2,296.55,12675,1742543040
2025-03-21 13:15:00,PE,ATM+6,12.819116,41925,23650.0,23357.2,296.55,314.3,296.55,313.65,12075,1742543100
2025-03-21 13:16:00,PE,ATM+6,12.627714,44025,23650.0,23356.7,314.0,315.6,306.4,312.15,3525,1742543160
2025-03-21 13:17:00,PE,ATM+6,12.001637,44025,23650.0,23355.55,312.15,313.6,307.0,307.0,2625,1742543220
2025-03-21 13:18:00,PE,ATM+6,12.186251,44025,23650.0,23360.15,307.0,311.0,303.55,305.3,5400,1742543280
2025-03-21 13:19:00,PE,ATM+6,11.884194,44775,23650.0,23362.75,305.45,306.45,300.45,300.45,2700,1742543340
2025-03-21 13:20:00,PE,ATM+6,11.674795,44775,23650.0,23374.35,300.45,300.45,289.1,289.75,4575,1742543400
2025-03-21 13:21:00,PE,ATM+6,11.938529,208575,23700.0,23376.95,331.3,332.05,327.85,328.55,5025,1742543460
2025-03-21 13:22:00,PE,ATM+6,11.989244,205950,23700.0,23377.4,327.2,329.85,325.0,328.65,6825,1742543520
2025-03-21 13:23:00,PE,ATM+6,11.52841,46350,23650.0,23373.65,290.85,291.25,288.0,288.85,2250,1742543580
2025-03-21 13:24:00,PE,ATM+6,11.646462,205950,23700.0,23375.75,329.55,329.55,323.8,326.9,4575,1742543640
2025-03-21 13:25:00,PE,ATM+6,11.33079,206550,23700.0,23381.0,326.9,326.9,316.55,320.0,10425,1742543700
2025-03-21 13:26:00,PE,ATM+6,11.138418,206550,23700.0,23378.9,320.6,324.5,319.95,320.0,4500,1742543760
2025-03-21 13:27:00,PE,ATM+6,11.063016,206550,23700.0,23380.6,320.0,322.6,317.75,318.0,4275,1742543820
2025-03-21 13:28:00,PE,ATM+6,10.804973,212700,23700.0,23385.05,318.0,320.25,312.15,312.25,3000,1742543880
2025-03-21 13:29:00,PE,ATM+6,10.994005,212700,23700.0,23381.55,312.5,317.55,312.5,316.65,4425,1742543940
2025-03-21 13:30:00,PE,ATM+6,10.930962,55650,23650.0,23371.95,277.7,286.0,277.45,284.45,6525,1742544000
2025-03-21 13:31:00,PE,ATM+6,11.458996,50700,23650.0,23365.9,284.45,294.0,284.45,294.0,6375,1742544060
2025-03-21 13:32:00,PE,ATM+6,11.427812,50700,23650.0,23359.2,294.45,299.25,294.1,298.8,4950,1742544120
2025-03-21 13:33:00,PE,ATM+6,11.975187,50700,23650.0,23346.15,298.8,314.6,297.85,313.85,5400,1742544180
2025-03-21 13:34:00,PE,ATM+6,11.843862,48075,23650.0,23346.65,314.3,321.95,312.25,312.25,7500,1742544240
2025-03-21 13:35:00,PE,ATM+6,12.235134,48075,23650.0,23341.25,312.25,322.75,312.25,320.0,1950,1742544300
2025-03-21 13:36:00,PE,ATM+6,11.823486,48075,23650.0,23326.8,320.0,327.55,320.0,327.45,2550,1742544360
2025-03-21 13:37:00,PE,ATM+6,11.627831,47025,23650.0,23325.95,327.45,334.2,324.85,326.4,1875,1742544420
2025-03-21 13:38:00,PE,ATM+6,11.913171,47025,23650.0,23330.95,326.4,326.4,320.0,325.0,1875,1742544480
2025-03-21 13:39:00,PE,ATM+6,11.916913,47025,23650.0,23327.4,325.0,330.0,320.9,327.8,3225,1742544540
2025-03-21 13:40:00,PE,ATM+6,11.755437,458325,23600.0,23324.0,288.45,301.0,288.45,290.55,58050,1742544600
2025-03-21 13:41:00,PE,ATM+6,11.571505,47250,23650.0,23329.25,329.45,329.45,322.85,323.3,3375,1742544660
2025-03-21 13:42:00,PE,ATM+6,11.609155,47250,23650.0,23331.45,323.75,325.65,319.9,321.9,1875,1742544720
2025-03-21 13:43:00,PE,ATM+6,11.111145,46350,23650.0,23343.0,316.35,318.9,305.0,308.45,2475,1742544780
2025-03-21 13:44:00,PE,ATM+6,11.273954,46350,23650.0,23334.45,308.45,318.05,308.45,316.6,1500,1742544840
2025-03-21 13:45:00,PE,ATM+6,11.205546,46350,23650.0,23325.7,316.6,328.1,316.6,322.95,2475,1742544900
2025-03-21 13:46:00,PE,ATM+6,11.41259,46650,23650.0,23327.55,322.95,324.75,319.9,323.25,3000,1742544960
2025-03-21 13:47:00,PE,ATM+6,11.164946,46650,23650.0,23330.6,323.25,323.25,316.45,318.7,1425,1742545020
2025-03-21 13:48:00,PE,ATM+6,11.649392,46650,23650.0,23327.3,318.7,326.5,318.7,325.5,975,1742545080
2025-03-21 13:49:00,PE,ATM+6,11.991989,443550,23600.0,23306.85,287.25,309.8,283.0,305.65,58200,1742545140
2025-03-21 13:50:00,PE,ATM+6,12.177191,443550,23600.0,23306.85,307.15,319.2,301.6,307.4,72450,1742545200
2025-03-21 13:51:00,PE,ATM+6,12.296712,443550,23600.0,23304.7,307.9,313.0,307.3,310.15,18300,1742545260
2025-03-21 13:52:00,PE,ATM+6,12.253047,438975,23600.0,23299.05,305.15,314.0,301.5,314.0,27750,1742545320
2025-03-21 13:53:00,PE,ATM+6,12.281956,438975,23600.0,23295.45,316.85,323.75,314.25,317.0,56250,1742545380
2025-03-21 13:54:00,PE,ATM+6,12.372538,438975,23600.0,23283.2,319.0,328.3,319.0,327.2,47025,1742545440
2025-03-21 13:55:00,PE,ATM+6,12.308644,429000,23600.0,23292.55,328.7,334.8,318.0,319.45,38700,1742545500
2025-03-21 13:56:00,PE,ATM+6,12.587915,429000,23600.0,23295.4,318.85,323.0,313.25,319.9,29850,1742545560
2025-03-21 13:57:00,PE,ATM+6,12.457128,429000,23600.0,23295.75,318.8,323.9,316.4,318.4,12075,1742545620
2025-03-21 13:58:00,PE,ATM+6,12.111824,413475,23600.0,23308.25,318.4,320.15,305.7,305.7,15450,1742545680
2025-03-21 13:59:00,PE,ATM+6,12.002386,413475,23600.0,23319.2,307.05,309.15,296.45,296.45,17850,1742545740
2025-03-21 14:00:00,PE,ATM+6,12.248391,45600,23650.0,23335.05,336.9,338.5,318.5,324.8,5550,1742545800
2025-03-21 14:01:00,PE,ATM+6,12.810994,44700,23650.0,23332.1,326.7,332.25,320.4,332.25,3525,1742545860
2025-03-21 14:02:00,PE,ATM+6,12.873164,404325,23600.0,23320.05,295.7,305.0,292.05,304.35,35250,1742545920
2025-03-21 14:03:00,PE,ATM+6,12.26574,44700,23650.0,23327.15,340.5,340.5,331.05,331.05,2175,1742545980
2025-03-21 14:04:00,PE,ATM+6,12.396206,45075,23650.0,23329.45,331.05,331.35,330.35,330.45,600,1742546040
2025-03-21 14:05:00,PE,ATM+6,12.317808,45075,23650.0,23339.45,330.45,330.45,318.0,322.05,5625,1742546100
2025-03-21 14:06:00,PE,ATM+6,12.522931,45075,23650.0,23333.1,320.85,328.8,315.45,328.8,4425,1742546160
2025-03-21 14:07:00,PE,ATM+6,11.818165,44100,23650.0,23342.65,328.8,328.8,315.0,315.0,2100,1742546220
2025-03-21 14:08:00,PE,ATM+6,11.979926,44100,23650.0,23343.4,311.9,318.4,311.05,315.9,7200,1742546280
2025-03-21 14:09:00,PE,ATM+6,11.744558,44100,23650.0,23340.55,315.9,317.0,314.9,315.95,675,1742546340
2025-03-21 14:10:00,PE,ATM+6,11.894654,44925,23650.0,23350.4,315.95,320.0,308.5,309.75,2925,1742546400
2025-03-21 14:11:00,PE,ATM+6,11.974646,44925,23650.0,23346.85,309.75,314.3,308.55,313.2,1500,1742546460
2025-03-21 14:12:00,PE,ATM+6,12.085098,44925,23650.0,23340.8,313.2,320.0,313.2,318.85,2925,1742546520
2025-03-21 14:13:00,PE,ATM+6,11.784094,44700,23650.0,23339.9,318.85,319.95,311.25,316.8,1500,1742546580
2025-03-21 14:14:00,PE,ATM+6,11.636979,44700,23650.0,23335.95,317.85,326.2,317.85,318.55,3600,1742546640
2025-03-21 14:15:00,PE,ATM+6,11.569469,44700,23650.0,23345.85,318.65,318.65,310.0,310.25,1050,1742546700
2025-03-21 14:16:00,PE,ATM+6,11.287324,44625,23650.0,23348.05,310.25,311.8,306.0,306.0,675,1742546760
2025-03-21 14:17:00,PE,ATM+6,11.828499,44625,23650.0,23344.1,306.85,313.95,306.85,313.95,675,1742546820
2025-03-21 14:18:00,PE,ATM+6,11.420528,44625,23650.0,23348.3,313.95,313.95,307.0,307.0,1200,1742546880
2025-03-21 14:19:00,PE,ATM+6,11.356386,44475,23650.0,23355.25,307.0,307.0,299.3,301.05,3450,1742546940
2025-03-21 14:20:00,PE,ATM+6,11.272505,44475,23650.0,23352.25,301.05,305.95,300.65,302.6,2100,1742547000
2025-03-21 14:21:00,PE,ATM+6,10.829785,44475,23650.0,23363.55,302.6,302.6,289.5,289.85,3825,1742547060
2025-03-21 14:22:00,PE,ATM+6,11.03749,45825,23650.0,23358.35,289.85,298.6,289.85,295.75,2700,1742547120
2025-03-21 14:23:00,PE,ATM+6,10.753173,45825,23650.0,23362.65,295.75,296.35,289.85,289.85,675,1742547180
2025-03-21 14:24:00,PE,ATM+6,10.911452,45825,23650.0,23367.3,289.85,290.1,283.6,287.7,4650,1742547240
2025-03-21 14:25:00,PE,ATM+6,10.981555,46350,23650.0,23369.25,287.7,289.1,284.7,286.85,6600,1742547300
2025-03-21 14:26:00,PE,ATM+6,11.012361,46350,23650.0,23371.85,286.85,286.85,281.3,285.15,375,1742547360
2025-03-21 14:27:00,PE,ATM+6,10.966141,46350,23650.0,23364.95,285.15,290.0,285.15,290.0,1725,1742547420
2025-03-21 14:28:00,PE,ATM+6,10.796086,48075,23650.0,23371.25,290.0,292.0,283.6,283.6,2100,1742547480
2025-03-21 14:29:00,PE,ATM+6,10.792086,222900,23700.0,23378.8,324.0,324.3,317.0,317.05,11550,1742547540
2025-03-21 14:30:00,PE,ATM+6,11.198775,48075,23650.0,23373.15,278.4,285.9,278.4,285.9,4800,1742547600
2025-03-21 14:31:00,PE,ATM+6,11.316795,49500,23650.0,23369.0,285.8,291.0,285.8,290.15,2925,1742547660
2025-03-21 14:32:00,PE,ATM+6,11.249037,49500,23650.0,23370.4,290.15,291.0,288.45,288.45,1575,1742547720
2025-03-21 14:33:00,PE,ATM+6,10.995831,49500,23650.0,23366.85,288.45,290.15,288.45,288.8,825,1742547780
2025-03-21 14:34:00,PE,ATM+6,11.317703,47850,23650.0,23361.45,288.8,296.95,288.8,295.9,4950,1742547840
2025-03-21 14:35:00,PE,ATM+6,11.012674,47850,23650.0,23354.8,299.15,300.3,296.95,298.25,6000,1742547900
2025-03-21 14:36:00,PE,ATM+6,11.304989,47850,23650.0,23355.95,299.0,300.0,293.3,300.0,9525,1742547960
2025-03-21 14:37:00,PE,ATM+6,10.413664,50400,23650.0,23358.25,300.0,300.0,290.25,290.25,4650,1742548020
2025-03-21 14:38:00,PE,ATM+6,10.739932,50400,23650.0,23362.65,290.25,296.0,288.9,289.7,1500,1742548080
2025-03-21 14:39:00,PE,ATM+6,10.818406,50400,23650.0,23362.85,289.7,292.6,289.05,290.25,2325,1742548140
2025-03-21 14:40:00,PE,ATM+6,10.892748,48750,23650.0,23357.65,290.25,300.0,290.25,294.95,675,1742548200
2025-03-21 14:41:00,PE,ATM+6,10.95688,48750,23650.0,23348.45,294.95,302.95,294.95,302.7,2325,1742548260
2025-03-21 14:42:00,PE,ATM+6,10.756335,48750,23650.0,23349.65,303.15,308.4,299.25,300.0,10500,1742548320
2025-03-21 14:43:00,PE,ATM+6,10.729915,54450,23650.0,23349.8,300.0,303.85,299.65,299.65,450,1742548380
2025-03-21 14:44:00,PE,ATM+6,10.783039,54450,23650.0,23351.85,299.65,300.0,291.25,298.5,3450,1742548440
2025-03-21 14:45:00,PE,ATM+6,10.599498,54450,23650.0,23347.8,300.0,307.35,299.1,300.1,3150,1742548500
2025-03-21 14:46:00,PE,ATM+6,10.922975,54675,23650.0,23342.6,300.1,307.0,300.1,307.0,375,1742548560
2025-03-21 14:47:00,PE,ATM+6,10.682719,54675,23650.0,23343.15,308.0,316.5,304.5,304.5,6300,1742548620
2025-03-21 14:48:00,PE,ATM+6,11.182319,54675,23650.0,23344.2,305.55,308.0,304.0,308.0,2775,1742548680
2025-03-21 14:49:00,PE,ATM+6,10.799932,54825,23650.0,23340.0,308.0,308.0,307.0,308.0,1350,1742548740
2025-03-21 14:50:00,PE,ATM+6,10.816443,54825,23650.0,23344.4,308.0,314.05,304.65,304.65,9225,1742548800
2025-03-21 14:51:00,PE,ATM+6,11.040862,54825,23650.0,23346.05,304.65,305.3,304.65,305.3,75,1742548860
2025-03-21 14:52:00,PE,ATM+6,10.562835,51150,23650.0,23348.65,305.3,306.0,298.0,299.1,4200,1742548920
2025-03-21 14:53:00,PE,ATM+6,10.19574,51150,23650.0,23347.7,299.1,300.0,296.5,296.75,600,1742548980
2025-03-21 14:54:00,PE,ATM+6,10.376008,51150,23650.0,23345.15,296.75,302.0,296.75,300.3,1125,1742549040
2025-03-21 14:55:00,PE,ATM+6,10.382667,53025,23650.0,23348.85,300.3,302.25,297.0,297.4,750,1742549100
2025-03-21 14:56:00,PE,ATM+6,10.356101,53025,23650.0,23346.25,297.4,299.25,297.4,299.25,75,1742549160
2025-03-21 14:57:00,PE,ATM+6,10.779092,53025,23650.0,23346.0,299.25,303.05,299.25,303.05,6150,1742549220
2025-03-21 14:58:00,PE,ATM+6,10.644781,52350,23650.0,23343.35,299.0,304.0,299.0,304.0,825,1742549280
2025-03-21 14:59:00,PE,ATM+6,10.612487,52350,23650.0,23341.75,304.0,308.0,304.0,305.0,900,1742549340
2025-03-21 15:00:00,PE,ATM+6,10.934222,52350,23650.0,23344.4,305.0,316.3,303.2,305.65,4575,1742549400
2025-03-21 15:01:00,PE,ATM+6,11.046172,53100,23650.0,23347.55,305.65,313.0,303.0,304.15,1200,1742549460
2025-03-21 15:02:00,PE,ATM+6,11.145325,53100,23650.0,23346.3,304.15,306.6,303.45,306.0,2625,1742549520
2025-03-21 15:03:00,PE,ATM+6,10.738117,53100,23650.0,23339.5,306.0,307.85,306.0,307.85,75,1742549580
2025-03-21 15:04:00,PE,ATM+6,11.060129,50925,23650.0,23339.5,307.85,311.4,307.85,310.6,1875,1742549640
2025-03-21 15:05:00,PE,ATM+6,11.236317,50925,23650.0,23344.25,310.6,310.6,308.4,308.4,150,1742549700
2025-03-21 15:06:00,PE,ATM+6,11.27354,50925,23650.0,23343.9,308.4,313.0,308.4,309.0,2775,1742549760
2025-03-21 15:07:00,PE,ATM+6,11.420204,50925,23650.0,23342.55,309.0,311.35,309.0,311.35,375,1742549820
2025-03-21 15:08:00,PE,ATM+6,12.085146,50925,23650.0,23349.15,311.35,312.3,311.35,312.3,1200,1742549880
2025-03-21 15:09:00,PE,ATM+6,12.370179,50925,23650.0,23358.6,312.3,312.3,306.95,307.85,1650,1742549940
2025-03-21 15:10:00,PE,ATM+6,11.692324,51375,23650.0,23353.75,307.85,307.85,305.15,305.15,1275,1742550000
2025-03-21 15:11:00,PE,ATM+6,11.772582,51375,23650.0,23359.45,305.15,305.15,301.55,301.55,300,1742550060
2025-03-21 15:12:00,PE,ATM+6,11.557958,51375,23650.0,23357.55,301.55,305.0,301.0,301.0,1575,1742550120
2025-03-21 15:13:00,PE,ATM+6,11.484238,51225,23650.0,23358.75,301.0,301.55,298.1,299.4,525,1742550180
2025-03-21 15:14:00,PE,ATM+6,11.322748,51225,23650.0,23348.8,300.05,305.6,300.05,305.6,1950,1742550240
2025-03-21 15:15:00,PE,ATM+6,10.732644,51225,23650.0,23347.35,306.3,306.3,301.55,301.55,2325,1742550300
2025-03-21 15:16:00,PE,ATM+6,10.766834,50925,23650.0,23344.75,301.55,305.2,301.55,303.9,2250,1742550360
2025-03-21 15:17:00,PE,ATM+6,10.734796,50925,23650.0,23345.6,303.9,304.5,302.6,302.95,900,1742550420
2025-03-21 15:18:00,PE,ATM+6,10.90451,50925,23650.0,23342.45,304.5,309.0,304.5,306.9,1950,1742550480
2025-03-21 15:19:00,PE,ATM+6,11.123666,51000,23650.0,23345.5,306.9,308.0,306.05,306.4,2625,1742550540
2025-03-21 15:20:00,PE,ATM+6,11.716197,51000,23650.0,23355.9,306.4,309.0,302.4,303.7,3675,1742550600
2025-03-21 15:21:00,PE,ATM+6,11.005146,51000,23650.0,23355.1,303.35,305.0,297.85,297.85,750,1742550660
2025-03-21 15:22:00,PE,ATM+6,11.429856,53775,23650.0,23363.3,297.85,298.5,295.4,295.4,1050,1742550720
2025-03-21 15:23:00,PE,ATM+6,11.352384,53775,23650.0,23362.75,295.4,295.4,293.7,295.1,5475,1742550780
2025-03-21 15:24:00,PE,ATM+6,11.399914,53775,23650.0,23360.05,295.1,299.65,295.1,297.6,1500,1742550840
2025-03-21 15:25:00,PE,ATM+6,11.333362,50400,23650.0,23359.25,297.35,298.5,296.55,297.6,3825,1742550900
2025-03-21 15:26:00,PE,ATM+6,11.553468,50400,23650.0,23360.0,297.6,299.8,297.1,299.05,750,1742550960
2025-03-21 15:27:00,PE,ATM+6,11.431525,50400,23650.0,23362.45,298.85,298.85,293.55,296.05,3525,1742551020
2025-03-21 15:28:00,PE,ATM+6,11.480346,50175,23650.0,23361.4,296.05,298.4,296.05,297.3,2250,1742551080
2025-03-21 15:29:00,PE,ATM+6,11.464182,50175,23650.0,23355.65,297.4,301.55,296.4,301.55,1350,1742551140
2025-03-24 09:15:00,PE,ATM+6,16.653729,285975,23800.0,23489.0,375.6,375.6,335.0,336.15,23850,1742787900
2025-03-24 09:16:00,PE,ATM+6,15.851877,285975,23800.0,23509.5,335.15,335.15,314.0,314.9,37425,1742787960
2025-03-24 09:17:00,PE,ATM+6,16.355874,285975,23800.0,23501.5,315.2,324.45,313.2,324.45,28650,1742788020
2025-03-24 09:18:00,PE,ATM+6,15.708772,300975,23800.0,23505.3,322.35,325.0,315.45,317.2,27225,1742788080
2025-03-24 09:19:00,PE,ATM+6,14.767097,300975,23800.0,23514.05,319.15,320.1,302.95,304.2,29400,1742788140
2025-03-24 09:20:00,PE,ATM+6,14.740352,300975,23800.0,23504.6,306.65,316.9,304.0,311.5,23925,1742788200
2025-03-24 09:21:00,PE,ATM+6,15.453836,314925,23800.0,23489.5,311.5,334.2,311.5,328.0,37875,1742788260
2025-03-24 09:22:00,PE,ATM+6,15.684077,314925,23800.0,23506.4,327.15,333.05,316.15,316.15,21525,1742788320
2025-03-24 09:23:00,PE,ATM+6,16.690636,314925,23800.0,23509.2,316.0,325.4,315.5,320.75,16800,1742788380
2025-03-24 09:24:00,PE,ATM+6,16.147677,328350,23800.0,23518.4,319.55,320.0,307.3,310.0,21300,1742788440
2025-03-24 09:25:00,PE,ATM+6,16.532447,328350,23800.0,23506.2,310.75,325.0,310.75,321.95,24150,1742788500
2025-03-24 09:26:00,PE,ATM+6,17.031259,328350,23800.0,23503.05,321.95,327.75,317.8,327.75,15675,1742788560
2025-03-24 09:27:00,PE,ATM+6,17.06254,351150,23800.0,23503.45,330.4,335.65,324.4,327.65,42075,1742788620
2025-03-24 09:28:00,PE,ATM+6,16.906494,351150,23800.0,23509.45,331.0,332.8,318.9,322.0,36150,1742788680
2025-03-24 09:29:00,PE,ATM+6,17.184495,351150,23800.0,23500.0,322.35,333.6,322.35,331.1,20250,1742788740
2025-03-24 09:30:00,PE,ATM+6,16.236056,68175,23750.0,23472.55,290.15,317.0,290.15,307.2,37275,1742788800
2025-03-24 09:31:00,PE,ATM+6,16.352942,68175,23750.0,23467.15,311.0,319.0,305.0,312.1,11625,1742788860
2025-03-24 09:32:00,PE,ATM+6,16.390066,355950,23800.0,23487.65,356.45,357.1,335.35,335.35,20625,1742788920
2025-03-24 09:33:00,PE,ATM+6,16.893778,63675,23750.0,23470.9,293.0,313.0,293.0,313.0,9000,1742788980
2025-03-24 09:34:00,PE,ATM+6,16.662799,63675,23750.0,23454.9,315.0,328.5,315.0,323.55,19875,1742789040
2025-03-24 09:35:00,PE,ATM+6,17.855394,63675,23750.0,23470.65,329.45,329.45,313.8,320.0,9150,1742789100
2025-03-24 09:36:00,PE,ATM+6,16.560469,63900,23750.0,23466.8,311.6,323.65,311.6,313.75,4950,1742789160
2025-03-24 09:37:00,PE,ATM+6,16.208579,63900,23750.0,23463.05,313.75,320.6,308.65,314.2,4125,1742789220
2025-03-24 09:38:00,PE,ATM+6,16.14608,63900,23750.0,23462.75,314.2,319.8,307.7,314.0,3150,1742789280
2025-03-24 09:39:00,PE,ATM+6,15.798063,61125,23750.0,23439.65,314.0,334.9,314.0,329.75,15975,1742789340
2025-03-24 09:40:00,PE,ATM+6,15.941483,61125,23750.0,23448.1,336.35,338.7,323.85,324.0,7800,1742789400
2025-03-24 09:41:00,PE,ATM+6,15.305978,61125,23750.0,23468.4,324.0,324.9,304.0,304.0,5325,1742789460
2025-03-24 09:42:00,PE,ATM+6,15.337594,337950,23800.0,23483.0,344.0,346.3,327.65,332.35,39825,1742789520
2025-03-24 09:43:00,PE,ATM+6,16.088165,337950,23800.0,23480.05,333.6,339.85,332.15,339.35,9525,1742789580
2025-03-24 09:44:00,PE,ATM+6,15.655958,60675,23750.0,23472.9,300.15,305.15,295.35,302.85,3525,1742789640
2025-03-24 09:45:00,PE,ATM+6,16.327182,335250,23800.0,23483.2,341.5,342.85,334.35,338.35,16425,1742789700
2025-03-24 09:46:00,PE,ATM+6,16.135971,335250,23800.0,23484.75,338.35,350.5,332.95,335.9,18000,1742789760
2025-03-24 09:47:00,PE,ATM+6,16.570109,335250,23800.0,23487.65,334.35,341.2,334.35,336.4,15675,1742789820
2025-03-24 09:48:00,PE,ATM+6,15.674719,330225,23800.0,23501.6,334.25,337.0,319.65,319.65,26175,1742789880
2025-03-24 09:49:00,PE,ATM+6,15.855914,330225,23800.0,23502.65,318.8,324.95,315.65,320.0,28950,1742789940
2025-03-24 09:50:00,PE,ATM+6,15.570679,330225,23800.0,23519.15,322.75,322.9,300.85,305.3,38250,1742790000
2025-03-24 09:51:00,PE,ATM+6,15.103821,318600,23800.0,23507.45,304.7,316.05,298.5,311.35,54150,1742790060
2025-03-24 09:52:00,PE,ATM+6,15.294932,318600,23800.0,23509.2,311.8,317.9,311.2,311.2,23400,1742790120
2025-03-24 09:53:00,PE,ATM+6,15.953159,318600,23800.0,23506.45,311.2,318.45,311.2,317.65,21300,1742790180
2025-03-24 09:54:00,PE,ATM+6,15.949014,331350,23800.0,23507.5,317.65,320.0,311.0,316.8,14175,1742790240
2025-03-24 09:55:00,PE,ATM+6,15.486002,331350,23800.0,23520.05,316.8,316.8,304.0,304.0,19950,1742790300
2025-03-24 09:56:00,PE,ATM+6,15.270111,31650,23850.0,23528.0,346.15,346.5,335.0,336.05,2025,1742790360
2025-03-24 09:57:00,PE,ATM+6,14.586474,33825,23850.0,23531.0,336.05,336.05,329.55,329.55,2400,1742790420
2025-03-24 09:58:00,PE,ATM+6,14.658071,33825,23850.0,23541.1,329.35,329.35,318.0,321.75,3900,1742790480
2025-03-24 09:59:00,PE,ATM+6,14.874317,33825,23850.0,23542.1,321.75,322.9,316.6,322.25,1500,1742790540
2025-03-24 10:00:00,PE,ATM+6,13.50582,33825,23850.0,23535.05,322.25,322.25,317.8,320.05,900,1742790600
2025-03-24 10:01:00,PE,ATM+6,14.602161,35475,23850.0,23547.35,320.05,321.45,311.8,316.35,3075,1742790660
2025-03-24 10:02:00,PE,ATM+6,14.565583,35475,23850.0,23547.5,316.35,319.2,314.35,316.0,1050,1742790720
2025-03-24 10:03:00,PE,ATM+6,14.292633,35475,23850.0,23555.55,313.3,313.3,305.8,307.85,5625,1742790780
2025-03-24 10:04:00,PE,ATM+6,14.275762,38700,23850.0,23550.2,307.85,312.05,307.85,312.05,1725,1742790840
2025-03-24 10:05:00,PE,ATM+6,14.597581,38700,23850.0,23549.4,312.05,316.55,312.05,314.65,3600,1742790900
2025-03-24 10:06:00,PE,ATM+6,15.111656,38700,23850.0,23547.25,314.65,321.0,314.65,319.55,1125,1742790960
2025-03-24 10:07:00,PE,ATM+6,15.338358,39900,23850.0,23547.4,319.55,320.85,317.9,320.85,525,1742791020
2025-03-24 10:08:00,PE,ATM+6,14.991397,39900,23850.0,23551.5,322.45,323.0,315.4,315.4,4425,1742791080
2025-03-24 10:09:00,PE,ATM+6,15.218006,39900,23850.0,23545.55,315.4,324.0,313.95,321.55,975,1742791140
2025-03-24 10:10:00,PE,ATM+6,15.637624,40500,23850.0,23549.6,321.55,322.95,320.1,321.0,1050,1742791200
2025-03-24 10:11:00,PE,ATM+6,15.874638,40500,23850.0,23547.4,317.7,324.25,316.7,324.25,750,1742791260
2025-03-24 10:12:00,PE,ATM+6,14.911327,40725,23850.0,23541.35,324.25,327.5,323.0,323.0,750,1742791320
2025-03-24 10:13:00,PE,ATM+6,15.053326,40725,23850.0,23542.3,323.0,324.9,317.25,323.1,2250,1742791380
2025-03-24 10:14:00,PE,ATM+6,14.843274,40725,23850.0,23544.05,323.1,324.2,320.4,320.4,225,1742791440
2025-03-24 10:15:00,PE,ATM+6,14.644394,40725,23850.0,23541.0,320.4,325.0,315.9,321.65,4350,1742791500
2025-03-24 10:16:00,PE,ATM+6,15.321199,41250,23850.0,23542.85,321.65,324.3,318.35,324.3,1050,1742791560
2025-03-24 10:17:00,PE,ATM+6,15.620965,41250,23850.0,23547.75,324.3,324.3,320.0,322.3,300,1742791620
2025-03-24 10:18:00,PE,ATM+6,14.557882,41250,23850.0,23549.25,322.3,322.3,311.75,314.45,825,1742791680
2025-03-24 10:19:00,PE,ATM+6,15.233016,41325,23850.0,23559.05,314.45,314.45,307.35,310.9,5550,1742791740
2025-03-24 10:20:00,PE,ATM+6,14.453018,41325,23850.0,23554.1,307.2,309.9,306.15,309.9,2925,1742791800
2025-03-24 10:21:00,PE,ATM+6,15.235865,41325,23850.0,23555.75,316.95,317.05,312.15,313.5,2925,1742791860
2025-03-24 10:22:00,PE,ATM+6,14.9942,42675,23850.0,23549.9,313.5,316.65,313.5,316.6,975,1742791920
2025-03-24 10:23:00,PE,ATM+6,15.317117,42675,23850.0,23549.3,316.6,321.6,316.6,319.1,2700,1742791980
2025-03-24 10:24:00,PE,ATM+6,15.406381,42675,23850.0,23545.4,319.1,325.55,319.1,322.75,825,1742792040
2025-03-24 10:25:00,PE,ATM+6,15.927786,43500,23850.0,23553.65,321.6,321.95,319.6,319.6,1725,1742792100
2025-03-24 10:26:00,PE,ATM+6,15.288066,43500,23850.0,23554.1,319.6,319.6,315.1,315.1,375,1742792160
2025-03-24 10:27:00,PE,ATM+6,15.557224,43500,23850.0,23562.0,315.1,315.1,306.35,310.65,3300,1742792220
2025-03-24 10:28:00,PE,ATM+6,15.740694,44550,23850.0,23565.3,311.5,314.8,308.25,309.3,1650,1742792280
2025-03-24 10:29:00,PE,ATM+6,15.631094,44550,23850.0,23559.2,308.85,313.3,308.3,313.3,1275,1742792340
2025-03-24 10:30:00,PE,ATM+6,15.631094,44550,23850.0,23559.2,313.3,313.3,313.3,313.3,0,1742792400
2025-03-24 10:31:00,PE,ATM+6,16.230526,45150,23850.0,23565.85,313.3,313.3,309.1,312.15,1350,1742792460
2025-03-24 10:32:00,PE,ATM+6,15.964717,45150,23850.0,23563.7,312.15,314.35,312.0,312.0,1575,1742792520
2025-03-24 10:33:00,PE,ATM+6,16.291775,45150,23850.0,23566.7,312.0,312.1,307.0,311.9,3225,1742792580
2025-03-24 10:34:00,PE,ATM+6,16.9215,45600,23850.0,23560.0,311.9,321.3,311.9,321.3,1200,1742792640
2025-03-24 10:35:00,PE,ATM+6,17.115103,45600,23850.0,23566.25,321.0,321.35,316.55,317.9,3525,1742792700
2025-03-24 10:36:00,PE,ATM+6,17.822314,83100,23900.0,23577.65,358.35,358.35,349.25,352.4,3600,1742792760
2025-03-24 10:37:00,PE,ATM+6,17.729444,83175,23900.0,23576.2,352.4,354.75,347.5,352.9,8925,1742792820
2025-03-24 10:38:00,PE,ATM+6,17.323479,83175,23900.0,23578.8,348.15,350.35,347.7,348.2,6225,1742792880
2025-03-24 10:39:00,PE,ATM+6,17.373473,44775,23850.0,23572.5,308.9,315.0,308.9,315.0,900,1742792940
2025-03-24 10:40:00,PE,ATM+6,17.496058,84000,23900.0,23576.25,355.7,355.7,351.3,351.3,450,1742793000
2025-03-24 10:41:00,PE,ATM+6,17.234037,84000,23900.0,23581.8,351.3,351.3,338.8,345.25,6675,1742793060
2025-03-24 10:42:00,PE,ATM+6,17.392606,84000,23900.0,23580.75,345.25,349.65,345.25,347.1,1050,1742793120
2025-03-24 10:43:00,PE,ATM+6,17.551119,84300,23900.0,23578.35,345.25,350.0,344.75,350.0,1800,1742793180
2025-03-24 10:44:00,PE,ATM+6,16.782631,84300,23900.0,23576.45,350.0,350.5,345.0,346.5,5850,1742793240
2025-03-24 10:45:00,PE,ATM+6,17.340469,49500,23850.0,23573.65,308.95,313.85,307.9,313.85,1200,1742793300
2025-03-24 10:46:00,PE,ATM+6,17.363337,83025,23900.0,23580.65,354.0,354.0,346.55,346.95,750,1742793360
2025-03-24 10:47:00,PE,ATM+6,17.161814,83025,23900.0,23584.85,346.95,346.95,341.1,342.35,3750,1742793420
2025-03-24 10:48:00,PE,ATM+6,17.216398,83025,23900.0,23583.5,342.35,344.85,340.0,343.75,3825,1742793480
2025-03-24 10:49:00,PE,ATM+6,17.396634,85575,23900.0,23590.85,343.75,345.1,339.25,339.25,600,1742793540
2025-03-24 10:50:00,PE,ATM+6,16.94922,85575,23900.0,23592.35,339.55,341.2,333.5,335.1,2550,1742793600
2025-03-24 10:51:00,PE,ATM+6,16.881167,85575,23900.0,23595.05,335.1,337.6,330.0,332.55,3450,1742793660
2025-03-24 10:52:00,PE,ATM+6,16.952842,88950,23900.0,23594.75,332.55,334.1,326.15,333.25,6975,1742793720
2025-03-24 10:53:00,PE,ATM+6,17.092705,88950,23900.0,23597.25,332.5,333.0,329.45,332.25,6000,1742793780
2025-03-24 10:54:00,PE,ATM+6,16.698224,88950,23900.0,23594.1,332.25,333.2,329.65,332.05,2850,1742793840
2025-03-24 10:55:00,PE,ATM+6,16.86266,95775,23900.0,23599.25,331.6,332.0,329.15,329.15,6600,1742793900
2025-03-24 10:56:00,PE,ATM+6,17.196524,95775,23900.0,23599.3,328.55,331.35,326.1,331.35,6075,1742793960
2025-03-24 10:57:00,PE,ATM+6,17.281369,95775,23900.0,23605.75,331.35,331.35,325.85,327.0,11325,1742794020
2025-03-24 10:58:00,PE,ATM+6,17.331876,98175,23900.0,23609.1,327.0,327.0,319.85,324.8,17325,1742794080
2025-03-24 10:59:00,PE,ATM+6,17.684487,98175,23900.0,23624.45,324.8,324.8,315.0,315.8,17100,1742794140
2025-03-24 11:00:00,PE,ATM+6,17.78648,98175,23900.0,23618.2,315.1,323.9,313.55,321.15,26625,1742794200
2025-03-24 11:01:00,PE,ATM+6,17.469383,115350,23900.0,23615.65,321.15,325.15,320.0,320.8,6525,1742794260
2025-03-24 11:02:00,PE,ATM+6,17.415566,115350,23900.0,23614.6,320.8,322.5,318.5,321.2,4950,1742794320
2025-03-24 11:03:00,PE,ATM+6,16.423377,22650,23950.0,23628.8,361.45,361.45,342.4,342.4,1050,1742794380
2025-03-24 11:04:00,PE,ATM+6,17.095894,22350,23950.0,23630.2,342.4,345.6,334.1,345.6,3450,1742794440
2025-03-24 11:05:00,PE,ATM+6,16.598666,122850,23900.0,23619.3,305.05,311.95,304.6,311.95,12075,1742794500
2025-03-24 11:06:00,PE,ATM+6,16.561067,122850,23900.0,23620.2,311.55,315.6,309.5,311.0,15375,1742794560
2025-03-24 11:07:00,PE,ATM+6,17.035616,131700,23900.0,23621.45,311.0,313.85,306.65,313.35,9375,1742794620
2025-03-24 11:08:00,PE,ATM+6,16.528859,131700,23900.0,23621.6,313.35,313.4,309.3,309.7,7275,1742794680
2025-03-24 11:09:00,PE,ATM+6,16.145071,131700,23900.0,23611.75,309.6,315.0,303.9,314.6,10425,1742794740
2025-03-24 11:10:00,PE,ATM+6,15.642461,136950,23900.0,23605.1,314.6,318.55,313.15,316.45,11475,1742794800
2025-03-24 11:11:00,PE,ATM+6,16.350095,136950,23900.0,23604.3,316.45,324.0,316.45,321.7,15975,1742794860
2025-03-24 11:12:00,PE,ATM+6,16.095398,136950,23900.0,23603.8,321.7,326.2,320.0,320.4,19125,1742794920
2025-03-24 11:13:00,PE,ATM+6,16.697835,138075,23900.0,23614.7,320.65,324.0,315.4,316.05,6900,1742794980
2025-03-24 11:14:00,PE,ATM+6,16.727467,138075,23900.0,23614.1,315.25,318.4,311.3,316.7,12975,1742795040
2025-03-24 11:15:00,PE,ATM+6,16.545348,138075,23900.0,23610.5,316.6,320.55,314.4,318.2,3825,1742795100
2025-03-24 11:16:00,PE,ATM+6,16.310971,150300,23900.0,23602.3,318.45,325.15,318.45,322.95,6750,1742795160
2025-03-24 11:17:00,PE,ATM+6,16.180892,150300,23900.0,23600.55,323.0,328.0,322.0,323.45,8100,1742795220
2025-03-24 11:18:00,PE,ATM+6,16.170444,150300,23900.0,23601.8,321.9,326.0,321.9,322.4,5625,1742795280
2025-03-24 11:19:00,PE,ATM+6,16.354359,147825,23900.0,23602.25,319.9,323.35,319.8,323.25,4200,1742795340
2025-03-24 11:20:00,PE,ATM+6,16.896268,147825,23900.0,23610.55,323.25,323.25,316.6,320.5,6975,1742795400
2025-03-24 11:21:00,PE,ATM+6,16.844846,147825,23900.0,23616.0,319.6,319.6,315.0,316.0,5550,1742795460
2025-03-24 11:22:00,PE,ATM+6,17.320457,147675,23900.0,23619.05,316.0,323.95,316.0,317.0,2400,1742795520
2025-03-24 11:23:00,PE,ATM+6,17.778845,147675,23900.0,23620.7,317.0,319.0,314.45,319.0,2475,1742795580
2025-03-24 11:24:00,PE,ATM+6,17.42809,147675,23900.0,23619.5,319.1,323.0,317.4,317.4,3900,1742795640
2025-03-24 11:25:00,PE,ATM+6,17.817174,150075,23900.0,23621.85,317.3,318.4,315.0,318.4,3600,1742795700
2025-03-24 11:26:00,PE,ATM+6,17.740996,150075,23900.0,23622.25,318.4,318.4,313.0,317.55,4275,1742795760
2025-03-24 11:27:00,PE,ATM+6,17.944814,150075,23900.0,23622.65,317.55,319.45,315.5,318.7,1350,1742795820
2025-03-24 11:28:00,PE,ATM+6,18.495821,23700,23950.0,23633.7,357.15,359.2,352.0,352.0,375,1742795880
2025-03-24 11:29:00,PE,ATM+6,18.154955,23700,23950.0,23631.0,352.0,352.0,350.1,351.75,675,1742795940
2025-03-24 11:30:00,PE,ATM+6,17.989444,23700,23950.0,23629.55,354.0,354.25,351.75,351.75,825,1742796000
2025-03-24 11:31:00,PE,ATM+6,18.419276,24525,23950.0,23635.6,351.75,352.0,350.0,350.0,450,1742796060
2025-03-24 11:32:00,PE,ATM+6,18.552853,24525,23950.0,23640.55,350.0,350.0,347.15,347.15,75,1742796120
2025-03-24 11:33:00,PE,ATM+6,18.163776,24525,23950.0,23629.4,347.15,353.0,347.15,353.0,225,1742796180
2025-03-24 11:34:00,PE,ATM+6,17.645434,24450,23950.0,23626.7,353.0,354.7,351.65,351.65,375,1742796240
2025-03-24 11:35:00,PE,ATM+6,17.384666,162150,23900.0,23623.5,313.45,317.55,313.45,314.0,1350,1742796300
2025-03-24 11:36:00,PE,ATM+6,17.325599,162150,23900.0,23615.25,314.0,320.95,312.75,319.75,6075,1742796360
2025-03-24 11:37:00,PE,ATM+6,17.477418,164025,23900.0,23613.25,319.75,322.3,317.9,322.3,9300,1742796420
2025-03-24 11:38:00,PE,ATM+6,17.397719,164025,23900.0,23606.55,322.25,331.1,321.0,326.8,15975,1742796480
2025-03-24 11:39:00,PE,ATM+6,17.414091,164025,23900.0,23600.9,326.8,334.15,326.8,331.2,14475,1742796540
2025-03-24 11:40:00,PE,ATM+6,17.38364,157875,23900.0,23601.6,331.2,332.85,329.85,330.45,7650,1742796600
2025-03-24 11:41:00,PE,ATM+6,17.844565,157875,23900.0,23600.0,335.0,338.1,331.0,334.8,9000,1742796660
2025-03-24 11:42:00,PE,ATM+6,17.443877,157875,23900.0,23592.25,334.8,345.05,334.8,338.0,12450,1742796720
2025-03-24 11:43:00,PE,ATM+6,17.748763,148275,23900.0,23581.9,338.0,348.75,335.5,348.0,18675,1742796780
2025-03-24 11:44:00,PE,ATM+6,17.207995,148275,23900.0,23590.2,348.85,348.85,338.0,338.0,9300,1742796840
2025-03-24 11:45:00,PE,ATM+6,17.130567,148275,23900.0,23597.75,338.25,338.25,329.4,331.65,5100,1742796900
2025-03-24 11:46:00,PE,ATM+6,16.975742,138000,23900.0,23609.7,331.65,331.65,321.45,321.45,21600,1742796960
2025-03-24 11:47:00,PE,ATM+6,17.057231,138000,23900.0,23611.8,321.45,323.9,320.4,320.4,11325,1742797020
2025-03-24 11:48:00,PE,ATM+6,17.000082,138000,23900.0,23611.8,320.0,328.3,320.0,320.0,7725,1742797080
2025-03-24 11:49:00,PE,ATM+6,17.443858,135900,23900.0,23609.8,320.0,325.95,320.0,324.55,3075,1742797140
2025-03-24 11:50:00,PE,ATM+6,17.605312,135900,23900.0,23605.9,326.35,329.6,325.0,328.6,6600,1742797200
2025-03-24 11:51:00,PE,ATM+6,17.2343,135900,23900.0,23608.8,328.6,331.0,323.0,323.85,4875,1742797260
2025-03-24 11:52:00,PE,ATM+6,17.637748,133800,23900.0,23603.0,323.75,331.0,323.0,331.0,900,1742797320
2025-03-24 11:53:00,PE,ATM+6,17.183358,133800,23900.0,23600.85,331.0,333.8,329.55,329.55,4875,1742797380
2025-03-24 11:54:00,PE,ATM+6,17.455405,133800,23900.0,23610.9,329.55,330.35,323.0,323.75,9825,1742797440
2025-03-24 11:55:00,PE,ATM+6,17.829759,137625,23900.0,23609.15,323.75,330.65,323.75,327.65,1800,1742797500
2025-03-24 11:56:00,PE,ATM+6,17.378181,137625,23900.0,23613.15,327.65,328.35,321.5,321.5,5175,1742797560
2025-03-24 11:57:00,PE,ATM+6,17.53332,137625,23900.0,23615.3,320.0,323.3,319.7,320.95,3450,1742797620
2025-03-24 11:58:00,PE,ATM+6,17.45225,137325,23900.0,23616.6,320.95,321.65,316.0,319.4,5550,1742797680
2025-03-24 11:59:00,PE,ATM+6,17.168474,137325,23900.0,23621.35,319.4,321.0,313.85,313.85,1275,1742797740
2025-03-24 12:00:00,PE,ATM+6,16.999026,137325,23900.0,23620.9,313.85,316.45,313.0,313.0,5325,1742797800
2025-03-24 12:01:00,PE,ATM+6,16.936067,141075,23900.0,23622.7,312.65,315.7,308.85,311.2,4425,1742797860
2025-03-24 12:02:00,PE,ATM+6,16.816948,141075,23900.0,23615.25,311.2,316.45,310.55,316.0,5100,1742797920
2025-03-24 12:03:00,PE,ATM+6,16.938086,141075,23900.0,23609.75,316.0,323.25,316.0,321.0,5175,1742797980
2025-03-24 12:04:00,PE,ATM+6,16.799324,142725,23900.0,23613.95,321.0,321.3,316.85,316.85,2550,1742798040
2025-03-24 12:05:00,PE,ATM+6,17.273516,142725,23900.0,23609.9,320.15,326.65,320.15,323.15,8250,1742798100
2025-03-24 12:06:00,PE,ATM+6,17.788682,142725,23900.0,23611.15,323.15,326.15,321.6,325.75,900,1742798160
2025-03-24 12:07:00,PE,ATM+6,17.280246,139275,23900.0,23619.75,325.75,325.75,315.75,315.75,4425,1742798220
2025-03-24 12:08:00,PE,ATM+6,17.358033,139275,23900.0,23622.2,316.0,319.55,314.45,314.45,1425,1742798280
2025-03-24 12:09:00,PE,ATM+6,16.841109,139275,23900.0,23616.7,314.45,319.6,314.45,315.0,975,1742798340
2025-03-24 12:10:00,PE,ATM+6,17.4473,141075,23900.0,23623.55,317.35,317.35,312.2,314.05,3225,1742798400
2025-03-24 12:11:00,PE,ATM+6,16.67455,21225,23950.0,23626.15,357.5,357.5,345.55,345.55,2925,1742798460
2025-03-24 12:12:00,PE,ATM+6,17.229583,21225,23950.0,23625.2,348.65,349.8,348.65,349.8,300,1742798520
2025-03-24 12:13:00,PE,ATM+6,17.18525,20400,23950.0,23630.5,349.8,349.8,343.2,345.35,1425,1742798580
2025-03-24 12:14:00,PE,ATM+6,17.167893,20400,23950.0,23628.05,345.35,349.2,345.35,347.15,450,1742798640
2025-03-24 12:15:00,PE,ATM+6,17.121637,20400,23950.0,23626.2,347.15,348.3,347.15,348.3,300,1742798700
2025-03-24 12:16:00,PE,ATM+6,16.749218,21825,23950.0,23628.65,348.3,348.3,344.0,344.0,825,1742798760
2025-03-24 12:17:00,PE,ATM+6,16.677015,21825,23950.0,23635.1,344.0,344.0,336.0,338.45,1875,1742798820
2025-03-24 12:18:00,PE,ATM+6,16.698734,21825,23950.0,23641.65,338.45,339.1,333.45,333.45,2625,1742798880
2025-03-24 12:19:00,PE,ATM+6,16.614463,21825,23950.0,23638.9,333.45,335.05,331.05,335.05,1200,1742798940
2025-03-24 12:20:00,PE,ATM+6,16.837697,26025,23950.0,23637.85,335.05,337.3,331.25,337.3,525,1742799000
2025-03-24 12:21:00,PE,ATM+6,15.919791,26025,23950.0,23633.3,337.3,337.3,335.1,335.1,225,1742799060
2025-03-24 12:22:00,PE,ATM+6,16.70711,25800,23950.0,23632.75,335.1,340.45,335.1,340.45,225,1742799120
2025-03-24 12:23:00,PE,ATM+6,16.439356,25800,23950.0,23633.7,340.45,340.45,335.0,338.0,1575,1742799180
2025-03-24 12:24:00,PE,ATM+6,16.203592,25800,23950.0,23634.35,338.0,338.0,336.0,336.0,375,1742799240
2025-03-24 12:25:00,PE,ATM+6,16.272422,26625,23950.0,23637.6,336.0,336.0,333.85,333.85,75,1742799300
2025-03-24 12:26:00,PE,ATM+6,16.623219,26625,23950.0,23643.5,333.85,333.85,327.55,331.45,1125,1742799360
2025-03-24 12:27:00,PE,ATM+6,17.193392,26625,23950.0,23644.95,331.45,334.05,331.45,334.05,300,1742799420
2025-03-24 12:28:00,PE,ATM+6,17.101136,27075,23950.0,23646.35,334.05,334.05,327.9,332.35,225,1742799480
2025-03-24 12:29:00,PE,ATM+6,16.479873,27075,23950.0,23646.7,332.35,332.35,328.0,328.0,150,1742799540
2025-03-24 12:30:00,PE,ATM+6,16.822581,27075,23950.0,23648.8,328.0,329.35,328.0,328.6,1425,1742799600
2025-03-24 12:31:00,PE,ATM+6,17.064139,28125,23950.0,23643.8,328.6,335.0,327.9,334.05,1875,1742799660
2025-03-24 12:32:00,PE,ATM+6,17.068593,28125,23950.0,23642.6,334.05,335.0,331.5,335.0,1200,1742799720
2025-03-24 12:33:00,PE,ATM+6,16.856858,28125,23950.0,23640.3,335.0,335.4,333.25,335.4,225,1742799780
2025-03-24 12:34:00,PE,ATM+6,17.144898,26775,23950.0,23635.5,335.4,341.0,335.4,341.0,750,1742799840
2025-03-24 12:35:00,PE,ATM+6,17.554715,26775,23950.0,23637.65,341.0,342.0,339.55,342.0,750,1742799900
2025-03-24 12:36:00,PE,ATM+6,17.643435,26775,23950.0,23641.45,339.9,340.7,339.4,339.65,375,1742799960
2025-03-24 12:37:00,PE,ATM+6,17.447075,25800,23950.0,23644.55,339.65,339.65,335.85,335.95,450,1742800020
2025-03-24 12:38:00,PE,ATM+6,17.094823,25800,23950.0,23641.85,335.95,336.0,335.7,335.7,225,1742800080
2025-03-24 12:39:00,PE,ATM+6,17.356079,25800,23950.0,23633.35,335.7,344.0,335.7,344.0,600,1742800140
2025-03-24 12:40:00,PE,ATM+6,16.893853,25575,23950.0,23631.4,344.0,348.6,342.55,342.55,1500,1742800200
2025-03-24 12:41:00,PE,ATM+6,17.247617,25575,23950.0,23634.35,342.55,342.55,342.5,342.5,75,1742800260
2025-03-24 12:42:00,PE,ATM+6,16.665382,25575,23950.0,23638.5,342.5,342.5,335.5,335.5,450,1742800320
2025-03-24 12:43:00,PE,ATM+6,16.904372,25125,23950.0,23634.7,335.75,340.0,335.75,340.0,675,1742800380
2025-03-24 12:44:00,PE,ATM+6,16.281427,25125,23950.0,23636.6,340.0,340.0,334.55,334.55,1200,1742800440
2025-03-24 12:45:00,PE,ATM+6,16.456755,25125,23950.0,23636.15,334.55,336.0,334.55,336.0,150,1742800500
2025-03-24 12:46:00,PE,ATM+6,16.796342,25350,23950.0,23630.3,336.0,345.2,336.0,342.75,1650,1742800560
2025-03-24 12:47:00,PE,ATM+6,17.487609,25350,23950.0,23634.55,342.75,343.85,342.25,343.85,375,1742800620
2025-03-24 12:48:00,PE,ATM+6,17.25244,25350,23950.0,23640.55,343.85,343.85,337.65,337.65,225,1742800680
2025-03-24 12:49:00,PE,ATM+6,16.347516,26775,23950.0,23642.85,337.65,337.65,330.0,330.0,1425,1742800740
2025-03-24 12:50:00,PE,ATM+6,16.347516,26775,23950.0,23642.85,330.0,330.0,330.0,330.0,0,1742800800
2025-03-24 12:51:00,PE,ATM+6,17.368239,26775,23950.0,23637.3,333.05,340.9,333.05,340.9,300,1742800860
2025-03-24 12:52:00,PE,ATM+6,17.368239,26775,23950.0,23637.3,340.9,340.9,340.9,340.9,0,1742800920
2025-03-24 12:53:00,PE,ATM+6,17.412749,27075,23950.0,23641.4,340.9,341.35,338.0,338.0,525,1742800980
2025-03-24 12:54:00,PE,ATM+6,17.311605,27075,23950.0,23644.8,338.0,338.0,334.7,334.7,150,1742801040
2025-03-24 12:55:00,PE,ATM+6,17.221058,27225,23950.0,23645.05,334.7,334.7,331.5,333.9,300,1742801100
2025-03-24 12:56:00,PE,ATM+6,15.702854,27225,23950.0,23629.05,333.9,336.95,332.75,336.95,375,1742801160
2025-03-24 12:57:00,PE,ATM+6,16.915811,191625,23900.0,23622.8,304.45,315.0,303.0,310.45,21675,1742801220
2025-03-24 12:58:00,PE,ATM+6,16.732737,172050,23900.0,23622.45,313.8,316.0,309.25,309.45,16125,1742801280
2025-03-24 12:59:00,PE,ATM+6,17.170512,172050,23900.0,23622.85,308.0,312.15,307.2,312.15,8025,1742801340
2025-03-24 13:00:00,PE,ATM+6,17.750297,26475,23950.0,23625.6,348.45,352.4,348.45,352.4,150,1742801400
2025-03-24 13:01:00,PE,ATM+6,17.544897,169275,23900.0,23620.35,308.55,316.6,307.65,316.6,11925,1742801460
2025-03-24 13:02:00,PE,ATM+6,17.418815,26475,23950.0,23625.1,359.0,361.55,350.65,350.65,1350,1742801520
2025-03-24 13:03:00,PE,ATM+6,17.418815,26475,23950.0,23625.1,350.65,350.65,350.65,350.65,0,1742801580
2025-03-24 13:04:00,PE,ATM+6,16.479848,26475,23950.0,23632.35,350.65,350.65,339.0,339.0,450,1742801640
2025-03-24 13:05:00,PE,ATM+6,17.357822,26850,23950.0,23633.45,339.0,343.9,339.0,343.7,525,1742801700
2025-03-24 13:06:00,PE,ATM+6,17.439061,26850,23950.0,23638.3,343.7,343.7,340.45,340.45,225,1742801760
2025-03-24 13:07:00,PE,ATM+6,17.768749,27225,23950.0,23644.3,340.45,340.45,338.0,338.0,75,1742801820
2025-03-24 13:08:00,PE,ATM+6,17.83648,27225,23950.0,23643.05,336.3,339.5,335.35,339.4,975,1742801880
2025-03-24 13:09:00,PE,ATM+6,17.466571,27225,23950.0,23647.45,339.4,339.4,333.55,333.55,525,1742801940
2025-03-24 13:10:00,PE,ATM+6,16.794013,27525,23950.0,23642.45,333.55,334.8,333.0,333.0,1125,1742802000
2025-03-24 13:11:00,PE,ATM+6,17.36338,27525,23950.0,23648.55,333.0,335.5,332.0,332.0,375,1742802060
2025-03-24 13:12:00,PE,ATM+6,17.981701,27525,23950.0,23650.45,332.0,334.7,328.5,334.7,750,1742802120
2025-03-24 13:13:00,PE,ATM+6,17.585879,27525,23950.0,23653.75,334.7,334.7,329.5,329.5,600,1742802180
2025-03-24 13:14:00,PE,ATM+6,17.666116,28200,23950.0,23654.65,329.5,329.5,327.95,329.35,300,1742802240
2025-03-24 13:15:00,PE,ATM+6,17.336526,28200,23950.0,23659.2,329.35,329.35,322.0,323.65,1200,1742802300
2025-03-24 13:16:00,PE,ATM+6,17.581902,29100,23950.0,23664.85,323.65,323.65,319.0,321.05,2475,1742802360
2025-03-24 13:17:00,PE,ATM+6,17.667998,29100,23950.0,23662.7,321.05,325.0,321.05,323.25,1350,1742802420
2025-03-24 13:18:00,PE,ATM+6,17.805093,29100,23950.0,23661.15,323.25,325.35,323.25,325.35,2625,1742802480
2025-03-24 13:19:00,PE,ATM+6,17.680665,30075,23950.0,23650.9,325.35,333.05,325.35,332.25,1125,1742802540
2025-03-24 13:20:00,PE,ATM+6,17.677108,30075,23950.0,23656.45,332.25,332.25,328.0,328.0,1800,1742802600
2025-03-24 13:21:00,PE,ATM+6,17.541422,30075,23950.0,23655.75,328.0,329.3,326.35,327.6,2100,1742802660
2025-03-24 13:22:00,PE,ATM+6,17.911547,32400,23950.0,23657.75,327.6,328.6,327.6,328.6,150,1742802720
2025-03-24 13:23:00,PE,ATM+6,17.844483,32400,23950.0,23656.2,328.6,329.3,328.6,329.3,225,1742802780
2025-03-24 13:24:00,PE,ATM+6,18.231649,32400,23950.0,23654.8,329.3,334.1,329.3,333.0,525,1742802840
2025-03-24 13:25:00,PE,ATM+6,17.884502,30975,23950.0,23656.8,333.0,333.0,325.65,329.1,2850,1742802900
2025-03-24 13:26:00,PE,ATM+6,17.352866,30975,23950.0,23659.6,329.1,329.1,322.85,323.35,1725,1742802960
2025-03-24 13:27:00,PE,ATM+6,17.792079,30975,23950.0,23658.85,323.35,326.9,322.8,326.9,975,1742803020
2025-03-24 13:28:00,PE,ATM+6,17.580041,32550,23950.0,23659.5,326.9,326.9,324.95,324.95,150,1742803080
2025-03-24 13:29:00,PE,ATM+6,17.490842,32550,23950.0,23660.6,324.95,324.95,323.0,323.5,150,1742803140
2025-03-24 13:30:00,PE,ATM+6,17.490842,32550,23950.0,23660.6,323.5,323.5,323.5,323.5,0,1742803200
2025-03-24 13:31:00,PE,ATM+6,17.421358,32700,23950.0,23659.95,323.5,323.5,323.5,323.5,75,1742803260
2025-03-24 13:32:00,PE,ATM+6,17.191959,32700,23950.0,23658.95,323.5,323.5,322.7,322.7,750,1742803320
2025-03-24 13:33:00,PE,ATM+6,17.243904,32700,23950.0,23657.1,322.7,324.45,320.6,324.45,1950,1742803380
2025-03-24 13:34:00,PE,ATM+6,17.643078,34125,23950.0,23658.6,324.45,326.7,324.45,326.0,150,1742803440
2025-03-24 13:35:00,PE,ATM+6,16.994828,34125,23950.0,23658.1,326.0,326.0,321.6,322.0,1575,1742803500
2025-03-24 13:36:00,PE,ATM+6,16.938078,34125,23950.0,23655.9,322.0,323.9,321.25,323.3,2700,1742803560
2025-03-24 13:37:00,PE,ATM+6,17.429099,36525,23950.0,23651.8,323.3,329.7,323.3,329.7,525,1742803620
2025-03-24 13:38:00,PE,ATM+6,17.429099,36525,23950.0,23651.8,329.7,329.7,329.7,329.7,0,1742803680
2025-03-24 13:39:00,PE,ATM+6,16.337806,36525,23950.0,23657.75,329.7,329.7,316.0,317.9,825,1742803740
2025-03-24 13:40:00,PE,ATM+6,16.627558,36375,23950.0,23658.45,317.9,319.25,317.0,319.25,750,1742803800
2025-03-24 13:41:00,PE,ATM+6,16.511502,36375,23950.0,23657.45,319.25,319.9,319.25,319.25,825,1742803860
2025-03-24 13:42:00,PE,ATM+6,16.418469,36375,23950.0,23655.75,319.25,320.2,319.25,319.95,825,1742803920
2025-03-24 13:43:00,PE,ATM+6,16.547044,36375,23950.0,23653.4,323.75,323.75,322.6,322.6,975,1742803980
2025-03-24 13:44:00,PE,ATM+6,17.501755,37200,23950.0,23650.45,326.1,331.15,326.1,331.15,1050,1742804040
2025-03-24 13:45:00,PE,ATM+6,17.538741,37200,23950.0,23639.9,331.15,341.25,331.15,339.5,2700,1742804100
2025-03-24 13:46:00,PE,ATM+6,17.907839,37500,23950.0,23629.05,341.25,350.3,340.5,350.3,3600,1742804160
2025-03-24 13:47:00,PE,ATM+6,18.063329,37500,23950.0,23639.1,350.3,350.3,342.85,343.55,9225,1742804220
2025-03-24 13:48:00,PE,ATM+6,17.631689,37500,23950.0,23639.55,343.55,343.55,340.35,340.35,525,1742804280
2025-03-24 13:49:00,PE,ATM+6,17.308123,35025,23950.0,23638.5,340.35,340.35,338.1,339.05,300,1742804340
2025-03-24 13:50:00,PE,ATM+6,17.308123,35025,23950.0,23638.5,339.05,339.05,339.05,339.05,0,1742804400
2025-03-24 13:51:00,PE,ATM+6,17.362875,35025,23950.0,23646.95,339.05,339.05,332.85,332.85,225,1742804460
2025-03-24 13:52:00,PE,ATM+6,17.129871,34950,23950.0,23655.15,332.85,332.85,325.0,325.0,675,1742804520
2025-03-24 13:53:00,PE,ATM+6,17.802566,34950,23950.0,23657.4,325.0,328.0,323.7,327.8,1200,1742804580
2025-03-24 13:54:00,PE,ATM+6,17.182643,34950,23950.0,23654.8,327.8,327.8,325.55,325.6,225,1742804640
2025-03-24 13:55:00,PE,ATM+6,17.550878,35850,23950.0,23657.3,325.6,326.55,325.6,326.15,300,1742804700
2025-03-24 13:56:00,PE,ATM+6,17.550878,35850,23950.0,23657.3,326.15,326.15,326.15,326.15,0,1742804760
2025-03-24 13:57:00,PE,ATM+6,16.856988,35850,23950.0,23657.1,326.15,326.15,320.0,321.65,375,1742804820
2025-03-24 13:58:00,PE,ATM+6,15.750507,36150,23950.0,23658.6,319.85,319.85,313.3,313.3,5775,1742804880
2025-03-24 13:59:00,PE,ATM+6,15.716779,36150,23950.0,23670.0,313.3,314.15,302.8,304.2,4575,1742804940
2025-03-24 14:00:00,PE,ATM+6,15.28301,36150,23950.0,23674.35,301.8,304.8,298.0,298.0,4950,1742805000
2025-03-24 14:01:00,PE,ATM+6,15.411696,38700,23950.0,23671.1,297.3,303.15,296.9,301.35,2925,1742805060
2025-03-24 14:02:00,PE,ATM+6,15.530426,38700,23950.0,23671.05,301.35,306.0,301.35,302.15,3600,1742805120
2025-03-24 14:03:00,PE,ATM+6,15.693975,38700,23950.0,23669.25,302.15,305.6,302.0,304.6,525,1742805180
2025-03-24 14:04:00,PE,ATM+6,16.106875,39000,23950.0,23671.85,303.75,305.3,301.2,305.3,825,1742805240
2025-03-24 14:05:00,PE,ATM+6,15.860181,39000,23950.0,23672.45,305.3,305.3,303.2,303.2,975,1742805300
2025-03-24 14:06:00,PE,ATM+6,15.666269,39000,23950.0,23670.6,304.35,304.35,303.35,303.35,450,1742805360
2025-03-24 14:07:00,PE,ATM+6,15.700666,38850,23950.0,23670.75,303.35,303.45,300.5,303.45,600,1742805420
2025-03-24 14:08:00,PE,ATM+6,15.45448,38850,23950.0,23663.95,303.45,308.0,303.45,307.15,1500,1742805480
2025-03-24 14:09:00,PE,ATM+6,15.322196,38850,23950.0,23666.25,307.15,307.15,304.3,304.5,975,1742805540
2025-03-24 14:10:00,PE,ATM+6,15.663947,39300,23950.0,23669.7,304.5,304.7,304.0,304.0,1200,1742805600
2025-03-24 14:11:00,PE,ATM+6,15.045824,1265300,24000.0,23678.6,342.35,342.35,330.8,333.15,37350,1742805660
2025-03-24 14:12:00,PE,ATM+6,14.77329,1265300,24000.0,23680.0,331.65,334.0,330.0,330.45,26700,1742805720
2025-03-24 14:13:00,PE,ATM+6,14.647503,1269200,24000.0,23687.35,330.25,331.0,322.6,323.7,28275,1742805780
2025-03-24 14:14:00,PE,ATM+6,14.321631,1269200,24000.0,23687.35,322.25,324.65,319.45,321.85,25425,1742805840
2025-03-24 14:15:00,PE,ATM+6,14.190218,1269200,24000.0,23685.55,321.7,322.6,314.0,322.6,63375,1742805900
2025-03-24 14:16:00,PE,ATM+6,14.399326,1272875,24000.0,23684.65,321.5,324.85,321.5,324.5,14775,1742805960
2025-03-24 14:17:00,PE,ATM+6,14.789064,1272875,24000.0,23685.5,323.95,328.0,323.9,326.0,12300,1742806020
2025-03-24 14:18:00,PE,ATM+6,15.09479,1272875,24000.0,23688.9,327.0,327.25,324.65,325.0,11475,1742806080
2025-03-24 14:19:00,PE,ATM+6,14.870474,1268450,24000.0,23688.45,325.0,326.0,323.85,324.05,12300,1742806140
2025-03-24 14:20:00,PE,ATM+6,14.755578,1268450,24000.0,23686.1,324.1,326.7,324.1,325.3,13200,1742806200
2025-03-24 14:21:00,PE,ATM+6,13.945831,1268450,24000.0,23686.85,325.3,326.0,320.0,320.15,12225,1742806260
2025-03-24 14:22:00,PE,ATM+6,14.506693,1273175,24000.0,23686.8,320.75,325.4,319.8,323.3,19425,1742806320
2025-03-24 14:23:00,PE,ATM+6,14.643611,1273175,24000.0,23690.8,324.2,324.2,317.55,320.8,20400,1742806380
2025-03-24 14:24:00,PE,ATM+6,14.547649,1273175,24000.0,23697.85,321.15,321.15,312.45,314.5,24075,1742806440
2025-03-24 14:25:00,PE,ATM+6,14.871662,1275425,24000.0,23700.4,315.75,315.95,310.6,314.35,28350,1742806500
2025-03-24 14:26:00,PE,ATM+6,14.821345,1275425,24000.0,23704.25,314.05,314.6,310.1,310.95,22425,1742806560
2025-03-24 14:27:00,PE,ATM+6,14.913229,1275425,24000.0,23702.75,310.8,314.5,310.8,312.7,21225,1742806620
2025-03-24 14:28:00,PE,ATM+6,14.887072,1289000,24000.0,23697.2,313.5,317.4,311.65,317.0,25500,1742806680
2025-03-24 14:29:00,PE,ATM+6,14.480407,1289000,24000.0,23687.85,317.0,324.4,317.0,322.25,39750,1742806740
2025-03-24 14:30:00,PE,ATM+6,14.163895,1289000,24000.0,23684.8,322.55,326.3,322.4,323.0,28800,1742806800
2025-03-24 14:31:00,PE,ATM+6,14.348771,1258175,24000.0,23682.4,323.9,329.0,323.4,326.0,42525,1742806860
2025-03-24 14:32:00,PE,ATM+6,14.677927,1258175,24000.0,23687.55,327.65,328.65,322.3,323.6,14850,1742806920
2025-03-24 14:33:00,PE,ATM+6,14.833417,1258175,24000.0,23685.45,323.6,327.0,322.6,326.2,7725,1742806980
2025-03-24 14:34:00,PE,ATM+6,13.996858,49575,23950.0,23674.95,285.0,290.25,281.85,289.2,3375,1742807040
2025-03-24 14:35:00,PE,ATM+6,13.542738,49575,23950.0,23672.05,290.8,291.6,287.65,288.8,3825,1742807100
2025-03-24 14:36:00,PE,ATM+6,13.515569,1261925,24000.0,23676.8,327.0,329.75,325.25,326.25,15075,1742807160
2025-03-24 14:37:00,PE,ATM+6,13.07195,50925,23950.0,23672.85,283.8,288.0,283.8,285.4,3675,1742807220
2025-03-24 14:38:00,PE,ATM+6,12.294934,1260050,24000.0,23678.35,326.4,328.0,319.0,319.0,19800,1742807280
2025-03-24 14:39:00,PE,ATM+6,11.933516,1260050,24000.0,23677.35,316.85,320.0,315.0,318.25,75450,1742807340
2025-03-24 14:40:00,PE,ATM+6,12.798743,51825,23950.0,23669.0,279.4,287.95,277.5,287.0,5175,1742807400
2025-03-24 14:41:00,PE,ATM+6,13.139755,51825,23950.0,23666.7,285.85,290.8,285.3,290.8,4500,1742807460
2025-03-24 14:42:00,PE,ATM+6,13.124046,51825,23950.0,23671.9,290.8,290.8,286.45,286.45,975,1742807520
2025-03-24 14:43:00,PE,ATM+6,12.558913,53025,23950.0,23671.25,286.45,286.45,282.4,283.8,2100,1742807580
2025-03-24 14:44:00,PE,ATM+6,12.595382,53025,23950.0,23668.65,283.8,286.15,283.8,286.15,2025,1742807640
2025-03-24 14:45:00,PE,ATM+6,13.041669,53025,23950.0,23664.55,286.4,292.55,286.4,292.0,6075,1742807700
2025-03-24 14:46:00,PE,ATM+6,13.03095,54375,23950.0,23666.9,292.0,292.0,290.0,290.0,675,1742807760
2025-03-24 14:47:00,PE,ATM+6,12.87814,54375,23950.0,23669.5,290.0,290.0,287.0,287.0,1275,1742807820
2025-03-24 14:48:00,PE,ATM+6,12.872627,54375,23950.0,23668.85,287.0,287.5,287.0,287.5,75,1742807880
2025-03-24 14:49:00,PE,ATM+6,12.615389,52950,23950.0,23670.75,287.5,287.5,283.5,284.5,1875,1742807940
2025-03-24 14:50:00,PE,ATM+6,13.269028,52950,23950.0,23670.85,284.5,288.1,284.5,288.1,1575,1742808000
2025-03-24 14:51:00,PE,ATM+6,13.072121,52950,23950.0,23671.85,288.1,288.1,285.0,286.15,2475,1742808060
2025-03-24 14:52:00,PE,ATM+6,13.410186,52950,23950.0,23673.2,286.15,287.0,286.15,287.0,75,1742808120
2025-03-24 14:53:00,PE,ATM+6,12.843644,52500,23950.0,23674.1,287.0,287.0,281.35,283.0,1425,1742808180
2025-03-24 14:54:00,PE,ATM+6,12.629076,1208950,24000.0,23680.45,323.2,324.45,318.2,318.7,8550,1742808240
2025-03-24 14:55:00,PE,ATM+6,13.476617,1207750,24000.0,23676.95,318.05,325.85,318.05,325.85,18750,1742808300
2025-03-24 14:56:00,PE,ATM+6,13.443737,1207750,24000.0,23675.75,325.0,327.55,324.75,326.7,9150,1742808360
2025-03-24 14:57:00,PE,ATM+6,14.258585,53475,23950.0,23671.0,286.6,295.0,286.6,293.8,4350,1742808420
2025-03-24 14:58:00,PE,ATM+6,14.081069,52575,23950.0,23671.9,293.8,293.8,291.35,292.0,450,1742808480
2025-03-24 14:59:00,PE,ATM+6,14.087059,52575,23950.0,23671.75,292.0,292.15,290.8,292.15,1350,1742808540
2025-03-24 15:00:00,PE,ATM+6,13.166773,52575,23950.0,23648.5,292.15,308.8,291.5,305.95,10425,1742808600
2025-03-24 15:01:00,PE,ATM+6,12.915697,46650,23950.0,23638.9,310.0,314.4,305.55,312.75,6525,1742808660
2025-03-24 15:02:00,PE,ATM+6,12.612903,46650,23950.0,23632.55,316.0,320.0,315.35,316.7,9375,1742808720
2025-03-24 15:03:00,PE,ATM+6,12.401615,46650,23950.0,23637.65,316.7,318.4,309.95,311.3,1725,1742808780
2025-03-24 15:04:00,PE,ATM+6,13.121329,46650,23950.0,23635.1,311.3,317.0,311.3,317.0,1575,1742808840
2025-03-24 15:05:00,PE,ATM+6,13.906962,46650,23950.0,23640.4,317.0,319.35,316.65,316.65,225,1742808900
2025-03-24 15:06:00,PE,ATM+6,13.319859,46650,23950.0,23644.6,316.65,316.65,310.0,310.0,1200,1742808960
2025-03-24 15:07:00,PE,ATM+6,13.008325,46500,23950.0,23643.5,310.0,310.9,305.5,309.3,750,1742809020
2025-03-24 15:08:00,PE,ATM+6,12.722995,46500,23950.0,23646.15,309.3,309.3,302.85,305.6,1200,1742809080
2025-03-24 15:09:00,PE,ATM+6,14.812721,46500,23950.0,23656.45,305.6,308.7,305.0,308.7,300,1742809140
2025-03-24 15:10:00,PE,ATM+6,14.030554,46800,23950.0,23649.55,303.95,311.35,303.95,309.75,1125,1742809200
2025-03-24 15:11:00,PE,ATM+6,14.301756,46800,23950.0,23651.55,310.75,310.75,309.65,309.65,600,1742809260
2025-03-24 15:12:00,PE,ATM+6,13.898579,46800,23950.0,23654.3,309.65,309.65,305.1,305.1,1200,1742809320
2025-03-24 15:13:00,PE,ATM+6,14.045285,46950,23950.0,23656.05,304.5,304.5,300.85,304.5,600,1742809380
2025-03-24 15:14:00,PE,ATM+6,13.900859,46950,23950.0,23652.9,304.5,306.5,304.5,306.25,1050,1742809440
2025-03-24 15:15:00,PE,ATM+6,14.088828,46950,23950.0,23663.0,310.0,310.0,299.0,299.1,4575,1742809500
2025-03-24 15:16:00,PE,ATM+6,13.391287,45375,23950.0,23665.85,299.1,299.1,292.75,292.75,4050,1742809560
2025-03-24 15:17:00,PE,ATM+6,13.233534,45375,23950.0,23662.45,292.75,296.0,292.75,294.65,3900,1742809620
2025-03-24 15:18:00,PE,ATM+6,13.398918,45375,23950.0,23662.9,294.65,295.2,294.65,295.2,2250,1742809680
2025-03-24 15:19:00,PE,ATM+6,13.129913,44400,23950.0,23661.2,295.2,295.55,293.8,295.1,825,1742809740
2025-03-24 15:20:00,PE,ATM+6,12.808456,44400,23950.0,23660.0,295.1,295.5,294.35,294.35,3900,1742809800
2025-03-24 15:21:00,PE,ATM+6,12.821142,44400,23950.0,23665.85,294.35,294.35,289.55,289.55,2400,1742809860
2025-03-24 15:22:00,PE,ATM+6,12.853582,42600,23950.0,23671.45,289.55,289.55,285.1,285.1,3075,1742809920
2025-03-24 15:23:00,PE,ATM+6,12.850726,42600,23950.0,23671.0,285.1,286.5,285.0,285.45,6675,1742809980
2025-03-24 15:24:00,PE,ATM+6,13.087019,42600,23950.0,23673.9,285.45,285.45,280.85,284.4,3525,1742810040
2025-03-24 15:25:00,PE,ATM+6,12.762668,41400,23950.0,23670.7,284.4,285.2,282.5,285.2,3600,1742810100
2025-03-24 15:26:00,PE,ATM+6,12.591774,41400,23950.0,23670.95,285.2,285.2,283.8,284.05,1575,1742810160
2025-03-24 15:27:00,PE,ATM+6,12.625807,41400,23950.0,23673.65,283.6,283.6,282.0,282.0,3000,1742810220
2025-03-24 15:28:00,PE,ATM+6,12.636635,1170625,24000.0,23677.25,321.95,324.0,321.4,321.4,18450,1742810280
2025-03-24 15:29:00,PE,ATM+6,12.374421,42900,23950.0,23674.15,282.35,285.8,280.2,280.2,4650,1742810340
2025-03-25 09:15:00,PE,ATM+6,19.151114,27600,24050.0,23762.75,325.15,326.5,311.55,319.1,11475,1742874300
2025-03-25 09:16:00,PE,ATM+6,19.118492,27600,24050.0,23738.25,315.95,338.4,315.95,338.1,10425,1742874360
2025-03-25 09:17:00,PE,ATM+6,20.063616,27600,24050.0,23745.25,338.1,341.1,337.3,337.75,1575,1742874420
2025-03-25 09:18:00,PE,ATM+6,20.276972,31725,24050.0,23741.1,337.75,343.85,336.05,342.15,2250,1742874480
2025-03-25 09:19:00,PE,ATM+6,20.515724,31725,24050.0,23727.6,341.85,354.0,341.85,354.0,4950,1742874540
2025-03-25 09:20:00,PE,ATM+6,20.977638,1203325,24000.0,23717.4,319.0,327.3,312.4,325.85,79125,1742874600
2025-03-25 09:21:00,PE,ATM+6,20.413185,1196850,24000.0,23703.35,324.45,337.0,324.2,333.2,72375,1742874660
2025-03-25 09:22:00,PE,ATM+6,21.535623,1196850,24000.0,23717.6,332.5,341.0,322.25,329.0,57600,1742874720
2025-03-25 09:23:00,PE,ATM+6,21.527993,1196850,24000.0,23710.35,331.0,334.35,326.5,334.35,32925,1742874780
2025-03-25 09:24:00,PE,ATM+6,20.994131,1217475,24000.0,23685.75,336.7,355.0,336.7,350.0,98400,1742874840
2025-03-25 09:25:00,PE,ATM+6,20.317439,1217475,24000.0,23692.15,349.8,351.0,340.0,341.25,45600,1742874900
2025-03-25 09:26:00,PE,ATM+6,19.824241,114300,23950.0,23673.05,306.05,315.85,301.0,314.5,17250,1742874960
2025-03-25 09:27:00,PE,ATM+6,19.557462,1208925,24000.0,23680.2,358.75,358.75,346.5,346.5,56625,1742875020
2025-03-25 09:28:00,PE,ATM+6,20.083359,1208925,24000.0,23688.2,344.25,355.9,338.9,343.0,40575,1742875080
2025-03-25 09:29:00,PE,ATM+6,19.706596,1208925,24000.0,23723.5,343.35,343.35,309.0,313.65,76800,1742875140
2025-03-25 09:30:00,PE,ATM+6,20.301168,31425,24050.0,23729.3,353.6,355.85,335.95,351.35,5925,1742875200
2025-03-25 09:31:00,PE,ATM+6,19.734059,31425,24050.0,23744.4,351.35,351.35,331.5,336.4,1875,1742875260
2025-03-25 09:32:00,PE,ATM+6,20.520203,31425,24050.0,23750.25,335.05,343.75,334.0,336.25,900,1742875320
2025-03-25 09:33:00,PE,ATM+6,19.786858,33975,24050.0,23743.65,333.2,337.25,325.0,337.25,8250,1742875380
2025-03-25 09:34:00,PE,ATM+6,19.028371,33975,24050.0,23760.0,337.25,337.25,320.3,320.3,2475,1742875440
2025-03-25 09:35:00,PE,ATM+6,19.788649,33975,24050.0,23761.9,320.3,324.05,318.9,323.1,1275,1742875500
2025-03-25 09:36:00,PE,ATM+6,19.433831,51300,24100.0,23775.9,360.0,360.0,347.7,349.55,9825,1742875560
2025-03-25 09:37:00,PE,ATM+6,19.979573,51300,24100.0,23781.55,349.55,349.55,339.0,347.95,4575,1742875620
2025-03-25 09:38:00,PE,ATM+6,18.620595,51300,24100.0,23788.75,347.95,347.95,335.0,335.0,10200,1742875680
2025-03-25 09:39:00,PE,ATM+6,18.739588,61950,24100.0,23786.2,331.65,339.8,330.0,337.65,10725,1742875740
2025-03-25 09:40:00,PE,ATM+6,19.030025,61950,24100.0,23790.05,337.0,342.8,333.45,336.1,4650,1742875800
2025-03-25 09:41:00,PE,ATM+6,18.818316,61950,24100.0,23787.75,336.1,336.85,329.5,336.8,3825,1742875860
2025-03-25 09:42:00,PE,ATM+6,18.768938,66975,24100.0,23788.1,336.8,341.75,336.25,336.25,3225,1742875920
2025-03-25 09:43:00,PE,ATM+6,19.041694,66975,24100.0,23794.25,336.25,336.75,331.9,332.8,2850,1742875980
2025-03-25 09:44:00,PE,ATM+6,18.887619,66975,24100.0,23788.1,332.8,336.85,330.7,336.85,3600,1742876040
2025-03-25 09:45:00,PE,ATM+6,18.157094,69150,24100.0,23781.55,336.85,348.1,335.9,338.35,4950,1742876100
2025-03-25 09:46:00,PE,ATM+6,18.797297,69150,24100.0,23793.0,338.35,339.8,328.55,332.45,4350,1742876160
2025-03-25 09:47:00,PE,ATM+6,18.615625,69150,24100.0,23799.9,330.15,332.85,323.4,326.0,4575,1742876220
2025-03-25 09:48:00,PE,ATM+6,18.726245,73125,24100.0,23799.75,325.3,327.25,322.9,326.7,3975,1742876280
2025-03-25 09:49:00,PE,ATM+6,18.182043,73125,24100.0,23810.85,326.7,329.85,314.0,315.0,16275,1742876340
2025-03-25 09:50:00,PE,ATM+6,18.710182,12900,24150.0,23831.9,358.4,360.25,341.0,341.0,3450,1742876400
2025-03-25 09:51:00,PE,ATM+6,18.847321,13950,24150.0,23838.65,341.0,341.0,326.55,336.3,4650,1742876460
2025-03-25 09:52:00,PE,ATM+6,18.272345,13950,24150.0,23844.0,336.3,338.75,329.0,329.0,1425,1742876520
2025-03-25 09:53:00,PE,ATM+6,18.605734,13950,24150.0,23838.1,329.0,335.45,329.0,335.45,225,1742876580
2025-03-25 09:54:00,PE,ATM+6,17.852797,14100,24150.0,23845.25,335.35,335.35,325.8,325.8,5625,1742876640
2025-03-25 09:55:00,PE,ATM+6,17.389099,14100,24150.0,23845.9,325.8,326.45,322.9,322.9,2400,1742876700
2025-03-25 09:56:00,PE,ATM+6,17.259699,14100,24150.0,23843.55,322.9,324.15,322.9,324.15,150,1742876760
2025-03-25 09:57:00,PE,ATM+6,17.632067,16425,24150.0,23845.05,324.15,327.7,324.15,324.8,1050,1742876820
2025-03-25 09:58:00,PE,ATM+6,16.698045,16425,24150.0,23865.65,324.8,326.5,303.4,303.4,2925,1742876880
2025-03-25 09:59:00,PE,ATM+6,17.152977,16425,24150.0,23863.6,303.15,307.4,302.75,307.4,2100,1742876940
2025-03-25 10:00:00,PE,ATM+6,16.905738,16425,24150.0,23859.25,307.4,313.05,307.4,309.6,2325,1742877000
2025-03-25 10:01:00,PE,ATM+6,17.805807,17325,24150.0,23855.15,309.6,317.7,309.6,317.55,1800,1742877060
2025-03-25 10:02:00,PE,ATM+6,17.041483,17325,24150.0,23835.95,318.45,329.25,318.45,329.25,2550,1742877120
2025-03-25 10:03:00,PE,ATM+6,16.227111,16200,24150.0,23827.2,329.25,335.55,329.25,332.75,3525,1742877180
2025-03-25 10:04:00,PE,ATM+6,16.28931,16200,24150.0,23833.0,340.7,340.7,328.15,328.15,2475,1742877240
2025-03-25 10:05:00,PE,ATM+6,17.609616,16200,24150.0,23835.15,328.15,337.85,328.15,332.65,2550,1742877300
2025-03-25 10:06:00,PE,ATM+6,17.769463,16500,24150.0,23842.15,332.65,332.65,324.5,327.75,2475,1742877360
2025-03-25 10:07:00,PE,ATM+6,18.216114,16500,24150.0,23838.7,327.75,334.0,326.8,332.8,825,1742877420
2025-03-25 10:08:00,PE,ATM+6,18.115458,16500,24150.0,23838.05,332.8,332.8,332.8,332.8,150,1742877480
2025-03-25 10:09:00,PE,ATM+6,17.29373,144450,24100.0,23813.75,288.85,309.45,288.7,307.75,29550,1742877540
2025-03-25 10:10:00,PE,ATM+6,17.019446,144450,24100.0,23799.65,308.0,317.7,304.85,317.7,24225,1742877600
2025-03-25 10:11:00,PE,ATM+6,17.40428,144450,24100.0,23804.95,320.0,321.3,310.5,315.35,18825,1742877660
2025-03-25 10:12:00,PE,ATM+6,17.432906,145800,24100.0,23808.05,313.6,316.0,309.15,313.0,7500,1742877720
2025-03-25 10:13:00,PE,ATM+6,17.412957,145800,24100.0,23800.45,313.0,319.0,313.0,319.0,3000,1742877780
2025-03-25 10:14:00,PE,ATM+6,17.641513,116775,24050.0,23770.4,275.1,304.1,275.1,304.1,23325,1742877840
2025-03-25 10:15:00,PE,ATM+6,17.362539,109500,24050.0,23762.85,307.1,315.55,303.95,308.6,19050,1742877900
2025-03-25 10:16:00,PE,ATM+6,17.755733,143100,24100.0,23807.6,348.45,352.3,310.4,315.0,13650,1742877960
2025-03-25 10:17:00,PE,ATM+6,18.336388,143100,24100.0,23814.55,313.65,323.1,308.1,312.6,10125,1742878020
2025-03-25 10:18:00,PE,ATM+6,17.318552,143100,24100.0,23803.2,311.9,318.05,310.6,316.25,7050,1742878080
2025-03-25 10:19:00,PE,ATM+6,17.191497,138525,24100.0,23798.2,321.0,326.45,319.65,319.65,7275,1742878140
2025-03-25 10:20:00,PE,ATM+6,17.163827,138525,24100.0,23818.9,317.7,319.9,300.95,302.85,7875,1742878200
2025-03-25 10:21:00,PE,ATM+6,17.362561,144525,24100.0,23823.25,299.75,304.85,299.75,300.45,6150,1742878260
2025-03-25 10:22:00,PE,ATM+6,17.122871,144525,24100.0,23820.3,299.0,303.5,297.0,301.5,6975,1742878320
2025-03-25 10:23:00,PE,ATM+6,16.424045,144525,24100.0,23820.0,300.15,302.15,296.5,298.1,6900,1742878380
2025-03-25 10:24:00,PE,ATM+6,16.082629,156375,24100.0,23813.8,297.4,303.8,297.4,301.4,9300,1742878440
2025-03-25 10:25:00,PE,ATM+6,15.580652,156375,24100.0,23810.1,300.15,309.4,298.1,302.0,15675,1742878500
2025-03-25 10:26:00,PE,ATM+6,15.363382,156375,24100.0,23813.5,302.0,304.7,297.0,298.15,4425,1742878560
2025-03-25 10:27:00,PE,ATM+6,16.221772,156375,24100.0,23821.9,298.15,298.95,291.85,295.5,5475,1742878620
2025-03-25 10:28:00,PE,ATM+6,16.25656,157500,24100.0,23823.35,294.75,295.95,292.6,294.5,4425,1742878680
2025-03-25 10:29:00,PE,ATM+6,17.07353,157500,24100.0,23813.0,292.6,307.0,292.1,307.0,10875,1742878740
2025-03-25 10:30:00,PE,ATM+6,16.187262,151050,24100.0,23795.7,306.35,318.4,305.7,316.75,20925,1742878800
2025-03-25 10:31:00,PE,ATM+6,15.451975,151050,24100.0,23793.95,320.0,327.7,314.85,314.85,17700,1742878860
2025-03-25 10:32:00,PE,ATM+6,16.249564,151050,24100.0,23792.0,314.85,323.65,307.0,320.1,10125,1742878920
2025-03-25 10:33:00,PE,ATM+6,16.271203,149100,24100.0,23791.15,320.1,323.6,316.65,320.9,1575,1742878980
2025-03-25 10:34:00,PE,ATM+6,15.772731,149100,24100.0,23781.05,322.85,327.8,319.95,327.15,4125,1742879040
2025-03-25 10:35:00,PE,ATM+6,14.793517,149100,24100.0,23779.95,330.0,335.5,323.35,324.0,9375,1742879100
2025-03-25 10:36:00,PE,ATM+6,15.417499,96600,24050.0,23755.5,284.0,304.85,284.0,304.85,11700,1742879160
2025-03-25 10:37:00,PE,ATM+6,14.215728,96600,24050.0,23733.55,309.25,322.0,306.45,318.5,11025,1742879220
2025-03-25 10:38:00,PE,ATM+6,15.707211,1721075,24000.0,23713.6,280.8,303.7,280.8,299.35,274125,1742879280
2025-03-25 10:39:00,PE,ATM+6,15.476833,87300,24050.0,23737.2,347.95,347.95,320.5,320.5,12450,1742879340
2025-03-25 10:40:00,PE,ATM+6,15.762078,1584425,24000.0,23720.0,280.6,300.0,280.6,294.35,93900,1742879400
2025-03-25 10:41:00,PE,ATM+6,15.037445,1584425,24000.0,23716.05,293.5,300.0,289.5,294.15,41925,1742879460
2025-03-25 10:42:00,PE,ATM+6,14.699668,80025,24050.0,23736.3,336.95,337.45,318.0,318.0,14475,1742879520
2025-03-25 10:43:00,PE,ATM+6,16.444541,80025,24050.0,23764.7,318.0,318.0,299.2,302.15,7350,1742879580
2025-03-25 10:44:00,PE,ATM+6,15.876062,80025,24050.0,23761.1,302.15,307.6,298.95,302.3,6150,1742879640
2025-03-25 10:45:00,PE,ATM+6,14.769615,80025,24050.0,23739.75,302.0,320.65,298.35,315.3,16125,1742879700
2025-03-25 10:46:00,PE,ATM+6,15.429735,78675,24050.0,23740.5,317.9,320.55,310.0,317.45,4800,1742879760
2025-03-25 10:47:00,PE,ATM+6,14.343052,78675,24050.0,23739.3,317.45,317.45,312.45,313.95,825,1742879820
2025-03-25 10:48:00,PE,ATM+6,14.01378,78675,24050.0,23739.25,313.95,319.0,307.0,312.7,750,1742879880
2025-03-25 10:49:00,PE,ATM+6,14.373192,79125,24050.0,23739.6,312.7,315.0,312.0,313.8,1500,1742879940
2025-03-25 10:50:00,PE,ATM+6,15.080168,79125,24050.0,23732.3,313.8,322.95,308.4,322.95,825,1742880000
2025-03-25 10:51:00,PE,ATM+6,14.148102,79125,24050.0,23725.15,322.95,326.85,321.45,325.55,3075,1742880060
2025-03-25 10:52:00,PE,ATM+6,15.015999,1541800,24000.0,23720.35,288.1,291.85,280.65,290.4,46725,1742880120
2025-03-25 10:53:00,PE,ATM+6,15.288527,1541800,24000.0,23720.2,292.0,295.0,285.35,291.8,42150,1742880180
2025-03-25 10:54:00,PE,ATM+6,14.746935,1527100,24000.0,23718.0,294.05,294.05,287.15,291.1,24825,1742880240
2025-03-25 10:55:00,PE,ATM+6,14.474541,1527100,24000.0,23687.9,294.9,315.55,292.5,315.55,101400,1742880300
2025-03-25 10:56:00,PE,ATM+6,15.977285,1527100,24000.0,23680.75,321.05,327.9,312.4,327.9,139350,1742880360
2025-03-25 10:57:00,PE,ATM+6,16.169757,257400,23950.0,23661.5,292.1,310.4,292.1,303.0,51525,1742880420
2025-03-25 10:58:00,PE,ATM+6,14.642169,1485700,24000.0,23683.05,349.05,351.0,317.9,320.4,88875,1742880480
2025-03-25 10:59:00,PE,ATM+6,14.678916,1485700,24000.0,23701.25,322.9,326.0,297.45,304.9,64575,1742880540
2025-03-25 11:00:00,PE,ATM+6,14.753556,1470850,24000.0,23693.3,310.0,321.9,305.4,312.0,57150,1742880600
2025-03-25 11:01:00,PE,ATM+6,15.405092,1470850,24000.0,23675.45,311.75,330.0,311.75,330.0,49125,1742880660
2025-03-25 11:02:00,PE,ATM+6,13.941496,1470850,24000.0,23698.7,333.0,333.0,304.05,304.05,43800,1742880720
2025-03-25 11:03:00,PE,ATM+6,14.341475,1470850,24000.0,23681.8,307.8,325.5,306.45,320.3,44850,1742880780
2025-03-25 11:04:00,PE,ATM+6,14.527676,1477075,24000.0,23698.95,321.95,321.95,306.2,306.2,23700,1742880840
2025-03-25 11:05:00,PE,ATM+6,13.869269,1477075,24000.0,23715.55,304.7,312.0,289.25,289.25,55350,1742880900
2025-03-25 11:06:00,PE,ATM+6,14.435735,1487575,24000.0,23716.6,287.75,298.0,285.8,290.8,51225,1742880960
2025-03-25 11:07:00,PE,ATM+6,14.419546,1487575,24000.0,23719.3,290.5,295.2,284.3,288.45,49725,1742881020
2025-03-25 11:08:00,PE,ATM+6,14.992619,1487575,24000.0,23707.1,289.3,301.25,287.05,301.25,41625,1742881080
2025-03-25 11:09:00,PE,ATM+6,15.387959,1487575,24000.0,23686.1,305.25,326.25,304.55,320.75,87825,1742881140
2025-03-25 11:10:00,PE,ATM+6,14.97707,1481100,24000.0,23697.55,324.65,324.65,306.15,309.25,48450,1742881200
2025-03-25 11:11:00,PE,ATM+6,14.772266,1481100,24000.0,23708.95,309.8,309.8,298.4,298.7,34200,1742881260
2025-03-25 11:12:00,PE,ATM+6,15.391704,1481100,24000.0,23705.2,298.95,312.55,298.95,304.6,20400,1742881320
2025-03-25 11:13:00,PE,ATM+6,15.248506,1483950,24000.0,23691.95,305.0,315.3,301.5,315.15,23925,1742881380
2025-03-25 11:14:00,PE,ATM+6,13.721953,1483950,24000.0,23701.1,316.0,316.0,300.3,301.05,25050,1742881440
2025-03-25 11:15:00,PE,ATM+6,13.857061,1483950,24000.0,23706.8,302.4,303.55,292.75,296.65,20475,1742881500
2025-03-25 11:16:00,PE,ATM+6,14.007818,1496325,24000.0,23717.05,293.9,297.85,284.0,288.5,40950,1742881560
2025-03-25 11:17:00,PE,ATM+6,14.496068,1496325,24000.0,23702.45,288.5,303.0,287.2,303.0,28800,1742881620
2025-03-25 11:18:00,PE,ATM+6,14.550319,1496325,24000.0,23697.8,303.85,314.6,303.85,307.2,53700,1742881680
2025-03-25 11:19:00,PE,ATM+6,13.852731,1489950,24000.0,23712.05,306.75,306.75,290.45,292.1,27525,1742881740
2025-03-25 11:20:00,PE,ATM+6,14.119456,1489950,24000.0,23709.95,294.35,302.55,294.35,295.0,17550,1742881800
2025-03-25 11:21:00,PE,ATM+6,14.767146,1489950,24000.0,23695.85,294.15,312.4,294.15,309.75,34875,1742881860
2025-03-25 11:22:00,PE,ATM+6,14.476375,1494525,24000.0,23691.85,311.2,318.95,308.25,312.0,41475,1742881920
2025-03-25 11:23:00,PE,ATM+6,14.539972,1494525,24000.0,23679.75,311.0,323.15,306.25,322.75,49050,1742881980
2025-03-25 11:24:00,PE,ATM+6,14.447862,239400,23950.0,23671.75,286.2,289.6,276.7,286.3,16125,1742882040
2025-03-25 11:25:00,PE,ATM+6,13.435098,236325,23950.0,23673.55,289.1,291.35,277.65,280.4,21825,1742882100
2025-03-25 11:26:00,PE,ATM+6,13.857275,236325,23950.0,23666.3,281.2,295.0,281.2,288.35,10875,1742882160
2025-03-25 11:27:00,PE,ATM+6,13.464561,236325,23950.0,23674.15,289.05,289.05,280.0,280.0,12225,1742882220
2025-03-25 11:28:00,PE,ATM+6,13.613677,226500,23950.0,23656.2,280.0,297.4,280.0,296.05,15750,1742882280
2025-03-25 11:29:00,PE,ATM+6,12.586386,226500,23950.0,23662.8,296.05,303.3,285.0,286.4,27225,1742882340
2025-03-25 11:30:00,PE,ATM+6,12.588966,226500,23950.0,23665.65,285.45,290.5,277.6,283.9,10500,1742882400
2025-03-25 11:31:00,PE,ATM+6,13.134033,213750,23950.0,23669.65,289.25,290.65,280.0,282.5,7875,1742882460
2025-03-25 11:32:00,PE,ATM+6,13.298262,213750,23950.0,23674.6,279.05,281.35,273.55,278.9,9975,1742882520
2025-03-25 11:33:00,PE,ATM+6,12.434161,1458525,24000.0,23685.8,320.0,322.05,309.5,310.05,29625,1742882580
2025-03-25 11:34:00,PE,ATM+6,12.655633,1455825,24000.0,23683.85,308.5,315.95,307.95,312.5,19575,1742882640
2025-03-25 11:35:00,PE,ATM+6,12.938327,1455825,24000.0,23678.35,315.0,323.65,310.4,318.35,20325,1742882700
2025-03-25 11:36:00,PE,ATM+6,12.793556,1455825,24000.0,23679.45,318.9,320.85,312.8,316.9,11025,1742882760
2025-03-25 11:37:00,PE,ATM+6,12.901237,1456875,24000.0,23680.6,319.55,323.85,315.9,316.2,10275,1742882820
2025-03-25 11:38:00,PE,ATM+6,14.344338,212250,23950.0,23663.35,277.4,295.0,277.4,292.85,8400,1742882880
2025-03-25 11:39:00,PE,ATM+6,13.916641,212250,23950.0,23645.7,295.55,306.3,292.7,306.3,20625,1742882940
2025-03-25 11:40:00,PE,ATM+6,13.186752,208725,23950.0,23655.25,304.15,304.15,293.0,295.2,20025,1742883000
2025-03-25 11:41:00,PE,ATM+6,12.785268,208725,23950.0,23651.0,294.2,299.15,289.4,297.5,8925,1742883060
2025-03-25 11:42:00,PE,ATM+6,12.698209,208725,23950.0,23647.85,299.7,309.95,296.8,300.0,16425,1742883120
2025-03-25 11:43:00,PE,ATM+6,12.564925,203850,23950.0,23637.55,298.7,313.85,298.7,308.8,14850,1742883180
2025-03-25 11:44:00,PE,ATM+6,11.885088,203850,23950.0,23642.55,308.5,308.5,301.8,302.2,4500,1742883240
2025-03-25 11:45:00,PE,ATM+6,12.585736,203850,23950.0,23661.15,299.8,301.85,286.8,287.8,10800,1742883300
2025-03-25 11:46:00,PE,ATM+6,13.545548,193950,23950.0,23653.85,288.35,298.15,281.95,297.75,9375,1742883360
2025-03-25 11:47:00,PE,ATM+6,13.538598,193950,23950.0,23650.15,297.75,300.95,291.55,300.95,8400,1742883420
2025-03-25 11:48:00,PE,ATM+6,12.233426,193950,23950.0,23655.55,300.15,300.15,291.55,291.55,3300,1742883480
2025-03-25 11:49:00,PE,ATM+6,13.525982,192675,23950.0,23644.9,289.65,305.5,289.65,305.5,9675,1742883540
2025-03-25 11:50:00,PE,ATM+6,12.567805,192675,23950.0,23640.65,305.3,310.0,302.0,306.0,5775,1742883600
2025-03-25 11:51:00,PE,ATM+6,12.508539,192675,23950.0,23648.4,306.0,313.95,298.3,298.85,9225,1742883660
2025-03-25 11:52:00,PE,ATM+6,13.208076,192150,23950.0,23662.5,298.05,298.05,288.9,288.9,4350,1742883720
2025-03-25 11:53:00,PE,ATM+6,13.093362,192150,23950.0,23673.75,284.7,284.7,274.9,278.7,15300,1742883780
2025-03-25 11:54:00,PE,ATM+6,13.765348,1405125,24000.0,23677.6,318.9,326.05,317.5,321.7,17250,1742883840
2025-03-25 11:55:00,PE,ATM+6,13.629036,1412850,24000.0,23679.15,317.7,326.65,317.7,319.85,17775,1742883900
2025-03-25 11:56:00,PE,ATM+6,14.359413,190875,23950.0,23673.3,280.8,286.75,276.15,284.4,6225,1742883960
2025-03-25 11:57:00,PE,ATM+6,14.089349,1412850,24000.0,23689.35,325.0,328.7,312.5,312.5,21075,1742884020
2025-03-25 11:58:00,PE,ATM+6,14.812999,1417200,24000.0,23693.95,314.0,314.7,308.35,311.35,44325,1742884080
2025-03-25 11:59:00,PE,ATM+6,14.288165,1417200,24000.0,23710.05,309.0,315.15,295.4,295.4,35325,1742884140
2025-03-25 12:00:00,PE,ATM+6,14.869627,1417200,24000.0,23715.85,294.5,300.85,291.9,293.0,48825,1742884200
2025-03-25 12:01:00,PE,ATM+6,14.093847,1431675,24000.0,23711.9,291.95,300.0,291.7,293.0,36450,1742884260
2025-03-25 12:02:00,PE,ATM+6,14.867523,1431675,24000.0,23709.7,295.35,301.6,295.0,298.15,20775,1742884320
2025-03-25 12:03:00,PE,ATM+6,14.157006,1431675,24000.0,23703.1,297.0,302.55,295.0,300.8,16800,1742884380
2025-03-25 12:04:00,PE,ATM+6,13.862885,1433550,24000.0,23705.85,298.45,301.65,295.35,297.25,19650,1742884440
2025-03-25 12:05:00,PE,ATM+6,14.290419,1433550,24000.0,23702.55,297.25,301.8,294.75,301.8,15900,1742884500
2025-03-25 12:06:00,PE,ATM+6,14.834175,1433550,24000.0,23703.95,304.65,304.85,297.0,302.85,26400,1742884560
2025-03-25 12:07:00,PE,ATM+6,14.520609,1437750,24000.0,23724.2,300.0,300.95,281.2,284.4,56550,1742884620
2025-03-25 12:08:00,PE,ATM+6,12.875603,52575,24050.0,23729.05,324.4,324.4,317.5,317.5,1650,1742884680
2025-03-25 12:09:00,PE,ATM+6,13.069219,52575,24050.0,23726.95,317.5,320.35,316.25,320.0,1500,1742884740
2025-03-25 12:10:00,PE,ATM+6,14.010642,1436325,24000.0,23722.0,276.4,285.0,276.4,284.0,20775,1742884800
2025-03-25 12:11:00,PE,ATM+6,14.068747,1436325,24000.0,23701.95,285.0,301.4,283.85,301.4,51600,1742884860
2025-03-25 12:12:00,PE,ATM+6,13.904859,1436325,24000.0,23691.4,300.8,309.95,295.45,309.95,45675,1742884920
2025-03-25 12:13:00,PE,ATM+6,13.699651,1432425,24000.0,23688.1,309.45,312.2,303.0,312.1,30525,1742884980
2025-03-25 12:14:00,PE,ATM+6,13.323656,1432425,24000.0,23693.15,309.85,309.85,301.65,306.3,17925,1742885040
2025-03-25 12:15:00,PE,ATM+6,12.858591,1432425,24000.0,23695.45,306.45,307.25,300.0,302.65,28500,1742885100
2025-03-25 12:16:00,PE,ATM+6,12.59713,1434600,24000.0,23684.1,302.0,313.55,300.75,312.0,17700,1742885160
2025-03-25 12:17:00,PE,ATM+6,13.009184,191625,23950.0,23674.05,269.05,278.0,267.65,278.0,7950,1742885220
2025-03-25 12:18:00,PE,ATM+6,13.392854,191625,23950.0,23666.25,280.6,286.3,276.25,286.25,15450,1742885280
2025-03-25 12:19:00,PE,ATM+6,12.350548,186150,23950.0,23659.6,290.65,296.7,287.7,288.25,17925,1742885340
2025-03-25 12:20:00,PE,ATM+6,13.238112,186150,23950.0,23658.6,288.55,292.3,281.95,292.3,9000,1742885400
2025-03-25 12:21:00,PE,ATM+6,12.713884,186150,23950.0,23662.5,292.3,292.3,283.85,286.95,8775,1742885460
2025-03-25 12:22:00,PE,ATM+6,13.380509,1421850,24000.0,23681.25,329.2,329.2,315.75,317.05,31650,1742885520
2025-03-25 12:23:00,PE,ATM+6,12.957362,1421850,24000.0,23691.2,314.9,315.15,306.0,306.75,25725,1742885580
2025-03-25 12:24:00,PE,ATM+6,14.228054,1421850,24000.0,23687.4,306.65,315.0,305.9,314.6,25050,1742885640
2025-03-25 12:25:00,PE,ATM+6,13.622717,1414350,24000.0,23676.6,310.0,322.0,310.0,322.0,19200,1742885700
2025-03-25 12:26:00,PE,ATM+6,14.39936,1414350,24000.0,23680.35,323.85,328.5,319.05,321.4,17550,1742885760
2025-03-25 12:27:00,PE,ATM+6,12.89492,185175,23950.0,23668.6,279.45,286.9,279.45,282.25,4950,1742885820
2025-03-25 12:28:00,PE,ATM+6,12.944005,184950,23950.0,23671.05,283.25,286.0,277.95,280.3,4800,1742885880
2025-03-25 12:29:00,PE,ATM+6,11.14653,1418325,24000.0,23680.9,321.3,321.3,311.0,311.0,11625,1742885940
2025-03-25 12:30:00,PE,ATM+6,11.581762,1418325,24000.0,23688.55,312.85,318.25,305.0,305.0,20100,1742886000
2025-03-25 12:31:00,PE,ATM+6,11.743768,1419550,24000.0,23692.85,302.0,303.5,298.35,301.5,60450,1742886060
2025-03-25 12:32:00,PE,ATM+6,11.748089,1419550,24000.0,23687.95,302.35,307.15,301.7,306.0,12900,1742886120
2025-03-25 12:33:00,PE,ATM+6,11.451314,1419550,24000.0,23683.2,307.95,311.45,303.65,309.6,12525,1742886180
2025-03-25 12:34:00,PE,ATM+6,12.798093,183750,23950.0,23672.45,271.05,278.5,270.0,278.5,10500,1742886240
2025-03-25 12:35:00,PE,ATM+6,12.697005,183750,23950.0,23667.95,278.5,282.3,278.5,282.05,6600,1742886300
2025-03-25 12:36:00,PE,ATM+6,11.401935,183750,23950.0,23673.1,279.95,280.1,273.0,273.0,9900,1742886360
2025-03-25 12:37:00,PE,ATM+6,9.920055,1442725,24000.0,23689.05,313.65,313.65,300.0,300.75,38925,1742886420
2025-03-25 12:38:00,PE,ATM+6,9.362505,1442725,24000.0,23688.0,300.85,305.5,300.8,300.8,16200,1742886480
2025-03-25 12:39:00,PE,ATM+6,10.067466,1442725,24000.0,23694.0,300.8,303.15,296.35,296.35,19650,1742886540
2025-03-25 12:40:00,PE,ATM+6,10.624077,1444350,24000.0,23682.6,297.85,309.25,296.55,308.25,22575,1742886600
2025-03-25 12:41:00,PE,ATM+6,8.672243,1444350,24000.0,23678.8,310.0,312.45,306.0,308.8,13275,1742886660
2025-03-25 12:42:00,PE,ATM+6,11.217204,1444350,24000.0,23686.45,308.95,309.0,300.8,306.0,10800,1742886720
2025-03-25 12:43:00,PE,ATM+6,0.0,1438650,24000.0,23690.9,305.95,305.95,294.4,294.4,13725,1742886780
2025-03-25 12:44:00,PE,ATM+6,9.730401,1438650,24000.0,23696.9,295.4,295.4,290.05,292.95,32700,1742886840
2025-03-25 12:45:00,PE,ATM+6,9.746017,1438650,24000.0,23691.25,294.15,299.15,293.1,298.35,18450,1742886900
2025-03-25 12:46:00,PE,ATM+6,9.298701,1444200,24000.0,23696.1,297.45,302.35,292.3,292.95,20550,1742886960
2025-03-25 12:47:00,PE,ATM+6,9.314651,1444200,24000.0,23696.6,294.65,295.45,286.45,292.5,27150,1742887020
2025-03-25 12:48:00,PE,ATM+6,8.356994,1444200,24000.0,23703.45,295.1,297.0,284.15,284.5,22200,1742887080
2025-03-25 12:49:00,PE,ATM+6,10.23825,1455550,24000.0,23701.25,284.0,290.55,283.0,289.9,13200,1742887140
2025-03-25 12:50:00,PE,ATM+6,9.592451,1455550,24000.0,23701.85,290.55,291.2,287.05,288.0,21075,1742887200
2025-03-25 12:51:00,PE,ATM+6,9.403297,1455550,24000.0,23696.45,288.65,293.0,287.0,292.8,9000,1742887260
2025-03-25 12:52:00,PE,ATM+6,10.010393,1458325,24000.0,23692.15,292.95,298.0,289.0,298.0,11475,1742887320
2025-03-25 12:53:00,PE,ATM+6,9.987396,1458325,24000.0,23684.05,299.0,305.65,297.75,305.65,36450,1742887380
2025-03-25 12:54:00,PE,ATM+6,0.0,1458325,24000.0,23681.2,304.8,307.75,302.0,303.0,51450,1742887440
2025-03-25 12:55:00,PE,ATM+6,6.439848,1435225,24000.0,23689.5,302.05,302.05,296.5,296.85,10500,1742887500
2025-03-25 12:56:00,PE,ATM+6,0.0,1435225,24000.0,23682.7,297.35,302.0,293.25,302.0,15450,1742887560
2025-03-25 12:57:00,PE,ATM+6,0.0,1435225,24000.0,23684.45,303.35,307.7,296.85,297.75,16125,1742887620
2025-03-25 12:58:00,PE,ATM+6,0.0,1434100,24000.0,23679.5,298.0,305.0,297.95,301.85,7050,1742887680
2025-03-25 12:59:00,PE,ATM+6,0.0,1434100,24000.0,23684.8,300.0,302.25,295.0,300.2,11925,1742887740
2025-03-25 13:00:00,PE,ATM+6,0.0,1434100,24000.0,23684.45,300.45,302.15,298.25,298.95,23475,1742887800
2025-03-25 13:01:00,PE,ATM+6,7.838973,183825,23950.0,23673.1,255.0,266.45,253.0,264.85,6450,1742887860
2025-03-25 13:02:00,PE,ATM+6,9.23166,183825,23950.0,23673.2,266.45,271.0,264.3,267.1,11550,1742887920
2025-03-25 13:03:00,PE,ATM+6,0.0,1429050,24000.0,23677.15,306.0,308.75,302.25,302.25,15300,1742887980
2025-03-25 13:04:00,PE,ATM+6,0.0,1427250,24000.0,23677.15,300.8,306.5,300.0,305.0,9150,1742888040
2025-03-25 13:05:00,PE,ATM+6,9.018621,188550,23950.0,23670.85,265.7,269.75,264.95,268.9,10275,1742888100
2025-03-25 13:06:00,PE,ATM+6,0.0,1427250,24000.0,23680.25,309.5,311.3,298.5,300.15,10650,1742888160
2025-03-25 13:07:00,PE,ATM+6,0.0,1426200,24000.0,23686.25,299.65,301.0,294.9,297.45,17925,1742888220
2025-03-25 13:08:00,PE,ATM+6,0.0,1426200,24000.0,23686.7,294.55,300.7,294.45,297.9,12150,1742888280
2025-03-25 13:09:00,PE,ATM+6,0.0,1426200,24000.0,23685.8,297.85,304.15,297.2,298.0,9150,1742888340
2025-03-25 13:10:00,PE,ATM+6,7.253771,1423800,24000.0,23693.75,297.25,300.0,293.05,293.05,8325,1742888400
2025-03-25 13:11:00,PE,ATM+6,0.0,1423800,24000.0,23688.95,293.05,302.6,293.05,296.75,3300,1742888460
2025-03-25 13:12:00,PE,ATM+6,0.0,1423800,24000.0,23681.35,296.0,303.0,296.0,301.35,7950,1742888520
2025-03-25 13:13:00,PE,ATM+6,0.0,1422750,24000.0,23681.0,301.35,303.05,298.1,302.0,6600,1742888580
2025-03-25 13:14:00,PE,ATM+6,0.0,1422750,24000.0,23676.0,302.55,305.1,299.95,305.1,11400,1742888640
2025-03-25 13:15:00,PE,ATM+6,8.49591,198750,23950.0,23674.35,262.95,264.65,261.7,264.65,4650,1742888700
2025-03-25 13:16:00,PE,ATM+6,7.880475,199275,23950.0,23659.45,264.65,279.9,263.1,278.2,17625,1742888760
2025-03-25 13:17:00,PE,ATM+6,9.759022,199275,23950.0,23650.1,279.15,292.9,277.3,290.0,37275,1742888820
2025-03-25 13:18:00,PE,ATM+6,8.807118,199275,23950.0,23657.5,290.0,290.35,280.0,281.3,13275,1742888880
2025-03-25 13:19:00,PE,ATM+6,9.885422,191175,23950.0,23656.35,281.3,285.0,276.05,284.35,3975,1742888940
2025-03-25 13:20:00,PE,ATM+6,10.403197,191175,23950.0,23659.95,287.0,287.0,280.85,282.15,6075,1742889000
2025-03-25 13:21:00,PE,ATM+6,10.913775,191175,23950.0,23669.45,282.15,283.1,274.6,274.75,3675,1742889060
2025-03-25 13:22:00,PE,ATM+6,9.667536,190500,23950.0,23673.65,274.75,274.75,267.3,267.65,6675,1742889120
2025-03-25 13:23:00,PE,ATM+6,8.538974,1460775,24000.0,23683.45,306.85,306.85,302.0,304.25,23775,1742889180
2025-03-25 13:24:00,PE,ATM+6,0.0,1460775,24000.0,23682.05,305.0,305.55,302.45,303.8,11025,1742889240
2025-03-25 13:25:00,PE,ATM+6,10.919718,1453575,24000.0,23687.25,302.65,309.8,302.65,304.55,12825,1742889300
2025-03-25 13:26:00,PE,ATM+6,10.736828,1453575,24000.0,23687.35,303.2,309.6,303.0,304.05,9750,1742889360
2025-03-25 13:27:00,PE,ATM+6,7.449555,1453575,24000.0,23683.5,304.05,305.8,302.5,303.35,7950,1742889420
2025-03-25 13:28:00,PE,ATM+6,11.255456,190725,23950.0,23668.45,264.0,276.65,263.45,276.65,5250,1742889480
2025-03-25 13:29:00,PE,ATM+6,10.202592,190725,23950.0,23667.5,275.35,275.35,270.5,274.65,8925,1742889540
2025-03-25 13:30:00,PE,ATM+6,10.449428,190725,23950.0,23673.55,273.5,273.5,269.0,269.7,4875,1742889600
2025-03-25 13:31:00,PE,ATM+6,0.0,1458225,24000.0,23680.1,310.65,313.0,300.9,300.9,14400,1742889660
2025-03-25 13:32:00,PE,ATM+6,0.0,1458225,24000.0,23680.05,302.6,305.0,296.3,299.3,20625,1742889720
2025-03-25 13:33:00,PE,ATM+6,0.0,1458225,24000.0,23680.35,299.3,300.95,296.05,300.0,8250,1742889780
2025-03-25 13:34:00,PE,ATM+6,0.0,1459575,24000.0,23679.5,298.05,301.7,295.65,297.0,7650,1742889840
2025-03-25 13:35:00,PE,ATM+6,0.0,1459575,24000.0,23686.6,297.0,299.5,290.6,292.45,17100,1742889900
2025-03-25 13:36:00,PE,ATM+6,0.0,1459575,24000.0,23694.85,291.65,292.4,283.8,283.8,19575,1742889960
2025-03-25 13:37:00,PE,ATM+6,0.0,1458825,24000.0,23702.45,281.45,283.55,272.35,282.4,39825,1742890020
2025-03-25 13:38:00,PE,ATM+6,7.648403,1458825,24000.0,23710.65,283.4,284.5,276.85,276.85,23475,1742890080
2025-03-25 13:39:00,PE,ATM+6,6.166116,1458825,24000.0,23713.75,278.4,278.9,272.3,272.85,25350,1742890140
2025-03-25 13:40:00,PE,ATM+6,10.873246,1465575,24000.0,23712.25,273.3,281.25,273.3,281.25,16950,1742890200
2025-03-25 13:41:00,PE,ATM+6,9.742458,1465575,24000.0,23710.85,280.7,284.9,279.3,279.85,33150,1742890260
2025-03-25 13:42:00,PE,ATM+6,11.461479,1465575,24000.0,23705.45,279.8,292.6,279.6,289.1,26700,1742890320
2025-03-25 13:43:00,PE,ATM+6,11.356301,1463775,24000.0,23717.65,288.4,290.0,275.95,277.7,17625,1742890380
2025-03-25 13:44:00,PE,ATM+6,10.626127,1463775,24000.0,23711.6,276.6,281.2,276.6,281.2,9300,1742890440
2025-03-25 13:45:00,PE,ATM+6,9.73885,1463775,24000.0,23708.3,280.4,287.8,280.4,282.25,16875,1742890500
2025-03-25 13:46:00,PE,ATM+6,11.206193,1464300,24000.0,23707.4,281.7,287.1,280.0,286.6,13125,1742890560
2025-03-25 13:47:00,PE,ATM+6,9.599102,1464300,24000.0,23712.4,286.6,286.6,277.7,278.1,14025,1742890620
2025-03-25 13:48:00,PE,ATM+6,11.539727,1464300,24000.0,23720.15,278.1,278.15,273.0,276.0,24675,1742890680
2025-03-25 13:49:00,PE,ATM+6,6.951719,57675,24050.0,23729.2,317.8,318.05,307.45,307.45,900,1742890740
2025-03-25 13:50:00,PE,ATM+6,0.0,57675,24050.0,23733.5,308.0,308.0,295.85,301.55,3675,1742890800
2025-03-25 13:51:00,PE,ATM+6,0.0,57675,24050.0,23732.2,301.55,303.15,300.0,303.15,600,1742890860
2025-03-25 13:52:00,PE,ATM+6,10.47543,1468700,24000.0,23720.55,260.25,275.75,260.25,272.55,59400,1742890920
2025-03-25 13:53:00,PE,ATM+6,10.714491,58275,24050.0,23730.8,314.8,314.8,310.2,310.2,900,1742890980
2025-03-25 13:54:00,PE,ATM+6,9.592507,58275,24050.0,23732.8,308.05,308.55,302.85,306.3,750,1742891040
2025-03-25 13:55:00,PE,ATM+6,11.646408,57975,24050.0,23741.9,306.3,306.3,302.05,302.05,300,1742891100
2025-03-25 13:56:00,PE,ATM+6,11.272958,57975,24050.0,23734.35,302.05,308.2,302.05,308.1,900,1742891160
2025-03-25 13:57:00,PE,ATM+6,12.041719,57975,24050.0,23734.4,308.1,310.0,305.1,310.0,675,1742891220
2025-03-25 13:58:00,PE,ATM+6,9.11542,58125,24050.0,23728.3,310.0,312.15,310.0,310.0,225,1742891280
2025-03-25 13:59:00,PE,ATM+6,8.826185,58125,24050.0,23733.1,310.0,310.0,305.0,305.0,300,1742891340
2025-03-25 14:00:00,PE,ATM+6,9.766332,1477575,24000.0,23718.0,264.8,274.05,264.8,273.2,16725,1742891400
2025-03-25 14:01:00,PE,ATM+6,6.427283,57375,24050.0,23727.5,315.15,315.15,307.4,309.05,1200,1742891460
2025-03-25 14:02:00,PE,ATM+6,11.538778,1475100,24000.0,23716.9,267.55,278.9,267.55,278.9,27450,1742891520
2025-03-25 14:03:00,PE,ATM+6,10.158245,1475100,24000.0,23720.7,279.6,279.6,271.6,271.6,36675,1742891580
2025-03-25 14:04:00,PE,ATM+6,8.844789,1474650,24000.0,23724.3,270.2,271.0,263.2,265.4,26700,1742891640
2025-03-25 14:05:00,PE,ATM+6,9.394339,1474650,24000.0,23721.15,263.4,272.35,263.4,269.45,24225,1742891700
2025-03-25 14:06:00,PE,ATM+6,9.841051,1474650,24000.0,23724.45,270.5,270.5,263.35,267.35,23025,1742891760
2025-03-25 14:07:00,PE,ATM+6,11.278187,57375,24050.0,23729.7,310.25,312.45,310.25,312.45,900,1742891820
2025-03-25 14:08:00,PE,ATM+6,0.0,58275,24050.0,23726.4,312.45,312.45,306.7,306.7,150,1742891880
2025-03-25 14:09:00,PE,ATM+6,0.0,58275,24050.0,23725.55,306.7,306.7,306.7,306.7,600,1742891940
2025-03-25 14:10:00,PE,ATM+6,0.0,58275,24050.0,23725.55,306.7,306.7,306.7,306.7,0,1742892000
2025-03-25 14:11:00,PE,ATM+6,0.0,58275,24050.0,23725.55,306.7,306.7,306.7,306.7,0,1742892060
2025-03-25 14:12:00,PE,ATM+6,11.553364,58275,24050.0,23740.1,306.7,306.7,303.45,303.45,825,1742892120
2025-03-25 14:13:00,PE,ATM+6,9.805803,57525,24050.0,23733.55,301.15,306.3,298.15,305.95,2850,1742892180
2025-03-25 14:14:00,PE,ATM+6,10.783583,57525,24050.0,23739.9,305.95,305.95,301.8,301.8,600,1742892240
2025-03-25 14:15:00,PE,ATM+6,10.459213,57525,24050.0,23740.55,301.8,301.8,300.0,300.5,600,1742892300
2025-03-25 14:16:00,PE,ATM+6,6.967679,58425,24050.0,23733.7,300.5,303.1,296.9,303.1,1125,1742892360
2025-03-25 14:17:00,PE,ATM+6,9.918096,58425,24050.0,23739.2,303.1,303.3,300.75,300.75,300,1742892420
2025-03-25 14:18:00,PE,ATM+6,7.39516,58425,24050.0,23729.1,300.75,307.85,300.75,307.85,150,1742892480
2025-03-25 14:19:00,PE,ATM+6,10.875082,1413950,24000.0,23722.65,264.9,273.0,264.0,271.7,36375,1742892540
2025-03-25 14:20:00,PE,ATM+6,10.980207,1413950,24000.0,23716.95,271.2,278.0,268.0,277.2,29175,1742892600
2025-03-25 14:21:00,PE,ATM+6,11.713267,1413950,24000.0,23712.8,279.4,283.25,277.0,283.1,48075,1742892660
2025-03-25 14:22:00,PE,ATM+6,10.94784,1415150,24000.0,23713.85,283.25,283.35,276.9,279.95,29325,1742892720
2025-03-25 14:23:00,PE,ATM+6,11.227722,1415150,24000.0,23723.45,281.85,281.85,270.0,272.0,22125,1742892780
2025-03-25 14:24:00,PE,ATM+6,11.15164,1415150,24000.0,23715.5,271.35,279.6,271.35,279.0,13350,1742892840
2025-03-25 14:25:00,PE,ATM+6,12.05145,1419525,24000.0,23712.9,278.25,286.0,274.95,284.05,21150,1742892900
2025-03-25 14:26:00,PE,ATM+6,11.892992,1419525,24000.0,23716.85,283.35,286.45,277.2,280.0,17175,1742892960
2025-03-25 14:27:00,PE,ATM+6,11.24172,1419525,24000.0,23710.3,280.0,284.0,278.0,284.0,15825,1742893020
2025-03-25 14:28:00,PE,ATM+6,8.659879,1414075,24000.0,23704.9,283.75,286.45,279.2,283.75,16725,1742893080
2025-03-25 14:29:00,PE,ATM+6,9.595601,1414075,24000.0,23702.0,284.95,288.0,282.3,288.0,22575,1742893140
2025-03-25 14:30:00,PE,ATM+6,7.904157,1414075,24000.0,23707.8,288.0,288.0,280.0,280.05,20550,1742893200
2025-03-25 14:31:00,PE,ATM+6,0.0,1412800,24000.0,23702.45,281.0,283.8,277.2,283.8,18150,1742893260
2025-03-25 14:32:00,PE,ATM+6,5.495437,1412800,24000.0,23706.8,284.2,284.2,274.95,279.85,20475,1742893320
2025-03-25 14:33:00,PE,ATM+6,9.805478,1412800,24000.0,23720.25,279.85,279.85,270.8,271.2,14850,1742893380
2025-03-25 14:34:00,PE,ATM+6,9.663088,1415425,24000.0,23724.4,271.2,276.05,267.0,267.0,19950,1742893440
2025-03-25 14:35:00,PE,ATM+6,10.290455,1415425,24000.0,23721.7,268.15,271.0,267.05,271.0,18750,1742893500
2025-03-25 14:36:00,PE,ATM+6,10.18768,1415425,24000.0,23713.9,272.0,278.0,270.0,278.0,16500,1742893560
2025-03-25 14:37:00,PE,ATM+6,11.365329,1421425,24000.0,23720.4,277.95,277.95,273.45,275.15,4575,1742893620
2025-03-25 14:38:00,PE,ATM+6,10.48395,1421425,24000.0,23717.9,275.15,279.5,275.0,275.0,18825,1742893680
2025-03-25 14:39:00,PE,ATM+6,10.825753,1421425,24000.0,23721.0,273.0,274.0,271.2,273.05,10200,1742893740
2025-03-25 14:40:00,PE,ATM+6,10.924626,1422100,24000.0,23717.8,273.75,279.5,273.05,276.25,14325,1742893800
2025-03-25 14:41:00,PE,ATM+6,10.581852,1422100,24000.0,23713.3,275.0,279.5,273.5,279.5,11850,1742893860
2025-03-25 14:42:00,PE,ATM+6,11.187507,1422100,24000.0,23712.25,280.35,283.25,278.05,282.05,21225,1742893920
2025-03-25 14:43:00,PE,ATM+6,9.559016,1419775,24000.0,23711.8,281.45,285.75,278.65,278.65,9300,1742893980
2025-03-25 14:44:00,PE,ATM+6,9.889693,1419775,24000.0,23695.9,278.65,295.0,277.6,294.35,38325,1742894040
2025-03-25 14:45:00,PE,ATM+6,0.0,1419775,24000.0,23685.55,292.4,302.95,291.2,298.95,68475,1742894100
2025-03-25 14:46:00,PE,ATM+6,0.0,1408525,24000.0,23691.9,299.65,300.85,288.65,291.9,29250,1742894160
2025-03-25 14:47:00,PE,ATM+6,0.0,1408525,24000.0,23693.85,291.65,292.3,284.0,286.5,11475,1742894220
2025-03-25 14:48:00,PE,ATM+6,0.0,1408525,24000.0,23689.6,286.5,287.2,283.0,284.1,15375,1742894280
2025-03-25 14:49:00,PE,ATM+6,0.0,1413075,24000.0,23692.05,284.95,286.8,280.35,282.25,19275,1742894340
2025-03-25 14:50:00,PE,ATM+6,0.0,1413075,24000.0,23694.35,282.4,284.9,279.25,281.95,12075,1742894400
2025-03-25 14:51:00,PE,ATM+6,0.0,1413075,24000.0,23685.15,281.95,289.8,279.4,289.8,27000,1742894460
2025-03-25 14:52:00,PE,ATM+6,0.0,208650,23950.0,23673.45,250.0,254.45,248.6,254.45,8625,1742894520
2025-03-25 14:53:00,PE,ATM+6,0.0,208650,23950.0,23669.4,257.15,261.1,255.3,259.9,14325,1742894580
2025-03-25 14:54:00,PE,ATM+6,0.0,208650,23950.0,23667.2,263.9,266.0,259.65,259.65,8925,1742894640
2025-03-25 14:55:00,PE,ATM+6,0.0,205950,23950.0,23674.4,260.0,260.0,250.0,251.3,11400,1742894700
2025-03-25 14:56:00,PE,ATM+6,0.0,1448175,24000.0,23678.1,293.3,295.3,287.35,287.35,29475,1742894760
2025-03-25 14:57:00,PE,ATM+6,0.0,1448175,24000.0,23707.05,286.65,287.35,271.75,276.45,48225,1742894820
2025-03-25 14:58:00,PE,ATM+6,0.0,1444200,24000.0,23693.35,276.8,284.9,275.7,284.9,53700,1742894880
2025-03-25 14:59:00,PE,ATM+6,0.0,1444200,24000.0,23682.7,285.8,294.95,285.2,288.7,28800,1742894940
2025-03-25 15:00:00,PE,ATM+6,0.0,1444200,24000.0,23683.9,288.9,291.9,280.85,290.65,30150,1742895000
2025-03-25 15:01:00,PE,ATM+6,0.0,1457325,24000.0,23687.8,291.05,291.55,281.65,285.0,22800,1742895060
2025-03-25 15:02:00,PE,ATM+6,0.0,1457325,24000.0,23693.5,284.5,285.0,280.15,280.8,15675,1742895120
2025-03-25 15:03:00,PE,ATM+6,0.0,1457325,24000.0,23681.45,279.7,289.55,279.4,289.55,24975,1742895180
2025-03-25 15:04:00,PE,ATM+6,0.0,1455600,24000.0,23679.6,289.35,293.55,288.35,290.5,28200,1742895240
2025-03-25 15:05:00,PE,ATM+6,0.0,1455600,24000.0,23676.9,289.5,293.8,287.35,289.95,15525,1742895300
2025-03-25 15:06:00,PE,ATM+6,0.0,1455600,24000.0,23676.1,289.95,292.95,289.0,290.25,17550,1742895360
2025-03-25 15:07:00,PE,ATM+6,0.0,1447500,24000.0,23679.75,290.7,295.3,288.0,292.85,16800,1742895420
2025-03-25 15:08:00,PE,ATM+6,0.0,1447500,24000.0,23679.95,293.15,297.55,291.45,294.15,11400,1742895480
2025-03-25 15:09:00,PE,ATM+6,0.0,1447500,24000.0,23689.15,294.75,299.9,293.45,293.9,35400,1742895540
2025-03-25 15:10:00,PE,ATM+6,0.0,1437825,24000.0,23677.7,293.0,299.35,293.0,299.3,19650,1742895600
2025-03-25 15:11:00,PE,ATM+6,0.0,193500,23950.0,23666.85,256.9,263.8,256.9,263.2,4725,1742895660
2025-03-25 15:12:00,PE,ATM+6,0.0,1437825,24000.0,23675.5,305.25,305.25,298.5,302.0,31275,1742895720
2025-03-25 15:13:00,PE,ATM+6,0.0,191250,23950.0,23665.6,257.9,263.25,257.9,263.25,4800,1742895780
2025-03-25 15:14:00,PE,ATM+6,0.0,191250,23950.0,23670.3,263.4,266.0,262.7,265.85,5550,1742895840
2025-03-25 15:15:00,PE,ATM+6,0.0,191250,23950.0,23651.8,266.15,266.3,258.55,266.1,33600,1742895900
2025-03-25 15:16:00,PE,ATM+6,0.0,180225,23950.0,23668.25,266.1,266.5,259.9,260.4,5625,1742895960
2025-03-25 15:17:00,PE,ATM+6,0.0,180225,23950.0,23660.35,260.1,263.2,260.1,262.55,5925,1742896020
2025-03-25 15:18:00,PE,ATM+6,0.0,180225,23950.0,23670.85,261.35,262.55,256.9,257.45,6150,1742896080
2025-03-25 15:19:00,PE,ATM+6,0.0,177225,23950.0,23669.0,256.55,260.45,256.2,259.55,4650,1742896140
2025-03-25 15:20:00,PE,ATM+6,0.0,177225,23950.0,23670.35,259.7,262.0,259.45,260.85,35775,1742896200
2025-03-25 15:21:00,PE,ATM+6,0.0,177225,23950.0,23670.7,260.85,265.3,260.6,261.7,19350,1742896260
2025-03-25 15:22:00,PE,ATM+6,0.0,166200,23950.0,23671.3,261.7,263.0,260.35,261.9,6525,1742896320
2025-03-25 15:23:00,PE,ATM+6,0.0,166200,23950.0,23662.95,262.15,268.45,262.15,268.0,8550,1742896380
2025-03-25 15:24:00,PE,ATM+6,0.0,166200,23950.0,23650.95,267.8,276.7,267.8,276.7,13500,1742896440
2025-03-25 15:25:00,PE,ATM+6,0.0,157425,23950.0,23645.15,277.5,285.0,277.25,285.0,17250,1742896500
2025-03-25 15:26:00,PE,ATM+6,0.0,157425,23950.0,23626.25,285.0,299.95,285.0,297.05,19350,1742896560
2025-03-25 15:27:00,PE,ATM+6,0.0,876225,23900.0,23615.6,255.6,263.15,255.6,260.95,61350,1742896620
2025-03-25 15:28:00,PE,ATM+6,0.0,862800,23900.0,23611.35,260.7,262.65,258.15,262.15,47025,1742896680
2025-03-25 15:29:00,PE,ATM+6,0.0,862800,23900.0,23605.95,261.85,263.95,260.45,261.25,63900,1742896740
2025-03-26 09:15:00,PE,ATM+6,20.335877,1361700,24000.0,23685.85,300.05,337.0,288.95,326.45,76875,1742960700
2025-03-26 09:16:00,PE,ATM+6,19.212621,1361700,24000.0,23699.05,324.65,324.65,301.5,311.6,70575,1742960760
2025-03-26 09:17:00,PE,ATM+6,20.965386,1361700,24000.0,23690.25,314.0,327.85,309.0,324.7,57675,1742960820
2025-03-26 09:18:00,PE,ATM+6,19.360171,1374900,24000.0,23691.95,322.6,322.6,313.05,318.15,36075,1742960880
2025-03-26 09:19:00,PE,ATM+6,18.306716,1374900,24000.0,23701.8,316.8,316.8,306.45,306.45,43725,1742960940
2025-03-26 09:20:00,PE,ATM+6,16.586266,1374900,24000.0,23720.6,303.1,306.85,278.4,285.05,120150,1742961000
2025-03-26 09:21:00,PE,ATM+6,18.622043,1404150,24000.0,23702.8,285.8,306.5,285.8,306.5,80400,1742961060
2025-03-26 09:22:00,PE,ATM+6,18.086399,1404150,24000.0,23711.9,307.8,307.8,282.15,297.0,77850,1742961120
2025-03-26 09:23:00,PE,ATM+6,17.980818,1404150,24000.0,23717.25,299.55,304.35,287.9,292.05,46500,1742961180
2025-03-26 09:24:00,PE,ATM+6,19.107649,1421175,24000.0,23722.85,292.3,295.0,287.7,290.9,48375,1742961240
2025-03-26 09:25:00,PE,ATM+6,18.153026,1421175,24000.0,23720.0,289.75,292.95,279.55,290.2,57225,1742961300
2025-03-26 09:26:00,PE,ATM+6,18.508899,1421175,24000.0,23720.55,290.45,296.1,283.4,290.85,53925,1742961360
2025-03-26 09:27:00,PE,ATM+6,17.955232,49650,24050.0,23726.3,335.0,338.9,328.0,328.0,1950,1742961420
2025-03-26 09:28:00,PE,ATM+6,19.43535,1422600,24000.0,23720.35,283.5,294.05,277.4,294.05,53925,1742961480
2025-03-26 09:29:00,PE,ATM+6,20.354388,1422600,24000.0,23699.95,296.65,323.4,296.65,314.3,148200,1742961540
2025-03-26 09:30:00,PE,ATM+6,21.144689,1390300,24000.0,23684.4,312.75,338.75,312.15,330.05,146700,1742961600
2025-03-26 09:31:00,PE,ATM+6,18.654657,1390300,24000.0,23694.55,328.15,328.15,288.75,313.65,116625,1742961660
2025-03-26 09:32:00,PE,ATM+6,18.638992,1390300,24000.0,23694.6,315.8,322.6,309.15,313.55,94575,1742961720
2025-03-26 09:33:00,PE,ATM+6,19.741678,1397050,24000.0,23687.4,315.95,328.75,314.3,323.05,81450,1742961780
2025-03-26 09:34:00,PE,ATM+6,20.640913,1397050,24000.0,23684.15,323.35,328.6,311.05,328.6,57150,1742961840
2025-03-26 09:35:00,PE,ATM+6,19.040966,204150,23950.0,23668.6,285.55,300.0,279.5,294.0,38400,1742961900
2025-03-26 09:36:00,PE,ATM+6,17.735814,1411825,24000.0,23689.0,338.15,338.15,313.1,315.95,130875,1742961960
2025-03-26 09:37:00,PE,ATM+6,16.360685,1411825,24000.0,23680.55,314.9,321.0,303.4,320.25,62100,1742962020
2025-03-26 09:38:00,PE,ATM+6,16.407207,205200,23950.0,23669.2,275.65,286.05,275.55,285.55,17550,1742962080
2025-03-26 09:39:00,PE,ATM+6,13.930091,175350,23950.0,23657.9,285.55,301.3,285.25,290.05,76425,1742962140
2025-03-26 09:40:00,PE,ATM+6,0.0,175350,23950.0,23647.95,290.0,293.8,279.9,291.7,17400,1742962200
2025-03-26 09:41:00,PE,ATM+6,0.0,175350,23950.0,23651.85,291.7,295.8,284.55,287.05,11700,1742962260
2025-03-26 09:42:00,PE,ATM+6,0.0,172575,23950.0,23658.95,284.3,289.45,274.55,281.85,13200,1742962320
2025-03-26 09:43:00,PE,ATM+6,10.865881,172575,23950.0,23659.55,283.05,290.1,279.0,284.1,14550,1742962380
2025-03-26 09:44:00,PE,ATM+6,0.0,172575,23950.0,23646.2,284.1,294.35,278.55,293.0,14550,1742962440
2025-03-26 09:45:00,PE,ATM+6,0.0,1027500,23900.0,23622.0,251.6,273.9,248.55,268.4,244050,1742962500
2025-03-26 09:46:00,PE,ATM+6,0.0,160575,23950.0,23629.65,319.0,323.4,303.0,307.6,27375,1742962560
2025-03-26 09:47:00,PE,ATM+6,0.0,160575,23950.0,23632.65,306.35,310.0,298.7,302.9,25200,1742962620
2025-03-26 09:48:00,PE,ATM+6,0.0,149850,23950.0,23652.5,302.15,302.15,282.85,282.85,24825,1742962680
2025-03-26 09:49:00,PE,ATM+6,0.0,149850,23950.0,23653.15,280.05,286.05,275.2,286.05,19350,1742962740
2025-03-26 09:50:00,PE,ATM+6,0.0,149850,23950.0,23646.35,287.25,292.8,277.4,291.45,12825,1742962800
2025-03-26 09:51:00,PE,ATM+6,0.0,150450,23950.0,23651.85,291.3,299.85,279.0,289.55,21000,1742962860
2025-03-26 09:52:00,PE,ATM+6,0.0,150450,23950.0,23637.55,289.0,300.0,286.05,300.0,7125,1742962920
2025-03-26 09:53:00,PE,ATM+6,0.0,150450,23950.0,23640.05,302.0,307.15,294.7,294.7,14100,1742962980
2025-03-26 09:54:00,PE,ATM+6,0.0,147975,23950.0,23650.35,294.7,294.7,286.45,286.45,4725,1742963040
2025-03-26 09:55:00,PE,ATM+6,0.0,147975,23950.0,23662.25,285.8,286.05,273.75,278.6,15750,1742963100
2025-03-26 09:56:00,PE,ATM+6,0.0,147975,23950.0,23674.45,278.6,278.6,252.55,265.65,27675,1742963160
2025-03-26 09:57:00,PE,ATM+6,0.0,1329425,24000.0,23682.8,310.15,318.0,304.15,306.6,47775,1742963220
2025-03-26 09:58:00,PE,ATM+6,0.0,1329425,24000.0,23686.15,310.0,310.95,298.5,303.35,44925,1742963280
2025-03-26 09:59:00,PE,ATM+6,0.0,150675,23950.0,23674.9,259.55,270.35,259.55,266.6,6525,1742963340
2025-03-26 10:00:00,PE,ATM+6,0.0,152025,23950.0,23665.9,266.6,275.95,262.25,273.15,7200,1742963400
2025-03-26 10:01:00,PE,ATM+6,0.0,152025,23950.0,23651.5,273.15,287.8,273.15,286.85,18300,1742963460
2025-03-26 10:02:00,PE,ATM+6,0.0,152025,23950.0,23666.2,287.45,287.45,269.5,274.1,10950,1742963520
2025-03-26 10:03:00,PE,ATM+6,0.0,152025,23950.0,23672.3,274.1,274.1,260.0,267.5,10950,1742963580
2025-03-26 10:04:00,PE,ATM+6,0.0,152025,23950.0,23666.45,267.5,275.8,263.75,275.4,8250,1742963640
2025-03-26 10:05:00,PE,ATM+6,0.0,152025,23950.0,23651.65,274.1,285.0,274.1,285.0,7950,1742963700
2025-03-26 10:06:00,PE,ATM+6,0.0,151275,23950.0,23651.3,284.0,287.7,278.65,287.0,7950,1742963760
2025-03-26 10:07:00,PE,ATM+6,0.0,151275,23950.0,23653.9,288.0,296.45,283.2,283.2,9225,1742963820
2025-03-26 10:08:00,PE,ATM+6,0.0,151275,23950.0,23654.1,283.2,284.65,274.0,279.55,6450,1742963880
2025-03-26 10:09:00,PE,ATM+6,0.0,151800,23950.0,23669.8,279.55,279.55,265.2,265.2,5325,1742963940
2025-03-26 10:10:00,PE,ATM+6,0.0,151800,23950.0,23672.25,267.45,270.2,262.45,264.45,8475,1742964000
2025-03-26 10:11:00,PE,ATM+6,0.0,1331750,24000.0,23675.1,314.5,320.4,309.9,309.9,23100,1742964060
2025-03-26 10:12:00,PE,ATM+6,0.0,152850,23950.0,23672.05,265.35,272.0,262.65,265.2,5250,1742964120
2025-03-26 10:13:00,PE,ATM+6,0.0,1331000,24000.0,23681.35,308.3,308.85,299.0,300.65,42000,1742964180
2025-03-26 10:14:00,PE,ATM+6,0.0,1331000,24000.0,23679.15,301.0,310.95,300.0,304.95,43425,1742964240
2025-03-26 10:15:00,PE,ATM+6,0.0,152775,23950.0,23662.25,261.1,276.1,259.5,275.5,10200,1742964300
2025-03-26 10:16:00,PE,ATM+6,0.0,152775,23950.0,23663.95,275.05,276.65,267.85,274.5,8700,1742964360
2025-03-26 10:17:00,PE,ATM+6,0.0,1333700,24000.0,23676.4,317.3,318.7,304.5,306.2,17700,1742964420
2025-03-26 10:18:00,PE,ATM+6,0.0,1334300,24000.0,23679.5,306.0,310.25,302.0,304.3,22575,1742964480
2025-03-26 10:19:00,PE,ATM+6,0.0,1334300,24000.0,23684.05,304.0,304.8,295.2,299.1,45000,1742964540
2025-03-26 10:20:00,PE,ATM+6,0.0,1334300,24000.0,23682.1,299.9,303.0,295.5,303.0,25200,1742964600
2025-03-26 10:21:00,PE,ATM+6,0.0,1344725,24000.0,23679.45,305.05,312.95,301.0,304.55,24825,1742964660
2025-03-26 10:22:00,PE,ATM+6,0.0,160875,23950.0,23661.95,259.9,278.0,259.9,278.0,9975,1742964720
2025-03-26 10:23:00,PE,ATM+6,0.0,160875,23950.0,23659.45,278.15,280.45,271.2,279.9,9600,1742964780
2025-03-26 10:24:00,PE,ATM+6,0.0,156375,23950.0,23657.25,276.75,281.8,273.25,278.55,7875,1742964840
2025-03-26 10:25:00,PE,ATM+6,0.0,156375,23950.0,23664.55,278.55,278.6,271.7,272.0,6750,1742964900
2025-03-26 10:26:00,PE,ATM+6,0.0,156375,23950.0,23671.95,268.95,270.15,261.25,266.4,4050,1742964960
2025-03-26 10:27:00,PE,ATM+6,0.0,1353425,24000.0,23676.45,311.85,311.85,304.0,307.85,20400,1742965020
2025-03-26 10:28:00,PE,ATM+6,0.0,160875,23950.0,23669.6,262.65,270.15,262.65,270.0,9750,1742965080
2025-03-26 10:29:00,PE,ATM+6,0.0,160875,23950.0,23662.8,270.75,276.95,264.5,276.95,18075,1742965140
2025-03-26 10:30:00,PE,ATM+6,0.0,160875,23950.0,23661.55,276.95,280.05,272.0,274.3,8550,1742965200
2025-03-26 10:31:00,PE,ATM+6,0.0,161475,23950.0,23659.95,274.3,278.8,268.2,274.3,5325,1742965260
2025-03-26 10:32:00,PE,ATM+6,0.0,161475,23950.0,23670.0,270.85,271.45,264.25,264.25,7050,1742965320
2025-03-26 10:33:00,PE,ATM+6,0.0,163050,23950.0,23672.6,262.75,264.25,260.0,262.0,5775,1742965380
2025-03-26 10:34:00,PE,ATM+6,0.0,1347425,24000.0,23698.2,306.6,306.95,282.0,282.0,65175,1742965440
2025-03-26 10:35:00,PE,ATM+6,0.0,1347425,24000.0,23708.15,280.3,281.2,268.0,274.2,116625,1742965500
2025-03-26 10:36:00,PE,ATM+6,0.0,1352825,24000.0,23707.65,274.0,276.7,259.5,275.3,82650,1742965560
2025-03-26 10:37:00,PE,ATM+6,0.0,1352825,24000.0,23700.45,276.4,283.1,276.4,280.0,90600,1742965620
2025-03-26 10:38:00,PE,ATM+6,0.0,1352825,24000.0,23694.5,280.0,286.5,274.05,285.55,64650,1742965680
2025-03-26 10:39:00,PE,ATM+6,0.0,1350875,24000.0,23681.75,286.0,297.9,284.55,297.1,57300,1742965740
2025-03-26 10:40:00,PE,ATM+6,0.0,169650,23950.0,23673.15,251.95,259.0,249.5,257.75,18075,1742965800
2025-03-26 10:41:00,PE,ATM+6,0.0,169650,23950.0,23668.0,257.7,264.05,254.55,262.5,18600,1742965860
2025-03-26 10:42:00,PE,ATM+6,0.0,169650,23950.0,23673.75,266.0,266.0,254.8,259.15,12675,1742965920
2025-03-26 10:43:00,PE,ATM+6,0.0,1339775,24000.0,23678.95,301.7,301.7,292.55,294.85,64875,1742965980
2025-03-26 10:44:00,PE,ATM+6,0.0,166950,23950.0,23670.85,250.5,261.25,250.1,260.6,6150,1742966040
2025-03-26 10:45:00,PE,ATM+6,0.0,1347550,24000.0,23688.2,300.0,300.0,290.4,294.75,24750,1742966100
2025-03-26 10:46:00,PE,ATM+6,0.0,1347550,24000.0,23690.75,293.8,296.45,288.0,288.0,22125,1742966160
2025-03-26 10:47:00,PE,ATM+6,0.0,1347550,24000.0,23690.45,287.2,292.0,286.3,292.0,21075,1742966220
2025-03-26 10:48:00,PE,ATM+6,0.0,1359600,24000.0,23694.35,292.35,293.2,289.05,289.8,9450,1742966280
2025-03-26 10:49:00,PE,ATM+6,0.0,1359600,24000.0,23697.95,290.65,293.5,284.75,293.15,15825,1742966340
2025-03-26 10:50:00,PE,ATM+6,0.0,1359600,24000.0,23689.6,294.95,301.35,294.95,297.65,29025,1742966400
2025-03-26 10:51:00,PE,ATM+6,0.0,1357350,24000.0,23699.3,301.2,301.2,287.0,287.0,22500,1742966460
2025-03-26 10:52:00,PE,ATM+6,0.0,1357350,24000.0,23697.85,288.2,293.55,285.8,287.05,10950,1742966520
2025-03-26 10:53:00,PE,ATM+6,0.0,1357350,24000.0,23702.85,288.15,293.25,286.95,287.95,11100,1742966580
2025-03-26 10:54:00,PE,ATM+6,0.0,1357725,24000.0,23687.95,287.0,304.05,287.0,304.0,35025,1742966640
2025-03-26 10:55:00,PE,ATM+6,0.0,1357725,24000.0,23682.7,303.1,310.45,299.8,302.8,36600,1742966700
2025-03-26 10:56:00,PE,ATM+6,0.0,1357725,24000.0,23680.65,302.8,309.05,300.6,308.15,32850,1742966760
2025-03-26 10:57:00,PE,ATM+6,13.195795,166800,23950.0,23672.4,266.85,276.35,264.6,275.0,13125,1742966820
2025-03-26 10:58:00,PE,ATM+6,9.922157,1339600,24000.0,23679.05,317.35,317.35,306.8,313.6,26250,1742966880
2025-03-26 10:59:00,PE,ATM+6,10.338212,1339600,24000.0,23681.0,313.6,315.0,309.7,311.85,12375,1742966940
2025-03-26 11:00:00,PE,ATM+6,10.619614,1339750,24000.0,23678.15,313.0,322.35,313.0,314.8,18675,1742967000
2025-03-26 11:01:00,PE,ATM+6,12.927388,1339750,24000.0,23675.8,316.3,323.6,311.6,318.9,23625,1742967060
2025-03-26 11:02:00,PE,ATM+6,14.670903,164775,23950.0,23643.0,276.0,305.0,276.0,305.0,21300,1742967120
2025-03-26 11:03:00,PE,ATM+6,10.642619,160800,23950.0,23644.2,306.65,315.85,297.45,299.05,27375,1742967180
2025-03-26 11:04:00,PE,ATM+6,14.950119,160800,23950.0,23638.05,299.05,310.1,298.7,310.1,14175,1742967240
2025-03-26 11:05:00,PE,ATM+6,0.0,160800,23950.0,23637.45,310.05,310.05,301.0,304.5,5925,1742967300
2025-03-26 11:06:00,PE,ATM+6,0.0,161625,23950.0,23638.75,302.55,302.55,295.8,301.7,17100,1742967360
2025-03-26 11:07:00,PE,ATM+6,0.0,161625,23950.0,23640.9,301.7,305.2,290.8,298.3,13275,1742967420
2025-03-26 11:08:00,PE,ATM+6,0.0,161625,23950.0,23648.0,298.3,298.3,290.0,292.95,3150,1742967480
2025-03-26 11:09:00,PE,ATM+6,0.0,161625,23950.0,23649.2,294.3,299.8,291.4,291.4,10125,1742967540
2025-03-26 11:10:00,PE,ATM+6,10.785628,161625,23950.0,23641.2,290.0,302.1,289.85,302.1,8625,1742967600
2025-03-26 11:11:00,PE,ATM+6,0.0,161625,23950.0,23638.35,303.35,304.0,294.8,303.0,7425,1742967660
2025-03-26 11:12:00,PE,ATM+6,0.0,161625,23950.0,23644.9,303.0,304.95,292.65,294.7,4200,1742967720
2025-03-26 11:13:00,PE,ATM+6,0.0,163200,23950.0,23649.5,292.5,292.5,287.0,287.0,4350,1742967780
2025-03-26 11:14:00,PE,ATM+6,0.0,163200,23950.0,23653.0,286.95,289.0,282.8,289.0,3375,1742967840
2025-03-26 11:15:00,PE,ATM+6,10.174748,163200,23950.0,23657.95,284.05,286.5,279.25,285.3,8250,1742967900
2025-03-26 11:16:00,PE,ATM+6,8.295406,162900,23950.0,23651.7,285.3,291.0,281.2,290.75,4425,1742967960
2025-03-26 11:17:00,PE,ATM+6,0.0,162900,23950.0,23648.95,290.95,295.8,285.35,287.3,5925,1742968020
2025-03-26 11:18:00,PE,ATM+6,0.0,162900,23950.0,23653.15,287.2,288.05,282.0,282.65,6525,1742968080
2025-03-26 11:19:00,PE,ATM+6,0.0,166725,23950.0,23648.05,285.45,292.4,285.15,289.1,2550,1742968140
2025-03-26 11:20:00,PE,ATM+6,0.0,166725,23950.0,23644.7,289.1,293.65,288.3,293.05,2400,1742968200
2025-03-26 11:21:00,PE,ATM+6,0.0,166725,23950.0,23646.65,294.8,296.7,287.35,287.75,3825,1742968260
2025-03-26 11:22:00,PE,ATM+6,0.0,167175,23950.0,23654.45,287.75,287.75,278.65,282.95,9150,1742968320
2025-03-26 11:23:00,PE,ATM+6,0.0,167175,23950.0,23646.65,282.95,284.55,278.6,284.1,1725,1742968380
2025-03-26 11:24:00,PE,ATM+6,0.0,167175,23950.0,23649.45,284.1,290.65,280.0,281.95,4275,1742968440
2025-03-26 11:25:00,PE,ATM+6,0.0,165750,23950.0,23645.55,281.95,290.65,281.95,287.85,2100,1742968500
2025-03-26 11:26:00,PE,ATM+6,0.0,165750,23950.0,23651.8,286.0,286.25,278.1,279.15,2400,1742968560
2025-03-26 11:27:00,PE,ATM+6,0.0,165750,23950.0,23660.55,279.15,279.15,270.0,272.4,6375,1742968620
2025-03-26 11:28:00,PE,ATM+6,0.0,165825,23950.0,23663.0,270.05,273.2,268.2,270.15,6900,1742968680
2025-03-26 11:29:00,PE,ATM+6,0.0,165825,23950.0,23662.45,270.15,276.35,270.15,271.95,3150,1742968740
2025-03-26 11:30:00,PE,ATM+6,0.0,165825,23950.0,23663.85,271.95,275.65,270.9,271.6,2550,1742968800
2025-03-26 11:31:00,PE,ATM+6,0.0,166125,23950.0,23665.55,271.6,274.85,265.25,267.3,5925,1742968860
2025-03-26 11:32:00,PE,ATM+6,0.0,166125,23950.0,23669.65,267.3,267.3,262.8,266.25,8025,1742968920
2025-03-26 11:33:00,PE,ATM+6,0.0,166125,23950.0,23661.1,266.25,272.8,266.05,272.4,7800,1742968980
2025-03-26 11:34:00,PE,ATM+6,0.0,166050,23950.0,23662.65,272.45,272.45,267.4,270.3,2925,1742969040
2025-03-26 11:35:00,PE,ATM+6,0.0,166050,23950.0,23661.1,270.3,278.85,269.0,272.05,4275,1742969100
2025-03-26 11:36:00,PE,ATM+6,0.0,166050,23950.0,23664.8,272.05,272.05,267.15,268.35,10800,1742969160
2025-03-26 11:37:00,PE,ATM+6,0.0,165900,23950.0,23656.1,268.35,278.7,268.35,278.2,1575,1742969220
2025-03-26 11:38:00,PE,ATM+6,0.0,165900,23950.0,23654.35,279.85,282.5,277.35,282.5,3750,1742969280
2025-03-26 11:39:00,PE,ATM+6,0.0,165900,23950.0,23646.9,282.5,292.65,282.5,291.3,8775,1742969340
2025-03-26 11:40:00,PE,ATM+6,0.0,165075,23950.0,23638.45,291.7,301.2,288.0,298.85,13875,1742969400
2025-03-26 11:41:00,PE,ATM+6,0.0,165075,23950.0,23637.3,298.85,304.0,295.25,296.35,19575,1742969460
2025-03-26 11:42:00,PE,ATM+6,0.0,165075,23950.0,23635.75,296.15,297.9,293.85,297.2,3375,1742969520
2025-03-26 11:43:00,PE,ATM+6,0.0,165150,23950.0,23637.25,297.75,298.15,290.55,292.1,6750,1742969580
2025-03-26 11:44:00,PE,ATM+6,0.0,165150,23950.0,23641.35,292.1,293.0,287.4,289.05,4950,1742969640
2025-03-26 11:45:00,PE,ATM+6,0.0,165150,23950.0,23629.0,289.05,299.9,289.05,296.05,10125,1742969700
2025-03-26 11:46:00,PE,ATM+6,0.0,169050,23950.0,23629.75,296.05,299.0,295.0,295.8,4050,1742969760
2025-03-26 11:47:00,PE,ATM+6,0.0,169050,23950.0,23629.7,295.8,298.0,293.05,298.0,750,1742969820
2025-03-26 11:48:00,PE,ATM+6,0.0,960375,23900.0,23623.9,256.0,262.55,253.9,262.2,42150,1742969880
2025-03-26 11:49:00,PE,ATM+6,0.0,169350,23950.0,23629.5,305.2,305.25,297.25,300.15,7725,1742969940
2025-03-26 11:50:00,PE,ATM+6,0.0,169350,23950.0,23628.5,301.35,306.0,299.05,299.05,9225,1742970000
2025-03-26 11:51:00,PE,ATM+6,0.0,954375,23900.0,23617.05,251.55,268.35,251.55,267.1,72975,1742970060
2025-03-26 11:52:00,PE,ATM+6,0.0,948975,23900.0,23622.35,267.45,268.35,259.05,261.15,43200,1742970120
2025-03-26 11:53:00,PE,ATM+6,0.0,168900,23950.0,23627.45,306.25,306.25,299.55,301.25,5925,1742970180
2025-03-26 11:54:00,PE,ATM+6,0.0,168900,23950.0,23632.8,301.25,301.25,293.75,293.75,3150,1742970240
2025-03-26 11:55:00,PE,ATM+6,0.0,168525,23950.0,23628.3,292.5,298.8,292.5,298.8,6825,1742970300
2025-03-26 11:56:00,PE,ATM+6,0.0,168525,23950.0,23627.45,298.8,302.15,295.75,299.9,1575,1742970360
2025-03-26 11:57:00,PE,ATM+6,0.0,946800,23900.0,23620.25,255.8,264.1,254.4,262.45,25200,1742970420
2025-03-26 11:58:00,PE,ATM+6,0.0,950550,23900.0,23599.3,265.0,289.6,263.75,287.6,151050,1742970480
2025-03-26 11:59:00,PE,ATM+6,14.957249,950550,23900.0,23589.15,289.1,298.5,284.3,295.35,114750,1742970540
2025-03-26 12:00:00,PE,ATM+6,0.0,950550,23900.0,23589.4,292.65,295.0,286.55,295.0,48900,1742970600
2025-03-26 12:01:00,PE,ATM+6,0.0,895725,23900.0,23591.5,296.4,299.8,283.75,292.4,64950,1742970660
2025-03-26 12:02:00,PE,ATM+6,0.0,895725,23900.0,23577.95,291.55,305.85,291.55,304.75,94200,1742970720
2025-03-26 12:03:00,PE,ATM+6,0.0,895725,23900.0,23578.75,305.3,306.6,296.6,298.8,47550,1742970780
2025-03-26 12:04:00,PE,ATM+6,0.0,877500,23900.0,23582.3,297.0,297.0,291.0,294.0,33825,1742970840
2025-03-26 12:05:00,PE,ATM+6,0.0,877500,23900.0,23589.05,294.0,296.6,287.05,289.9,25275,1742970900
2025-03-26 12:06:00,PE,ATM+6,0.0,877500,23900.0,23592.15,289.1,290.1,283.85,287.85,30750,1742970960
2025-03-26 12:07:00,PE,ATM+6,0.0,866100,23900.0,23596.05,289.0,289.0,279.85,279.85,22650,1742971020
2025-03-26 12:08:00,PE,ATM+6,0.0,866100,23900.0,23596.9,279.0,283.4,277.5,278.7,24825,1742971080
2025-03-26 12:09:00,PE,ATM+6,0.0,866100,23900.0,23595.2,279.25,289.8,279.25,282.3,23850,1742971140
2025-03-26 12:10:00,PE,ATM+6,0.0,866625,23900.0,23596.15,281.2,285.75,276.3,285.75,19125,1742971200
2025-03-26 12:11:00,PE,ATM+6,0.0,866625,23900.0,23595.0,286.0,287.15,279.9,283.0,17550,1742971260
2025-03-26 12:12:00,PE,ATM+6,0.0,866625,23900.0,23605.1,281.0,283.2,274.0,277.8,19875,1742971320
2025-03-26 12:13:00,PE,ATM+6,0.0,865350,23900.0,23605.9,274.0,278.25,270.35,272.25,30450,1742971380
2025-03-26 12:14:00,PE,ATM+6,0.0,865350,23900.0,23603.75,272.5,280.15,269.1,277.9,27750,1742971440
2025-03-26 12:15:00,PE,ATM+6,0.0,865350,23900.0,23600.7,278.4,282.0,274.35,282.0,21300,1742971500
2025-03-26 12:16:00,PE,ATM+6,0.0,859725,23900.0,23605.95,281.45,283.0,270.6,271.15,12900,1742971560
2025-03-26 12:17:00,PE,ATM+6,0.0,859725,23900.0,23593.95,271.15,283.45,271.15,283.45,14100,1742971620
2025-03-26 12:18:00,PE,ATM+6,0.0,859725,23900.0,23587.4,282.8,288.4,277.7,287.65,33300,1742971680
2025-03-26 12:19:00,PE,ATM+6,0.0,862500,23900.0,23591.65,284.0,284.7,278.4,284.35,27450,1742971740
2025-03-26 12:20:00,PE,ATM+6,0.0,862500,23900.0,23587.3,283.8,288.0,281.3,286.4,25425,1742971800
2025-03-26 12:21:00,PE,ATM+6,0.0,862500,23900.0,23599.45,284.1,284.25,273.3,273.6,22650,1742971860
2025-03-26 12:22:00,PE,ATM+6,0.0,859725,23900.0,23598.45,273.8,277.9,270.85,273.0,15525,1742971920
2025-03-26 12:23:00,PE,ATM+6,0.0,859725,23900.0,23601.1,274.05,277.2,271.0,273.3,7650,1742971980
2025-03-26 12:24:00,PE,ATM+6,0.0,859725,23900.0,23598.8,274.05,277.6,272.0,275.75,7050,1742972040
2025-03-26 12:25:00,PE,ATM+6,0.0,860550,23900.0,23594.75,275.75,283.0,275.75,277.35,13125,1742972100
2025-03-26 12:26:00,PE,ATM+6,0.0,860550,23900.0,23604.55,277.1,277.1,269.0,270.0,20400,1742972160
2025-03-26 12:27:00,PE,ATM+6,0.0,860550,23900.0,23602.75,269.35,275.65,269.35,274.5,7650,1742972220
2025-03-26 12:28:00,PE,ATM+6,0.0,859050,23900.0,23603.25,274.5,279.3,272.3,272.3,14025,1742972280
2025-03-26 12:29:00,PE,ATM+6,0.0,859050,23900.0,23599.3,271.95,280.55,271.95,280.55,6675,1742972340
2025-03-26 12:30:00,PE,ATM+6,0.0,859050,23900.0,23603.9,281.35,281.35,272.1,273.6,8625,1742972400
2025-03-26 12:31:00,PE,ATM+6,0.0,858675,23900.0,23608.4,273.6,274.6,270.0,271.95,15225,1742972460
2025-03-26 12:32:00,PE,ATM+6,0.0,858675,23900.0,23612.55,270.65,270.65,263.3,270.05,38175,1742972520
2025-03-26 12:33:00,PE,ATM+6,0.0,858675,23900.0,23615.95,271.2,275.0,263.55,264.65,15600,1742972580
2025-03-26 12:34:00,PE,ATM+6,0.0,860100,23900.0,23618.05,265.65,266.5,262.55,264.05,11400,1742972640
2025-03-26 12:35:00,PE,ATM+6,0.0,168150,23950.0,23625.2,309.05,311.9,304.8,304.8,3750,1742972700
2025-03-26 12:36:00,PE,ATM+6,0.0,860100,23900.0,23623.95,259.95,263.8,258.6,262.65,14325,1742972760
2025-03-26 12:37:00,PE,ATM+6,0.0,865500,23900.0,23617.7,261.9,270.95,260.0,270.95,38775,1742972820
2025-03-26 12:38:00,PE,ATM+6,0.0,865500,23900.0,23621.2,269.3,269.5,262.0,265.95,21000,1742972880
2025-03-26 12:39:00,PE,ATM+6,0.0,865500,23900.0,23617.8,265.95,271.0,263.85,271.0,15975,1742972940
2025-03-26 12:40:00,PE,ATM+6,0.0,867225,23900.0,23615.95,270.25,275.45,268.7,270.4,47175,1742973000
2025-03-26 12:41:00,PE,ATM+6,0.0,867225,23900.0,23619.9,271.5,273.0,266.65,270.95,15675,1742973060
2025-03-26 12:42:00,PE,ATM+6,0.0,867225,23900.0,23622.85,270.95,271.0,265.15,266.8,9450,1742973120
2025-03-26 12:43:00,PE,ATM+6,11.540826,862575,23900.0,23618.2,265.0,277.0,265.0,276.6,20250,1742973180
2025-03-26 12:44:00,PE,ATM+6,0.0,862575,23900.0,23624.2,277.0,278.4,267.4,268.45,23250,1742973240
2025-03-26 12:45:00,PE,ATM+6,0.0,168150,23950.0,23626.8,313.45,314.25,310.0,312.6,2625,1742973300
2025-03-26 12:46:00,PE,ATM+6,0.0,860775,23900.0,23621.9,267.6,275.8,267.6,270.0,37875,1742973360
2025-03-26 12:47:00,PE,ATM+6,0.0,168000,23950.0,23625.2,318.0,318.0,312.85,312.85,300,1742973420
2025-03-26 12:48:00,PE,ATM+6,0.0,168000,23950.0,23636.2,312.85,312.85,294.9,296.4,7950,1742973480
2025-03-26 12:49:00,PE,ATM+6,0.0,171075,23950.0,23633.15,298.0,305.8,298.0,302.0,4800,1742973540
2025-03-26 12:50:00,PE,ATM+6,0.0,171075,23950.0,23633.9,302.0,306.2,302.0,305.2,1500,1742973600
2025-03-26 12:51:00,PE,ATM+6,0.0,171075,23950.0,23626.9,305.2,309.85,302.35,308.95,2325,1742973660
2025-03-26 12:52:00,PE,ATM+6,0.0,170100,23950.0,23631.35,308.95,308.95,300.5,302.15,1875,1742973720
2025-03-26 12:53:00,PE,ATM+6,0.0,170100,23950.0,23628.0,302.15,306.1,302.15,305.95,1275,1742973780
2025-03-26 12:54:00,PE,ATM+6,0.0,170100,23950.0,23625.3,305.95,309.75,305.0,306.3,1200,1742973840
2025-03-26 12:55:00,PE,ATM+6,0.0,866325,23900.0,23617.95,261.5,273.65,261.4,269.05,22875,1742973900
2025-03-26 12:56:00,PE,ATM+6,0.0,866325,23900.0,23624.3,268.3,268.55,265.1,266.8,16800,1742973960
2025-03-26 12:57:00,PE,ATM+6,0.0,866325,23900.0,23611.35,269.0,274.2,267.35,274.2,22350,1742974020
2025-03-26 12:58:00,PE,ATM+6,0.0,862950,23900.0,23610.4,274.2,276.4,271.45,273.8,25200,1742974080
2025-03-26 12:59:00,PE,ATM+6,0.0,862950,23900.0,23615.2,273.05,274.8,268.5,273.05,20850,1742974140
2025-03-26 13:00:00,PE,ATM+6,0.0,862950,23900.0,23618.5,273.05,273.85,269.0,271.1,9750,1742974200
2025-03-26 13:01:00,PE,ATM+6,0.0,867300,23900.0,23614.3,271.55,276.0,270.0,273.45,15150,1742974260
2025-03-26 13:02:00,PE,ATM+6,0.0,867300,23900.0,23604.15,274.4,280.85,271.35,279.0,32400,1742974320
2025-03-26 13:03:00,PE,ATM+6,0.0,867300,23900.0,23609.7,278.95,285.7,277.0,280.4,50850,1742974380
2025-03-26 13:04:00,PE,ATM+6,0.0,862275,23900.0,23596.85,277.4,290.5,276.4,290.5,28125,1742974440
2025-03-26 13:05:00,PE,ATM+6,0.0,862275,23900.0,23580.5,290.3,301.5,288.35,300.0,58875,1742974500
2025-03-26 13:06:00,PE,ATM+6,0.0,862275,23900.0,23580.95,300.0,304.0,296.8,296.8,47025,1742974560
2025-03-26 13:07:00,PE,ATM+6,0.0,603375,23850.0,23570.85,253.2,263.9,252.3,263.9,31650,1742974620
2025-03-26 13:08:00,PE,ATM+6,0.0,603375,23850.0,23567.1,265.7,266.55,258.65,261.5,31050,1742974680
2025-03-26 13:09:00,PE,ATM+6,0.0,603375,23850.0,23565.5,263.1,266.55,259.75,262.65,24075,1742974740
2025-03-26 13:10:00,PE,ATM+6,0.0,601350,23850.0,23553.85,263.35,273.05,262.3,269.55,43575,1742974800
2025-03-26 13:11:00,PE,ATM+6,0.0,601350,23850.0,23558.55,271.65,273.2,263.0,265.85,24075,1742974860
2025-03-26 13:12:00,PE,ATM+6,0.0,601350,23850.0,23568.0,266.05,266.05,257.0,257.25,17025,1742974920
2025-03-26 13:13:00,PE,ATM+6,0.0,603900,23850.0,23568.9,257.25,259.55,252.5,255.3,15075,1742974980
2025-03-26 13:14:00,PE,ATM+6,0.0,603900,23850.0,23566.1,255.5,259.95,253.0,259.95,10650,1742975040
2025-03-26 13:15:00,PE,ATM+6,0.0,603900,23850.0,23560.8,260.3,263.3,258.0,258.75,22275,1742975100
2025-03-26 13:16:00,PE,ATM+6,0.0,606300,23850.0,23560.5,260.55,260.8,255.9,259.8,6450,1742975160
2025-03-26 13:17:00,PE,ATM+6,0.0,606300,23850.0,23556.15,259.8,265.85,257.35,265.85,11025,1742975220
2025-03-26 13:18:00,PE,ATM+6,0.0,606300,23850.0,23537.95,266.45,296.9,266.2,296.9,60600,1742975280
2025-03-26 13:19:00,PE,ATM+6,0.0,590550,23850.0,23545.0,298.2,299.6,288.2,288.2,43050,1742975340
2025-03-26 13:20:00,PE,ATM+6,0.0,590550,23850.0,23558.5,288.0,288.0,278.35,278.45,14625,1742975400
2025-03-26 13:21:00,PE,ATM+6,0.0,590550,23850.0,23570.65,277.65,277.7,263.95,270.0,16575,1742975460
2025-03-26 13:22:00,PE,ATM+6,0.0,586425,23850.0,23555.95,270.0,273.8,268.4,268.4,9225,1742975520
2025-03-26 13:23:00,PE,ATM+6,0.0,586425,23850.0,23547.1,268.4,277.0,268.4,277.0,3600,1742975580
2025-03-26 13:24:00,PE,ATM+6,0.0,586425,23850.0,23556.9,280.7,280.7,267.25,267.25,12075,1742975640
2025-03-26 13:25:00,PE,ATM+6,0.0,587250,23850.0,23561.2,267.9,270.15,259.75,264.85,9825,1742975700
2025-03-26 13:26:00,PE,ATM+6,0.0,587250,23850.0,23567.55,264.35,265.7,258.85,261.15,6825,1742975760
2025-03-26 13:27:00,PE,ATM+6,0.0,587250,23850.0,23567.9,261.15,263.95,259.25,259.85,4125,1742975820
2025-03-26 13:28:00,PE,ATM+6,0.0,587925,23850.0,23559.95,259.9,267.0,259.9,267.0,7500,1742975880
2025-03-26 13:29:00,PE,ATM+6,0.0,587925,23850.0,23559.7,266.7,267.0,263.05,266.15,4350,1742975940
2025-03-26 13:30:00,PE,ATM+6,0.0,587925,23850.0,23560.8,265.9,269.3,260.8,260.8,7725,1742976000
2025-03-26 13:31:00,PE,ATM+6,0.0,586275,23850.0,23555.5,260.0,267.45,258.9,267.45,5925,1742976060
2025-03-26 13:32:00,PE,ATM+6,0.0,586275,23850.0,23554.8,267.45,272.8,266.85,266.85,12225,1742976120
2025-03-26 13:33:00,PE,ATM+6,0.0,586275,23850.0,23548.3,266.85,277.6,266.85,275.45,12900,1742976180
2025-03-26 13:34:00,PE,ATM+6,0.0,583350,23850.0,23545.55,276.35,277.0,273.8,275.8,7500,1742976240
2025-03-26 13:35:00,PE,ATM+6,0.0,583350,23850.0,23533.95,275.8,290.5,275.8,290.0,19650,1742976300
2025-03-26 13:36:00,PE,ATM+6,0.0,583350,23850.0,23536.95,290.0,292.0,283.4,289.2,24000,1742976360
2025-03-26 13:37:00,PE,ATM+6,0.0,585000,23850.0,23539.55,286.8,288.05,281.9,281.9,7725,1742976420
2025-03-26 13:38:00,PE,ATM+6,0.0,585000,23850.0,23545.8,280.5,282.35,273.8,277.7,12300,1742976480
2025-03-26 13:39:00,PE,ATM+6,0.0,585000,23850.0,23535.1,277.7,284.05,275.65,283.45,5100,1742976540
2025-03-26 13:40:00,PE,ATM+6,0.0,587175,23850.0,23532.5,284.05,288.8,282.1,287.45,4575,1742976600
2025-03-26 13:41:00,PE,ATM+6,0.0,587175,23850.0,23533.5,287.2,290.0,282.7,288.2,4875,1742976660
2025-03-26 13:42:00,PE,ATM+6,0.0,2598225,23800.0,23520.0,243.0,259.9,243.0,251.45,290250,1742976720
2025-03-26 13:43:00,PE,ATM+6,0.0,575700,23850.0,23526.6,295.0,297.8,290.05,294.55,30000,1742976780
2025-03-26 13:44:00,PE,ATM+6,0.0,2542275,23800.0,23516.85,254.0,264.2,252.0,261.3,192225,1742976840
2025-03-26 13:45:00,PE,ATM+6,0.0,2542275,23800.0,23514.85,261.1,273.25,256.15,261.9,202200,1742976900
2025-03-26 13:46:00,PE,ATM+6,0.0,2374875,23800.0,23512.4,261.65,264.5,258.45,260.6,70200,1742976960
2025-03-26 13:47:00,PE,ATM+6,0.0,2374875,23800.0,23522.9,259.7,260.05,248.6,249.95,106725,1742977020
2025-03-26 13:48:00,PE,ATM+6,0.0,2374875,23800.0,23513.4,249.65,259.85,249.55,259.6,70275,1742977080
2025-03-26 13:49:00,PE,ATM+6,0.0,2346225,23800.0,23505.45,260.35,268.0,260.35,264.95,115050,1742977140
2025-03-26 13:50:00,PE,ATM+6,0.0,2346225,23800.0,23518.95,266.4,266.4,255.45,255.85,87225,1742977200
2025-03-26 13:51:00,PE,ATM+6,0.0,559875,23850.0,23525.85,299.8,300.05,294.0,294.0,11775,1742977260
2025-03-26 13:52:00,PE,ATM+6,0.0,552900,23850.0,23530.4,293.75,297.65,290.5,291.5,7125,1742977320
2025-03-26 13:53:00,PE,ATM+6,0.0,552900,23850.0,23528.55,290.0,291.45,287.15,290.0,7575,1742977380
2025-03-26 13:54:00,PE,ATM+6,0.0,552900,23850.0,23531.65,290.75,290.75,285.85,288.7,6300,1742977440
2025-03-26 13:55:00,PE,ATM+6,0.0,555300,23850.0,23539.35,288.7,289.0,279.4,281.1,7050,1742977500
2025-03-26 13:56:00,PE,ATM+6,0.0,555300,23850.0,23531.55,280.4,285.15,277.4,285.0,8475,1742977560
2025-03-26 13:57:00,PE,ATM+6,0.0,555300,23850.0,23532.15,285.0,290.1,280.8,287.0,5475,1742977620
2025-03-26 13:58:00,PE,ATM+6,0.0,557925,23850.0,23529.45,285.7,287.25,282.3,287.25,8250,1742977680
2025-03-26 13:59:00,PE,ATM+6,0.0,557925,23850.0,23532.0,286.85,286.85,280.25,282.75,5775,1742977740
2025-03-26 14:00:00,PE,ATM+6,0.0,557925,23850.0,23538.45,280.4,283.7,279.4,282.7,4950,1742977800
2025-03-26 14:01:00,PE,ATM+6,0.0,555975,23850.0,23540.1,282.7,282.7,275.9,278.6,4050,1742977860
2025-03-26 14:02:00,PE,ATM+6,0.0,555975,23850.0,23534.25,278.6,283.9,278.6,283.2,6675,1742977920
2025-03-26 14:03:00,PE,ATM+6,0.0,555975,23850.0,23545.15,283.2,283.2,270.9,271.35,9300,1742977980
2025-03-26 14:04:00,PE,ATM+6,0.0,552225,23850.0,23551.95,271.35,271.35,265.0,265.1,9900,1742978040
2025-03-26 14:05:00,PE,ATM+6,0.0,552225,23850.0,23560.45,265.1,268.25,257.9,257.9,19125,1742978100
2025-03-26 14:06:00,PE,ATM+6,0.0,552225,23850.0,23553.85,256.45,266.6,256.05,265.55,23250,1742978160
2025-03-26 14:07:00,PE,ATM+6,0.0,552675,23850.0,23547.6,265.55,274.75,265.55,271.35,17850,1742978220
2025-03-26 14:08:00,PE,ATM+6,0.0,552675,23850.0,23553.05,270.0,270.45,264.45,266.0,7275,1742978280
2025-03-26 14:09:00,PE,ATM+6,0.0,552675,23850.0,23550.55,265.0,269.6,263.9,267.35,3975,1742978340
2025-03-26 14:10:00,PE,ATM+6,0.0,552750,23850.0,23551.85,267.35,270.0,266.8,269.8,4350,1742978400
2025-03-26 14:11:00,PE,ATM+6,0.0,552750,23850.0,23545.5,267.45,276.95,267.45,274.9,12900,1742978460
2025-03-26 14:12:00,PE,ATM+6,0.0,552750,23850.0,23556.35,272.3,274.6,261.9,261.9,9300,1742978520
2025-03-26 14:13:00,PE,ATM+6,0.0,550725,23850.0,23548.15,261.9,272.75,261.9,272.75,2925,1742978580
2025-03-26 14:14:00,PE,ATM+6,0.0,550725,23850.0,23550.5,274.9,274.9,267.0,267.1,1575,1742978640
2025-03-26 14:15:00,PE,ATM+6,0.0,550725,23850.0,23551.95,267.0,269.55,263.5,267.75,4500,1742978700
2025-03-26 14:16:00,PE,ATM+6,0.0,550350,23850.0,23561.55,266.4,266.4,257.8,258.95,7050,1742978760
2025-03-26 14:17:00,PE,ATM+6,0.0,550350,23850.0,23552.0,258.95,267.8,258.95,267.8,5550,1742978820
2025-03-26 14:18:00,PE,ATM+6,0.0,550350,23850.0,23538.15,269.3,282.9,269.3,282.9,23925,1742978880
2025-03-26 14:19:00,PE,ATM+6,0.0,546375,23850.0,23534.6,282.5,286.9,280.8,284.6,13725,1742978940
2025-03-26 14:20:00,PE,ATM+6,0.0,546375,23850.0,23533.65,283.6,284.5,279.8,284.3,4650,1742979000
2025-03-26 14:21:00,PE,ATM+6,0.0,546375,23850.0,23539.55,283.35,285.0,275.7,276.05,4725,1742979060
2025-03-26 14:22:00,PE,ATM+6,0.0,545625,23850.0,23540.75,275.65,277.4,271.5,271.95,9900,1742979120
2025-03-26 14:23:00,PE,ATM+6,0.0,545625,23850.0,23547.15,271.95,272.95,267.75,268.0,5100,1742979180
2025-03-26 14:24:00,PE,ATM+6,0.0,545625,23850.0,23545.75,268.2,275.4,267.95,272.05,4350,1742979240
2025-03-26 14:25:00,PE,ATM+6,0.0,548100,23850.0,23541.7,272.05,276.3,269.0,274.0,4500,1742979300
2025-03-26 14:26:00,PE,ATM+6,8.36619,548100,23850.0,23543.6,274.0,275.35,269.7,270.9,3450,1742979360
2025-03-26 14:27:00,PE,ATM+6,0.0,548100,23850.0,23542.65,270.9,277.0,269.55,270.3,5475,1742979420
2025-03-26 14:28:00,PE,ATM+6,0.0,548100,23850.0,23550.25,270.3,270.75,266.45,267.65,7950,1742979480
2025-03-26 14:29:00,PE,ATM+6,0.0,548100,23850.0,23542.4,268.1,278.2,268.1,277.9,3450,1742979540
2025-03-26 14:30:00,PE,ATM+6,0.0,548100,23850.0,23533.3,277.9,294.0,276.1,291.6,26325,1742979600
2025-03-26 14:31:00,PE,ATM+6,0.0,544725,23850.0,23533.55,288.2,294.2,285.45,286.6,15450,1742979660
2025-03-26 14:32:00,PE,ATM+6,0.0,544725,23850.0,23535.85,283.85,287.3,282.95,283.25,8925,1742979720
2025-03-26 14:33:00,PE,ATM+6,0.0,544725,23850.0,23528.65,283.9,292.0,283.9,291.35,3900,1742979780
2025-03-26 14:34:00,PE,ATM+6,0.0,546075,23850.0,23527.25,291.35,297.55,291.35,294.85,8925,1742979840
2025-03-26 14:35:00,PE,ATM+6,0.0,546075,23850.0,23525.1,296.7,298.0,291.8,296.7,2700,1742979900
2025-03-26 14:36:00,PE,ATM+6,0.0,546075,23850.0,23531.1,296.7,298.15,288.3,288.8,6675,1742979960
2025-03-26 14:37:00,PE,ATM+6,0.0,547200,23850.0,23532.95,288.45,291.75,284.9,288.25,4725,1742980020
2025-03-26 14:38:00,PE,ATM+6,0.0,547200,23850.0,23537.55,288.25,289.9,281.0,281.0,8175,1742980080
2025-03-26 14:39:00,PE,ATM+6,0.0,547200,23850.0,23535.6,281.2,286.6,280.25,285.8,3525,1742980140
2025-03-26 14:40:00,PE,ATM+6,0.0,546975,23850.0,23536.85,285.8,285.8,283.5,284.95,3525,1742980200
2025-03-26 14:41:00,PE,ATM+6,0.0,546975,23850.0,23534.1,284.95,288.6,283.65,288.45,3225,1742980260
2025-03-26 14:42:00,PE,ATM+6,0.0,2153700,23800.0,23524.7,242.95,249.75,242.95,248.5,70050,1742980320
2025-03-26 14:43:00,PE,ATM+6,0.0,2149200,23800.0,23522.5,249.1,253.5,248.0,252.3,74250,1742980380
2025-03-26 14:44:00,PE,ATM+6,0.0,545625,23850.0,23525.3,299.6,299.6,292.0,296.1,5475,1742980440
2025-03-26 14:45:00,PE,ATM+6,0.0,2149200,23800.0,23522.95,249.35,254.15,245.5,251.85,56025,1742980500
2025-03-26 14:46:00,PE,ATM+6,0.0,2142300,23800.0,23523.5,251.85,253.45,245.15,246.05,36900,1742980560
2025-03-26 14:47:00,PE,ATM+6,0.0,540600,23850.0,23533.5,292.0,292.0,284.0,284.75,9000,1742980620
2025-03-26 14:48:00,PE,ATM+6,0.0,540600,23850.0,23533.75,284.75,287.85,282.0,284.0,6000,1742980680
2025-03-26 14:49:00,PE,ATM+6,0.0,541350,23850.0,23530.55,284.0,292.6,282.1,291.85,9225,1742980740
2025-03-26 14:50:00,PE,ATM+6,0.0,2145075,23800.0,23514.6,246.0,262.05,246.0,259.75,124275,1742980800
2025-03-26 14:51:00,PE,ATM+6,0.0,2145075,23800.0,23509.05,261.1,267.35,259.25,265.85,104925,1742980860
2025-03-26 14:52:00,PE,ATM+6,0.0,2107425,23800.0,23507.4,266.0,270.95,263.0,270.25,98475,1742980920
2025-03-26 14:53:00,PE,ATM+6,0.0,2107425,23800.0,23495.5,271.4,284.95,268.7,280.45,150150,1742980980
2025-03-26 14:54:00,PE,ATM+6,0.0,2107425,23800.0,23487.7,280.5,292.45,276.45,288.45,130875,1742981040
2025-03-26 14:55:00,PE,ATM+6,0.0,2079000,23800.0,23479.15,288.5,298.8,284.55,295.55,141000,1742981100
2025-03-26 14:56:00,PE,ATM+6,0.0,2079000,23800.0,23475.6,298.15,299.0,290.1,296.35,90825,1742981160
2025-03-26 14:57:00,PE,ATM+6,0.0,1391775,23750.0,23467.6,252.85,260.45,251.45,255.95,103725,1742981220
2025-03-26 14:58:00,PE,ATM+6,0.0,1348275,23750.0,23457.95,255.9,268.35,254.85,263.6,103425,1742981280
2025-03-26 14:59:00,PE,ATM+6,0.0,2070525,23800.0,23480.65,309.0,313.0,294.1,294.1,137025,1742981340
2025-03-26 15:00:00,PE,ATM+6,0.0,2070525,23800.0,23476.9,298.7,306.85,292.0,305.65,114975,1742981400
2025-03-26 15:01:00,PE,ATM+6,0.0,2040150,23800.0,23477.6,305.5,308.55,299.9,307.95,74100,1742981460
2025-03-26 15:02:00,PE,ATM+6,0.0,2040150,23800.0,23479.35,311.9,315.0,302.0,304.6,70200,1742981520
2025-03-26 15:03:00,PE,ATM+6,0.0,2040150,23800.0,23486.0,302.9,303.75,300.4,300.9,51150,1742981580
2025-03-26 15:04:00,PE,ATM+6,0.0,2023500,23800.0,23489.7,301.0,303.9,292.45,296.0,74700,1742981640
2025-03-26 15:05:00,PE,ATM+6,0.0,2023500,23800.0,23486.55,296.95,300.0,293.65,295.75,51825,1742981700
2025-03-26 15:06:00,PE,ATM+6,0.0,2023500,23800.0,23485.85,297.05,302.2,294.0,294.0,37500,1742981760
2025-03-26 15:07:00,PE,ATM+6,0.0,2032800,23800.0,23490.8,294.15,296.15,290.0,290.0,52425,1742981820
2025-03-26 15:08:00,PE,ATM+6,0.0,2032800,23800.0,23489.65,288.25,295.9,288.25,289.95,66900,1742981880
2025-03-26 15:09:00,PE,ATM+6,0.0,2032800,23800.0,23507.95,290.5,290.75,278.35,278.55,66900,1742981940
2025-03-26 15:10:00,PE,ATM+6,0.0,2011275,23800.0,23509.7,277.8,284.7,268.2,270.15,102600,1742982000
2025-03-26 15:11:00,PE,ATM+6,0.0,2011275,23800.0,23506.5,270.1,274.0,264.25,273.0,78675,1742982060
2025-03-26 15:12:00,PE,ATM+6,0.0,2011275,23800.0,23495.7,271.3,282.75,271.3,280.25,57225,1742982120
2025-03-26 15:13:00,PE,ATM+6,0.0,2004375,23800.0,23496.25,280.8,282.9,276.4,281.0,37875,1742982180
2025-03-26 15:14:00,PE,ATM+6,0.0,2004375,23800.0,23501.45,281.15,281.15,271.9,277.5,35775,1742982240
2025-03-26 15:15:00,PE,ATM+6,0.0,2004375,23800.0,23489.75,273.6,292.0,273.6,288.15,113400,1742982300
2025-03-26 15:16:00,PE,ATM+6,0.0,1928400,23800.0,23482.4,289.25,295.05,288.9,293.65,115200,1742982360
2025-03-26 15:17:00,PE,ATM+6,0.0,1928400,23800.0,23487.1,293.2,294.3,285.6,286.9,90375,1742982420
2025-03-26 15:18:00,PE,ATM+6,0.0,1928400,23800.0,23484.4,287.25,292.4,287.25,289.95,21075,1742982480
2025-03-26 15:19:00,PE,ATM+6,0.0,1861800,23800.0,23478.6,288.95,296.3,288.9,295.5,53850,1742982540
2025-03-26 15:20:00,PE,ATM+6,0.0,1861800,23800.0,23480.5,294.0,294.1,290.3,290.3,28575,1742982600
2025-03-26 15:21:00,PE,ATM+6,0.0,1861800,23800.0,23482.9,287.0,288.75,285.0,288.3,44700,1742982660
2025-03-26 15:22:00,PE,ATM+6,0.0,1840425,23800.0,23483.15,288.55,288.95,287.15,288.5,17250,1742982720
2025-03-26 15:23:00,PE,ATM+6,0.0,1840425,23800.0,23476.95,288.05,294.5,288.0,293.4,28950,1742982780
2025-03-26 15:24:00,PE,ATM+6,0.0,1840425,23800.0,23480.15,293.3,293.35,290.7,293.35,22650,1742982840
2025-03-26 15:25:00,PE,ATM+6,0.0,1804200,23800.0,23476.25,293.35,299.4,292.95,296.8,53325,1742982900
2025-03-26 15:26:00,PE,ATM+6,0.0,1804200,23800.0,23477.0,295.75,298.65,295.0,296.15,33600,1742982960
2025-03-26 15:27:00,PE,ATM+6,0.0,1804200,23800.0,23481.1,296.65,299.0,296.0,297.5,31425,1742983020
2025-03-26 15:28:00,PE,ATM+6,0.0,886725,23750.0,23472.15,253.05,256.75,253.05,255.95,31575,1742983080
2025-03-26 15:29:00,PE,ATM+6,0.0,886725,23750.0,23464.3,256.05,256.9,253.5,255.05,30300,1742983140
2025-03-27 09:15:00,PE,ATM+6,27.93936,859200,23750.0,23452.7,273.65,299.65,273.65,299.0,66750,1743047100
2025-03-27 09:16:00,PE,ATM+6,0.0,859200,23750.0,23440.8,297.1,300.0,286.8,297.8,57825,1743047160
2025-03-27 09:17:00,PE,ATM+6,0.0,859200,23750.0,23447.95,297.95,299.65,288.2,292.45,39600,1743047220
2025-03-27 09:18:00,PE,ATM+6,0.0,859200,23750.0,23466.45,292.45,292.45,274.45,278.7,42975,1743047280
2025-03-27 09:19:00,PE,ATM+6,16.578725,1698600,23800.0,23506.85,325.5,325.5,291.55,291.55,53850,1743047340
2025-03-27 09:20:00,PE,ATM+6,0.0,1698600,23800.0,23512.6,289.1,306.5,278.55,283.5,101700,1743047400
2025-03-27 09:21:00,PE,ATM+6,0.0,1676100,23800.0,23506.9,284.9,297.75,273.35,289.3,69450,1743047460
2025-03-27 09:22:00,PE,ATM+6,0.0,478650,23850.0,23529.45,326.15,326.15,308.65,309.9,13500,1743047520
2025-03-27 09:23:00,PE,ATM+6,0.0,478650,23850.0,23526.7,311.75,320.35,311.05,315.25,10725,1743047580
2025-03-27 09:24:00,PE,ATM+6,0.0,1645350,23800.0,23507.65,267.35,290.65,265.8,286.8,75225,1743047640
2025-03-27 09:25:00,PE,ATM+6,0.0,1645350,23800.0,23509.5,287.0,303.15,281.7,282.85,71475,1743047700
2025-03-27 09:26:00,PE,ATM+6,0.0,474825,23850.0,23527.6,331.0,331.0,313.9,315.2,9300,1743047760
2025-03-27 09:27:00,PE,ATM+6,0.0,475650,23850.0,23543.0,315.2,318.0,297.0,298.15,7500,1743047820
2025-03-27 09:28:00,PE,ATM+6,0.0,475650,23850.0,23551.95,292.55,305.7,285.65,288.05,17925,1743047880
2025-03-27 09:29:00,PE,ATM+6,0.0,475650,23850.0,23543.85,283.75,297.6,283.75,296.85,6300,1743047940
2025-03-27 09:30:00,PE,ATM+6,0.0,472350,23850.0,23541.5,299.05,303.5,291.05,299.45,6375,1743048000
2025-03-27 09:31:00,PE,ATM+6,0.0,472350,23850.0,23552.1,299.45,301.95,277.4,288.6,11925,1743048060
2025-03-27 09:32:00,PE,ATM+6,0.0,472350,23850.0,23541.7,288.35,299.2,286.2,299.2,5850,1743048120
2025-03-27 09:33:00,PE,ATM+6,0.0,1547850,23800.0,23524.1,247.3,276.5,246.85,269.8,233550,1743048180
2025-03-27 09:34:00,PE,ATM+6,0.0,473100,23850.0,23525.5,316.95,320.85,302.35,320.85,6375,1743048240
2025-03-27 09:35:00,PE,ATM+6,0.0,1547850,23800.0,23522.4,272.6,289.3,271.8,273.55,105375,1743048300
2025-03-27 09:36:00,PE,ATM+6,0.0,1517550,23800.0,23522.5,269.8,282.15,267.0,267.0,42075,1743048360
2025-03-27 09:37:00,PE,ATM+6,26.600122,1517550,23800.0,23513.3,270.15,287.75,257.25,287.75,46275,1743048420
2025-03-27 09:38:00,PE,ATM+6,0.0,1517550,23800.0,23522.2,287.1,287.1,268.0,270.0,41550,1743048480
2025-03-27 09:39:00,PE,ATM+6,0.0,1502250,23800.0,23509.5,266.55,285.05,266.55,284.75,36525,1743048540
2025-03-27 09:40:00,PE,ATM+6,0.0,1502250,23800.0,23522.9,286.1,286.1,266.2,270.5,31875,1743048600
2025-03-27 09:41:00,PE,ATM+6,0.0,464925,23850.0,23530.1,316.0,321.75,302.85,307.6,5475,1743048660
2025-03-27 09:42:00,PE,ATM+6,0.0,461475,23850.0,23529.9,307.6,317.15,305.85,306.0,3900,1743048720
2025-03-27 09:43:00,PE,ATM+6,0.0,461475,23850.0,23538.25,308.35,308.95,292.7,294.6,6750,1743048780
2025-03-27 09:44:00,PE,ATM+6,0.0,461475,23850.0,23554.7,293.05,298.95,281.1,281.1,16050,1743048840
2025-03-27 09:45:00,PE,ATM+6,0.0,461475,23850.0,23550.15,281.4,294.7,281.4,288.35,18525,1743048900
2025-03-27 09:46:00,PE,ATM+6,0.0,460950,23850.0,23549.6,287.85,290.65,272.45,289.2,17325,1743048960
2025-03-27 09:47:00,PE,ATM+6,0.0,460950,23850.0,23537.35,289.2,301.45,288.25,301.45,5700,1743049020
2025-03-27 09:48:00,PE,ATM+6,0.0,460950,23850.0,23533.65,301.45,314.45,298.4,300.45,10725,1743049080
2025-03-27 09:49:00,PE,ATM+6,0.0,455400,23850.0,23527.75,301.0,312.9,299.6,309.0,4875,1743049140
2025-03-27 09:50:00,PE,ATM+6,0.0,1513950,23800.0,23521.2,260.65,269.2,258.7,263.6,41025,1743049200
2025-03-27 09:51:00,PE,ATM+6,0.0,455400,23850.0,23530.3,313.4,315.65,304.0,313.4,3450,1743049260
2025-03-27 09:52:00,PE,ATM+6,0.0,449850,23850.0,23546.55,313.4,313.4,291.2,291.2,3000,1743049320
2025-03-27 09:53:00,PE,ATM+6,0.0,449850,23850.0,23558.85,292.8,292.8,280.55,280.65,7875,1743049380
2025-03-27 09:54:00,PE,ATM+6,0.0,447675,23850.0,23566.2,278.6,285.7,268.7,274.4,12975,1743049440
2025-03-27 09:55:00,PE,ATM+6,0.0,447675,23850.0,23566.3,274.35,278.85,266.8,266.8,12150,1743049500
2025-03-27 09:56:00,PE,ATM+6,0.0,447675,23850.0,23559.6,261.25,279.7,259.55,277.2,16950,1743049560
2025-03-27 09:57:00,PE,ATM+6,0.0,447675,23850.0,23561.85,278.55,278.55,268.3,274.9,6075,1743049620
2025-03-27 09:58:00,PE,ATM+6,0.0,441675,23850.0,23570.15,274.9,278.4,266.9,266.9,13650,1743049680
2025-03-27 09:59:00,PE,ATM+6,0.0,543825,23900.0,23585.45,315.0,315.65,299.05,299.05,23625,1743049740
2025-03-27 10:00:00,PE,ATM+6,0.0,543825,23900.0,23581.9,298.75,308.25,292.0,306.0,12525,1743049800
2025-03-27 10:01:00,PE,ATM+6,0.0,541050,23900.0,23577.75,306.0,315.3,306.0,309.45,9150,1743049860
2025-03-27 10:02:00,PE,ATM+6,0.0,541050,23900.0,23581.1,309.45,310.8,302.6,305.25,4725,1743049920
2025-03-27 10:03:00,PE,ATM+6,0.0,541050,23900.0,23580.25,305.25,311.2,305.25,306.2,4725,1743049980
2025-03-27 10:04:00,PE,ATM+6,0.0,539325,23900.0,23594.65,306.2,307.5,288.7,290.9,19125,1743050040
2025-03-27 10:05:00,PE,ATM+6,0.0,539325,23900.0,23603.25,290.9,295.5,279.0,281.2,18825,1743050100
2025-03-27 10:06:00,PE,ATM+6,0.0,539325,23900.0,23597.25,283.3,292.9,281.55,287.05,17325,1743050160
2025-03-27 10:07:00,PE,ATM+6,0.0,543900,23900.0,23592.25,287.2,298.0,287.2,295.0,12000,1743050220
2025-03-27 10:08:00,PE,ATM+6,0.0,543900,23900.0,23602.3,295.0,297.8,281.9,283.7,5925,1743050280
2025-03-27 10:09:00,PE,ATM+6,0.0,543900,23900.0,23611.9,282.75,282.75,268.1,276.75,26700,1743050340
2025-03-27 10:10:00,PE,ATM+6,0.0,541800,23900.0,23603.65,276.7,282.65,271.35,280.2,22575,1743050400
2025-03-27 10:11:00,PE,ATM+6,0.0,541800,23900.0,23610.5,282.0,282.0,273.0,276.9,9375,1743050460
2025-03-27 10:12:00,PE,ATM+6,0.0,541800,23900.0,23609.95,275.0,279.0,267.9,278.15,12375,1743050520
2025-03-27 10:13:00,PE,ATM+6,0.0,545775,23900.0,23606.85,278.3,280.2,275.4,276.7,6225,1743050580
2025-03-27 10:14:00,PE,ATM+6,0.0,545775,23900.0,23600.35,278.7,287.25,278.7,284.65,15225,1743050640
2025-03-27 10:15:00,PE,ATM+6,0.0,545775,23900.0,23601.85,284.65,296.0,279.15,282.9,23850,1743050700
2025-03-27 10:16:00,PE,ATM+6,0.0,536400,23900.0,23613.25,278.4,282.2,270.0,270.0,9525,1743050760
2025-03-27 10:17:00,PE,ATM+6,0.0,536400,23900.0,23609.55,270.0,280.35,266.45,280.35,14550,1743050820
2025-03-27 10:18:00,PE,ATM+6,0.0,536400,23900.0,23597.85,280.45,297.7,279.1,297.05,26175,1743050880
2025-03-27 10:19:00,PE,ATM+6,0.0,525825,23900.0,23592.5,297.75,304.5,296.45,297.0,22350,1743050940
2025-03-27 10:20:00,PE,ATM+6,0.0,525825,23900.0,23594.2,296.25,298.6,290.75,298.6,20025,1743051000
2025-03-27 10:21:00,PE,ATM+6,0.0,525825,23900.0,23603.05,298.6,298.6,281.25,286.6,12525,1743051060
2025-03-27 10:22:00,PE,ATM+6,0.0,532725,23900.0,23606.3,286.6,286.6,276.45,279.5,6300,1743051120
2025-03-27 10:23:00,PE,ATM+6,0.0,532725,23900.0,23614.95,279.75,279.75,264.6,270.4,19350,1743051180
2025-03-27 10:24:00,PE,ATM+6,0.0,532725,23900.0,23613.65,270.0,277.1,268.05,273.0,8775,1743051240
2025-03-27 10:25:00,PE,ATM+6,0.0,528975,23900.0,23613.5,273.0,280.55,273.0,275.6,15750,1743051300
2025-03-27 10:26:00,PE,ATM+6,0.0,528975,23900.0,23607.2,273.3,284.05,273.3,282.75,11700,1743051360
2025-03-27 10:27:00,PE,ATM+6,0.0,528975,23900.0,23606.1,283.5,287.6,279.35,287.25,10350,1743051420
2025-03-27 10:28:00,PE,ATM+6,0.0,520050,23900.0,23609.95,287.25,290.0,280.0,280.0,18675,1743051480
2025-03-27 10:29:00,PE,ATM+6,0.0,520050,23900.0,23617.8,280.0,281.05,271.7,272.4,18450,1743051540
2025-03-27 10:30:00,PE,ATM+6,0.0,520050,23900.0,23620.15,272.4,272.4,259.4,270.6,21375,1743051600
2025-03-27 10:31:00,PE,ATM+6,0.0,524700,23900.0,23607.95,270.0,280.2,267.0,279.0,22425,1743051660
2025-03-27 10:32:00,PE,ATM+6,0.0,524700,23900.0,23601.45,281.0,288.1,278.2,288.1,15225,1743051720
2025-03-27 10:33:00,PE,ATM+6,0.0,524700,23900.0,23594.4,289.35,295.45,285.65,290.25,21600,1743051780
2025-03-27 10:34:00,PE,ATM+6,0.0,527550,23900.0,23595.8,293.0,296.55,287.1,292.0,27225,1743051840
2025-03-27 10:35:00,PE,ATM+6,0.0,527550,23900.0,23590.35,292.0,304.0,289.35,304.0,20175,1743051900
2025-03-27 10:36:00,PE,ATM+6,0.0,527550,23900.0,23593.95,303.4,303.4,291.3,291.35,18825,1743051960
2025-03-27 10:37:00,PE,ATM+6,0.0,529725,23900.0,23587.35,291.35,300.8,291.35,299.1,8325,1743052020
2025-03-27 10:38:00,PE,ATM+6,0.0,529725,23900.0,23582.4,299.1,311.5,299.1,304.0,27525,1743052080
2025-03-27 10:39:00,PE,ATM+6,0.0,529725,23900.0,23583.5,304.3,308.35,302.3,308.0,5250,1743052140
2025-03-27 10:40:00,PE,ATM+6,0.0,524025,23900.0,23582.35,310.0,315.3,303.35,307.2,13800,1743052200
2025-03-27 10:41:00,PE,ATM+6,0.0,524025,23900.0,23584.45,304.9,307.85,298.15,302.25,10800,1743052260
2025-03-27 10:42:00,PE,ATM+6,0.0,524025,23900.0,23588.55,302.4,303.95,293.75,294.4,6375,1743052320
2025-03-27 10:43:00,PE,ATM+6,0.0,522450,23900.0,23594.1,294.4,295.7,289.2,291.7,6750,1743052380
2025-03-27 10:44:00,PE,ATM+6,0.0,522450,23900.0,23583.3,291.6,305.6,291.6,304.2,11325,1743052440
2025-03-27 10:45:00,PE,ATM+6,0.0,522450,23900.0,23586.3,306.0,306.0,298.85,298.85,4875,1743052500
2025-03-27 10:46:00,PE,ATM+6,0.0,526575,23900.0,23588.4,298.85,306.45,296.7,298.75,7500,1743052560
2025-03-27 10:47:00,PE,ATM+6,0.0,526575,23900.0,23583.35,298.75,309.2,298.05,309.2,2850,1743052620
2025-03-27 10:48:00,PE,ATM+6,0.0,526575,23900.0,23578.95,309.2,311.95,303.95,311.95,11700,1743052680
2025-03-27 10:49:00,PE,ATM+6,0.0,424575,23850.0,23573.5,261.2,266.65,260.05,265.05,11100,1743052740
2025-03-27 10:50:00,PE,ATM+6,0.0,424575,23850.0,23571.6,264.5,273.15,261.0,273.15,10500,1743052800
2025-03-27 10:51:00,PE,ATM+6,0.0,424575,23850.0,23565.1,274.95,285.0,270.5,277.75,27450,1743052860
2025-03-27 10:52:00,PE,ATM+6,0.0,516675,23900.0,23578.55,328.1,328.1,310.4,315.2,10200,1743052920
2025-03-27 10:53:00,PE,ATM+6,0.0,516675,23900.0,23575.55,315.2,319.5,313.2,318.8,2775,1743052980
2025-03-27 10:54:00,PE,ATM+6,0.0,516675,23900.0,23577.15,317.2,325.65,317.2,318.0,8250,1743053040
2025-03-27 10:55:00,PE,ATM+6,0.0,510975,23900.0,23575.15,318.5,325.7,314.65,317.95,4725,1743053100
2025-03-27 10:56:00,PE,ATM+6,0.0,418275,23850.0,23568.75,267.6,275.2,267.6,272.9,8775,1743053160
2025-03-27 10:57:00,PE,ATM+6,0.0,418275,23850.0,23572.25,272.9,276.0,268.4,268.4,4500,1743053220
2025-03-27 10:58:00,PE,ATM+6,0.0,420225,23850.0,23570.95,268.0,271.55,264.35,270.1,4050,1743053280
2025-03-27 10:59:00,PE,ATM+6,0.0,505425,23900.0,23576.3,317.05,317.05,307.8,312.75,3900,1743053340
2025-03-27 11:00:00,PE,ATM+6,0.0,505425,23900.0,23600.9,312.55,312.55,294.85,294.85,8100,1743053400
2025-03-27 11:01:00,PE,ATM+6,0.0,505425,23900.0,23597.1,294.4,297.05,292.05,295.1,11025,1743053460
2025-03-27 11:02:00,PE,ATM+6,0.0,505425,23900.0,23599.35,295.1,296.35,287.5,287.5,9150,1743053520
2025-03-27 11:03:00,PE,ATM+6,0.0,505425,23900.0,23599.65,286.25,293.5,286.25,291.1,3975,1743053580
2025-03-27 11:04:00,PE,ATM+6,0.0,508650,23900.0,23601.2,291.1,292.95,287.8,290.5,2700,1743053640
2025-03-27 11:05:00,PE,ATM+6,0.0,508650,23900.0,23602.75,290.5,291.95,286.9,287.3,7125,1743053700
2025-03-27 11:06:00,PE,ATM+6,0.0,508650,23900.0,23594.05,289.85,295.7,289.85,294.9,9825,1743053760
2025-03-27 11:07:00,PE,ATM+6,0.0,510675,23900.0,23598.7,294.9,294.9,289.2,290.45,4275,1743053820
2025-03-27 11:08:00,PE,ATM+6,0.0,510675,23900.0,23605.35,290.45,290.45,283.3,284.3,8775,1743053880
2025-03-27 11:09:00,PE,ATM+6,0.0,510675,23900.0,23599.65,284.3,291.0,284.3,289.8,2775,1743053940
2025-03-27 11:10:00,PE,ATM+6,0.0,504975,23900.0,23599.6,289.8,292.0,287.55,291.5,2850,1743054000
2025-03-27 11:11:00,PE,ATM+6,0.0,504975,23900.0,23603.2,291.05,291.05,283.95,283.95,5850,1743054060
2025-03-27 11:12:00,PE,ATM+6,0.0,504975,23900.0,23598.1,283.95,292.65,283.95,292.65,7650,1743054120
2025-03-27 11:13:00,PE,ATM+6,0.0,509100,23900.0,23598.6,293.4,296.2,290.0,290.75,11850,1743054180
2025-03-27 11:14:00,PE,ATM+6,0.0,509100,23900.0,23602.9,292.85,295.7,288.6,288.6,4275,1743054240
2025-03-27 11:15:00,PE,ATM+6,0.0,509100,23900.0,23604.0,288.6,289.25,286.7,287.95,3000,1743054300
2025-03-27 11:16:00,PE,ATM+6,0.0,509175,23900.0,23609.2,287.95,289.55,277.2,278.45,12000,1743054360
2025-03-27 11:17:00,PE,ATM+6,0.0,509175,23900.0,23601.95,279.75,288.0,272.2,286.5,9600,1743054420
2025-03-27 11:18:00,PE,ATM+6,0.0,509175,23900.0,23596.3,289.0,295.85,288.0,295.6,7725,1743054480
2025-03-27 11:19:00,PE,ATM+6,0.0,506625,23900.0,23594.55,293.25,295.1,290.95,293.0,4200,1743054540
2025-03-27 11:20:00,PE,ATM+6,0.0,506625,23900.0,23588.05,293.0,300.45,292.95,300.0,10500,1743054600
2025-03-27 11:21:00,PE,ATM+6,0.0,506625,23900.0,23587.85,300.75,302.1,296.85,298.6,14625,1743054660
2025-03-27 11:22:00,PE,ATM+6,0.0,508275,23900.0,23584.75,298.6,303.0,296.4,303.0,6900,1743054720
2025-03-27 11:23:00,PE,ATM+6,0.0,508275,23900.0,23583.65,303.0,303.0,299.1,301.8,1950,1743054780
2025-03-27 11:24:00,PE,ATM+6,0.0,508275,23900.0,23585.25,301.8,303.5,298.1,301.85,2400,1743054840
2025-03-27 11:25:00,PE,ATM+6,0.0,506100,23900.0,23586.7,301.2,304.3,299.9,302.65,6900,1743054900
2025-03-27 11:26:00,PE,ATM+6,0.0,506100,23900.0,23585.75,298.2,301.45,298.1,299.6,2325,1743054960
2025-03-27 11:27:00,PE,ATM+6,0.0,506100,23900.0,23587.1,299.6,303.0,299.6,300.05,3450,1743055020
2025-03-27 11:28:00,PE,ATM+6,0.0,504825,23900.0,23583.0,300.05,305.05,300.05,304.5,6375,1743055080
2025-03-27 11:29:00,PE,ATM+6,0.0,504825,23900.0,23580.15,307.2,308.55,304.2,307.65,5100,1743055140
2025-03-27 11:30:00,PE,ATM+6,0.0,504825,23900.0,23586.05,307.65,307.65,302.0,303.35,2700,1743055200
2025-03-27 11:31:00,PE,ATM+6,0.0,503775,23900.0,23580.85,303.35,304.95,302.7,304.95,300,1743055260
2025-03-27 11:32:00,PE,ATM+6,0.0,503775,23900.0,23584.3,306.1,306.1,302.0,302.3,1350,1743055320
2025-03-27 11:33:00,PE,ATM+6,0.0,503775,23900.0,23590.1,302.3,303.4,295.8,298.05,4575,1743055380
2025-03-27 11:34:00,PE,ATM+6,0.0,503175,23900.0,23589.95,298.15,299.05,293.6,295.75,3675,1743055440
2025-03-27 11:35:00,PE,ATM+6,0.0,503175,23900.0,23592.6,296.65,296.65,291.7,294.5,8025,1743055500
2025-03-27 11:36:00,PE,ATM+6,0.0,503175,23900.0,23593.45,294.8,294.8,292.5,293.65,3600,1743055560
2025-03-27 11:37:00,PE,ATM+6,0.0,503550,23900.0,23596.0,293.65,296.35,293.65,294.4,1425,1743055620
2025-03-27 11:38:00,PE,ATM+6,0.0,503550,23900.0,23592.45,294.4,297.4,293.9,295.5,1950,1743055680
2025-03-27 11:39:00,PE,ATM+6,0.0,503550,23900.0,23599.0,295.0,296.2,292.5,292.95,3525,1743055740
2025-03-27 11:40:00,PE,ATM+6,0.0,503700,23900.0,23600.25,293.1,293.15,290.6,292.05,6075,1743055800
2025-03-27 11:41:00,PE,ATM+6,0.0,503700,23900.0,23597.05,292.05,295.0,291.2,292.6,8025,1743055860
2025-03-27 11:42:00,PE,ATM+6,0.0,503700,23900.0,23607.25,293.6,293.6,286.0,286.0,7725,1743055920
2025-03-27 11:43:00,PE,ATM+6,0.0,501300,23900.0,23613.0,286.5,287.7,283.9,283.9,5250,1743055980
2025-03-27 11:44:00,PE,ATM+6,0.0,501300,23900.0,23611.5,283.35,286.0,283.35,284.75,6150,1743056040
2025-03-27 11:45:00,PE,ATM+6,0.0,501300,23900.0,23609.0,284.75,286.6,282.9,286.4,6000,1743056100
2025-03-27 11:46:00,PE,ATM+6,0.0,504750,23900.0,23609.0,286.4,286.4,284.0,285.0,3300,1743056160
2025-03-27 11:47:00,PE,ATM+6,0.0,504750,23900.0,23611.65,285.0,285.2,283.15,284.0,2775,1743056220
2025-03-27 11:48:00,PE,ATM+6,0.0,504750,23900.0,23614.0,284.0,284.25,279.05,279.85,8700,1743056280
2025-03-27 11:49:00,PE,ATM+6,0.0,505500,23900.0,23613.95,281.25,283.8,280.5,283.35,2400,1743056340
2025-03-27 11:50:00,PE,ATM+6,0.0,505500,23900.0,23612.75,284.95,285.0,283.7,285.0,4425,1743056400
2025-03-27 11:51:00,PE,ATM+6,0.0,505500,23900.0,23608.3,285.0,290.8,285.0,289.0,12975,1743056460
2025-03-27 11:52:00,PE,ATM+6,0.0,506175,23900.0,23606.35,289.8,291.8,289.45,290.0,9600,1743056520
2025-03-27 11:53:00,PE,ATM+6,0.0,506175,23900.0,23607.6,290.0,291.5,288.55,291.3,2925,1743056580
2025-03-27 11:54:00,PE,ATM+6,0.0,506175,23900.0,23604.7,291.3,292.75,290.0,292.0,3525,1743056640
2025-03-27 11:55:00,PE,ATM+6,0.0,500475,23900.0,23605.1,292.0,293.3,290.4,290.8,7425,1743056700
2025-03-27 11:56:00,PE,ATM+6,0.0,500475,23900.0,23608.45,290.8,290.8,287.4,288.45,3300,1743056760
2025-03-27 11:57:00,PE,ATM+6,0.0,500475,23900.0,23608.6,288.5,289.7,286.5,288.75,2100,1743056820
2025-03-27 11:58:00,PE,ATM+6,0.0,498750,23900.0,23604.0,288.75,293.25,288.15,293.1,2700,1743056880
2025-03-27 11:59:00,PE,ATM+6,0.0,498750,23900.0,23600.45,293.1,296.75,291.7,294.1,9150,1743056940
2025-03-27 12:00:00,PE,ATM+6,0.0,498750,23900.0,23594.45,295.0,297.3,292.85,296.15,11550,1743057000
2025-03-27 12:01:00,PE,ATM+6,0.0,494325,23900.0,23593.3,299.0,299.0,296.3,296.45,6675,1743057060
2025-03-27 12:02:00,PE,ATM+6,0.0,494325,23900.0,23585.5,296.45,301.35,296.45,301.35,7575,1743057120
2025-03-27 12:03:00,PE,ATM+6,0.0,494325,23900.0,23586.2,301.35,302.75,298.85,301.7,7050,1743057180
2025-03-27 12:04:00,PE,ATM+6,0.0,493275,23900.0,23584.95,303.6,304.15,300.2,304.15,9000,1743057240
2025-03-27 12:05:00,PE,ATM+6,0.0,493275,23900.0,23583.0,304.15,305.15,302.15,303.95,5100,1743057300
2025-03-27 12:06:00,PE,ATM+6,0.0,493275,23900.0,23583.35,303.95,304.05,300.0,303.1,9300,1743057360
2025-03-27 12:07:00,PE,ATM+6,0.0,486750,23900.0,23586.0,303.4,303.4,298.4,300.2,3525,1743057420
2025-03-27 12:08:00,PE,ATM+6,0.0,486750,23900.0,23587.75,300.2,300.2,295.6,298.4,5775,1743057480
2025-03-27 12:09:00,PE,ATM+6,0.0,486750,23900.0,23596.8,296.1,296.1,293.8,294.0,3375,1743057540
2025-03-27 12:10:00,PE,ATM+6,0.0,483900,23900.0,23594.05,294.0,295.4,292.35,294.4,3225,1743057600
2025-03-27 12:11:00,PE,ATM+6,0.0,483900,23900.0,23593.0,294.4,294.4,293.25,293.65,1425,1743057660
2025-03-27 12:12:00,PE,ATM+6,0.0,483900,23900.0,23596.0,293.65,293.65,291.05,291.2,2400,1743057720
2025-03-27 12:13:00,PE,ATM+6,0.0,484125,23900.0,23598.9,292.25,292.25,289.4,290.4,1500,1743057780
2025-03-27 12:14:00,PE,ATM+6,0.0,484125,23900.0,23600.5,288.6,290.4,287.0,287.0,4200,1743057840
2025-03-27 12:15:00,PE,ATM+6,0.0,484125,23900.0,23600.05,287.0,289.8,287.0,288.35,3300,1743057900
2025-03-27 12:16:00,PE,ATM+6,0.0,487650,23900.0,23596.6,288.35,292.4,288.35,290.4,9300,1743057960
2025-03-27 12:17:00,PE,ATM+6,0.0,487650,23900.0,23593.7,290.4,293.25,290.4,293.25,1500,1743058020
2025-03-27 12:18:00,PE,ATM+6,0.0,487650,23900.0,23590.5,293.25,296.4,292.6,296.4,5625,1743058080
2025-03-27 12:19:00,PE,ATM+6,0.0,491475,23900.0,23584.75,296.4,301.7,296.4,301.7,11325,1743058140
2025-03-27 12:20:00,PE,ATM+6,0.0,491475,23900.0,23587.3,303.0,303.0,299.8,300.05,6375,1743058200
2025-03-27 12:21:00,PE,ATM+6,0.0,491475,23900.0,23590.6,300.05,300.05,297.0,297.0,2700,1743058260
2025-03-27 12:22:00,PE,ATM+6,0.0,488550,23900.0,23592.85,297.0,297.3,296.2,296.35,975,1743058320
2025-03-27 12:23:00,PE,ATM+6,0.0,488550,23900.0,23590.8,296.35,296.65,295.0,296.25,900,1743058380
2025-03-27 12:24:00,PE,ATM+6,0.0,488550,23900.0,23590.45,296.25,296.75,295.25,296.25,3075,1743058440
2025-03-27 12:25:00,PE,ATM+6,0.0,488100,23900.0,23589.25,296.25,298.75,296.0,296.55,3750,1743058500
2025-03-27 12:26:00,PE,ATM+6,0.0,488100,23900.0,23589.6,296.55,297.1,296.3,297.0,525,1743058560
2025-03-27 12:27:00,PE,ATM+6,0.0,488100,23900.0,23585.8,297.05,299.9,296.0,298.95,2025,1743058620
2025-03-27 12:28:00,PE,ATM+6,0.0,487950,23900.0,23585.15,298.95,300.05,298.8,299.7,900,1743058680
2025-03-27 12:29:00,PE,ATM+6,0.0,487950,23900.0,23585.95,299.7,300.3,296.8,298.0,3450,1743058740
2025-03-27 12:30:00,PE,ATM+6,0.0,487950,23900.0,23582.45,298.0,305.4,298.0,305.4,3900,1743058800
2025-03-27 12:31:00,PE,ATM+6,0.0,488775,23900.0,23580.15,305.35,310.95,303.7,309.0,10275,1743058860
2025-03-27 12:32:00,PE,ATM+6,0.0,488775,23900.0,23577.35,312.9,312.9,308.3,308.3,9300,1743058920
2025-03-27 12:33:00,PE,ATM+6,0.0,488775,23900.0,23579.55,309.4,312.0,307.5,309.4,5325,1743058980
2025-03-27 12:34:00,PE,ATM+6,0.0,487575,23900.0,23577.4,308.8,310.3,307.0,309.9,3825,1743059040
2025-03-27 12:35:00,PE,ATM+6,0.0,487575,23900.0,23575.75,309.9,311.35,308.75,310.4,5100,1743059100
2025-03-27 12:36:00,PE,ATM+6,0.0,487575,23900.0,23580.8,310.4,310.8,304.35,304.95,6975,1743059160
2025-03-27 12:37:00,PE,ATM+6,0.0,485625,23900.0,23586.75,304.95,304.95,297.6,299.2,4875,1743059220
2025-03-27 12:38:00,PE,ATM+6,0.0,485625,23900.0,23591.15,299.2,299.2,295.35,295.55,7650,1743059280
2025-03-27 12:39:00,PE,ATM+6,0.0,485625,23900.0,23592.35,295.55,295.55,292.1,293.7,5625,1743059340
2025-03-27 12:40:00,PE,ATM+6,0.0,482325,23900.0,23593.9,293.95,296.2,293.1,293.1,3375,1743059400
2025-03-27 12:41:00,PE,ATM+6,0.0,482325,23900.0,23595.1,293.1,295.7,292.8,293.7,1125,1743059460
2025-03-27 12:42:00,PE,ATM+6,0.0,482325,23900.0,23595.6,293.7,297.0,293.7,295.75,4125,1743059520
2025-03-27 12:43:00,PE,ATM+6,0.0,484800,23900.0,23594.85,295.75,298.25,295.7,297.0,3600,1743059580
2025-03-27 12:44:00,PE,ATM+6,97.631058,484800,23900.0,23599.7,297.0,299.25,296.0,297.2,1275,1743059640
2025-03-27 12:45:00,PE,ATM+6,0.0,484800,23900.0,23598.85,297.2,297.6,296.4,296.4,675,1743059700
2025-03-27 12:46:00,PE,ATM+6,0.0,487500,23900.0,23597.95,296.4,296.4,293.25,294.0,7650,1743059760
2025-03-27 12:47:00,PE,ATM+6,0.0,487500,23900.0,23598.0,294.0,295.65,293.65,295.65,525,1743059820
2025-03-27 12:48:00,PE,ATM+6,0.0,487500,23900.0,23599.75,295.65,295.65,292.15,293.6,2925,1743059880
2025-03-27 12:49:00,PE,ATM+6,0.0,485475,23900.0,23601.0,293.6,294.25,290.0,292.45,5025,1743059940
2025-03-27 12:50:00,PE,ATM+6,0.0,485475,23900.0,23600.35,292.45,294.85,292.3,293.9,525,1743060000
2025-03-27 12:51:00,PE,ATM+6,0.0,485475,23900.0,23595.95,294.95,298.65,294.95,298.65,14625,1743060060
2025-03-27 12:52:00,PE,ATM+6,0.0,489900,23900.0,23592.05,298.5,302.3,296.4,302.3,3900,1743060120
2025-03-27 12:53:00,PE,ATM+6,0.0,489900,23900.0,23592.75,301.25,303.5,300.45,300.6,7500,1743060180
2025-03-27 12:54:00,PE,ATM+6,0.0,489900,23900.0,23588.4,300.6,304.4,300.0,304.0,1800,1743060240
2025-03-27 12:55:00,PE,ATM+6,0.0,488475,23900.0,23590.5,304.55,304.55,301.1,304.0,9075,1743060300
2025-03-27 12:56:00,PE,ATM+6,0.0,488475,23900.0,23589.75,304.0,305.8,302.0,304.8,4725,1743060360
2025-03-27 12:57:00,PE,ATM+6,0.0,488475,23900.0,23590.85,304.8,304.8,302.65,303.0,975,1743060420
2025-03-27 12:58:00,PE,ATM+6,0.0,487725,23900.0,23594.55,305.0,306.05,301.35,301.35,6075,1743060480
2025-03-27 12:59:00,PE,ATM+6,0.0,487725,23900.0,23598.8,300.8,301.5,299.7,300.15,1350,1743060540
2025-03-27 13:00:00,PE,ATM+6,0.0,487725,23900.0,23601.2,300.15,300.15,292.8,293.9,4875,1743060600
2025-03-27 13:01:00,PE,ATM+6,0.0,484200,23900.0,23603.55,293.9,295.0,293.05,293.05,2775,1743060660
2025-03-27 13:02:00,PE,ATM+6,0.0,484200,23900.0,23598.35,293.45,296.0,292.55,295.75,1275,1743060720
2025-03-27 13:03:00,PE,ATM+6,0.0,484200,23900.0,23596.7,296.45,297.9,295.15,297.9,6600,1743060780
2025-03-27 13:04:00,PE,ATM+6,0.0,486600,23900.0,23596.2,299.95,302.05,299.05,300.0,4425,1743060840
2025-03-27 13:05:00,PE,ATM+6,0.0,486600,23900.0,23595.65,300.0,300.0,298.55,298.8,525,1743060900
2025-03-27 13:06:00,PE,ATM+6,0.0,486600,23900.0,23594.25,298.8,300.8,298.8,300.65,450,1743060960
2025-03-27 13:07:00,PE,ATM+6,0.0,483975,23900.0,23595.1,300.65,304.0,300.65,302.0,4425,1743061020
2025-03-27 13:08:00,PE,ATM+6,0.0,483975,23900.0,23592.7,302.0,304.0,301.7,304.0,1275,1743061080
2025-03-27 13:09:00,PE,ATM+6,0.0,483975,23900.0,23592.75,304.2,305.0,303.3,303.3,2400,1743061140
2025-03-27 13:10:00,PE,ATM+6,0.0,483225,23900.0,23594.85,304.45,304.45,300.6,301.35,1350,1743061200
2025-03-27 13:11:00,PE,ATM+6,0.0,483225,23900.0,23594.0,301.35,303.0,300.6,302.4,1200,1743061260
2025-03-27 13:12:00,PE,ATM+6,0.0,483225,23900.0,23596.15,302.2,302.2,298.7,299.25,2025,1743061320
2025-03-27 13:13:00,PE,ATM+6,0.0,482550,23900.0,23596.55,299.25,300.5,299.05,300.2,1275,1743061380
2025-03-27 13:14:00,PE,ATM+6,0.0,482550,23900.0,23586.6,300.2,308.95,300.2,308.85,1950,1743061440
2025-03-27 13:15:00,PE,ATM+6,0.0,482550,23900.0,23586.75,309.0,315.0,308.0,308.9,6000,1743061500
2025-03-27 13:16:00,PE,ATM+6,0.0,483450,23900.0,23593.35,308.9,308.9,304.85,305.85,2250,1743061560
2025-03-27 13:17:00,PE,ATM+6,0.0,483450,23900.0,23587.0,305.5,309.3,303.4,309.3,1950,1743061620
2025-03-27 13:18:00,PE,ATM+6,0.0,483450,23900.0,23586.45,309.3,311.9,306.75,306.75,3825,1743061680
2025-03-27 13:19:00,PE,ATM+6,0.0,483675,23900.0,23588.95,306.75,307.0,303.9,304.85,1050,1743061740
2025-03-27 13:20:00,PE,ATM+6,0.0,483675,23900.0,23587.2,304.85,305.75,304.0,304.0,450,1743061800
2025-03-27 13:21:00,PE,ATM+6,0.0,483675,23900.0,23588.9,305.05,305.9,302.2,303.85,1800,1743061860
2025-03-27 13:22:00,PE,ATM+6,0.0,483675,23900.0,23588.95,303.85,303.85,301.9,303.1,375,1743061920
2025-03-27 13:23:00,PE,ATM+6,0.0,482175,23900.0,23587.35,303.1,304.5,303.1,303.95,450,1743061980
2025-03-27 13:24:00,PE,ATM+6,0.0,482175,23900.0,23594.0,303.95,303.95,300.85,301.2,1275,1743062040
2025-03-27 13:25:00,PE,ATM+6,0.0,479400,23900.0,23592.2,301.2,302.3,299.75,300.45,5850,1743062100
2025-03-27 13:26:00,PE,ATM+6,0.0,479400,23900.0,23596.05,300.45,300.45,297.85,298.4,2100,1743062160
2025-03-27 13:27:00,PE,ATM+6,0.0,479400,23900.0,23594.8,298.4,299.3,298.2,299.3,300,1743062220
2025-03-27 13:28:00,PE,ATM+6,0.0,478200,23900.0,23596.75,299.3,299.3,298.1,298.4,600,1743062280
2025-03-27 13:29:00,PE,ATM+6,0.0,478200,23900.0,23599.55,298.0,298.0,294.75,295.4,5025,1743062340
2025-03-27 13:30:00,PE,ATM+6,0.0,478200,23900.0,23599.05,295.6,297.05,293.05,293.05,3375,1743062400
2025-03-27 13:31:00,PE,ATM+6,0.0,474900,23900.0,23603.55,292.5,293.65,290.3,293.0,7425,1743062460
2025-03-27 13:32:00,PE,ATM+6,0.0,474900,23900.0,23604.25,293.0,293.35,291.15,291.85,1800,1743062520
2025-03-27 13:33:00,PE,ATM+6,0.0,474900,23900.0,23605.75,291.85,295.1,291.35,292.0,3150,1743062580
2025-03-27 13:34:00,PE,ATM+6,0.0,475800,23900.0,23604.75,292.0,295.2,292.0,293.6,1500,1743062640
2025-03-27 13:35:00,PE,ATM+6,0.0,475800,23900.0,23603.25,293.6,294.6,293.6,294.4,450,1743062700
2025-03-27 13:36:00,PE,ATM+6,40.432106,475800,23900.0,23599.85,294.4,300.5,294.4,300.5,4500,1743062760
2025-03-27 13:37:00,PE,ATM+6,45.702099,475050,23900.0,23600.65,300.25,300.7,299.6,300.7,1275,1743062820
2025-03-27 13:38:00,PE,ATM+6,0.0,475050,23900.0,23595.9,300.7,302.45,298.75,300.4,3375,1743062880
2025-03-27 13:39:00,PE,ATM+6,0.0,475050,23900.0,23602.2,300.4,300.75,296.4,296.4,4800,1743062940
2025-03-27 13:40:00,PE,ATM+6,0.0,472650,23900.0,23602.6,296.8,297.8,294.4,294.65,3525,1743063000
2025-03-27 13:41:00,PE,ATM+6,0.0,472650,23900.0,23602.25,294.65,296.0,293.9,295.45,5325,1743063060
2025-03-27 13:42:00,PE,ATM+6,41.874656,472650,23900.0,23603.85,295.45,296.75,295.45,296.65,450,1743063120
2025-03-27 13:43:00,PE,ATM+6,0.0,472650,23900.0,23602.1,296.45,298.5,295.65,295.65,1800,1743063180
2025-03-27 13:44:00,PE,ATM+6,0.0,471975,23900.0,23605.6,295.65,295.65,292.25,292.25,825,1743063240
2025-03-27 13:45:00,PE,ATM+6,39.075522,471975,23900.0,23609.9,292.25,292.85,288.45,290.25,6750,1743063300
2025-03-27 13:46:00,PE,ATM+6,0.0,472125,23900.0,23606.25,291.15,292.8,290.25,292.25,600,1743063360
2025-03-27 13:47:00,PE,ATM+6,0.0,472125,23900.0,23601.3,293.0,295.4,293.0,294.3,4350,1743063420
2025-03-27 13:48:00,PE,ATM+6,0.0,472125,23900.0,23601.65,295.2,295.65,293.25,294.6,4575,1743063480
2025-03-27 13:49:00,PE,ATM+6,0.0,473625,23900.0,23607.1,294.6,294.6,290.85,291.6,3300,1743063540
2025-03-27 13:50:00,PE,ATM+6,0.0,473625,23900.0,23611.9,291.6,292.8,287.0,287.0,4200,1743063600
2025-03-27 13:51:00,PE,ATM+6,0.0,473625,23900.0,23608.3,287.7,290.9,287.6,290.9,2175,1743063660
2025-03-27 13:52:00,PE,ATM+6,0.0,475350,23900.0,23607.0,290.9,292.95,289.9,292.2,2025,1743063720
2025-03-27 13:53:00,PE,ATM+6,0.0,475350,23900.0,23605.85,292.2,292.8,291.85,292.8,975,1743063780
2025-03-27 13:54:00,PE,ATM+6,0.0,475350,23900.0,23606.7,292.8,294.05,292.0,292.25,1875,1743063840
2025-03-27 13:55:00,PE,ATM+6,0.0,474075,23900.0,23604.7,292.25,294.5,292.0,294.5,1575,1743063900
2025-03-27 13:56:00,PE,ATM+6,0.0,474075,23900.0,23605.25,294.5,295.2,291.25,291.6,4950,1743063960
2025-03-27 13:57:00,PE,ATM+6,0.0,474075,23900.0,23602.7,291.6,294.0,290.25,294.0,3075,1743064020
2025-03-27 13:58:00,PE,ATM+6,0.0,474000,23900.0,23599.3,294.0,297.9,294.0,297.0,8400,1743064080
2025-03-27 13:59:00,PE,ATM+6,34.863413,474000,23900.0,23604.9,297.0,297.0,294.0,294.8,1800,1743064140
2025-03-27 14:00:00,PE,ATM+6,0.0,474000,23900.0,23604.95,294.85,294.85,293.05,294.05,1050,1743064200
2025-03-27 14:01:00,PE,ATM+6,45.954394,474450,23900.0,23608.45,294.05,294.75,292.2,292.2,300,1743064260
2025-03-27 14:02:00,PE,ATM+6,41.990553,474450,23900.0,23609.5,292.2,292.2,289.5,290.65,4650,1743064320
2025-03-27 14:03:00,PE,ATM+6,48.128795,474450,23900.0,23611.55,290.2,290.5,289.45,289.45,1800,1743064380
2025-03-27 14:04:00,PE,ATM+6,0.0,472650,23900.0,23609.15,289.45,291.0,289.45,289.8,825,1743064440
2025-03-27 14:05:00,PE,ATM+6,42.654597,472650,23900.0,23608.95,289.8,291.8,289.35,291.2,2700,1743064500
2025-03-27 14:06:00,PE,ATM+6,39.670067,472650,23900.0,23608.25,291.2,291.8,291.0,291.65,1050,1743064560
2025-03-27 14:07:00,PE,ATM+6,52.044879,472650,23900.0,23609.8,291.65,291.7,290.6,291.7,2550,1743064620
2025-03-27 14:08:00,PE,ATM+6,56.259681,472950,23900.0,23611.7,291.7,291.7,290.8,290.8,75,1743064680
2025-03-27 14:09:00,PE,ATM+6,43.197295,472950,23900.0,23611.25,290.8,290.8,287.5,288.9,1125,1743064740
2025-03-27 14:10:00,PE,ATM+6,0.0,472575,23900.0,23610.15,288.9,290.0,287.75,289.25,4125,1743064800
2025-03-27 14:11:00,PE,ATM+6,0.0,472575,23900.0,23609.55,289.25,290.95,288.3,288.8,3150,1743064860
2025-03-27 14:12:00,PE,ATM+6,42.222897,472575,23900.0,23609.05,288.8,290.95,288.8,290.95,600,1743064920
2025-03-27 14:13:00,PE,ATM+6,0.0,473025,23900.0,23606.1,290.95,292.5,287.0,292.5,3975,1743064980
2025-03-27 14:14:00,PE,ATM+6,0.0,473025,23900.0,23609.1,292.5,292.5,290.55,290.55,4425,1743065040
2025-03-27 14:15:00,PE,ATM+6,49.479437,473025,23900.0,23606.65,291.7,294.1,291.4,293.95,10800,1743065100
2025-03-27 14:16:00,PE,ATM+6,0.0,469125,23900.0,23605.6,293.95,295.0,292.45,294.0,9375,1743065160
2025-03-27 14:17:00,PE,ATM+6,34.469127,469125,23900.0,23606.3,294.0,296.0,293.4,293.4,3300,1743065220
2025-03-27 14:18:00,PE,ATM+6,59.160096,469125,23900.0,23611.0,293.4,293.4,290.5,291.3,1950,1743065280
2025-03-27 14:19:00,PE,ATM+6,45.360016,469125,23900.0,23608.2,290.5,293.0,290.5,291.9,1575,1743065340
2025-03-27 14:20:00,PE,ATM+6,51.091388,467025,23900.0,23608.95,291.9,292.1,291.7,291.7,975,1743065400
2025-03-27 14:21:00,PE,ATM+6,64.768118,467025,23900.0,23609.35,291.7,294.6,291.7,294.0,4800,1743065460
2025-03-27 14:22:00,PE,ATM+6,57.129349,464775,23900.0,23609.9,294.0,294.0,291.6,291.6,1875,1743065520
2025-03-27 14:23:00,PE,ATM+6,52.956197,464775,23900.0,23608.6,291.6,293.4,291.2,292.15,14475,1743065580
2025-03-27 14:24:00,PE,ATM+6,57.537721,464775,23900.0,23610.65,292.15,293.65,290.75,290.8,2925,1743065640
2025-03-27 14:25:00,PE,ATM+6,52.459724,468975,23900.0,23608.65,290.8,292.15,290.75,291.95,1875,1743065700
2025-03-27 14:26:00,PE,ATM+6,49.439966,468975,23900.0,23607.5,291.95,294.0,291.95,292.75,4425,1743065760
2025-03-27 14:27:00,PE,ATM+6,0.0,468975,23900.0,23607.65,291.85,292.95,291.4,291.4,2175,1743065820
2025-03-27 14:28:00,PE,ATM+6,53.004969,469725,23900.0,23606.5,291.4,294.0,291.4,294.0,3825,1743065880
2025-03-27 14:29:00,PE,ATM+6,47.866607,469725,23900.0,23605.05,294.0,295.0,292.2,295.0,3450,1743065940
2025-03-27 14:30:00,PE,ATM+6,0.0,469725,23900.0,23599.15,296.2,300.45,296.2,299.05,9000,1743066000
2025-03-27 14:31:00,PE,ATM+6,0.0,462825,23900.0,23596.05,299.05,303.4,299.05,303.0,14550,1743066060
2025-03-27 14:32:00,PE,ATM+6,0.0,462825,23900.0,23592.0,303.95,307.0,303.4,304.35,13950,1743066120
2025-03-27 14:33:00,PE,ATM+6,0.0,462825,23900.0,23592.1,304.35,305.0,301.15,303.0,4125,1743066180
2025-03-27 14:34:00,PE,ATM+6,0.0,462825,23900.0,23592.75,303.0,303.95,302.6,303.4,3075,1743066240
2025-03-27 14:35:00,PE,ATM+6,0.0,453075,23900.0,23585.8,303.4,306.6,302.45,306.6,5175,1743066300
2025-03-27 14:36:00,PE,ATM+6,0.0,453075,23900.0,23593.75,306.6,306.6,302.2,302.2,1725,1743066360
2025-03-27 14:37:00,PE,ATM+6,0.0,453825,23900.0,23603.3,302.2,302.6,296.3,296.3,4950,1743066420
2025-03-27 14:38:00,PE,ATM+6,0.0,453825,23900.0,23601.35,296.15,298.95,295.35,297.8,3975,1743066480
2025-03-27 14:39:00,PE,ATM+6,72.549331,453825,23900.0,23604.85,297.8,299.15,297.75,297.75,750,1743066540
2025-03-27 14:40:00,PE,ATM+6,0.0,450900,23900.0,23598.7,297.65,300.95,297.4,300.3,3150,1743066600
2025-03-27 14:41:00,PE,ATM+6,0.0,450900,23900.0,23599.6,300.3,300.9,298.45,299.25,3975,1743066660
2025-03-27 14:42:00,PE,ATM+6,72.482174,450900,23900.0,23605.55,299.25,299.35,295.85,296.65,5025,1743066720
2025-03-27 14:43:00,PE,ATM+6,76.43673,452475,23900.0,23605.05,296.65,297.75,295.85,297.75,1650,1743066780
2025-03-27 14:44:00,PE,ATM+6,0.0,452475,23900.0,23603.4,296.05,297.45,296.0,296.1,1725,1743066840
2025-03-27 14:45:00,PE,ATM+6,64.868833,452475,23900.0,23604.85,296.1,299.2,294.4,295.95,975,1743066900
2025-03-27 14:46:00,PE,ATM+6,68.126197,451275,23900.0,23603.4,295.7,297.65,295.15,297.65,5625,1743066960
2025-03-27 14:47:00,PE,ATM+6,74.09671,451275,23900.0,23603.55,297.65,298.2,296.75,298.2,1050,1743067020
2025-03-27 14:48:00,PE,ATM+6,71.593453,451275,23900.0,23604.05,298.2,298.2,296.95,297.25,1500,1743067080
2025-03-27 14:49:00,PE,ATM+6,81.247262,452400,23900.0,23605.9,297.25,297.25,295.6,296.85,1275,1743067140
2025-03-27 14:50:00,PE,ATM+6,0.0,452400,23900.0,23603.6,296.85,296.9,295.45,295.95,675,1743067200
2025-03-27 14:51:00,PE,ATM+6,0.0,452400,23900.0,23606.8,294.85,296.2,291.4,291.4,4800,1743067260
2025-03-27 14:52:00,PE,ATM+6,0.0,451425,23900.0,23603.65,291.45,295.2,291.45,294.5,2475,1743067320
2025-03-27 14:53:00,PE,ATM+6,80.425632,451425,23900.0,23607.9,294.5,295.2,292.8,294.1,5475,1743067380
2025-03-27 14:54:00,PE,ATM+6,85.828586,451425,23900.0,23610.2,294.1,294.1,292.3,292.6,375,1743067440
2025-03-27 14:55:00,PE,ATM+6,0.0,452025,23900.0,23606.0,292.6,293.8,291.9,292.8,1875,1743067500
2025-03-27 14:56:00,PE,ATM+6,71.611739,452025,23900.0,23607.85,292.8,293.05,290.7,292.8,975,1743067560
2025-03-27 14:57:00,PE,ATM+6,91.428745,452025,23900.0,23610.65,292.8,292.8,290.2,292.5,2925,1743067620
2025-03-27 14:58:00,PE,ATM+6,89.098576,448950,23900.0,23608.95,292.5,293.5,291.15,293.5,1125,1743067680
2025-03-27 14:59:00,PE,ATM+6,65.172197,448950,23900.0,23603.1,293.15,300.0,292.2,297.0,3825,1743067740
2025-03-27 15:00:00,PE,ATM+6,0.0,448950,23900.0,23579.95,300.85,314.7,298.6,307.3,16875,1743067800
2025-03-27 15:01:00,PE,ATM+6,114.643957,450600,23900.0,23606.5,310.4,316.65,298.6,300.0,37650,1743067860
2025-03-27 15:02:00,PE,ATM+6,0.0,450600,23900.0,23597.25,300.6,305.45,286.95,299.3,15825,1743067920
2025-03-27 15:03:00,PE,ATM+6,0.0,450600,23900.0,23579.9,297.9,307.3,297.9,306.6,7950,1743067980
2025-03-27 15:04:00,PE,ATM+6,109.539606,449100,23900.0,23600.8,305.65,308.55,300.0,303.0,11625,1743068040
2025-03-27 15:05:00,PE,ATM+6,64.484773,449100,23900.0,23596.9,303.0,307.0,300.85,303.05,4050,1743068100
2025-03-27 15:06:00,PE,ATM+6,0.0,449100,23900.0,23596.15,303.05,305.3,301.95,301.95,975,1743068160
2025-03-27 15:07:00,PE,ATM+6,0.0,449475,23900.0,23590.35,301.95,306.6,301.95,305.05,2400,1743068220
2025-03-27 15:08:00,PE,ATM+6,0.0,449475,23900.0,23586.1,306.15,306.15,302.75,305.65,5250,1743068280
2025-03-27 15:09:00,PE,ATM+6,133.695157,449475,23900.0,23602.7,305.65,306.95,303.2,303.35,975,1743068340
2025-03-27 15:10:00,PE,ATM+6,133.858817,446100,23900.0,23601.05,304.05,305.3,302.9,304.3,1425,1743068400
2025-03-27 15:11:00,PE,ATM+6,89.999745,446100,23900.0,23595.8,304.3,305.85,304.1,304.5,750,1743068460
2025-03-27 15:12:00,PE,ATM+6,0.0,446100,23900.0,23590.45,304.5,307.7,304.5,307.65,2250,1743068520
2025-03-27 15:13:00,PE,ATM+6,0.0,444375,23900.0,23588.05,306.2,308.0,305.85,307.25,2025,1743068580
2025-03-27 15:14:00,PE,ATM+6,0.0,444375,23900.0,23589.25,307.0,308.75,306.9,307.8,5100,1743068640
2025-03-27 15:15:00,PE,ATM+6,0.0,444375,23900.0,23588.1,307.6,309.25,305.9,309.25,19125,1743068700
2025-03-27 15:16:00,PE,ATM+6,0.0,434325,23900.0,23590.1,307.5,310.25,307.2,308.2,7200,1743068760
2025-03-27 15:17:00,PE,ATM+6,0.0,434325,23900.0,23587.8,308.2,310.2,307.6,308.4,4725,1743068820
2025-03-27 15:18:00,PE,ATM+6,0.0,434325,23900.0,23593.2,308.4,309.85,307.7,308.2,10950,1743068880
2025-03-27 15:19:00,PE,ATM+6,0.0,427650,23900.0,23587.25,308.2,309.1,307.95,308.75,3450,1743068940
2025-03-27 15:20:00,PE,ATM+6,0.0,427650,23900.0,23587.05,308.75,308.75,307.0,307.1,4425,1743069000
2025-03-27 15:21:00,PE,ATM+6,0.0,427650,23900.0,23588.55,307.8,308.55,307.35,307.95,4650,1743069060
2025-03-27 15:22:00,PE,ATM+6,0.0,425475,23900.0,23586.5,308.0,308.85,306.65,308.85,4200,1743069120
2025-03-27 15:23:00,PE,ATM+6,0.0,425475,23900.0,23589.95,308.7,308.7,308.0,308.3,12225,1743069180
2025-03-27 15:24:00,PE,ATM+6,0.0,425475,23900.0,23584.95,308.3,308.3,307.9,307.9,900,1743069240
2025-03-27 15:25:00,PE,ATM+6,0.0,425475,23900.0,23589.9,307.9,308.6,307.8,307.85,4425,1743069300
2025-03-27 15:26:00,PE,ATM+6,0.0,425250,23900.0,23591.35,307.75,308.75,307.75,308.0,2400,1743069360
2025-03-27 15:27:00,PE,ATM+6,0.0,425250,23900.0,23602.9,308.0,308.35,307.3,307.4,2925,1743069420
2025-03-27 15:28:00,PE,ATM+6,0.0,418575,23900.0,23599.8,307.4,307.55,306.8,307.55,7350,1743069480
2025-03-27 15:29:00,PE,ATM+6,0.0,418575,23900.0,23601.05,307.55,307.9,306.75,307.4,9600,1743069540
