datetime,option_type,strike_relative,iv,oi,strike,spot,open,high,low,close,volume,timestamp
2025-12-23 09:15:00,CE,ATM+1,12.825471,10596150,26200.0,26169.35,43.0,48.0,35.3,36.65,14131200,1766461500
2025-12-23 09:16:00,CE,ATM+1,12.881103,15675375,26200.0,26154.85,35.2,36.65,29.05,31.15,12696525,1766461560
2025-12-23 09:17:00,CE,ATM+1,12.373971,15675375,26200.0,26153.35,30.35,31.2,26.55,28.75,7904775,1766461620
2025-12-23 09:18:00,CE,ATM+1,12.163825,15675375,26200.0,26159.05,28.4,32.8,28.4,30.05,6763200,1766461680
2025-12-23 09:19:00,CE,ATM+1,11.490925,22541625,26200.0,26166.7,29.65,31.1,28.25,30.5,5568675,1766461740
2025-12-23 09:20:00,CE,ATM+1,11.161197,22541625,26200.0,26165.0,30.75,30.85,27.15,28.6,5954850,1766461800
2025-12-23 09:21:00,CE,ATM+1,11.146216,22541625,26200.0,26169.3,28.85,31.65,27.4,30.2,5520600,1766461860
2025-12-23 09:22:00,CE,ATM+1,11.229969,26637075,26200.0,26153.95,29.75,30.8,24.5,24.75,8311575,1766461920
2025-12-23 09:23:00,CE,ATM+1,11.185929,26637075,26200.0,26158.85,25.4,26.7,24.7,26.3,4593375,1766461980
2025-12-23 09:24:00,CE,ATM+1,11.056372,26637075,26200.0,26151.05,25.8,26.3,22.65,23.1,5715525,1766462040
2025-12-23 09:25:00,CE,ATM+1,11.499312,29716425,26200.0,26144.8,22.8,23.9,21.05,22.55,5630325,1766462100
2025-12-23 09:26:00,CE,ATM+1,10.922798,29716425,26200.0,26150.35,22.45,23.6,22.05,22.35,3823350,1766462160
2025-12-23 09:27:00,CE,ATM+1,11.158523,29716425,26200.0,26144.35,22.6,23.0,20.35,21.2,4570500,1766462220
2025-12-23 09:28:00,CE,ATM+1,10.792565,31104675,26200.0,26149.9,21.3,22.3,21.05,21.7,4431600,1766462280
2025-12-23 09:29:00,CE,ATM+1,10.64831,31104675,26200.0,26149.65,21.4,22.6,21.1,21.1,4245900,1766462340
2025-12-23 09:30:00,CE,ATM+1,10.834164,31104675,26200.0,26138.85,20.95,21.1,17.75,18.4,8585475,1766462400
2025-12-23 09:31:00,CE,ATM+1,10.800456,32145450,26200.0,26143.55,18.05,19.85,17.7,19.65,4717425,1766462460
2025-12-23 09:32:00,CE,ATM+1,10.774778,32145450,26200.0,26137.6,19.5,19.65,17.15,17.8,3920175,1766462520
2025-12-23 09:33:00,CE,ATM+1,10.745846,32145450,26200.0,26138.9,17.7,18.35,17.5,18.05,3108525,1766462580
2025-12-23 09:34:00,CE,ATM+1,10.486776,33131700,26200.0,26143.25,18.1,18.6,17.75,18.45,2801700,1766462640
2025-12-23 09:35:00,CE,ATM+1,10.350822,33131700,26200.0,26142.8,18.3,18.55,17.05,17.85,2867250,1766462700
2025-12-23 09:36:00,CE,ATM+1,10.394029,33131700,26200.0,26146.6,18.5,19.2,17.8,19.1,3299475,1766462760
2025-12-23 09:37:00,CE,ATM+1,10.194335,34466925,26200.0,26146.05,19.05,20.15,17.9,18.25,5131275,1766462820
2025-12-23 09:38:00,CE,ATM+1,10.38063,34466925,26200.0,26143.25,18.15,19.3,17.5,18.0,3085200,1766462880
2025-12-23 09:39:00,CE,ATM+1,10.176321,34466925,26200.0,26144.4,18.0,18.75,17.1,17.65,2718525,1766462940
2025-12-23 09:40:00,CE,ATM+1,10.259661,35970825,26200.0,26144.25,17.45,18.05,16.35,17.85,3820350,1766463000
2025-12-23 09:41:00,CE,ATM+1,10.416649,35970825,26200.0,26139.1,17.85,17.85,15.55,16.85,4282950,1766463060
2025-12-23 09:42:00,CE,ATM+1,10.324467,35970825,26200.0,26138.25,16.8,17.05,15.75,16.3,2780400,1766463120
2025-12-23 09:43:00,CE,ATM+1,9.890645,28989750,26150.0,26123.1,32.65,32.7,26.35,26.4,7884750,1766463180
2025-12-23 09:44:00,CE,ATM+1,9.949519,28989750,26150.0,26124.5,26.7,27.8,26.4,27.15,5655675,1766463240
2025-12-23 09:45:00,CE,ATM+1,10.30739,36374175,26200.0,26126.75,13.15,13.8,12.4,13.25,5220900,1766463300
2025-12-23 09:46:00,CE,ATM+1,10.344113,30906450,26150.0,26123.95,27.35,28.3,27.05,28.3,3186900,1766463360
2025-12-23 09:47:00,CE,ATM+1,9.959182,36832050,26200.0,26139.2,13.5,15.3,13.4,15.3,4156800,1766463420
2025-12-23 09:48:00,CE,ATM+1,10.198711,36832050,26200.0,26139.5,15.05,17.65,15.05,16.1,6723000,1766463480
2025-12-23 09:49:00,CE,ATM+1,10.334377,37176975,26200.0,26138.6,16.15,17.35,15.85,16.25,3888900,1766463540
2025-12-23 09:50:00,CE,ATM+1,10.068586,37176975,26200.0,26141.15,15.95,16.65,15.0,16.1,3533550,1766463600
2025-12-23 09:51:00,CE,ATM+1,9.869446,37176975,26200.0,26142.4,16.15,17.25,15.55,15.8,3174600,1766463660
2025-12-23 09:52:00,CE,ATM+1,10.087921,37999725,26200.0,26141.65,15.85,16.45,15.1,16.25,2423550,1766463720
2025-12-23 09:53:00,CE,ATM+1,9.979911,37999725,26200.0,26144.35,16.2,17.25,16.15,16.65,3239025,1766463780
2025-12-23 09:54:00,CE,ATM+1,9.977552,37999725,26200.0,26147.7,16.45,17.75,16.35,17.6,3734550,1766463840
2025-12-23 09:55:00,CE,ATM+1,9.94657,37720875,26200.0,26152.65,17.45,19.1,16.25,19.0,6106275,1766463900
2025-12-23 09:56:00,CE,ATM+1,9.882083,37720875,26200.0,26161.6,18.95,23.2,18.8,21.75,13343400,1766463960
2025-12-23 09:57:00,CE,ATM+1,9.538991,37720875,26200.0,26170.9,22.25,25.15,21.75,23.95,10975725,1766464020
2025-12-23 09:58:00,CE,ATM+1,9.842159,36887925,26200.0,26174.55,23.8,27.05,23.5,26.45,12486000,1766464080
2025-12-23 09:59:00,CE,ATM+1,9.967716,36887925,26200.0,26174.0,26.1,26.7,24.55,26.65,8350425,1766464140
2025-12-23 10:00:00,CE,ATM+1,10.071087,36887925,26200.0,26173.4,26.45,27.55,25.65,26.75,8087025,1766464200
2025-12-23 10:01:00,CE,ATM+1,10.353975,16482000,26250.0,26179.2,11.95,14.1,11.9,13.65,7457025,1766464260
2025-12-23 10:02:00,CE,ATM+1,10.272387,16482000,26250.0,26182.7,13.55,14.7,12.95,14.25,5751450,1766464320
2025-12-23 10:03:00,CE,ATM+1,9.986905,16482000,26250.0,26183.35,14.15,14.55,13.4,13.55,4204200,1766464380
2025-12-23 10:04:00,CE,ATM+1,9.755929,17033625,26250.0,26181.65,13.4,13.75,12.3,12.45,4607625,1766464440
2025-12-23 10:05:00,CE,ATM+1,9.846651,17033625,26250.0,26182.75,12.25,13.55,12.25,12.95,3285675,1766464500
2025-12-23 10:06:00,CE,ATM+1,9.680964,17033625,26250.0,26179.95,12.9,12.95,11.05,11.8,4513350,1766464560
2025-12-23 10:07:00,CE,ATM+1,9.591503,17520225,26250.0,26179.15,11.7,12.1,10.5,11.35,3703650,1766464620
2025-12-23 10:08:00,CE,ATM+1,9.549011,17520225,26250.0,26186.15,11.45,13.4,11.15,12.85,5111850,1766464680
2025-12-23 10:09:00,CE,ATM+1,9.531292,17520225,26250.0,26186.45,12.7,13.4,12.4,12.85,3195000,1766464740
2025-12-23 10:10:00,CE,ATM+1,9.382237,18829200,26250.0,26190.65,13.0,13.45,12.75,13.45,2623950,1766464800
2025-12-23 10:11:00,CE,ATM+1,9.709933,18829200,26250.0,26193.75,13.4,15.65,13.15,15.25,7252875,1766464860
2025-12-23 10:12:00,CE,ATM+1,9.506868,18829200,26250.0,26194.65,15.1,15.55,14.5,14.85,4291425,1766464920
2025-12-23 10:13:00,CE,ATM+1,9.608409,18251925,26250.0,26188.7,14.7,15.1,13.45,13.55,3911025,1766464980
2025-12-23 10:14:00,CE,ATM+1,9.478393,18251925,26250.0,26184.65,13.3,13.55,12.0,12.15,4245750,1766465040
2025-12-23 10:15:00,CE,ATM+1,9.630514,18251925,26250.0,26182.5,12.25,12.7,11.25,12.05,3410700,1766465100
2025-12-23 10:16:00,CE,ATM+1,9.734551,18802125,26250.0,26184.5,12.2,12.9,12.05,12.8,2022300,1766465160
2025-12-23 10:17:00,CE,ATM+1,9.442378,18802125,26250.0,26182.8,12.8,12.9,11.55,11.55,2502075,1766465220
2025-12-23 10:18:00,CE,ATM+1,9.331777,18802125,26250.0,26177.9,11.85,12.0,10.05,10.15,4506300,1766465280
2025-12-23 10:19:00,CE,ATM+1,8.861494,33676200,26200.0,26170.0,24.4,24.85,20.2,20.65,10607325,1766465340
2025-12-23 10:20:00,CE,ATM+1,9.129792,33676200,26200.0,26166.45,20.6,21.15,19.3,20.25,7723125,1766465400
2025-12-23 10:21:00,CE,ATM+1,9.6722,33676200,26200.0,26165.55,20.1,21.8,19.05,21.75,5814225,1766465460
2025-12-23 10:22:00,CE,ATM+1,9.05061,34299825,26200.0,26166.65,21.8,21.8,20.0,20.0,4606650,1766465520
2025-12-23 10:23:00,CE,ATM+1,8.906734,34299825,26200.0,26165.7,20.1,20.55,19.0,19.15,4164900,1766465580
2025-12-23 10:24:00,CE,ATM+1,9.013137,34299825,26200.0,26167.15,19.0,20.3,18.8,20.0,3701775,1766465640
2025-12-23 10:25:00,CE,ATM+1,9.071616,35778900,26200.0,26169.55,20.1,22.45,20.0,21.05,7013250,1766465700
2025-12-23 10:26:00,CE,ATM+1,9.136065,35778900,26200.0,26172.6,20.6,22.85,20.4,22.4,6574950,1766465760
2025-12-23 10:27:00,CE,ATM+1,8.92333,35778900,26200.0,26169.85,22.6,23.2,20.25,20.6,6925500,1766465820
2025-12-23 10:28:00,CE,ATM+1,8.813067,38552400,26200.0,26165.1,20.55,21.2,17.55,18.5,8233350,1766465880
2025-12-23 10:29:00,CE,ATM+1,8.942814,38552400,26200.0,26172.6,18.3,21.65,17.85,21.65,6564600,1766465940
2025-12-23 10:30:00,CE,ATM+1,8.971297,38552400,26200.0,26172.15,21.3,22.0,20.35,21.55,4985775,1766466000
2025-12-23 10:31:00,CE,ATM+1,8.810205,38917500,26200.0,26170.5,21.65,21.8,20.1,20.35,3912975,1766466060
2025-12-23 10:32:00,CE,ATM+1,9.11447,19802100,26250.0,26176.1,8.1,9.2,8.1,8.95,2503725,1766466120
2025-12-23 10:33:00,CE,ATM+1,8.651284,38917500,26200.0,26173.15,22.2,22.35,20.75,20.75,3729825,1766466180
2025-12-23 10:34:00,CE,ATM+1,8.670184,39567600,26200.0,26167.75,20.85,20.9,18.5,18.8,5763600,1766466240
2025-12-23 10:35:00,CE,ATM+1,8.883444,39567600,26200.0,26168.05,19.15,20.15,18.4,19.6,4177575,1766466300
2025-12-23 10:36:00,CE,ATM+1,8.543178,39567600,26200.0,26166.25,19.3,19.95,17.8,17.8,3985875,1766466360
2025-12-23 10:37:00,CE,ATM+1,8.759203,39710850,26200.0,26163.2,17.6,18.75,17.2,17.45,4481175,1766466420
2025-12-23 10:38:00,CE,ATM+1,8.860735,39710850,26200.0,26164.5,17.15,18.9,16.9,18.2,4052400,1766466480
2025-12-23 10:39:00,CE,ATM+1,8.845127,39710850,26200.0,26168.0,18.2,19.6,18.0,19.35,3832125,1766466540
2025-12-23 10:40:00,CE,ATM+1,8.757733,39928875,26200.0,26167.35,19.4,19.4,18.25,18.8,3066150,1766466600
2025-12-23 10:41:00,CE,ATM+1,8.822453,19850925,26250.0,26176.55,7.5,8.55,7.35,8.15,2537400,1766466660
2025-12-23 10:42:00,CE,ATM+1,9.060548,19850925,26250.0,26179.5,8.3,9.3,8.15,9.3,3700200,1766466720
2025-12-23 10:43:00,CE,ATM+1,8.836718,20271600,26250.0,26178.65,9.3,9.3,8.4,8.55,2681700,1766466780
2025-12-23 10:44:00,CE,ATM+1,8.939622,20271600,26250.0,26180.95,8.6,9.5,8.5,9.25,3021750,1766466840
2025-12-23 10:45:00,CE,ATM+1,8.813757,20271600,26250.0,26182.6,9.35,9.35,8.8,9.25,2359350,1766466900
2025-12-23 10:46:00,CE,ATM+1,8.623564,20739825,26250.0,26183.35,9.1,9.7,8.75,8.9,2748675,1766466960
2025-12-23 10:47:00,CE,ATM+1,8.779428,20739825,26250.0,26182.0,8.85,9.2,8.45,9.0,1850775,1766467020
2025-12-23 10:48:00,CE,ATM+1,8.693312,20739825,26250.0,26178.35,8.95,9.35,8.05,8.05,2670000,1766467080
2025-12-23 10:49:00,CE,ATM+1,8.739047,20749950,26250.0,26180.2,8.2,8.7,7.9,8.5,2204475,1766467140
2025-12-23 10:50:00,CE,ATM+1,8.90284,20749950,26250.0,26181.0,8.55,9.05,8.45,9.05,1737750,1766467200
2025-12-23 10:51:00,CE,ATM+1,8.450272,20749950,26250.0,26186.65,9.1,9.4,8.9,9.05,2151525,1766467260
2025-12-23 10:52:00,CE,ATM+1,8.589823,21039675,26250.0,26182.35,9.1,9.3,8.45,8.5,2285100,1766467320
2025-12-23 10:53:00,CE,ATM+1,8.617251,21039675,26250.0,26181.85,8.55,8.7,8.15,8.45,1709250,1766467380
2025-12-23 10:54:00,CE,ATM+1,8.688489,21039675,26250.0,26180.8,8.25,8.45,7.6,8.4,2165250,1766467440
2025-12-23 10:55:00,CE,ATM+1,8.777018,20998650,26250.0,26180.55,8.5,8.7,8.15,8.55,1716450,1766467500
2025-12-23 10:56:00,CE,ATM+1,8.664856,20998650,26250.0,26178.15,8.55,8.6,7.75,7.8,1410000,1766467560
2025-12-23 10:57:00,CE,ATM+1,8.820053,20998650,26250.0,26178.4,7.85,8.2,7.65,8.2,1703775,1766467620
2025-12-23 10:58:00,CE,ATM+1,8.752435,21016950,26250.0,26179.35,8.1,8.6,7.95,8.2,1518975,1766467680
2025-12-23 10:59:00,CE,ATM+1,8.844385,21016950,26250.0,26178.55,8.15,8.45,7.85,8.25,1360950,1766467740
2025-12-23 11:00:00,CE,ATM+1,8.721344,21016950,26250.0,26180.45,8.1,8.5,7.85,8.3,1750275,1766467800
2025-12-23 11:01:00,CE,ATM+1,8.504072,21465825,26250.0,26183.25,8.35,8.55,7.8,8.3,1730100,1766467860
2025-12-23 11:02:00,CE,ATM+1,8.640991,21465825,26250.0,26176.85,8.35,8.45,7.4,7.4,2261550,1766467920
2025-12-23 11:03:00,CE,ATM+1,8.625974,21465825,26250.0,26176.3,7.45,7.6,7.1,7.25,2548125,1766467980
2025-12-23 11:04:00,CE,ATM+1,8.629732,21282600,26250.0,26176.35,7.25,7.25,6.5,7.25,3200625,1766468040
2025-12-23 11:05:00,CE,ATM+1,8.596614,21282600,26250.0,26180.15,7.25,7.95,7.2,7.85,2313450,1766468100
2025-12-23 11:06:00,CE,ATM+1,8.439345,21282600,26250.0,26180.9,7.85,8.15,7.5,7.6,1718700,1766468160
2025-12-23 11:07:00,CE,ATM+1,8.25305,21508425,26250.0,26183.6,7.6,8.2,7.55,7.65,2228175,1766468220
2025-12-23 11:08:00,CE,ATM+1,8.135621,21508425,26250.0,26183.85,7.55,7.7,7.05,7.4,2100600,1766468280
2025-12-23 11:09:00,CE,ATM+1,8.104505,21508425,26250.0,26187.65,7.5,8.05,7.4,8.05,1993200,1766468340
2025-12-23 11:10:00,CE,ATM+1,8.321641,21988425,26250.0,26191.7,8.05,9.5,7.85,9.45,3857775,1766468400
2025-12-23 11:11:00,CE,ATM+1,8.079328,21988425,26250.0,26191.7,8.75,9.45,8.5,8.8,3780900,1766468460
2025-12-23 11:12:00,CE,ATM+1,8.136536,21988425,26250.0,26192.7,8.85,9.2,8.45,9.15,2737725,1766468520
2025-12-23 11:13:00,CE,ATM+1,8.12605,22711800,26250.0,26191.55,9.25,9.25,8.55,8.85,1693425,1766468580
2025-12-23 11:14:00,CE,ATM+1,8.087985,22711800,26250.0,26189.75,8.7,8.85,8.15,8.35,1596975,1766468640
2025-12-23 11:15:00,CE,ATM+1,8.07448,22711800,26250.0,26190.0,8.45,8.9,8.25,8.35,1648050,1766468700
2025-12-23 11:16:00,CE,ATM+1,8.103551,22782375,26250.0,26189.5,8.3,8.45,7.7,8.3,2122725,1766468760
2025-12-23 11:17:00,CE,ATM+1,8.163233,22782375,26250.0,26186.4,8.25,8.3,7.75,7.8,1314525,1766468820
2025-12-23 11:18:00,CE,ATM+1,7.997118,22782375,26250.0,26190.95,7.95,8.6,7.6,8.3,2227800,1766468880
2025-12-23 11:19:00,CE,ATM+1,7.887799,22707900,26250.0,26195.3,8.4,9.3,8.1,8.95,3038475,1766468940
2025-12-23 11:20:00,CE,ATM+1,8.051925,22707900,26250.0,26192.8,8.9,9.0,8.35,8.8,2418450,1766469000
2025-12-23 11:21:00,CE,ATM+1,7.874874,22707900,26250.0,26194.95,8.75,9.1,8.5,8.8,2144025,1766469060
2025-12-23 11:22:00,CE,ATM+1,8.005595,23591625,26250.0,26192.6,8.8,9.0,8.3,8.6,1626150,1766469120
2025-12-23 11:23:00,CE,ATM+1,7.984424,23591625,26250.0,26191.3,8.75,8.75,8.2,8.25,1439700,1766469180
2025-12-23 11:24:00,CE,ATM+1,7.888135,23591625,26250.0,26194.6,8.15,8.75,8.1,8.7,1600500,1766469240
2025-12-23 11:25:00,CE,ATM+1,7.822123,23782725,26250.0,26195.45,8.65,8.9,8.4,8.7,1863525,1766469300
2025-12-23 11:26:00,CE,ATM+1,7.931695,23782725,26250.0,26191.95,8.95,9.75,7.9,8.2,3867675,1766469360
2025-12-23 11:27:00,CE,ATM+1,7.884726,23782725,26250.0,26191.4,8.25,8.25,7.65,7.95,2031150,1766469420
2025-12-23 11:28:00,CE,ATM+1,7.856783,24043425,26250.0,26187.55,8.0,8.4,7.1,7.1,2571225,1766469480
2025-12-23 11:29:00,CE,ATM+1,7.810082,24043425,26250.0,26191.25,7.05,7.8,6.95,7.7,3322950,1766469540
2025-12-23 11:30:00,CE,ATM+1,8.087246,24043425,26250.0,26187.75,7.65,7.95,7.25,7.65,1956000,1766469600
2025-12-23 11:31:00,CE,ATM+1,8.085454,23926950,26250.0,26185.0,7.65,7.75,7.1,7.1,1504425,1766469660
2025-12-23 11:32:00,CE,ATM+1,8.022177,23926950,26250.0,26184.25,7.05,7.25,6.8,6.8,2653050,1766469720
2025-12-23 11:33:00,CE,ATM+1,8.173454,23926950,26250.0,26182.45,6.7,7.0,6.7,6.8,1919550,1766469780
2025-12-23 11:34:00,CE,ATM+1,8.106961,24210150,26250.0,26183.1,6.8,6.85,6.45,6.75,2773275,1766469840
2025-12-23 11:35:00,CE,ATM+1,7.588473,42967125,26200.0,26174.95,19.65,19.8,16.35,16.35,9150225,1766469900
2025-12-23 11:36:00,CE,ATM+1,7.557861,42967125,26200.0,26174.6,16.2,16.4,14.65,16.1,11890650,1766469960
2025-12-23 11:37:00,CE,ATM+1,8.043436,23555025,26250.0,26175.7,5.35,5.45,5.15,5.35,1972200,1766470020
2025-12-23 11:38:00,CE,ATM+1,7.167105,42448800,26200.0,26172.45,16.15,16.3,13.85,14.05,7339725,1766470080
2025-12-23 11:39:00,CE,ATM+1,7.389664,42448800,26200.0,26171.35,14.1,15.05,13.9,14.35,5661825,1766470140
2025-12-23 11:40:00,CE,ATM+1,7.377122,43106175,26200.0,26169.75,14.35,14.35,13.45,13.75,5951100,1766470200
2025-12-23 11:41:00,CE,ATM+1,7.33586,43106175,26200.0,26170.5,13.95,14.1,13.35,13.85,5226600,1766470260
2025-12-23 11:42:00,CE,ATM+1,7.539921,43106175,26200.0,26167.9,13.7,13.95,13.1,13.6,4431975,1766470320
2025-12-23 11:43:00,CE,ATM+1,7.19901,45381225,26200.0,26170.1,13.65,14.8,13.25,13.25,6825825,1766470380
2025-12-23 11:44:00,CE,ATM+1,7.157479,45381225,26200.0,26170.25,13.3,13.5,12.9,13.15,5103825,1766470440
2025-12-23 11:45:00,CE,ATM+1,7.195218,45381225,26200.0,26169.35,13.2,13.6,12.75,12.95,4059225,1766470500
2025-12-23 11:46:00,CE,ATM+1,7.26061,45683100,26200.0,26168.8,12.8,13.1,11.0,12.95,10722975,1766470560
2025-12-23 11:47:00,CE,ATM+1,7.507555,45683100,26200.0,26164.75,13.05,13.15,12.2,12.4,4936425,1766470620
2025-12-23 11:48:00,CE,ATM+1,7.644719,45683100,26200.0,26161.8,12.35,12.4,11.2,11.9,5481225,1766470680
2025-12-23 11:49:00,CE,ATM+1,7.804502,47009400,26200.0,26161.65,11.95,12.55,11.25,12.3,4432425,1766470740
2025-12-23 11:50:00,CE,ATM+1,7.184184,47009400,26200.0,26168.7,12.15,13.2,12.05,12.6,5764350,1766470800
2025-12-23 11:51:00,CE,ATM+1,7.104191,47009400,26200.0,26171.2,12.6,13.4,12.6,13.15,4412850,1766470860
2025-12-23 11:52:00,CE,ATM+1,7.494787,21953325,26250.0,26178.65,3.95,4.55,3.85,4.5,2310000,1766470920
2025-12-23 11:53:00,CE,ATM+1,7.534623,21953325,26250.0,26180.65,4.35,4.9,4.3,4.85,3747825,1766470980
2025-12-23 11:54:00,CE,ATM+1,7.722392,21953325,26250.0,26178.95,4.95,5.1,4.65,4.95,3213150,1766471040
2025-12-23 11:55:00,CE,ATM+1,7.693612,22366800,26250.0,26177.35,5.0,5.15,4.6,4.65,2066175,1766471100
2025-12-23 11:56:00,CE,ATM+1,7.674587,22366800,26250.0,26181.1,4.55,5.15,4.5,5.15,2713275,1766471160
2025-12-23 11:57:00,CE,ATM+1,7.593261,22366800,26250.0,26182.25,5.0,5.2,4.9,5.15,2590875,1766471220
2025-12-23 11:58:00,CE,ATM+1,7.606035,22699200,26250.0,26176.65,5.15,5.2,4.35,4.35,2598300,1766471280
2025-12-23 11:59:00,CE,ATM+1,7.678447,22699200,26250.0,26177.95,4.35,4.65,4.15,4.65,2387550,1766471340
2025-12-23 12:00:00,CE,ATM+1,7.6605,22699200,26250.0,26180.35,4.55,4.95,4.5,4.95,1812375,1766471400
2025-12-23 12:01:00,CE,ATM+1,7.384732,22945050,26250.0,26183.7,4.9,4.95,4.55,4.9,2144700,1766471460
2025-12-23 12:02:00,CE,ATM+1,7.389747,22945050,26250.0,26183.4,4.8,4.95,4.65,4.85,1414275,1766471520
2025-12-23 12:03:00,CE,ATM+1,7.341187,22945050,26250.0,26184.45,4.85,5.0,4.75,4.9,2085525,1766471580
2025-12-23 12:04:00,CE,ATM+1,7.322218,23447925,26250.0,26187.0,5.05,5.4,4.85,5.25,3084975,1766471640
2025-12-23 12:05:00,CE,ATM+1,7.367292,23447925,26250.0,26185.9,5.25,5.25,4.9,5.15,2231550,1766471700
2025-12-23 12:06:00,CE,ATM+1,7.123267,23447925,26250.0,26188.15,5.15,5.15,4.7,5.0,2218575,1766471760
2025-12-23 12:07:00,CE,ATM+1,7.378083,23669175,26250.0,26184.35,4.95,5.1,4.75,4.9,1827675,1766471820
2025-12-23 12:08:00,CE,ATM+1,7.159998,23669175,26250.0,26187.55,4.8,5.05,4.7,4.95,1710975,1766471880
2025-12-23 12:09:00,CE,ATM+1,7.161301,23669175,26250.0,26188.25,4.95,5.1,4.85,5.05,1439025,1766471940
2025-12-23 12:10:00,CE,ATM+1,7.029859,23701650,26250.0,26188.75,4.95,5.05,4.85,4.85,1498425,1766472000
2025-12-23 12:11:00,CE,ATM+1,7.296811,23701650,26250.0,26189.75,4.8,5.7,4.8,5.55,2960550,1766472060
2025-12-23 12:12:00,CE,ATM+1,7.240674,23701650,26250.0,26194.4,5.8,6.9,5.55,6.25,5934525,1766472120
2025-12-23 12:13:00,CE,ATM+1,7.208686,23618925,26250.0,26192.15,6.1,6.25,5.55,5.75,4161825,1766472180
2025-12-23 12:14:00,CE,ATM+1,7.264909,23618925,26250.0,26187.4,5.75,5.75,4.95,5.05,3906375,1766472240
2025-12-23 12:15:00,CE,ATM+1,7.250502,23618925,26250.0,26189.8,5.15,5.6,5.05,5.4,2084025,1766472300
2025-12-23 12:16:00,CE,ATM+1,7.234522,23871375,26250.0,26186.7,5.4,5.45,4.75,4.85,2299875,1766472360
2025-12-23 12:17:00,CE,ATM+1,7.190023,23871375,26250.0,26185.05,4.85,4.9,4.5,4.5,3222225,1766472420
2025-12-23 12:18:00,CE,ATM+1,7.254793,23871375,26250.0,26182.2,4.5,4.75,4.2,4.2,2462925,1766472480
2025-12-23 12:19:00,CE,ATM+1,7.20504,23694675,26250.0,26186.05,4.3,4.7,4.15,4.65,2449425,1766472540
2025-12-23 12:20:00,CE,ATM+1,7.24762,23694675,26250.0,26185.6,4.65,5.15,4.5,4.65,2989350,1766472600
2025-12-23 12:21:00,CE,ATM+1,7.27971,23694675,26250.0,26184.95,4.65,4.75,4.45,4.6,1623600,1766472660
2025-12-23 12:22:00,CE,ATM+1,7.322325,24080850,26250.0,26186.15,4.6,5.0,4.55,4.85,1533150,1766472720
2025-12-23 12:23:00,CE,ATM+1,7.333661,24080850,26250.0,26184.45,4.85,4.9,4.55,4.6,1540650,1766472780
2025-12-23 12:24:00,CE,ATM+1,7.249775,24080850,26250.0,26185.95,4.55,4.75,4.3,4.65,1980150,1766472840
2025-12-23 12:25:00,CE,ATM+1,7.365154,24080850,26250.0,26183.9,4.7,4.75,4.45,4.55,1655550,1766472900
2025-12-23 12:26:00,CE,ATM+1,7.446789,24211125,26250.0,26182.95,4.6,4.7,4.5,4.55,1336575,1766472960
2025-12-23 12:27:00,CE,ATM+1,7.380311,24211125,26250.0,26180.7,4.55,4.55,4.1,4.1,2257050,1766473020
2025-12-23 12:28:00,CE,ATM+1,7.33463,24211125,26250.0,26177.1,4.15,4.15,3.55,3.55,4506675,1766473080
2025-12-23 12:29:00,CE,ATM+1,7.428,23821275,26250.0,26176.35,3.55,3.8,3.5,3.6,2568675,1766473140
2025-12-23 12:30:00,CE,ATM+1,7.436545,23821275,26250.0,26175.5,3.55,3.7,3.45,3.5,2820600,1766473200
2025-12-23 12:31:00,CE,ATM+1,7.327775,46788675,26200.0,26171.7,13.75,13.9,12.65,13.1,4933875,1766473260
2025-12-23 12:32:00,CE,ATM+1,7.572398,47501625,26200.0,26170.95,12.85,13.9,12.85,13.55,4053525,1766473320
2025-12-23 12:33:00,CE,ATM+1,7.670274,47501625,26200.0,26169.85,13.65,13.75,12.9,13.45,3706350,1766473380
2025-12-23 12:34:00,CE,ATM+1,8.07039,47501625,26200.0,26167.1,13.5,14.2,13.4,13.7,4050075,1766473440
2025-12-23 12:35:00,CE,ATM+1,7.879296,47736525,26200.0,26170.25,13.6,14.65,13.6,14.15,4402350,1766473500
2025-12-23 12:36:00,CE,ATM+1,7.321442,24074850,26250.0,26178.1,3.25,3.8,3.25,3.55,3063000,1766473560
2025-12-23 12:37:00,CE,ATM+1,7.341361,24074850,26250.0,26178.75,3.55,3.8,3.55,3.65,2032125,1766473620
2025-12-23 12:38:00,CE,ATM+1,7.299494,24607425,26250.0,26178.6,3.65,3.7,3.5,3.55,2086725,1766473680
2025-12-23 12:39:00,CE,ATM+1,7.32236,50171475,26200.0,26171.55,14.6,14.75,12.35,12.85,9365325,1766473740
2025-12-23 12:40:00,CE,ATM+1,7.275195,24607425,26250.0,26175.25,2.85,3.25,2.8,3.1,2746950,1766473800
2025-12-23 12:41:00,CE,ATM+1,7.293728,24518925,26250.0,26175.1,3.1,3.2,2.95,3.1,2291700,1766473860
2025-12-23 12:42:00,CE,ATM+1,7.15214,24518925,26250.0,26176.7,3.1,3.25,3.0,3.05,1861500,1766473920
2025-12-23 12:43:00,CE,ATM+1,7.085552,50355900,26200.0,26173.75,13.05,13.5,12.5,12.8,5019375,1766473980
2025-12-23 12:44:00,CE,ATM+1,7.30988,24087600,26250.0,26175.65,3.0,3.15,2.9,3.15,2261325,1766474040
2025-12-23 12:45:00,CE,ATM+1,7.112281,24087600,26250.0,26175.7,3.1,3.15,2.85,2.85,1749000,1766474100
2025-12-23 12:46:00,CE,ATM+1,7.092314,24087600,26250.0,26180.95,2.9,3.45,2.8,3.4,2590350,1766474160
2025-12-23 12:47:00,CE,ATM+1,6.789094,23850825,26250.0,26185.85,3.35,3.6,3.3,3.5,3372450,1766474220
2025-12-23 12:48:00,CE,ATM+1,6.764537,23850825,26250.0,26186.65,3.45,3.65,3.35,3.55,2711025,1766474280
2025-12-23 12:49:00,CE,ATM+1,6.749988,23850825,26250.0,26186.55,3.6,3.6,3.4,3.5,2595000,1766474340
2025-12-23 12:50:00,CE,ATM+1,6.535147,24377850,26250.0,26189.05,3.45,3.6,3.35,3.45,2297400,1766474400
2025-12-23 12:51:00,CE,ATM+1,6.391872,24377850,26250.0,26192.8,3.5,3.7,3.4,3.7,1988475,1766474460
2025-12-23 12:52:00,CE,ATM+1,6.553624,24377850,26250.0,26185.8,3.75,3.85,3.0,3.05,3704325,1766474520
2025-12-23 12:53:00,CE,ATM+1,6.830055,24564375,26250.0,26185.5,3.1,3.6,3.05,3.45,2652300,1766474580
2025-12-23 12:54:00,CE,ATM+1,6.863523,24564375,26250.0,26186.7,3.5,3.75,3.4,3.65,2410650,1766474640
2025-12-23 12:55:00,CE,ATM+1,6.760564,24564375,26250.0,26188.85,3.7,3.9,3.55,3.75,3004050,1766474700
2025-12-23 12:56:00,CE,ATM+1,6.665751,25334925,26250.0,26189.05,3.75,4.0,3.55,3.6,2798775,1766474760
2025-12-23 12:57:00,CE,ATM+1,6.817639,25334925,26250.0,26187.2,3.6,3.85,3.5,3.6,2319150,1766474820
2025-12-23 12:58:00,CE,ATM+1,6.944289,25334925,26250.0,26186.05,3.6,3.8,3.55,3.65,1397175,1766474880
2025-12-23 12:59:00,CE,ATM+1,7.174191,26216250,26250.0,26182.8,3.65,4.1,3.55,3.6,2750775,1766474940
2025-12-23 13:00:00,CE,ATM+1,6.766881,26216250,26250.0,26192.35,3.65,4.4,3.5,4.2,3527100,1766475000
2025-12-23 13:01:00,CE,ATM+1,6.77659,26216250,26250.0,26193.3,4.2,4.7,4.15,4.35,5280525,1766475060
2025-12-23 13:02:00,CE,ATM+1,6.802287,27058725,26250.0,26189.7,4.35,4.6,3.7,3.85,3910650,1766475120
2025-12-23 13:03:00,CE,ATM+1,6.88371,27058725,26250.0,26188.05,3.85,4.15,3.75,3.75,2547300,1766475180
2025-12-23 13:04:00,CE,ATM+1,6.996367,27058725,26250.0,26186.35,3.8,3.85,3.6,3.7,1840800,1766475240
2025-12-23 13:05:00,CE,ATM+1,6.807967,27875925,26250.0,26184.95,3.7,3.9,3.15,3.2,3213675,1766475300
2025-12-23 13:06:00,CE,ATM+1,7.094304,27875925,26250.0,26184.15,3.2,3.65,3.2,3.55,2226600,1766475360
2025-12-23 13:07:00,CE,ATM+1,7.03337,27875925,26250.0,26185.8,3.55,3.7,3.35,3.65,1851225,1766475420
2025-12-23 13:08:00,CE,ATM+1,6.987698,27132600,26250.0,26186.1,3.65,3.65,3.45,3.6,1939725,1766475480
2025-12-23 13:09:00,CE,ATM+1,6.846975,27132600,26250.0,26189.45,3.55,3.85,3.45,3.8,1892325,1766475540
2025-12-23 13:10:00,CE,ATM+1,6.867284,27132600,26250.0,26189.65,3.75,4.15,3.75,3.85,2773725,1766475600
2025-12-23 13:11:00,CE,ATM+1,6.764378,27534900,26250.0,26189.95,3.9,3.9,3.55,3.7,1839225,1766475660
2025-12-23 13:12:00,CE,ATM+1,6.818772,27534900,26250.0,26189.0,3.65,3.7,3.45,3.65,1442175,1766475720
2025-12-23 13:13:00,CE,ATM+1,6.876984,27534900,26250.0,26186.85,3.65,3.65,3.3,3.45,1851900,1766475780
2025-12-23 13:14:00,CE,ATM+1,6.453085,27811875,26250.0,26186.65,3.4,3.5,2.7,2.75,4371150,1766475840
2025-12-23 13:15:00,CE,ATM+1,6.715863,27811875,26250.0,26182.8,2.8,2.9,2.6,2.7,4878900,1766475900
2025-12-23 13:16:00,CE,ATM+1,6.775365,27811875,26250.0,26190.65,2.75,3.8,2.7,3.75,3736575,1766475960
2025-12-23 13:17:00,CE,ATM+1,6.73436,27001950,26250.0,26193.65,3.75,4.3,3.7,4.1,4324200,1766476020
2025-12-23 13:18:00,CE,ATM+1,6.640069,27001950,26250.0,26190.7,4.15,4.2,3.45,3.5,3731925,1766476080
2025-12-23 13:19:00,CE,ATM+1,6.831076,27001950,26250.0,26190.25,3.5,3.75,3.45,3.75,2528550,1766476140
2025-12-23 13:20:00,CE,ATM+1,6.859838,27792525,26250.0,26190.35,3.7,3.95,3.55,3.8,2299800,1766476200
2025-12-23 13:21:00,CE,ATM+1,6.90699,27792525,26250.0,26187.65,3.75,3.8,3.5,3.5,1528500,1766476260
2025-12-23 13:22:00,CE,ATM+1,6.780987,27792525,26250.0,26189.7,3.5,3.65,3.35,3.55,2583075,1766476320
2025-12-23 13:23:00,CE,ATM+1,6.720806,28186350,26250.0,26188.25,3.45,3.55,3.2,3.25,2329950,1766476380
2025-12-23 13:24:00,CE,ATM+1,6.710898,28186350,26250.0,26186.85,3.25,3.25,2.9,3.05,3167625,1766476440
2025-12-23 13:25:00,CE,ATM+1,6.708099,28186350,26250.0,26189.0,3.0,3.4,2.95,3.3,2523525,1766476500
2025-12-23 13:26:00,CE,ATM+1,6.689527,27622350,26250.0,26190.1,3.35,3.55,3.3,3.4,2495175,1766476560
2025-12-23 13:27:00,CE,ATM+1,6.669011,27622350,26250.0,26191.2,3.4,3.6,3.4,3.5,2322150,1766476620
2025-12-23 13:28:00,CE,ATM+1,6.869031,27622350,26250.0,26190.3,3.5,3.7,3.5,3.7,1694325,1766476680
2025-12-23 13:29:00,CE,ATM+1,6.775107,28044675,26250.0,26191.9,3.65,4.0,3.6,3.75,3019950,1766476740
2025-12-23 13:30:00,CE,ATM+1,6.756309,28044675,26250.0,26191.15,3.65,3.95,3.55,3.6,2640975,1766476800
2025-12-23 13:31:00,CE,ATM+1,6.869585,28044675,26250.0,26188.35,3.7,3.7,3.3,3.4,2433900,1766476860
2025-12-23 13:32:00,CE,ATM+1,6.624957,28397700,26250.0,26193.3,3.3,3.7,3.1,3.65,3569475,1766476920
2025-12-23 13:33:00,CE,ATM+1,6.760975,28397700,26250.0,26190.65,3.6,3.65,3.4,3.5,2155875,1766476980
2025-12-23 13:34:00,CE,ATM+1,6.823739,28397700,26250.0,26187.65,3.45,3.5,3.15,3.2,2872050,1766477040
2025-12-23 13:35:00,CE,ATM+1,6.570968,28531875,26250.0,26188.05,3.25,3.35,2.7,2.85,5042925,1766477100
2025-12-23 13:36:00,CE,ATM+1,6.683995,28531875,26250.0,26188.8,2.85,3.2,2.85,3.1,2582625,1766477160
2025-12-23 13:37:00,CE,ATM+1,6.599947,28531875,26250.0,26189.55,3.1,3.2,3.0,3.05,1938225,1766477220
2025-12-23 13:38:00,CE,ATM+1,6.723092,28056600,26250.0,26188.1,3.05,3.15,2.95,3.05,1741950,1766477280
2025-12-23 13:39:00,CE,ATM+1,6.511868,28056600,26250.0,26187.9,3.1,3.1,2.55,2.7,5421375,1766477340
2025-12-23 13:40:00,CE,ATM+1,6.450111,28056600,26250.0,26187.9,2.65,2.85,2.6,2.6,3888150,1766477400
2025-12-23 13:41:00,CE,ATM+1,6.407,27945525,26250.0,26184.7,2.7,2.75,2.2,2.2,5407875,1766477460
2025-12-23 13:42:00,CE,ATM+1,6.251584,27945525,26250.0,26190.65,2.2,2.65,2.2,2.6,3715350,1766477520
2025-12-23 13:43:00,CE,ATM+1,6.562943,27945525,26250.0,26184.85,2.6,2.75,2.4,2.4,3926925,1766477580
2025-12-23 13:44:00,CE,ATM+1,6.482602,27681975,26250.0,26184.0,2.35,2.5,2.05,2.2,4546575,1766477640
2025-12-23 13:45:00,CE,ATM+1,6.530326,27681975,26250.0,26182.4,2.2,2.25,2.05,2.1,3267975,1766477700
2025-12-23 13:46:00,CE,ATM+1,6.32708,27681975,26250.0,26183.6,2.1,2.2,1.9,1.95,3892800,1766477760
2025-12-23 13:47:00,CE,ATM+1,6.238088,26328075,26250.0,26184.35,1.95,2.1,1.85,1.9,4268175,1766477820
2025-12-23 13:48:00,CE,ATM+1,6.142806,26328075,26250.0,26189.4,1.9,2.25,1.85,2.25,3368625,1766477880
2025-12-23 13:49:00,CE,ATM+1,6.28003,26328075,26250.0,26189.15,2.3,2.65,2.25,2.4,5415300,1766477940
2025-12-23 13:50:00,CE,ATM+1,6.464303,26184675,26250.0,26184.35,2.45,2.45,1.9,2.15,5024475,1766478000
2025-12-23 13:51:00,CE,ATM+1,6.402487,26184675,26250.0,26186.3,2.15,2.35,2.05,2.25,3576600,1766478060
2025-12-23 13:52:00,CE,ATM+1,6.238095,26184675,26250.0,26191.35,2.3,2.6,2.25,2.55,2624625,1766478120
2025-12-23 13:53:00,CE,ATM+1,6.185366,26760300,26250.0,26192.55,2.55,2.75,2.4,2.6,3643875,1766478180
2025-12-23 13:54:00,CE,ATM+1,6.475115,26760300,26250.0,26191.15,2.6,2.95,2.5,2.85,4466775,1766478240
2025-12-23 13:55:00,CE,ATM+1,6.3909,26760300,26250.0,26196.85,2.8,3.9,2.8,3.45,7602900,1766478300
2025-12-23 13:56:00,CE,ATM+1,6.630414,27633000,26250.0,26193.75,3.75,3.9,3.35,3.4,7007925,1766478360
2025-12-23 13:57:00,CE,ATM+1,6.562417,27633000,26250.0,26192.0,3.4,3.4,3.0,3.05,6266175,1766478420
2025-12-23 13:58:00,CE,ATM+1,6.427303,27633000,26250.0,26190.0,2.95,3.05,2.35,2.6,7970775,1766478480
2025-12-23 13:59:00,CE,ATM+1,6.06626,28512150,26250.0,26197.8,2.75,3.1,2.45,3.0,4502625,1766478540
2025-12-23 14:00:00,CE,ATM+1,6.205386,28512150,26250.0,26195.05,3.05,3.3,2.85,2.85,6745350,1766478600
2025-12-23 14:01:00,CE,ATM+1,6.479079,28512150,26250.0,26191.8,2.95,2.95,2.6,2.85,5160975,1766478660
2025-12-23 14:02:00,CE,ATM+1,6.256365,29643300,26250.0,26195.8,2.9,3.15,2.75,3.0,3371400,1766478720
2025-12-23 14:03:00,CE,ATM+1,6.101436,29643300,26250.0,26200.95,2.95,3.65,2.9,3.45,5916450,1766478780
2025-12-23 14:04:00,CE,ATM+1,6.287089,29643300,26250.0,26198.9,3.45,3.7,3.3,3.45,5985225,1766478840
2025-12-23 14:05:00,CE,ATM+1,6.189643,30735225,26250.0,26194.5,3.45,3.5,2.7,2.7,6640425,1766478900
2025-12-23 14:06:00,CE,ATM+1,6.331595,30735225,26250.0,26192.0,2.9,2.9,2.55,2.6,5471550,1766478960
2025-12-23 14:07:00,CE,ATM+1,6.568007,30735225,26250.0,26188.25,2.4,2.65,2.35,2.5,7546725,1766479020
2025-12-23 14:08:00,CE,ATM+1,6.315734,30335550,26250.0,26193.25,2.5,2.75,2.35,2.7,5771175,1766479080
2025-12-23 14:09:00,CE,ATM+1,6.57158,30335550,26250.0,26187.95,2.7,2.7,2.05,2.45,8194050,1766479140
2025-12-23 14:10:00,CE,ATM+1,5.516079,30335550,26250.0,26201.9,2.35,2.7,2.35,2.55,5980200,1766479200
2025-12-23 14:11:00,CE,ATM+1,5.989349,31061025,26250.0,26197.5,2.6,3.15,2.55,2.7,9001500,1766479260
2025-12-23 14:12:00,CE,ATM+1,5.917433,31061025,26250.0,26198.85,2.6,2.9,2.6,2.75,3804600,1766479320
2025-12-23 14:13:00,CE,ATM+1,6.115673,31061025,26250.0,26197.75,2.65,2.9,2.45,2.9,4360575,1766479380
2025-12-23 14:14:00,CE,ATM+1,7.070929,30661875,26250.0,26203.4,2.95,5.5,2.85,5.5,21183525,1766479440
2025-12-23 14:15:00,CE,ATM+1,5.913797,30661875,26250.0,26218.1,5.25,7.3,4.3,6.2,25952550,1766479500
2025-12-23 14:16:00,CE,ATM+1,5.475722,30661875,26250.0,26218.3,6.5,6.5,4.95,5.25,19584600,1766479560
2025-12-23 14:17:00,CE,ATM+1,5.141703,33645375,26250.0,26223.95,5.4,6.4,5.25,5.85,14372250,1766479620
2025-12-23 14:18:00,CE,ATM+1,6.682165,18984675,26300.0,26231.6,1.4,2.0,1.4,1.9,9970725,1766479680
2025-12-23 14:19:00,CE,ATM+1,5.598174,33645375,26250.0,26221.1,7.55,8.0,5.45,6.15,19088550,1766479740
2025-12-23 14:20:00,CE,ATM+1,5.736335,35501325,26250.0,26219.5,6.25,6.5,5.55,6.05,12670425,1766479800
2025-12-23 14:21:00,CE,ATM+1,6.26987,35501325,26250.0,26210.9,6.1,6.95,4.55,5.25,18360825,1766479860
2025-12-23 14:22:00,CE,ATM+1,6.086124,35501325,26250.0,26210.6,5.15,5.5,4.6,4.8,13860675,1766479920
2025-12-23 14:23:00,CE,ATM+1,5.251014,37692750,26250.0,26223.15,4.9,6.2,4.8,5.8,13743750,1766479980
2025-12-23 14:24:00,CE,ATM+1,5.384832,37692750,26250.0,26222.0,5.85,6.05,5.5,5.8,9731100,1766480040
2025-12-23 14:25:00,CE,ATM+1,6.40416,20732025,26300.0,26228.2,1.25,1.3,1.2,1.3,3607425,1766480100
2025-12-23 14:26:00,CE,ATM+1,5.163411,38841450,26250.0,26219.55,6.1,6.2,3.8,4.7,20052225,1766480160
2025-12-23 14:27:00,CE,ATM+1,4.482381,38841450,26250.0,26223.9,4.65,4.7,3.9,4.2,13078275,1766480220
2025-12-23 14:28:00,CE,ATM+1,4.871095,38841450,26250.0,26214.7,4.25,4.25,3.15,3.15,14276100,1766480280
2025-12-23 14:29:00,CE,ATM+1,4.957422,38885700,26250.0,26213.55,3.25,3.25,2.8,3.1,18075075,1766480340
2025-12-23 14:30:00,CE,ATM+1,4.751119,38885700,26250.0,26211.3,3.1,3.35,2.25,2.4,17368875,1766480400
2025-12-23 14:31:00,CE,ATM+1,4.785059,38885700,26250.0,26208.3,2.35,2.5,1.75,2.05,21195150,1766480460
2025-12-23 14:32:00,CE,ATM+1,4.81366,37526850,26250.0,26207.2,1.95,2.2,1.85,1.95,10171275,1766480520
2025-12-23 14:33:00,CE,ATM+1,4.911709,37526850,26250.0,26201.2,1.9,2.0,1.3,1.45,23826975,1766480580
2025-12-23 14:34:00,CE,ATM+1,5.211608,37526850,26250.0,26198.0,1.5,1.55,1.3,1.5,18045075,1766480640
2025-12-23 14:35:00,CE,ATM+1,5.058769,33907125,26250.0,26197.7,1.45,1.5,1.05,1.3,16955475,1766480700
2025-12-23 14:36:00,CE,ATM+1,4.614682,33907125,26250.0,26206.25,1.25,1.65,1.25,1.55,13061475,1766480760
2025-12-23 14:37:00,CE,ATM+1,4.617086,33907125,26250.0,26206.3,1.5,1.6,1.35,1.55,10109700,1766480820
2025-12-23 14:38:00,CE,ATM+1,4.318914,34484025,26250.0,26211.4,1.5,1.7,1.45,1.7,11114250,1766480880
2025-12-23 14:39:00,CE,ATM+1,4.155152,34484025,26250.0,26209.65,1.65,1.8,0.95,1.3,18912750,1766480940
2025-12-23 14:40:00,CE,ATM+1,4.939009,34484025,26250.0,26199.1,1.25,1.45,1.2,1.25,10542525,1766481000
2025-12-23 14:41:00,CE,ATM+1,5.372991,31841250,26250.0,26184.1,1.2,1.25,0.65,0.7,21698850,1766481060
2025-12-23 14:42:00,CE,ATM+1,5.524449,31841250,26250.0,26180.8,0.75,0.85,0.65,0.65,13243275,1766481120
2025-12-23 14:43:00,CE,ATM+1,5.658814,31841250,26250.0,26176.25,0.65,0.7,0.55,0.55,10465650,1766481180
2025-12-23 14:44:00,CE,ATM+1,4.465649,50520675,26200.0,26167.2,3.85,3.95,2.55,2.65,36190200,1766481240
2025-12-23 14:45:00,CE,ATM+1,4.808669,50520675,26200.0,26163.6,2.6,2.95,2.25,2.65,43430700,1766481300
2025-12-23 14:46:00,CE,ATM+1,5.627234,25682550,26250.0,26177.1,0.6,0.6,0.5,0.55,7058025,1766481360
2025-12-23 14:47:00,CE,ATM+1,3.435489,54156600,26200.0,26174.25,3.15,3.35,1.75,2.0,29035575,1766481420
2025-12-23 14:48:00,CE,ATM+1,5.263713,22601775,26250.0,26176.45,0.4,0.4,0.35,0.35,4790025,1766481480
2025-12-23 14:49:00,CE,ATM+1,5.023492,22601775,26250.0,26180.45,0.35,0.45,0.35,0.35,4600275,1766481540
2025-12-23 14:50:00,CE,ATM+1,3.96506,53141625,26200.0,26169.4,2.9,3.1,1.4,2.1,38220225,1766481600
2025-12-23 14:51:00,CE,ATM+1,3.784737,53141625,26200.0,26171.4,2.05,2.35,2.05,2.1,23272500,1766481660
2025-12-23 14:52:00,CE,ATM+1,4.624498,21080325,26250.0,26187.15,0.35,0.4,0.35,0.35,2504325,1766481720
2025-12-23 14:53:00,CE,ATM+1,4.748416,20367675,26250.0,26188.5,0.35,0.45,0.35,0.45,4539600,1766481780
2025-12-23 14:54:00,CE,ATM+1,5.048944,20367675,26250.0,26182.4,0.4,0.45,0.35,0.4,3547350,1766481840
2025-12-23 14:55:00,CE,ATM+1,4.957046,20367675,26250.0,26183.95,0.35,0.4,0.35,0.4,1899600,1766481900
2025-12-23 14:56:00,CE,ATM+1,4.951348,19799925,26250.0,26184.15,0.35,0.45,0.35,0.4,2447400,1766481960
2025-12-23 14:57:00,CE,ATM+1,5.259744,19799925,26250.0,26177.6,0.45,0.45,0.35,0.35,2753400,1766482020
2025-12-23 14:58:00,CE,ATM+1,4.95282,19799925,26250.0,26184.35,0.35,0.4,0.35,0.4,1707075,1766482080
2025-12-23 14:59:00,CE,ATM+1,4.546883,19870125,26250.0,26189.1,0.4,0.4,0.35,0.35,2080575,1766482140
2025-12-23 15:00:00,CE,ATM+1,3.657434,19870125,26250.0,26204.2,0.35,0.45,0.35,0.4,7730175,1766482200
2025-12-23 15:01:00,CE,ATM+1,4.381757,19870125,26250.0,26190.1,0.35,0.4,0.25,0.3,9308100,1766482260
2025-12-23 15:02:00,CE,ATM+1,4.4986,19852275,26250.0,26186.25,0.3,0.3,0.25,0.25,3431700,1766482320
2025-12-23 15:03:00,CE,ATM+1,2.980502,54472800,26200.0,26168.55,1.15,1.55,0.5,0.65,66146100,1766482380
2025-12-23 15:04:00,CE,ATM+1,4.297345,19852275,26250.0,26184.3,0.2,0.25,0.15,0.15,5532225,1766482440
2025-12-23 15:05:00,CE,ATM+1,4.407993,18151800,26250.0,26182.5,0.15,0.2,0.15,0.15,2327100,1766482500
2025-12-23 15:06:00,CE,ATM+1,2.75972,50082825,26200.0,26165.4,0.4,0.5,0.3,0.3,17145300,1766482560
2025-12-23 15:07:00,CE,ATM+1,2.272691,50082825,26200.0,26169.95,0.35,0.35,0.15,0.2,20221725,1766482620
2025-12-23 15:08:00,CE,ATM+1,4.45578,15663675,26250.0,26177.8,0.15,0.15,0.1,0.1,1243800,1766482680
2025-12-23 15:09:00,CE,ATM+1,1.999949,48621675,26200.0,26172.6,0.15,0.2,0.1,0.15,7478100,1766482740
2025-12-23 15:10:00,CE,ATM+1,4.433009,15663675,26250.0,26178.45,0.1,0.15,0.1,0.1,926550,1766482800
2025-12-23 15:11:00,CE,ATM+1,4.342186,15363825,26250.0,26180.2,0.1,0.15,0.1,0.1,632550,1766482860
2025-12-23 15:12:00,CE,ATM+1,1.89469,46992000,26200.0,26172.4,0.1,0.15,0.1,0.1,8392125,1766482920
2025-12-23 15:13:00,CE,ATM+1,1.858035,46992000,26200.0,26169.95,0.15,0.15,0.05,0.05,5731125,1766482980
2025-12-23 15:14:00,CE,ATM+1,4.148486,14257200,26250.0,26184.0,0.05,0.1,0.05,0.1,536625,1766483040
2025-12-23 15:15:00,CE,ATM+1,3.902304,14257200,26250.0,26182.45,0.1,0.1,0.05,0.05,1216725,1766483100
2025-12-23 15:16:00,CE,ATM+1,4.211926,14257200,26250.0,26183.1,0.05,0.1,0.05,0.1,895800,1766483160
2025-12-23 15:17:00,CE,ATM+1,4.182562,13272225,26250.0,26177.35,0.1,0.1,0.05,0.05,666150,1766483220
2025-12-23 15:18:00,CE,ATM+1,4.660737,13272225,26250.0,26175.35,0.05,0.1,0.05,0.1,420450,1766483280
2025-12-23 15:19:00,CE,ATM+1,2.068868,40814025,26200.0,26169.95,0.05,0.1,0.05,0.1,3384525,1766483340
2025-12-23 15:20:00,CE,ATM+1,1.638335,35997375,26200.0,26174.1,0.1,0.1,0.05,0.05,5605500,1766483400
2025-12-23 15:21:00,CE,ATM+1,1.643981,35997375,26200.0,26174.05,0.05,0.1,0.05,0.05,3746400,1766483460
2025-12-23 15:22:00,CE,ATM+1,1.971645,35997375,26200.0,26168.45,0.1,0.1,0.05,0.05,4007400,1766483520
2025-12-23 15:23:00,CE,ATM+1,1.766472,35997375,26200.0,26172.05,0.05,0.05,0.05,0.05,971850,1766483580
2025-12-23 15:24:00,CE,ATM+1,1.792727,31865475,26200.0,26171.65,0.05,0.05,0.05,0.05,1061475,1766483640
2025-12-23 15:25:00,CE,ATM+1,1.842309,31865475,26200.0,26170.85,0.05,0.05,0.05,0.05,1515000,1766483700
2025-12-23 15:26:00,CE,ATM+1,2.05091,31865475,26200.0,26167.3,0.05,0.05,0.05,0.05,825675,1766483760
2025-12-23 15:27:00,CE,ATM+1,2.097459,29312250,26200.0,26166.55,0.05,0.05,0.05,0.05,1283400,1766483820
2025-12-23 15:28:00,CE,ATM+1,2.241471,29312250,26200.0,26164.1,0.05,0.05,0.05,0.05,962775,1766483880
2025-12-23 15:29:00,CE,ATM+1,2.138951,29312250,26200.0,26165.95,0.05,0.05,0.05,0.05,602925,1766483940
2025-12-24 09:15:00,CE,ATM+1,6.539868,7558725,26200.0,26150.7,120.0,125.0,89.5,89.6,2701425,1766547900
2025-12-24 09:16:00,CE,ATM+1,6.575025,8632200,26200.0,26161.5,88.65,97.25,87.75,95.55,2161200,1766547960
2025-12-24 09:17:00,CE,ATM+1,6.815702,8632200,26200.0,26173.7,95.45,105.3,95.45,105.3,1939350,1766548020
2025-12-24 09:18:00,CE,ATM+1,6.840937,2380725,26250.0,26188.4,81.0,91.1,80.55,88.0,1283025,1766548080
2025-12-24 09:19:00,CE,ATM+1,6.889759,2806425,26250.0,26198.25,90.7,96.15,88.0,93.45,1299525,1766548140
2025-12-24 09:20:00,CE,ATM+1,6.810213,2806425,26250.0,26200.0,94.1,94.95,91.7,93.2,892575,1766548200
2025-12-24 09:21:00,CE,ATM+1,6.745909,2806425,26250.0,26212.25,94.35,99.2,94.25,98.5,1409325,1766548260
2025-12-24 09:22:00,CE,ATM+1,6.700359,3560325,26250.0,26202.8,98.55,99.25,92.8,93.05,1110750,1766548320
2025-12-24 09:23:00,CE,ATM+1,6.742005,3560325,26250.0,26204.05,93.25,96.15,92.05,94.25,725925,1766548380
2025-12-24 09:24:00,CE,ATM+1,6.704228,3560325,26250.0,26206.0,94.2,96.75,93.95,94.7,634500,1766548440
2025-12-24 09:25:00,CE,ATM+1,6.589425,4257675,26250.0,26209.45,94.7,97.1,94.65,94.85,757800,1766548500
2025-12-24 09:26:00,CE,ATM+1,6.677624,4257675,26250.0,26211.55,94.9,97.55,94.4,97.15,641550,1766548560
2025-12-24 09:27:00,CE,ATM+1,6.622978,4257675,26250.0,26212.65,96.8,100.3,96.65,96.95,1140975,1766548620
2025-12-24 09:28:00,CE,ATM+1,6.563924,4479675,26250.0,26218.35,97.3,100.1,96.75,99.1,711750,1766548680
2025-12-24 09:29:00,CE,ATM+1,6.579436,4479675,26250.0,26217.1,99.55,100.35,98.5,98.65,563475,1766548740
2025-12-24 09:30:00,CE,ATM+1,6.562958,4479675,26250.0,26217.55,99.65,101.5,97.45,98.65,1002900,1766548800
2025-12-24 09:31:00,CE,ATM+1,6.445453,4763100,26250.0,26220.65,98.1,101.0,98.0,98.65,686550,1766548860
2025-12-24 09:32:00,CE,ATM+1,6.656977,4763100,26250.0,26217.85,99.0,100.75,98.0,100.1,641475,1766548920
2025-12-24 09:33:00,CE,ATM+1,6.453321,7800225,26300.0,26227.3,75.55,79.55,75.4,77.55,1278525,1766548980
2025-12-24 09:34:00,CE,ATM+1,6.481803,5004450,26250.0,26222.65,102.4,102.8,100.2,100.2,597600,1766549040
2025-12-24 09:35:00,CE,ATM+1,6.463801,5004450,26250.0,26217.2,101.0,101.6,96.55,97.05,795750,1766549100
2025-12-24 09:36:00,CE,ATM+1,6.445199,5004450,26250.0,26216.85,96.95,100.0,96.1,96.6,729900,1766549160
2025-12-24 09:37:00,CE,ATM+1,6.546301,5214900,26250.0,26215.9,97.45,99.85,96.6,97.5,463500,1766549220
2025-12-24 09:38:00,CE,ATM+1,6.457598,5214900,26250.0,26216.55,97.65,99.3,95.75,96.6,410775,1766549280
2025-12-24 09:39:00,CE,ATM+1,6.495525,5214900,26250.0,26214.6,96.6,96.8,93.9,96.1,639675,1766549340
2025-12-24 09:40:00,CE,ATM+1,6.494959,5388600,26250.0,26215.3,95.95,98.0,92.7,96.45,703500,1766549400
2025-12-24 09:41:00,CE,ATM+1,6.430783,5388600,26250.0,26209.6,96.55,96.8,92.1,92.6,446175,1766549460
2025-12-24 09:42:00,CE,ATM+1,6.362698,5388600,26250.0,26207.75,92.05,93.7,90.15,90.7,609075,1766549520
2025-12-24 09:43:00,CE,ATM+1,6.354271,5572725,26250.0,26207.7,91.5,92.8,87.6,90.55,730875,1766549580
2025-12-24 09:44:00,CE,ATM+1,6.356145,5572725,26250.0,26215.7,91.0,94.95,90.55,94.7,776475,1766549640
2025-12-24 09:45:00,CE,ATM+1,6.329917,5572725,26250.0,26217.55,95.1,97.15,92.0,95.3,1026975,1766549700
2025-12-24 09:46:00,CE,ATM+1,6.253892,6013650,26250.0,26209.4,94.9,96.25,89.3,90.0,691875,1766549760
2025-12-24 09:47:00,CE,ATM+1,6.146533,6013650,26250.0,26207.05,90.0,91.9,86.9,87.3,613200,1766549820
2025-12-24 09:48:00,CE,ATM+1,6.065185,6013650,26250.0,26210.45,86.7,88.45,85.0,87.9,936900,1766549880
2025-12-24 09:49:00,CE,ATM+1,6.158613,6207900,26250.0,26206.55,88.25,88.65,86.5,87.2,378525,1766549940
2025-12-24 09:50:00,CE,ATM+1,6.142953,6207900,26250.0,26212.45,87.45,91.15,87.0,90.0,495975,1766550000
2025-12-24 09:51:00,CE,ATM+1,6.264555,6207900,26250.0,26218.5,90.05,94.9,89.3,94.85,847350,1766550060
2025-12-24 09:52:00,CE,ATM+1,6.228269,9363300,26300.0,26226.3,70.4,74.45,70.0,73.85,1088475,1766550120
2025-12-24 09:53:00,CE,ATM+1,6.095447,6291300,26250.0,26218.05,98.3,98.9,91.55,92.25,865500,1766550180
2025-12-24 09:54:00,CE,ATM+1,6.266335,6291300,26250.0,26219.25,92.8,95.65,92.25,95.25,401550,1766550240
2025-12-24 09:55:00,CE,ATM+1,6.285646,6293250,26250.0,26215.05,94.75,95.25,91.0,93.3,471000,1766550300
2025-12-24 09:56:00,CE,ATM+1,6.240917,6293250,26250.0,26211.35,93.15,93.45,89.85,90.75,404175,1766550360
2025-12-24 09:57:00,CE,ATM+1,6.232242,6293250,26250.0,26214.2,90.75,93.2,90.05,92.1,261975,1766550420
2025-12-24 09:58:00,CE,ATM+1,6.172039,6327375,26250.0,26223.9,92.55,96.4,92.1,96.4,486300,1766550480
2025-12-24 09:59:00,CE,ATM+1,6.093133,6327375,26250.0,26222.6,96.2,96.55,94.5,94.6,510600,1766550540
2025-12-24 10:00:00,CE,ATM+1,6.282614,6327375,26250.0,26218.15,94.55,95.6,93.15,94.85,433200,1766550600
2025-12-24 10:01:00,CE,ATM+1,6.319342,6483825,26250.0,26216.15,95.05,95.95,92.55,94.3,320625,1766550660
2025-12-24 10:02:00,CE,ATM+1,6.220562,6483825,26250.0,26216.3,94.55,94.9,92.7,93.0,188475,1766550720
2025-12-24 10:03:00,CE,ATM+1,6.187139,6483825,26250.0,26215.1,93.45,93.8,91.9,91.9,227775,1766550780
2025-12-24 10:04:00,CE,ATM+1,6.277353,6482100,26250.0,26209.7,92.05,92.05,88.85,90.35,611775,1766550840
2025-12-24 10:05:00,CE,ATM+1,6.321047,6482100,26250.0,26209.7,90.4,91.4,89.05,90.95,319050,1766550900
2025-12-24 10:06:00,CE,ATM+1,6.300414,6482100,26250.0,26206.55,90.95,92.7,89.0,89.05,433725,1766550960
2025-12-24 10:07:00,CE,ATM+1,6.279024,6594525,26250.0,26211.35,89.35,92.05,89.05,91.2,223350,1766551020
2025-12-24 10:08:00,CE,ATM+1,6.425823,6594525,26250.0,26206.0,91.7,92.45,87.65,90.5,511275,1766551080
2025-12-24 10:09:00,CE,ATM+1,6.319434,6594525,26250.0,26211.55,90.15,92.75,88.8,91.85,346800,1766551140
2025-12-24 10:10:00,CE,ATM+1,6.407234,6586275,26250.0,26217.0,91.6,96.85,91.6,95.9,910050,1766551200
2025-12-24 10:11:00,CE,ATM+1,6.430889,6586275,26250.0,26221.4,95.7,98.55,93.75,98.55,582000,1766551260
2025-12-24 10:12:00,CE,ATM+1,6.344547,6586275,26250.0,26219.15,98.5,98.9,95.0,96.15,801975,1766551320
2025-12-24 10:13:00,CE,ATM+1,6.32494,9528975,26300.0,26226.1,71.15,75.35,70.5,74.95,586725,1766551380
2025-12-24 10:14:00,CE,ATM+1,6.347274,9528975,26300.0,26227.2,74.85,76.6,74.15,75.75,744150,1766551440
2025-12-24 10:15:00,CE,ATM+1,6.316,9528975,26300.0,26233.7,75.65,79.15,74.4,78.3,951075,1766551500
2025-12-24 10:16:00,CE,ATM+1,6.250799,9222525,26300.0,26233.4,78.15,78.3,75.6,77.25,1107750,1766551560
2025-12-24 10:17:00,CE,ATM+1,6.131124,9222525,26300.0,26231.05,77.25,77.9,73.6,74.5,1129125,1766551620
2025-12-24 10:18:00,CE,ATM+1,6.178311,9222525,26300.0,26230.95,74.8,76.4,74.25,75.1,396600,1766551680
2025-12-24 10:19:00,CE,ATM+1,6.245333,6054225,26250.0,26224.25,100.65,100.65,97.2,97.45,516150,1766551740
2025-12-24 10:20:00,CE,ATM+1,6.031495,6054225,26250.0,26224.0,97.15,97.8,94.15,94.35,618750,1766551800
2025-12-24 10:21:00,CE,ATM+1,6.176757,9090525,26300.0,26225.1,70.4,72.95,70.4,72.4,385875,1766551860
2025-12-24 10:22:00,CE,ATM+1,6.283278,6144600,26250.0,26222.85,97.05,98.4,95.5,97.2,288975,1766551920
2025-12-24 10:23:00,CE,ATM+1,6.18034,6144600,26250.0,26224.95,97.85,98.0,96.25,96.9,209925,1766551980
2025-12-24 10:24:00,CE,ATM+1,6.159547,6144600,26250.0,26224.2,97.05,98.0,94.8,96.2,321225,1766552040
2025-12-24 10:25:00,CE,ATM+1,6.124704,6222375,26250.0,26224.55,96.7,96.7,94.9,95.9,196275,1766552100
2025-12-24 10:26:00,CE,ATM+1,6.091233,9101550,26300.0,26229.55,71.7,73.2,71.25,73.2,247575,1766552160
2025-12-24 10:27:00,CE,ATM+1,6.018321,9101550,26300.0,26229.8,73.25,74.2,71.7,72.3,371025,1766552220
2025-12-24 10:28:00,CE,ATM+1,6.029982,9118200,26300.0,26229.9,72.0,73.8,71.75,72.5,284775,1766552280
2025-12-24 10:29:00,CE,ATM+1,6.03912,9118200,26300.0,26230.95,72.9,73.65,72.45,73.1,139050,1766552340
2025-12-24 10:30:00,CE,ATM+1,6.034632,9118200,26300.0,26231.1,73.25,74.0,72.2,73.1,238950,1766552400
2025-12-24 10:31:00,CE,ATM+1,5.963071,9137100,26300.0,26231.2,73.2,74.25,72.15,72.15,269400,1766552460
2025-12-24 10:32:00,CE,ATM+1,5.976301,9137100,26300.0,26230.05,72.35,73.0,71.3,71.8,412950,1766552520
2025-12-24 10:33:00,CE,ATM+1,5.983792,9137100,26300.0,26231.15,71.7,73.15,71.6,72.4,209025,1766552580
2025-12-24 10:34:00,CE,ATM+1,6.040056,9241950,26300.0,26230.45,72.45,72.85,72.0,72.85,90450,1766552640
2025-12-24 10:35:00,CE,ATM+1,5.961287,9241950,26300.0,26232.4,72.7,74.5,72.35,72.65,339225,1766552700
2025-12-24 10:36:00,CE,ATM+1,5.969047,9241950,26300.0,26226.8,72.8,73.0,70.0,70.2,497625,1766552760
2025-12-24 10:37:00,CE,ATM+1,5.911254,9310875,26300.0,26226.25,70.65,71.5,68.85,69.15,358275,1766552820
2025-12-24 10:38:00,CE,ATM+1,5.949238,6273225,26250.0,26221.8,92.8,93.95,91.2,91.9,562200,1766552880
2025-12-24 10:39:00,CE,ATM+1,5.859458,9310875,26300.0,26227.2,68.05,69.15,67.85,68.85,272550,1766552940
2025-12-24 10:40:00,CE,ATM+1,5.940728,9415275,26300.0,26225.5,68.6,69.35,68.0,69.2,218625,1766553000
2025-12-24 10:41:00,CE,ATM+1,5.941404,6213075,26250.0,26222.6,93.4,93.8,91.4,92.2,274725,1766553060
2025-12-24 10:42:00,CE,ATM+1,5.898991,9415275,26300.0,26226.7,68.4,69.5,68.3,69.15,127800,1766553120
2025-12-24 10:43:00,CE,ATM+1,5.955482,6269475,26250.0,26223.75,93.3,94.1,91.35,93.0,284775,1766553180
2025-12-24 10:44:00,CE,ATM+1,6.025635,6269475,26250.0,26218.3,93.3,93.45,90.45,91.05,321675,1766553240
2025-12-24 10:45:00,CE,ATM+1,5.87638,6269475,26250.0,26222.65,90.8,91.7,90.35,91.3,426225,1766553300
2025-12-24 10:46:00,CE,ATM+1,6.005907,6457200,26250.0,26216.95,91.0,91.3,88.8,90.05,377325,1766553360
2025-12-24 10:47:00,CE,ATM+1,5.872611,6457200,26250.0,26216.1,89.75,90.35,87.75,87.75,334950,1766553420
2025-12-24 10:48:00,CE,ATM+1,5.818344,6457200,26250.0,26208.2,87.65,87.9,82.7,82.9,1198950,1766553480
2025-12-24 10:49:00,CE,ATM+1,6.040033,6431025,26250.0,26208.95,83.4,86.95,82.9,86.35,621225,1766553540
2025-12-24 10:50:00,CE,ATM+1,5.967116,6431025,26250.0,26208.3,86.1,86.75,83.5,85.0,551850,1766553600
2025-12-24 10:51:00,CE,ATM+1,5.866498,6431025,26250.0,26205.05,84.85,85.25,81.7,81.95,467025,1766553660
2025-12-24 10:52:00,CE,ATM+1,5.870965,6683400,26250.0,26208.0,82.3,83.85,81.95,83.5,316200,1766553720
2025-12-24 10:53:00,CE,ATM+1,5.886449,6683400,26250.0,26209.55,83.4,84.55,83.0,84.5,307125,1766553780
2025-12-24 10:54:00,CE,ATM+1,5.863948,6683400,26250.0,26206.25,84.45,85.5,81.45,82.5,567750,1766553840
2025-12-24 10:55:00,CE,ATM+1,5.931849,6964950,26250.0,26203.7,83.0,83.75,81.2,82.15,382200,1766553900
2025-12-24 10:56:00,CE,ATM+1,5.919654,6964950,26250.0,26210.35,82.4,85.75,82.15,85.35,386700,1766553960
2025-12-24 10:57:00,CE,ATM+1,5.927869,6964950,26250.0,26212.95,85.05,86.95,84.05,86.8,591975,1766554020
2025-12-24 10:58:00,CE,ATM+1,5.948161,6920325,26250.0,26213.0,86.7,88.2,86.5,87.1,559275,1766554080
2025-12-24 10:59:00,CE,ATM+1,5.897237,6920325,26250.0,26210.8,87.1,87.7,83.85,85.25,452400,1766554140
2025-12-24 11:00:00,CE,ATM+1,5.844045,6920325,26250.0,26213.3,85.8,86.95,85.25,85.8,339000,1766554200
2025-12-24 11:01:00,CE,ATM+1,5.805503,7059150,26250.0,26214.05,85.65,87.1,85.45,85.65,255750,1766554260
2025-12-24 11:02:00,CE,ATM+1,5.776231,7059150,26250.0,26200.8,85.6,85.85,78.5,78.5,881325,1766554320
2025-12-24 11:03:00,CE,ATM+1,5.836638,7059150,26250.0,26203.55,78.65,81.8,77.7,80.7,668100,1766554380
2025-12-24 11:04:00,CE,ATM+1,5.918263,7130925,26250.0,26202.1,80.8,82.4,79.4,81.1,345000,1766554440
2025-12-24 11:05:00,CE,ATM+1,5.916648,7130925,26250.0,26205.45,81.3,83.2,81.1,82.75,328200,1766554500
2025-12-24 11:06:00,CE,ATM+1,5.955418,7130925,26250.0,26202.9,83.2,84.15,81.85,82.0,260925,1766554560
2025-12-24 11:07:00,CE,ATM+1,5.935727,7143900,26250.0,26205.35,82.15,83.75,80.85,82.95,294750,1766554620
2025-12-24 11:08:00,CE,ATM+1,5.988852,7143900,26250.0,26204.0,83.75,85.05,81.95,83.0,311700,1766554680
2025-12-24 11:09:00,CE,ATM+1,5.958445,7143900,26250.0,26205.15,83.25,84.65,82.45,83.15,190050,1766554740
2025-12-24 11:10:00,CE,ATM+1,6.022397,7131225,26250.0,26202.9,83.1,83.95,82.0,82.9,155775,1766554800
2025-12-24 11:11:00,CE,ATM+1,6.033482,7131225,26250.0,26201.2,83.1,83.6,81.6,82.2,170025,1766554860
2025-12-24 11:12:00,CE,ATM+1,6.089643,7131225,26250.0,26205.95,82.3,86.0,82.05,85.35,367200,1766554920
2025-12-24 11:13:00,CE,ATM+1,6.147837,7010175,26250.0,26209.1,85.8,87.75,85.35,87.75,449250,1766554980
2025-12-24 11:14:00,CE,ATM+1,6.040892,7010175,26250.0,26210.15,87.8,88.4,86.8,86.8,486750,1766555040
2025-12-24 11:15:00,CE,ATM+1,6.067495,7010175,26250.0,26209.25,86.9,87.85,86.45,86.7,278250,1766555100
2025-12-24 11:16:00,CE,ATM+1,6.095133,7058550,26250.0,26209.2,86.8,88.7,86.4,87.05,297000,1766555160
2025-12-24 11:17:00,CE,ATM+1,6.065071,7058550,26250.0,26209.05,86.75,87.2,85.85,86.55,187575,1766555220
2025-12-24 11:18:00,CE,ATM+1,6.024006,7058550,26250.0,26209.1,86.35,87.75,85.8,86.0,258075,1766555280
2025-12-24 11:19:00,CE,ATM+1,6.106426,7079475,26250.0,26208.25,86.0,87.2,85.15,86.7,238425,1766555340
2025-12-24 11:20:00,CE,ATM+1,6.115191,7079475,26250.0,26211.15,86.9,88.4,86.25,88.3,280950,1766555400
2025-12-24 11:21:00,CE,ATM+1,6.0855,7079475,26250.0,26215.9,88.45,90.4,88.15,90.35,710025,1766555460
2025-12-24 11:22:00,CE,ATM+1,6.053515,6969675,26250.0,26217.8,90.6,90.95,89.4,90.9,455700,1766555520
2025-12-24 11:23:00,CE,ATM+1,6.134235,6969675,26250.0,26217.5,91.1,93.15,90.8,91.85,869475,1766555580
2025-12-24 11:24:00,CE,ATM+1,6.023467,6969675,26250.0,26215.0,91.95,91.95,88.7,89.0,427275,1766555640
2025-12-24 11:25:00,CE,ATM+1,5.867705,6894825,26250.0,26211.75,89.05,89.05,85.15,85.15,520650,1766555700
2025-12-24 11:26:00,CE,ATM+1,6.047216,6894825,26250.0,26207.6,86.0,86.3,83.05,85.5,497250,1766555760
2025-12-24 11:27:00,CE,ATM+1,6.084142,6894825,26250.0,26207.1,85.2,86.6,84.95,85.75,260025,1766555820
2025-12-24 11:28:00,CE,ATM+1,6.130369,6802725,26250.0,26209.0,85.3,87.45,84.45,87.35,249225,1766555880
2025-12-24 11:29:00,CE,ATM+1,6.030757,6802725,26250.0,26213.05,87.45,88.7,86.4,88.05,366375,1766555940
2025-12-24 11:30:00,CE,ATM+1,6.001353,6802725,26250.0,26213.75,88.15,88.3,87.3,88.0,193800,1766556000
2025-12-24 11:31:00,CE,ATM+1,6.009733,6948525,26250.0,26210.25,88.05,88.45,85.8,86.3,250350,1766556060
2025-12-24 11:32:00,CE,ATM+1,6.003668,6948525,26250.0,26214.1,86.4,88.95,85.85,88.2,218550,1766556120
2025-12-24 11:33:00,CE,ATM+1,6.020618,6948525,26250.0,26212.7,88.45,89.15,87.1,87.7,253050,1766556180
2025-12-24 11:34:00,CE,ATM+1,5.905583,6939075,26250.0,26215.0,87.65,89.45,87.3,87.3,210300,1766556240
2025-12-24 11:35:00,CE,ATM+1,6.032494,6939075,26250.0,26212.7,87.4,88.6,87.3,87.85,185400,1766556300
2025-12-24 11:36:00,CE,ATM+1,5.974596,6939075,26250.0,26213.1,88.15,88.15,86.5,87.25,156000,1766556360
2025-12-24 11:37:00,CE,ATM+1,5.941068,6965400,26250.0,26211.4,87.35,88.5,85.65,85.9,176850,1766556420
2025-12-24 11:38:00,CE,ATM+1,5.982992,6965400,26250.0,26209.8,85.7,87.0,85.4,85.65,172050,1766556480
2025-12-24 11:39:00,CE,ATM+1,5.988716,6965400,26250.0,26207.7,85.8,86.2,84.55,84.65,242700,1766556540
2025-12-24 11:40:00,CE,ATM+1,5.898705,7025325,26250.0,26207.9,84.75,85.1,83.05,83.5,310575,1766556600
2025-12-24 11:41:00,CE,ATM+1,6.007116,7025325,26250.0,26205.15,83.75,84.15,82.0,83.6,457500,1766556660
2025-12-24 11:42:00,CE,ATM+1,5.97246,7025325,26250.0,26199.4,83.7,83.75,79.45,80.25,568425,1766556720
2025-12-24 11:43:00,CE,ATM+1,5.857282,7106325,26250.0,26190.4,80.05,80.3,74.3,74.3,986325,1766556780
2025-12-24 11:44:00,CE,ATM+1,5.924992,7106325,26250.0,26185.45,74.85,75.5,72.65,72.9,818700,1766556840
2025-12-24 11:45:00,CE,ATM+1,5.913996,7106325,26250.0,26183.85,73.0,74.0,71.7,72.0,644250,1766556900
2025-12-24 11:46:00,CE,ATM+1,5.906099,7348725,26250.0,26183.45,71.9,73.45,70.9,71.7,572850,1766556960
2025-12-24 11:47:00,CE,ATM+1,5.96013,7348725,26250.0,26181.85,71.75,72.35,70.75,71.7,420300,1766557020
2025-12-24 11:48:00,CE,ATM+1,5.863362,7348725,26250.0,26184.75,71.6,72.25,71.15,71.7,303525,1766557080
2025-12-24 11:49:00,CE,ATM+1,5.91199,7496850,26250.0,26184.4,71.95,73.75,71.7,72.2,363900,1766557140
2025-12-24 11:50:00,CE,ATM+1,5.986661,7496850,26250.0,26183.6,72.15,72.9,71.7,72.85,250725,1766557200
2025-12-24 11:51:00,CE,ATM+1,5.891953,7496850,26250.0,26184.7,72.25,72.85,71.4,72.05,211350,1766557260
2025-12-24 11:52:00,CE,ATM+1,5.884957,7659750,26250.0,26183.95,71.7,72.95,70.9,71.6,235125,1766557320
2025-12-24 11:53:00,CE,ATM+1,5.897448,7659750,26250.0,26184.35,71.95,72.65,71.5,71.95,141675,1766557380
2025-12-24 11:54:00,CE,ATM+1,5.91903,7659750,26250.0,26186.2,72.1,73.25,71.85,73.1,165825,1766557440
2025-12-24 11:55:00,CE,ATM+1,5.929616,7699725,26250.0,26190.05,73.3,75.5,73.1,75.05,542550,1766557500
2025-12-24 11:56:00,CE,ATM+1,5.952063,7699725,26250.0,26190.15,75.15,76.0,74.7,75.4,290550,1766557560
2025-12-24 11:57:00,CE,ATM+1,5.901576,7699725,26250.0,26190.05,75.65,75.75,74.1,74.65,198750,1766557620
2025-12-24 11:58:00,CE,ATM+1,5.882264,7720875,26250.0,26196.45,74.7,77.45,74.2,77.45,341025,1766557680
2025-12-24 11:59:00,CE,ATM+1,5.831154,7720875,26250.0,26192.85,77.8,77.85,75.0,75.0,348675,1766557740
2025-12-24 12:00:00,CE,ATM+1,5.92246,7720875,26250.0,26191.8,75.2,75.75,74.8,75.75,148950,1766557800
2025-12-24 12:01:00,CE,ATM+1,5.918066,7722300,26250.0,26188.25,75.4,76.0,72.8,74.0,294750,1766557860
2025-12-24 12:02:00,CE,ATM+1,5.887609,7722300,26250.0,26194.6,74.05,76.65,73.8,76.6,249825,1766557920
2025-12-24 12:03:00,CE,ATM+1,5.8865,7722300,26250.0,26193.4,76.7,76.7,75.8,76.0,291975,1766557980
2025-12-24 12:04:00,CE,ATM+1,5.85097,7698000,26250.0,26194.95,76.0,77.3,75.7,76.25,206025,1766558040
2025-12-24 12:05:00,CE,ATM+1,5.880699,7698000,26250.0,26195.15,76.55,77.85,76.25,76.75,228600,1766558100
2025-12-24 12:06:00,CE,ATM+1,5.882193,7698000,26250.0,26196.05,76.65,77.2,75.35,77.2,173250,1766558160
2025-12-24 12:07:00,CE,ATM+1,5.860296,7657950,26250.0,26194.0,77.15,77.9,75.75,75.9,186825,1766558220
2025-12-24 12:08:00,CE,ATM+1,5.933158,7657950,26250.0,26189.5,75.8,76.4,74.75,74.75,172575,1766558280
2025-12-24 12:09:00,CE,ATM+1,5.987817,7657950,26250.0,26188.45,75.1,75.5,74.0,75.0,205275,1766558340
2025-12-24 12:10:00,CE,ATM+1,6.006187,7609950,26250.0,26189.2,74.95,75.6,74.3,75.6,125400,1766558400
2025-12-24 12:11:00,CE,ATM+1,5.905458,7609950,26250.0,26188.55,75.7,76.0,73.55,73.9,244125,1766558460
2025-12-24 12:12:00,CE,ATM+1,6.0205,7609950,26250.0,26188.6,73.75,75.5,73.45,75.5,145575,1766558520
2025-12-24 12:13:00,CE,ATM+1,6.01946,7496025,26250.0,26191.7,75.35,77.0,74.9,76.95,234150,1766558580
2025-12-24 12:14:00,CE,ATM+1,6.016814,7496025,26250.0,26192.0,76.75,77.8,76.45,77.05,202200,1766558640
2025-12-24 12:15:00,CE,ATM+1,5.9809,7496025,26250.0,26190.85,77.05,77.15,75.75,76.0,174900,1766558700
2025-12-24 12:16:00,CE,ATM+1,5.958788,7422375,26250.0,26195.25,76.1,78.2,76.0,77.8,343425,1766558760
2025-12-24 12:17:00,CE,ATM+1,5.872814,7422375,26250.0,26195.75,78.0,78.4,76.5,76.85,217125,1766558820
2025-12-24 12:18:00,CE,ATM+1,5.995714,7422375,26250.0,26198.95,76.85,80.1,76.7,80.1,373425,1766558880
2025-12-24 12:19:00,CE,ATM+1,5.903938,7387125,26250.0,26196.85,80.25,80.55,77.75,77.8,391725,1766558940
2025-12-24 12:20:00,CE,ATM+1,5.812638,7387125,26250.0,26195.75,77.75,78.0,75.8,76.0,280050,1766559000
2025-12-24 12:21:00,CE,ATM+1,5.823289,7387125,26250.0,26199.05,76.0,78.45,76.0,77.75,213225,1766559060
2025-12-24 12:22:00,CE,ATM+1,5.906917,7456725,26250.0,26193.5,77.65,77.75,76.0,76.2,120600,1766559120
2025-12-24 12:23:00,CE,ATM+1,5.85427,7456725,26250.0,26193.15,75.85,76.8,75.3,75.3,168300,1766559180
2025-12-24 12:24:00,CE,ATM+1,5.839081,7456725,26250.0,26193.6,75.5,76.15,74.9,75.3,136725,1766559240
2025-12-24 12:25:00,CE,ATM+1,5.88227,7450575,26250.0,26195.8,75.55,77.1,74.8,76.95,143400,1766559300
2025-12-24 12:26:00,CE,ATM+1,5.959166,7450575,26250.0,26201.3,76.9,80.7,76.9,80.7,407100,1766559360
2025-12-24 12:27:00,CE,ATM+1,5.850774,7450575,26250.0,26200.9,80.8,80.85,79.0,79.0,460650,1766559420
2025-12-24 12:28:00,CE,ATM+1,5.926364,7378275,26250.0,26196.65,79.1,79.4,77.9,77.95,244875,1766559480
2025-12-24 12:29:00,CE,ATM+1,5.870227,7378275,26250.0,26202.0,78.3,79.85,77.85,79.8,146325,1766559540
2025-12-24 12:30:00,CE,ATM+1,5.886898,7378275,26250.0,26201.45,79.8,80.35,78.75,79.75,200025,1766559600
2025-12-24 12:31:00,CE,ATM+1,5.847527,7328325,26250.0,26205.65,79.7,81.95,79.7,81.3,411375,1766559660
2025-12-24 12:32:00,CE,ATM+1,5.904386,7328325,26250.0,26205.0,81.15,83.0,81.05,81.75,461475,1766559720
2025-12-24 12:33:00,CE,ATM+1,5.815978,7328325,26250.0,26205.35,82.0,82.25,80.3,80.7,390450,1766559780
2025-12-24 12:34:00,CE,ATM+1,5.762087,7488375,26250.0,26205.35,80.8,81.15,79.95,79.95,210000,1766559840
2025-12-24 12:35:00,CE,ATM+1,5.77471,7488375,26250.0,26206.9,80.15,81.2,79.85,80.9,162150,1766559900
2025-12-24 12:36:00,CE,ATM+1,5.806736,7488375,26250.0,26204.65,80.55,82.4,79.8,80.2,396375,1766559960
2025-12-24 12:37:00,CE,ATM+1,5.82167,7466025,26250.0,26205.05,80.7,81.0,79.0,80.6,180150,1766560020
2025-12-24 12:38:00,CE,ATM+1,5.845285,7466025,26250.0,26200.7,80.8,80.95,78.75,78.75,174825,1766560080
2025-12-24 12:39:00,CE,ATM+1,5.945437,7466025,26250.0,26195.75,78.8,79.2,76.05,77.7,428400,1766560140
2025-12-24 12:40:00,CE,ATM+1,5.899043,7466025,26250.0,26194.5,77.3,77.7,76.25,76.45,193200,1766560200
2025-12-24 12:41:00,CE,ATM+1,5.910062,7342425,26250.0,26191.8,76.2,77.35,74.25,75.3,332550,1766560260
2025-12-24 12:42:00,CE,ATM+1,5.809087,7342425,26250.0,26190.0,74.7,75.3,72.5,73.05,373350,1766560320
2025-12-24 12:43:00,CE,ATM+1,5.935358,7342425,26250.0,26193.4,73.05,76.4,72.95,76.4,224475,1766560380
2025-12-24 12:44:00,CE,ATM+1,5.844556,7335975,26250.0,26193.1,76.3,76.55,74.15,75.0,164100,1766560440
2025-12-24 12:45:00,CE,ATM+1,5.77394,7335975,26250.0,26192.95,74.55,75.0,73.45,73.95,206400,1766560500
2025-12-24 12:46:00,CE,ATM+1,5.736495,7335975,26250.0,26194.35,74.15,74.25,73.1,74.1,142650,1766560560
2025-12-24 12:47:00,CE,ATM+1,5.703064,7419225,26250.0,26194.8,74.2,75.05,73.75,73.85,181950,1766560620
2025-12-24 12:48:00,CE,ATM+1,5.74072,7419225,26250.0,26197.15,74.4,75.75,73.75,75.5,126600,1766560680
2025-12-24 12:49:00,CE,ATM+1,5.702857,7419225,26250.0,26192.75,75.45,75.5,72.3,72.85,196800,1766560740
2025-12-24 12:50:00,CE,ATM+1,5.741922,7502775,26250.0,26189.95,73.1,73.65,72.05,72.05,179850,1766560800
2025-12-24 12:51:00,CE,ATM+1,5.787186,7502775,26250.0,26191.5,71.9,73.5,71.15,73.4,290775,1766560860
2025-12-24 12:52:00,CE,ATM+1,5.711123,7502775,26250.0,26190.45,73.4,73.4,71.55,71.85,153900,1766560920
2025-12-24 12:53:00,CE,ATM+1,5.803542,7563825,26250.0,26190.95,72.0,73.45,71.85,73.35,147000,1766560980
2025-12-24 12:54:00,CE,ATM+1,5.729332,7563825,26250.0,26190.9,73.0,73.35,71.75,72.3,114675,1766561040
2025-12-24 12:55:00,CE,ATM+1,5.73097,7563825,26250.0,26190.55,72.55,73.55,71.85,72.15,155625,1766561100
2025-12-24 12:56:00,CE,ATM+1,5.723273,7581000,26250.0,26192.05,72.25,72.75,70.9,72.75,202725,1766561160
2025-12-24 12:57:00,CE,ATM+1,5.704003,7581000,26250.0,26192.2,72.65,73.65,71.65,72.55,119700,1766561220
2025-12-24 12:58:00,CE,ATM+1,5.679964,7581000,26250.0,26193.95,72.65,73.95,72.1,73.05,161325,1766561280
2025-12-24 12:59:00,CE,ATM+1,5.68098,7590375,26250.0,26193.1,73.0,73.25,72.15,72.65,92325,1766561340
2025-12-24 13:00:00,CE,ATM+1,5.688912,7590375,26250.0,26188.45,72.75,73.1,69.25,70.55,484500,1766561400
2025-12-24 13:01:00,CE,ATM+1,5.696528,7590375,26250.0,26187.6,70.35,71.95,68.75,70.25,254175,1766561460
2025-12-24 13:02:00,CE,ATM+1,5.701454,7694550,26250.0,26183.8,70.85,70.85,68.05,68.55,240600,1766561520
2025-12-24 13:03:00,CE,ATM+1,5.7276,7694550,26250.0,26188.0,68.4,70.95,68.4,70.85,224250,1766561580
2025-12-24 13:04:00,CE,ATM+1,5.765896,7694550,26250.0,26188.6,70.8,71.65,70.35,71.65,194250,1766561640
2025-12-24 13:05:00,CE,ATM+1,5.813069,7673925,26250.0,26184.0,71.4,71.65,68.1,70.15,273825,1766561700
2025-12-24 13:06:00,CE,ATM+1,5.811883,7673925,26250.0,26180.0,69.0,70.15,67.65,68.3,248475,1766561760
2025-12-24 13:07:00,CE,ATM+1,5.826365,7673925,26250.0,26181.45,68.75,70.2,68.3,69.15,247575,1766561820
2025-12-24 13:08:00,CE,ATM+1,5.777538,7761600,26250.0,26179.85,69.15,69.15,67.5,67.75,255825,1766561880
2025-12-24 13:09:00,CE,ATM+1,5.864762,7761600,26250.0,26179.0,67.0,68.55,65.7,68.55,476025,1766561940
2025-12-24 13:10:00,CE,ATM+1,5.794179,7761600,26250.0,26177.15,68.5,68.65,66.2,66.75,236475,1766562000
2025-12-24 13:11:00,CE,ATM+1,5.751867,7800600,26250.0,26177.0,66.8,68.05,65.4,66.1,250350,1766562060
2025-12-24 13:12:00,CE,ATM+1,5.744323,7800600,26250.0,26178.25,66.3,68.2,64.55,66.55,348000,1766562120
2025-12-24 13:13:00,CE,ATM+1,5.76706,7800600,26250.0,26181.45,66.6,68.8,66.35,68.3,264300,1766562180
2025-12-24 13:14:00,CE,ATM+1,5.758897,7838250,26250.0,26181.05,68.45,69.35,68.0,68.0,221025,1766562240
2025-12-24 13:15:00,CE,ATM+1,5.81178,7838250,26250.0,26176.35,67.25,68.0,64.9,66.6,346875,1766562300
2025-12-24 13:16:00,CE,ATM+1,5.783807,7838250,26250.0,26180.55,67.1,68.5,66.6,68.1,169425,1766562360
2025-12-24 13:17:00,CE,ATM+1,5.746193,7875150,26250.0,26178.6,67.85,68.25,66.55,66.7,166575,1766562420
2025-12-24 13:18:00,CE,ATM+1,5.796454,7875150,26250.0,26176.75,66.5,67.0,65.15,66.55,180900,1766562480
2025-12-24 13:19:00,CE,ATM+1,5.725115,7875150,26250.0,26176.7,66.7,67.0,65.35,65.55,142575,1766562540
2025-12-24 13:20:00,CE,ATM+1,5.800632,7968225,26250.0,26178.55,65.4,67.5,65.15,67.4,177000,1766562600
2025-12-24 13:21:00,CE,ATM+1,5.737438,7968225,26250.0,26177.25,67.75,69.0,65.55,65.95,317550,1766562660
2025-12-24 13:22:00,CE,ATM+1,5.843963,17482050,26200.0,26173.4,90.95,91.05,89.2,89.95,592500,1766562720
2025-12-24 13:23:00,CE,ATM+1,5.84334,17660025,26200.0,26173.8,90.25,90.55,88.15,90.15,782025,1766562780
2025-12-24 13:24:00,CE,ATM+1,5.981099,17660025,26200.0,26170.2,90.25,91.4,89.55,90.1,461025,1766562840
2025-12-24 13:25:00,CE,ATM+1,5.936237,17660025,26200.0,26167.5,90.05,90.1,87.9,88.05,615150,1766562900
2025-12-24 13:26:00,CE,ATM+1,5.982679,17829825,26200.0,26170.75,88.7,91.4,87.8,90.4,1002825,1766562960
2025-12-24 13:27:00,CE,ATM+1,5.929458,17829825,26200.0,26172.5,90.35,92.25,89.8,90.6,561450,1766563020
2025-12-24 13:28:00,CE,ATM+1,5.942764,17829825,26200.0,26171.8,90.7,91.55,90.1,90.4,322350,1766563080
2025-12-24 13:29:00,CE,ATM+1,5.884598,17906625,26200.0,26170.4,89.55,90.4,88.4,88.85,451200,1766563140
2025-12-24 13:30:00,CE,ATM+1,5.846175,17906625,26200.0,26169.05,88.9,89.1,86.8,87.6,982800,1766563200
2025-12-24 13:31:00,CE,ATM+1,5.759615,17906625,26200.0,26166.0,87.65,88.6,84.8,84.8,878325,1766563260
2025-12-24 13:32:00,CE,ATM+1,5.745185,18074175,26200.0,26154.2,83.7,84.8,78.55,78.55,2321850,1766563320
2025-12-24 13:33:00,CE,ATM+1,5.805305,18074175,26200.0,26156.65,78.75,80.7,77.7,80.6,1390650,1766563380
2025-12-24 13:34:00,CE,ATM+1,5.77126,18074175,26200.0,26159.55,80.0,82.6,80.0,81.6,1011450,1766563440
2025-12-24 13:35:00,CE,ATM+1,5.772633,18408900,26200.0,26158.35,81.75,82.25,81.0,81.0,604350,1766563500
2025-12-24 13:36:00,CE,ATM+1,5.742013,18408900,26200.0,26160.75,80.95,82.2,80.1,81.8,558075,1766563560
2025-12-24 13:37:00,CE,ATM+1,5.870828,18408900,26200.0,26157.3,81.95,82.2,80.65,81.8,386250,1766563620
2025-12-24 13:38:00,CE,ATM+1,5.811265,18654150,26200.0,26159.9,81.4,82.3,80.8,82.3,365775,1766563680
2025-12-24 13:39:00,CE,ATM+1,5.676291,18654150,26200.0,26160.5,82.45,82.45,80.45,80.75,558450,1766563740
2025-12-24 13:40:00,CE,ATM+1,5.637833,18654150,26200.0,26161.15,80.7,81.8,80.2,80.55,462975,1766563800
2025-12-24 13:41:00,CE,ATM+1,5.684346,18862500,26200.0,26158.55,80.7,81.0,79.6,79.85,499800,1766563860
2025-12-24 13:42:00,CE,ATM+1,5.686218,18862500,26200.0,26155.35,79.9,79.9,77.35,78.25,853425,1766563920
2025-12-24 13:43:00,CE,ATM+1,5.611237,18862500,26200.0,26161.8,78.0,80.75,77.65,80.5,530100,1766563980
2025-12-24 13:44:00,CE,ATM+1,5.799529,18992850,26200.0,26160.1,80.3,82.25,80.3,82.2,775425,1766564040
2025-12-24 13:45:00,CE,ATM+1,5.716476,18992850,26200.0,26159.7,82.0,82.2,79.75,80.85,586125,1766564100
2025-12-24 13:46:00,CE,ATM+1,5.847748,18992850,26200.0,26157.85,80.85,81.75,79.65,81.7,401250,1766564160
2025-12-24 13:47:00,CE,ATM+1,5.836361,19091775,26200.0,26155.6,82.1,82.15,79.85,80.4,453750,1766564220
2025-12-24 13:48:00,CE,ATM+1,5.823982,19091775,26200.0,26156.05,80.3,81.45,79.9,80.45,257850,1766564280
2025-12-24 13:49:00,CE,ATM+1,5.772401,19091775,26200.0,26160.6,80.9,82.25,80.45,82.05,505200,1766564340
2025-12-24 13:50:00,CE,ATM+1,5.821679,19044000,26200.0,26159.0,81.5,82.45,81.25,81.9,350475,1766564400
2025-12-24 13:51:00,CE,ATM+1,5.719256,19044000,26200.0,26166.65,82.4,84.7,81.75,84.45,942225,1766564460
2025-12-24 13:52:00,CE,ATM+1,5.784168,19044000,26200.0,26162.85,84.75,85.5,83.35,83.35,975975,1766564520
2025-12-24 13:53:00,CE,ATM+1,5.799435,18864975,26200.0,26165.25,83.7,84.95,83.35,84.8,362025,1766564580
2025-12-24 13:54:00,CE,ATM+1,5.794226,18864975,26200.0,26166.45,84.95,85.55,84.5,85.35,555600,1766564640
2025-12-24 13:55:00,CE,ATM+1,5.78551,18864975,26200.0,26165.45,85.3,85.85,84.65,84.7,488700,1766564700
2025-12-24 13:56:00,CE,ATM+1,5.766093,18711300,26200.0,26155.55,84.2,84.85,79.35,79.35,979050,1766564760
2025-12-24 13:57:00,CE,ATM+1,5.875608,18711300,26200.0,26151.15,79.7,80.25,75.85,78.65,1211250,1766564820
2025-12-24 13:58:00,CE,ATM+1,5.827227,18711300,26200.0,26152.3,78.7,79.4,77.65,78.55,746100,1766564880
2025-12-24 13:59:00,CE,ATM+1,5.77116,18967050,26200.0,26152.35,78.55,79.15,77.55,77.8,391575,1766564940
2025-12-24 14:00:00,CE,ATM+1,5.873139,18967050,26200.0,26147.9,77.15,77.8,75.95,77.0,745875,1766565000
2025-12-24 14:01:00,CE,ATM+1,5.917816,18967050,26200.0,26144.9,76.9,77.0,74.25,76.15,1092675,1766565060
2025-12-24 14:02:00,CE,ATM+1,5.811446,19128225,26200.0,26149.45,75.8,77.5,75.8,76.9,536775,1766565120
2025-12-24 14:03:00,CE,ATM+1,5.791399,19128225,26200.0,26146.85,76.8,76.9,75.2,75.35,348525,1766565180
2025-12-24 14:04:00,CE,ATM+1,5.711672,19128225,26200.0,26152.75,75.25,77.9,75.25,77.15,490125,1766565240
2025-12-24 14:05:00,CE,ATM+1,5.726915,19303125,26200.0,26153.85,77.2,78.3,76.85,77.9,634725,1766565300
2025-12-24 14:06:00,CE,ATM+1,5.670811,19303125,26200.0,26154.6,77.55,78.15,76.15,77.5,446700,1766565360
2025-12-24 14:07:00,CE,ATM+1,5.85729,19303125,26200.0,26146.8,77.35,77.75,76.15,76.2,401925,1766565420
2025-12-24 14:08:00,CE,ATM+1,5.70414,19400175,26200.0,26151.5,76.15,77.25,75.75,76.4,462375,1766565480
2025-12-24 14:09:00,CE,ATM+1,5.392867,19400175,26200.0,26163.95,76.35,78.9,76.05,78.45,680325,1766565540
2025-12-24 14:10:00,CE,ATM+1,5.537044,19400175,26200.0,26157.1,78.5,79.3,75.35,76.9,810600,1766565600
2025-12-24 14:11:00,CE,ATM+1,5.542944,19448100,26200.0,26157.25,77.0,78.05,76.85,77.05,326700,1766565660
2025-12-24 14:12:00,CE,ATM+1,5.459563,19448100,26200.0,26159.8,77.05,77.9,76.45,77.2,300150,1766565720
2025-12-24 14:13:00,CE,ATM+1,5.529117,19448100,26200.0,26157.65,77.1,77.65,76.6,77.05,222300,1766565780
2025-12-24 14:14:00,CE,ATM+1,5.603999,19443375,26200.0,26158.5,77.35,78.6,77.05,78.5,410850,1766565840
2025-12-24 14:15:00,CE,ATM+1,5.568374,19443375,26200.0,26157.8,78.6,78.65,77.35,77.65,262350,1766565900
2025-12-24 14:16:00,CE,ATM+1,5.517273,19443375,26200.0,26160.75,77.4,79.95,77.4,78.45,761550,1766565960
2025-12-24 14:17:00,CE,ATM+1,5.542222,19263600,26200.0,26160.0,78.65,78.9,76.35,78.4,412875,1766566020
2025-12-24 14:18:00,CE,ATM+1,5.606332,19263600,26200.0,26157.9,78.5,79.15,77.8,78.2,298425,1766566080
2025-12-24 14:19:00,CE,ATM+1,5.686348,19263600,26200.0,26154.95,78.05,78.6,77.25,77.8,309750,1766566140
2025-12-24 14:20:00,CE,ATM+1,5.660211,19183500,26200.0,26150.45,77.65,77.9,75.2,75.2,644775,1766566200
2025-12-24 14:21:00,CE,ATM+1,5.647146,19183500,26200.0,26149.3,75.35,75.7,74.25,74.45,881850,1766566260
2025-12-24 14:22:00,CE,ATM+1,5.64709,19183500,26200.0,26145.3,74.6,75.25,72.05,72.5,807450,1766566320
2025-12-24 14:23:00,CE,ATM+1,5.688356,19340100,26200.0,26142.15,72.4,72.8,71.45,71.55,689925,1766566380
2025-12-24 14:24:00,CE,ATM+1,5.696297,19340100,26200.0,26145.8,71.15,74.45,70.45,73.4,880650,1766566440
2025-12-24 14:25:00,CE,ATM+1,5.769515,19340100,26200.0,26140.05,73.75,74.1,70.3,71.65,593850,1766566500
2025-12-24 14:26:00,CE,ATM+1,5.875127,19298700,26200.0,26129.8,71.25,71.65,66.2,68.35,1905525,1766566560
2025-12-24 14:27:00,CE,ATM+1,5.832603,19298700,26200.0,26133.5,68.25,70.3,68.25,69.45,902925,1766566620
2025-12-24 14:28:00,CE,ATM+1,5.879221,19298700,26200.0,26133.55,69.75,70.65,69.15,70.1,586650,1766566680
2025-12-24 14:29:00,CE,ATM+1,5.793376,19080825,26200.0,26138.35,70.35,71.85,69.95,71.15,712500,1766566740
2025-12-24 14:30:00,CE,ATM+1,5.60698,19080825,26200.0,26151.15,71.3,75.6,70.9,74.75,1387725,1766566800
2025-12-24 14:31:00,CE,ATM+1,5.792427,19080825,26200.0,26140.85,74.75,75.1,72.0,72.3,680175,1766566860
2025-12-24 14:32:00,CE,ATM+1,5.935853,18691425,26200.0,26135.3,72.2,72.5,70.95,71.65,392100,1766566920
2025-12-24 14:33:00,CE,ATM+1,5.942951,18691425,26200.0,26137.9,71.5,73.15,71.5,72.95,276975,1766566980
2025-12-24 14:34:00,CE,ATM+1,5.953001,18691425,26200.0,26136.55,73.45,73.9,72.0,72.45,388725,1766567040
2025-12-24 14:35:00,CE,ATM+1,6.033544,18601125,26200.0,26134.2,72.55,72.85,72.0,72.45,313200,1766567100
2025-12-24 14:36:00,CE,ATM+1,6.072695,18601125,26200.0,26128.0,72.55,72.6,69.65,70.15,620400,1766567160
2025-12-24 14:37:00,CE,ATM+1,6.036473,18601125,26200.0,26128.55,70.4,70.7,68.95,69.9,449475,1766567220
2025-12-24 14:38:00,CE,ATM+1,6.01382,18816825,26200.0,26130.35,70.15,70.5,69.55,70.4,456825,1766567280
2025-12-24 14:39:00,CE,ATM+1,5.734404,18816825,26200.0,26141.05,70.6,71.75,70.1,71.55,390825,1766567340
2025-12-24 14:40:00,CE,ATM+1,5.967859,18816825,26200.0,26134.15,71.6,72.45,70.55,71.5,553125,1766567400
2025-12-24 14:41:00,CE,ATM+1,5.946017,18861300,26200.0,26134.7,71.55,71.9,70.8,71.45,168225,1766567460
2025-12-24 14:42:00,CE,ATM+1,5.863218,18861300,26200.0,26137.25,71.35,71.75,69.85,71.5,374175,1766567520
2025-12-24 14:43:00,CE,ATM+1,5.828232,18861300,26200.0,26139.35,71.6,72.0,71.0,72.0,271050,1766567580
2025-12-24 14:44:00,CE,ATM+1,5.926761,18812250,26200.0,26139.7,72.0,73.6,71.7,73.5,450975,1766567640
2025-12-24 14:45:00,CE,ATM+1,5.842252,18812250,26200.0,26143.3,74.65,76.5,73.5,74.05,1539075,1766567700
2025-12-24 14:46:00,CE,ATM+1,5.906963,18812250,26200.0,26145.95,74.45,76.2,74.05,76.2,489450,1766567760
2025-12-24 14:47:00,CE,ATM+1,5.902086,18094050,26200.0,26147.75,75.7,77.2,75.7,77.0,710775,1766567820
2025-12-24 14:48:00,CE,ATM+1,5.850711,18094050,26200.0,26144.25,77.35,77.55,74.5,74.6,656550,1766567880
2025-12-24 14:49:00,CE,ATM+1,5.882984,18094050,26200.0,26140.4,74.55,74.6,73.2,73.2,493725,1766567940
2025-12-24 14:50:00,CE,ATM+1,5.98214,17973750,26200.0,26135.5,73.35,73.5,71.7,72.25,600750,1766568000
2025-12-24 14:51:00,CE,ATM+1,6.078243,17973750,26200.0,26129.5,72.35,72.5,70.75,70.8,486450,1766568060
2025-12-24 14:52:00,CE,ATM+1,6.119855,17973750,26200.0,26127.6,70.7,72.35,70.5,70.5,435525,1766568120
2025-12-24 14:53:00,CE,ATM+1,6.078194,18076875,26200.0,26127.2,70.5,70.95,69.65,69.75,639600,1766568180
2025-12-24 14:54:00,CE,ATM+1,5.910372,18076875,26200.0,26139.15,69.8,72.95,69.35,72.95,527025,1766568240
2025-12-24 14:55:00,CE,ATM+1,5.767327,18076875,26200.0,26143.8,72.9,73.9,72.45,73.2,572775,1766568300
2025-12-24 14:56:00,CE,ATM+1,5.809926,17844000,26200.0,26143.75,73.25,74.4,73.2,73.75,532200,1766568360
2025-12-24 14:57:00,CE,ATM+1,5.86285,17844000,26200.0,26141.2,73.4,74.3,72.15,73.25,438600,1766568420
2025-12-24 14:58:00,CE,ATM+1,5.860675,17844000,26200.0,26143.9,73.5,74.65,73.25,74.5,385800,1766568480
2025-12-24 14:59:00,CE,ATM+1,5.847998,17482950,26200.0,26148.1,74.8,77.1,74.5,76.35,948300,1766568540
2025-12-24 15:00:00,CE,ATM+1,5.666368,17482950,26200.0,26149.4,77.9,78.75,74.05,74.5,1161150,1766568600
2025-12-24 15:01:00,CE,ATM+1,5.846203,17482950,26200.0,26140.15,74.55,74.9,72.2,72.5,671025,1766568660
2025-12-24 15:02:00,CE,ATM+1,5.989892,17289825,26200.0,26134.15,72.25,72.75,70.75,71.65,678450,1766568720
2025-12-24 15:03:00,CE,ATM+1,5.633386,17289825,26200.0,26146.15,71.6,73.3,70.4,72.45,811725,1766568780
2025-12-24 15:04:00,CE,ATM+1,5.435522,17289825,26200.0,26152.5,72.4,72.85,71.25,72.85,450525,1766568840
2025-12-24 15:05:00,CE,ATM+1,5.406756,17346825,26200.0,26156.4,73.1,74.6,72.35,74.4,634575,1766568900
2025-12-24 15:06:00,CE,ATM+1,5.154448,17346825,26200.0,26164.2,74.95,75.45,73.65,74.95,798300,1766568960
2025-12-24 15:07:00,CE,ATM+1,5.808268,17346825,26200.0,26141.75,74.85,74.95,72.15,72.7,731100,1766569020
2025-12-24 15:08:00,CE,ATM+1,5.614996,17090325,26200.0,26149.0,72.75,73.75,71.95,73.55,456075,1766569080
2025-12-24 15:09:00,CE,ATM+1,5.910295,17090325,26200.0,26139.9,73.4,74.15,72.75,73.2,454050,1766569140
2025-12-24 15:10:00,CE,ATM+1,6.106141,17090325,26200.0,26134.1,73.25,73.95,73.0,73.15,567600,1766569200
2025-12-24 15:11:00,CE,ATM+1,5.834087,16872150,26200.0,26142.75,73.25,73.5,72.0,73.5,504900,1766569260
2025-12-24 15:12:00,CE,ATM+1,5.53391,16872150,26200.0,26150.8,73.8,73.8,72.95,73.3,449925,1766569320
2025-12-24 15:13:00,CE,ATM+1,5.403553,16872150,26200.0,26154.5,73.35,73.35,72.75,73.35,461550,1766569380
2025-12-24 15:14:00,CE,ATM+1,5.440683,16574025,26200.0,26154.8,73.35,74.2,73.0,74.0,647100,1766569440
2025-12-24 15:15:00,CE,ATM+1,5.738824,16574025,26200.0,26146.55,74.6,75.0,73.15,74.0,1254225,1766569500
2025-12-24 15:16:00,CE,ATM+1,5.932081,16574025,26200.0,26140.75,73.7,74.0,72.6,73.85,506100,1766569560
2025-12-24 15:17:00,CE,ATM+1,6.003262,16237350,26200.0,26137.75,73.9,73.9,72.65,73.4,398175,1766569620
2025-12-24 15:18:00,CE,ATM+1,5.898433,16237350,26200.0,26141.85,73.45,73.95,73.0,73.9,335850,1766569680
2025-12-24 15:19:00,CE,ATM+1,5.901892,16237350,26200.0,26139.65,74.1,74.15,72.7,72.9,486375,1766569740
2025-12-24 15:20:00,CE,ATM+1,5.911221,15826050,26200.0,26140.35,73.1,73.95,72.9,73.35,625950,1766569800
2025-12-24 15:21:00,CE,ATM+1,5.989338,15826050,26200.0,26137.25,73.55,73.75,72.85,72.95,376950,1766569860
2025-12-24 15:22:00,CE,ATM+1,5.976581,15826050,26200.0,26137.1,72.85,73.15,72.45,72.7,593550,1766569920
2025-12-24 15:23:00,CE,ATM+1,5.962828,15204975,26200.0,26138.05,72.65,73.6,72.65,72.95,649575,1766569980
2025-12-24 15:24:00,CE,ATM+1,6.029392,15204975,26200.0,26137.2,73.15,73.45,72.5,73.45,545625,1766570040
2025-12-24 15:25:00,CE,ATM+1,5.918331,15204975,26200.0,26135.4,73.3,73.5,71.1,71.1,608400,1766570100
2025-12-24 15:26:00,CE,ATM+1,5.777614,14564700,26200.0,26141.0,71.4,71.8,70.75,71.8,507525,1766570160
2025-12-24 15:27:00,CE,ATM+1,5.889504,14564700,26200.0,26135.95,71.75,71.9,70.7,70.95,493500,1766570220
2025-12-24 15:28:00,CE,ATM+1,5.856247,14564700,26200.0,26134.45,70.7,71.0,69.75,69.8,796425,1766570280
2025-12-24 15:29:00,CE,ATM+1,5.498989,13808100,26200.0,26141.65,70.1,70.15,68.15,68.3,974175,1766570340
2025-12-26 09:15:00,CE,ATM+1,5.550144,4336500,26150.0,26103.95,90.0,90.0,56.35,57.4,3147000,1766720700
2025-12-26 09:16:00,CE,ATM+1,5.706109,5612700,26150.0,26115.6,59.15,64.8,56.8,64.8,2599200,1766720760
2025-12-26 09:17:00,CE,ATM+1,5.63871,5612700,26150.0,26120.85,64.1,70.15,63.55,66.65,2875500,1766720820
2025-12-26 09:18:00,CE,ATM+1,5.822842,14825250,26200.0,26133.9,47.3,52.35,46.05,51.75,2474250,1766720880
2025-12-26 09:19:00,CE,ATM+1,5.691984,15575550,26200.0,26128.8,51.4,53.0,48.05,48.15,2239800,1766720940
2025-12-26 09:20:00,CE,ATM+1,5.665944,15575550,26200.0,26131.6,48.2,49.45,46.7,49.0,1827150,1766721000
2025-12-26 09:21:00,CE,ATM+1,5.430813,6842475,26150.0,26124.9,69.3,70.65,66.3,66.3,1672350,1766721060
2025-12-26 09:22:00,CE,ATM+1,5.484392,8186325,26150.0,26124.3,66.9,69.05,63.9,66.6,1681050,1766721120
2025-12-26 09:23:00,CE,ATM+1,5.614206,16614750,26200.0,26125.45,46.7,49.5,45.65,45.9,1324500,1766721180
2025-12-26 09:24:00,CE,ATM+1,5.611256,16614750,26200.0,26134.35,46.1,49.5,45.9,49.5,1283250,1766721240
2025-12-26 09:25:00,CE,ATM+1,5.675755,17254875,26200.0,26131.9,48.75,52.0,46.55,49.2,2458500,1766721300
2025-12-26 09:26:00,CE,ATM+1,5.577144,17254875,26200.0,26134.35,48.45,50.55,47.55,49.1,1060575,1766721360
2025-12-26 09:27:00,CE,ATM+1,5.560742,17254875,26200.0,26128.75,48.8,50.2,46.6,46.6,1042500,1766721420
2025-12-26 09:28:00,CE,ATM+1,5.523343,17967075,26200.0,26135.0,46.75,49.6,45.95,48.75,1138275,1766721480
2025-12-26 09:29:00,CE,ATM+1,5.542624,17967075,26200.0,26131.85,48.7,48.75,44.4,47.65,1377750,1766721540
2025-12-26 09:30:00,CE,ATM+1,5.287901,9738900,26150.0,26124.35,68.65,69.2,63.7,64.3,1754025,1766721600
2025-12-26 09:31:00,CE,ATM+1,5.136544,10449975,26150.0,26123.0,64.45,64.7,61.85,61.85,1753500,1766721660
2025-12-26 09:32:00,CE,ATM+1,5.379584,10449975,26150.0,26111.7,61.5,62.4,58.1,59.0,2288025,1766721720
2025-12-26 09:33:00,CE,ATM+1,5.394786,10449975,26150.0,26108.65,58.75,59.75,56.85,57.7,1658400,1766721780
2025-12-26 09:34:00,CE,ATM+1,5.313559,11198475,26150.0,26110.2,58.1,58.95,57.0,57.5,1123200,1766721840
2025-12-26 09:35:00,CE,ATM+1,5.424926,11198475,26150.0,26103.7,58.05,58.05,54.8,55.7,1905450,1766721900
2025-12-26 09:36:00,CE,ATM+1,5.389611,11198475,26150.0,26104.8,55.7,56.7,54.65,55.8,967200,1766721960
2025-12-26 09:37:00,CE,ATM+1,5.467726,12013125,26150.0,26099.4,55.95,55.95,54.15,54.2,930900,1766722020
2025-12-26 09:38:00,CE,ATM+1,5.604772,12013125,26150.0,26096.05,53.5,55.4,53.25,54.25,1494300,1766722080
2025-12-26 09:39:00,CE,ATM+1,5.650609,12013125,26150.0,26093.2,53.8,54.3,53.1,53.5,917700,1766722140
2025-12-26 09:40:00,CE,ATM+1,5.588222,12587700,26150.0,26091.3,53.2,53.5,51.85,51.95,1624125,1766722200
2025-12-26 09:41:00,CE,ATM+1,5.552716,12587700,26150.0,26095.75,51.8,54.0,51.35,53.5,1166250,1766722260
2025-12-26 09:42:00,CE,ATM+1,5.567094,12587700,26150.0,26090.85,53.2,53.75,50.9,51.5,1240725,1766722320
2025-12-26 09:43:00,CE,ATM+1,5.571066,13203000,26150.0,26083.95,51.3,51.5,48.25,48.6,1994025,1766722380
2025-12-26 09:44:00,CE,ATM+1,5.499091,13203000,26150.0,26086.85,48.45,49.8,48.1,49.0,1448250,1766722440
2025-12-26 09:45:00,CE,ATM+1,5.522849,13203000,26150.0,26088.35,48.6,50.0,48.5,49.9,775275,1766722500
2025-12-26 09:46:00,CE,ATM+1,5.548211,13875075,26150.0,26085.45,49.75,49.95,48.55,48.95,670125,1766722560
2025-12-26 09:47:00,CE,ATM+1,5.572846,13875075,26150.0,26085.4,48.7,49.8,48.6,49.2,591600,1766722620
2025-12-26 09:48:00,CE,ATM+1,5.583237,13875075,26150.0,26085.85,48.75,49.65,48.75,49.5,444600,1766722680
2025-12-26 09:49:00,CE,ATM+1,5.486695,14236575,26150.0,26090.3,49.45,50.75,49.3,50.3,816225,1766722740
2025-12-26 09:50:00,CE,ATM+1,5.560964,14236575,26150.0,26086.95,50.5,51.3,49.7,49.7,989100,1766722800
2025-12-26 09:51:00,CE,ATM+1,5.600412,14236575,26150.0,26081.6,49.75,50.2,47.65,47.9,1014600,1766722860
2025-12-26 09:52:00,CE,ATM+1,5.539943,14604675,26150.0,26077.75,46.7,47.9,45.55,45.65,1656900,1766722920
2025-12-26 09:53:00,CE,ATM+1,5.603368,14604675,26150.0,26075.75,45.5,46.0,44.0,45.55,3353625,1766722980
2025-12-26 09:54:00,CE,ATM+1,5.532592,14604675,26150.0,26079.35,45.4,46.6,45.4,46.2,811275,1766723040
2025-12-26 09:55:00,CE,ATM+1,5.529299,15551475,26150.0,26079.95,46.2,47.1,46.0,46.4,785400,1766723100
2025-12-26 09:56:00,CE,ATM+1,5.472981,15551475,26150.0,26080.9,46.45,47.15,45.95,46.15,489525,1766723160
2025-12-26 09:57:00,CE,ATM+1,5.421056,15551475,26150.0,26083.55,46.2,47.05,46.0,46.65,390825,1766723220
2025-12-26 09:58:00,CE,ATM+1,5.299902,15683625,26150.0,26090.6,46.95,48.3,46.65,48.25,724800,1766723280
2025-12-26 09:59:00,CE,ATM+1,5.335234,15683625,26150.0,26090.15,48.2,49.75,48.05,48.45,1231350,1766723340
2025-12-26 10:00:00,CE,ATM+1,5.413966,15683625,26150.0,26085.95,48.6,49.45,47.4,47.55,720675,1766723400
2025-12-26 10:01:00,CE,ATM+1,5.461244,15879375,26150.0,26083.25,47.5,47.55,46.05,46.95,848475,1766723460
2025-12-26 10:02:00,CE,ATM+1,5.470746,15879375,26150.0,26081.55,47.15,47.8,46.2,46.35,413625,1766723520
2025-12-26 10:03:00,CE,ATM+1,5.401129,15879375,26150.0,26088.0,46.5,48.95,46.35,48.25,539850,1766723580
2025-12-26 10:04:00,CE,ATM+1,5.434918,15912600,26150.0,26092.7,48.35,50.85,48.1,50.65,1058400,1766723640
2025-12-26 10:05:00,CE,ATM+1,5.438473,15912600,26150.0,26092.05,50.6,51.35,49.65,50.4,1180050,1766723700
2025-12-26 10:06:00,CE,ATM+1,5.323926,15912600,26150.0,26096.95,50.2,51.8,50.15,51.25,889050,1766723760
2025-12-26 10:07:00,CE,ATM+1,5.310619,15903150,26150.0,26094.6,51.05,51.25,49.85,50.05,763875,1766723820
2025-12-26 10:08:00,CE,ATM+1,5.279217,15903150,26150.0,26097.45,50.2,52.5,50.05,50.95,924600,1766723880
2025-12-26 10:09:00,CE,ATM+1,5.380924,15903150,26150.0,26090.85,50.85,50.95,48.75,49.2,884925,1766723940
2025-12-26 10:10:00,CE,ATM+1,5.46795,15733575,26150.0,26086.45,49.15,50.15,48.0,48.3,770475,1766724000
2025-12-26 10:11:00,CE,ATM+1,5.495973,15733575,26150.0,26088.9,47.9,50.1,47.35,49.65,710025,1766724060
2025-12-26 10:12:00,CE,ATM+1,5.490024,15733575,26150.0,26090.7,49.25,50.35,48.5,50.35,386175,1766724120
2025-12-26 10:13:00,CE,ATM+1,5.453908,15612375,26150.0,26092.35,50.55,51.3,50.05,50.65,770475,1766724180
2025-12-26 10:14:00,CE,ATM+1,5.429514,15612375,26150.0,26090.35,50.65,50.7,49.3,49.5,445650,1766724240
2025-12-26 10:15:00,CE,ATM+1,5.5214,15612375,26150.0,26085.1,49.4,49.5,48.05,48.3,713850,1766724300
2025-12-26 10:16:00,CE,ATM+1,5.389502,15470025,26150.0,26091.2,49.2,49.95,48.3,49.4,489300,1766724360
2025-12-26 10:17:00,CE,ATM+1,5.537429,15470025,26150.0,26086.25,49.35,49.5,48.1,48.95,385200,1766724420
2025-12-26 10:18:00,CE,ATM+1,5.533607,15470025,26150.0,26086.25,48.75,49.35,48.0,48.9,360225,1766724480
2025-12-26 10:19:00,CE,ATM+1,5.435091,15564000,26150.0,26088.65,48.85,49.9,48.4,48.8,239175,1766724540
2025-12-26 10:20:00,CE,ATM+1,5.484341,15564000,26150.0,26086.65,48.95,49.1,48.15,48.5,232125,1766724600
2025-12-26 10:21:00,CE,ATM+1,5.413578,15564000,26150.0,26088.9,48.4,49.3,47.65,48.65,457350,1766724660
2025-12-26 10:22:00,CE,ATM+1,5.559933,15690150,26150.0,26081.4,48.75,48.8,46.8,47.15,588150,1766724720
2025-12-26 10:23:00,CE,ATM+1,5.618083,15690150,26150.0,26081.05,47.05,47.65,45.9,47.65,745725,1766724780
2025-12-26 10:24:00,CE,ATM+1,5.59349,15690150,26150.0,26080.15,47.6,47.85,47.0,47.0,285900,1766724840
2025-12-26 10:25:00,CE,ATM+1,5.605108,15716850,26150.0,26080.95,47.0,47.95,46.5,47.45,369825,1766724900
2025-12-26 10:26:00,CE,ATM+1,5.556093,15716850,26150.0,26081.45,47.35,48.0,46.85,47.1,300600,1766724960
2025-12-26 10:27:00,CE,ATM+1,5.454178,15716850,26150.0,26085.55,47.05,48.2,47.05,47.65,311700,1766725020
2025-12-26 10:28:00,CE,ATM+1,5.520522,15748350,26150.0,26087.0,47.75,49.15,47.1,49.0,401250,1766725080
2025-12-26 10:29:00,CE,ATM+1,5.479917,15748350,26150.0,26091.7,49.1,50.55,48.75,50.55,862650,1766725140
2025-12-26 10:30:00,CE,ATM+1,5.340925,15748350,26150.0,26092.0,50.5,50.95,48.7,49.1,841350,1766725200
2025-12-26 10:31:00,CE,ATM+1,5.371189,15697350,26150.0,26094.55,49.35,50.95,49.1,50.55,477150,1766725260
2025-12-26 10:32:00,CE,ATM+1,5.479164,15697350,26150.0,26088.75,50.45,50.55,48.15,49.25,535950,1766725320
2025-12-26 10:33:00,CE,ATM+1,5.432616,15697350,26150.0,26091.5,49.4,50.6,49.2,49.9,373050,1766725380
2025-12-26 10:34:00,CE,ATM+1,5.388051,15745950,26150.0,26089.9,49.85,49.9,48.4,48.7,292125,1766725440
2025-12-26 10:35:00,CE,ATM+1,5.3899,15745950,26150.0,26089.4,48.75,48.75,47.65,48.5,424575,1766725500
2025-12-26 10:36:00,CE,ATM+1,5.378291,15745950,26150.0,26091.35,48.65,49.85,48.5,49.2,325350,1766725560
2025-12-26 10:37:00,CE,ATM+1,5.370195,15756675,26150.0,26089.25,49.35,50.0,48.0,48.2,380925,1766725620
2025-12-26 10:38:00,CE,ATM+1,5.574959,15756675,26150.0,26083.2,48.3,48.45,47.2,47.95,492225,1766725680
2025-12-26 10:39:00,CE,ATM+1,5.468817,15756675,26150.0,26092.15,47.85,50.55,47.6,50.55,484800,1766725740
2025-12-26 10:40:00,CE,ATM+1,5.393878,15548100,26150.0,26091.7,50.6,51.5,49.35,49.5,882075,1766725800
2025-12-26 10:41:00,CE,ATM+1,5.444465,15548100,26150.0,26091.55,49.4,50.0,48.45,50.0,319950,1766725860
2025-12-26 10:42:00,CE,ATM+1,5.3878,15548100,26150.0,26094.75,49.9,51.0,49.9,50.75,494100,1766725920
2025-12-26 10:43:00,CE,ATM+1,5.305473,15695925,26150.0,26091.05,50.55,50.8,47.85,48.2,537150,1766725980
2025-12-26 10:44:00,CE,ATM+1,5.275465,15695925,26150.0,26093.35,48.6,49.35,48.05,48.85,314550,1766726040
2025-12-26 10:45:00,CE,ATM+1,5.440469,15695925,26150.0,26086.45,48.8,49.5,47.25,47.75,411450,1766726100
2025-12-26 10:46:00,CE,ATM+1,5.433997,15824475,26150.0,26089.35,47.7,49.2,47.5,48.9,316125,1766726160
2025-12-26 10:47:00,CE,ATM+1,5.433837,15824475,26150.0,26088.55,48.9,49.3,48.4,48.55,200775,1766726220
2025-12-26 10:48:00,CE,ATM+1,5.402296,15824475,26150.0,26089.75,48.5,49.75,48.45,48.7,236550,1766726280
2025-12-26 10:49:00,CE,ATM+1,5.490818,15805125,26150.0,26088.25,48.8,49.15,47.5,49.05,438975,1766726340
2025-12-26 10:50:00,CE,ATM+1,5.46452,15805125,26150.0,26087.55,49.1,49.4,48.3,48.45,179475,1766726400
2025-12-26 10:51:00,CE,ATM+1,5.444588,15805125,26150.0,26086.2,48.65,48.65,47.5,47.65,365400,1766726460
2025-12-26 10:52:00,CE,ATM+1,5.430703,15765225,26150.0,26089.3,47.7,48.9,47.55,48.8,221850,1766726520
2025-12-26 10:53:00,CE,ATM+1,5.423515,15765225,26150.0,26091.25,49.1,50.4,48.6,49.55,576375,1766726580
2025-12-26 10:54:00,CE,ATM+1,5.459211,15765225,26150.0,26089.75,49.7,49.95,48.75,49.3,235275,1766726640
2025-12-26 10:55:00,CE,ATM+1,5.462623,15650025,26150.0,26087.8,49.15,49.3,48.0,48.5,241500,1766726700
2025-12-26 10:56:00,CE,ATM+1,5.527037,15650025,26150.0,26083.95,48.45,48.5,46.05,47.6,1026675,1766726760
2025-12-26 10:57:00,CE,ATM+1,5.476291,15650025,26150.0,26085.45,47.7,48.1,47.25,47.65,250875,1766726820
2025-12-26 10:58:00,CE,ATM+1,5.471705,15621750,26150.0,26090.65,47.45,50.05,47.45,49.8,567825,1766726880
2025-12-26 10:59:00,CE,ATM+1,5.459126,15621750,26150.0,26089.6,49.9,51.35,48.95,49.2,783675,1766726940
2025-12-26 11:00:00,CE,ATM+1,5.365114,15621750,26150.0,26089.05,49.2,49.5,47.8,47.9,388275,1766727000
2025-12-26 11:01:00,CE,ATM+1,5.491883,15578625,26150.0,26092.25,47.95,50.85,47.9,50.7,490350,1766727060
2025-12-26 11:02:00,CE,ATM+1,5.454569,15578625,26150.0,26088.95,50.6,50.7,48.0,48.85,429975,1766727120
2025-12-26 11:03:00,CE,ATM+1,5.480597,15578625,26150.0,26089.1,48.8,49.8,48.4,49.2,300300,1766727180
2025-12-26 11:04:00,CE,ATM+1,5.494867,15607125,26150.0,26087.8,49.2,49.4,48.3,48.8,222450,1766727240
2025-12-26 11:05:00,CE,ATM+1,5.462235,15607125,26150.0,26084.4,48.7,48.8,46.9,47.0,598650,1766727300
2025-12-26 11:06:00,CE,ATM+1,5.459119,15607125,26150.0,26083.05,47.05,47.8,46.3,46.4,829950,1766727360
2025-12-26 11:07:00,CE,ATM+1,5.431498,16410000,26150.0,26079.4,46.3,46.65,44.4,44.6,1654875,1766727420
2025-12-26 11:08:00,CE,ATM+1,5.435842,16410000,26150.0,26075.65,44.6,44.7,43.0,43.15,1515750,1766727480
2025-12-26 11:09:00,CE,ATM+1,5.227552,16410000,26150.0,26078.45,43.5,44.15,41.95,41.95,934800,1766727540
2025-12-26 11:10:00,CE,ATM+1,5.3232,16828200,26150.0,26078.7,42.5,43.3,41.95,43.1,787275,1766727600
2025-12-26 11:11:00,CE,ATM+1,5.29884,16828200,26150.0,26075.85,43.05,43.15,41.65,41.7,589425,1766727660
2025-12-26 11:12:00,CE,ATM+1,5.27184,21405075,26100.0,26069.5,62.4,62.5,60.65,60.75,2346600,1766727720
2025-12-26 11:13:00,CE,ATM+1,5.197395,22481775,26100.0,26070.9,60.55,60.95,59.8,60.6,3183600,1766727780
2025-12-26 11:14:00,CE,ATM+1,5.258146,22481775,26100.0,26072.3,60.85,62.85,60.6,62.0,1710300,1766727840
2025-12-26 11:15:00,CE,ATM+1,5.343984,22481775,26100.0,26067.8,62.15,62.45,60.55,60.7,799425,1766727900
2025-12-26 11:16:00,CE,ATM+1,5.422138,23233350,26100.0,26064.7,60.75,61.25,59.65,60.05,1285875,1766727960
2025-12-26 11:17:00,CE,ATM+1,5.362617,23233350,26100.0,26066.9,60.05,61.2,59.9,60.45,948150,1766728020
2025-12-26 11:18:00,CE,ATM+1,5.475562,23233350,26100.0,26064.2,60.35,61.25,60.1,60.4,815400,1766728080
2025-12-26 11:19:00,CE,ATM+1,5.423981,24081525,26100.0,26064.6,60.35,60.65,59.35,60.0,1443300,1766728140
2025-12-26 11:20:00,CE,ATM+1,5.377006,24081525,26100.0,26065.4,59.9,60.25,58.85,59.85,1395450,1766728200
2025-12-26 11:21:00,CE,ATM+1,5.381897,24081525,26100.0,26065.2,59.7,60.2,59.55,59.8,623025,1766728260
2025-12-26 11:22:00,CE,ATM+1,5.431821,24928500,26100.0,26063.85,60.0,60.2,59.5,59.7,634350,1766728320
2025-12-26 11:23:00,CE,ATM+1,5.503695,24928500,26100.0,26059.9,59.6,59.95,58.1,58.6,1246500,1766728380
2025-12-26 11:24:00,CE,ATM+1,5.467211,24928500,26100.0,26062.95,58.35,60.15,58.35,59.65,855675,1766728440
2025-12-26 11:25:00,CE,ATM+1,5.308514,25412325,26100.0,26066.65,59.7,60.1,59.2,59.65,1001325,1766728500
2025-12-26 11:26:00,CE,ATM+1,5.283029,25412325,26100.0,26067.25,59.95,60.5,59.65,59.65,1233300,1766728560
2025-12-26 11:27:00,CE,ATM+1,5.364411,25412325,26100.0,26066.3,60.0,60.3,59.45,60.1,696525,1766728620
2025-12-26 11:28:00,CE,ATM+1,5.427595,25803600,26100.0,26064.65,60.15,60.25,59.5,60.0,392400,1766728680
2025-12-26 11:29:00,CE,ATM+1,5.441536,25803600,26100.0,26064.85,60.0,60.4,59.5,60.25,420600,1766728740
2025-12-26 11:30:00,CE,ATM+1,5.47071,25803600,26100.0,26062.65,60.1,60.6,58.85,59.5,1002300,1766728800
2025-12-26 11:31:00,CE,ATM+1,5.440531,25977825,26100.0,26062.55,59.35,59.6,58.4,59.1,583125,1766728860
2025-12-26 11:32:00,CE,ATM+1,5.387897,25977825,26100.0,26059.45,59.1,59.2,57.0,57.0,1204275,1766728920
2025-12-26 11:33:00,CE,ATM+1,5.492171,25977825,26100.0,26060.95,56.8,58.95,56.55,58.9,1533600,1766728980
2025-12-26 11:34:00,CE,ATM+1,5.567942,26079600,26100.0,26057.8,58.95,59.2,57.15,58.25,869325,1766729040
2025-12-26 11:35:00,CE,ATM+1,5.612663,26079600,26100.0,26055.25,58.25,58.25,57.1,57.55,582750,1766729100
2025-12-26 11:36:00,CE,ATM+1,5.653519,26079600,26100.0,26056.3,57.55,58.55,57.05,58.5,750525,1766729160
2025-12-26 11:37:00,CE,ATM+1,5.586768,26333175,26100.0,26057.5,58.25,58.55,57.25,58.3,636675,1766729220
2025-12-26 11:38:00,CE,ATM+1,5.718658,26333175,26100.0,26053.25,58.2,58.3,57.3,57.8,418050,1766729280
2025-12-26 11:39:00,CE,ATM+1,5.655487,26333175,26100.0,26054.7,57.95,58.3,57.7,57.75,397200,1766729340
2025-12-26 11:40:00,CE,ATM+1,5.617388,26482875,26100.0,26055.0,57.75,58.55,57.05,57.45,825600,1766729400
2025-12-26 11:41:00,CE,ATM+1,5.67405,26482875,26100.0,26053.85,57.4,57.7,57.1,57.55,481200,1766729460
2025-12-26 11:42:00,CE,ATM+1,5.684428,26482875,26100.0,26054.15,57.3,57.9,56.6,57.8,759900,1766729520
2025-12-26 11:43:00,CE,ATM+1,5.713995,26813550,26100.0,26050.95,57.6,58.0,56.65,56.65,543750,1766729580
2025-12-26 11:44:00,CE,ATM+1,5.771157,26813550,26100.0,26052.6,56.55,58.3,56.55,58.05,874500,1766729640
2025-12-26 11:45:00,CE,ATM+1,5.825996,26813550,26100.0,26051.05,57.9,58.15,57.45,57.95,538500,1766729700
2025-12-26 11:46:00,CE,ATM+1,5.771435,27045075,26100.0,26051.65,57.95,58.1,56.9,57.6,693525,1766729760
2025-12-26 11:47:00,CE,ATM+1,5.83329,27045075,26100.0,26049.7,57.45,57.75,57.05,57.4,365625,1766729820
2025-12-26 11:48:00,CE,ATM+1,5.774069,27045075,26100.0,26051.4,57.25,57.75,56.9,57.5,474825,1766729880
2025-12-26 11:49:00,CE,ATM+1,5.861388,27192075,26100.0,26050.35,57.45,58.1,57.3,58.0,523800,1766729940
2025-12-26 11:50:00,CE,ATM+1,5.793079,27192075,26100.0,26052.7,58.0,58.5,57.55,58.3,611700,1766730000
2025-12-26 11:51:00,CE,ATM+1,5.765226,27192075,26100.0,26054.15,58.1,59.0,58.1,58.65,811950,1766730060
2025-12-26 11:52:00,CE,ATM+1,5.722322,27464100,26100.0,26053.6,58.5,59.1,57.9,57.9,882075,1766730120
2025-12-26 11:53:00,CE,ATM+1,5.775263,27464100,26100.0,26053.4,57.95,58.5,57.0,58.4,638400,1766730180
2025-12-26 11:54:00,CE,ATM+1,5.798904,27464100,26100.0,26053.7,58.35,58.9,58.25,58.8,378300,1766730240
2025-12-26 11:55:00,CE,ATM+1,5.73427,27658050,26100.0,26055.5,58.65,58.95,58.15,58.9,345900,1766730300
2025-12-26 11:56:00,CE,ATM+1,5.689445,27658050,26100.0,26057.55,59.2,59.4,58.4,59.35,896550,1766730360
2025-12-26 11:57:00,CE,ATM+1,5.625,27658050,26100.0,26060.15,59.35,59.85,58.95,59.85,879150,1766730420
2025-12-26 11:58:00,CE,ATM+1,5.70596,27837900,26100.0,26056.55,59.9,60.2,58.65,59.05,1226775,1766730480
2025-12-26 11:59:00,CE,ATM+1,5.689252,27837900,26100.0,26056.65,58.9,59.3,58.75,58.9,458775,1766730540
2025-12-26 12:00:00,CE,ATM+1,5.67173,27837900,26100.0,26055.6,58.85,59.7,57.9,58.2,717600,1766730600
2025-12-26 12:01:00,CE,ATM+1,5.626241,28005375,26100.0,26055.65,58.3,59.15,57.7,57.7,604875,1766730660
2025-12-26 12:02:00,CE,ATM+1,5.653645,28005375,26100.0,26056.6,57.5,58.7,57.5,58.45,530775,1766730720
2025-12-26 12:03:00,CE,ATM+1,5.616617,28005375,26100.0,26057.4,58.35,59.1,57.9,58.4,521175,1766730780
2025-12-26 12:04:00,CE,ATM+1,5.733714,28215900,26100.0,26052.0,58.6,58.6,57.15,57.2,746400,1766730840
2025-12-26 12:05:00,CE,ATM+1,5.659155,28215900,26100.0,26055.45,57.15,58.4,55.45,57.95,1716750,1766730900
2025-12-26 12:06:00,CE,ATM+1,5.661303,28215900,26100.0,26053.05,57.8,58.65,55.95,56.85,945150,1766730960
2025-12-26 12:07:00,CE,ATM+1,5.650214,28219575,26100.0,26054.95,57.25,58.0,56.45,57.6,464475,1766731020
2025-12-26 12:08:00,CE,ATM+1,5.644363,28219575,26100.0,26054.25,57.5,57.6,56.75,57.2,319200,1766731080
2025-12-26 12:09:00,CE,ATM+1,5.641497,28219575,26100.0,26055.3,57.35,57.95,57.2,57.65,309975,1766731140
2025-12-26 12:10:00,CE,ATM+1,5.576127,28382550,26100.0,26056.15,57.6,58.35,57.2,57.3,547050,1766731200
2025-12-26 12:11:00,CE,ATM+1,5.563799,28382550,26100.0,26057.1,57.1,57.85,57.0,57.6,336975,1766731260
2025-12-26 12:12:00,CE,ATM+1,5.562261,28382550,26100.0,26059.05,57.65,58.5,57.55,58.5,552675,1766731320
2025-12-26 12:13:00,CE,ATM+1,5.526115,28382550,26100.0,26060.55,58.5,58.8,57.55,58.8,495525,1766731380
2025-12-26 12:14:00,CE,ATM+1,5.500435,28408800,26100.0,26062.0,58.7,59.55,58.5,59.2,988125,1766731440
2025-12-26 12:15:00,CE,ATM+1,5.529174,28408800,26100.0,26060.3,59.35,59.35,58.0,58.7,743625,1766731500
2025-12-26 12:16:00,CE,ATM+1,5.493674,28408800,26100.0,26061.05,59.0,59.3,58.35,58.65,506625,1766731560
2025-12-26 12:17:00,CE,ATM+1,5.500423,28503750,26100.0,26059.55,58.7,58.8,57.5,58.0,549825,1766731620
2025-12-26 12:18:00,CE,ATM+1,5.485417,28503750,26100.0,26062.0,57.75,59.05,57.65,59.0,451350,1766731680
2025-12-26 12:19:00,CE,ATM+1,5.377533,28503750,26100.0,26065.55,58.9,59.75,58.1,59.5,603375,1766731740
2025-12-26 12:20:00,CE,ATM+1,5.404263,28535325,26100.0,26062.9,59.5,59.5,58.4,58.5,619575,1766731800
2025-12-26 12:21:00,CE,ATM+1,5.413531,28535325,26100.0,26060.0,58.2,58.5,56.65,57.2,859500,1766731860
2025-12-26 12:22:00,CE,ATM+1,5.370678,28535325,26100.0,26050.65,56.85,57.55,52.15,52.35,2632275,1766731920
2025-12-26 12:23:00,CE,ATM+1,5.44036,28500975,26100.0,26055.9,52.7,55.7,52.35,55.55,1659000,1766731980
2025-12-26 12:24:00,CE,ATM+1,5.364714,28500975,26100.0,26057.95,55.9,56.4,55.45,55.65,935625,1766732040
2025-12-26 12:25:00,CE,ATM+1,5.307981,28500975,26100.0,26059.95,55.75,56.45,55.3,55.95,631800,1766732100
2025-12-26 12:26:00,CE,ATM+1,5.382281,28478925,26100.0,26061.75,56.25,58.35,55.95,57.65,992775,1766732160
2025-12-26 12:27:00,CE,ATM+1,5.385146,28478925,26100.0,26060.45,57.65,58.0,56.9,57.05,630525,1766732220
2025-12-26 12:28:00,CE,ATM+1,5.375588,28478925,26100.0,26057.75,57.15,57.2,55.6,55.65,569325,1766732280
2025-12-26 12:29:00,CE,ATM+1,5.342044,28534050,26100.0,26059.2,56.1,56.7,55.65,55.95,396150,1766732340
2025-12-26 12:30:00,CE,ATM+1,5.347265,28534050,26100.0,26055.05,55.95,56.2,54.05,54.05,916500,1766732400
2025-12-26 12:31:00,CE,ATM+1,5.326115,28534050,26100.0,26052.55,54.05,54.15,52.65,52.65,1198875,1766732460
2025-12-26 12:32:00,CE,ATM+1,5.33516,28724700,26100.0,26048.7,52.55,52.65,50.9,51.0,2602425,1766732520
2025-12-26 12:33:00,CE,ATM+1,5.435396,28724700,26100.0,26042.65,51.0,51.8,48.8,49.45,2202750,1766732580
2025-12-26 12:34:00,CE,ATM+1,5.429504,28724700,26100.0,26045.9,49.7,51.0,49.45,50.8,1543800,1766732640
2025-12-26 12:35:00,CE,ATM+1,5.482248,28755300,26100.0,26042.05,50.8,50.85,49.5,49.7,1042650,1766732700
2025-12-26 12:36:00,CE,ATM+1,5.472238,28755300,26100.0,26039.65,49.8,50.3,48.55,48.55,1304925,1766732760
2025-12-26 12:37:00,CE,ATM+1,5.593257,28755300,26100.0,26039.2,48.65,50.05,48.55,49.7,1148850,1766732820
2025-12-26 12:38:00,CE,ATM+1,5.707016,29040300,26100.0,26036.35,49.5,49.9,48.8,49.75,1753950,1766732880
2025-12-26 12:39:00,CE,ATM+1,5.558066,29040300,26100.0,26039.8,49.75,49.85,49.0,49.55,1641300,1766732940
2025-12-26 12:40:00,CE,ATM+1,5.556098,29040300,26100.0,26039.4,49.4,50.05,49.25,49.35,776175,1766733000
2025-12-26 12:41:00,CE,ATM+1,5.587973,28521450,26100.0,26035.5,49.1,49.45,47.5,48.05,2177850,1766733060
2025-12-26 12:42:00,CE,ATM+1,5.540696,28521450,26100.0,26036.65,48.05,48.45,47.3,48.0,1676175,1766733120
2025-12-26 12:43:00,CE,ATM+1,5.506638,28521450,26100.0,26039.1,48.1,48.95,48.0,48.65,732825,1766733180
2025-12-26 12:44:00,CE,ATM+1,5.515323,27483825,26100.0,26038.3,48.6,48.7,48.2,48.4,568425,1766733240
2025-12-26 12:45:00,CE,ATM+1,5.570071,27483825,26100.0,26037.35,48.45,48.75,47.9,48.6,663000,1766733300
2025-12-26 12:46:00,CE,ATM+1,5.518899,27483825,26100.0,26039.65,48.55,49.1,48.35,49.0,486075,1766733360
2025-12-26 12:47:00,CE,ATM+1,5.585532,27434400,26100.0,26037.45,49.15,49.2,48.6,48.8,377625,1766733420
2025-12-26 12:48:00,CE,ATM+1,5.555866,27434400,26100.0,26037.3,48.75,48.95,48.25,48.4,363675,1766733480
2025-12-26 12:49:00,CE,ATM+1,5.553756,27434400,26100.0,26038.2,48.35,49.25,48.35,48.75,392250,1766733540
2025-12-26 12:50:00,CE,ATM+1,5.588173,27427800,26100.0,26036.6,48.7,48.8,48.25,48.45,414075,1766733600
2025-12-26 12:51:00,CE,ATM+1,5.597548,27427800,26100.0,26036.25,48.4,48.65,47.9,48.4,446625,1766733660
2025-12-26 12:52:00,CE,ATM+1,5.529026,27427800,26100.0,26039.25,48.85,49.15,48.4,48.9,419175,1766733720
2025-12-26 12:53:00,CE,ATM+1,5.543848,27400650,26100.0,26039.7,48.85,49.5,48.85,49.25,822225,1766733780
2025-12-26 12:54:00,CE,ATM+1,5.520144,27400650,26100.0,26040.45,49.0,49.3,48.8,49.3,457650,1766733840
2025-12-26 12:55:00,CE,ATM+1,5.5705,27400650,26100.0,26038.45,49.15,49.3,48.9,49.0,250200,1766733900
2025-12-26 12:56:00,CE,ATM+1,5.522692,27588600,26100.0,26040.3,49.1,49.35,48.8,49.25,326850,1766733960
2025-12-26 12:57:00,CE,ATM+1,5.597775,27588600,26100.0,26037.65,49.05,49.25,48.5,48.95,300525,1766734020
2025-12-26 12:58:00,CE,ATM+1,5.602724,27588600,26100.0,26037.3,48.85,48.95,48.55,48.85,225000,1766734080
2025-12-26 12:59:00,CE,ATM+1,5.565803,27589875,26100.0,26038.05,48.85,49.0,48.7,48.75,242925,1766734140
2025-12-26 13:00:00,CE,ATM+1,5.560848,27589875,26100.0,26037.25,48.8,48.95,48.1,48.35,355275,1766734200
2025-12-26 13:01:00,CE,ATM+1,5.55372,27589875,26100.0,26038.4,47.9,49.45,47.9,48.75,887175,1766734260
2025-12-26 13:02:00,CE,ATM+1,5.590362,27425400,26100.0,26035.55,48.65,48.75,47.7,47.95,531750,1766734320
2025-12-26 13:03:00,CE,ATM+1,5.613105,27425400,26100.0,26034.0,47.95,48.9,47.45,47.55,673425,1766734380
2025-12-26 13:04:00,CE,ATM+1,5.634154,27425400,26100.0,26034.3,47.7,48.2,47.0,47.9,906375,1766734440
2025-12-26 13:05:00,CE,ATM+1,5.686634,27462075,26100.0,26031.7,47.85,48.0,47.3,47.4,363675,1766734500
2025-12-26 13:06:00,CE,ATM+1,5.667891,27462075,26100.0,26032.95,47.4,47.9,46.05,47.7,923775,1766734560
2025-12-26 13:07:00,CE,ATM+1,5.614233,27462075,26100.0,26035.6,47.5,48.4,47.05,48.2,615000,1766734620
2025-12-26 13:08:00,CE,ATM+1,5.61904,27435300,26100.0,26035.25,48.1,48.45,47.55,48.1,359175,1766734680
2025-12-26 13:09:00,CE,ATM+1,5.601597,27435300,26100.0,26035.25,48.2,48.2,47.3,47.9,373950,1766734740
2025-12-26 13:10:00,CE,ATM+1,5.603731,27435300,26100.0,26035.45,47.95,48.5,47.7,48.0,377250,1766734800
2025-12-26 13:11:00,CE,ATM+1,5.532347,27528300,26100.0,26038.3,48.25,48.55,47.4,48.4,455925,1766734860
2025-12-26 13:12:00,CE,ATM+1,5.51547,27528300,26100.0,26038.05,48.5,48.5,47.8,48.1,295650,1766734920
2025-12-26 13:13:00,CE,ATM+1,5.548721,27528300,26100.0,26036.0,47.9,48.65,47.4,47.6,461100,1766734980
2025-12-26 13:14:00,CE,ATM+1,5.446673,27638100,26100.0,26041.75,47.7,49.15,47.55,48.9,831225,1766735040
2025-12-26 13:15:00,CE,ATM+1,5.335817,27638100,26100.0,26046.55,48.85,49.75,48.4,49.75,932325,1766735100
2025-12-26 13:16:00,CE,ATM+1,5.33425,27638100,26100.0,26044.9,49.75,49.85,48.8,49.0,795750,1766735160
2025-12-26 13:17:00,CE,ATM+1,5.264473,27855075,26100.0,26046.35,48.95,49.45,48.75,48.85,488550,1766735220
2025-12-26 13:18:00,CE,ATM+1,5.314105,27855075,26100.0,26043.15,48.95,49.0,47.65,48.0,621225,1766735280
2025-12-26 13:19:00,CE,ATM+1,5.284761,27855075,26100.0,26047.0,48.0,49.6,48.0,49.35,446250,1766735340
2025-12-26 13:20:00,CE,ATM+1,5.26406,27829050,26100.0,26047.2,49.2,49.35,48.8,49.2,386325,1766735400
2025-12-26 13:21:00,CE,ATM+1,5.278545,27829050,26100.0,26048.65,49.1,50.05,49.1,50.0,763500,1766735460
2025-12-26 13:22:00,CE,ATM+1,5.192407,27829050,26100.0,26050.15,49.95,50.3,49.5,49.7,691200,1766735520
2025-12-26 13:23:00,CE,ATM+1,5.310619,27942300,26100.0,26047.2,49.6,49.9,49.05,49.7,407325,1766735580
2025-12-26 13:24:00,CE,ATM+1,5.319284,27942300,26100.0,26045.75,49.7,49.8,48.7,49.15,405450,1766735640
2025-12-26 13:25:00,CE,ATM+1,5.29545,27942300,26100.0,26047.05,49.15,49.75,48.75,49.45,341250,1766735700
2025-12-26 13:26:00,CE,ATM+1,5.240494,27937950,26100.0,26047.55,49.5,49.5,48.85,49.05,255150,1766735760
2025-12-26 13:27:00,CE,ATM+1,5.278875,27937950,26100.0,26047.95,48.9,49.8,48.8,49.65,339825,1766735820
2025-12-26 13:28:00,CE,ATM+1,5.374672,27937950,26100.0,26048.7,49.75,51.25,49.65,51.05,1151550,1766735880
2025-12-26 13:29:00,CE,ATM+1,5.329122,27811125,26100.0,26048.85,50.95,51.65,50.35,50.6,635475,1766735940
2025-12-26 13:30:00,CE,ATM+1,5.398372,27811125,26100.0,26048.25,50.55,51.25,50.4,51.1,627525,1766736000
2025-12-26 13:31:00,CE,ATM+1,5.413982,27811125,26100.0,26047.65,50.95,51.4,50.2,51.0,528000,1766736060
2025-12-26 13:32:00,CE,ATM+1,5.284232,27611625,26100.0,26050.35,51.0,51.3,50.2,50.75,507600,1766736120
2025-12-26 13:33:00,CE,ATM+1,5.33327,27611625,26100.0,26047.35,50.6,50.9,49.75,49.95,628800,1766736180
2025-12-26 13:34:00,CE,ATM+1,5.34558,27611625,26100.0,26046.15,49.85,50.05,49.4,49.55,435675,1766736240
2025-12-26 13:35:00,CE,ATM+1,5.366998,27685275,26100.0,26045.85,49.6,49.75,48.65,49.65,552750,1766736300
2025-12-26 13:36:00,CE,ATM+1,5.363804,27685275,26100.0,26045.15,49.6,49.9,49.1,49.3,351750,1766736360
2025-12-26 13:37:00,CE,ATM+1,5.380244,27685275,26100.0,26043.6,49.45,49.9,48.8,48.8,436650,1766736420
2025-12-26 13:38:00,CE,ATM+1,5.447726,27547050,26100.0,26046.8,48.75,51.0,48.75,50.95,579900,1766736480
2025-12-26 13:39:00,CE,ATM+1,5.386746,27547050,26100.0,26047.45,50.75,51.05,50.25,50.55,550050,1766736540
2025-12-26 13:40:00,CE,ATM+1,5.447318,27547050,26100.0,26044.0,50.6,50.65,49.15,49.7,470925,1766736600
2025-12-26 13:41:00,CE,ATM+1,5.488889,27424125,26100.0,26044.9,49.65,50.8,49.4,50.55,351450,1766736660
2025-12-26 13:42:00,CE,ATM+1,5.453646,27424125,26100.0,26044.9,50.4,50.95,49.5,50.15,361425,1766736720
2025-12-26 13:43:00,CE,ATM+1,5.473505,27424125,26100.0,26045.55,50.0,50.75,49.9,50.65,241275,1766736780
2025-12-26 13:44:00,CE,ATM+1,5.357548,27233550,26100.0,26048.15,50.75,50.85,50.5,50.5,316800,1766736840
2025-12-26 13:45:00,CE,ATM+1,5.275139,27233550,26100.0,26051.55,50.65,51.65,50.5,51.1,741300,1766736900
2025-12-26 13:46:00,CE,ATM+1,5.315068,27233550,26100.0,26047.9,51.0,51.25,49.5,49.9,600075,1766736960
2025-12-26 13:47:00,CE,ATM+1,5.303755,27314175,26100.0,26047.75,49.9,50.1,49.55,49.7,301800,1766737020
2025-12-26 13:48:00,CE,ATM+1,5.388932,27314175,26100.0,26047.2,49.75,51.1,49.65,50.4,351750,1766737080
2025-12-26 13:49:00,CE,ATM+1,5.351196,27314175,26100.0,26048.5,50.35,50.95,50.2,50.55,292050,1766737140
2025-12-26 13:50:00,CE,ATM+1,5.331997,27352650,26100.0,26047.65,50.5,50.7,49.8,49.95,295350,1766737200
2025-12-26 13:51:00,CE,ATM+1,5.324576,27352650,26100.0,26046.95,49.9,50.0,49.1,49.55,454425,1766737260
2025-12-26 13:52:00,CE,ATM+1,5.297878,27352650,26100.0,26047.3,49.7,49.7,48.45,49.4,547425,1766737320
2025-12-26 13:53:00,CE,ATM+1,5.291104,27257025,26100.0,26045.1,49.3,49.85,48.35,48.35,410100,1766737380
2025-12-26 13:54:00,CE,ATM+1,5.283142,27257025,26100.0,26042.9,48.25,48.35,45.75,47.3,1724850,1766737440
2025-12-26 13:55:00,CE,ATM+1,5.28182,27257025,26100.0,26042.95,47.65,47.8,46.7,47.3,647775,1766737500
2025-12-26 13:56:00,CE,ATM+1,5.245247,27284025,26100.0,26045.4,47.45,48.0,47.05,47.95,437550,1766737560
2025-12-26 13:57:00,CE,ATM+1,5.28312,27284025,26100.0,26047.75,47.8,49.65,47.55,49.4,771000,1766737620
2025-12-26 13:58:00,CE,ATM+1,5.275775,27284025,26100.0,26048.4,49.35,49.85,48.85,49.6,440625,1766737680
2025-12-26 13:59:00,CE,ATM+1,5.315238,27280425,26100.0,26047.65,49.35,49.95,49.2,49.7,382725,1766737740
2025-12-26 14:00:00,CE,ATM+1,5.296396,27280425,26100.0,26048.7,49.9,51.15,49.7,49.95,1071975,1766737800
2025-12-26 14:01:00,CE,ATM+1,5.365779,27280425,26100.0,26048.1,50.0,50.45,49.75,50.45,545925,1766737860
2025-12-26 14:02:00,CE,ATM+1,5.327551,27219450,26100.0,26048.4,50.2,50.45,49.85,50.15,367125,1766737920
2025-12-26 14:03:00,CE,ATM+1,5.276358,27219450,26100.0,26048.8,50.1,50.5,49.75,49.75,355800,1766737980
2025-12-26 14:04:00,CE,ATM+1,5.356073,27219450,26100.0,26048.95,49.7,51.0,49.7,50.7,550050,1766738040
2025-12-26 14:05:00,CE,ATM+1,5.420232,27320700,26100.0,26044.75,50.4,50.7,49.35,49.55,608700,1766738100
2025-12-26 14:06:00,CE,ATM+1,5.385602,27320700,26100.0,26046.1,49.6,49.85,48.6,49.75,477900,1766738160
2025-12-26 14:07:00,CE,ATM+1,5.461704,27320700,26100.0,26043.15,49.45,49.8,48.0,49.3,792525,1766738220
2025-12-26 14:08:00,CE,ATM+1,5.438926,27213225,26100.0,26041.55,49.2,49.3,48.25,48.35,377700,1766738280
2025-12-26 14:09:00,CE,ATM+1,5.368515,27213225,26100.0,26040.7,48.4,48.4,46.5,47.2,1133775,1766738340
2025-12-26 14:10:00,CE,ATM+1,5.396738,27213225,26100.0,26036.05,47.3,47.5,44.2,45.55,2349375,1766738400
2025-12-26 14:11:00,CE,ATM+1,5.425071,27141975,26100.0,26038.55,45.75,47.0,45.5,46.9,863925,1766738460
2025-12-26 14:12:00,CE,ATM+1,5.441601,27141975,26100.0,26039.2,47.0,47.6,46.9,47.35,716925,1766738520
2025-12-26 14:13:00,CE,ATM+1,5.455194,27141975,26100.0,26038.15,47.25,47.65,46.55,47.05,526725,1766738580
2025-12-26 14:14:00,CE,ATM+1,5.459956,27222300,26100.0,26042.5,47.2,48.95,47.05,48.95,844350,1766738640
2025-12-26 14:15:00,CE,ATM+1,5.426455,27222300,26100.0,26040.35,48.75,48.95,47.55,47.65,599175,1766738700
2025-12-26 14:16:00,CE,ATM+1,5.421279,27222300,26100.0,26038.85,47.5,47.85,46.95,46.95,399300,1766738760
2025-12-26 14:17:00,CE,ATM+1,5.500435,27455325,26100.0,26034.5,47.15,47.15,45.7,46.0,824250,1766738820
2025-12-26 14:18:00,CE,ATM+1,5.489956,27455325,26100.0,26029.25,45.8,46.0,43.0,43.75,2100075,1766738880
2025-12-26 14:19:00,CE,ATM+1,5.567582,27455325,26100.0,26027.9,43.75,44.2,43.5,44.05,982575,1766738940
2025-12-26 14:20:00,CE,ATM+1,5.515714,13384950,26050.0,26024.85,65.2,65.35,64.15,64.7,808875,1766739000
2025-12-26 14:21:00,CE,ATM+1,5.664565,13384950,26050.0,26020.7,64.5,64.7,62.6,64.25,1370775,1766739060
2025-12-26 14:22:00,CE,ATM+1,5.57519,13384950,26050.0,26022.5,64.4,64.8,63.8,64.15,539175,1766739120
2025-12-26 14:23:00,CE,ATM+1,5.510663,13640400,26050.0,26023.25,64.3,64.85,63.25,63.8,511275,1766739180
2025-12-26 14:24:00,CE,ATM+1,5.547485,13640400,26050.0,26022.65,63.8,64.15,63.65,63.9,269400,1766739240
2025-12-26 14:25:00,CE,ATM+1,5.62957,13640400,26050.0,26020.35,63.6,64.1,63.3,63.65,588825,1766739300
2025-12-26 14:26:00,CE,ATM+1,5.717253,13960275,26050.0,26019.1,63.7,64.2,63.25,64.0,468150,1766739360
2025-12-26 14:27:00,CE,ATM+1,5.627047,13960275,26050.0,26023.1,64.1,65.25,64.0,65.0,703200,1766739420
2025-12-26 14:28:00,CE,ATM+1,5.532816,13960275,26050.0,26024.4,65.0,65.55,64.3,64.6,512475,1766739480
2025-12-26 14:29:00,CE,ATM+1,5.708619,26810475,26100.0,26025.85,43.6,45.0,43.55,44.7,675675,1766739540
2025-12-26 14:30:00,CE,ATM+1,5.714536,14050350,26050.0,26024.45,66.35,66.65,65.3,66.65,671925,1766739600
2025-12-26 14:31:00,CE,ATM+1,5.625663,14050350,26050.0,26022.7,66.7,66.7,64.75,64.75,466425,1766739660
2025-12-26 14:32:00,CE,ATM+1,5.659366,14081325,26050.0,26023.15,64.85,65.75,64.55,65.35,371775,1766739720
2025-12-26 14:33:00,CE,ATM+1,5.819675,14081325,26050.0,26017.2,65.35,65.7,64.15,64.15,439200,1766739780
2025-12-26 14:34:00,CE,ATM+1,5.836221,14081325,26050.0,26018.05,64.2,64.75,63.6,64.75,497700,1766739840
2025-12-26 14:35:00,CE,ATM+1,5.939538,14002875,26050.0,26014.5,64.75,65.15,64.15,64.15,351900,1766739900
2025-12-26 14:36:00,CE,ATM+1,5.864449,14002875,26050.0,26018.95,64.3,66.0,64.15,65.5,525825,1766739960
2025-12-26 14:37:00,CE,ATM+1,5.907474,14002875,26050.0,26018.8,65.35,66.25,65.35,65.9,411900,1766740020
2025-12-26 14:38:00,CE,ATM+1,5.859044,13875825,26050.0,26020.1,65.9,66.4,65.8,66.0,407775,1766740080
2025-12-26 14:39:00,CE,ATM+1,5.886597,13875825,26050.0,26019.1,66.05,66.4,65.4,65.8,340125,1766740140
2025-12-26 14:40:00,CE,ATM+1,5.917901,13875825,26050.0,26016.7,65.85,66.25,64.9,64.95,463650,1766740200
2025-12-26 14:41:00,CE,ATM+1,5.820974,13833600,26050.0,26020.3,64.8,65.9,64.8,65.65,287025,1766740260
2025-12-26 14:42:00,CE,ATM+1,5.910811,13833600,26050.0,26017.8,65.6,66.0,65.3,65.4,326475,1766740320
2025-12-26 14:43:00,CE,ATM+1,5.867099,13833600,26050.0,26018.9,65.5,65.85,65.05,65.45,318000,1766740380
2025-12-26 14:44:00,CE,ATM+1,5.963267,13800825,26050.0,26017.15,65.5,66.05,65.3,65.65,345075,1766740440
2025-12-26 14:45:00,CE,ATM+1,5.869848,13800825,26050.0,26021.95,66.15,67.2,65.65,67.0,1043700,1766740500
2025-12-26 14:46:00,CE,ATM+1,5.924891,13800825,26050.0,26019.75,67.15,67.55,65.85,66.5,664575,1766740560
2025-12-26 14:47:00,CE,ATM+1,6.011669,13516575,26050.0,26016.1,66.5,66.55,65.3,65.65,411300,1766740620
2025-12-26 14:48:00,CE,ATM+1,6.003184,13516575,26050.0,26015.7,65.6,66.2,65.25,65.35,312000,1766740680
2025-12-26 14:49:00,CE,ATM+1,6.049064,13516575,26050.0,26012.1,65.45,65.45,63.75,64.1,644850,1766740740
2025-12-26 14:50:00,CE,ATM+1,6.146471,13545300,26050.0,26011.1,64.1,65.0,63.9,64.7,543675,1766740800
2025-12-26 14:51:00,CE,ATM+1,6.181556,13545300,26050.0,26011.65,64.75,65.35,64.6,65.35,383325,1766740860
2025-12-26 14:52:00,CE,ATM+1,5.931369,13545300,26050.0,26018.7,65.05,66.3,64.95,66.0,570300,1766740920
2025-12-26 14:53:00,CE,ATM+1,5.889386,13522875,26050.0,26020.85,65.8,66.75,65.8,66.6,464175,1766740980
2025-12-26 14:54:00,CE,ATM+1,5.963958,13522875,26050.0,26018.3,66.6,66.75,65.5,66.15,320250,1766741040
2025-12-26 14:55:00,CE,ATM+1,5.946883,13522875,26050.0,26019.3,66.15,66.7,65.9,66.45,292800,1766741100
2025-12-26 14:56:00,CE,ATM+1,5.839665,13436325,26050.0,26021.9,66.3,66.8,66.25,66.55,331800,1766741160
2025-12-26 14:57:00,CE,ATM+1,5.852969,13436325,26050.0,26023.0,66.55,67.9,66.55,67.25,750900,1766741220
2025-12-26 14:58:00,CE,ATM+1,5.810958,25413000,26100.0,26027.85,45.85,46.55,45.25,46.4,816675,1766741280
2025-12-26 14:59:00,CE,ATM+1,5.744543,24807975,26100.0,26039.3,46.5,50.4,46.4,50.4,2484225,1766741340
2025-12-26 15:00:00,CE,ATM+1,5.598182,24807975,26100.0,26040.05,50.1,50.4,48.25,49.1,2164425,1766741400
2025-12-26 15:01:00,CE,ATM+1,5.627377,24807975,26100.0,26040.25,49.05,49.65,47.9,49.5,1716675,1766741460
2025-12-26 15:02:00,CE,ATM+1,5.607791,24173625,26100.0,26042.05,49.35,50.6,48.4,50.05,1690950,1766741520
2025-12-26 15:03:00,CE,ATM+1,5.670085,24173625,26100.0,26039.65,49.85,50.05,49.1,49.7,867525,1766741580
2025-12-26 15:04:00,CE,ATM+1,5.705939,24173625,26100.0,26038.15,49.6,49.85,49.2,49.45,917775,1766741640
2025-12-26 15:05:00,CE,ATM+1,5.57943,23679000,26100.0,26041.55,49.3,50.15,49.3,49.5,909225,1766741700
2025-12-26 15:06:00,CE,ATM+1,5.557284,23679000,26100.0,26042.25,49.3,49.7,49.1,49.55,669525,1766741760
2025-12-26 15:07:00,CE,ATM+1,5.559148,23679000,26100.0,26039.65,49.6,50.1,47.9,48.45,1118025,1766741820
2025-12-26 15:08:00,CE,ATM+1,5.629878,23183100,26100.0,26039.6,48.15,49.4,47.75,49.2,897675,1766741880
2025-12-26 15:09:00,CE,ATM+1,5.431242,23183100,26100.0,26046.3,49.1,49.9,48.75,49.9,827550,1766741940
2025-12-26 15:10:00,CE,ATM+1,5.490633,23183100,26100.0,26043.9,49.8,50.0,49.0,49.5,1079025,1766742000
2025-12-26 15:11:00,CE,ATM+1,5.467394,22631025,26100.0,26044.85,49.6,49.8,49.15,49.65,532725,1766742060
2025-12-26 15:12:00,CE,ATM+1,5.45302,22631025,26100.0,26045.8,49.6,50.0,49.35,49.9,939975,1766742120
2025-12-26 15:13:00,CE,ATM+1,5.379396,22631025,26100.0,26043.9,49.85,49.9,48.0,48.25,1065975,1766742180
2025-12-26 15:14:00,CE,ATM+1,5.325054,21808800,26100.0,26048.25,48.25,49.55,48.25,49.55,709725,1766742240
2025-12-26 15:15:00,CE,ATM+1,5.491678,21808800,26100.0,26040.0,49.65,49.8,47.15,47.8,1601550,1766742300
2025-12-26 15:16:00,CE,ATM+1,5.587277,21808800,26100.0,26037.65,47.8,47.95,46.8,47.85,1179000,1766742360
2025-12-26 15:17:00,CE,ATM+1,5.632211,21146775,26100.0,26035.05,47.65,47.85,47.0,47.25,706875,1766742420
2025-12-26 15:18:00,CE,ATM+1,5.560028,21146775,26100.0,26037.8,47.3,47.8,46.55,47.6,892425,1766742480
2025-12-26 15:19:00,CE,ATM+1,5.528844,21146775,26100.0,26040.75,47.35,48.6,47.35,48.5,832200,1766742540
2025-12-26 15:20:00,CE,ATM+1,5.538606,20160225,26100.0,26041.45,48.75,49.35,48.35,48.9,1087425,1766742600
2025-12-26 15:21:00,CE,ATM+1,5.65617,20160225,26100.0,26038.55,48.9,49.45,48.55,48.95,809100,1766742660
2025-12-26 15:22:00,CE,ATM+1,5.538539,20160225,26100.0,26040.55,49.0,49.1,48.4,48.5,1028175,1766742720
2025-12-26 15:23:00,CE,ATM+1,5.500874,19338450,26100.0,26040.6,48.65,48.75,48.1,48.1,815925,1766742780
2025-12-26 15:24:00,CE,ATM+1,5.503405,19338450,26100.0,26042.65,48.25,49.0,48.1,49.0,924525,1766742840
2025-12-26 15:25:00,CE,ATM+1,5.522338,19338450,26100.0,26041.95,48.95,49.25,48.75,48.9,1239600,1766742900
2025-12-26 15:26:00,CE,ATM+1,5.477375,18284025,26100.0,26043.0,49.15,49.2,48.55,48.85,992100,1766742960
2025-12-26 15:27:00,CE,ATM+1,5.522364,18284025,26100.0,26041.4,48.85,49.0,48.45,48.65,1012800,1766743020
2025-12-26 15:28:00,CE,ATM+1,5.268012,18284025,26100.0,26047.3,48.8,48.9,48.25,48.4,1453425,1766743080
2025-12-26 15:29:00,CE,ATM+1,5.128126,16638150,26100.0,26047.65,48.5,48.6,47.0,47.0,1835400,1766743140
2025-12-29 09:15:00,CE,ATM+1,8.324898,15490200,26100.0,26067.9,51.0,54.0,40.9,45.25,5712150,1766979900
2025-12-29 09:16:00,CE,ATM+1,8.051176,17436675,26100.0,26068.95,47.15,47.25,42.45,43.9,4966050,1766979960
2025-12-29 09:17:00,CE,ATM+1,8.557494,17436675,26100.0,26052.05,43.5,43.9,39.55,40.1,4226475,1766980020
2025-12-29 09:18:00,CE,ATM+1,8.573756,17436675,26100.0,26058.35,40.65,44.25,40.1,42.75,3293100,1766980080
2025-12-29 09:19:00,CE,ATM+1,8.595443,20226900,26100.0,26050.5,42.95,44.15,39.5,39.7,2999325,1766980140
2025-12-29 09:20:00,CE,ATM+1,8.609387,20226900,26100.0,26048.65,40.2,41.85,38.4,39.05,3186750,1766980200
2025-12-29 09:21:00,CE,ATM+1,8.351841,20226900,26100.0,26053.25,39.35,41.6,38.95,39.2,2350200,1766980260
2025-12-29 09:22:00,CE,ATM+1,8.356311,22236900,26100.0,26055.95,38.75,40.95,38.75,40.3,1504275,1766980320
2025-12-29 09:23:00,CE,ATM+1,8.418686,22236900,26100.0,26061.65,40.15,43.3,40.0,43.05,2581950,1766980380
2025-12-29 09:24:00,CE,ATM+1,8.493238,22236900,26100.0,26059.7,42.4,44.1,40.55,42.7,3060825,1766980440
2025-12-29 09:25:00,CE,ATM+1,8.503363,22908225,26100.0,26055.45,42.25,42.7,40.2,41.0,1974975,1766980500
2025-12-29 09:26:00,CE,ATM+1,8.570255,22908225,26100.0,26057.85,40.9,43.55,39.7,42.4,2649150,1766980560
2025-12-29 09:27:00,CE,ATM+1,8.537069,22908225,26100.0,26052.75,42.5,42.5,40.1,40.1,1377075,1766980620
2025-12-29 09:28:00,CE,ATM+1,8.621184,23836500,26100.0,26060.25,40.15,44.2,40.1,43.7,2983125,1766980680
2025-12-29 09:29:00,CE,ATM+1,8.638465,23836500,26100.0,26052.95,43.7,44.2,40.3,40.8,2434500,1766980740
2025-12-29 09:30:00,CE,ATM+1,8.429049,23836500,26100.0,26060.55,41.0,43.0,40.15,42.55,2440950,1766980800
2025-12-29 09:31:00,CE,ATM+1,8.479108,24055725,26100.0,26060.05,42.35,43.65,41.7,42.65,1990725,1766980860
2025-12-29 09:32:00,CE,ATM+1,8.620911,24055725,26100.0,26067.6,42.35,46.8,41.85,46.8,2750100,1766980920
2025-12-29 09:33:00,CE,ATM+1,8.549939,24055725,26100.0,26072.7,46.6,49.35,46.6,48.6,5962275,1766980980
2025-12-29 09:34:00,CE,ATM+1,8.844693,23489925,26100.0,26074.4,48.95,51.3,47.8,51.3,4430325,1766981040
2025-12-29 09:35:00,CE,ATM+1,8.784155,23489925,26100.0,26073.45,50.65,53.35,49.85,50.45,5371875,1766981100
2025-12-29 09:36:00,CE,ATM+1,8.698502,12888225,26150.0,26077.1,30.65,32.35,30.6,31.7,2440200,1766981160
2025-12-29 09:37:00,CE,ATM+1,8.578082,13257300,26150.0,26075.55,31.5,31.75,30.05,30.45,1518150,1766981220
2025-12-29 09:38:00,CE,ATM+1,8.73759,23289975,26100.0,26070.7,50.35,50.6,48.55,48.85,2381925,1766981280
2025-12-29 09:39:00,CE,ATM+1,8.696617,13257300,26150.0,26075.3,29.4,31.05,29.25,31.05,892275,1766981340
2025-12-29 09:40:00,CE,ATM+1,8.805723,23919300,26100.0,26071.0,51.0,51.4,49.15,49.4,1845825,1766981400
2025-12-29 09:41:00,CE,ATM+1,8.773167,23919300,26100.0,26071.95,49.35,50.45,48.15,49.6,1757325,1766981460
2025-12-29 09:42:00,CE,ATM+1,8.815507,23919300,26100.0,26071.15,49.7,50.5,48.55,49.5,1452075,1766981520
2025-12-29 09:43:00,CE,ATM+1,8.457739,14037825,26150.0,26075.55,29.15,29.9,28.4,29.65,901275,1766981580
2025-12-29 09:44:00,CE,ATM+1,8.226698,14037825,26150.0,26080.4,29.75,30.8,29.65,29.85,1143375,1766981640
2025-12-29 09:45:00,CE,ATM+1,8.087338,14037825,26150.0,26082.5,29.55,30.8,29.55,29.7,1018350,1766981700
2025-12-29 09:46:00,CE,ATM+1,8.06038,14488950,26150.0,26078.95,29.9,30.75,28.35,28.35,1171050,1766981760
2025-12-29 09:47:00,CE,ATM+1,8.083293,14488950,26150.0,26077.8,28.35,28.9,27.75,28.1,1226775,1766981820
2025-12-29 09:48:00,CE,ATM+1,8.105002,14488950,26150.0,26080.35,28.0,29.4,27.45,29.05,1180050,1766981880
2025-12-29 09:49:00,CE,ATM+1,8.111591,14643000,26150.0,26077.05,28.85,29.3,27.95,28.0,1016400,1766981940
2025-12-29 09:50:00,CE,ATM+1,8.036236,14643000,26150.0,26077.7,28.1,28.15,27.05,27.75,1599225,1766982000
2025-12-29 09:51:00,CE,ATM+1,8.076232,14643000,26150.0,26075.75,27.65,27.9,26.7,27.35,1006800,1766982060
2025-12-29 09:52:00,CE,ATM+1,7.966229,26121825,26100.0,26074.05,46.5,46.7,44.6,45.1,1972275,1766982120
2025-12-29 09:53:00,CE,ATM+1,7.973403,26121825,26100.0,26070.75,45.35,47.0,43.55,43.65,1593525,1766982180
2025-12-29 09:54:00,CE,ATM+1,7.572205,26121825,26100.0,26064.2,43.8,44.0,37.8,38.2,5437275,1766982240
2025-12-29 09:55:00,CE,ATM+1,7.721128,26233050,26100.0,26055.65,38.8,38.8,34.3,35.65,6540750,1766982300
2025-12-29 09:56:00,CE,ATM+1,7.660835,26233050,26100.0,26053.6,35.5,36.0,34.25,34.45,3070650,1766982360
2025-12-29 09:57:00,CE,ATM+1,7.575341,26233050,26100.0,26053.35,34.3,35.55,33.55,33.8,2996400,1766982420
2025-12-29 09:58:00,CE,ATM+1,7.56698,27781950,26100.0,26042.45,33.85,34.4,29.7,29.7,5047425,1766982480
2025-12-29 09:59:00,CE,ATM+1,7.518999,27781950,26100.0,26037.25,29.7,30.0,27.55,27.6,5087850,1766982540
2025-12-29 10:00:00,CE,ATM+1,7.80043,27781950,26100.0,26030.7,27.75,27.9,27.0,27.1,3498225,1766982600
2025-12-29 10:01:00,CE,ATM+1,7.757513,27780150,26100.0,26035.0,27.25,29.15,26.85,28.25,3083625,1766982660
2025-12-29 10:02:00,CE,ATM+1,7.754195,27780150,26100.0,26034.35,28.15,29.0,27.7,28.0,1945950,1766982720
2025-12-29 10:03:00,CE,ATM+1,7.807847,27780150,26100.0,26031.45,28.0,28.35,27.35,27.35,1268850,1766982780
2025-12-29 10:04:00,CE,ATM+1,7.714293,28648275,26100.0,26031.5,27.45,27.85,26.7,26.8,1964025,1766982840
2025-12-29 10:05:00,CE,ATM+1,7.754988,28648275,26100.0,26034.15,26.65,27.9,26.0,27.9,1999725,1766982900
2025-12-29 10:06:00,CE,ATM+1,7.857187,28648275,26100.0,26032.35,27.8,28.05,27.05,27.9,1148175,1766982960
2025-12-29 10:07:00,CE,ATM+1,7.840975,28806075,26100.0,26030.85,28.0,28.1,27.2,27.3,1092075,1766983020
2025-12-29 10:08:00,CE,ATM+1,7.777901,28806075,26100.0,26033.25,27.2,27.85,27.1,27.7,718350,1766983080
2025-12-29 10:09:00,CE,ATM+1,7.713262,28806075,26100.0,26034.75,27.5,27.9,26.95,27.8,1098375,1766983140
2025-12-29 10:10:00,CE,ATM+1,7.617539,29120550,26100.0,26036.05,27.85,28.3,27.35,27.65,1060350,1766983200
2025-12-29 10:11:00,CE,ATM+1,7.528832,29120550,26100.0,26038.55,27.75,28.45,27.6,27.95,1377075,1766983260
2025-12-29 10:12:00,CE,ATM+1,7.623712,29120550,26100.0,26037.35,27.9,28.15,27.55,28.1,741900,1766983320
2025-12-29 10:13:00,CE,ATM+1,7.772053,29406300,26100.0,26034.15,28.0,28.1,27.3,27.9,711975,1766983380
2025-12-29 10:14:00,CE,ATM+1,7.760221,29406300,26100.0,26034.55,27.9,28.15,27.0,27.95,916425,1766983440
2025-12-29 10:15:00,CE,ATM+1,7.823543,29406300,26100.0,26030.4,27.65,27.95,26.6,26.95,1154625,1766983500
2025-12-29 10:16:00,CE,ATM+1,7.843381,29637000,26100.0,26029.3,26.85,27.7,26.3,26.7,958275,1766983560
2025-12-29 10:17:00,CE,ATM+1,7.838291,29637000,26100.0,26028.65,26.4,27.2,26.25,26.45,907950,1766983620
2025-12-29 10:18:00,CE,ATM+1,7.785889,29637000,26100.0,26029.65,26.6,26.7,24.6,26.45,2300850,1766983680
2025-12-29 10:19:00,CE,ATM+1,7.734209,18952800,26050.0,26024.4,45.0,45.4,43.05,43.25,1340850,1766983740
2025-12-29 10:20:00,CE,ATM+1,7.765062,18952800,26050.0,26024.1,43.25,43.7,41.35,43.3,2432475,1766983800
2025-12-29 10:21:00,CE,ATM+1,7.750896,29528100,26100.0,26025.8,25.1,25.85,25.0,25.0,1054425,1766983860
2025-12-29 10:22:00,CE,ATM+1,7.758316,29631975,26100.0,26028.9,25.2,26.55,25.0,26.0,1017975,1766983920
2025-12-29 10:23:00,CE,ATM+1,7.733351,29631975,26100.0,26028.45,26.0,26.3,25.55,25.7,709200,1766983980
2025-12-29 10:24:00,CE,ATM+1,7.417338,29631975,26100.0,26037.6,25.8,26.9,25.7,26.8,986850,1766984040
2025-12-29 10:25:00,CE,ATM+1,7.735903,29788800,26100.0,26029.9,26.85,27.05,26.05,26.15,1352625,1766984100
2025-12-29 10:26:00,CE,ATM+1,7.769186,29788800,26100.0,26029.8,26.1,26.35,25.75,26.3,717450,1766984160
2025-12-29 10:27:00,CE,ATM+1,7.646076,29788800,26100.0,26031.15,26.1,26.45,25.75,26.0,644850,1766984220
2025-12-29 10:28:00,CE,ATM+1,7.745772,29954025,26100.0,26028.1,25.85,26.2,25.35,25.6,638850,1766984280
2025-12-29 10:29:00,CE,ATM+1,7.681529,29954025,26100.0,26028.05,25.7,25.95,25.15,25.2,586950,1766984340
2025-12-29 10:30:00,CE,ATM+1,7.626815,20082300,26050.0,26023.85,43.45,43.5,41.95,42.15,2101425,1766984400
2025-12-29 10:31:00,CE,ATM+1,7.614246,19800525,26050.0,26022.5,42.05,43.55,41.4,41.45,1194300,1766984460
2025-12-29 10:32:00,CE,ATM+1,7.770846,19800525,26050.0,26017.15,40.95,42.0,39.9,40.1,2569125,1766984520
2025-12-29 10:33:00,CE,ATM+1,7.871994,19800525,26050.0,26017.65,40.1,41.2,39.65,40.95,1465500,1766984580
2025-12-29 10:34:00,CE,ATM+1,7.701208,20523675,26050.0,26019.4,40.8,41.0,39.9,40.6,799725,1766984640
2025-12-29 10:35:00,CE,ATM+1,7.674717,20523675,26050.0,26020.05,40.15,40.7,39.85,40.7,817575,1766984700
2025-12-29 10:36:00,CE,ATM+1,7.738176,20523675,26050.0,26019.15,40.6,41.1,40.5,40.7,828375,1766984760
2025-12-29 10:37:00,CE,ATM+1,7.665472,20770125,26050.0,26019.45,40.75,41.4,39.8,40.35,956325,1766984820
2025-12-29 10:38:00,CE,ATM+1,7.68162,20770125,26050.0,26018.9,40.35,40.35,38.8,40.2,1256475,1766984880
2025-12-29 10:39:00,CE,ATM+1,7.713262,20770125,26050.0,26018.35,40.2,41.15,39.85,40.15,759900,1766984940
2025-12-29 10:40:00,CE,ATM+1,7.63198,21171825,26050.0,26014.8,40.25,40.25,37.85,38.1,1347600,1766985000
2025-12-29 10:41:00,CE,ATM+1,7.634982,21171825,26050.0,26014.55,39.0,39.4,37.6,38.0,1672800,1766985060
2025-12-29 10:42:00,CE,ATM+1,7.602118,21171825,26050.0,26004.85,37.9,38.0,33.85,33.85,3662925,1766985120
2025-12-29 10:43:00,CE,ATM+1,7.871536,22370250,26050.0,26004.8,33.5,36.1,33.5,35.5,2954925,1766985180
2025-12-29 10:44:00,CE,ATM+1,7.889415,22370250,26050.0,26003.4,35.4,35.9,34.75,35.05,1591050,1766985240
2025-12-29 10:45:00,CE,ATM+1,7.863403,22370250,26050.0,26005.0,35.1,35.95,34.85,35.5,1319325,1766985300
2025-12-29 10:46:00,CE,ATM+1,7.909153,22993275,26050.0,26000.95,35.35,35.6,34.2,34.2,1342650,1766985360
2025-12-29 10:47:00,CE,ATM+1,8.082947,22993275,26050.0,26000.0,34.35,35.0,33.9,34.9,1705350,1766985420
2025-12-29 10:48:00,CE,ATM+1,8.000388,22993275,26050.0,26002.15,35.0,35.8,34.9,35.2,1020225,1766985480
2025-12-29 10:49:00,CE,ATM+1,8.008548,23150925,26050.0,26002.7,35.25,35.45,34.8,35.45,650550,1766985540
2025-12-29 10:50:00,CE,ATM+1,8.078615,23150925,26050.0,26000.05,35.4,35.55,34.6,34.85,774075,1766985600
2025-12-29 10:51:00,CE,ATM+1,7.660835,23150925,26050.0,26008.9,34.6,36.0,34.55,35.7,1652400,1766985660
2025-12-29 10:52:00,CE,ATM+1,7.611453,23131050,26050.0,26009.95,35.9,36.0,35.6,35.8,1562250,1766985720
2025-12-29 10:53:00,CE,ATM+1,7.697236,23131050,26050.0,26008.4,35.8,36.0,35.25,35.7,860175,1766985780
2025-12-29 10:54:00,CE,ATM+1,7.76326,23131050,26050.0,26007.15,35.6,36.0,35.45,35.6,656925,1766985840
2025-12-29 10:55:00,CE,ATM+1,7.824315,23266950,26050.0,26006.35,35.7,35.9,35.35,35.65,556350,1766985900
2025-12-29 10:56:00,CE,ATM+1,7.829999,23266950,26050.0,26007.3,35.65,36.05,35.2,36.05,553275,1766985960
2025-12-29 10:57:00,CE,ATM+1,7.779514,23266950,26050.0,26007.25,36.4,36.4,35.6,35.7,996375,1766986020
2025-12-29 10:58:00,CE,ATM+1,7.882977,23322600,26050.0,26005.15,35.7,35.95,35.3,35.5,558975,1766986080
2025-12-29 10:59:00,CE,ATM+1,7.814431,23322600,26050.0,26005.0,35.45,35.85,35.0,35.0,639525,1766986140
2025-12-29 11:00:00,CE,ATM+1,7.974906,23322600,26050.0,26003.25,35.1,35.45,34.95,35.3,639150,1766986200
2025-12-29 11:01:00,CE,ATM+1,7.886292,23372700,26050.0,26004.95,35.15,35.4,34.8,35.4,539475,1766986260
2025-12-29 11:02:00,CE,ATM+1,7.899537,23372700,26050.0,25998.65,35.45,35.45,33.05,33.05,1930275,1766986320
2025-12-29 11:03:00,CE,ATM+1,7.9386,23372700,26050.0,25992.15,32.8,33.45,29.35,30.9,4280475,1766986380
2025-12-29 11:04:00,CE,ATM+1,8.023239,22897725,26050.0,25989.9,31.1,31.65,30.5,30.6,1430250,1766986440
2025-12-29 11:05:00,CE,ATM+1,8.206245,22897725,26050.0,25987.95,30.7,31.4,30.6,31.0,1100475,1766986500
2025-12-29 11:06:00,CE,ATM+1,8.25908,22897725,26050.0,25985.05,30.65,31.05,29.5,30.3,1591425,1766986560
2025-12-29 11:07:00,CE,ATM+1,8.362674,22935225,26050.0,25982.1,30.25,30.45,29.0,29.9,2045250,1766986620
2025-12-29 11:08:00,CE,ATM+1,8.335877,22935225,26050.0,25983.5,29.85,30.65,29.65,30.2,1421550,1766986680
2025-12-29 11:09:00,CE,ATM+1,8.339688,22935225,26050.0,25984.65,30.1,30.95,29.95,30.6,2258025,1766986740
2025-12-29 11:10:00,CE,ATM+1,8.346283,22163400,26050.0,25983.4,30.65,30.95,30.0,30.2,1149450,1766986800
2025-12-29 11:11:00,CE,ATM+1,8.422932,22163400,26050.0,25982.25,30.05,30.4,29.8,30.25,1707675,1766986860
2025-12-29 11:12:00,CE,ATM+1,8.301805,22163400,26050.0,25984.55,30.25,30.5,29.55,30.3,723675,1766986920
2025-12-29 11:13:00,CE,ATM+1,8.218678,21668625,26050.0,25985.3,30.2,30.6,30.0,30.05,690300,1766986980
2025-12-29 11:14:00,CE,ATM+1,8.253647,21668625,26050.0,25983.7,29.95,30.15,29.45,29.7,784200,1766987040
2025-12-29 11:15:00,CE,ATM+1,8.353087,21668625,26050.0,25982.0,29.6,29.8,29.35,29.7,645975,1766987100
2025-12-29 11:16:00,CE,ATM+1,8.318485,22005450,26050.0,25981.45,29.45,30.1,29.15,29.3,758925,1766987160
2025-12-29 11:17:00,CE,ATM+1,8.323208,22005450,26050.0,25980.35,29.35,29.55,28.8,28.95,975375,1766987220
2025-12-29 11:18:00,CE,ATM+1,8.294732,22005450,26050.0,25977.05,28.95,29.3,27.55,27.7,1691175,1766987280
2025-12-29 11:19:00,CE,ATM+1,8.347963,29904625,26000.0,25974.95,45.0,46.9,44.75,46.45,3019725,1766987340
2025-12-29 11:20:00,CE,ATM+1,8.507251,29904625,26000.0,25972.3,46.35,46.45,45.05,46.25,1715625,1766987400
2025-12-29 11:21:00,CE,ATM+1,8.447384,29904625,26000.0,25971.4,46.1,46.4,45.25,45.45,1189275,1766987460
2025-12-29 11:22:00,CE,ATM+1,8.537276,30471175,26000.0,25971.05,45.55,46.5,45.3,45.85,1204200,1766987520
2025-12-29 11:23:00,CE,ATM+1,8.627069,30471175,26000.0,25968.1,45.8,46.05,45.1,45.1,1129425,1766987580
2025-12-29 11:24:00,CE,ATM+1,8.499273,30471175,26000.0,25969.75,45.05,46.0,44.1,45.0,2036775,1766987640
2025-12-29 11:25:00,CE,ATM+1,8.576982,31257175,26000.0,25971.15,45.05,46.1,45.0,46.1,1030425,1766987700
2025-12-29 11:26:00,CE,ATM+1,8.528547,31257175,26000.0,25971.65,46.05,46.45,45.5,46.0,1040550,1766987760
2025-12-29 11:27:00,CE,ATM+1,8.573507,31257175,26000.0,25973.05,46.0,46.9,45.95,46.9,1106250,1766987820
2025-12-29 11:28:00,CE,ATM+1,8.531426,21908925,26050.0,25975.25,28.2,28.6,28.0,28.35,706425,1766987880
2025-12-29 11:29:00,CE,ATM+1,8.427178,31509850,26000.0,25974.95,47.1,47.35,46.8,46.8,1208325,1766987940
2025-12-29 11:30:00,CE,ATM+1,8.599502,31509850,26000.0,25971.9,46.65,47.25,46.2,46.5,841500,1766988000
2025-12-29 11:31:00,CE,ATM+1,8.504252,31813050,26000.0,25973.5,46.7,47.6,46.5,46.6,1049175,1766988060
2025-12-29 11:32:00,CE,ATM+1,8.463839,31813050,26000.0,25973.55,46.5,46.8,46.15,46.35,689850,1766988120
2025-12-29 11:33:00,CE,ATM+1,8.468536,31813050,26000.0,25974.4,46.5,46.75,45.4,46.75,979200,1766988180
2025-12-29 11:34:00,CE,ATM+1,8.499563,32202600,26000.0,25974.55,46.65,47.15,46.35,47.0,672750,1766988240
2025-12-29 11:35:00,CE,ATM+1,8.532087,32202600,26000.0,25973.8,47.0,47.1,46.15,46.85,751275,1766988300
2025-12-29 11:36:00,CE,ATM+1,8.521289,21982575,26050.0,25975.15,28.2,28.25,27.85,28.15,257400,1766988360
2025-12-29 11:37:00,CE,ATM+1,8.553405,32511525,26000.0,25973.35,46.6,46.85,45.9,46.75,584400,1766988420
2025-12-29 11:38:00,CE,ATM+1,8.64172,32511525,26000.0,25971.25,46.65,46.75,45.75,46.35,609450,1766988480
2025-12-29 11:39:00,CE,ATM+1,8.512381,32511525,26000.0,25973.0,46.4,46.8,46.25,46.3,315525,1766988540
2025-12-29 11:40:00,CE,ATM+1,8.521197,32615100,26000.0,25972.8,46.25,47.0,46.0,46.25,494400,1766988600
2025-12-29 11:41:00,CE,ATM+1,8.562758,32615100,26000.0,25973.8,46.1,47.05,46.1,46.95,696900,1766988660
2025-12-29 11:42:00,CE,ATM+1,8.627942,32615100,26000.0,25972.7,46.95,47.4,46.15,46.85,824475,1766988720
2025-12-29 11:43:00,CE,ATM+1,8.586975,32624475,26000.0,25974.85,46.8,47.55,46.75,47.55,764325,1766988780
2025-12-29 11:44:00,CE,ATM+1,8.571679,21983700,26050.0,25976.0,28.65,28.9,28.15,28.6,587925,1766988840
2025-12-29 11:45:00,CE,ATM+1,8.617406,21983700,26050.0,25975.85,28.5,28.95,28.25,28.8,507825,1766988900
2025-12-29 11:46:00,CE,ATM+1,8.468779,22085850,26050.0,25983.2,28.95,30.35,28.8,30.35,1479750,1766988960
2025-12-29 11:47:00,CE,ATM+1,8.35956,22085850,26050.0,25986.0,30.3,31.0,30.2,30.65,1822350,1766989020
2025-12-29 11:48:00,CE,ATM+1,8.271492,22085850,26050.0,25987.4,30.6,30.95,30.35,30.6,953175,1766989080
2025-12-29 11:49:00,CE,ATM+1,8.270247,21668100,26050.0,25987.75,30.7,31.4,30.6,30.7,1705725,1766989140
2025-12-29 11:50:00,CE,ATM+1,8.361152,21668100,26050.0,25985.95,30.65,31.0,30.5,30.6,610800,1766989200
2025-12-29 11:51:00,CE,ATM+1,8.363323,21668100,26050.0,25983.9,30.4,30.6,29.9,29.9,958875,1766989260
2025-12-29 11:52:00,CE,ATM+1,8.37499,21571875,26050.0,25981.8,29.85,29.9,28.65,29.25,1418700,1766989320
2025-12-29 11:53:00,CE,ATM+1,8.396684,21571875,26050.0,25983.85,29.1,30.15,29.1,30.05,573075,1766989380
2025-12-29 11:54:00,CE,ATM+1,8.42857,21571875,26050.0,25982.15,30.1,30.15,29.45,29.65,361800,1766989440
2025-12-29 11:55:00,CE,ATM+1,8.405157,21565800,26050.0,25982.15,29.6,29.95,29.3,29.5,268500,1766989500
2025-12-29 11:56:00,CE,ATM+1,8.407393,21565800,26050.0,25981.1,29.6,29.8,28.8,29.15,449025,1766989560
2025-12-29 11:57:00,CE,ATM+1,8.470581,21565800,26050.0,25978.2,29.0,29.15,28.25,28.55,705900,1766989620
2025-12-29 11:58:00,CE,ATM+1,8.412371,21506400,26050.0,25981.85,28.5,29.4,28.45,29.4,413625,1766989680
2025-12-29 11:59:00,CE,ATM+1,8.515234,21506400,26050.0,25977.65,29.45,29.45,28.6,28.6,542325,1766989740
2025-12-29 12:00:00,CE,ATM+1,8.419935,21506400,26050.0,25981.2,28.75,29.4,28.5,29.2,297375,1766989800
2025-12-29 12:01:00,CE,ATM+1,8.482727,21522600,26050.0,25980.75,29.25,29.6,29.15,29.4,390675,1766989860
2025-12-29 12:02:00,CE,ATM+1,8.467776,21522600,26050.0,25980.6,29.4,29.5,28.95,29.25,313875,1766989920
2025-12-29 12:03:00,CE,ATM+1,8.513934,21522600,26050.0,25975.35,29.25,29.3,27.8,27.8,702975,1766989980
2025-12-29 12:04:00,CE,ATM+1,8.597788,33066000,26000.0,25971.9,46.55,46.8,45.7,45.95,1682625,1766990040
2025-12-29 12:05:00,CE,ATM+1,8.511555,33066000,26000.0,25972.7,46.1,46.1,45.5,45.75,891300,1766990100
2025-12-29 12:06:00,CE,ATM+1,8.6093,33066000,26000.0,25970.35,45.7,46.3,45.3,45.3,970875,1766990160
2025-12-29 12:07:00,CE,ATM+1,8.628382,33299625,26000.0,25971.8,45.3,46.4,45.3,46.05,647175,1766990220
2025-12-29 12:08:00,CE,ATM+1,8.551824,21644025,26050.0,25977.7,27.45,28.8,27.4,28.7,570075,1766990280
2025-12-29 12:09:00,CE,ATM+1,8.597188,21644025,26050.0,25979.85,28.7,29.65,28.6,29.65,736350,1766990340
2025-12-29 12:10:00,CE,ATM+1,8.323639,21596850,26050.0,25987.55,29.55,30.65,29.3,30.65,1168350,1766990400
2025-12-29 12:11:00,CE,ATM+1,8.550267,21596850,26050.0,25980.3,30.5,30.65,29.15,29.5,907800,1766990460
2025-12-29 12:12:00,CE,ATM+1,8.563686,21596850,26050.0,25979.35,29.45,29.85,29.2,29.25,440250,1766990520
2025-12-29 12:13:00,CE,ATM+1,8.566939,21596850,26050.0,25981.15,29.25,30.0,29.15,29.85,460425,1766990580
2025-12-29 12:14:00,CE,ATM+1,8.606665,21565725,26050.0,25979.9,29.75,29.85,29.45,29.65,313050,1766990640
2025-12-29 12:15:00,CE,ATM+1,8.609344,21565725,26050.0,25980.5,29.6,30.0,29.4,29.85,462075,1766990700
2025-12-29 12:16:00,CE,ATM+1,8.602406,21565725,26050.0,25979.15,29.85,29.85,29.05,29.35,340575,1766990760
2025-12-29 12:17:00,CE,ATM+1,8.602353,21573975,26050.0,25979.65,29.35,29.55,29.05,29.5,361050,1766990820
2025-12-29 12:18:00,CE,ATM+1,8.472219,21573975,26050.0,25981.05,29.5,29.5,29.0,29.2,193950,1766990880
2025-12-29 12:19:00,CE,ATM+1,8.584544,21573975,26050.0,25977.6,29.15,29.2,28.45,28.7,622875,1766990940
2025-12-29 12:20:00,CE,ATM+1,8.592031,33807975,26000.0,25974.65,48.3,48.3,46.85,46.9,1373850,1766991000
2025-12-29 12:21:00,CE,ATM+1,8.752697,33807975,26000.0,25972.9,46.9,47.2,45.65,47.1,1482900,1766991060
2025-12-29 12:22:00,CE,ATM+1,8.736944,33807975,26000.0,25971.15,47.1,47.25,45.85,46.2,747225,1766991120
2025-12-29 12:23:00,CE,ATM+1,8.44767,33684150,26000.0,25964.3,45.9,46.2,41.4,41.4,4069800,1766991180
2025-12-29 12:24:00,CE,ATM+1,8.534391,33684150,26000.0,25964.6,41.55,43.0,41.25,42.05,1823625,1766991240
2025-12-29 12:25:00,CE,ATM+1,8.590603,33684150,26000.0,25962.75,41.6,42.05,40.9,41.6,1836225,1766991300
2025-12-29 12:26:00,CE,ATM+1,8.294718,34081275,26000.0,25970.2,41.5,43.05,41.4,42.95,1305900,1766991360
2025-12-29 12:27:00,CE,ATM+1,8.185562,34081275,26000.0,25967.55,42.9,43.05,41.05,41.1,1373025,1766991420
2025-12-29 12:28:00,CE,ATM+1,8.166793,34081275,26000.0,25971.4,41.0,42.75,40.8,42.65,1003800,1766991480
2025-12-29 12:29:00,CE,ATM+1,8.210965,34440600,26000.0,25971.15,42.65,42.9,42.05,42.8,719400,1766991540
2025-12-29 12:30:00,CE,ATM+1,8.325585,34440600,26000.0,25971.6,42.8,43.7,42.25,43.7,1209675,1766991600
2025-12-29 12:31:00,CE,ATM+1,8.348132,34440600,26000.0,25970.3,43.7,44.2,43.25,43.25,1312500,1766991660
2025-12-29 12:32:00,CE,ATM+1,8.393821,34685700,26000.0,25968.2,43.25,43.6,42.4,42.6,809175,1766991720
2025-12-29 12:33:00,CE,ATM+1,8.424941,34685700,26000.0,25966.4,42.6,43.0,41.8,42.0,958350,1766991780
2025-12-29 12:34:00,CE,ATM+1,8.198406,34685700,26000.0,25959.25,42.0,42.45,37.25,37.6,3727950,1766991840
2025-12-29 12:35:00,CE,ATM+1,8.251202,34711425,26000.0,25962.15,38.8,39.6,37.6,39.1,2200800,1766991900
2025-12-29 12:36:00,CE,ATM+1,8.428747,34711425,26000.0,25960.15,39.25,39.65,39.0,39.35,915075,1766991960
2025-12-29 12:37:00,CE,ATM+1,8.290278,34711425,26000.0,25963.8,39.05,40.0,38.7,40.0,938400,1766992020
2025-12-29 12:38:00,CE,ATM+1,8.295832,34819650,26000.0,25962.8,39.95,40.75,39.4,39.6,1066425,1766992080
2025-12-29 12:39:00,CE,ATM+1,8.320551,34819650,26000.0,25961.75,39.7,39.8,39.05,39.3,655875,1766992140
2025-12-29 12:40:00,CE,ATM+1,8.422881,34819650,26000.0,25959.9,39.3,39.5,38.9,39.15,680850,1766992200
2025-12-29 12:41:00,CE,ATM+1,8.386817,35180025,26000.0,25959.5,38.95,39.2,38.05,38.75,1160850,1766992260
2025-12-29 12:42:00,CE,ATM+1,8.632756,35180025,26000.0,25956.2,38.75,39.0,37.5,38.9,1039875,1766992320
2025-12-29 12:43:00,CE,ATM+1,8.303411,35180025,26000.0,25959.6,38.9,38.9,38.0,38.25,768075,1766992380
2025-12-29 12:44:00,CE,ATM+1,8.307387,35476575,26000.0,25959.7,38.1,38.5,37.7,38.3,703050,1766992440
2025-12-29 12:45:00,CE,ATM+1,8.216291,35476575,26000.0,25957.9,38.4,38.4,36.8,37.0,953400,1766992500
2025-12-29 12:46:00,CE,ATM+1,8.17934,35476575,26000.0,25963.25,37.45,39.0,37.0,38.95,1194675,1766992560
2025-12-29 12:47:00,CE,ATM+1,8.321411,35577750,26000.0,25960.7,38.7,38.95,38.45,38.75,739725,1766992620
2025-12-29 12:48:00,CE,ATM+1,8.408275,35577750,26000.0,25958.95,38.8,38.9,38.25,38.55,466425,1766992680
2025-12-29 12:49:00,CE,ATM+1,8.418141,35577750,26000.0,25958.1,38.5,38.55,37.15,38.25,922800,1766992740
2025-12-29 12:50:00,CE,ATM+1,8.449108,35808900,26000.0,25955.8,38.35,38.6,37.4,37.5,747825,1766992800
2025-12-29 12:51:00,CE,ATM+1,8.531924,35808900,26000.0,25954.7,37.3,38.1,36.7,37.55,1256925,1766992860
2025-12-29 12:52:00,CE,ATM+1,8.548039,35808900,26000.0,25955.5,37.7,38.15,37.45,37.95,735000,1766992920
2025-12-29 12:53:00,CE,ATM+1,8.561775,35894775,26000.0,25954.7,38.0,38.1,37.15,37.7,599475,1766992980
2025-12-29 12:54:00,CE,ATM+1,8.371255,35894775,26000.0,25958.5,37.85,38.4,37.1,38.05,872325,1766993040
2025-12-29 12:55:00,CE,ATM+1,8.383026,35894775,26000.0,25959.1,37.95,38.5,37.7,38.35,708825,1766993100
2025-12-29 12:56:00,CE,ATM+1,8.315275,36130950,26000.0,25960.15,38.1,38.85,38.05,38.35,853575,1766993160
2025-12-29 12:57:00,CE,ATM+1,8.471622,36130950,26000.0,25959.2,38.5,38.9,37.5,38.9,874800,1766993220
2025-12-29 12:58:00,CE,ATM+1,8.286428,36130950,26000.0,25962.95,39.05,39.4,38.7,39.3,1156125,1766993280
2025-12-29 12:59:00,CE,ATM+1,8.358037,36258875,26000.0,25961.45,39.25,39.95,39.0,39.1,1307700,1766993340
2025-12-29 13:00:00,CE,ATM+1,8.397716,36258875,26000.0,25960.9,38.9,39.45,38.75,39.1,695700,1766993400
2025-12-29 13:01:00,CE,ATM+1,8.334568,36258875,26000.0,25961.75,39.15,39.9,38.95,39.05,921975,1766993460
2025-12-29 13:02:00,CE,ATM+1,8.368914,36429950,26000.0,25963.8,39.1,40.1,38.85,40.1,921600,1766993520
2025-12-29 13:03:00,CE,ATM+1,8.197818,36429950,26000.0,25967.95,40.2,41.2,39.6,40.8,1740075,1766993580
2025-12-29 13:04:00,CE,ATM+1,8.209057,36429950,26000.0,25968.75,40.8,41.2,40.5,41.2,1401150,1766993640
2025-12-29 13:05:00,CE,ATM+1,8.285426,36502200,26000.0,25966.65,40.9,41.2,40.65,40.75,1157550,1766993700
2025-12-29 13:06:00,CE,ATM+1,8.08926,36502200,26000.0,25969.6,41.0,41.85,40.6,40.8,1436775,1766993760
2025-12-29 13:07:00,CE,ATM+1,8.11267,36502200,26000.0,25967.1,40.9,41.1,39.75,39.85,1567425,1766993820
2025-12-29 13:08:00,CE,ATM+1,8.137224,36426450,26000.0,25969.45,39.5,41.1,39.45,41.0,837150,1766993880
2025-12-29 13:09:00,CE,ATM+1,8.168614,36426450,26000.0,25968.0,40.65,41.15,40.3,40.55,602400,1766993940
2025-12-29 13:10:00,CE,ATM+1,8.144496,36426450,26000.0,25967.1,40.55,40.55,39.9,40.0,652425,1766994000
2025-12-29 13:11:00,CE,ATM+1,8.103754,36491700,26000.0,25968.3,40.1,40.25,38.7,40.25,1115850,1766994060
2025-12-29 13:12:00,CE,ATM+1,7.926114,36491700,26000.0,25970.05,40.1,40.3,39.4,39.9,531300,1766994120
2025-12-29 13:13:00,CE,ATM+1,8.181251,36491700,26000.0,25963.0,39.8,40.4,38.45,38.45,1027500,1766994180
2025-12-29 13:14:00,CE,ATM+1,8.172379,36473325,26000.0,25954.35,38.55,38.55,33.9,34.9,4665675,1766994240
2025-12-29 13:15:00,CE,ATM+1,8.469885,36473325,26000.0,25950.95,34.95,36.3,34.6,35.35,3261150,1766994300
2025-12-29 13:16:00,CE,ATM+1,8.451301,36473325,26000.0,25944.6,35.85,35.85,32.45,32.85,3236625,1766994360
2025-12-29 13:17:00,CE,ATM+1,8.541178,35015625,26000.0,25942.5,32.6,33.25,32.25,32.6,3828450,1766994420
2025-12-29 13:18:00,CE,ATM+1,8.606025,35015625,26000.0,25942.6,32.9,33.0,31.85,33.0,2154675,1766994480
2025-12-29 13:19:00,CE,ATM+1,8.236831,35015625,26000.0,25948.55,32.9,33.6,32.8,33.0,1437675,1766994540
2025-12-29 13:20:00,CE,ATM+1,8.355747,34503450,26000.0,25946.7,33.15,33.45,32.8,33.0,902100,1766994600
2025-12-29 13:21:00,CE,ATM+1,8.330031,34503450,26000.0,25946.2,32.95,33.3,32.65,32.65,846825,1766994660
2025-12-29 13:22:00,CE,ATM+1,8.274314,34503450,26000.0,25947.4,32.75,32.9,32.0,32.75,1217475,1766994720
2025-12-29 13:23:00,CE,ATM+1,8.289833,34745100,26000.0,25946.65,32.8,32.85,32.3,32.55,668775,1766994780
2025-12-29 13:24:00,CE,ATM+1,8.445173,34745100,26000.0,25944.2,32.7,32.85,32.4,32.55,673950,1766994840
2025-12-29 13:25:00,CE,ATM+1,8.439934,34745100,26000.0,25944.6,32.55,32.85,32.4,32.65,728925,1766994900
2025-12-29 13:26:00,CE,ATM+1,8.474205,34876350,26000.0,25945.05,32.6,33.25,32.5,33.0,885975,1766994960
2025-12-29 13:27:00,CE,ATM+1,8.378724,34876350,26000.0,25946.75,32.95,33.25,32.5,33.05,677775,1766995020
2025-12-29 13:28:00,CE,ATM+1,8.363066,34876350,26000.0,25948.25,33.1,33.85,33.0,33.5,769575,1766995080
2025-12-29 13:29:00,CE,ATM+1,8.315651,34935750,26000.0,25948.1,33.45,33.7,32.95,33.15,586200,1766995140
2025-12-29 13:30:00,CE,ATM+1,8.336852,34935750,26000.0,25947.4,33.1,33.7,33.0,33.0,708525,1766995200
2025-12-29 13:31:00,CE,ATM+1,8.394205,34935750,26000.0,25946.8,33.05,33.35,32.55,33.1,778725,1766995260
2025-12-29 13:32:00,CE,ATM+1,8.420421,35123625,26000.0,25947.1,33.25,33.55,32.65,33.35,571425,1766995320
2025-12-29 13:33:00,CE,ATM+1,8.400193,35123625,26000.0,25946.65,33.35,33.45,33.05,33.05,361800,1766995380
2025-12-29 13:34:00,CE,ATM+1,8.441344,35123625,26000.0,25945.9,33.1,33.4,32.85,33.0,402150,1766995440
2025-12-29 13:35:00,CE,ATM+1,8.408889,35121200,26000.0,25942.6,33.0,33.05,31.25,31.6,1668750,1766995500
2025-12-29 13:36:00,CE,ATM+1,8.357156,35121200,26000.0,25945.55,31.6,32.65,30.8,32.35,2072325,1766995560
2025-12-29 13:37:00,CE,ATM+1,8.027339,35121200,26000.0,25935.95,32.6,32.6,26.75,27.1,5034750,1766995620
2025-12-29 13:38:00,CE,ATM+1,8.065085,34611200,26000.0,25937.45,27.15,28.45,27.0,27.8,2929350,1766995680
2025-12-29 13:39:00,CE,ATM+1,8.30813,34611200,26000.0,25932.0,27.8,27.85,26.8,27.35,2943600,1766995740
2025-12-29 13:40:00,CE,ATM+1,8.325408,34611200,26000.0,25931.9,27.4,28.0,27.15,27.4,1865550,1766995800
2025-12-29 13:41:00,CE,ATM+1,8.216831,34766700,26000.0,25933.8,27.4,28.25,27.15,27.4,1811625,1766995860
2025-12-29 13:42:00,CE,ATM+1,8.211109,34766700,26000.0,25935.15,27.5,27.85,27.4,27.8,912375,1766995920
2025-12-29 13:43:00,CE,ATM+1,8.118404,34766700,26000.0,25937.65,27.65,28.3,27.65,28.1,1071675,1766995980
2025-12-29 13:44:00,CE,ATM+1,7.964915,34853025,26000.0,25940.4,28.1,28.5,27.95,28.15,1150350,1766996040
2025-12-29 13:45:00,CE,ATM+1,7.929986,34853025,26000.0,25943.75,28.2,29.15,28.05,29.1,1672800,1766996100
2025-12-29 13:46:00,CE,ATM+1,7.949383,34853025,26000.0,25949.3,29.2,31.25,29.1,31.2,2435250,1766996160
2025-12-29 13:47:00,CE,ATM+1,8.099228,34870500,26000.0,25945.3,31.1,31.2,30.2,30.6,2051100,1766996220
2025-12-29 13:48:00,CE,ATM+1,8.057492,34870500,26000.0,25948.75,30.45,31.6,30.45,31.6,1432425,1766996280
2025-12-29 13:49:00,CE,ATM+1,8.127721,34870500,26000.0,25949.3,31.7,32.25,31.4,32.2,1605825,1766996340
2025-12-29 13:50:00,CE,ATM+1,8.145855,34833525,26000.0,25947.7,32.1,32.2,31.55,31.7,1252425,1766996400
2025-12-29 13:51:00,CE,ATM+1,8.027473,34833525,26000.0,25950.55,31.7,32.45,31.7,32.05,1217550,1766996460
2025-12-29 13:52:00,CE,ATM+1,8.128545,34833525,26000.0,25951.8,32.05,33.25,31.8,33.1,1332300,1766996520
2025-12-29 13:53:00,CE,ATM+1,8.291816,34621575,26000.0,25953.5,33.3,34.8,33.1,34.7,2691975,1766996580
2025-12-29 13:54:00,CE,ATM+1,8.181053,34621575,26000.0,25955.1,34.55,35.6,34.25,34.65,2680575,1766996640
2025-12-29 13:55:00,CE,ATM+1,8.268803,34621575,26000.0,25949.6,34.6,34.65,33.05,33.05,2224575,1766996700
2025-12-29 13:56:00,CE,ATM+1,8.201576,34214475,26000.0,25951.35,33.0,33.55,32.4,33.3,1499250,1766996760
2025-12-29 13:57:00,CE,ATM+1,8.271697,34214475,26000.0,25946.8,33.3,33.5,31.85,32.0,1160325,1766996820
2025-12-29 13:58:00,CE,ATM+1,8.325515,34214475,26000.0,25949.5,32.1,33.3,32.0,33.3,917925,1766996880
2025-12-29 13:59:00,CE,ATM+1,8.207382,34252950,26000.0,25950.45,33.2,33.35,32.6,32.95,671250,1766996940
2025-12-29 14:00:00,CE,ATM+1,8.226845,34252950,26000.0,25950.85,32.95,33.25,32.65,33.2,941475,1766997000
2025-12-29 14:01:00,CE,ATM+1,8.205296,34252950,26000.0,25952.8,32.95,33.95,32.7,33.8,1263975,1766997060
2025-12-29 14:02:00,CE,ATM+1,8.239809,34188875,26000.0,25952.7,33.9,34.95,33.5,33.95,1844625,1766997120
2025-12-29 14:03:00,CE,ATM+1,8.255458,34188875,26000.0,25953.15,33.85,34.25,33.4,34.2,801150,1766997180
2025-12-29 14:04:00,CE,ATM+1,8.313905,34188875,26000.0,25951.9,34.25,34.25,33.4,34.05,670800,1766997240
2025-12-29 14:05:00,CE,ATM+1,8.17256,34135700,26000.0,25955.65,33.9,35.2,33.6,34.65,1328925,1766997300
2025-12-29 14:06:00,CE,ATM+1,8.292464,34135700,26000.0,25953.35,34.6,35.4,34.3,34.45,1637400,1766997360
2025-12-29 14:07:00,CE,ATM+1,8.272787,34135700,26000.0,25952.65,34.4,34.6,33.6,34.05,1081950,1766997420
2025-12-29 14:08:00,CE,ATM+1,8.201242,34239650,26000.0,25952.35,34.05,34.05,33.25,33.5,829050,1766997480
2025-12-29 14:09:00,CE,ATM+1,8.095758,34239650,26000.0,25958.35,33.7,35.2,33.5,35.2,1098900,1766997540
2025-12-29 14:10:00,CE,ATM+1,7.910031,34239650,26000.0,25960.15,35.3,35.6,34.2,34.8,1797825,1766997600
2025-12-29 14:11:00,CE,ATM+1,7.867148,34959325,26000.0,25959.7,34.75,34.75,33.9,34.35,1135350,1766997660
2025-12-29 14:12:00,CE,ATM+1,8.142261,34959325,26000.0,25954.45,34.35,34.35,33.55,33.9,936075,1766997720
2025-12-29 14:13:00,CE,ATM+1,8.325399,34959325,26000.0,25950.1,34.0,34.15,33.05,33.3,1223400,1766997780
2025-12-29 14:14:00,CE,ATM+1,8.619031,34619575,26000.0,25943.35,33.2,33.3,32.5,32.5,1627725,1766997840
2025-12-29 14:15:00,CE,ATM+1,8.407375,34619575,26000.0,25938.3,32.25,32.5,29.4,29.5,3748125,1766997900
2025-12-29 14:16:00,CE,ATM+1,8.403336,34619575,26000.0,25936.5,29.7,29.7,28.4,28.85,2021325,1766997960
2025-12-29 14:17:00,CE,ATM+1,8.445272,33425825,26000.0,25931.15,28.5,28.85,27.3,27.3,2165100,1766998020
2025-12-29 14:18:00,CE,ATM+1,8.464163,33425825,26000.0,25929.0,27.45,27.6,26.3,26.7,2329200,1766998080
2025-12-29 14:19:00,CE,ATM+1,8.537774,33425825,26000.0,25927.3,26.8,26.8,25.95,26.55,2617350,1766998140
2025-12-29 14:20:00,CE,ATM+1,8.474271,33880475,26000.0,25928.6,26.5,27.3,26.45,26.6,1479900,1766998200
2025-12-29 14:21:00,CE,ATM+1,8.401405,33880475,26000.0,25931.3,26.5,27.4,26.5,27.05,1448175,1766998260
2025-12-29 14:22:00,CE,ATM+1,8.434166,33880475,26000.0,25931.25,26.95,27.2,26.35,27.2,1193550,1766998320
2025-12-29 14:23:00,CE,ATM+1,8.716844,34448075,26000.0,25942.45,27.2,32.6,27.05,32.6,3150825,1766998380
2025-12-29 14:24:00,CE,ATM+1,8.16141,34448075,26000.0,25956.8,32.3,34.8,32.2,34.75,5379225,1766998440
2025-12-29 14:25:00,CE,ATM+1,7.87871,34448075,26000.0,25964.1,34.75,36.0,34.05,36.0,4512825,1766998500
2025-12-29 14:26:00,CE,ATM+1,7.68639,34645700,26000.0,25965.1,36.1,36.8,35.25,35.25,4918950,1766998560
2025-12-29 14:27:00,CE,ATM+1,7.493435,34645700,26000.0,25970.25,35.2,37.0,35.0,36.25,3892875,1766998620
2025-12-29 14:28:00,CE,ATM+1,7.566329,34645700,26000.0,25961.4,36.5,36.5,32.2,33.0,4565550,1766998680
2025-12-29 14:29:00,CE,ATM+1,7.928631,34934225,26000.0,25954.85,32.65,33.75,32.25,32.55,2184075,1766998740
2025-12-29 14:30:00,CE,ATM+1,8.141621,34934225,26000.0,25949.35,32.95,32.95,30.95,31.7,2943225,1766998800
2025-12-29 14:31:00,CE,ATM+1,8.132559,34934225,26000.0,25952.2,31.8,32.8,31.55,32.7,1586775,1766998860
2025-12-29 14:32:00,CE,ATM+1,8.175054,34259200,26000.0,25951.85,32.6,33.1,32.4,32.8,1173375,1766998920
2025-12-29 14:33:00,CE,ATM+1,8.234168,34259200,26000.0,25955.8,32.75,34.9,32.7,34.65,2296800,1766998980
2025-12-29 14:34:00,CE,ATM+1,8.254133,34259200,26000.0,25956.05,34.8,35.55,34.6,34.85,2048250,1766999040
2025-12-29 14:35:00,CE,ATM+1,8.318848,34431550,26000.0,25949.75,34.65,34.85,32.25,32.8,2223150,1766999100
2025-12-29 14:36:00,CE,ATM+1,8.330771,34431550,26000.0,25946.9,32.55,32.8,30.75,31.8,2319750,1766999160
2025-12-29 14:37:00,CE,ATM+1,8.272377,34431550,26000.0,25948.4,31.7,32.45,31.25,32.0,1047525,1766999220
2025-12-29 14:38:00,CE,ATM+1,8.325682,34024225,26000.0,25948.15,31.85,32.5,31.55,32.2,777150,1766999280
2025-12-29 14:39:00,CE,ATM+1,8.277098,34024225,26000.0,25948.0,32.2,32.4,31.4,31.85,693450,1766999340
2025-12-29 14:40:00,CE,ATM+1,8.258386,34024225,26000.0,25945.45,31.9,32.15,30.75,30.8,1002900,1766999400
2025-12-29 14:41:00,CE,ATM+1,8.200663,33579025,26000.0,25938.55,31.05,31.1,28.05,28.05,3036225,1766999460
2025-12-29 14:42:00,CE,ATM+1,8.420401,33579025,26000.0,25935.85,28.15,28.8,26.6,28.35,2494425,1766999520
2025-12-29 14:43:00,CE,ATM+1,8.35608,33579025,26000.0,25933.95,28.4,28.8,27.35,27.35,1535850,1766999580
2025-12-29 14:44:00,CE,ATM+1,8.545392,33522400,26000.0,25936.1,27.5,29.2,27.35,29.1,1263675,1766999640
2025-12-29 14:45:00,CE,ATM+1,8.521555,33522400,26000.0,25935.05,29.1,29.4,28.6,28.6,1685550,1766999700
2025-12-29 14:46:00,CE,ATM+1,8.652463,33522400,26000.0,25931.7,28.7,28.7,27.55,28.2,1231800,1766999760
2025-12-29 14:47:00,CE,ATM+1,8.600845,33484600,26000.0,25936.5,28.2,29.75,28.0,29.5,1240650,1766999820
2025-12-29 14:48:00,CE,ATM+1,8.574744,33484600,26000.0,25937.85,29.6,30.0,29.25,29.8,1381875,1766999880
2025-12-29 14:49:00,CE,ATM+1,8.504491,33484600,26000.0,25941.05,29.95,30.6,29.7,30.5,1178550,1766999940
2025-12-29 14:50:00,CE,ATM+1,8.57021,33568900,26000.0,25936.25,30.55,30.75,28.7,29.2,1547025,1767000000
2025-12-29 14:51:00,CE,ATM+1,8.571887,33568900,26000.0,25937.15,29.35,29.7,28.3,29.5,1146750,1767000060
2025-12-29 14:52:00,CE,ATM+1,8.567953,33568900,26000.0,25939.15,29.7,30.25,29.4,30.15,858600,1767000120
2025-12-29 14:53:00,CE,ATM+1,8.469847,33684700,26000.0,25941.35,30.4,31.1,30.15,30.35,1257450,1767000180
2025-12-29 14:54:00,CE,ATM+1,8.594374,33684700,26000.0,25931.35,30.05,30.35,27.2,27.65,2752275,1767000240
2025-12-29 14:55:00,CE,ATM+1,9.108164,15036225,25950.0,25923.05,44.9,47.7,44.7,46.65,1530525,1767000300
2025-12-29 14:56:00,CE,ATM+1,9.095247,33298900,26000.0,25928.4,28.75,29.4,28.3,29.4,1245975,1767000360
2025-12-29 14:57:00,CE,ATM+1,8.911884,33298900,26000.0,25934.2,29.5,30.7,29.35,30.3,1851375,1767000420
2025-12-29 14:58:00,CE,ATM+1,9.398625,33298900,26000.0,25929.35,30.4,31.65,29.85,31.35,1942725,1767000480
2025-12-29 14:59:00,CE,ATM+1,9.007449,32529325,26000.0,25934.2,32.0,32.55,30.65,30.8,2362200,1767000540
2025-12-29 15:00:00,CE,ATM+1,8.991668,32529325,26000.0,25936.4,31.35,32.7,30.25,31.45,2782050,1767000600
2025-12-29 15:01:00,CE,ATM+1,9.28308,32529325,26000.0,25931.25,31.65,31.65,29.75,31.3,2501175,1767000660
2025-12-29 15:02:00,CE,ATM+1,9.458214,31400800,26000.0,25927.5,31.1,31.3,30.5,31.0,1139250,1767000720
2025-12-29 15:03:00,CE,ATM+1,9.425196,31400800,26000.0,25929.75,31.05,32.2,31.0,31.55,1471200,1767000780
2025-12-29 15:04:00,CE,ATM+1,9.178105,31400800,26000.0,25937.6,31.35,33.0,31.0,32.85,1494525,1767000840
2025-12-29 15:05:00,CE,ATM+1,8.555498,30838900,26000.0,25947.45,32.7,33.75,32.2,32.85,2459400,1767000900
2025-12-29 15:06:00,CE,ATM+1,8.535965,30838900,26000.0,25945.75,32.7,32.85,31.65,32.1,1662600,1767000960
2025-12-29 15:07:00,CE,ATM+1,8.25092,30838900,26000.0,25947.5,32.0,32.5,30.6,31.1,1706925,1767001020
2025-12-29 15:08:00,CE,ATM+1,8.288636,30388675,26000.0,25946.4,30.7,31.25,30.25,30.9,1269750,1767001080
2025-12-29 15:09:00,CE,ATM+1,8.492951,30388675,26000.0,25943.5,31.1,31.35,30.6,31.0,1125000,1767001140
2025-12-29 15:10:00,CE,ATM+1,8.355459,30388675,26000.0,25949.8,31.0,32.5,30.9,32.5,1751100,1767001200
2025-12-29 15:11:00,CE,ATM+1,8.667866,29602575,26000.0,25942.5,32.15,32.5,31.2,31.6,1172175,1767001260
2025-12-29 15:12:00,CE,ATM+1,8.687958,29602575,26000.0,25943.9,31.45,32.2,31.2,32.2,981525,1767001320
2025-12-29 15:13:00,CE,ATM+1,8.515107,29602575,26000.0,25943.6,32.0,32.2,30.9,31.1,1003875,1767001380
2025-12-29 15:14:00,CE,ATM+1,8.64855,28937425,26000.0,25944.05,31.4,32.0,31.1,32.0,787350,1767001440
2025-12-29 15:15:00,CE,ATM+1,8.755064,28937425,26000.0,25940.3,31.6,32.0,30.55,31.25,2100075,1767001500
2025-12-29 15:16:00,CE,ATM+1,8.878486,28937425,26000.0,25938.8,31.2,31.75,31.05,31.4,1144500,1767001560
2025-12-29 15:17:00,CE,ATM+1,8.886221,27877675,26000.0,25939.15,31.6,31.75,31.2,31.55,892800,1767001620
2025-12-29 15:18:00,CE,ATM+1,8.795918,27877675,26000.0,25940.35,31.65,31.7,30.95,31.45,1105425,1767001680
2025-12-29 15:19:00,CE,ATM+1,8.757282,27877675,26000.0,25941.15,31.4,31.85,31.2,31.5,1194525,1767001740
2025-12-29 15:20:00,CE,ATM+1,8.626696,26839000,26000.0,25944.65,31.7,32.2,31.45,32.0,1996275,1767001800
2025-12-29 15:21:00,CE,ATM+1,8.706615,26839000,26000.0,25945.1,32.2,32.75,32.0,32.6,1720425,1767001860
2025-12-29 15:22:00,CE,ATM+1,8.616074,26839000,26000.0,25947.5,32.6,33.0,32.3,32.95,2004750,1767001920
2025-12-29 15:23:00,CE,ATM+1,8.449457,25564600,26000.0,25948.35,32.95,33.0,32.2,32.3,1441500,1767001980
2025-12-29 15:24:00,CE,ATM+1,8.451908,25564600,26000.0,25950.9,32.6,33.5,32.3,33.25,1759125,1767002040
2025-12-29 15:25:00,CE,ATM+1,8.368354,25564600,26000.0,25950.75,33.45,33.8,32.25,32.7,2177475,1767002100
2025-12-29 15:26:00,CE,ATM+1,8.309685,24380500,26000.0,25950.35,32.8,32.8,31.8,32.2,1506900,1767002160
2025-12-29 15:27:00,CE,ATM+1,8.421663,24380500,26000.0,25945.8,32.45,32.45,30.75,31.15,1784250,1767002220
2025-12-29 15:28:00,CE,ATM+1,8.544955,24380500,26000.0,25944.05,31.4,31.4,30.25,31.2,1783575,1767002280
2025-12-29 15:29:00,CE,ATM+1,8.107421,23033850,26000.0,25949.8,31.2,31.8,30.8,30.8,2477700,1767002340
2025-12-30 09:15:00,CE,ATM+1,10.829177,8743350,25950.0,25902.25,50.6,50.6,21.45,22.6,7475550,1767066300
2025-12-30 09:16:00,CE,ATM+1,10.725911,11756175,25950.0,25903.1,22.7,25.3,22.5,22.5,6548025,1767066360
2025-12-30 09:17:00,CE,ATM+1,9.97399,11756175,25950.0,25915.35,23.3,26.05,22.5,24.15,5507700,1767066420
2025-12-30 09:18:00,CE,ATM+1,10.247906,11756175,25950.0,25904.0,24.45,24.85,21.1,21.1,5024100,1767066480
2025-12-30 09:19:00,CE,ATM+1,10.320937,15927750,25950.0,25908.05,21.6,23.05,21.1,22.7,3568725,1767066540
2025-12-30 09:20:00,CE,ATM+1,10.659976,15927750,25950.0,25890.55,22.2,22.7,18.25,18.25,5261400,1767066600
2025-12-30 09:21:00,CE,ATM+1,10.529559,15927750,25950.0,25888.6,18.55,19.0,17.15,17.25,4270650,1767066660
2025-12-30 09:22:00,CE,ATM+1,10.96857,17421675,25950.0,25884.05,17.45,17.95,16.75,17.35,3310275,1767066720
2025-12-30 09:23:00,CE,ATM+1,10.358127,17421675,25950.0,25886.75,17.2,17.75,16.1,16.15,3410325,1767066780
2025-12-30 09:24:00,CE,ATM+1,10.356784,17421675,25950.0,25884.8,15.8,16.35,15.45,15.6,3552300,1767066840
2025-12-30 09:25:00,CE,ATM+1,10.001233,18327375,25950.0,25886.95,15.65,15.95,14.8,15.05,3616125,1767066900
2025-12-30 09:26:00,CE,ATM+1,10.101382,18327375,25950.0,25883.35,15.1,15.35,13.85,14.4,3713100,1767066960
2025-12-30 09:27:00,CE,ATM+1,10.231186,18327375,25950.0,25881.5,14.35,14.95,13.95,14.3,2256600,1767067020
2025-12-30 09:28:00,CE,ATM+1,10.332669,19707600,25950.0,25883.15,14.2,15.6,14.2,15.0,2105550,1767067080
2025-12-30 09:29:00,CE,ATM+1,10.303365,19707600,25950.0,25884.55,15.0,15.65,15.0,15.25,1987950,1767067140
2025-12-30 09:30:00,CE,ATM+1,10.268365,19707600,25950.0,25885.05,15.25,15.8,15.1,15.25,2023950,1767067200
2025-12-30 09:31:00,CE,ATM+1,10.425601,20267625,25950.0,25883.5,15.2,16.0,15.05,15.3,2394750,1767067260
2025-12-30 09:32:00,CE,ATM+1,10.283986,20267625,25950.0,25886.0,15.1,15.7,14.9,15.5,2035800,1767067320
2025-12-30 09:33:00,CE,ATM+1,10.346775,20267625,25950.0,25888.7,15.7,16.4,15.5,16.4,2415150,1767067380
2025-12-30 09:34:00,CE,ATM+1,10.914361,21317700,25950.0,25905.35,16.65,23.4,16.4,23.4,8155950,1767067440
2025-12-30 09:35:00,CE,ATM+1,10.945948,21317700,25950.0,25911.05,24.3,25.9,21.8,25.5,8395725,1767067500
2025-12-30 09:36:00,CE,ATM+1,10.298144,21317700,25950.0,25913.8,25.3,28.1,23.0,24.2,8268975,1767067560
2025-12-30 09:37:00,CE,ATM+1,10.407686,20486625,25950.0,25912.0,24.65,26.5,23.6,23.9,4326750,1767067620
2025-12-30 09:38:00,CE,ATM+1,10.887194,20486625,25950.0,25914.15,24.05,27.25,23.9,26.35,4099725,1767067680
2025-12-30 09:39:00,CE,ATM+1,11.736349,20486625,25950.0,25924.15,26.15,33.5,25.4,33.35,10360050,1767067740
2025-12-30 09:40:00,CE,ATM+1,11.57991,19410450,25950.0,25922.35,32.95,34.9,31.0,32.0,7599975,1767067800
2025-12-30 09:41:00,CE,ATM+1,11.535107,19410450,25950.0,25920.5,32.25,33.9,29.95,31.05,5956200,1767067860
2025-12-30 09:42:00,CE,ATM+1,11.848814,30131725,26000.0,25927.55,16.25,18.3,16.05,17.85,4937250,1767067920
2025-12-30 09:43:00,CE,ATM+1,12.458934,29430075,26000.0,25936.85,17.75,22.4,17.75,22.4,9897975,1767067980
2025-12-30 09:44:00,CE,ATM+1,11.843748,29430075,26000.0,25939.75,22.55,22.8,21.2,21.25,6044175,1767068040
2025-12-30 09:45:00,CE,ATM+1,11.689612,29430075,26000.0,25931.7,21.35,22.0,18.4,18.4,5848050,1767068100
2025-12-30 09:46:00,CE,ATM+1,11.201797,18584325,25950.0,25922.5,34.3,35.4,30.05,30.5,7338300,1767068160
2025-12-30 09:47:00,CE,ATM+1,10.508114,18584325,25950.0,25920.05,30.7,31.25,26.05,27.0,6046650,1767068220
2025-12-30 09:48:00,CE,ATM+1,10.452146,18584325,25950.0,25910.35,27.8,29.05,23.15,23.15,6129300,1767068280
2025-12-30 09:49:00,CE,ATM+1,10.236169,19300575,25950.0,25908.25,23.35,24.25,20.85,21.65,5837550,1767068340
2025-12-30 09:50:00,CE,ATM+1,10.332917,19300575,25950.0,25909.4,21.45,23.1,20.9,22.35,4639500,1767068400
2025-12-30 09:51:00,CE,ATM+1,11.62983,30544900,26000.0,25926.25,10.95,17.2,10.95,16.6,7884975,1767068460
2025-12-30 09:52:00,CE,ATM+1,11.584423,31413025,26000.0,25933.95,16.7,20.6,16.6,18.5,9754725,1767068520
2025-12-30 09:53:00,CE,ATM+1,11.682399,31413025,26000.0,25933.5,18.6,19.0,16.25,18.65,5788275,1767068580
2025-12-30 09:54:00,CE,ATM+1,12.201163,31413025,26000.0,25933.35,18.9,20.25,18.2,20.2,5770800,1767068640
2025-12-30 09:55:00,CE,ATM+1,12.132047,31791925,26000.0,25948.05,19.8,26.8,19.15,24.5,10753275,1767068700
2025-12-30 09:56:00,CE,ATM+1,11.882563,31791925,26000.0,25945.95,23.5,24.5,21.65,22.95,7144500,1767068760
2025-12-30 09:57:00,CE,ATM+1,11.72207,31791925,26000.0,25943.45,22.8,23.7,21.6,21.6,4563525,1767068820
2025-12-30 09:58:00,CE,ATM+1,11.92912,30766525,26000.0,25940.4,21.35,22.45,19.9,21.3,5393175,1767068880
2025-12-30 09:59:00,CE,ATM+1,11.457914,30766525,26000.0,25935.7,21.05,21.3,18.0,18.4,5081400,1767068940
2025-12-30 10:00:00,CE,ATM+1,11.35601,30766525,26000.0,25934.6,18.35,19.45,17.5,17.75,3823575,1767069000
2025-12-30 10:01:00,CE,ATM+1,11.408159,18710100,25950.0,25923.95,34.65,35.25,29.6,31.35,5577300,1767069060
2025-12-30 10:02:00,CE,ATM+1,11.669219,31743900,26000.0,25936.5,15.75,19.85,15.6,19.2,5322675,1767069120
2025-12-30 10:03:00,CE,ATM+1,11.403361,31743900,26000.0,25933.65,18.8,19.2,17.0,17.55,3593400,1767069180
2025-12-30 10:04:00,CE,ATM+1,11.197953,32367450,26000.0,25932.35,18.45,18.8,16.55,16.55,2844000,1767069240
2025-12-30 10:05:00,CE,ATM+1,11.221266,32367450,26000.0,25932.0,16.5,17.35,15.75,16.5,2695950,1767069300
2025-12-30 10:06:00,CE,ATM+1,11.163271,32367450,26000.0,25925.9,16.35,16.8,14.65,14.75,3376725,1767069360
2025-12-30 10:07:00,CE,ATM+1,11.211278,32835150,26000.0,25929.05,14.65,16.6,14.65,15.65,2476425,1767069420
2025-12-30 10:08:00,CE,ATM+1,10.901066,32835150,26000.0,25926.1,15.45,15.85,14.0,14.0,2958600,1767069480
2025-12-30 10:09:00,CE,ATM+1,11.058618,32835150,26000.0,25925.8,14.35,14.7,13.0,14.35,4017000,1767069540
2025-12-30 10:10:00,CE,ATM+1,10.819016,33223725,26000.0,25928.1,14.25,15.35,13.95,14.2,2831250,1767069600
2025-12-30 10:11:00,CE,ATM+1,10.942172,33223725,26000.0,25929.4,14.4,15.5,14.2,14.85,2492175,1767069660
2025-12-30 10:12:00,CE,ATM+1,11.123741,33223725,26000.0,25940.1,15.0,18.25,14.35,18.25,4888575,1767069720
2025-12-30 10:13:00,CE,ATM+1,11.215674,33937650,26000.0,25945.1,18.25,20.05,17.5,20.0,6130050,1767069780
2025-12-30 10:14:00,CE,ATM+1,11.117856,33937650,26000.0,25943.25,20.5,21.85,18.05,19.1,6206550,1767069840
2025-12-30 10:15:00,CE,ATM+1,10.928299,33937650,26000.0,25951.55,19.3,21.05,18.9,21.05,4685625,1767069900
2025-12-30 10:16:00,CE,ATM+1,10.881667,34253625,26000.0,25950.25,20.9,22.35,20.1,20.45,6363525,1767069960
2025-12-30 10:17:00,CE,ATM+1,10.766815,34253625,26000.0,25953.65,20.45,21.75,20.1,21.15,4469550,1767070020
2025-12-30 10:18:00,CE,ATM+1,10.552296,34253625,26000.0,25953.9,21.25,21.95,20.4,20.5,3991950,1767070080
2025-12-30 10:19:00,CE,ATM+1,10.582573,35157600,26000.0,25955.65,20.75,21.15,19.7,21.15,3829275,1767070140
2025-12-30 10:20:00,CE,ATM+1,9.799869,35157600,26000.0,25962.75,21.0,21.9,20.35,20.95,5409900,1767070200
2025-12-30 10:21:00,CE,ATM+1,9.706892,35157600,26000.0,25960.25,21.15,22.5,19.1,19.75,7583025,1767070260
2025-12-30 10:22:00,CE,ATM+1,10.05607,35990400,26000.0,25957.35,19.65,21.45,19.6,19.9,3750975,1767070320
2025-12-30 10:23:00,CE,ATM+1,10.198866,35990400,26000.0,25961.6,19.7,22.45,19.7,21.8,5208375,1767070380
2025-12-30 10:24:00,CE,ATM+1,11.019035,35990400,26000.0,25968.7,22.3,28.25,21.65,27.2,11640525,1767070440
2025-12-30 10:25:00,CE,ATM+1,10.834919,33340500,26000.0,25968.1,27.2,27.95,25.1,26.3,8339100,1767070500
2025-12-30 10:26:00,CE,ATM+1,10.961104,33340500,26000.0,25964.8,26.3,26.3,24.7,25.45,4663350,1767070560
2025-12-30 10:27:00,CE,ATM+1,10.827616,33340500,26000.0,25965.7,25.35,26.25,24.7,25.3,3992700,1767070620
2025-12-30 10:28:00,CE,ATM+1,10.506474,33919200,26000.0,25967.5,25.6,25.65,23.6,24.85,4019100,1767070680
2025-12-30 10:29:00,CE,ATM+1,10.33749,33919200,26000.0,25965.1,24.75,24.85,22.55,23.35,4674975,1767070740
2025-12-30 10:30:00,CE,ATM+1,10.072829,33919200,26000.0,25970.5,23.25,25.65,23.0,24.45,6524100,1767070800
2025-12-30 10:31:00,CE,ATM+1,10.001675,34924275,26000.0,25970.95,24.45,25.6,23.6,24.35,4209900,1767070860
2025-12-30 10:32:00,CE,ATM+1,10.589612,34924275,26000.0,25967.6,24.65,26.5,23.8,25.05,4780575,1767070920
2025-12-30 10:33:00,CE,ATM+1,10.172789,34924275,26000.0,25971.9,25.05,26.05,24.35,25.25,3947325,1767070980
2025-12-30 10:34:00,CE,ATM+1,9.917258,34423050,26000.0,25973.7,25.65,26.9,24.5,25.05,5412600,1767071040
2025-12-30 10:35:00,CE,ATM+1,9.586629,34423050,26000.0,25967.3,24.85,25.15,21.45,21.45,5989875,1767071100
2025-12-30 10:36:00,CE,ATM+1,9.641824,34423050,26000.0,25958.95,21.5,22.4,18.1,18.7,7931700,1767071160
2025-12-30 10:37:00,CE,ATM+1,9.722316,33969825,26000.0,25956.55,18.9,20.75,17.75,18.15,5544750,1767071220
2025-12-30 10:38:00,CE,ATM+1,9.828815,33969825,26000.0,25954.15,18.45,19.1,17.0,17.7,4584000,1767071280
2025-12-30 10:39:00,CE,ATM+1,10.090755,33969825,26000.0,25952.55,17.45,18.9,16.9,18.0,4123350,1767071340
2025-12-30 10:40:00,CE,ATM+1,9.847636,34547775,26000.0,25953.65,18.1,18.35,16.25,17.55,3839700,1767071400
2025-12-30 10:41:00,CE,ATM+1,9.885776,34547775,26000.0,25953.35,17.6,17.95,15.9,17.55,3964050,1767071460
2025-12-30 10:42:00,CE,ATM+1,9.277726,34547775,26000.0,25950.0,17.35,17.65,14.65,14.65,3902325,1767071520
2025-12-30 10:43:00,CE,ATM+1,9.496191,34763275,26000.0,25949.35,15.2,15.9,14.65,15.1,4272600,1767071580
2025-12-30 10:44:00,CE,ATM+1,9.459449,34763275,26000.0,25949.3,15.1,16.3,14.2,14.95,4241250,1767071640
2025-12-30 10:45:00,CE,ATM+1,9.499024,34763275,26000.0,25943.5,14.95,15.0,13.05,13.45,5610375,1767071700
2025-12-30 10:46:00,CE,ATM+1,9.67099,34680625,26000.0,25944.15,13.45,14.35,12.35,14.1,5450475,1767071760
2025-12-30 10:47:00,CE,ATM+1,9.758234,34680625,26000.0,25939.85,14.15,14.2,12.95,13.2,2982750,1767071820
2025-12-30 10:48:00,CE,ATM+1,9.482282,34680625,26000.0,25939.05,13.1,13.2,11.8,12.2,3823125,1767071880
2025-12-30 10:49:00,CE,ATM+1,9.724298,35045050,26000.0,25944.4,12.2,14.6,12.1,14.25,3711000,1767071940
2025-12-30 10:50:00,CE,ATM+1,9.330024,35045050,26000.0,25947.45,14.25,14.45,13.2,13.9,3605250,1767072000
2025-12-30 10:51:00,CE,ATM+1,9.356283,35045050,26000.0,25941.15,13.95,14.85,12.3,12.3,4384725,1767072060
2025-12-30 10:52:00,CE,ATM+1,9.434286,36028325,26000.0,25936.0,12.4,12.55,10.8,11.25,5224125,1767072120
2025-12-30 10:53:00,CE,ATM+1,9.168962,36028325,26000.0,25933.65,11.15,11.25,10.0,10.0,4023825,1767072180
2025-12-30 10:54:00,CE,ATM+1,9.192655,36028325,26000.0,25931.35,10.1,10.35,9.4,9.55,5081850,1767072240
2025-12-30 10:55:00,CE,ATM+1,9.400532,36595925,26000.0,25926.95,9.55,9.7,9.0,9.15,4337250,1767072300
2025-12-30 10:56:00,CE,ATM+1,9.350929,36595925,26000.0,25930.35,9.15,9.7,9.0,9.7,3491475,1767072360
2025-12-30 10:57:00,CE,ATM+1,9.345148,36595925,26000.0,25931.7,9.65,10.35,9.2,9.95,3328350,1767072420
2025-12-30 10:58:00,CE,ATM+1,9.598721,37501175,26000.0,25927.55,9.9,10.05,9.4,9.7,2798775,1767072480
2025-12-30 10:59:00,CE,ATM+1,9.453783,37501175,26000.0,25927.45,9.55,9.75,8.75,9.3,3556650,1767072540
2025-12-30 11:00:00,CE,ATM+1,9.388968,37501175,26000.0,25931.0,9.35,9.85,8.9,9.85,3487800,1767072600
2025-12-30 11:01:00,CE,ATM+1,9.048435,38758100,26000.0,25928.85,9.75,9.85,8.5,8.55,3436200,1767072660
2025-12-30 11:02:00,CE,ATM+1,9.314403,38758100,26000.0,25929.45,8.75,9.3,8.55,9.3,2497050,1767072720
2025-12-30 11:03:00,CE,ATM+1,9.199107,38758100,26000.0,25927.7,9.35,9.45,8.4,8.65,3093300,1767072780
2025-12-30 11:04:00,CE,ATM+1,9.177041,38685800,26000.0,25926.25,8.7,8.7,8.15,8.3,2761050,1767072840
2025-12-30 11:05:00,CE,ATM+1,9.166843,38685800,26000.0,25930.8,8.3,9.9,8.2,9.15,4328325,1767072900
2025-12-30 11:06:00,CE,ATM+1,9.314803,38685800,26000.0,25927.6,9.2,9.7,8.05,8.85,3768300,1767072960
2025-12-30 11:07:00,CE,ATM+1,9.229976,39432975,26000.0,25931.45,8.8,9.45,8.7,9.4,2233875,1767073020
2025-12-30 11:08:00,CE,ATM+1,9.446005,39432975,26000.0,25931.35,9.4,9.9,9.15,9.9,1835775,1767073080
2025-12-30 11:09:00,CE,ATM+1,9.323876,39432975,26000.0,25928.8,9.8,9.9,9.0,9.05,2422050,1767073140
2025-12-30 11:10:00,CE,ATM+1,8.561779,26763225,25950.0,25922.05,21.85,22.05,18.75,18.8,4192950,1767073200
2025-12-30 11:11:00,CE,ATM+1,8.441724,26763225,25950.0,25918.75,17.0,18.8,14.55,17.2,12405450,1767073260
2025-12-30 11:12:00,CE,ATM+1,8.323397,26763225,25950.0,25923.35,17.3,19.4,16.65,18.45,4946250,1767073320
2025-12-30 11:13:00,CE,ATM+1,8.888487,26610375,25950.0,25921.4,18.25,21.5,18.25,19.55,5433000,1767073380
2025-12-30 11:14:00,CE,ATM+1,8.537918,26610375,25950.0,25921.45,19.45,19.55,18.1,18.4,3070200,1767073440
2025-12-30 11:15:00,CE,ATM+1,8.926322,26610375,25950.0,25921.75,18.5,19.75,17.8,19.75,2813775,1767073500
2025-12-30 11:16:00,CE,ATM+1,9.018827,26946825,25950.0,25923.8,19.45,20.95,18.7,20.8,3270000,1767073560
2025-12-30 11:17:00,CE,ATM+1,8.851331,26946825,25950.0,25922.95,20.85,21.85,19.6,19.9,3464550,1767073620
2025-12-30 11:18:00,CE,ATM+1,8.817176,26946825,25950.0,25924.5,19.85,20.75,19.35,20.35,2226675,1767073680
2025-12-30 11:19:00,CE,ATM+1,8.633654,27232200,25950.0,25922.45,20.05,20.55,18.75,18.95,2244075,1767073740
2025-12-30 11:20:00,CE,ATM+1,8.589739,27232200,25950.0,25924.5,19.05,19.9,18.15,19.55,3069300,1767073800
2025-12-30 11:21:00,CE,ATM+1,8.477664,27232200,25950.0,25921.1,19.55,20.35,17.8,17.9,3182925,1767073860
2025-12-30 11:22:00,CE,ATM+1,8.475926,27592125,25950.0,25921.6,17.65,19.1,17.5,18.05,3019275,1767073920
2025-12-30 11:23:00,CE,ATM+1,8.612867,27592125,25950.0,25914.2,18.05,18.05,15.9,15.9,4818750,1767073980
2025-12-30 11:24:00,CE,ATM+1,8.606636,27592125,25950.0,25917.6,16.35,17.35,15.85,17.0,3576900,1767074040
2025-12-30 11:25:00,CE,ATM+1,8.783383,27901650,25950.0,25916.05,16.65,17.2,15.95,17.0,2849550,1767074100
2025-12-30 11:26:00,CE,ATM+1,8.274087,27901650,25950.0,25920.05,17.0,17.45,16.0,16.75,2605725,1767074160
2025-12-30 11:27:00,CE,ATM+1,8.634755,27901650,25950.0,25915.95,16.85,17.1,15.6,16.45,3036750,1767074220
2025-12-30 11:28:00,CE,ATM+1,8.707587,27915975,25950.0,25914.9,16.45,17.9,16.25,16.3,3100725,1767074280
2025-12-30 11:29:00,CE,ATM+1,8.532702,27915975,25950.0,25914.95,16.35,16.75,15.7,15.75,2312850,1767074340
2025-12-30 11:30:00,CE,ATM+1,8.730725,27915975,25950.0,25908.7,16.05,16.05,14.3,14.35,5379525,1767074400
2025-12-30 11:31:00,CE,ATM+1,8.987719,28551975,25950.0,25912.2,14.3,16.25,14.2,16.2,4432350,1767074460
2025-12-30 11:32:00,CE,ATM+1,9.019843,28551975,25950.0,25909.3,16.05,16.85,15.05,15.35,3596400,1767074520
2025-12-30 11:33:00,CE,ATM+1,8.679796,28551975,25950.0,25905.9,15.2,15.35,13.3,13.3,5182125,1767074580
2025-12-30 11:34:00,CE,ATM+1,8.757546,29756025,25950.0,25896.4,13.4,13.65,10.65,10.95,7881300,1767074640
2025-12-30 11:35:00,CE,ATM+1,8.640768,29756025,25950.0,25897.55,11.2,11.45,10.8,10.9,5987850,1767074700
2025-12-30 11:36:00,CE,ATM+1,8.51579,29756025,25950.0,25900.35,10.9,11.5,10.85,11.25,4660650,1767074760
2025-12-30 11:37:00,CE,ATM+1,8.631674,29668500,25950.0,25899.4,11.15,11.65,10.85,11.3,2958075,1767074820
2025-12-30 11:38:00,CE,ATM+1,8.804661,29668500,25950.0,25896.65,11.25,11.5,10.9,11.05,2261325,1767074880
2025-12-30 11:39:00,CE,ATM+1,8.766321,29668500,25950.0,25897.55,11.05,11.45,10.9,11.15,2158050,1767074940
2025-12-30 11:40:00,CE,ATM+1,8.804571,30121200,25950.0,25898.8,11.15,11.55,10.85,11.55,2157900,1767075000
2025-12-30 11:41:00,CE,ATM+1,9.003199,30121200,25950.0,25902.6,11.6,13.1,11.55,13.1,3838650,1767075060
2025-12-30 11:42:00,CE,ATM+1,9.19132,30121200,25950.0,25907.5,13.05,15.4,13.05,15.05,7437450,1767075120
2025-12-30 11:43:00,CE,ATM+1,8.89533,29708925,25950.0,25908.15,14.75,15.05,13.8,14.35,3949875,1767075180
2025-12-30 11:44:00,CE,ATM+1,9.060554,29708925,25950.0,25907.95,14.4,14.8,14.05,14.75,2929050,1767075240
2025-12-30 11:45:00,CE,ATM+1,8.702194,29708925,25950.0,25915.5,14.55,16.6,14.35,16.05,4976850,1767075300
2025-12-30 11:46:00,CE,ATM+1,8.540996,30326175,25950.0,25911.0,16.05,16.05,14.05,14.1,4777425,1767075360
2025-12-30 11:47:00,CE,ATM+1,8.706866,30326175,25950.0,25910.3,14.2,14.65,13.35,14.35,3385575,1767075420
2025-12-30 11:48:00,CE,ATM+1,8.597376,30326175,25950.0,25911.75,14.35,14.75,13.95,14.45,1673175,1767075480
2025-12-30 11:49:00,CE,ATM+1,8.332223,30485325,25950.0,25912.1,14.5,14.6,13.5,13.75,2018850,1767075540
2025-12-30 11:50:00,CE,ATM+1,8.367891,30485325,25950.0,25909.85,13.8,14.05,12.6,13.15,3670875,1767075600
2025-12-30 11:51:00,CE,ATM+1,8.260793,30485325,25950.0,25910.3,13.0,13.6,12.2,12.95,3022350,1767075660
2025-12-30 11:52:00,CE,ATM+1,8.318568,30304500,25950.0,25906.15,12.85,13.15,11.5,11.9,2919150,1767075720
2025-12-30 11:53:00,CE,ATM+1,8.51965,30304500,25950.0,25906.0,12.0,12.85,11.9,12.4,1894575,1767075780
2025-12-30 11:54:00,CE,ATM+1,8.52578,30304500,25950.0,25903.85,12.4,12.5,11.5,11.8,2020650,1767075840
2025-12-30 11:55:00,CE,ATM+1,8.712576,30462450,25950.0,25898.95,11.65,11.8,10.65,11.0,4046250,1767075900
2025-12-30 11:56:00,CE,ATM+1,8.768695,30462450,25950.0,25898.25,11.1,11.15,10.5,10.95,2598825,1767075960
2025-12-30 11:57:00,CE,ATM+1,8.603446,30462450,25950.0,25894.95,10.9,11.05,9.7,9.7,3135375,1767076020
2025-12-30 11:58:00,CE,ATM+1,8.68058,30462450,25950.0,25897.35,9.8,10.45,9.65,10.45,4929000,1767076080
2025-12-30 11:59:00,CE,ATM+1,8.704373,29689575,25950.0,25898.8,10.55,10.9,10.45,10.85,2387475,1767076140
2025-12-30 12:00:00,CE,ATM+1,8.697913,29689575,25950.0,25899.55,10.85,11.75,10.5,11.0,3409425,1767076200
2025-12-30 12:01:00,CE,ATM+1,8.770221,29689575,25950.0,25895.0,10.9,11.0,9.9,10.05,2481000,1767076260
2025-12-30 12:02:00,CE,ATM+1,8.777268,29970225,25950.0,25897.5,10.1,10.95,10.0,10.65,2149875,1767076320
2025-12-30 12:03:00,CE,ATM+1,8.736434,29970225,25950.0,25895.55,10.6,10.8,9.95,10.05,1754850,1767076380
2025-12-30 12:04:00,CE,ATM+1,9.086805,29970225,25950.0,25891.85,10.05,10.35,9.7,10.05,2061375,1767076440
2025-12-30 12:05:00,CE,ATM+1,8.793741,30150825,25950.0,25895.75,10.1,10.3,9.8,10.2,1670475,1767076500
2025-12-30 12:06:00,CE,ATM+1,9.065399,30150825,25950.0,25894.4,10.2,11.0,10.15,10.55,1925700,1767076560
2025-12-30 12:07:00,CE,ATM+1,8.997014,30150825,25950.0,25894.6,10.55,10.6,10.05,10.4,1226850,1767076620
2025-12-30 12:08:00,CE,ATM+1,8.71479,29990625,25950.0,25898.1,10.3,10.85,10.3,10.5,1610325,1767076680
2025-12-30 12:09:00,CE,ATM+1,8.849485,29990625,25950.0,25901.3,10.55,12.15,10.5,11.65,4069650,1767076740
2025-12-30 12:10:00,CE,ATM+1,8.521826,29990625,25950.0,25900.5,11.65,11.9,10.55,10.55,3057750,1767076800
2025-12-30 12:11:00,CE,ATM+1,8.834435,30844350,25950.0,25896.5,10.6,10.7,9.75,10.35,3326625,1767076860
2025-12-30 12:12:00,CE,ATM+1,8.801151,30844350,25950.0,25893.55,10.3,10.4,9.4,9.55,2801025,1767076920
2025-12-30 12:13:00,CE,ATM+1,8.918222,30844350,25950.0,25886.3,9.65,9.65,8.15,8.25,6924375,1767076980
2025-12-30 12:14:00,CE,ATM+1,9.014591,30354150,25950.0,25884.8,8.2,8.3,7.75,8.15,4419525,1767077040
2025-12-30 12:15:00,CE,ATM+1,9.009958,30354150,25950.0,25888.6,8.15,8.9,7.95,8.9,2600100,1767077100
2025-12-30 12:16:00,CE,ATM+1,8.957475,30354150,25950.0,25889.75,8.85,9.15,8.6,9.0,2346525,1767077160
2025-12-30 12:17:00,CE,ATM+1,8.738242,30016725,25950.0,25891.35,9.05,9.05,8.3,8.8,1944075,1767077220
2025-12-30 12:18:00,CE,ATM+1,8.80889,30016725,25950.0,25890.2,8.8,9.15,8.6,8.7,1930350,1767077280
2025-12-30 12:19:00,CE,ATM+1,8.854919,30016725,25950.0,25890.95,8.65,8.95,8.5,8.95,1280175,1767077340
2025-12-30 12:20:00,CE,ATM+1,8.621822,30402225,25950.0,25893.15,8.9,9.2,8.7,8.85,1836450,1767077400
2025-12-30 12:21:00,CE,ATM+1,8.909553,30402225,25950.0,25889.85,8.85,9.1,8.6,8.8,1607025,1767077460
2025-12-30 12:22:00,CE,ATM+1,8.965804,30402225,25950.0,25887.9,8.8,8.9,8.35,8.5,1515600,1767077520
2025-12-30 12:23:00,CE,ATM+1,8.991087,30544275,25950.0,25888.2,8.55,8.75,8.4,8.6,1044975,1767077580
2025-12-30 12:24:00,CE,ATM+1,8.937368,30544275,25950.0,25888.9,8.6,8.75,8.0,8.6,1945950,1767077640
2025-12-30 12:25:00,CE,ATM+1,8.948455,30544275,25950.0,25888.4,8.5,8.6,8.1,8.5,1536000,1767077700
2025-12-30 12:26:00,CE,ATM+1,8.608003,30370800,25950.0,25893.65,8.55,9.15,8.45,8.8,2667375,1767077760
2025-12-30 12:27:00,CE,ATM+1,8.916849,30370800,25950.0,25887.5,8.75,8.85,7.75,8.2,2848200,1767077820
2025-12-30 12:28:00,CE,ATM+1,8.8995,30370800,25950.0,25886.05,8.2,8.3,7.8,7.85,1951275,1767077880
2025-12-30 12:29:00,CE,ATM+1,8.966519,30613050,25950.0,25885.9,7.9,8.1,7.3,7.95,3259425,1767077940
2025-12-30 12:30:00,CE,ATM+1,8.63889,30613050,25950.0,25889.2,8.0,8.35,7.7,7.85,2276100,1767078000
2025-12-30 12:31:00,CE,ATM+1,8.712848,30613050,25950.0,25889.7,7.85,8.3,7.55,8.1,1498500,1767078060
2025-12-30 12:32:00,CE,ATM+1,8.87036,30516300,25950.0,25890.45,8.1,8.6,8.05,8.6,1277850,1767078120
2025-12-30 12:33:00,CE,ATM+1,9.229754,30516300,25950.0,25891.45,8.65,9.65,8.25,9.65,3435975,1767078180
2025-12-30 12:34:00,CE,ATM+1,8.386891,30516300,25950.0,25894.3,9.5,10.2,8.25,8.25,5924325,1767078240
2025-12-30 12:35:00,CE,ATM+1,8.680678,30715950,25950.0,25890.7,8.25,8.35,7.7,8.15,3622050,1767078300
2025-12-30 12:36:00,CE,ATM+1,8.814092,30715950,25950.0,25892.85,8.15,9.05,8.1,8.9,2195850,1767078360
2025-12-30 12:37:00,CE,ATM+1,9.153071,30715950,25950.0,25896.7,9.0,10.6,8.9,10.6,3552825,1767078420
2025-12-30 12:38:00,CE,ATM+1,8.828374,30917325,25950.0,25900.9,11.05,11.25,10.3,10.8,4549950,1767078480
2025-12-30 12:39:00,CE,ATM+1,8.842647,30917325,25950.0,25900.85,10.85,10.9,10.05,10.8,2964825,1767078540
2025-12-30 12:40:00,CE,ATM+1,8.433894,30917325,25950.0,25902.5,10.75,11.05,9.9,10.15,4002075,1767078600
2025-12-30 12:41:00,CE,ATM+1,8.541717,31940925,25950.0,25901.3,10.15,10.75,9.7,10.1,2775000,1767078660
2025-12-30 12:42:00,CE,ATM+1,8.535272,31940925,25950.0,25902.45,10.15,10.7,9.85,10.35,2316375,1767078720
2025-12-30 12:43:00,CE,ATM+1,8.514535,31940925,25950.0,25900.75,10.35,10.65,8.85,9.85,4131525,1767078780
2025-12-30 12:44:00,CE,ATM+1,8.621559,31845525,25950.0,25899.75,10.05,10.25,9.6,9.85,2318625,1767078840
2025-12-30 12:45:00,CE,ATM+1,8.966089,31845525,25950.0,25896.3,10.1,10.25,9.35,9.85,2516100,1767078900
2025-12-30 12:46:00,CE,ATM+1,8.724811,31845525,25950.0,25899.5,10.0,10.9,9.7,10.0,2400000,1767078960
2025-12-30 12:47:00,CE,ATM+1,8.828361,31665675,25950.0,25901.55,10.1,10.85,10.0,10.75,1833525,1767079020
2025-12-30 12:48:00,CE,ATM+1,8.517114,31665675,25950.0,25908.75,10.75,12.6,10.75,11.85,7780050,1767079080
2025-12-30 12:49:00,CE,ATM+1,7.963405,31665675,25950.0,25911.6,11.7,11.85,11.15,11.15,3763725,1767079140
2025-12-30 12:50:00,CE,ATM+1,7.835192,33013800,25950.0,25911.3,10.95,11.25,10.2,10.7,4462875,1767079200
2025-12-30 12:51:00,CE,ATM+1,8.156172,33013800,25950.0,25901.0,10.45,10.7,8.7,8.85,6012825,1767079260
2025-12-30 12:52:00,CE,ATM+1,8.558752,33013800,25950.0,25898.0,8.7,9.45,8.2,9.1,5281125,1767079320
2025-12-30 12:53:00,CE,ATM+1,8.822227,32613675,25950.0,25900.8,9.2,10.45,8.6,10.4,3778125,1767079380
2025-12-30 12:54:00,CE,ATM+1,8.726754,32613675,25950.0,25900.85,10.55,10.95,9.95,10.15,4083975,1767079440
2025-12-30 12:55:00,CE,ATM+1,8.581213,32613675,25950.0,25902.0,9.7,10.4,9.25,10.05,3231000,1767079500
2025-12-30 12:56:00,CE,ATM+1,8.306542,32554650,25950.0,25901.6,10.05,10.45,9.25,9.25,2556525,1767079560
2025-12-30 12:57:00,CE,ATM+1,8.300184,32554650,25950.0,25897.2,9.15,9.25,8.1,8.2,4764300,1767079620
2025-12-30 12:58:00,CE,ATM+1,8.092867,32554650,25950.0,25891.2,8.35,8.35,6.5,6.5,6251700,1767079680
2025-12-30 12:59:00,CE,ATM+1,8.083257,31948200,25950.0,25892.2,6.6,7.05,6.45,6.65,5725575,1767079740
2025-12-30 13:00:00,CE,ATM+1,8.064392,31948200,25950.0,25894.3,6.55,7.3,6.55,7.0,3742050,1767079800
2025-12-30 13:01:00,CE,ATM+1,8.103516,31948200,25950.0,25890.3,6.95,7.1,6.15,6.3,2772150,1767079860
2025-12-30 13:02:00,CE,ATM+1,8.059367,31827225,25950.0,25887.8,6.3,6.45,5.75,5.75,4441950,1767079920
2025-12-30 13:03:00,CE,ATM+1,7.976382,31827225,25950.0,25889.15,5.85,6.2,5.75,5.8,3406575,1767079980
2025-12-30 13:04:00,CE,ATM+1,7.88538,31827225,25950.0,25888.55,5.95,6.0,5.1,5.5,4725675,1767080040
2025-12-30 13:05:00,CE,ATM+1,7.940207,31243650,25950.0,25888.9,5.6,5.9,5.5,5.65,2674050,1767080100
2025-12-30 13:06:00,CE,ATM+1,8.079115,31243650,25950.0,25889.7,5.6,6.1,5.6,6.05,1882800,1767080160
2025-12-30 13:07:00,CE,ATM+1,8.075152,31243650,25950.0,25886.65,5.95,6.05,5.45,5.5,2372025,1767080220
2025-12-30 13:08:00,CE,ATM+1,7.993823,31452675,25950.0,25887.7,5.5,5.6,5.25,5.5,2146425,1767080280
2025-12-30 13:09:00,CE,ATM+1,7.898344,31452675,25950.0,25887.4,5.45,5.5,5.2,5.25,2021850,1767080340
2025-12-30 13:10:00,CE,ATM+1,7.893608,31452675,25950.0,25881.25,5.2,5.45,4.1,4.3,7785675,1767080400
2025-12-30 13:11:00,CE,ATM+1,7.897922,30706800,25950.0,25884.75,4.45,5.0,4.3,4.8,6048675,1767080460
2025-12-30 13:12:00,CE,ATM+1,7.908269,30706800,25950.0,25887.9,4.8,5.3,4.75,5.3,2682975,1767080520
2025-12-30 13:13:00,CE,ATM+1,8.020161,30706800,25950.0,25890.8,5.35,6.1,5.3,6.0,4543725,1767080580
2025-12-30 13:14:00,CE,ATM+1,7.817109,31343775,25950.0,25890.35,5.95,6.1,5.5,5.5,3450525,1767080640
2025-12-30 13:15:00,CE,ATM+1,7.982649,31343775,25950.0,25890.3,5.4,6.05,5.35,5.8,3102000,1767080700
2025-12-30 13:16:00,CE,ATM+1,7.935295,31343775,25950.0,25891.5,5.85,5.9,5.25,5.9,2076300,1767080760
2025-12-30 13:17:00,CE,ATM+1,8.000643,31568550,25950.0,25892.25,5.95,6.65,5.85,6.15,4327950,1767080820
2025-12-30 13:18:00,CE,ATM+1,7.884274,31568550,25950.0,25892.55,6.1,6.15,5.55,5.95,2878875,1767080880
2025-12-30 13:19:00,CE,ATM+1,7.767075,31568550,25950.0,25897.6,6.0,6.65,5.95,6.65,3226500,1767080940
2025-12-30 13:20:00,CE,ATM+1,7.798161,32246325,25950.0,25896.35,6.6,6.95,6.2,6.45,3781650,1767081000
2025-12-30 13:21:00,CE,ATM+1,7.890454,32246325,25950.0,25893.6,6.5,6.8,6.1,6.1,2834550,1767081060
2025-12-30 13:22:00,CE,ATM+1,7.963025,32246325,25950.0,25892.9,6.2,6.9,6.0,6.1,3441000,1767081120
2025-12-30 13:23:00,CE,ATM+1,7.893487,31543200,25950.0,25892.95,6.1,6.25,5.75,5.95,2735475,1767081180
2025-12-30 13:24:00,CE,ATM+1,8.128529,31543200,25950.0,25891.55,5.95,6.15,5.65,6.15,1944300,1767081240
2025-12-30 13:25:00,CE,ATM+1,8.092138,31543200,25950.0,25890.95,6.1,6.2,5.5,5.95,2848275,1767081300
2025-12-30 13:26:00,CE,ATM+1,7.956637,31476525,25950.0,25892.0,6.0,6.1,5.55,5.85,2076225,1767081360
2025-12-30 13:27:00,CE,ATM+1,7.780933,31476525,25950.0,25899.2,5.75,7.2,5.55,6.85,5073000,1767081420
2025-12-30 13:28:00,CE,ATM+1,7.657395,31476525,25950.0,25901.3,6.9,8.35,6.45,7.0,8293275,1767081480
2025-12-30 13:29:00,CE,ATM+1,7.767472,32515200,25950.0,25898.8,7.0,7.05,6.4,6.7,3561900,1767081540
2025-12-30 13:30:00,CE,ATM+1,7.908795,32515200,25950.0,25901.9,6.65,7.65,6.65,7.65,4317675,1767081600
2025-12-30 13:31:00,CE,ATM+1,8.02014,32515200,25950.0,25904.15,7.6,8.45,7.4,8.4,5568150,1767081660
2025-12-30 13:32:00,CE,ATM+1,8.240511,33638700,25950.0,25909.45,8.95,10.25,8.2,10.25,10099650,1767081720
2025-12-30 13:33:00,CE,ATM+1,7.876778,33638700,25950.0,25911.05,9.7,10.35,8.8,9.75,8559375,1767081780
2025-12-30 13:34:00,CE,ATM+1,7.946231,33638700,25950.0,25914.1,9.55,10.75,9.55,10.75,8437725,1767081840
2025-12-30 13:35:00,CE,ATM+1,7.918562,33894825,25950.0,25915.8,10.5,11.65,9.8,11.15,9478950,1767081900
2025-12-30 13:36:00,CE,ATM+1,8.235445,33894825,25950.0,25919.3,10.95,14.55,10.8,13.05,17771175,1767081960
2025-12-30 13:37:00,CE,ATM+1,7.853651,33894825,25950.0,25917.2,13.25,13.95,11.35,11.35,10161525,1767082020
2025-12-30 13:38:00,CE,ATM+1,7.91645,31349925,25950.0,25915.9,11.4,11.55,10.05,11.1,8190075,1767082080
2025-12-30 13:39:00,CE,ATM+1,7.707037,31349925,25950.0,25918.3,10.75,11.4,10.5,11.25,5108550,1767082140
2025-12-30 13:40:00,CE,ATM+1,7.629732,31349925,25950.0,25923.55,11.0,12.95,10.7,12.7,7219500,1767082200
2025-12-30 13:41:00,CE,ATM+1,8.665269,40676050,26000.0,25926.35,4.05,4.7,3.9,4.45,6958275,1767082260
2025-12-30 13:42:00,CE,ATM+1,8.717418,40676050,26000.0,25927.3,4.35,4.65,3.8,4.65,7535325,1767082320
2025-12-30 13:43:00,CE,ATM+1,9.116836,40676050,26000.0,25938.35,4.95,7.2,4.65,7.2,22149750,1767082380
2025-12-30 13:44:00,CE,ATM+1,9.258597,39502125,26000.0,25935.35,6.95,7.4,5.95,6.9,14193075,1767082440
2025-12-30 13:45:00,CE,ATM+1,9.330783,39502125,26000.0,25947.0,6.85,10.35,6.55,9.45,19769400,1767082500
2025-12-30 13:46:00,CE,ATM+1,9.252996,39502125,26000.0,25942.25,9.3,9.55,7.25,8.2,13205550,1767082560
2025-12-30 13:47:00,CE,ATM+1,9.429176,38355900,26000.0,25955.75,8.35,11.85,8.1,11.85,15979950,1767082620
2025-12-30 13:48:00,CE,ATM+1,8.381677,38355900,26000.0,25957.0,11.5,11.85,9.25,9.6,18279300,1767082680
2025-12-30 13:49:00,CE,ATM+1,7.955768,38355900,26000.0,25954.4,9.65,10.0,7.8,7.95,14690700,1767082740
2025-12-30 13:50:00,CE,ATM+1,7.832017,40110875,26000.0,25945.65,7.7,8.45,5.85,5.85,16439100,1767082800
2025-12-30 13:51:00,CE,ATM+1,7.844861,40110875,26000.0,25936.85,5.8,5.9,4.25,4.4,14717625,1767082860
2025-12-30 13:52:00,CE,ATM+1,8.270087,40110875,26000.0,25940.0,4.55,5.7,4.4,5.65,8138700,1767082920
2025-12-30 13:53:00,CE,ATM+1,8.434909,40420025,26000.0,25939.75,5.55,6.7,5.4,5.9,8864475,1767082980
2025-12-30 13:54:00,CE,ATM+1,8.414696,40420025,26000.0,25937.75,5.9,6.0,5.1,5.5,5991075,1767083040
2025-12-30 13:55:00,CE,ATM+1,8.347525,40420025,26000.0,25941.2,5.6,6.2,5.25,5.95,5345100,1767083100
2025-12-30 13:56:00,CE,ATM+1,8.548746,40134950,26000.0,25937.1,5.85,5.95,4.9,5.6,7231875,1767083160
2025-12-30 13:57:00,CE,ATM+1,8.271234,40134950,26000.0,25937.55,5.75,5.8,4.65,5.15,6019275,1767083220
2025-12-30 13:58:00,CE,ATM+1,8.302834,40134950,26000.0,25940.6,5.1,5.75,4.35,5.7,7973175,1767083280
2025-12-30 13:59:00,CE,ATM+1,7.945841,40185800,26000.0,25938.25,5.4,5.7,3.95,4.65,9013875,1767083340
2025-12-30 14:00:00,CE,ATM+1,7.685201,40185800,26000.0,25946.05,4.7,5.45,4.45,5.45,7705125,1767083400
2025-12-30 14:01:00,CE,ATM+1,7.397978,40185800,26000.0,25940.7,5.4,5.6,3.5,4.05,13308750,1767083460
2025-12-30 14:02:00,CE,ATM+1,7.31484,41057900,26000.0,25945.0,3.9,4.9,3.45,4.55,10081125,1767083520
2025-12-30 14:03:00,CE,ATM+1,7.396678,41057900,26000.0,25942.6,4.35,4.55,3.9,4.3,7149375,1767083580
2025-12-30 14:04:00,CE,ATM+1,7.577322,41057900,26000.0,25944.15,4.2,5.2,4.2,4.85,8861100,1767083640
2025-12-30 14:05:00,CE,ATM+1,7.270254,42517550,26000.0,25941.9,4.95,5.0,3.95,3.95,6642825,1767083700
2025-12-30 14:06:00,CE,ATM+1,7.526634,42517550,26000.0,25937.25,4.1,4.15,3.1,3.7,9873675,1767083760
2025-12-30 14:07:00,CE,ATM+1,7.024291,42517550,26000.0,25939.85,3.7,3.85,3.25,3.25,6165000,1767083820
2025-12-30 14:08:00,CE,ATM+1,7.343645,41894400,26000.0,25936.55,3.2,3.3,2.6,3.3,16347225,1767083880
2025-12-30 14:09:00,CE,ATM+1,6.95212,41894400,26000.0,25937.65,3.3,3.3,2.85,2.85,6035550,1767083940
2025-12-30 14:10:00,CE,ATM+1,7.241881,41894400,26000.0,25939.9,2.95,3.75,2.85,3.55,5820900,1767084000
2025-12-30 14:11:00,CE,ATM+1,6.963767,42017975,26000.0,25940.6,3.5,3.6,3.1,3.2,6429000,1767084060
2025-12-30 14:12:00,CE,ATM+1,6.863386,42017975,26000.0,25941.5,3.2,3.5,3.05,3.15,5604150,1767084120
2025-12-30 14:13:00,CE,ATM+1,7.053059,42017975,26000.0,25940.15,3.2,5.65,3.15,3.25,17634450,1767084180
2025-12-30 14:14:00,CE,ATM+1,7.082354,42348450,26000.0,25943.6,3.3,3.75,3.1,3.75,9824100,1767084240
2025-12-30 14:15:00,CE,ATM+1,7.564157,42348450,26000.0,25943.3,3.7,4.6,3.55,4.5,10268550,1767084300
2025-12-30 14:16:00,CE,ATM+1,7.565299,42348450,26000.0,25954.75,4.5,6.65,4.5,6.6,15949350,1767084360
2025-12-30 14:17:00,CE,ATM+1,7.240562,43567425,26000.0,25954.2,6.3,6.7,5.6,5.8,14355150,1767084420
2025-12-30 14:18:00,CE,ATM+1,7.354552,43567425,26000.0,25953.9,5.8,6.05,4.6,5.95,12590250,1767084480
2025-12-30 14:19:00,CE,ATM+1,7.463879,43567425,26000.0,25942.9,5.7,5.95,3.9,4.2,14189625,1767084540
2025-12-30 14:20:00,CE,ATM+1,6.910249,44453650,26000.0,25941.0,4.0,4.45,3.05,3.05,17418750,1767084600
2025-12-30 14:21:00,CE,ATM+1,6.936948,44453650,26000.0,25936.0,3.1,3.25,2.3,2.5,20708850,1767084660
2025-12-30 14:22:00,CE,ATM+1,6.726844,44453650,26000.0,25939.15,2.5,2.85,2.4,2.55,13349325,1767084720
2025-12-30 14:23:00,CE,ATM+1,6.372868,42732225,26000.0,25938.8,2.6,2.6,2.05,2.05,16324800,1767084780
2025-12-30 14:24:00,CE,ATM+1,6.476348,42732225,26000.0,25937.6,2.1,2.2,1.6,2.05,17154675,1767084840
2025-12-30 14:25:00,CE,ATM+1,6.945223,42732225,26000.0,25925.5,2.0,2.15,1.4,1.55,13399125,1767084900
2025-12-30 14:26:00,CE,ATM+1,6.239503,27794025,25950.0,25920.35,7.15,7.85,6.25,7.15,14966625,1767084960
2025-12-30 14:27:00,CE,ATM+1,6.200626,27794025,25950.0,25920.95,7.1,7.9,6.45,7.2,10818000,1767085020
2025-12-30 14:28:00,CE,ATM+1,6.225138,27794025,25950.0,25918.1,7.3,7.3,6.2,6.5,9487425,1767085080
2025-12-30 14:29:00,CE,ATM+1,6.07891,29753325,25950.0,25916.6,6.45,7.2,5.8,5.8,9675825,1767085140
2025-12-30 14:30:00,CE,ATM+1,6.64271,37967750,26000.0,25926.55,1.1,1.45,1.05,1.3,12642300,1767085200
2025-12-30 14:31:00,CE,ATM+1,6.45714,37967750,26000.0,25934.05,1.35,1.65,1.15,1.65,9730950,1767085260
2025-12-30 14:32:00,CE,ATM+1,6.404615,39771950,26000.0,25934.85,1.6,1.75,1.25,1.65,13145025,1767085320
2025-12-30 14:33:00,CE,ATM+1,6.244683,39771950,26000.0,25935.15,1.6,1.65,1.3,1.5,12444825,1767085380
2025-12-30 14:34:00,CE,ATM+1,6.287348,39771950,26000.0,25937.2,1.5,1.9,1.45,1.7,10222350,1767085440
2025-12-30 14:35:00,CE,ATM+1,6.416792,41178725,26000.0,25933.1,1.65,1.75,1.4,1.5,11690025,1767085500
2025-12-30 14:36:00,CE,ATM+1,6.524864,41178725,26000.0,25928.9,1.5,1.55,1.05,1.3,15346050,1767085560
2025-12-30 14:37:00,CE,ATM+1,5.206808,32986950,25950.0,25925.0,7.95,8.1,5.25,5.8,16651650,1767085620
2025-12-30 14:38:00,CE,ATM+1,6.295012,38393675,26000.0,25925.35,0.85,1.0,0.75,0.9,12957675,1767085680
2025-12-30 14:39:00,CE,ATM+1,6.168148,38393675,26000.0,25934.8,0.9,1.35,0.9,1.35,10287000,1767085740
2025-12-30 14:40:00,CE,ATM+1,5.87832,38393675,26000.0,25932.5,1.2,1.35,0.95,0.95,17338350,1767085800
2025-12-30 14:41:00,CE,ATM+1,6.0591,38718575,26000.0,25928.1,0.9,0.95,0.75,0.85,9092550,1767085860
2025-12-30 14:42:00,CE,ATM+1,5.86897,38718575,26000.0,25933.75,0.8,1.1,0.8,1.0,5521125,1767085920
2025-12-30 14:43:00,CE,ATM+1,5.7104,38718575,26000.0,25945.45,1.0,1.7,1.0,1.7,36328500,1767085980
2025-12-30 14:44:00,CE,ATM+1,5.840236,39986925,26000.0,25942.8,1.6,1.85,1.2,1.6,24383775,1767086040
2025-12-30 14:45:00,CE,ATM+1,6.005007,39986925,26000.0,25933.9,1.5,1.7,1.0,1.1,20400375,1767086100
2025-12-30 14:46:00,CE,ATM+1,5.876964,39986925,26000.0,25937.3,1.1,1.45,1.1,1.2,13867125,1767086160
2025-12-30 14:47:00,CE,ATM+1,5.875273,40581900,26000.0,25944.35,1.25,1.75,1.2,1.75,14933925,1767086220
2025-12-30 14:48:00,CE,ATM+1,5.655333,40581900,26000.0,25943.15,1.65,1.85,1.3,1.4,16796475,1767086280
2025-12-30 14:49:00,CE,ATM+1,5.409011,40581900,26000.0,25950.25,1.35,1.85,1.3,1.75,16050675,1767086340
2025-12-30 14:50:00,CE,ATM+1,5.444068,42031125,26000.0,25951.85,1.7,2.5,1.55,1.95,25715775,1767086400
2025-12-30 14:51:00,CE,ATM+1,5.365832,42031125,26000.0,25951.45,1.95,2.25,1.7,1.8,20756925,1767086460
2025-12-30 14:52:00,CE,ATM+1,5.361682,42031125,26000.0,25948.45,1.75,1.85,1.35,1.5,17996925,1767086520
2025-12-30 14:53:00,CE,ATM+1,5.485947,44070900,26000.0,25947.0,1.5,1.65,1.3,1.5,13504500,1767086580
2025-12-30 14:54:00,CE,ATM+1,5.244202,44070900,26000.0,25946.45,1.5,1.5,1.05,1.2,14663175,1767086640
2025-12-30 14:55:00,CE,ATM+1,5.321311,44070900,26000.0,25944.15,1.25,1.35,1.05,1.1,15485550,1767086700
2025-12-30 14:56:00,CE,ATM+1,5.383587,42740325,26000.0,25947.4,1.1,1.85,0.9,1.4,22313025,1767086760
2025-12-30 14:57:00,CE,ATM+1,4.880116,42740325,26000.0,25943.6,1.45,1.45,0.7,0.7,25593600,1767086820
2025-12-30 14:58:00,CE,ATM+1,5.344278,42740325,26000.0,25937.15,0.8,0.9,0.65,0.7,21872925,1767086880
2025-12-30 14:59:00,CE,ATM+1,5.422051,42417800,26000.0,25938.2,0.7,1.0,0.7,0.8,20040450,1767086940
2025-12-30 15:00:00,CE,ATM+1,5.716069,42417800,26000.0,25926.85,0.8,0.8,0.45,0.5,20549775,1767087000
2025-12-30 15:01:00,CE,ATM+1,3.343307,30932775,25950.0,25918.5,2.15,2.7,0.9,1.0,75695625,1767087060
2025-12-30 15:02:00,CE,ATM+1,3.027253,34632000,25950.0,25922.8,1.05,1.45,0.8,1.05,68617350,1767087120
2025-12-30 15:03:00,CE,ATM+1,5.319723,35153150,26000.0,25928.2,0.4,0.4,0.35,0.35,6573825,1767087180
2025-12-30 15:04:00,CE,ATM+1,4.79758,35153150,26000.0,25936.45,0.4,0.4,0.3,0.35,3245400,1767087240
2025-12-30 15:05:00,CE,ATM+1,4.046822,33110825,26000.0,25948.0,0.35,0.35,0.3,0.35,3378075,1767087300
2025-12-30 15:06:00,CE,ATM+1,3.737437,33110825,26000.0,25954.05,0.3,0.4,0.3,0.4,5920050,1767087360
2025-12-30 15:07:00,CE,ATM+1,4.930612,33110825,26000.0,25930.55,0.4,0.4,0.25,0.25,8147775,1767087420
2025-12-30 15:08:00,CE,ATM+1,4.141255,32984125,26000.0,25938.1,0.25,0.3,0.15,0.15,7620750,1767087480
2025-12-30 15:09:00,CE,ATM+1,4.007819,32984125,26000.0,25940.45,0.15,0.2,0.1,0.15,4596300,1767087540
2025-12-30 15:10:00,CE,ATM+1,4.537546,32984125,26000.0,25931.6,0.15,0.15,0.1,0.15,1982775,1767087600
2025-12-30 15:11:00,CE,ATM+1,4.538468,30589400,26000.0,25931.7,0.15,0.15,0.1,0.15,1218450,1767087660
2025-12-30 15:12:00,CE,ATM+1,4.536463,30589400,26000.0,25931.85,0.1,0.15,0.1,0.15,1143300,1767087720
2025-12-30 15:13:00,CE,ATM+1,4.09491,30589400,26000.0,25935.55,0.15,0.15,0.1,0.1,960300,1767087780
2025-12-30 15:14:00,CE,ATM+1,3.731572,30397700,26000.0,25942.0,0.1,0.15,0.1,0.1,989550,1767087840
2025-12-30 15:15:00,CE,ATM+1,4.265884,30397700,26000.0,25936.75,0.1,0.15,0.1,0.15,1981350,1767087900
2025-12-30 15:16:00,CE,ATM+1,3.521264,30397700,26000.0,25940.4,0.15,0.15,0.05,0.05,4838325,1767087960
2025-12-30 15:17:00,CE,ATM+1,3.673446,30397700,26000.0,25943.3,0.1,0.1,0.05,0.1,1397625,1767088020
2025-12-30 15:18:00,CE,ATM+1,3.60351,27737950,26000.0,25944.6,0.05,0.1,0.05,0.1,910800,1767088080
2025-12-30 15:19:00,CE,ATM+1,3.86753,27737950,26000.0,25940.15,0.1,0.1,0.05,0.1,633000,1767088140
2025-12-30 15:20:00,CE,ATM+1,3.461717,27737950,26000.0,25941.9,0.1,0.1,0.05,0.05,1860225,1767088200
2025-12-30 15:21:00,CE,ATM+1,3.47254,26889000,26000.0,25941.8,0.1,0.1,0.05,0.05,1133325,1767088260
2025-12-30 15:22:00,CE,ATM+1,3.453453,26889000,26000.0,25942.25,0.05,0.1,0.05,0.05,701025,1767088320
2025-12-30 15:23:00,CE,ATM+1,3.234415,26889000,26000.0,25946.35,0.05,0.1,0.05,0.05,647100,1767088380
2025-12-30 15:24:00,CE,ATM+1,3.442911,26294025,26000.0,25947.9,0.05,0.1,0.05,0.1,621825,1767088440
2025-12-30 15:25:00,CE,ATM+1,3.409847,26294025,26000.0,25948.55,0.05,0.1,0.05,0.1,1499325,1767088500
2025-12-30 15:26:00,CE,ATM+1,3.017508,26294025,26000.0,25955.2,0.1,0.1,0.05,0.1,852375,1767088560
2025-12-30 15:27:00,CE,ATM+1,2.892224,25240900,26000.0,25957.35,0.1,0.1,0.05,0.1,1316925,1767088620
2025-12-30 15:28:00,CE,ATM+1,2.080059,25240900,26000.0,25967.2,0.1,0.1,0.05,0.05,6257100,1767088680
2025-12-30 15:29:00,CE,ATM+1,1.887303,25240900,26000.0,25970.55,0.05,0.1,0.05,0.05,1088100,1767088740
2025-12-23 09:15:00,PE,ATM+1,10.997817,5173875,26200.0,26169.35,70.0,70.0,51.3,57.0,7143675,1766461500
2025-12-23 09:16:00,PE,ATM+1,12.368173,8210925,26200.0,26154.85,58.2,77.65,57.0,70.95,8993100,1766461560
2025-12-23 09:17:00,PE,ATM+1,13.736894,8210925,26200.0,26153.35,71.5,82.25,70.55,76.8,5265900,1766461620
2025-12-23 09:18:00,PE,ATM+1,13.1936,8210925,26200.0,26159.05,78.0,78.0,67.75,71.25,3540000,1766461680
2025-12-23 09:19:00,PE,ATM+1,13.504717,10665900,26200.0,26166.7,72.6,74.15,67.55,67.75,2628750,1766461740
2025-12-23 09:20:00,PE,ATM+1,13.362565,10665900,26200.0,26165.0,66.6,73.3,66.6,68.2,3449400,1766461800
2025-12-23 09:21:00,PE,ATM+1,12.762564,10665900,26200.0,26169.3,68.0,70.25,61.25,63.4,3195525,1766461860
2025-12-23 09:22:00,PE,ATM+1,13.77511,12834525,26200.0,26153.95,63.7,77.5,62.15,76.4,4707975,1766461920
2025-12-23 09:23:00,PE,ATM+1,13.573843,12834525,26200.0,26158.85,75.1,77.05,72.15,72.6,3329100,1766461980
2025-12-23 09:24:00,PE,ATM+1,13.645379,12834525,26200.0,26151.05,72.6,79.75,71.75,77.7,3353700,1766462040
2025-12-23 09:25:00,PE,ATM+1,13.559721,13643025,26200.0,26144.8,78.8,86.7,76.45,81.4,4931775,1766462100
2025-12-23 09:26:00,PE,ATM+1,14.378646,13643025,26200.0,26150.35,81.5,83.1,77.65,80.7,3248625,1766462160
2025-12-23 09:27:00,PE,ATM+1,13.061446,13643025,26200.0,26144.35,79.7,84.6,78.6,79.9,3576675,1766462220
2025-12-23 09:28:00,PE,ATM+1,12.837103,13849650,26200.0,26149.9,80.05,80.2,75.45,75.45,3151575,1766462280
2025-12-23 09:29:00,PE,ATM+1,13.197151,13849650,26200.0,26149.65,76.0,76.85,72.75,76.85,2645550,1766462340
2025-12-23 09:30:00,PE,ATM+1,12.34896,13849650,26200.0,26138.85,77.15,83.7,76.15,81.1,4495575,1766462400
2025-12-23 09:31:00,PE,ATM+1,11.97474,13481775,26200.0,26143.55,81.95,84.3,76.05,76.6,3521400,1766462460
2025-12-23 09:32:00,PE,ATM+1,12.825271,13481775,26200.0,26137.6,77.2,84.95,76.6,83.5,2919150,1766462520
2025-12-23 09:33:00,PE,ATM+1,12.398127,13481775,26200.0,26138.9,83.5,84.15,80.35,81.15,1860900,1766462580
2025-12-23 09:34:00,PE,ATM+1,13.025081,13395225,26200.0,26143.25,80.65,82.75,79.35,80.3,1636125,1766462640
2025-12-23 09:35:00,PE,ATM+1,13.179423,13395225,26200.0,26142.8,80.8,83.5,80.3,81.1,1946400,1766462700
2025-12-23 09:36:00,PE,ATM+1,12.787042,13395225,26200.0,26146.6,79.0,81.3,77.2,77.2,2162100,1766462760
2025-12-23 09:37:00,PE,ATM+1,13.384398,13490775,26200.0,26146.05,77.15,80.75,72.8,79.6,3595950,1766462820
2025-12-23 09:38:00,PE,ATM+1,13.263713,13490775,26200.0,26143.25,80.1,82.75,77.0,81.0,2409750,1766462880
2025-12-23 09:39:00,PE,ATM+1,13.479187,13490775,26200.0,26144.4,80.85,83.0,79.3,80.95,1880175,1766462940
2025-12-23 09:40:00,PE,ATM+1,12.949739,13542600,26200.0,26144.25,81.35,84.25,78.6,79.2,2001375,1766463000
2025-12-23 09:41:00,PE,ATM+1,12.459038,13542600,26200.0,26139.1,79.1,85.0,78.95,81.0,2317350,1766463060
2025-12-23 09:42:00,PE,ATM+1,12.787905,13542600,26200.0,26138.25,81.3,84.4,81.0,82.65,1773525,1766463120
2025-12-23 09:43:00,PE,ATM+1,12.58237,23660175,26150.0,26123.1,49.0,59.75,49.0,59.75,11456325,1766463180
2025-12-23 09:44:00,PE,ATM+1,12.156502,23660175,26150.0,26124.5,59.25,59.75,56.85,57.35,8688000,1766463240
2025-12-23 09:45:00,PE,ATM+1,13.276654,13276425,26200.0,26126.75,93.25,97.65,89.45,92.2,3726225,1766463300
2025-12-23 09:46:00,PE,ATM+1,11.675648,19636500,26150.0,26123.95,56.55,57.65,55.85,55.85,3119100,1766463360
2025-12-23 09:47:00,PE,ATM+1,13.368525,11130525,26200.0,26139.2,91.2,92.45,83.8,83.8,2865675,1766463420
2025-12-23 09:48:00,PE,ATM+1,12.5392,11130525,26200.0,26139.5,84.75,84.8,76.7,80.8,3890250,1766463480
2025-12-23 09:49:00,PE,ATM+1,12.617556,11562525,26200.0,26138.6,80.3,82.8,77.4,81.65,2167275,1766463540
2025-12-23 09:50:00,PE,ATM+1,13.236185,11562525,26200.0,26141.15,82.4,84.75,80.6,81.95,2109450,1766463600
2025-12-23 09:51:00,PE,ATM+1,13.875048,11562525,26200.0,26142.4,82.0,84.15,79.3,83.25,1372275,1766463660
2025-12-23 09:52:00,PE,ATM+1,13.412949,11686275,26200.0,26141.65,83.05,84.7,80.95,82.15,1426200,1766463720
2025-12-23 09:53:00,PE,ATM+1,13.816427,11686275,26200.0,26144.35,81.85,82.15,79.1,81.7,1254450,1766463780
2025-12-23 09:54:00,PE,ATM+1,13.516978,11686275,26200.0,26147.7,81.6,82.15,77.65,78.45,1312575,1766463840
2025-12-23 09:55:00,PE,ATM+1,12.875169,12534900,26200.0,26152.65,78.2,80.5,72.3,73.0,2904450,1766463900
2025-12-23 09:56:00,PE,ATM+1,12.426025,12534900,26200.0,26161.6,72.9,73.3,63.6,65.75,5214675,1766463960
2025-12-23 09:57:00,PE,ATM+1,12.118644,12534900,26200.0,26170.9,64.6,65.75,56.9,59.0,4548675,1766464020
2025-12-23 09:58:00,PE,ATM+1,11.62561,13657425,26200.0,26174.55,59.2,60.2,53.95,55.05,4014525,1766464080
2025-12-23 09:59:00,PE,ATM+1,11.379443,13657425,26200.0,26174.0,55.3,57.7,54.45,54.45,3330450,1766464140
2025-12-23 10:00:00,PE,ATM+1,11.026482,13657425,26200.0,26173.4,54.4,55.95,52.5,53.5,3320025,1766464200
2025-12-23 10:01:00,PE,ATM+1,11.131452,4282875,26250.0,26179.2,89.2,89.65,82.15,83.45,1551675,1766464260
2025-12-23 10:02:00,PE,ATM+1,11.050234,4282875,26250.0,26182.7,84.0,85.6,79.2,80.6,1078575,1766464320
2025-12-23 10:03:00,PE,ATM+1,11.375671,4282875,26250.0,26183.35,80.6,82.25,79.35,81.1,885225,1766464380
2025-12-23 10:04:00,PE,ATM+1,11.648168,4778475,26250.0,26181.65,81.15,83.4,79.95,83.15,759675,1766464440
2025-12-23 10:05:00,PE,ATM+1,11.557809,4778475,26250.0,26182.75,83.65,83.65,79.85,82.05,585375,1766464500
2025-12-23 10:06:00,PE,ATM+1,11.369825,4778475,26250.0,26179.95,81.85,85.85,81.5,83.5,905400,1766464560
2025-12-23 10:07:00,PE,ATM+1,11.280121,4945350,26250.0,26179.15,83.95,86.2,82.8,83.8,726375,1766464620
2025-12-23 10:08:00,PE,ATM+1,11.435702,4945350,26250.0,26186.15,83.65,84.3,76.4,79.15,1347675,1766464680
2025-12-23 10:09:00,PE,ATM+1,11.383988,4945350,26250.0,26186.45,78.95,80.45,76.95,78.75,578175,1766464740
2025-12-23 10:10:00,PE,ATM+1,11.915901,5344950,26250.0,26190.65,78.4,79.65,77.45,77.45,537300,1766464800
2025-12-23 10:11:00,PE,ATM+1,11.102547,5344950,26250.0,26193.75,77.35,78.1,71.05,72.65,1530675,1766464860
2025-12-23 10:12:00,PE,ATM+1,11.257559,5344950,26250.0,26194.65,72.7,73.9,71.7,72.5,841800,1766464920
2025-12-23 10:13:00,PE,ATM+1,10.822964,5616450,26250.0,26188.7,72.5,75.45,71.3,75.3,914925,1766464980
2025-12-23 10:14:00,PE,ATM+1,11.031039,5616450,26250.0,26184.65,75.8,79.45,75.3,78.85,1116975,1766465040
2025-12-23 10:15:00,PE,ATM+1,10.608553,5616450,26250.0,26182.5,78.35,80.4,76.4,79.15,1125975,1766465100
2025-12-23 10:16:00,PE,ATM+1,10.238027,5741175,26250.0,26184.5,78.2,79.15,76.45,76.55,471150,1766465160
2025-12-23 10:17:00,PE,ATM+1,10.867008,5741175,26250.0,26182.8,76.7,79.7,75.85,79.65,463950,1766465220
2025-12-23 10:18:00,PE,ATM+1,10.695701,5741175,26250.0,26177.9,78.9,82.9,78.75,82.8,1145925,1766465280
2025-12-23 10:19:00,PE,ATM+1,10.282352,23059575,26200.0,26170.0,47.55,53.35,47.5,52.4,8064450,1766465340
2025-12-23 10:20:00,PE,ATM+1,9.95709,23059575,26200.0,26166.45,52.25,54.65,51.6,53.45,6703050,1766465400
2025-12-23 10:21:00,PE,ATM+1,8.871794,23059575,26200.0,26165.55,53.45,54.6,50.15,50.3,5030100,1766465460
2025-12-23 10:22:00,PE,ATM+1,9.934824,21978525,26200.0,26166.65,50.35,53.8,50.25,53.2,2955150,1766465520
2025-12-23 10:23:00,PE,ATM+1,10.000027,21978525,26200.0,26165.7,53.0,54.1,51.75,54.0,2220225,1766465580
2025-12-23 10:24:00,PE,ATM+1,9.792831,21978525,26200.0,26167.15,54.3,54.3,51.6,52.35,2465175,1766465640
2025-12-23 10:25:00,PE,ATM+1,9.52467,21054525,26200.0,26169.55,52.1,52.35,47.05,49.9,4765725,1766465700
2025-12-23 10:26:00,PE,ATM+1,9.854974,21054525,26200.0,26172.6,50.75,52.35,48.05,49.15,2774625,1766465760
2025-12-23 10:27:00,PE,ATM+1,10.471966,21054525,26200.0,26169.85,48.75,53.7,48.0,52.95,2717325,1766465820
2025-12-23 10:28:00,PE,ATM+1,10.582129,20133375,26200.0,26165.1,52.9,58.2,52.05,56.25,4935450,1766465880
2025-12-23 10:29:00,PE,ATM+1,10.233905,20133375,26200.0,26172.6,56.7,57.15,49.9,50.4,4136625,1766465940
2025-12-23 10:30:00,PE,ATM+1,10.10591,20133375,26200.0,26172.15,50.45,52.25,50.0,50.2,2228025,1766466000
2025-12-23 10:31:00,PE,ATM+1,10.615787,20357175,26200.0,26170.5,50.3,53.5,49.85,52.95,1830300,1766466060
2025-12-23 10:32:00,PE,ATM+1,11.373779,4882800,26250.0,26176.1,91.35,91.35,84.8,85.8,519975,1766466120
2025-12-23 10:33:00,PE,ATM+1,10.515332,20357175,26200.0,26173.15,48.45,51.0,48.4,50.95,1542000,1766466180
2025-12-23 10:34:00,PE,ATM+1,10.773486,19998375,26200.0,26167.75,50.9,55.25,50.8,55.1,2968725,1766466240
2025-12-23 10:35:00,PE,ATM+1,10.121689,19998375,26200.0,26168.05,54.25,55.55,51.45,52.65,2778225,1766466300
2025-12-23 10:36:00,PE,ATM+1,10.721723,19998375,26200.0,26166.25,53.2,55.8,51.95,55.8,2059200,1766466360
2025-12-23 10:37:00,PE,ATM+1,10.278467,20109900,26200.0,26163.2,56.1,57.0,53.75,56.2,2723100,1766466420
2025-12-23 10:38:00,PE,ATM+1,10.102108,20109900,26200.0,26164.5,56.75,57.0,52.65,54.75,2398425,1766466480
2025-12-23 10:39:00,PE,ATM+1,10.097521,20109900,26200.0,26168.0,54.7,55.0,51.85,52.5,1812975,1766466540
2025-12-23 10:40:00,PE,ATM+1,10.205721,20338875,26200.0,26167.35,52.45,54.45,52.35,53.25,1161825,1766466600
2025-12-23 10:41:00,PE,ATM+1,12.101547,4800825,26250.0,26176.55,90.95,92.15,85.5,87.35,849675,1766466660
2025-12-23 10:42:00,PE,ATM+1,10.748819,4800825,26250.0,26179.5,86.95,87.35,81.0,81.25,926025,1766466720
2025-12-23 10:43:00,PE,ATM+1,11.394784,4825275,26250.0,26178.65,81.0,84.75,80.8,83.7,551400,1766466780
2025-12-23 10:44:00,PE,ATM+1,10.530842,4825275,26250.0,26180.95,84.25,84.6,79.3,79.5,600900,1766466840
2025-12-23 10:45:00,PE,ATM+1,11.351705,4825275,26250.0,26182.6,79.05,82.45,79.05,80.6,536625,1766466900
2025-12-23 10:46:00,PE,ATM+1,11.749016,5079525,26250.0,26183.35,80.9,81.7,77.9,81.2,630525,1766466960
2025-12-23 10:47:00,PE,ATM+1,11.163501,5079525,26250.0,26182.0,81.35,82.9,79.7,80.45,464850,1766467020
2025-12-23 10:48:00,PE,ATM+1,11.548917,5079525,26250.0,26178.35,80.8,84.35,78.65,84.25,548325,1766467080
2025-12-23 10:49:00,PE,ATM+1,11.12991,5146350,26250.0,26180.2,83.85,84.65,81.1,81.65,517350,1766467140
2025-12-23 10:50:00,PE,ATM+1,10.641705,5146350,26250.0,26181.0,81.25,81.65,79.5,79.65,407550,1766467200
2025-12-23 10:51:00,PE,ATM+1,11.884098,5146350,26250.0,26186.65,79.45,80.1,77.7,79.1,534675,1766467260
2025-12-23 10:52:00,PE,ATM+1,11.430794,5396775,26250.0,26182.35,79.0,81.35,78.35,80.85,421200,1766467320
2025-12-23 10:53:00,PE,ATM+1,11.17206,5396775,26250.0,26181.85,80.8,81.75,78.8,80.45,363000,1766467380
2025-12-23 10:54:00,PE,ATM+1,10.903358,5396775,26250.0,26180.8,81.05,83.3,80.45,80.45,522300,1766467440
2025-12-23 10:55:00,PE,ATM+1,10.682286,5479050,26250.0,26180.55,80.5,81.55,79.35,80.0,347550,1766467500
2025-12-23 10:56:00,PE,ATM+1,10.989746,5479050,26250.0,26178.15,79.95,82.7,79.4,82.65,295200,1766467560
2025-12-23 10:57:00,PE,ATM+1,10.275903,5479050,26250.0,26178.4,82.5,82.65,80.45,80.5,340500,1766467620
2025-12-23 10:58:00,PE,ATM+1,10.295456,5641500,26250.0,26179.35,80.55,81.25,77.55,79.8,581250,1766467680
2025-12-23 10:59:00,PE,ATM+1,10.258564,5641500,26250.0,26178.55,80.05,81.2,79.35,80.3,230925,1766467740
2025-12-23 11:00:00,PE,ATM+1,10.122294,5641500,26250.0,26180.45,80.35,80.8,77.2,78.45,459825,1766467800
2025-12-23 11:01:00,PE,ATM+1,11.35345,5815575,26250.0,26183.25,78.35,80.75,78.35,79.75,581925,1766467860
2025-12-23 11:02:00,PE,ATM+1,10.329335,5815575,26250.0,26176.85,79.55,81.75,78.8,81.75,540975,1766467920
2025-12-23 11:03:00,PE,ATM+1,9.878125,5815575,26250.0,26176.3,81.25,82.15,80.0,81.0,597075,1766467980
2025-12-23 11:04:00,PE,ATM+1,10.11588,5630550,26250.0,26176.35,81.05,84.8,81.0,81.55,853125,1766468040
2025-12-23 11:05:00,PE,ATM+1,9.956606,5630550,26250.0,26180.15,80.9,81.55,77.45,78.15,767700,1766468100
2025-12-23 11:06:00,PE,ATM+1,10.312473,5630550,26250.0,26180.9,78.25,79.4,77.15,78.5,380625,1766468160
2025-12-23 11:07:00,PE,ATM+1,11.161175,5851650,26250.0,26183.6,78.7,78.85,75.2,78.8,879825,1766468220
2025-12-23 11:08:00,PE,ATM+1,10.881866,5851650,26250.0,26183.85,78.5,79.55,77.6,77.8,328950,1766468280
2025-12-23 11:09:00,PE,ATM+1,10.995699,5851650,26250.0,26187.65,77.5,77.8,74.55,75.3,602025,1766468340
2025-12-23 11:10:00,PE,ATM+1,10.247076,5921925,26250.0,26191.7,75.05,75.7,70.1,70.15,1223925,1766468400
2025-12-23 11:11:00,PE,ATM+1,11.506598,5921925,26250.0,26191.7,72.45,74.8,70.15,73.85,737475,1766468460
2025-12-23 11:12:00,PE,ATM+1,11.051322,5921925,26250.0,26192.7,73.65,75.2,71.75,71.75,541050,1766468520
2025-12-23 11:13:00,PE,ATM+1,11.203928,6073050,26250.0,26191.55,71.65,74.25,71.65,73.0,405000,1766468580
2025-12-23 11:14:00,PE,ATM+1,11.317413,6073050,26250.0,26189.75,73.7,75.2,73.0,74.6,317625,1766468640
2025-12-23 11:15:00,PE,ATM+1,11.200133,6073050,26250.0,26190.0,74.15,74.6,72.1,74.05,481875,1766468700
2025-12-23 11:16:00,PE,ATM+1,11.016728,6130725,26250.0,26189.5,74.4,76.2,73.35,73.85,513975,1766468760
2025-12-23 11:17:00,PE,ATM+1,10.345308,6130725,26250.0,26186.4,73.95,74.95,73.35,74.2,269400,1766468820
2025-12-23 11:18:00,PE,ATM+1,11.117382,6130725,26250.0,26190.95,73.5,74.7,71.1,73.05,584925,1766468880
2025-12-23 11:19:00,PE,ATM+1,11.271891,6343050,26250.0,26195.3,72.9,74.05,68.4,70.4,1094925,1766468940
2025-12-23 11:20:00,PE,ATM+1,10.615454,6343050,26250.0,26192.8,70.0,72.4,69.95,70.2,586800,1766469000
2025-12-23 11:21:00,PE,ATM+1,11.0408,6343050,26250.0,26194.95,69.85,70.95,68.85,69.9,504900,1766469060
2025-12-23 11:22:00,PE,ATM+1,10.719058,6499050,26250.0,26192.6,69.8,71.35,69.1,70.6,326400,1766469120
2025-12-23 11:23:00,PE,ATM+1,10.748045,6499050,26250.0,26191.3,69.75,71.6,69.75,71.6,326550,1766469180
2025-12-23 11:24:00,PE,ATM+1,11.066927,6499050,26250.0,26194.6,72.15,72.15,69.85,70.15,314775,1766469240
2025-12-23 11:25:00,PE,ATM+1,11.05862,6704100,26250.0,26195.45,70.1,71.2,69.15,69.5,316725,1766469300
2025-12-23 11:26:00,PE,ATM+1,10.813871,6704100,26250.0,26191.95,68.65,72.4,66.0,71.25,1193850,1766469360
2025-12-23 11:27:00,PE,ATM+1,10.926577,6704100,26250.0,26191.4,71.0,73.45,71.0,71.95,646275,1766469420
2025-12-23 11:28:00,PE,ATM+1,11.162242,6661125,26250.0,26187.55,72.1,75.5,69.7,75.4,813150,1766469480
2025-12-23 11:29:00,PE,ATM+1,11.489121,6661125,26250.0,26191.25,75.55,75.9,72.5,73.65,806550,1766469540
2025-12-23 11:30:00,PE,ATM+1,10.266866,6661125,26250.0,26187.75,73.3,74.85,72.0,72.7,574350,1766469600
2025-12-23 11:31:00,PE,ATM+1,10.247941,6576450,26250.0,26185.0,72.6,74.7,72.1,74.7,397725,1766469660
2025-12-23 11:32:00,PE,ATM+1,10.638497,6576450,26250.0,26184.25,75.05,76.3,73.95,76.3,759450,1766469720
2025-12-23 11:33:00,PE,ATM+1,9.91829,6576450,26250.0,26182.45,76.3,76.35,74.95,75.75,588375,1766469780
2025-12-23 11:34:00,PE,ATM+1,10.042458,6378150,26250.0,26183.1,76.0,77.25,75.4,75.55,688350,1766469840
2025-12-23 11:35:00,PE,ATM+1,9.171286,27376950,26200.0,26174.95,38.2,43.75,38.2,43.75,5734275,1766469900
2025-12-23 11:36:00,PE,ATM+1,9.036955,27376950,26200.0,26174.6,43.85,46.65,42.3,43.5,7889175,1766469960
2025-12-23 11:37:00,PE,ATM+1,10.331374,5941875,26250.0,26175.7,82.1,83.05,81.1,82.0,593325,1766470020
2025-12-23 11:38:00,PE,ATM+1,9.885716,26350725,26200.0,26172.45,43.2,47.7,43.0,47.55,4642200,1766470080
2025-12-23 11:39:00,PE,ATM+1,9.40726,26350725,26200.0,26171.35,47.0,47.85,45.0,46.65,4154175,1766470140
2025-12-23 11:40:00,PE,ATM+1,9.692129,25398675,26200.0,26169.75,46.6,49.05,46.6,48.55,5488500,1766470200
2025-12-23 11:41:00,PE,ATM+1,9.47385,25398675,26200.0,26170.5,48.25,49.85,47.3,47.35,4029375,1766470260
2025-12-23 11:42:00,PE,ATM+1,8.89743,25398675,26200.0,26167.9,47.7,48.35,46.65,47.15,2400450,1766470320
2025-12-23 11:43:00,PE,ATM+1,9.628318,24797775,26200.0,26170.1,47.0,48.05,43.05,48.05,4893075,1766470380
2025-12-23 11:44:00,PE,ATM+1,10.084117,24797775,26200.0,26170.25,47.95,49.4,47.65,49.4,4039425,1766470440
2025-12-23 11:45:00,PE,ATM+1,9.7302,24797775,26200.0,26169.35,49.0,49.95,47.2,48.8,3535575,1766470500
2025-12-23 11:46:00,PE,ATM+1,9.42489,23886075,26200.0,26168.8,49.1,53.8,48.0,48.15,6407775,1766470560
2025-12-23 11:47:00,PE,ATM+1,9.022378,23886075,26200.0,26164.75,47.95,50.6,47.8,49.5,2696175,1766470620
2025-12-23 11:48:00,PE,ATM+1,8.606132,23886075,26200.0,26161.8,49.85,52.05,49.15,50.2,3152400,1766470680
2025-12-23 11:49:00,PE,ATM+1,8.293596,24182250,26200.0,26161.65,50.4,51.55,48.4,49.35,3149850,1766470740
2025-12-23 11:50:00,PE,ATM+1,9.434977,24182250,26200.0,26168.7,49.75,49.85,46.6,48.15,3576300,1766470800
2025-12-23 11:51:00,PE,ATM+1,9.186795,24182250,26200.0,26171.2,48.25,48.25,45.35,45.75,2481825,1766470860
2025-12-23 11:52:00,PE,ATM+1,11.335325,5037750,26250.0,26178.65,85.55,88.0,81.95,81.95,836550,1766470920
2025-12-23 11:53:00,PE,ATM+1,11.275526,5037750,26250.0,26180.65,82.6,83.45,79.0,80.25,939900,1766470980
2025-12-23 11:54:00,PE,ATM+1,10.62403,5037750,26250.0,26178.95,79.55,81.0,78.0,79.85,583050,1766471040
2025-12-23 11:55:00,PE,ATM+1,10.813991,5196075,26250.0,26177.35,79.5,82.0,78.65,81.55,579975,1766471100
2025-12-23 11:56:00,PE,ATM+1,10.781341,5196075,26250.0,26181.1,82.15,82.15,78.35,78.55,604725,1766471160
2025-12-23 11:57:00,PE,ATM+1,10.99243,5196075,26250.0,26182.25,78.7,79.75,77.35,78.2,449400,1766471220
2025-12-23 11:58:00,PE,ATM+1,10.659075,5274300,26250.0,26176.65,77.9,81.65,76.85,81.65,547275,1766471280
2025-12-23 11:59:00,PE,ATM+1,9.975711,5274300,26250.0,26177.95,81.35,82.25,78.9,78.95,624450,1766471340
2025-12-23 12:00:00,PE,ATM+1,9.75547,5274300,26250.0,26180.35,78.75,79.1,76.5,76.5,448200,1766471400
2025-12-23 12:01:00,PE,ATM+1,10.988138,5455725,26250.0,26183.7,76.85,78.95,76.25,77.0,455700,1766471460
2025-12-23 12:02:00,PE,ATM+1,10.602865,5455725,26250.0,26183.4,77.0,77.65,76.15,76.2,489300,1766471520
2025-12-23 12:03:00,PE,ATM+1,10.456773,5455725,26250.0,26184.45,76.05,76.2,74.75,75.0,584400,1766471580
2025-12-23 12:04:00,PE,ATM+1,10.306646,5634975,26250.0,26187.0,74.55,75.25,70.65,72.65,1158300,1766471640
2025-12-23 12:05:00,PE,ATM+1,9.831106,5634975,26250.0,26185.9,72.65,73.8,71.75,72.25,602025,1766471700
2025-12-23 12:06:00,PE,ATM+1,10.594627,5634975,26250.0,26188.15,72.75,73.8,72.0,72.5,411300,1766471760
2025-12-23 12:07:00,PE,ATM+1,9.78528,5823675,26250.0,26184.35,72.7,74.0,72.25,73.3,486150,1766471820
2025-12-23 12:08:00,PE,ATM+1,10.288292,5823675,26250.0,26187.55,73.2,73.75,71.4,72.1,371475,1766471880
2025-12-23 12:09:00,PE,ATM+1,10.211923,5823675,26250.0,26188.25,71.85,72.9,71.0,71.35,342375,1766471940
2025-12-23 12:10:00,PE,ATM+1,10.908235,5944050,26250.0,26188.75,71.75,73.1,71.35,72.8,288600,1766472000
2025-12-23 12:11:00,PE,ATM+1,9.857009,5944050,26250.0,26189.75,72.9,72.9,67.9,69.25,1027725,1766472060
2025-12-23 12:12:00,PE,ATM+1,9.822413,5944050,26250.0,26194.4,68.1,69.25,63.7,65.65,1504125,1766472120
2025-12-23 12:13:00,PE,ATM+1,10.233983,6277125,26250.0,26192.15,65.8,69.15,65.55,68.4,955425,1766472180
2025-12-23 12:14:00,PE,ATM+1,10.236019,6277125,26250.0,26187.4,68.7,72.6,68.4,71.95,1101375,1766472240
2025-12-23 12:15:00,PE,ATM+1,10.570971,6277125,26250.0,26189.8,71.8,71.95,70.1,71.0,672675,1766472300
2025-12-23 12:16:00,PE,ATM+1,10.473508,6302100,26250.0,26186.7,71.2,73.2,70.25,73.05,673875,1766472360
2025-12-23 12:17:00,PE,ATM+1,10.322116,6302100,26250.0,26185.05,72.8,73.9,71.5,73.9,766650,1766472420
2025-12-23 12:18:00,PE,ATM+1,9.687207,6302100,26250.0,26182.2,74.0,74.85,72.3,74.55,744450,1766472480
2025-12-23 12:19:00,PE,ATM+1,9.785617,6412200,26250.0,26186.05,74.55,74.7,71.15,71.75,735225,1766472540
2025-12-23 12:20:00,PE,ATM+1,9.629597,6412200,26250.0,26185.6,71.15,72.05,68.75,71.7,887625,1766472600
2025-12-23 12:21:00,PE,ATM+1,9.169441,6412200,26250.0,26184.95,71.6,71.8,70.7,71.1,308100,1766472660
2025-12-23 12:22:00,PE,ATM+1,8.834054,6602850,26250.0,26186.15,71.05,71.1,68.25,69.35,515325,1766472720
2025-12-23 12:23:00,PE,ATM+1,8.87819,6602850,26250.0,26184.45,69.3,71.1,68.85,70.8,370950,1766472780
2025-12-23 12:24:00,PE,ATM+1,9.294493,6602850,26250.0,26185.95,71.55,72.75,69.55,70.55,606000,1766472840
2025-12-23 12:25:00,PE,ATM+1,8.737158,6602850,26250.0,26183.9,70.4,72.2,69.6,70.9,353925,1766472900
2025-12-23 12:26:00,PE,ATM+1,8.547723,6726900,26250.0,26182.95,70.8,71.5,70.3,71.25,182550,1766472960
2025-12-23 12:27:00,PE,ATM+1,8.355438,6726900,26250.0,26180.7,71.0,72.7,70.9,72.7,309825,1766473020
2025-12-23 12:28:00,PE,ATM+1,8.777965,6726900,26250.0,26177.1,72.6,76.8,72.5,76.55,1235250,1766473080
2025-12-23 12:29:00,PE,ATM+1,8.745168,6433125,26250.0,26176.35,76.85,77.85,75.3,77.1,930300,1766473140
2025-12-23 12:30:00,PE,ATM+1,7.965079,6433125,26250.0,26175.5,77.1,77.5,75.5,76.35,683850,1766473200
2025-12-23 12:31:00,PE,ATM+1,6.413909,28939575,26200.0,26171.7,36.15,37.65,34.9,36.2,3633750,1766473260
2025-12-23 12:32:00,PE,ATM+1,6.041256,29416350,26200.0,26170.95,36.3,36.45,34.8,35.65,2460375,1766473320
2025-12-23 12:33:00,PE,ATM+1,5.743544,29416350,26200.0,26169.85,35.35,36.3,34.95,35.6,2335725,1766473380
2025-12-23 12:34:00,PE,ATM+1,4.551706,29416350,26200.0,26167.1,35.45,35.6,33.5,34.65,3455400,1766473440
2025-12-23 12:35:00,PE,ATM+1,5.149625,30073950,26200.0,26170.25,35.1,35.15,32.9,33.7,2921625,1766473500
2025-12-23 12:36:00,PE,ATM+1,6.30749,6328725,26250.0,26178.1,73.0,73.1,68.7,71.45,1263525,1766473560
2025-12-23 12:37:00,PE,ATM+1,6.227058,6328725,26250.0,26178.75,71.0,71.5,69.35,70.75,414075,1766473620
2025-12-23 12:38:00,PE,ATM+1,7.018043,6284850,26250.0,26178.6,70.7,72.2,70.5,72.0,441450,1766473680
2025-12-23 12:39:00,PE,ATM+1,5.957153,29182425,26200.0,26171.55,33.0,36.0,32.75,34.9,4334475,1766473740
2025-12-23 12:40:00,PE,ATM+1,5.745411,6284850,26250.0,26175.25,75.05,75.1,71.45,73.45,566775,1766473800
2025-12-23 12:41:00,PE,ATM+1,5.416744,6294675,26250.0,26175.1,73.7,74.7,72.3,73.3,392100,1766473860
2025-12-23 12:42:00,PE,ATM+1,7.938309,6294675,26250.0,26176.7,73.4,75.25,72.05,75.15,413475,1766473920
2025-12-23 12:43:00,PE,ATM+1,6.837404,29525175,26200.0,26173.75,35.4,36.7,34.25,35.85,2561550,1766473980
2025-12-23 12:44:00,PE,ATM+1,6.840677,6080700,26250.0,26175.65,76.3,76.85,74.15,74.35,463350,1766474040
2025-12-23 12:45:00,PE,ATM+1,6.984734,6080700,26250.0,26175.7,74.1,75.15,73.9,74.5,328725,1766474100
2025-12-23 12:46:00,PE,ATM+1,7.629809,6080700,26250.0,26180.95,74.35,75.35,70.45,70.9,549225,1766474160
2025-12-23 12:47:00,PE,ATM+1,10.303803,6080175,26250.0,26185.85,71.2,72.6,70.45,72.6,627825,1766474220
2025-12-23 12:48:00,PE,ATM+1,10.237159,6080175,26250.0,26186.65,72.7,73.6,70.95,71.8,432900,1766474280
2025-12-23 12:49:00,PE,ATM+1,11.024611,6080175,26250.0,26186.55,71.75,74.35,71.6,73.8,361500,1766474340
2025-12-23 12:50:00,PE,ATM+1,11.277595,6088050,26250.0,26189.05,73.6,73.8,72.0,72.55,296550,1766474400
2025-12-23 12:51:00,PE,ATM+1,11.905804,6088050,26250.0,26192.8,72.0,73.35,71.05,71.45,404325,1766474460
2025-12-23 12:52:00,PE,ATM+1,11.067167,6088050,26250.0,26185.8,71.25,74.9,70.75,74.4,647400,1766474520
2025-12-23 12:53:00,PE,ATM+1,9.66795,6069825,26250.0,26185.5,74.7,75.0,69.9,71.25,896100,1766474580
2025-12-23 12:54:00,PE,ATM+1,9.673831,6069825,26250.0,26186.7,71.25,71.75,68.9,70.3,598725,1766474640
2025-12-23 12:55:00,PE,ATM+1,10.171873,6069825,26250.0,26188.85,70.05,70.95,68.8,69.8,579525,1766474700
2025-12-23 12:56:00,PE,ATM+1,10.64784,6464475,26250.0,26189.05,70.05,70.8,68.1,70.8,648150,1766474760
2025-12-23 12:57:00,PE,ATM+1,10.410245,6464475,26250.0,26187.2,70.6,72.15,69.4,71.6,603300,1766474820
2025-12-23 12:58:00,PE,ATM+1,9.349989,6464475,26250.0,26186.05,71.6,71.65,69.7,70.0,367050,1766474880
2025-12-23 12:59:00,PE,ATM+1,7.913645,6542025,26250.0,26182.8,69.9,70.4,68.0,69.7,661500,1766474940
2025-12-23 13:00:00,PE,ATM+1,9.754629,6542025,26250.0,26192.35,69.15,70.0,65.0,66.0,1137975,1766475000
2025-12-23 13:01:00,PE,ATM+1,10.352748,6542025,26250.0,26193.3,65.8,67.7,64.3,66.75,1423575,1766475060
2025-12-23 13:02:00,PE,ATM+1,10.418772,6986850,26250.0,26189.7,66.55,70.65,65.75,69.6,1111050,1766475120
2025-12-23 13:03:00,PE,ATM+1,10.049883,6986850,26250.0,26188.05,69.4,70.0,67.7,69.95,617325,1766475180
2025-12-23 13:04:00,PE,ATM+1,9.812513,6986850,26250.0,26186.35,69.7,70.8,69.25,70.7,558900,1766475240
2025-12-23 13:05:00,PE,ATM+1,9.461362,6935475,26250.0,26184.95,70.4,71.7,69.0,71.0,666300,1766475300
2025-12-23 13:06:00,PE,ATM+1,8.519471,6935475,26250.0,26184.15,71.2,71.2,68.1,69.65,554325,1766475360
2025-12-23 13:07:00,PE,ATM+1,9.009243,6935475,26250.0,26185.8,69.35,70.5,68.45,69.3,345750,1766475420
2025-12-23 13:08:00,PE,ATM+1,9.221437,6872175,26250.0,26186.1,69.1,70.55,69.05,69.5,401550,1766475480
2025-12-23 13:09:00,PE,ATM+1,9.389933,6872175,26250.0,26189.45,69.35,69.7,66.65,67.2,624075,1766475540
2025-12-23 13:10:00,PE,ATM+1,9.291696,6872175,26250.0,26189.65,67.05,67.25,65.05,66.8,948000,1766475600
2025-12-23 13:11:00,PE,ATM+1,9.854271,7121850,26250.0,26189.95,67.0,68.4,66.8,67.85,552150,1766475660
2025-12-23 13:12:00,PE,ATM+1,9.413215,7121850,26250.0,26189.0,67.9,68.8,67.1,67.55,348525,1766475720
2025-12-23 13:13:00,PE,ATM+1,9.123899,7121850,26250.0,26186.85,67.8,69.2,67.4,68.6,328725,1766475780
2025-12-23 13:14:00,PE,ATM+1,10.730211,7013325,26250.0,26186.65,68.8,72.5,68.35,72.4,673125,1766475840
2025-12-23 13:15:00,PE,ATM+1,8.282916,7013325,26250.0,26182.8,72.4,72.8,70.0,70.2,897000,1766475900
2025-12-23 13:16:00,PE,ATM+1,8.428606,7013325,26250.0,26190.65,70.15,70.65,64.0,64.0,1228425,1766475960
2025-12-23 13:17:00,PE,ATM+1,9.399254,7049700,26250.0,26193.65,64.0,64.85,61.6,63.8,1468725,1766476020
2025-12-23 13:18:00,PE,ATM+1,9.324841,7049700,26250.0,26190.7,63.65,66.1,63.5,65.9,849075,1766476080
2025-12-23 13:19:00,PE,ATM+1,8.510253,7049700,26250.0,26190.25,65.95,66.4,64.45,64.45,589125,1766476140
2025-12-23 13:20:00,PE,ATM+1,8.695934,7243575,26250.0,26190.35,64.65,65.8,63.7,64.75,528675,1766476200
2025-12-23 13:21:00,PE,ATM+1,8.419549,7243575,26250.0,26187.65,65.0,66.55,64.75,66.35,477375,1766476260
2025-12-23 13:22:00,PE,ATM+1,9.094004,7243575,26250.0,26189.7,66.35,67.05,65.35,66.1,408300,1766476320
2025-12-23 13:23:00,PE,ATM+1,9.374593,7215750,26250.0,26188.25,66.5,67.9,66.1,67.85,536850,1766476380
2025-12-23 13:24:00,PE,ATM+1,9.42217,7215750,26250.0,26186.85,67.7,69.7,67.7,69.05,703050,1766476440
2025-12-23 13:25:00,PE,ATM+1,9.184063,7215750,26250.0,26189.0,69.2,69.75,66.0,66.8,569025,1766476500
2025-12-23 13:26:00,PE,ATM+1,9.759259,7105800,26250.0,26190.1,66.7,67.2,64.8,67.2,499500,1766476560
2025-12-23 13:27:00,PE,ATM+1,9.856228,7105800,26250.0,26191.2,67.05,67.2,65.4,66.55,296025,1766476620
2025-12-23 13:28:00,PE,ATM+1,9.086918,7105800,26250.0,26190.3,66.65,66.65,64.9,65.5,278775,1766476680
2025-12-23 13:29:00,PE,ATM+1,9.369816,7185900,26250.0,26191.9,65.25,65.75,63.4,64.85,705675,1766476740
2025-12-23 13:30:00,PE,ATM+1,9.249962,7185900,26250.0,26191.15,65.05,65.7,63.75,65.15,464625,1766476800
2025-12-23 13:31:00,PE,ATM+1,8.894689,7185900,26250.0,26188.35,64.8,66.75,64.8,66.6,446175,1766476860
2025-12-23 13:32:00,PE,ATM+1,10.740199,7133925,26250.0,26193.3,66.65,67.75,65.7,66.95,821475,1766476920
2025-12-23 13:33:00,PE,ATM+1,9.966603,7133925,26250.0,26190.65,66.9,67.8,66.25,67.1,423675,1766476980
2025-12-23 13:34:00,PE,ATM+1,8.514774,7133925,26250.0,26187.65,67.3,67.75,64.5,66.35,779925,1766477040
2025-12-23 13:35:00,PE,ATM+1,9.169756,7144425,26250.0,26188.05,66.25,67.4,64.55,67.35,473325,1766477100
2025-12-23 13:36:00,PE,ATM+1,9.527028,7144425,26250.0,26188.8,67.35,68.35,66.5,67.5,578850,1766477160
2025-12-23 13:37:00,PE,ATM+1,9.713686,7144425,26250.0,26189.55,67.45,68.1,66.3,67.3,283500,1766477220
2025-12-23 13:38:00,PE,ATM+1,9.16666,7125450,26250.0,26188.1,67.4,67.8,66.6,67.25,250500,1766477280
2025-12-23 13:39:00,PE,ATM+1,10.072871,7125450,26250.0,26187.9,66.95,70.35,66.55,69.35,686250,1766477340
2025-12-23 13:40:00,PE,ATM+1,9.856039,7125450,26250.0,26187.9,69.1,69.35,67.75,68.85,457950,1766477400
2025-12-23 13:41:00,PE,ATM+1,10.74245,7061925,26250.0,26184.7,68.55,74.15,68.0,73.3,836775,1766477460
2025-12-23 13:42:00,PE,ATM+1,10.531158,7061925,26250.0,26190.65,73.35,73.35,66.95,68.2,1427175,1766477520
2025-12-23 13:43:00,PE,ATM+1,10.591128,7061925,26250.0,26184.85,68.6,72.9,67.85,72.8,833550,1766477580
2025-12-23 13:44:00,PE,ATM+1,9.278083,6945975,26250.0,26184.0,72.5,72.8,70.0,70.7,1140750,1766477640
2025-12-23 13:45:00,PE,ATM+1,8.857746,6945975,26250.0,26182.4,70.55,71.55,69.95,71.2,565200,1766477700
2025-12-23 13:46:00,PE,ATM+1,9.532637,6945975,26250.0,26183.6,71.1,71.5,69.75,71.5,512475,1766477760
2025-12-23 13:47:00,PE,ATM+1,9.546488,7044450,26250.0,26184.35,71.2,71.6,68.35,70.9,552750,1766477820
2025-12-23 13:48:00,PE,ATM+1,10.103646,7044450,26250.0,26189.4,70.65,71.4,66.8,68.05,787050,1766477880
2025-12-23 13:49:00,PE,ATM+1,10.317667,7044450,26250.0,26189.15,67.85,68.85,63.75,68.7,1902975,1766477940
2025-12-23 13:50:00,PE,ATM+1,8.98941,7030575,26250.0,26184.35,68.55,71.7,68.55,69.75,1479525,1766478000
2025-12-23 13:51:00,PE,ATM+1,9.051199,7030575,26250.0,26186.3,69.9,71.5,68.25,68.25,685275,1766478060
2025-12-23 13:52:00,PE,ATM+1,10.391135,7030575,26250.0,26191.35,68.2,69.0,66.0,67.1,657375,1766478120
2025-12-23 13:53:00,PE,ATM+1,10.45207,6989325,26250.0,26192.55,66.75,67.85,65.2,66.3,675225,1766478180
2025-12-23 13:54:00,PE,ATM+1,8.748456,6989325,26250.0,26191.15,66.2,67.05,62.6,63.65,1080075,1766478240
2025-12-23 13:55:00,PE,ATM+1,8.424992,6989325,26250.0,26196.85,63.2,64.35,56.1,58.4,2444925,1766478300
2025-12-23 13:56:00,PE,ATM+1,7.658395,7592850,26250.0,26193.75,56.75,60.05,55.4,59.35,1648725,1766478360
2025-12-23 13:57:00,PE,ATM+1,7.523493,7592850,26250.0,26192.0,59.25,60.65,59.05,60.55,1098300,1766478420
2025-12-23 13:58:00,PE,ATM+1,8.172017,7592850,26250.0,26190.0,60.55,65.15,59.75,63.4,1356600,1766478480
2025-12-23 13:59:00,PE,ATM+1,9.227922,7607625,26250.0,26197.8,62.3,65.45,58.65,59.35,1493250,1766478540
2025-12-23 14:00:00,PE,ATM+1,9.473744,7607625,26250.0,26195.05,59.3,62.5,57.4,62.0,1874925,1766478600
2025-12-23 14:01:00,PE,ATM+1,7.679023,7607625,26250.0,26191.8,61.9,63.5,59.9,60.95,1050450,1766478660
2025-12-23 14:02:00,PE,ATM+1,8.750815,7968525,26250.0,26195.8,60.45,61.75,59.5,59.8,493050,1766478720
2025-12-23 14:03:00,PE,ATM+1,9.773834,7968525,26250.0,26200.95,60.05,60.6,56.65,58.15,1231875,1766478780
2025-12-23 14:04:00,PE,ATM+1,8.82546,7968525,26250.0,26198.9,58.4,58.55,56.65,57.5,975525,1766478840
2025-12-23 14:05:00,PE,ATM+1,8.689998,8357700,26250.0,26194.5,57.75,60.85,57.5,60.65,1219275,1766478900
2025-12-23 14:06:00,PE,ATM+1,8.155562,8357700,26250.0,26192.0,60.15,62.0,60.0,61.6,1054200,1766478960
2025-12-23 14:07:00,PE,ATM+1,4.805723,8357700,26250.0,26188.25,61.6,62.6,59.95,60.35,1023750,1766479020
2025-12-23 14:08:00,PE,ATM+1,6.838074,8224725,26250.0,26193.25,60.35,60.8,57.25,58.2,1130850,1766479080
2025-12-23 14:09:00,PE,ATM+1,0.0,8224725,26250.0,26187.95,58.1,61.4,58.1,59.25,947175,1766479140
2025-12-23 14:10:00,PE,ATM+1,10.490932,8224725,26250.0,26201.9,59.5,59.8,57.8,59.0,939525,1766479200
2025-12-23 14:11:00,PE,ATM+1,10.29561,8346150,26250.0,26197.5,58.7,61.8,57.15,61.75,2089275,1766479260
2025-12-23 14:12:00,PE,ATM+1,9.923624,8346150,26250.0,26198.85,62.4,62.4,59.0,59.85,873375,1766479320
2025-12-23 14:13:00,PE,ATM+1,9.25361,8346150,26250.0,26197.75,60.9,61.4,59.15,59.15,596775,1766479380
2025-12-23 14:14:00,PE,ATM+1,4.42377,8392425,26250.0,26203.4,59.05,59.3,45.05,45.8,5084775,1766479440
2025-12-23 14:15:00,PE,ATM+1,7.464543,8392425,26250.0,26218.1,45.95,48.45,37.4,39.8,6393150,1766479500
2025-12-23 14:16:00,PE,ATM+1,8.356559,8392425,26250.0,26218.3,39.05,42.5,38.65,41.9,4744725,1766479560
2025-12-23 14:17:00,PE,ATM+1,8.826487,10611525,26250.0,26223.95,41.1,41.9,37.8,39.35,3665250,1766479620
2025-12-23 14:18:00,PE,ATM+1,12.987681,5779875,26300.0,26231.6,85.45,85.65,76.1,79.75,2231250,1766479680
2025-12-23 14:19:00,PE,ATM+1,6.881483,10611525,26250.0,26221.1,34.7,38.6,33.6,36.15,5439225,1766479740
2025-12-23 14:20:00,PE,ATM+1,6.122619,12822150,26250.0,26219.5,35.5,36.65,34.95,35.45,3409200,1766479800
2025-12-23 14:21:00,PE,ATM+1,0.0,12822150,26250.0,26210.9,35.25,37.85,32.15,35.95,5487450,1766479860
2025-12-23 14:22:00,PE,ATM+1,0.0,12822150,26250.0,26210.6,36.5,36.5,33.85,35.8,3393225,1766479920
2025-12-23 14:23:00,PE,ATM+1,6.039737,14468175,26250.0,26223.15,35.8,35.8,31.55,32.55,4817475,1766479980
2025-12-23 14:24:00,PE,ATM+1,5.971261,14468175,26250.0,26222.0,32.45,34.3,32.4,33.2,2986200,1766480040
2025-12-23 14:25:00,PE,ATM+1,11.567795,7221975,26300.0,26228.2,79.1,79.9,77.95,79.15,543900,1766480100
2025-12-23 14:26:00,PE,ATM+1,6.11095,14525400,26250.0,26219.55,32.15,36.45,32.0,35.3,4513575,1766480160
2025-12-23 14:27:00,PE,ATM+1,7.620957,14525400,26250.0,26223.9,35.45,36.55,34.0,35.95,3471075,1766480220
2025-12-23 14:28:00,PE,ATM+1,6.224238,14525400,26250.0,26214.7,35.85,39.25,35.55,39.2,4448025,1766480280
2025-12-23 14:29:00,PE,ATM+1,4.984244,13920375,26250.0,26213.55,38.75,41.05,37.45,37.65,5529075,1766480340
2025-12-23 14:30:00,PE,ATM+1,5.531734,13920375,26250.0,26211.3,37.05,41.5,36.0,40.5,4865400,1766480400
2025-12-23 14:31:00,PE,ATM+1,4.845435,13920375,26250.0,26208.3,40.2,44.5,39.6,41.9,5426925,1766480460
2025-12-23 14:32:00,PE,ATM+1,5.461047,13642800,26250.0,26207.2,41.8,44.6,41.2,43.8,3929550,1766480520
2025-12-23 14:33:00,PE,ATM+1,5.593737,13642800,26250.0,26201.2,44.15,54.5,43.35,49.2,8962725,1766480580
2025-12-23 14:34:00,PE,ATM+1,0.0,13642800,26250.0,26198.0,48.9,52.7,47.5,49.35,4734375,1766480640
2025-12-23 14:35:00,PE,ATM+1,0.0,12041100,26250.0,26197.7,49.0,51.0,46.45,46.45,3606825,1766480700
2025-12-23 14:36:00,PE,ATM+1,7.103412,12041100,26250.0,26206.25,46.5,49.2,44.8,47.55,4188825,1766480760
2025-12-23 14:37:00,PE,ATM+1,7.523398,12041100,26250.0,26206.3,47.7,49.7,47.55,48.35,2583225,1766480820
2025-12-23 14:38:00,PE,ATM+1,8.803253,11357100,26250.0,26211.4,48.95,49.0,46.3,47.35,1980975,1766480880
2025-12-23 14:39:00,PE,ATM+1,9.272851,11357100,26250.0,26209.65,47.3,53.45,46.9,49.7,4131000,1766480940
2025-12-23 14:40:00,PE,ATM+1,7.502583,11357100,26250.0,26199.1,50.3,55.55,49.35,54.05,4580700,1766481000
2025-12-23 14:41:00,PE,ATM+1,10.325835,10306500,26250.0,26184.1,54.7,72.05,53.95,71.55,9729225,1766481060
2025-12-23 14:42:00,PE,ATM+1,8.640064,10306500,26250.0,26180.8,70.9,72.9,67.8,71.4,5693700,1766481120
2025-12-23 14:43:00,PE,ATM+1,0.0,10306500,26250.0,26176.25,72.3,72.8,66.3,70.5,3572325,1766481180
2025-12-23 14:44:00,PE,ATM+1,4.174514,35964750,26200.0,26167.2,24.4,34.6,23.65,33.1,30304875,1766481240
2025-12-23 14:45:00,PE,ATM+1,4.756129,35964750,26200.0,26163.6,33.95,42.15,33.0,37.1,30018900,1766481300
2025-12-23 14:46:00,PE,ATM+1,9.684057,7968750,26250.0,26177.1,82.5,83.95,73.6,76.15,3442500,1766481360
2025-12-23 14:47:00,PE,ATM+1,6.199623,29964975,26200.0,26174.25,27.95,33.4,24.3,31.75,18046350,1766481420
2025-12-23 14:48:00,PE,ATM+1,9.638023,6002400,26250.0,26176.45,80.1,80.25,75.75,76.6,1568175,1766481480
2025-12-23 14:49:00,PE,ATM+1,8.281369,6002400,26250.0,26180.45,77.2,77.2,70.7,71.1,1656750,1766481540
2025-12-23 14:50:00,PE,ATM+1,0.0,30787650,26200.0,26169.4,23.5,31.55,22.35,28.05,18809325,1766481600
2025-12-23 14:51:00,PE,ATM+1,2.26685,30787650,26200.0,26171.4,28.6,28.7,25.6,27.05,9111300,1766481660
2025-12-23 14:52:00,PE,ATM+1,12.339933,5842725,26250.0,26187.15,75.2,75.9,69.15,72.95,1980225,1766481720
2025-12-23 14:53:00,PE,ATM+1,13.073421,5671125,26250.0,26188.5,73.35,74.0,71.5,73.5,1200825,1766481780
2025-12-23 14:54:00,PE,ATM+1,11.51759,5671125,26250.0,26182.4,73.4,76.95,72.2,74.9,1128600,1766481840
2025-12-23 14:55:00,PE,ATM+1,11.343436,5671125,26250.0,26183.95,74.8,76.7,71.8,73.3,1240425,1766481900
2025-12-23 14:56:00,PE,ATM+1,10.923438,5471250,26250.0,26184.15,73.75,75.55,71.55,72.3,874950,1766481960
2025-12-23 14:57:00,PE,ATM+1,9.561653,5471250,26250.0,26177.6,72.55,78.75,72.3,75.35,1284375,1766482020
2025-12-23 14:58:00,PE,ATM+1,10.664523,5471250,26250.0,26184.35,75.75,75.75,70.7,71.6,1150275,1766482080
2025-12-23 14:59:00,PE,ATM+1,8.747049,5278200,26250.0,26189.1,71.25,71.6,63.75,64.25,2787075,1766482140
2025-12-23 15:00:00,PE,ATM+1,9.638679,5278200,26250.0,26204.2,60.75,64.25,48.75,54.0,7730400,1766482200
2025-12-23 15:01:00,PE,ATM+1,7.313098,5278200,26250.0,26190.1,52.4,66.3,52.05,61.15,9556425,1766482260
2025-12-23 15:02:00,PE,ATM+1,7.154189,5719575,26250.0,26186.25,61.35,64.4,61.15,64.35,1913100,1766482320
2025-12-23 15:03:00,PE,ATM+1,0.0,33158400,26200.0,26168.55,15.4,31.35,13.45,26.05,41469300,1766482380
2025-12-23 15:04:00,PE,ATM+1,10.611059,5719575,26250.0,26184.3,75.55,77.85,71.4,71.4,2735400,1766482440
2025-12-23 15:05:00,PE,ATM+1,11.479114,4922175,26250.0,26182.5,71.45,75.5,71.0,74.45,1535850,1766482500
2025-12-23 15:06:00,PE,ATM+1,0.0,26882925,26200.0,26165.4,24.85,26.85,21.7,24.9,17203650,1766482560
2025-12-23 15:07:00,PE,ATM+1,0.0,26882925,26200.0,26169.95,24.7,28.55,23.45,28.05,12432900,1766482620
2025-12-23 15:08:00,PE,ATM+1,10.983976,4677225,26250.0,26177.8,77.85,81.2,76.3,77.3,2235000,1766482680
2025-12-23 15:09:00,PE,ATM+1,3.271991,24030975,26200.0,26172.6,26.95,28.1,25.6,27.0,10016100,1766482740
2025-12-23 15:10:00,PE,ATM+1,8.967275,4677225,26250.0,26178.45,76.5,76.9,73.55,73.55,910050,1766482800
2025-12-23 15:11:00,PE,ATM+1,9.43546,4049250,26250.0,26180.2,73.75,75.45,72.6,72.7,887100,1766482860
2025-12-23 15:12:00,PE,ATM+1,0.0,21639225,26200.0,26172.4,23.3,24.95,22.9,23.8,6388125,1766482920
2025-12-23 15:13:00,PE,ATM+1,0.0,21639225,26200.0,26169.95,23.8,24.6,23.7,24.5,4313925,1766482980
2025-12-23 15:14:00,PE,ATM+1,10.882826,3904950,26250.0,26184.0,74.35,74.75,71.5,71.9,827625,1766483040
2025-12-23 15:15:00,PE,ATM+1,10.287523,3904950,26250.0,26182.45,72.05,72.4,71.0,72.1,1095375,1766483100
2025-12-23 15:16:00,PE,ATM+1,10.264087,3904950,26250.0,26183.1,72.35,73.4,71.3,71.5,681000,1766483160
2025-12-23 15:17:00,PE,ATM+1,6.860304,3483750,26250.0,26177.35,71.6,72.5,71.5,72.15,661950,1766483220
2025-12-23 15:18:00,PE,ATM+1,5.295578,3483750,26250.0,26175.35,72.65,73.2,71.55,73.2,532275,1766483280
2025-12-23 15:19:00,PE,ATM+1,0.0,19420275,26200.0,26169.95,22.95,24.55,22.85,23.2,7628775,1766483340
2025-12-23 15:20:00,PE,ATM+1,0.0,16977525,26200.0,26174.1,23.2,23.65,22.05,22.05,5316450,1766483400
2025-12-23 15:21:00,PE,ATM+1,0.0,16977525,26200.0,26174.05,22.05,22.6,21.55,22.05,4473450,1766483460
2025-12-23 15:22:00,PE,ATM+1,0.0,16977525,26200.0,26168.45,22.15,23.0,21.7,22.8,3054000,1766483520
2025-12-23 15:23:00,PE,ATM+1,0.0,16977525,26200.0,26172.05,22.75,22.8,22.1,22.35,2500725,1766483580
2025-12-23 15:24:00,PE,ATM+1,0.0,15308775,26200.0,26171.65,22.25,22.35,21.9,22.2,2934975,1766483640
2025-12-23 15:25:00,PE,ATM+1,0.0,15308775,26200.0,26170.85,22.25,22.8,21.9,22.45,4221150,1766483700
2025-12-23 15:26:00,PE,ATM+1,0.0,15308775,26200.0,26167.3,22.45,23.0,22.3,22.7,1856625,1766483760
2025-12-23 15:27:00,PE,ATM+1,0.0,12587850,26200.0,26166.55,22.7,22.85,22.6,22.85,2319000,1766483820
2025-12-23 15:28:00,PE,ATM+1,0.0,12587850,26200.0,26164.1,22.85,23.1,22.75,23.1,2336775,1766483880
2025-12-23 15:29:00,PE,ATM+1,0.0,12587850,26200.0,26165.95,23.05,23.1,22.7,22.85,3271875,1766483940
2025-12-24 09:15:00,PE,ATM+1,8.382897,6587100,26200.0,26150.7,112.0,118.0,102.05,118.0,3173925,1766547900
2025-12-24 09:16:00,PE,ATM+1,8.310337,7464450,26200.0,26161.5,118.15,119.35,110.05,111.65,2424675,1766547960
2025-12-24 09:17:00,PE,ATM+1,8.151104,7464450,26200.0,26173.7,111.7,113.3,103.6,103.6,1677675,1766548020
2025-12-24 09:18:00,PE,ATM+1,8.351451,1091700,26250.0,26188.4,130.2,131.3,122.25,124.0,718800,1766548080
2025-12-24 09:19:00,PE,ATM+1,8.232467,1963575,26250.0,26198.25,121.55,124.0,116.05,117.3,545100,1766548140
2025-12-24 09:20:00,PE,ATM+1,8.156037,1963575,26250.0,26200.0,116.15,117.3,113.85,115.35,446175,1766548200
2025-12-24 09:21:00,PE,ATM+1,8.181547,1963575,26250.0,26212.25,114.65,115.35,109.0,109.65,553650,1766548260
2025-12-24 09:22:00,PE,ATM+1,8.267927,2269950,26250.0,26202.8,109.75,116.55,109.35,115.5,512850,1766548320
2025-12-24 09:23:00,PE,ATM+1,8.144177,2269950,26250.0,26204.05,115.75,117.2,112.05,113.15,484350,1766548380
2025-12-24 09:24:00,PE,ATM+1,8.084597,2269950,26250.0,26206.0,113.15,113.55,110.65,111.35,279150,1766548440
2025-12-24 09:25:00,PE,ATM+1,8.016406,2601750,26250.0,26209.45,111.7,111.7,106.65,108.7,512625,1766548500
2025-12-24 09:26:00,PE,ATM+1,7.932239,2601750,26250.0,26211.55,108.8,110.2,106.2,106.5,339975,1766548560
2025-12-24 09:27:00,PE,ATM+1,7.974428,2601750,26250.0,26212.65,106.6,106.95,103.6,106.55,453375,1766548620
2025-12-24 09:28:00,PE,ATM+1,8.002676,2894850,26250.0,26218.35,106.3,106.75,103.3,104.2,326475,1766548680
2025-12-24 09:29:00,PE,ATM+1,7.999564,2894850,26250.0,26217.1,103.7,105.9,103.3,104.75,316125,1766548740
2025-12-24 09:30:00,PE,ATM+1,8.008095,2894850,26250.0,26217.55,104.3,106.25,102.6,104.65,415350,1766548800
2025-12-24 09:31:00,PE,ATM+1,8.038864,3220275,26250.0,26220.65,105.25,105.45,101.05,103.6,403575,1766548860
2025-12-24 09:32:00,PE,ATM+1,7.817618,3220275,26250.0,26217.85,103.05,104.2,101.2,101.85,342750,1766548920
2025-12-24 09:33:00,PE,ATM+1,7.839567,4208325,26300.0,26227.3,128.3,128.3,121.6,122.85,658950,1766548980
2025-12-24 09:34:00,PE,ATM+1,7.798132,3649050,26250.0,26222.65,97.65,100.2,97.4,99.3,406650,1766549040
2025-12-24 09:35:00,PE,ATM+1,7.821211,3649050,26250.0,26217.2,98.9,102.65,98.05,102.2,447300,1766549100
2025-12-24 09:36:00,PE,ATM+1,7.830995,3649050,26250.0,26216.85,102.25,103.35,98.6,102.5,586125,1766549160
2025-12-24 09:37:00,PE,ATM+1,7.730227,4140750,26250.0,26215.9,101.8,102.75,99.6,101.55,324675,1766549220
2025-12-24 09:38:00,PE,ATM+1,7.860709,4140750,26250.0,26216.55,101.55,103.35,99.75,103.05,374625,1766549280
2025-12-24 09:39:00,PE,ATM+1,7.768467,4140750,26250.0,26214.6,102.55,104.85,102.55,102.7,583575,1766549340
2025-12-24 09:40:00,PE,ATM+1,7.756974,4353525,26250.0,26215.3,102.7,105.8,100.45,102.2,841575,1766549400
2025-12-24 09:41:00,PE,ATM+1,7.77783,4353525,26250.0,26209.6,102.3,105.95,101.8,105.25,468525,1766549460
2025-12-24 09:42:00,PE,ATM+1,7.791928,4353525,26250.0,26207.75,105.55,107.4,103.6,106.35,769725,1766549520
2025-12-24 09:43:00,PE,ATM+1,7.707767,4443525,26250.0,26207.7,105.15,108.8,103.95,105.2,675675,1766549580
2025-12-24 09:44:00,PE,ATM+1,7.72142,4443525,26250.0,26215.7,105.15,105.65,100.85,101.5,495900,1766549640
2025-12-24 09:45:00,PE,ATM+1,7.752979,4443525,26250.0,26217.55,101.0,104.55,99.1,101.05,591450,1766549700
2025-12-24 09:46:00,PE,ATM+1,7.930124,4315275,26250.0,26209.4,101.3,107.6,99.75,107.45,541575,1766549760
2025-12-24 09:47:00,PE,ATM+1,7.962416,4315275,26250.0,26207.05,107.35,109.45,105.3,109.05,592800,1766549820
2025-12-24 09:48:00,PE,ATM+1,7.949537,4315275,26250.0,26210.45,109.5,110.7,106.35,107.2,709125,1766549880
2025-12-24 09:49:00,PE,ATM+1,7.887688,4261200,26250.0,26206.55,107.15,109.0,106.35,108.25,315375,1766549940
2025-12-24 09:50:00,PE,ATM+1,7.83305,4261200,26250.0,26212.45,108.0,108.6,103.5,104.6,420300,1766550000
2025-12-24 09:51:00,PE,ATM+1,7.628684,4261200,26250.0,26218.5,105.0,105.3,98.8,98.85,548100,1766550060
2025-12-24 09:52:00,PE,ATM+1,7.660841,4508175,26300.0,26226.3,125.15,126.35,120.0,120.85,609375,1766550120
2025-12-24 09:53:00,PE,ATM+1,7.779291,4282725,26250.0,26218.05,95.6,102.45,95.45,101.15,619350,1766550180
2025-12-24 09:54:00,PE,ATM+1,7.63705,4282725,26250.0,26219.25,100.65,101.15,98.0,98.6,270300,1766550240
2025-12-24 09:55:00,PE,ATM+1,7.604469,4438350,26250.0,26215.05,98.9,102.15,98.6,100.15,364275,1766550300
2025-12-24 09:56:00,PE,ATM+1,7.666631,4438350,26250.0,26211.35,100.25,103.3,99.85,102.8,276825,1766550360
2025-12-24 09:57:00,PE,ATM+1,7.629461,4438350,26250.0,26214.2,102.85,103.5,99.75,100.9,268125,1766550420
2025-12-24 09:58:00,PE,ATM+1,7.61929,4594500,26250.0,26223.9,100.3,100.9,96.15,96.15,286500,1766550480
2025-12-24 09:59:00,PE,ATM+1,7.719778,4594500,26250.0,26222.6,96.4,98.45,96.15,98.15,290775,1766550540
2025-12-24 10:00:00,PE,ATM+1,7.600829,4594500,26250.0,26218.15,98.25,99.9,97.0,98.6,409725,1766550600
2025-12-24 10:01:00,PE,ATM+1,7.525105,4809975,26250.0,26216.15,98.3,100.85,97.0,98.5,320550,1766550660
2025-12-24 10:02:00,PE,ATM+1,7.588101,4809975,26250.0,26216.3,98.45,99.65,97.4,99.3,128325,1766550720
2025-12-24 10:03:00,PE,ATM+1,7.629674,4809975,26250.0,26215.1,98.95,100.45,98.8,100.45,171225,1766550780
2025-12-24 10:04:00,PE,ATM+1,7.567465,4917075,26250.0,26209.7,100.25,103.65,100.25,102.2,468150,1766550840
2025-12-24 10:05:00,PE,ATM+1,7.474161,4917075,26250.0,26209.7,101.95,103.2,100.6,100.9,267975,1766550900
2025-12-24 10:06:00,PE,ATM+1,7.528555,4917075,26250.0,26206.55,101.1,103.25,99.15,103.2,296775,1766550960
2025-12-24 10:07:00,PE,ATM+1,7.514505,4954425,26250.0,26211.35,102.95,103.2,100.05,100.65,237000,1766551020
2025-12-24 10:08:00,PE,ATM+1,7.376353,4954425,26250.0,26206.0,100.9,104.85,99.75,101.35,485925,1766551080
2025-12-24 10:09:00,PE,ATM+1,7.467978,4954425,26250.0,26211.55,101.8,103.3,98.55,99.9,323700,1766551140
2025-12-24 10:10:00,PE,ATM+1,7.358382,4927050,26250.0,26217.0,99.9,99.9,95.1,95.75,486150,1766551200
2025-12-24 10:11:00,PE,ATM+1,7.314262,4927050,26250.0,26221.4,96.05,98.25,93.05,93.05,481875,1766551260
2025-12-24 10:12:00,PE,ATM+1,7.436136,4927050,26250.0,26219.15,93.35,96.85,93.05,95.8,455325,1766551320
2025-12-24 10:13:00,PE,ATM+1,7.35408,4905300,26300.0,26226.1,121.4,122.65,115.85,116.65,369825,1766551380
2025-12-24 10:14:00,PE,ATM+1,7.415248,4905300,26300.0,26227.2,116.75,118.45,114.75,116.9,333525,1766551440
2025-12-24 10:15:00,PE,ATM+1,7.442044,4905300,26300.0,26233.7,116.7,118.0,112.5,113.8,448200,1766551500
2025-12-24 10:16:00,PE,ATM+1,7.409189,5099625,26300.0,26233.4,113.5,115.9,112.6,113.5,424425,1766551560
2025-12-24 10:17:00,PE,ATM+1,7.517775,5099625,26300.0,26231.05,113.55,117.3,112.65,116.25,325275,1766551620
2025-12-24 10:18:00,PE,ATM+1,7.463638,5099625,26300.0,26230.95,115.8,116.45,114.3,115.55,153000,1766551680
2025-12-24 10:19:00,PE,ATM+1,7.379887,5747925,26250.0,26224.25,90.3,92.7,90.3,92.6,377550,1766551740
2025-12-24 10:20:00,PE,ATM+1,7.465546,5747925,26250.0,26224.0,92.5,94.45,91.7,93.9,599475,1766551800
2025-12-24 10:21:00,PE,ATM+1,7.396077,5268075,26300.0,26225.1,119.9,120.0,116.6,117.75,230850,1766551860
2025-12-24 10:22:00,PE,ATM+1,7.329744,5817000,26250.0,26222.85,92.0,93.85,91.3,92.55,209400,1766551920
2025-12-24 10:23:00,PE,ATM+1,7.411567,5817000,26250.0,26224.95,92.0,93.4,91.8,92.7,164625,1766551980
2025-12-24 10:24:00,PE,ATM+1,7.411842,5817000,26250.0,26224.2,92.9,94.15,91.8,93.05,225225,1766552040
2025-12-24 10:25:00,PE,ATM+1,7.409411,5816775,26250.0,26224.55,92.75,94.05,92.05,92.85,249225,1766552100
2025-12-24 10:26:00,PE,ATM+1,7.497998,5454450,26300.0,26229.55,118.1,118.95,116.3,116.75,147975,1766552160
2025-12-24 10:27:00,PE,ATM+1,7.598128,5454450,26300.0,26229.8,116.15,118.85,115.5,118.0,206025,1766552220
2025-12-24 10:28:00,PE,ATM+1,7.544427,5487675,26300.0,26229.9,118.2,118.25,115.65,117.2,95100,1766552280
2025-12-24 10:29:00,PE,ATM+1,7.523694,5487675,26300.0,26230.95,116.95,117.5,115.95,116.35,92025,1766552340
2025-12-24 10:30:00,PE,ATM+1,7.497184,5487675,26300.0,26231.1,116.0,117.35,115.0,115.9,191850,1766552400
2025-12-24 10:31:00,PE,ATM+1,7.595093,5553825,26300.0,26231.2,115.6,117.2,114.4,117.2,163500,1766552460
2025-12-24 10:32:00,PE,ATM+1,7.547452,5553825,26300.0,26230.05,116.95,118.4,116.05,117.15,220875,1766552520
2025-12-24 10:33:00,PE,ATM+1,7.593605,5553825,26300.0,26231.15,117.25,117.95,115.9,117.2,87600,1766552580
2025-12-24 10:34:00,PE,ATM+1,7.534401,5575275,26300.0,26230.45,116.9,117.3,116.3,116.75,60375,1766552640
2025-12-24 10:35:00,PE,ATM+1,7.573377,5575275,26300.0,26232.4,116.4,116.8,114.05,116.25,204900,1766552700
2025-12-24 10:36:00,PE,ATM+1,7.566901,5575275,26300.0,26226.8,116.25,119.75,115.75,119.15,176325,1766552760
2025-12-24 10:37:00,PE,ATM+1,7.679507,5606625,26300.0,26226.25,118.8,121.0,117.8,121.0,276000,1766552820
2025-12-24 10:38:00,PE,ATM+1,7.525263,6061350,26250.0,26221.8,95.05,96.55,94.2,95.7,599925,1766552880
2025-12-24 10:39:00,PE,ATM+1,7.70607,5606625,26300.0,26227.2,122.05,122.4,120.15,120.85,221100,1766552940
2025-12-24 10:40:00,PE,ATM+1,7.567639,5524350,26300.0,26225.5,120.75,121.95,119.85,119.85,140100,1766553000
2025-12-24 10:41:00,PE,ATM+1,7.498953,5895975,26250.0,26222.6,94.3,96.0,93.5,94.95,289650,1766553060
2025-12-24 10:42:00,PE,ATM+1,7.633017,5524350,26300.0,26226.7,121.25,121.55,119.85,120.1,111375,1766553120
2025-12-24 10:43:00,PE,ATM+1,7.516672,5886225,26250.0,26223.75,94.25,96.15,93.6,94.65,203025,1766553180
2025-12-24 10:44:00,PE,ATM+1,7.475679,5886225,26250.0,26218.3,94.3,97.05,94.2,96.65,314025,1766553240
2025-12-24 10:45:00,PE,ATM+1,7.577453,5886225,26250.0,26222.65,96.55,97.15,95.9,96.0,369300,1766553300
2025-12-24 10:46:00,PE,ATM+1,7.45494,5737125,26250.0,26216.95,96.2,98.45,96.0,97.0,402675,1766553360
2025-12-24 10:47:00,PE,ATM+1,7.606227,5737125,26250.0,26216.1,97.4,99.5,96.4,99.5,363000,1766553420
2025-12-24 10:48:00,PE,ATM+1,7.690464,5737125,26250.0,26208.2,99.4,104.5,99.4,104.5,1080825,1766553480
2025-12-24 10:49:00,PE,ATM+1,7.46485,5531475,26250.0,26208.95,103.8,104.5,100.4,101.0,589500,1766553540
2025-12-24 10:50:00,PE,ATM+1,7.553856,5531475,26250.0,26208.3,101.25,104.55,100.6,102.55,515550,1766553600
2025-12-24 10:51:00,PE,ATM+1,7.708804,5531475,26250.0,26205.05,102.7,106.55,102.45,106.3,684225,1766553660
2025-12-24 10:52:00,PE,ATM+1,7.695141,5202825,26250.0,26208.0,105.95,106.3,104.4,104.65,419325,1766553720
2025-12-24 10:53:00,PE,ATM+1,7.649249,5202825,26250.0,26209.55,104.6,105.35,103.2,103.25,288900,1766553780
2025-12-24 10:54:00,PE,ATM+1,7.712716,5202825,26250.0,26206.25,103.25,107.0,102.05,105.75,550500,1766553840
2025-12-24 10:55:00,PE,ATM+1,7.650514,5008650,26250.0,26203.7,105.5,107.55,104.3,106.15,514200,1766553900
2025-12-24 10:56:00,PE,ATM+1,7.55913,5008650,26250.0,26210.35,105.9,106.15,101.15,101.6,413925,1766553960
2025-12-24 10:57:00,PE,ATM+1,7.502646,5008650,26250.0,26212.95,101.6,103.05,99.3,99.55,364350,1766554020
2025-12-24 10:58:00,PE,ATM+1,7.48658,4866600,26250.0,26213.0,99.4,99.95,97.8,99.3,318225,1766554080
2025-12-24 10:59:00,PE,ATM+1,7.557627,4866600,26250.0,26210.8,99.15,102.9,98.5,101.35,298725,1766554140
2025-12-24 11:00:00,PE,ATM+1,7.631058,4866600,26250.0,26213.3,100.8,101.5,99.3,101.15,224250,1766554200
2025-12-24 11:01:00,PE,ATM+1,7.69717,4948425,26250.0,26214.05,101.35,102.0,99.45,101.7,171525,1766554260
2025-12-24 11:02:00,PE,ATM+1,7.78917,4948425,26250.0,26200.8,102.0,109.6,101.3,109.5,657375,1766554320
2025-12-24 11:03:00,PE,ATM+1,7.697501,4948425,26250.0,26203.55,109.05,110.3,105.45,106.85,797700,1766554380
2025-12-24 11:04:00,PE,ATM+1,7.598544,4888800,26250.0,26202.1,107.0,108.55,104.7,106.2,326175,1766554440
2025-12-24 11:05:00,PE,ATM+1,7.585712,4888800,26250.0,26205.45,105.9,106.2,103.95,104.35,314325,1766554500
2025-12-24 11:06:00,PE,ATM+1,7.57375,4888800,26250.0,26202.9,104.35,105.65,102.65,105.45,300600,1766554560
2025-12-24 11:07:00,PE,ATM+1,7.550116,5033850,26250.0,26205.35,104.95,106.4,103.05,103.9,296175,1766554620
2025-12-24 11:08:00,PE,ATM+1,7.530799,5033850,26250.0,26204.0,103.0,105.0,101.0,104.3,308025,1766554680
2025-12-24 11:09:00,PE,ATM+1,7.561459,5033850,26250.0,26205.15,103.95,104.95,102.25,104.15,144525,1766554740
2025-12-24 11:10:00,PE,ATM+1,7.480817,5025600,26250.0,26202.9,103.9,105.75,102.9,104.15,203475,1766554800
2025-12-24 11:11:00,PE,ATM+1,7.480924,5025600,26250.0,26201.2,104.05,105.85,103.5,105.0,183225,1766554860
2025-12-24 11:12:00,PE,ATM+1,7.37418,5025600,26250.0,26205.95,105.2,105.2,99.95,101.15,383550,1766554920
2025-12-24 11:13:00,PE,ATM+1,7.22647,5016675,26250.0,26209.1,100.8,101.15,97.55,97.55,379425,1766554980
2025-12-24 11:14:00,PE,ATM+1,7.328769,5016675,26250.0,26210.15,97.5,98.8,96.9,98.45,287250,1766555040
2025-12-24 11:15:00,PE,ATM+1,7.279146,5016675,26250.0,26209.25,98.25,98.7,96.9,98.2,210300,1766555100
2025-12-24 11:16:00,PE,ATM+1,7.20176,5016300,26250.0,26209.2,98.3,98.45,95.5,97.15,265050,1766555160
2025-12-24 11:17:00,PE,ATM+1,7.240001,5016300,26250.0,26209.05,97.6,98.75,97.15,97.75,157050,1766555220
2025-12-24 11:18:00,PE,ATM+1,7.25282,5016300,26250.0,26209.1,97.65,98.35,95.95,97.9,162750,1766555280
2025-12-24 11:19:00,PE,ATM+1,7.154293,5059350,26250.0,26208.25,98.05,99.5,96.35,96.95,147225,1766555340
2025-12-24 11:20:00,PE,ATM+1,7.130512,5059350,26250.0,26211.15,96.9,97.6,95.0,95.2,228000,1766555400
2025-12-24 11:21:00,PE,ATM+1,7.097694,5059350,26250.0,26215.9,95.05,95.3,92.45,92.45,458775,1766555460
2025-12-24 11:22:00,PE,ATM+1,7.123723,5038200,26250.0,26217.8,92.65,93.8,91.9,91.9,246750,1766555520
2025-12-24 11:23:00,PE,ATM+1,7.030424,5038200,26250.0,26217.5,91.8,91.9,89.5,90.75,568725,1766555580
2025-12-24 11:24:00,PE,ATM+1,7.121343,5038200,26250.0,26215.0,90.95,93.3,90.75,93.2,280875,1766555640
2025-12-24 11:25:00,PE,ATM+1,7.282735,5095275,26250.0,26211.75,92.7,97.0,92.7,97.0,405675,1766555700
2025-12-24 11:26:00,PE,ATM+1,7.110984,5095275,26250.0,26207.6,95.8,99.3,95.75,96.65,553125,1766555760
2025-12-24 11:27:00,PE,ATM+1,7.08255,5095275,26250.0,26207.1,96.95,97.2,95.55,96.5,225975,1766555820
2025-12-24 11:28:00,PE,ATM+1,7.02379,5159400,26250.0,26209.0,97.2,98.25,94.55,94.75,238350,1766555880
2025-12-24 11:29:00,PE,ATM+1,7.094212,5159400,26250.0,26213.05,94.55,95.65,93.0,93.75,196950,1766555940
2025-12-24 11:30:00,PE,ATM+1,7.108022,5159400,26250.0,26213.75,93.85,94.5,93.4,93.6,137475,1766556000
2025-12-24 11:31:00,PE,ATM+1,7.101116,5179950,26250.0,26210.25,93.25,95.5,92.9,95.2,187125,1766556060
2025-12-24 11:32:00,PE,ATM+1,7.091719,5179950,26250.0,26214.1,95.0,95.2,92.2,93.2,166575,1766556120
2025-12-24 11:33:00,PE,ATM+1,7.11173,5179950,26250.0,26212.7,93.0,94.5,92.3,94.15,115725,1766556180
2025-12-24 11:34:00,PE,ATM+1,7.181335,5233950,26250.0,26215.0,93.75,94.15,92.1,94.0,128250,1766556240
2025-12-24 11:35:00,PE,ATM+1,7.068758,5233950,26250.0,26212.7,93.85,94.2,92.75,93.55,101850,1766556300
2025-12-24 11:36:00,PE,ATM+1,7.137208,5233950,26250.0,26213.1,93.2,94.7,93.2,94.3,110775,1766556360
2025-12-24 11:37:00,PE,ATM+1,7.142886,5262375,26250.0,26211.4,94.1,95.4,92.5,95.2,174600,1766556420
2025-12-24 11:38:00,PE,ATM+1,7.079449,5262375,26250.0,26209.8,95.0,95.55,93.85,95.1,157275,1766556480
2025-12-24 11:39:00,PE,ATM+1,7.124473,5262375,26250.0,26207.7,95.45,96.85,94.7,96.75,187275,1766556540
2025-12-24 11:40:00,PE,ATM+1,7.193262,5187075,26250.0,26207.9,96.4,98.2,95.85,97.6,290250,1766556600
2025-12-24 11:41:00,PE,ATM+1,7.102427,5187075,26250.0,26205.15,97.9,99.65,97.0,97.7,383025,1766556660
2025-12-24 11:42:00,PE,ATM+1,7.183553,5187075,26250.0,26199.4,97.45,102.7,97.4,101.7,478800,1766556720
2025-12-24 11:43:00,PE,ATM+1,7.36373,5024400,26250.0,26190.4,101.85,108.8,101.55,108.8,890475,1766556780
2025-12-24 11:44:00,PE,ATM+1,7.266684,5024400,26250.0,26185.45,108.25,110.6,107.5,110.05,800625,1766556840
2025-12-24 11:45:00,PE,ATM+1,7.263528,5024400,26250.0,26183.85,110.15,112.2,108.2,110.85,817800,1766556900
2025-12-24 11:46:00,PE,ATM+1,7.295516,4575225,26250.0,26183.45,111.0,112.65,109.05,111.5,552975,1766556960
2025-12-24 11:47:00,PE,ATM+1,7.161229,4575225,26250.0,26181.85,111.4,112.7,109.7,110.5,473850,1766557020
2025-12-24 11:48:00,PE,ATM+1,7.247916,4575225,26250.0,26184.75,110.95,111.45,109.8,110.15,284700,1766557080
2025-12-24 11:49:00,PE,ATM+1,7.241933,4377150,26250.0,26184.4,110.05,110.45,107.0,110.25,387975,1766557140
2025-12-24 11:50:00,PE,ATM+1,7.106032,4377150,26250.0,26183.6,110.05,110.75,108.6,108.8,200175,1766557200
2025-12-24 11:51:00,PE,ATM+1,7.27201,4377150,26250.0,26184.7,109.25,110.9,108.8,110.5,195675,1766557260
2025-12-24 11:52:00,PE,ATM+1,7.268792,4367250,26250.0,26183.95,110.5,111.85,108.95,110.85,241200,1766557320
2025-12-24 11:53:00,PE,ATM+1,7.262598,4367250,26250.0,26184.35,110.25,111.15,109.45,110.55,137400,1766557380
2025-12-24 11:54:00,PE,ATM+1,7.174031,4367250,26250.0,26186.2,110.3,110.55,108.2,108.35,136950,1766557440
2025-12-24 11:55:00,PE,ATM+1,7.135577,4215900,26250.0,26190.05,108.1,108.35,104.9,105.8,483750,1766557500
2025-12-24 11:56:00,PE,ATM+1,7.092422,4215900,26250.0,26190.15,105.8,106.35,104.45,105.15,131550,1766557560
2025-12-24 11:57:00,PE,ATM+1,7.193983,4215900,26250.0,26190.05,105.0,107.05,104.65,106.6,136650,1766557620
2025-12-24 11:58:00,PE,ATM+1,7.103651,4193325,26250.0,26196.45,107.0,107.25,102.05,102.05,262725,1766557680
2025-12-24 11:59:00,PE,ATM+1,7.216261,4193325,26250.0,26192.85,101.75,105.45,101.7,105.45,263325,1766557740
2025-12-24 12:00:00,PE,ATM+1,7.064743,4193325,26250.0,26191.8,105.15,105.6,103.9,103.9,194400,1766557800
2025-12-24 12:01:00,PE,ATM+1,7.133843,4233300,26250.0,26188.25,104.05,108.25,103.6,106.7,307950,1766557860
2025-12-24 12:02:00,PE,ATM+1,7.086515,4233300,26250.0,26194.6,107.0,107.05,102.4,102.75,196500,1766557920
2025-12-24 12:03:00,PE,ATM+1,7.067312,4233300,26250.0,26193.4,102.4,103.55,102.3,103.1,122850,1766557980
2025-12-24 12:04:00,PE,ATM+1,7.078197,4282875,26250.0,26194.95,103.05,103.55,100.95,102.45,201675,1766558040
2025-12-24 12:05:00,PE,ATM+1,7.016988,4282875,26250.0,26195.15,102.35,102.75,100.0,101.5,227250,1766558100
2025-12-24 12:06:00,PE,ATM+1,7.014363,4282875,26250.0,26196.05,101.95,103.5,101.0,101.0,159075,1766558160
2025-12-24 12:07:00,PE,ATM+1,7.065143,4289850,26250.0,26194.0,100.85,103.3,99.75,102.75,145800,1766558220
2025-12-24 12:08:00,PE,ATM+1,7.02664,4289850,26250.0,26189.5,102.85,104.55,102.25,104.55,171975,1766558280
2025-12-24 12:09:00,PE,ATM+1,6.983322,4289850,26250.0,26188.45,104.15,106.0,103.65,104.5,229350,1766558340
2025-12-24 12:10:00,PE,ATM+1,6.906765,4353975,26250.0,26189.2,104.55,105.3,103.05,103.05,146100,1766558400
2025-12-24 12:11:00,PE,ATM+1,7.132709,4353975,26250.0,26188.55,103.1,106.5,102.6,106.5,182100,1766558460
2025-12-24 12:12:00,PE,ATM+1,6.938775,4353975,26250.0,26188.6,106.4,107.1,103.7,103.8,185700,1766558520
2025-12-24 12:13:00,PE,ATM+1,6.925685,4348350,26250.0,26191.7,104.15,104.95,101.5,102.0,189900,1766558580
2025-12-24 12:14:00,PE,ATM+1,6.919028,4348350,26250.0,26192.0,102.05,102.4,100.25,101.75,173925,1766558640
2025-12-24 12:15:00,PE,ATM+1,6.962943,4348350,26250.0,26190.85,101.65,103.4,101.3,102.95,123600,1766558700
2025-12-24 12:16:00,PE,ATM+1,6.91047,4341150,26250.0,26195.25,103.05,103.05,99.2,99.95,235650,1766558760
2025-12-24 12:17:00,PE,ATM+1,7.01989,4341150,26250.0,26195.75,99.8,101.75,99.5,101.2,140625,1766558820
2025-12-24 12:18:00,PE,ATM+1,6.793982,4341150,26250.0,26198.95,101.05,101.35,96.3,96.45,328575,1766558880
2025-12-24 12:19:00,PE,ATM+1,6.952303,4337325,26250.0,26196.85,96.15,99.75,96.1,99.7,267225,1766558940
2025-12-24 12:20:00,PE,ATM+1,7.053115,4337325,26250.0,26195.75,99.25,101.95,99.2,101.65,193350,1766559000
2025-12-24 12:21:00,PE,ATM+1,7.008449,4337325,26250.0,26199.05,101.55,101.65,97.75,99.35,148275,1766559060
2025-12-24 12:22:00,PE,ATM+1,6.951461,4379850,26250.0,26193.5,99.55,101.45,99.2,101.4,114525,1766559120
2025-12-24 12:23:00,PE,ATM+1,7.014734,4379850,26250.0,26193.15,102.0,102.45,100.45,102.45,182475,1766559180
2025-12-24 12:24:00,PE,ATM+1,6.999128,4379850,26250.0,26193.6,102.25,102.65,101.1,102.0,123000,1766559240
2025-12-24 12:25:00,PE,ATM+1,6.903629,4433700,26250.0,26195.8,101.85,102.85,99.55,99.55,163875,1766559300
2025-12-24 12:26:00,PE,ATM+1,6.801821,4433700,26250.0,26201.3,99.7,99.75,95.25,95.35,353475,1766559360
2025-12-24 12:27:00,PE,ATM+1,6.896159,4433700,26250.0,26200.9,95.45,96.9,94.75,96.85,335775,1766559420
2025-12-24 12:28:00,PE,ATM+1,6.826939,4442550,26250.0,26196.65,96.8,98.4,96.6,98.05,203550,1766559480
2025-12-24 12:29:00,PE,ATM+1,6.893161,4442550,26250.0,26202.0,97.9,98.5,96.2,96.25,135075,1766559540
2025-12-24 12:30:00,PE,ATM+1,6.876936,4442550,26250.0,26201.45,96.1,97.15,95.55,96.3,145650,1766559600
2025-12-24 12:31:00,PE,ATM+1,6.862487,4505400,26250.0,26205.65,96.35,96.35,93.45,94.0,282750,1766559660
2025-12-24 12:32:00,PE,ATM+1,6.8284,4505400,26250.0,26205.0,94.0,94.05,92.05,93.85,289725,1766559720
2025-12-24 12:33:00,PE,ATM+1,6.931846,4505400,26250.0,26205.35,93.4,95.45,92.7,95.1,209250,1766559780
2025-12-24 12:34:00,PE,ATM+1,6.993685,4513350,26250.0,26205.35,95.1,95.95,94.45,95.95,120750,1766559840
2025-12-24 12:35:00,PE,ATM+1,6.980663,4513350,26250.0,26206.9,95.55,95.95,94.5,95.0,103350,1766559900
2025-12-24 12:36:00,PE,ATM+1,6.921706,4513350,26250.0,26204.65,95.2,95.6,93.1,95.3,161700,1766559960
2025-12-24 12:37:00,PE,ATM+1,6.907322,4556625,26250.0,26205.05,95.2,96.85,94.85,94.9,151800,1766560020
2025-12-24 12:38:00,PE,ATM+1,6.909109,4556625,26250.0,26200.7,94.7,97.1,94.55,97.1,169875,1766560080
2025-12-24 12:39:00,PE,ATM+1,6.802798,4556625,26250.0,26195.75,97.1,100.35,96.5,98.15,547800,1766560140
2025-12-24 12:40:00,PE,ATM+1,6.868892,4556625,26250.0,26194.5,98.3,99.9,98.15,99.7,249000,1766560200
2025-12-24 12:41:00,PE,ATM+1,6.84029,4615125,26250.0,26191.8,99.65,102.15,98.15,100.7,368325,1766560260
2025-12-24 12:42:00,PE,ATM+1,6.975864,4615125,26250.0,26190.0,101.4,104.25,100.7,103.5,504075,1766560320
2025-12-24 12:43:00,PE,ATM+1,6.795546,4615125,26250.0,26193.4,103.4,103.75,99.2,99.25,316500,1766560380
2025-12-24 12:44:00,PE,ATM+1,6.940669,4660725,26250.0,26193.1,99.4,102.45,98.95,101.4,233475,1766560440
2025-12-24 12:45:00,PE,ATM+1,6.957023,4660725,26250.0,26192.95,101.35,102.6,100.35,101.7,188925,1766560500
2025-12-24 12:46:00,PE,ATM+1,6.987906,4660725,26250.0,26194.35,101.5,102.9,101.15,101.4,115275,1766560560
2025-12-24 12:47:00,PE,ATM+1,7.008551,4672575,26250.0,26194.8,101.1,101.8,99.8,101.45,177900,1766560620
2025-12-24 12:48:00,PE,ATM+1,6.889176,4672575,26250.0,26197.15,101.0,101.45,98.55,98.6,159075,1766560680
2025-12-24 12:49:00,PE,ATM+1,7.041121,4672575,26250.0,26192.75,99.25,103.55,98.6,102.95,187275,1766560740
2025-12-24 12:50:00,PE,ATM+1,6.975496,4658475,26250.0,26189.95,102.45,103.5,101.75,103.5,219075,1766560800
2025-12-24 12:51:00,PE,ATM+1,6.910785,4658475,26250.0,26191.5,104.0,104.75,101.45,101.8,285075,1766560860
2025-12-24 12:52:00,PE,ATM+1,7.053039,4658475,26250.0,26190.45,101.75,104.55,101.75,104.3,210525,1766560920
2025-12-24 12:53:00,PE,ATM+1,6.933987,4628475,26250.0,26190.95,103.95,104.3,102.1,102.4,155850,1766560980
2025-12-24 12:54:00,PE,ATM+1,7.015926,4628475,26250.0,26190.9,102.5,104.4,102.25,103.55,107925,1766561040
2025-12-24 12:55:00,PE,ATM+1,7.002862,4628475,26250.0,26190.55,103.1,103.95,101.95,103.55,138675,1766561100
2025-12-24 12:56:00,PE,ATM+1,6.976137,4604400,26250.0,26192.05,103.3,105.35,102.4,102.4,286125,1766561160
2025-12-24 12:57:00,PE,ATM+1,6.981988,4604400,26250.0,26192.2,102.3,103.75,101.0,102.4,192000,1766561220
2025-12-24 12:58:00,PE,ATM+1,7.015248,4604400,26250.0,26193.95,102.4,103.0,100.25,101.95,173850,1766561280
2025-12-24 12:59:00,PE,ATM+1,6.994444,4464450,26250.0,26193.1,101.95,102.8,101.3,102.1,82875,1766561340
2025-12-24 13:00:00,PE,ATM+1,7.022169,4464450,26250.0,26188.45,102.25,106.75,101.4,104.9,382425,1766561400
2025-12-24 13:01:00,PE,ATM+1,7.033543,4464450,26250.0,26187.6,104.85,107.85,102.7,105.5,324825,1766561460
2025-12-24 13:02:00,PE,ATM+1,7.03298,4350975,26250.0,26183.8,104.25,108.0,104.25,107.5,283200,1766561520
2025-12-24 13:03:00,PE,ATM+1,6.958207,4350975,26250.0,26188.0,107.5,107.5,103.6,104.25,239775,1766561580
2025-12-24 13:04:00,PE,ATM+1,6.897594,4350975,26250.0,26188.6,104.0,105.05,102.8,103.1,162375,1766561640
2025-12-24 13:05:00,PE,ATM+1,6.913676,4396725,26250.0,26184.0,103.3,108.65,103.1,105.75,306000,1766561700
2025-12-24 13:06:00,PE,ATM+1,6.950883,4396725,26250.0,26180.0,107.2,109.0,105.75,108.4,266100,1766561760
2025-12-24 13:07:00,PE,ATM+1,6.887515,4396725,26250.0,26181.45,107.15,108.4,105.3,106.75,228675,1766561820
2025-12-24 13:08:00,PE,ATM+1,6.970917,4289175,26250.0,26179.85,106.75,109.25,106.75,108.75,255750,1766561880
2025-12-24 13:09:00,PE,ATM+1,6.842509,4289175,26250.0,26179.0,109.8,111.1,107.45,107.45,545250,1766561940
2025-12-24 13:10:00,PE,ATM+1,6.93751,4289175,26250.0,26177.15,107.35,110.55,107.2,109.75,214200,1766562000
2025-12-24 13:11:00,PE,ATM+1,7.012222,4110150,26250.0,26177.0,109.2,112.0,108.0,110.85,303300,1766562060
2025-12-24 13:12:00,PE,ATM+1,7.010809,4110150,26250.0,26178.25,110.55,113.2,107.5,110.15,432900,1766562120
2025-12-24 13:13:00,PE,ATM+1,6.979911,4110150,26250.0,26181.45,109.9,110.75,107.2,108.0,210075,1766562180
2025-12-24 13:14:00,PE,ATM+1,7.019205,4002675,26250.0,26181.05,108.2,108.75,106.45,108.75,163800,1766562240
2025-12-24 13:15:00,PE,ATM+1,6.939471,4002675,26250.0,26176.35,109.6,112.7,108.5,110.2,339750,1766562300
2025-12-24 13:16:00,PE,ATM+1,6.97437,4002675,26250.0,26180.55,109.15,110.2,107.45,108.4,156075,1766562360
2025-12-24 13:17:00,PE,ATM+1,7.007311,3989550,26250.0,26178.6,108.45,110.25,107.9,109.9,128625,1766562420
2025-12-24 13:18:00,PE,ATM+1,6.904712,3989550,26250.0,26176.75,110.2,112.2,109.1,109.5,185775,1766562480
2025-12-24 13:19:00,PE,ATM+1,7.023726,3989550,26250.0,26176.7,109.3,111.15,109.05,111.15,113250,1766562540
2025-12-24 13:20:00,PE,ATM+1,6.892477,3919200,26250.0,26178.55,111.05,111.6,108.2,108.35,155775,1766562600
2025-12-24 13:21:00,PE,ATM+1,6.972774,3919200,26250.0,26177.25,107.9,110.6,106.0,110.15,274875,1766562660
2025-12-24 13:22:00,PE,ATM+1,6.896995,15513825,26200.0,26173.4,84.6,86.4,84.55,85.65,642300,1766562720
2025-12-24 13:23:00,PE,ATM+1,6.877957,15463350,26200.0,26173.8,85.45,87.6,85.15,85.2,1107225,1766562780
2025-12-24 13:24:00,PE,ATM+1,6.7622,15463350,26200.0,26170.2,85.35,86.15,83.8,85.3,534000,1766562840
2025-12-24 13:25:00,PE,ATM+1,6.811292,15463350,26200.0,26167.5,85.15,87.85,85.15,87.25,830475,1766562900
2025-12-24 13:26:00,PE,ATM+1,6.799776,15224325,26200.0,26170.75,86.9,87.5,84.1,85.55,940275,1766562960
2025-12-24 13:27:00,PE,ATM+1,6.827116,15224325,26200.0,26172.5,85.65,86.15,83.65,85.1,525900,1766563020
2025-12-24 13:28:00,PE,ATM+1,6.850835,15224325,26200.0,26171.8,84.95,85.75,84.45,85.75,255600,1766563080
2025-12-24 13:29:00,PE,ATM+1,6.901514,14858625,26200.0,26170.4,86.55,87.5,85.75,87.1,569100,1766563140
2025-12-24 13:30:00,PE,ATM+1,6.891605,14858625,26200.0,26169.05,87.0,89.0,86.8,87.6,1226175,1766563200
2025-12-24 13:31:00,PE,ATM+1,6.960829,14858625,26200.0,26166.0,87.55,90.0,86.2,90.0,997875,1766563260
2025-12-24 13:32:00,PE,ATM+1,7.254554,14184750,26200.0,26154.2,91.45,99.8,90.0,99.8,3459225,1766563320
2025-12-24 13:33:00,PE,ATM+1,7.179523,14184750,26200.0,26156.65,99.35,101.8,97.3,97.55,2134500,1766563380
2025-12-24 13:34:00,PE,ATM+1,7.138098,14184750,26200.0,26159.55,98.1,98.1,93.85,95.55,1237950,1766563440
2025-12-24 13:35:00,PE,ATM+1,7.175524,13089000,26200.0,26158.35,95.2,96.65,94.0,96.65,734700,1766563500
2025-12-24 13:36:00,PE,ATM+1,7.155825,13089000,26200.0,26160.75,96.4,97.0,94.4,95.2,727800,1766563560
2025-12-24 13:37:00,PE,ATM+1,7.025189,13089000,26200.0,26157.3,94.95,96.4,94.4,95.1,484575,1766563620
2025-12-24 13:38:00,PE,ATM+1,6.98374,13047900,26200.0,26159.9,95.0,95.9,93.05,93.25,464175,1766563680
2025-12-24 13:39:00,PE,ATM+1,7.176734,13047900,26200.0,26160.5,92.65,95.85,92.6,95.6,619050,1766563740
2025-12-24 13:40:00,PE,ATM+1,7.181868,13047900,26200.0,26161.15,95.4,95.7,93.45,95.35,431250,1766563800
2025-12-24 13:41:00,PE,ATM+1,7.122004,12857625,26200.0,26158.55,95.2,95.9,94.3,95.8,373650,1766563860
2025-12-24 13:42:00,PE,ATM+1,7.159937,12857625,26200.0,26155.35,95.55,98.75,95.55,97.9,1047525,1766563920
2025-12-24 13:43:00,PE,ATM+1,7.158209,12857625,26200.0,26161.8,98.1,98.55,94.1,94.7,614175,1766563980
2025-12-24 13:44:00,PE,ATM+1,6.911874,12777600,26200.0,26160.1,94.65,94.7,92.05,92.15,760500,1766564040
2025-12-24 13:45:00,PE,ATM+1,7.036392,12777600,26200.0,26159.7,92.95,95.15,92.15,94.05,487575,1766564100
2025-12-24 13:46:00,PE,ATM+1,6.886368,12777600,26200.0,26157.85,94.4,95.8,92.9,92.9,465525,1766564160
2025-12-24 13:47:00,PE,ATM+1,6.958516,12897000,26200.0,26155.6,92.65,95.3,92.55,95.0,317475,1766564220
2025-12-24 13:48:00,PE,ATM+1,6.927598,12897000,26200.0,26156.05,94.95,95.25,93.3,94.35,293250,1766564280
2025-12-24 13:49:00,PE,ATM+1,6.967207,12897000,26200.0,26160.6,94.3,94.4,92.05,92.65,370800,1766564340
2025-12-24 13:50:00,PE,ATM+1,6.884681,12929025,26200.0,26159.0,93.0,93.5,91.25,92.3,419850,1766564400
2025-12-24 13:51:00,PE,ATM+1,6.819742,12929025,26200.0,26166.65,91.5,92.4,87.7,87.7,1093575,1766564460
2025-12-24 13:52:00,PE,ATM+1,6.795916,12929025,26200.0,26162.85,87.55,89.35,86.45,89.2,746475,1766564520
2025-12-24 13:53:00,PE,ATM+1,6.807652,12595425,26200.0,26165.25,88.9,89.5,88.0,88.2,316125,1766564580
2025-12-24 13:54:00,PE,ATM+1,6.806052,12595425,26200.0,26166.45,88.3,88.7,87.55,87.6,299250,1766564640
2025-12-24 13:55:00,PE,ATM+1,6.829677,12595425,26200.0,26165.45,87.7,88.4,87.05,88.4,370350,1766564700
2025-12-24 13:56:00,PE,ATM+1,6.936624,12618600,26200.0,26155.55,88.7,94.85,88.05,94.7,933150,1766564760
2025-12-24 13:57:00,PE,ATM+1,6.834389,12618600,26200.0,26151.15,94.45,99.2,93.65,95.5,1849125,1766564820
2025-12-24 13:58:00,PE,ATM+1,6.942557,12618600,26200.0,26152.3,95.5,97.3,95.0,96.4,523125,1766564880
2025-12-24 13:59:00,PE,ATM+1,7.017594,12729075,26200.0,26152.35,96.15,97.75,95.7,97.4,363750,1766564940
2025-12-24 14:00:00,PE,ATM+1,6.926359,12729075,26200.0,26147.9,98.35,99.75,97.1,98.4,869100,1766565000
2025-12-24 14:01:00,PE,ATM+1,6.865364,12729075,26200.0,26144.9,98.25,101.8,98.25,99.1,1459275,1766565060
2025-12-24 14:02:00,PE,ATM+1,6.900337,12311775,26200.0,26149.45,99.35,99.35,96.55,97.25,555825,1766565120
2025-12-24 14:03:00,PE,ATM+1,7.004663,12311775,26200.0,26146.85,97.4,100.15,97.25,100.0,420075,1766565180
2025-12-24 14:04:00,PE,ATM+1,6.989463,12311775,26200.0,26152.75,100.0,100.0,96.0,96.8,479475,1766565240
2025-12-24 14:05:00,PE,ATM+1,6.98243,12212250,26200.0,26153.85,97.25,97.55,95.5,96.15,436650,1766565300
2025-12-24 14:06:00,PE,ATM+1,7.053796,12212250,26200.0,26154.6,96.0,98.65,95.75,96.75,378750,1766565360
2025-12-24 14:07:00,PE,ATM+1,6.923201,12212250,26200.0,26146.8,97.0,98.9,96.35,98.9,380850,1766565420
2025-12-24 14:08:00,PE,ATM+1,7.035668,12145125,26200.0,26151.5,98.65,99.6,97.15,98.05,534525,1766565480
2025-12-24 14:09:00,PE,ATM+1,7.262002,12145125,26200.0,26163.95,98.3,98.45,94.4,95.0,618675,1766565540
2025-12-24 14:10:00,PE,ATM+1,7.17818,12145125,26200.0,26157.1,94.95,99.0,93.85,97.2,705675,1766565600
2025-12-24 14:11:00,PE,ATM+1,7.1619,11993250,26200.0,26157.25,97.1,97.2,95.2,96.9,280725,1766565660
2025-12-24 14:12:00,PE,ATM+1,7.209996,11993250,26200.0,26159.8,96.5,97.5,95.45,96.3,272100,1766565720
2025-12-24 14:13:00,PE,ATM+1,7.154851,11993250,26200.0,26157.65,96.6,97.15,95.5,96.6,213600,1766565780
2025-12-24 14:14:00,PE,ATM+1,7.024952,11974425,26200.0,26158.5,95.95,96.6,94.0,94.4,389175,1766565840
2025-12-24 14:15:00,PE,ATM+1,7.087628,11974425,26200.0,26157.8,94.05,96.0,93.85,95.6,295425,1766565900
2025-12-24 14:16:00,PE,ATM+1,7.043894,11974425,26200.0,26160.75,95.5,95.65,91.9,93.55,605400,1766565960
2025-12-24 14:17:00,PE,ATM+1,7.039214,11894250,26200.0,26160.0,93.5,96.3,93.15,93.85,446100,1766566020
2025-12-24 14:18:00,PE,ATM+1,6.985909,11894250,26200.0,26157.9,93.9,94.3,92.85,94.15,216750,1766566080
2025-12-24 14:19:00,PE,ATM+1,6.977893,11894250,26200.0,26154.95,94.25,96.0,93.6,95.5,421050,1766566140
2025-12-24 14:20:00,PE,ATM+1,7.061512,11868075,26200.0,26150.45,95.35,98.95,94.9,98.9,757875,1766566200
2025-12-24 14:21:00,PE,ATM+1,7.026436,11868075,26200.0,26149.3,98.5,99.9,97.85,99.0,722925,1766566260
2025-12-24 14:22:00,PE,ATM+1,7.016134,11868075,26200.0,26145.3,99.0,101.55,98.0,100.9,689250,1766566320
2025-12-24 14:23:00,PE,ATM+1,7.014278,11702250,26200.0,26142.15,101.1,102.5,100.45,102.5,708000,1766566380
2025-12-24 14:24:00,PE,ATM+1,6.969483,11702250,26200.0,26145.8,103.1,104.2,98.9,100.0,1106400,1766566440
2025-12-24 14:25:00,PE,ATM+1,6.938141,11702250,26200.0,26140.05,99.8,104.55,99.1,102.55,767475,1766566500
2025-12-24 14:26:00,PE,ATM+1,6.908807,11155725,26200.0,26129.8,103.05,112.0,102.55,107.6,2780925,1766566560
2025-12-24 14:27:00,PE,ATM+1,6.930199,11155725,26200.0,26133.5,108.15,108.15,103.9,105.9,1026750,1766566620
2025-12-24 14:28:00,PE,ATM+1,6.873591,11155725,26200.0,26133.55,105.35,106.05,104.1,105.1,530550,1766566680
2025-12-24 14:29:00,PE,ATM+1,6.884502,10613700,26200.0,26138.35,104.65,105.1,101.4,102.7,721875,1766566740
2025-12-24 14:30:00,PE,ATM+1,7.030919,10613700,26200.0,26151.15,102.65,102.85,96.4,98.1,1007475,1766566800
2025-12-24 14:31:00,PE,ATM+1,6.929629,10613700,26200.0,26140.85,97.8,102.6,97.3,102.0,880950,1766566860
2025-12-24 14:32:00,PE,ATM+1,6.810666,10656375,26200.0,26135.3,102.35,103.95,101.3,103.3,603225,1766566920
2025-12-24 14:33:00,PE,ATM+1,6.732156,10656375,26200.0,26137.9,103.45,103.45,100.8,100.85,380850,1766566980
2025-12-24 14:34:00,PE,ATM+1,6.764321,10656375,26200.0,26136.55,100.0,102.55,99.55,102.0,528675,1766567040
2025-12-24 14:35:00,PE,ATM+1,6.713043,10713300,26200.0,26134.2,101.5,102.8,101.5,102.55,289875,1766567100
2025-12-24 14:36:00,PE,ATM+1,6.687688,10713300,26200.0,26128.0,102.3,106.85,102.3,105.55,934275,1766567160
2025-12-24 14:37:00,PE,ATM+1,6.750455,10713300,26200.0,26128.55,105.45,107.75,104.7,106.1,734400,1766567220
2025-12-24 14:38:00,PE,ATM+1,6.704714,10504725,26200.0,26130.35,105.75,106.45,104.5,104.5,406725,1766567280
2025-12-24 14:39:00,PE,ATM+1,6.95348,10504725,26200.0,26141.05,104.2,104.95,101.6,102.2,472275,1766567340
2025-12-24 14:40:00,PE,ATM+1,6.667858,10504725,26200.0,26134.15,101.9,103.6,100.6,101.95,454425,1766567400
2025-12-24 14:41:00,PE,ATM+1,6.744738,10448100,26200.0,26134.7,101.9,103.5,101.6,102.7,172350,1766567460
2025-12-24 14:42:00,PE,ATM+1,6.818666,10448100,26200.0,26137.25,102.3,104.5,102.1,102.35,372450,1766567520
2025-12-24 14:43:00,PE,ATM+1,6.852338,10448100,26200.0,26139.35,102.35,102.95,101.4,101.7,235950,1766567580
2025-12-24 14:44:00,PE,ATM+1,6.664251,10403925,26200.0,26139.7,101.65,101.7,98.8,98.95,513900,1766567640
2025-12-24 14:45:00,PE,ATM+1,6.783849,10403925,26200.0,26143.3,98.65,99.3,96.1,98.7,740175,1766567700
2025-12-24 14:46:00,PE,ATM+1,6.671805,10403925,26200.0,26145.95,98.5,98.7,95.8,95.8,344850,1766567760
2025-12-24 14:47:00,PE,ATM+1,6.648026,10345575,26200.0,26147.75,96.55,96.55,94.4,94.55,492450,1766567820
2025-12-24 14:48:00,PE,ATM+1,6.776478,10345575,26200.0,26144.25,94.5,98.35,93.75,98.1,519675,1766567880
2025-12-24 14:49:00,PE,ATM+1,6.787457,10345575,26200.0,26140.4,98.45,100.5,98.1,100.25,649350,1766567940
2025-12-24 14:50:00,PE,ATM+1,6.696819,10322775,26200.0,26135.5,99.9,102.0,99.9,101.6,658875,1766568000
2025-12-24 14:51:00,PE,ATM+1,6.573489,10322775,26200.0,26129.5,101.45,103.6,101.15,103.15,587325,1766568060
2025-12-24 14:52:00,PE,ATM+1,6.500869,10322775,26200.0,26127.6,103.3,103.3,100.8,103.2,466275,1766568120
2025-12-24 14:53:00,PE,ATM+1,6.54391,10225650,26200.0,26127.2,103.25,104.35,102.8,104.0,518100,1766568180
2025-12-24 14:54:00,PE,ATM+1,6.688841,10225650,26200.0,26139.15,104.4,104.6,99.55,99.55,550350,1766568240
2025-12-24 14:55:00,PE,ATM+1,6.874365,10225650,26200.0,26143.8,99.75,100.6,98.15,99.65,443025,1766568300
2025-12-24 14:56:00,PE,ATM+1,6.762664,10002900,26200.0,26143.75,99.4,99.65,97.15,98.15,386550,1766568360
2025-12-24 14:57:00,PE,ATM+1,6.749915,10002900,26200.0,26141.2,98.85,100.7,97.6,99.3,391875,1766568420
2025-12-24 14:58:00,PE,ATM+1,6.713727,10002900,26200.0,26143.9,98.7,99.3,97.15,97.4,227250,1766568480
2025-12-24 14:59:00,PE,ATM+1,6.784228,9965175,26200.0,26148.1,97.4,97.65,95.0,96.2,470700,1766568540
2025-12-24 15:00:00,PE,ATM+1,6.924521,9965175,26200.0,26149.4,94.75,97.8,92.5,97.45,922350,1766568600
2025-12-24 15:01:00,PE,ATM+1,6.758029,9965175,26200.0,26140.15,97.15,100.4,97.1,99.95,798600,1766568660
2025-12-24 15:02:00,PE,ATM+1,6.609112,9957825,26200.0,26134.15,99.85,101.8,99.3,101.1,656100,1766568720
2025-12-24 15:03:00,PE,ATM+1,6.920737,9957825,26200.0,26146.15,101.1,102.65,98.1,99.05,714075,1766568780
2025-12-24 15:04:00,PE,ATM+1,7.065738,9957825,26200.0,26152.5,98.9,100.7,97.65,97.8,481125,1766568840
2025-12-24 15:05:00,PE,ATM+1,7.032807,9697125,26200.0,26156.4,97.65,98.7,95.4,95.4,622650,1766568900
2025-12-24 15:06:00,PE,ATM+1,7.269048,9697125,26200.0,26164.2,95.0,96.45,93.65,94.8,678450,1766568960
2025-12-24 15:07:00,PE,ATM+1,6.67738,9697125,26200.0,26141.75,94.65,98.4,94.65,98.0,665025,1766569020
2025-12-24 15:08:00,PE,ATM+1,6.819564,9546450,26200.0,26149.0,97.35,98.5,96.15,96.2,415275,1766569080
2025-12-24 15:09:00,PE,ATM+1,6.613947,9546450,26200.0,26139.9,96.65,98.2,96.2,98.1,293025,1766569140
2025-12-24 15:10:00,PE,ATM+1,6.446487,9546450,26200.0,26134.1,98.3,99.0,97.9,98.9,412275,1766569200
2025-12-24 15:11:00,PE,ATM+1,6.745707,9477375,26200.0,26142.75,98.9,100.6,98.4,98.4,738000,1766569260
2025-12-24 15:12:00,PE,ATM+1,7.052234,9477375,26200.0,26150.8,97.65,99.4,97.65,98.45,352500,1766569320
2025-12-24 15:13:00,PE,ATM+1,7.225355,9477375,26200.0,26154.5,98.95,99.6,98.45,98.95,355200,1766569380
2025-12-24 15:14:00,PE,ATM+1,7.221888,9118650,26200.0,26154.8,99.65,100.05,98.35,98.75,598650,1766569440
2025-12-24 15:15:00,PE,ATM+1,7.055536,9118650,26200.0,26146.55,98.55,100.8,98.4,100.65,936525,1766569500
2025-12-24 15:16:00,PE,ATM+1,6.813253,9118650,26200.0,26140.75,100.65,101.45,100.2,100.35,434850,1766569560
2025-12-24 15:17:00,PE,ATM+1,6.708493,8854500,26200.0,26137.75,100.2,101.2,99.6,100.5,288450,1766569620
2025-12-24 15:18:00,PE,ATM+1,6.80807,8854500,26200.0,26141.85,100.5,100.8,99.5,99.7,237000,1766569680
2025-12-24 15:19:00,PE,ATM+1,6.745712,8854500,26200.0,26139.65,99.3,100.4,98.9,100.0,237750,1766569740
2025-12-24 15:20:00,PE,ATM+1,6.725113,8748675,26200.0,26140.35,100.0,100.0,98.4,99.35,314625,1766569800
2025-12-24 15:21:00,PE,ATM+1,6.63823,8748675,26200.0,26137.25,99.35,99.8,98.85,99.8,196500,1766569860
2025-12-24 15:22:00,PE,ATM+1,6.614154,8748675,26200.0,26137.1,99.6,99.95,98.65,99.55,313575,1766569920
2025-12-24 15:23:00,PE,ATM+1,6.625588,8564100,26200.0,26138.05,99.4,99.55,97.9,99.2,422850,1766569980
2025-12-24 15:24:00,PE,ATM+1,6.596322,8564100,26200.0,26137.2,98.9,99.5,98.6,99.25,309525,1766570040
2025-12-24 15:25:00,PE,ATM+1,6.651192,8564100,26200.0,26135.4,98.95,101.3,98.95,100.95,473175,1766570100
2025-12-24 15:26:00,PE,ATM+1,6.740196,8201850,26200.0,26141.0,101.1,101.15,99.2,99.2,320400,1766570160
2025-12-24 15:27:00,PE,ATM+1,6.628929,8201850,26200.0,26135.95,99.25,100.4,99.2,100.35,400650,1766570220
2025-12-24 15:28:00,PE,ATM+1,6.618009,8201850,26200.0,26134.45,100.8,101.0,100.35,101.0,437775,1766570280
2025-12-24 15:29:00,PE,ATM+1,6.839218,7749750,26200.0,26141.65,100.75,101.0,99.9,100.2,562050,1766570340
2025-12-26 09:15:00,PE,ATM+1,8.269987,3977175,26150.0,26103.95,85.0,104.35,85.0,102.65,3691125,1766720700
2025-12-26 09:16:00,PE,ATM+1,7.96837,4418100,26150.0,26115.6,99.2,102.65,92.4,93.2,2170200,1766720760
2025-12-26 09:17:00,PE,ATM+1,8.207889,4418100,26150.0,26120.85,93.1,95.55,88.75,93.35,2046375,1766720820
2025-12-26 09:18:00,PE,ATM+1,8.368673,7615725,26200.0,26133.9,122.6,124.9,114.5,114.7,1306350,1766720880
2025-12-26 09:19:00,PE,ATM+1,8.570893,8408475,26200.0,26128.8,114.55,119.85,114.0,119.85,1169100,1766720940
2025-12-26 09:20:00,PE,ATM+1,8.375781,8408475,26200.0,26131.6,119.3,121.1,116.05,116.05,1231650,1766721000
2025-12-26 09:21:00,PE,ATM+1,8.078255,6241050,26150.0,26124.9,87.1,89.85,86.3,89.85,1086750,1766721060
2025-12-26 09:22:00,PE,ATM+1,8.031719,7242000,26150.0,26124.3,89.2,92.7,87.2,89.6,1725825,1766721120
2025-12-26 09:23:00,PE,ATM+1,8.327863,9071475,26200.0,26125.45,119.2,121.1,115.0,118.95,1064400,1766721180
2025-12-26 09:24:00,PE,ATM+1,8.043439,9071475,26200.0,26134.35,118.5,118.95,110.7,110.7,1142100,1766721240
2025-12-26 09:25:00,PE,ATM+1,7.867314,9625650,26200.0,26131.9,112.45,114.95,107.2,110.05,1643700,1766721300
2025-12-26 09:26:00,PE,ATM+1,8.026718,9625650,26200.0,26134.35,111.6,113.5,108.4,110.5,638625,1766721360
2025-12-26 09:27:00,PE,ATM+1,8.04574,9625650,26200.0,26128.75,110.95,114.3,108.7,113.85,614175,1766721420
2025-12-26 09:28:00,PE,ATM+1,7.975977,9993075,26200.0,26135.0,113.6,115.3,108.1,109.55,935550,1766721480
2025-12-26 09:29:00,PE,ATM+1,7.879453,9993075,26200.0,26131.85,109.65,116.65,109.55,110.2,952350,1766721540
2025-12-26 09:30:00,PE,ATM+1,7.621115,8561250,26150.0,26124.35,81.8,85.9,80.6,84.8,1036425,1766721600
2025-12-26 09:31:00,PE,ATM+1,7.815733,9007500,26150.0,26123.0,84.85,87.7,84.35,87.7,1649100,1766721660
2025-12-26 09:32:00,PE,ATM+1,7.604373,9007500,26150.0,26111.7,88.1,92.35,87.3,90.9,3133425,1766721720
2025-12-26 09:33:00,PE,ATM+1,7.538557,9007500,26150.0,26108.65,91.25,93.15,88.9,91.7,1918425,1766721780
2025-12-26 09:34:00,PE,ATM+1,7.595003,9020925,26150.0,26110.2,91.15,92.35,89.95,91.55,1013625,1766721840
2025-12-26 09:35:00,PE,ATM+1,7.45904,9020925,26150.0,26103.7,90.8,95.05,90.8,93.35,2244000,1766721900
2025-12-26 09:36:00,PE,ATM+1,7.531149,9020925,26150.0,26104.8,93.55,95.35,92.2,93.6,1324350,1766721960
2025-12-26 09:37:00,PE,ATM+1,7.49252,8649000,26150.0,26099.4,93.7,96.0,93.6,96.0,1101375,1766722020
2025-12-26 09:38:00,PE,ATM+1,7.406185,8649000,26150.0,26096.05,97.6,97.8,95.1,96.8,1889775,1766722080
2025-12-26 09:39:00,PE,ATM+1,7.359,8649000,26150.0,26093.2,97.05,98.6,96.75,97.8,1393575,1766722140
2025-12-26 09:40:00,PE,ATM+1,7.42592,7955850,26150.0,26091.3,98.05,100.5,97.8,99.6,1968600,1766722200
2025-12-26 09:41:00,PE,ATM+1,7.441061,7955850,26150.0,26095.75,99.8,100.8,95.9,97.35,1396050,1766722260
2025-12-26 09:42:00,PE,ATM+1,7.527456,7955850,26150.0,26090.85,97.45,102.0,96.65,101.0,1379775,1766722320
2025-12-26 09:43:00,PE,ATM+1,7.547592,7093125,26150.0,26083.95,101.3,106.3,101.0,105.05,2515650,1766722380
2025-12-26 09:44:00,PE,ATM+1,7.514403,7093125,26150.0,26086.85,104.85,105.5,101.65,103.05,1134825,1766722440
2025-12-26 09:45:00,PE,ATM+1,7.52623,7093125,26150.0,26088.35,103.4,103.4,101.3,102.35,722550,1766722500
2025-12-26 09:46:00,PE,ATM+1,7.560783,6821925,26150.0,26085.45,102.4,105.15,102.35,104.35,822225,1766722560
2025-12-26 09:47:00,PE,ATM+1,7.501612,6821925,26150.0,26085.4,104.15,105.2,102.7,103.7,576975,1766722620
2025-12-26 09:48:00,PE,ATM+1,7.488872,6821925,26150.0,26085.85,104.9,104.9,103.05,103.3,465450,1766722680
2025-12-26 09:49:00,PE,ATM+1,7.464074,6505500,26150.0,26090.3,103.35,103.6,99.75,100.55,1052175,1766722740
2025-12-26 09:50:00,PE,ATM+1,7.477456,6505500,26150.0,26086.95,100.6,102.95,98.45,102.55,861000,1766722800
2025-12-26 09:51:00,PE,ATM+1,7.482305,6505500,26150.0,26081.6,102.55,105.7,101.75,105.6,955050,1766722860
2025-12-26 09:52:00,PE,ATM+1,7.713182,6223500,26150.0,26077.75,108.2,110.8,105.6,110.4,2196675,1766722920
2025-12-26 09:53:00,PE,ATM+1,7.652149,6223500,26150.0,26075.75,110.5,115.25,110.4,110.85,2075925,1766722980
2025-12-26 09:54:00,PE,ATM+1,7.675073,6223500,26150.0,26079.35,111.15,111.15,108.4,109.05,751875,1766723040
2025-12-26 09:55:00,PE,ATM+1,7.701015,5557575,26150.0,26079.95,109.15,109.85,107.0,109.0,621525,1766723100
2025-12-26 09:56:00,PE,ATM+1,7.814759,5557575,26150.0,26080.9,109.05,110.1,107.55,109.75,454875,1766723160
2025-12-26 09:57:00,PE,ATM+1,7.836026,5557575,26150.0,26083.55,109.7,109.85,107.55,108.5,316425,1766723220
2025-12-26 09:58:00,PE,ATM+1,7.761759,5488200,26150.0,26090.6,108.0,108.5,103.75,103.75,728850,1766723280
2025-12-26 09:59:00,PE,ATM+1,7.753684,5488200,26150.0,26090.15,104.1,104.55,100.6,103.9,894975,1766723340
2025-12-26 10:00:00,PE,ATM+1,7.686683,5488200,26150.0,26085.95,103.25,106.25,102.3,105.45,643500,1766723400
2025-12-26 10:01:00,PE,ATM+1,7.721567,5506125,26150.0,26083.25,105.75,108.9,105.25,107.35,870000,1766723460
2025-12-26 10:02:00,PE,ATM+1,7.690612,5506125,26150.0,26081.55,106.7,108.1,104.95,107.95,419925,1766723520
2025-12-26 10:03:00,PE,ATM+1,7.616336,5506125,26150.0,26088.0,107.3,107.95,102.4,103.5,539250,1766723580
2025-12-26 10:04:00,PE,ATM+1,7.396013,5607000,26150.0,26092.7,103.8,104.15,98.1,98.4,854850,1766723640
2025-12-26 10:05:00,PE,ATM+1,7.417791,5607000,26150.0,26092.05,98.15,100.35,97.05,99.0,869400,1766723700
2025-12-26 10:06:00,PE,ATM+1,7.527952,5607000,26150.0,26096.95,99.05,99.3,96.3,97.6,536775,1766723760
2025-12-26 10:07:00,PE,ATM+1,7.609845,5706150,26150.0,26094.6,97.8,100.15,97.5,99.8,426750,1766723820
2025-12-26 10:08:00,PE,ATM+1,7.569557,5706150,26150.0,26097.45,99.7,99.8,94.85,97.8,685500,1766723880
2025-12-26 10:09:00,PE,ATM+1,7.510516,5706150,26150.0,26090.85,97.55,100.9,97.55,100.7,643875,1766723940
2025-12-26 10:10:00,PE,ATM+1,7.486153,5904525,26150.0,26086.45,101.0,103.35,99.65,102.85,977400,1766724000
2025-12-26 10:11:00,PE,ATM+1,7.417019,5904525,26150.0,26088.9,103.2,104.4,100.0,100.7,757650,1766724060
2025-12-26 10:12:00,PE,ATM+1,7.377191,5904525,26150.0,26090.7,101.6,102.7,99.25,99.25,383100,1766724120
2025-12-26 10:13:00,PE,ATM+1,7.386687,6150525,26150.0,26092.35,98.8,99.75,97.15,98.45,622500,1766724180
2025-12-26 10:14:00,PE,ATM+1,7.413608,6150525,26150.0,26090.35,98.35,100.35,98.15,99.85,259650,1766724240
2025-12-26 10:15:00,PE,ATM+1,7.298236,6150525,26150.0,26085.1,100.05,102.05,99.85,101.45,435975,1766724300
2025-12-26 10:16:00,PE,ATM+1,7.450849,6311250,26150.0,26091.2,100.25,101.45,98.4,99.8,405450,1766724360
2025-12-26 10:17:00,PE,ATM+1,7.27633,6311250,26150.0,26086.25,99.7,101.95,99.3,100.55,280200,1766724420
2025-12-26 10:18:00,PE,ATM+1,7.311864,6311250,26150.0,26086.25,100.5,102.0,99.65,100.95,254775,1766724480
2025-12-26 10:19:00,PE,ATM+1,7.38999,6318525,26150.0,26088.65,100.55,101.35,98.55,100.5,312525,1766724540
2025-12-26 10:20:00,PE,ATM+1,7.314568,6318525,26150.0,26086.65,100.05,101.55,100.0,100.75,219900,1766724600
2025-12-26 10:21:00,PE,ATM+1,7.341305,6318525,26150.0,26088.9,100.7,101.7,99.1,99.8,265200,1766724660
2025-12-26 10:22:00,PE,ATM+1,7.244061,6392325,26150.0,26081.4,99.55,103.3,99.45,102.9,416550,1766724720
2025-12-26 10:23:00,PE,ATM+1,7.182532,6392325,26150.0,26081.05,102.9,104.75,102.05,102.4,880650,1766724780
2025-12-26 10:24:00,PE,ATM+1,7.163931,6392325,26150.0,26080.15,102.35,103.0,101.7,102.7,359175,1766724840
2025-12-26 10:25:00,PE,ATM+1,7.186958,6486600,26150.0,26080.95,102.95,103.95,101.15,102.5,365775,1766724900
2025-12-26 10:26:00,PE,ATM+1,7.256681,6486600,26150.0,26081.45,102.45,103.5,101.35,103.0,317100,1766724960
2025-12-26 10:27:00,PE,ATM+1,7.341978,6486600,26150.0,26085.55,103.15,103.2,100.6,101.65,343500,1766725020
2025-12-26 10:28:00,PE,ATM+1,7.197867,6537225,26150.0,26087.0,101.4,102.6,99.0,99.2,346725,1766725080
2025-12-26 10:29:00,PE,ATM+1,7.12382,6537225,26150.0,26091.7,99.25,99.75,95.75,95.75,794700,1766725140
2025-12-26 10:30:00,PE,ATM+1,7.31419,6537225,26150.0,26092.0,95.7,98.55,94.05,97.75,845475,1766725200
2025-12-26 10:31:00,PE,ATM+1,7.217337,6583350,26150.0,26094.55,97.5,97.75,94.65,95.25,418875,1766725260
2025-12-26 10:32:00,PE,ATM+1,7.104459,6583350,26150.0,26088.75,95.45,98.6,95.25,97.15,432600,1766725320
2025-12-26 10:33:00,PE,ATM+1,7.159346,6583350,26150.0,26091.5,97.1,97.45,95.25,96.25,226050,1766725380
2025-12-26 10:34:00,PE,ATM+1,7.222755,6626625,26150.0,26089.9,96.4,98.45,96.25,97.85,227550,1766725440
2025-12-26 10:35:00,PE,ATM+1,7.189946,6626625,26150.0,26089.4,98.15,99.45,97.45,97.75,417750,1766725500
2025-12-26 10:36:00,PE,ATM+1,7.227744,6626625,26150.0,26091.35,97.7,97.8,95.9,97.1,249900,1766725560
2025-12-26 10:37:00,PE,ATM+1,7.271268,6644850,26150.0,26089.25,97.0,98.85,95.85,98.75,264300,1766725620
2025-12-26 10:38:00,PE,ATM+1,7.016545,6644850,26150.0,26083.2,98.4,100.4,97.95,99.25,469275,1766725680
2025-12-26 10:39:00,PE,ATM+1,7.056454,6644850,26150.0,26092.15,99.2,99.6,94.7,94.7,480750,1766725740
2025-12-26 10:40:00,PE,ATM+1,7.131698,6659850,26150.0,26091.7,95.1,96.05,92.2,95.8,981450,1766725800
2025-12-26 10:41:00,PE,ATM+1,7.045631,6659850,26150.0,26091.55,95.85,97.25,94.9,94.9,387450,1766725860
2025-12-26 10:42:00,PE,ATM+1,7.107641,6659850,26150.0,26094.75,95.1,95.1,93.2,93.85,329475,1766725920
2025-12-26 10:43:00,PE,ATM+1,7.23309,6644475,26150.0,26091.05,93.8,97.9,93.55,97.3,322650,1766725980
2025-12-26 10:44:00,PE,ATM+1,7.265135,6644475,26150.0,26093.35,97.05,97.85,95.45,96.4,256575,1766726040
2025-12-26 10:45:00,PE,ATM+1,7.109947,6644475,26150.0,26086.45,96.25,99.0,95.65,98.45,400950,1766726100
2025-12-26 10:46:00,PE,ATM+1,7.080928,6615300,26150.0,26089.35,98.35,99.0,96.1,96.5,262200,1766726160
2025-12-26 10:47:00,PE,ATM+1,7.064079,6615300,26150.0,26088.55,96.6,97.2,95.85,96.75,116850,1766726220
2025-12-26 10:48:00,PE,ATM+1,7.061455,6615300,26150.0,26089.75,96.55,96.8,94.45,96.05,305700,1766726280
2025-12-26 10:49:00,PE,ATM+1,6.939696,6679200,26150.0,26088.25,96.05,98.2,95.5,95.5,266025,1766726340
2025-12-26 10:50:00,PE,ATM+1,7.020197,6679200,26150.0,26087.55,95.25,97.0,95.15,96.8,183375,1766726400
2025-12-26 10:51:00,PE,ATM+1,7.059676,6679200,26150.0,26086.2,96.5,98.3,96.5,98.0,252225,1766726460
2025-12-26 10:52:00,PE,ATM+1,6.98779,6719625,26150.0,26089.3,97.55,98.0,95.3,95.45,201750,1766726520
2025-12-26 10:53:00,PE,ATM+1,7.039199,6719625,26150.0,26091.25,95.1,96.1,93.0,94.95,443700,1766726580
2025-12-26 10:54:00,PE,ATM+1,6.988398,6719625,26150.0,26089.75,94.8,95.75,94.0,95.2,205650,1766726640
2025-12-26 10:55:00,PE,ATM+1,6.963428,6762000,26150.0,26087.8,95.3,96.85,95.1,96.0,234300,1766726700
2025-12-26 10:56:00,PE,ATM+1,6.935594,6762000,26150.0,26083.95,96.35,100.15,96.0,97.85,892725,1766726760
2025-12-26 10:57:00,PE,ATM+1,7.002105,6762000,26150.0,26085.45,97.9,98.75,97.05,97.75,216000,1766726820
2025-12-26 10:58:00,PE,ATM+1,6.927826,6707925,26150.0,26090.65,98.15,98.3,93.5,94.0,572475,1766726880
2025-12-26 10:59:00,PE,ATM+1,6.92083,6707925,26150.0,26089.6,93.85,94.95,90.8,94.5,928725,1766726940
2025-12-26 11:00:00,PE,ATM+1,7.004422,6707925,26150.0,26089.05,94.6,96.3,93.75,95.75,416775,1766727000
2025-12-26 11:01:00,PE,ATM+1,6.830419,6556725,26150.0,26092.25,95.75,95.75,91.6,92.0,464700,1766727060
2025-12-26 11:02:00,PE,ATM+1,6.88978,6556725,26150.0,26088.95,92.0,95.9,91.75,94.5,375750,1766727120
2025-12-26 11:03:00,PE,ATM+1,6.831239,6556725,26150.0,26089.1,94.5,95.15,92.8,93.75,198450,1766727180
2025-12-26 11:04:00,PE,ATM+1,6.851245,6545625,26150.0,26087.8,93.85,95.1,93.6,94.7,139350,1766727240
2025-12-26 11:05:00,PE,ATM+1,6.867777,6545625,26150.0,26084.4,94.65,97.15,94.6,96.8,406575,1766727300
2025-12-26 11:06:00,PE,ATM+1,6.884285,6545625,26150.0,26083.05,96.55,98.0,95.55,97.75,441750,1766727360
2025-12-26 11:07:00,PE,ATM+1,7.027758,6397200,26150.0,26079.4,98.2,101.45,97.75,101.45,780225,1766727420
2025-12-26 11:08:00,PE,ATM+1,7.12448,6397200,26150.0,26075.65,101.45,104.8,101.45,104.7,1137600,1766727480
2025-12-26 11:09:00,PE,ATM+1,7.43808,6397200,26150.0,26078.45,103.7,106.6,102.2,106.6,802050,1766727540
2025-12-26 11:10:00,PE,ATM+1,7.331073,6154650,26150.0,26078.7,105.6,107.5,104.55,105.25,1008225,1766727600
2025-12-26 11:11:00,PE,ATM+1,7.448077,6154650,26150.0,26075.85,105.3,108.25,104.9,108.2,611250,1766727660
2025-12-26 11:12:00,PE,ATM+1,7.113638,16164450,26100.0,26069.5,78.6,80.9,78.4,80.8,3119325,1766727720
2025-12-26 11:13:00,PE,ATM+1,7.07838,15605325,26100.0,26070.9,80.75,81.4,79.35,79.7,1977075,1766727780
2025-12-26 11:14:00,PE,ATM+1,7.034025,15605325,26100.0,26072.3,79.15,79.7,77.05,78.5,1579950,1766727840
2025-12-26 11:15:00,PE,ATM+1,7.023039,15605325,26100.0,26067.8,78.65,80.8,78.15,80.6,1298175,1766727900
2025-12-26 11:16:00,PE,ATM+1,6.939394,15493425,26100.0,26064.7,80.85,81.9,79.75,81.2,1721325,1766727960
2025-12-26 11:17:00,PE,ATM+1,6.957989,15493425,26100.0,26066.9,81.15,81.45,79.35,80.3,1149000,1766728020
2025-12-26 11:18:00,PE,ATM+1,6.82591,15493425,26100.0,26064.2,80.4,80.65,79.25,80.15,608400,1766728080
2025-12-26 11:19:00,PE,ATM+1,6.8615,15347775,26100.0,26064.6,80.1,81.1,79.6,80.35,908400,1766728140
2025-12-26 11:20:00,PE,ATM+1,6.853461,15347775,26100.0,26065.4,80.5,81.6,79.85,79.85,1372125,1766728200
2025-12-26 11:21:00,PE,ATM+1,6.8099,15347775,26100.0,26065.2,79.8,80.65,79.4,79.45,695850,1766728260
2025-12-26 11:22:00,PE,ATM+1,6.780947,15229050,26100.0,26063.85,79.65,80.05,79.0,79.8,783150,1766728320
2025-12-26 11:23:00,PE,ATM+1,6.704681,15229050,26100.0,26059.9,79.65,81.6,79.1,80.95,1191675,1766728380
2025-12-26 11:24:00,PE,ATM+1,6.66255,15229050,26100.0,26062.95,81.25,81.4,78.05,78.9,1343475,1766728440
2025-12-26 11:25:00,PE,ATM+1,6.752534,15079950,26100.0,26066.65,78.9,79.25,77.3,78.05,1151550,1766728500
2025-12-26 11:26:00,PE,ATM+1,6.814268,15079950,26100.0,26067.25,77.9,78.45,76.35,78.45,1047075,1766728560
2025-12-26 11:27:00,PE,ATM+1,6.689552,15079950,26100.0,26066.3,78.0,78.8,77.5,77.5,560175,1766728620
2025-12-26 11:28:00,PE,ATM+1,6.656272,14915850,26100.0,26064.65,77.55,78.55,77.4,77.95,397875,1766728680
2025-12-26 11:29:00,PE,ATM+1,6.608488,14915850,26100.0,26064.85,78.0,78.65,77.15,77.3,461550,1766728740
2025-12-26 11:30:00,PE,ATM+1,6.624633,14915850,26100.0,26062.65,77.45,79.2,76.75,78.6,786450,1766728800
2025-12-26 11:31:00,PE,ATM+1,6.616066,14597475,26100.0,26062.55,78.75,79.6,78.15,78.55,600075,1766728860
2025-12-26 11:32:00,PE,ATM+1,6.695769,14597475,26100.0,26059.45,78.4,81.05,78.4,81.05,977625,1766728920
2025-12-26 11:33:00,PE,ATM+1,6.623612,14597475,26100.0,26060.95,81.3,81.65,79.3,79.45,1416825,1766728980
2025-12-26 11:34:00,PE,ATM+1,6.515746,14325000,26100.0,26057.8,79.4,81.15,78.5,79.85,1086075,1766729040
2025-12-26 11:35:00,PE,ATM+1,6.460002,14325000,26100.0,26055.25,79.9,81.25,79.7,80.55,701550,1766729100
2025-12-26 11:36:00,PE,ATM+1,6.403387,14325000,26100.0,26056.3,80.45,81.2,79.15,79.35,806700,1766729160
2025-12-26 11:37:00,PE,ATM+1,6.485276,14246325,26100.0,26057.5,79.7,80.7,79.15,79.65,466050,1766729220
2025-12-26 11:38:00,PE,ATM+1,6.358806,14246325,26100.0,26053.25,79.5,80.7,79.35,80.45,429300,1766729280
2025-12-26 11:39:00,PE,ATM+1,6.404784,14246325,26100.0,26054.7,80.15,80.45,79.7,80.2,323025,1766729340
2025-12-26 11:40:00,PE,ATM+1,6.410213,14109225,26100.0,26055.0,80.35,80.8,78.8,80.1,737325,1766729400
2025-12-26 11:41:00,PE,ATM+1,6.36129,14109225,26100.0,26053.85,80.15,80.6,79.8,80.15,380400,1766729460
2025-12-26 11:42:00,PE,ATM+1,6.379974,14109225,26100.0,26054.15,80.25,81.2,79.85,80.2,639075,1766729520
2025-12-26 11:43:00,PE,ATM+1,6.286948,13928700,26100.0,26050.95,80.2,81.2,79.4,80.85,490125,1766729580
2025-12-26 11:44:00,PE,ATM+1,6.224173,13928700,26100.0,26052.6,81.15,81.25,78.8,79.25,829350,1766729640
2025-12-26 11:45:00,PE,ATM+1,6.115824,13928700,26100.0,26051.05,79.25,79.8,78.8,78.85,472275,1766729700
2025-12-26 11:46:00,PE,ATM+1,6.241535,13825275,26100.0,26051.65,78.95,80.6,78.85,79.95,494025,1766729760
2025-12-26 11:47:00,PE,ATM+1,6.153443,13825275,26100.0,26049.7,79.95,80.3,79.25,80.0,343875,1766729820
2025-12-26 11:48:00,PE,ATM+1,6.212573,13825275,26100.0,26051.4,79.75,80.25,79.3,79.75,308175,1766729880
2025-12-26 11:49:00,PE,ATM+1,6.087879,13867050,26100.0,26050.35,79.75,79.95,78.75,78.9,506325,1766729940
2025-12-26 11:50:00,PE,ATM+1,6.14669,13867050,26100.0,26052.7,78.8,79.8,77.8,78.3,708075,1766730000
2025-12-26 11:51:00,PE,ATM+1,6.193045,13867050,26100.0,26054.15,78.25,78.35,77.1,78.05,681750,1766730060
2025-12-26 11:52:00,PE,ATM+1,6.189545,13675800,26100.0,26053.6,78.1,78.6,76.45,78.3,765525,1766730120
2025-12-26 11:53:00,PE,ATM+1,6.145149,13675800,26100.0,26053.4,78.5,79.75,77.85,77.9,690525,1766730180
2025-12-26 11:54:00,PE,ATM+1,6.133056,13675800,26100.0,26053.7,77.8,78.35,77.3,77.6,257775,1766730240
2025-12-26 11:55:00,PE,ATM+1,6.169016,13581975,26100.0,26055.5,77.65,78.35,77.05,77.05,256050,1766730300
2025-12-26 11:56:00,PE,ATM+1,6.14101,13581975,26100.0,26057.55,76.5,77.55,75.6,75.65,1127100,1766730360
2025-12-26 11:57:00,PE,ATM+1,6.176873,13581975,26100.0,26060.15,75.65,76.5,74.7,74.7,1029375,1766730420
2025-12-26 11:58:00,PE,ATM+1,6.161316,13351200,26100.0,26056.55,74.55,76.6,74.0,76.4,971625,1766730480
2025-12-26 11:59:00,PE,ATM+1,6.148597,13351200,26100.0,26056.65,76.35,76.8,75.8,76.2,462000,1766730540
2025-12-26 12:00:00,PE,ATM+1,6.188174,13351200,26100.0,26055.6,76.2,77.25,75.0,77.2,592650,1766730600
2025-12-26 12:01:00,PE,ATM+1,6.226002,13592625,26100.0,26055.65,77.05,77.6,75.55,77.6,458700,1766730660
2025-12-26 12:02:00,PE,ATM+1,6.204301,13592625,26100.0,26056.6,77.9,77.95,76.6,76.85,613350,1766730720
2025-12-26 12:03:00,PE,ATM+1,6.215138,13592625,26100.0,26057.4,77.05,77.5,76.0,76.55,307575,1766730780
2025-12-26 12:04:00,PE,ATM+1,6.125932,13507425,26100.0,26052.0,76.65,78.65,76.35,78.4,752175,1766730840
2025-12-26 12:05:00,PE,ATM+1,6.226554,13507425,26100.0,26055.45,78.45,80.15,76.55,77.7,1246350,1766730900
2025-12-26 12:06:00,PE,ATM+1,6.220201,13507425,26100.0,26053.05,77.8,79.85,76.4,78.9,677700,1766730960
2025-12-26 12:07:00,PE,ATM+1,6.190525,13656150,26100.0,26054.95,78.45,79.6,77.35,77.55,565500,1766731020
2025-12-26 12:08:00,PE,ATM+1,6.224175,13656150,26100.0,26054.25,78.0,79.15,77.55,78.3,272325,1766731080
2025-12-26 12:09:00,PE,ATM+1,6.233837,13656150,26100.0,26055.3,77.9,78.35,77.25,77.85,322500,1766731140
2025-12-26 12:10:00,PE,ATM+1,6.278062,13653825,26100.0,26056.15,77.85,78.4,76.8,77.9,472125,1766731200
2025-12-26 12:11:00,PE,ATM+1,6.317935,13653825,26100.0,26057.1,78.55,78.55,77.4,77.85,251550,1766731260
2025-12-26 12:12:00,PE,ATM+1,6.28462,13653825,26100.0,26059.05,77.95,77.95,76.1,76.45,543600,1766731320
2025-12-26 12:13:00,PE,ATM+1,6.344577,13653825,26100.0,26060.55,76.55,77.9,76.1,76.35,335925,1766731380
2025-12-26 12:14:00,PE,ATM+1,6.326997,13580925,26100.0,26062.0,76.2,76.35,74.95,75.4,952500,1766731440
2025-12-26 12:15:00,PE,ATM+1,6.338153,13580925,26100.0,26060.3,75.35,77.4,75.35,76.4,687150,1766731500
2025-12-26 12:16:00,PE,ATM+1,6.368139,13580925,26100.0,26061.05,76.4,76.7,75.6,76.35,267750,1766731560
2025-12-26 12:17:00,PE,ATM+1,6.374936,13706175,26100.0,26059.55,76.4,77.5,76.1,77.2,441750,1766731620
2025-12-26 12:18:00,PE,ATM+1,6.358922,13706175,26100.0,26062.0,77.4,77.55,75.7,75.75,386175,1766731680
2025-12-26 12:19:00,PE,ATM+1,6.470032,13706175,26100.0,26065.55,75.9,76.85,74.55,75.2,576675,1766731740
2025-12-26 12:20:00,PE,ATM+1,6.426511,13835475,26100.0,26062.9,75.05,76.5,75.05,76.05,378525,1766731800
2025-12-26 12:21:00,PE,ATM+1,6.431851,13835475,26100.0,26060.0,76.2,78.05,76.05,77.6,810075,1766731860
2025-12-26 12:22:00,PE,ATM+1,6.534999,13835475,26100.0,26050.65,78.1,83.9,77.2,83.7,2279925,1766731920
2025-12-26 12:23:00,PE,ATM+1,6.446401,13181625,26100.0,26055.9,83.55,83.8,79.5,79.9,1744500,1766731980
2025-12-26 12:24:00,PE,ATM+1,6.585577,13181625,26100.0,26057.95,79.4,80.55,79.1,80.4,809475,1766732040
2025-12-26 12:25:00,PE,ATM+1,6.668645,13181625,26100.0,26059.95,80.6,81.4,79.5,80.3,780675,1766732100
2025-12-26 12:26:00,PE,ATM+1,6.517229,13233750,26100.0,26061.75,80.0,80.3,76.35,77.65,1116675,1766732160
2025-12-26 12:27:00,PE,ATM+1,6.524584,13233750,26100.0,26060.45,77.6,78.65,76.65,78.4,657750,1766732220
2025-12-26 12:28:00,PE,ATM+1,6.542267,13233750,26100.0,26057.75,78.25,80.25,78.0,80.0,584400,1766732280
2025-12-26 12:29:00,PE,ATM+1,6.565065,13301625,26100.0,26059.2,79.6,80.0,79.0,79.5,362250,1766732340
2025-12-26 12:30:00,PE,ATM+1,6.580971,13301625,26100.0,26055.05,79.35,81.85,79.05,81.85,699525,1766732400
2025-12-26 12:31:00,PE,ATM+1,6.592164,13301625,26100.0,26052.55,81.7,83.55,81.35,83.3,1220325,1766732460
2025-12-26 12:32:00,PE,ATM+1,6.701528,12832425,26100.0,26048.7,83.5,87.05,83.3,86.6,2972850,1766732520
2025-12-26 12:33:00,PE,ATM+1,6.745448,12832425,26100.0,26042.65,86.9,92.25,85.4,90.4,3609375,1766732580
2025-12-26 12:34:00,PE,ATM+1,6.793328,12832425,26100.0,26045.9,90.05,90.4,88.7,89.15,1517775,1766732640
2025-12-26 12:35:00,PE,ATM+1,6.841051,11814225,26100.0,26042.05,89.1,92.25,89.1,91.8,1258800,1766732700
2025-12-26 12:36:00,PE,ATM+1,7.043265,11814225,26100.0,26039.65,91.4,95.45,90.2,95.4,1579575,1766732760
2025-12-26 12:37:00,PE,ATM+1,6.798347,11814225,26100.0,26039.2,94.7,95.4,91.9,92.9,1659300,1766732820
2025-12-26 12:38:00,PE,ATM+1,6.619449,11183025,26100.0,26036.35,93.3,94.25,92.3,92.5,1121925,1766732880
2025-12-26 12:39:00,PE,ATM+1,6.6817,11183025,26100.0,26039.8,92.55,93.3,91.25,91.25,994650,1766732940
2025-12-26 12:40:00,PE,ATM+1,6.728922,11183025,26100.0,26039.4,91.65,92.45,90.7,92.0,832875,1766733000
2025-12-26 12:41:00,PE,ATM+1,6.836686,11010600,26100.0,26035.5,92.4,95.4,91.95,95.4,1216350,1766733060
2025-12-26 12:42:00,PE,ATM+1,6.752076,11010600,26100.0,26036.65,94.8,95.4,93.8,93.8,1178625,1766733120
2025-12-26 12:43:00,PE,ATM+1,6.737101,11010600,26100.0,26039.1,93.85,93.85,91.8,92.25,709800,1766733180
2025-12-26 12:44:00,PE,ATM+1,6.773204,10773525,26100.0,26038.3,92.8,93.75,92.25,93.1,361875,1766733240
2025-12-26 12:45:00,PE,ATM+1,6.707809,10773525,26100.0,26037.35,92.95,94.3,92.4,92.9,526125,1766733300
2025-12-26 12:46:00,PE,ATM+1,6.689591,10773525,26100.0,26039.65,92.4,93.0,91.2,91.4,630075,1766733360
2025-12-26 12:47:00,PE,ATM+1,6.650816,10659375,26100.0,26037.45,91.2,92.45,91.0,92.2,405300,1766733420
2025-12-26 12:48:00,PE,ATM+1,6.732972,10659375,26100.0,26037.3,92.15,93.4,92.0,93.2,389625,1766733480
2025-12-26 12:49:00,PE,ATM+1,6.657907,10659375,26100.0,26038.2,93.25,93.25,90.75,91.85,483150,1766733540
2025-12-26 12:50:00,PE,ATM+1,6.662323,10684275,26100.0,26036.6,92.05,93.15,91.85,92.8,346650,1766733600
2025-12-26 12:51:00,PE,ATM+1,6.64483,10684275,26100.0,26036.25,93.0,93.6,92.1,92.8,457875,1766733660
2025-12-26 12:52:00,PE,ATM+1,6.698085,10684275,26100.0,26039.25,92.1,92.8,90.85,91.7,560775,1766733720
2025-12-26 12:53:00,PE,ATM+1,6.694094,10812225,26100.0,26039.7,91.45,91.7,90.0,91.4,680100,1766733780
2025-12-26 12:54:00,PE,ATM+1,6.705027,10812225,26100.0,26040.45,91.9,92.0,91.05,91.1,280800,1766733840
2025-12-26 12:55:00,PE,ATM+1,6.636412,10812225,26100.0,26038.45,91.4,91.65,91.0,91.45,199200,1766733900
2025-12-26 12:56:00,PE,ATM+1,6.680268,10667550,26100.0,26040.3,91.35,91.65,90.65,90.9,243000,1766733960
2025-12-26 12:57:00,PE,ATM+1,6.650304,10667550,26100.0,26037.65,91.1,92.25,90.9,92.05,285975,1766734020
2025-12-26 12:58:00,PE,ATM+1,6.601531,10667550,26100.0,26037.3,91.9,92.45,91.5,91.7,245100,1766734080
2025-12-26 12:59:00,PE,ATM+1,6.635262,10670250,26100.0,26038.05,91.7,91.8,91.25,91.65,136875,1766734140
2025-12-26 13:00:00,PE,ATM+1,6.599549,10670250,26100.0,26037.25,91.3,91.95,90.7,91.7,437025,1766734200
2025-12-26 13:01:00,PE,ATM+1,6.523688,10670250,26100.0,26038.4,92.25,92.35,88.45,90.2,918750,1766734260
2025-12-26 13:02:00,PE,ATM+1,6.54039,10544850,26100.0,26035.55,90.25,92.3,90.0,92.0,505050,1766734320
2025-12-26 13:03:00,PE,ATM+1,6.465432,10544850,26100.0,26034.0,91.95,92.45,89.5,92.05,607275,1766734380
2025-12-26 13:04:00,PE,ATM+1,6.427214,10544850,26100.0,26034.3,91.65,92.55,90.55,91.45,515175,1766734440
2025-12-26 13:05:00,PE,ATM+1,6.391356,10577925,26100.0,26031.7,91.45,92.65,91.45,92.55,389175,1766734500
2025-12-26 13:06:00,PE,ATM+1,6.312605,10577925,26100.0,26032.95,92.7,93.9,90.8,90.95,770250,1766734560
2025-12-26 13:07:00,PE,ATM+1,6.373587,10577925,26100.0,26035.6,91.2,92.0,89.75,90.1,574425,1766734620
2025-12-26 13:08:00,PE,ATM+1,6.373809,10521150,26100.0,26035.25,90.4,91.2,89.8,90.3,281475,1766734680
2025-12-26 13:09:00,PE,ATM+1,6.428018,10521150,26100.0,26035.25,90.15,91.7,90.15,90.9,323100,1766734740
2025-12-26 13:10:00,PE,ATM+1,6.366633,10521150,26100.0,26035.45,90.65,91.2,89.45,90.1,353400,1766734800
2025-12-26 13:11:00,PE,ATM+1,6.436191,10566825,26100.0,26038.3,89.65,91.1,89.15,89.25,326250,1766734860
2025-12-26 13:12:00,PE,ATM+1,6.477572,10566825,26100.0,26038.05,89.3,90.45,89.1,89.85,279225,1766734920
2025-12-26 13:13:00,PE,ATM+1,6.409159,10566825,26100.0,26036.0,90.0,90.65,88.65,90.25,412425,1766734980
2025-12-26 13:14:00,PE,ATM+1,6.435965,10527825,26100.0,26041.75,90.25,90.45,86.7,87.3,1006950,1766735040
2025-12-26 13:15:00,PE,ATM+1,6.521244,10527825,26100.0,26046.55,87.25,87.45,85.55,85.6,874650,1766735100
2025-12-26 13:16:00,PE,ATM+1,6.565597,10527825,26100.0,26044.9,85.8,87.45,85.4,87.0,538950,1766735160
2025-12-26 13:17:00,PE,ATM+1,6.690195,10453800,26100.0,26046.35,87.2,87.75,86.3,87.6,341550,1766735220
2025-12-26 13:18:00,PE,ATM+1,6.676296,10453800,26100.0,26043.15,87.85,89.8,87.6,89.2,656550,1766735280
2025-12-26 13:19:00,PE,ATM+1,6.651137,10453800,26100.0,26047.0,89.4,89.45,86.2,86.8,486075,1766735340
2025-12-26 13:20:00,PE,ATM+1,6.723455,10508850,26100.0,26047.2,86.75,87.85,86.55,87.5,250275,1766735400
2025-12-26 13:21:00,PE,ATM+1,6.58917,10508850,26100.0,26048.65,87.25,87.5,85.0,85.2,662475,1766735460
2025-12-26 13:22:00,PE,ATM+1,6.737109,10508850,26100.0,26050.15,85.4,86.5,84.65,86.05,498150,1766735520
2025-12-26 13:23:00,PE,ATM+1,6.590768,10573200,26100.0,26047.2,85.8,87.05,85.55,86.0,383100,1766735580
2025-12-26 13:24:00,PE,ATM+1,6.640715,10573200,26100.0,26045.75,86.2,88.0,85.7,87.35,368850,1766735640
2025-12-26 13:25:00,PE,ATM+1,6.726582,10573200,26100.0,26047.05,87.35,88.25,86.4,87.6,453600,1766735700
2025-12-26 13:26:00,PE,ATM+1,6.777823,10665975,26100.0,26047.55,87.5,88.25,87.3,87.9,312750,1766735760
2025-12-26 13:27:00,PE,ATM+1,6.663913,10665975,26100.0,26047.95,88.25,88.5,86.2,86.4,407325,1766735820
2025-12-26 13:28:00,PE,ATM+1,6.517937,10665975,26100.0,26048.7,86.4,86.4,83.65,84.35,928050,1766735880
2025-12-26 13:29:00,PE,ATM+1,6.587786,10746525,26100.0,26048.85,84.2,85.75,83.45,85.05,512475,1766735940
2025-12-26 13:30:00,PE,ATM+1,6.527905,10746525,26100.0,26048.25,85.35,85.75,84.3,84.7,346200,1766736000
2025-12-26 13:31:00,PE,ATM+1,6.516908,10746525,26100.0,26047.65,84.75,86.05,84.3,84.9,417300,1766736060
2025-12-26 13:32:00,PE,ATM+1,6.656321,10940400,26100.0,26050.35,84.55,85.65,83.8,85.0,495900,1766736120
2025-12-26 13:33:00,PE,ATM+1,6.565289,10940400,26100.0,26047.35,85.0,85.8,84.6,85.6,273000,1766736180
2025-12-26 13:34:00,PE,ATM+1,6.569502,10940400,26100.0,26046.15,85.75,86.6,85.35,86.3,421425,1766736240
2025-12-26 13:35:00,PE,ATM+1,6.559571,10950750,26100.0,26045.85,86.15,87.95,86.0,86.35,740625,1766736300
2025-12-26 13:36:00,PE,ATM+1,6.646056,10950750,26100.0,26045.15,86.6,87.8,86.4,87.7,359025,1766736360
2025-12-26 13:37:00,PE,ATM+1,6.650439,10950750,26100.0,26043.6,87.55,88.6,86.75,88.6,486525,1766736420
2025-12-26 13:38:00,PE,ATM+1,6.526549,11200125,26100.0,26046.8,88.7,88.7,85.3,85.45,690600,1766736480
2025-12-26 13:39:00,PE,ATM+1,6.603084,11200125,26100.0,26047.45,85.85,86.45,85.35,85.95,292575,1766736540
2025-12-26 13:40:00,PE,ATM+1,6.586138,11200125,26100.0,26044.0,86.0,88.4,85.95,87.65,549900,1766736600
2025-12-26 13:41:00,PE,ATM+1,6.550357,11273550,26100.0,26044.9,87.85,88.25,86.15,86.75,423825,1766736660
2025-12-26 13:42:00,PE,ATM+1,6.581915,11273550,26100.0,26044.9,86.9,87.65,85.8,87.1,366225,1766736720
2025-12-26 13:43:00,PE,ATM+1,6.538203,11273550,26100.0,26045.55,87.1,87.4,85.95,86.25,241050,1766736780
2025-12-26 13:44:00,PE,ATM+1,6.651883,11356500,26100.0,26048.15,86.4,86.45,85.6,86.1,209925,1766736840
2025-12-26 13:45:00,PE,ATM+1,6.735367,11356500,26100.0,26051.55,86.15,86.15,84.75,85.2,594675,1766736900
2025-12-26 13:46:00,PE,ATM+1,6.702787,11356500,26100.0,26047.9,85.3,87.3,85.1,86.8,469800,1766736960
2025-12-26 13:47:00,PE,ATM+1,6.691353,11331825,26100.0,26047.75,86.95,87.1,86.45,86.75,259125,1766737020
2025-12-26 13:48:00,PE,ATM+1,6.571216,11331825,26100.0,26047.2,86.85,86.85,84.6,85.7,417975,1766737080
2025-12-26 13:49:00,PE,ATM+1,6.634635,11331825,26100.0,26048.5,86.0,86.15,84.8,85.7,239775,1766737140
2025-12-26 13:50:00,PE,ATM+1,6.665087,11342250,26100.0,26047.65,85.9,86.6,85.5,86.5,273000,1766737200
2025-12-26 13:51:00,PE,ATM+1,6.680426,11342250,26100.0,26046.95,86.5,87.7,86.15,87.05,393300,1766737260
2025-12-26 13:52:00,PE,ATM+1,6.733463,11342250,26100.0,26047.3,87.2,88.9,87.0,87.45,879300,1766737320
2025-12-26 13:53:00,PE,ATM+1,6.742429,11111925,26100.0,26045.1,87.45,88.75,86.55,88.75,402825,1766737380
2025-12-26 13:54:00,PE,ATM+1,6.804237,11111925,26100.0,26042.9,88.85,92.45,88.75,90.65,1890975,1766737440
2025-12-26 13:55:00,PE,ATM+1,6.784634,11111925,26100.0,26042.95,89.75,91.3,89.35,90.4,789975,1766737500
2025-12-26 13:56:00,PE,ATM+1,6.84743,11067150,26100.0,26045.4,90.35,91.0,89.7,89.75,402225,1766737560
2025-12-26 13:57:00,PE,ATM+1,6.743441,11067150,26100.0,26047.75,90.15,90.25,86.3,87.3,913350,1766737620
2025-12-26 13:58:00,PE,ATM+1,6.775236,11067150,26100.0,26048.4,87.15,88.35,86.6,87.3,433425,1766737680
2025-12-26 13:59:00,PE,ATM+1,6.703477,11119650,26100.0,26047.65,87.5,87.6,86.5,86.9,269025,1766737740
2025-12-26 14:00:00,PE,ATM+1,6.710041,11119650,26100.0,26048.7,86.85,86.9,84.2,86.4,1137525,1766737800
2025-12-26 14:01:00,PE,ATM+1,6.587517,11119650,26100.0,26048.1,86.35,86.65,85.35,85.35,368625,1766737860
2025-12-26 14:02:00,PE,ATM+1,6.651481,11259075,26100.0,26048.4,85.6,86.25,85.35,85.9,211950,1766737920
2025-12-26 14:03:00,PE,ATM+1,6.702393,11259075,26100.0,26048.8,86.15,86.25,85.55,86.25,258450,1766737980
2025-12-26 14:04:00,PE,ATM+1,6.647461,11259075,26100.0,26048.95,86.8,86.8,84.8,85.55,425625,1766738040
2025-12-26 14:05:00,PE,ATM+1,6.563201,11333100,26100.0,26044.75,85.7,87.1,85.35,86.9,443400,1766738100
2025-12-26 14:06:00,PE,ATM+1,6.612016,11333100,26100.0,26046.1,86.6,87.9,86.6,86.7,486525,1766738160
2025-12-26 14:07:00,PE,ATM+1,6.533729,11333100,26100.0,26043.15,87.1,89.25,86.65,87.45,969750,1766738220
2025-12-26 14:08:00,PE,ATM+1,6.575232,11265825,26100.0,26041.55,87.3,88.85,87.25,88.8,375975,1766738280
2025-12-26 14:09:00,PE,ATM+1,6.730462,11265825,26100.0,26040.7,88.8,91.5,88.8,91.0,1320675,1766738340
2025-12-26 14:10:00,PE,ATM+1,6.728975,11265825,26100.0,26036.05,90.8,96.0,90.8,93.6,2560125,1766738400
2025-12-26 14:11:00,PE,ATM+1,6.64053,10583025,26100.0,26038.55,93.2,93.6,90.75,91.2,995925,1766738460
2025-12-26 14:12:00,PE,ATM+1,6.691749,10583025,26100.0,26039.2,91.25,91.9,90.5,91.4,529875,1766738520
2025-12-26 14:13:00,PE,ATM+1,6.647788,10583025,26100.0,26038.15,91.3,92.4,90.9,91.5,525225,1766738580
2025-12-26 14:14:00,PE,ATM+1,6.588544,10590375,26100.0,26042.5,91.4,91.5,88.0,88.4,974625,1766738640
2025-12-26 14:15:00,PE,ATM+1,6.624746,10590375,26100.0,26040.35,88.5,90.0,88.1,90.0,437025,1766738700
2025-12-26 14:16:00,PE,ATM+1,6.603157,10590375,26100.0,26038.85,90.0,90.6,89.0,90.6,550650,1766738760
2025-12-26 14:17:00,PE,ATM+1,6.538098,10681125,26100.0,26034.5,90.55,92.7,90.0,92.35,846825,1766738820
2025-12-26 14:18:00,PE,ATM+1,6.575567,10681125,26100.0,26029.25,92.7,97.4,92.3,95.8,2433600,1766738880
2025-12-26 14:19:00,PE,ATM+1,6.531091,10681125,26100.0,26027.9,96.15,96.85,95.05,96.1,1476900,1766738940
2025-12-26 14:20:00,PE,ATM+1,6.233104,10811325,26050.0,26024.85,66.95,67.75,66.7,67.4,1194675,1766739000
2025-12-26 14:21:00,PE,ATM+1,6.078663,10811325,26050.0,26020.7,67.35,70.25,67.35,67.7,2455350,1766739060
2025-12-26 14:22:00,PE,ATM+1,6.135805,10811325,26050.0,26022.5,67.45,68.0,66.6,67.45,1114200,1766739120
2025-12-26 14:23:00,PE,ATM+1,6.200025,10551000,26050.0,26023.25,67.5,68.35,66.2,67.8,706350,1766739180
2025-12-26 14:24:00,PE,ATM+1,6.169641,10551000,26050.0,26022.65,68.05,68.15,67.25,67.75,396900,1766739240
2025-12-26 14:25:00,PE,ATM+1,6.091003,10551000,26050.0,26020.35,68.15,68.65,67.4,68.0,1126425,1766739300
2025-12-26 14:26:00,PE,ATM+1,5.946787,10156050,26050.0,26019.1,67.95,68.35,66.85,67.0,747525,1766739360
2025-12-26 14:27:00,PE,ATM+1,6.012051,10156050,26050.0,26023.1,67.0,67.0,65.4,65.75,1098900,1766739420
2025-12-26 14:28:00,PE,ATM+1,6.082286,10156050,26050.0,26024.4,65.65,66.15,64.9,65.9,759075,1766739480
2025-12-26 14:29:00,PE,ATM+1,6.023809,9660150,26100.0,26025.85,94.8,95.0,91.3,91.75,782700,1766739540
2025-12-26 14:30:00,PE,ATM+1,5.875636,10001700,26050.0,26024.45,64.9,64.9,63.5,63.55,790125,1766739600
2025-12-26 14:31:00,PE,ATM+1,5.95556,10001700,26050.0,26022.7,63.35,65.5,63.35,65.3,598950,1766739660
2025-12-26 14:32:00,PE,ATM+1,5.971045,10191525,26050.0,26023.15,65.5,65.9,64.55,65.25,566775,1766739720
2025-12-26 14:33:00,PE,ATM+1,5.832439,10191525,26050.0,26017.2,65.2,66.65,64.7,66.65,712950,1766739780
2025-12-26 14:34:00,PE,ATM+1,5.826268,10191525,26050.0,26018.05,66.65,67.2,66.15,66.15,844125,1766739840
2025-12-26 14:35:00,PE,ATM+1,5.710708,9999375,26050.0,26014.5,66.15,66.85,65.65,66.65,461700,1766739900
2025-12-26 14:36:00,PE,ATM+1,5.791235,9999375,26050.0,26018.95,66.5,66.9,64.3,65.3,633300,1766739960
2025-12-26 14:37:00,PE,ATM+1,5.74469,9999375,26050.0,26018.8,65.35,65.4,64.15,64.85,430500,1766740020
2025-12-26 14:38:00,PE,ATM+1,5.735917,10010175,26050.0,26020.1,64.7,64.9,63.7,64.1,493350,1766740080
2025-12-26 14:39:00,PE,ATM+1,5.73182,10010175,26050.0,26019.1,64.05,65.0,63.9,64.55,366000,1766740140
2025-12-26 14:40:00,PE,ATM+1,5.704687,10010175,26050.0,26016.7,64.7,65.5,64.0,65.45,408825,1766740200
2025-12-26 14:41:00,PE,ATM+1,5.807926,10050300,26050.0,26020.3,65.4,65.6,64.5,64.8,503250,1766740260
2025-12-26 14:42:00,PE,ATM+1,5.696704,10050300,26050.0,26017.8,64.9,64.9,64.0,64.8,422475,1766740320
2025-12-26 14:43:00,PE,ATM+1,5.746171,10050300,26050.0,26018.9,65.2,65.4,64.5,64.8,291225,1766740380
2025-12-26 14:44:00,PE,ATM+1,5.676882,9954300,26050.0,26017.15,64.95,65.05,64.45,64.9,318825,1766740440
2025-12-26 14:45:00,PE,ATM+1,5.801521,9954300,26050.0,26021.95,64.75,65.2,63.9,63.9,734925,1766740500
2025-12-26 14:46:00,PE,ATM+1,5.749101,9954300,26050.0,26019.75,63.75,64.6,63.0,64.4,809250,1766740560
2025-12-26 14:47:00,PE,ATM+1,5.634631,9709125,26050.0,26016.1,64.3,65.3,64.05,64.95,538725,1766740620
2025-12-26 14:48:00,PE,ATM+1,5.616727,9709125,26050.0,26015.7,64.95,65.25,64.5,64.95,318525,1766740680
2025-12-26 14:49:00,PE,ATM+1,5.590357,9709125,26050.0,26012.1,65.0,66.55,64.95,66.5,703650,1766740740
2025-12-26 14:50:00,PE,ATM+1,5.544186,9504975,26050.0,26011.1,66.5,67.25,65.95,66.5,948900,1766740800
2025-12-26 14:51:00,PE,ATM+1,5.525285,9504975,26050.0,26011.65,66.4,66.75,65.65,66.0,404625,1766740860
2025-12-26 14:52:00,PE,ATM+1,5.712683,9504975,26050.0,26018.7,66.1,66.15,64.05,64.5,801000,1766740920
2025-12-26 14:53:00,PE,ATM+1,5.799637,9453600,26050.0,26020.85,64.65,64.7,63.8,64.4,491025,1766740980
2025-12-26 14:54:00,PE,ATM+1,5.753272,9453600,26050.0,26018.3,64.5,65.15,64.05,65.15,318150,1766741040
2025-12-26 14:55:00,PE,ATM+1,5.735749,9453600,26050.0,26019.3,65.15,65.25,64.2,64.45,452400,1766741100
2025-12-26 14:56:00,PE,ATM+1,5.864602,9276975,26050.0,26021.9,64.6,64.75,64.25,64.6,264975,1766741160
2025-12-26 14:57:00,PE,ATM+1,5.864078,9276975,26050.0,26023.0,64.45,64.6,63.5,64.05,800775,1766741220
2025-12-26 14:58:00,PE,ATM+1,6.172141,9209250,26100.0,26027.85,92.6,93.05,91.6,92.1,558450,1766741280
2025-12-26 14:59:00,PE,ATM+1,6.177105,9002925,26100.0,26039.3,92.35,92.4,85.5,85.5,1786350,1766741340
2025-12-26 15:00:00,PE,ATM+1,6.396662,9002925,26100.0,26040.05,85.35,88.25,85.35,87.5,1157325,1766741400
2025-12-26 15:01:00,PE,ATM+1,6.343855,9002925,26100.0,26040.25,87.75,89.05,85.75,86.8,1045950,1766741460
2025-12-26 15:02:00,PE,ATM+1,6.367748,9132000,26100.0,26042.05,87.15,88.25,85.0,86.05,892725,1766741520
2025-12-26 15:03:00,PE,ATM+1,6.377049,9132000,26100.0,26039.65,86.95,87.9,86.4,87.5,577725,1766741580
2025-12-26 15:04:00,PE,ATM+1,6.368243,9132000,26100.0,26038.15,87.65,88.25,87.1,88.25,583950,1766741640
2025-12-26 15:05:00,PE,ATM+1,6.550886,8946900,26100.0,26041.55,88.4,89.0,87.3,88.35,592575,1766741700
2025-12-26 15:06:00,PE,ATM+1,6.554866,8946900,26100.0,26042.25,88.5,88.6,87.75,88.0,304350,1766741760
2025-12-26 15:07:00,PE,ATM+1,6.536396,8946900,26100.0,26039.65,88.0,89.8,87.65,89.25,585225,1766741820
2025-12-26 15:08:00,PE,ATM+1,6.421066,8823825,26100.0,26039.6,89.9,89.9,87.2,88.0,637125,1766741880
2025-12-26 15:09:00,PE,ATM+1,6.65388,8823825,26100.0,26046.3,88.05,88.4,86.65,86.85,566175,1766741940
2025-12-26 15:10:00,PE,ATM+1,6.620653,8823825,26100.0,26043.9,87.0,88.3,86.85,87.8,412575,1766742000
2025-12-26 15:11:00,PE,ATM+1,6.645713,8637900,26100.0,26044.85,87.65,88.0,87.25,87.55,291000,1766742060
2025-12-26 15:12:00,PE,ATM+1,6.661573,8637900,26100.0,26045.8,87.45,87.7,86.85,87.2,354150,1766742120
2025-12-26 15:13:00,PE,ATM+1,6.684608,8637900,26100.0,26043.9,87.15,88.85,87.1,88.5,462525,1766742180
2025-12-26 15:14:00,PE,ATM+1,6.827424,8502975,26100.0,26048.25,88.65,88.9,87.4,87.7,431325,1766742240
2025-12-26 15:15:00,PE,ATM+1,6.646903,8502975,26100.0,26040.0,87.65,90.8,87.35,90.25,1070775,1766742300
2025-12-26 15:16:00,PE,ATM+1,6.572323,8502975,26100.0,26037.65,90.2,91.4,90.2,90.75,863850,1766742360
2025-12-26 15:17:00,PE,ATM+1,6.496885,8091300,26100.0,26035.05,90.95,91.5,90.5,91.4,467550,1766742420
2025-12-26 15:18:00,PE,ATM+1,6.499008,8091300,26100.0,26037.8,91.4,91.65,89.45,89.85,679500,1766742480
2025-12-26 15:19:00,PE,ATM+1,6.536946,8091300,26100.0,26040.75,90.25,90.25,88.45,88.6,444750,1766742540
2025-12-26 15:20:00,PE,ATM+1,6.590765,7805250,26100.0,26041.45,88.4,89.3,88.4,88.8,579450,1766742600
2025-12-26 15:21:00,PE,ATM+1,6.352548,7805250,26100.0,26038.55,88.9,88.9,87.7,87.8,457050,1766742660
2025-12-26 15:22:00,PE,ATM+1,6.505016,7805250,26100.0,26040.55,87.9,88.5,87.05,88.35,575700,1766742720
2025-12-26 15:23:00,PE,ATM+1,6.530457,7428750,26100.0,26040.6,88.5,88.6,87.35,88.6,473100,1766742780
2025-12-26 15:24:00,PE,ATM+1,6.611762,7428750,26100.0,26042.65,88.4,88.6,87.7,88.35,454875,1766742840
2025-12-26 15:25:00,PE,ATM+1,6.617457,7428750,26100.0,26041.95,88.4,89.15,88.3,88.8,651525,1766742900
2025-12-26 15:26:00,PE,ATM+1,6.679574,6880800,26100.0,26043.0,88.8,89.2,88.5,88.9,466425,1766742960
2025-12-26 15:27:00,PE,ATM+1,6.635461,6880800,26100.0,26041.4,89.25,89.35,88.9,89.3,429675,1766743020
2025-12-26 15:28:00,PE,ATM+1,6.897801,6880800,26100.0,26047.3,89.25,89.5,88.7,88.95,622200,1766743080
2025-12-26 15:29:00,PE,ATM+1,6.901769,6081075,26100.0,26047.65,89.4,89.5,88.4,88.8,943200,1766743140
2025-12-29 09:15:00,PE,ATM+1,9.806361,6002850,26100.0,26067.9,85.0,85.0,70.35,76.45,3452400,1766979900
2025-12-29 09:16:00,PE,ATM+1,9.607528,7281525,26100.0,26068.95,72.65,79.8,72.05,74.55,2958450,1766979960
2025-12-29 09:17:00,PE,ATM+1,8.695282,7281525,26100.0,26052.05,74.7,80.2,74.55,78.3,3225450,1766980020
2025-12-29 09:18:00,PE,ATM+1,8.67082,7281525,26100.0,26058.35,77.45,78.3,72.9,74.4,2098500,1766980080
2025-12-29 09:19:00,PE,ATM+1,8.92718,8843850,26100.0,26050.5,74.35,81.0,73.55,80.7,1991550,1766980140
2025-12-29 09:20:00,PE,ATM+1,8.533958,8843850,26100.0,26048.65,79.2,81.05,75.85,79.3,2517450,1766980200
2025-12-29 09:21:00,PE,ATM+1,8.805551,8843850,26100.0,26053.25,77.9,79.3,74.5,78.25,1656975,1766980260
2025-12-29 09:22:00,PE,ATM+1,8.729845,9522000,26100.0,26055.95,78.9,78.9,75.45,76.15,1050750,1766980320
2025-12-29 09:23:00,PE,ATM+1,8.688371,9522000,26100.0,26061.65,76.15,76.6,71.65,72.55,1722375,1766980380
2025-12-29 09:24:00,PE,ATM+1,8.493195,9522000,26100.0,26059.7,72.85,75.45,71.0,72.4,1809300,1766980440
2025-12-29 09:25:00,PE,ATM+1,8.098171,10485375,26100.0,26055.45,72.45,74.25,71.4,72.35,1244775,1766980500
2025-12-29 09:26:00,PE,ATM+1,7.925525,10485375,26100.0,26057.85,72.55,73.8,68.4,69.8,2085525,1766980560
2025-12-29 09:27:00,PE,ATM+1,7.979254,10485375,26100.0,26052.75,69.55,73.2,69.55,73.2,1250625,1766980620
2025-12-29 09:28:00,PE,ATM+1,7.791582,11178150,26100.0,26060.25,73.1,73.2,67.2,67.5,1854000,1766980680
2025-12-29 09:29:00,PE,ATM+1,7.773446,11178150,26100.0,26052.95,67.5,73.0,67.0,71.75,1571100,1766980740
2025-12-29 09:30:00,PE,ATM+1,7.960927,11178150,26100.0,26060.55,71.55,73.2,68.1,68.4,1498725,1766980800
2025-12-29 09:31:00,PE,ATM+1,7.746443,11767575,26100.0,26060.05,69.1,69.3,66.75,67.3,1427850,1766980860
2025-12-29 09:32:00,PE,ATM+1,7.63496,11767575,26100.0,26067.6,67.7,68.9,62.1,62.2,1869675,1766980920
2025-12-29 09:33:00,PE,ATM+1,7.8198,11767575,26100.0,26072.7,62.4,62.55,59.7,60.55,2597175,1766980980
2025-12-29 09:34:00,PE,ATM+1,7.567235,12580950,26100.0,26074.4,60.3,61.2,57.95,57.95,1915725,1766981040
2025-12-29 09:35:00,PE,ATM+1,7.603523,12580950,26100.0,26073.45,57.7,59.15,56.75,58.7,2083425,1766981100
2025-12-29 09:36:00,PE,ATM+1,7.428127,3734625,26150.0,26077.1,89.6,89.6,86.05,86.5,419475,1766981160
2025-12-29 09:37:00,PE,ATM+1,7.441885,4136625,26150.0,26075.55,86.75,88.2,85.8,87.65,355200,1766981220
2025-12-29 09:38:00,PE,ATM+1,7.481668,13774275,26100.0,26070.7,57.75,59.5,57.7,59.4,1866150,1766981280
2025-12-29 09:39:00,PE,ATM+1,7.396683,4136625,26150.0,26075.3,90.0,90.55,87.4,87.55,345825,1766981340
2025-12-29 09:40:00,PE,ATM+1,7.479391,14591850,26100.0,26071.0,57.5,59.3,57.3,59.2,1030800,1766981400
2025-12-29 09:41:00,PE,ATM+1,7.355162,14591850,26100.0,26071.95,59.0,59.6,57.75,57.85,972075,1766981460
2025-12-29 09:42:00,PE,ATM+1,7.203864,14591850,26100.0,26071.15,58.1,58.2,56.3,57.3,1488450,1766981520
2025-12-29 09:43:00,PE,ATM+1,7.301325,4466775,26150.0,26075.55,88.15,89.0,85.9,86.8,298350,1766981580
2025-12-29 09:44:00,PE,ATM+1,7.686224,4466775,26150.0,26080.4,86.45,86.8,84.2,85.7,592500,1766981640
2025-12-29 09:45:00,PE,ATM+1,7.848984,4466775,26150.0,26082.5,86.25,86.25,83.05,85.25,514950,1766981700
2025-12-29 09:46:00,PE,ATM+1,7.767322,4602900,26150.0,26078.95,84.85,87.15,82.95,87.15,429600,1766981760
2025-12-29 09:47:00,PE,ATM+1,7.694731,4602900,26150.0,26077.8,87.3,88.5,86.35,87.5,521850,1766981820
2025-12-29 09:48:00,PE,ATM+1,7.744527,4602900,26150.0,26080.35,88.2,88.85,85.5,86.05,414450,1766981880
2025-12-29 09:49:00,PE,ATM+1,7.82264,4640175,26150.0,26077.05,86.6,88.9,86.05,88.75,232050,1766981940
2025-12-29 09:50:00,PE,ATM+1,7.890837,4640175,26150.0,26077.7,88.5,90.5,88.5,88.7,574200,1766982000
2025-12-29 09:51:00,PE,ATM+1,7.843642,4640175,26150.0,26075.75,88.8,90.85,88.5,89.75,465825,1766982060
2025-12-29 09:52:00,PE,ATM+1,7.868511,16455450,26100.0,26074.05,58.3,60.4,58.15,59.95,1875075,1766982120
2025-12-29 09:53:00,PE,ATM+1,7.897585,16455450,26100.0,26070.75,59.6,62.0,58.05,61.95,1454475,1766982180
2025-12-29 09:54:00,PE,ATM+1,8.346106,16455450,26100.0,26064.2,61.6,69.6,61.45,68.55,5455650,1766982240
2025-12-29 09:55:00,PE,ATM+1,8.176135,15342750,26100.0,26055.65,67.75,74.35,67.6,72.45,6165750,1766982300
2025-12-29 09:56:00,PE,ATM+1,8.235484,15342750,26100.0,26053.6,72.65,74.55,71.85,74.05,3466800,1766982360
2025-12-29 09:57:00,PE,ATM+1,8.409984,15342750,26100.0,26053.35,74.15,75.4,71.65,75.3,2922525,1766982420
2025-12-29 09:58:00,PE,ATM+1,8.728918,14692650,26100.0,26042.45,74.85,84.35,73.7,84.0,5859825,1766982480
2025-12-29 09:59:00,PE,ATM+1,8.901341,14692650,26100.0,26037.25,84.3,88.65,83.45,88.35,4475925,1766982540
2025-12-29 10:00:00,PE,ATM+1,8.29121,14692650,26100.0,26030.7,88.25,89.45,87.55,88.9,3229275,1766982600
2025-12-29 10:01:00,PE,ATM+1,8.25777,12094875,26100.0,26035.0,88.8,89.3,83.0,85.85,3373800,1766982660
2025-12-29 10:02:00,PE,ATM+1,8.320956,12094875,26100.0,26034.35,85.65,86.7,83.75,86.65,1570200,1766982720
2025-12-29 10:03:00,PE,ATM+1,8.220157,12094875,26100.0,26031.45,86.6,88.35,85.55,87.95,1412325,1766982780
2025-12-29 10:04:00,PE,ATM+1,8.418825,11783475,26100.0,26031.5,87.95,89.25,86.25,89.1,1369875,1766982840
2025-12-29 10:05:00,PE,ATM+1,8.320136,11783475,26100.0,26034.15,89.0,91.6,86.75,86.75,2434875,1766982900
2025-12-29 10:06:00,PE,ATM+1,8.090455,11783475,26100.0,26032.35,87.2,89.2,86.5,86.55,1006500,1766982960
2025-12-29 10:07:00,PE,ATM+1,8.133577,11898975,26100.0,26030.85,86.2,88.45,86.0,87.8,850200,1766983020
2025-12-29 10:08:00,PE,ATM+1,8.334126,11898975,26100.0,26033.25,88.1,88.75,87.0,87.4,712425,1766983080
2025-12-29 10:09:00,PE,ATM+1,8.374404,11898975,26100.0,26034.75,87.95,88.5,86.45,86.65,575700,1766983140
2025-12-29 10:10:00,PE,ATM+1,8.359067,11658675,26100.0,26036.05,85.95,87.3,84.5,85.7,937275,1766983200
2025-12-29 10:11:00,PE,ATM+1,8.567621,11658675,26100.0,26038.55,85.7,86.25,84.3,85.35,809700,1766983260
2025-12-29 10:12:00,PE,ATM+1,8.434787,11658675,26100.0,26037.35,85.05,86.65,84.85,85.3,593925,1766983320
2025-12-29 10:13:00,PE,ATM+1,8.174017,11584125,26100.0,26034.15,85.6,87.4,85.3,85.8,663375,1766983380
2025-12-29 10:14:00,PE,ATM+1,8.169375,11584125,26100.0,26034.55,85.9,87.9,84.9,85.5,637275,1766983440
2025-12-29 10:15:00,PE,ATM+1,7.975582,11584125,26100.0,26030.4,86.1,88.0,85.5,87.1,761400,1766983500
2025-12-29 10:16:00,PE,ATM+1,8.020612,11685675,26100.0,26029.3,87.45,88.8,85.55,88.1,850950,1766983560
2025-12-29 10:17:00,PE,ATM+1,7.964073,11685675,26100.0,26028.65,88.55,89.0,86.45,88.2,930000,1766983620
2025-12-29 10:18:00,PE,ATM+1,7.961596,11685675,26100.0,26029.65,87.7,91.9,87.0,87.5,1592925,1766983680
2025-12-29 10:19:00,PE,ATM+1,7.6736,16244775,26050.0,26024.4,56.15,58.5,55.85,58.15,1551750,1766983740
2025-12-29 10:20:00,PE,ATM+1,7.626515,16244775,26050.0,26024.1,58.15,60.7,57.5,58.0,3774450,1766983800
2025-12-29 10:21:00,PE,ATM+1,7.995932,11284050,26100.0,26025.8,90.25,90.5,88.0,90.3,1041000,1766983860
2025-12-29 10:22:00,PE,ATM+1,7.897312,11333250,26100.0,26028.9,89.95,90.3,86.0,87.6,989625,1766983920
2025-12-29 10:23:00,PE,ATM+1,7.914684,11333250,26100.0,26028.45,87.5,88.3,86.6,88.0,523650,1766983980
2025-12-29 10:24:00,PE,ATM+1,8.339566,11333250,26100.0,26037.6,87.45,88.0,84.15,84.45,1076850,1766984040
2025-12-29 10:25:00,PE,ATM+1,7.795243,11109525,26100.0,26029.9,84.75,86.3,83.45,86.3,980775,1766984100
2025-12-29 10:26:00,PE,ATM+1,7.827662,11109525,26100.0,26029.8,86.35,87.5,85.95,86.55,603900,1766984160
2025-12-29 10:27:00,PE,ATM+1,8.02647,11109525,26100.0,26031.15,86.65,87.4,85.9,86.8,393450,1766984220
2025-12-29 10:28:00,PE,ATM+1,7.759919,11186550,26100.0,26028.1,87.0,87.85,86.05,87.3,434250,1766984280
2025-12-29 10:29:00,PE,ATM+1,7.850038,11186550,26100.0,26028.05,87.15,88.3,86.6,87.85,447900,1766984340
2025-12-29 10:30:00,PE,ATM+1,7.596245,15445425,26050.0,26023.85,56.0,57.9,55.95,57.85,1634625,1766984400
2025-12-29 10:31:00,PE,ATM+1,7.606107,15591300,26050.0,26022.5,58.0,58.65,55.8,58.65,1456950,1766984460
2025-12-29 10:32:00,PE,ATM+1,7.348021,15591300,26050.0,26017.15,59.05,60.7,58.0,60.0,2771850,1766984520
2025-12-29 10:33:00,PE,ATM+1,7.214404,15591300,26050.0,26017.65,60.3,60.85,58.5,58.85,1932150,1766984580
2025-12-29 10:34:00,PE,ATM+1,7.386993,15002100,26050.0,26019.4,58.95,60.0,58.6,58.95,934575,1766984640
2025-12-29 10:35:00,PE,ATM+1,7.422192,15002100,26050.0,26020.05,59.45,60.1,58.75,58.8,992175,1766984700
2025-12-29 10:36:00,PE,ATM+1,7.320796,15002100,26050.0,26019.15,58.85,59.1,57.75,58.65,966900,1766984760
2025-12-29 10:37:00,PE,ATM+1,7.450042,14766000,26050.0,26019.45,58.5,60.0,57.85,59.3,827475,1766984820
2025-12-29 10:38:00,PE,ATM+1,7.418387,14766000,26050.0,26018.9,59.3,60.85,59.25,59.4,1240575,1766984880
2025-12-29 10:39:00,PE,ATM+1,7.331802,14766000,26050.0,26018.35,59.15,59.6,57.7,59.15,829950,1766984940
2025-12-29 10:40:00,PE,ATM+1,7.483211,14687850,26050.0,26014.8,59.15,62.6,59.05,62.15,1643100,1766985000
2025-12-29 10:41:00,PE,ATM+1,7.477472,14687850,26050.0,26014.55,60.75,62.9,60.65,62.25,2053500,1766985060
2025-12-29 10:42:00,PE,ATM+1,8.016772,14687850,26050.0,26004.85,62.5,71.4,62.25,71.4,5283375,1766985120
2025-12-29 10:43:00,PE,ATM+1,7.853633,12372825,26050.0,26004.8,71.9,71.95,68.6,70.4,3434550,1766985180
2025-12-29 10:44:00,PE,ATM+1,7.846596,12372825,26050.0,26003.4,70.4,71.5,69.25,71.2,1938975,1766985240
2025-12-29 10:45:00,PE,ATM+1,7.819919,12372825,26050.0,26005.0,71.35,71.8,69.5,70.05,1606425,1766985300
2025-12-29 10:46:00,PE,ATM+1,7.856405,11692650,26050.0,26000.95,70.4,72.75,69.75,72.75,1405875,1766985360
2025-12-29 10:47:00,PE,ATM+1,7.640791,11692650,26050.0,26000.0,72.15,74.0,71.65,72.0,2097750,1766985420
2025-12-29 10:48:00,PE,ATM+1,7.656101,11692650,26050.0,26002.15,71.8,72.0,69.5,70.75,1187475,1766985480
2025-12-29 10:49:00,PE,ATM+1,7.744432,11496450,26050.0,26002.7,70.9,72.25,70.65,70.95,848625,1766985540
2025-12-29 10:50:00,PE,ATM+1,7.698651,11496450,26050.0,26000.05,70.8,72.4,70.35,72.3,858525,1766985600
2025-12-29 10:51:00,PE,ATM+1,8.08958,11496450,26050.0,26008.9,72.4,72.45,68.8,69.35,1671750,1766985660
2025-12-29 10:52:00,PE,ATM+1,8.030908,11326200,26050.0,26009.95,69.2,69.75,68.0,68.35,1067325,1766985720
2025-12-29 10:53:00,PE,ATM+1,7.870565,11326200,26050.0,26008.4,68.5,69.05,67.7,68.25,787425,1766985780
2025-12-29 10:54:00,PE,ATM+1,7.800552,11326200,26050.0,26007.15,68.35,68.7,67.55,68.55,570600,1766985840
2025-12-29 10:55:00,PE,ATM+1,7.716877,11381625,26050.0,26006.35,68.35,68.7,67.75,68.5,473100,1766985900
2025-12-29 10:56:00,PE,ATM+1,7.658018,11381625,26050.0,26007.3,68.35,69.45,67.55,67.55,609300,1766985960
2025-12-29 10:57:00,PE,ATM+1,7.734551,11381625,26050.0,26007.25,66.75,68.25,66.75,68.05,731100,1766986020
2025-12-29 10:58:00,PE,ATM+1,7.684499,11455725,26050.0,26005.15,68.0,69.4,67.7,69.0,623400,1766986080
2025-12-29 10:59:00,PE,ATM+1,7.791747,11455725,26050.0,26005.0,69.0,69.95,68.45,69.75,665325,1766986140
2025-12-29 11:00:00,PE,ATM+1,7.580239,11455725,26050.0,26003.25,69.8,70.0,69.05,69.5,846750,1766986200
2025-12-29 11:01:00,PE,ATM+1,7.829888,11417025,26050.0,26004.95,69.95,70.8,69.3,70.0,1393125,1766986260
2025-12-29 11:02:00,PE,ATM+1,7.85778,11417025,26050.0,25998.65,69.75,74.2,69.7,74.05,2085375,1766986320
2025-12-29 11:03:00,PE,ATM+1,8.036205,11417025,26050.0,25992.15,74.2,82.55,73.4,79.25,4732875,1766986380
2025-12-29 11:04:00,PE,ATM+1,8.037245,9493425,26050.0,25989.9,79.25,80.85,78.05,80.7,2145525,1766986440
2025-12-29 11:05:00,PE,ATM+1,7.791359,9493425,26050.0,25987.95,80.35,81.7,79.8,80.5,1339800,1766986500
2025-12-29 11:06:00,PE,ATM+1,7.890825,9493425,26050.0,25985.05,81.3,84.5,80.3,83.0,1777275,1766986560
2025-12-29 11:07:00,PE,ATM+1,8.136083,8587725,26050.0,25982.1,82.95,88.15,82.6,86.4,2978025,1766986620
2025-12-29 11:08:00,PE,ATM+1,8.228156,8587725,26050.0,25983.5,86.75,87.75,84.5,86.0,1890975,1766986680
2025-12-29 11:09:00,PE,ATM+1,8.206131,8587725,26050.0,25984.65,85.95,86.4,83.9,85.1,904950,1766986740
2025-12-29 11:10:00,PE,ATM+1,8.100804,8121375,26050.0,25983.4,84.85,86.2,84.1,85.3,835575,1766986800
2025-12-29 11:11:00,PE,ATM+1,7.979304,8121375,26050.0,25982.25,85.65,86.25,85.05,85.35,570150,1766986860
2025-12-29 11:12:00,PE,ATM+1,8.233204,8121375,26050.0,25984.55,85.45,86.75,84.5,85.3,657450,1766986920
2025-12-29 11:13:00,PE,ATM+1,8.267547,7800525,26050.0,25985.3,85.3,85.6,84.25,85.0,488025,1766986980
2025-12-29 11:14:00,PE,ATM+1,8.22554,7800525,26050.0,25983.7,85.3,86.6,84.7,85.8,504075,1766987040
2025-12-29 11:15:00,PE,ATM+1,8.067612,7800525,26050.0,25982.0,85.65,86.4,85.5,86.0,479175,1766987100
2025-12-29 11:16:00,PE,ATM+1,7.962438,7505475,26050.0,25981.45,86.3,86.5,84.35,85.75,622425,1766987160
2025-12-29 11:17:00,PE,ATM+1,8.034029,7505475,26050.0,25980.35,85.65,87.2,85.35,86.9,758475,1766987220
2025-12-29 11:18:00,PE,ATM+1,8.262535,7505475,26050.0,25977.05,86.85,90.65,85.8,90.45,1469025,1766987280
2025-12-29 11:19:00,PE,ATM+1,7.798134,22344450,26000.0,25974.95,60.65,60.85,57.2,58.0,4270950,1766987340
2025-12-29 11:20:00,PE,ATM+1,7.577889,22344450,26000.0,25972.3,57.95,60.35,57.85,58.05,2701050,1766987400
2025-12-29 11:21:00,PE,ATM+1,7.712821,22344450,26000.0,25971.4,58.3,59.8,58.05,59.4,1520775,1766987460
2025-12-29 11:22:00,PE,ATM+1,7.596766,22237725,26000.0,25971.05,59.35,59.6,57.75,58.85,1617975,1766987520
2025-12-29 11:23:00,PE,ATM+1,7.460708,22237725,26000.0,25968.1,59.0,60.0,58.7,59.65,1762575,1766987580
2025-12-29 11:24:00,PE,ATM+1,7.705215,22237725,26000.0,25969.75,60.0,60.8,58.85,60.25,2727225,1766987640
2025-12-29 11:25:00,PE,ATM+1,7.633607,21580050,26000.0,25971.15,60.25,60.4,59.0,59.0,1517400,1766987700
2025-12-29 11:26:00,PE,ATM+1,7.663396,21580050,26000.0,25971.65,58.85,59.65,58.1,58.9,1107300,1766987760
2025-12-29 11:27:00,PE,ATM+1,7.559162,21580050,26000.0,25973.05,58.8,59.15,57.4,57.45,1178325,1766987820
2025-12-29 11:28:00,PE,ATM+1,7.625138,6785475,26050.0,25975.25,88.7,89.5,87.75,88.0,523575,1766987880
2025-12-29 11:29:00,PE,ATM+1,7.750386,21183825,26000.0,25974.95,57.0,57.6,56.5,57.6,1148550,1766987940
2025-12-29 11:30:00,PE,ATM+1,7.541389,21183825,26000.0,25971.9,57.75,58.35,56.75,57.95,865500,1766988000
2025-12-29 11:31:00,PE,ATM+1,7.64361,21287400,26000.0,25973.5,57.95,58.0,56.15,57.7,1027425,1766988060
2025-12-29 11:32:00,PE,ATM+1,7.633681,21287400,26000.0,25973.55,57.75,58.0,57.2,57.6,669900,1766988120
2025-12-29 11:33:00,PE,ATM+1,7.661704,21287400,26000.0,25974.4,57.6,59.0,57.3,57.3,990150,1766988180
2025-12-29 11:34:00,PE,ATM+1,7.64467,20943450,26000.0,25974.55,57.55,58.15,57.0,57.1,606375,1766988240
2025-12-29 11:35:00,PE,ATM+1,7.675624,20943450,26000.0,25973.8,57.3,58.5,57.1,57.7,763200,1766988300
2025-12-29 11:36:00,PE,ATM+1,7.766165,6777675,26050.0,25975.15,88.9,89.5,88.75,88.8,128400,1766988360
2025-12-29 11:37:00,PE,ATM+1,7.639369,21060150,26000.0,25973.35,57.65,58.6,57.35,57.7,675375,1766988420
2025-12-29 11:38:00,PE,ATM+1,7.503253,21060150,26000.0,25971.25,57.7,58.8,57.7,58.0,544425,1766988480
2025-12-29 11:39:00,PE,ATM+1,7.651177,21060150,26000.0,25973.0,58.0,58.2,57.35,57.95,415425,1766988540
2025-12-29 11:40:00,PE,ATM+1,7.658823,21202575,26000.0,25972.8,58.0,58.35,57.2,58.1,584400,1766988600
2025-12-29 11:41:00,PE,ATM+1,7.566138,21202575,26000.0,25973.8,58.1,58.1,56.8,56.95,768075,1766988660
2025-12-29 11:42:00,PE,ATM+1,7.455319,21202575,26000.0,25972.7,56.85,57.4,55.75,56.85,1055025,1766988720
2025-12-29 11:43:00,PE,ATM+1,7.439409,21308700,26000.0,25974.85,56.8,56.95,55.5,55.55,713925,1766988780
2025-12-29 11:44:00,PE,ATM+1,7.470144,6817500,26050.0,25976.0,86.5,87.85,85.55,86.5,447225,1766988840
2025-12-29 11:45:00,PE,ATM+1,7.270779,6817500,26050.0,25975.85,86.1,87.2,84.8,85.5,413400,1766988900
2025-12-29 11:46:00,PE,ATM+1,7.356234,6549300,26050.0,25983.2,85.15,85.5,80.55,80.85,1344825,1766988960
2025-12-29 11:47:00,PE,ATM+1,7.54058,6549300,26050.0,25986.0,80.75,81.05,78.85,80.0,907350,1766989020
2025-12-29 11:48:00,PE,ATM+1,7.522626,6549300,26050.0,25987.4,79.9,80.35,78.45,78.95,578475,1766989080
2025-12-29 11:49:00,PE,ATM+1,7.469471,6467550,26050.0,25987.75,79.0,79.0,76.85,78.4,655875,1766989140
2025-12-29 11:50:00,PE,ATM+1,7.434596,6467550,26050.0,25985.95,78.4,79.45,78.0,79.4,439275,1766989200
2025-12-29 11:51:00,PE,ATM+1,7.437675,6467550,26050.0,25983.9,79.7,80.8,79.4,80.8,595275,1766989260
2025-12-29 11:52:00,PE,ATM+1,7.511921,6584775,26050.0,25981.8,80.8,83.7,80.8,82.65,985725,1766989320
2025-12-29 11:53:00,PE,ATM+1,7.504341,6584775,26050.0,25983.85,83.0,83.0,80.9,81.2,455925,1766989380
2025-12-29 11:54:00,PE,ATM+1,7.512705,6584775,26050.0,25982.15,81.05,82.6,81.05,82.4,234300,1766989440
2025-12-29 11:55:00,PE,ATM+1,7.584431,6717225,26050.0,25982.15,82.5,83.25,81.75,82.8,380175,1766989500
2025-12-29 11:56:00,PE,ATM+1,7.635377,6717225,26050.0,25981.1,82.65,84.4,82.3,83.8,442500,1766989560
2025-12-29 11:57:00,PE,ATM+1,7.601146,6717225,26050.0,25978.2,83.9,85.95,83.6,85.6,863700,1766989620
2025-12-29 11:58:00,PE,ATM+1,7.745741,6705000,26050.0,25981.85,85.85,86.0,83.9,83.9,416775,1766989680
2025-12-29 11:59:00,PE,ATM+1,7.526119,6705000,26050.0,25977.65,83.5,85.95,83.5,85.55,413325,1766989740
2025-12-29 12:00:00,PE,ATM+1,7.652778,6705000,26050.0,25981.2,85.2,85.8,83.55,83.8,438225,1766989800
2025-12-29 12:01:00,PE,ATM+1,7.439677,6821025,26050.0,25980.75,83.9,83.9,82.55,82.9,374700,1766989860
2025-12-29 12:02:00,PE,ATM+1,7.502613,6821025,26050.0,25980.6,83.0,83.85,82.5,83.35,156750,1766989920
2025-12-29 12:03:00,PE,ATM+1,7.401235,6821025,26050.0,25975.35,83.1,86.45,83.05,86.45,537450,1766989980
2025-12-29 12:04:00,PE,ATM+1,7.264465,22606150,26000.0,25971.9,55.2,56.1,54.9,55.9,2181075,1766990040
2025-12-29 12:05:00,PE,ATM+1,7.400965,22606150,26000.0,25972.7,55.9,56.5,55.7,56.3,1428000,1766990100
2025-12-29 12:06:00,PE,ATM+1,7.239228,22606150,26000.0,25970.35,56.3,56.65,55.6,56.6,1226625,1766990160
2025-12-29 12:07:00,PE,ATM+1,7.243729,22659700,26000.0,25971.8,56.6,56.6,55.4,55.8,845400,1766990220
2025-12-29 12:08:00,PE,ATM+1,7.317748,6725400,26050.0,25977.7,86.9,87.15,83.7,84.3,556200,1766990280
2025-12-29 12:09:00,PE,ATM+1,7.103053,6725400,26050.0,25979.85,84.3,84.3,81.6,81.6,567825,1766990340
2025-12-29 12:10:00,PE,ATM+1,7.56059,6629850,26050.0,25987.55,81.9,82.2,78.75,78.9,815775,1766990400
2025-12-29 12:11:00,PE,ATM+1,7.13544,6629850,26050.0,25980.3,79.0,82.15,78.9,81.45,544125,1766990460
2025-12-29 12:12:00,PE,ATM+1,7.042428,6629850,26050.0,25979.35,81.65,82.0,80.7,81.6,239250,1766990520
2025-12-29 12:13:00,PE,ATM+1,7.091634,6629850,26050.0,25981.15,81.7,81.9,80.05,80.6,285525,1766990580
2025-12-29 12:14:00,PE,ATM+1,7.024275,6799950,26050.0,25979.9,80.95,81.75,80.6,81.1,171450,1766990640
2025-12-29 12:15:00,PE,ATM+1,7.047667,6799950,26050.0,25980.5,81.1,81.65,80.15,80.8,188775,1766990700
2025-12-29 12:16:00,PE,ATM+1,7.002841,6799950,26050.0,25979.15,80.8,82.0,80.55,81.5,193575,1766990760
2025-12-29 12:17:00,PE,ATM+1,6.894593,6828900,26050.0,25979.65,81.35,81.65,80.55,80.55,121875,1766990820
2025-12-29 12:18:00,PE,ATM+1,7.148201,6828900,26050.0,25981.05,80.55,81.4,80.55,80.95,136950,1766990880
2025-12-29 12:19:00,PE,ATM+1,6.95053,6828900,26050.0,25977.6,80.95,82.65,80.8,82.3,304275,1766990940
2025-12-29 12:20:00,PE,ATM+1,7.148747,23003200,26000.0,25974.65,52.05,53.5,51.9,53.5,1466175,1766991000
2025-12-29 12:21:00,PE,ATM+1,7.018155,23003200,26000.0,25972.9,53.4,55.0,53.2,53.65,2260875,1766991060
2025-12-29 12:22:00,PE,ATM+1,7.053555,23003200,26000.0,25971.15,53.7,55.1,53.5,54.85,1221375,1766991120
2025-12-29 12:23:00,PE,ATM+1,7.181963,23264950,26000.0,25964.3,55.1,59.6,54.85,59.6,3918525,1766991180
2025-12-29 12:24:00,PE,ATM+1,7.163315,23264950,26000.0,25964.6,59.25,59.6,57.5,59.3,2408100,1766991240
2025-12-29 12:25:00,PE,ATM+1,7.075763,23264950,26000.0,25962.75,59.7,60.5,58.9,59.85,3270075,1766991300
2025-12-29 12:26:00,PE,ATM+1,7.470339,22148275,26000.0,25970.2,59.85,59.9,57.7,57.95,1830450,1766991360
2025-12-29 12:27:00,PE,ATM+1,7.550264,22148275,26000.0,25967.55,58.1,60.1,57.65,59.95,1523700,1766991420
2025-12-29 12:28:00,PE,ATM+1,7.589962,22148275,26000.0,25971.4,59.95,60.25,57.8,58.0,2241825,1766991480
2025-12-29 12:29:00,PE,ATM+1,7.528796,21832375,26000.0,25971.15,58.05,58.8,57.25,57.75,878325,1766991540
2025-12-29 12:30:00,PE,ATM+1,7.306109,21832375,26000.0,25971.6,57.7,58.5,56.1,56.1,1381050,1766991600
2025-12-29 12:31:00,PE,ATM+1,7.301811,21832375,26000.0,25970.3,56.0,56.85,55.3,56.8,1194825,1766991660
2025-12-29 12:32:00,PE,ATM+1,7.214314,21559600,26000.0,25968.2,56.9,57.9,56.1,57.45,1011525,1766991720
2025-12-29 12:33:00,PE,ATM+1,7.200669,21559600,26000.0,25966.4,57.5,58.45,57.0,58.4,1053375,1766991780
2025-12-29 12:34:00,PE,ATM+1,7.448318,21559600,26000.0,25959.25,58.15,64.85,57.75,64.15,4775925,1766991840
2025-12-29 12:35:00,PE,ATM+1,7.308605,20808300,26000.0,25962.15,61.85,64.15,61.0,61.55,2660625,1766991900
2025-12-29 12:36:00,PE,ATM+1,7.137684,20808300,26000.0,25960.15,61.35,62.1,61.15,61.7,1123125,1766991960
2025-12-29 12:37:00,PE,ATM+1,7.267127,20808300,26000.0,25963.8,61.9,62.4,60.3,60.3,1427550,1766992020
2025-12-29 12:38:00,PE,ATM+1,7.294263,21033825,26000.0,25962.8,60.3,61.2,59.35,61.05,1433025,1766992080
2025-12-29 12:39:00,PE,ATM+1,7.31607,21033825,26000.0,25961.75,60.95,62.1,60.85,61.8,1154250,1766992140
2025-12-29 12:40:00,PE,ATM+1,7.118117,21033825,26000.0,25959.9,61.5,62.1,61.3,61.7,886350,1766992200
2025-12-29 12:41:00,PE,ATM+1,7.153655,21031800,26000.0,25959.5,61.95,63.1,61.4,62.15,1700475,1766992260
2025-12-29 12:42:00,PE,ATM+1,6.750715,21031800,26000.0,25956.2,62.25,63.75,61.7,61.75,1482300,1766992320
2025-12-29 12:43:00,PE,ATM+1,7.265344,21031800,26000.0,25959.6,61.75,63.1,61.75,62.75,964050,1766992380
2025-12-29 12:44:00,PE,ATM+1,7.235478,20739450,26000.0,25959.7,62.6,63.3,62.1,62.5,783150,1766992440
2025-12-29 12:45:00,PE,ATM+1,7.320463,20739450,26000.0,25957.9,62.35,64.1,62.3,64.1,1007325,1766992500
2025-12-29 12:46:00,PE,ATM+1,7.365515,20739450,26000.0,25963.25,63.6,64.1,61.15,61.15,1824600,1766992560
2025-12-29 12:47:00,PE,ATM+1,7.223757,20539800,26000.0,25960.7,61.6,62.2,61.15,61.8,735975,1766992620
2025-12-29 12:48:00,PE,ATM+1,7.091162,20539800,26000.0,25958.95,61.85,62.4,61.6,62.05,460125,1766992680
2025-12-29 12:49:00,PE,ATM+1,7.064261,20539800,26000.0,25958.1,62.05,63.7,61.9,62.4,978825,1766992740
2025-12-29 12:50:00,PE,ATM+1,6.944982,20460050,26000.0,25955.8,62.3,63.45,61.8,63.1,834450,1766992800
2025-12-29 12:51:00,PE,ATM+1,6.805203,20460050,26000.0,25954.7,63.45,64.05,62.25,62.95,1407300,1766992860
2025-12-29 12:52:00,PE,ATM+1,6.798531,20460050,26000.0,25955.5,62.9,63.15,62.2,62.4,528375,1766992920
2025-12-29 12:53:00,PE,ATM+1,6.748647,20459975,26000.0,25954.7,62.5,63.5,62.15,62.6,659100,1766992980
2025-12-29 12:54:00,PE,ATM+1,7.128258,20459975,26000.0,25958.5,62.65,63.3,61.5,62.5,950400,1766993040
2025-12-29 12:55:00,PE,ATM+1,7.090831,20459975,26000.0,25959.1,62.3,62.65,61.65,61.9,567900,1766993100
2025-12-29 12:56:00,PE,ATM+1,7.164779,20534000,26000.0,25960.15,62.35,62.35,60.6,61.7,1115925,1766993160
2025-12-29 12:57:00,PE,ATM+1,6.887591,20534000,26000.0,25959.2,61.4,62.5,60.55,60.6,744825,1766993220
2025-12-29 12:58:00,PE,ATM+1,7.156295,20534000,26000.0,25962.95,60.25,60.7,59.6,59.95,1177200,1766993280
2025-12-29 12:59:00,PE,ATM+1,7.067184,19975175,26000.0,25961.45,59.75,60.65,58.7,60.3,1117800,1766993340
2025-12-29 13:00:00,PE,ATM+1,7.02187,19975175,26000.0,25960.9,60.85,60.85,59.95,60.35,693150,1766993400
2025-12-29 13:01:00,PE,ATM+1,7.124484,19975175,26000.0,25961.75,60.2,60.6,59.05,60.45,752175,1766993460
2025-12-29 13:02:00,PE,ATM+1,7.055824,20140775,26000.0,25963.8,60.25,60.65,58.8,58.8,625575,1766993520
2025-12-29 13:03:00,PE,ATM+1,7.258928,20140775,26000.0,25967.95,58.9,59.65,56.85,57.6,1578375,1766993580
2025-12-29 13:04:00,PE,ATM+1,7.319132,20140775,26000.0,25968.75,57.65,58.25,57.05,57.5,896925,1766993640
2025-12-29 13:05:00,PE,ATM+1,7.236612,20115500,26000.0,25966.65,57.55,58.2,57.35,58.2,598650,1766993700
2025-12-29 13:06:00,PE,ATM+1,7.547462,20115500,26000.0,25969.6,57.9,58.45,57.1,58.4,775125,1766993760
2025-12-29 13:07:00,PE,ATM+1,7.543463,20115500,26000.0,25967.1,58.25,59.95,58.0,59.8,1037025,1766993820
2025-12-29 13:08:00,PE,ATM+1,7.520342,20068850,26000.0,25969.45,60.25,60.6,58.3,58.3,1144050,1766993880
2025-12-29 13:09:00,PE,ATM+1,7.573964,20068850,26000.0,25968.0,58.8,59.85,58.3,59.45,486375,1766993940
2025-12-29 13:10:00,PE,ATM+1,7.621449,20068850,26000.0,25967.1,59.5,60.3,59.45,60.25,618675,1766994000
2025-12-29 13:11:00,PE,ATM+1,7.629512,20081000,26000.0,25968.3,59.95,61.55,59.6,59.6,1085550,1766994060
2025-12-29 13:12:00,PE,ATM+1,7.85818,20081000,26000.0,25970.05,59.8,60.8,59.6,60.0,620850,1766994120
2025-12-29 13:13:00,PE,ATM+1,7.561248,20081000,26000.0,25963.0,60.1,62.25,59.65,62.25,1049775,1766994180
2025-12-29 13:14:00,PE,ATM+1,7.581737,19718750,26000.0,25954.35,61.9,68.9,61.9,67.6,4834875,1766994240
2025-12-29 13:15:00,PE,ATM+1,7.307262,19718750,26000.0,25950.95,67.1,68.35,65.7,68.1,3095325,1766994300
2025-12-29 13:16:00,PE,ATM+1,7.256845,19718750,26000.0,25944.6,67.5,72.6,67.15,71.9,4136775,1766994360
2025-12-29 13:17:00,PE,ATM+1,6.987518,18174425,26000.0,25942.5,72.2,72.55,70.25,71.75,2948400,1766994420
2025-12-29 13:18:00,PE,ATM+1,6.938684,18174425,26000.0,25942.6,71.3,73.1,70.85,71.4,2300850,1766994480
2025-12-29 13:19:00,PE,ATM+1,7.547096,18174425,26000.0,25948.55,71.6,71.9,69.75,71.0,1657050,1766994540
2025-12-29 13:20:00,PE,ATM+1,7.326574,17847125,26000.0,25946.7,70.65,71.5,69.9,70.9,1052100,1766994600
2025-12-29 13:21:00,PE,ATM+1,7.271663,17847125,26000.0,25946.2,70.85,71.25,70.35,70.9,679350,1766994660
2025-12-29 13:22:00,PE,ATM+1,7.441941,17847125,26000.0,25947.4,70.95,72.3,70.8,71.1,1027275,1766994720
2025-12-29 13:23:00,PE,ATM+1,7.420181,17723450,26000.0,25946.65,71.2,72.0,71.05,71.45,560625,1766994780
2025-12-29 13:24:00,PE,ATM+1,7.17781,17723450,26000.0,25944.2,71.3,71.95,71.0,71.65,614250,1766994840
2025-12-29 13:25:00,PE,ATM+1,7.146531,17723450,26000.0,25944.6,71.6,72.0,71.0,71.2,637200,1766994900
2025-12-29 13:26:00,PE,ATM+1,7.129733,17766875,26000.0,25945.05,71.1,71.5,70.4,70.8,638550,1766994960
2025-12-29 13:27:00,PE,ATM+1,7.281185,17766875,26000.0,25946.75,70.7,71.9,70.1,70.55,824850,1766995020
2025-12-29 13:28:00,PE,ATM+1,7.33792,17766875,26000.0,25948.25,70.6,70.7,68.65,69.9,1090275,1766995080
2025-12-29 13:29:00,PE,ATM+1,7.426081,17627975,26000.0,25948.1,69.75,70.8,69.3,70.5,537375,1766995140
2025-12-29 13:30:00,PE,ATM+1,7.461898,17627975,26000.0,25947.4,70.6,71.15,69.45,71.15,677475,1766995200
2025-12-29 13:31:00,PE,ATM+1,7.404968,17627975,26000.0,25946.8,70.8,71.95,70.5,71.2,839475,1766995260
2025-12-29 13:32:00,PE,ATM+1,7.292762,17592275,26000.0,25947.1,70.95,71.95,70.0,70.35,918075,1766995320
2025-12-29 13:33:00,PE,ATM+1,7.390937,17592275,26000.0,25946.65,70.4,71.35,70.35,71.2,493800,1766995380
2025-12-29 13:34:00,PE,ATM+1,7.324975,17592275,26000.0,25945.9,71.15,71.55,70.8,71.3,410100,1766995440
2025-12-29 13:35:00,PE,ATM+1,7.410966,17413775,26000.0,25942.6,71.4,74.65,71.1,73.95,1639800,1766995500
2025-12-29 13:36:00,PE,ATM+1,7.679124,17413775,26000.0,25945.55,74.1,75.95,73.05,73.55,2274675,1766995560
2025-12-29 13:37:00,PE,ATM+1,8.899892,17413775,26000.0,25935.95,73.35,87.95,73.35,86.8,4844400,1766995620
2025-12-29 13:38:00,PE,ATM+1,8.86282,15923225,26000.0,25937.45,86.35,86.8,82.35,85.6,2476500,1766995680
2025-12-29 13:39:00,PE,ATM+1,9.079852,15923225,26000.0,25932.0,85.6,91.7,85.2,90.4,2857200,1766995740
2025-12-29 13:40:00,PE,ATM+1,9.140484,15923225,26000.0,25931.9,90.1,92.2,89.0,90.8,2241375,1766995800
2025-12-29 13:41:00,PE,ATM+1,9.238342,15245350,26000.0,25933.8,91.0,91.5,87.75,90.1,1727325,1766995860
2025-12-29 13:42:00,PE,ATM+1,9.236685,15245350,26000.0,25935.15,90.1,90.15,89.0,89.2,700200,1766995920
2025-12-29 13:43:00,PE,ATM+1,9.440195,15245350,26000.0,25937.65,89.5,89.85,87.75,88.75,813825,1766995980
2025-12-29 13:44:00,PE,ATM+1,9.553801,15074575,26000.0,25940.4,88.65,89.3,87.2,87.65,772500,1766996040
2025-12-29 13:45:00,PE,ATM+1,9.505229,15074575,26000.0,25943.75,87.95,88.15,84.6,85.25,1458600,1766996100
2025-12-29 13:46:00,PE,ATM+1,9.334415,15074575,26000.0,25949.3,85.05,85.25,80.3,80.8,1615725,1766996160
2025-12-29 13:47:00,PE,ATM+1,9.052582,15113350,26000.0,25945.3,80.9,82.2,80.75,81.6,1033050,1766996220
2025-12-29 13:48:00,PE,ATM+1,9.044916,15113350,26000.0,25948.75,81.85,81.85,79.1,79.4,1090500,1766996280
2025-12-29 13:49:00,PE,ATM+1,8.901127,15113350,26000.0,25949.3,79.15,80.25,78.2,78.2,817500,1766996340
2025-12-29 13:50:00,PE,ATM+1,9.040381,15252100,26000.0,25947.7,78.2,80.2,78.2,80.0,737775,1766996400
2025-12-29 13:51:00,PE,ATM+1,9.135928,15252100,26000.0,25950.55,79.8,80.0,77.95,78.8,729300,1766996460
2025-12-29 13:52:00,PE,ATM+1,8.878793,15252100,26000.0,25951.8,78.7,79.5,76.4,76.5,773100,1766996520
2025-12-29 13:53:00,PE,ATM+1,8.634049,15384100,26000.0,25953.5,76.65,76.9,74.0,74.0,1511025,1766996580
2025-12-29 13:54:00,PE,ATM+1,8.773543,15384100,26000.0,25955.1,74.25,74.9,71.85,73.85,1304100,1766996640
2025-12-29 13:55:00,PE,ATM+1,8.680726,15384100,26000.0,25949.6,74.2,76.65,73.85,76.65,1235700,1766996700
2025-12-29 13:56:00,PE,ATM+1,8.856692,15864775,26000.0,25951.35,76.55,77.8,75.9,76.6,1373100,1766996760
2025-12-29 13:57:00,PE,ATM+1,8.753476,15864775,26000.0,25946.8,76.7,78.95,76.0,78.8,886200,1766996820
2025-12-29 13:58:00,PE,ATM+1,8.624572,15864775,26000.0,25949.5,78.65,78.65,76.35,76.35,933225,1766996880
2025-12-29 13:59:00,PE,ATM+1,8.904259,16158800,26000.0,25950.45,76.5,78.0,76.35,77.4,564075,1766996940
2025-12-29 14:00:00,PE,ATM+1,8.896916,16158800,26000.0,25950.85,77.5,78.3,77.1,77.1,585525,1766997000
2025-12-29 14:01:00,PE,ATM+1,8.91411,16158800,26000.0,25952.8,77.5,77.9,75.7,76.0,779400,1766997060
2025-12-29 14:02:00,PE,ATM+1,8.947922,16262375,26000.0,25952.7,75.85,76.65,74.0,76.25,1098900,1766997120
2025-12-29 14:03:00,PE,ATM+1,8.886284,16262375,26000.0,25953.15,76.3,77.0,75.5,75.6,537900,1766997180
2025-12-29 14:04:00,PE,ATM+1,8.776275,16262375,26000.0,25951.9,75.35,76.6,75.35,75.7,500925,1766997240
2025-12-29 14:05:00,PE,ATM+1,8.992344,16462775,26000.0,25955.65,75.95,76.6,73.45,74.7,968175,1766997300
2025-12-29 14:06:00,PE,ATM+1,8.70136,16462775,26000.0,25953.35,75.0,75.15,72.85,74.35,847950,1766997360
2025-12-29 14:07:00,PE,ATM+1,8.825536,16462775,26000.0,25952.65,74.55,76.25,74.35,75.5,659700,1766997420
2025-12-29 14:08:00,PE,ATM+1,8.974081,16591025,26000.0,25952.35,75.1,77.2,75.1,76.55,837900,1766997480
2025-12-29 14:09:00,PE,ATM+1,9.068181,16591025,26000.0,25958.35,76.25,76.55,73.5,73.5,685800,1766997540
2025-12-29 14:10:00,PE,ATM+1,9.487913,16591025,26000.0,25960.15,73.45,75.4,72.5,74.95,890550,1766997600
2025-12-29 14:11:00,PE,ATM+1,9.512937,16413725,26000.0,25959.7,74.9,76.2,74.85,75.35,612150,1766997660
2025-12-29 14:12:00,PE,ATM+1,9.094979,16413725,26000.0,25954.45,75.3,76.8,75.3,75.95,667350,1766997720
2025-12-29 14:13:00,PE,ATM+1,8.87703,16413725,26000.0,25950.1,75.7,77.6,75.65,77.3,862875,1766997780
2025-12-29 14:14:00,PE,ATM+1,8.257532,16609700,26000.0,25943.35,77.6,78.25,77.15,77.95,1361475,1766997840
2025-12-29 14:15:00,PE,ATM+1,8.517049,16609700,26000.0,25938.3,78.2,82.75,77.45,82.7,2901900,1766997900
2025-12-29 14:16:00,PE,ATM+1,8.521694,16609700,26000.0,25936.5,82.25,84.05,82.25,83.9,2448000,1766997960
2025-12-29 14:17:00,PE,ATM+1,8.546734,15914075,26000.0,25931.15,84.1,87.6,83.9,87.6,2524275,1766998020
2025-12-29 14:18:00,PE,ATM+1,8.50166,15914075,26000.0,25929.0,86.85,89.35,86.55,88.8,2079000,1766998080
2025-12-29 14:19:00,PE,ATM+1,8.06652,15914075,26000.0,25927.3,88.55,89.65,86.8,87.6,1752675,1766998140
2025-12-29 14:20:00,PE,ATM+1,8.105384,15468875,26000.0,25928.6,87.75,87.95,85.45,86.9,1121850,1766998200
2025-12-29 14:21:00,PE,ATM+1,8.244933,15468875,26000.0,25931.3,87.0,87.0,84.6,85.8,954225,1766998260
2025-12-29 14:22:00,PE,ATM+1,8.148965,15468875,26000.0,25931.25,85.6,87.5,85.25,85.3,696825,1766998320
2025-12-29 14:23:00,PE,ATM+1,7.35407,15216200,26000.0,25942.45,85.35,85.95,73.35,73.35,2485200,1766998380
2025-12-29 14:24:00,PE,ATM+1,8.165759,15216200,26000.0,25956.8,74.2,74.35,68.55,68.9,3157650,1766998440
2025-12-29 14:25:00,PE,ATM+1,8.567248,15216200,26000.0,25964.1,68.55,70.75,66.5,66.95,2176950,1766998500
2025-12-29 14:26:00,PE,ATM+1,8.906743,15109275,26000.0,25965.1,66.9,68.4,65.6,68.4,1874025,1766998560
2025-12-29 14:27:00,PE,ATM+1,9.085169,15109275,26000.0,25970.25,68.5,68.6,64.95,66.55,1896375,1766998620
2025-12-29 14:28:00,PE,ATM+1,9.062337,15109275,26000.0,25961.4,66.1,72.6,66.05,71.45,2562375,1766998680
2025-12-29 14:29:00,PE,ATM+1,8.457236,15479475,26000.0,25954.85,72.25,72.55,70.75,71.75,1605075,1766998740
2025-12-29 14:30:00,PE,ATM+1,8.106321,15479475,26000.0,25949.35,71.05,73.7,71.05,73.1,2507475,1766998800
2025-12-29 14:31:00,PE,ATM+1,8.053684,15479475,26000.0,25952.2,73.15,73.25,70.8,71.0,1368000,1766998860
2025-12-29 14:32:00,PE,ATM+1,8.086671,15692775,26000.0,25951.85,71.2,71.7,70.35,71.4,786975,1766998920
2025-12-29 14:33:00,PE,ATM+1,8.009412,15692775,26000.0,25955.8,71.45,71.7,67.95,68.5,1459800,1766998980
2025-12-29 14:34:00,PE,ATM+1,7.968934,15692775,26000.0,25956.05,68.2,68.55,67.2,68.1,930825,1766999040
2025-12-29 14:35:00,PE,ATM+1,7.898305,15710400,26000.0,25949.75,68.35,72.3,68.1,71.6,1368975,1766999100
2025-12-29 14:36:00,PE,ATM+1,7.862122,15710400,26000.0,25946.9,71.5,74.45,71.45,73.2,1972725,1766999160
2025-12-29 14:37:00,PE,ATM+1,7.978789,15710400,26000.0,25948.4,73.3,73.8,72.15,72.9,1144950,1766999220
2025-12-29 14:38:00,PE,ATM+1,7.847907,15929800,26000.0,25948.15,73.2,73.35,71.65,72.3,761925,1766999280
2025-12-29 14:39:00,PE,ATM+1,7.955098,15929800,26000.0,25948.0,72.45,73.7,71.85,73.0,514350,1766999340
2025-12-29 14:40:00,PE,ATM+1,7.86243,15929800,26000.0,25945.45,72.9,74.1,72.5,74.1,681225,1766999400
2025-12-29 14:41:00,PE,ATM+1,8.064554,15864775,26000.0,25938.55,73.75,79.9,73.75,79.75,2736825,1766999460
2025-12-29 14:42:00,PE,ATM+1,7.709843,15864775,26000.0,25935.85,79.3,83.15,78.0,79.6,2718600,1766999520
2025-12-29 14:43:00,PE,ATM+1,8.116028,15864775,26000.0,25933.95,79.2,83.1,79.1,83.1,1632000,1766999580
2025-12-29 14:44:00,PE,ATM+1,8.035661,15713250,26000.0,25936.1,82.8,83.1,80.45,81.2,1130625,1766999640
2025-12-29 14:45:00,PE,ATM+1,8.34483,15713250,26000.0,25935.05,81.5,83.6,80.85,83.6,1151325,1766999700
2025-12-29 14:46:00,PE,ATM+1,8.225854,15713250,26000.0,25931.7,83.4,86.95,83.35,85.2,2547000,1766999760
2025-12-29 14:47:00,PE,ATM+1,8.188839,15496950,26000.0,25936.5,85.1,86.1,80.8,81.75,1949100,1766999820
2025-12-29 14:48:00,PE,ATM+1,8.477629,15496950,26000.0,25937.85,81.5,82.5,79.75,82.45,1117050,1766999880
2025-12-29 14:49:00,PE,ATM+1,8.602235,15496950,26000.0,25941.05,82.2,83.0,80.45,81.05,1152600,1766999940
2025-12-29 14:50:00,PE,ATM+1,8.954634,15685275,26000.0,25936.25,81.15,87.0,80.55,86.15,2110875,1767000000
2025-12-29 14:51:00,PE,ATM+1,8.927784,15685275,26000.0,25937.15,85.75,88.85,84.4,85.4,1915875,1767000060
2025-12-29 14:52:00,PE,ATM+1,8.894416,15685275,26000.0,25939.15,84.6,85.65,83.45,83.9,815025,1767000120
2025-12-29 14:53:00,PE,ATM+1,9.207358,16059525,26000.0,25941.35,83.8,84.25,81.75,84.25,747450,1767000180
2025-12-29 14:54:00,PE,ATM+1,9.180652,16059525,26000.0,25931.35,85.05,92.35,84.25,90.6,3033375,1767000240
2025-12-29 14:55:00,PE,ATM+1,7.608911,11291100,25950.0,25923.05,58.6,58.6,54.0,55.7,3150450,1767000300
2025-12-29 14:56:00,PE,ATM+1,7.683623,15309675,26000.0,25928.4,86.8,87.4,83.7,84.5,1272600,1767000360
2025-12-29 14:57:00,PE,ATM+1,7.801801,15309675,26000.0,25934.2,84.05,84.5,79.95,81.1,2714775,1767000420
2025-12-29 14:58:00,PE,ATM+1,6.899685,15309675,26000.0,25929.35,81.15,82.6,78.5,79.75,2986050,1767000480
2025-12-29 14:59:00,PE,ATM+1,7.841882,14925075,26000.0,25934.2,78.1,81.4,76.95,81.3,1461975,1767000540
2025-12-29 15:00:00,PE,ATM+1,7.213266,14925075,26000.0,25936.4,79.85,82.15,76.4,76.4,2328975,1767000600
2025-12-29 15:01:00,PE,ATM+1,6.886801,14925075,26000.0,25931.25,76.5,81.75,76.4,78.3,2096250,1767000660
2025-12-29 15:02:00,PE,ATM+1,6.310618,14423025,26000.0,25927.5,78.95,80.2,78.15,78.15,693450,1767000720
2025-12-29 15:03:00,PE,ATM+1,6.41678,14423025,26000.0,25929.75,78.35,78.35,75.6,77.0,1159425,1767000780
2025-12-29 15:04:00,PE,ATM+1,6.867835,14423025,26000.0,25937.6,77.35,78.0,73.5,73.7,1379475,1767000840
2025-12-29 15:05:00,PE,ATM+1,8.270467,14297325,26000.0,25947.45,74.35,75.4,72.1,74.9,1305525,1767000900
2025-12-29 15:06:00,PE,ATM+1,8.363164,14297325,26000.0,25945.75,75.05,76.8,74.6,76.5,904725,1767000960
2025-12-29 15:07:00,PE,ATM+1,8.769573,14297325,26000.0,25947.5,76.5,78.3,75.55,77.7,953100,1767001020
2025-12-29 15:08:00,PE,ATM+1,8.755352,14130000,26000.0,25946.4,78.05,79.4,77.5,78.3,856500,1767001080
2025-12-29 15:09:00,PE,ATM+1,8.351627,14130000,26000.0,25943.5,78.05,78.65,77.55,77.85,553275,1767001140
2025-12-29 15:10:00,PE,ATM+1,8.529456,14130000,26000.0,25949.8,78.15,78.15,74.85,74.85,950400,1767001200
2025-12-29 15:11:00,PE,ATM+1,8.150319,13864650,26000.0,25942.5,75.35,77.75,74.7,77.35,766875,1767001260
2025-12-29 15:12:00,PE,ATM+1,8.073663,13864650,26000.0,25943.9,77.5,77.5,75.7,76.0,430350,1767001320
2025-12-29 15:13:00,PE,ATM+1,8.236755,13864650,26000.0,25943.6,76.1,77.35,75.7,77.1,534975,1767001380
2025-12-29 15:14:00,PE,ATM+1,7.987287,13662225,26000.0,25944.05,76.8,77.1,75.4,75.4,446100,1767001440
2025-12-29 15:15:00,PE,ATM+1,7.995809,13662225,26000.0,25940.3,76.0,78.75,75.4,77.9,1256550,1767001500
2025-12-29 15:16:00,PE,ATM+1,7.696588,13662225,26000.0,25938.8,78.0,78.05,76.55,77.25,558375,1767001560
2025-12-29 15:17:00,PE,ATM+1,7.51176,13183300,26000.0,25939.15,76.9,77.25,75.8,76.0,498150,1767001620
2025-12-29 15:18:00,PE,ATM+1,7.533177,13183300,26000.0,25940.35,75.9,77.0,75.3,75.3,640500,1767001680
2025-12-29 15:19:00,PE,ATM+1,7.732664,13183300,26000.0,25941.15,75.4,75.95,74.75,75.85,864750,1767001740
2025-12-29 15:20:00,PE,ATM+1,7.726743,12805375,26000.0,25944.65,76.25,76.25,73.5,73.5,967275,1767001800
2025-12-29 15:21:00,PE,ATM+1,7.664425,12805375,26000.0,25945.1,73.45,73.5,72.05,72.85,904650,1767001860
2025-12-29 15:22:00,PE,ATM+1,7.828053,12805375,26000.0,25947.5,72.7,73.0,71.0,72.2,991500,1767001920
2025-12-29 15:23:00,PE,ATM+1,8.067872,12430350,26000.0,25948.35,72.6,73.3,72.2,73.0,554700,1767001980
2025-12-29 15:24:00,PE,ATM+1,7.975414,12430350,26000.0,25950.9,73.05,73.05,70.3,70.85,991425,1767002040
2025-12-29 15:25:00,PE,ATM+1,8.346315,12430350,26000.0,25950.75,71.2,73.2,70.8,73.05,730800,1767002100
2025-12-29 15:26:00,PE,ATM+1,8.269202,12000000,26000.0,25950.35,72.65,73.35,72.45,72.85,602100,1767002160
2025-12-29 15:27:00,PE,ATM+1,7.961667,12000000,26000.0,25945.8,73.0,74.1,72.75,74.0,864000,1767002220
2025-12-29 15:28:00,PE,ATM+1,7.857892,12000000,26000.0,25944.05,73.95,74.7,73.05,74.55,817200,1767002280
2025-12-29 15:29:00,PE,ATM+1,8.301693,11372250,26000.0,25949.8,74.5,74.7,73.2,73.35,1104975,1767002340
2025-12-30 09:15:00,PE,ATM+1,11.212237,7227750,25950.0,25902.25,47.05,72.6,47.05,68.2,8048325,1767066300
2025-12-30 09:16:00,PE,ATM+1,10.644941,7862400,25950.0,25903.1,67.95,68.2,63.0,65.65,3948900,1767066360
2025-12-30 09:17:00,PE,ATM+1,11.916132,7862400,25950.0,25915.35,62.85,65.65,58.9,62.35,3474975,1767066420
2025-12-30 09:18:00,PE,ATM+1,12.626579,7862400,25950.0,25904.0,61.5,72.3,61.25,71.95,5289675,1767066480
2025-12-30 09:19:00,PE,ATM+1,11.909428,8818500,25950.0,25908.05,71.1,72.05,66.8,66.8,3684225,1767066540
2025-12-30 09:20:00,PE,ATM+1,11.029714,8818500,25950.0,25890.55,67.2,77.15,66.8,75.45,5889525,1767066600
2025-12-30 09:21:00,PE,ATM+1,11.703226,8818500,25950.0,25888.6,74.2,80.1,74.2,79.0,3850875,1767066660
2025-12-30 09:22:00,PE,ATM+1,10.206388,8897700,25950.0,25884.05,78.0,80.15,76.85,77.5,2865975,1767066720
2025-12-30 09:23:00,PE,ATM+1,11.207081,8897700,25950.0,25886.75,77.5,79.15,75.4,78.65,1935000,1767066780
2025-12-30 09:24:00,PE,ATM+1,10.97726,8897700,25950.0,25884.8,79.55,80.7,77.75,79.3,2409300,1767066840
2025-12-30 09:25:00,PE,ATM+1,10.810544,8635875,25950.0,25886.95,78.85,80.5,77.0,77.2,1591125,1767066900
2025-12-30 09:26:00,PE,ATM+1,11.133855,8635875,25950.0,25883.35,76.9,83.1,76.65,80.8,2390550,1767066960
2025-12-30 09:27:00,PE,ATM+1,11.302278,8635875,25950.0,25881.5,81.0,85.0,79.15,82.65,2345250,1767067020
2025-12-30 09:28:00,PE,ATM+1,11.101046,8749875,25950.0,25883.15,83.0,83.35,78.75,80.8,1839375,1767067080
2025-12-30 09:29:00,PE,ATM+1,11.176625,8749875,25950.0,25884.55,80.95,81.5,78.6,80.0,1273425,1767067140
2025-12-30 09:30:00,PE,ATM+1,11.297838,8749875,25950.0,25885.05,80.4,80.75,77.9,80.0,1215225,1767067200
2025-12-30 09:31:00,PE,ATM+1,10.767939,9200325,25950.0,25883.5,79.85,80.5,78.25,79.45,819975,1767067260
2025-12-30 09:32:00,PE,ATM+1,10.814063,9200325,25950.0,25886.0,79.6,81.6,77.5,77.75,1275600,1767067320
2025-12-30 09:33:00,PE,ATM+1,10.262376,9200325,25950.0,25888.7,76.65,78.3,74.05,74.05,2153100,1767067380
2025-12-30 09:34:00,PE,ATM+1,9.497126,9269925,25950.0,25905.35,73.0,74.05,59.85,59.85,4367775,1767067440
2025-12-30 09:35:00,PE,ATM+1,10.353766,9269925,25950.0,25911.05,58.3,64.2,58.25,59.0,3284325,1767067500
2025-12-30 09:36:00,PE,ATM+1,11.645318,9269925,25950.0,25913.8,59.55,63.8,56.65,61.8,2906850,1767067560
2025-12-30 09:37:00,PE,ATM+1,11.633904,10718250,25950.0,25912.0,61.0,62.85,58.35,62.85,1927050,1767067620
2025-12-30 09:38:00,PE,ATM+1,11.13056,10718250,25950.0,25914.15,62.5,62.85,58.5,59.7,1686900,1767067680
2025-12-30 09:39:00,PE,ATM+1,10.403696,10718250,25950.0,25924.15,59.75,60.85,50.15,51.0,4460700,1767067740
2025-12-30 09:40:00,PE,ATM+1,10.418829,11567400,25950.0,25922.35,51.85,53.7,49.6,52.1,3031575,1767067800
2025-12-30 09:41:00,PE,ATM+1,10.589324,11567400,25950.0,25920.5,51.75,55.0,51.0,53.8,2392125,1767067860
2025-12-30 09:42:00,PE,ATM+1,10.454619,12460175,26000.0,25927.55,88.6,89.6,81.95,82.8,1223550,1767067920
2025-12-30 09:43:00,PE,ATM+1,10.519718,13116150,26000.0,25936.85,83.1,83.1,76.05,76.05,2291625,1767067980
2025-12-30 09:44:00,PE,ATM+1,11.531414,13116150,26000.0,25939.75,75.6,77.95,75.2,77.15,1766025,1767068040
2025-12-30 09:45:00,PE,ATM+1,11.29517,13116150,26000.0,25931.7,76.7,82.15,74.95,82.15,2194500,1767068100
2025-12-30 09:46:00,PE,ATM+1,10.707915,14914575,25950.0,25922.5,48.8,53.45,47.9,52.9,5689725,1767068160
2025-12-30 09:47:00,PE,ATM+1,11.198941,14914575,25950.0,25920.05,52.9,57.15,51.85,56.1,5135400,1767068220
2025-12-30 09:48:00,PE,ATM+1,11.034268,14914575,25950.0,25910.35,54.95,61.5,53.3,61.5,4996125,1767068280
2025-12-30 09:49:00,PE,ATM+1,10.983958,13765500,25950.0,25908.25,61.05,64.75,59.05,62.65,5875200,1767068340
2025-12-30 09:50:00,PE,ATM+1,10.872654,13765500,25950.0,25909.4,62.7,63.6,60.1,61.5,3815625,1767068400
2025-12-30 09:51:00,PE,ATM+1,9.74345,13699950,26000.0,25926.25,100.3,100.85,79.8,81.65,3475725,1767068460
2025-12-30 09:52:00,PE,ATM+1,10.537144,12963425,26000.0,25933.95,81.5,81.8,72.2,78.05,2890500,1767068520
2025-12-30 09:53:00,PE,ATM+1,10.532746,12963425,26000.0,25933.5,77.6,83.65,77.3,78.35,1872900,1767068580
2025-12-30 09:54:00,PE,ATM+1,9.078094,12963425,26000.0,25933.35,77.85,79.4,74.25,74.25,1456050,1767068640
2025-12-30 09:55:00,PE,ATM+1,10.399456,13848425,26000.0,25948.05,75.6,77.15,62.95,67.45,3207750,1767068700
2025-12-30 09:56:00,PE,ATM+1,10.837026,13848425,26000.0,25945.95,69.55,72.75,67.45,70.3,2177325,1767068760
2025-12-30 09:57:00,PE,ATM+1,10.133363,13848425,26000.0,25943.45,70.45,70.55,66.35,69.8,1171800,1767068820
2025-12-30 09:58:00,PE,ATM+1,10.058707,14296250,26000.0,25940.4,70.3,72.15,67.8,71.75,1461300,1767068880
2025-12-30 09:59:00,PE,ATM+1,10.713141,14296250,26000.0,25935.7,72.05,78.4,71.4,77.15,2724525,1767068940
2025-12-30 10:00:00,PE,ATM+1,10.383098,14296250,26000.0,25934.6,77.15,78.3,74.25,76.95,1823850,1767069000
2025-12-30 10:01:00,PE,ATM+1,9.609599,16857525,25950.0,25923.95,43.9,49.3,43.45,47.75,5559450,1767069060
2025-12-30 10:02:00,PE,ATM+1,9.532429,14944200,26000.0,25936.5,81.65,82.3,71.5,73.0,2387625,1767069120
2025-12-30 10:03:00,PE,ATM+1,10.195966,14944200,26000.0,25933.65,74.05,78.5,73.0,77.05,1126350,1767069180
2025-12-30 10:04:00,PE,ATM+1,10.365747,14983575,26000.0,25932.35,75.05,78.55,74.05,78.5,896775,1767069240
2025-12-30 10:05:00,PE,ATM+1,10.28144,14983575,26000.0,25932.0,78.6,80.55,76.3,78.5,1244400,1767069300
2025-12-30 10:06:00,PE,ATM+1,10.393564,14983575,26000.0,25925.9,78.35,83.9,77.2,83.45,1513875,1767069360
2025-12-30 10:07:00,PE,ATM+1,10.440372,14829075,26000.0,25929.05,83.7,83.7,78.0,81.15,1242675,1767069420
2025-12-30 10:08:00,PE,ATM+1,10.695433,14829075,26000.0,25926.1,81.75,84.7,79.95,84.1,1026675,1767069480
2025-12-30 10:09:00,PE,ATM+1,10.27601,14829075,26000.0,25925.8,83.6,87.75,82.0,83.15,2073450,1767069540
2025-12-30 10:10:00,PE,ATM+1,11.048958,14791425,26000.0,25928.1,83.75,84.95,80.75,83.55,1238100,1767069600
2025-12-30 10:11:00,PE,ATM+1,10.631013,14791425,26000.0,25929.4,83.4,83.85,79.35,81.35,1119225,1767069660
2025-12-30 10:12:00,PE,ATM+1,10.441294,14791425,26000.0,25940.1,80.75,82.3,72.85,72.85,2085900,1767069720
2025-12-30 10:13:00,PE,ATM+1,10.615282,14785250,26000.0,25945.1,72.8,75.25,69.05,69.8,1780500,1767069780
2025-12-30 10:14:00,PE,ATM+1,10.571997,14785250,26000.0,25943.25,68.7,73.8,66.25,70.95,1935150,1767069840
2025-12-30 10:15:00,PE,ATM+1,10.877961,14785250,26000.0,25951.55,70.75,71.0,66.15,66.15,1192800,1767069900
2025-12-30 10:16:00,PE,ATM+1,10.597356,15206900,26000.0,25950.25,66.6,68.1,62.35,66.1,2026950,1767069960
2025-12-30 10:17:00,PE,ATM+1,10.759386,15206900,26000.0,25953.65,65.75,66.6,63.15,64.3,1194675,1767070020
2025-12-30 10:18:00,PE,ATM+1,10.969521,15206900,26000.0,25953.9,63.75,64.85,62.05,64.8,1131450,1767070080
2025-12-30 10:19:00,PE,ATM+1,10.496298,15917150,26000.0,25955.65,64.35,65.8,61.75,62.05,1277175,1767070140
2025-12-30 10:20:00,PE,ATM+1,11.817995,15917150,26000.0,25962.75,61.8,62.85,60.2,61.9,2008200,1767070200
2025-12-30 10:21:00,PE,ATM+1,11.570143,15917150,26000.0,25960.25,60.8,63.9,58.25,62.6,2097975,1767070260
2025-12-30 10:22:00,PE,ATM+1,10.617031,16580150,26000.0,25957.35,62.65,62.65,58.35,61.25,1533150,1767070320
2025-12-30 10:23:00,PE,ATM+1,10.480597,16580150,26000.0,25961.6,61.55,61.55,57.0,58.0,1686750,1767070380
2025-12-30 10:24:00,PE,ATM+1,9.899144,16580150,26000.0,25968.7,57.45,58.25,50.3,51.5,3132750,1767070440
2025-12-30 10:25:00,PE,ATM+1,9.811051,16935275,26000.0,25968.1,51.4,53.5,50.55,51.55,2407800,1767070500
2025-12-30 10:26:00,PE,ATM+1,9.67183,16935275,26000.0,25964.8,51.65,54.15,51.55,53.15,1468350,1767070560
2025-12-30 10:27:00,PE,ATM+1,9.686501,16935275,26000.0,25965.7,53.2,53.8,51.55,52.6,1290525,1767070620
2025-12-30 10:28:00,PE,ATM+1,9.750125,17963900,26000.0,25967.5,52.2,54.25,51.4,51.65,1134075,1767070680
2025-12-30 10:29:00,PE,ATM+1,9.600403,17963900,26000.0,25965.1,52.0,54.4,51.65,52.65,1317600,1767070740
2025-12-30 10:30:00,PE,ATM+1,10.526279,17963900,26000.0,25970.5,52.95,53.5,49.9,52.4,2749500,1767070800
2025-12-30 10:31:00,PE,ATM+1,10.815674,18652300,26000.0,25970.95,52.55,53.7,50.45,53.1,1463400,1767070860
2025-12-30 10:32:00,PE,ATM+1,9.89938,18652300,26000.0,25967.6,52.9,54.3,50.25,52.0,1732425,1767070920
2025-12-30 10:33:00,PE,ATM+1,10.563018,18652300,26000.0,25971.9,52.15,53.5,50.85,51.6,1254150,1767070980
2025-12-30 10:34:00,PE,ATM+1,10.751971,18991450,26000.0,25973.7,51.65,52.25,48.95,51.15,1920075,1767071040
2025-12-30 10:35:00,PE,ATM+1,10.734269,18991450,26000.0,25967.3,51.1,54.95,50.8,54.95,2101350,1767071100
2025-12-30 10:36:00,PE,ATM+1,10.112644,18991450,26000.0,25958.95,54.6,59.55,53.05,58.2,4037775,1767071160
2025-12-30 10:37:00,PE,ATM+1,10.382323,19469275,26000.0,25956.55,57.85,60.75,54.95,60.65,3481950,1767071220
2025-12-30 10:38:00,PE,ATM+1,9.898857,19469275,26000.0,25954.15,60.1,61.85,58.55,60.7,2670300,1767071280
2025-12-30 10:39:00,PE,ATM+1,9.132081,19469275,26000.0,25952.55,60.95,61.45,58.1,59.4,2203125,1767071340
2025-12-30 10:40:00,PE,ATM+1,9.596556,19017775,26000.0,25953.65,58.95,62.8,58.8,60.05,2269125,1767071400
2025-12-30 10:41:00,PE,ATM+1,9.568563,19017775,26000.0,25953.35,59.85,63.6,59.1,60.15,2131125,1767071460
2025-12-30 10:42:00,PE,ATM+1,11.162925,19017775,26000.0,25950.0,60.35,67.45,59.9,67.45,2310075,1767071520
2025-12-30 10:43:00,PE,ATM+1,10.08454,18100500,26000.0,25949.35,65.55,67.45,63.6,64.5,2499375,1767071580
2025-12-30 10:44:00,PE,ATM+1,10.612722,18100500,26000.0,25949.3,64.7,68.15,61.85,66.15,2347875,1767071640
2025-12-30 10:45:00,PE,ATM+1,10.343739,18100500,26000.0,25943.5,65.65,70.9,65.65,69.4,3205800,1767071700
2025-12-30 10:46:00,PE,ATM+1,9.953747,17440750,26000.0,25944.15,69.45,72.8,66.7,67.75,3400725,1767071760
2025-12-30 10:47:00,PE,ATM+1,9.767808,17440750,26000.0,25939.85,67.6,71.9,67.6,70.35,1911450,1767071820
2025-12-30 10:48:00,PE,ATM+1,10.713221,17440750,26000.0,25939.05,70.65,74.7,70.0,73.65,2264325,1767071880
2025-12-30 10:49:00,PE,ATM+1,9.832439,17152300,26000.0,25944.4,73.6,73.65,66.0,67.15,2440350,1767071940
2025-12-30 10:50:00,PE,ATM+1,10.564254,17152300,26000.0,25947.45,66.9,70.15,65.95,67.15,1472475,1767072000
2025-12-30 10:51:00,PE,ATM+1,10.811012,17152300,26000.0,25941.15,67.0,72.35,64.0,72.35,2303700,1767072060
2025-12-30 10:52:00,PE,ATM+1,10.624723,16544950,26000.0,25936.0,72.05,77.7,71.35,75.55,3716325,1767072120
2025-12-30 10:53:00,PE,ATM+1,11.283471,16544950,26000.0,25933.65,75.7,79.15,74.65,79.15,2084700,1767072180
2025-12-30 10:54:00,PE,ATM+1,11.693827,16544950,26000.0,25931.35,78.65,82.55,77.2,82.0,2979300,1767072240
2025-12-30 10:55:00,PE,ATM+1,10.721455,15674525,26000.0,25926.95,81.9,83.75,80.0,82.6,2116575,1767072300
2025-12-30 10:56:00,PE,ATM+1,10.229447,15674525,26000.0,25930.35,82.0,82.6,78.65,78.65,1467525,1767072360
2025-12-30 10:57:00,PE,ATM+1,9.799424,15674525,26000.0,25931.7,78.6,80.85,75.15,76.45,1839975,1767072420
2025-12-30 10:58:00,PE,ATM+1,9.221637,15306350,26000.0,25927.55,76.9,79.2,76.05,78.25,1052400,1767072480
2025-12-30 10:59:00,PE,ATM+1,10.500263,15306350,26000.0,25927.45,78.85,83.0,78.25,81.55,1696725,1767072540
2025-12-30 11:00:00,PE,ATM+1,9.993759,15306350,26000.0,25931.0,80.75,81.75,77.4,77.45,1401750,1767072600
2025-12-30 11:01:00,PE,ATM+1,11.30212,15184100,26000.0,25928.85,77.55,82.6,77.4,82.6,1205775,1767072660
2025-12-30 11:02:00,PE,ATM+1,9.909259,15184100,26000.0,25929.45,81.4,82.6,78.4,78.4,706275,1767072720
2025-12-30 11:03:00,PE,ATM+1,10.181062,15184100,26000.0,25927.7,78.0,82.2,77.95,80.45,1054275,1767072780
2025-12-30 11:04:00,PE,ATM+1,10.291432,15014300,26000.0,25926.25,80.5,82.65,80.4,81.85,941475,1767072840
2025-12-30 11:05:00,PE,ATM+1,10.591559,15014300,26000.0,25930.8,81.6,82.25,74.6,79.1,1882350,1767072900
2025-12-30 11:06:00,PE,ATM+1,10.538865,15014300,26000.0,25927.6,79.1,85.35,77.15,81.4,1677600,1767072960
2025-12-30 11:07:00,PE,ATM+1,10.825777,15019325,26000.0,25931.45,81.75,82.25,78.9,79.2,886875,1767073020
2025-12-30 11:08:00,PE,ATM+1,9.961731,15019325,26000.0,25931.35,79.25,80.4,76.95,76.95,796125,1767073080
2025-12-30 11:09:00,PE,ATM+1,10.24606,15019325,26000.0,25928.8,77.35,80.05,76.95,79.65,703800,1767073140
2025-12-30 11:10:00,PE,ATM+1,9.097154,19710900,25950.0,25922.05,41.95,45.65,41.45,45.6,3117300,1767073200
2025-12-30 11:11:00,PE,ATM+1,9.492878,19710900,25950.0,25918.75,49.95,56.5,45.6,48.95,11973675,1767073260
2025-12-30 11:12:00,PE,ATM+1,9.716352,19710900,25950.0,25923.35,48.9,50.15,44.85,46.8,4049025,1767073320
2025-12-30 11:13:00,PE,ATM+1,8.825117,17107500,25950.0,25921.4,47.2,47.2,41.6,45.05,3927225,1767073380
2025-12-30 11:14:00,PE,ATM+1,9.299807,17107500,25950.0,25921.45,45.2,47.25,45.05,46.55,2138100,1767073440
2025-12-30 11:15:00,PE,ATM+1,8.691285,17107500,25950.0,25921.75,46.3,47.7,44.35,44.35,2096925,1767073500
2025-12-30 11:16:00,PE,ATM+1,8.708229,17271300,25950.0,25923.8,45.0,46.65,42.95,43.1,2213925,1767073560
2025-12-30 11:17:00,PE,ATM+1,8.843175,17271300,25950.0,25922.95,43.25,44.85,41.3,44.05,2024100,1767073620
2025-12-30 11:18:00,PE,ATM+1,9.035222,17271300,25950.0,25924.5,44.2,45.3,42.85,43.7,1198875,1767073680
2025-12-30 11:19:00,PE,ATM+1,9.265624,16981725,25950.0,25922.45,44.0,46.05,43.15,45.7,1380000,1767073740
2025-12-30 11:20:00,PE,ATM+1,9.140073,16981725,25950.0,25924.5,45.45,46.85,43.25,44.0,1750875,1767073800
2025-12-30 11:21:00,PE,ATM+1,9.435605,16981725,25950.0,25921.1,43.65,47.15,42.45,47.05,2043600,1767073860
2025-12-30 11:22:00,PE,ATM+1,9.431222,16829400,25950.0,25921.6,47.15,47.85,44.8,46.7,2153325,1767073920
2025-12-30 11:23:00,PE,ATM+1,9.537144,16829400,25950.0,25914.2,46.9,51.9,46.7,51.75,3851400,1767073980
2025-12-30 11:24:00,PE,ATM+1,9.342503,16829400,25950.0,25917.6,50.45,51.75,48.0,48.9,2978775,1767074040
2025-12-30 11:25:00,PE,ATM+1,9.127567,16406250,25950.0,25916.05,49.65,51.6,48.6,49.2,2317500,1767074100
2025-12-30 11:26:00,PE,ATM+1,10.070699,16406250,25950.0,25920.05,49.4,51.85,48.45,49.65,2181675,1767074160
2025-12-30 11:27:00,PE,ATM+1,9.46887,16406250,25950.0,25915.95,49.6,53.0,49.1,50.3,2266200,1767074220
2025-12-30 11:28:00,PE,ATM+1,9.162663,15946950,25950.0,25914.9,50.3,50.3,47.15,50.0,2288625,1767074280
2025-12-30 11:29:00,PE,ATM+1,9.466944,15946950,25950.0,25914.95,49.95,51.0,48.6,50.9,1506450,1767074340
2025-12-30 11:30:00,PE,ATM+1,9.217258,15946950,25950.0,25908.7,50.2,54.45,50.15,54.3,3635400,1767074400
2025-12-30 11:31:00,PE,ATM+1,8.29768,15228300,25950.0,25912.2,54.5,54.5,48.9,49.1,3469125,1767074460
2025-12-30 11:32:00,PE,ATM+1,8.280227,15228300,25950.0,25909.3,49.4,51.7,47.6,51.05,2230350,1767074520
2025-12-30 11:33:00,PE,ATM+1,9.003295,15228300,25950.0,25905.9,51.35,55.95,51.05,55.55,3180000,1767074580
2025-12-30 11:34:00,PE,ATM+1,10.317034,14027775,25950.0,25896.4,55.2,69.0,54.35,66.1,7042425,1767074640
2025-12-30 11:35:00,PE,ATM+1,10.159383,14027775,25950.0,25897.55,64.85,66.8,62.95,64.8,4533825,1767074700
2025-12-30 11:36:00,PE,ATM+1,10.488388,14027775,25950.0,25900.35,64.95,65.1,62.65,63.75,1750425,1767074760
2025-12-30 11:37:00,PE,ATM+1,10.060946,12094725,25950.0,25899.4,64.05,64.7,61.7,63.15,1502175,1767074820
2025-12-30 11:38:00,PE,ATM+1,9.597699,12094725,25950.0,25896.65,63.65,65.1,62.7,63.8,1271475,1767074880
2025-12-30 11:39:00,PE,ATM+1,9.446545,12094725,25950.0,25897.55,63.9,64.05,61.35,62.7,1263600,1767074940
2025-12-30 11:40:00,PE,ATM+1,8.789817,11901900,25950.0,25898.8,62.8,63.65,59.95,59.95,1515975,1767075000
2025-12-30 11:41:00,PE,ATM+1,7.773329,11901900,25950.0,25902.6,59.95,60.0,54.35,54.35,2939175,1767075060
2025-12-30 11:42:00,PE,ATM+1,7.590012,11901900,25950.0,25907.5,54.25,54.35,49.35,50.2,3115800,1767075120
2025-12-30 11:43:00,PE,ATM+1,8.117419,11547375,25950.0,25908.15,50.85,52.95,50.2,51.2,1691100,1767075180
2025-12-30 11:44:00,PE,ATM+1,7.575538,11547375,25950.0,25907.95,51.35,51.7,49.65,49.8,1374600,1767075240
2025-12-30 11:45:00,PE,ATM+1,8.352501,11547375,25950.0,25915.5,50.2,50.5,46.1,46.75,2364225,1767075300
2025-12-30 11:46:00,PE,ATM+1,8.955011,11968125,25950.0,25911.0,46.7,51.8,46.7,51.6,2329650,1767075360
2025-12-30 11:47:00,PE,ATM+1,8.528507,11968125,25950.0,25910.3,51.15,52.9,50.0,50.8,1997100,1767075420
2025-12-30 11:48:00,PE,ATM+1,8.671528,11968125,25950.0,25911.75,50.6,51.6,49.45,50.2,996600,1767075480
2025-12-30 11:49:00,PE,ATM+1,9.308066,12065325,25950.0,25912.1,50.15,52.65,50.15,51.85,973125,1767075540
2025-12-30 11:50:00,PE,ATM+1,9.272888,12065325,25950.0,25909.85,51.9,54.5,51.3,53.25,1912425,1767075600
2025-12-30 11:51:00,PE,ATM+1,9.566798,12065325,25950.0,25910.3,53.6,55.8,52.0,53.8,2799675,1767075660
2025-12-30 11:52:00,PE,ATM+1,9.830211,12318825,25950.0,25906.15,54.0,58.0,53.4,57.4,2648850,1767075720
2025-12-30 11:53:00,PE,ATM+1,9.408913,12318825,25950.0,25906.0,57.15,57.4,54.75,56.25,1497375,1767075780
2025-12-30 11:54:00,PE,ATM+1,9.689832,12318825,25950.0,25903.85,56.25,59.45,56.1,58.55,1849050,1767075840
2025-12-30 11:55:00,PE,ATM+1,9.170963,12077400,25950.0,25898.95,58.65,61.75,58.25,60.6,2812425,1767075900
2025-12-30 11:56:00,PE,ATM+1,8.761443,12077400,25950.0,25898.25,60.15,61.9,59.5,60.0,1829925,1767075960
2025-12-30 11:57:00,PE,ATM+1,9.66392,12077400,25950.0,25894.95,60.1,64.85,59.7,64.85,1608525,1767076020
2025-12-30 11:58:00,PE,ATM+1,9.105124,12077400,25950.0,25897.35,64.15,65.65,61.55,61.55,2689200,1767076080
2025-12-30 11:59:00,PE,ATM+1,9.028931,11211000,25950.0,25898.8,61.3,62.35,60.0,60.25,1461525,1767076140
2025-12-30 12:00:00,PE,ATM+1,9.056021,11211000,25950.0,25899.55,59.85,61.45,56.6,59.75,2138250,1767076200
2025-12-30 12:01:00,PE,ATM+1,9.558314,11211000,25950.0,25895.0,60.0,65.0,59.75,64.45,1863675,1767076260
2025-12-30 12:02:00,PE,ATM+1,9.32489,10855875,25950.0,25897.5,64.25,64.45,60.25,61.95,1400100,1767076320
2025-12-30 12:03:00,PE,ATM+1,9.744872,10855875,25950.0,25895.55,61.8,64.85,61.4,64.5,1043175,1767076380
2025-12-30 12:04:00,PE,ATM+1,8.453335,10855875,25950.0,25891.85,64.55,65.5,63.35,64.0,1450125,1767076440
2025-12-30 12:05:00,PE,ATM+1,9.213049,10693275,25950.0,25895.75,63.55,65.2,62.55,62.9,1246275,1767076500
2025-12-30 12:06:00,PE,ATM+1,8.401456,10693275,25950.0,25894.4,63.1,63.15,60.05,61.85,1380900,1767076560
2025-12-30 12:07:00,PE,ATM+1,8.631614,10693275,25950.0,25894.6,61.95,63.8,61.65,62.25,886725,1767076620
2025-12-30 12:08:00,PE,ATM+1,9.273331,10762725,25950.0,25898.1,62.6,62.6,60.3,61.25,916500,1767076680
2025-12-30 12:09:00,PE,ATM+1,8.480529,10762725,25950.0,25901.3,61.2,61.25,54.7,56.75,2326950,1767076740
2025-12-30 12:10:00,PE,ATM+1,9.51304,10762725,25950.0,25900.5,56.85,60.1,55.55,60.1,1298175,1767076800
2025-12-30 12:11:00,PE,ATM+1,8.561849,10608375,25950.0,25896.5,59.9,63.65,59.8,60.55,2049600,1767076860
2025-12-30 12:12:00,PE,ATM+1,8.761497,10608375,25950.0,25893.55,60.75,63.9,60.15,63.3,1572075,1767076920
2025-12-30 12:13:00,PE,ATM+1,8.22492,10608375,25950.0,25886.3,63.05,69.05,62.95,67.8,3379800,1767076980
2025-12-30 12:14:00,PE,ATM+1,7.478349,10252350,25950.0,25884.8,67.55,69.25,66.4,67.5,1911975,1767077040
2025-12-30 12:15:00,PE,ATM+1,7.453128,10252350,25950.0,25888.6,67.3,68.05,63.85,64.25,1679100,1767077100
2025-12-30 12:16:00,PE,ATM+1,7.315285,10252350,25950.0,25889.75,64.75,65.25,62.2,63.0,1087050,1767077160
2025-12-30 12:17:00,PE,ATM+1,8.665815,9954225,25950.0,25891.35,62.9,67.1,62.9,64.7,1218225,1767077220
2025-12-30 12:18:00,PE,ATM+1,8.411717,9954225,25950.0,25890.2,64.35,65.6,62.9,65.0,1043475,1767077280
2025-12-30 12:19:00,PE,ATM+1,8.330161,9954225,25950.0,25890.95,65.15,66.0,63.85,64.2,759300,1767077340
2025-12-30 12:20:00,PE,ATM+1,8.975405,9942450,25950.0,25893.15,64.15,64.85,62.45,64.0,774450,1767077400
2025-12-30 12:21:00,PE,ATM+1,7.809275,9942450,25950.0,25889.85,64.05,65.0,63.0,63.9,598425,1767077460
2025-12-30 12:22:00,PE,ATM+1,7.397167,9942450,25950.0,25887.9,63.95,65.6,63.6,64.65,868800,1767077520
2025-12-30 12:23:00,PE,ATM+1,7.477867,10003050,25950.0,25888.2,64.7,65.1,63.6,64.55,643875,1767077580
2025-12-30 12:24:00,PE,ATM+1,7.645586,10003050,25950.0,25888.9,64.7,67.4,63.85,64.3,1081500,1767077640
2025-12-30 12:25:00,PE,ATM+1,7.570776,10003050,25950.0,25888.4,64.7,66.4,64.3,64.55,924450,1767077700
2025-12-30 12:26:00,PE,ATM+1,8.82848,9923550,25950.0,25893.65,64.45,64.55,60.8,63.15,1817925,1767077760
2025-12-30 12:27:00,PE,ATM+1,7.655912,9923550,25950.0,25887.5,63.2,67.5,62.9,65.45,1290375,1767077820
2025-12-30 12:28:00,PE,ATM+1,7.805878,9923550,25950.0,25886.05,65.7,67.4,65.1,66.95,822150,1767077880
2025-12-30 12:29:00,PE,ATM+1,6.949589,9648300,25950.0,25885.9,66.75,68.85,65.3,65.45,1628700,1767077940
2025-12-30 12:30:00,PE,ATM+1,8.466981,9648300,25950.0,25889.2,65.05,66.3,63.1,65.75,1412625,1767078000
2025-12-30 12:31:00,PE,ATM+1,8.226533,9648300,25950.0,25889.7,65.95,66.65,63.6,64.8,760425,1767078060
2025-12-30 12:32:00,PE,ATM+1,7.679303,9716625,25950.0,25890.45,64.85,65.25,63.0,63.0,547050,1767078120
2025-12-30 12:33:00,PE,ATM+1,5.276828,9716625,25950.0,25891.45,62.7,64.45,57.9,57.9,1531350,1767078180
2025-12-30 12:34:00,PE,ATM+1,9.232848,9716625,25950.0,25894.3,58.65,63.5,55.4,63.5,2643675,1767078240
2025-12-30 12:35:00,PE,ATM+1,8.209425,9627750,25950.0,25890.7,63.55,65.65,62.95,63.9,1494525,1767078300
2025-12-30 12:36:00,PE,ATM+1,7.496485,9627750,25950.0,25892.85,63.95,64.25,60.2,60.6,987300,1767078360
2025-12-30 12:37:00,PE,ATM+1,6.64352,9627750,25950.0,25896.7,60.7,60.9,55.65,55.65,1482300,1767078420
2025-12-30 12:38:00,PE,ATM+1,7.418021,9639975,25950.0,25900.9,53.6,55.65,53.2,53.95,1840050,1767078480
2025-12-30 12:39:00,PE,ATM+1,7.492265,9639975,25950.0,25900.85,54.05,56.45,53.7,54.15,1032675,1767078540
2025-12-30 12:40:00,PE,ATM+1,8.673146,9639975,25950.0,25902.5,54.25,56.4,52.9,55.8,1471350,1767078600
2025-12-30 12:41:00,PE,ATM+1,8.54512,9826425,25950.0,25901.3,55.85,56.95,53.55,56.35,1157175,1767078660
2025-12-30 12:42:00,PE,ATM+1,8.497509,9826425,25950.0,25902.45,56.2,57.0,54.4,55.35,892500,1767078720
2025-12-30 12:43:00,PE,ATM+1,8.98735,9826425,25950.0,25900.75,55.55,60.8,55.15,57.85,1827450,1767078780
2025-12-30 12:44:00,PE,ATM+1,8.598969,10153575,25950.0,25899.75,57.05,58.35,55.95,57.6,1161825,1767078840
2025-12-30 12:45:00,PE,ATM+1,7.546404,10153575,25950.0,25896.3,56.95,59.6,56.5,57.8,1464600,1767078900
2025-12-30 12:46:00,PE,ATM+1,8.270581,10153575,25950.0,25899.5,57.4,58.4,54.15,56.95,1684950,1767078960
2025-12-30 12:47:00,PE,ATM+1,7.873883,10262100,25950.0,25901.55,56.7,56.95,54.35,54.4,710700,1767079020
2025-12-30 12:48:00,PE,ATM+1,8.563368,10262100,25950.0,25908.75,54.05,54.4,48.4,50.8,3259425,1767079080
2025-12-30 12:49:00,PE,ATM+1,9.777667,10262100,25950.0,25911.6,51.0,52.65,50.6,52.15,1102125,1767079140
2025-12-30 12:50:00,PE,ATM+1,10.382739,10262025,25950.0,25911.3,52.5,54.45,51.65,54.05,1633200,1767079200
2025-12-30 12:51:00,PE,ATM+1,8.727116,10262025,25950.0,25901.0,54.2,56.95,54.05,56.85,2083950,1767079260
2025-12-30 12:52:00,PE,ATM+1,7.274181,10262025,25950.0,25898.0,57.05,59.2,54.65,55.75,2347425,1767079320
2025-12-30 12:53:00,PE,ATM+1,6.465229,10937400,25950.0,25900.8,55.7,57.4,51.4,51.75,1908900,1767079380
2025-12-30 12:54:00,PE,ATM+1,6.585939,10937400,25950.0,25900.85,51.2,52.85,49.0,51.95,2571450,1767079440
2025-12-30 12:55:00,PE,ATM+1,6.297137,10937400,25950.0,25902.0,52.1,53.15,49.2,50.4,1648575,1767079500
2025-12-30 12:56:00,PE,ATM+1,7.306032,11301450,25950.0,25901.6,50.75,52.9,49.25,52.9,1011825,1767079560
2025-12-30 12:57:00,PE,ATM+1,6.919998,11301450,25950.0,25897.2,52.65,56.0,52.3,55.6,1989750,1767079620
2025-12-30 12:58:00,PE,ATM+1,7.71771,11301450,25950.0,25891.2,55.15,62.15,55.15,62.15,2638725,1767079680
2025-12-30 12:59:00,PE,ATM+1,7.758765,10526175,25950.0,25892.2,61.45,62.45,59.55,61.4,2373300,1767079740
2025-12-30 13:00:00,PE,ATM+1,7.886613,10526175,25950.0,25894.3,61.85,62.1,58.1,59.95,1868700,1767079800
2025-12-30 13:01:00,PE,ATM+1,7.863764,10526175,25950.0,25890.3,60.0,63.75,59.4,63.15,1542600,1767079860
2025-12-30 13:02:00,PE,ATM+1,7.378201,10284525,25950.0,25887.8,62.65,64.4,61.6,64.3,1710525,1767079920
2025-12-30 13:03:00,PE,ATM+1,6.964047,10284525,25950.0,25889.15,64.15,64.35,61.95,62.4,1227600,1767079980
2025-12-30 13:04:00,PE,ATM+1,8.20904,10284525,25950.0,25888.55,61.95,68.2,61.8,65.25,2209875,1767080040
2025-12-30 13:05:00,PE,ATM+1,8.618995,9859200,25950.0,25888.9,64.95,66.2,63.85,65.8,1230075,1767080100
2025-12-30 13:06:00,PE,ATM+1,7.615882,9859200,25950.0,25889.7,66.55,66.55,62.15,63.1,1103025,1767080160
2025-12-30 13:07:00,PE,ATM+1,7.215168,9859200,25950.0,25886.65,63.3,65.85,62.35,64.95,986025,1767080220
2025-12-30 13:08:00,PE,ATM+1,7.193149,9765075,25950.0,25887.7,64.95,65.4,63.55,64.0,694125,1767080280
2025-12-30 13:09:00,PE,ATM+1,7.44976,9765075,25950.0,25887.4,64.25,65.3,63.8,64.7,619050,1767080340
2025-12-30 13:10:00,PE,ATM+1,9.536645,9765075,25950.0,25881.25,65.0,76.7,63.8,73.85,4264500,1767080400
2025-12-30 13:11:00,PE,ATM+1,9.253506,8703900,25950.0,25884.75,73.45,73.85,68.35,70.4,2209350,1767080460
2025-12-30 13:12:00,PE,ATM+1,8.21974,8703900,25950.0,25887.9,71.15,71.15,65.7,65.7,1650600,1767080520
2025-12-30 13:13:00,PE,ATM+1,7.404685,8703900,25950.0,25890.8,65.15,65.7,60.55,61.7,2239875,1767080580
2025-12-30 13:14:00,PE,ATM+1,8.787546,8721225,25950.0,25890.35,62.4,64.85,61.35,64.85,1121325,1767080640
2025-12-30 13:15:00,PE,ATM+1,7.696533,8721225,25950.0,25890.3,64.25,65.4,61.75,62.65,951975,1767080700
2025-12-30 13:16:00,PE,ATM+1,7.828034,8721225,25950.0,25891.5,62.25,65.65,61.9,61.9,889200,1767080760
2025-12-30 13:17:00,PE,ATM+1,8.185574,8863725,25950.0,25892.25,61.7,62.9,59.55,62.0,1539150,1767080820
2025-12-30 13:18:00,PE,ATM+1,7.847561,8863725,25950.0,25892.55,62.05,63.8,60.85,61.05,722925,1767080880
2025-12-30 13:19:00,PE,ATM+1,8.695671,8863725,25950.0,25897.6,60.9,61.25,58.0,58.85,1466325,1767080940
2025-12-30 13:20:00,PE,ATM+1,8.956556,9268350,25950.0,25896.35,59.05,61.85,57.8,60.4,1519650,1767081000
2025-12-30 13:21:00,PE,ATM+1,7.846839,9268350,25950.0,25893.6,60.45,61.05,58.2,60.15,840225,1767081060
2025-12-30 13:22:00,PE,ATM+1,7.408122,9268350,25950.0,25892.9,60.15,60.2,57.3,59.85,1181850,1767081120
2025-12-30 13:23:00,PE,ATM+1,7.819365,9726000,25950.0,25892.95,59.8,61.7,58.95,60.6,982950,1767081180
2025-12-30 13:24:00,PE,ATM+1,6.663789,9726000,25950.0,25891.55,60.1,61.8,59.65,59.65,891000,1767081240
2025-12-30 13:25:00,PE,ATM+1,6.136411,9726000,25950.0,25890.95,59.4,61.45,58.65,59.35,1384575,1767081300
2025-12-30 13:26:00,PE,ATM+1,6.666725,9567150,25950.0,25892.0,59.2,60.95,59.0,59.25,701625,1767081360
2025-12-30 13:27:00,PE,ATM+1,7.005114,9567150,25950.0,25899.2,59.45,60.3,52.35,53.8,2477850,1767081420
2025-12-30 13:28:00,PE,ATM+1,7.938822,9567150,25950.0,25901.3,53.75,56.15,48.7,54.1,2905425,1767081480
2025-12-30 13:29:00,PE,ATM+1,7.324957,9289725,25950.0,25898.8,54.0,56.7,54.0,54.75,1154850,1767081540
2025-12-30 13:30:00,PE,ATM+1,7.232803,9289725,25950.0,25901.9,54.9,55.2,52.05,52.05,1056375,1767081600
2025-12-30 13:31:00,PE,ATM+1,7.185955,9289725,25950.0,25904.15,52.4,53.55,50.1,50.15,1296675,1767081660
2025-12-30 13:32:00,PE,ATM+1,6.105422,9974700,25950.0,25909.45,48.0,50.15,43.55,43.6,3150375,1767081720
2025-12-30 13:33:00,PE,ATM+1,6.908335,9974700,25950.0,25911.05,44.6,47.15,42.9,44.15,2696925,1767081780
2025-12-30 13:34:00,PE,ATM+1,7.051947,9974700,25950.0,25914.1,44.35,44.6,42.2,42.2,2151675,1767081840
2025-12-30 13:35:00,PE,ATM+1,6.875429,10632075,25950.0,25915.8,42.8,43.95,39.9,40.5,2837325,1767081900
2025-12-30 13:36:00,PE,ATM+1,6.419716,10632075,25950.0,25919.3,40.8,41.3,34.55,36.8,5323050,1767081960
2025-12-30 13:37:00,PE,ATM+1,6.392243,10632075,25950.0,25917.2,36.25,38.5,34.75,38.25,3276000,1767082020
2025-12-30 13:38:00,PE,ATM+1,6.308383,11703675,25950.0,25915.9,38.3,40.7,38.0,39.0,3396825,1767082080
2025-12-30 13:39:00,PE,ATM+1,6.904237,11703675,25950.0,25918.3,39.7,40.8,38.45,38.7,2103900,1767082140
2025-12-30 13:40:00,PE,ATM+1,7.12046,11703675,25950.0,25923.55,39.3,39.6,35.15,35.6,2839200,1767082200
2025-12-30 13:41:00,PE,ATM+1,6.429826,11426700,26000.0,25926.35,77.4,78.4,72.25,72.95,1456725,1767082260
2025-12-30 13:42:00,PE,ATM+1,0.0,11426700,26000.0,25927.3,73.85,76.55,70.0,70.0,1379475,1767082320
2025-12-30 13:43:00,PE,ATM+1,0.0,11426700,26000.0,25938.35,67.95,70.0,58.1,58.1,3650850,1767082380
2025-12-30 13:44:00,PE,ATM+1,0.0,12411850,26000.0,25935.35,58.55,61.35,56.45,58.3,2648400,1767082440
2025-12-30 13:45:00,PE,ATM+1,0.0,12411850,26000.0,25947.0,58.15,58.95,48.4,50.35,4085250,1767082500
2025-12-30 13:46:00,PE,ATM+1,0.0,12411850,26000.0,25942.25,50.7,56.4,50.05,53.1,3115650,1767082560
2025-12-30 13:47:00,PE,ATM+1,4.925472,14170875,26000.0,25955.75,53.05,53.6,44.4,44.4,3267450,1767082620
2025-12-30 13:48:00,PE,ATM+1,7.451571,14170875,26000.0,25957.0,45.2,48.85,44.4,48.3,3731400,1767082680
2025-12-30 13:49:00,PE,ATM+1,8.208764,14170875,26000.0,25954.4,48.3,52.65,46.9,52.0,2951250,1767082740
2025-12-30 13:50:00,PE,ATM+1,7.612984,15999500,26000.0,25945.65,52.5,57.7,51.5,57.65,4367700,1767082800
2025-12-30 13:51:00,PE,ATM+1,6.732449,15999500,26000.0,25936.85,57.65,64.25,57.5,63.7,5615400,1767082860
2025-12-30 13:52:00,PE,ATM+1,0.0,15999500,26000.0,25940.0,62.45,63.7,57.8,57.8,2897550,1767082920
2025-12-30 13:53:00,PE,ATM+1,0.0,15359900,26000.0,25939.75,58.65,59.55,53.0,58.05,2910150,1767082980
2025-12-30 13:54:00,PE,ATM+1,0.0,15359900,26000.0,25937.75,57.8,61.45,57.55,59.25,1889175,1767083040
2025-12-30 13:55:00,PE,ATM+1,4.266733,15359900,26000.0,25941.2,58.6,59.55,56.15,57.15,1664175,1767083100
2025-12-30 13:56:00,PE,ATM+1,0.0,15589550,26000.0,25937.1,57.55,60.65,57.05,57.7,1862550,1767083160
2025-12-30 13:57:00,PE,ATM+1,0.0,15589550,26000.0,25937.55,57.0,61.25,57.0,58.7,1575600,1767083220
2025-12-30 13:58:00,PE,ATM+1,0.0,15589550,26000.0,25940.6,59.05,60.7,54.6,55.5,1865100,1767083280
2025-12-30 13:59:00,PE,ATM+1,0.0,15444425,26000.0,25938.25,56.8,62.3,55.5,58.3,2070225,1767083340
2025-12-30 14:00:00,PE,ATM+1,6.874588,15444425,26000.0,25946.05,57.85,60.4,55.65,55.85,1697475,1767083400
2025-12-30 14:01:00,PE,ATM+1,7.25753,15444425,26000.0,25940.7,55.65,66.55,54.75,61.05,4196625,1767083460
2025-12-30 14:02:00,PE,ATM+1,7.293962,15001775,26000.0,25945.0,61.55,65.05,56.1,57.45,2578575,1767083520
2025-12-30 14:03:00,PE,ATM+1,6.361536,15001775,26000.0,25942.6,58.25,60.0,56.9,58.0,1259775,1767083580
2025-12-30 14:04:00,PE,ATM+1,4.862856,15001775,26000.0,25944.15,58.6,58.6,52.15,54.8,2507550,1767083640
2025-12-30 14:05:00,PE,ATM+1,6.211575,15228950,26000.0,25941.9,54.35,58.7,54.35,58.4,1316400,1767083700
2025-12-30 14:06:00,PE,ATM+1,0.0,15228950,26000.0,25937.25,58.2,64.05,58.1,59.45,2581275,1767083760
2025-12-30 14:07:00,PE,ATM+1,7.700939,15228950,26000.0,25939.85,60.0,62.45,58.75,62.45,1308525,1767083820
2025-12-30 14:08:00,PE,ATM+1,0.0,14605400,26000.0,25936.55,63.8,69.45,60.2,60.85,4413600,1767083880
2025-12-30 14:09:00,PE,ATM+1,7.47511,14605400,26000.0,25937.65,60.95,64.55,60.4,63.95,1592325,1767083940
2025-12-30 14:10:00,PE,ATM+1,5.774046,14605400,26000.0,25939.9,63.55,63.95,58.3,59.65,1762275,1767084000
2025-12-30 14:11:00,PE,ATM+1,7.265714,14987450,26000.0,25940.6,60.45,63.4,59.65,61.05,1171275,1767084060
2025-12-30 14:12:00,PE,ATM+1,7.287024,14987450,26000.0,25941.5,61.45,61.8,58.7,60.3,1214400,1767084120
2025-12-30 14:13:00,PE,ATM+1,5.623848,14987450,26000.0,25940.15,60.6,60.6,47.7,59.25,4601400,1767084180
2025-12-30 14:14:00,PE,ATM+1,5.67913,14952350,26000.0,25943.6,59.1,60.65,56.15,56.15,2215200,1767084240
2025-12-30 14:15:00,PE,ATM+1,0.0,14952350,26000.0,25943.3,56.05,57.1,52.3,52.65,1670025,1767084300
2025-12-30 14:16:00,PE,ATM+1,4.395893,14952350,26000.0,25954.75,52.55,52.65,44.5,44.5,3928800,1767084360
2025-12-30 14:17:00,PE,ATM+1,6.004856,16365575,26000.0,25954.2,45.5,47.7,44.0,47.3,3068175,1767084420
2025-12-30 14:18:00,PE,ATM+1,4.275398,16365575,26000.0,25953.9,47.2,50.1,44.5,45.15,2602500,1767084480
2025-12-30 14:19:00,PE,ATM+1,0.0,16365575,26000.0,25942.9,46.1,52.5,45.15,51.35,3007050,1767084540
2025-12-30 14:20:00,PE,ATM+1,4.548744,16571275,26000.0,25941.0,52.4,58.75,50.8,57.55,4593975,1767084600
2025-12-30 14:21:00,PE,ATM+1,0.0,16571275,26000.0,25936.0,57.9,63.45,55.75,61.85,4816875,1767084660
2025-12-30 14:22:00,PE,ATM+1,5.866625,16571275,26000.0,25939.15,61.8,63.15,58.75,60.4,2233125,1767084720
2025-12-30 14:23:00,PE,ATM+1,7.199469,15385775,26000.0,25938.8,60.2,63.2,59.95,62.4,1753800,1767084780
2025-12-30 14:24:00,PE,ATM+1,8.325604,15385775,26000.0,25937.6,62.1,73.4,62.1,65.2,5851425,1767084840
2025-12-30 14:25:00,PE,ATM+1,11.368877,15385775,26000.0,25925.5,66.8,82.6,65.2,80.7,6048075,1767084900
2025-12-30 14:26:00,PE,ATM+1,4.848482,22384275,25950.0,25920.35,34.5,35.65,30.8,31.8,13615575,1767084960
2025-12-30 14:27:00,PE,ATM+1,4.692782,22384275,25950.0,25920.95,32.5,33.6,29.15,31.0,9072300,1767085020
2025-12-30 14:28:00,PE,ATM+1,0.0,22384275,25950.0,25918.1,30.8,32.7,29.6,29.6,6494250,1767085080
2025-12-30 14:29:00,PE,ATM+1,0.0,21903675,25950.0,25916.6,29.9,30.9,26.7,30.6,8748150,1767085140
2025-12-30 14:30:00,PE,ATM+1,0.0,13425600,26000.0,25926.55,75.55,76.8,65.4,71.3,3158700,1767085200
2025-12-30 14:31:00,PE,ATM+1,0.0,13425600,26000.0,25934.05,71.5,74.2,61.75,61.75,2439675,1767085260
2025-12-30 14:32:00,PE,ATM+1,0.0,13171250,26000.0,25934.85,62.45,65.0,59.15,60.7,2483175,1767085320
2025-12-30 14:33:00,PE,ATM+1,0.0,13171250,26000.0,25935.15,60.15,65.25,60.15,61.65,1443075,1767085380
2025-12-30 14:34:00,PE,ATM+1,0.0,13171250,26000.0,25937.2,62.4,63.6,57.7,60.0,1702500,1767085440
2025-12-30 14:35:00,PE,ATM+1,0.0,13410025,26000.0,25933.1,60.45,63.3,60.2,63.05,1142925,1767085500
2025-12-30 14:36:00,PE,ATM+1,0.0,13410025,26000.0,25928.9,62.95,68.4,62.6,65.75,2415525,1767085560
2025-12-30 14:37:00,PE,ATM+1,4.138435,22260900,25950.0,25925.0,22.95,29.15,22.45,26.6,10120575,1767085620
2025-12-30 14:38:00,PE,ATM+1,0.0,13223500,26000.0,25925.35,71.5,74.1,67.95,70.5,1497975,1767085680
2025-12-30 14:39:00,PE,ATM+1,5.744246,13223500,26000.0,25934.8,69.9,71.2,63.65,64.3,1829475,1767085740
2025-12-30 14:40:00,PE,ATM+1,9.386676,13223500,26000.0,25932.5,65.45,71.55,64.3,71.05,1425000,1767085800
2025-12-30 14:41:00,PE,ATM+1,5.320465,13020125,26000.0,25928.1,71.0,73.5,69.8,70.45,1921500,1767085860
2025-12-30 14:42:00,PE,ATM+1,6.687769,13020125,26000.0,25933.75,69.95,71.55,64.4,66.15,1411950,1767085920
2025-12-30 14:43:00,PE,ATM+1,0.0,13020125,26000.0,25945.45,66.25,66.25,50.65,50.65,3782475,1767085980
2025-12-30 14:44:00,PE,ATM+1,0.0,12926525,26000.0,25942.8,51.5,58.6,49.55,55.25,3271725,1767086040
2025-12-30 14:45:00,PE,ATM+1,0.0,12926525,26000.0,25933.9,55.1,62.85,53.2,58.5,3018975,1767086100
2025-12-30 14:46:00,PE,ATM+1,0.0,12926525,26000.0,25937.3,58.25,59.35,54.1,58.45,1867650,1767086160
2025-12-30 14:47:00,PE,ATM+1,0.0,13565375,26000.0,25944.35,58.3,58.45,50.45,50.45,2094375,1767086220
2025-12-30 14:48:00,PE,ATM+1,0.0,13565375,26000.0,25943.15,51.1,54.05,48.85,53.4,2407725,1767086280
2025-12-30 14:49:00,PE,ATM+1,0.0,13565375,26000.0,25950.25,54.1,54.2,46.85,47.6,2447925,1767086340
2025-12-30 14:50:00,PE,ATM+1,0.0,15070025,26000.0,25951.85,47.65,49.0,41.25,44.55,4715025,1767086400
2025-12-30 14:51:00,PE,ATM+1,0.0,15070025,26000.0,25951.45,44.2,47.0,42.1,46.65,3207900,1767086460
2025-12-30 14:52:00,PE,ATM+1,0.0,15070025,26000.0,25948.45,46.2,51.05,45.8,48.3,4686450,1767086520
2025-12-30 14:53:00,PE,ATM+1,0.0,15814225,26000.0,25947.0,47.7,50.65,46.7,48.7,2756400,1767086580
2025-12-30 14:54:00,PE,ATM+1,0.0,15814225,26000.0,25946.45,48.75,51.7,48.4,49.3,2287050,1767086640
2025-12-30 14:55:00,PE,ATM+1,0.0,15814225,26000.0,25944.15,49.3,50.25,47.65,49.05,2220300,1767086700
2025-12-30 14:56:00,PE,ATM+1,0.0,15151100,26000.0,25947.4,48.8,52.4,38.6,42.5,6272100,1767086760
2025-12-30 14:57:00,PE,ATM+1,0.0,15151100,26000.0,25943.6,41.55,53.15,41.55,52.3,4652775,1767086820
2025-12-30 14:58:00,PE,ATM+1,0.0,15151100,26000.0,25937.15,51.65,58.95,50.9,54.05,5479500,1767086880
2025-12-30 14:59:00,PE,ATM+1,0.0,14287800,26000.0,25938.2,54.5,56.2,49.1,55.65,3213825,1767086940
2025-12-30 15:00:00,PE,ATM+1,0.0,14287800,26000.0,25926.85,56.25,70.7,55.65,67.45,7174200,1767087000
2025-12-30 15:01:00,PE,ATM+1,0.0,27301725,25950.0,25918.5,18.95,21.75,13.9,19.05,23166000,1767087060
2025-12-30 15:02:00,PE,ATM+1,0.0,23913975,25950.0,25922.8,19.05,19.2,15.95,16.45,16145625,1767087120
2025-12-30 15:03:00,PE,ATM+1,0.0,13338975,26000.0,25928.2,66.35,68.15,61.8,66.9,2725950,1767087180
2025-12-30 15:04:00,PE,ATM+1,7.164487,13338975,26000.0,25936.45,67.25,67.9,61.2,64.1,2024475,1767087240
2025-12-30 15:05:00,PE,ATM+1,11.441105,13170750,26000.0,25948.0,65.6,65.7,61.75,62.2,2227650,1767087300
2025-12-30 15:06:00,PE,ATM+1,10.706559,13170750,26000.0,25954.05,62.4,64.2,56.1,56.1,5404950,1767087360
2025-12-30 15:07:00,PE,ATM+1,0.0,13170750,26000.0,25930.55,57.7,64.8,54.8,64.8,6369600,1767087420
2025-12-30 15:08:00,PE,ATM+1,7.091175,12331075,26000.0,25938.1,65.5,66.45,62.5,62.5,4202250,1767087480
2025-12-30 15:09:00,PE,ATM+1,9.686617,12331075,26000.0,25940.45,61.9,65.0,61.5,64.45,1584525,1767087540
2025-12-30 15:10:00,PE,ATM+1,0.0,12331075,26000.0,25931.6,65.1,66.2,63.7,64.6,1150800,1767087600
2025-12-30 15:11:00,PE,ATM+1,0.0,11590525,26000.0,25931.7,64.95,65.45,64.45,65.2,793875,1767087660
2025-12-30 15:12:00,PE,ATM+1,0.0,11590525,26000.0,25931.85,65.6,66.25,64.75,64.8,879450,1767087720
2025-12-30 15:13:00,PE,ATM+1,5.161481,11590525,26000.0,25935.55,65.4,65.7,62.0,63.2,1093050,1767087780
2025-12-30 15:14:00,PE,ATM+1,8.745661,11590525,26000.0,25942.0,63.1,63.3,61.15,61.45,998175,1767087840
2025-12-30 15:15:00,PE,ATM+1,5.172602,10966300,26000.0,25936.75,62.0,62.9,61.45,62.05,961350,1767087900
2025-12-30 15:16:00,PE,ATM+1,7.958604,10966300,26000.0,25940.4,62.0,62.05,59.8,61.55,1169700,1767087960
2025-12-30 15:17:00,PE,ATM+1,9.142542,10966300,26000.0,25943.3,61.8,62.05,60.85,61.0,765525,1767088020
2025-12-30 15:18:00,PE,ATM+1,9.436398,10238550,26000.0,25944.6,61.15,61.65,59.95,60.45,908475,1767088080
2025-12-30 15:19:00,PE,ATM+1,7.90333,10238550,26000.0,25940.15,61.0,61.85,60.45,61.65,664875,1767088140
2025-12-30 15:20:00,PE,ATM+1,9.350853,10238550,26000.0,25941.9,61.95,62.85,61.65,62.45,977025,1767088200
2025-12-30 15:21:00,PE,ATM+1,9.13871,9643975,26000.0,25941.8,62.5,62.7,62.05,62.15,520200,1767088260
2025-12-30 15:22:00,PE,ATM+1,9.509502,9643975,26000.0,25942.25,62.2,62.5,61.7,62.4,583950,1767088320
2025-12-30 15:23:00,PE,ATM+1,10.591077,9643975,26000.0,25946.35,62.4,62.6,61.05,61.15,555900,1767088380
2025-12-30 15:24:00,PE,ATM+1,11.286158,8923475,26000.0,25947.9,61.25,62.0,61.05,61.35,556050,1767088440
2025-12-30 15:25:00,PE,ATM+1,11.605681,8923475,26000.0,25948.55,61.55,61.9,61.3,61.5,515475,1767088500
2025-12-30 15:26:00,PE,ATM+1,13.557327,8923475,26000.0,25955.2,61.6,61.8,60.75,61.05,520575,1767088560
2025-12-30 15:27:00,PE,ATM+1,14.263261,8222200,26000.0,25957.35,61.1,61.35,60.75,61.2,851625,1767088620
2025-12-30 15:28:00,PE,ATM+1,16.704412,8222200,26000.0,25967.2,61.3,61.45,60.75,60.8,648225,1767088680
2025-12-30 15:29:00,PE,ATM+1,17.613925,8222200,26000.0,25970.55,61.0,61.2,60.6,61.0,640875,1767088740
